{
	"credit": "https://www.youtube.com/c/ZeroCaty",
	"textures": {
		"0": "zcbm/magic/ancient/allparts",
		"1": "zcbm/magic/ancient/crystal",
		"particle": "zcbm/magic/ancient/allparts"
	},
	"elements": [
		{
			"name": "01",
			"from": [15.54289, 9.26777, 6.75],
			"to": [16.04289, 11.76777, 9.25],
			"rotation": {"angle": 45, "axis": "z", "origin": [16.04289, 10.51777, 8]},
			"faces": {
				"north": {"uv": [8, 8, 9.5, 16], "texture": "#0"},
				"east": {"uv": [0, 8, 8, 16], "texture": "#0"},
				"south": {"uv": [8, 8, 9.5, 16], "texture": "#0"},
				"west": {"uv": [8, 8, 9.5, 16], "texture": "#0"},
				"up": {"uv": [8, 8, 9.5, 16], "texture": "#0"},
				"down": {"uv": [8, 8, 9.5, 16], "texture": "#0"}
			}
		},
		{
			"name": "02",
			"from": [-0.04289, 9.26777, 6.75],
			"to": [0.45711, 11.76777, 9.25],
			"rotation": {"angle": -45, "axis": "z", "origin": [-0.04289, 10.51777, 8]},
			"faces": {
				"north": {"uv": [9.5, 8, 8, 16], "texture": "#0"},
				"east": {"uv": [9.5, 8, 8, 16], "texture": "#0"},
				"south": {"uv": [9.5, 8, 8, 16], "texture": "#0"},
				"west": {"uv": [8, 8, 0, 16], "texture": "#0"},
				"up": {"uv": [9.5, 8, 8, 16], "texture": "#0"},
				"down": {"uv": [9.5, 8, 8, 16], "texture": "#0"}
			}
		},
		{
			"name": "03",
			"from": [19, 5.75, 6.75],
			"to": [19.5, 8.25, 9.25],
			"faces": {
				"north": {"uv": [8, 8, 9.5, 16], "texture": "#0"},
				"east": {"uv": [0, 8, 8, 16], "texture": "#0"},
				"south": {"uv": [8, 8, 9.5, 16], "texture": "#0"},
				"west": {"uv": [8, 8, 9.5, 16], "texture": "#0"},
				"up": {"uv": [8, 8, 9.5, 16], "texture": "#0"},
				"down": {"uv": [8, 8, 9.5, 16], "texture": "#0"}
			}
		},
		{
			"name": "3",
			"from": [16.5, 6, 7],
			"to": [19, 8, 9],
			"faces": {
				"north": {"uv": [1, 1.25, 6.5, 6.75], "texture": "#1"},
				"east": {"uv": [0, 0, 8, 8], "texture": "#1"},
				"south": {"uv": [1.25, 1.25, 6.75, 6.75], "texture": "#1"},
				"west": {"uv": [1.25, 1.25, 6.75, 6.75], "texture": "#1"},
				"up": {"uv": [1.25, 1.25, 6.75, 6.75], "texture": "#1"},
				"down": {"uv": [1.25, 1.25, 6.75, 6.75], "texture": "#1"}
			}
		},
		{
			"name": "04",
			"from": [-3.5, 5.75, 6.75],
			"to": [-3, 8.25, 9.25],
			"faces": {
				"north": {"uv": [9.5, 8, 8, 16], "texture": "#0"},
				"east": {"uv": [9.5, 8, 8, 16], "texture": "#0"},
				"south": {"uv": [9.5, 8, 8, 16], "texture": "#0"},
				"west": {"uv": [8, 8, 0, 16], "texture": "#0"},
				"up": {"uv": [9.5, 8, 8, 16], "texture": "#0"},
				"down": {"uv": [9.5, 8, 8, 16], "texture": "#0"}
			}
		},
		{
			"name": "4",
			"from": [-3, 6, 7],
			"to": [-0.5, 8, 9],
			"faces": {
				"north": {"uv": [6.5, 1.25, 1, 6.75], "texture": "#1"},
				"east": {"uv": [6.75, 1.25, 1.25, 6.75], "texture": "#1"},
				"south": {"uv": [6.75, 1.25, 1.25, 6.75], "texture": "#1"},
				"west": {"uv": [8, 0, 0, 8], "texture": "#1"},
				"up": {"uv": [6.75, 1.25, 1.25, 6.75], "texture": "#1"},
				"down": {"uv": [6.75, 1.25, 1.25, 6.75], "texture": "#1"}
			}
		},
		{
			"name": "05",
			"from": [15.54289, 2.23223, 6.75],
			"to": [16.04289, 4.73223, 9.25],
			"rotation": {"angle": -45, "axis": "z", "origin": [16.04289, 3.48223, 8]},
			"faces": {
				"north": {"uv": [8, 8, 9.5, 16], "texture": "#0"},
				"east": {"uv": [0, 8, 8, 16], "texture": "#0"},
				"south": {"uv": [8, 8, 9.5, 16], "texture": "#0"},
				"west": {"uv": [8, 8, 9.5, 16], "texture": "#0"},
				"up": {"uv": [8, 8, 9.5, 16], "texture": "#0"},
				"down": {"uv": [8, 8, 9.5, 16], "texture": "#0"}
			}
		},
		{
			"name": "06",
			"from": [-0.04289, 2.23223, 6.75],
			"to": [0.45711, 4.73223, 9.25],
			"rotation": {"angle": 45, "axis": "z", "origin": [-0.04289, 3.48223, 8]},
			"faces": {
				"north": {"uv": [9.5, 8, 8, 16], "texture": "#0"},
				"east": {"uv": [9.5, 8, 8, 16], "texture": "#0"},
				"south": {"uv": [9.5, 8, 8, 16], "texture": "#0"},
				"west": {"uv": [8, 8, 0, 16], "texture": "#0"},
				"up": {"uv": [9.5, 8, 8, 16], "texture": "#0"},
				"down": {"uv": [9.5, 8, 8, 16], "texture": "#0"}
			}
		}
	],
	"display": {
		"head": {
			"translation": [0, -51, 0],
			"scale": [2.25, 2.25, 2.25]
		}
	}
}