{
	"credit": "Made with Blockbench",
	"textures": {
		"4": "zcbm/weapons/browning"
	},
	"elements": [
		{
			"from": [7.29826, 3.488, 10.208],
			"to": [8.79826, 3.988, 19.704],
			"faces": {
				"north": {"uv": [2, 4.25, 3.5, 4.75], "rotation": 180, "texture": "#4"},
				"east": {"uv": [0, 1.75, 7.24557, 2.5], "texture": "#4"},
				"south": {"uv": [2, 4.25, 3.5, 4.75], "rotation": 180, "texture": "#4"},
				"west": {"uv": [0, 1.75, 7.24557, 2.5], "texture": "#4"},
				"up": {"uv": [0, 0, 1.5, 9.496], "rotation": 180, "texture": "#4"},
				"down": {"uv": [0, 0, 1.5, 9.496], "rotation": 180, "texture": "#4"}
			}
		},
		{
			"from": [7.75826, 2.753, -5.956],
			"to": [8.25826, 3.253, 4.34],
			"faces": {
				"north": {"uv": [13, 7, 14, 8.35], "rotation": 90, "texture": "#4"},
				"east": {"uv": [0, 0, 7.04464, 0.875], "texture": "#4"},
				"south": {"uv": [13, 7, 14, 8.35], "rotation": 90, "texture": "#4"},
				"west": {"uv": [0, 0, 7.04464, 0.875], "texture": "#4"},
				"up": {"uv": [0, 0, 7.04464, 0.875], "rotation": 90, "texture": "#4"},
				"down": {"uv": [0, 0, 7.04464, 0.875], "rotation": 90, "texture": "#4"}
			}
		},
		{
			"from": [7.29826, 1.988, 10.208],
			"to": [8.79826, 2.988, 15.704],
			"faces": {
				"north": {"uv": [2.75, 5, 4.25, 6], "rotation": 180, "texture": "#4"},
				"east": {"uv": [0, 0, 5.496, 1], "texture": "#4"},
				"south": {"uv": [2.5, 6, 4, 7], "rotation": 180, "texture": "#4"},
				"west": {"uv": [0, 0, 5.496, 1], "texture": "#4"},
				"up": {"uv": [0, 0, 1.5, 9.496], "rotation": 180, "texture": "#4"},
				"down": {"uv": [0, 0, 1.5, 9.496], "rotation": 180, "texture": "#4"}
			}
		},
		{
			"from": [7.29826, 2.988, 13.208],
			"to": [8.79826, 3.488, 19.704],
			"faces": {
				"north": {"uv": [2, 4.25, 3.5, 4.75], "rotation": 180, "texture": "#4"},
				"east": {"uv": [0.75, 4.75, 7.24554, 5.25], "rotation": 180, "texture": "#4"},
				"south": {"uv": [2, 4.25, 3.5, 4.75], "rotation": 180, "texture": "#4"},
				"west": {"uv": [0, 0, 6.496, 0.5], "rotation": 180, "texture": "#4"},
				"up": {"uv": [4, 0, 9.63985, 15.7469], "rotation": 180, "texture": "#4"},
				"down": {"uv": [1.25, 4.5, 2.75, 8.99554], "rotation": 180, "texture": "#4"}
			}
		},
		{
			"from": [7.29826, 2.988, 10.208],
			"to": [8.79826, 3.488, 10.8915],
			"faces": {
				"north": {"uv": [2, 4.25, 3.5, 4.75], "rotation": 180, "texture": "#4"},
				"east": {"uv": [0, 2, 1, 2.75], "rotation": 180, "texture": "#4"},
				"south": {"uv": [2, 4.25, 3.5, 4.75], "rotation": 180, "texture": "#4"},
				"west": {"uv": [0, 2, 1, 2.75], "rotation": 180, "texture": "#4"},
				"up": {"uv": [4, 0, 9.63985, 15.7469], "rotation": 180, "texture": "#4"},
				"down": {"uv": [4, 0, 9.63985, 15.7469], "rotation": 180, "texture": "#4"}
			}
		},
		{
			"from": [7.38326, 2.378, 6.544],
			"to": [8.63326, 3.628, 10.34],
			"faces": {
				"north": {"uv": [14.5, 9, 15.75, 10.25], "rotation": 90, "texture": "#4"},
				"east": {"uv": [8.75, 9, 15.04464, 11], "texture": "#4"},
				"south": {"uv": [13, 7, 14, 8.35], "rotation": 90, "texture": "#4"},
				"west": {"uv": [8.75, 9, 15.04464, 11], "texture": "#4"},
				"up": {"uv": [9.5, 10.5, 15.79464, 12.5], "rotation": 90, "texture": "#4"},
				"down": {"uv": [9.5, 10.5, 15.79464, 12.5], "rotation": 270, "texture": "#4"}
			}
		},
		{
			"from": [7.57076, 2.5655, 4.26276],
			"to": [8.44576, 3.4405, 6.55876],
			"faces": {
				"north": {"uv": [0, 0, 0.875, 0.875], "rotation": 90, "texture": "#4"},
				"east": {"uv": [0, 0, 2.296, 0.875], "rotation": 90, "texture": "#4"},
				"south": {"uv": [0, 0, 0.875, 0.875], "rotation": 90, "texture": "#4"},
				"west": {"uv": [0, 0, 2.296, 0.875], "rotation": 90, "texture": "#4"},
				"up": {"uv": [0, 0, 0.875, 2.296], "rotation": 90, "texture": "#4"},
				"down": {"uv": [0, 0, 0.875, 2.296], "rotation": 90, "texture": "#4"}
			}
		},
		{
			"from": [7.50826, 2.503, 5.76276],
			"to": [8.50826, 3.503, 10.30876],
			"faces": {
				"north": {"uv": [0, 0, 0.875, 0.875], "rotation": 90, "texture": "#4"},
				"east": {"uv": [0, 0, 4.546, 1], "texture": "#4"},
				"south": {"uv": [13, 7, 14, 8.35], "rotation": 90, "texture": "#4"},
				"west": {"uv": [0, 0, 4.546, 1], "texture": "#4"},
				"up": {"uv": [0, 0, 1, 4.546], "texture": "#4"},
				"down": {"uv": [0, 0, 1, 4.546], "texture": "#4"}
			}
		},
		{
			"from": [7.69576, 2.6905, -7.73724],
			"to": [8.32076, 3.3155, -5.44124],
			"faces": {
				"north": {"uv": [8, 0, 9.5, 1.5], "rotation": 90, "texture": "#4"},
				"east": {"uv": [0, 0, 2.296, 0.625], "texture": "#4"},
				"south": {"uv": [0, 0, 2.296, 0.625], "texture": "#4"},
				"west": {"uv": [0, 0, 2.296, 0.625], "texture": "#4"},
				"up": {"uv": [0, 0, 0.625, 2.296], "texture": "#4"},
				"down": {"uv": [0, 0, 0.625, 2.296], "texture": "#4"}
			}
		},
		{
			"from": [7.69576, 2.6905, 19.01276],
			"to": [8.32076, 3.3155, 21.05876],
			"faces": {
				"north": {"uv": [13, 7, 14, 8.35], "rotation": 90, "texture": "#4"},
				"east": {"uv": [13.25, 15, 13.875, 15.625], "rotation": 90, "texture": "#4"},
				"south": {"uv": [13.25, 15, 13.875, 15.625], "rotation": 90, "texture": "#4"},
				"west": {"uv": [13.25, 15, 13.875, 15.625], "rotation": 90, "texture": "#4"},
				"up": {"uv": [13.25, 15, 13.875, 15.625], "rotation": 90, "texture": "#4"},
				"down": {"uv": [13.25, 15, 13.875, 15.625], "rotation": 90, "texture": "#4"}
			}
		},
		{
			"from": [7.19576, 3.6905, 19.76276],
			"to": [7.44576, 3.8155, 21.80876],
			"rotation": {"angle": -45, "axis": "y", "origin": [8.19576, 3.753, 20.16076]},
			"faces": {
				"north": {"uv": [5.5, 12, 7.54464, 12.125], "rotation": 90, "texture": "#4"},
				"east": {"uv": [5.5, 12, 7.54464, 12.125], "texture": "#4"},
				"south": {"uv": [5.5, 12, 7.54464, 12.125], "rotation": 90, "texture": "#4"},
				"west": {"uv": [5.5, 12, 7.54464, 12.125], "texture": "#4"},
				"up": {"uv": [5.5, 12, 7.54464, 12.125], "rotation": 90, "texture": "#4"},
				"down": {"uv": [5.5, 12, 7.54464, 12.125], "rotation": 90, "texture": "#4"}
			}
		},
		{
			"from": [8.26008, 3.6905, 20.21098],
			"to": [8.51008, 3.8155, 22.25698],
			"rotation": {"angle": 45, "axis": "y", "origin": [7.13508, 3.753, 19.98398]},
			"faces": {
				"north": {"uv": [5.5, 12, 7.54464, 12.125], "rotation": 90, "texture": "#4"},
				"east": {"uv": [5.5, 12, 7.54464, 12.125], "texture": "#4"},
				"south": {"uv": [5.5, 12, 7.54464, 12.125], "rotation": 90, "texture": "#4"},
				"west": {"uv": [5.5, 12, 7.54464, 12.125], "texture": "#4"},
				"up": {"uv": [5.5, 12, 7.54464, 12.125], "rotation": 90, "texture": "#4"},
				"down": {"uv": [5.5, 12, 7.54464, 12.125], "rotation": 90, "texture": "#4"}
			}
		},
		{
			"from": [8.26008, 2.1905, 20.21098],
			"to": [8.51008, 2.3155, 22.25698],
			"rotation": {"angle": 45, "axis": "y", "origin": [7.13508, 3.753, 19.98398]},
			"faces": {
				"north": {"uv": [5.5, 12, 7.54464, 12.125], "rotation": 90, "texture": "#4"},
				"east": {"uv": [5.5, 12, 7.54464, 12.125], "texture": "#4"},
				"south": {"uv": [5.5, 12, 7.54464, 12.125], "rotation": 90, "texture": "#4"},
				"west": {"uv": [5.5, 12, 7.54464, 12.125], "texture": "#4"},
				"up": {"uv": [5.5, 12, 7.54464, 12.125], "rotation": 90, "texture": "#4"},
				"down": {"uv": [5.5, 12, 7.54464, 12.125], "rotation": 90, "texture": "#4"}
			}
		},
		{
			"from": [7.19576, 2.1905, 19.76276],
			"to": [7.44576, 2.3155, 21.80876],
			"rotation": {"angle": -45, "axis": "y", "origin": [8.19576, 3.753, 20.16076]},
			"faces": {
				"north": {"uv": [5.5, 12, 7.54464, 12.125], "rotation": 90, "texture": "#4"},
				"east": {"uv": [5.5, 12, 7.54464, 12.125], "texture": "#4"},
				"south": {"uv": [5.5, 12, 7.54464, 12.125], "rotation": 90, "texture": "#4"},
				"west": {"uv": [5.5, 12, 7.54464, 12.125], "texture": "#4"},
				"up": {"uv": [5.5, 12, 7.54464, 12.125], "rotation": 90, "texture": "#4"},
				"down": {"uv": [5.5, 12, 7.54464, 12.125], "rotation": 90, "texture": "#4"}
			}
		},
		{
			"from": [6.07076, 2.128, 20.49626],
			"to": [6.57076, 3.878, 20.99626],
			"faces": {
				"north": {"uv": [13.25, 15, 13.875, 15.625], "rotation": 90, "texture": "#4"},
				"east": {"uv": [13.25, 15, 13.875, 15.625], "rotation": 90, "texture": "#4"},
				"south": {"uv": [13.25, 15, 13.875, 15.625], "rotation": 90, "texture": "#4"},
				"west": {"uv": [13.25, 15, 13.875, 15.625], "rotation": 90, "texture": "#4"},
				"up": {"uv": [13.25, 15, 13.875, 15.625], "rotation": 90, "texture": "#4"},
				"down": {"uv": [13.25, 15, 13.875, 15.625], "rotation": 90, "texture": "#4"}
			}
		},
		{
			"from": [9.44576, 2.128, 20.49626],
			"to": [9.94576, 3.878, 20.99626],
			"faces": {
				"north": {"uv": [13.25, 15, 13.875, 15.625], "rotation": 90, "texture": "#4"},
				"east": {"uv": [13.25, 15, 13.875, 15.625], "rotation": 90, "texture": "#4"},
				"south": {"uv": [13.25, 15, 13.875, 15.625], "rotation": 90, "texture": "#4"},
				"west": {"uv": [13.25, 15, 13.875, 15.625], "rotation": 90, "texture": "#4"},
				"up": {"uv": [13.25, 15, 13.875, 15.625], "rotation": 90, "texture": "#4"},
				"down": {"uv": [13.25, 15, 13.875, 15.625], "rotation": 90, "texture": "#4"}
			}
		},
		{
			"from": [7.29826, 1.488, 15.208],
			"to": [8.79826, 1.988, 19.704],
			"faces": {
				"north": {"uv": [2, 4.25, 3.5, 4.75], "rotation": 180, "texture": "#4"},
				"east": {"uv": [0, 3.5, 4.49554, 4], "rotation": 180, "texture": "#4"},
				"south": {"uv": [1.25, 2, 2.75, 2.5], "rotation": 180, "texture": "#4"},
				"west": {"uv": [0, 3.5, 4.49554, 4], "rotation": 180, "texture": "#4"},
				"up": {"uv": [1.25, 4.5, 2.75, 8.99554], "rotation": 180, "texture": "#4"},
				"down": {"uv": [1.25, 4.5, 2.75, 8.99554], "rotation": 180, "texture": "#4"}
			}
		},
		{
			"from": [7.42326, -0.637, 17.204],
			"to": [7.67326, -0.012, 17.829],
			"rotation": {"angle": 45, "axis": "x", "origin": [7.42326, 1.238, 19.454]},
			"faces": {
				"north": {"uv": [0, 0, 0.625, 0.625], "rotation": 180, "texture": "#4"},
				"east": {"uv": [0, 0, 0.625, 0.625], "rotation": 180, "texture": "#4"},
				"south": {"uv": [0, 0, 0.625, 0.625], "rotation": 180, "texture": "#4"},
				"west": {"uv": [0, 0, 0.625, 0.625], "rotation": 180, "texture": "#4"},
				"up": {"uv": [0, 0, 0.625, 0.625], "rotation": 180, "texture": "#4"},
				"down": {"uv": [0, 0, 0.625, 0.625], "rotation": 180, "texture": "#4"}
			}
		},
		{
			"from": [8.42326, -0.637, 17.204],
			"to": [8.67326, -0.012, 17.829],
			"rotation": {"angle": 45, "axis": "x", "origin": [7.42326, 1.238, 19.454]},
			"faces": {
				"north": {"uv": [0, 0, 0.625, 0.625], "rotation": 180, "texture": "#4"},
				"east": {"uv": [0, 0, 0.625, 0.625], "rotation": 180, "texture": "#4"},
				"south": {"uv": [0, 0, 0.625, 0.625], "rotation": 180, "texture": "#4"},
				"west": {"uv": [0, 0, 0.625, 0.625], "rotation": 180, "texture": "#4"},
				"up": {"uv": [0, 0, 0.625, 0.625], "rotation": 180, "texture": "#4"},
				"down": {"uv": [0, 0, 0.625, 0.625], "rotation": 180, "texture": "#4"}
			}
		},
		{
			"from": [7.04826, 0.863, 10.579],
			"to": [7.29826, 2.613, 11.204],
			"faces": {
				"north": {"uv": [11.25, 13.25, 11.75, 13.75], "rotation": 180, "texture": "#4"},
				"east": {"uv": [11.25, 13.25, 11.75, 13.75], "rotation": 180, "texture": "#4"},
				"south": {"uv": [11.25, 13.25, 11.75, 13.75], "rotation": 180, "texture": "#4"},
				"west": {"uv": [11.25, 13.25, 11.75, 13.75], "rotation": 180, "texture": "#4"},
				"up": {"uv": [11.25, 13.25, 11.75, 13.75], "rotation": 180, "texture": "#4"},
				"down": {"uv": [11.25, 13.25, 11.75, 13.75], "rotation": 180, "texture": "#4"}
			}
		},
		{
			"from": [8.79826, 0.863, 10.579],
			"to": [9.04826, 2.613, 11.204],
			"faces": {
				"north": {"uv": [11.25, 13.25, 11.75, 13.75], "rotation": 180, "texture": "#4"},
				"east": {"uv": [11.25, 13.25, 11.75, 13.75], "rotation": 180, "texture": "#4"},
				"south": {"uv": [11.25, 13.25, 11.75, 13.75], "rotation": 180, "texture": "#4"},
				"west": {"uv": [11.25, 13.25, 11.75, 13.75], "rotation": 180, "texture": "#4"},
				"up": {"uv": [11.25, 13.25, 11.75, 13.75], "rotation": 180, "texture": "#4"},
				"down": {"uv": [11.25, 13.25, 11.75, 13.75], "rotation": 180, "texture": "#4"}
			}
		},
		{
			"from": [8.48576, 2.1755, 15.579],
			"to": [9.04826, 2.4255, 15.829],
			"faces": {
				"north": {"uv": [0, 0, 0.75, 0.31252], "rotation": 180, "texture": "#4"},
				"east": {"uv": [0, 0, 0.75, 0.31252], "rotation": 180, "texture": "#4"},
				"south": {"uv": [0, 0, 0.75, 0.31252], "rotation": 180, "texture": "#4"},
				"west": {"uv": [0, 0, 0.75, 0.31252], "rotation": 180, "texture": "#4"},
				"up": {"uv": [0, 0, 0.75, 0.31252], "rotation": 180, "texture": "#4"},
				"down": {"uv": [0, 0, 0.75, 0.31252], "rotation": 180, "texture": "#4"}
			}
		},
		{
			"from": [9.04826, 2.1755, 15.579],
			"to": [9.2045, 3.5505, 15.829],
			"faces": {
				"north": {"uv": [5.5, 12, 6.25, 12.75], "rotation": 180, "texture": "#4"},
				"east": {"uv": [5.5, 12, 6.25, 12.75], "rotation": 180, "texture": "#4"},
				"south": {"uv": [5.5, 12, 6.25, 12.75], "rotation": 180, "texture": "#4"},
				"west": {"uv": [5.5, 12, 6.25, 12.75], "rotation": 180, "texture": "#4"},
				"up": {"uv": [5.5, 12, 6.25, 12.75], "rotation": 180, "texture": "#4"},
				"down": {"uv": [5.5, 12, 6.25, 12.75], "rotation": 180, "texture": "#4"}
			}
		},
		{
			"from": [9.17326, 3.26924, 15.54776],
			"to": [9.92326, 3.58176, 15.86026],
			"faces": {
				"north": {"uv": [0, 0, 0.75, 0.31252], "rotation": 180, "texture": "#4"},
				"east": {"uv": [0, 0, 0.75, 0.31252], "rotation": 180, "texture": "#4"},
				"south": {"uv": [0, 0, 0.75, 0.31252], "rotation": 180, "texture": "#4"},
				"west": {"uv": [0, 0, 0.75, 0.31252], "rotation": 180, "texture": "#4"},
				"up": {"uv": [0, 0, 0.75, 0.31252], "rotation": 180, "texture": "#4"},
				"down": {"uv": [0, 0, 0.75, 0.31252], "rotation": 180, "texture": "#4"}
			}
		},
		{
			"from": [7.73576, 3.988, 10.704],
			"to": [7.79826, 4.488, 11.204],
			"faces": {
				"north": {"uv": [11.25, 13.25, 11.75, 13.75], "rotation": 180, "texture": "#4"},
				"east": {"uv": [11.25, 13.25, 11.75, 13.75], "rotation": 180, "texture": "#4"},
				"south": {"uv": [11.25, 13.25, 11.75, 13.75], "rotation": 180, "texture": "#4"},
				"west": {"uv": [11.25, 13.25, 11.75, 13.75], "rotation": 180, "texture": "#4"},
				"up": {"uv": [11.25, 13.25, 11.75, 13.75], "rotation": 180, "texture": "#4"},
				"down": {"uv": [11.25, 13.25, 11.75, 13.75], "rotation": 180, "texture": "#4"}
			}
		},
		{
			"from": [8.23576, 3.988, 10.704],
			"to": [8.29826, 4.488, 11.204],
			"faces": {
				"north": {"uv": [11.25, 13.25, 11.75, 13.75], "rotation": 180, "texture": "#4"},
				"east": {"uv": [11.25, 13.25, 11.75, 13.75], "rotation": 180, "texture": "#4"},
				"south": {"uv": [11.25, 13.25, 11.75, 13.75], "rotation": 180, "texture": "#4"},
				"west": {"uv": [11.25, 13.25, 11.75, 13.75], "rotation": 180, "texture": "#4"},
				"up": {"uv": [11.25, 13.25, 11.75, 13.75], "rotation": 180, "texture": "#4"},
				"down": {"uv": [11.25, 13.25, 11.75, 13.75], "rotation": 180, "texture": "#4"}
			}
		},
		{
			"from": [7.98576, 3.988, 10.829],
			"to": [8.04826, 4.363, 11.079],
			"faces": {
				"north": {"uv": [11.25, 13.25, 11.75, 13.75], "rotation": 180, "texture": "#4"},
				"east": {"uv": [11.25, 13.25, 11.75, 13.75], "rotation": 180, "texture": "#4"},
				"south": {"uv": [11.25, 13.25, 11.75, 13.75], "rotation": 180, "texture": "#4"},
				"west": {"uv": [11.25, 13.25, 11.75, 13.75], "rotation": 180, "texture": "#4"},
				"up": {"uv": [11.25, 13.25, 11.75, 13.75], "rotation": 180, "texture": "#4"},
				"down": {"uv": [11.25, 13.25, 11.75, 13.75], "rotation": 180, "texture": "#4"}
			}
		},
		{
			"from": [7.69576, 3.4405, 18.26276],
			"to": [8.32076, 4.0655, 19.55876],
			"faces": {
				"north": {"uv": [11.25, 13.25, 11.75, 13.75], "rotation": 180, "texture": "#4"},
				"east": {"uv": [11.25, 13.25, 11.75, 13.75], "rotation": 180, "texture": "#4"},
				"south": {"uv": [11.25, 13.25, 11.75, 13.75], "rotation": 180, "texture": "#4"},
				"west": {"uv": [11.25, 13.25, 11.75, 13.75], "rotation": 180, "texture": "#4"},
				"up": {"uv": [11.25, 13.25, 11.75, 13.75], "rotation": 180, "texture": "#4"},
				"down": {"uv": [11.25, 13.25, 11.75, 13.75], "rotation": 180, "texture": "#4"}
			}
		},
		{
			"from": [7.73576, 3.988, 18.579],
			"to": [7.79826, 4.488, 19.329],
			"faces": {
				"north": {"uv": [11.25, 13.25, 11.75, 13.75], "rotation": 180, "texture": "#4"},
				"east": {"uv": [11.25, 13.25, 11.75, 13.75], "rotation": 180, "texture": "#4"},
				"south": {"uv": [11.25, 13.25, 11.75, 13.75], "rotation": 180, "texture": "#4"},
				"west": {"uv": [11.25, 13.25, 11.75, 13.75], "rotation": 180, "texture": "#4"},
				"up": {"uv": [11.25, 13.25, 11.75, 13.75], "rotation": 180, "texture": "#4"},
				"down": {"uv": [11.25, 13.25, 11.75, 13.75], "rotation": 180, "texture": "#4"}
			}
		},
		{
			"from": [8.23576, 3.988, 18.579],
			"to": [8.29826, 4.488, 19.329],
			"faces": {
				"north": {"uv": [11.25, 13.25, 11.75, 13.75], "rotation": 180, "texture": "#4"},
				"east": {"uv": [11.25, 13.25, 11.75, 13.75], "rotation": 180, "texture": "#4"},
				"south": {"uv": [11.25, 13.25, 11.75, 13.75], "rotation": 180, "texture": "#4"},
				"west": {"uv": [11.25, 13.25, 11.75, 13.75], "rotation": 180, "texture": "#4"},
				"up": {"uv": [11.25, 13.25, 11.75, 13.75], "rotation": 180, "texture": "#4"},
				"down": {"uv": [11.25, 13.25, 11.75, 13.75], "rotation": 180, "texture": "#4"}
			}
		},
		{
			"from": [7.79826, 3.988, 10.704],
			"to": [8.23576, 4.0505, 11.204],
			"faces": {
				"north": {"uv": [11.25, 13.25, 11.75, 13.75], "rotation": 180, "texture": "#4"},
				"east": {"uv": [11.25, 13.25, 11.75, 13.75], "rotation": 180, "texture": "#4"},
				"south": {"uv": [11.25, 13.25, 11.75, 13.75], "rotation": 180, "texture": "#4"},
				"west": {"uv": [11.25, 13.25, 11.75, 13.75], "rotation": 180, "texture": "#4"},
				"up": {"uv": [11.25, 13.25, 11.75, 13.75], "rotation": 180, "texture": "#4"},
				"down": {"uv": [11.25, 13.25, 11.75, 13.75], "rotation": 180, "texture": "#4"}
			}
		},
		{
			"from": [7.29826, 0.863, 10.579],
			"to": [8.79826, 1.0505, 11.204],
			"faces": {
				"north": {"uv": [11.25, 13.25, 11.75, 13.75], "rotation": 180, "texture": "#4"},
				"east": {"uv": [11.25, 13.25, 11.75, 13.75], "rotation": 180, "texture": "#4"},
				"south": {"uv": [11.25, 13.25, 11.75, 13.75], "rotation": 180, "texture": "#4"},
				"west": {"uv": [11.25, 13.25, 11.75, 13.75], "rotation": 180, "texture": "#4"},
				"up": {"uv": [11.25, 13.25, 11.75, 13.75], "rotation": 180, "texture": "#4"},
				"down": {"uv": [11.25, 13.25, 11.75, 13.75], "rotation": 180, "texture": "#4"}
			}
		},
		{
			"from": [7.29826, 1.988, 18.958],
			"to": [8.79826, 2.3005, 19.704],
			"faces": {
				"north": {"uv": [2.75, 5, 4.25, 6], "rotation": 180, "texture": "#4"},
				"east": {"uv": [0, 0, 0.746, 0.5], "texture": "#4"},
				"south": {"uv": [2.5, 6, 4, 7], "rotation": 180, "texture": "#4"},
				"west": {"uv": [0, 0, 0.746, 0.5], "texture": "#4"},
				"up": {"uv": [0, 0, 1.5, 9.496], "rotation": 180, "texture": "#4"},
				"down": {"uv": [0, 0, 1.5, 9.496], "rotation": 180, "texture": "#4"}
			}
		},
		{
			"from": [7.29826, 2.3005, 15.708],
			"to": [8.79826, 2.988, 19.704],
			"faces": {
				"north": {"uv": [2, 4.25, 3.5, 4.75], "rotation": 180, "texture": "#4"},
				"east": {"uv": [0, 3.5, 4.49554, 4], "rotation": 180, "texture": "#4"},
				"south": {"uv": [1.25, 2, 2.75, 2.5], "rotation": 180, "texture": "#4"},
				"west": {"uv": [0, 0, 3.996, 0.5], "rotation": 180, "texture": "#4"},
				"up": {"uv": [1.25, 4.5, 2.75, 8.99554], "rotation": 180, "texture": "#4"},
				"down": {"uv": [1.25, 4.5, 2.75, 8.99554], "rotation": 180, "texture": "#4"}
			}
		},
		{
			"from": [6.79826, 2.113, 10.579],
			"to": [7.04826, 2.613, 12.329],
			"faces": {
				"north": {"uv": [11.25, 13.25, 11.75, 13.75], "rotation": 180, "texture": "#4"},
				"east": {"uv": [11.25, 13.25, 11.75, 13.75], "rotation": 180, "texture": "#4"},
				"south": {"uv": [11.25, 13.25, 11.75, 13.75], "rotation": 180, "texture": "#4"},
				"west": {"uv": [11.25, 13.25, 11.75, 13.75], "rotation": 180, "texture": "#4"},
				"up": {"uv": [11.25, 13.25, 11.75, 13.75], "rotation": 180, "texture": "#4"},
				"down": {"uv": [11.25, 13.25, 11.75, 13.75], "rotation": 180, "texture": "#4"}
			}
		},
		{
			"from": [9.04826, 3.3005, 10.704],
			"to": [9.11076, 3.9255, 13.3915],
			"rotation": {"angle": 45, "axis": "z", "origin": [9.20451, 3.4255, 10.954]},
			"faces": {
				"north": {"uv": [11.25, 13.25, 11.75, 13.75], "rotation": 180, "texture": "#4"},
				"east": {"uv": [11.25, 13.25, 11.75, 13.75], "rotation": 180, "texture": "#4"},
				"south": {"uv": [11.25, 13.25, 11.75, 13.75], "rotation": 180, "texture": "#4"},
				"west": {"uv": [11.25, 13.25, 11.75, 13.75], "rotation": 180, "texture": "#4"},
				"up": {"uv": [11.25, 13.25, 11.75, 13.75], "rotation": 180, "texture": "#4"},
				"down": {"uv": [11.25, 13.25, 11.75, 13.75], "rotation": 180, "texture": "#4"}
			}
		}
	],
	"display": {
		"thirdperson_righthand": {
			"rotation": [0, -15, 0],
			"translation": [0.5, 9.5, -1.5],
			"scale": [1.5, 1.5, 1.5]
		},
		"thirdperson_lefthand": {
			"translation": [-0.5, 9.5, -1.5],
			"scale": [1.5, 1.5, 1.5]
		},
		"firstperson_righthand": {
			"rotation": [6, 3, 0],
			"translation": [7.5, 11.5, 5]
		},
		"ground": {
			"translation": [0, 4, 0]
		},
		"gui": {
			"rotation": [90, 50, -90],
			"translation": [3.25, 2.75, 0],
			"scale": [0.75, 0.75, 0.75]
		},
		"head": {
			"translation": [0, 15.25, -8.75],
			"scale": [3, 3, 3]
		},
		"fixed": {
			"rotation": [90, 50, -90],
			"translation": [3.25, 2.75, 0],
			"scale": [0.75, 0.75, 0.75]
		}
	}
}