{
	"credit": "Made by SrDarmith - YouTube: Mainclay",
	"textures": {
		"texture": "blocks/anvil 1"
	},
	"elements": [
		{
			"from": [-0.5, 10.25, 7.5],
			"to": [1, 10.75, 7.75],
			"rotation": {"angle": 0, "axis": "y", "origin": [4, 3, 0]},
			"faces": {
				"north": {"uv": [13.5, 6.25, 15.5, 6.75], "texture": "#texture"},
				"south": {"uv": [0.5, 6.25, 2.5, 6.75], "texture": "#texture"},
				"west": {"uv": [7.5, 6.25, 7.75, 6.75], "texture": "#texture"},
				"up": {"uv": [0.5, 7.5, 2.5, 7.75], "texture": "#texture"},
				"down": {"uv": [15.5, 7.75, 13.5, 7.5], "texture": "#texture"}
			}
		},
		{
			"from": [1.5, 10.25, 8.25],
			"to": [1.75, 10.75, 8.5],
			"rotation": {"angle": 0, "axis": "y", "origin": [4, 3, 0]},
			"faces": {
				"north": {"uv": [13.5, 6.25, 15.5, 6.75], "texture": "#texture"},
				"south": {"uv": [0.5, 6.25, 2.5, 6.75], "texture": "#texture"},
				"west": {"uv": [8.25, 6.25, 8.5, 6.75], "texture": "#texture"},
				"up": {"uv": [0.5, 8.25, 2.5, 8.5], "texture": "#texture"},
				"down": {"uv": [15.5, 8.5, 13.5, 8.25], "texture": "#texture"}
			}
		},
		{
			"from": [1.5, 10, 7.75],
			"to": [1.75, 10.25, 8.25],
			"rotation": {"angle": 0, "axis": "y", "origin": [4, 3, 0]},
			"faces": {
				"north": {"uv": [13.5, 6.75, 15.5, 7], "texture": "#texture"},
				"south": {"uv": [0.5, 6.75, 2.5, 7], "texture": "#texture"},
				"west": {"uv": [7.75, 6.75, 8.25, 7], "texture": "#texture"},
				"up": {"uv": [0.5, 7.75, 2.5, 8.25], "texture": "#texture"},
				"down": {"uv": [15.5, 8.25, 13.5, 7.75], "texture": "#texture"}
			}
		},
		{
			"from": [1.5, 10.75, 7.75],
			"to": [1.75, 11, 8.25],
			"rotation": {"angle": 0, "axis": "y", "origin": [4, 3, 0]},
			"faces": {
				"north": {"uv": [13.5, 6, 15.5, 6.25], "texture": "#texture"},
				"south": {"uv": [0.5, 6, 2.5, 6.25], "texture": "#texture"},
				"west": {"uv": [7.75, 6, 8.25, 6.25], "texture": "#texture"},
				"up": {"uv": [0.5, 7.75, 2.5, 8.25], "texture": "#texture"},
				"down": {"uv": [15.5, 8.25, 13.5, 7.75], "texture": "#texture"}
			}
		},
		{
			"from": [1.5, 10.25, 7.5],
			"to": [1.75, 10.75, 7.75],
			"rotation": {"angle": 0, "axis": "y", "origin": [4, 3, 0]},
			"faces": {
				"north": {"uv": [13.5, 6.25, 15.5, 6.75], "texture": "#texture"},
				"south": {"uv": [0.5, 6.25, 2.5, 6.75], "texture": "#texture"},
				"west": {"uv": [7.5, 6.25, 7.75, 6.75], "texture": "#texture"},
				"up": {"uv": [0.5, 7.5, 2.5, 7.75], "texture": "#texture"},
				"down": {"uv": [15.5, 7.75, 13.5, 7.5], "texture": "#texture"}
			}
		},
		{
			"from": [-0.5, 10.75, 7.75],
			"to": [1, 11, 8.25],
			"rotation": {"angle": 0, "axis": "y", "origin": [4, 3, 0]},
			"faces": {
				"north": {"uv": [13.5, 6, 15.5, 6.25], "texture": "#texture"},
				"south": {"uv": [0.5, 6, 2.5, 6.25], "texture": "#texture"},
				"west": {"uv": [7.75, 6, 8.25, 6.25], "texture": "#texture"},
				"up": {"uv": [0.5, 7.75, 2.5, 8.25], "texture": "#texture"},
				"down": {"uv": [15.5, 8.25, 13.5, 7.75], "texture": "#texture"}
			}
		},
		{
			"from": [-0.5, 10, 7.75],
			"to": [1, 10.25, 8.25],
			"rotation": {"angle": 0, "axis": "y", "origin": [4, 3, 0]},
			"faces": {
				"north": {"uv": [13.5, 6.75, 15.5, 7], "texture": "#texture"},
				"south": {"uv": [0.5, 6.75, 2.5, 7], "texture": "#texture"},
				"west": {"uv": [7.75, 6.75, 8.25, 7], "texture": "#texture"},
				"up": {"uv": [0.5, 7.75, 2.5, 8.25], "texture": "#texture"},
				"down": {"uv": [15.5, 8.25, 13.5, 7.75], "texture": "#texture"}
			}
		},
		{
			"from": [-0.5, 10.25, 8.25],
			"to": [1, 10.75, 8.5],
			"rotation": {"angle": 0, "axis": "y", "origin": [4, 3, 0]},
			"faces": {
				"north": {"uv": [13.5, 6.25, 15.5, 6.75], "texture": "#texture"},
				"south": {"uv": [0.5, 6.25, 2.5, 6.75], "texture": "#texture"},
				"west": {"uv": [8.25, 6.25, 8.5, 6.75], "texture": "#texture"},
				"up": {"uv": [0.5, 8.25, 2.5, 8.5], "texture": "#texture"},
				"down": {"uv": [15.5, 8.5, 13.5, 8.25], "texture": "#texture"}
			}
		},
		{
			"from": [8, 9.625, 7],
			"to": [15.5, 10.875, 9],
			"rotation": {"angle": 0, "axis": "y", "origin": [4, 3, 0]},
			"faces": {
				"north": {"uv": [9.25, 6, 12.75, 7.25], "texture": "#texture"},
				"east": {"uv": [7, 6, 9, 7.25], "texture": "#texture"},
				"south": {"uv": [3.25, 6, 6.75, 7.25], "texture": "#texture"},
				"west": {"uv": [7, 6, 9, 7.25], "texture": "#texture"},
				"up": {"uv": [3.25, 7, 6.75, 9], "texture": "#texture"},
				"down": {"uv": [12.75, 9, 9.25, 7], "texture": "#texture"}
			}
		},
		{
			"from": [2, 9.5, 6.9],
			"to": [8, 11, 9.1],
			"rotation": {"angle": 0, "axis": "y", "origin": [4, 3, 0]},
			"faces": {
				"north": {"uv": [9.25, 6, 12.75, 7.25], "texture": "#texture"},
				"east": {"uv": [7, 6, 9, 7.25], "texture": "#texture"},
				"south": {"uv": [3.25, 6, 6.75, 7.25], "texture": "#texture"},
				"west": {"uv": [7, 6, 9, 7.25], "texture": "#texture"},
				"up": {"uv": [3.25, 7, 6.75, 9], "texture": "#texture"},
				"down": {"uv": [12.75, 9, 9.25, 7], "texture": "#texture"}
			}
		},
		{
			"from": [1, 9.75, 7.5],
			"to": [1.5, 11.25, 8.525],
			"rotation": {"angle": 0, "axis": "y", "origin": [4, 3, 0]},
			"faces": {
				"north": {"uv": [9.25, 6, 12.75, 7.25], "texture": "#texture"},
				"east": {"uv": [7, 6, 9, 7.25], "texture": "#texture"},
				"south": {"uv": [3.25, 6, 6.75, 7.25], "texture": "#texture"},
				"west": {"uv": [7, 6, 9, 7.25], "texture": "#texture"},
				"up": {"uv": [3.25, 7, 6.75, 9], "texture": "#texture"},
				"down": {"uv": [12.75, 9, 9.25, 7], "texture": "#texture"}
			}
		},
		{
			"from": [3.75, 9.25, 6.95],
			"to": [8, 9.5, 9.05],
			"rotation": {"angle": 0, "axis": "y", "origin": [4, 3, 0]},
			"faces": {
				"north": {"uv": [9.25, 6, 12.75, 7.25], "texture": "#texture"},
				"east": {"uv": [7, 6, 9, 7.25], "texture": "#texture"},
				"south": {"uv": [3.25, 6, 6.75, 7.25], "texture": "#texture"},
				"west": {"uv": [7, 6, 9, 7.25], "texture": "#texture"},
				"up": {"uv": [3.25, 7, 6.75, 9], "texture": "#texture"},
				"down": {"uv": [12.75, 9, 9.25, 7], "texture": "#texture"}
			}
		},
		{
			"from": [6, 9, 7],
			"to": [8, 9.25, 9],
			"rotation": {"angle": 0, "axis": "y", "origin": [4, 3, 0]},
			"faces": {
				"north": {"uv": [9.25, 6, 12.75, 7.25], "texture": "#texture"},
				"east": {"uv": [7, 6, 9, 7.25], "texture": "#texture"},
				"south": {"uv": [3.25, 6, 6.75, 7.25], "texture": "#texture"},
				"west": {"uv": [7, 6, 9, 7.25], "texture": "#texture"},
				"up": {"uv": [3.25, 7, 6.75, 9], "texture": "#texture"},
				"down": {"uv": [12.75, 9, 9.25, 7], "texture": "#texture"}
			}
		},
		{
			"from": [1.75, 10, 7.25],
			"to": [16.5, 11.5, 8.75],
			"rotation": {"angle": 0, "axis": "y", "origin": [4, 3, 0]},
			"faces": {
				"north": {"uv": [9.25, 6, 12.75, 7.25], "texture": "#texture"},
				"east": {"uv": [7, 6, 9, 7.25], "texture": "#texture"},
				"south": {"uv": [3.25, 6, 6.75, 7.25], "texture": "#texture"},
				"west": {"uv": [7, 6, 9, 7.25], "texture": "#texture"},
				"up": {"uv": [3.25, 7, 6.75, 9], "texture": "#texture"},
				"down": {"uv": [12.75, 9, 9.25, 7], "texture": "#texture"}
			}
		},
		{
			"from": [15.5, 9.25, 7],
			"to": [16.5, 11, 9],
			"rotation": {"angle": 0, "axis": "y", "origin": [4, 3, 0]},
			"faces": {
				"north": {"uv": [9.25, 6, 12.75, 7.25], "texture": "#texture"},
				"east": {"uv": [7, 6, 9, 7.25], "texture": "#texture"},
				"south": {"uv": [3.25, 6, 6.75, 7.25], "texture": "#texture"},
				"west": {"uv": [7, 6, 9, 7.25], "texture": "#texture"},
				"up": {"uv": [3.25, 7, 6.75, 9], "texture": "#texture"},
				"down": {"uv": [12.75, 9, 9.25, 7], "texture": "#texture"}
			}
		},
		{
			"from": [16.5, 9.25, 7.25],
			"to": [16.75, 11.5, 8.75],
			"rotation": {"angle": 0, "axis": "y", "origin": [4, 3, 0]},
			"faces": {
				"north": {"uv": [9.25, 6, 12.75, 7.25], "texture": "#texture"},
				"east": {"uv": [7, 6, 9, 7.25], "texture": "#texture"},
				"south": {"uv": [3.25, 6, 6.75, 7.25], "texture": "#texture"},
				"west": {"uv": [7, 6, 9, 7.25], "texture": "#texture"},
				"up": {"uv": [3.25, 7, 6.75, 9], "texture": "#texture"},
				"down": {"uv": [12.75, 9, 9.25, 7], "texture": "#texture"}
			}
		},
		{
			"from": [15.5, 11, 7],
			"to": [16.25, 11.5, 9],
			"rotation": {"angle": 0, "axis": "y", "origin": [4, 3, 0]},
			"faces": {
				"north": {"uv": [9.25, 6, 12.75, 7.25], "texture": "#texture"},
				"east": {"uv": [7, 6, 9, 7.25], "texture": "#texture"},
				"south": {"uv": [3.25, 6, 6.75, 7.25], "texture": "#texture"},
				"west": {"uv": [7, 6, 9, 7.25], "texture": "#texture"},
				"up": {"uv": [3.25, 7, 6.75, 9], "texture": "#texture"},
				"down": {"uv": [12.75, 9, 9.25, 7], "texture": "#texture"}
			}
		},
		{
			"from": [17.25, 8.75, 7.25],
			"to": [17.925, 11, 8.75],
			"rotation": {"angle": 0, "axis": "y", "origin": [4, 2.75, 0]},
			"faces": {
				"north": {"uv": [9.25, 6, 12.75, 7.25], "texture": "#texture"},
				"east": {"uv": [7, 6, 9, 7.25], "texture": "#texture"},
				"south": {"uv": [3.25, 6, 6.75, 7.25], "texture": "#texture"},
				"west": {"uv": [7, 6, 9, 7.25], "texture": "#texture"},
				"up": {"uv": [3.25, 7, 6.75, 9], "texture": "#texture"},
				"down": {"uv": [12.75, 9, 9.25, 7], "texture": "#texture"}
			}
		},
		{
			"from": [17.5, 8.575, 7.5],
			"to": [18.275, 11.25, 8.5],
			"rotation": {"angle": 0, "axis": "y", "origin": [4, 2.75, 0]},
			"faces": {
				"north": {"uv": [9.25, 6, 12.75, 7.25], "texture": "#texture"},
				"east": {"uv": [7, 6, 9, 7.25], "texture": "#texture"},
				"south": {"uv": [3.25, 6, 6.75, 7.25], "texture": "#texture"},
				"west": {"uv": [7, 6, 9, 7.25], "texture": "#texture"},
				"up": {"uv": [3.25, 7, 6.75, 9], "texture": "#texture"},
				"down": {"uv": [12.75, 9, 9.25, 7], "texture": "#texture"}
			}
		},
		{
			"from": [18.75, 0.975, 7.5],
			"to": [19.425, 2.95, 8.5],
			"rotation": {"angle": 22.5, "axis": "z", "origin": [4, 2.75, 0]},
			"faces": {
				"north": {"uv": [9.25, 6, 12.75, 7.25], "texture": "#texture"},
				"east": {"uv": [7, 6, 9, 7.25], "texture": "#texture"},
				"south": {"uv": [3.25, 6, 6.75, 7.25], "texture": "#texture"},
				"west": {"uv": [7, 6, 9, 7.25], "texture": "#texture"},
				"up": {"uv": [3.25, 7, 6.75, 9], "texture": "#texture"},
				"down": {"uv": [12.75, 9, 9.25, 7], "texture": "#texture"}
			}
		},
		{
			"from": [17.25, 9.5, 8.75],
			"to": [17.925, 10.75, 9],
			"rotation": {"angle": 0, "axis": "y", "origin": [4, 3, 0]},
			"faces": {
				"north": {"uv": [9.25, 6, 12.75, 7.25], "texture": "#texture"},
				"east": {"uv": [7, 6, 9, 7.25], "texture": "#texture"},
				"south": {"uv": [3.25, 6, 6.75, 7.25], "texture": "#texture"},
				"west": {"uv": [7, 6, 9, 7.25], "texture": "#texture"},
				"up": {"uv": [3.25, 7, 6.75, 9], "texture": "#texture"},
				"down": {"uv": [12.75, 9, 9.25, 7], "texture": "#texture"}
			}
		},
		{
			"from": [17.25, 9.5, 7],
			"to": [17.925, 10.75, 7.25],
			"rotation": {"angle": 0, "axis": "y", "origin": [4, 3, 0]},
			"faces": {
				"north": {"uv": [9.25, 6, 12.75, 7.25], "texture": "#texture"},
				"east": {"uv": [7, 6, 9, 7.25], "texture": "#texture"},
				"south": {"uv": [3.25, 6, 6.75, 7.25], "texture": "#texture"},
				"west": {"uv": [7, 6, 9, 7.25], "texture": "#texture"},
				"up": {"uv": [3.25, 7, 6.75, 9], "texture": "#texture"},
				"down": {"uv": [12.75, 9, 9.25, 7], "texture": "#texture"}
			}
		},
		{
			"from": [18.55, 1.225, 7.25],
			"to": [19.275, 3.225, 8.75],
			"rotation": {"angle": 22.5, "axis": "z", "origin": [4, 2.75, 0]},
			"faces": {
				"north": {"uv": [9.25, 6, 12.75, 7.25], "texture": "#texture"},
				"east": {"uv": [7, 6, 9, 7.25], "texture": "#texture"},
				"south": {"uv": [3.25, 6, 6.75, 7.25], "texture": "#texture"},
				"west": {"uv": [7, 6, 9, 7.25], "texture": "#texture"},
				"up": {"uv": [3.25, 7, 6.75, 9], "texture": "#texture"},
				"down": {"uv": [12.75, 9, 9.25, 7], "texture": "#texture"}
			}
		},
		{
			"from": [10.425, 9.8, 9],
			"to": [17.75, 10.325, 9.25],
			"rotation": {"angle": 0, "axis": "y", "origin": [4, 3, 0]},
			"faces": {
				"north": {"uv": [9.25, 6, 12.75, 7.25], "texture": "#texture"},
				"east": {"uv": [7, 6, 9, 7.25], "texture": "#texture"},
				"south": {"uv": [3.25, 6, 6.75, 7.25], "texture": "#texture"},
				"west": {"uv": [7, 6, 9, 7.25], "texture": "#texture"},
				"up": {"uv": [3.25, 7, 6.75, 9], "texture": "#texture"},
				"down": {"uv": [12.75, 9, 9.25, 7], "texture": "#texture"}
			}
		},
		{
			"from": [1, 12.05, 8.25],
			"to": [1.5, 12.55, 8.5],
			"rotation": {"angle": 0, "axis": "y", "origin": [4, 2.75, 0]},
			"faces": {
				"north": {"uv": [9.25, 6, 12.75, 7.25], "texture": "#texture"},
				"east": {"uv": [7, 6, 9, 7.25], "texture": "#texture"},
				"south": {"uv": [3.25, 6, 6.75, 7.25], "texture": "#texture"},
				"west": {"uv": [7, 6, 9, 7.25], "texture": "#texture"},
				"up": {"uv": [3.25, 7, 6.75, 9], "texture": "#texture"},
				"down": {"uv": [12.75, 9, 9.25, 7], "texture": "#texture"}
			}
		},
		{
			"from": [5, 11.175, 8.75],
			"to": [5.5, 11.425, 9.25],
			"rotation": {"angle": 0, "axis": "y", "origin": [4, 2.75, 0]},
			"faces": {
				"north": {"uv": [9.25, 6, 12.75, 7.25], "texture": "#texture"},
				"east": {"uv": [7, 6, 9, 7.25], "texture": "#texture"},
				"south": {"uv": [3.25, 6, 6.75, 7.25], "texture": "#texture"},
				"west": {"uv": [7, 6, 9, 7.25], "texture": "#texture"},
				"up": {"uv": [3.25, 7, 6.75, 9], "texture": "#texture"},
				"down": {"uv": [12.75, 9, 9.25, 7], "texture": "#texture"}
			}
		},
		{
			"from": [-6.75, 9.75, 7.5],
			"to": [-0.5, 10.25, 8.5],
			"rotation": {"angle": 0, "axis": "y", "origin": [4, 2.75, 0]},
			"faces": {
				"north": {"uv": [9.25, 6, 12.75, 7.25], "texture": "#texture"},
				"east": {"uv": [7, 6, 9, 7.25], "texture": "#texture"},
				"south": {"uv": [3.25, 6, 6.75, 7.25], "texture": "#texture"},
				"west": {"uv": [7, 6, 9, 7.25], "texture": "#texture"},
				"up": {"uv": [3.25, 7, 6.75, 9], "texture": "#texture"},
				"down": {"uv": [12.75, 9, 9.25, 7], "texture": "#texture"}
			}
		},
		{
			"from": [-6.75, 10.75, 7.5],
			"to": [-0.5, 11.25, 8.5],
			"rotation": {"angle": 0, "axis": "y", "origin": [4, 2.75, 0]},
			"faces": {
				"north": {"uv": [9.25, 6, 12.75, 7.25], "texture": "#texture"},
				"east": {"uv": [7, 6, 9, 7.25], "texture": "#texture"},
				"south": {"uv": [3.25, 6, 6.75, 7.25], "texture": "#texture"},
				"west": {"uv": [7, 6, 9, 7.25], "texture": "#texture"},
				"up": {"uv": [3.25, 7, 6.75, 9], "texture": "#texture"},
				"down": {"uv": [12.75, 9, 9.25, 7], "texture": "#texture"}
			}
		},
		{
			"from": [-6.75, 10, 7.25],
			"to": [-0.5, 11, 7.75],
			"rotation": {"angle": 0, "axis": "y", "origin": [4, 2.75, 0]},
			"faces": {
				"north": {"uv": [9.25, 6, 12.75, 7.25], "texture": "#texture"},
				"east": {"uv": [7, 6, 9, 7.25], "texture": "#texture"},
				"south": {"uv": [3.25, 6, 6.75, 7.25], "texture": "#texture"},
				"west": {"uv": [7, 6, 9, 7.25], "texture": "#texture"},
				"up": {"uv": [3.25, 7, 6.75, 9], "texture": "#texture"},
				"down": {"uv": [12.75, 9, 9.25, 7], "texture": "#texture"}
			}
		},
		{
			"from": [-6.75, 10, 8.25],
			"to": [-0.5, 11, 8.75],
			"rotation": {"angle": 0, "axis": "y", "origin": [4, 2.75, 0]},
			"faces": {
				"north": {"uv": [9.25, 6, 12.75, 7.25], "texture": "#texture"},
				"east": {"uv": [7, 6, 9, 7.25], "texture": "#texture"},
				"south": {"uv": [3.25, 6, 6.75, 7.25], "texture": "#texture"},
				"west": {"uv": [7, 6, 9, 7.25], "texture": "#texture"},
				"up": {"uv": [3.25, 7, 6.75, 9], "texture": "#texture"},
				"down": {"uv": [12.75, 9, 9.25, 7], "texture": "#texture"}
			}
		},
		{
			"from": [3.75, 5.75, 7.5],
			"to": [5, 9, 8.25],
			"rotation": {"angle": 0, "axis": "z", "origin": [4, 3, 0]},
			"faces": {
				"north": {"uv": [9.25, 6, 12.75, 7.25], "rotation": 90, "texture": "#texture"},
				"east": {"uv": [12.75, 9, 9.25, 7], "rotation": 270, "texture": "#texture"},
				"south": {"uv": [3.25, 6, 6.75, 7.25], "rotation": 270, "texture": "#texture"},
				"west": {"uv": [3.25, 7, 6.75, 9], "rotation": 270, "texture": "#texture"},
				"up": {"uv": [7, 6, 9, 7.25], "rotation": 270, "texture": "#texture"},
				"down": {"uv": [7, 6, 9, 7.25], "rotation": 270, "texture": "#texture"}
			}
		},
		{
			"from": [4, 5.75, 7.25],
			"to": [4.75, 9, 8.5],
			"rotation": {"angle": 0, "axis": "z", "origin": [4, 3, 0]},
			"faces": {
				"north": {"uv": [9.25, 6, 12.75, 7.25], "rotation": 90, "texture": "#texture"},
				"east": {"uv": [12.75, 9, 9.25, 7], "rotation": 270, "texture": "#texture"},
				"south": {"uv": [3.25, 6, 6.75, 7.25], "rotation": 270, "texture": "#texture"},
				"west": {"uv": [3.25, 7, 6.75, 9], "rotation": 270, "texture": "#texture"},
				"up": {"uv": [7, 6, 9, 7.25], "rotation": 270, "texture": "#texture"},
				"down": {"uv": [7, 6, 9, 7.25], "rotation": 270, "texture": "#texture"}
			}
		},
		{
			"from": [4, 9, 7.5],
			"to": [4.75, 9.5, 8.25],
			"rotation": {"angle": 0, "axis": "y", "origin": [4, 3, 0]},
			"faces": {
				"north": {"uv": [9.25, 6, 12.75, 7.25], "rotation": 90, "texture": "#texture"},
				"east": {"uv": [12.75, 9, 9.25, 7], "rotation": 270, "texture": "#texture"},
				"south": {"uv": [3.25, 6, 6.75, 7.25], "rotation": 270, "texture": "#texture"},
				"west": {"uv": [3.25, 7, 6.75, 9], "rotation": 270, "texture": "#texture"},
				"up": {"uv": [7, 6, 9, 7.25], "rotation": 270, "texture": "#texture"},
				"down": {"uv": [7, 6, 9, 7.25], "rotation": 270, "texture": "#texture"}
			}
		},
		{
			"from": [1, 12.05, 7.5],
			"to": [1.5, 12.55, 7.75],
			"rotation": {"angle": 0, "axis": "y", "origin": [4, 2.75, 0]},
			"faces": {
				"north": {"uv": [9.25, 6, 12.75, 7.25], "texture": "#texture"},
				"east": {"uv": [7, 6, 9, 7.25], "texture": "#texture"},
				"south": {"uv": [3.25, 6, 6.75, 7.25], "texture": "#texture"},
				"west": {"uv": [7, 6, 9, 7.25], "texture": "#texture"},
				"up": {"uv": [3.25, 7, 6.75, 9], "texture": "#texture"},
				"down": {"uv": [12.75, 9, 9.25, 7], "texture": "#texture"}
			}
		},
		{
			"from": [1, 12.55, 7.75],
			"to": [1.5, 12.8, 8.25],
			"rotation": {"angle": 0, "axis": "y", "origin": [4, 2.75, 0]},
			"faces": {
				"north": {"uv": [9.25, 6, 12.75, 7.25], "texture": "#texture"},
				"east": {"uv": [7, 6, 9, 7.25], "texture": "#texture"},
				"south": {"uv": [3.25, 6, 6.75, 7.25], "texture": "#texture"},
				"west": {"uv": [7, 6, 9, 7.25], "texture": "#texture"},
				"up": {"uv": [3.25, 7, 6.75, 9], "texture": "#texture"},
				"down": {"uv": [12.75, 9, 9.25, 7], "texture": "#texture"}
			}
		},
		{
			"from": [1, 11.8, 7.75],
			"to": [1.5, 12.05, 8.25],
			"rotation": {"angle": 0, "axis": "y", "origin": [4, 2.75, 0]},
			"faces": {
				"north": {"uv": [9.25, 6, 12.75, 7.25], "texture": "#texture"},
				"east": {"uv": [7, 6, 9, 7.25], "texture": "#texture"},
				"south": {"uv": [3.25, 6, 6.75, 7.25], "texture": "#texture"},
				"west": {"uv": [7, 6, 9, 7.25], "texture": "#texture"},
				"up": {"uv": [3.25, 7, 6.75, 9], "texture": "#texture"},
				"down": {"uv": [12.75, 9, 9.25, 7], "texture": "#texture"}
			}
		},
		{
			"from": [10.425, 9.8, 6.75],
			"to": [17.75, 10.325, 7],
			"rotation": {"angle": 0, "axis": "y", "origin": [4, 3, 0]},
			"faces": {
				"north": {"uv": [9.25, 6, 12.75, 7.25], "texture": "#texture"},
				"east": {"uv": [7, 6, 9, 7.25], "texture": "#texture"},
				"south": {"uv": [3.25, 6, 6.75, 7.25], "texture": "#texture"},
				"west": {"uv": [7, 6, 9, 7.25], "texture": "#texture"},
				"up": {"uv": [3.25, 7, 6.75, 9], "texture": "#texture"},
				"down": {"uv": [12.75, 9, 9.25, 7], "texture": "#texture"}
			}
		},
		{
			"from": [8.4, 8.1, 7.25],
			"to": [14.55, 9.75, 8.75],
			"rotation": {"angle": 0, "axis": "y", "origin": [4, 3, 0]},
			"faces": {
				"north": {"uv": [4.25, 5.25, 12.75, 7.25], "texture": "#texture"},
				"east": {"uv": [7.25, 5.25, 8.75, 7.25], "texture": "#texture"},
				"south": {"uv": [3.25, 5.25, 11.75, 7.25], "texture": "#texture"},
				"west": {"uv": [7.25, 5.25, 8.75, 7.25], "texture": "#texture"},
				"up": {"uv": [3.25, 7.25, 11.75, 8.75], "texture": "#texture"},
				"down": {"uv": [12.75, 8.75, 4.25, 7.25], "texture": "#texture"}
			}
		},
		{
			"from": [14.525, 8.7, 7.25],
			"to": [15.025, 10, 8.75],
			"rotation": {"angle": 0, "axis": "y", "origin": [4, 3, 0]},
			"faces": {
				"north": {"uv": [8.75, 6.25, 9.25, 7.25], "texture": "#texture"},
				"east": {"uv": [7, 6.25, 9, 7.25], "texture": "#texture"},
				"south": {"uv": [6.75, 6.25, 7.25, 7.25], "texture": "#texture"},
				"up": {"uv": [6.75, 7, 7.25, 9], "texture": "#texture"},
				"down": {"uv": [9.25, 9, 8.75, 7], "texture": "#texture"}
			}
		},
		{
			"from": [15.025, 9.25, 7.25],
			"to": [15.525, 10, 8.75],
			"rotation": {"angle": 0, "axis": "y", "origin": [4, 3, 0]},
			"faces": {
				"north": {"uv": [8.75, 6.25, 9.25, 7.25], "texture": "#texture"},
				"east": {"uv": [7, 6.25, 9, 7.25], "texture": "#texture"},
				"south": {"uv": [6.75, 6.25, 7.25, 7.25], "texture": "#texture"},
				"up": {"uv": [6.75, 7, 7.25, 9], "texture": "#texture"},
				"down": {"uv": [9.25, 9, 8.75, 7], "texture": "#texture"}
			}
		},
		{
			"from": [15.25, 0.4, 7.5],
			"to": [16.75, 4.15, 8.5],
			"rotation": {"angle": 22.5, "axis": "z", "origin": [4, -0.425, 0]},
			"faces": {
				"north": {"uv": [5.75, 7.25, 7.25, 11], "texture": "#texture"},
				"east": {"uv": [7.5, 7.25, 8.5, 11], "texture": "#texture"},
				"south": {"uv": [8.75, 7.25, 10.25, 11], "texture": "#texture"},
				"west": {"uv": [7.5, 7.25, 8.5, 11], "texture": "#texture"},
				"down": {"uv": [7.25, 8.5, 5.75, 7.5], "texture": "#texture"}
			}
		},
		{
			"from": [15.5, 0.4, 7.25],
			"to": [17, 4.025, 8.75],
			"rotation": {"angle": 22.5, "axis": "z", "origin": [4, -0.425, 0]},
			"faces": {
				"north": {"uv": [5.5, 8.25, 7, 11], "texture": "#texture"},
				"east": {"uv": [7.25, 8.25, 8.75, 11], "texture": "#texture"},
				"south": {"uv": [9, 8.25, 10.5, 11], "texture": "#texture"},
				"west": {"uv": [7.25, 8.25, 8.75, 11], "texture": "#texture"},
				"up": {"uv": [9, 7.25, 10.5, 8.75], "texture": "#texture"},
				"down": {"uv": [7, 8.75, 5.5, 7.25], "texture": "#texture"}
			}
		},
		{
			"from": [5.025, 3.825, 7.5],
			"to": [6.275, 9.925, 8.5],
			"rotation": {"angle": -22.5, "axis": "z", "origin": [4, -0.425, 0]},
			"faces": {
				"north": {"uv": [5.75, 11, 7, 14.25], "texture": "#texture"},
				"east": {"uv": [7.5, 11, 8.5, 14.25], "texture": "#texture"},
				"south": {"uv": [9, 11, 10.25, 14.25], "texture": "#texture"},
				"west": {"uv": [7.5, 11, 8.5, 14.25], "texture": "#texture"},
				"down": {"uv": [7, 8.5, 5.75, 7.5], "texture": "#texture"}
			}
		},
		{
			"from": [5.025, 3.825, 7.5],
			"to": [6.275, 9.925, 8.5],
			"rotation": {"angle": -22.5, "axis": "z", "origin": [4, -0.425, 0]},
			"faces": {
				"north": {"uv": [5.75, 11, 7, 14.25], "texture": "#texture"},
				"east": {"uv": [7.5, 11, 8.5, 14.25], "texture": "#texture"},
				"south": {"uv": [9, 11, 10.25, 14.25], "texture": "#texture"},
				"west": {"uv": [7.5, 11, 8.5, 14.25], "texture": "#texture"},
				"down": {"uv": [7, 8.5, 5.75, 7.5], "texture": "#texture"}
			}
		},
		{
			"from": [13.5, 3.3, 7.75],
			"to": [13.75, 4.875, 8.25],
			"rotation": {"angle": 22.5, "axis": "z", "origin": [4, -0.725, 0]},
			"faces": {
				"north": {"uv": [8.5, 7.25, 8.75, 8.5], "texture": "#texture"},
				"east": {"uv": [7.75, 7.25, 8.25, 8.5], "texture": "#texture"},
				"south": {"uv": [7.25, 7.25, 7.5, 8.5], "texture": "#texture"},
				"west": {"uv": [7.75, 7.25, 8.25, 8.5], "texture": "#texture"},
				"down": {"uv": [8.75, 8.25, 8.5, 7.75], "texture": "#texture"}
			}
		},
		{
			"from": [11.25, 6.625, 7.75],
			"to": [12.65, 6.875, 8.25],
			"rotation": {"angle": 0, "axis": "y", "origin": [4, -0.725, 0]},
			"faces": {
				"north": {"uv": [7.25, 8.5, 8.5, 8.75], "texture": "#texture"},
				"south": {"uv": [7.5, 8.5, 8.75, 8.75], "texture": "#texture"},
				"west": {"uv": [7.75, 8.5, 8.25, 8.75], "texture": "#texture"},
				"up": {"uv": [7.5, 7.75, 8.75, 8.25], "texture": "#texture"},
				"down": {"uv": [8.5, 8.25, 7.25, 7.75], "texture": "#texture"}
			}
		},
		{
			"from": [14.8, 2.75, 7.75],
			"to": [15.75, 3, 8.25],
			"rotation": {"angle": 22.5, "axis": "z", "origin": [4, -0.725, 0]},
			"faces": {
				"north": {"uv": [7.25, 8.5, 8.5, 8.75], "texture": "#texture"},
				"south": {"uv": [7.5, 8.5, 8.75, 8.75], "texture": "#texture"},
				"west": {"uv": [7.75, 8.5, 8.25, 8.75], "texture": "#texture"},
				"up": {"uv": [7.5, 7.75, 8.75, 8.25], "texture": "#texture"},
				"down": {"uv": [8.5, 8.25, 7.25, 7.75], "texture": "#texture"}
			}
		},
		{
			"from": [15.2, 0.375, 7.75],
			"to": [15.75, 0.625, 8.25],
			"rotation": {"angle": 22.5, "axis": "z", "origin": [4, -0.725, 0]},
			"faces": {
				"north": {"uv": [7.25, 8.5, 8.5, 8.75], "texture": "#texture"},
				"south": {"uv": [7.5, 8.5, 8.75, 8.75], "texture": "#texture"},
				"west": {"uv": [7.75, 8.5, 8.25, 8.75], "texture": "#texture"},
				"up": {"uv": [7.5, 7.75, 8.75, 8.25], "texture": "#texture"},
				"down": {"uv": [8.5, 8.25, 7.25, 7.75], "texture": "#texture"}
			}
		},
		{
			"from": [12.425, 7.025, 7.75],
			"to": [12.675, 8.275, 8.25],
			"rotation": {"angle": -22.5, "axis": "z", "origin": [12.5, 8.275, 7.75]},
			"faces": {
				"north": {"uv": [7.5, 7, 7.75, 8.25], "texture": "#texture"},
				"east": {"uv": [7.75, 7, 8.25, 8.25], "texture": "#texture"},
				"south": {"uv": [8.25, 7, 8.5, 8.25], "texture": "#texture"},
				"west": {"uv": [7.75, 7, 8.25, 8.25], "texture": "#texture"},
				"up": {"uv": [8.25, 7.75, 8.5, 8.25], "texture": "#texture"},
				"down": {"uv": [7.75, 8.25, 7.5, 7.75], "texture": "#texture"}
			}
		},
		{
			"from": [15.425, 7.025, 7.5],
			"to": [16.175, 7.525, 8.5],
			"rotation": {"angle": 22.5, "axis": "z", "origin": [3.925, 4.75, 0]},
			"faces": {
				"north": {"uv": [1.5, 4.75, 2.5, 5.25], "texture": "#texture"},
				"east": {"uv": [7.5, 4.75, 8.5, 5.25], "texture": "#texture"},
				"south": {"uv": [13.5, 4.75, 14.5, 5.25], "texture": "#texture"},
				"west": {"uv": [7.5, 4.75, 8.5, 5.25], "texture": "#texture"},
				"up": {"uv": [13.5, 7.5, 14.5, 8.5], "texture": "#texture"}
			}
		},
		{
			"from": [14.175, 11.5, 7.5],
			"to": [14.675, 12, 8.5],
			"rotation": {"angle": 0, "axis": "z", "origin": [3.925, 4.75, 0]},
			"faces": {
				"north": {"uv": [1.5, 4.75, 2.5, 5.25], "texture": "#texture"},
				"east": {"uv": [7.5, 4.75, 8.5, 5.25], "texture": "#texture"},
				"south": {"uv": [13.5, 4.75, 14.5, 5.25], "texture": "#texture"},
				"west": {"uv": [7.5, 4.75, 8.5, 5.25], "texture": "#texture"},
				"up": {"uv": [13.5, 7.5, 14.5, 8.5], "texture": "#texture"}
			}
		},
		{
			"from": [15.55, 7.5, 7.5],
			"to": [16.175, 8.05, 7.75],
			"rotation": {"angle": 22.5, "axis": "z", "origin": [3.925, 4.75, 0]},
			"faces": {
				"north": {"uv": [1.5, 4.25, 2.5, 4.75], "texture": "#texture"},
				"east": {"uv": [8.25, 4.25, 8.5, 4.75], "texture": "#texture"},
				"south": {"uv": [13.5, 4.25, 14.5, 4.75], "texture": "#texture"},
				"west": {"uv": [7.5, 4.25, 7.75, 4.75], "texture": "#texture"},
				"up": {"uv": [13.5, 7.5, 14.5, 7.75], "texture": "#texture"}
			}
		},
		{
			"from": [15.55, 7.525, 8.25],
			"to": [16.175, 8.075, 8.5],
			"rotation": {"angle": 22.5, "axis": "z", "origin": [3.925, 4.75, 0]},
			"faces": {
				"north": {"uv": [1.5, 4.25, 2.5, 4.75], "texture": "#texture"},
				"east": {"uv": [7.5, 4.25, 7.75, 4.75], "texture": "#texture"},
				"south": {"uv": [13.5, 4.25, 14.5, 4.75], "texture": "#texture"},
				"west": {"uv": [8.25, 4.25, 8.5, 4.75], "texture": "#texture"},
				"up": {"uv": [13.5, 8.25, 14.5, 8.5], "texture": "#texture"}
			}
		},
		{
			"from": [1, 11.25, 7.65],
			"to": [16.5, 11.8, 8.35],
			"rotation": {"angle": 0, "axis": "y", "origin": [-2, 1, 0]},
			"faces": {
				"north": {"uv": [11.25, 4.75, 12.5, 5.25], "texture": "#texture"},
				"east": {"uv": [7.5, 4.75, 8.5, 5.25], "texture": "#texture"},
				"south": {"uv": [3.5, 4.75, 4.75, 5.25], "texture": "#texture"},
				"west": {"uv": [7.5, 4.75, 8.5, 5.25], "texture": "#texture"},
				"up": {"uv": [3.5, 7.5, 4.75, 8.5], "texture": "#texture"}
			}
		}
	],
	"display": {
		"thirdperson_righthand": {
			"rotation": [0, -90, 0],
			"translation": [0, 0, -3.25],
			"scale": [0.93, 0.92, 0.88]
		},
		"thirdperson_lefthand": {
			"rotation": [0, 90, 0],
			"translation": [0, 0, -3.25],
			"scale": [0.93, 0.92, 0.88]
		},
		"firstperson_righthand": {
			"rotation": [47.07, -79.61, 24.79],
			"translation": [0, 3.5, -7.75]
		},
		"firstperson_lefthand": {
			"rotation": [-136.79, 78.54, 157.84],
			"translation": [2.25, 4.25, -9.25]
		},
		"ground": {
			"translation": [2.5, 2, 0],
			"scale": [1.04, 1.01, 0.96]
		},
		"gui": {
			"rotation": [0, 0, -45],
			"translation": [-0.25, -1.75, 0],
			"scale": [0.78, 0.77, 0.84]
		},
		"fixed": {
			"rotation": [0, 180, -45],
			"translation": [-2, -4.95, -1.1],
			"scale": [1.38, 1.36, 1.27]
		}
	}
}