{
	"credit": "Made by SrDarmith - YouTube: Mainclay",
	"textures": {
		"texture": "blocks/anvil 1"
	},
	"elements": [
		{
			"from": [3.5, 9.25, 7.5],
			"to": [5.5, 9.75, 7.75],
			"rotation": {"angle": 0, "axis": "y", "origin": [3, 0, 0]},
			"faces": {
				"north": {"uv": [13.5, 6.25, 15.5, 6.75], "texture": "#texture"},
				"south": {"uv": [0.5, 6.25, 2.5, 6.75], "texture": "#texture"},
				"west": {"uv": [7.5, 6.25, 7.75, 6.75], "texture": "#texture"},
				"up": {"uv": [0.5, 7.5, 2.5, 7.75], "texture": "#texture"},
				"down": {"uv": [15.5, 7.75, 13.5, 7.5], "texture": "#texture"}
			}
		},
		{
			"from": [3.5, 9.75, 7.75],
			"to": [5.5, 10, 8.25],
			"rotation": {"angle": 0, "axis": "y", "origin": [3, 0, 0]},
			"faces": {
				"north": {"uv": [13.5, 6, 15.5, 6.25], "texture": "#texture"},
				"south": {"uv": [0.5, 6, 2.5, 6.25], "texture": "#texture"},
				"west": {"uv": [7.75, 6, 8.25, 6.25], "texture": "#texture"},
				"up": {"uv": [0.5, 7.75, 2.5, 8.25], "texture": "#texture"},
				"down": {"uv": [15.5, 8.25, 13.5, 7.75], "texture": "#texture"}
			}
		},
		{
			"from": [3.5, 9, 7.75],
			"to": [5.5, 9.25, 8.25],
			"rotation": {"angle": 0, "axis": "y", "origin": [3, 0, 0]},
			"faces": {
				"north": {"uv": [13.5, 6.75, 15.5, 7], "texture": "#texture"},
				"south": {"uv": [0.5, 6.75, 2.5, 7], "texture": "#texture"},
				"west": {"uv": [7.75, 6.75, 8.25, 7], "texture": "#texture"},
				"up": {"uv": [0.5, 7.75, 2.5, 8.25], "texture": "#texture"},
				"down": {"uv": [15.5, 8.25, 13.5, 7.75], "texture": "#texture"}
			}
		},
		{
			"from": [3.5, 9.25, 8.25],
			"to": [5.5, 9.75, 8.5],
			"rotation": {"angle": 0, "axis": "y", "origin": [3, 0, 0]},
			"faces": {
				"north": {"uv": [13.5, 6.25, 15.5, 6.75], "texture": "#texture"},
				"south": {"uv": [0.5, 6.25, 2.5, 6.75], "texture": "#texture"},
				"west": {"uv": [8.25, 6.25, 8.5, 6.75], "texture": "#texture"},
				"up": {"uv": [0.5, 8.25, 2.5, 8.5], "texture": "#texture"},
				"down": {"uv": [15.5, 8.5, 13.5, 8.25], "texture": "#texture"}
			}
		},
		{
			"from": [5.5, 9, 7.5],
			"to": [6.25, 10, 8.5],
			"rotation": {"angle": 0, "axis": "y", "origin": [3, 0, 0]},
			"faces": {
				"north": {"uv": [12.75, 6, 13.5, 7], "texture": "#texture"},
				"south": {"uv": [2.5, 6, 3.25, 7], "texture": "#texture"},
				"west": {"uv": [7.5, 6, 8.5, 7], "texture": "#texture"},
				"up": {"uv": [2.5, 7.5, 3.25, 8.5], "texture": "#texture"},
				"down": {"uv": [13.5, 8.5, 12.75, 7.5], "texture": "#texture"}
			}
		},
		{
			"from": [6.25, 8.75, 7],
			"to": [9.75, 10, 9],
			"rotation": {"angle": 0, "axis": "y", "origin": [3, 0, 0]},
			"faces": {
				"north": {"uv": [9.25, 6, 12.75, 7.25], "texture": "#texture"},
				"east": {"uv": [7, 6, 9, 7.25], "texture": "#texture"},
				"south": {"uv": [3.25, 6, 6.75, 7.25], "texture": "#texture"},
				"west": {"uv": [7, 6, 9, 7.25], "texture": "#texture"},
				"up": {"uv": [3.25, 7, 6.75, 9], "texture": "#texture"},
				"down": {"uv": [12.75, 9, 9.25, 7], "texture": "#texture"}
			}
		},
		{
			"from": [6.5, 8.5, 7.25],
			"to": [11.75, 8.75, 8.75],
			"rotation": {"angle": 0, "axis": "y", "origin": [3, 0, 0]},
			"faces": {
				"north": {"uv": [8.75, 7.25, 12.5, 7.5], "texture": "#texture"},
				"east": {"uv": [7.25, 7.25, 8.75, 7.5], "texture": "#texture"},
				"south": {"uv": [3.5, 7.25, 7.25, 7.5], "texture": "#texture"},
				"west": {"uv": [7.25, 7.25, 8.75, 7.5], "texture": "#texture"},
				"down": {"uv": [12.5, 8.75, 8.75, 7.25], "texture": "#texture"}
			}
		},
		{
			"from": [6.25, 8.75, 7.25],
			"to": [14.75, 10.75, 8.75],
			"rotation": {"angle": 0, "axis": "y", "origin": [3, 0, 0]},
			"faces": {
				"north": {"uv": [4.25, 5.25, 12.75, 7.25], "texture": "#texture"},
				"east": {"uv": [7.25, 5.25, 8.75, 7.25], "texture": "#texture"},
				"south": {"uv": [3.25, 5.25, 11.75, 7.25], "texture": "#texture"},
				"west": {"uv": [7.25, 5.25, 8.75, 7.25], "texture": "#texture"},
				"up": {"uv": [3.25, 7.25, 11.75, 8.75], "texture": "#texture"},
				"down": {"uv": [12.75, 8.75, 4.25, 7.25], "texture": "#texture"}
			}
		},
		{
			"from": [9.75, 8.75, 7],
			"to": [10.25, 9.75, 9],
			"rotation": {"angle": 0, "axis": "y", "origin": [3, 0, 0]},
			"faces": {
				"north": {"uv": [8.75, 6.25, 9.25, 7.25], "texture": "#texture"},
				"east": {"uv": [7, 6.25, 9, 7.25], "texture": "#texture"},
				"south": {"uv": [6.75, 6.25, 7.25, 7.25], "texture": "#texture"},
				"up": {"uv": [6.75, 7, 7.25, 9], "texture": "#texture"},
				"down": {"uv": [9.25, 9, 8.75, 7], "texture": "#texture"}
			}
		},
		{
			"from": [11.75, 5, 7.5],
			"to": [13.25, 8.75, 8.5],
			"rotation": {"angle": 0, "axis": "y", "origin": [3, 0, 0]},
			"faces": {
				"north": {"uv": [5.75, 7.25, 7.25, 11], "texture": "#texture"},
				"east": {"uv": [7.5, 7.25, 8.5, 11], "texture": "#texture"},
				"south": {"uv": [8.75, 7.25, 10.25, 11], "texture": "#texture"},
				"west": {"uv": [7.5, 7.25, 8.5, 11], "texture": "#texture"},
				"down": {"uv": [7.25, 8.5, 5.75, 7.5], "texture": "#texture"}
			}
		},
		{
			"from": [12, 5, 7.25],
			"to": [13.5, 7.75, 8.75],
			"rotation": {"angle": 0, "axis": "y", "origin": [3, 0, 0]},
			"faces": {
				"north": {"uv": [5.5, 8.25, 7, 11], "texture": "#texture"},
				"east": {"uv": [7.25, 8.25, 8.75, 11], "texture": "#texture"},
				"south": {"uv": [9, 8.25, 10.5, 11], "texture": "#texture"},
				"west": {"uv": [7.25, 8.25, 8.75, 11], "texture": "#texture"},
				"up": {"uv": [9, 7.25, 10.5, 8.75], "texture": "#texture"},
				"down": {"uv": [7, 8.75, 5.5, 7.25], "texture": "#texture"}
			}
		},
		{
			"from": [13, 7.75, 7.25],
			"to": [13.5, 8.5, 8.75],
			"rotation": {"angle": 0, "axis": "y", "origin": [3, 0, 0]},
			"faces": {
				"north": {"uv": [5.5, 7.5, 6, 8.25], "texture": "#texture"},
				"east": {"uv": [7.25, 7.5, 8.75, 8.25], "texture": "#texture"},
				"south": {"uv": [10, 7.5, 10.5, 8.25], "texture": "#texture"},
				"west": {"uv": [7.25, 7.5, 8.75, 8.25], "texture": "#texture"},
				"up": {"uv": [10, 7.25, 10.5, 8.75], "texture": "#texture"}
			}
		},
		{
			"from": [13.5, 8.25, 7.25],
			"to": [14.25, 8.5, 8.75],
			"rotation": {"angle": 0, "axis": "y", "origin": [3, 0, 0]},
			"faces": {
				"north": {"uv": [4.75, 7.5, 5.5, 7.75], "texture": "#texture"},
				"east": {"uv": [7.25, 7.5, 8.75, 7.75], "texture": "#texture"},
				"south": {"uv": [10.5, 7.5, 11.25, 7.75], "texture": "#texture"},
				"up": {"uv": [10.5, 7.25, 11.25, 8.75], "texture": "#texture"},
				"down": {"uv": [5.5, 8.75, 4.75, 7.25], "texture": "#texture"}
			}
		},
		{
			"from": [13.5, 8, 7.25],
			"to": [13.75, 8.25, 8.75],
			"rotation": {"angle": 0, "axis": "y", "origin": [3, 0, 0]},
			"faces": {
				"north": {"uv": [5.25, 7.75, 5.5, 8], "texture": "#texture"},
				"east": {"uv": [7.25, 7.75, 8.75, 8], "texture": "#texture"},
				"south": {"uv": [10.5, 7.75, 10.75, 8], "texture": "#texture"},
				"down": {"uv": [5.5, 8.75, 5.25, 7.25], "texture": "#texture"}
			}
		},
		{
			"from": [13.25, 8.5, 7.5],
			"to": [14.25, 8.75, 8.5],
			"rotation": {"angle": 0, "axis": "y", "origin": [3, 0, 0]},
			"faces": {
				"north": {"uv": [4.75, 7.25, 5.75, 7.5], "texture": "#texture"},
				"east": {"uv": [7.5, 7.25, 8.5, 7.5], "texture": "#texture"},
				"south": {"uv": [10.25, 7.25, 11.25, 7.5], "texture": "#texture"},
				"down": {"uv": [5.75, 8.5, 4.75, 7.5], "texture": "#texture"}
			}
		},
		{
			"from": [13.5, 5.25, 7.5],
			"to": [13.75, 7.25, 8.5],
			"rotation": {"angle": 0, "axis": "y", "origin": [3, 0, 0]},
			"faces": {
				"north": {"uv": [5.25, 8.75, 5.5, 10.75], "texture": "#texture"},
				"east": {"uv": [7.5, 8.75, 8.5, 10.75], "texture": "#texture"},
				"south": {"uv": [10.5, 8.75, 10.75, 10.75], "texture": "#texture"},
				"up": {"uv": [10.5, 7.5, 10.75, 8.5], "texture": "#texture"},
				"down": {"uv": [5.5, 8.5, 5.25, 7.5], "texture": "#texture"}
			}
		},
		{
			"from": [12, 1.75, 7.5],
			"to": [13.25, 5, 8.5],
			"rotation": {"angle": 0, "axis": "y", "origin": [3, 0, 0]},
			"faces": {
				"north": {"uv": [5.75, 11, 7, 14.25], "texture": "#texture"},
				"east": {"uv": [7.5, 11, 8.5, 14.25], "texture": "#texture"},
				"south": {"uv": [9, 11, 10.25, 14.25], "texture": "#texture"},
				"west": {"uv": [7.5, 11, 8.5, 14.25], "texture": "#texture"},
				"down": {"uv": [7, 8.5, 5.75, 7.5], "texture": "#texture"}
			}
		},
		{
			"from": [14.75, 9.5, 7.25],
			"to": [17.75, 10.75, 8.75],
			"rotation": {"angle": 0, "axis": "y", "origin": [3, 0, 0]},
			"faces": {
				"north": {"uv": [1.25, 5.25, 4.25, 6.5], "texture": "#texture"},
				"east": {"uv": [7.25, 5.25, 8.75, 6.5], "texture": "#texture"},
				"south": {"uv": [11.75, 5.25, 14.75, 6.5], "texture": "#texture"},
				"up": {"uv": [11.75, 7.25, 14.75, 8.75], "texture": "#texture"},
				"down": {"uv": [4.25, 8.75, 1.25, 7.25], "texture": "#texture"}
			}
		},
		{
			"from": [10.25, 7.2, 7.75],
			"to": [10.5, 8.5, 8.25],
			"rotation": {"angle": 0, "axis": "y", "origin": [3, -0.3, 0]},
			"faces": {
				"north": {"uv": [8.5, 7.25, 8.75, 8.5], "texture": "#texture"},
				"east": {"uv": [7.75, 7.25, 8.25, 8.5], "texture": "#texture"},
				"south": {"uv": [7.25, 7.25, 7.5, 8.5], "texture": "#texture"},
				"west": {"uv": [7.75, 7.25, 8.25, 8.5], "texture": "#texture"},
				"down": {"uv": [8.75, 8.25, 8.5, 7.75], "texture": "#texture"}
			}
		},
		{
			"from": [10.5, 7.2, 7.75],
			"to": [10.75, 7.45, 8.25],
			"rotation": {"angle": 0, "axis": "y", "origin": [3, -0.3, 0]},
			"faces": {
				"north": {"uv": [8.25, 8.25, 8.5, 8.5], "texture": "#texture"},
				"east": {"uv": [7.75, 8.25, 8.25, 8.5], "texture": "#texture"},
				"south": {"uv": [7.5, 8.25, 7.75, 8.5], "texture": "#texture"},
				"up": {"uv": [7.5, 7.75, 7.75, 8.25], "texture": "#texture"}
			}
		},
		{
			"from": [10.5, 6.95, 7.75],
			"to": [11.75, 7.2, 8.25],
			"rotation": {"angle": 0, "axis": "y", "origin": [3, -0.3, 0]},
			"faces": {
				"north": {"uv": [7.25, 8.5, 8.5, 8.75], "texture": "#texture"},
				"south": {"uv": [7.5, 8.5, 8.75, 8.75], "texture": "#texture"},
				"west": {"uv": [7.75, 8.5, 8.25, 8.75], "texture": "#texture"},
				"up": {"uv": [7.5, 7.75, 8.75, 8.25], "texture": "#texture"},
				"down": {"uv": [8.5, 8.25, 7.25, 7.75], "texture": "#texture"}
			}
		},
		{
			"from": [11.5, 7.45, 7.75],
			"to": [11.75, 8.7, 8.25],
			"rotation": {"angle": -22.5, "axis": "z", "origin": [11.5, 8.7, 7.75]},
			"faces": {
				"north": {"uv": [7.5, 7, 7.75, 8.25], "texture": "#texture"},
				"east": {"uv": [7.75, 7, 8.25, 8.25], "texture": "#texture"},
				"south": {"uv": [8.25, 7, 8.5, 8.25], "texture": "#texture"},
				"west": {"uv": [7.75, 7, 8.25, 8.25], "texture": "#texture"},
				"up": {"uv": [8.25, 7.75, 8.5, 8.25], "texture": "#texture"},
				"down": {"uv": [7.75, 8.25, 7.5, 7.75], "texture": "#texture"}
			}
		},
		{
			"from": [8, 10.75, 7.25],
			"to": [15, 11, 8.75],
			"rotation": {"angle": 0, "axis": "y", "origin": [3, 0, 0]},
			"faces": {
				"north": {"uv": [4, 5, 11, 5.25], "texture": "#texture"},
				"east": {"uv": [7.25, 5, 8.75, 5.25], "texture": "#texture"},
				"south": {"uv": [5, 5, 12, 5.25], "texture": "#texture"},
				"west": {"uv": [7.25, 5, 8.75, 5.25], "texture": "#texture"},
				"up": {"uv": [5, 7.25, 12, 8.75], "texture": "#texture"},
				"down": {"uv": [11, 8.75, 4, 7.25], "texture": "#texture"}
			}
		},
		{
			"from": [16.5, 10.75, 7.5],
			"to": [17.5, 11.25, 8.5],
			"rotation": {"angle": 0, "axis": "y", "origin": [3, 0, 0]},
			"faces": {
				"north": {"uv": [1.5, 4.75, 2.5, 5.25], "texture": "#texture"},
				"east": {"uv": [7.5, 4.75, 8.5, 5.25], "texture": "#texture"},
				"south": {"uv": [13.5, 4.75, 14.5, 5.25], "texture": "#texture"},
				"west": {"uv": [7.5, 4.75, 8.5, 5.25], "texture": "#texture"},
				"up": {"uv": [13.5, 7.5, 14.5, 8.5], "texture": "#texture"}
			}
		},
		{
			"from": [16.5, 11.25, 7.5],
			"to": [17.5, 11.55, 7.75],
			"rotation": {"angle": 0, "axis": "y", "origin": [3, 0, 0]},
			"faces": {
				"north": {"uv": [1.5, 4.25, 2.5, 4.75], "texture": "#texture"},
				"east": {"uv": [8.25, 4.25, 8.5, 4.75], "texture": "#texture"},
				"south": {"uv": [13.5, 4.25, 14.5, 4.75], "texture": "#texture"},
				"west": {"uv": [7.5, 4.25, 7.75, 4.75], "texture": "#texture"},
				"up": {"uv": [13.5, 7.5, 14.5, 7.75], "texture": "#texture"}
			}
		},
		{
			"from": [16.5, 11.25, 8.25],
			"to": [17.5, 11.55, 8.5],
			"rotation": {"angle": 0, "axis": "y", "origin": [3, 0, 0]},
			"faces": {
				"north": {"uv": [1.5, 4.25, 2.5, 4.75], "texture": "#texture"},
				"east": {"uv": [7.5, 4.25, 7.75, 4.75], "texture": "#texture"},
				"south": {"uv": [13.5, 4.25, 14.5, 4.75], "texture": "#texture"},
				"west": {"uv": [8.25, 4.25, 8.5, 4.75], "texture": "#texture"},
				"up": {"uv": [13.5, 8.25, 14.5, 8.5], "texture": "#texture"}
			}
		},
		{
			"from": [13.5, 7, 7.75],
			"to": [14, 8.25, 8.25],
			"rotation": {"angle": 0, "axis": "y", "origin": [3, 0, 0]},
			"faces": {
				"north": {"uv": [5, 7.75, 5.5, 9], "texture": "#texture"},
				"east": {"uv": [7.75, 7.75, 8.25, 9], "texture": "#texture"},
				"south": {"uv": [10.5, 7.75, 11, 9], "texture": "#texture"},
				"west": {"uv": [7.75, 7.75, 8.25, 9], "texture": "#texture"},
				"down": {"uv": [5.5, 8.25, 5, 7.75], "texture": "#texture"}
			}
		},
		{
			"from": [6.5, 10.75, 7.5],
			"to": [7.75, 11.25, 8.5],
			"rotation": {"angle": 0, "axis": "y", "origin": [3, 0, 0]},
			"faces": {
				"north": {"uv": [11.25, 4.75, 12.5, 5.25], "texture": "#texture"},
				"east": {"uv": [7.5, 4.75, 8.5, 5.25], "texture": "#texture"},
				"south": {"uv": [3.5, 4.75, 4.75, 5.25], "texture": "#texture"},
				"west": {"uv": [7.5, 4.75, 8.5, 5.25], "texture": "#texture"},
				"up": {"uv": [3.5, 7.5, 4.75, 8.5], "texture": "#texture"}
			}
		},
		{
			"from": [7, 11, 7.5],
			"to": [7.75, 11.5, 7.75],
			"rotation": {"angle": -22.5, "axis": "z", "origin": [7, 11.5, 7.5]},
			"faces": {
				"north": {"uv": [11.5, 4, 12.5, 4.75], "texture": "#texture"},
				"east": {"uv": [7.5, 4, 8.5, 4.75], "texture": "#texture"},
				"south": {"uv": [3.5, 4, 4.5, 4.75], "texture": "#texture"},
				"west": {"uv": [7.5, 4, 8.5, 4.75], "texture": "#texture"},
				"up": {"uv": [3.5, 7.5, 4.5, 8.5], "texture": "#texture"},
				"down": {"uv": [12.5, 8.5, 11.5, 7.5], "texture": "#texture"}
			}
		},
		{
			"from": [6.5, 11.25, 7.925],
			"to": [7, 11.5, 8.075],
			"rotation": {"angle": 0, "axis": "z", "origin": [7, 11.5, 7.5]},
			"faces": {
				"north": {"uv": [11.5, 4, 12.5, 4.75], "rotation": 270, "texture": "#texture"},
				"east": {"uv": [3.5, 7.5, 4.5, 8.5], "rotation": 90, "texture": "#texture"},
				"south": {"uv": [3.5, 4, 4.5, 4.75], "rotation": 90, "texture": "#texture"},
				"west": {"uv": [12.5, 8.5, 11.5, 7.5], "rotation": 90, "texture": "#texture"},
				"up": {"uv": [7.5, 4, 8.5, 4.75], "rotation": 90, "texture": "#texture"},
				"down": {"uv": [7.5, 4, 8.5, 4.75], "rotation": 90, "texture": "#texture"}
			}
		},
		{
			"from": [6.5, 11.25, 7.5],
			"to": [7, 11.5, 7.75],
			"rotation": {"angle": 0, "axis": "y", "origin": [3, 0, 0]},
			"faces": {
				"north": {"uv": [12, 4.5, 12.5, 4.75], "texture": "#texture"},
				"south": {"uv": [3.5, 4.5, 4, 4.75], "texture": "#texture"},
				"west": {"uv": [7.5, 4.5, 7.75, 4.75], "texture": "#texture"},
				"up": {"uv": [3.5, 7.5, 4, 7.75], "texture": "#texture"}
			}
		},
		{
			"from": [6.94134, 11, 8.25],
			"to": [7.69134, 11.5, 8.5],
			"rotation": {"angle": -22.5, "axis": "z", "origin": [6.94134, 11.5, 8.25]},
			"faces": {
				"north": {"uv": [11.5, 4, 12.5, 4.75], "texture": "#texture"},
				"east": {"uv": [7.5, 4, 8.5, 4.75], "texture": "#texture"},
				"south": {"uv": [3.5, 4, 4.5, 4.75], "texture": "#texture"},
				"west": {"uv": [7.5, 4, 8.5, 4.75], "texture": "#texture"},
				"up": {"uv": [3.5, 7.5, 4.5, 8.5], "texture": "#texture"},
				"down": {"uv": [12.5, 8.5, 11.5, 7.5], "texture": "#texture"}
			}
		},
		{
			"from": [6.5, 11.25, 8.25],
			"to": [7, 11.5, 8.5],
			"rotation": {"angle": 0, "axis": "y", "origin": [3, 0, 0]},
			"faces": {
				"north": {"uv": [12, 4.5, 12.5, 4.75], "texture": "#texture"},
				"south": {"uv": [3.5, 4.5, 4, 4.75], "texture": "#texture"},
				"west": {"uv": [8.25, 4.5, 8.5, 4.75], "texture": "#texture"},
				"up": {"uv": [3.5, 8.25, 4, 8.5], "texture": "#texture"}
			}
		},
		{
			"from": [14.75, 8.75, 7.5],
			"to": [18, 9.5, 8.5],
			"rotation": {"angle": 0, "axis": "y", "origin": [3, 0, 0]},
			"faces": {
				"north": {"uv": [1, 6.5, 4.25, 7.25], "texture": "#texture"},
				"east": {"uv": [7.5, 6.5, 8.5, 7.25], "texture": "#texture"},
				"south": {"uv": [11.75, 6.5, 15, 7.25], "texture": "#texture"},
				"up": {"uv": [11.75, 7.5, 15, 8.5], "texture": "#texture"},
				"down": {"uv": [4.25, 8.5, 1, 7.5], "texture": "#texture"}
			}
		},
		{
			"from": [17.5, 6.25, 7.5],
			"to": [18, 8.75, 8.5],
			"rotation": {"angle": 0, "axis": "y", "origin": [3, 0, 0]},
			"faces": {
				"north": {"uv": [1, 7.25, 1.5, 9.75], "texture": "#texture"},
				"east": {"uv": [7.5, 7.25, 8.5, 9.75], "texture": "#texture"},
				"south": {"uv": [14.5, 7.25, 15, 9.75], "texture": "#texture"},
				"west": {"uv": [7.5, 7.25, 8.5, 9.75], "texture": "#texture"},
				"down": {"uv": [1.5, 8.5, 1, 7.5], "texture": "#texture"}
			}
		},
		{
			"from": [16.925, 6.5, 7.5],
			"to": [17.175, 7.9, 8.5],
			"rotation": {"angle": 22.5, "axis": "z", "origin": [17, 8, 7.5]},
			"faces": {
				"north": {"uv": [14, 7.5, 15.25, 7.75], "texture": "#texture"},
				"east": {"uv": [7.5, 7.5, 8.5, 7.75], "texture": "#texture"},
				"south": {"uv": [14, 7.5, 15.25, 7.75], "texture": "#texture"},
				"west": {"uv": [7.5, 7.5, 8.5, 7.75], "texture": "#texture"},
				"up": {"uv": [14, 7.5, 15.25, 8.5], "texture": "#texture"},
				"down": {"uv": [14, 7.5, 15.25, 8.5], "texture": "#texture"}
			}
		},
		{
			"from": [15.5, 8.75, 7.5],
			"to": [16.75, 9, 8.5],
			"rotation": {"angle": -22.5, "axis": "z", "origin": [15.5, 9, 7.5]},
			"faces": {
				"north": {"uv": [12.75, 7, 14, 7.25], "texture": "#texture"},
				"east": {"uv": [7.5, 7, 8.5, 7.25], "texture": "#texture"},
				"south": {"uv": [12.75, 7, 14, 7.25], "texture": "#texture"},
				"west": {"uv": [7.5, 7, 8.5, 7.25], "texture": "#texture"},
				"up": {"uv": [12.75, 7.5, 14, 8.5], "texture": "#texture"},
				"down": {"uv": [12.75, 7.5, 14, 8.5], "texture": "#texture"}
			}
		},
		{
			"from": [16.675, 8.2, 7.5],
			"to": [17.425, 8.45, 8.5],
			"rotation": {"angle": -45, "axis": "z", "origin": [16.75, 8.5, 7.5]},
			"faces": {
				"north": {"uv": [13.75, 7.5, 14.5, 7.75], "texture": "#texture"},
				"south": {"uv": [13.75, 7.5, 14.5, 7.75], "texture": "#texture"},
				"west": {"uv": [7.5, 7.5, 8.5, 7.75], "texture": "#texture"},
				"up": {"uv": [13.75, 7.5, 14.5, 8.5], "texture": "#texture"},
				"down": {"uv": [13.75, 7.5, 14.5, 8.5], "texture": "#texture"}
			}
		},
		{
			"from": [17.75, 9.5, 7.5],
			"to": [18, 10, 8.5],
			"rotation": {"angle": 0, "axis": "y", "origin": [3, 0, 0]},
			"faces": {
				"north": {"uv": [1, 6, 1.25, 6.5], "texture": "#texture"},
				"east": {"uv": [7.5, 6, 8.5, 6.5], "texture": "#texture"},
				"south": {"uv": [14.75, 6, 15, 6.5], "texture": "#texture"},
				"up": {"uv": [14.75, 7.5, 15, 8.5], "texture": "#texture"}
			}
		}
	],
	"display": {
		"thirdperson_righthand": {
			"rotation": [0, -90, 0],
			"translation": [0, -0.25, -2.75],
			"scale": [0.92, 0.92, 0.92]
		},
		"thirdperson_lefthand": {
			"rotation": [0, 90, 0],
			"translation": [0, -0.25, -2.75],
			"scale": [0.92, 0.92, 0.92]
		},
		"firstperson_righthand": {
			"rotation": [47.07, -79.61, 24.79],
			"translation": [0, 3.5, -7.75]
		},
		"firstperson_lefthand": {
			"rotation": [-136.79, 78.54, 157.84],
			"translation": [2.25, 4.25, -9.25]
		},
		"ground": {
			"translation": [0, 2, 0],
			"scale": [1.15, 1.15, 1.15]
		},
		"gui": {
			"rotation": [0, 0, -45],
			"translation": [-2.5, 1.75, 0],
			"scale": [0.95, 0.95, 0.95]
		},
		"fixed": {
			"rotation": [0, 180, -45],
			"translation": [1, -0.45, -1.1],
			"scale": [1.45, 1.43, 1.45]
		}
	}
}