{
	"credit": "Made by SrDarmith - YouTube: Mainclay",
	"textures": {
		"particle": "blocks/anvil 1",
		"texture": "blocks/anvil 1"
	},
	"elements": [
		{
			"from": [3, 8.75, 7.75],
			"to": [4.75, 9, 8.25],
			"rotation": {"angle": 0, "axis": "y", "origin": [3, 0, 0]},
			"faces": {
				"north": {"uv": [14.25, 7, 16, 7.25], "texture": "#texture"},
				"south": {"uv": [0, 7, 1.75, 7.25], "texture": "#texture"},
				"west": {"uv": [7.75, 7, 8.25, 7.25], "texture": "#texture", "cullface": "west"},
				"up": {"uv": [0, 7.75, 1.75, 8.25], "texture": "#texture"},
				"down": {"uv": [16, 8.25, 14.25, 7.75], "texture": "#texture"}
			}
		},
		{
			"from": [3, 8.25, 7.5],
			"to": [4.75, 8.75, 7.75],
			"rotation": {"angle": 0, "axis": "y", "origin": [3, 0, 0]},
			"faces": {
				"north": {"uv": [14.25, 7.25, 16, 7.75], "texture": "#texture"},
				"south": {"uv": [0, 7.25, 1.75, 7.75], "texture": "#texture"},
				"west": {"uv": [7.5, 7.25, 7.75, 7.75], "texture": "#texture", "cullface": "west"},
				"up": {"uv": [0, 7.5, 1.75, 7.75], "texture": "#texture"},
				"down": {"uv": [16, 7.75, 14.25, 7.5], "texture": "#texture"}
			}
		},
		{
			"from": [3, 8, 7.75],
			"to": [4.75, 8.25, 8.25],
			"rotation": {"angle": 0, "axis": "y", "origin": [3, 0, 0]},
			"faces": {
				"north": {"uv": [14.25, 7.75, 16, 8], "texture": "#texture"},
				"south": {"uv": [0, 7.75, 1.75, 8], "texture": "#texture"},
				"west": {"uv": [7.75, 7.75, 8.25, 8], "texture": "#texture", "cullface": "west"},
				"up": {"uv": [0, 7.75, 1.75, 8.25], "texture": "#texture"},
				"down": {"uv": [16, 8.25, 14.25, 7.75], "texture": "#texture"}
			}
		},
		{
			"from": [3, 8.25, 8.25],
			"to": [4.75, 8.75, 8.5],
			"rotation": {"angle": 0, "axis": "y", "origin": [3, 0, 0]},
			"faces": {
				"north": {"uv": [14.25, 7.25, 16, 7.75], "texture": "#texture"},
				"south": {"uv": [0, 7.25, 1.75, 7.75], "texture": "#texture"},
				"west": {"uv": [8.25, 7.25, 8.5, 7.75], "texture": "#texture", "cullface": "west"},
				"up": {"uv": [0, 8.25, 1.75, 8.5], "texture": "#texture"},
				"down": {"uv": [16, 8.5, 14.25, 8.25], "texture": "#texture"}
			}
		},
		{
			"from": [4.75, 9, 7.25],
			"to": [17.25, 10.25, 8.75],
			"rotation": {"angle": 0, "axis": "y", "origin": [3, 0, 0]},
			"faces": {
				"north": {"uv": [1.75, 5.75, 14.25, 7], "texture": "#texture"},
				"east": {"uv": [7.25, 5.75, 8.75, 7], "texture": "#texture"},
				"south": {"uv": [1.75, 5.75, 14.25, 7], "texture": "#texture"},
				"west": {"uv": [7.25, 5.75, 8.75, 7], "texture": "#texture"},
				"up": {"uv": [1.75, 7.25, 14.25, 8.75], "texture": "#texture"},
				"down": {"uv": [14.25, 8.75, 1.75, 7.25], "texture": "#texture"}
			}
		},
		{
			"from": [4.75, 7.75, 7.25],
			"to": [12, 9, 8.75],
			"rotation": {"angle": 0, "axis": "y", "origin": [3, 0, 0]},
			"faces": {
				"north": {"uv": [7, 7, 14.25, 8.25], "texture": "#texture"},
				"east": {"uv": [7.25, 7, 8.75, 8.25], "texture": "#texture"},
				"south": {"uv": [1.75, 7, 9, 8.25], "texture": "#texture"},
				"west": {"uv": [7.25, 7, 8.75, 8.25], "texture": "#texture"},
				"down": {"uv": [14.25, 8.75, 7, 7.25], "texture": "#texture"}
			}
		},
		{
			"from": [14, 7.75, 7.5],
			"to": [15.5, 9, 8.5],
			"rotation": {"angle": 0, "axis": "y", "origin": [3, 0, 0]},
			"faces": {
				"north": {"uv": [3.5, 7, 5, 8.25], "texture": "#texture"},
				"east": {"uv": [7.5, 7, 8.5, 8.25], "texture": "#texture"},
				"south": {"uv": [11, 7, 12.5, 8.25], "texture": "#texture"},
				"west": {"uv": [7.5, 7, 8.5, 8.25], "texture": "#texture"},
				"down": {"uv": [5, 8.5, 3.5, 7.5], "texture": "#texture"}
			}
		},
		{
			"from": [7.25, 6.75, 7.25],
			"to": [12.25, 7.75, 8.75],
			"rotation": {"angle": 0, "axis": "y", "origin": [3, 0, 0]},
			"faces": {
				"north": {"uv": [6.75, 8.25, 11.75, 9.25], "texture": "#texture"},
				"east": {"uv": [7.25, 8.25, 8.75, 9.25], "texture": "#texture"},
				"south": {"uv": [4.25, 8.25, 9.25, 9.25], "texture": "#texture"},
				"west": {"uv": [7.25, 8.25, 8.75, 9.25], "texture": "#texture"},
				"up": {"uv": [4.25, 7.25, 9.25, 8.75], "texture": "#texture"},
				"down": {"uv": [11.75, 8.75, 6.75, 7.25], "texture": "#texture"}
			}
		},
		{
			"from": [7.5, 5.75, 7.25],
			"to": [12.5, 6.75, 8.75],
			"rotation": {"angle": 0, "axis": "y", "origin": [3, 0, 0]},
			"faces": {
				"north": {"uv": [6.5, 9.25, 11.5, 10.25], "texture": "#texture"},
				"east": {"uv": [7.25, 9.25, 8.75, 10.25], "texture": "#texture"},
				"south": {"uv": [4.5, 9.25, 9.5, 10.25], "texture": "#texture"},
				"west": {"uv": [7.25, 9.25, 8.75, 10.25], "texture": "#texture"},
				"up": {"uv": [4.5, 7.25, 9.5, 8.75], "texture": "#texture"},
				"down": {"uv": [11.5, 8.75, 6.5, 7.25], "texture": "#texture"}
			}
		},
		{
			"from": [7.75, 4.75, 7.25],
			"to": [12.75, 5.75, 8.75],
			"rotation": {"angle": 0, "axis": "y", "origin": [3, 0, 0]},
			"faces": {
				"north": {"uv": [6.25, 10.25, 11.25, 11.25], "texture": "#texture"},
				"east": {"uv": [7.25, 10.25, 8.75, 11.25], "texture": "#texture"},
				"south": {"uv": [4.75, 10.25, 9.75, 11.25], "texture": "#texture"},
				"west": {"uv": [7.25, 10.25, 8.75, 11.25], "texture": "#texture"},
				"up": {"uv": [4.75, 7.25, 9.75, 8.75], "texture": "#texture"},
				"down": {"uv": [11.25, 8.75, 6.25, 7.25], "texture": "#texture"}
			}
		},
		{
			"from": [14.25, 6.75, 7.5],
			"to": [15.75, 7.75, 8.5],
			"rotation": {"angle": 0, "axis": "y", "origin": [3, 0, 0]},
			"faces": {
				"north": {"uv": [3.25, 8.25, 4.75, 9.25], "texture": "#texture"},
				"east": {"uv": [7.5, 8.25, 8.5, 9.25], "texture": "#texture"},
				"south": {"uv": [11.25, 8.25, 12.75, 9.25], "texture": "#texture"},
				"west": {"uv": [7.5, 8.25, 8.5, 9.25], "texture": "#texture"},
				"up": {"uv": [11.25, 7.5, 12.75, 8.5], "texture": "#texture"},
				"down": {"uv": [4.75, 8.5, 3.25, 7.5], "texture": "#texture"}
			}
		},
		{
			"from": [14.5, 6.25, 7.5],
			"to": [16, 6.75, 8.5],
			"rotation": {"angle": 0, "axis": "y", "origin": [3, 0, 0]},
			"faces": {
				"north": {"uv": [3, 9.25, 4.5, 9.75], "texture": "#texture"},
				"east": {"uv": [7.5, 9.25, 8.5, 9.75], "texture": "#texture"},
				"south": {"uv": [11.5, 9.25, 13, 9.75], "texture": "#texture"},
				"west": {"uv": [7.5, 9.25, 8.5, 9.75], "texture": "#texture"},
				"up": {"uv": [11.5, 7.5, 13, 8.5], "texture": "#texture"},
				"down": {"uv": [4.5, 8.5, 3, 7.5], "texture": "#texture"}
			}
		},
		{
			"from": [12.5, 4.75, 7.5],
			"to": [16.25, 5, 8.5],
			"rotation": {"angle": 22.5, "axis": "z", "origin": [12.5, 5, 7.5]},
			"faces": {
				"north": {"uv": [9.5, 11, 13.25, 11.25], "texture": "#texture"},
				"east": {"uv": [7.5, 11, 8.5, 11.25], "texture": "#texture"},
				"south": {"uv": [9.5, 11, 13.25, 11.25], "texture": "#texture"},
				"west": {"uv": [7.5, 11, 8.5, 11.25], "texture": "#texture"},
				"up": {"uv": [9.5, 7.5, 13.25, 8.5], "texture": "#texture"},
				"down": {"uv": [9.5, 7.5, 13.25, 8.5], "texture": "#texture"}
			}
		},
		{
			"from": [14.5, 6, 7.5],
			"to": [15.5, 6.25, 8.5],
			"rotation": {"angle": 0, "axis": "y", "origin": [3, 0, 0]},
			"faces": {
				"north": {"uv": [3.5, 9.75, 4.5, 10], "texture": "#texture"},
				"east": {"uv": [7.5, 9.75, 8.5, 10], "texture": "#texture"},
				"south": {"uv": [11.5, 9.75, 12.5, 10], "texture": "#texture"},
				"west": {"uv": [7.5, 9.75, 8.5, 10], "texture": "#texture"},
				"down": {"uv": [4.5, 8.5, 3.5, 7.5], "texture": "#texture"}
			}
		},
		{
			"from": [14.5, 5.75, 7.5],
			"to": [15, 6, 8.5],
			"rotation": {"angle": 0, "axis": "y", "origin": [3, 0, 0]},
			"faces": {
				"north": {"uv": [4, 10, 4.5, 10.25], "texture": "#texture"},
				"east": {"uv": [7.5, 10, 8.5, 10.25], "texture": "#texture"},
				"south": {"uv": [11.5, 10, 12, 10.25], "texture": "#texture"},
				"west": {"uv": [7.5, 10, 8.5, 10.25], "texture": "#texture"},
				"down": {"uv": [4.5, 8.5, 4, 7.5], "texture": "#texture"}
			}
		},
		{
			"from": [13.125, 7.5, 7.5],
			"to": [14.375, 7.75, 8.5],
			"rotation": {"angle": 22.5, "axis": "z", "origin": [13.125, 7.75, 7.5]},
			"faces": {
				"north": {"uv": [7.75, 0, 8.5, 0.25], "texture": "#texture"},
				"east": {"uv": [7.5, 0, 8.5, 0.25], "texture": "#texture"},
				"south": {"uv": [7.5, 0, 8.25, 0.25], "texture": "#texture"},
				"west": {"uv": [7.5, 0, 8.5, 0.25], "texture": "#texture"},
				"up": {"uv": [7.5, 7.5, 8.25, 8.5], "texture": "#texture"},
				"down": {"uv": [8.5, 8.5, 7.75, 7.5], "texture": "#texture"}
			}
		},
		{
			"from": [12.25, 7.5, 7.5],
			"to": [13.25, 7.75, 8.5],
			"rotation": {"angle": 0, "axis": "y", "origin": [3, 0, 0]},
			"faces": {
				"north": {"uv": [5.75, 8.25, 6.75, 8.5], "texture": "#texture"},
				"east": {"uv": [7.5, 8.25, 8.5, 8.5], "texture": "#texture"},
				"south": {"uv": [9.25, 8.25, 10.25, 8.5], "texture": "#texture"},
				"up": {"uv": [9.25, 7.5, 10.25, 8.5], "texture": "#texture"},
				"down": {"uv": [6.75, 8.5, 5.75, 7.5], "texture": "#texture"}
			}
		},
		{
			"from": [13.5, 8, 7.75],
			"to": [13.75, 9.25, 8.25],
			"rotation": {"angle": -22.5, "axis": "z", "origin": [13.5, 9.25, 7.75]},
			"faces": {
				"north": {"uv": [5.5, 1.75, 5.75, 3], "texture": "#texture"},
				"east": {"uv": [7.75, 1.75, 8.25, 3], "texture": "#texture"},
				"south": {"uv": [10.25, 1.75, 10.5, 3], "texture": "#texture"},
				"west": {"uv": [7.75, 1.75, 8.25, 3], "texture": "#texture"},
				"up": {"uv": [10.25, 7.75, 10.5, 8.25], "texture": "#texture"},
				"down": {"uv": [5.75, 8.25, 5.5, 7.75], "texture": "#texture"}
			}
		},
		{
			"from": [8.25, 3.75, 7.5],
			"to": [9.75, 4.75, 8.5],
			"rotation": {"angle": 0, "axis": "y", "origin": [3, 0, 0]},
			"faces": {
				"north": {"uv": [9.25, 11.25, 10.75, 12.25], "texture": "#texture"},
				"east": {"uv": [7.5, 11.25, 8.5, 12.25], "texture": "#texture"},
				"south": {"uv": [5.25, 11.25, 6.75, 12.25], "texture": "#texture"},
				"west": {"uv": [7.5, 11.25, 8.5, 12.25], "texture": "#texture"},
				"down": {"uv": [10.75, 8.5, 9.25, 7.5], "texture": "#texture"}
			}
		},
		{
			"from": [8.5, 2.75, 7.5],
			"to": [10, 3.75, 8.5],
			"rotation": {"angle": 0, "axis": "y", "origin": [3, 0, 0]},
			"faces": {
				"north": {"uv": [9, 12.25, 10.5, 13.25], "texture": "#texture"},
				"east": {"uv": [7.5, 12.25, 8.5, 13.25], "texture": "#texture"},
				"south": {"uv": [5.5, 12.25, 7, 13.25], "texture": "#texture"},
				"west": {"uv": [7.5, 12.25, 8.5, 13.25], "texture": "#texture"},
				"up": {"uv": [5.5, 7.5, 7, 8.5], "texture": "#texture"},
				"down": {"uv": [10.5, 8.5, 9, 7.5], "texture": "#texture"}
			}
		},
		{
			"from": [8.75, 1.75, 7.5],
			"to": [10.25, 2.75, 8.5],
			"rotation": {"angle": 0, "axis": "y", "origin": [3, 0, 0]},
			"faces": {
				"north": {"uv": [8.75, 13.25, 10.25, 14.25], "texture": "#texture"},
				"east": {"uv": [7.5, 13.25, 8.5, 14.25], "texture": "#texture"},
				"south": {"uv": [5.75, 13.25, 7.25, 14.25], "texture": "#texture"},
				"west": {"uv": [7.5, 13.25, 8.5, 14.25], "texture": "#texture"},
				"up": {"uv": [5.75, 7.5, 7.25, 8.5], "texture": "#texture"},
				"down": {"uv": [10.25, 8.5, 8.75, 7.5], "texture": "#texture"}
			}
		},
		{
			"from": [9.05, 0.75, 7.5],
			"to": [10.55, 1.75, 8.5],
			"rotation": {"angle": 0, "axis": "y", "origin": [3, 0, 0]},
			"faces": {
				"north": {"uv": [8.75, 13.25, 10.25, 14.25], "texture": "#texture"},
				"east": {"uv": [7.5, 13.25, 8.5, 14.25], "texture": "#texture"},
				"south": {"uv": [5.75, 13.25, 7.25, 14.25], "texture": "#texture"},
				"west": {"uv": [7.5, 13.25, 8.5, 14.25], "texture": "#texture"},
				"up": {"uv": [5.75, 7.5, 7.25, 8.5], "texture": "#texture"},
				"down": {"uv": [10.25, 8.5, 8.75, 7.5], "texture": "#texture"}
			}
		},
		{
			"from": [17.225, 9, 7.5],
			"to": [20.125, 10, 8.5],
			"rotation": {"angle": 0, "axis": "y", "origin": [2.275, 0, 0]},
			"faces": {
				"north": {"uv": [14.25, 6, 15.25, 7], "texture": "#texture", "cullface": "east"},
				"east": {"uv": [7.5, 6, 8.5, 7], "texture": "#texture", "cullface": "east"},
				"south": {"uv": [14.25, 6, 15.25, 7], "texture": "#texture", "cullface": "east"},
				"up": {"uv": [14.25, 7.5, 15.25, 8.5], "texture": "#texture", "cullface": "east"},
				"down": {"uv": [14.25, 7.5, 15.25, 8.5], "texture": "#texture", "cullface": "east"}
			}
		},
		{
			"from": [20.5, 7.75, 7.5],
			"to": [22, 8.75, 8.5],
			"rotation": {"angle": 0, "axis": "y", "origin": [2, 0, 0]},
			"faces": {
				"north": {"uv": [0, 7.25, 0, 8.25], "texture": "#texture", "cullface": "east"},
				"south": {"uv": [16, 7.25, 16, 8.25], "texture": "#texture", "cullface": "east"},
				"west": {"uv": [7.5, 7.25, 8.5, 8.25], "texture": "#texture", "cullface": "east"},
				"up": {"uv": [16, 7.5, 16, 8.5], "texture": "#texture", "cullface": "east"},
				"down": {"uv": [0, 8.5, 0, 7.5], "texture": "#texture", "cullface": "east"}
			}
		},
		{
			"from": [19.25, 5.175, 7.5],
			"to": [20.25, 9.625, 8.5],
			"rotation": {"angle": 22.5, "axis": "z", "origin": [19.25, 9.5, 7.5]},
			"faces": {
				"north": {"uv": [16.25, 6.5, 15.25, 11.25], "texture": "#texture", "cullface": "east"},
				"east": {"uv": [7.5, 6.5, 8.5, 11.25], "texture": "#texture", "cullface": "east"},
				"south": {"uv": [16.25, 6.5, 15.25, 11.25], "texture": "#texture", "cullface": "east"},
				"west": {"uv": [7.5, 6.5, 8.5, 11.25], "texture": "#texture", "cullface": "east"},
				"up": {"uv": [16.25, 7.5, 15.25, 8.5], "texture": "#texture", "cullface": "east"},
				"down": {"uv": [16.25, 7.5, 15.25, 8.5], "texture": "#texture", "cullface": "east"}
			}
		},
		{
			"from": [20.9, 5.5, 7.5],
			"to": [22, 6.5, 8.5],
			"rotation": {"angle": 0, "axis": "y", "origin": [2, 0, 0]},
			"faces": {
				"north": {"uv": [0, 9.5, 0, 10.5], "texture": "#texture", "cullface": "east"},
				"south": {"uv": [16, 9.5, 16, 10.5], "texture": "#texture", "cullface": "east"},
				"west": {"uv": [7.5, 9.5, 8.5, 10.5], "texture": "#texture", "cullface": "east"},
				"up": {"uv": [16, 7.5, 16, 8.5], "texture": "#texture", "cullface": "east"},
				"down": {"uv": [0, 8.5, 0, 7.5], "texture": "#texture", "cullface": "east"}
			}
		},
		{
			"from": [22, 5, 7.25],
			"to": [22.75, 9.5, 8.75],
			"rotation": {"angle": 0, "axis": "y", "origin": [2, 0, 0]},
			"faces": {
				"north": {"uv": [0, 6.5, 0, 11], "texture": "#texture", "cullface": "east"},
				"east": {"uv": [7.25, 6.5, 8.75, 11], "texture": "#texture", "cullface": "east"},
				"south": {"uv": [16, 6.5, 16, 11], "texture": "#texture", "cullface": "east"},
				"west": {"uv": [7.25, 6.5, 8.75, 11], "texture": "#texture", "cullface": "east"},
				"up": {"uv": [16, 7.25, 16, 8.75], "texture": "#texture", "cullface": "east"},
				"down": {"uv": [0, 8.75, 0, 7.25], "texture": "#texture", "cullface": "east"}
			}
		},
		{
			"from": [22.75, 5, 7.25],
			"to": [23, 6.5, 8.75],
			"rotation": {"angle": 0, "axis": "y", "origin": [2, 0, 0]},
			"faces": {
				"north": {"uv": [0, 9.5, 0, 11], "texture": "#texture", "cullface": "east"},
				"east": {"uv": [7.25, 9.5, 8.75, 11], "texture": "#texture", "cullface": "east"},
				"south": {"uv": [16, 9.5, 16, 11], "texture": "#texture", "cullface": "east"},
				"up": {"uv": [16, 7.25, 16, 8.75], "texture": "#texture", "cullface": "east"},
				"down": {"uv": [0, 8.75, 0, 7.25], "texture": "#texture", "cullface": "east"}
			}
		},
		{
			"from": [22.75, 8, 7.25],
			"to": [23, 9.5, 8.75],
			"rotation": {"angle": 0, "axis": "y", "origin": [2, 0, 0]},
			"faces": {
				"north": {"uv": [0, 6.5, 0, 8], "texture": "#texture", "cullface": "east"},
				"east": {"uv": [7.25, 6.5, 8.75, 8], "texture": "#texture", "cullface": "east"},
				"south": {"uv": [16, 6.5, 16, 8], "texture": "#texture", "cullface": "east"},
				"up": {"uv": [16, 7.25, 16, 8.75], "texture": "#texture", "cullface": "east"},
				"down": {"uv": [0, 8.75, 0, 7.25], "texture": "#texture", "cullface": "east"}
			}
		},
		{
			"from": [5, 10.25, 7.5],
			"to": [6, 10.75, 8.5],
			"rotation": {"angle": 0, "axis": "y", "origin": [3, 0, 0]},
			"faces": {
				"north": {"uv": [13, 5.25, 14, 5.75], "texture": "#texture"},
				"east": {"uv": [7.5, 5.25, 8.5, 5.75], "texture": "#texture"},
				"south": {"uv": [2, 5.25, 3, 5.75], "texture": "#texture"},
				"west": {"uv": [7.5, 5.25, 8.5, 5.75], "texture": "#texture"},
				"up": {"uv": [2, 7.5, 3, 8.5], "texture": "#texture"}
			}
		},
		{
			"from": [5.25, 10.75, 8.25],
			"to": [6, 11.25, 8.5],
			"rotation": {"angle": 0, "axis": "y", "origin": [3, 0, 0]},
			"faces": {
				"north": {"uv": [13, 4.75, 13.75, 5.25], "texture": "#texture"},
				"east": {"uv": [7.5, 4.75, 7.75, 5.25], "texture": "#texture"},
				"south": {"uv": [2.25, 4.75, 3, 5.25], "texture": "#texture"},
				"west": {"uv": [8.25, 4.75, 8.5, 5.25], "texture": "#texture"},
				"up": {"uv": [2.25, 8.25, 3, 8.5], "texture": "#texture"}
			}
		},
		{
			"from": [5.25, 10.75, 7.5],
			"to": [6, 11.25, 7.75],
			"rotation": {"angle": 0, "axis": "y", "origin": [3, 0, 0]},
			"faces": {
				"north": {"uv": [13, 4.75, 13.75, 5.25], "texture": "#texture"},
				"east": {"uv": [8.25, 4.75, 8.5, 5.25], "texture": "#texture"},
				"south": {"uv": [2.25, 4.75, 3, 5.25], "texture": "#texture"},
				"west": {"uv": [7.5, 4.75, 7.75, 5.25], "texture": "#texture"},
				"up": {"uv": [2.25, 7.5, 3, 7.75], "texture": "#texture"}
			}
		},
		{
			"from": [5.25, 11.25, 7.75],
			"to": [6, 11.5, 8.25],
			"rotation": {"angle": 0, "axis": "y", "origin": [3, 0, 0]},
			"faces": {
				"north": {"uv": [13, 4.5, 13.75, 4.75], "texture": "#texture"},
				"east": {"uv": [7.75, 4.5, 8.25, 4.75], "texture": "#texture"},
				"south": {"uv": [2.25, 4.5, 3, 4.75], "texture": "#texture"},
				"west": {"uv": [7.75, 4.5, 8.25, 4.75], "texture": "#texture"},
				"up": {"uv": [2.25, 7.75, 3, 8.25], "texture": "#texture"},
				"down": {"uv": [13.75, 8.25, 13, 7.75], "texture": "#texture"}
			}
		},
		{
			"from": [13.75, 10.25, 7.5],
			"to": [14.5, 10.75, 8.5],
			"rotation": {"angle": 0, "axis": "y", "origin": [3, 0, 0]},
			"faces": {
				"north": {"uv": [4.5, 5.25, 5.25, 5.75], "texture": "#texture"},
				"east": {"uv": [7.5, 5.25, 8.5, 5.75], "texture": "#texture"},
				"south": {"uv": [10.75, 5.25, 11.5, 5.75], "texture": "#texture"},
				"west": {"uv": [7.5, 5.25, 8.5, 5.75], "texture": "#texture"},
				"up": {"uv": [10.75, 7.5, 11.5, 8.5], "texture": "#texture"}
			}
		},
		{
			"from": [13.75, 10.75, 7.5],
			"to": [14.5, 11.25, 7.75],
			"rotation": {"angle": 0, "axis": "y", "origin": [3, 0, 0]},
			"faces": {
				"north": {"uv": [4.5, 4.75, 5.25, 5.25], "texture": "#texture"},
				"east": {"uv": [8.25, 4.75, 8.5, 5.25], "texture": "#texture"},
				"south": {"uv": [10.75, 4.75, 11.5, 5.25], "texture": "#texture"},
				"west": {"uv": [7.5, 4.75, 7.75, 5.25], "texture": "#texture"},
				"up": {"uv": [10.75, 7.5, 11.5, 7.75], "texture": "#texture"}
			}
		},
		{
			"from": [13.75, 10.75, 8.25],
			"to": [14.5, 11.25, 8.5],
			"rotation": {"angle": 0, "axis": "y", "origin": [3, 0, 0]},
			"faces": {
				"north": {"uv": [4.5, 4.75, 5.25, 5.25], "texture": "#texture"},
				"east": {"uv": [7.5, 4.75, 7.75, 5.25], "texture": "#texture"},
				"south": {"uv": [10.75, 4.75, 11.5, 5.25], "texture": "#texture"},
				"west": {"uv": [8.25, 4.75, 8.5, 5.25], "texture": "#texture"},
				"up": {"uv": [10.75, 8.25, 11.5, 8.5], "texture": "#texture"}
			}
		}
	],
	"display": {
		"thirdperson_righthand": {
			"rotation": [0, -90, 0],
			"translation": [0, -0.75, -4.5],
			"scale": [0.93, 0.91, 0.93]
		},
		"thirdperson_lefthand": {
			"rotation": [0, 90, 0],
			"translation": [0, -0.75, -4.5],
			"scale": [0.93, 0.91, 0.93]
		},
		"firstperson_righthand": {
			"rotation": [47.07, -79.61, 24.79],
			"translation": [0, 3.5, -7.75]
		},
		"firstperson_lefthand": {
			"rotation": [-136.79, 78.54, 157.84],
			"translation": [2.25, 4.25, -9.25]
		},
		"ground": {
			"translation": [0, 3, 0],
			"scale": [1.11, 1.11, 1.11]
		},
		"gui": {
			"rotation": [0, 0, -45],
			"translation": [-3, 3.5, 0],
			"scale": [0.9, 0.9, 0.9]
		},
		"fixed": {
			"rotation": [0, 180, -45],
			"translation": [1.45, 2, -1.1],
			"scale": [1.35, 1.35, 1.35]
		}
	}
}