{
	"credit": "https://www.youtube.com/c/ZeroCaty",
	"textures": {
		"0": "zcbm/magic/ancient/details1",
		"1": "zcbm/magic/ancient/details2",
		"2": "zcbm_item/magic/ancient/cells/empty",
		"particle": "zcbm/magic/ancient/details1"
	},
	"elements": [
		{
			"name": "hexadecagon",
			"from": [7.64196, 5.9, 6.2],
			"to": [8.35804, 6.15, 9.8],
			"rotation": {"angle": -45, "axis": "y", "origin": [8, 6.4, 8]},
			"faces": {
				"north": {"uv": [1, 1, 2, 2], "texture": "#1"},
				"east": {"uv": [1, 1, 2, 2], "texture": "#1"},
				"south": {"uv": [1, 1, 2, 2], "texture": "#1"},
				"west": {"uv": [1, 1, 2, 2], "texture": "#1"},
				"up": {"uv": [1, 1, 2, 2], "texture": "#1"},
				"down": {"uv": [1, 1, 2, 2], "texture": "#1"}
			}
		},
		{
			"name": "hexadecagon",
			"from": [7.64196, 5.9, 6.2],
			"to": [8.35804, 6.15, 9.8],
			"rotation": {"angle": -22.5, "axis": "y", "origin": [8, 6.4, 8]},
			"faces": {
				"north": {"uv": [1, 1, 2, 2], "texture": "#1"},
				"east": {"uv": [1, 1, 2, 2], "texture": "#1"},
				"south": {"uv": [1, 1, 2, 2], "texture": "#1"},
				"west": {"uv": [1, 1, 2, 2], "texture": "#1"},
				"up": {"uv": [1, 1, 2, 2], "texture": "#1"},
				"down": {"uv": [1, 1, 2, 2], "texture": "#1"}
			}
		},
		{
			"name": "hexadecagon",
			"from": [7.64196, 5.9, 6.2],
			"to": [8.35804, 6.15, 9.8],
			"faces": {
				"north": {"uv": [1, 1, 2, 2], "texture": "#1"},
				"east": {"uv": [1, 1, 2, 2], "texture": "#1"},
				"south": {"uv": [1, 1, 2, 2], "texture": "#1"},
				"west": {"uv": [1, 1, 2, 2], "texture": "#1"},
				"up": {"uv": [1, 1, 2, 2], "texture": "#1"},
				"down": {"uv": [1, 1, 2, 2], "texture": "#1"}
			}
		},
		{
			"name": "hexadecagon",
			"from": [7.64196, 5.9, 6.2],
			"to": [8.35804, 6.15, 9.8],
			"rotation": {"angle": 22.5, "axis": "y", "origin": [8, 6.4, 8]},
			"faces": {
				"north": {"uv": [1, 1, 2, 2], "texture": "#1"},
				"east": {"uv": [1, 1, 2, 2], "texture": "#1"},
				"south": {"uv": [1, 1, 2, 2], "texture": "#1"},
				"west": {"uv": [1, 1, 2, 2], "texture": "#1"},
				"up": {"uv": [1, 1, 2, 2], "texture": "#1"},
				"down": {"uv": [1, 1, 2, 2], "texture": "#1"}
			}
		},
		{
			"name": "hexadecagon",
			"from": [7.64196, 5.9, 6.2],
			"to": [8.35804, 6.15, 9.8],
			"rotation": {"angle": 45, "axis": "y", "origin": [8, 6.4, 8]},
			"faces": {
				"north": {"uv": [1, 1, 2, 2], "texture": "#1"},
				"east": {"uv": [1, 1, 2, 2], "texture": "#1"},
				"south": {"uv": [1, 1, 2, 2], "texture": "#1"},
				"west": {"uv": [1, 1, 2, 2], "texture": "#1"},
				"up": {"uv": [1, 1, 2, 2], "texture": "#1"},
				"down": {"uv": [1, 1, 2, 2], "texture": "#1"}
			}
		},
		{
			"name": "hexadecagon",
			"from": [6.2, 5.9, 7.64196],
			"to": [9.8, 6.15, 8.35804],
			"rotation": {"angle": -22.5, "axis": "y", "origin": [8, 6.4, 8]},
			"faces": {
				"north": {"uv": [1, 1, 2, 2], "texture": "#1"},
				"east": {"uv": [1, 1, 2, 2], "texture": "#1"},
				"south": {"uv": [1, 1, 2, 2], "texture": "#1"},
				"west": {"uv": [1, 1, 2, 2], "texture": "#1"},
				"up": {"uv": [1, 1, 2, 2], "texture": "#1"},
				"down": {"uv": [1, 1, 2, 2], "texture": "#1"}
			}
		},
		{
			"name": "hexadecagon",
			"from": [6.2, 5.9, 7.64196],
			"to": [9.8, 6.15, 8.35804],
			"faces": {
				"north": {"uv": [1, 1, 2, 2], "texture": "#1"},
				"east": {"uv": [1, 1, 2, 2], "texture": "#1"},
				"south": {"uv": [1, 1, 2, 2], "texture": "#1"},
				"west": {"uv": [1, 1, 2, 2], "texture": "#1"},
				"up": {"uv": [1, 1, 2, 2], "texture": "#1"},
				"down": {"uv": [1, 1, 2, 2], "texture": "#1"}
			}
		},
		{
			"name": "hexadecagon",
			"from": [6.2, 5.9, 7.64196],
			"to": [9.8, 6.15, 8.35804],
			"rotation": {"angle": 22.5, "axis": "y", "origin": [8, 6.4, 8]},
			"faces": {
				"north": {"uv": [1, 1, 2, 2], "texture": "#1"},
				"east": {"uv": [1, 1, 2, 2], "texture": "#1"},
				"south": {"uv": [1, 1, 2, 2], "texture": "#1"},
				"west": {"uv": [1, 1, 2, 2], "texture": "#1"},
				"up": {"uv": [1, 1, 2, 2], "texture": "#1"},
				"down": {"uv": [1, 1, 2, 2], "texture": "#1"}
			}
		},
		{
			"name": "hexadecagon",
			"from": [7.63201, 7.25, 6.15],
			"to": [8.36799, 8.25, 9.85],
			"rotation": {"angle": -45, "axis": "y", "origin": [8, 7.75, 8]},
			"faces": {
				"north": {"uv": [2.5, 2.5, 3.5, 3.5], "texture": "#0"},
				"east": {"uv": [2.5, 2.5, 3.5, 3.5], "texture": "#0"},
				"south": {"uv": [2.5, 2.5, 3.5, 3.5], "texture": "#0"},
				"west": {"uv": [2.5, 2.5, 3.5, 3.5], "texture": "#0"},
				"up": {"uv": [2.5, 2.5, 3.5, 3.5], "texture": "#0"},
				"down": {"uv": [2.5, 2.5, 3.5, 3.5], "texture": "#0"}
			}
		},
		{
			"name": "hexadecagon",
			"from": [7.63201, 7.25, 6.15],
			"to": [8.36799, 8.25, 9.85],
			"rotation": {"angle": -22.5, "axis": "y", "origin": [8, 7.75, 8]},
			"faces": {
				"north": {"uv": [2.5, 2.5, 3.5, 3.5], "texture": "#0"},
				"east": {"uv": [2.5, 2.5, 3.5, 3.5], "texture": "#0"},
				"south": {"uv": [2.5, 2.5, 3.5, 3.5], "texture": "#0"},
				"west": {"uv": [2.5, 2.5, 3.5, 3.5], "texture": "#0"},
				"up": {"uv": [2.5, 2.5, 3.5, 3.5], "texture": "#0"},
				"down": {"uv": [2.5, 2.5, 3.5, 3.5], "texture": "#0"}
			}
		},
		{
			"name": "hexadecagon",
			"from": [7.63201, 7.25, 6.15],
			"to": [8.36799, 8.25, 9.85],
			"faces": {
				"north": {"uv": [2.5, 2.5, 3.5, 3.5], "texture": "#0"},
				"east": {"uv": [2.5, 2.5, 3.5, 3.5], "texture": "#0"},
				"south": {"uv": [2.5, 2.5, 3.5, 3.5], "texture": "#0"},
				"west": {"uv": [2.5, 2.5, 3.5, 3.5], "texture": "#0"},
				"up": {"uv": [2.5, 2.5, 3.5, 3.5], "texture": "#0"},
				"down": {"uv": [2.5, 2.5, 3.5, 3.5], "texture": "#0"}
			}
		},
		{
			"name": "hexadecagon",
			"from": [7.63201, 7.25, 6.15],
			"to": [8.36799, 8.25, 9.85],
			"rotation": {"angle": 22.5, "axis": "y", "origin": [8, 7.75, 8]},
			"faces": {
				"north": {"uv": [2.5, 2.5, 3.5, 3.5], "texture": "#0"},
				"east": {"uv": [2.5, 2.5, 3.5, 3.5], "texture": "#0"},
				"south": {"uv": [2.5, 2.5, 3.5, 3.5], "texture": "#0"},
				"west": {"uv": [2.5, 2.5, 3.5, 3.5], "texture": "#0"},
				"up": {"uv": [2.5, 2.5, 3.5, 3.5], "texture": "#0"},
				"down": {"uv": [2.5, 2.5, 3.5, 3.5], "texture": "#0"}
			}
		},
		{
			"name": "hexadecagon",
			"from": [7.63201, 7.25, 6.15],
			"to": [8.36799, 8.25, 9.85],
			"rotation": {"angle": 45, "axis": "y", "origin": [8, 7.75, 8]},
			"faces": {
				"north": {"uv": [2.5, 2.5, 3.5, 3.5], "texture": "#0"},
				"east": {"uv": [2.5, 2.5, 3.5, 3.5], "texture": "#0"},
				"south": {"uv": [2.5, 2.5, 3.5, 3.5], "texture": "#0"},
				"west": {"uv": [2.5, 2.5, 3.5, 3.5], "texture": "#0"},
				"up": {"uv": [2.5, 2.5, 3.5, 3.5], "texture": "#0"},
				"down": {"uv": [2.5, 2.5, 3.5, 3.5], "texture": "#0"}
			}
		},
		{
			"name": "hexadecagon",
			"from": [6.15, 7.25, 7.63201],
			"to": [9.85, 8.25, 8.36799],
			"rotation": {"angle": -22.5, "axis": "y", "origin": [8, 7.75, 8]},
			"faces": {
				"north": {"uv": [2.5, 2.5, 3.5, 3.5], "texture": "#0"},
				"east": {"uv": [2.5, 2.5, 3.5, 3.5], "texture": "#0"},
				"south": {"uv": [2.5, 2.5, 3.5, 3.5], "texture": "#0"},
				"west": {"uv": [2.5, 2.5, 3.5, 3.5], "texture": "#0"},
				"up": {"uv": [2.5, 2.5, 3.5, 3.5], "texture": "#0"},
				"down": {"uv": [2.5, 2.5, 3.5, 3.5], "texture": "#0"}
			}
		},
		{
			"name": "hexadecagon",
			"from": [6.15, 7.25, 7.63201],
			"to": [9.85, 8.25, 8.36799],
			"faces": {
				"north": {"uv": [2.5, 2.5, 3.5, 3.5], "texture": "#0"},
				"east": {"uv": [2.5, 2.5, 3.5, 3.5], "texture": "#0"},
				"south": {"uv": [2.5, 2.5, 3.5, 3.5], "texture": "#0"},
				"west": {"uv": [2.5, 2.5, 3.5, 3.5], "texture": "#0"},
				"up": {"uv": [2.5, 2.5, 3.5, 3.5], "texture": "#0"},
				"down": {"uv": [2.5, 2.5, 3.5, 3.5], "texture": "#0"}
			}
		},
		{
			"name": "hexadecagon",
			"from": [7.60218, 7.75, 6],
			"to": [8.39782, 8.75, 6.3],
			"rotation": {"angle": -45, "axis": "y", "origin": [8, 8.25, 8]},
			"faces": {
				"north": {"uv": [0, 0, 1, 1], "texture": "#1"},
				"east": {"uv": [0, 0, 1, 1], "texture": "#1"},
				"south": {"uv": [0, 0, 1, 1], "texture": "#1"},
				"west": {"uv": [0, 0, 1, 1], "texture": "#1"},
				"up": {"uv": [0, 0, 1, 1], "texture": "#1"},
				"down": {"uv": [0, 0, 1, 1], "texture": "#1"}
			}
		},
		{
			"name": "hexadecagon",
			"from": [7.60218, 7.75, 6],
			"to": [8.39782, 8.75, 6.3],
			"rotation": {"angle": -22.5, "axis": "y", "origin": [8, 8.25, 8]},
			"faces": {
				"north": {"uv": [0, 0, 1, 1], "texture": "#1"},
				"east": {"uv": [0, 0, 1, 1], "texture": "#1"},
				"south": {"uv": [0, 0, 1, 1], "texture": "#1"},
				"west": {"uv": [0, 0, 1, 1], "texture": "#1"},
				"up": {"uv": [0, 0, 1, 1], "texture": "#1"},
				"down": {"uv": [0, 0, 1, 1], "texture": "#1"}
			}
		},
		{
			"name": "hexadecagon",
			"from": [7.60218, 7.75, 6],
			"to": [8.39782, 8.75, 6.3],
			"faces": {
				"north": {"uv": [0, 0, 1, 1], "texture": "#1"},
				"east": {"uv": [0, 0, 1, 1], "texture": "#1"},
				"south": {"uv": [0, 0, 1, 1], "texture": "#1"},
				"west": {"uv": [0, 0, 1, 1], "texture": "#1"},
				"up": {"uv": [0, 0, 1, 1], "texture": "#1"},
				"down": {"uv": [0, 0, 1, 1], "texture": "#1"}
			}
		},
		{
			"name": "hexadecagon",
			"from": [7.60218, 7.75, 6],
			"to": [8.39782, 8.75, 6.3],
			"rotation": {"angle": 22.5, "axis": "y", "origin": [8, 8.25, 8]},
			"faces": {
				"north": {"uv": [0, 0, 1, 1], "texture": "#1"},
				"east": {"uv": [0, 0, 1, 1], "texture": "#1"},
				"south": {"uv": [0, 0, 1, 1], "texture": "#1"},
				"west": {"uv": [0, 0, 1, 1], "texture": "#1"},
				"up": {"uv": [0, 0, 1, 1], "texture": "#1"},
				"down": {"uv": [0, 0, 1, 1], "texture": "#1"}
			}
		},
		{
			"name": "hexadecagon",
			"from": [7.60218, 7.75, 6],
			"to": [8.39782, 8.75, 6.3],
			"rotation": {"angle": 45, "axis": "y", "origin": [8, 8.25, 8]},
			"faces": {
				"north": {"uv": [0, 0, 1, 1], "texture": "#1"},
				"east": {"uv": [0, 0, 1, 1], "texture": "#1"},
				"south": {"uv": [0, 0, 1, 1], "texture": "#1"},
				"west": {"uv": [0, 0, 1, 1], "texture": "#1"},
				"up": {"uv": [0, 0, 1, 1], "texture": "#1"},
				"down": {"uv": [0, 0, 1, 1], "texture": "#1"}
			}
		},
		{
			"name": "hexadecagon",
			"from": [7.60218, 7.75, 9.7],
			"to": [8.39782, 8.75, 10],
			"rotation": {"angle": -45, "axis": "y", "origin": [8, 8.25, 8]},
			"faces": {
				"north": {"uv": [0, 0, 1, 1], "texture": "#1"},
				"east": {"uv": [0, 0, 1, 1], "texture": "#1"},
				"south": {"uv": [0, 0, 1, 1], "texture": "#1"},
				"west": {"uv": [0, 0, 1, 1], "texture": "#1"},
				"up": {"uv": [0, 0, 1, 1], "texture": "#1"},
				"down": {"uv": [0, 0, 1, 1], "texture": "#1"}
			}
		},
		{
			"name": "hexadecagon",
			"from": [7.60218, 7.75, 9.7],
			"to": [8.39782, 8.75, 10],
			"rotation": {"angle": -22.5, "axis": "y", "origin": [8, 8.25, 8]},
			"faces": {
				"north": {"uv": [0, 0, 1, 1], "texture": "#1"},
				"east": {"uv": [0, 0, 1, 1], "texture": "#1"},
				"south": {"uv": [0, 0, 1, 1], "texture": "#1"},
				"west": {"uv": [0, 0, 1, 1], "texture": "#1"},
				"up": {"uv": [0, 0, 1, 1], "texture": "#1"},
				"down": {"uv": [0, 0, 1, 1], "texture": "#1"}
			}
		},
		{
			"name": "hexadecagon",
			"from": [7.60218, 7.75, 9.7],
			"to": [8.39782, 8.75, 10],
			"faces": {
				"north": {"uv": [0, 0, 1, 1], "texture": "#1"},
				"east": {"uv": [0, 0, 1, 1], "texture": "#1"},
				"south": {"uv": [0, 0, 1, 1], "texture": "#1"},
				"west": {"uv": [0, 0, 1, 1], "texture": "#1"},
				"up": {"uv": [0, 0, 1, 1], "texture": "#1"},
				"down": {"uv": [0, 0, 1, 1], "texture": "#1"}
			}
		},
		{
			"name": "hexadecagon",
			"from": [7.60218, 7.75, 9.7],
			"to": [8.39782, 8.75, 10],
			"rotation": {"angle": 22.5, "axis": "y", "origin": [8, 8.25, 8]},
			"faces": {
				"north": {"uv": [0, 0, 1, 1], "texture": "#1"},
				"east": {"uv": [0, 0, 1, 1], "texture": "#1"},
				"south": {"uv": [0, 0, 1, 1], "texture": "#1"},
				"west": {"uv": [0, 0, 1, 1], "texture": "#1"},
				"up": {"uv": [0, 0, 1, 1], "texture": "#1"},
				"down": {"uv": [0, 0, 1, 1], "texture": "#1"}
			}
		},
		{
			"name": "hexadecagon",
			"from": [7.60218, 7.75, 9.7],
			"to": [8.39782, 8.75, 10],
			"rotation": {"angle": 45, "axis": "y", "origin": [8, 8.25, 8]},
			"faces": {
				"north": {"uv": [0, 0, 1, 1], "texture": "#1"},
				"east": {"uv": [0, 0, 1, 1], "texture": "#1"},
				"south": {"uv": [0, 0, 1, 1], "texture": "#1"},
				"west": {"uv": [0, 0, 1, 1], "texture": "#1"},
				"up": {"uv": [0, 0, 1, 1], "texture": "#1"},
				"down": {"uv": [0, 0, 1, 1], "texture": "#1"}
			}
		},
		{
			"name": "hexadecagon",
			"from": [6, 7.75, 7.60218],
			"to": [6.3, 8.75, 8.39782],
			"rotation": {"angle": -22.5, "axis": "y", "origin": [8, 8.25, 8]},
			"faces": {
				"north": {"uv": [0, 0, 1, 1], "texture": "#1"},
				"east": {"uv": [0, 0, 1, 1], "texture": "#1"},
				"south": {"uv": [0, 0, 1, 1], "texture": "#1"},
				"west": {"uv": [0, 0, 1, 1], "texture": "#1"},
				"up": {"uv": [0, 0, 1, 1], "texture": "#1"},
				"down": {"uv": [0, 0, 1, 1], "texture": "#1"}
			}
		},
		{
			"name": "hexadecagon",
			"from": [6, 7.75, 7.60218],
			"to": [6.3, 8.75, 8.39782],
			"faces": {
				"north": {"uv": [0, 0, 1, 1], "texture": "#1"},
				"east": {"uv": [0, 0, 1, 1], "texture": "#1"},
				"south": {"uv": [0, 0, 1, 1], "texture": "#1"},
				"west": {"uv": [0, 0, 1, 1], "texture": "#1"},
				"up": {"uv": [0, 0, 1, 1], "texture": "#1"},
				"down": {"uv": [0, 0, 1, 1], "texture": "#1"}
			}
		},
		{
			"name": "hexadecagon",
			"from": [6, 7.75, 7.60218],
			"to": [6.3, 8.75, 8.39782],
			"rotation": {"angle": 22.5, "axis": "y", "origin": [8, 8.25, 8]},
			"faces": {
				"north": {"uv": [0, 0, 1, 1], "texture": "#1"},
				"east": {"uv": [0, 0, 1, 1], "texture": "#1"},
				"south": {"uv": [0, 0, 1, 1], "texture": "#1"},
				"west": {"uv": [0, 0, 1, 1], "texture": "#1"},
				"up": {"uv": [0, 0, 1, 1], "texture": "#1"},
				"down": {"uv": [0, 0, 1, 1], "texture": "#1"}
			}
		},
		{
			"name": "hexadecagon",
			"from": [9.7, 7.75, 7.60218],
			"to": [10, 8.75, 8.39782],
			"rotation": {"angle": -22.5, "axis": "y", "origin": [8, 8.25, 8]},
			"faces": {
				"north": {"uv": [0, 0, 1, 1], "texture": "#1"},
				"east": {"uv": [0, 0, 1, 1], "texture": "#1"},
				"south": {"uv": [0, 0, 1, 1], "texture": "#1"},
				"west": {"uv": [0, 0, 1, 1], "texture": "#1"},
				"up": {"uv": [0, 0, 1, 1], "texture": "#1"},
				"down": {"uv": [0, 0, 1, 1], "texture": "#1"}
			}
		},
		{
			"name": "hexadecagon",
			"from": [9.7, 7.75, 7.60218],
			"to": [10, 8.75, 8.39782],
			"faces": {
				"north": {"uv": [0, 0, 1, 1], "texture": "#1"},
				"east": {"uv": [0, 0, 1, 1], "texture": "#1"},
				"south": {"uv": [0, 0, 1, 1], "texture": "#1"},
				"west": {"uv": [0, 0, 1, 1], "texture": "#1"},
				"up": {"uv": [0, 0, 1, 1], "texture": "#1"},
				"down": {"uv": [0, 0, 1, 1], "texture": "#1"}
			}
		},
		{
			"name": "hexadecagon",
			"from": [6.25, 6, 7.6519],
			"to": [9.75, 7.25, 8.3481],
			"rotation": {"angle": 22.5, "axis": "y", "origin": [8, 6.5, 8]},
			"faces": {
				"north": {"uv": [2.5, 2.5, 13, 13.5], "texture": "#0"},
				"east": {"uv": [2.5, 2.5, 13, 13.5], "texture": "#0"},
				"south": {"uv": [2.5, 2.5, 13, 13.5], "texture": "#0"},
				"west": {"uv": [2.5, 2.5, 13, 13.5], "texture": "#0"},
				"up": {"uv": [2.5, 2.5, 13, 13.5], "texture": "#0"},
				"down": {"uv": [2.5, 2.5, 13, 13.5], "texture": "#0"}
			}
		},
		{
			"name": "hexadecagon",
			"from": [7.6519, 6, 6.25],
			"to": [8.3481, 7.25, 9.75],
			"rotation": {"angle": -45, "axis": "y", "origin": [8, 6.5, 8]},
			"faces": {
				"north": {"uv": [2.5, 2.5, 13, 13.5], "texture": "#0"},
				"east": {"uv": [2.5, 2.5, 13, 13.5], "texture": "#0"},
				"south": {"uv": [2.5, 2.5, 13, 13.5], "texture": "#0"},
				"west": {"uv": [2.5, 2.5, 13, 13.5], "texture": "#0"},
				"up": {"uv": [2.5, 2.5, 13, 13.5], "texture": "#0"},
				"down": {"uv": [2.5, 2.5, 13, 13.5], "texture": "#0"}
			}
		},
		{
			"name": "hexadecagon",
			"from": [7.6519, 6, 6.25],
			"to": [8.3481, 7.25, 9.75],
			"rotation": {"angle": -22.5, "axis": "y", "origin": [8, 6.5, 8]},
			"faces": {
				"north": {"uv": [2.5, 2.5, 13, 13.5], "texture": "#0"},
				"east": {"uv": [2.5, 2.5, 13, 13.5], "texture": "#0"},
				"south": {"uv": [2.5, 2.5, 13, 13.5], "texture": "#0"},
				"west": {"uv": [2.5, 2.5, 13, 13.5], "texture": "#0"},
				"up": {"uv": [2.5, 2.5, 13, 13.5], "texture": "#0"},
				"down": {"uv": [2.5, 2.5, 13, 13.5], "texture": "#0"}
			}
		},
		{
			"name": "hexadecagon",
			"from": [7.6519, 6, 6.25],
			"to": [8.3481, 7.25, 9.75],
			"faces": {
				"north": {"uv": [2.5, 2.5, 13, 13.5], "texture": "#0"},
				"east": {"uv": [2.5, 2.5, 13, 13.5], "texture": "#0"},
				"south": {"uv": [2.5, 2.5, 13, 13.5], "texture": "#0"},
				"west": {"uv": [2.5, 2.5, 13, 13.5], "texture": "#0"},
				"up": {"uv": [2.5, 2.5, 13, 13.5], "texture": "#0"},
				"down": {"uv": [2.5, 2.5, 13, 13.5], "texture": "#0"}
			}
		},
		{
			"name": "hexadecagon",
			"from": [7.6519, 6, 6.25],
			"to": [8.3481, 7.25, 9.75],
			"rotation": {"angle": 22.5, "axis": "y", "origin": [8, 6.5, 8]},
			"faces": {
				"north": {"uv": [2.5, 2.5, 13, 13.5], "texture": "#0"},
				"east": {"uv": [2.5, 2.5, 13, 13.5], "texture": "#0"},
				"south": {"uv": [2.5, 2.5, 13, 13.5], "texture": "#0"},
				"west": {"uv": [2.5, 2.5, 13, 13.5], "texture": "#0"},
				"up": {"uv": [2.5, 2.5, 13, 13.5], "texture": "#0"},
				"down": {"uv": [2.5, 2.5, 13, 13.5], "texture": "#0"}
			}
		},
		{
			"name": "hexadecagon",
			"from": [7.6519, 6, 6.25],
			"to": [8.3481, 7.25, 9.75],
			"rotation": {"angle": 45, "axis": "y", "origin": [8, 6.5, 8]},
			"faces": {
				"north": {"uv": [2.5, 2.5, 13, 13.5], "texture": "#0"},
				"east": {"uv": [2.5, 2.5, 13, 13.5], "texture": "#0"},
				"south": {"uv": [2.5, 2.5, 13, 13.5], "texture": "#0"},
				"west": {"uv": [2.5, 2.5, 13, 13.5], "texture": "#0"},
				"up": {"uv": [2.5, 2.5, 13, 13.5], "texture": "#0"},
				"down": {"uv": [2.5, 2.5, 13, 13.5], "texture": "#0"}
			}
		},
		{
			"name": "hexadecagon",
			"from": [6.25, 6, 7.6519],
			"to": [9.75, 7.25, 8.3481],
			"rotation": {"angle": -22.5, "axis": "y", "origin": [8, 6.5, 8]},
			"faces": {
				"north": {"uv": [2.5, 2.5, 13, 13.5], "texture": "#0"},
				"east": {"uv": [2.5, 2.5, 13, 13.5], "texture": "#0"},
				"south": {"uv": [2.5, 2.5, 13, 13.5], "texture": "#0"},
				"west": {"uv": [2.5, 2.5, 13, 13.5], "texture": "#0"},
				"up": {"uv": [2.5, 2.5, 13, 13.5], "texture": "#0"},
				"down": {"uv": [2.5, 2.5, 13, 13.5], "texture": "#0"}
			}
		},
		{
			"name": "hexadecagon",
			"from": [6.25, 6, 7.6519],
			"to": [9.75, 7.25, 8.3481],
			"faces": {
				"north": {"uv": [2.5, 2.5, 13, 13.5], "texture": "#0"},
				"east": {"uv": [2.5, 2.5, 13, 13.5], "texture": "#0"},
				"south": {"uv": [2.5, 2.5, 13, 13.5], "texture": "#0"},
				"west": {"uv": [2.5, 2.5, 13, 13.5], "texture": "#0"},
				"up": {"uv": [2.5, 2.5, 13, 13.5], "texture": "#0"},
				"down": {"uv": [2.5, 2.5, 13, 13.5], "texture": "#0"}
			}
		},
		{
			"name": "hexadecagon",
			"from": [9.7, 7.75, 7.60218],
			"to": [10, 8.75, 8.39782],
			"rotation": {"angle": 22.5, "axis": "y", "origin": [8, 8.25, 8]},
			"faces": {
				"north": {"uv": [0, 0, 1, 1], "texture": "#1"},
				"east": {"uv": [0, 0, 1, 1], "texture": "#1"},
				"south": {"uv": [0, 0, 1, 1], "texture": "#1"},
				"west": {"uv": [0, 0, 1, 1], "texture": "#1"},
				"up": {"uv": [0, 0, 1, 1], "texture": "#1"},
				"down": {"uv": [0, 0, 1, 1], "texture": "#1"}
			}
		},
		{
			"name": "hexadecagon",
			"from": [6.15, 7.25, 7.63201],
			"to": [9.85, 8.25, 8.36799],
			"rotation": {"angle": 22.5, "axis": "y", "origin": [8, 7.75, 8]},
			"faces": {
				"north": {"uv": [2.5, 2.5, 3.5, 3.5], "texture": "#0"},
				"east": {"uv": [2.5, 2.5, 3.5, 3.5], "texture": "#0"},
				"south": {"uv": [2.5, 2.5, 3.5, 3.5], "texture": "#0"},
				"west": {"uv": [2.5, 2.5, 3.5, 3.5], "texture": "#0"},
				"up": {"uv": [2.5, 2.5, 3.5, 3.5], "texture": "#0"},
				"down": {"uv": [2.5, 2.5, 3.5, 3.5], "texture": "#0"}
			}
		},
		{
			"name": "hexadecagon",
			"from": [7.60218, 0, 9.7],
			"to": [8.39782, 1, 10],
			"rotation": {"angle": 45, "axis": "y", "origin": [8, 0.5, 8]},
			"faces": {
				"north": {"uv": [0, 1, 1, 0], "texture": "#1"},
				"east": {"uv": [0, 1, 1, 0], "texture": "#1"},
				"south": {"uv": [0, 1, 1, 0], "texture": "#1"},
				"west": {"uv": [0, 1, 1, 0], "texture": "#1"},
				"up": {"uv": [0, 1, 1, 0], "texture": "#1"},
				"down": {"uv": [0, 1, 1, 0], "texture": "#1"}
			}
		},
		{
			"name": "hexadecagon",
			"from": [7.6519, 1.5, 6.25],
			"to": [8.3481, 2.75, 9.75],
			"rotation": {"angle": -45, "axis": "y", "origin": [8, 2, 8]},
			"faces": {
				"north": {"uv": [2.5, 2.5, 13, 13.5], "texture": "#0"},
				"east": {"uv": [2.5, 2.5, 13, 13.5], "texture": "#0"},
				"south": {"uv": [2.5, 2.5, 13, 13.5], "texture": "#0"},
				"west": {"uv": [2.5, 2.5, 13, 13.5], "texture": "#0"},
				"up": {"uv": [2.5, 2.5, 13, 13.5], "texture": "#0"},
				"down": {"uv": [2.5, 2.5, 13, 13.5], "texture": "#0"}
			}
		},
		{
			"name": "hexadecagon",
			"from": [7.6519, 1.5, 6.25],
			"to": [8.3481, 2.75, 9.75],
			"rotation": {"angle": -22.5, "axis": "y", "origin": [8, 2, 8]},
			"faces": {
				"north": {"uv": [2.5, 2.5, 13, 13.5], "texture": "#0"},
				"east": {"uv": [2.5, 2.5, 13, 13.5], "texture": "#0"},
				"south": {"uv": [2.5, 2.5, 13, 13.5], "texture": "#0"},
				"west": {"uv": [2.5, 2.5, 13, 13.5], "texture": "#0"},
				"up": {"uv": [2.5, 2.5, 13, 13.5], "texture": "#0"},
				"down": {"uv": [2.5, 2.5, 13, 13.5], "texture": "#0"}
			}
		},
		{
			"name": "hexadecagon",
			"from": [9.7, 0, 7.60218],
			"to": [10, 1, 8.39782],
			"rotation": {"angle": 22.5, "axis": "y", "origin": [8, 0.5, 8]},
			"faces": {
				"north": {"uv": [0, 1, 1, 0], "texture": "#1"},
				"east": {"uv": [0, 1, 1, 0], "texture": "#1"},
				"south": {"uv": [0, 1, 1, 0], "texture": "#1"},
				"west": {"uv": [0, 1, 1, 0], "texture": "#1"},
				"up": {"uv": [0, 1, 1, 0], "texture": "#1"},
				"down": {"uv": [0, 1, 1, 0], "texture": "#1"}
			}
		},
		{
			"name": "hexadecagon",
			"from": [9.7, 0, 7.60218],
			"to": [10, 1, 8.39782],
			"faces": {
				"north": {"uv": [0, 1, 1, 0], "texture": "#1"},
				"east": {"uv": [0, 1, 1, 0], "texture": "#1"},
				"south": {"uv": [0, 1, 1, 0], "texture": "#1"},
				"west": {"uv": [0, 1, 1, 0], "texture": "#1"},
				"up": {"uv": [0, 1, 1, 0], "texture": "#1"},
				"down": {"uv": [0, 1, 1, 0], "texture": "#1"}
			}
		},
		{
			"name": "hexadecagon",
			"from": [9.7, 0, 7.60218],
			"to": [10, 1, 8.39782],
			"rotation": {"angle": -22.5, "axis": "y", "origin": [8, 0.5, 8]},
			"faces": {
				"north": {"uv": [0, 1, 1, 0], "texture": "#1"},
				"east": {"uv": [0, 1, 1, 0], "texture": "#1"},
				"south": {"uv": [0, 1, 1, 0], "texture": "#1"},
				"west": {"uv": [0, 1, 1, 0], "texture": "#1"},
				"up": {"uv": [0, 1, 1, 0], "texture": "#1"},
				"down": {"uv": [0, 1, 1, 0], "texture": "#1"}
			}
		},
		{
			"name": "hexadecagon",
			"from": [6, 0, 7.60218],
			"to": [6.3, 1, 8.39782],
			"rotation": {"angle": 22.5, "axis": "y", "origin": [8, 0.5, 8]},
			"faces": {
				"north": {"uv": [0, 1, 1, 0], "texture": "#1"},
				"east": {"uv": [0, 1, 1, 0], "texture": "#1"},
				"south": {"uv": [0, 1, 1, 0], "texture": "#1"},
				"west": {"uv": [0, 1, 1, 0], "texture": "#1"},
				"up": {"uv": [0, 1, 1, 0], "texture": "#1"},
				"down": {"uv": [0, 1, 1, 0], "texture": "#1"}
			}
		},
		{
			"name": "hexadecagon",
			"from": [6, 0, 7.60218],
			"to": [6.3, 1, 8.39782],
			"faces": {
				"north": {"uv": [0, 1, 1, 0], "texture": "#1"},
				"east": {"uv": [0, 1, 1, 0], "texture": "#1"},
				"south": {"uv": [0, 1, 1, 0], "texture": "#1"},
				"west": {"uv": [0, 1, 1, 0], "texture": "#1"},
				"up": {"uv": [0, 1, 1, 0], "texture": "#1"},
				"down": {"uv": [0, 1, 1, 0], "texture": "#1"}
			}
		},
		{
			"name": "hexadecagon",
			"from": [6, 0, 7.60218],
			"to": [6.3, 1, 8.39782],
			"rotation": {"angle": -22.5, "axis": "y", "origin": [8, 0.5, 8]},
			"faces": {
				"north": {"uv": [0, 1, 1, 0], "texture": "#1"},
				"east": {"uv": [0, 1, 1, 0], "texture": "#1"},
				"south": {"uv": [0, 1, 1, 0], "texture": "#1"},
				"west": {"uv": [0, 1, 1, 0], "texture": "#1"},
				"up": {"uv": [0, 1, 1, 0], "texture": "#1"},
				"down": {"uv": [0, 1, 1, 0], "texture": "#1"}
			}
		},
		{
			"name": "hexadecagon",
			"from": [7.60218, 0, 9.7],
			"to": [8.39782, 1, 10],
			"rotation": {"angle": 22.5, "axis": "y", "origin": [8, 0.5, 8]},
			"faces": {
				"north": {"uv": [0, 1, 1, 0], "texture": "#1"},
				"east": {"uv": [0, 1, 1, 0], "texture": "#1"},
				"south": {"uv": [0, 1, 1, 0], "texture": "#1"},
				"west": {"uv": [0, 1, 1, 0], "texture": "#1"},
				"up": {"uv": [0, 1, 1, 0], "texture": "#1"},
				"down": {"uv": [0, 1, 1, 0], "texture": "#1"}
			}
		},
		{
			"name": "hexadecagon",
			"from": [7.60218, 0, 9.7],
			"to": [8.39782, 1, 10],
			"faces": {
				"north": {"uv": [0, 1, 1, 0], "texture": "#1"},
				"east": {"uv": [0, 1, 1, 0], "texture": "#1"},
				"south": {"uv": [0, 1, 1, 0], "texture": "#1"},
				"west": {"uv": [0, 1, 1, 0], "texture": "#1"},
				"up": {"uv": [0, 1, 1, 0], "texture": "#1"},
				"down": {"uv": [0, 1, 1, 0], "texture": "#1"}
			}
		},
		{
			"name": "hexadecagon",
			"from": [7.60218, 0, 9.7],
			"to": [8.39782, 1, 10],
			"rotation": {"angle": -22.5, "axis": "y", "origin": [8, 0.5, 8]},
			"faces": {
				"north": {"uv": [0, 1, 1, 0], "texture": "#1"},
				"east": {"uv": [0, 1, 1, 0], "texture": "#1"},
				"south": {"uv": [0, 1, 1, 0], "texture": "#1"},
				"west": {"uv": [0, 1, 1, 0], "texture": "#1"},
				"up": {"uv": [0, 1, 1, 0], "texture": "#1"},
				"down": {"uv": [0, 1, 1, 0], "texture": "#1"}
			}
		},
		{
			"name": "hexadecagon",
			"from": [7.60218, 0, 9.7],
			"to": [8.39782, 1, 10],
			"rotation": {"angle": -45, "axis": "y", "origin": [8, 0.5, 8]},
			"faces": {
				"north": {"uv": [0, 1, 1, 0], "texture": "#1"},
				"east": {"uv": [0, 1, 1, 0], "texture": "#1"},
				"south": {"uv": [0, 1, 1, 0], "texture": "#1"},
				"west": {"uv": [0, 1, 1, 0], "texture": "#1"},
				"up": {"uv": [0, 1, 1, 0], "texture": "#1"},
				"down": {"uv": [0, 1, 1, 0], "texture": "#1"}
			}
		},
		{
			"name": "hexadecagon",
			"from": [7.60218, 0, 6],
			"to": [8.39782, 1, 6.3],
			"rotation": {"angle": 45, "axis": "y", "origin": [8, 0.5, 8]},
			"faces": {
				"north": {"uv": [0, 1, 1, 0], "texture": "#1"},
				"east": {"uv": [0, 1, 1, 0], "texture": "#1"},
				"south": {"uv": [0, 1, 1, 0], "texture": "#1"},
				"west": {"uv": [0, 1, 1, 0], "texture": "#1"},
				"up": {"uv": [0, 1, 1, 0], "texture": "#1"},
				"down": {"uv": [0, 1, 1, 0], "texture": "#1"}
			}
		},
		{
			"name": "hexadecagon",
			"from": [7.60218, 0, 6],
			"to": [8.39782, 1, 6.3],
			"rotation": {"angle": 22.5, "axis": "y", "origin": [8, 0.5, 8]},
			"faces": {
				"north": {"uv": [0, 1, 1, 0], "texture": "#1"},
				"east": {"uv": [0, 1, 1, 0], "texture": "#1"},
				"south": {"uv": [0, 1, 1, 0], "texture": "#1"},
				"west": {"uv": [0, 1, 1, 0], "texture": "#1"},
				"up": {"uv": [0, 1, 1, 0], "texture": "#1"},
				"down": {"uv": [0, 1, 1, 0], "texture": "#1"}
			}
		},
		{
			"name": "hexadecagon",
			"from": [7.60218, 0, 6],
			"to": [8.39782, 1, 6.3],
			"faces": {
				"north": {"uv": [0, 1, 1, 0], "texture": "#1"},
				"east": {"uv": [0, 1, 1, 0], "texture": "#1"},
				"south": {"uv": [0, 1, 1, 0], "texture": "#1"},
				"west": {"uv": [0, 1, 1, 0], "texture": "#1"},
				"up": {"uv": [0, 1, 1, 0], "texture": "#1"},
				"down": {"uv": [0, 1, 1, 0], "texture": "#1"}
			}
		},
		{
			"name": "hexadecagon",
			"from": [7.60218, 0, 6],
			"to": [8.39782, 1, 6.3],
			"rotation": {"angle": -22.5, "axis": "y", "origin": [8, 0.5, 8]},
			"faces": {
				"north": {"uv": [0, 1, 1, 0], "texture": "#1"},
				"east": {"uv": [0, 1, 1, 0], "texture": "#1"},
				"south": {"uv": [0, 1, 1, 0], "texture": "#1"},
				"west": {"uv": [0, 1, 1, 0], "texture": "#1"},
				"up": {"uv": [0, 1, 1, 0], "texture": "#1"},
				"down": {"uv": [0, 1, 1, 0], "texture": "#1"}
			}
		},
		{
			"name": "hexadecagon",
			"from": [7.60218, 0, 6],
			"to": [8.39782, 1, 6.3],
			"rotation": {"angle": -45, "axis": "y", "origin": [8, 0.5, 8]},
			"faces": {
				"north": {"uv": [0, 1, 1, 0], "texture": "#1"},
				"east": {"uv": [0, 1, 1, 0], "texture": "#1"},
				"south": {"uv": [0, 1, 1, 0], "texture": "#1"},
				"west": {"uv": [0, 1, 1, 0], "texture": "#1"},
				"up": {"uv": [0, 1, 1, 0], "texture": "#1"},
				"down": {"uv": [0, 1, 1, 0], "texture": "#1"}
			}
		},
		{
			"name": "hexadecagon",
			"from": [7.6519, 1.5, 6.25],
			"to": [8.3481, 2.75, 9.75],
			"faces": {
				"north": {"uv": [2.5, 2.5, 13, 13.5], "texture": "#0"},
				"east": {"uv": [2.5, 2.5, 13, 13.5], "texture": "#0"},
				"south": {"uv": [2.5, 2.5, 13, 13.5], "texture": "#0"},
				"west": {"uv": [2.5, 2.5, 13, 13.5], "texture": "#0"},
				"up": {"uv": [2.5, 2.5, 13, 13.5], "texture": "#0"},
				"down": {"uv": [2.5, 2.5, 13, 13.5], "texture": "#0"}
			}
		},
		{
			"name": "hexadecagon",
			"from": [7.6519, 1.5, 6.25],
			"to": [8.3481, 2.75, 9.75],
			"rotation": {"angle": 22.5, "axis": "y", "origin": [8, 2, 8]},
			"faces": {
				"north": {"uv": [2.5, 2.5, 13, 13.5], "texture": "#0"},
				"east": {"uv": [2.5, 2.5, 13, 13.5], "texture": "#0"},
				"south": {"uv": [2.5, 2.5, 13, 13.5], "texture": "#0"},
				"west": {"uv": [2.5, 2.5, 13, 13.5], "texture": "#0"},
				"up": {"uv": [2.5, 2.5, 13, 13.5], "texture": "#0"},
				"down": {"uv": [2.5, 2.5, 13, 13.5], "texture": "#0"}
			}
		},
		{
			"name": "hexadecagon",
			"from": [7.6519, 1.5, 6.25],
			"to": [8.3481, 2.75, 9.75],
			"rotation": {"angle": 45, "axis": "y", "origin": [8, 2, 8]},
			"faces": {
				"north": {"uv": [2.5, 2.5, 13, 13.5], "texture": "#0"},
				"east": {"uv": [2.5, 2.5, 13, 13.5], "texture": "#0"},
				"south": {"uv": [2.5, 2.5, 13, 13.5], "texture": "#0"},
				"west": {"uv": [2.5, 2.5, 13, 13.5], "texture": "#0"},
				"up": {"uv": [2.5, 2.5, 13, 13.5], "texture": "#0"},
				"down": {"uv": [2.5, 2.5, 13, 13.5], "texture": "#0"}
			}
		},
		{
			"name": "hexadecagon",
			"from": [6.25, 1.5, 7.6519],
			"to": [9.75, 2.75, 8.3481],
			"rotation": {"angle": -22.5, "axis": "y", "origin": [8, 2, 8]},
			"faces": {
				"north": {"uv": [2.5, 2.5, 13, 13.5], "texture": "#0"},
				"east": {"uv": [2.5, 2.5, 13, 13.5], "texture": "#0"},
				"south": {"uv": [2.5, 2.5, 13, 13.5], "texture": "#0"},
				"west": {"uv": [2.5, 2.5, 13, 13.5], "texture": "#0"},
				"up": {"uv": [2.5, 2.5, 13, 13.5], "texture": "#0"},
				"down": {"uv": [2.5, 2.5, 13, 13.5], "texture": "#0"}
			}
		},
		{
			"name": "hexadecagon",
			"from": [6.25, 1.5, 7.6519],
			"to": [9.75, 2.75, 8.3481],
			"faces": {
				"north": {"uv": [2.5, 2.5, 13, 13.5], "texture": "#0"},
				"east": {"uv": [2.5, 2.5, 13, 13.5], "texture": "#0"},
				"south": {"uv": [2.5, 2.5, 13, 13.5], "texture": "#0"},
				"west": {"uv": [2.5, 2.5, 13, 13.5], "texture": "#0"},
				"up": {"uv": [2.5, 2.5, 13, 13.5], "texture": "#0"},
				"down": {"uv": [2.5, 2.5, 13, 13.5], "texture": "#0"}
			}
		},
		{
			"name": "hexadecagon",
			"from": [6.15, 0.5, 7.63201],
			"to": [9.85, 1.5, 8.36799],
			"rotation": {"angle": 22.5, "axis": "y", "origin": [8, 1, 8]},
			"faces": {
				"north": {"uv": [2.5, 3.5, 3.5, 2.5], "texture": "#0"},
				"east": {"uv": [2.5, 3.5, 3.5, 2.5], "texture": "#0"},
				"south": {"uv": [2.5, 3.5, 3.5, 2.5], "texture": "#0"},
				"west": {"uv": [2.5, 3.5, 3.5, 2.5], "texture": "#0"},
				"up": {"uv": [2.5, 3.5, 3.5, 2.5], "texture": "#0"},
				"down": {"uv": [2.5, 3.5, 3.5, 2.5], "texture": "#0"}
			}
		},
		{
			"name": "hexadecagon",
			"from": [7.63201, 0.5, 6.15],
			"to": [8.36799, 1.5, 9.85],
			"rotation": {"angle": -22.5, "axis": "y", "origin": [8, 1, 8]},
			"faces": {
				"north": {"uv": [2.5, 3.5, 3.5, 2.5], "texture": "#0"},
				"east": {"uv": [2.5, 3.5, 3.5, 2.5], "texture": "#0"},
				"south": {"uv": [2.5, 3.5, 3.5, 2.5], "texture": "#0"},
				"west": {"uv": [2.5, 3.5, 3.5, 2.5], "texture": "#0"},
				"up": {"uv": [2.5, 3.5, 3.5, 2.5], "texture": "#0"},
				"down": {"uv": [2.5, 3.5, 3.5, 2.5], "texture": "#0"}
			}
		},
		{
			"name": "hexadecagon",
			"from": [7.63201, 0.5, 6.15],
			"to": [8.36799, 1.5, 9.85],
			"faces": {
				"north": {"uv": [2.5, 3.5, 3.5, 2.5], "texture": "#0"},
				"east": {"uv": [2.5, 3.5, 3.5, 2.5], "texture": "#0"},
				"south": {"uv": [2.5, 3.5, 3.5, 2.5], "texture": "#0"},
				"west": {"uv": [2.5, 3.5, 3.5, 2.5], "texture": "#0"},
				"up": {"uv": [2.5, 3.5, 3.5, 2.5], "texture": "#0"},
				"down": {"uv": [2.5, 3.5, 3.5, 2.5], "texture": "#0"}
			}
		},
		{
			"name": "hexadecagon",
			"from": [7.63201, 0.5, 6.15],
			"to": [8.36799, 1.5, 9.85],
			"rotation": {"angle": 22.5, "axis": "y", "origin": [8, 1, 8]},
			"faces": {
				"north": {"uv": [2.5, 3.5, 3.5, 2.5], "texture": "#0"},
				"east": {"uv": [2.5, 3.5, 3.5, 2.5], "texture": "#0"},
				"south": {"uv": [2.5, 3.5, 3.5, 2.5], "texture": "#0"},
				"west": {"uv": [2.5, 3.5, 3.5, 2.5], "texture": "#0"},
				"up": {"uv": [2.5, 3.5, 3.5, 2.5], "texture": "#0"},
				"down": {"uv": [2.5, 3.5, 3.5, 2.5], "texture": "#0"}
			}
		},
		{
			"name": "hexadecagon",
			"from": [7.63201, 0.5, 6.15],
			"to": [8.36799, 1.5, 9.85],
			"rotation": {"angle": 45, "axis": "y", "origin": [8, 1, 8]},
			"faces": {
				"north": {"uv": [2.5, 3.5, 3.5, 2.5], "texture": "#0"},
				"east": {"uv": [2.5, 3.5, 3.5, 2.5], "texture": "#0"},
				"south": {"uv": [2.5, 3.5, 3.5, 2.5], "texture": "#0"},
				"west": {"uv": [2.5, 3.5, 3.5, 2.5], "texture": "#0"},
				"up": {"uv": [2.5, 3.5, 3.5, 2.5], "texture": "#0"},
				"down": {"uv": [2.5, 3.5, 3.5, 2.5], "texture": "#0"}
			}
		},
		{
			"name": "hexadecagon",
			"from": [6.15, 0.5, 7.63201],
			"to": [9.85, 1.5, 8.36799],
			"rotation": {"angle": -22.5, "axis": "y", "origin": [8, 1, 8]},
			"faces": {
				"north": {"uv": [2.5, 3.5, 3.5, 2.5], "texture": "#0"},
				"east": {"uv": [2.5, 3.5, 3.5, 2.5], "texture": "#0"},
				"south": {"uv": [2.5, 3.5, 3.5, 2.5], "texture": "#0"},
				"west": {"uv": [2.5, 3.5, 3.5, 2.5], "texture": "#0"},
				"up": {"uv": [2.5, 3.5, 3.5, 2.5], "texture": "#0"},
				"down": {"uv": [2.5, 3.5, 3.5, 2.5], "texture": "#0"}
			}
		},
		{
			"name": "hexadecagon",
			"from": [6.15, 0.5, 7.63201],
			"to": [9.85, 1.5, 8.36799],
			"faces": {
				"north": {"uv": [2.5, 3.5, 3.5, 2.5], "texture": "#0"},
				"east": {"uv": [2.5, 3.5, 3.5, 2.5], "texture": "#0"},
				"south": {"uv": [2.5, 3.5, 3.5, 2.5], "texture": "#0"},
				"west": {"uv": [2.5, 3.5, 3.5, 2.5], "texture": "#0"},
				"up": {"uv": [2.5, 3.5, 3.5, 2.5], "texture": "#0"},
				"down": {"uv": [2.5, 3.5, 3.5, 2.5], "texture": "#0"}
			}
		},
		{
			"name": "hexadecagon",
			"from": [7.63201, 0.5, 6.15],
			"to": [8.36799, 1.5, 9.85],
			"rotation": {"angle": -45, "axis": "y", "origin": [8, 1, 8]},
			"faces": {
				"north": {"uv": [2.5, 3.5, 3.5, 2.5], "texture": "#0"},
				"east": {"uv": [2.5, 3.5, 3.5, 2.5], "texture": "#0"},
				"south": {"uv": [2.5, 3.5, 3.5, 2.5], "texture": "#0"},
				"west": {"uv": [2.5, 3.5, 3.5, 2.5], "texture": "#0"},
				"up": {"uv": [2.5, 3.5, 3.5, 2.5], "texture": "#0"},
				"down": {"uv": [2.5, 3.5, 3.5, 2.5], "texture": "#0"}
			}
		},
		{
			"name": "hexadecagon",
			"from": [6.25, 1.5, 7.6519],
			"to": [9.75, 2.75, 8.3481],
			"rotation": {"angle": 22.5, "axis": "y", "origin": [8, 2, 8]},
			"faces": {
				"north": {"uv": [2.5, 2.5, 13, 13.5], "texture": "#0"},
				"east": {"uv": [2.5, 2.5, 13, 13.5], "texture": "#0"},
				"south": {"uv": [2.5, 2.5, 13, 13.5], "texture": "#0"},
				"west": {"uv": [2.5, 2.5, 13, 13.5], "texture": "#0"},
				"up": {"uv": [2.5, 2.5, 13, 13.5], "texture": "#0"},
				"down": {"uv": [2.5, 2.5, 13, 13.5], "texture": "#0"}
			}
		},
		{
			"name": "hexadecagon",
			"from": [6.2, 2.65, 7.64196],
			"to": [9.8, 2.9, 8.35804],
			"rotation": {"angle": 22.5, "axis": "y", "origin": [8, 3.15, 8]},
			"faces": {
				"north": {"uv": [1, 1, 2, 2], "texture": "#1"},
				"east": {"uv": [1, 1, 2, 2], "texture": "#1"},
				"south": {"uv": [1, 1, 2, 2], "texture": "#1"},
				"west": {"uv": [1, 1, 2, 2], "texture": "#1"},
				"up": {"uv": [1, 1, 2, 2], "texture": "#1"},
				"down": {"uv": [1, 1, 2, 2], "texture": "#1"}
			}
		},
		{
			"name": "hexadecagon",
			"from": [7.64196, 2.65, 6.2],
			"to": [8.35804, 2.9, 9.8],
			"rotation": {"angle": -45, "axis": "y", "origin": [8, 3.15, 8]},
			"faces": {
				"north": {"uv": [1, 1, 2, 2], "texture": "#1"},
				"east": {"uv": [1, 1, 2, 2], "texture": "#1"},
				"south": {"uv": [1, 1, 2, 2], "texture": "#1"},
				"west": {"uv": [1, 1, 2, 2], "texture": "#1"},
				"up": {"uv": [1, 1, 2, 2], "texture": "#1"},
				"down": {"uv": [1, 1, 2, 2], "texture": "#1"}
			}
		},
		{
			"name": "hexadecagon",
			"from": [7.64196, 2.65, 6.2],
			"to": [8.35804, 2.9, 9.8],
			"rotation": {"angle": -22.5, "axis": "y", "origin": [8, 3.15, 8]},
			"faces": {
				"north": {"uv": [1, 1, 2, 2], "texture": "#1"},
				"east": {"uv": [1, 1, 2, 2], "texture": "#1"},
				"south": {"uv": [1, 1, 2, 2], "texture": "#1"},
				"west": {"uv": [1, 1, 2, 2], "texture": "#1"},
				"up": {"uv": [1, 1, 2, 2], "texture": "#1"},
				"down": {"uv": [1, 1, 2, 2], "texture": "#1"}
			}
		},
		{
			"name": "hexadecagon",
			"from": [7.64196, 2.65, 6.2],
			"to": [8.35804, 2.9, 9.8],
			"faces": {
				"north": {"uv": [1, 1, 2, 2], "texture": "#1"},
				"east": {"uv": [1, 1, 2, 2], "texture": "#1"},
				"south": {"uv": [1, 1, 2, 2], "texture": "#1"},
				"west": {"uv": [1, 1, 2, 2], "texture": "#1"},
				"up": {"uv": [1, 1, 2, 2], "texture": "#1"},
				"down": {"uv": [1, 1, 2, 2], "texture": "#1"}
			}
		},
		{
			"name": "hexadecagon",
			"from": [7.64196, 2.65, 6.2],
			"to": [8.35804, 2.9, 9.8],
			"rotation": {"angle": 22.5, "axis": "y", "origin": [8, 3.15, 8]},
			"faces": {
				"north": {"uv": [1, 1, 2, 2], "texture": "#1"},
				"east": {"uv": [1, 1, 2, 2], "texture": "#1"},
				"south": {"uv": [1, 1, 2, 2], "texture": "#1"},
				"west": {"uv": [1, 1, 2, 2], "texture": "#1"},
				"up": {"uv": [1, 1, 2, 2], "texture": "#1"},
				"down": {"uv": [1, 1, 2, 2], "texture": "#1"}
			}
		},
		{
			"name": "hexadecagon",
			"from": [7.64196, 2.65, 6.2],
			"to": [8.35804, 2.9, 9.8],
			"rotation": {"angle": 45, "axis": "y", "origin": [8, 3.15, 8]},
			"faces": {
				"north": {"uv": [1, 1, 2, 2], "texture": "#1"},
				"east": {"uv": [1, 1, 2, 2], "texture": "#1"},
				"south": {"uv": [1, 1, 2, 2], "texture": "#1"},
				"west": {"uv": [1, 1, 2, 2], "texture": "#1"},
				"up": {"uv": [1, 1, 2, 2], "texture": "#1"},
				"down": {"uv": [1, 1, 2, 2], "texture": "#1"}
			}
		},
		{
			"name": "hexadecagon",
			"from": [6.2, 2.65, 7.64196],
			"to": [9.8, 2.9, 8.35804],
			"rotation": {"angle": -22.5, "axis": "y", "origin": [8, 3.15, 8]},
			"faces": {
				"north": {"uv": [1, 1, 2, 2], "texture": "#1"},
				"east": {"uv": [1, 1, 2, 2], "texture": "#1"},
				"south": {"uv": [1, 1, 2, 2], "texture": "#1"},
				"west": {"uv": [1, 1, 2, 2], "texture": "#1"},
				"up": {"uv": [1, 1, 2, 2], "texture": "#1"},
				"down": {"uv": [1, 1, 2, 2], "texture": "#1"}
			}
		},
		{
			"name": "hexadecagon",
			"from": [6.2, 2.65, 7.64196],
			"to": [9.8, 2.9, 8.35804],
			"faces": {
				"north": {"uv": [1, 1, 2, 2], "texture": "#1"},
				"east": {"uv": [1, 1, 2, 2], "texture": "#1"},
				"south": {"uv": [1, 1, 2, 2], "texture": "#1"},
				"west": {"uv": [1, 1, 2, 2], "texture": "#1"},
				"up": {"uv": [1, 1, 2, 2], "texture": "#1"},
				"down": {"uv": [1, 1, 2, 2], "texture": "#1"}
			}
		},
		{
			"name": "hexadecagon",
			"from": [6.5, 2.9, 7.64196],
			"to": [9.5, 5.9, 8.35804],
			"faces": {
				"north": {"uv": [0, 0, 16, 16], "texture": "#2"},
				"east": {"uv": [0, 0, 1, 1], "texture": "#2"},
				"south": {"uv": [0, 0, 16, 16], "texture": "#2"},
				"west": {"uv": [0, 0, 1, 1], "texture": "#2"},
				"up": {"uv": [0, 0, 1, 1], "texture": "#2"},
				"down": {"uv": [0, 0, 1, 1], "texture": "#2"}
			}
		}
	],
	"display": {
		"thirdperson_righthand": {
			"rotation": [80, 0, -10],
			"translation": [-8.5, -4.3, -3.25]
		},
		"thirdperson_lefthand": {
			"rotation": [80, 0, -10],
			"translation": [-8.5, -4.3, -3.25]
		},
		"head": {
			"translation": [0, -54, 0],
			"scale": [1.8, 1.8, 1.8]
		}
	},
	"groups": [
		{
			"name": "memorycell",
			"children": []
		},
		{
			"name": "hexadecagon",
			"children": [0, 1, 2, 3, 4, 5, 6, 7, 8, 9, 10, 11, 12, 13, 14, 15, 16, 17, 18, 19, 20, 21, 22, 23, 24, 25, 26, 27, 28, 29, 30, 31, 32, 33, 34, 35, 36, 37, 38, 39]
		},
		{
			"name": "botcell",
			"children": [40, 41, 42, 43, 44, 45, 46, 47, 48, 49, 50, 51, 52, 53, 54, 55, 56, 57, 58, 59, 60, 61, 62, 63, 64, 65, 66, 67, 68, 69, 70, 71, 72, 73, 74, 75, 76, 77, 78, 79]
		},
		{
			"name": "hexadecagon",
			"children": []
		}, 80]
}