{
    "pools": [
        {
            "rolls": 1,
            "entries": [
                {
                    "type": "item",
                    "weight": 1,
                    "name": "minecraft:firework_star",
                    "conditions": [
                        {
                            "condition": "random_chance_with_looting",
                            "chance": 0.08,
                            "looting_multiplier": 0
                        }
                    ],
                    "functions": [
                        {
                            "function": "set_nbt",
                            "tag": "{Tags:[\"zcbm_unst\",\"ammo_small\"],CustomModelData:1997,display:{Name:\"{\\\"translate\\\":\\\"ammo_small_clip\\\",\\\"color\\\":\\\"white\\\",\\\"italic\\\":\\\"false\\\"}\",Lore:[\"{\\\"translate\\\":\\\"ammo_small_desc\\\",\\\"color\\\":\\\"gray\\\",\\\"italic\\\":\\\"false\\\"}\"]},HideFlags:63}"
                        },
                        {
                            "function": "set_count",
                            "count": {
                                "min": 0,
                                "max": 1
                            }
                        }
                    ]
                },
                {
                    "type": "item",
                    "weight": 1,
                    "name": "minecraft:firework_star",
                    "conditions": [
                        {
                            "condition": "random_chance_with_looting",
                            "chance": 0.04,
                            "looting_multiplier": 0
                        }
                    ],
                    "functions": [
                        {
                            "function": "set_nbt",
                            "tag": "{Tags:[\"zcbm_unst\",\"ammo_medium\"],CustomModelData:1998,display:{Name:\"{\\\"translate\\\":\\\"ammo_medium_clip\\\",\\\"color\\\":\\\"white\\\",\\\"italic\\\":\\\"false\\\"}\",Lore:[\"{\\\"translate\\\":\\\"ammo_medium_desc\\\",\\\"color\\\":\\\"gray\\\",\\\"italic\\\":\\\"false\\\"}\"]},HideFlags:63}"
                        },
                        {
                            "function": "set_count",
                            "count": {
                                "min": 0,
                                "max": 1
                            }
                        }
                    ]
                },
                {
                    "type": "item",
                    "weight": 1,
                    "name": "minecraft:firework_star",
                    "conditions": [
                        {
                            "condition": "random_chance_with_looting",
                            "chance": 0.02,
                            "looting_multiplier": 0
                        }
                    ],
                    "functions": [
                        {
                            "function": "set_nbt",
                            "tag": "{Tags:[\"zcbm_unst\",\"ammo_large\"],CustomModelData:1999,display:{Name:\"{\\\"translate\\\":\\\"ammo_large_clip\\\",\\\"color\\\":\\\"white\\\",\\\"italic\\\":\\\"false\\\"}\",Lore:[\"{\\\"translate\\\":\\\"ammo_large_desc\\\",\\\"color\\\":\\\"gray\\\",\\\"italic\\\":\\\"false\\\"}\"]},HideFlags:63}"
                        },
                        {
                            "function": "set_count",
                            "count": {
                                "min": 0,
                                "max": 1
                            }
                        }
                    ]
                },
                {
                    "type": "item",
                    "weight": 1,
                    "name": "minecraft:firework_star",
                    "conditions": [
                        {
                            "condition": "random_chance_with_looting",
                            "chance": 0.04,
                            "looting_multiplier": 0
                        }
                    ],
                    "functions": [
                        {
                            "function": "set_nbt",
                            "tag": "{Tags:[\"zcbm_unst\",\"ammo_fire\"],CustomModelData:1995,display:{Name:\"{\\\"translate\\\":\\\"ammo_fire_clip\\\",\\\"color\\\":\\\"white\\\",\\\"italic\\\":\\\"false\\\"}\",Lore:[\"{\\\"translate\\\":\\\"ammo_fire_desc\\\",\\\"color\\\":\\\"gray\\\",\\\"italic\\\":\\\"false\\\"}\"]},HideFlags:63}"
                        },
                        {
                            "function": "set_count",
                            "count": {
                                "min": 0,
                                "max": 1
                            }
                        }
                    ]
                },
                {
                    "type": "item",
                    "weight": 1,
                    "name": "minecraft:firework_star",
                    "conditions": [
                        {
                            "condition": "random_chance_with_looting",
                            "chance": 0.02,
                            "looting_multiplier": 0
                        }
                    ],
                    "functions": [
                        {
                            "function": "set_nbt",
                            "tag": "{Tags:[\"zcbm_unst\",\"ammo_laser\"],CustomModelData:1996,display:{Name:\"{\\\"translate\\\":\\\"ammo_laser_clip\\\",\\\"color\\\":\\\"white\\\",\\\"italic\\\":\\\"false\\\"}\",Lore:[\"{\\\"translate\\\":\\\"ammo_laser_desc\\\",\\\"color\\\":\\\"gray\\\",\\\"italic\\\":\\\"false\\\"}\"]},HideFlags:63}"
                        },
                        {
                            "function": "set_count",
                            "count": {
                                "min": 0,
                                "max": 1
                            }
                        }
                    ]
                },
                {
                    "type": "item",
                    "weight": 1,
                    "name": "minecraft:carrot_on_a_stick",
                    "conditions": [
                        {
                            "condition": "random_chance_with_looting",
                            "chance": 0.01,
                            "looting_multiplier": 0
                        }
                    ],
                    "functions": [
                        {
                            "function": "set_nbt",
                            "tag": "{Charged:1b,HideFlags:63,Unbreakable:1b,Tags:[\"zcbm_unst\",\"zcbm_grenade\"],CustomModelData:1300,display:{Name:\"{\\\"text\\\":\\\"Frag Grenade\\\",\\\"color\\\":\\\"white\\\",\\\"italic\\\":\\\"false\\\"}\",Lore:[\"[{\\\"translate\\\":\\\"explosive\\\",\\\"color\\\":\\\"gray\\\",\\\"italic\\\":\\\"false\\\"},{\\\"text\\\":\\\" ▰▰▰▰▰▰▰▰▰▰▰\\\"}]\",\"{\\\"text\\\":\\\"\\\"}\",\"[{\\\"translate\\\":\\\"w_exp_power\\\",\\\"color\\\":\\\"gray\\\",\\\"italic\\\":\\\"false\\\"},{\\\"text\\\":\\\"×3\\\",\\\"color\\\":\\\"white\\\",\\\"italic\\\":\\\"false\\\"}]\",\"[{\\\"translate\\\":\\\"w_fuse_delay\\\",\\\"color\\\":\\\"gray\\\",\\\"italic\\\":\\\"false\\\"},{\\\"text\\\":\\\"2\\\",\\\"color\\\":\\\"white\\\",\\\"italic\\\":\\\"false\\\"},{\\\"translate\\\":\\\"seconds\\\",\\\"color\\\":\\\"white\\\",\\\"italic\\\":\\\"false\\\"}]\"]},zcbm:{ExpR:3,Time:40,Spread:500,Speed:1500}}"
                        },
                        {
                            "function": "set_count",
                            "count": {
                                "min": 0,
                                "max": 1
                            }
                        }
                    ]
                }
            ]
        }
    ]
}