{
	"credit": "Made by SrDarmith - YouTube: Mainclay",
	"textures": {
		"particle": "blocks/anvil 1",
		"texture": "blocks/anvil 1",
		"wood door texture": "blocks/door wood lower"
	},
	"elements": [
		{
			"from": [-7.25, 9, 7.75],
			"to": [1.5, 9.25, 8.25],
			"faces": {
				"north": {"uv": [14.5, 6.75, 16, 7], "texture": "#texture", "cullface": "west"},
				"south": {"uv": [0, 6.75, 1.5, 7], "texture": "#texture", "cullface": "west"},
				"west": {"uv": [7.75, 6.75, 8.25, 7], "texture": "#texture", "cullface": "west"},
				"up": {"uv": [0, 7.75, 1.5, 8.25], "texture": "#texture", "cullface": "west"},
				"down": {"uv": [16, 8.25, 14.5, 7.75], "texture": "#texture", "cullface": "west"}
			}
		},
		{
			"from": [-6.5, 8.25, 7.5],
			"to": [-5.5, 9.25, 8.5],
			"faces": {
				"north": {"uv": [16, 6.75, 16, 7.75], "texture": "#texture", "cullface": "west"},
				"east": {"uv": [7.5, 6.75, 8.5, 7.75], "texture": "#texture", "cullface": "west"},
				"south": {"uv": [0, 6.75, 0, 7.75], "texture": "#texture", "cullface": "west"},
				"west": {"uv": [7.5, 6.75, 8.5, 7.75], "texture": "#texture", "cullface": "west"},
				"up": {"uv": [0, 7.5, 0, 8.5], "texture": "#texture", "cullface": "west"},
				"down": {"uv": [16, 8.5, 16, 7.5], "texture": "#texture", "cullface": "west"}
			}
		},
		{
			"from": [-6.5, 7.75, 7.75],
			"to": [-5.5, 9.85, 8.25],
			"faces": {
				"north": {"uv": [16, 6, 16, 6.75], "texture": "#texture", "cullface": "west"},
				"east": {"uv": [7.75, 6, 8.25, 6.75], "texture": "#texture", "cullface": "west"},
				"south": {"uv": [0, 6, 0, 6.75], "texture": "#texture", "cullface": "west"},
				"west": {"uv": [7.75, 6, 8.25, 6.75], "texture": "#texture", "cullface": "west"},
				"up": {"uv": [0, 7.75, 0, 8.25], "texture": "#texture", "cullface": "west"}
			}
		},
		{
			"from": [-6.5, 9.85, 7.75],
			"to": [-5.75, 10.45, 8.25],
			"faces": {
				"north": {"uv": [16, 5.5, 16, 6], "texture": "#texture", "cullface": "west"},
				"east": {"uv": [7.75, 5.5, 8.25, 6], "texture": "#texture", "cullface": "west"},
				"south": {"uv": [0, 5.5, 0, 6], "texture": "#texture", "cullface": "west"},
				"west": {"uv": [7.75, 5.5, 8.25, 6], "texture": "#texture", "cullface": "west"},
				"up": {"uv": [0, 7.75, 0, 8.25], "texture": "#texture", "cullface": "west"}
			}
		},
		{
			"from": [-6.5, 10.7, 7.5],
			"to": [-6, 11.2, 7.75],
			"faces": {
				"north": {"uv": [16, 5, 16, 5.5], "texture": "#texture", "cullface": "west"},
				"east": {"uv": [8.25, 5, 8.5, 5.5], "texture": "#texture", "cullface": "west"},
				"south": {"uv": [0, 5, 0, 5.5], "texture": "#texture", "cullface": "west"},
				"west": {"uv": [7.5, 5, 7.75, 5.5], "texture": "#texture", "cullface": "west"},
				"up": {"uv": [0, 7.5, 0, 7.75], "texture": "#texture", "cullface": "west"},
				"down": {"uv": [16, 7.75, 16, 7.5], "texture": "#texture", "cullface": "west"}
			}
		},
		{
			"from": [-6.5, 10.7, 8.25],
			"to": [-6, 11.2, 8.5],
			"faces": {
				"north": {"uv": [16, 5, 16, 5.5], "texture": "#texture", "cullface": "west"},
				"east": {"uv": [7.5, 5, 7.75, 5.5], "texture": "#texture", "cullface": "west"},
				"south": {"uv": [0, 5, 0, 5.5], "texture": "#texture", "cullface": "west"},
				"west": {"uv": [8.25, 5, 8.5, 5.5], "texture": "#texture", "cullface": "west"},
				"up": {"uv": [0, 8.25, 0, 8.5], "texture": "#texture", "cullface": "west"},
				"down": {"uv": [16, 8.5, 16, 8.25], "texture": "#texture", "cullface": "west"}
			}
		},
		{
			"from": [-6.5, 11.2, 7.75],
			"to": [-6, 11.45, 8.25],
			"faces": {
				"north": {"uv": [16, 4.75, 16, 5], "texture": "#texture", "cullface": "west"},
				"east": {"uv": [7.75, 4.75, 8.25, 5], "texture": "#texture", "cullface": "west"},
				"south": {"uv": [0, 4.75, 0, 5], "texture": "#texture", "cullface": "west"},
				"west": {"uv": [7.75, 4.75, 8.25, 5], "texture": "#texture", "cullface": "west"},
				"up": {"uv": [0, 7.75, 0, 8.25], "texture": "#texture", "cullface": "west"},
				"down": {"uv": [16, 8.25, 16, 7.75], "texture": "#texture", "cullface": "west"}
			}
		},
		{
			"from": [-6.5, 10.45, 7.75],
			"to": [-6, 10.7, 8.25],
			"faces": {
				"north": {"uv": [16, 4.75, 16, 5], "texture": "#texture", "cullface": "west"},
				"east": {"uv": [7.75, 4.75, 8.25, 5], "texture": "#texture", "cullface": "west"},
				"south": {"uv": [0, 4.75, 0, 5], "texture": "#texture", "cullface": "west"},
				"west": {"uv": [7.75, 4.75, 8.25, 5], "texture": "#texture", "cullface": "west"},
				"up": {"uv": [0, 7.75, 0, 8.25], "texture": "#texture", "cullface": "west"},
				"down": {"uv": [16, 8.25, 16, 7.75], "texture": "#texture", "cullface": "west"}
			}
		},
		{
			"from": [-2.25, 8.25, 7.5],
			"to": [-1, 9.25, 8.5],
			"faces": {
				"north": {"uv": [16, 6.75, 16, 7.75], "texture": "#texture", "cullface": "west"},
				"east": {"uv": [7.5, 6.75, 8.5, 7.75], "texture": "#texture", "cullface": "west"},
				"south": {"uv": [0, 6.75, 0, 7.75], "texture": "#texture", "cullface": "west"},
				"west": {"uv": [7.5, 6.75, 8.5, 7.75], "texture": "#texture", "cullface": "west"},
				"up": {"uv": [0, 7.5, 0, 8.5], "texture": "#texture", "cullface": "west"},
				"down": {"uv": [16, 8.5, 16, 7.5], "texture": "#texture", "cullface": "west"}
			}
		},
		{
			"from": [-2, 9.25, 7.75],
			"to": [-1, 9.6, 8.25],
			"faces": {
				"north": {"uv": [16, 6.5, 16, 6.75], "texture": "#texture", "cullface": "west"},
				"east": {"uv": [7.75, 6.5, 8.25, 6.75], "texture": "#texture", "cullface": "west"},
				"south": {"uv": [0, 6.5, 0, 6.75], "texture": "#texture", "cullface": "west"},
				"west": {"uv": [7.75, 6.5, 8.25, 6.75], "texture": "#texture", "cullface": "west"},
				"up": {"uv": [0, 7.75, 0, 8.25], "texture": "#texture", "cullface": "west"}
			}
		},
		{
			"from": [-1.625, 9.575, 7.75],
			"to": [-1.25, 9.95, 8.25],
			"faces": {
				"north": {"uv": [16, 6.25, 16, 6.5], "texture": "#texture", "cullface": "west"},
				"south": {"uv": [0, 6.25, 0, 6.5], "texture": "#texture", "cullface": "west"},
				"west": {"uv": [7.75, 6.25, 8.25, 6.5], "texture": "#texture", "cullface": "west"},
				"up": {"uv": [0, 7.75, 0, 8.25], "texture": "#texture", "cullface": "west"}
			}
		},
		{
			"from": [-1.25, 9.6, 7.75],
			"to": [1.5, 10.3, 8.25],
			"faces": {
				"north": {"uv": [14.5, 6, 16, 6.5], "texture": "#texture", "cullface": "west"},
				"south": {"uv": [0, 6, 1.5, 6.5], "texture": "#texture", "cullface": "west"},
				"west": {"uv": [7.75, 6, 8.25, 6.5], "texture": "#texture", "cullface": "west"},
				"up": {"uv": [0, 7.75, 1.5, 8.25], "texture": "#texture", "cullface": "west"},
				"down": {"uv": [16, 8.25, 14.5, 7.75], "texture": "#texture", "cullface": "west"}
			}
		},
		{
			"from": [1.5, 9.25, 7],
			"to": [1.75, 10.25, 9],
			"faces": {
				"north": {"uv": [14.25, 5.75, 14.5, 6.75], "texture": "#texture"},
				"south": {"uv": [1.5, 5.75, 1.75, 6.75], "texture": "#texture"},
				"west": {"uv": [7, 5.75, 9, 6.75], "texture": "#texture"},
				"up": {"uv": [1.5, 7, 1.75, 9], "texture": "#texture"}
			}
		},
		{
			"from": [1.5, 8.25, 6.75],
			"to": [1.75, 9.25, 9.25],
			"faces": {
				"north": {"uv": [14.25, 6.75, 14.5, 7.75], "texture": "#texture"},
				"south": {"uv": [1.5, 6.75, 1.75, 7.75], "texture": "#texture"},
				"west": {"uv": [6.75, 6.75, 9.25, 7.75], "texture": "#texture"},
				"up": {"uv": [1.5, 6.75, 1.75, 9.25], "texture": "#texture"},
				"down": {"uv": [14.5, 9.25, 14.25, 6.75], "texture": "#texture"}
			}
		},
		{
			"from": [1.75, 9.5, 7],
			"to": [5.75, 10.25, 9],
			"faces": {
				"north": {"uv": [10.25, 5.75, 14.25, 6.5], "texture": "#wood door texture"},
				"south": {"uv": [1.75, 5.75, 5.75, 6.5], "texture": "#wood door texture"},
				"up": {"uv": [1.75, 7, 5.75, 9], "texture": "#wood door texture"},
				"down": {"uv": [14.25, 9, 10.25, 7], "texture": "#wood door texture"}
			}
		},
		{
			"from": [1.75, 10.25, 7.25],
			"to": [5.75, 10.5, 8.75],
			"faces": {
				"north": {"uv": [10.25, 5.5, 14.25, 5.75], "texture": "#wood door texture"},
				"south": {"uv": [1.75, 5.5, 5.75, 5.75], "texture": "#wood door texture"},
				"up": {"uv": [1.75, 7.25, 5.75, 8.75], "texture": "#wood door texture"}
			}
		},
		{
			"from": [1.5, 10.25, 7.25],
			"to": [1.75, 10.5, 8.75],
			"faces": {
				"north": {"uv": [14.25, 5.5, 14.5, 5.75], "texture": "#texture"},
				"south": {"uv": [1.5, 5.5, 1.75, 5.75], "texture": "#texture"},
				"west": {"uv": [7.25, 5.5, 8.75, 5.75], "texture": "#texture"},
				"up": {"uv": [1.5, 7.25, 1.75, 8.75], "texture": "#texture"}
			}
		},
		{
			"from": [1.75, 8.25, 6.75],
			"to": [7.5, 9.25, 9.25],
			"faces": {
				"north": {"uv": [8.25, 6.75, 14.25, 7.75], "texture": "#wood door texture"},
				"east": {"uv": [6.75, 6.75, 9.25, 7.75], "texture": "#wood door texture"},
				"south": {"uv": [1.75, 6.75, 7.75, 7.75], "texture": "#wood door texture"},
				"up": {"uv": [1.75, 6.75, 7.75, 9.25], "texture": "#wood door texture"},
				"down": {"uv": [14.25, 9.25, 8.25, 6.75], "texture": "#wood door texture"}
			}
		},
		{
			"from": [1.75, 7.75, 7],
			"to": [6, 8.25, 9],
			"faces": {
				"north": {"uv": [10.5, 7.75, 14.25, 8.25], "texture": "#wood door texture"},
				"south": {"uv": [1.75, 7.75, 5.5, 8.25], "texture": "#wood door texture"},
				"down": {"uv": [14.25, 9, 10.5, 7], "texture": "#wood door texture"}
			}
		},
		{
			"from": [1.5, 7.75, 7],
			"to": [1.75, 8.25, 9],
			"faces": {
				"north": {"uv": [14.25, 7.75, 14.5, 8.25], "texture": "#texture"},
				"south": {"uv": [1.5, 7.75, 1.75, 8.25], "texture": "#texture"},
				"west": {"uv": [7, 7.75, 9, 8.25], "texture": "#texture"},
				"down": {"uv": [14.5, 9, 14.25, 7], "texture": "#texture"}
			}
		},
		{
			"from": [6, 7.25, 6.95],
			"to": [7.5, 8.25, 9.05],
			"faces": {
				"north": {"uv": [8.25, 7.75, 10.5, 8.75], "texture": "#wood door texture"},
				"east": {"uv": [6.75, 7.75, 9.25, 8.75], "texture": "#wood door texture"},
				"south": {"uv": [5.5, 7.75, 7.75, 8.75], "texture": "#wood door texture"},
				"west": {"uv": [6.75, 7.75, 9.25, 8.75], "texture": "#wood door texture"},
				"down": {"uv": [10.5, 9.25, 8.25, 6.75], "texture": "#wood door texture"}
			}
		},
		{
			"from": [5.75, 9.25, 7],
			"to": [7.75, 10.75, 9],
			"faces": {
				"north": {"uv": [8.25, 5.25, 10.25, 6.75], "texture": "#texture"},
				"east": {"uv": [7, 5.25, 9, 6.75], "texture": "#texture"},
				"south": {"uv": [5.75, 5.25, 7.75, 6.75], "texture": "#texture"},
				"west": {"uv": [7, 5.25, 9, 6.75], "texture": "#texture"},
				"up": {"uv": [5.75, 7, 7.75, 9], "texture": "#texture"}
			}
		},
		{
			"from": [7.75, 9.75, 7.5],
			"to": [17.75, 10.5, 8.5],
			"faces": {
				"north": {"uv": [0, 5.5, 8.25, 6.25], "texture": "#texture", "cullface": "east"},
				"east": {"uv": [7.5, 5.5, 8.5, 6.25], "texture": "#texture", "cullface": "east"},
				"south": {"uv": [7.75, 5.5, 16, 6.25], "texture": "#texture", "cullface": "east"},
				"up": {"uv": [7.75, 7.5, 16, 8.5], "texture": "#texture", "cullface": "east"}
			}
		},
		{
			"from": [7.75, 9.5, 7.25],
			"to": [18.5, 9.75, 8.75],
			"faces": {
				"north": {"uv": [0, 6.25, 8.25, 6.5], "texture": "#texture", "cullface": "east"},
				"east": {"uv": [7.25, 6.25, 8.75, 6.5], "texture": "#texture", "cullface": "east"},
				"south": {"uv": [7.75, 6.25, 16, 6.5], "texture": "#texture", "cullface": "east"},
				"up": {"uv": [7.75, 7.25, 16, 8.75], "texture": "#texture", "cullface": "east"}
			}
		},
		{
			"from": [7.5, 7.5, 7],
			"to": [19, 9.25, 9],
			"faces": {
				"north": {"uv": [0, 6.75, 8.25, 8.5], "texture": "#texture", "cullface": "east"},
				"east": {"uv": [7, 6.75, 9, 8.5], "texture": "#texture", "cullface": "east"},
				"south": {"uv": [7.75, 6.75, 16, 8.5], "texture": "#texture", "cullface": "east"},
				"west": {"uv": [7, 6.75, 9, 8.5], "texture": "#texture", "cullface": "east"},
				"up": {"uv": [7.75, 7, 16, 9], "texture": "#texture", "cullface": "east"},
				"down": {"uv": [8.25, 9, 0, 7], "texture": "#texture", "cullface": "east"}
			}
		},
		{
			"from": [4, 7.5, 7.25],
			"to": [6, 7.75, 8.75],
			"faces": {
				"north": {"uv": [10.5, 8.25, 13.25, 8.5], "texture": "#wood door texture"},
				"south": {"uv": [2.75, 8.25, 5.5, 8.5], "texture": "#wood door texture"},
				"west": {"uv": [7.25, 8.25, 8.75, 8.5], "texture": "#wood door texture"},
				"down": {"uv": [13.25, 8.75, 10.5, 7.25], "texture": "#wood door texture"}
			}
		},
		{
			"from": [-7.25, 8.5, 7.5],
			"to": [1.5, 9, 7.75],
			"faces": {
				"north": {"uv": [14.5, 7, 16, 7.5], "texture": "#texture", "cullface": "west"},
				"south": {"uv": [0, 7, 1.5, 7.5], "texture": "#texture", "cullface": "west"},
				"west": {"uv": [7.5, 7, 7.75, 7.5], "texture": "#texture", "cullface": "west"},
				"up": {"uv": [0, 7.5, 1.5, 7.75], "texture": "#texture", "cullface": "west"},
				"down": {"uv": [16, 7.75, 14.5, 7.5], "texture": "#texture", "cullface": "west"}
			}
		},
		{
			"from": [-7.25, 8.5, 8.25],
			"to": [1.5, 9, 8.5],
			"faces": {
				"north": {"uv": [14.5, 7, 16, 7.5], "texture": "#texture", "cullface": "west"},
				"south": {"uv": [0, 7, 1.5, 7.5], "texture": "#texture", "cullface": "west"},
				"west": {"uv": [8.25, 7, 8.5, 7.5], "texture": "#texture", "cullface": "west"},
				"up": {"uv": [0, 8.25, 1.5, 8.5], "texture": "#texture", "cullface": "west"},
				"down": {"uv": [16, 8.5, 14.5, 8.25], "texture": "#texture", "cullface": "west"}
			}
		},
		{
			"from": [-7.25, 8.25, 7.75],
			"to": [1.5, 8.5, 8.25],
			"faces": {
				"north": {"uv": [14.5, 7.5, 16, 7.75], "texture": "#texture", "cullface": "west"},
				"south": {"uv": [0, 7.5, 1.5, 7.75], "texture": "#texture", "cullface": "west"},
				"west": {"uv": [7.75, 7.5, 8.25, 7.75], "texture": "#texture", "cullface": "west"},
				"up": {"uv": [0, 7.75, 1.5, 8.25], "texture": "#texture", "cullface": "west"},
				"down": {"uv": [16, 8.25, 14.5, 7.75], "texture": "#texture", "cullface": "west"}
			}
		},
		{
			"from": [-5.5, 7.9, 7.75],
			"to": [1.5, 8.075, 8.25],
			"faces": {
				"north": {"uv": [14.5, 7.5, 16, 7.75], "texture": "#texture", "cullface": "west"},
				"south": {"uv": [0, 7.5, 1.5, 7.75], "texture": "#texture", "cullface": "west"},
				"west": {"uv": [7.75, 7.5, 8.25, 7.75], "texture": "#texture", "cullface": "west"},
				"up": {"uv": [0, 7.75, 1.5, 8.25], "texture": "#texture", "cullface": "west"},
				"down": {"uv": [16, 8.25, 14.5, 7.75], "texture": "#texture", "cullface": "west"}
			}
		},
		{
			"from": [7.75, 9.5, 7],
			"to": [8, 10.75, 9],
			"faces": {
				"north": {"uv": [8, 5.25, 8.25, 6.5], "texture": "#texture"},
				"east": {"uv": [7, 5.25, 9, 6.5], "texture": "#texture"},
				"south": {"uv": [7.75, 5.25, 8, 6.5], "texture": "#texture"},
				"up": {"uv": [7.75, 7, 8, 9], "texture": "#texture"},
				"down": {"uv": [8.25, 9, 8, 7], "texture": "#texture"}
			}
		},
		{
			"from": [8, 9.75, 7],
			"to": [8.25, 10.75, 9],
			"faces": {
				"north": {"uv": [7.75, 5.25, 8, 6.25], "texture": "#texture"},
				"east": {"uv": [7, 5.25, 9, 6.25], "texture": "#texture"},
				"south": {"uv": [8, 5.25, 8.25, 6.25], "texture": "#texture"},
				"up": {"uv": [8, 7, 8.25, 9], "texture": "#texture"},
				"down": {"uv": [8, 9, 7.75, 7], "texture": "#texture"}
			}
		},
		{
			"from": [8, 9.75, 7],
			"to": [8.25, 10.75, 9],
			"faces": {
				"north": {"uv": [7.75, 5.25, 8, 6.25], "texture": "#texture"},
				"east": {"uv": [7, 5.25, 9, 6.25], "texture": "#texture"},
				"south": {"uv": [8, 5.25, 8.25, 6.25], "texture": "#texture"},
				"up": {"uv": [8, 7, 8.25, 9], "texture": "#texture"},
				"down": {"uv": [8, 9, 7.75, 7], "texture": "#texture"}
			}
		},
		{
			"from": [10, 5.25, 7.275],
			"to": [12.75, 7.5, 8.725],
			"faces": {
				"north": {"uv": [3.25, 8.5, 6, 10.75], "texture": "#texture"},
				"east": {"uv": [7.25, 8.5, 8.75, 10.75], "texture": "#texture"},
				"south": {"uv": [10, 8.5, 12.75, 10.75], "texture": "#texture"},
				"west": {"uv": [7.25, 8.5, 8.75, 10.75], "texture": "#texture"},
				"down": {"uv": [6, 8.75, 3.25, 7.25], "texture": "#texture"}
			}
		},
		{
			"from": [10.2, 3.775, 7.275],
			"to": [12.95, 6.275, 8.725],
			"rotation": {"angle": -22.5, "axis": "z", "origin": [10.25, 6.25, 7.25]},
			"faces": {
				"north": {"uv": [3.25, 10.75, 6, 13.25], "texture": "#texture"},
				"east": {"uv": [7.25, 10.75, 8.75, 13.25], "texture": "#texture"},
				"south": {"uv": [10, 10.75, 12.75, 13.25], "texture": "#texture"},
				"west": {"uv": [7.25, 10.75, 8.75, 13.25], "texture": "#texture"},
				"up": {"uv": [10, 7.25, 12.75, 8.75], "texture": "#texture"},
				"down": {"uv": [6, 8.75, 3.25, 7.25], "texture": "#texture"}
			}
		},
		{
			"from": [9.995, 1.625, 7.275],
			"to": [12.745, 4.8, 8.725],
			"rotation": {"angle": -45, "axis": "z", "origin": [10, 5, 7.25]},
			"faces": {
				"north": {"uv": [3.25, 10.75, 6, 14.25], "texture": "#texture"},
				"east": {"uv": [7.25, 10.75, 8.75, 14.25], "texture": "#texture"},
				"south": {"uv": [10, 10.75, 12.75, 14.25], "texture": "#texture"},
				"west": {"uv": [7.25, 10.75, 8.75, 14.25], "texture": "#texture"},
				"up": {"uv": [10, 7.25, 12.75, 8.75], "texture": "#texture"},
				"down": {"uv": [6, 8.75, 3.25, 7.25], "texture": "#texture"}
			}
		},
		{
			"from": [13.75, 6.25, 7.5],
			"to": [14, 6.5, 8.5],
			"faces": {
				"north": {"uv": [1.75, 9.5, 2.25, 9.75], "texture": "#texture"},
				"east": {"uv": [7.5, 9.5, 8.5, 9.75], "texture": "#texture"},
				"south": {"uv": [13.75, 9.5, 14.25, 9.75], "texture": "#texture"},
				"up": {"uv": [13.75, 7.5, 14.25, 8.5], "texture": "#texture"},
				"down": {"uv": [2.25, 8.5, 1.75, 7.5], "texture": "#texture"}
			}
		},
		{
			"from": [13.75, 6, 7.5],
			"to": [15.75, 6.25, 8.5],
			"faces": {
				"north": {"uv": [0.25, 9.75, 2, 10], "texture": "#texture"},
				"east": {"uv": [7.5, 9.75, 8.5, 10], "texture": "#texture"},
				"south": {"uv": [14, 9.75, 15.75, 10], "texture": "#texture"},
				"west": {"uv": [7.5, 9.75, 8.5, 10], "texture": "#texture"},
				"up": {"uv": [14, 7.5, 15.75, 8.5], "texture": "#texture"},
				"down": {"uv": [2, 8.5, 0.25, 7.5], "texture": "#texture"}
			}
		},
		{
			"from": [15.75, 6.25, 7.5],
			"to": [16, 7.5, 8.5],
			"faces": {
				"north": {"uv": [0, 8.5, 0.25, 9.75], "texture": "#texture"},
				"east": {"uv": [7.5, 8.5, 8.5, 9.75], "texture": "#texture", "cullface": "east"},
				"south": {"uv": [15.75, 8.5, 16, 9.75], "texture": "#texture"},
				"west": {"uv": [7.5, 8.5, 8.5, 9.75], "texture": "#texture"},
				"down": {"uv": [0.25, 8.5, 0, 7.5], "texture": "#texture"}
			}
		},
		{
			"from": [13.5, 6.25, 7.5],
			"to": [13.75, 7.5, 8.5],
			"faces": {
				"north": {"uv": [0, 8.5, 0.25, 9.75], "texture": "#texture"},
				"east": {"uv": [7.5, 8.5, 8.5, 9.75], "texture": "#texture", "cullface": "east"},
				"south": {"uv": [15.75, 8.5, 16, 9.75], "texture": "#texture"},
				"west": {"uv": [7.5, 8.5, 8.5, 9.75], "texture": "#texture"},
				"down": {"uv": [0.25, 8.5, 0, 7.5], "texture": "#texture"}
			}
		},
		{
			"from": [12.925, 6.55, 7.5],
			"to": [13.5, 7.5, 8.5],
			"faces": {
				"north": {"uv": [0, 8.5, 0.25, 9.75], "texture": "#texture"},
				"east": {"uv": [7.5, 8.5, 8.5, 9.75], "texture": "#texture", "cullface": "east"},
				"south": {"uv": [15.75, 8.5, 16, 9.75], "texture": "#texture"},
				"west": {"uv": [7.5, 8.5, 8.5, 9.75], "texture": "#texture"},
				"down": {"uv": [0.25, 8.5, 0, 7.5], "texture": "#texture"}
			}
		},
		{
			"from": [16, 6.25, 7.5],
			"to": [18, 7.5, 8.5],
			"faces": {
				"north": {"uv": [0, 8.5, 0, 9.5], "texture": "#texture", "cullface": "east"},
				"east": {"uv": [7.5, 8.5, 8.5, 9.5], "texture": "#texture", "cullface": "east"},
				"south": {"uv": [16, 8.5, 16, 9.5], "texture": "#texture", "cullface": "east"},
				"down": {"uv": [0, 8.5, 0, 7.5], "texture": "#texture", "cullface": "east"}
			}
		},
		{
			"from": [17.75, 9.75, 7.5],
			"to": [18.25, 10.25, 8.5],
			"faces": {
				"north": {"uv": [0, 5.75, 0, 6.25], "texture": "#texture", "cullface": "east"},
				"east": {"uv": [7.5, 5.75, 8.5, 6.25], "texture": "#texture", "cullface": "east"},
				"south": {"uv": [16, 5.75, 16, 6.25], "texture": "#texture", "cullface": "east"},
				"up": {"uv": [16, 7.5, 16, 8.5], "texture": "#texture", "cullface": "east"}
			}
		},
		{
			"from": [16.25, 5.25, 7.5],
			"to": [18.25, 6.25, 8.5],
			"faces": {
				"north": {"uv": [0, 9.5, 0, 10.75], "texture": "#texture", "cullface": "east"},
				"east": {"uv": [7.5, 9.5, 8.5, 10.75], "texture": "#texture", "cullface": "east"},
				"south": {"uv": [16, 9.5, 16, 10.75], "texture": "#texture", "cullface": "east"},
				"west": {"uv": [7.5, 9.5, 8.5, 10.75], "texture": "#texture", "cullface": "east"},
				"up": {"uv": [16, 7.5, 16, 8.5], "texture": "#texture", "cullface": "east"},
				"down": {"uv": [0, 8.5, 0, 7.5], "texture": "#texture", "cullface": "east"}
			}
		},
		{
			"from": [16.5, 4.25, 7.5],
			"to": [18.5, 5.25, 8.5],
			"faces": {
				"north": {"uv": [0, 10.75, 0, 11.75], "texture": "#texture", "cullface": "east"},
				"east": {"uv": [7.5, 10.75, 8.5, 11.75], "texture": "#texture", "cullface": "east"},
				"south": {"uv": [16, 10.75, 16, 11.75], "texture": "#texture", "cullface": "east"},
				"west": {"uv": [7.5, 10.75, 8.5, 11.75], "texture": "#texture", "cullface": "east"},
				"up": {"uv": [16, 7.5, 16, 8.5], "texture": "#texture", "cullface": "east"},
				"down": {"uv": [0, 8.5, 0, 7.5], "texture": "#texture", "cullface": "east"}
			}
		},
		{
			"from": [16.75, 3.5, 7.5],
			"to": [18.75, 4.25, 8.5],
			"faces": {
				"north": {"uv": [0, 11.75, 0, 12.5], "texture": "#texture", "cullface": "east"},
				"east": {"uv": [7.5, 11.75, 8.5, 12.5], "texture": "#texture", "cullface": "east"},
				"south": {"uv": [16, 11.75, 16, 12.5], "texture": "#texture", "cullface": "east"},
				"west": {"uv": [7.5, 11.75, 8.5, 12.5], "texture": "#texture", "cullface": "east"},
				"up": {"uv": [16, 7.5, 16, 8.5], "texture": "#texture", "cullface": "east"},
				"down": {"uv": [0, 8.5, 0, 7.5], "texture": "#texture", "cullface": "east"}
			}
		},
		{
			"from": [15.35, 6.5, 7.75],
			"to": [15.6, 8, 8.25],
			"rotation": {"angle": -22.5, "axis": "z", "origin": [15.25, 8, 7.75]},
			"faces": {
				"north": {"uv": [0, 2, 0.25, 3.5], "texture": "#texture"},
				"east": {"uv": [7.5, 2, 8.5, 3.5], "texture": "#texture"},
				"south": {"uv": [15.75, 2, 16, 3.5], "texture": "#texture"},
				"west": {"uv": [7.5, 2, 8.5, 3.5], "texture": "#texture"},
				"up": {"uv": [15.75, 7.5, 16, 8.5], "texture": "#texture"},
				"down": {"uv": [0.25, 8.5, 0, 7.5], "texture": "#texture"}
			}
		},
		{
			"from": [8, 10.75, 8.225],
			"to": [8.25, 10.9, 8.925],
			"rotation": {"angle": 0, "axis": "z", "origin": [15.25, 8, 7.75]},
			"faces": {
				"north": {"uv": [0, 2, 0.25, 3.5], "texture": "#texture"},
				"east": {"uv": [7.5, 2, 8.5, 3.5], "texture": "#texture"},
				"south": {"uv": [15.75, 2, 16, 3.5], "texture": "#texture"},
				"west": {"uv": [7.5, 2, 8.5, 3.5], "texture": "#texture"},
				"up": {"uv": [15.75, 7.5, 16, 8.5], "texture": "#texture"},
				"down": {"uv": [0.25, 8.5, 0, 7.5], "texture": "#texture"}
			}
		},
		{
			"from": [8, 10.75, 7.075],
			"to": [8.25, 10.9, 7.775],
			"rotation": {"angle": 0, "axis": "y", "origin": [15.25, 8, 7.75]},
			"faces": {
				"north": {"uv": [0, 2, 0.25, 3.5], "texture": "#texture"},
				"east": {"uv": [7.5, 2, 8.5, 3.5], "texture": "#texture"},
				"south": {"uv": [15.75, 2, 16, 3.5], "texture": "#texture"},
				"west": {"uv": [7.5, 2, 8.5, 3.5], "texture": "#texture"},
				"up": {"uv": [15.75, 7.5, 16, 8.5], "texture": "#texture"},
				"down": {"uv": [0.25, 8.5, 0, 7.5], "texture": "#texture"}
			}
		},
		{
			"from": [16.75, 3.25, 7.5],
			"to": [18.25, 3.5, 8.5],
			"faces": {
				"north": {"uv": [0, 12.5, 0, 12.75], "texture": "#texture", "cullface": "east"},
				"east": {"uv": [7.5, 12.5, 8.5, 12.75], "texture": "#texture", "cullface": "east"},
				"south": {"uv": [16, 12.5, 16, 12.75], "texture": "#texture", "cullface": "east"},
				"west": {"uv": [7.5, 12.5, 8.5, 12.75], "texture": "#texture", "cullface": "east"},
				"down": {"uv": [0, 8.5, 0, 7.5], "texture": "#texture", "cullface": "east"}
			}
		},
		{
			"from": [17, 3, 7.5],
			"to": [17.75, 3.25, 8.5],
			"faces": {
				"north": {"uv": [0, 12.75, 0, 13], "texture": "#texture", "cullface": "east"},
				"east": {"uv": [7.5, 12.75, 8.5, 13], "texture": "#texture", "cullface": "east"},
				"south": {"uv": [16, 12.75, 16, 13], "texture": "#texture", "cullface": "east"},
				"west": {"uv": [7.5, 12.75, 8.5, 13], "texture": "#texture", "cullface": "east"},
				"down": {"uv": [0, 8.5, 0, 7.5], "texture": "#texture", "cullface": "east"}
			}
		},
		{
			"from": [7.75, 9.25, 7.25],
			"to": [18.75, 9.5, 8.75],
			"faces": {
				"north": {"uv": [0, 6.5, 8.25, 6.75], "texture": "#texture", "cullface": "east"},
				"east": {"uv": [7.25, 6.5, 8.75, 6.75], "texture": "#texture", "cullface": "east"},
				"south": {"uv": [7.75, 6.5, 16, 6.75], "texture": "#texture", "cullface": "east"},
				"up": {"uv": [7.75, 7.25, 16, 8.75], "texture": "#texture", "cullface": "east"}
			}
		},
		{
			"from": [18.25, 9.5, 7.75],
			"to": [18.75, 10, 8.25],
			"faces": {
				"north": {"uv": [0, 6, 0, 6.5], "texture": "#texture", "cullface": "east"},
				"east": {"uv": [7.75, 6, 8.25, 6.5], "texture": "#texture", "cullface": "east"},
				"south": {"uv": [16, 6, 16, 6.5], "texture": "#texture", "cullface": "east"},
				"west": {"uv": [7.75, 6, 8.25, 6.5], "texture": "#texture", "cullface": "east"},
				"up": {"uv": [16, 7.75, 16, 8.25], "texture": "#texture", "cullface": "east"}
			}
		},
		{
			"from": [19, 7.25, 7.2],
			"to": [19.75, 9, 8.8],
			"faces": {
				"north": {"uv": [8.75, 0.75, 9.5, 2.5], "texture": "#wood door texture", "cullface": "east"},
				"east": {"uv": [7, 0.75, 9, 2.5], "texture": "#wood door texture", "cullface": "east"},
				"south": {"uv": [6.5, 0.75, 7.25, 2.5], "texture": "#wood door texture", "cullface": "east"},
				"west": {"uv": [7, 0.75, 9, 2.5], "texture": "#wood door texture", "cullface": "east"},
				"up": {"uv": [6.5, 7, 7.25, 9], "texture": "#wood door texture", "cullface": "east"},
				"down": {"uv": [9.5, 9, 8.75, 7], "texture": "#wood door texture", "cullface": "east"}
			}
		},
		{
			"from": [19.75, 7, 7.2],
			"to": [20.5, 8.75, 8.8],
			"faces": {
				"north": {"uv": [8, 1, 8.75, 2.75], "texture": "#wood door texture", "cullface": "east"},
				"south": {"uv": [7.25, 1, 8, 2.75], "texture": "#wood door texture", "cullface": "east"},
				"west": {"uv": [7, 1, 9, 2.75], "texture": "#wood door texture", "cullface": "east"},
				"up": {"uv": [7.25, 7, 8, 9], "texture": "#wood door texture", "cullface": "east"},
				"down": {"uv": [8.75, 9, 8, 7], "texture": "#wood door texture", "cullface": "east"}
			}
		},
		{
			"from": [20.5, 7, 7.2],
			"to": [28, 8.75, 8.8],
			"faces": {
				"north": {"uv": [7.25, 0.5, 14.75, 2.5], "texture": "#wood door texture", "cullface": "east"},
				"south": {"uv": [7.5, 0.5, 15, 2.5], "texture": "#wood door texture", "cullface": "east"},
				"west": {"uv": [7, 0.5, 9, 2.5], "texture": "#wood door texture", "cullface": "east"},
				"up": {"uv": [7.5, 7, 15, 9], "texture": "#wood door texture", "cullface": "east"},
				"down": {"uv": [7.5, 7, 15, 9], "texture": "#wood door texture", "cullface": "east"}
			}
		},
		{
			"from": [22.75, 8.75, 7.2],
			"to": [28, 9, 8.8],
			"faces": {
				"north": {"uv": [9.25, 0.25, 15, 0.5], "texture": "#wood door texture", "cullface": "east"},
				"south": {"uv": [9.25, 0.25, 15, 0.5], "texture": "#wood door texture", "cullface": "east"},
				"west": {"uv": [7, 0.25, 9, 0.5], "texture": "#wood door texture", "cullface": "east"},
				"up": {"uv": [9.25, 7, 15, 9], "texture": "#wood door texture", "cullface": "east"}
			}
		},
		{
			"from": [22.55, 6.25, 7.2],
			"to": [28, 6.5, 8.8],
			"faces": {
				"north": {"uv": [7.25, 3, 12.75, 3.25], "texture": "#wood door texture", "cullface": "east"},
				"south": {"uv": [9.5, 3, 15, 3.25], "texture": "#wood door texture", "cullface": "east"},
				"west": {"uv": [7, 3, 9, 3.25], "texture": "#wood door texture", "cullface": "east"},
				"down": {"uv": [9.5, 7, 15, 9], "texture": "#wood door texture", "cullface": "east"}
			}
		},
		{
			"from": [23.75, 5.75, 7.2],
			"to": [28, 6, 8.8],
			"faces": {
				"north": {"uv": [7.25, 3.5, 11.5, 3.75], "texture": "#wood door texture", "cullface": "east"},
				"south": {"uv": [10.75, 3.5, 15, 3.75], "texture": "#wood door texture", "cullface": "east"},
				"west": {"uv": [7, 3.5, 9, 3.75], "texture": "#wood door texture", "cullface": "east"},
				"down": {"uv": [10.75, 7, 15, 9], "texture": "#wood door texture", "cullface": "east"}
			}
		},
		{
			"from": [23.175, 6, 7.2],
			"to": [28, 6.25, 8.8],
			"faces": {
				"north": {"uv": [7.25, 3.25, 12.25, 3.5], "texture": "#wood door texture", "cullface": "east"},
				"south": {"uv": [10, 3.25, 15, 3.5], "texture": "#wood door texture", "cullface": "east"},
				"west": {"uv": [7, 3.25, 9, 3.5], "texture": "#wood door texture", "cullface": "east"},
				"down": {"uv": [10, 7, 15, 9], "texture": "#wood door texture", "cullface": "east"}
			}
		},
		{
			"from": [21.35, 6.75, 7.2],
			"to": [28, 7, 8.8],
			"faces": {
				"north": {"uv": [7.25, 2.5, 14, 2.75], "texture": "#wood door texture", "cullface": "east"},
				"south": {"uv": [8.25, 2.5, 15, 2.75], "texture": "#wood door texture", "cullface": "east"},
				"west": {"uv": [7, 2.5, 9, 2.75], "texture": "#wood door texture", "cullface": "east"},
				"down": {"uv": [8.25, 7, 15, 9], "texture": "#wood door texture", "cullface": "east"}
			}
		},
		{
			"from": [21.95, 6.5, 7.2],
			"to": [28, 6.75, 8.8],
			"faces": {
				"north": {"uv": [7.25, 2.75, 13.25, 3], "texture": "#wood door texture", "cullface": "east"},
				"south": {"uv": [9, 2.75, 15, 3], "texture": "#wood door texture", "cullface": "east"},
				"west": {"uv": [7, 2.75, 9, 3], "texture": "#wood door texture", "cullface": "east"}
			}
		},
		{
			"from": [20.75, 7, 7.2],
			"to": [28.6, 7.25, 8.8],
			"rotation": {"angle": -22.5, "axis": "z", "origin": [20.75, 7.25, 7]},
			"faces": {
				"north": {"uv": [7.75, 2.25, 15.5, 2.5], "texture": "#wood door texture", "cullface": "east"},
				"east": {"uv": [7, 2.25, 9, 2.5], "texture": "#wood door texture", "cullface": "east"},
				"south": {"uv": [7.75, 2.25, 15.5, 2.5], "texture": "#wood door texture", "cullface": "east"},
				"west": {"uv": [7, 2.25, 9, 2.5], "texture": "#wood door texture", "cullface": "east"},
				"up": {"uv": [7.75, 7, 15.5, 9], "texture": "#wood door texture", "cullface": "east"},
				"down": {"uv": [7.75, 7, 15.5, 9], "texture": "#wood door texture", "cullface": "east"}
			}
		},
		{
			"from": [24.325, 5.5, 7.2],
			"to": [28, 5.75, 8.8],
			"faces": {
				"north": {"uv": [7.25, 3.75, 11, 4], "texture": "#wood door texture", "cullface": "east"},
				"south": {"uv": [11.25, 3.75, 15, 4], "texture": "#wood door texture", "cullface": "east"},
				"west": {"uv": [7, 3.75, 9, 4], "texture": "#wood door texture", "cullface": "east"},
				"down": {"uv": [11.25, 7, 15, 9], "texture": "#wood door texture", "cullface": "east"}
			}
		},
		{
			"from": [25, 5.25, 7.2],
			"to": [28, 5.5, 8.8],
			"faces": {
				"north": {"uv": [7.25, 4, 10.25, 4.25], "texture": "#wood door texture", "cullface": "east"},
				"south": {"uv": [12, 4, 15, 4.25], "texture": "#wood door texture", "cullface": "east"},
				"west": {"uv": [7, 4, 9, 4.25], "texture": "#wood door texture", "cullface": "east"},
				"down": {"uv": [12, 7, 15, 9], "texture": "#wood door texture", "cullface": "east"}
			}
		},
		{
			"from": [25.55, 5, 7.2],
			"to": [28, 5.25, 8.8],
			"faces": {
				"north": {"uv": [7.25, 4.25, 9.75, 4.5], "texture": "#wood door texture", "cullface": "east"},
				"south": {"uv": [12.5, 4.25, 15, 4.5], "texture": "#wood door texture", "cullface": "east"},
				"west": {"uv": [7, 4.25, 9, 4.5], "texture": "#wood door texture", "cullface": "east"},
				"down": {"uv": [12.5, 7, 15, 9], "texture": "#wood door texture", "cullface": "east"}
			}
		},
		{
			"from": [26.175, 4.75, 7.2],
			"to": [28, 5, 8.8],
			"faces": {
				"north": {"uv": [7.25, 4.5, 9, 4.75], "texture": "#wood door texture", "cullface": "east"},
				"south": {"uv": [13.25, 4.5, 15, 4.75], "texture": "#wood door texture", "cullface": "east"},
				"west": {"uv": [7, 4.5, 9, 4.75], "texture": "#wood door texture", "cullface": "east"},
				"down": {"uv": [13.25, 7, 15, 9], "texture": "#wood door texture", "cullface": "east"}
			}
		},
		{
			"from": [26.75, 4.5, 7.2],
			"to": [28, 4.75, 8.8],
			"faces": {
				"north": {"uv": [13.25, 4.75, 14.5, 5], "texture": "#wood door texture", "cullface": "east"},
				"south": {"uv": [13.75, 4.75, 15, 5], "texture": "#wood door texture", "cullface": "east"},
				"west": {"uv": [7, 4.75, 9, 5], "texture": "#wood door texture", "cullface": "east"},
				"down": {"uv": [13.75, 7, 15, 9], "texture": "#wood door texture", "cullface": "east"}
			}
		},
		{
			"from": [27.35, 4.25, 7.2],
			"to": [28, 4.5, 8.8],
			"faces": {
				"north": {"uv": [14.25, 5, 15, 5.25], "texture": "#wood door texture", "cullface": "east"},
				"south": {"uv": [14.25, 5, 15, 5.25], "texture": "#wood door texture", "cullface": "east"},
				"west": {"uv": [7, 5, 9, 5.25], "texture": "#wood door texture", "cullface": "east"},
				"down": {"uv": [14.25, 7, 15, 9], "texture": "#wood door texture", "cullface": "east"}
			}
		},
		{
			"from": [27.9, 4, 7.2],
			"to": [28, 4.25, 8.8],
			"faces": {
				"north": {"uv": [0, 11.75, 0, 12], "texture": "#wood door texture", "cullface": "east"},
				"south": {"uv": [16, 11.75, 16, 12], "texture": "#wood door texture", "cullface": "east"},
				"west": {"uv": [7, 11.75, 9, 12], "texture": "#wood door texture", "cullface": "east"},
				"down": {"uv": [0, 9, 0, 7], "texture": "#wood door texture", "cullface": "east"}
			}
		},
		{
			"from": [28, 4, 7.2],
			"to": [28.25, 9, 8.8],
			"faces": {
				"north": {"uv": [0, 6.5, 0, 12], "texture": "#texture", "cullface": "east"},
				"east": {"uv": [7, 6.5, 9, 12], "texture": "#texture", "cullface": "east"},
				"south": {"uv": [16, 6.5, 16, 12], "texture": "#texture", "cullface": "east"},
				"west": {"uv": [7, 6.5, 9, 12], "texture": "#texture", "cullface": "east"},
				"up": {"uv": [16, 7, 16, 9], "texture": "#texture", "cullface": "east"},
				"down": {"uv": [0, 9, 0, 7], "texture": "#texture", "cullface": "east"}
			}
		},
		{
			"from": [15.5, 6.25, 7.5],
			"to": [15.75, 6.5, 8.5],
			"faces": {
				"north": {"uv": [0.25, 9.5, 0.5, 9.75], "texture": "#texture"},
				"south": {"uv": [15.5, 9.5, 15.75, 9.75], "texture": "#texture"},
				"west": {"uv": [7.5, 9.5, 8.5, 9.75], "texture": "#texture"},
				"up": {"uv": [15.5, 7.5, 15.75, 8.5], "texture": "#texture"}
			}
		},
		{
			"from": [1.75, 9.25, 6.75],
			"to": [2.25, 9.5, 9.25],
			"faces": {
				"north": {"uv": [13.75, 6.5, 14.25, 6.75], "texture": "#wood door texture"},
				"east": {"uv": [6.75, 6.5, 9.25, 6.75], "texture": "#wood door texture"},
				"south": {"uv": [1.75, 6.5, 2.25, 6.75], "texture": "#wood door texture"},
				"west": {"uv": [6.75, 6.5, 9.25, 6.75], "texture": "#wood door texture"},
				"up": {"uv": [1.75, 6.75, 2.25, 9.25], "texture": "#wood door texture"}
			}
		},
		{
			"from": [3.5, 9.25, 6.75],
			"to": [4.5, 9.5, 9.25],
			"faces": {
				"north": {"uv": [11.5, 6.5, 12.5, 6.75], "texture": "#wood door texture"},
				"east": {"uv": [6.75, 6.5, 9.25, 6.75], "texture": "#wood door texture"},
				"south": {"uv": [3.5, 6.5, 4.5, 6.75], "texture": "#wood door texture"},
				"west": {"uv": [6.75, 6.5, 9.25, 6.75], "texture": "#wood door texture"},
				"up": {"uv": [3.5, 6.75, 4.5, 9.25], "texture": "#wood door texture"}
			}
		}
	],
	"display": {
		"thirdperson_righthand": {
			"rotation": [116.65, -89.01, 116.77],
			"translation": [0, 0.5, -5],
			"scale": [0.77, 0.8, 0.77]
		},
		"thirdperson_lefthand": {
			"rotation": [-116.65, 89.01, 116.77],
			"translation": [0, 0.5, -5],
			"scale": [0.77, 0.8, 0.77]
		},
		"firstperson_righthand": {
			"rotation": [47.07, -79.61, 24.79],
			"translation": [0, 3.5, -7.75]
		},
		"firstperson_lefthand": {
			"rotation": [-136.79, 78.54, 157.84],
			"translation": [2.25, 4.25, -9.25]
		},
		"gui": {
			"rotation": [0, 0, -45],
			"translation": [-1.25, 1.25, 0],
			"scale": [0.59, 0.62, 0.9]
		},
		"fixed": {
			"rotation": [0, 180, -45],
			"translation": [2.25, 2.25, -1.1]
		}
	}
}