{
	"credit": "Made by SrDarmith - YouTube: Mainclay",
	"textures": {
		"texture": "blocks/hardened clay stained lime",
		"particle": "blocks/anvil 1",
		"dark wood blade": "blocks/anvil 1",
		"hardened clay stained white": "blocks/hardened clay stained white"
	},
	"elements": [
		{
			"from": [-6.75, 9.25, 7.5],
			"to": [2.25, 9.75, 7.75],
			"rotation": {"angle": 0, "axis": "y", "origin": [2, 0, 0]},
			"faces": {
				"north": {"uv": [15, 6.25, 16, 6.75], "texture": "#dark wood blade", "cullface": "west"},
				"south": {"uv": [0, 6.25, 1, 6.75], "texture": "#dark wood blade", "cullface": "west"},
				"west": {"uv": [7.5, 6.25, 8.5, 6.75], "texture": "#dark wood blade", "cullface": "west"},
				"up": {"uv": [0, 7.5, 1, 8.5], "texture": "#dark wood blade", "cullface": "west"},
				"down": {"uv": [16, 8.5, 15, 7.5], "texture": "#dark wood blade", "cullface": "west"}
			}
		},
		{
			"from": [-6.75, 9.25, 8.25],
			"to": [2.25, 9.75, 8.5],
			"rotation": {"angle": 0, "axis": "y", "origin": [2, 0, 0]},
			"faces": {
				"north": {"uv": [15, 6.25, 16, 6.75], "texture": "#dark wood blade", "cullface": "west"},
				"south": {"uv": [0, 6.25, 1, 6.75], "texture": "#dark wood blade", "cullface": "west"},
				"west": {"uv": [7.5, 6.25, 8.5, 6.75], "texture": "#dark wood blade", "cullface": "west"},
				"up": {"uv": [0, 7.5, 1, 8.5], "texture": "#dark wood blade", "cullface": "west"},
				"down": {"uv": [16, 8.5, 15, 7.5], "texture": "#dark wood blade", "cullface": "west"}
			}
		},
		{
			"from": [-6.75, 9.75, 7.75],
			"to": [2.25, 10, 8.25],
			"rotation": {"angle": 0, "axis": "y", "origin": [2, 0, 0]},
			"faces": {
				"north": {"uv": [15, 6, 16, 7], "texture": "#dark wood blade", "cullface": "west"},
				"south": {"uv": [0, 6, 1, 7], "texture": "#dark wood blade", "cullface": "west"},
				"west": {"uv": [7.75, 6, 8.25, 7], "texture": "#dark wood blade", "cullface": "west"},
				"up": {"uv": [0, 7.75, 1, 8.25], "texture": "#dark wood blade", "cullface": "west"},
				"down": {"uv": [16, 8.25, 15, 7.75], "texture": "#dark wood blade", "cullface": "west"}
			}
		},
		{
			"from": [-6.75, 9, 7.75],
			"to": [2.25, 9.25, 8.25],
			"rotation": {"angle": 0, "axis": "y", "origin": [2, 0, 0]},
			"faces": {
				"north": {"uv": [15, 6, 16, 7], "texture": "#dark wood blade", "cullface": "west"},
				"south": {"uv": [0, 6, 1, 7], "texture": "#dark wood blade", "cullface": "west"},
				"west": {"uv": [7.75, 6, 8.25, 7], "texture": "#dark wood blade", "cullface": "west"},
				"up": {"uv": [0, 7.75, 1, 8.25], "texture": "#dark wood blade", "cullface": "west"},
				"down": {"uv": [16, 8.25, 15, 7.75], "texture": "#dark wood blade", "cullface": "west"}
			}
		},
		{
			"from": [3, 9, 7.5],
			"to": [8.5, 10, 8.5],
			"rotation": {"angle": 0, "axis": "y", "origin": [2, 0, 0]},
			"faces": {
				"north": {"uv": [9.5, 6, 15, 7], "texture": "#dark wood blade"},
				"east": {"uv": [7.5, 6, 8.5, 7], "texture": "#dark wood blade"},
				"south": {"uv": [1, 6, 6.5, 7], "texture": "#dark wood blade"},
				"west": {"uv": [7.5, 6, 8.5, 7], "texture": "#dark wood blade"},
				"up": {"uv": [1, 7.5, 6.5, 8.5], "texture": "#dark wood blade"}
			}
		},
		{
			"from": [3, 8.25, 7.25],
			"to": [22.5, 9, 8.75],
			"rotation": {"angle": 0, "axis": "y", "origin": [2, 0, 0]},
			"faces": {
				"north": {"uv": [0, 7, 15, 7.75], "texture": "#texture", "cullface": "east"},
				"east": {"uv": [7.25, 7, 8.75, 7.75], "texture": "#texture", "cullface": "east"},
				"south": {"uv": [1, 7, 16, 7.75], "texture": "#texture", "cullface": "east"},
				"west": {"uv": [7.25, 7, 8.75, 7.75], "texture": "#texture", "cullface": "east"},
				"up": {"uv": [1, 7.25, 16, 8.75], "texture": "#texture", "cullface": "east"},
				"down": {"uv": [15, 8.75, 0, 7.25], "texture": "#texture", "cullface": "east"}
			}
		},
		{
			"from": [8.5, 9.75, 7.25],
			"to": [22.75, 10.25, 8.75],
			"rotation": {"angle": 0, "axis": "y", "origin": [2, 0, 0]},
			"faces": {
				"north": {"uv": [0, 5.75, 9.5, 6.25], "texture": "#texture", "cullface": "east"},
				"east": {"uv": [7.25, 5.75, 8.75, 6.25], "texture": "#texture", "cullface": "east"},
				"south": {"uv": [6.5, 5.75, 16, 6.25], "texture": "#texture", "cullface": "east"},
				"west": {"uv": [7.25, 5.75, 8.75, 6.25], "texture": "#texture", "cullface": "east"},
				"up": {"uv": [6.5, 7.25, 16, 8.75], "texture": "#texture", "cullface": "east"}
			}
		},
		{
			"from": [2.25, 8.25, 7.5],
			"to": [3, 10, 8.5],
			"rotation": {"angle": 0, "axis": "y", "origin": [2, 0, 0]},
			"faces": {
				"north": {"uv": [14.5, 6.75, 15.75, 7.75], "texture": "#dark wood blade"},
				"east": {"uv": [7.5, 6.75, 8.5, 7.75], "texture": "#dark wood blade"},
				"south": {"uv": [0.25, 6.75, 1.5, 7.75], "texture": "#dark wood blade"},
				"west": {"uv": [7.5, 6.75, 8.5, 7.75], "texture": "#dark wood blade"},
				"up": {"uv": [0.25, 7.5, 1.5, 8.5], "texture": "#dark wood blade"},
				"down": {"uv": [15.75, 8.5, 14.5, 7.5], "texture": "#dark wood blade"}
			}
		},
		{
			"from": [2.5, 7.75, 7.75],
			"to": [3, 8.5, 8.25],
			"rotation": {"angle": 0, "axis": "y", "origin": [2, 0, 0]},
			"faces": {
				"north": {"uv": [15, 7.5, 15.5, 8.25], "texture": "#dark wood blade"},
				"east": {"uv": [7.75, 7.5, 8.25, 8.25], "texture": "#dark wood blade"},
				"south": {"uv": [0.5, 7.5, 1, 8.25], "texture": "#dark wood blade"},
				"west": {"uv": [7.75, 7.5, 8.25, 8.25], "texture": "#dark wood blade"},
				"up": {"uv": [0.5, 7.75, 1, 8.25], "texture": "#dark wood blade"}
			}
		},
		{
			"from": [2, 4, 7.5],
			"to": [3.25, 7.75, 8.5],
			"rotation": {"angle": 0, "axis": "y", "origin": [2, 0, 0]},
			"faces": {
				"north": {"uv": [14.75, 8.25, 16, 12], "texture": "#texture"},
				"east": {"uv": [7.5, 8.25, 8.5, 12], "texture": "#texture"},
				"south": {"uv": [0, 8.25, 1.25, 12], "texture": "#texture"},
				"west": {"uv": [7.5, 8.25, 8.5, 12], "texture": "#texture", "cullface": "west"},
				"up": {"uv": [0, 7.5, 1.25, 8.5], "texture": "#texture"},
				"down": {"uv": [16, 8.5, 14.75, 7.5], "texture": "#texture"}
			}
		},
		{
			"from": [8.5, 9, 7],
			"to": [22.75, 9.75, 9],
			"rotation": {"angle": 0, "axis": "y", "origin": [2, 0, 0]},
			"faces": {
				"north": {"uv": [0, 6.25, 9.5, 7], "texture": "#texture", "cullface": "east"},
				"east": {"uv": [7, 6.25, 9, 7], "texture": "#texture", "cullface": "east"},
				"south": {"uv": [6.5, 6.25, 16, 7], "texture": "#texture", "cullface": "east"},
				"west": {"uv": [7, 6.25, 9, 7], "texture": "#texture", "cullface": "east"},
				"up": {"uv": [6.5, 7, 16, 9], "texture": "#texture", "cullface": "east"},
				"down": {"uv": [9.5, 9, 0, 7], "texture": "#texture", "cullface": "east"}
			}
		},
		{
			"from": [-1.05, 8.25, 7.5],
			"to": [0, 9.325, 8.5],
			"rotation": {"angle": -45, "axis": "z", "origin": [2, 0, 0]},
			"faces": {
				"north": {"uv": [11, 8, 12, 8.75], "texture": "#texture"},
				"east": {"uv": [7.5, 8, 8.5, 8.75], "texture": "#texture"},
				"south": {"uv": [4, 8, 5, 8.75], "texture": "#texture"},
				"west": {"uv": [7.5, 8, 8.5, 8.75], "texture": "#texture"},
				"down": {"uv": [12, 8.5, 11, 7.5], "texture": "#texture"}
			}
		},
		{
			"from": [3.5, 8, 7.5],
			"to": [11, 8.25, 8.5],
			"rotation": {"angle": 0, "axis": "y", "origin": [2, 0, 0]},
			"faces": {
				"north": {"uv": [7, 7.75, 14.5, 8], "texture": "#texture"},
				"south": {"uv": [1.5, 7.75, 9, 8], "texture": "#texture"},
				"west": {"uv": [7.5, 7.75, 8.5, 8], "texture": "#texture"},
				"down": {"uv": [14.5, 8.5, 7, 7.5], "texture": "#texture"}
			}
		},
		{
			"from": [6.25, 4.075, 7.5],
			"to": [6.75, 7.5, 8.5],
			"rotation": {"angle": 22.5, "axis": "z", "origin": [6.25, 7.5, 7.5]},
			"faces": {
				"north": {"uv": [11.75, 8, 12.25, 12.75], "texture": "#texture"},
				"east": {"uv": [7.5, 8, 8.5, 12.75], "texture": "#texture"},
				"south": {"uv": [3.75, 8, 4.25, 12.75], "texture": "#texture"},
				"west": {"uv": [7.5, 8, 8.5, 12.75], "texture": "#texture"},
				"up": {"uv": [3.75, 7.5, 4.25, 8.5], "texture": "#texture"},
				"down": {"uv": [12.25, 8.5, 11.75, 7.5], "texture": "#texture"}
			}
		},
		{
			"from": [7.875, 4.025, 7.5],
			"to": [11.725, 4.6, 8.5],
			"rotation": {"angle": 0, "axis": "y", "origin": [2, 0, 0]},
			"faces": {
				"north": {"uv": [6.25, 11.5, 10.25, 12], "texture": "#texture"},
				"east": {"uv": [7.5, 11.5, 8.5, 12], "texture": "#texture"},
				"south": {"uv": [5.75, 11.5, 9.75, 12], "texture": "#texture"},
				"west": {"uv": [7.5, 11.5, 8.5, 12], "texture": "#texture"},
				"up": {"uv": [5.75, 7.5, 9.75, 8.5], "texture": "#texture"},
				"down": {"uv": [10.25, 8.5, 6.25, 7.5], "texture": "#texture"}
			}
		},
		{
			"from": [2.85, 7, 7.5],
			"to": [3.325, 7.55, 8.5],
			"rotation": {"angle": -45, "axis": "z", "origin": [2, 0, 0]},
			"faces": {
				"north": {"uv": [6.25, 11.5, 10.25, 12], "texture": "#texture"},
				"east": {"uv": [7.5, 11.5, 8.5, 12], "texture": "#texture"},
				"south": {"uv": [5.75, 11.5, 9.75, 12], "texture": "#texture"},
				"west": {"uv": [7.5, 11.5, 8.5, 12], "texture": "#texture"},
				"up": {"uv": [5.75, 7.5, 9.75, 8.5], "texture": "#texture"},
				"down": {"uv": [10.25, 8.5, 6.25, 7.5], "texture": "#texture"}
			}
		},
		{
			"from": [9, 3.75, 7.5],
			"to": [10.5, 7.25, 8.5],
			"rotation": {"angle": 22.5, "axis": "z", "origin": [9, 7.25, 7.5]},
			"faces": {
				"north": {"uv": [8.75, 8.75, 10.25, 11.5], "texture": "#texture"},
				"east": {"uv": [7.5, 8.75, 8.5, 11.5], "texture": "#texture"},
				"south": {"uv": [5.75, 8.75, 7.25, 11.5], "texture": "#texture"},
				"west": {"uv": [7.5, 8.75, 8.5, 11.5], "texture": "#texture"},
				"up": {"uv": [5.75, 7.5, 7.25, 8.5], "texture": "#texture"},
				"down": {"uv": [10.25, 8.5, 8.75, 7.5], "texture": "#texture"}
			}
		},
		{
			"from": [8.75, 6.75, 7.5],
			"to": [10.75, 8, 8.5],
			"rotation": {"angle": 0, "axis": "y", "origin": [2, 0, 0]},
			"faces": {
				"north": {"uv": [7.25, 8, 9.25, 9.25], "texture": "#texture"},
				"east": {"uv": [7.5, 8, 8.5, 9.25], "texture": "#texture"},
				"south": {"uv": [6.75, 8, 8.75, 9.25], "texture": "#texture"},
				"west": {"uv": [7.5, 8, 8.5, 9.25], "texture": "#texture"},
				"down": {"uv": [9.25, 8.5, 7.25, 7.5], "texture": "#texture"}
			}
		},
		{
			"from": [8.25, 7, 7.75],
			"to": [8.75, 8, 8.25],
			"rotation": {"angle": 0, "axis": "y", "origin": [2, 0, 0]},
			"faces": {
				"north": {"uv": [9.25, 8, 9.75, 9], "texture": "#dark wood blade"},
				"south": {"uv": [6.25, 8, 6.75, 9], "texture": "#dark wood blade"},
				"west": {"uv": [7.75, 8, 8.25, 9], "texture": "#dark wood blade"},
				"down": {"uv": [9.75, 8.25, 9.25, 7.75], "texture": "#dark wood blade"}
			}
		},
		{
			"from": [10.75, 7.25, 7.5],
			"to": [11, 8, 8.5],
			"rotation": {"angle": 0, "axis": "y", "origin": [2, 0, 0]},
			"faces": {
				"north": {"uv": [7, 8, 7.25, 8.75], "texture": "#texture"},
				"east": {"uv": [7.5, 8, 8.5, 8.75], "texture": "#texture"},
				"south": {"uv": [8.75, 8, 9, 8.75], "texture": "#texture"},
				"down": {"uv": [7.25, 8.5, 7, 7.5], "texture": "#texture"}
			}
		},
		{
			"from": [11, 7.5, 7.25],
			"to": [22.5, 8.25, 8.75],
			"rotation": {"angle": 0, "axis": "y", "origin": [2, 0, 0]},
			"faces": {
				"north": {"uv": [0, 7.75, 7, 8.5], "texture": "#texture", "cullface": "east"},
				"east": {"uv": [7.25, 7.75, 8.75, 8.5], "texture": "#texture", "cullface": "east"},
				"south": {"uv": [9, 7.75, 16, 8.5], "texture": "#texture", "cullface": "east"},
				"west": {"uv": [7.25, 7.75, 8.75, 8.5], "texture": "#texture", "cullface": "east"},
				"down": {"uv": [7, 8.75, 0, 7.25], "texture": "#texture", "cullface": "east"}
			}
		},
		{
			"from": [12.75, 7.25, 7.25],
			"to": [22.25, 7.5, 8.75],
			"rotation": {"angle": 0, "axis": "y", "origin": [2, 0, 0]},
			"faces": {
				"north": {"uv": [0, 8.5, 5.25, 8.75], "texture": "#texture", "cullface": "east"},
				"east": {"uv": [7.25, 8.5, 8.75, 8.75], "texture": "#texture", "cullface": "east"},
				"south": {"uv": [10.75, 8.5, 16, 8.75], "texture": "#texture", "cullface": "east"},
				"west": {"uv": [7.25, 8.5, 8.75, 8.75], "texture": "#texture", "cullface": "east"},
				"down": {"uv": [5.25, 8.75, 0, 7.25], "texture": "#texture", "cullface": "east"}
			}
		},
		{
			"from": [14.5, 7, 7.25],
			"to": [22.25, 7.25, 8.75],
			"rotation": {"angle": 0, "axis": "y", "origin": [2, 0, 0]},
			"faces": {
				"north": {"uv": [0, 8.75, 3.5, 9], "texture": "#texture", "cullface": "east"},
				"east": {"uv": [7.25, 8.75, 8.75, 9], "texture": "#texture", "cullface": "east"},
				"south": {"uv": [12.5, 8.75, 16, 9], "texture": "#texture", "cullface": "east"},
				"west": {"uv": [7.25, 8.75, 8.75, 9], "texture": "#texture", "cullface": "east"},
				"down": {"uv": [3.5, 8.75, 0, 7.25], "texture": "#texture", "cullface": "east"}
			}
		},
		{
			"from": [16, 6.75, 7.25],
			"to": [22.25, 7, 8.75],
			"rotation": {"angle": 0, "axis": "y", "origin": [2, 0, 0]},
			"faces": {
				"north": {"uv": [0, 9, 2, 9.25], "texture": "#texture", "cullface": "east"},
				"east": {"uv": [7.25, 9, 8.75, 9.25], "texture": "#texture", "cullface": "east"},
				"south": {"uv": [14, 9, 16, 9.25], "texture": "#texture", "cullface": "east"},
				"west": {"uv": [7.25, 9, 8.75, 9.25], "texture": "#texture", "cullface": "east"},
				"down": {"uv": [2, 8.75, 0, 7.25], "texture": "#texture", "cullface": "east"}
			}
		},
		{
			"from": [16.775, 6.5, 7.25],
			"to": [22.25, 6.75, 8.75],
			"rotation": {"angle": 0, "axis": "y", "origin": [2, 0, 0]},
			"faces": {
				"north": {"uv": [0, 9.25, 1, 9.5], "texture": "#texture", "cullface": "east"},
				"east": {"uv": [7.25, 9.25, 8.75, 9.5], "texture": "#texture", "cullface": "east"},
				"south": {"uv": [15, 9.25, 16, 9.5], "texture": "#texture", "cullface": "east"},
				"west": {"uv": [7.25, 9.25, 8.75, 9.5], "texture": "#texture", "cullface": "east"},
				"down": {"uv": [1, 8.75, 0, 7.25], "texture": "#texture", "cullface": "east"}
			}
		},
		{
			"from": [17.4, 6.25, 7.25],
			"to": [22.25, 6.5, 8.75],
			"rotation": {"angle": 0, "axis": "y", "origin": [2, 0, 0]},
			"faces": {
				"north": {"uv": [0, 9.5, 0.25, 9.75], "texture": "#texture", "cullface": "east"},
				"east": {"uv": [7.25, 9.5, 8.75, 9.75], "texture": "#texture", "cullface": "east"},
				"south": {"uv": [15.75, 9.5, 16, 9.75], "texture": "#texture", "cullface": "east"},
				"west": {"uv": [7.25, 9.5, 8.75, 9.75], "texture": "#texture", "cullface": "east"},
				"down": {"uv": [0.25, 8.75, 0, 7.25], "texture": "#texture", "cullface": "east"}
			}
		},
		{
			"from": [18.5, 6, 7.25],
			"to": [22.25, 6.25, 8.75],
			"rotation": {"angle": 0, "axis": "y", "origin": [2, 0, 0]},
			"faces": {
				"north": {"uv": [0, 9.75, 0, 10], "texture": "#texture", "cullface": "east"},
				"east": {"uv": [7.25, 9.75, 8.75, 10], "texture": "#texture", "cullface": "east"},
				"south": {"uv": [16, 9.75, 16, 10], "texture": "#texture", "cullface": "east"},
				"west": {"uv": [7.25, 9.75, 8.75, 10], "texture": "#texture", "cullface": "east"},
				"down": {"uv": [0, 8.75, 0, 7.25], "texture": "#texture", "cullface": "east"}
			}
		},
		{
			"from": [19.25, 5.75, 7.25],
			"to": [22, 6, 8.75],
			"rotation": {"angle": 0, "axis": "y", "origin": [2, 0, 0]},
			"faces": {
				"north": {"uv": [0, 10, 0, 10.25], "texture": "#texture", "cullface": "east"},
				"east": {"uv": [7.25, 10, 8.75, 10.25], "texture": "#texture", "cullface": "east"},
				"south": {"uv": [16, 10, 16, 10.25], "texture": "#texture", "cullface": "east"},
				"west": {"uv": [7.25, 10, 8.75, 10.25], "texture": "#texture", "cullface": "east"},
				"down": {"uv": [0, 8.75, 0, 7.25], "texture": "#texture", "cullface": "east"}
			}
		},
		{
			"from": [19.75, 5.5, 7.25],
			"to": [22, 5.75, 8.75],
			"rotation": {"angle": 0, "axis": "y", "origin": [2, 0, 0]},
			"faces": {
				"north": {"uv": [0, 10.25, 0, 10.5], "texture": "#texture", "cullface": "east"},
				"east": {"uv": [7.25, 10.25, 8.75, 10.5], "texture": "#texture", "cullface": "east"},
				"south": {"uv": [16, 10.25, 16, 10.5], "texture": "#texture", "cullface": "east"},
				"west": {"uv": [7.25, 10.25, 8.75, 10.5], "texture": "#texture", "cullface": "east"},
				"down": {"uv": [0, 8.75, 0, 7.25], "texture": "#texture", "cullface": "east"}
			}
		},
		{
			"from": [20, 5, 7.25],
			"to": [22, 5.5, 8.75],
			"rotation": {"angle": 0, "axis": "y", "origin": [2, 0, 0]},
			"faces": {
				"north": {"uv": [0, 10.5, 0, 11], "texture": "#texture", "cullface": "east"},
				"east": {"uv": [7.25, 10.5, 8.75, 11], "texture": "#texture", "cullface": "east"},
				"south": {"uv": [16, 10.5, 16, 11], "texture": "#texture", "cullface": "east"},
				"west": {"uv": [7.25, 10.5, 8.75, 11], "texture": "#texture", "cullface": "east"}
			}
		},
		{
			"from": [19.75, 4.75, 7.25],
			"to": [22, 5, 8.75],
			"rotation": {"angle": 0, "axis": "y", "origin": [2, 0, 0]},
			"faces": {
				"north": {"uv": [0, 11, 0, 11.25], "texture": "#texture", "cullface": "east"},
				"east": {"uv": [7.25, 11, 8.75, 11.25], "texture": "#texture", "cullface": "east"},
				"south": {"uv": [16, 11, 16, 11.25], "texture": "#texture", "cullface": "east"},
				"west": {"uv": [7.25, 11, 8.75, 11.25], "texture": "#texture", "cullface": "east"},
				"up": {"uv": [16, 7.25, 16, 8.75], "texture": "#texture", "cullface": "east"}
			}
		},
		{
			"from": [19.5, 4.5, 7.25],
			"to": [22, 4.75, 8.75],
			"rotation": {"angle": 0, "axis": "y", "origin": [2, 0, 0]},
			"faces": {
				"north": {"uv": [0, 11.25, 0, 11.5], "texture": "#texture", "cullface": "east"},
				"east": {"uv": [7.25, 11.25, 8.75, 11.5], "texture": "#texture", "cullface": "east"},
				"south": {"uv": [16, 11.25, 16, 11.5], "texture": "#texture", "cullface": "east"},
				"west": {"uv": [7.25, 11.25, 8.75, 11.5], "texture": "#texture", "cullface": "east"},
				"up": {"uv": [16, 7.25, 16, 8.75], "texture": "#texture", "cullface": "east"},
				"down": {"uv": [0, 8.75, 0, 7.25], "texture": "#texture", "cullface": "east"}
			}
		},
		{
			"from": [19.75, 4.25, 7.25],
			"to": [22, 4.5, 8.75],
			"rotation": {"angle": 0, "axis": "y", "origin": [2, 0, 0]},
			"faces": {
				"north": {"uv": [0, 11.5, 0, 11.75], "texture": "#texture", "cullface": "east"},
				"east": {"uv": [7.25, 11.5, 8.75, 11.75], "texture": "#texture", "cullface": "east"},
				"south": {"uv": [16, 11.5, 16, 11.75], "texture": "#texture", "cullface": "east"},
				"west": {"uv": [7.25, 11.5, 8.75, 11.75], "texture": "#texture", "cullface": "east"},
				"down": {"uv": [0, 8.75, 0, 7.25], "texture": "#texture", "cullface": "east"}
			}
		},
		{
			"from": [14.775, 6.95, 7.25],
			"to": [18.25, 7.6, 8.75],
			"rotation": {"angle": -22.5, "axis": "z", "origin": [14.75, 7.65, 7.25]},
			"faces": {
				"north": {"uv": [5, 0, 8.5, 0.75], "texture": "#texture", "cullface": "east"},
				"east": {"uv": [7.5, 0, 8.5, 0.75], "texture": "#texture", "cullface": "east"},
				"south": {"uv": [7.5, 0, 11, 0.75], "texture": "#texture", "cullface": "east"},
				"west": {"uv": [7.5, 0, 8.5, 0.75], "texture": "#texture", "cullface": "east"},
				"down": {"uv": [8.5, 8.5, 5, 7.5], "texture": "#texture", "cullface": "east"}
			}
		},
		{
			"from": [14.75, 5.4, 7.5],
			"to": [17.5, 7.4, 8.5],
			"rotation": {"angle": 0, "axis": "y", "origin": [1, 0.15, 0]},
			"faces": {
				"north": {"uv": [0, 8.75, 2.25, 10.75], "texture": "#hardened clay stained white", "cullface": "east"},
				"east": {"uv": [7.5, 8.75, 8.5, 10.75], "texture": "#hardened clay stained white", "cullface": "east"},
				"south": {"uv": [13.75, 8.75, 16, 10.75], "texture": "#hardened clay stained white", "cullface": "east"},
				"west": {"uv": [7.5, 8.75, 8.5, 10.75], "texture": "#hardened clay stained white", "cullface": "east"},
				"down": {"uv": [2.25, 8.5, 0, 7.5], "texture": "#hardened clay stained white", "cullface": "east"}
			}
		},
		{
			"from": [14.5, 3.9, 7.5],
			"to": [17.25, 5.4, 8.5],
			"rotation": {"angle": 0, "axis": "y", "origin": [1, 0.15, 0]},
			"faces": {
				"north": {"uv": [0, 10.75, 2.5, 12.25], "texture": "#hardened clay stained white", "cullface": "east"},
				"east": {"uv": [7.5, 10.75, 8.5, 12.25], "texture": "#hardened clay stained white", "cullface": "east"},
				"south": {"uv": [13.5, 10.75, 16, 12.25], "texture": "#hardened clay stained white", "cullface": "east"},
				"west": {"uv": [7.5, 10.75, 8.5, 12.25], "texture": "#hardened clay stained white", "cullface": "east"},
				"up": {"uv": [13.5, 7.5, 16, 8.5], "texture": "#hardened clay stained white", "cullface": "east"}
			}
		},
		{
			"from": [15.75, 3.65, 7.5],
			"to": [17.25, 3.9, 8.5],
			"rotation": {"angle": 0, "axis": "y", "origin": [1, 0.15, 0]},
			"faces": {
				"north": {"uv": [0, 10.75, 2.5, 12.25], "texture": "#hardened clay stained white", "cullface": "east"},
				"east": {"uv": [7.5, 10.75, 8.5, 12.25], "texture": "#hardened clay stained white", "cullface": "east"},
				"south": {"uv": [13.5, 10.75, 16, 12.25], "texture": "#hardened clay stained white", "cullface": "east"},
				"west": {"uv": [7.5, 10.75, 8.5, 12.25], "texture": "#hardened clay stained white", "cullface": "east"},
				"up": {"uv": [13.5, 7.5, 16, 8.5], "texture": "#hardened clay stained white", "cullface": "east"}
			}
		},
		{
			"from": [15.75, 3.4, 7.5],
			"to": [17.5, 3.65, 8.5],
			"rotation": {"angle": 0, "axis": "y", "origin": [1, 0.15, 0]},
			"faces": {
				"north": {"uv": [0, 12.25, 2.75, 12.5], "texture": "#texture", "cullface": "east"},
				"east": {"uv": [7.5, 12.25, 8.5, 12.5], "texture": "#texture", "cullface": "east"},
				"south": {"uv": [13.25, 12.25, 16, 12.5], "texture": "#texture", "cullface": "east"},
				"west": {"uv": [7.5, 12.25, 8.5, 12.5], "texture": "#texture", "cullface": "east"},
				"up": {"uv": [13.25, 7.5, 16, 8.5], "texture": "#texture", "cullface": "east"},
				"down": {"uv": [2.75, 8.5, 0, 7.5], "texture": "#texture", "cullface": "east"}
			}
		},
		{
			"from": [14.25, 3.65, 7.5],
			"to": [15.75, 3.9, 8.5],
			"rotation": {"angle": 0, "axis": "y", "origin": [1, 0.15, 0]},
			"faces": {
				"north": {"uv": [0, 12.25, 2.75, 12.5], "texture": "#texture", "cullface": "east"},
				"east": {"uv": [7.5, 12.25, 8.5, 12.5], "texture": "#texture", "cullface": "east"},
				"south": {"uv": [13.25, 12.25, 16, 12.5], "texture": "#texture", "cullface": "east"},
				"west": {"uv": [7.5, 12.25, 8.5, 12.5], "texture": "#texture", "cullface": "east"},
				"up": {"uv": [13.25, 7.5, 16, 8.5], "texture": "#texture", "cullface": "east"},
				"down": {"uv": [2.75, 8.5, 0, 7.5], "texture": "#texture", "cullface": "east"}
			}
		},
		{
			"from": [4.65, 9.25, 7.75],
			"to": [5.25, 11.975, 8.25],
			"rotation": {"angle": -45, "axis": "z", "origin": [4.75, 11.5, 7.5]},
			"faces": {
				"north": {"uv": [8, 0, 8.5, 2.25], "texture": "#dark wood blade"},
				"east": {"uv": [7.5, 0, 8.5, 2.25], "texture": "#dark wood blade"},
				"south": {"uv": [7.5, 0, 8, 2.25], "texture": "#dark wood blade"},
				"west": {"uv": [7.5, 0, 8.5, 2.25], "texture": "#dark wood blade"},
				"up": {"uv": [7.5, 7.5, 8, 8.5], "texture": "#dark wood blade"},
				"down": {"uv": [8.5, 8.5, 8, 7.5], "texture": "#dark wood blade"}
			}
		},
		{
			"from": [5, 11.3, 7.75],
			"to": [13, 11.625, 8.25],
			"rotation": {"angle": 0, "axis": "y", "origin": [2, 0, 0]},
			"faces": {
				"north": {"uv": [8.5, 4.5, 13.25, 5], "texture": "#dark wood blade"},
				"east": {"uv": [7.5, 4.5, 8.5, 5], "texture": "#dark wood blade"},
				"south": {"uv": [2.75, 4.5, 7.5, 5], "texture": "#dark wood blade"},
				"west": {"uv": [7.5, 4.5, 8.5, 5], "texture": "#dark wood blade"},
				"up": {"uv": [2.75, 7.5, 7.5, 8.5], "texture": "#dark wood blade"},
				"down": {"uv": [13.25, 8.5, 8.5, 7.5], "texture": "#dark wood blade"}
			}
		},
		{
			"from": [5, 12.75, 7.625],
			"to": [13, 13.025, 8.375],
			"rotation": {"angle": 0, "axis": "y", "origin": [2, 0, 0]},
			"faces": {
				"north": {"uv": [8.5, 4.5, 13.25, 5], "texture": "#dark wood blade"},
				"east": {"uv": [7.5, 4.5, 8.5, 5], "texture": "#dark wood blade"},
				"south": {"uv": [2.75, 4.5, 7.5, 5], "texture": "#dark wood blade"},
				"west": {"uv": [7.5, 4.5, 8.5, 5], "texture": "#dark wood blade"},
				"up": {"uv": [2.75, 7.5, 7.5, 8.5], "texture": "#dark wood blade"},
				"down": {"uv": [13.25, 8.5, 8.5, 7.5], "texture": "#dark wood blade"}
			}
		},
		{
			"from": [5, 11.625, 7.625],
			"to": [13, 11.9, 8.375],
			"rotation": {"angle": 0, "axis": "y", "origin": [2, 0, 0]},
			"faces": {
				"north": {"uv": [8.5, 4.5, 13.25, 5], "texture": "#dark wood blade"},
				"east": {"uv": [7.5, 4.5, 8.5, 5], "texture": "#dark wood blade"},
				"south": {"uv": [2.75, 4.5, 7.5, 5], "texture": "#dark wood blade"},
				"west": {"uv": [7.5, 4.5, 8.5, 5], "texture": "#dark wood blade"},
				"up": {"uv": [2.75, 7.5, 7.5, 8.5], "texture": "#dark wood blade"},
				"down": {"uv": [13.25, 8.5, 8.5, 7.5], "texture": "#dark wood blade"}
			}
		},
		{
			"from": [5, 11.9, 8.375],
			"to": [13, 12.75, 8.625],
			"rotation": {"angle": 0, "axis": "y", "origin": [2, 0, 0]},
			"faces": {
				"north": {"uv": [8.5, 4.5, 13.25, 5], "texture": "#dark wood blade"},
				"east": {"uv": [7.5, 4.5, 8.5, 5], "texture": "#dark wood blade"},
				"south": {"uv": [2.75, 4.5, 7.5, 5], "texture": "#dark wood blade"},
				"west": {"uv": [7.5, 4.5, 8.5, 5], "texture": "#dark wood blade"},
				"up": {"uv": [2.75, 7.5, 7.5, 8.5], "texture": "#dark wood blade"},
				"down": {"uv": [13.25, 8.5, 8.5, 7.5], "texture": "#dark wood blade"}
			}
		},
		{
			"from": [5, 11.9, 7.375],
			"to": [13, 12.75, 7.625],
			"rotation": {"angle": 0, "axis": "y", "origin": [2, 0, 0]},
			"faces": {
				"north": {"uv": [8.5, 4.5, 13.25, 5], "texture": "#dark wood blade"},
				"east": {"uv": [7.5, 4.5, 8.5, 5], "texture": "#dark wood blade"},
				"south": {"uv": [2.75, 4.5, 7.5, 5], "texture": "#dark wood blade"},
				"west": {"uv": [7.5, 4.5, 8.5, 5], "texture": "#dark wood blade"},
				"up": {"uv": [2.75, 7.5, 7.5, 8.5], "texture": "#dark wood blade"},
				"down": {"uv": [13.25, 8.5, 8.5, 7.5], "texture": "#dark wood blade"}
			}
		},
		{
			"from": [8, 10, 7.75],
			"to": [8.5, 11.3, 8.25],
			"rotation": {"angle": 0, "axis": "y", "origin": [2, 0, 0]},
			"faces": {
				"north": {"uv": [9.5, 5, 10, 6], "texture": "#dark wood blade"},
				"east": {"uv": [7.5, 5, 8.5, 6], "texture": "#dark wood blade"},
				"south": {"uv": [6, 5, 6.5, 6], "texture": "#dark wood blade"},
				"west": {"uv": [7.5, 5, 8.5, 6], "texture": "#dark wood blade"}
			}
		}
	],
	"display": {
		"thirdperson_righthand": {
			"rotation": [116.65, -89.01, 116.77],
			"translation": [0, 0, -0.5],
			"scale": [0.8, 0.9, 0.8]
		},
		"thirdperson_lefthand": {
			"rotation": [-116.65, 89.01, 116.77],
			"translation": [0, 0, -0.5],
			"scale": [0.8, 0.9, 0.8]
		},
		"firstperson_righthand": {
			"rotation": [47.07, -79.61, 24.79],
			"translation": [0, 3.5, -7.75]
		},
		"firstperson_lefthand": {
			"rotation": [-136.79, 78.54, 157.84],
			"translation": [2.25, 4.25, -9.25]
		},
		"gui": {
			"rotation": [0, 0, -45],
			"translation": [-0.5, 0.25, 0],
			"scale": [0.7, 0.7, 1]
		},
		"fixed": {
			"rotation": [0, 180, -45],
			"translation": [-0.45, -0.65, -1.1]
		}
	}
}