{
	"credit": "Made by SrDarmith - YouTube: Mainclay",
	"textures": {
		"particle": "blocks/anvil 1",
		"texture": "blocks/anvil 1"
	},
	"elements": [
		{
			"from": [-7, 9.85, 7.75],
			"to": [-0.75, 10.35, 8.25],
			"rotation": {"angle": 0, "axis": "y", "origin": [0.25, 0.1, 0]},
			"faces": {
				"north": {"uv": [16, 5.75, 16, 6.25], "texture": "#texture", "cullface": "west"},
				"east": {"uv": [7.75, 5.75, 8.25, 6.25], "texture": "#texture", "cullface": "west"},
				"south": {"uv": [0, 5.75, 0, 6.25], "texture": "#texture", "cullface": "west"},
				"west": {"uv": [7.75, 5.75, 8.25, 6.25], "texture": "#texture", "cullface": "west"},
				"up": {"uv": [0, 7.75, 0, 8.25], "texture": "#texture", "cullface": "west"},
				"down": {"uv": [16, 8.25, 16, 7.75], "texture": "#texture", "cullface": "west"}
			}
		},
		{
			"from": [-8.5, 10.35, 7.75],
			"to": [-7, 10.6, 8.25],
			"rotation": {"angle": 0, "axis": "y", "origin": [0.25, 0.1, 0]},
			"faces": {
				"north": {"uv": [16, 5.5, 16, 5.75], "texture": "#texture", "cullface": "west"},
				"east": {"uv": [7.75, 5.5, 8.25, 5.75], "texture": "#texture", "cullface": "west"},
				"south": {"uv": [0, 5.5, 0, 5.75], "texture": "#texture", "cullface": "west"},
				"west": {"uv": [7.75, 5.5, 8.25, 5.75], "texture": "#texture", "cullface": "west"},
				"up": {"uv": [0, 7.75, 0, 8.25], "texture": "#texture", "cullface": "west"},
				"down": {"uv": [16, 8.25, 16, 7.75], "texture": "#texture", "cullface": "west"}
			}
		},
		{
			"from": [-8.5, 9.85, 7.5],
			"to": [-7, 10.35, 7.75],
			"rotation": {"angle": 0, "axis": "y", "origin": [0.25, 0.1, 0]},
			"faces": {
				"north": {"uv": [16, 5.75, 16, 6.25], "texture": "#texture", "cullface": "west"},
				"east": {"uv": [8.25, 5.75, 8.5, 6.25], "texture": "#texture", "cullface": "west"},
				"south": {"uv": [0, 5.75, 0, 6.25], "texture": "#texture", "cullface": "west"},
				"west": {"uv": [7.5, 5.75, 7.75, 6.25], "texture": "#texture", "cullface": "west"},
				"up": {"uv": [0, 7.5, 0, 7.75], "texture": "#texture", "cullface": "west"},
				"down": {"uv": [16, 7.75, 16, 7.5], "texture": "#texture", "cullface": "west"}
			}
		},
		{
			"from": [-8.5, 9.85, 8.25],
			"to": [-7, 10.35, 8.5],
			"rotation": {"angle": 0, "axis": "y", "origin": [0.25, 0.1, 0]},
			"faces": {
				"north": {"uv": [16, 5.75, 16, 6.25], "texture": "#texture", "cullface": "west"},
				"east": {"uv": [7.5, 5.75, 7.75, 6.25], "texture": "#texture", "cullface": "west"},
				"south": {"uv": [0, 5.75, 0, 6.25], "texture": "#texture", "cullface": "west"},
				"west": {"uv": [8.25, 5.75, 8.5, 6.25], "texture": "#texture", "cullface": "west"},
				"up": {"uv": [0, 8.25, 0, 8.5], "texture": "#texture", "cullface": "west"},
				"down": {"uv": [16, 8.5, 16, 8.25], "texture": "#texture", "cullface": "west"}
			}
		},
		{
			"from": [-8.5, 9.6, 7.75],
			"to": [-7, 9.85, 8.25],
			"rotation": {"angle": 0, "axis": "y", "origin": [0.25, 0.1, 0]},
			"faces": {
				"north": {"uv": [16, 6.25, 16, 6.5], "texture": "#texture", "cullface": "west"},
				"east": {"uv": [7.75, 6.25, 8.25, 6.5], "texture": "#texture", "cullface": "west"},
				"south": {"uv": [0, 6.25, 0, 6.5], "texture": "#texture", "cullface": "west"},
				"west": {"uv": [7.75, 6.25, 8.25, 6.5], "texture": "#texture", "cullface": "west"},
				"up": {"uv": [0, 7.75, 0, 8.25], "texture": "#texture", "cullface": "west"},
				"down": {"uv": [16, 8.25, 16, 7.75], "texture": "#texture", "cullface": "west"}
			}
		},
		{
			"from": [-1, 9.4, 7.75],
			"to": [-0.75, 10.6, 8.25],
			"rotation": {"angle": 0, "axis": "y", "origin": [-0.25, 0.1, 0]},
			"faces": {
				"north": {"uv": [16, 3.5, 16, 6.5], "texture": "#texture", "cullface": "west"},
				"east": {"uv": [7.75, 3.5, 8.25, 6.5], "texture": "#texture", "cullface": "west"},
				"south": {"uv": [0, 3.5, 0, 6.5], "texture": "#texture", "cullface": "west"},
				"west": {"uv": [7.75, 3.5, 8.25, 6.5], "texture": "#texture", "cullface": "west"},
				"up": {"uv": [0, 7.75, 0, 8.25], "texture": "#texture", "cullface": "west"},
				"down": {"uv": [16, 8.25, 16, 7.75], "texture": "#texture", "cullface": "west"}
			}
		},
		{
			"from": [-3, 9.4, 7.65],
			"to": [-2.75, 12.8, 8.35],
			"rotation": {"angle": 0, "axis": "y", "origin": [-4.25, 0.2, 0]},
			"faces": {
				"north": {"uv": [14.5, 3.5, 14.75, 6.5], "texture": "#texture", "cullface": "west"},
				"east": {"uv": [7.75, 3.5, 8.25, 6.5], "texture": "#texture", "cullface": "west"},
				"south": {"uv": [1.25, 3.5, 1.5, 6.5], "texture": "#texture", "cullface": "west"},
				"west": {"uv": [7.75, 3.5, 8.25, 6.5], "texture": "#texture", "cullface": "west"},
				"up": {"uv": [1.25, 7.75, 1.5, 8.25], "texture": "#texture", "cullface": "west"},
				"down": {"uv": [14.75, 8.25, 14.5, 7.75], "texture": "#texture", "cullface": "west"}
			}
		},
		{
			"from": [-0.75, 10.6, 7.35],
			"to": [9.75, 11.3, 8.65],
			"rotation": {"angle": 0, "axis": "y", "origin": [0.25, 0.1, 0]},
			"faces": {
				"north": {"uv": [6.5, 5, 16, 5.5], "texture": "#texture", "cullface": "west"},
				"east": {"uv": [7.25, 5, 8.75, 5.5], "texture": "#texture", "cullface": "west"},
				"south": {"uv": [0, 5, 9.5, 5.5], "texture": "#texture", "cullface": "west"},
				"west": {"uv": [7.25, 5, 8.75, 5.5], "texture": "#texture", "cullface": "west"},
				"up": {"uv": [0, 7.25, 9.5, 8.75], "texture": "#texture", "cullface": "west"},
				"down": {"uv": [16, 8.75, 6.5, 7.25], "texture": "#texture", "cullface": "west"}
			}
		},
		{
			"from": [-0.75, 11.6, 7.25],
			"to": [2.15, 12, 8.75],
			"rotation": {"angle": 0, "axis": "y", "origin": [0.25, 0.1, 0]},
			"faces": {
				"north": {"uv": [6.5, 5, 16, 5.5], "texture": "#texture", "cullface": "west"},
				"east": {"uv": [7.25, 5, 8.75, 5.5], "texture": "#texture", "cullface": "west"},
				"south": {"uv": [0, 5, 9.5, 5.5], "texture": "#texture", "cullface": "west"},
				"west": {"uv": [7.25, 5, 8.75, 5.5], "texture": "#texture", "cullface": "west"},
				"up": {"uv": [0, 7.25, 9.5, 8.75], "texture": "#texture", "cullface": "west"},
				"down": {"uv": [16, 8.75, 6.5, 7.25], "texture": "#texture", "cullface": "west"}
			}
		},
		{
			"from": [-0.55, 11.3, 7.55],
			"to": [1.85, 11.6, 8.35],
			"rotation": {"angle": 0, "axis": "y", "origin": [0.25, 0.1, 0]},
			"faces": {
				"north": {"uv": [6.5, 5, 16, 5.5], "texture": "#texture", "cullface": "west"},
				"east": {"uv": [7.25, 5, 8.75, 5.5], "texture": "#texture", "cullface": "west"},
				"south": {"uv": [0, 5, 9.5, 5.5], "texture": "#texture", "cullface": "west"},
				"west": {"uv": [7.25, 5, 8.75, 5.5], "texture": "#texture", "cullface": "west"},
				"up": {"uv": [0, 7.25, 9.5, 8.75], "texture": "#texture", "cullface": "west"},
				"down": {"uv": [16, 8.75, 6.5, 7.25], "texture": "#texture", "cullface": "west"}
			}
		},
		{
			"from": [0, 9.1, 7.25],
			"to": [9.75, 9.6, 8.75],
			"rotation": {"angle": 0, "axis": "y", "origin": [0.25, 0.1, 0]},
			"faces": {
				"north": {"uv": [6.5, 6.5, 16, 7], "texture": "#texture", "cullface": "west"},
				"south": {"uv": [0, 6.5, 9.5, 7], "texture": "#texture", "cullface": "west"},
				"west": {"uv": [7.25, 6.5, 8.75, 7], "texture": "#texture", "cullface": "west"},
				"down": {"uv": [16, 8.75, 6.5, 7.25], "texture": "#texture", "cullface": "west"}
			}
		},
		{
			"from": [0.5, 10.6, 7.1],
			"to": [9.75, 10.95, 8.9],
			"rotation": {"angle": 0, "axis": "y", "origin": [0.25, 0.1, 0]},
			"faces": {
				"north": {"uv": [6.5, 5.25, 15.75, 5.5], "texture": "#texture"},
				"east": {"uv": [7, 5.25, 9, 5.5], "texture": "#texture"},
				"south": {"uv": [0.25, 5.25, 9.5, 5.5], "texture": "#texture"},
				"up": {"uv": [0.25, 7, 9.5, 9], "texture": "#texture"},
				"down": {"uv": [15.75, 9, 6.5, 7], "texture": "#texture"}
			}
		},
		{
			"from": [-0.25, 10.6, 7.1],
			"to": [0.5, 10.95, 8.9],
			"rotation": {"angle": 0, "axis": "y", "origin": [0.25, 0.1, 0]},
			"faces": {
				"north": {"uv": [15.75, 5.25, 16, 5.5], "texture": "#texture", "cullface": "west"},
				"south": {"uv": [0, 5.25, 0.25, 5.5], "texture": "#texture", "cullface": "west"},
				"west": {"uv": [7, 5.25, 9, 5.5], "texture": "#texture", "cullface": "west"},
				"up": {"uv": [0, 7, 0.25, 9], "texture": "#texture", "cullface": "west"},
				"down": {"uv": [16, 9, 15.75, 7], "texture": "#texture", "cullface": "west"}
			}
		},
		{
			"from": [0.5, 8.85, 7.5],
			"to": [9.75, 9.1, 8.5],
			"rotation": {"angle": 0, "axis": "y", "origin": [0.25, 0.1, 0]},
			"faces": {
				"north": {"uv": [6.5, 7, 15.75, 7.25], "texture": "#texture"},
				"east": {"uv": [7.5, 7, 8.5, 7.25], "texture": "#texture"},
				"south": {"uv": [0.25, 7, 9.5, 7.25], "texture": "#texture"},
				"west": {"uv": [7.5, 7, 8.5, 7.25], "texture": "#texture"},
				"down": {"uv": [15.75, 8.5, 6.5, 7.5], "texture": "#texture"}
			}
		},
		{
			"from": [-3.05, 8.6, 7.5],
			"to": [9, 8.85, 8.5],
			"rotation": {"angle": 0, "axis": "y", "origin": [0.25, 0.1, 0]},
			"faces": {
				"north": {"uv": [7.25, 7.25, 16, 7.5], "texture": "#texture", "cullface": "west"},
				"east": {"uv": [7.5, 7.25, 8.5, 7.5], "texture": "#texture", "cullface": "west"},
				"south": {"uv": [0, 7.25, 8.75, 7.5], "texture": "#texture", "cullface": "west"},
				"west": {"uv": [7.5, 7.25, 8.5, 7.5], "texture": "#texture", "cullface": "west"},
				"up": {"uv": [0, 7.5, 8.75, 8.5], "texture": "#texture", "cullface": "west"},
				"down": {"uv": [16, 8.5, 7.25, 7.5], "texture": "#texture", "cullface": "west"}
			}
		},
		{
			"from": [-3.05, 7.35, 7],
			"to": [7.5, 8.35, 7.25],
			"rotation": {"angle": 0, "axis": "y", "origin": [0.25, 0.1, 0]},
			"faces": {
				"north": {"uv": [8.75, 7.75, 16, 8.75], "texture": "#texture", "cullface": "west"},
				"east": {"uv": [8.75, 7.75, 9, 8.75], "texture": "#texture", "cullface": "west"},
				"south": {"uv": [0, 7.75, 7.25, 8.75], "texture": "#texture", "cullface": "west"},
				"west": {"uv": [7, 7.75, 7.25, 8.75], "texture": "#texture", "cullface": "west"},
				"up": {"uv": [0, 7, 7.25, 7.25], "texture": "#texture", "cullface": "west"},
				"down": {"uv": [16, 7.25, 8.75, 7], "texture": "#texture", "cullface": "west"}
			}
		},
		{
			"from": [-3.05, 8.35, 8.5],
			"to": [8.5, 8.6, 8.75],
			"rotation": {"angle": 0, "axis": "y", "origin": [0.25, 0.1, 0]},
			"faces": {
				"north": {"uv": [7.75, 7.5, 16, 8], "texture": "#texture", "cullface": "west"},
				"east": {"uv": [7.25, 7.5, 7.5, 8], "texture": "#texture", "cullface": "west"},
				"south": {"uv": [0, 7.5, 8.25, 8], "texture": "#texture", "cullface": "west"},
				"west": {"uv": [8.5, 7.5, 8.75, 8], "texture": "#texture", "cullface": "west"},
				"up": {"uv": [0, 8.5, 8.25, 8.75], "texture": "#texture", "cullface": "west"},
				"down": {"uv": [16, 8.75, 7.75, 8.5], "texture": "#texture", "cullface": "west"}
			}
		},
		{
			"from": [-3.05, 6.85, 7.5],
			"to": [7.5, 7.1, 8.5],
			"rotation": {"angle": 0, "axis": "y", "origin": [0.25, 0.1, 0]},
			"faces": {
				"north": {"uv": [8.75, 9, 16, 9.25], "texture": "#texture", "cullface": "west"},
				"east": {"uv": [7.5, 9, 8.5, 9.25], "texture": "#texture", "cullface": "west"},
				"south": {"uv": [0, 9, 7.25, 9.25], "texture": "#texture", "cullface": "west"},
				"west": {"uv": [7.5, 9, 8.5, 9.25], "texture": "#texture", "cullface": "west"},
				"up": {"uv": [0, 7.5, 7.25, 8.5], "texture": "#texture", "cullface": "west"},
				"down": {"uv": [16, 8.5, 8.75, 7.5], "texture": "#texture", "cullface": "west"}
			}
		},
		{
			"from": [-3.05, 7.1, 7.25],
			"to": [7.5, 7.35, 7.5],
			"rotation": {"angle": 0, "axis": "y", "origin": [0.25, 0.1, 0]},
			"faces": {
				"north": {"uv": [8.75, 8.75, 16, 9], "texture": "#texture", "cullface": "west"},
				"east": {"uv": [8.5, 8.75, 8.75, 9], "texture": "#texture", "cullface": "west"},
				"south": {"uv": [0, 8.75, 7.25, 9], "texture": "#texture", "cullface": "west"},
				"west": {"uv": [7.25, 8.75, 7.5, 9], "texture": "#texture", "cullface": "west"},
				"up": {"uv": [0, 7.25, 7.25, 7.5], "texture": "#texture", "cullface": "west"},
				"down": {"uv": [16, 7.5, 8.75, 7.25], "texture": "#texture", "cullface": "west"}
			}
		},
		{
			"from": [-3.05, 7.1, 8.5],
			"to": [7.5, 7.35, 8.75],
			"rotation": {"angle": 0, "axis": "y", "origin": [0.25, 0.1, 0]},
			"faces": {
				"north": {"uv": [8.75, 8.75, 16, 9.5], "texture": "#texture", "cullface": "west"},
				"east": {"uv": [7.25, 8.75, 7.5, 9.5], "texture": "#texture", "cullface": "west"},
				"south": {"uv": [0, 8.75, 7.25, 9.5], "texture": "#texture", "cullface": "west"},
				"west": {"uv": [8.5, 8.75, 8.75, 9.5], "texture": "#texture", "cullface": "west"},
				"up": {"uv": [0, 8.5, 7.25, 8.75], "texture": "#texture", "cullface": "west"},
				"down": {"uv": [16, 8.75, 8.75, 8.5], "texture": "#texture", "cullface": "west"}
			}
		},
		{
			"from": [-3.05, 8.35, 7.25],
			"to": [8.5, 8.6, 7.5],
			"rotation": {"angle": 0, "axis": "y", "origin": [0.25, 0.1, 0]},
			"faces": {
				"north": {"uv": [7.75, 7.5, 16, 7.75], "texture": "#texture", "cullface": "west"},
				"east": {"uv": [8.5, 7.5, 8.75, 7.75], "texture": "#texture", "cullface": "west"},
				"south": {"uv": [0, 7.5, 8.25, 7.75], "texture": "#texture", "cullface": "west"},
				"west": {"uv": [7.25, 7.5, 7.5, 7.75], "texture": "#texture", "cullface": "west"},
				"up": {"uv": [0, 7.25, 8.25, 7.5], "texture": "#texture", "cullface": "west"},
				"down": {"uv": [16, 7.5, 7.75, 7.25], "texture": "#texture", "cullface": "west"}
			}
		},
		{
			"from": [-3.05, 7.35, 8.75],
			"to": [7.75, 8.35, 9],
			"rotation": {"angle": 0, "axis": "y", "origin": [0.25, 0.1, 0]},
			"faces": {
				"north": {"uv": [8.5, 7.75, 16, 8.75], "texture": "#texture", "cullface": "west"},
				"east": {"uv": [7, 7.75, 7.25, 8.75], "texture": "#texture", "cullface": "west"},
				"south": {"uv": [0, 7.75, 7.5, 8.75], "texture": "#texture", "cullface": "west"},
				"west": {"uv": [8.75, 7.75, 9, 8.75], "texture": "#texture", "cullface": "west"},
				"up": {"uv": [0, 8.75, 7.5, 9], "texture": "#texture", "cullface": "west"},
				"down": {"uv": [16, 9, 8.5, 8.75], "texture": "#texture", "cullface": "west"}
			}
		},
		{
			"from": [17.325, -0.975, 7.7],
			"to": [17.475, -0.55, 8.3],
			"rotation": {"angle": 22.5, "axis": "z", "origin": [0.825, 0.4, 0]},
			"faces": {
				"north": {"uv": [0, 8.75, 0, 9], "rotation": 270, "texture": "#texture", "cullface": "east"},
				"south": {"uv": [16, 8.75, 16, 9], "rotation": 90, "texture": "#texture", "cullface": "east"},
				"west": {"uv": [0, 8.5, 0, 7.5], "rotation": 90, "texture": "#texture", "cullface": "east"},
				"up": {"uv": [7.5, 8.75, 8.5, 9], "rotation": 90, "texture": "#texture", "cullface": "east"},
				"down": {"uv": [7.5, 8.75, 8.5, 9], "rotation": 90, "texture": "#texture", "cullface": "east"}
			}
		},
		{
			"from": [17.325, -2.975, 7.7],
			"to": [17.475, -2.55, 8.3],
			"rotation": {"angle": 22.5, "axis": "z", "origin": [0.825, 0.4, 0]},
			"faces": {
				"north": {"uv": [0, 8.75, 0, 9], "rotation": 270, "texture": "#texture", "cullface": "east"},
				"south": {"uv": [16, 8.75, 16, 9], "rotation": 90, "texture": "#texture", "cullface": "east"},
				"west": {"uv": [0, 8.5, 0, 7.5], "rotation": 90, "texture": "#texture", "cullface": "east"},
				"up": {"uv": [7.5, 8.75, 8.5, 9], "rotation": 90, "texture": "#texture", "cullface": "east"},
				"down": {"uv": [7.5, 8.75, 8.5, 9], "rotation": 90, "texture": "#texture", "cullface": "east"}
			}
		},
		{
			"from": [16.25, 3.475, 7.5],
			"to": [16.75, 6.875, 8.5],
			"rotation": {"angle": 22.5, "axis": "z", "origin": [16.5, 6.75, 7.25]},
			"faces": {
				"north": {"uv": [0, 9.25, 0, 12.5], "texture": "#texture", "cullface": "east"},
				"east": {"uv": [7.25, 9.25, 8.75, 12.5], "texture": "#texture", "cullface": "east"},
				"south": {"uv": [16, 9.25, 16, 12.5], "texture": "#texture", "cullface": "east"},
				"west": {"uv": [7.25, 9.25, 8.75, 12.5], "texture": "#texture", "cullface": "east"},
				"down": {"uv": [0, 8.75, 0, 7.25], "texture": "#texture", "cullface": "east"}
			}
		},
		{
			"from": [16.5, 3.5, 7.25],
			"to": [17.85, 7.25, 8.75],
			"rotation": {"angle": 22.5, "axis": "z", "origin": [16.5, 7.25, 7.25]},
			"faces": {
				"north": {"uv": [0, 9.25, 0, 13], "texture": "#texture", "cullface": "east"},
				"east": {"uv": [7.25, 9.25, 8.75, 13], "texture": "#texture", "cullface": "east"},
				"south": {"uv": [16, 9.25, 16, 13], "texture": "#texture", "cullface": "east"},
				"west": {"uv": [7.25, 9.25, 8.75, 13], "texture": "#texture", "cullface": "east"},
				"up": {"uv": [16, 7.25, 16, 8.75], "texture": "#texture", "cullface": "east"},
				"down": {"uv": [0, 8.75, 0, 7.25], "texture": "#texture", "cullface": "east"}
			}
		},
		{
			"from": [16.5, 6.75, 7.25],
			"to": [17.75, 8.25, 8.75],
			"faces": {
				"north": {"uv": [0, 7.75, 0, 9.25], "texture": "#texture", "cullface": "east"},
				"east": {"uv": [7.25, 7.75, 8.75, 9.25], "texture": "#texture", "cullface": "east"},
				"south": {"uv": [16, 7.75, 16, 9.25], "texture": "#texture", "cullface": "east"},
				"west": {"uv": [7.25, 7.75, 8.75, 9.25], "texture": "#texture", "cullface": "east"},
				"down": {"uv": [0, 8.75, 0, 7.25], "texture": "#texture", "cullface": "east"}
			}
		},
		{
			"from": [15.6, 7.35, 7.75],
			"to": [15.85, 8.6, 8.25],
			"rotation": {"angle": -22.5, "axis": "z", "origin": [15.5, 8.5, 7.75]},
			"faces": {
				"north": {"uv": [8.25, 0, 8.5, 1.25], "texture": "#texture"},
				"east": {"uv": [7.75, 0, 8.25, 1.25], "texture": "#texture"},
				"south": {"uv": [7.5, 0, 7.75, 1.25], "texture": "#texture"},
				"west": {"uv": [7.75, 0, 8.25, 1.25], "texture": "#texture"},
				"up": {"uv": [7.5, 7.75, 7.75, 8.25], "texture": "#texture"},
				"down": {"uv": [8.5, 8.25, 8.25, 7.75], "texture": "#texture"}
			}
		},
		{
			"from": [16.25, 7.25, 7.5],
			"to": [16.5, 7.75, 8.5],
			"faces": {
				"north": {"uv": [0, 8.25, 0, 8.75], "texture": "#texture", "cullface": "east"},
				"south": {"uv": [16, 8.25, 16, 8.75], "texture": "#texture", "cullface": "east"},
				"west": {"uv": [7.5, 8.25, 8.5, 8.75], "texture": "#texture", "cullface": "east"}
			}
		},
		{
			"from": [16, 7.75, 7.5],
			"to": [16.5, 8.25, 8.5],
			"faces": {
				"north": {"uv": [0, 7.75, 0, 8.25], "texture": "#texture", "cullface": "east"},
				"south": {"uv": [16, 7.75, 16, 8.25], "texture": "#texture", "cullface": "east"},
				"west": {"uv": [7.5, 7.75, 8.5, 8.25], "texture": "#texture", "cullface": "east"},
				"down": {"uv": [0, 8.5, 0, 7.5], "texture": "#texture", "cullface": "east"}
			}
		},
		{
			"from": [16, 6.75, 7.5],
			"to": [16.5, 7.25, 8.5],
			"faces": {
				"north": {"uv": [0, 8.75, 0, 9.25], "texture": "#texture", "cullface": "east"},
				"south": {"uv": [16, 8.75, 16, 9.25], "texture": "#texture", "cullface": "east"},
				"west": {"uv": [7.5, 8.75, 8.5, 9.25], "texture": "#texture", "cullface": "east"},
				"up": {"uv": [16, 7.5, 16, 8.5], "texture": "#texture", "cullface": "east"},
				"down": {"uv": [0, 8.5, 0, 7.5], "texture": "#texture", "cullface": "east"}
			}
		},
		{
			"from": [14, 7.75, 7.5],
			"to": [14.25, 8.25, 8.5],
			"faces": {
				"north": {"uv": [1.75, 7.75, 2.25, 8.25], "texture": "#texture"},
				"east": {"uv": [7.5, 7.75, 8.5, 8.25], "texture": "#texture"},
				"south": {"uv": [13.75, 7.75, 14.25, 8.25], "texture": "#texture"},
				"down": {"uv": [2.25, 8.5, 1.75, 7.5], "texture": "#texture"}
			}
		},
		{
			"from": [14.25, 6.75, 7.55],
			"to": [16, 7, 8.45],
			"faces": {
				"north": {"uv": [0, 9, 1.75, 9.25], "texture": "#texture"},
				"south": {"uv": [14.25, 9, 16, 9.25], "texture": "#texture"},
				"up": {"uv": [14.25, 7.75, 16, 8.25], "texture": "#texture"},
				"down": {"uv": [1.75, 8.25, 0, 7.75], "texture": "#texture"}
			}
		},
		{
			"from": [14, 6.75, 7.5],
			"to": [14.25, 7.25, 8.5],
			"faces": {
				"north": {"uv": [1.75, 8.75, 2.25, 9.25], "texture": "#texture"},
				"east": {"uv": [7.5, 8.75, 8.5, 9.25], "texture": "#texture"},
				"south": {"uv": [13.75, 8.75, 14.25, 9.25], "texture": "#texture"},
				"up": {"uv": [13.75, 7.5, 14.25, 8.5], "texture": "#texture"},
				"down": {"uv": [2.25, 8.5, 1.75, 7.5], "texture": "#texture"}
			}
		},
		{
			"from": [14, 8.25, 7.25],
			"to": [18.2, 8.75, 8.75],
			"faces": {
				"north": {"uv": [0, 7.25, 2.25, 7.75], "texture": "#texture", "cullface": "east"},
				"east": {"uv": [7, 7.25, 9, 7.75], "texture": "#texture", "cullface": "east"},
				"south": {"uv": [13.75, 7.25, 16, 7.75], "texture": "#texture", "cullface": "east"},
				"down": {"uv": [2.25, 9, 0, 7], "texture": "#texture", "cullface": "east"}
			}
		},
		{
			"from": [11.45, 3, 7.4],
			"to": [13.95, 5.75, 8.6],
			"rotation": {"angle": -22.5, "axis": "z", "origin": [11.5, 5.75, 7.3]},
			"faces": {
				"north": {"uv": [2.5, 11, 5, 13.75], "texture": "#texture"},
				"east": {"uv": [7.25, 11, 8.75, 13.75], "texture": "#texture"},
				"south": {"uv": [11, 11, 13.5, 13.75], "texture": "#texture"},
				"west": {"uv": [7.25, 11, 8.75, 13.75], "texture": "#texture"},
				"up": {"uv": [11, 7.25, 13.5, 8.75], "texture": "#texture"},
				"down": {"uv": [5, 8.75, 2.5, 7.25], "texture": "#texture"}
			}
		},
		{
			"from": [11.25, 4.75, 7.4],
			"to": [13.75, 7, 8.6],
			"rotation": {"angle": 0, "axis": "y", "origin": [0.25, -0.25, 0.05]},
			"faces": {
				"north": {"uv": [2.5, 8.75, 5, 11], "texture": "#texture"},
				"east": {"uv": [7.25, 8.75, 8.75, 11], "texture": "#texture"},
				"south": {"uv": [11, 8.75, 13.5, 11], "texture": "#texture"},
				"west": {"uv": [7.25, 8.75, 8.75, 11], "texture": "#texture"},
				"up": {"uv": [11, 7.25, 13.5, 8.75], "texture": "#texture"},
				"down": {"uv": [5, 8.75, 2.5, 7.25], "texture": "#texture"}
			}
		},
		{
			"from": [12.5, 6.75, 7.25],
			"to": [14, 8.75, 8.75],
			"rotation": {"angle": 0, "axis": "y", "origin": [0.25, 0, 0]},
			"faces": {
				"north": {"uv": [2.25, 7.25, 3.75, 9.25], "texture": "#texture"},
				"east": {"uv": [7, 7.25, 9, 9.25], "texture": "#texture"},
				"south": {"uv": [12.25, 7.25, 13.75, 9.25], "texture": "#texture"},
				"west": {"uv": [7, 7.25, 9, 9.25], "texture": "#texture"},
				"down": {"uv": [3.75, 9, 2.25, 7], "texture": "#texture"}
			}
		},
		{
			"from": [11, 7, 7.25],
			"to": [12.5, 8.75, 8.75],
			"rotation": {"angle": 0, "axis": "y", "origin": [0.25, 0, 0]},
			"faces": {
				"north": {"uv": [3.75, 7.25, 5.25, 9], "texture": "#texture"},
				"south": {"uv": [10.75, 7.25, 12.25, 9], "texture": "#texture"},
				"west": {"uv": [7, 7.25, 9, 9], "texture": "#texture"},
				"down": {"uv": [5.25, 9, 3.75, 7], "texture": "#texture"}
			}
		},
		{
			"from": [10.75, 8.75, 7],
			"to": [18.65, 11, 9],
			"faces": {
				"north": {"uv": [0, 5, 5.5, 7.25], "texture": "#texture", "cullface": "east"},
				"east": {"uv": [7, 5, 9, 7.25], "texture": "#texture", "cullface": "east"},
				"south": {"uv": [10.5, 5, 16, 7.25], "texture": "#texture", "cullface": "east"},
				"west": {"uv": [7, 5, 9, 7.25], "texture": "#texture", "cullface": "east"},
				"up": {"uv": [10.5, 7, 16, 9], "texture": "#texture", "cullface": "east"},
				"down": {"uv": [5.5, 9, 0, 7], "texture": "#texture", "cullface": "east"}
			}
		},
		{
			"from": [2, 7.1, 6.75],
			"to": [7.25, 8.6, 9.25],
			"rotation": {"angle": 0, "axis": "y", "origin": [0.25, 0.1, 0]},
			"faces": {
				"north": {"uv": [9, 7.5, 14.25, 9], "texture": "#texture"},
				"east": {"uv": [6.75, 7.5, 9.25, 9], "texture": "#texture"},
				"south": {"uv": [1.75, 7.5, 7, 9], "texture": "#texture"},
				"west": {"uv": [6.75, 7.5, 9.25, 9], "texture": "#texture"},
				"up": {"uv": [1.75, 6.75, 7, 9.25], "texture": "#texture"},
				"down": {"uv": [14.25, 9.25, 9, 6.75], "texture": "#texture"}
			}
		},
		{
			"from": [6.3, 6.5, 7.15],
			"to": [6.85, 6.65, 8.85],
			"rotation": {"angle": 0, "axis": "y", "origin": [0.25, 0.1, 0]},
			"faces": {
				"north": {"uv": [9, 9.25, 14.25, 9.5], "texture": "#texture"},
				"east": {"uv": [7.25, 9.25, 8.75, 9.5], "texture": "#texture"},
				"south": {"uv": [1.75, 9.25, 7, 9.5], "texture": "#texture"},
				"west": {"uv": [7.25, 9.25, 8.75, 9.5], "texture": "#texture"},
				"down": {"uv": [14.25, 8.75, 9, 7.25], "texture": "#texture"}
			}
		},
		{
			"from": [6.3, 6.75, 6.9],
			"to": [6.85, 6.9, 9.1],
			"rotation": {"angle": 0, "axis": "y", "origin": [0.25, 0.1, 0]},
			"faces": {
				"north": {"uv": [9, 9, 14.25, 9.25], "texture": "#texture"},
				"east": {"uv": [7, 9, 9, 9.25], "texture": "#texture"},
				"south": {"uv": [1.75, 9, 7, 9.25], "texture": "#texture"},
				"west": {"uv": [7, 9, 9, 9.25], "texture": "#texture"},
				"down": {"uv": [14.25, 9, 9, 7], "texture": "#texture"}
			}
		},
		{
			"from": [6.3, 7, 6.65],
			"to": [6.85, 8.4, 9.35],
			"rotation": {"angle": 0, "axis": "y", "origin": [0.25, 0.1, 0]},
			"faces": {
				"north": {"uv": [9, 7.5, 14.25, 9], "texture": "#texture"},
				"east": {"uv": [6.75, 7.5, 9.25, 9], "texture": "#texture"},
				"south": {"uv": [1.75, 7.5, 7, 9], "texture": "#texture"},
				"west": {"uv": [6.75, 7.5, 9.25, 9], "texture": "#texture"},
				"up": {"uv": [1.75, 6.75, 7, 9.25], "texture": "#texture"},
				"down": {"uv": [14.25, 9.25, 9, 6.75], "texture": "#texture"}
			}
		},
		{
			"from": [5.3, 6.5, 7.15],
			"to": [5.85, 6.65, 8.85],
			"rotation": {"angle": 0, "axis": "y", "origin": [0.25, 0.1, 0]},
			"faces": {
				"north": {"uv": [9, 9.25, 14.25, 9.5], "texture": "#texture"},
				"east": {"uv": [7.25, 9.25, 8.75, 9.5], "texture": "#texture"},
				"south": {"uv": [1.75, 9.25, 7, 9.5], "texture": "#texture"},
				"west": {"uv": [7.25, 9.25, 8.75, 9.5], "texture": "#texture"},
				"down": {"uv": [14.25, 8.75, 9, 7.25], "texture": "#texture"}
			}
		},
		{
			"from": [5.3, 6.75, 6.9],
			"to": [5.85, 6.9, 9.1],
			"rotation": {"angle": 0, "axis": "y", "origin": [0.25, 0.1, 0]},
			"faces": {
				"north": {"uv": [9, 9, 14.25, 9.25], "texture": "#texture"},
				"east": {"uv": [7, 9, 9, 9.25], "texture": "#texture"},
				"south": {"uv": [1.75, 9, 7, 9.25], "texture": "#texture"},
				"west": {"uv": [7, 9, 9, 9.25], "texture": "#texture"},
				"down": {"uv": [14.25, 9, 9, 7], "texture": "#texture"}
			}
		},
		{
			"from": [5.3, 7, 6.65],
			"to": [5.85, 8.4, 9.35],
			"rotation": {"angle": 0, "axis": "y", "origin": [0.25, 0.1, 0]},
			"faces": {
				"north": {"uv": [9, 7.5, 14.25, 9], "texture": "#texture"},
				"east": {"uv": [6.75, 7.5, 9.25, 9], "texture": "#texture"},
				"south": {"uv": [1.75, 7.5, 7, 9], "texture": "#texture"},
				"west": {"uv": [6.75, 7.5, 9.25, 9], "texture": "#texture"},
				"up": {"uv": [1.75, 6.75, 7, 9.25], "texture": "#texture"},
				"down": {"uv": [14.25, 9.25, 9, 6.75], "texture": "#texture"}
			}
		},
		{
			"from": [4.3, 6.5, 7.15],
			"to": [4.85, 6.65, 8.85],
			"rotation": {"angle": 0, "axis": "y", "origin": [0.25, 0.1, 0]},
			"faces": {
				"north": {"uv": [9, 9.25, 14.25, 9.5], "texture": "#texture"},
				"east": {"uv": [7.25, 9.25, 8.75, 9.5], "texture": "#texture"},
				"south": {"uv": [1.75, 9.25, 7, 9.5], "texture": "#texture"},
				"west": {"uv": [7.25, 9.25, 8.75, 9.5], "texture": "#texture"},
				"down": {"uv": [14.25, 8.75, 9, 7.25], "texture": "#texture"}
			}
		},
		{
			"from": [4.3, 6.75, 6.9],
			"to": [4.85, 6.9, 9.1],
			"rotation": {"angle": 0, "axis": "y", "origin": [0.25, 0.1, 0]},
			"faces": {
				"north": {"uv": [9, 9, 14.25, 9.25], "texture": "#texture"},
				"east": {"uv": [7, 9, 9, 9.25], "texture": "#texture"},
				"south": {"uv": [1.75, 9, 7, 9.25], "texture": "#texture"},
				"west": {"uv": [7, 9, 9, 9.25], "texture": "#texture"},
				"down": {"uv": [14.25, 9, 9, 7], "texture": "#texture"}
			}
		},
		{
			"from": [4.3, 7, 6.65],
			"to": [4.85, 8.4, 9.35],
			"rotation": {"angle": 0, "axis": "y", "origin": [0.25, 0.1, 0]},
			"faces": {
				"north": {"uv": [9, 7.5, 14.25, 9], "texture": "#texture"},
				"east": {"uv": [6.75, 7.5, 9.25, 9], "texture": "#texture"},
				"south": {"uv": [1.75, 7.5, 7, 9], "texture": "#texture"},
				"west": {"uv": [6.75, 7.5, 9.25, 9], "texture": "#texture"},
				"up": {"uv": [1.75, 6.75, 7, 9.25], "texture": "#texture"},
				"down": {"uv": [14.25, 9.25, 9, 6.75], "texture": "#texture"}
			}
		},
		{
			"from": [3.3, 6.5, 7.15],
			"to": [3.85, 6.65, 8.85],
			"rotation": {"angle": 0, "axis": "y", "origin": [0.25, 0.1, 0]},
			"faces": {
				"north": {"uv": [9, 9.25, 14.25, 9.5], "texture": "#texture"},
				"east": {"uv": [7.25, 9.25, 8.75, 9.5], "texture": "#texture"},
				"south": {"uv": [1.75, 9.25, 7, 9.5], "texture": "#texture"},
				"west": {"uv": [7.25, 9.25, 8.75, 9.5], "texture": "#texture"},
				"down": {"uv": [14.25, 8.75, 9, 7.25], "texture": "#texture"}
			}
		},
		{
			"from": [3.3, 6.75, 6.9],
			"to": [3.85, 6.9, 9.1],
			"rotation": {"angle": 0, "axis": "y", "origin": [0.25, 0.1, 0]},
			"faces": {
				"north": {"uv": [9, 9, 14.25, 9.25], "texture": "#texture"},
				"east": {"uv": [7, 9, 9, 9.25], "texture": "#texture"},
				"south": {"uv": [1.75, 9, 7, 9.25], "texture": "#texture"},
				"west": {"uv": [7, 9, 9, 9.25], "texture": "#texture"},
				"down": {"uv": [14.25, 9, 9, 7], "texture": "#texture"}
			}
		},
		{
			"from": [3.3, 7, 6.65],
			"to": [3.85, 8.4, 9.35],
			"rotation": {"angle": 0, "axis": "y", "origin": [0.25, 0.1, 0]},
			"faces": {
				"north": {"uv": [9, 7.5, 14.25, 9], "texture": "#texture"},
				"east": {"uv": [6.75, 7.5, 9.25, 9], "texture": "#texture"},
				"south": {"uv": [1.75, 7.5, 7, 9], "texture": "#texture"},
				"west": {"uv": [6.75, 7.5, 9.25, 9], "texture": "#texture"},
				"up": {"uv": [1.75, 6.75, 7, 9.25], "texture": "#texture"},
				"down": {"uv": [14.25, 9.25, 9, 6.75], "texture": "#texture"}
			}
		},
		{
			"from": [2.3, 6.5, 7.15],
			"to": [2.85, 6.65, 8.85],
			"rotation": {"angle": 0, "axis": "y", "origin": [0.25, 0.1, 0]},
			"faces": {
				"north": {"uv": [9, 9.25, 14.25, 9.5], "texture": "#texture"},
				"east": {"uv": [7.25, 9.25, 8.75, 9.5], "texture": "#texture"},
				"south": {"uv": [1.75, 9.25, 7, 9.5], "texture": "#texture"},
				"west": {"uv": [7.25, 9.25, 8.75, 9.5], "texture": "#texture"},
				"down": {"uv": [14.25, 8.75, 9, 7.25], "texture": "#texture"}
			}
		},
		{
			"from": [2.3, 6.75, 6.9],
			"to": [2.85, 6.9, 9.1],
			"rotation": {"angle": 0, "axis": "y", "origin": [0.25, 0.1, 0]},
			"faces": {
				"north": {"uv": [9, 9, 14.25, 9.25], "texture": "#texture"},
				"east": {"uv": [7, 9, 9, 9.25], "texture": "#texture"},
				"south": {"uv": [1.75, 9, 7, 9.25], "texture": "#texture"},
				"west": {"uv": [7, 9, 9, 9.25], "texture": "#texture"},
				"down": {"uv": [14.25, 9, 9, 7], "texture": "#texture"}
			}
		},
		{
			"from": [2.3, 7, 6.65],
			"to": [2.85, 8.4, 9.35],
			"rotation": {"angle": 0, "axis": "y", "origin": [0.25, 0.1, 0]},
			"faces": {
				"north": {"uv": [9, 7.5, 14.25, 9], "texture": "#texture"},
				"east": {"uv": [6.75, 7.5, 9.25, 9], "texture": "#texture"},
				"south": {"uv": [1.75, 7.5, 7, 9], "texture": "#texture"},
				"west": {"uv": [6.75, 7.5, 9.25, 9], "texture": "#texture"},
				"up": {"uv": [1.75, 6.75, 7, 9.25], "texture": "#texture"},
				"down": {"uv": [14.25, 9.25, 9, 6.75], "texture": "#texture"}
			}
		},
		{
			"from": [2, 6.85, 7],
			"to": [7.25, 7.1, 9],
			"rotation": {"angle": 0, "axis": "y", "origin": [0.25, 0.1, 0]},
			"faces": {
				"north": {"uv": [9, 9, 14.25, 9.25], "texture": "#texture"},
				"east": {"uv": [7, 9, 9, 9.25], "texture": "#texture"},
				"south": {"uv": [1.75, 9, 7, 9.25], "texture": "#texture"},
				"west": {"uv": [7, 9, 9, 9.25], "texture": "#texture"},
				"down": {"uv": [14.25, 9, 9, 7], "texture": "#texture"}
			}
		},
		{
			"from": [2, 6.6, 7.25],
			"to": [7.25, 6.85, 8.75],
			"rotation": {"angle": 0, "axis": "y", "origin": [0.25, 0.1, 0]},
			"faces": {
				"north": {"uv": [9, 9.25, 14.25, 9.5], "texture": "#texture"},
				"east": {"uv": [7.25, 9.25, 8.75, 9.5], "texture": "#texture"},
				"south": {"uv": [1.75, 9.25, 7, 9.5], "texture": "#texture"},
				"west": {"uv": [7.25, 9.25, 8.75, 9.5], "texture": "#texture"},
				"down": {"uv": [14.25, 8.75, 9, 7.25], "texture": "#texture"}
			}
		},
		{
			"from": [7.5, 8.1, 7],
			"to": [8, 8.35, 9],
			"rotation": {"angle": 0, "axis": "y", "origin": [0.25, 0.1, 0]},
			"faces": {
				"north": {"uv": [8.25, 7.75, 8.75, 8], "texture": "#texture"},
				"east": {"uv": [7, 7.75, 9, 8], "texture": "#texture"},
				"south": {"uv": [7.25, 7.75, 7.75, 8], "texture": "#texture"},
				"west": {"uv": [7, 7.75, 9, 8], "texture": "#texture"},
				"up": {"uv": [7.25, 7, 7.75, 9], "texture": "#texture"},
				"down": {"uv": [8.75, 9, 8.25, 7], "texture": "#texture"}
			}
		},
		{
			"from": [7.5, 7.85, 7],
			"to": [7.75, 8.1, 9],
			"rotation": {"angle": 0, "axis": "y", "origin": [0.25, 0.1, 0]},
			"faces": {
				"north": {"uv": [8.5, 8, 8.75, 8.25], "texture": "#texture"},
				"east": {"uv": [7, 8, 9, 8.25], "texture": "#texture"},
				"south": {"uv": [7.25, 8, 7.5, 8.25], "texture": "#texture"},
				"west": {"uv": [7, 8, 9, 8.25], "texture": "#texture"},
				"down": {"uv": [8.75, 9, 8.5, 7], "texture": "#texture"}
			}
		},
		{
			"from": [7.5, 7.6, 7.5],
			"to": [10.25, 8.85, 8.5],
			"rotation": {"angle": 0, "axis": "y", "origin": [0.25, 0.1, 0]},
			"faces": {
				"north": {"uv": [6, 7.25, 8.75, 8.5], "texture": "#texture"},
				"east": {"uv": [7.5, 7.25, 8.5, 8.5], "texture": "#texture"},
				"south": {"uv": [7.25, 7.25, 10, 8.5], "texture": "#texture"},
				"west": {"uv": [7.5, 7.25, 8.5, 8.5], "texture": "#texture"},
				"up": {"uv": [7.25, 7.5, 10, 8.5], "texture": "#texture"},
				"down": {"uv": [8.75, 8.5, 6, 7.5], "texture": "#texture"}
			}
		},
		{
			"from": [7.25, 7.35, 7.25],
			"to": [7.5, 7.85, 8.75],
			"rotation": {"angle": 0, "axis": "y", "origin": [0.25, 0.1, 0]},
			"faces": {
				"east": {"uv": [7.25, 8.25, 8.75, 8.75], "texture": "#texture"},
				"up": {"uv": [7, 7.25, 7.25, 8.75], "texture": "#texture"},
				"down": {"uv": [9, 8.75, 8.75, 7.25], "texture": "#texture"}
			}
		},
		{
			"from": [7.25, 8.6, 7.25],
			"to": [9, 9.1, 8.75],
			"rotation": {"angle": 0, "axis": "y", "origin": [0.25, 0.1, 0]},
			"faces": {
				"north": {"uv": [7.25, 7, 9, 7.5], "texture": "#texture"},
				"east": {"uv": [7.25, 7, 8.75, 7.5], "texture": "#texture"},
				"south": {"uv": [7, 7, 8.75, 7.5], "texture": "#texture"},
				"west": {"uv": [7.25, 7, 8.75, 7.5], "texture": "#texture"},
				"down": {"uv": [9, 8.75, 7.25, 7.25], "texture": "#texture"}
			}
		},
		{
			"from": [9, 8.85, 7.25],
			"to": [9.5, 9.1, 8.75],
			"rotation": {"angle": 0, "axis": "y", "origin": [0.25, 0.1, 0]},
			"faces": {
				"north": {"uv": [6.75, 7, 7.25, 7.25], "texture": "#texture"},
				"east": {"uv": [7.25, 7, 8.75, 7.25], "texture": "#texture"},
				"south": {"uv": [8.75, 7, 9.25, 7.25], "texture": "#texture"},
				"down": {"uv": [7.25, 8.75, 6.75, 7.25], "texture": "#texture"}
			}
		},
		{
			"from": [7.25, 7.35, 7.5],
			"to": [10.25, 7.6, 8.5],
			"rotation": {"angle": 0, "axis": "y", "origin": [0.25, 0.1, 0]},
			"faces": {
				"north": {"uv": [6.75, 8.5, 9, 8.75], "texture": "#texture"},
				"east": {"uv": [7.5, 8.5, 8.5, 8.75], "texture": "#texture"},
				"south": {"uv": [7, 8.5, 9.25, 8.75], "texture": "#texture"},
				"up": {"uv": [7, 7.5, 9.25, 8.5], "texture": "#texture"},
				"down": {"uv": [9, 8.5, 6.75, 7.5], "texture": "#texture"}
			}
		},
		{
			"from": [7.25, 7.1, 7.5],
			"to": [8.5, 7.35, 8.5],
			"rotation": {"angle": 0, "axis": "y", "origin": [0.25, 0.1, 0]},
			"faces": {
				"north": {"uv": [7.75, 8.75, 9, 9], "texture": "#texture"},
				"east": {"uv": [7.5, 8.75, 8.5, 9], "texture": "#texture"},
				"south": {"uv": [7, 8.75, 8.25, 9], "texture": "#texture"},
				"down": {"uv": [9, 8.5, 7.75, 7.5], "texture": "#texture"}
			}
		},
		{
			"from": [7.925, 5.775, 7.75],
			"to": [8.175, 7.525, 8.25],
			"rotation": {"angle": 22.5, "axis": "z", "origin": [8, 7.1, 7.75]},
			"faces": {
				"north": {"uv": [7.75, 9, 8, 10], "texture": "#texture"},
				"east": {"uv": [7.75, 9, 8.25, 10], "texture": "#texture"},
				"south": {"uv": [8, 9, 8.25, 10], "texture": "#texture"},
				"west": {"uv": [7.75, 9, 8.25, 10], "texture": "#texture"},
				"down": {"uv": [8, 8.25, 7.75, 7.75], "texture": "#texture"}
			}
		},
		{
			"from": [8.45, 5.85, 7.75],
			"to": [10, 6.1, 8.25],
			"rotation": {"angle": 0, "axis": "y", "origin": [0.25, 0.1, 0]},
			"faces": {
				"north": {"uv": [5.75, 9.75, 7.5, 10], "texture": "#texture"},
				"east": {"uv": [7.75, 9.75, 8.25, 10], "texture": "#texture"},
				"south": {"uv": [8.5, 9.75, 10.25, 10], "texture": "#texture"},
				"west": {"uv": [7.75, 9.75, 8.25, 10], "texture": "#texture"},
				"up": {"uv": [8.5, 7.75, 10.25, 8.25], "texture": "#texture"},
				"down": {"uv": [7.5, 8.25, 5.75, 7.75], "texture": "#texture"}
			}
		},
		{
			"from": [9.75, 9.1, 7.25],
			"to": [10.5, 10.95, 8.75],
			"rotation": {"angle": 0, "axis": "y", "origin": [0.25, 0, 0]},
			"faces": {
				"north": {"uv": [5.75, 5.25, 6.5, 7], "texture": "#texture"},
				"east": {"uv": [7.25, 5.25, 8.75, 7], "texture": "#texture"},
				"south": {"uv": [9.5, 5.25, 10.25, 7], "texture": "#texture"},
				"west": {"uv": [7.25, 5.25, 8.75, 7], "texture": "#texture"},
				"up": {"uv": [9.5, 7.25, 10.25, 8.75], "texture": "#texture"},
				"down": {"uv": [6.5, 8.75, 5.75, 7.25], "texture": "#texture"}
			}
		},
		{
			"from": [10.5, 9.35, 7.5],
			"to": [10.75, 10.7, 8.5],
			"rotation": {"angle": 0, "axis": "y", "origin": [0.25, 0, 0]},
			"faces": {
				"north": {"uv": [5.5, 5.5, 5.75, 6.75], "texture": "#texture"},
				"south": {"uv": [10.25, 5.5, 10.5, 6.75], "texture": "#texture"},
				"up": {"uv": [10.25, 7.5, 10.5, 8.5], "texture": "#texture"},
				"down": {"uv": [5.75, 8.5, 5.5, 7.5], "texture": "#texture"}
			}
		},
		{
			"from": [9.8, 6.45, 7.75],
			"to": [10.05, 7.7, 8.25],
			"rotation": {"angle": -22.5, "axis": "z", "origin": [10, 7.85, 7.75]},
			"faces": {
				"north": {"uv": [8.25, 0, 8.5, 1], "texture": "#texture"},
				"east": {"uv": [7.75, 0, 8.25, 1], "texture": "#texture"},
				"south": {"uv": [7.5, 0, 7.75, 1], "texture": "#texture"},
				"west": {"uv": [7.75, 0, 8.25, 1], "texture": "#texture"},
				"up": {"uv": [7.5, 7.75, 7.75, 8.25], "texture": "#texture"},
				"down": {"uv": [8.5, 8.25, 8.25, 7.75], "texture": "#texture"}
			}
		},
		{
			"from": [10.525, 6, 7.75],
			"to": [10.775, 7.75, 8.25],
			"rotation": {"angle": -22.5, "axis": "z", "origin": [10, 7.85, 7.75]},
			"faces": {
				"north": {"uv": [8.25, 0, 8.5, 1], "texture": "#texture"},
				"east": {"uv": [7.75, 0, 8.25, 1], "texture": "#texture"},
				"south": {"uv": [7.5, 0, 7.75, 1], "texture": "#texture"},
				"west": {"uv": [7.75, 0, 8.25, 1], "texture": "#texture"},
				"up": {"uv": [7.5, 7.75, 7.75, 8.25], "texture": "#texture"},
				"down": {"uv": [8.5, 8.25, 8.25, 7.75], "texture": "#texture"}
			}
		},
		{
			"from": [-0.25, 9.85, 7],
			"to": [0.25, 10.1, 9],
			"rotation": {"angle": 0, "axis": "y", "origin": [0.25, 0.1, 0]},
			"faces": {
				"north": {"uv": [16, 6, 16, 6.25], "texture": "#texture", "cullface": "west"},
				"south": {"uv": [0, 6, 0, 6.25], "texture": "#texture", "cullface": "west"},
				"west": {"uv": [7, 6, 9, 6.25], "texture": "#texture", "cullface": "west"},
				"up": {"uv": [0, 7, 0, 9], "texture": "#texture", "cullface": "west"},
				"down": {"uv": [16, 9, 16, 7], "texture": "#texture", "cullface": "west"}
			}
		},
		{
			"from": [-0.75, 9.6, 7.25],
			"to": [9.75, 10.1, 8.75],
			"rotation": {"angle": 0, "axis": "y", "origin": [0.25, 0.1, 0]},
			"faces": {
				"north": {"uv": [6.5, 6, 16, 6.5], "texture": "#texture", "cullface": "west"},
				"south": {"uv": [0, 6, 9.5, 6.5], "texture": "#texture", "cullface": "west"},
				"west": {"uv": [7.25, 6, 8.75, 6.5], "texture": "#texture", "cullface": "west"},
				"up": {"uv": [0, 7.25, 9.5, 8.75], "texture": "#texture", "cullface": "west"},
				"down": {"uv": [16, 8.75, 6.5, 7.25], "texture": "#texture", "cullface": "west"}
			}
		},
		{
			"from": [-0.75, 10.1, 7.25],
			"to": [-0.25, 10.6, 8.75],
			"rotation": {"angle": 0, "axis": "y", "origin": [0.25, 0.1, 0]},
			"faces": {
				"north": {"uv": [16, 5.5, 16, 6], "texture": "#texture", "cullface": "west"},
				"south": {"uv": [0, 5.5, 0, 6], "texture": "#texture", "cullface": "west"},
				"west": {"uv": [7.25, 5.5, 8.75, 6], "texture": "#texture", "cullface": "west"}
			}
		},
		{
			"from": [-0.25, 10.1, 7.1],
			"to": [0, 10.6, 8.9],
			"rotation": {"angle": 0, "axis": "y", "origin": [0.25, 0.1, 0]},
			"faces": {
				"north": {"uv": [16, 5.5, 16, 6], "texture": "#texture", "cullface": "west"},
				"east": {"uv": [7, 5.5, 9, 6], "texture": "#texture", "cullface": "west"},
				"south": {"uv": [0, 5.5, 0, 6], "texture": "#texture", "cullface": "west"},
				"west": {"uv": [7, 5.5, 9, 6], "texture": "#texture", "cullface": "west"}
			}
		},
		{
			"from": [8, 10.1, 7.1],
			"to": [9.75, 10.6, 8.9],
			"rotation": {"angle": 0, "axis": "y", "origin": [0.25, 0.1, 0]},
			"faces": {
				"north": {"uv": [6.5, 5.5, 8.25, 6], "texture": "#texture"},
				"east": {"uv": [7, 5.5, 9, 6], "texture": "#texture"},
				"south": {"uv": [7.75, 5.5, 9.5, 6], "texture": "#texture"},
				"west": {"uv": [7, 5.5, 9, 6], "texture": "#texture"},
				"down": {"uv": [8.25, 9, 6.5, 7], "texture": "#texture"}
			}
		},
		{
			"from": [0.5, 10.1, 7.1],
			"to": [1.5, 10.6, 8.9],
			"rotation": {"angle": 0, "axis": "y", "origin": [0.25, 0.1, 0]},
			"faces": {
				"north": {"uv": [14.75, 5.5, 15.75, 6], "texture": "#texture"},
				"east": {"uv": [7, 5.5, 9, 6], "texture": "#texture"},
				"south": {"uv": [0.25, 5.5, 1.25, 6], "texture": "#texture"},
				"west": {"uv": [7, 5.5, 9, 6], "texture": "#texture"},
				"down": {"uv": [15.75, 9, 14.75, 7], "texture": "#texture"}
			}
		},
		{
			"from": [2, 10.1, 7.1],
			"to": [3, 10.6, 8.9],
			"rotation": {"angle": 0, "axis": "y", "origin": [0.25, 0.1, 0]},
			"faces": {
				"north": {"uv": [13.25, 5.5, 14.25, 6], "texture": "#texture"},
				"east": {"uv": [7, 5.5, 9, 6], "texture": "#texture"},
				"south": {"uv": [1.75, 5.5, 2.75, 6], "texture": "#texture"},
				"west": {"uv": [7, 5.5, 9, 6], "texture": "#texture"},
				"down": {"uv": [14.25, 9, 13.25, 7], "texture": "#texture"}
			}
		},
		{
			"from": [3.5, 10.1, 7.1],
			"to": [4.5, 10.6, 8.9],
			"rotation": {"angle": 0, "axis": "y", "origin": [0.25, 0.1, 0]},
			"faces": {
				"north": {"uv": [11.75, 5.5, 12.75, 6], "texture": "#texture"},
				"east": {"uv": [7, 5.5, 9, 6], "texture": "#texture"},
				"south": {"uv": [3.25, 5.5, 4.25, 6], "texture": "#texture"},
				"west": {"uv": [7, 5.5, 9, 6], "texture": "#texture"},
				"down": {"uv": [12.75, 9, 11.75, 7], "texture": "#texture"}
			}
		},
		{
			"from": [5, 10.1, 7.1],
			"to": [6, 10.6, 8.9],
			"rotation": {"angle": 0, "axis": "y", "origin": [0.25, 0.1, 0]},
			"faces": {
				"north": {"uv": [10.25, 5.5, 11.25, 6], "texture": "#texture"},
				"east": {"uv": [7, 5.5, 9, 6], "texture": "#texture"},
				"south": {"uv": [4.75, 5.5, 5.75, 6], "texture": "#texture"},
				"west": {"uv": [7, 5.5, 9, 6], "texture": "#texture"},
				"down": {"uv": [11.25, 9, 10.25, 7], "texture": "#texture"}
			}
		},
		{
			"from": [6.5, 10.1, 7.1],
			"to": [7.5, 10.6, 8.9],
			"rotation": {"angle": 0, "axis": "y", "origin": [0.25, 0.1, 0]},
			"faces": {
				"north": {"uv": [8.75, 5.5, 9.75, 6], "texture": "#texture"},
				"east": {"uv": [7, 5.5, 9, 6], "texture": "#texture"},
				"south": {"uv": [6.25, 5.5, 7.25, 6], "texture": "#texture"},
				"west": {"uv": [7, 5.5, 9, 6], "texture": "#texture"},
				"down": {"uv": [9.75, 9, 8.75, 7], "texture": "#texture"}
			}
		},
		{
			"from": [0.25, 9.6, 7],
			"to": [0.75, 10.1, 9],
			"rotation": {"angle": 0, "axis": "y", "origin": [0.25, 0.1, 0]},
			"faces": {
				"north": {"uv": [15.5, 6, 16, 6.5], "texture": "#texture"},
				"east": {"uv": [7, 6, 9, 6.5], "texture": "#texture"},
				"south": {"uv": [0, 6, 0.5, 6.5], "texture": "#texture"},
				"west": {"uv": [7, 6, 9, 6.5], "texture": "#texture", "cullface": "west"},
				"up": {"uv": [0, 7, 0.5, 9], "texture": "#texture"}
			}
		},
		{
			"from": [1.25, 9.6, 7],
			"to": [2.25, 10.1, 9],
			"rotation": {"angle": 0, "axis": "y", "origin": [0.25, 0.1, 0]},
			"faces": {
				"north": {"uv": [14, 6, 15, 6.5], "texture": "#texture"},
				"east": {"uv": [7, 6, 9, 6.5], "texture": "#texture"},
				"south": {"uv": [1, 6, 2, 6.5], "texture": "#texture"},
				"west": {"uv": [7, 6, 9, 6.5], "texture": "#texture"},
				"up": {"uv": [1, 7, 2, 9], "texture": "#texture"}
			}
		},
		{
			"from": [2.75, 9.6, 7],
			"to": [3.75, 10.1, 9],
			"rotation": {"angle": 0, "axis": "y", "origin": [0.25, 0.1, 0]},
			"faces": {
				"north": {"uv": [12.5, 6, 13.5, 6.5], "texture": "#texture"},
				"east": {"uv": [7, 6, 9, 6.5], "texture": "#texture"},
				"south": {"uv": [2.5, 6, 3.5, 6.5], "texture": "#texture"},
				"west": {"uv": [7, 6, 9, 6.5], "texture": "#texture"},
				"up": {"uv": [2.5, 7, 3.5, 9], "texture": "#texture"}
			}
		},
		{
			"from": [4.25, 9.6, 7],
			"to": [5.25, 10.1, 9],
			"rotation": {"angle": 0, "axis": "y", "origin": [0.25, 0.1, 0]},
			"faces": {
				"north": {"uv": [11, 6, 12, 6.5], "texture": "#texture"},
				"east": {"uv": [7, 6, 9, 6.5], "texture": "#texture"},
				"south": {"uv": [4, 6, 5, 6.5], "texture": "#texture"},
				"west": {"uv": [7, 6, 9, 6.5], "texture": "#texture"},
				"up": {"uv": [4, 7, 5, 9], "texture": "#texture"}
			}
		},
		{
			"from": [5.75, 9.6, 7],
			"to": [6.75, 10.1, 9],
			"rotation": {"angle": 0, "axis": "y", "origin": [0.25, 0.1, 0]},
			"faces": {
				"north": {"uv": [9.5, 6, 10.5, 6.5], "texture": "#texture"},
				"east": {"uv": [7, 6, 9, 6.5], "texture": "#texture"},
				"south": {"uv": [5.5, 6, 6.5, 6.5], "texture": "#texture"},
				"west": {"uv": [7, 6, 9, 6.5], "texture": "#texture"},
				"up": {"uv": [5.5, 7, 6.5, 9], "texture": "#texture"}
			}
		},
		{
			"from": [7.25, 9.6, 7],
			"to": [8.25, 10.1, 9],
			"rotation": {"angle": 0, "axis": "y", "origin": [0.25, 0.1, 0]},
			"faces": {
				"north": {"uv": [8, 6, 9, 6.5], "texture": "#texture"},
				"east": {"uv": [7, 6, 9, 6.5], "texture": "#texture"},
				"south": {"uv": [7, 6, 8, 6.5], "texture": "#texture"},
				"west": {"uv": [7, 6, 9, 6.5], "texture": "#texture"},
				"up": {"uv": [7, 7, 8, 9], "texture": "#texture"}
			}
		},
		{
			"from": [8.75, 9.6, 7],
			"to": [9.75, 10.1, 9],
			"rotation": {"angle": 0, "axis": "y", "origin": [0.25, 0.1, 0]},
			"faces": {
				"north": {"uv": [8, 6, 9, 6.5], "texture": "#texture"},
				"east": {"uv": [7, 6, 9, 6.5], "texture": "#texture"},
				"south": {"uv": [7, 6, 8, 6.5], "texture": "#texture"},
				"west": {"uv": [7, 6, 9, 6.5], "texture": "#texture"},
				"up": {"uv": [7, 7, 8, 9], "texture": "#texture"}
			}
		},
		{
			"from": [8.75, 9.35, 7],
			"to": [9.75, 9.6, 9],
			"rotation": {"angle": 0, "axis": "y", "origin": [0.25, 0.1, 0]},
			"faces": {
				"north": {"uv": [6.5, 6, 7.5, 6.75], "texture": "#texture"},
				"east": {"uv": [7, 6, 9, 6.75], "texture": "#texture"},
				"south": {"uv": [8.5, 6, 9.5, 6.75], "texture": "#texture"},
				"west": {"uv": [7, 6, 9, 6.75], "texture": "#texture"},
				"down": {"uv": [7.5, 9, 6.5, 7], "texture": "#texture"}
			}
		},
		{
			"from": [0.25, 9.35, 7],
			"to": [8.75, 9.6, 9],
			"rotation": {"angle": 0, "axis": "y", "origin": [0.25, 0.1, 0]},
			"faces": {
				"north": {"uv": [7.5, 6.5, 16, 6.75], "texture": "#texture"},
				"south": {"uv": [0, 6.5, 8.5, 6.75], "texture": "#texture"},
				"west": {"uv": [7, 6.5, 9, 6.75], "texture": "#texture", "cullface": "west"},
				"up": {"uv": [0, 7, 8.5, 9], "texture": "#texture"},
				"down": {"uv": [16, 9, 7.5, 7], "texture": "#texture"}
			}
		},
		{
			"from": [18.25, 9, 7.25],
			"to": [27, 10.75, 8.75],
			"faces": {
				"north": {"uv": [0, 5.25, 0, 7], "texture": "#texture", "cullface": "east"},
				"east": {"uv": [7.25, 5.25, 8.75, 7], "texture": "#texture", "cullface": "east"},
				"south": {"uv": [16, 5.25, 16, 7], "texture": "#texture", "cullface": "east"},
				"up": {"uv": [16, 7.25, 16, 8.75], "texture": "#texture", "cullface": "east"},
				"down": {"uv": [0, 8.75, 0, 7.25], "texture": "#texture", "cullface": "east"}
			}
		},
		{
			"from": [19.475, 8.75, 7.25],
			"to": [27, 9, 8.75],
			"faces": {
				"north": {"uv": [0, 7, 0, 7.25], "texture": "#texture", "cullface": "east"},
				"east": {"uv": [7.25, 7, 8.75, 7.25], "texture": "#texture", "cullface": "east"},
				"south": {"uv": [16, 7, 16, 7.25], "texture": "#texture", "cullface": "east"},
				"west": {"uv": [7.25, 7, 8.75, 7.25], "texture": "#texture", "cullface": "east"},
				"down": {"uv": [0, 8.75, 0, 7.25], "texture": "#texture", "cullface": "east"}
			}
		},
		{
			"from": [18.8, 8.75, 7.25],
			"to": [27.5, 9, 8.75],
			"rotation": {"angle": -22.5, "axis": "z", "origin": [19.5, 9, 7.25]},
			"faces": {
				"north": {"uv": [0, 7.25, 0, 7.5], "texture": "#texture", "cullface": "east"},
				"east": {"uv": [7.25, 7.25, 8.75, 7.5], "texture": "#texture", "cullface": "east"},
				"south": {"uv": [16, 7.25, 16, 7.5], "texture": "#texture", "cullface": "east"},
				"west": {"uv": [7.25, 7.25, 8.75, 7.5], "texture": "#texture", "cullface": "east"},
				"up": {"uv": [16, 7.25, 16, 8.75], "texture": "#texture", "cullface": "east"},
				"down": {"uv": [0, 8.75, 0, 7.25], "texture": "#texture", "cullface": "east"}
			}
		},
		{
			"from": [20.125, 8.5, 7.25],
			"to": [27, 8.75, 8.75],
			"faces": {
				"north": {"uv": [0, 7.25, 0, 7.5], "texture": "#texture", "cullface": "east"},
				"east": {"uv": [7.25, 7.25, 8.75, 7.5], "texture": "#texture", "cullface": "east"},
				"south": {"uv": [16, 7.25, 16, 7.5], "texture": "#texture", "cullface": "east"},
				"west": {"uv": [7.25, 7.25, 8.75, 7.5], "texture": "#texture", "cullface": "east"},
				"down": {"uv": [0, 8.75, 0, 7.25], "texture": "#texture", "cullface": "east"}
			}
		},
		{
			"from": [20.75, 8.25, 7.25],
			"to": [27, 8.5, 8.75],
			"faces": {
				"north": {"uv": [0, 7.5, 0, 7.75], "texture": "#texture", "cullface": "east"},
				"east": {"uv": [7.25, 7.5, 8.75, 7.75], "texture": "#texture", "cullface": "east"},
				"south": {"uv": [16, 7.5, 16, 7.75], "texture": "#texture", "cullface": "east"},
				"west": {"uv": [7.25, 7.5, 8.75, 7.75], "texture": "#texture", "cullface": "east"},
				"down": {"uv": [0, 8.75, 0, 7.25], "texture": "#texture", "cullface": "east"}
			}
		},
		{
			"from": [21.25, 8, 7.25],
			"to": [27, 8.25, 8.75],
			"faces": {
				"north": {"uv": [0, 7.75, 0, 8], "texture": "#texture", "cullface": "east"},
				"east": {"uv": [7.25, 7.75, 8.75, 8], "texture": "#texture", "cullface": "east"},
				"south": {"uv": [16, 7.75, 16, 8], "texture": "#texture", "cullface": "east"},
				"west": {"uv": [7.25, 7.75, 8.75, 8], "texture": "#texture", "cullface": "east"},
				"down": {"uv": [0, 8.75, 0, 7.25], "texture": "#texture", "cullface": "east"}
			}
		},
		{
			"from": [21.925, 7.75, 7.25],
			"to": [27, 8, 8.75],
			"faces": {
				"north": {"uv": [0, 8, 0, 8.25], "texture": "#texture", "cullface": "east"},
				"east": {"uv": [7.25, 8, 8.75, 8.25], "texture": "#texture", "cullface": "east"},
				"south": {"uv": [16, 8, 16, 8.25], "texture": "#texture", "cullface": "east"},
				"west": {"uv": [7.25, 8, 8.75, 8.25], "texture": "#texture", "cullface": "east"},
				"down": {"uv": [0, 8.75, 0, 7.25], "texture": "#texture", "cullface": "east"}
			}
		},
		{
			"from": [22.5, 7.5, 7.25],
			"to": [27, 7.75, 8.75],
			"faces": {
				"north": {"uv": [0, 8.25, 0, 8.5], "texture": "#texture", "cullface": "east"},
				"east": {"uv": [7.25, 8.25, 8.75, 8.5], "texture": "#texture", "cullface": "east"},
				"south": {"uv": [16, 8.25, 16, 8.5], "texture": "#texture", "cullface": "east"},
				"west": {"uv": [7.25, 8.25, 8.75, 8.5], "texture": "#texture", "cullface": "east"},
				"down": {"uv": [0, 8.75, 0, 7.25], "texture": "#texture", "cullface": "east"}
			}
		},
		{
			"from": [23.1, 7.25, 7.25],
			"to": [27, 7.5, 8.75],
			"faces": {
				"north": {"uv": [0, 8.5, 0, 8.75], "texture": "#texture", "cullface": "east"},
				"east": {"uv": [7.25, 8.5, 8.75, 8.75], "texture": "#texture", "cullface": "east"},
				"south": {"uv": [16, 8.5, 16, 8.75], "texture": "#texture", "cullface": "east"},
				"west": {"uv": [7.25, 8.5, 8.75, 8.75], "texture": "#texture", "cullface": "east"},
				"down": {"uv": [0, 8.75, 0, 7.25], "texture": "#texture", "cullface": "east"}
			}
		},
		{
			"from": [23.75, 7, 7.25],
			"to": [27, 7.25, 8.75],
			"faces": {
				"north": {"uv": [0, 8.75, 0, 9], "texture": "#texture", "cullface": "east"},
				"east": {"uv": [7.25, 8.75, 8.75, 9], "texture": "#texture", "cullface": "east"},
				"south": {"uv": [16, 8.75, 16, 9], "texture": "#texture", "cullface": "east"},
				"west": {"uv": [7.25, 8.75, 8.75, 9], "texture": "#texture", "cullface": "east"},
				"down": {"uv": [0, 8.75, 0, 7.25], "texture": "#texture", "cullface": "east"}
			}
		},
		{
			"from": [24.25, 6.75, 7.25],
			"to": [27, 7, 8.75],
			"faces": {
				"north": {"uv": [0, 9, 0, 9.25], "texture": "#texture", "cullface": "east"},
				"east": {"uv": [7.25, 9, 8.75, 9.25], "texture": "#texture", "cullface": "east"},
				"south": {"uv": [16, 9, 16, 9.25], "texture": "#texture", "cullface": "east"},
				"west": {"uv": [7.25, 9, 8.75, 9.25], "texture": "#texture", "cullface": "east"},
				"down": {"uv": [0, 8.75, 0, 7.25], "texture": "#texture", "cullface": "east"}
			}
		},
		{
			"from": [25, 6.5, 7.25],
			"to": [27, 6.75, 8.75],
			"faces": {
				"north": {"uv": [0, 9.25, 0, 9.5], "texture": "#texture", "cullface": "east"},
				"east": {"uv": [7.25, 9.25, 8.75, 9.5], "texture": "#texture", "cullface": "east"},
				"south": {"uv": [16, 9.25, 16, 9.5], "texture": "#texture", "cullface": "east"},
				"west": {"uv": [7.25, 9.25, 8.75, 9.5], "texture": "#texture", "cullface": "east"},
				"down": {"uv": [0, 8.75, 0, 7.25], "texture": "#texture", "cullface": "east"}
			}
		},
		{
			"from": [25.5, 6.25, 7.25],
			"to": [27, 6.5, 8.75],
			"faces": {
				"north": {"uv": [0, 9.5, 0, 9.75], "texture": "#texture", "cullface": "east"},
				"east": {"uv": [7.25, 9.5, 8.75, 9.75], "texture": "#texture", "cullface": "east"},
				"south": {"uv": [16, 9.5, 16, 9.75], "texture": "#texture", "cullface": "east"},
				"west": {"uv": [7.25, 9.5, 8.75, 9.75], "texture": "#texture", "cullface": "east"},
				"down": {"uv": [0, 8.75, 0, 7.25], "texture": "#texture", "cullface": "east"}
			}
		},
		{
			"from": [26.15, 6, 7.25],
			"to": [27, 6.25, 8.75],
			"faces": {
				"north": {"uv": [0, 9.75, 0, 10], "texture": "#texture", "cullface": "east"},
				"east": {"uv": [7.25, 9.75, 8.75, 10], "texture": "#texture", "cullface": "east"},
				"south": {"uv": [16, 9.75, 16, 10], "texture": "#texture", "cullface": "east"},
				"west": {"uv": [7.25, 9.75, 8.75, 10], "texture": "#texture", "cullface": "east"},
				"down": {"uv": [0, 8.75, 0, 7.25], "texture": "#texture", "cullface": "east"}
			}
		},
		{
			"from": [26.75, 5.725, 7.25],
			"to": [27, 6, 8.75],
			"faces": {
				"north": {"uv": [0, 10, 0, 10.25], "texture": "#texture", "cullface": "east"},
				"east": {"uv": [7.25, 10, 8.75, 10.25], "texture": "#texture", "cullface": "east"},
				"south": {"uv": [16, 10, 16, 10.25], "texture": "#texture", "cullface": "east"},
				"west": {"uv": [7.25, 10, 8.75, 10.25], "texture": "#texture", "cullface": "east"},
				"down": {"uv": [0, 8.75, 0, 7.25], "texture": "#texture", "cullface": "east"}
			}
		},
		{
			"from": [16.25, 11.5, 7.5],
			"to": [17.25, 13, 7.8],
			"faces": {
				"north": {"uv": [0, 3, 0, 4.5], "texture": "#texture", "cullface": "east"},
				"east": {"uv": [7.5, 3, 8.5, 4.5], "texture": "#texture", "cullface": "east"},
				"south": {"uv": [16, 3, 16, 4.5], "texture": "#texture", "cullface": "east"},
				"west": {"uv": [7.5, 3, 8.5, 4.5], "texture": "#texture", "cullface": "east"},
				"up": {"uv": [16, 7.5, 16, 8.5], "texture": "#texture", "cullface": "east"}
			}
		},
		{
			"from": [16.25, 11.5, 8.2],
			"to": [17.25, 13, 8.5],
			"faces": {
				"north": {"uv": [0, 3, 0, 4.5], "texture": "#texture", "cullface": "east"},
				"east": {"uv": [7.5, 3, 8.5, 4.5], "texture": "#texture", "cullface": "east"},
				"south": {"uv": [16, 3, 16, 4.5], "texture": "#texture", "cullface": "east"},
				"west": {"uv": [7.5, 3, 8.5, 4.5], "texture": "#texture", "cullface": "east"},
				"up": {"uv": [16, 7.5, 16, 8.5], "texture": "#texture", "cullface": "east"}
			}
		},
		{
			"from": [16.25, 11.5, 7.8],
			"to": [17.25, 12.75, 8.2],
			"faces": {
				"north": {"uv": [0, 3, 0, 4.5], "texture": "#texture", "cullface": "east"},
				"east": {"uv": [7.5, 3, 8.5, 4.5], "texture": "#texture", "cullface": "east"},
				"south": {"uv": [16, 3, 16, 4.5], "texture": "#texture", "cullface": "east"},
				"west": {"uv": [7.5, 3, 8.5, 4.5], "texture": "#texture", "cullface": "east"},
				"up": {"uv": [16, 7.5, 16, 8.5], "texture": "#texture", "cullface": "east"}
			}
		},
		{
			"from": [15, 13, 7.5],
			"to": [16.975, 13.25, 7.8],
			"faces": {
				"north": {"uv": [0, 3, 0, 4.5], "texture": "#texture", "cullface": "east"},
				"east": {"uv": [7.5, 3, 8.5, 4.5], "texture": "#texture", "cullface": "east"},
				"south": {"uv": [16, 3, 16, 4.5], "texture": "#texture", "cullface": "east"},
				"west": {"uv": [7.5, 3, 8.5, 4.5], "texture": "#texture", "cullface": "east"},
				"up": {"uv": [16, 7.5, 16, 8.5], "texture": "#texture", "cullface": "east"}
			}
		},
		{
			"from": [15, 13, 8.2],
			"to": [16.975, 13.25, 8.5],
			"faces": {
				"north": {"uv": [0, 3, 0, 4.5], "texture": "#texture", "cullface": "east"},
				"east": {"uv": [7.5, 3, 8.5, 4.5], "texture": "#texture", "cullface": "east"},
				"south": {"uv": [16, 3, 16, 4.5], "texture": "#texture", "cullface": "east"},
				"west": {"uv": [7.5, 3, 8.5, 4.5], "texture": "#texture", "cullface": "east"},
				"up": {"uv": [16, 7.5, 16, 8.5], "texture": "#texture", "cullface": "east"}
			}
		},
		{
			"from": [17.25, 11.5, 7.5],
			"to": [17.5, 12.5, 8.5],
			"faces": {
				"north": {"uv": [0, 3.25, 0, 4.5], "texture": "#texture", "cullface": "east"},
				"east": {"uv": [7.5, 3.25, 8.5, 4.5], "texture": "#texture", "cullface": "east"},
				"south": {"uv": [16, 3.25, 16, 4.5], "texture": "#texture", "cullface": "east"},
				"up": {"uv": [16, 7.5, 16, 8.5], "texture": "#texture", "cullface": "east"}
			}
		},
		{
			"from": [17.5, 11.5, 7.5],
			"to": [17.75, 12.025, 8.5],
			"faces": {
				"north": {"uv": [0, 4, 0, 4.5], "texture": "#texture", "cullface": "east"},
				"east": {"uv": [7.5, 4, 8.5, 4.5], "texture": "#texture", "cullface": "east"},
				"south": {"uv": [16, 4, 16, 4.5], "texture": "#texture", "cullface": "east"},
				"up": {"uv": [16, 7.5, 16, 8.5], "texture": "#texture", "cullface": "east"}
			}
		},
		{
			"from": [11, 12.5, 7.5],
			"to": [16.25, 12.75, 8.5],
			"faces": {
				"north": {"uv": [0, 3.25, 5, 3.5], "texture": "#texture", "cullface": "east"},
				"south": {"uv": [11, 3.25, 16, 3.5], "texture": "#texture", "cullface": "east"},
				"west": {"uv": [7.5, 3.25, 8.5, 3.5], "texture": "#texture", "cullface": "east"},
				"up": {"uv": [11, 7.5, 16, 8.5], "texture": "#texture", "cullface": "east"},
				"down": {"uv": [5, 8.5, 0, 7.5], "texture": "#texture", "cullface": "east"}
			}
		},
		{
			"from": [12.975, 12.75, 7.5],
			"to": [16.25, 13, 7.8],
			"faces": {
				"north": {"uv": [0, 3, 2, 3.25], "texture": "#texture", "cullface": "east"},
				"south": {"uv": [14, 3, 16, 3.25], "texture": "#texture", "cullface": "east"},
				"west": {"uv": [7.5, 3, 8.5, 3.25], "texture": "#texture", "cullface": "east"},
				"up": {"uv": [14, 7.5, 16, 8.5], "texture": "#texture", "cullface": "east"}
			}
		},
		{
			"from": [12.975, 12.75, 8.2],
			"to": [16.25, 13, 8.5],
			"faces": {
				"north": {"uv": [0, 3, 2, 3.25], "texture": "#texture", "cullface": "east"},
				"south": {"uv": [14, 3, 16, 3.25], "texture": "#texture", "cullface": "east"},
				"west": {"uv": [7.5, 3, 8.5, 3.25], "texture": "#texture", "cullface": "east"},
				"up": {"uv": [14, 7.5, 16, 8.5], "texture": "#texture", "cullface": "east"}
			}
		},
		{
			"from": [10.75, 11.5, 7.5],
			"to": [11, 12.5, 8.5],
			"faces": {
				"north": {"uv": [5, 3.5, 5.25, 4.5], "texture": "#texture"},
				"east": {"uv": [7.5, 3.5, 8.5, 4.5], "texture": "#texture"},
				"south": {"uv": [10.75, 3.5, 11, 4.5], "texture": "#texture"},
				"west": {"uv": [7.5, 3.5, 8.5, 4.5], "texture": "#texture"},
				"up": {"uv": [10.75, 7.5, 11, 8.5], "texture": "#texture"}
			}
		},
		{
			"from": [10.75, 11, 7.25],
			"to": [18, 11.5, 8.75],
			"faces": {
				"north": {"uv": [0, 4.5, 5.25, 5], "texture": "#texture", "cullface": "east"},
				"east": {"uv": [7.25, 4.5, 8.75, 5], "texture": "#texture", "cullface": "east"},
				"south": {"uv": [10.75, 4.5, 16, 5], "texture": "#texture", "cullface": "east"},
				"west": {"uv": [7.25, 4.5, 8.75, 5], "texture": "#texture", "cullface": "east"},
				"up": {"uv": [10.75, 7.25, 16, 8.75], "texture": "#texture", "cullface": "east"}
			}
		},
		{
			"from": [11, 12.25, 7.5],
			"to": [11.25, 12.5, 8.5],
			"faces": {
				"north": {"uv": [4.75, 3.5, 5, 3.75], "texture": "#texture"},
				"east": {"uv": [7.5, 3.5, 8.5, 3.75], "texture": "#texture"},
				"south": {"uv": [11, 3.5, 11.25, 3.75], "texture": "#texture"},
				"down": {"uv": [5, 8.5, 4.75, 7.5], "texture": "#texture"}
			}
		},
		{
			"from": [-2.775, 12.1, 7.65],
			"to": [-2.525, 12.8, 8.35],
			"rotation": {"angle": 0, "axis": "y", "origin": [-18.275, 0.2, 0]},
			"faces": {
				"north": {"uv": [14, 3.5, 14.5, 4], "texture": "#texture"},
				"east": {"uv": [7.75, 3.5, 8.25, 4], "texture": "#texture"},
				"south": {"uv": [1.5, 3.5, 2, 4], "texture": "#texture"},
				"up": {"uv": [1.5, 7.75, 2, 8.25], "texture": "#texture"},
				"down": {"uv": [14.5, 8.25, 14, 7.75], "texture": "#texture"}
			}
		},
		{
			"from": [-2.525, 9.85, 7.65],
			"to": [-2.275, 12.7, 8.35],
			"rotation": {"angle": 45, "axis": "z", "origin": [-2.525, 12.45, 7.75]},
			"faces": {
				"north": {"uv": [15.5, 5.25, 16, 7.25], "texture": "#texture"},
				"east": {"uv": [7.5, 5.25, 8.5, 7.25], "texture": "#texture"},
				"south": {"uv": [0, 5.25, 0.5, 7.25], "texture": "#texture"},
				"west": {"uv": [7.5, 5.25, 8.5, 7.25], "texture": "#texture"},
				"up": {"uv": [0, 7.5, 0.5, 8.5], "texture": "#texture"},
				"down": {"uv": [16, 8.5, 15.5, 7.5], "texture": "#texture"}
			}
		},
		{
			"from": [-2.75, 10.6, 7.725],
			"to": [-0.75, 11.05, 8.275],
			"rotation": {"angle": 0, "axis": "y", "origin": [-4.275, 0.2, 0]},
			"faces": {
				"north": {"uv": [13.25, 5.25, 14.75, 5.5], "texture": "#texture"},
				"south": {"uv": [1.25, 5.25, 2.75, 5.5], "texture": "#texture"},
				"up": {"uv": [1.25, 7.75, 2.75, 8.25], "texture": "#texture"},
				"down": {"uv": [14.75, 8.25, 13.25, 7.75], "texture": "#texture"}
			}
		},
		{
			"from": [-2.775, 11.6, 7.65],
			"to": [-2.525, 12.1, 8.35],
			"rotation": {"angle": 0, "axis": "y", "origin": [-4.275, 0.2, 0]},
			"faces": {
				"north": {"uv": [14, 3.5, 14.5, 4], "texture": "#texture"},
				"east": {"uv": [7.75, 3.5, 8.25, 4], "texture": "#texture"},
				"south": {"uv": [1.5, 3.5, 2, 4], "texture": "#texture"},
				"up": {"uv": [1.5, 7.75, 2, 8.25], "texture": "#texture"},
				"down": {"uv": [14.5, 8.25, 14, 7.75], "texture": "#texture"}
			}
		},
		{
			"from": [-2.525, 11.95, 7.65],
			"to": [-2.175, 12.45, 8.35],
			"rotation": {"angle": 0, "axis": "y", "origin": [-4.275, 0.2, 0]},
			"faces": {
				"north": {"uv": [14, 3.5, 14.5, 4], "texture": "#texture"},
				"east": {"uv": [7.75, 3.5, 8.25, 4], "texture": "#texture"},
				"south": {"uv": [1.5, 3.5, 2, 4], "texture": "#texture"},
				"up": {"uv": [1.5, 7.75, 2, 8.25], "texture": "#texture"},
				"down": {"uv": [14.5, 8.25, 14, 7.75], "texture": "#texture"}
			}
		},
		{
			"from": [-2.175, 11.95, 7.65],
			"to": [-2.025, 12.1, 8.35],
			"rotation": {"angle": 0, "axis": "y", "origin": [-4.275, 0.2, 0]},
			"faces": {
				"north": {"uv": [14, 3.5, 14.5, 4], "texture": "#texture"},
				"east": {"uv": [7.75, 3.5, 8.25, 4], "texture": "#texture"},
				"south": {"uv": [1.5, 3.5, 2, 4], "texture": "#texture"},
				"up": {"uv": [1.5, 7.75, 2, 8.25], "texture": "#texture"},
				"down": {"uv": [14.5, 8.25, 14, 7.75], "texture": "#texture"}
			}
		}
	],
	"display": {
		"thirdperson_righthand": {
			"rotation": [116.65, -89.01, 116.77],
			"translation": [0, 0, -5.25],
			"scale": [0.8, 0.9, 0.8]
		},
		"thirdperson_lefthand": {
			"rotation": [-116.65, 89.01, 116.77],
			"translation": [0, 0, -5.25],
			"scale": [0.8, 0.9, 0.8]
		},
		"firstperson_righthand": {
			"rotation": [0, -90, 0],
			"translation": [0, 1.5, -7]
		},
		"firstperson_lefthand": {
			"rotation": [0, 90, 0],
			"translation": [0, 1.5, -7]
		},
		"gui": {
			"rotation": [0, 0, -45],
			"translation": [-1, 0.5, 0],
			"scale": [0.59, 0.62, 1]
		},
		"fixed": {
			"rotation": [0, 180, -45],
			"translation": [1.5, 0.6, -1.1]
		}
	}
}