{
	"credit": "Made by SrDarmith - YouTube: Mainclay",
	"textures": {
		"particle": "blocks/anvil 1",
		"texture": "blocks/anvil 1"
	},
	"elements": [
		{
			"from": [-4.65, 9.55, 7.65],
			"to": [3.5, 10.25, 7.775],
			"rotation": {"angle": 0, "axis": "y", "origin": [0.25, -0.1, 0]},
			"faces": {
				"north": {"uv": [13.25, 5.75, 16, 6.25], "texture": "#texture", "cullface": "west"},
				"south": {"uv": [0, 5.75, 2.75, 6.25], "texture": "#texture", "cullface": "west"},
				"west": {"uv": [7.75, 5.75, 7.875, 6.25], "texture": "#texture", "cullface": "west"},
				"up": {"uv": [0, 7.75, 2.75, 7.875], "texture": "#texture", "cullface": "west"},
				"down": {"uv": [16, 7.875, 13.25, 7.75], "texture": "#texture", "cullface": "west"}
			}
		},
		{
			"from": [-4.65, 9.55, 8.225],
			"to": [3.5, 10.25, 8.35],
			"rotation": {"angle": 0, "axis": "y", "origin": [0.25, -0.1, 0]},
			"faces": {
				"north": {"uv": [13.25, 5.75, 16, 6.25], "texture": "#texture", "cullface": "west"},
				"south": {"uv": [0, 5.75, 2.75, 6.25], "texture": "#texture", "cullface": "west"},
				"west": {"uv": [8.125, 5.75, 8.25, 6.25], "texture": "#texture", "cullface": "west"},
				"up": {"uv": [0, 8.125, 2.75, 8.25], "texture": "#texture", "cullface": "west"},
				"down": {"uv": [16, 8.25, 13.25, 8.125], "texture": "#texture", "cullface": "west"}
			}
		},
		{
			"from": [-4.65, 10.125, 7.775],
			"to": [3.5, 10.25, 8.225],
			"rotation": {"angle": 0, "axis": "y", "origin": [0.25, -0.1, 0]},
			"faces": {
				"west": {"uv": [7.875, 5.75, 8.125, 5.875], "texture": "#texture", "cullface": "west"},
				"up": {"uv": [0, 7.875, 2.75, 8.125], "texture": "#texture", "cullface": "west"},
				"down": {"uv": [16, 8.125, 13.25, 7.875], "texture": "#texture", "cullface": "west"}
			}
		},
		{
			"from": [-4.65, 9.55, 7.775],
			"to": [3.5, 9.675, 8.225],
			"rotation": {"angle": 0, "axis": "y", "origin": [0.25, -0.1, 0]},
			"faces": {
				"west": {"uv": [7.875, 6.125, 8.125, 6.25], "texture": "#texture", "cullface": "west"},
				"up": {"uv": [0, 7.875, 2.75, 8.125], "texture": "#texture", "cullface": "west"},
				"down": {"uv": [16, 8.125, 13.25, 7.875], "texture": "#texture", "cullface": "west"}
			}
		},
		{
			"from": [1.325, 9.125, 7.65],
			"to": [1.575, 12.6, 8.35],
			"rotation": {"angle": 0, "axis": "y", "origin": [0.075, 0, 0]},
			"faces": {
				"north": {"uv": [14.5, 3.5, 14.75, 6.5], "texture": "#texture"},
				"east": {"uv": [7.75, 3.5, 8.25, 6.5], "texture": "#texture"},
				"south": {"uv": [1.25, 3.5, 1.5, 6.5], "texture": "#texture"},
				"west": {"uv": [7.75, 3.5, 8.25, 6.5], "texture": "#texture"},
				"up": {"uv": [1.25, 7.75, 1.5, 8.25], "texture": "#texture"},
				"down": {"uv": [14.75, 8.25, 14.5, 7.75], "texture": "#texture"}
			}
		},
		{
			"from": [3.25, 9.1, 7.65],
			"to": [3.5, 10.875, 8.35],
			"rotation": {"angle": 0, "axis": "y", "origin": [0.075, 0, 0]},
			"faces": {
				"north": {"uv": [14.5, 3.5, 14.75, 6.5], "texture": "#texture"},
				"east": {"uv": [7.75, 3.5, 8.25, 6.5], "texture": "#texture"},
				"south": {"uv": [1.25, 3.5, 1.5, 6.5], "texture": "#texture"},
				"west": {"uv": [7.75, 3.5, 8.25, 6.5], "texture": "#texture"},
				"up": {"uv": [1.25, 7.75, 1.5, 8.25], "texture": "#texture"},
				"down": {"uv": [14.75, 8.25, 14.5, 7.75], "texture": "#texture"}
			}
		},
		{
			"from": [1.575, 11.9, 7.65],
			"to": [1.825, 12.6, 8.35],
			"rotation": {"angle": 0, "axis": "y", "origin": [-13.925, 0, 0]},
			"faces": {
				"north": {"uv": [14, 3.5, 14.5, 4], "texture": "#texture"},
				"east": {"uv": [7.75, 3.5, 8.25, 4], "texture": "#texture"},
				"south": {"uv": [1.5, 3.5, 2, 4], "texture": "#texture"},
				"up": {"uv": [1.5, 7.75, 2, 8.25], "texture": "#texture"},
				"down": {"uv": [14.5, 8.25, 14, 7.75], "texture": "#texture"}
			}
		},
		{
			"from": [1.575, 11.4, 7.65],
			"to": [1.825, 11.9, 8.35],
			"rotation": {"angle": 0, "axis": "y", "origin": [0.075, 0, 0]},
			"faces": {
				"north": {"uv": [14, 3.5, 14.5, 4], "texture": "#texture"},
				"east": {"uv": [7.75, 3.5, 8.25, 4], "texture": "#texture"},
				"south": {"uv": [1.5, 3.5, 2, 4], "texture": "#texture"},
				"up": {"uv": [1.5, 7.75, 2, 8.25], "texture": "#texture"},
				"down": {"uv": [14.5, 8.25, 14, 7.75], "texture": "#texture"}
			}
		},
		{
			"from": [1.825, 11.75, 7.65],
			"to": [2.175, 12.25, 8.35],
			"rotation": {"angle": 0, "axis": "y", "origin": [0.075, 0, 0]},
			"faces": {
				"north": {"uv": [14, 3.5, 14.5, 4], "texture": "#texture"},
				"east": {"uv": [7.75, 3.5, 8.25, 4], "texture": "#texture"},
				"south": {"uv": [1.5, 3.5, 2, 4], "texture": "#texture"},
				"up": {"uv": [1.5, 7.75, 2, 8.25], "texture": "#texture"},
				"down": {"uv": [14.5, 8.25, 14, 7.75], "texture": "#texture"}
			}
		},
		{
			"from": [2.175, 11.75, 7.65],
			"to": [2.325, 11.9, 8.35],
			"rotation": {"angle": 0, "axis": "y", "origin": [0.075, 0, 0]},
			"faces": {
				"north": {"uv": [14, 3.5, 14.5, 4], "texture": "#texture"},
				"east": {"uv": [7.75, 3.5, 8.25, 4], "texture": "#texture"},
				"south": {"uv": [1.5, 3.5, 2, 4], "texture": "#texture"},
				"up": {"uv": [1.5, 7.75, 2, 8.25], "texture": "#texture"},
				"down": {"uv": [14.5, 8.25, 14, 7.75], "texture": "#texture"}
			}
		},
		{
			"from": [1.825, 9.65, 7.65],
			"to": [2.075, 12.5, 8.35],
			"rotation": {"angle": 45, "axis": "z", "origin": [1.825, 12.25, 7.75]},
			"faces": {
				"north": {"uv": [15.5, 5.25, 16, 7.25], "texture": "#texture"},
				"east": {"uv": [7.5, 5.25, 8.5, 7.25], "texture": "#texture"},
				"south": {"uv": [0, 5.25, 0.5, 7.25], "texture": "#texture"},
				"west": {"uv": [7.5, 5.25, 8.5, 7.25], "texture": "#texture"},
				"up": {"uv": [0, 7.5, 0.5, 8.5], "texture": "#texture"},
				"down": {"uv": [16, 8.5, 15.5, 7.5], "texture": "#texture"}
			}
		},
		{
			"from": [3.75, 8.4, 7.35],
			"to": [9.875, 11.35, 8.65],
			"rotation": {"angle": 0, "axis": "y", "origin": [0.25, 0, 0]},
			"faces": {
				"north": {"uv": [6.5, 5, 12.75, 7.25], "texture": "#texture"},
				"east": {"uv": [7.25, 5, 8.75, 7.25], "texture": "#texture"},
				"south": {"uv": [3.25, 5, 9.5, 7.25], "texture": "#texture"},
				"west": {"uv": [7.25, 5, 8.75, 7.25], "texture": "#texture"},
				"up": {"uv": [3.25, 7.25, 9.5, 8.75], "texture": "#texture"},
				"down": {"uv": [12.75, 8.75, 6.5, 7.25], "texture": "#texture"}
			}
		},
		{
			"from": [1.325, 10.4, 7.725],
			"to": [3.325, 10.85, 8.275],
			"rotation": {"angle": 0, "axis": "y", "origin": [0.075, 0, 0]},
			"faces": {
				"north": {"uv": [13.25, 5.25, 14.75, 5.5], "texture": "#texture"},
				"south": {"uv": [1.25, 5.25, 2.75, 5.5], "texture": "#texture"},
				"up": {"uv": [1.25, 7.75, 2.75, 8.25], "texture": "#texture"},
				"down": {"uv": [14.75, 8.25, 13.25, 7.75], "texture": "#texture"}
			}
		},
		{
			"from": [3.75, 9.35, 6.4],
			"to": [9.875, 10.4, 9.6],
			"rotation": {"angle": 0, "axis": "y", "origin": [0.25, 0, 0]},
			"faces": {
				"north": {"uv": [6.5, 5.5, 12.75, 6.75], "texture": "#texture"},
				"east": {"uv": [6.75, 5.5, 9.25, 6.75], "texture": "#texture"},
				"south": {"uv": [3.25, 5.5, 9.5, 6.75], "texture": "#texture"},
				"west": {"uv": [6.75, 5.5, 9.25, 6.75], "texture": "#texture"},
				"up": {"uv": [3.25, 6.75, 9.5, 9.25], "texture": "#texture"},
				"down": {"uv": [12.75, 9.25, 6.5, 6.75], "texture": "#texture"}
			}
		},
		{
			"from": [9.75, 8.9, 7.15],
			"to": [10.5, 10.85, 8.85],
			"rotation": {"angle": 0, "axis": "y", "origin": [0.25, 0, 0]},
			"faces": {
				"north": {"uv": [5.75, 5.25, 6.5, 7], "texture": "#texture"},
				"east": {"uv": [7.25, 5.25, 8.75, 7], "texture": "#texture"},
				"south": {"uv": [9.5, 5.25, 10.25, 7], "texture": "#texture"},
				"up": {"uv": [9.5, 7.25, 10.25, 8.75], "texture": "#texture"},
				"down": {"uv": [6.5, 8.75, 5.75, 7.25], "texture": "#texture"}
			}
		},
		{
			"from": [10.5, 9.15, 7.4],
			"to": [10.75, 10.6, 8.6],
			"rotation": {"angle": 0, "axis": "y", "origin": [0.25, 0, 0]},
			"faces": {
				"north": {"uv": [5.5, 5.5, 5.75, 6.75], "texture": "#texture"},
				"south": {"uv": [10.25, 5.5, 10.5, 6.75], "texture": "#texture"},
				"up": {"uv": [10.25, 7.5, 10.5, 8.5], "texture": "#texture"},
				"down": {"uv": [5.75, 8.5, 5.5, 7.5], "texture": "#texture"}
			}
		},
		{
			"from": [10.75, 8.75, 7],
			"to": [18.65, 11, 9],
			"faces": {
				"north": {"uv": [0, 5, 5.5, 7.25], "texture": "#texture", "cullface": "east"},
				"east": {"uv": [7, 5, 9, 7.25], "texture": "#texture", "cullface": "east"},
				"south": {"uv": [10.5, 5, 16, 7.25], "texture": "#texture", "cullface": "east"},
				"west": {"uv": [7, 5, 9, 7.25], "texture": "#texture", "cullface": "east"},
				"up": {"uv": [10.5, 7, 16, 9], "texture": "#texture", "cullface": "east"},
				"down": {"uv": [5.5, 9, 0, 7], "texture": "#texture", "cullface": "east"}
			}
		},
		{
			"from": [11, 7, 7.25],
			"to": [12.5, 8.75, 8.75],
			"rotation": {"angle": 0, "axis": "y", "origin": [0.25, 0, 0]},
			"faces": {
				"north": {"uv": [3.75, 7.25, 5.25, 9], "texture": "#texture"},
				"south": {"uv": [10.75, 7.25, 12.25, 9], "texture": "#texture"},
				"west": {"uv": [7, 7.25, 9, 9], "texture": "#texture"},
				"down": {"uv": [5.25, 9, 3.75, 7], "texture": "#texture"}
			}
		},
		{
			"from": [12.5, 6.75, 7.25],
			"to": [14, 8.75, 8.75],
			"rotation": {"angle": 0, "axis": "y", "origin": [0.25, 0, 0]},
			"faces": {
				"north": {"uv": [2.25, 7.25, 3.75, 9.25], "texture": "#texture"},
				"east": {"uv": [7, 7.25, 9, 9.25], "texture": "#texture"},
				"south": {"uv": [12.25, 7.25, 13.75, 9.25], "texture": "#texture"},
				"west": {"uv": [7, 7.25, 9, 9.25], "texture": "#texture"},
				"down": {"uv": [3.75, 9, 2.25, 7], "texture": "#texture"}
			}
		},
		{
			"from": [3.75, 8.75, 6.78],
			"to": [9.875, 10.95, 9.23],
			"rotation": {"angle": 0, "axis": "y", "origin": [0.25, 0, 0]},
			"faces": {
				"north": {"uv": [6.5, 5.25, 12.75, 7], "texture": "#texture"},
				"east": {"uv": [7, 5.25, 9, 7], "texture": "#texture"},
				"south": {"uv": [3.25, 5.25, 9.5, 7], "texture": "#texture"},
				"up": {"uv": [3.25, 7, 9.5, 9], "texture": "#texture"},
				"down": {"uv": [12.75, 9, 6.5, 7], "texture": "#texture"}
			}
		},
		{
			"from": [11.25, 4.75, 7.4],
			"to": [13.75, 7, 8.6],
			"rotation": {"angle": 0, "axis": "y", "origin": [0.25, -0.25, 0.05]},
			"faces": {
				"north": {"uv": [2.5, 8.75, 5, 11], "texture": "#texture"},
				"east": {"uv": [7.25, 8.75, 8.75, 11], "texture": "#texture"},
				"south": {"uv": [11, 8.75, 13.5, 11], "texture": "#texture"},
				"west": {"uv": [7.25, 8.75, 8.75, 11], "texture": "#texture"},
				"up": {"uv": [11, 7.25, 13.5, 8.75], "texture": "#texture"},
				"down": {"uv": [5, 8.75, 2.5, 7.25], "texture": "#texture"}
			}
		},
		{
			"from": [11.45, 3, 7.4],
			"to": [13.95, 5.75, 8.6],
			"rotation": {"angle": -22.5, "axis": "z", "origin": [11.5, 5.75, 7.3]},
			"faces": {
				"north": {"uv": [2.5, 11, 5, 13.75], "texture": "#texture"},
				"east": {"uv": [7.25, 11, 8.75, 13.75], "texture": "#texture"},
				"south": {"uv": [11, 11, 13.5, 13.75], "texture": "#texture"},
				"west": {"uv": [7.25, 11, 8.75, 13.75], "texture": "#texture"},
				"up": {"uv": [11, 7.25, 13.5, 8.75], "texture": "#texture"},
				"down": {"uv": [5, 8.75, 2.5, 7.25], "texture": "#texture"}
			}
		},
		{
			"from": [14, 8.25, 7.25],
			"to": [18.2, 8.75, 8.75],
			"faces": {
				"north": {"uv": [0, 7.25, 2.25, 7.75], "texture": "#texture", "cullface": "east"},
				"east": {"uv": [7, 7.25, 9, 7.75], "texture": "#texture", "cullface": "east"},
				"south": {"uv": [13.75, 7.25, 16, 7.75], "texture": "#texture", "cullface": "east"},
				"down": {"uv": [2.25, 9, 0, 7], "texture": "#texture", "cullface": "east"}
			}
		},
		{
			"from": [14, 6.75, 7.5],
			"to": [14.25, 7.25, 8.5],
			"faces": {
				"north": {"uv": [1.75, 8.75, 2.25, 9.25], "texture": "#texture"},
				"east": {"uv": [7.5, 8.75, 8.5, 9.25], "texture": "#texture"},
				"south": {"uv": [13.75, 8.75, 14.25, 9.25], "texture": "#texture"},
				"up": {"uv": [13.75, 7.5, 14.25, 8.5], "texture": "#texture"},
				"down": {"uv": [2.25, 8.5, 1.75, 7.5], "texture": "#texture"}
			}
		},
		{
			"from": [14.25, 6.75, 7.55],
			"to": [16, 7, 8.45],
			"faces": {
				"north": {"uv": [0, 9, 1.75, 9.25], "texture": "#texture"},
				"south": {"uv": [14.25, 9, 16, 9.25], "texture": "#texture"},
				"up": {"uv": [14.25, 7.75, 16, 8.25], "texture": "#texture"},
				"down": {"uv": [1.75, 8.25, 0, 7.75], "texture": "#texture"}
			}
		},
		{
			"from": [14, 7.75, 7.5],
			"to": [14.25, 8.25, 8.5],
			"faces": {
				"north": {"uv": [1.75, 7.75, 2.25, 8.25], "texture": "#texture"},
				"east": {"uv": [7.5, 7.75, 8.5, 8.25], "texture": "#texture"},
				"south": {"uv": [13.75, 7.75, 14.25, 8.25], "texture": "#texture"},
				"down": {"uv": [2.25, 8.5, 1.75, 7.5], "texture": "#texture"}
			}
		},
		{
			"from": [16, 6.75, 7.5],
			"to": [16.5, 7.25, 8.5],
			"faces": {
				"north": {"uv": [0, 8.75, 0, 9.25], "texture": "#texture", "cullface": "east"},
				"south": {"uv": [16, 8.75, 16, 9.25], "texture": "#texture", "cullface": "east"},
				"west": {"uv": [7.5, 8.75, 8.5, 9.25], "texture": "#texture", "cullface": "east"},
				"up": {"uv": [16, 7.5, 16, 8.5], "texture": "#texture", "cullface": "east"},
				"down": {"uv": [0, 8.5, 0, 7.5], "texture": "#texture", "cullface": "east"}
			}
		},
		{
			"from": [16, 7.75, 7.5],
			"to": [16.5, 8.25, 8.5],
			"faces": {
				"north": {"uv": [0, 7.75, 0, 8.25], "texture": "#texture", "cullface": "east"},
				"south": {"uv": [16, 7.75, 16, 8.25], "texture": "#texture", "cullface": "east"},
				"west": {"uv": [7.5, 7.75, 8.5, 8.25], "texture": "#texture", "cullface": "east"},
				"down": {"uv": [0, 8.5, 0, 7.5], "texture": "#texture", "cullface": "east"}
			}
		},
		{
			"from": [16.25, 7.25, 7.5],
			"to": [16.5, 7.75, 8.5],
			"faces": {
				"north": {"uv": [0, 8.25, 0, 8.75], "texture": "#texture", "cullface": "east"},
				"south": {"uv": [16, 8.25, 16, 8.75], "texture": "#texture", "cullface": "east"},
				"west": {"uv": [7.5, 8.25, 8.5, 8.75], "texture": "#texture", "cullface": "east"}
			}
		},
		{
			"from": [15.6, 7.35, 7.75],
			"to": [15.85, 8.6, 8.25],
			"rotation": {"angle": -22.5, "axis": "z", "origin": [15.5, 8.5, 7.75]},
			"faces": {
				"north": {"uv": [8.25, 0, 8.5, 1.25], "texture": "#texture"},
				"east": {"uv": [7.75, 0, 8.25, 1.25], "texture": "#texture"},
				"south": {"uv": [7.5, 0, 7.75, 1.25], "texture": "#texture"},
				"west": {"uv": [7.75, 0, 8.25, 1.25], "texture": "#texture"},
				"up": {"uv": [7.5, 7.75, 7.75, 8.25], "texture": "#texture"},
				"down": {"uv": [8.5, 8.25, 8.25, 7.75], "texture": "#texture"}
			}
		},
		{
			"from": [16.5, 6.75, 7.25],
			"to": [17.75, 8.25, 8.75],
			"faces": {
				"north": {"uv": [0, 7.75, 0, 9.25], "texture": "#texture", "cullface": "east"},
				"east": {"uv": [7.25, 7.75, 8.75, 9.25], "texture": "#texture", "cullface": "east"},
				"south": {"uv": [16, 7.75, 16, 9.25], "texture": "#texture", "cullface": "east"},
				"west": {"uv": [7.25, 7.75, 8.75, 9.25], "texture": "#texture", "cullface": "east"},
				"down": {"uv": [0, 8.75, 0, 7.25], "texture": "#texture", "cullface": "east"}
			}
		},
		{
			"from": [16.5, 3.5, 7.25],
			"to": [17.85, 7.25, 8.75],
			"rotation": {"angle": 22.5, "axis": "z", "origin": [16.5, 7.25, 7.25]},
			"faces": {
				"north": {"uv": [0, 9.25, 0, 13], "texture": "#texture", "cullface": "east"},
				"east": {"uv": [7.25, 9.25, 8.75, 13], "texture": "#texture", "cullface": "east"},
				"south": {"uv": [16, 9.25, 16, 13], "texture": "#texture", "cullface": "east"},
				"west": {"uv": [7.25, 9.25, 8.75, 13], "texture": "#texture", "cullface": "east"},
				"up": {"uv": [16, 7.25, 16, 8.75], "texture": "#texture", "cullface": "east"},
				"down": {"uv": [0, 8.75, 0, 7.25], "texture": "#texture", "cullface": "east"}
			}
		},
		{
			"from": [16.25, 3.475, 7.5],
			"to": [16.75, 6.875, 8.5],
			"rotation": {"angle": 22.5, "axis": "z", "origin": [16.5, 6.75, 7.25]},
			"faces": {
				"north": {"uv": [0, 9.25, 0, 12.5], "texture": "#texture", "cullface": "east"},
				"east": {"uv": [7.25, 9.25, 8.75, 12.5], "texture": "#texture", "cullface": "east"},
				"south": {"uv": [16, 9.25, 16, 12.5], "texture": "#texture", "cullface": "east"},
				"west": {"uv": [7.25, 9.25, 8.75, 12.5], "texture": "#texture", "cullface": "east"},
				"down": {"uv": [0, 8.75, 0, 7.25], "texture": "#texture", "cullface": "east"}
			}
		},
		{
			"from": [19.6, 9, 7.25],
			"to": [25.05, 10.75, 8.75],
			"rotation": {"angle": 0, "axis": "y", "origin": [0.65, 0, 0]},
			"faces": {
				"north": {"uv": [0, 5.25, 0, 7], "texture": "#texture", "cullface": "east"},
				"south": {"uv": [16, 5.25, 16, 7], "texture": "#texture", "cullface": "east"},
				"up": {"uv": [16, 7.25, 16, 8.75], "texture": "#texture", "cullface": "east"},
				"down": {"uv": [0, 8.75, 0, 7.25], "texture": "#texture", "cullface": "east"}
			}
		},
		{
			"from": [19.45, 8.75, 7.5],
			"to": [25.05, 9, 8.5],
			"rotation": {"angle": 0, "axis": "y", "origin": [0.65, 0, 0]},
			"faces": {
				"north": {"uv": [0, 7, 0, 7.25], "texture": "#texture", "cullface": "east"},
				"east": {"uv": [7.5, 7, 8.5, 7.25], "texture": "#texture", "cullface": "east"},
				"south": {"uv": [16, 7, 16, 7.25], "texture": "#texture", "cullface": "east"},
				"west": {"uv": [7.5, 7, 8.5, 7.25], "texture": "#texture", "cullface": "east"},
				"down": {"uv": [0, 8.5, 0, 7.5], "texture": "#texture", "cullface": "east"}
			}
		},
		{
			"from": [20.7, 7.875, 7.7],
			"to": [25.05, 8.75, 8.3],
			"rotation": {"angle": 0, "axis": "y", "origin": [0.65, 0, 0]},
			"faces": {
				"north": {"uv": [0, 7.75, 0, 8], "texture": "#texture", "cullface": "east"},
				"east": {"uv": [7.5, 7.75, 8.5, 8], "texture": "#texture", "cullface": "east"},
				"south": {"uv": [16, 7.75, 16, 8], "texture": "#texture", "cullface": "east"},
				"west": {"uv": [7.5, 7.75, 8.5, 8], "texture": "#texture", "cullface": "east"},
				"down": {"uv": [0, 8.5, 0, 7.5], "texture": "#texture", "cullface": "east"}
			}
		},
		{
			"from": [22.275, 7.65, 7.7],
			"to": [25.05, 7.9, 8.3],
			"rotation": {"angle": 0, "axis": "y", "origin": [0.275, 0.4, 0]},
			"faces": {
				"north": {"uv": [0, 8.5, 0, 8.75], "texture": "#texture", "cullface": "east"},
				"east": {"uv": [7.5, 8.5, 8.5, 8.75], "texture": "#texture", "cullface": "east"},
				"south": {"uv": [16, 8.5, 16, 8.75], "texture": "#texture", "cullface": "east"},
				"west": {"uv": [7.5, 8.5, 8.5, 8.75], "texture": "#texture", "cullface": "east"},
				"down": {"uv": [0, 8.5, 0, 7.5], "texture": "#texture", "cullface": "east"}
			}
		},
		{
			"from": [24.125, 7, 7.7],
			"to": [25.05, 7.25, 8.3],
			"rotation": {"angle": 0, "axis": "y", "origin": [0.825, 0.4, 0]},
			"faces": {
				"north": {"uv": [0, 8.75, 0, 9], "texture": "#texture", "cullface": "east"},
				"east": {"uv": [7.5, 8.75, 8.5, 9], "texture": "#texture", "cullface": "east"},
				"south": {"uv": [16, 8.75, 16, 9], "texture": "#texture", "cullface": "east"},
				"west": {"uv": [7.5, 8.75, 8.5, 9], "texture": "#texture", "cullface": "east"},
				"down": {"uv": [0, 8.5, 0, 7.5], "texture": "#texture", "cullface": "east"}
			}
		},
		{
			"from": [23.875, 7.25, 7.7],
			"to": [25.05, 7.5, 8.3],
			"rotation": {"angle": 0, "axis": "y", "origin": [0.275, 0.4, 0]},
			"faces": {
				"north": {"uv": [0, 8.5, 0, 8.75], "texture": "#texture", "cullface": "east"},
				"east": {"uv": [7.5, 8.5, 8.5, 8.75], "texture": "#texture", "cullface": "east"},
				"south": {"uv": [16, 8.5, 16, 8.75], "texture": "#texture", "cullface": "east"},
				"west": {"uv": [7.5, 8.5, 8.5, 8.75], "texture": "#texture", "cullface": "east"},
				"down": {"uv": [0, 8.5, 0, 7.5], "texture": "#texture", "cullface": "east"}
			}
		},
		{
			"from": [24.625, 6.5, 7.7],
			"to": [25.05, 6.75, 8.3],
			"rotation": {"angle": 0, "axis": "y", "origin": [0.825, 0.4, 0]},
			"faces": {
				"north": {"uv": [0, 8.75, 0, 9], "texture": "#texture", "cullface": "east"},
				"east": {"uv": [7.5, 8.75, 8.5, 9], "texture": "#texture", "cullface": "east"},
				"south": {"uv": [16, 8.75, 16, 9], "texture": "#texture", "cullface": "east"},
				"west": {"uv": [7.5, 8.75, 8.5, 9], "texture": "#texture", "cullface": "east"},
				"down": {"uv": [0, 8.5, 0, 7.5], "texture": "#texture", "cullface": "east"}
			}
		},
		{
			"from": [17.325, -2.975, 7.7],
			"to": [17.475, -2.55, 8.3],
			"rotation": {"angle": 22.5, "axis": "z", "origin": [0.825, 0.4, 0]},
			"faces": {
				"north": {"uv": [0, 8.75, 0, 9], "rotation": 270, "texture": "#texture", "cullface": "east"},
				"south": {"uv": [16, 8.75, 16, 9], "rotation": 90, "texture": "#texture", "cullface": "east"},
				"west": {"uv": [0, 8.5, 0, 7.5], "rotation": 90, "texture": "#texture", "cullface": "east"},
				"up": {"uv": [7.5, 8.75, 8.5, 9], "rotation": 90, "texture": "#texture", "cullface": "east"},
				"down": {"uv": [7.5, 8.75, 8.5, 9], "rotation": 90, "texture": "#texture", "cullface": "east"}
			}
		},
		{
			"from": [17.325, -0.975, 7.7],
			"to": [17.475, -0.55, 8.3],
			"rotation": {"angle": 22.5, "axis": "z", "origin": [0.825, 0.4, 0]},
			"faces": {
				"north": {"uv": [0, 8.75, 0, 9], "rotation": 270, "texture": "#texture", "cullface": "east"},
				"south": {"uv": [16, 8.75, 16, 9], "rotation": 90, "texture": "#texture", "cullface": "east"},
				"west": {"uv": [0, 8.5, 0, 7.5], "rotation": 90, "texture": "#texture", "cullface": "east"},
				"up": {"uv": [7.5, 8.75, 8.5, 9], "rotation": 90, "texture": "#texture", "cullface": "east"},
				"down": {"uv": [7.5, 8.75, 8.5, 9], "rotation": 90, "texture": "#texture", "cullface": "east"}
			}
		},
		{
			"from": [24.825, 6.3, 7.7],
			"to": [25.05, 6.55, 8.3],
			"rotation": {"angle": 0, "axis": "y", "origin": [0.825, 0.4, 0]},
			"faces": {
				"north": {"uv": [0, 8.75, 0, 9], "texture": "#texture", "cullface": "east"},
				"east": {"uv": [7.5, 8.75, 8.5, 9], "texture": "#texture", "cullface": "east"},
				"south": {"uv": [16, 8.75, 16, 9], "texture": "#texture", "cullface": "east"},
				"west": {"uv": [7.5, 8.75, 8.5, 9], "texture": "#texture", "cullface": "east"},
				"down": {"uv": [0, 8.5, 0, 7.5], "texture": "#texture", "cullface": "east"}
			}
		},
		{
			"from": [24.375, 6.75, 7.7],
			"to": [25.05, 7, 8.3],
			"rotation": {"angle": 0, "axis": "y", "origin": [0.275, 0.4, 0]},
			"faces": {
				"north": {"uv": [0, 8.5, 0, 8.75], "texture": "#texture", "cullface": "east"},
				"east": {"uv": [7.5, 8.5, 8.5, 8.75], "texture": "#texture", "cullface": "east"},
				"south": {"uv": [16, 8.5, 16, 8.75], "texture": "#texture", "cullface": "east"},
				"west": {"uv": [7.5, 8.5, 8.5, 8.75], "texture": "#texture", "cullface": "east"},
				"down": {"uv": [0, 8.5, 0, 7.5], "texture": "#texture", "cullface": "east"}
			}
		},
		{
			"from": [22.525, 7.4, 7.7],
			"to": [25.05, 7.65, 8.3],
			"rotation": {"angle": 0, "axis": "y", "origin": [0.825, 0.4, 0]},
			"faces": {
				"north": {"uv": [0, 8.75, 0, 9], "texture": "#texture", "cullface": "east"},
				"east": {"uv": [7.5, 8.75, 8.5, 9], "texture": "#texture", "cullface": "east"},
				"south": {"uv": [16, 8.75, 16, 9], "texture": "#texture", "cullface": "east"},
				"west": {"uv": [7.5, 8.75, 8.5, 9], "texture": "#texture", "cullface": "east"},
				"down": {"uv": [0, 8.5, 0, 7.5], "texture": "#texture", "cullface": "east"}
			}
		},
		{
			"from": [22.775, 7.15, 7.7],
			"to": [23.175, 7.4, 8.3],
			"rotation": {"angle": 0, "axis": "y", "origin": [0.275, 0.4, 0]},
			"faces": {
				"north": {"uv": [0, 9, 0, 9.25], "texture": "#texture", "cullface": "east"},
				"east": {"uv": [7.5, 9, 8.5, 9.25], "texture": "#texture", "cullface": "east"},
				"south": {"uv": [16, 9, 16, 9.25], "texture": "#texture", "cullface": "east"},
				"west": {"uv": [7.5, 9, 8.5, 9.25], "texture": "#texture", "cullface": "east"},
				"down": {"uv": [0, 8.5, 0, 7.5], "texture": "#texture", "cullface": "east"}
			}
		},
		{
			"from": [23, 6.825, 7.7],
			"to": [23.175, 7.15, 8.3],
			"rotation": {"angle": 0, "axis": "y", "origin": [0.275, 0.4, 0]},
			"faces": {
				"north": {"uv": [0, 9.25, 0, 9.5], "texture": "#texture", "cullface": "east"},
				"east": {"uv": [7.5, 9.25, 8.5, 9.5], "texture": "#texture", "cullface": "east"},
				"south": {"uv": [16, 9.25, 16, 9.5], "texture": "#texture", "cullface": "east"},
				"west": {"uv": [7.5, 9.25, 8.5, 9.5], "texture": "#texture", "cullface": "east"},
				"down": {"uv": [0, 8.5, 0, 7.5], "texture": "#texture", "cullface": "east"}
			}
		},
		{
			"from": [18.65, 9.3, 7.45],
			"to": [19.4, 10.75, 8.55],
			"faces": {
				"north": {"uv": [0, 5.25, 5.25, 7], "texture": "#texture", "cullface": "east"},
				"east": {"uv": [6.75, 5.25, 9.25, 7], "texture": "#texture", "cullface": "east"},
				"south": {"uv": [10.75, 5.25, 16, 7], "texture": "#texture", "cullface": "east"},
				"west": {"uv": [6.75, 5.25, 9.25, 7], "texture": "#texture", "cullface": "east"},
				"up": {"uv": [10.75, 6.75, 16, 9.25], "texture": "#texture", "cullface": "east"},
				"down": {"uv": [5.25, 9.25, 0, 6.75], "texture": "#texture", "cullface": "east"}
			}
		},
		{
			"from": [19.4, 9, 7.25],
			"to": [19.65, 10.75, 8.75],
			"rotation": {"angle": 0, "axis": "y", "origin": [0.25, 0, 0]},
			"faces": {
				"north": {"uv": [0, 5.25, 5.25, 7], "texture": "#texture", "cullface": "east"},
				"east": {"uv": [6.75, 5.25, 9.25, 7], "texture": "#texture", "cullface": "east"},
				"south": {"uv": [10.75, 5.25, 16, 7], "texture": "#texture", "cullface": "east"},
				"west": {"uv": [6.75, 5.25, 9.25, 7], "texture": "#texture", "cullface": "east"},
				"up": {"uv": [10.75, 6.75, 16, 9.25], "texture": "#texture", "cullface": "east"},
				"down": {"uv": [5.25, 9.25, 0, 6.75], "texture": "#texture", "cullface": "east"}
			}
		},
		{
			"from": [3.5, 8.75, 6.78],
			"to": [4, 10.95, 9.23],
			"rotation": {"angle": 0, "axis": "y", "origin": [0.25, 0, 0]},
			"faces": {
				"north": {"uv": [12.75, 5.25, 13.25, 7], "texture": "#texture"},
				"south": {"uv": [2.75, 5.25, 3.25, 7], "texture": "#texture"},
				"west": {"uv": [7, 5.25, 9, 7], "texture": "#texture"},
				"up": {"uv": [2.75, 7, 3.25, 9], "texture": "#texture"},
				"down": {"uv": [13.25, 9, 12.75, 7], "texture": "#texture"}
			}
		},
		{
			"from": [10.75, 11, 7.25],
			"to": [11.25, 11.25, 8.75],
			"faces": {
				"north": {"uv": [4.75, 4.75, 5.5, 5], "texture": "#texture"},
				"east": {"uv": [7.25, 4.75, 8.75, 5], "texture": "#texture"},
				"south": {"uv": [10.5, 4.75, 11.25, 5], "texture": "#texture"},
				"west": {"uv": [7.25, 4.75, 8.75, 5], "texture": "#texture"},
				"up": {"uv": [10.5, 7.25, 11.25, 8.75], "texture": "#texture"}
			}
		},
		{
			"from": [11.5, 11, 7.25],
			"to": [11.75, 11.25, 8.75],
			"faces": {
				"north": {"uv": [4.25, 4.75, 4.5, 5], "texture": "#texture"},
				"east": {"uv": [7.25, 4.75, 8.75, 5], "texture": "#texture"},
				"south": {"uv": [11.5, 4.75, 11.75, 5], "texture": "#texture"},
				"west": {"uv": [7.25, 4.75, 8.75, 5], "texture": "#texture"},
				"up": {"uv": [11.5, 7.25, 11.75, 8.75], "texture": "#texture"}
			}
		},
		{
			"from": [12, 11, 7.25],
			"to": [12.25, 11.25, 8.75],
			"faces": {
				"north": {"uv": [3.75, 4.75, 4, 5], "texture": "#texture"},
				"east": {"uv": [7.25, 4.75, 8.75, 5], "texture": "#texture"},
				"south": {"uv": [12, 4.75, 12.25, 5], "texture": "#texture"},
				"west": {"uv": [7.25, 4.75, 8.75, 5], "texture": "#texture"},
				"up": {"uv": [12, 7.25, 12.25, 8.75], "texture": "#texture"}
			}
		},
		{
			"from": [16, 11, 7.25],
			"to": [18, 11.25, 8.75],
			"faces": {
				"north": {"uv": [0, 4.75, 0, 5], "texture": "#texture", "cullface": "east"},
				"east": {"uv": [7.25, 4.75, 8.75, 5], "texture": "#texture", "cullface": "east"},
				"south": {"uv": [16, 4.75, 16, 5], "texture": "#texture", "cullface": "east"},
				"west": {"uv": [7.25, 4.75, 8.75, 5], "texture": "#texture", "cullface": "east"},
				"up": {"uv": [16, 7.25, 16, 8.75], "texture": "#texture", "cullface": "east"}
			}
		},
		{
			"from": [16.75, 11.75, 7.6],
			"to": [17, 12.65, 7.85],
			"faces": {
				"north": {"uv": [0, 3.25, 0, 4.25], "texture": "#texture", "cullface": "east"},
				"east": {"uv": [8.25, 3.25, 8.5, 4.25], "texture": "#texture", "cullface": "east"},
				"south": {"uv": [16, 3.25, 16, 4.25], "texture": "#texture", "cullface": "east"},
				"west": {"uv": [7.5, 3.25, 7.75, 4.25], "texture": "#texture", "cullface": "east"},
				"up": {"uv": [16, 7.5, 16, 7.75], "texture": "#texture", "cullface": "east"}
			}
		},
		{
			"from": [16.25, 11.25, 7.5],
			"to": [17.5, 11.75, 8.5],
			"faces": {
				"north": {"uv": [0, 4.25, 0, 4.75], "texture": "#texture", "cullface": "east"},
				"east": {"uv": [7.5, 4.25, 8.5, 4.75], "texture": "#texture", "cullface": "east"},
				"south": {"uv": [16, 4.25, 16, 4.75], "texture": "#texture", "cullface": "east"},
				"west": {"uv": [7.5, 4.25, 8.5, 4.75], "texture": "#texture", "cullface": "east"},
				"up": {"uv": [16, 7.5, 16, 8.5], "texture": "#texture", "cullface": "east"}
			}
		},
		{
			"from": [15.5, 11, 7.25],
			"to": [15.75, 11.25, 8.75],
			"faces": {
				"north": {"uv": [0.25, 4.75, 0.5, 5], "texture": "#texture"},
				"east": {"uv": [7.25, 4.75, 8.75, 5], "texture": "#texture"},
				"south": {"uv": [15.5, 4.75, 15.75, 5], "texture": "#texture"},
				"west": {"uv": [7.25, 4.75, 8.75, 5], "texture": "#texture"},
				"up": {"uv": [15.5, 7.25, 15.75, 8.75], "texture": "#texture"}
			}
		},
		{
			"from": [18.2, 11, 7.25],
			"to": [18.45, 11.25, 8.75],
			"faces": {
				"north": {"uv": [0.25, 4.75, 0.5, 5], "texture": "#texture"},
				"east": {"uv": [7.25, 4.75, 8.75, 5], "texture": "#texture"},
				"south": {"uv": [15.5, 4.75, 15.75, 5], "texture": "#texture"},
				"west": {"uv": [7.25, 4.75, 8.75, 5], "texture": "#texture"},
				"up": {"uv": [15.5, 7.25, 15.75, 8.75], "texture": "#texture"}
			}
		},
		{
			"from": [15, 11, 7.25],
			"to": [15.25, 11.25, 8.75],
			"faces": {
				"north": {"uv": [0.75, 4.75, 1, 5], "texture": "#texture"},
				"east": {"uv": [7.25, 4.75, 8.75, 5], "texture": "#texture"},
				"south": {"uv": [15, 4.75, 15.25, 5], "texture": "#texture"},
				"west": {"uv": [7.25, 4.75, 8.75, 5], "texture": "#texture"},
				"up": {"uv": [15, 7.25, 15.25, 8.75], "texture": "#texture"}
			}
		},
		{
			"from": [14.5, 11, 7.25],
			"to": [14.75, 11.25, 8.75],
			"faces": {
				"north": {"uv": [1.25, 4.75, 1.5, 5], "texture": "#texture"},
				"east": {"uv": [7.25, 4.75, 8.75, 5], "texture": "#texture"},
				"south": {"uv": [14.5, 4.75, 14.75, 5], "texture": "#texture"},
				"west": {"uv": [7.25, 4.75, 8.75, 5], "texture": "#texture"},
				"up": {"uv": [14.5, 7.25, 14.75, 8.75], "texture": "#texture"}
			}
		},
		{
			"from": [14, 11, 7.25],
			"to": [14.25, 11.25, 8.75],
			"faces": {
				"north": {"uv": [1.75, 4.75, 2, 5], "texture": "#texture"},
				"east": {"uv": [7.25, 4.75, 8.75, 5], "texture": "#texture"},
				"south": {"uv": [14, 4.75, 14.25, 5], "texture": "#texture"},
				"west": {"uv": [7.25, 4.75, 8.75, 5], "texture": "#texture"},
				"up": {"uv": [14, 7.25, 14.25, 8.75], "texture": "#texture"}
			}
		},
		{
			"from": [13.5, 11, 7.25],
			"to": [13.75, 11.25, 8.75],
			"faces": {
				"north": {"uv": [2.25, 4.75, 2.5, 5], "texture": "#texture"},
				"east": {"uv": [7.25, 4.75, 8.75, 5], "texture": "#texture"},
				"south": {"uv": [13.5, 4.75, 13.75, 5], "texture": "#texture"},
				"west": {"uv": [7.25, 4.75, 8.75, 5], "texture": "#texture"},
				"up": {"uv": [13.5, 7.25, 13.75, 8.75], "texture": "#texture"}
			}
		},
		{
			"from": [13, 11, 7.25],
			"to": [13.25, 11.25, 8.75],
			"faces": {
				"north": {"uv": [2.75, 4.75, 3, 5], "texture": "#texture"},
				"east": {"uv": [7.25, 4.75, 8.75, 5], "texture": "#texture"},
				"south": {"uv": [13, 4.75, 13.25, 5], "texture": "#texture"},
				"west": {"uv": [7.25, 4.75, 8.75, 5], "texture": "#texture"},
				"up": {"uv": [13, 7.25, 13.25, 8.75], "texture": "#texture"}
			}
		},
		{
			"from": [12.5, 11, 7.25],
			"to": [12.75, 11.25, 8.75],
			"faces": {
				"north": {"uv": [3.25, 4.75, 3.5, 5], "texture": "#texture"},
				"east": {"uv": [7.25, 4.75, 8.75, 5], "texture": "#texture"},
				"south": {"uv": [12.5, 4.75, 12.75, 5], "texture": "#texture"},
				"west": {"uv": [7.25, 4.75, 8.75, 5], "texture": "#texture"},
				"up": {"uv": [12.5, 7.25, 12.75, 8.75], "texture": "#texture"}
			}
		},
		{
			"from": [16.75, 11.75, 8.15],
			"to": [17, 12.65, 8.4],
			"faces": {
				"north": {"uv": [0, 3.25, 0, 4.25], "texture": "#texture", "cullface": "east"},
				"east": {"uv": [7.5, 3.25, 7.75, 4.25], "texture": "#texture", "cullface": "east"},
				"south": {"uv": [16, 3.25, 16, 4.25], "texture": "#texture", "cullface": "east"},
				"west": {"uv": [8.25, 3.25, 8.5, 4.25], "texture": "#texture", "cullface": "east"},
				"up": {"uv": [16, 8.25, 16, 8.5], "texture": "#texture", "cullface": "east"}
			}
		},
		{
			"from": [13, 11, 7.25],
			"to": [13.25, 11.25, 8.75],
			"faces": {
				"north": {"uv": [2.75, 4.75, 3, 5], "texture": "#texture"},
				"east": {"uv": [7.25, 4.75, 8.75, 5], "texture": "#texture"},
				"south": {"uv": [13, 4.75, 13.25, 5], "texture": "#texture"},
				"west": {"uv": [7.25, 4.75, 8.75, 5], "texture": "#texture"},
				"up": {"uv": [13, 7.25, 13.25, 8.75], "texture": "#texture"}
			}
		},
		{
			"from": [16.75, 11.75, 7.85],
			"to": [17, 12.15, 8.15],
			"faces": {
				"east": {"uv": [7.75, 3.75, 8.25, 4.25], "texture": "#texture", "cullface": "east"},
				"west": {"uv": [7.75, 3.75, 8.25, 4.25], "texture": "#texture", "cullface": "east"},
				"up": {"uv": [16, 7.75, 16, 8.25], "texture": "#texture", "cullface": "east"}
			}
		},
		{
			"from": [25.05, 6, 7.25],
			"to": [25.8, 10.75, 8.75],
			"rotation": {"angle": 0, "axis": "y", "origin": [0.65, 0, 0]},
			"faces": {
				"north": {"uv": [0, 5.25, 0, 10.25], "texture": "#texture", "cullface": "east"},
				"east": {"uv": [7.25, 5.25, 8.75, 10.25], "texture": "#texture", "cullface": "east"},
				"south": {"uv": [16, 5.25, 16, 10.25], "texture": "#texture", "cullface": "east"},
				"west": {"uv": [7.25, 5.25, 8.75, 10.25], "texture": "#texture", "cullface": "east"},
				"up": {"uv": [16, 7.25, 16, 8.75], "texture": "#texture", "cullface": "east"},
				"down": {"uv": [0, 8.75, 0, 7.25], "texture": "#texture", "cullface": "east"}
			}
		},
		{
			"from": [22.35, 8.4, 7.7],
			"to": [23.85, 8.65, 8.3],
			"rotation": {"angle": -45, "axis": "z", "origin": [21.525, 8.65, 7.5]},
			"faces": {
				"north": {"uv": [0, 10, 0, 10.25], "texture": "#texture", "cullface": "east"},
				"east": {"uv": [7.5, 10, 8.5, 10.25], "texture": "#texture", "cullface": "east"},
				"south": {"uv": [16, 10, 16, 10.25], "texture": "#texture", "cullface": "east"},
				"west": {"uv": [7.5, 10, 8.5, 10.25], "texture": "#texture", "cullface": "east"},
				"up": {"uv": [16, 7.5, 16, 8.5], "texture": "#texture", "cullface": "east"},
				"down": {"uv": [0, 8.5, 0, 7.5], "texture": "#texture", "cullface": "east"}
			}
		},
		{
			"from": [23.9, 8.525, 7.7],
			"to": [25.9, 8.775, 8.3],
			"rotation": {"angle": -45, "axis": "z", "origin": [22.45, 8.25, 7.5]},
			"faces": {
				"north": {"uv": [0, 10, 0, 10.25], "texture": "#texture", "cullface": "east"},
				"east": {"uv": [7.5, 10, 8.5, 10.25], "texture": "#texture", "cullface": "east"},
				"south": {"uv": [16, 10, 16, 10.25], "texture": "#texture", "cullface": "east"},
				"west": {"uv": [7.5, 10, 8.5, 10.25], "texture": "#texture", "cullface": "east"},
				"up": {"uv": [16, 7.5, 16, 8.5], "texture": "#texture", "cullface": "east"},
				"down": {"uv": [0, 8.5, 0, 7.5], "texture": "#texture", "cullface": "east"}
			}
		}
	],
	"display": {
		"thirdperson_righthand": {
			"rotation": [116.65, -89.01, 116.77],
			"translation": [0, 0, -5.25],
			"scale": [0.8, 0.9, 0.8]
		},
		"thirdperson_lefthand": {
			"rotation": [-116.65, 89.01, 116.77],
			"translation": [0, 0, -5.25],
			"scale": [0.8, 0.9, 0.8]
		},
		"firstperson_righthand": {
			"rotation": [0, -90, 0],
			"translation": [0, 1.5, -7]
		},
		"firstperson_lefthand": {
			"rotation": [0, 90, 0],
			"translation": [0, 1.5, -7]
		},
		"ground": {
			"translation": [-4.25, 0, 0]
		},
		"gui": {
			"rotation": [0, 0, -45],
			"translation": [-2, 1, 0],
			"scale": [0.7, 0.73, 1]
		},
		"fixed": {
			"rotation": [0, 180, -45],
			"translation": [3.25, 2.1, -1.1]
		}
	}
}