{
	"credit": "Made by SrDarmith - YouTube: Mainclay",
	"textures": {
		"particle": "blocks/anvil 1",
		"texture": "blocks/anvil 1"
	},
	"elements": [
		{
			"from": [-2.75, 8.75, 7.75],
			"to": [-1.25, 9, 8.25],
			"rotation": {"angle": 0, "axis": "y", "origin": [4, 0, 0]},
			"faces": {
				"north": {"uv": [16, 7, 16, 7.25], "texture": "#texture", "cullface": "west"},
				"east": {"uv": [7.75, 7, 8.25, 7.25], "texture": "#texture", "cullface": "west"},
				"south": {"uv": [0, 7, 0, 7.25], "texture": "#texture", "cullface": "west"},
				"west": {"uv": [7.75, 7, 8.25, 7.25], "texture": "#texture", "cullface": "west"},
				"up": {"uv": [0, 7.75, 0, 8.25], "texture": "#texture", "cullface": "west"},
				"down": {"uv": [16, 8.25, 16, 7.75], "texture": "#texture", "cullface": "west"}
			}
		},
		{
			"from": [-2.75, 8.25, 7.5],
			"to": [-1.25, 8.75, 7.75],
			"rotation": {"angle": 0, "axis": "y", "origin": [4, 0, 0]},
			"faces": {
				"north": {"uv": [16, 7.25, 16, 7.75], "texture": "#texture", "cullface": "west"},
				"east": {"uv": [8.25, 7.25, 8.5, 7.75], "texture": "#texture", "cullface": "west"},
				"south": {"uv": [0, 7.25, 0, 7.75], "texture": "#texture", "cullface": "west"},
				"west": {"uv": [7.5, 7.25, 7.75, 7.75], "texture": "#texture", "cullface": "west"},
				"up": {"uv": [0, 7.5, 0, 7.75], "texture": "#texture", "cullface": "west"},
				"down": {"uv": [16, 7.75, 16, 7.5], "texture": "#texture", "cullface": "west"}
			}
		},
		{
			"from": [-2.75, 8.25, 8.25],
			"to": [-1.25, 8.75, 8.5],
			"rotation": {"angle": 0, "axis": "y", "origin": [4, 0, 0]},
			"faces": {
				"north": {"uv": [16, 7.25, 16, 7.75], "texture": "#texture", "cullface": "west"},
				"east": {"uv": [7.5, 7.25, 7.75, 7.75], "texture": "#texture", "cullface": "west"},
				"south": {"uv": [0, 7.25, 0, 7.75], "texture": "#texture", "cullface": "west"},
				"west": {"uv": [8.25, 7.25, 8.5, 7.75], "texture": "#texture", "cullface": "west"},
				"up": {"uv": [0, 8.25, 0, 8.5], "texture": "#texture", "cullface": "west"},
				"down": {"uv": [16, 8.5, 16, 8.25], "texture": "#texture", "cullface": "west"}
			}
		},
		{
			"from": [-2.75, 8, 7.75],
			"to": [-1.25, 8.25, 8.25],
			"rotation": {"angle": 0, "axis": "y", "origin": [4, 0, 0]},
			"faces": {
				"north": {"uv": [16, 7.75, 16, 8], "texture": "#texture", "cullface": "west"},
				"east": {"uv": [7.75, 7.75, 8.25, 8], "texture": "#texture", "cullface": "west"},
				"south": {"uv": [0, 7.75, 0, 8], "texture": "#texture", "cullface": "west"},
				"west": {"uv": [7.75, 7.75, 8.25, 8], "texture": "#texture", "cullface": "west"},
				"up": {"uv": [0, 7.75, 0, 8.25], "texture": "#texture", "cullface": "west"},
				"down": {"uv": [16, 8.25, 16, 7.75], "texture": "#texture", "cullface": "west"}
			}
		},
		{
			"from": [-1.65, 8.25, 7.75],
			"to": [1.75, 8.75, 8.25],
			"rotation": {"angle": 0, "axis": "y", "origin": [4, 0, 0]},
			"faces": {
				"north": {"uv": [16, 7.25, 16, 7.75], "texture": "#texture", "cullface": "west"},
				"east": {"uv": [7.75, 7.25, 8.25, 7.75], "texture": "#texture", "cullface": "west"},
				"south": {"uv": [0, 7.25, 0, 7.75], "texture": "#texture", "cullface": "west"},
				"west": {"uv": [7.75, 7.25, 8.25, 7.75], "texture": "#texture", "cullface": "west"},
				"up": {"uv": [0, 7.75, 0, 8.25], "texture": "#texture", "cullface": "west"},
				"down": {"uv": [16, 8.25, 16, 7.75], "texture": "#texture", "cullface": "west"}
			}
		},
		{
			"from": [1.25, 7.75, 7],
			"to": [7.25, 8.5, 9],
			"rotation": {"angle": 0, "axis": "y", "origin": [4, 0, 0]},
			"faces": {
				"north": {"uv": [12.75, 7.5, 16, 8.25], "texture": "#texture", "cullface": "west"},
				"east": {"uv": [7, 7.5, 9, 8.25], "texture": "#texture", "cullface": "west"},
				"south": {"uv": [0, 7.5, 3.25, 8.25], "texture": "#texture", "cullface": "west"},
				"west": {"uv": [7, 7.5, 9, 8.25], "texture": "#texture", "cullface": "west"},
				"up": {"uv": [0, 7, 3.25, 9], "texture": "#texture", "cullface": "west"},
				"down": {"uv": [16, 9, 12.75, 7], "texture": "#texture", "cullface": "west"}
			}
		},
		{
			"from": [2, 9.25, 7.25],
			"to": [13.25, 9.5, 8.75],
			"rotation": {"angle": 0, "axis": "y", "origin": [4, 0, 0]},
			"faces": {
				"north": {"uv": [6.75, 6.5, 16, 6.75], "texture": "#texture", "cullface": "west"},
				"south": {"uv": [0, 6.5, 9.25, 6.75], "texture": "#texture", "cullface": "west"},
				"west": {"uv": [7.25, 6.5, 8.75, 6.75], "texture": "#texture", "cullface": "west"},
				"up": {"uv": [0, 7.25, 9.25, 8.75], "texture": "#texture", "cullface": "west"},
				"down": {"uv": [16, 8.75, 6.75, 7.25], "texture": "#texture", "cullface": "west"}
			}
		},
		{
			"from": [1.5, 8, 7.25],
			"to": [13.25, 8.25, 8.75],
			"rotation": {"angle": 0, "axis": "y", "origin": [4, 0, 0]},
			"faces": {
				"north": {"uv": [6.75, 7.75, 16, 8], "texture": "#texture", "cullface": "west"},
				"east": {"uv": [7.25, 7.75, 8.75, 8], "texture": "#texture", "cullface": "west"},
				"south": {"uv": [0, 7.75, 9.25, 8], "texture": "#texture", "cullface": "west"},
				"west": {"uv": [7.25, 7.75, 8.75, 8], "texture": "#texture", "cullface": "west"},
				"up": {"uv": [0, 7.25, 9.25, 8.75], "texture": "#texture", "cullface": "west"},
				"down": {"uv": [16, 8.75, 6.75, 7.25], "texture": "#texture", "cullface": "west"}
			}
		},
		{
			"from": [1.75, 8.75, 7.25],
			"to": [13.25, 9, 8.75],
			"rotation": {"angle": 0, "axis": "y", "origin": [4, 0, 0]},
			"faces": {
				"north": {"uv": [6.75, 7, 16, 7.25], "texture": "#texture", "cullface": "west"},
				"east": {"uv": [7.25, 7, 8.75, 7.25], "texture": "#texture", "cullface": "west"},
				"south": {"uv": [0, 7, 9.25, 7.25], "texture": "#texture", "cullface": "west"},
				"west": {"uv": [7.25, 7, 8.75, 7.25], "texture": "#texture", "cullface": "west"},
				"up": {"uv": [0, 7.25, 9.25, 8.75], "texture": "#texture", "cullface": "west"},
				"down": {"uv": [16, 8.75, 6.75, 7.25], "texture": "#texture", "cullface": "west"}
			}
		},
		{
			"from": [2, 9, 7.25],
			"to": [2.5, 9.25, 8.75],
			"rotation": {"angle": 0, "axis": "y", "origin": [4, 0, 0]},
			"faces": {
				"north": {"uv": [16, 6.75, 16, 7], "texture": "#texture", "cullface": "west"},
				"east": {"uv": [7.25, 6.75, 8.75, 7], "texture": "#texture", "cullface": "west"},
				"south": {"uv": [0, 6.75, 0, 7], "texture": "#texture", "cullface": "west"},
				"west": {"uv": [7.25, 6.75, 8.75, 7], "texture": "#texture", "cullface": "west"}
			}
		},
		{
			"from": [1.5, 7.5, 7],
			"to": [7, 7.75, 9],
			"rotation": {"angle": 0, "axis": "y", "origin": [4, 0, 0]},
			"faces": {
				"north": {"uv": [13, 8.25, 16, 8.5], "texture": "#texture", "cullface": "west"},
				"east": {"uv": [7, 8.25, 9, 8.5], "texture": "#texture", "cullface": "west"},
				"south": {"uv": [0, 8.25, 3, 8.5], "texture": "#texture", "cullface": "west"},
				"west": {"uv": [7, 8.25, 9, 8.5], "texture": "#texture", "cullface": "west"},
				"down": {"uv": [16, 9, 13, 7], "texture": "#texture", "cullface": "west"}
			}
		},
		{
			"from": [2, 7.25, 7.25],
			"to": [4.25, 7.5, 8.75],
			"rotation": {"angle": 0, "axis": "y", "origin": [4, 0, 0]},
			"faces": {
				"north": {"uv": [15.75, 8.5, 16, 8.75], "texture": "#texture", "cullface": "west"},
				"east": {"uv": [7.25, 8.5, 8.75, 8.75], "texture": "#texture", "cullface": "west"},
				"south": {"uv": [0, 8.5, 0.25, 8.75], "texture": "#texture", "cullface": "west"},
				"west": {"uv": [7.25, 8.5, 8.75, 8.75], "texture": "#texture", "cullface": "west"},
				"down": {"uv": [16, 8.75, 15.75, 7.25], "texture": "#texture", "cullface": "west"}
			}
		},
		{
			"from": [2.25, 9.75, 7.5],
			"to": [3.25, 10, 8.5],
			"rotation": {"angle": 0, "axis": "y", "origin": [4, 0, 0]},
			"faces": {
				"north": {"uv": [16, 6, 16, 6.25], "texture": "#texture", "cullface": "west"},
				"east": {"uv": [7.5, 6, 8.5, 6.25], "texture": "#texture", "cullface": "west"},
				"south": {"uv": [0, 6, 0, 6.25], "texture": "#texture", "cullface": "west"},
				"west": {"uv": [7.5, 6, 8.5, 6.25], "texture": "#texture", "cullface": "west"},
				"up": {"uv": [0, 7.5, 0, 8.5], "texture": "#texture", "cullface": "west"}
			}
		},
		{
			"from": [2.25, 10.75, 7.75],
			"to": [2.75, 11.25, 8.25],
			"rotation": {"angle": 0, "axis": "y", "origin": [4, 0, 0]},
			"faces": {
				"north": {"uv": [16, 4.75, 16, 5.5], "texture": "#texture", "cullface": "west"},
				"east": {"uv": [7.75, 4.75, 8.25, 5.5], "texture": "#texture", "cullface": "west"},
				"south": {"uv": [0, 4.75, 0, 5.5], "texture": "#texture", "cullface": "west"},
				"west": {"uv": [7.75, 4.75, 8.25, 5.5], "texture": "#texture", "cullface": "west"},
				"up": {"uv": [0, 7.75, 0, 8.25], "texture": "#texture", "cullface": "west"}
			}
		},
		{
			"from": [2.25, 11.25, 7.5],
			"to": [2.75, 11.75, 7.75],
			"rotation": {"angle": 0, "axis": "y", "origin": [4, 0, 0]},
			"faces": {
				"north": {"uv": [16, 4.25, 16, 4.75], "texture": "#texture", "cullface": "west"},
				"east": {"uv": [8.25, 4.25, 8.5, 4.75], "texture": "#texture", "cullface": "west"},
				"south": {"uv": [0, 4.25, 0, 4.75], "texture": "#texture", "cullface": "west"},
				"west": {"uv": [7.5, 4.25, 7.75, 4.75], "texture": "#texture", "cullface": "west"},
				"up": {"uv": [0, 7.5, 0, 7.75], "texture": "#texture", "cullface": "west"},
				"down": {"uv": [16, 7.75, 16, 7.5], "texture": "#texture", "cullface": "west"}
			}
		},
		{
			"from": [2.25, 11.25, 8.25],
			"to": [2.75, 11.75, 8.5],
			"rotation": {"angle": 0, "axis": "y", "origin": [4, 0, 0]},
			"faces": {
				"north": {"uv": [16, 4.25, 16, 4.75], "texture": "#texture", "cullface": "west"},
				"east": {"uv": [7.5, 4.25, 7.75, 4.75], "texture": "#texture", "cullface": "west"},
				"south": {"uv": [0, 4.25, 0, 4.75], "texture": "#texture", "cullface": "west"},
				"west": {"uv": [8.25, 4.25, 8.5, 4.75], "texture": "#texture", "cullface": "west"},
				"up": {"uv": [0, 8.25, 0, 8.5], "texture": "#texture", "cullface": "west"},
				"down": {"uv": [16, 8.5, 16, 8.25], "texture": "#texture", "cullface": "west"}
			}
		},
		{
			"from": [2.25, 11.75, 7.75],
			"to": [2.75, 12, 8.25],
			"rotation": {"angle": 0, "axis": "y", "origin": [4, 0, 0]},
			"faces": {
				"north": {"uv": [16, 4, 16, 4.25], "texture": "#texture", "cullface": "west"},
				"east": {"uv": [7.75, 4, 8.25, 4.25], "texture": "#texture", "cullface": "west"},
				"south": {"uv": [0, 4, 0, 4.25], "texture": "#texture", "cullface": "west"},
				"west": {"uv": [7.75, 4, 8.25, 4.25], "texture": "#texture", "cullface": "west"},
				"up": {"uv": [0, 7.75, 0, 8.25], "texture": "#texture", "cullface": "west"},
				"down": {"uv": [16, 8.25, 16, 7.75], "texture": "#texture", "cullface": "west"}
			}
		},
		{
			"from": [2.25, 9.5, 7.5],
			"to": [3.5, 9.75, 8.5],
			"rotation": {"angle": 0, "axis": "y", "origin": [4, 0, 0]},
			"faces": {
				"north": {"uv": [16, 6.25, 16, 6.5], "texture": "#texture", "cullface": "west"},
				"east": {"uv": [7.5, 6.25, 8.5, 6.5], "texture": "#texture", "cullface": "west"},
				"south": {"uv": [0, 6.25, 0, 6.5], "texture": "#texture", "cullface": "west"},
				"west": {"uv": [7.5, 6.25, 8.5, 6.5], "texture": "#texture", "cullface": "west"},
				"up": {"uv": [0, 7.5, 0, 8.5], "texture": "#texture", "cullface": "west"}
			}
		},
		{
			"from": [3, 9, 7.25],
			"to": [3.75, 9.25, 8.75],
			"rotation": {"angle": 0, "axis": "y", "origin": [4, 0, 0]},
			"faces": {
				"north": {"uv": [16, 6.75, 16, 7], "texture": "#texture", "cullface": "west"},
				"east": {"uv": [7.25, 6.75, 8.75, 7], "texture": "#texture", "cullface": "west"},
				"south": {"uv": [0, 6.75, 0, 7], "texture": "#texture", "cullface": "west"},
				"west": {"uv": [7.25, 6.75, 8.75, 7], "texture": "#texture", "cullface": "west"}
			}
		},
		{
			"from": [4.25, 9, 7.25],
			"to": [5, 9.25, 8.75],
			"rotation": {"angle": 0, "axis": "y", "origin": [4, 0, 0]},
			"faces": {
				"north": {"uv": [15, 6.75, 15.75, 7], "texture": "#texture"},
				"east": {"uv": [7.25, 6.75, 8.75, 7], "texture": "#texture"},
				"south": {"uv": [0.25, 6.75, 1, 7], "texture": "#texture"},
				"west": {"uv": [7.25, 6.75, 8.75, 7], "texture": "#texture"}
			}
		},
		{
			"from": [5.5, 9, 7.25],
			"to": [13.25, 9.25, 8.75],
			"rotation": {"angle": 0, "axis": "y", "origin": [4, 0, 0]},
			"faces": {
				"north": {"uv": [6.75, 6.75, 14.5, 7], "texture": "#texture"},
				"south": {"uv": [1.5, 6.75, 9.25, 7], "texture": "#texture"},
				"west": {"uv": [7.25, 6.75, 8.75, 7], "texture": "#texture"}
			}
		},
		{
			"from": [2.5, 9, 7.75],
			"to": [10, 9.25, 8.25],
			"rotation": {"angle": 0, "axis": "y", "origin": [4, 0, 0]},
			"faces": {
				"north": {"uv": [10, 6.75, 16, 7], "texture": "#texture", "cullface": "west"},
				"south": {"uv": [0, 6.75, 6, 7], "texture": "#texture", "cullface": "west"}
			}
		},
		{
			"from": [6.5, 8.25, 7.25],
			"to": [11.25, 8.75, 8.5],
			"rotation": {"angle": 0, "axis": "y", "origin": [4, 0, 0]},
			"faces": {
				"north": {"uv": [8.75, 7.25, 13.5, 7.75], "texture": "#texture"},
				"south": {"uv": [2.5, 7.25, 7.25, 7.75], "texture": "#texture"},
				"west": {"uv": [7.25, 7.25, 8.5, 7.75], "texture": "#texture"}
			}
		},
		{
			"from": [1.5, 8.25, 7.25],
			"to": [6.5, 8.5, 8.75],
			"rotation": {"angle": 0, "axis": "y", "origin": [4, 0, 0]},
			"faces": {
				"north": {"uv": [13.5, 7.5, 16, 7.75], "texture": "#texture", "cullface": "west"},
				"east": {"uv": [7.25, 7.5, 8.75, 7.75], "texture": "#texture", "cullface": "west"},
				"south": {"uv": [0, 7.5, 2.5, 7.75], "texture": "#texture", "cullface": "west"},
				"west": {"uv": [7.25, 7.5, 8.75, 7.75], "texture": "#texture", "cullface": "west"},
				"up": {"uv": [0, 7.25, 2.5, 8.75], "texture": "#texture", "cullface": "west"}
			}
		},
		{
			"from": [1.75, 8.5, 7.25],
			"to": [6.5, 8.75, 8.75],
			"rotation": {"angle": 0, "axis": "y", "origin": [4, 0, 0]},
			"faces": {
				"north": {"uv": [13.5, 7.25, 16, 7.5], "texture": "#texture", "cullface": "west"},
				"east": {"uv": [7.25, 7.25, 8.75, 7.5], "texture": "#texture", "cullface": "west"},
				"south": {"uv": [0, 7.25, 2.5, 7.5], "texture": "#texture", "cullface": "west"},
				"west": {"uv": [7.25, 7.25, 8.75, 7.5], "texture": "#texture", "cullface": "west"}
			}
		},
		{
			"from": [11.25, 8.25, 7.25],
			"to": [13.25, 8.75, 8.75],
			"rotation": {"angle": 0, "axis": "y", "origin": [4, 0, 0]},
			"faces": {
				"north": {"uv": [6.75, 7.25, 8.75, 7.75], "texture": "#texture"},
				"east": {"uv": [7.25, 7.25, 8.75, 7.75], "texture": "#texture"},
				"south": {"uv": [7.25, 7.25, 9.25, 7.75], "texture": "#texture"},
				"west": {"uv": [7.25, 7.25, 8.75, 7.75], "texture": "#texture"}
			}
		},
		{
			"from": [7, 7.25, 7.25],
			"to": [13.25, 8, 8.75],
			"rotation": {"angle": 0, "axis": "y", "origin": [4, 0, 0]},
			"faces": {
				"north": {"uv": [6.75, 8, 13, 8.75], "texture": "#texture"},
				"east": {"uv": [7.25, 8, 8.75, 8.75], "texture": "#texture"},
				"south": {"uv": [3, 8, 9.25, 8.75], "texture": "#texture"},
				"west": {"uv": [7.25, 8, 8.75, 8.75], "texture": "#texture"},
				"down": {"uv": [13, 8.75, 6.75, 7.25], "texture": "#texture"}
			}
		},
		{
			"from": [9, 7, 7.25],
			"to": [13.25, 7.25, 8.75],
			"rotation": {"angle": 0, "axis": "y", "origin": [4, 0, 0]},
			"faces": {
				"north": {"uv": [6.75, 8.75, 11, 9], "texture": "#texture"},
				"east": {"uv": [7.25, 8.75, 8.75, 9], "texture": "#texture"},
				"south": {"uv": [5, 8.75, 9.25, 9], "texture": "#texture"},
				"west": {"uv": [7.25, 8.75, 8.75, 9], "texture": "#texture"},
				"down": {"uv": [11, 8.75, 6.75, 7.25], "texture": "#texture"}
			}
		},
		{
			"from": [9.25, 6.75, 7.25],
			"to": [13.5, 7, 8.75],
			"rotation": {"angle": 0, "axis": "y", "origin": [4, 0, 0]},
			"faces": {
				"north": {"uv": [6.5, 9, 10.75, 9.25], "texture": "#texture"},
				"south": {"uv": [5.25, 9, 9.5, 9.25], "texture": "#texture"},
				"west": {"uv": [7.25, 9, 8.75, 9.25], "texture": "#texture"},
				"down": {"uv": [10.75, 8.75, 6.5, 7.25], "texture": "#texture"}
			}
		},
		{
			"from": [8.75, 6.25, 7.75],
			"to": [9, 7.75, 8.25],
			"rotation": {"angle": -22.5, "axis": "z", "origin": [8.75, 7.75, 7.75]},
			"faces": {
				"north": {"uv": [11.75, 8.75, 12.25, 9.75], "texture": "#texture"},
				"east": {"uv": [7.75, 8.75, 8.25, 9.75], "texture": "#texture"},
				"south": {"uv": [3.75, 8.75, 4.25, 9.75], "texture": "#texture"},
				"west": {"uv": [7.75, 8.75, 8.25, 9.75], "texture": "#texture"},
				"up": {"uv": [3.75, 7.75, 4.25, 8.25], "texture": "#texture"},
				"down": {"uv": [12.25, 8.25, 11.75, 7.75], "texture": "#texture"}
			}
		},
		{
			"from": [5.75, 4.5, 7.5],
			"to": [6.5, 7.5, 8.5],
			"rotation": {"angle": 22.5, "axis": "z", "origin": [5.75, 7.5, 7.5]},
			"faces": {
				"north": {"uv": [14.5, 9.25, 15.5, 11.75], "texture": "#texture"},
				"east": {"uv": [7.5, 9.25, 8.5, 11.75], "texture": "#texture"},
				"south": {"uv": [0.5, 9.25, 1.5, 11.75], "texture": "#texture"},
				"west": {"uv": [7.5, 9.25, 8.5, 11.75], "texture": "#texture"},
				"down": {"uv": [15.5, 8.5, 14.5, 7.5], "texture": "#texture"}
			}
		},
		{
			"from": [7.25, 5.25, 7.5],
			"to": [8.75, 5.75, 8.5],
			"rotation": {"angle": 0, "axis": "y", "origin": [4, 0, 0]},
			"faces": {
				"north": {"uv": [11.25, 10.25, 12.75, 10.75], "texture": "#texture"},
				"east": {"uv": [7.5, 10.25, 8.5, 10.75], "texture": "#texture"},
				"south": {"uv": [3.25, 10.25, 4.75, 10.75], "texture": "#texture"},
				"west": {"uv": [7.5, 10.25, 8.5, 10.75], "texture": "#texture"},
				"up": {"uv": [3.25, 7.5, 4.75, 8.5], "texture": "#texture"},
				"down": {"uv": [12.75, 8.5, 11.25, 7.5], "texture": "#texture"}
			}
		},
		{
			"from": [9, 3.5, 7.5],
			"to": [10.75, 7.25, 8.5],
			"rotation": {"angle": 22.5, "axis": "z", "origin": [9, 7.25, 7.5]},
			"faces": {
				"north": {"uv": [9, 9.75, 10.25, 13.5], "texture": "#texture"},
				"east": {"uv": [7.5, 9.75, 8.5, 13.5], "texture": "#texture"},
				"south": {"uv": [5.75, 9.75, 7, 13.5], "texture": "#texture"},
				"west": {"uv": [7.5, 9.75, 8.5, 13.5], "texture": "#texture"},
				"down": {"uv": [10.25, 8.5, 9, 7.5], "texture": "#texture"}
			}
		},
		{
			"from": [10, 5, 7.5],
			"to": [10.5, 7.25, 8.5],
			"rotation": {"angle": -45, "axis": "z", "origin": [10, 7.25, 7.5]},
			"faces": {
				"north": {"uv": [9.25, 9.5, 9.75, 11.75], "texture": "#texture"},
				"east": {"uv": [7.5, 9.5, 8.5, 11.75], "texture": "#texture"},
				"south": {"uv": [6.25, 9.5, 6.75, 11.75], "texture": "#texture"},
				"west": {"uv": [7.5, 9.5, 8.5, 11.75], "texture": "#texture"},
				"down": {"uv": [9.75, 8.5, 9.25, 7.5], "texture": "#texture"}
			}
		},
		{
			"from": [8, 9.5, 7.5],
			"to": [8.5, 10, 8],
			"rotation": {"angle": 0, "axis": "y", "origin": [4, 0, 0]},
			"faces": {
				"north": {"uv": [11.5, 6, 12, 6.5], "texture": "#texture"},
				"east": {"uv": [8, 6, 8.5, 6.5], "texture": "#texture"},
				"south": {"uv": [4, 6, 4.5, 6.5], "texture": "#texture"},
				"west": {"uv": [7.5, 6, 8, 6.5], "texture": "#texture"},
				"up": {"uv": [4, 7.5, 4.5, 8], "texture": "#texture"}
			}
		},
		{
			"from": [8, 9.75, 6.75],
			"to": [8.25, 10, 7.5],
			"rotation": {"angle": 0, "axis": "y", "origin": [4, 0, 0]},
			"faces": {
				"north": {"uv": [11.75, 6, 12, 6.25], "texture": "#texture"},
				"east": {"uv": [8.5, 6, 9.25, 6.25], "texture": "#texture"},
				"west": {"uv": [6.75, 6, 7.5, 6.25], "texture": "#texture"},
				"up": {"uv": [4, 6.75, 4.25, 7.5], "texture": "#texture"},
				"down": {"uv": [12, 7.5, 11.75, 6.75], "texture": "#texture"}
			}
		},
		{
			"from": [8.5, 9.5, 7.5],
			"to": [8.75, 9.75, 8],
			"rotation": {"angle": 0, "axis": "y", "origin": [4, 0, 0]},
			"faces": {
				"north": {"uv": [11.25, 6.25, 11.5, 6.5], "texture": "#texture"},
				"east": {"uv": [8, 6.25, 8.5, 6.5], "texture": "#texture"},
				"south": {"uv": [4.5, 6.25, 4.75, 6.5], "texture": "#texture"},
				"up": {"uv": [4.5, 7.5, 4.75, 8], "texture": "#texture"}
			}
		},
		{
			"from": [7, 9, 7.5],
			"to": [7.5, 11, 8.5],
			"rotation": {"angle": -22.5, "axis": "z", "origin": [7, 11, 7.5]},
			"faces": {
				"north": {"uv": [12.75, 4.5, 13.25, 6.5], "texture": "#texture"},
				"east": {"uv": [7.5, 4.5, 8.5, 6.5], "texture": "#texture"},
				"south": {"uv": [2.75, 4.5, 3.25, 6.5], "texture": "#texture"},
				"west": {"uv": [7.5, 4.5, 8.5, 6.5], "texture": "#texture"},
				"up": {"uv": [2.75, 7.5, 3.25, 8.5], "texture": "#texture"}
			}
		},
		{
			"from": [9.5, 11, 7.5],
			"to": [12.5, 11.5, 8.5],
			"rotation": {"angle": 0, "axis": "y", "origin": [4, 0, 0]},
			"faces": {
				"north": {"uv": [7.5, 4.5, 10, 5], "texture": "#texture"},
				"east": {"uv": [7.5, 4.5, 8.5, 5], "texture": "#texture"},
				"south": {"uv": [6, 4.5, 8.5, 5], "texture": "#texture"},
				"west": {"uv": [7.5, 4.5, 8.5, 5], "texture": "#texture"},
				"up": {"uv": [6, 7.5, 8.5, 8.5], "texture": "#texture"},
				"down": {"uv": [10, 8.5, 7.5, 7.5], "texture": "#texture"}
			}
		},
		{
			"from": [11.75, 8.75, 7.5],
			"to": [12.5, 11.25, 8.5],
			"rotation": {"angle": 22.5, "axis": "z", "origin": [11.75, 11.25, 7.5]},
			"faces": {
				"north": {"uv": [7.5, 4.75, 8, 6.5], "texture": "#texture"},
				"east": {"uv": [7.5, 4.75, 8.5, 6.5], "texture": "#texture"},
				"south": {"uv": [8, 4.75, 8.5, 6.5], "texture": "#texture"},
				"west": {"uv": [7.5, 4.75, 8.5, 6.5], "texture": "#texture"},
				"up": {"uv": [8, 7.5, 8.5, 8.5], "texture": "#texture"}
			}
		},
		{
			"from": [12.75, 7, 7],
			"to": [19, 8.5, 9],
			"rotation": {"angle": 0, "axis": "y", "origin": [4, 0, 0]},
			"faces": {
				"north": {"uv": [1, 7.5, 7.25, 9], "texture": "#texture"},
				"south": {"uv": [8.75, 7.5, 15, 9], "texture": "#texture"},
				"west": {"uv": [7, 7.5, 9, 9], "texture": "#texture"},
				"up": {"uv": [8.75, 7, 15, 9], "texture": "#texture"},
				"down": {"uv": [7.25, 9, 1, 7], "texture": "#texture"}
			}
		},
		{
			"from": [13.25, 9, 7],
			"to": [19, 9.5, 9],
			"rotation": {"angle": 0, "axis": "y", "origin": [4, 0, 0]},
			"faces": {
				"north": {"uv": [1, 6.5, 6.75, 7], "texture": "#texture"},
				"south": {"uv": [9.25, 6.5, 15, 7], "texture": "#texture"},
				"west": {"uv": [7, 6.5, 9, 7], "texture": "#texture"},
				"up": {"uv": [9.25, 7, 15, 9], "texture": "#texture"}
			}
		},
		{
			"from": [13, 8.5, 7],
			"to": [19, 9, 9],
			"rotation": {"angle": 0, "axis": "y", "origin": [4, 0, 0]},
			"faces": {
				"north": {"uv": [1, 7, 7, 7.5], "texture": "#texture"},
				"south": {"uv": [9, 7, 15, 7.5], "texture": "#texture"},
				"west": {"uv": [7, 7, 9, 7.5], "texture": "#texture"},
				"up": {"uv": [9, 7, 15, 9], "texture": "#texture"}
			}
		},
		{
			"from": [13.5, 6.5, 7.25],
			"to": [16.25, 7, 8.75],
			"rotation": {"angle": 0, "axis": "y", "origin": [4, 0, 0]},
			"faces": {
				"north": {"uv": [3.75, 9, 6.5, 9.5], "texture": "#texture"},
				"east": {"uv": [7.25, 9, 8.75, 9.5], "texture": "#texture"},
				"south": {"uv": [9.5, 9, 12.25, 9.5], "texture": "#texture"},
				"west": {"uv": [7.25, 9, 8.75, 9.5], "texture": "#texture"},
				"down": {"uv": [6.5, 8.75, 3.75, 7.25], "texture": "#texture"}
			}
		},
		{
			"from": [13.75, 4.75, 7.5],
			"to": [16, 6.5, 8.5],
			"rotation": {"angle": 0, "axis": "y", "origin": [4, 0, 0]},
			"faces": {
				"north": {"uv": [4, 9.5, 6.25, 11.25], "texture": "#texture"},
				"east": {"uv": [7.5, 9.5, 8.5, 11.25], "texture": "#texture"},
				"south": {"uv": [9.75, 9.5, 12, 11.25], "texture": "#texture"},
				"west": {"uv": [7.5, 9.5, 8.5, 11.25], "texture": "#texture"},
				"down": {"uv": [6.25, 8.5, 4, 7.5], "texture": "#texture"}
			}
		},
		{
			"from": [13.95, 3.5, 7.5],
			"to": [16.2, 5.75, 8.5],
			"rotation": {"angle": -22.5, "axis": "z", "origin": [14, 5.75, 7.5]},
			"faces": {
				"north": {"uv": [5.25, 11, 7.5, 12.25], "texture": "#texture"},
				"east": {"uv": [7.5, 11, 8.5, 12.25], "texture": "#texture"},
				"south": {"uv": [8.5, 11, 10.75, 12.25], "texture": "#texture"},
				"west": {"uv": [7.5, 11, 8.5, 12.25], "texture": "#texture"},
				"up": {"uv": [8.5, 7.5, 10.75, 8.5], "texture": "#texture"},
				"down": {"uv": [7.5, 8.5, 5.25, 7.5], "texture": "#texture"}
			}
		},
		{
			"from": [13.63, 2.25, 7.5],
			"to": [15.88, 4.5, 8.5],
			"rotation": {"angle": -45, "axis": "z", "origin": [13.75, 4.5, 7.5]},
			"faces": {
				"north": {"uv": [5.25, 12.5, 7.5, 14.75], "texture": "#texture"},
				"east": {"uv": [7.5, 12.5, 8.5, 14.75], "texture": "#texture"},
				"south": {"uv": [8.5, 12.5, 10.75, 14.75], "texture": "#texture"},
				"west": {"uv": [7.5, 12.5, 8.5, 14.75], "texture": "#texture"},
				"up": {"uv": [8.5, 7.5, 10.75, 8.5], "texture": "#texture"},
				"down": {"uv": [7.5, 8.5, 5.25, 7.5], "texture": "#texture"}
			}
		},
		{
			"from": [19, 6, 7],
			"to": [19.75, 10, 9],
			"rotation": {"angle": 0, "axis": "y", "origin": [4, 0, 0]},
			"faces": {
				"north": {"uv": [0.25, 6, 1, 10], "texture": "#texture"},
				"east": {"uv": [7, 6, 9, 10], "texture": "#texture"},
				"south": {"uv": [15, 6, 15.75, 10], "texture": "#texture"},
				"west": {"uv": [7, 6, 9, 10], "texture": "#texture"},
				"up": {"uv": [15, 7, 15.75, 9], "texture": "#texture"},
				"down": {"uv": [1, 9, 0.25, 7], "texture": "#texture"}
			}
		},
		{
			"from": [11.75, 9.5, 7.5],
			"to": [12.5, 11, 8.5],
			"rotation": {"angle": 0, "axis": "y", "origin": [4, 0, 0]},
			"faces": {
				"north": {"uv": [7.5, 5, 8.25, 6.5], "texture": "#texture"},
				"east": {"uv": [7.5, 5, 8.5, 6.5], "texture": "#texture"},
				"south": {"uv": [7.75, 5, 8.5, 6.5], "texture": "#texture"},
				"west": {"uv": [7.5, 5, 8.5, 6.5], "texture": "#texture"}
			}
		},
		{
			"from": [7, 10.75, 7.5],
			"to": [10.25, 11.25, 8.5],
			"rotation": {"angle": 0, "axis": "y", "origin": [4, 0, 0]},
			"faces": {
				"north": {"uv": [9.75, 4.75, 13, 5.25], "texture": "#texture"},
				"east": {"uv": [7.5, 4.75, 8.5, 5.25], "texture": "#texture"},
				"south": {"uv": [3, 4.75, 6.25, 5.25], "texture": "#texture"},
				"west": {"uv": [7.5, 4.75, 8.5, 5.25], "texture": "#texture"},
				"up": {"uv": [3, 7.5, 6.25, 8.5], "texture": "#texture"},
				"down": {"uv": [13, 8.5, 9.75, 7.5], "texture": "#texture"}
			}
		},
		{
			"from": [16.5, 9.5, 7],
			"to": [18.25, 9.75, 9],
			"rotation": {"angle": 0, "axis": "y", "origin": [4, 0, 0]},
			"faces": {
				"north": {"uv": [1.75, 6.25, 3.5, 6.5], "texture": "#texture"},
				"south": {"uv": [12.5, 6.25, 14.25, 6.5], "texture": "#texture"},
				"west": {"uv": [7, 6.25, 9, 6.5], "texture": "#texture"},
				"up": {"uv": [12.5, 7, 14.25, 9], "texture": "#texture"}
			}
		},
		{
			"from": [18.25, 9.5, 7],
			"to": [19, 10, 9],
			"rotation": {"angle": 0, "axis": "y", "origin": [4, 0, 0]},
			"faces": {
				"north": {"uv": [1, 6, 1.75, 6.5], "texture": "#texture"},
				"south": {"uv": [14.25, 6, 15, 6.5], "texture": "#texture"},
				"west": {"uv": [7, 6, 9, 6.5], "texture": "#texture"},
				"up": {"uv": [14.25, 7, 15, 9], "texture": "#texture"}
			}
		},
		{
			"from": [17.5, 6.75, 7],
			"to": [19, 7, 9],
			"rotation": {"angle": 0, "axis": "y", "origin": [4, 0, 0]},
			"faces": {
				"north": {"uv": [1, 9, 2.5, 9.25], "texture": "#texture"},
				"south": {"uv": [13.5, 9, 15, 9.25], "texture": "#texture"},
				"west": {"uv": [7, 9, 9, 9.25], "texture": "#texture"},
				"down": {"uv": [2.5, 9, 1, 7], "texture": "#texture"}
			}
		},
		{
			"from": [18, 6.5, 7],
			"to": [19, 6.75, 9],
			"rotation": {"angle": 0, "axis": "y", "origin": [4, 0, 0]},
			"faces": {
				"north": {"uv": [1, 9.25, 2, 9.5], "texture": "#texture"},
				"south": {"uv": [14, 9.25, 15, 9.5], "texture": "#texture"},
				"west": {"uv": [7, 9.25, 9, 9.5], "texture": "#texture"},
				"down": {"uv": [2, 9, 1, 7], "texture": "#texture"}
			}
		},
		{
			"from": [18.25, 6, 7],
			"to": [19, 6.5, 9],
			"rotation": {"angle": 0, "axis": "y", "origin": [4, 0, 0]},
			"faces": {
				"north": {"uv": [1, 9.5, 1.75, 10], "texture": "#texture"},
				"south": {"uv": [14.25, 9.5, 15, 10], "texture": "#texture"},
				"west": {"uv": [7, 9.5, 9, 10], "texture": "#texture"},
				"down": {"uv": [1.75, 9, 1, 7], "texture": "#texture"}
			}
		},
		{
			"from": [2.25, 9.75, 7.75],
			"to": [2.75, 10.75, 8.25],
			"rotation": {"angle": 22.5, "axis": "z", "origin": [2.25, 10.75, 7.75]},
			"faces": {
				"north": {"uv": [16, 5.25, 16, 6], "texture": "#texture", "cullface": "west"},
				"east": {"uv": [7.75, 5.25, 8.25, 6], "texture": "#texture", "cullface": "west"},
				"south": {"uv": [0, 5.25, 0, 6], "texture": "#texture", "cullface": "west"},
				"west": {"uv": [7.75, 5.25, 8.25, 6], "texture": "#texture", "cullface": "west"}
			}
		}
	],
	"display": {
		"thirdperson_righthand": {
			"rotation": [116.65, -89.01, 116.77],
			"translation": [0, 1, 0],
			"scale": [0.9, 0.9, 0.8]
		},
		"thirdperson_lefthand": {
			"rotation": [-116.65, 89.01, 116.77],
			"translation": [0, 1, 0],
			"scale": [0.9, 0.9, 0.8]
		},
		"firstperson_righthand": {
			"rotation": [47.07, -79.61, 24.79],
			"translation": [0, 3.5, -7.75]
		},
		"firstperson_lefthand": {
			"rotation": [-136.79, 78.54, 157.84],
			"translation": [2.25, 4.25, -9.25]
		},
		"gui": {
			"rotation": [0, 0, -45],
			"translation": [-0.75, 0.5, 0],
			"scale": [0.9, 0.9, 1]
		},
		"head": {
			"translation": [0, 7.5, 0]
		},
		"fixed": {
			"rotation": [0, 180, -45],
			"translation": [-2.65, -2.2, -1.1],
			"scale": [1.15, 1.15, 1.15]
		}
	}
}