{
	"credit": "https://www.youtube.com/c/ZeroCaty",
	"textures": {
		"texture": "zcbm/gui/upper_section_zcbm_furnace_noenergy"
	},
	"elements": [
		{
			"from": [-16, -16, 15.9375],
			"to": [32, 32, 16],
			"faces": {
				"north": {"uv": [11, 16, 0, 5], "rotation": 180, "texture": "#texture"},
				"south": {"uv": [0, 5, 11, 16], "texture": "#texture"}
			}
		}
	],
	"display": {
		"gui": {
			"translation": [72, 29, -80],
			"scale": [3.66, 3.66, 3.66]
		},
		"ground": {
			"scale": [0, 0, 0]
		}
	}
}