{
	"credit": "https://www.youtube.com/c/ZeroCaty",
	"textures": {
		"0": "zcbm/magic/ancient/allparts",
		"particle": "zcbm/magic/ancient/allparts"
	},
	"elements": [
		{
			"from": [13.865, 4.43, 7.184],
			"to": [14.885, 7.49, 8.816],
			"rotation": {"angle": -22.5, "axis": "x", "origin": [13.865, 10.04, 8]},
			"faces": {
				"north": {"uv": [1.25, 1.25, 6.75, 6.75], "texture": "#0"},
				"east": {"uv": [1.25, 1.25, 6.75, 6.75], "texture": "#0"},
				"south": {"uv": [1.25, 1.25, 6.75, 6.75], "texture": "#0"},
				"west": {"uv": [1.25, 1.25, 6.75, 6.75], "texture": "#0"},
				"up": {"uv": [1.25, 1.25, 6.75, 6.75], "texture": "#0"},
				"down": {"uv": [1.25, 1.25, 6.75, 6.75], "texture": "#0"}
			}
		},
		{
			"from": [14.88502, 3.63649, 8.89836],
			"to": [15.34402, 6.33949, 10.53037],
			"rotation": {"angle": 22.5, "axis": "x", "origin": [13.86502, 5.16649, 9.56137]},
			"faces": {
				"north": {"uv": [8, 8, 9.5, 16], "texture": "#0"},
				"east": {"uv": [8, 8, 9.5, 16], "texture": "#0"},
				"south": {"uv": [8, 8, 9.5, 16], "texture": "#0"},
				"west": {"uv": [8, 8, 9.5, 16], "texture": "#0"},
				"up": {"uv": [8, 8, 9.5, 16], "texture": "#0"},
				"down": {"uv": [8, 8, 9.5, 16], "texture": "#0"}
			}
		},
		{
			"from": [13.355, 6.98, 6.98],
			"to": [15.395, 11.06, 9.02],
			"rotation": {"angle": -22.5, "axis": "x", "origin": [13.865, 10.04, 8]},
			"faces": {
				"north": {"uv": [1.25, 1.25, 6.75, 6.75], "texture": "#0"},
				"east": {"uv": [1.25, 1.25, 6.75, 6.75], "texture": "#0"},
				"south": {"uv": [1.25, 1.25, 6.75, 6.75], "texture": "#0"},
				"west": {"uv": [1.25, 1.25, 6.75, 6.75], "texture": "#0"},
				"up": {"uv": [1.25, 1.25, 6.75, 6.75], "texture": "#0"},
				"down": {"uv": [1.25, 1.25, 6.75, 6.75], "texture": "#0"}
			}
		},
		{
			"from": [13.40602, 3.63649, 8.89836],
			"to": [13.86502, 6.33949, 10.53037],
			"rotation": {"angle": 22.5, "axis": "x", "origin": [13.86502, 5.16649, 9.56137]},
			"faces": {
				"north": {"uv": [8, 8, 9.5, 16], "texture": "#0"},
				"east": {"uv": [8, 8, 9.5, 16], "texture": "#0"},
				"south": {"uv": [8, 8, 9.5, 16], "texture": "#0"},
				"west": {"uv": [8, 8, 9.5, 16], "texture": "#0"},
				"up": {"uv": [8, 8, 9.5, 16], "texture": "#0"},
				"down": {"uv": [8, 8, 9.5, 16], "texture": "#0"}
			}
		},
		{
			"from": [13.16217, 5.00433, 9.35482],
			"to": [15.61017, 6.02433, 10.37482],
			"rotation": {"angle": 22.5, "axis": "x", "origin": [14.38617, 5.51433, 9.86482]},
			"faces": {
				"north": {"uv": [8, 8, 9.5, 16], "rotation": 90, "texture": "#0"},
				"east": {"uv": [0, 8, 8, 16], "rotation": 90, "texture": "#0"},
				"south": {"uv": [8, 8, 9.5, 16], "rotation": 90, "texture": "#0"},
				"west": {"uv": [0, 8, 8, 16], "rotation": 90, "texture": "#0"},
				"up": {"uv": [8, 8, 9.5, 16], "rotation": 90, "texture": "#0"},
				"down": {"uv": [8, 8, 9.5, 16], "rotation": 90, "texture": "#0"}
			}
		},
		{
			"from": [13.35502, 0.93349, 8.69437],
			"to": [15.39502, 3.63649, 10.73436],
			"rotation": {"angle": 22.5, "axis": "x", "origin": [13.86502, 5.16649, 9.56137]},
			"faces": {
				"north": {"uv": [1.25, 1.25, 6.75, 6.75], "texture": "#0"},
				"east": {"uv": [1.25, 1.25, 6.75, 6.75], "texture": "#0"},
				"south": {"uv": [1.25, 1.25, 6.75, 6.75], "texture": "#0"},
				"west": {"uv": [1.25, 1.25, 6.75, 6.75], "texture": "#0"},
				"up": {"uv": [1.25, 1.25, 6.75, 6.75], "texture": "#0"},
				"down": {"uv": [1.25, 1.25, 6.75, 6.75], "texture": "#0"}
			}
		},
		{
			"from": [13.55902, -0.90251, 8.74537],
			"to": [13.96702, 0.98449, 9.56137],
			"rotation": {"angle": 22.5, "axis": "x", "origin": [13.86502, 5.16649, 9.56137]},
			"faces": {
				"north": {"uv": [1.25, 1.25, 6.75, 6.75], "texture": "#0"},
				"east": {"uv": [1.25, 1.25, 6.75, 6.75], "texture": "#0"},
				"south": {"uv": [1.25, 1.25, 6.75, 6.75], "texture": "#0"},
				"west": {"uv": [1.25, 1.25, 6.75, 6.75], "texture": "#0"},
				"up": {"uv": [1.25, 1.25, 6.75, 6.75], "texture": "#0"},
				"down": {"uv": [1.25, 1.25, 6.75, 6.75], "texture": "#0"}
			}
		},
		{
			"from": [13.41295, -2.11111, 7.20894],
			"to": [15.35177, -0.71758, 8.4207],
			"rotation": {"angle": -22.5, "axis": "x", "origin": [14.38236, -2.08081, 7.33012]},
			"faces": {
				"north": {"uv": [1.25, 1.25, 6.75, 6.75], "texture": "#0"},
				"east": {"uv": [1.25, 1.25, 6.75, 6.75], "texture": "#0"},
				"south": {"uv": [1.25, 1.25, 6.75, 6.75], "texture": "#0"},
				"west": {"uv": [1.25, 1.25, 6.75, 6.75], "texture": "#0"},
				"up": {"uv": [1.25, 1.25, 6.75, 6.75], "texture": "#0"},
				"down": {"uv": [1.25, 1.25, 6.75, 6.75], "texture": "#0"}
			}
		},
		{
			"from": [13.96804, -1.88477, 7.29926],
			"to": [14.78404, 0.41023, 8.21726],
			"rotation": {"angle": -22.5, "axis": "x", "origin": [14.37604, -1.85927, 7.35026]},
			"faces": {
				"north": {"uv": [1.25, 1.25, 6.75, 6.75], "texture": "#0"},
				"east": {"uv": [1.25, 1.25, 6.75, 6.75], "texture": "#0"},
				"south": {"uv": [1.25, 1.25, 6.75, 6.75], "texture": "#0"},
				"west": {"uv": [1.25, 1.25, 6.75, 6.75], "texture": "#0"},
				"up": {"uv": [1.25, 1.25, 6.75, 6.75], "texture": "#0"},
				"down": {"uv": [1.25, 1.25, 6.75, 6.75], "texture": "#0"}
			}
		},
		{
			"from": [14.78302, -0.90251, 8.74537],
			"to": [15.19102, 0.98449, 9.56137],
			"rotation": {"angle": 22.5, "axis": "x", "origin": [13.86502, 5.16649, 9.56137]},
			"faces": {
				"north": {"uv": [1.25, 1.25, 6.75, 6.75], "texture": "#0"},
				"east": {"uv": [1.25, 1.25, 6.75, 6.75], "texture": "#0"},
				"south": {"uv": [1.25, 1.25, 6.75, 6.75], "texture": "#0"},
				"west": {"uv": [1.25, 1.25, 6.75, 6.75], "texture": "#0"},
				"up": {"uv": [1.25, 1.25, 6.75, 6.75], "texture": "#0"},
				"down": {"uv": [1.25, 1.25, 6.75, 6.75], "texture": "#0"}
			}
		},
		{
			"from": [13.35213, -0.20619, 6.76697],
			"to": [15.39213, 0.20181, 7.17497],
			"rotation": {"angle": 22.5, "axis": "x", "origin": [14.37213, -0.00219, 6.97097]},
			"faces": {
				"north": {"uv": [8, 8, 9.5, 16], "rotation": 270, "texture": "#0"},
				"east": {"uv": [0, 8, 8, 16], "rotation": 180, "texture": "#0"},
				"south": {"uv": [8, 8, 9.5, 16], "rotation": 90, "texture": "#0"},
				"west": {"uv": [0, 8, 8, 16], "texture": "#0"},
				"up": {"uv": [8, 8, 9.5, 16], "rotation": 90, "texture": "#0"},
				"down": {"uv": [8, 8, 9.5, 16], "rotation": 270, "texture": "#0"}
			}
		},
		{
			"from": [14.26119, -3.50463, 7.20894],
			"to": [14.50354, -2.11111, 8.17835],
			"rotation": {"angle": -22.5, "axis": "x", "origin": [14.38236, -2.08081, 7.33012]},
			"faces": {
				"north": {"uv": [8, 8, 9.5, 16], "texture": "#0"},
				"east": {"uv": [8, 8, 9.5, 16], "texture": "#0"},
				"south": {"uv": [8, 8, 9.5, 16], "texture": "#0"},
				"west": {"uv": [8, 8, 9.5, 16], "texture": "#0"},
				"up": {"uv": [8, 8, 9.5, 16], "texture": "#0"},
				"down": {"uv": [8, 8, 9.5, 16], "texture": "#0"}
			}
		},
		{
			"from": [14.32471, -3.44103, 7.80955],
			"to": [14.44589, -2.71398, 10.0513],
			"rotation": {"angle": 22.5, "axis": "x", "origin": [14.3853, -3.31986, 7.77925]},
			"faces": {
				"north": {"uv": [8, 8, 9.5, 16], "rotation": 90, "texture": "#0"},
				"east": {"uv": [8, 8, 9.5, 16], "rotation": 90, "texture": "#0"},
				"south": {"uv": [8, 8, 9.5, 16], "rotation": 90, "texture": "#0"},
				"west": {"uv": [8, 8, 9.5, 16], "rotation": 90, "texture": "#0"},
				"up": {"uv": [8, 8, 9.5, 16], "rotation": 90, "texture": "#0"},
				"down": {"uv": [8, 8, 9.5, 16], "rotation": 90, "texture": "#0"}
			}
		},
		{
			"from": [14.98824, -3.50463, 7.20894],
			"to": [15.23059, -2.11111, 8.17835],
			"rotation": {"angle": -22.5, "axis": "x", "origin": [15.10942, -2.08081, 7.33012]},
			"faces": {
				"north": {"uv": [8, 8, 9.5, 16], "texture": "#0"},
				"east": {"uv": [8, 8, 9.5, 16], "texture": "#0"},
				"south": {"uv": [8, 8, 9.5, 16], "texture": "#0"},
				"west": {"uv": [8, 8, 9.5, 16], "texture": "#0"},
				"up": {"uv": [8, 8, 9.5, 16], "texture": "#0"},
				"down": {"uv": [8, 8, 9.5, 16], "texture": "#0"}
			}
		},
		{
			"from": [15.05177, -3.44103, 7.80955],
			"to": [15.17295, -2.71398, 10.0513],
			"rotation": {"angle": 22.5, "axis": "x", "origin": [15.11236, -3.31986, 7.77925]},
			"faces": {
				"north": {"uv": [8, 8, 9.5, 16], "rotation": 90, "texture": "#0"},
				"east": {"uv": [8, 8, 9.5, 16], "rotation": 90, "texture": "#0"},
				"south": {"uv": [8, 8, 9.5, 16], "rotation": 90, "texture": "#0"},
				"west": {"uv": [8, 8, 9.5, 16], "rotation": 90, "texture": "#0"},
				"up": {"uv": [8, 8, 9.5, 16], "rotation": 90, "texture": "#0"},
				"down": {"uv": [8, 8, 9.5, 16], "rotation": 90, "texture": "#0"}
			}
		},
		{
			"from": [13.53413, -3.50463, 7.20894],
			"to": [13.77648, -2.11111, 8.17835],
			"rotation": {"angle": -22.5, "axis": "x", "origin": [13.65531, -2.08081, 7.33012]},
			"faces": {
				"north": {"uv": [8, 8, 9.5, 16], "texture": "#0"},
				"east": {"uv": [8, 8, 9.5, 16], "texture": "#0"},
				"south": {"uv": [8, 8, 9.5, 16], "texture": "#0"},
				"west": {"uv": [8, 8, 9.5, 16], "texture": "#0"},
				"up": {"uv": [8, 8, 9.5, 16], "texture": "#0"},
				"down": {"uv": [8, 8, 9.5, 16], "texture": "#0"}
			}
		},
		{
			"from": [13.59766, -3.44103, 7.80955],
			"to": [13.71883, -2.71398, 10.0513],
			"rotation": {"angle": 22.5, "axis": "x", "origin": [13.65825, -3.31986, 7.77925]},
			"faces": {
				"north": {"uv": [8, 8, 9.5, 16], "rotation": 90, "texture": "#0"},
				"east": {"uv": [8, 8, 9.5, 16], "rotation": 90, "texture": "#0"},
				"south": {"uv": [8, 8, 9.5, 16], "rotation": 90, "texture": "#0"},
				"west": {"uv": [8, 8, 9.5, 16], "rotation": 90, "texture": "#0"},
				"up": {"uv": [8, 8, 9.5, 16], "rotation": 90, "texture": "#0"},
				"down": {"uv": [8, 8, 9.5, 16], "rotation": 90, "texture": "#0"}
			}
		},
		{
			"from": [13.185, 9.19, 7.32],
			"to": [15.565, 10.55, 8.68],
			"rotation": {"angle": -22.5, "axis": "x", "origin": [13.865, 10.04, 8]},
			"faces": {
				"north": {"uv": [8, 8, 9.5, 16], "rotation": 90, "texture": "#0"},
				"east": {"uv": [0, 8, 8, 16], "rotation": 90, "texture": "#0"},
				"south": {"uv": [8, 8, 9.5, 16], "rotation": 90, "texture": "#0"},
				"west": {"uv": [0, 8, 8, 16], "rotation": 90, "texture": "#0"},
				"up": {"uv": [8, 8, 9.5, 16], "rotation": 90, "texture": "#0"},
				"down": {"uv": [8, 8, 9.5, 16], "rotation": 90, "texture": "#0"}
			}
		}
	],
	"display": {
		"thirdperson_righthand": {
			"rotation": [100, 0, 0],
			"translation": [-13, -1, 5.5],
			"scale": [2.5, 2.5, 2.5]
		}
	},
	"groups": [
		{
			"name": "arm1",
			"children": [0, 1, 2, 3, 4, 5, 6, 7, 8, 9, 10, 11, 12, 13, 14, 15, 16, 17]
		}
	]
}