{
	"credit": "https://www.youtube.com/c/ZeroCaty",
	"textures": {
		"0": "zcbm/magic/ancient/allparts",
		"particle": "zcbm/magic/ancient/allparts"
	},
	"elements": [
		{
			"from": [1.115, 4.43, 7.184],
			"to": [2.135, 7.49, 8.816],
			"rotation": {"angle": -22.5, "axis": "x", "origin": [2.135, 10.04, 8]},
			"faces": {
				"north": {"uv": [6.75, 1.25, 1.25, 6.75], "texture": "#0"},
				"east": {"uv": [6.75, 1.25, 1.25, 6.75], "texture": "#0"},
				"south": {"uv": [6.75, 1.25, 1.25, 6.75], "texture": "#0"},
				"west": {"uv": [6.75, 1.25, 1.25, 6.75], "texture": "#0"},
				"up": {"uv": [6.75, 1.25, 1.25, 6.75], "texture": "#0"},
				"down": {"uv": [6.75, 1.25, 1.25, 6.75], "texture": "#0"}
			}
		},
		{
			"from": [0.65598, 3.63649, 8.89836],
			"to": [1.11498, 6.33949, 10.53037],
			"rotation": {"angle": 22.5, "axis": "x", "origin": [2.13498, 5.16649, 9.56137]},
			"faces": {
				"north": {"uv": [9.5, 8, 8, 16], "texture": "#0"},
				"east": {"uv": [9.5, 8, 8, 16], "texture": "#0"},
				"south": {"uv": [9.5, 8, 8, 16], "texture": "#0"},
				"west": {"uv": [9.5, 8, 8, 16], "texture": "#0"},
				"up": {"uv": [9.5, 8, 8, 16], "texture": "#0"},
				"down": {"uv": [9.5, 8, 8, 16], "texture": "#0"}
			}
		},
		{
			"from": [0.605, 6.98, 6.98],
			"to": [2.645, 11.06, 9.02],
			"rotation": {"angle": -22.5, "axis": "x", "origin": [2.135, 10.04, 8]},
			"faces": {
				"north": {"uv": [6.75, 1.25, 1.25, 6.75], "texture": "#0"},
				"east": {"uv": [6.75, 1.25, 1.25, 6.75], "texture": "#0"},
				"south": {"uv": [6.75, 1.25, 1.25, 6.75], "texture": "#0"},
				"west": {"uv": [6.75, 1.25, 1.25, 6.75], "texture": "#0"},
				"up": {"uv": [6.75, 1.25, 1.25, 6.75], "texture": "#0"},
				"down": {"uv": [6.75, 1.25, 1.25, 6.75], "texture": "#0"}
			}
		},
		{
			"from": [2.13498, 3.63649, 8.89836],
			"to": [2.59398, 6.33949, 10.53037],
			"rotation": {"angle": 22.5, "axis": "x", "origin": [2.13498, 5.16649, 9.56137]},
			"faces": {
				"north": {"uv": [9.5, 8, 8, 16], "texture": "#0"},
				"east": {"uv": [9.5, 8, 8, 16], "texture": "#0"},
				"south": {"uv": [9.5, 8, 8, 16], "texture": "#0"},
				"west": {"uv": [9.5, 8, 8, 16], "texture": "#0"},
				"up": {"uv": [9.5, 8, 8, 16], "texture": "#0"},
				"down": {"uv": [9.5, 8, 8, 16], "texture": "#0"}
			}
		},
		{
			"from": [0.38983, 5.00433, 9.35482],
			"to": [2.83783, 6.02433, 10.37482],
			"rotation": {"angle": 22.5, "axis": "x", "origin": [1.61383, 5.51433, 9.86482]},
			"faces": {
				"north": {"uv": [8, 16, 9.5, 8], "rotation": 90, "texture": "#0"},
				"east": {"uv": [0, 16, 8, 8], "rotation": 90, "texture": "#0"},
				"south": {"uv": [8, 16, 9.5, 8], "rotation": 90, "texture": "#0"},
				"west": {"uv": [0, 16, 8, 8], "rotation": 90, "texture": "#0"},
				"up": {"uv": [8, 16, 9.5, 8], "rotation": 90, "texture": "#0"},
				"down": {"uv": [8, 16, 9.5, 8], "rotation": 90, "texture": "#0"}
			}
		},
		{
			"from": [0.60498, 0.93349, 8.69437],
			"to": [2.64498, 3.63649, 10.73436],
			"rotation": {"angle": 22.5, "axis": "x", "origin": [2.13498, 5.16649, 9.56137]},
			"faces": {
				"north": {"uv": [6.75, 1.25, 1.25, 6.75], "texture": "#0"},
				"east": {"uv": [6.75, 1.25, 1.25, 6.75], "texture": "#0"},
				"south": {"uv": [6.75, 1.25, 1.25, 6.75], "texture": "#0"},
				"west": {"uv": [6.75, 1.25, 1.25, 6.75], "texture": "#0"},
				"up": {"uv": [6.75, 1.25, 1.25, 6.75], "texture": "#0"},
				"down": {"uv": [6.75, 1.25, 1.25, 6.75], "texture": "#0"}
			}
		},
		{
			"from": [2.03298, -0.90251, 8.74537],
			"to": [2.44098, 0.98449, 9.56137],
			"rotation": {"angle": 22.5, "axis": "x", "origin": [2.13498, 5.16649, 9.56137]},
			"faces": {
				"north": {"uv": [6.75, 1.25, 1.25, 6.75], "texture": "#0"},
				"east": {"uv": [6.75, 1.25, 1.25, 6.75], "texture": "#0"},
				"south": {"uv": [6.75, 1.25, 1.25, 6.75], "texture": "#0"},
				"west": {"uv": [6.75, 1.25, 1.25, 6.75], "texture": "#0"},
				"up": {"uv": [6.75, 1.25, 1.25, 6.75], "texture": "#0"},
				"down": {"uv": [6.75, 1.25, 1.25, 6.75], "texture": "#0"}
			}
		},
		{
			"from": [0.64823, -2.11111, 7.20894],
			"to": [2.58705, -0.71758, 8.4207],
			"rotation": {"angle": -22.5, "axis": "x", "origin": [1.61764, -2.08081, 7.33012]},
			"faces": {
				"north": {"uv": [6.75, 1.25, 1.25, 6.75], "texture": "#0"},
				"east": {"uv": [6.75, 1.25, 1.25, 6.75], "texture": "#0"},
				"south": {"uv": [6.75, 1.25, 1.25, 6.75], "texture": "#0"},
				"west": {"uv": [6.75, 1.25, 1.25, 6.75], "texture": "#0"},
				"up": {"uv": [6.75, 1.25, 1.25, 6.75], "texture": "#0"},
				"down": {"uv": [6.75, 1.25, 1.25, 6.75], "texture": "#0"}
			}
		},
		{
			"from": [1.21596, -1.88477, 7.29926],
			"to": [2.03196, 0.41023, 8.21726],
			"rotation": {"angle": -22.5, "axis": "x", "origin": [1.62396, -1.85927, 7.35026]},
			"faces": {
				"north": {"uv": [6.75, 1.25, 1.25, 6.75], "texture": "#0"},
				"east": {"uv": [6.75, 1.25, 1.25, 6.75], "texture": "#0"},
				"south": {"uv": [6.75, 1.25, 1.25, 6.75], "texture": "#0"},
				"west": {"uv": [6.75, 1.25, 1.25, 6.75], "texture": "#0"},
				"up": {"uv": [6.75, 1.25, 1.25, 6.75], "texture": "#0"},
				"down": {"uv": [6.75, 1.25, 1.25, 6.75], "texture": "#0"}
			}
		},
		{
			"from": [0.80898, -0.90251, 8.74537],
			"to": [1.21698, 0.98449, 9.56137],
			"rotation": {"angle": 22.5, "axis": "x", "origin": [2.13498, 5.16649, 9.56137]},
			"faces": {
				"north": {"uv": [6.75, 1.25, 1.25, 6.75], "texture": "#0"},
				"east": {"uv": [6.75, 1.25, 1.25, 6.75], "texture": "#0"},
				"south": {"uv": [6.75, 1.25, 1.25, 6.75], "texture": "#0"},
				"west": {"uv": [6.75, 1.25, 1.25, 6.75], "texture": "#0"},
				"up": {"uv": [6.75, 1.25, 1.25, 6.75], "texture": "#0"},
				"down": {"uv": [6.75, 1.25, 1.25, 6.75], "texture": "#0"}
			}
		},
		{
			"from": [0.60787, -0.20619, 6.76697],
			"to": [2.64787, 0.20181, 7.17497],
			"rotation": {"angle": 22.5, "axis": "x", "origin": [1.62787, -0.00219, 6.97097]},
			"faces": {
				"north": {"uv": [8, 16, 9.5, 8], "rotation": 270, "texture": "#0"},
				"east": {"uv": [8, 8, 0, 16], "texture": "#0"},
				"south": {"uv": [8, 16, 9.5, 8], "rotation": 90, "texture": "#0"},
				"west": {"uv": [8, 8, 0, 16], "rotation": 180, "texture": "#0"},
				"up": {"uv": [8, 16, 9.5, 8], "rotation": 90, "texture": "#0"},
				"down": {"uv": [8, 16, 9.5, 8], "rotation": 270, "texture": "#0"}
			}
		},
		{
			"from": [1.49646, -3.50463, 7.20894],
			"to": [1.73881, -2.11111, 8.17835],
			"rotation": {"angle": -22.5, "axis": "x", "origin": [1.61764, -2.08081, 7.33012]},
			"faces": {
				"north": {"uv": [9.5, 8, 8, 16], "texture": "#0"},
				"east": {"uv": [9.5, 8, 8, 16], "texture": "#0"},
				"south": {"uv": [9.5, 8, 8, 16], "texture": "#0"},
				"west": {"uv": [9.5, 8, 8, 16], "texture": "#0"},
				"up": {"uv": [9.5, 8, 8, 16], "texture": "#0"},
				"down": {"uv": [9.5, 8, 8, 16], "texture": "#0"}
			}
		},
		{
			"from": [1.55411, -3.44103, 7.80955],
			"to": [1.67529, -2.71398, 10.0513],
			"rotation": {"angle": 22.5, "axis": "x", "origin": [1.6147, -3.31986, 7.77925]},
			"faces": {
				"north": {"uv": [8, 16, 9.5, 8], "rotation": 90, "texture": "#0"},
				"east": {"uv": [8, 16, 9.5, 8], "rotation": 90, "texture": "#0"},
				"south": {"uv": [8, 16, 9.5, 8], "rotation": 90, "texture": "#0"},
				"west": {"uv": [8, 16, 9.5, 8], "rotation": 90, "texture": "#0"},
				"up": {"uv": [8, 16, 9.5, 8], "rotation": 90, "texture": "#0"},
				"down": {"uv": [8, 16, 9.5, 8], "rotation": 90, "texture": "#0"}
			}
		},
		{
			"from": [0.76941, -3.50463, 7.20894],
			"to": [1.01176, -2.11111, 8.17835],
			"rotation": {"angle": -22.5, "axis": "x", "origin": [0.89058, -2.08081, 7.33012]},
			"faces": {
				"north": {"uv": [9.5, 8, 8, 16], "texture": "#0"},
				"east": {"uv": [9.5, 8, 8, 16], "texture": "#0"},
				"south": {"uv": [9.5, 8, 8, 16], "texture": "#0"},
				"west": {"uv": [9.5, 8, 8, 16], "texture": "#0"},
				"up": {"uv": [9.5, 8, 8, 16], "texture": "#0"},
				"down": {"uv": [9.5, 8, 8, 16], "texture": "#0"}
			}
		},
		{
			"from": [0.82705, -3.44103, 7.80955],
			"to": [0.94823, -2.71398, 10.0513],
			"rotation": {"angle": 22.5, "axis": "x", "origin": [0.88764, -3.31986, 7.77925]},
			"faces": {
				"north": {"uv": [8, 16, 9.5, 8], "rotation": 90, "texture": "#0"},
				"east": {"uv": [8, 16, 9.5, 8], "rotation": 90, "texture": "#0"},
				"south": {"uv": [8, 16, 9.5, 8], "rotation": 90, "texture": "#0"},
				"west": {"uv": [8, 16, 9.5, 8], "rotation": 90, "texture": "#0"},
				"up": {"uv": [8, 16, 9.5, 8], "rotation": 90, "texture": "#0"},
				"down": {"uv": [8, 16, 9.5, 8], "rotation": 90, "texture": "#0"}
			}
		},
		{
			"from": [2.22352, -3.50463, 7.20894],
			"to": [2.46587, -2.11111, 8.17835],
			"rotation": {"angle": -22.5, "axis": "x", "origin": [2.34469, -2.08081, 7.33012]},
			"faces": {
				"north": {"uv": [9.5, 8, 8, 16], "texture": "#0"},
				"east": {"uv": [9.5, 8, 8, 16], "texture": "#0"},
				"south": {"uv": [9.5, 8, 8, 16], "texture": "#0"},
				"west": {"uv": [9.5, 8, 8, 16], "texture": "#0"},
				"up": {"uv": [9.5, 8, 8, 16], "texture": "#0"},
				"down": {"uv": [9.5, 8, 8, 16], "texture": "#0"}
			}
		},
		{
			"from": [2.28117, -3.44103, 7.80955],
			"to": [2.40234, -2.71398, 10.0513],
			"rotation": {"angle": 22.5, "axis": "x", "origin": [2.34175, -3.31986, 7.77925]},
			"faces": {
				"north": {"uv": [8, 16, 9.5, 8], "rotation": 90, "texture": "#0"},
				"east": {"uv": [8, 16, 9.5, 8], "rotation": 90, "texture": "#0"},
				"south": {"uv": [8, 16, 9.5, 8], "rotation": 90, "texture": "#0"},
				"west": {"uv": [8, 16, 9.5, 8], "rotation": 90, "texture": "#0"},
				"up": {"uv": [8, 16, 9.5, 8], "rotation": 90, "texture": "#0"},
				"down": {"uv": [8, 16, 9.5, 8], "rotation": 90, "texture": "#0"}
			}
		},
		{
			"from": [0.435, 9.19, 7.32],
			"to": [2.815, 10.55, 8.68],
			"rotation": {"angle": -22.5, "axis": "x", "origin": [2.135, 10.04, 8]},
			"faces": {
				"north": {"uv": [8, 16, 9.5, 8], "rotation": 90, "texture": "#0"},
				"east": {"uv": [0, 16, 8, 8], "rotation": 90, "texture": "#0"},
				"south": {"uv": [8, 16, 9.5, 8], "rotation": 90, "texture": "#0"},
				"west": {"uv": [0, 16, 8, 8], "rotation": 90, "texture": "#0"},
				"up": {"uv": [8, 16, 9.5, 8], "rotation": 90, "texture": "#0"},
				"down": {"uv": [8, 16, 9.5, 8], "rotation": 90, "texture": "#0"}
			}
		}
	],
	"display": {
		"thirdperson_lefthand": {
			"rotation": [100, 0, 0],
			"translation": [-13, -1, 5.5],
			"scale": [2.5, 2.5, 2.5]
		}
	},
	"groups": [
		{
			"name": "arm1",
			"children": [0, 1, 2, 3, 4, 5, 6, 7, 8, 9, 10, 11, 12, 13, 14, 15, 16, 17]
		}
	]
}