{
	"credit": "Made with Blockbench",
	"textures": {
		"0": "zcbm/magic/ancient/allparts",
		"1": "zcbm/magic/ancient/crystal",
		"particle": "zcbm/magic/ancient/allparts"
	},
	"elements": [
		{
			"from": [6.47, 4.6, 6.3],
			"to": [9.53, 8, 11.4],
			"rotation": {"angle": -45, "axis": "x", "origin": [8, 7.15, 7.15]},
			"faces": {
				"north": {"uv": [1.25, 1.25, 6.75, 6.75], "texture": "#0"},
				"east": {"uv": [1.25, 1.25, 6.75, 6.75], "texture": "#0"},
				"south": {"uv": [1.25, 1.25, 6.75, 6.75], "texture": "#0"},
				"west": {"uv": [1.25, 1.25, 6.75, 6.75], "texture": "#0"},
				"up": {"uv": [1.25, 1.25, 6.75, 6.75], "texture": "#0"},
				"down": {"uv": [1.25, 1.25, 6.75, 6.75], "texture": "#0"}
			}
		},
		{
			"from": [6.47, -0.925, 8],
			"to": [9.53, 2.475, 11.4],
			"rotation": {"angle": -22.5, "axis": "x", "origin": [8, 7.15, 7.15]},
			"faces": {
				"north": {"uv": [1.25, 1.25, 6.75, 6.75], "texture": "#0"},
				"east": {"uv": [1.25, 1.25, 6.75, 6.75], "texture": "#0"},
				"south": {"uv": [1.25, 1.25, 6.75, 6.75], "texture": "#0"},
				"west": {"uv": [1.25, 1.25, 6.75, 6.75], "texture": "#0"},
				"up": {"uv": [1.25, 1.25, 6.75, 6.75], "texture": "#0"},
				"down": {"uv": [1.25, 1.25, 6.75, 6.75], "texture": "#0"}
			}
		},
		{
			"from": [6.895, 2.135, 6.725],
			"to": [7.405, 4.685, 7.235],
			"rotation": {"angle": -45, "axis": "x", "origin": [8, 7.15, 7.15]},
			"faces": {
				"north": {"uv": [8, 8, 9.5, 16], "texture": "#0"},
				"east": {"uv": [8, 8, 9.5, 16], "texture": "#0"},
				"south": {"uv": [8, 8, 9.5, 16], "texture": "#0"},
				"west": {"uv": [8, 8, 9.5, 16], "texture": "#0"},
				"up": {"uv": [8, 8, 9.5, 16], "texture": "#0"},
				"down": {"uv": [8, 8, 9.5, 16], "texture": "#0"}
			}
		},
		{
			"from": [6.725, 1.71, 6.555],
			"to": [7.575, 2.56, 7.405],
			"rotation": {"angle": -45, "axis": "x", "origin": [8, 7.15, 7.15]},
			"faces": {
				"north": {"uv": [8, 8, 9.5, 16], "rotation": 90, "texture": "#0"},
				"east": {"uv": [0, 8, 8, 16], "rotation": 90, "texture": "#0"},
				"south": {"uv": [8, 8, 9.5, 16], "rotation": 90, "texture": "#0"},
				"west": {"uv": [0, 8, 8, 16], "rotation": 90, "texture": "#0"},
				"up": {"uv": [8, 8, 9.5, 16], "rotation": 90, "texture": "#0"},
				"down": {"uv": [8, 8, 9.5, 16], "rotation": 90, "texture": "#0"}
			}
		},
		{
			"from": [6.725, 4.26, 6.555],
			"to": [7.575, 5.11, 7.405],
			"rotation": {"angle": -45, "axis": "x", "origin": [8, 7.15, 7.15]},
			"faces": {
				"north": {"uv": [8, 8, 9.5, 16], "rotation": 90, "texture": "#0"},
				"east": {"uv": [0, 8, 8, 16], "rotation": 90, "texture": "#0"},
				"south": {"uv": [8, 8, 9.5, 16], "rotation": 90, "texture": "#0"},
				"west": {"uv": [0, 8, 8, 16], "rotation": 90, "texture": "#0"},
				"up": {"uv": [8, 8, 9.5, 16], "rotation": 90, "texture": "#0"},
				"down": {"uv": [8, 8, 9.5, 16], "rotation": 90, "texture": "#0"}
			}
		},
		{
			"from": [8.425, 1.71, 6.555],
			"to": [9.275, 2.56, 7.405],
			"rotation": {"angle": -45, "axis": "x", "origin": [8, 7.15, 7.15]},
			"faces": {
				"north": {"uv": [8, 8, 9.5, 16], "rotation": 90, "texture": "#0"},
				"east": {"uv": [0, 8, 8, 16], "rotation": 90, "texture": "#0"},
				"south": {"uv": [8, 8, 9.5, 16], "rotation": 90, "texture": "#0"},
				"west": {"uv": [0, 8, 8, 16], "rotation": 90, "texture": "#0"},
				"up": {"uv": [8, 8, 9.5, 16], "rotation": 90, "texture": "#0"},
				"down": {"uv": [8, 8, 9.5, 16], "rotation": 90, "texture": "#0"}
			}
		},
		{
			"from": [8.595, 2.135, 6.725],
			"to": [9.105, 4.685, 7.235],
			"rotation": {"angle": -45, "axis": "x", "origin": [8, 7.15, 7.15]},
			"faces": {
				"north": {"uv": [8, 8, 9.5, 16], "texture": "#0"},
				"east": {"uv": [8, 8, 9.5, 16], "texture": "#0"},
				"south": {"uv": [8, 8, 9.5, 16], "texture": "#0"},
				"west": {"uv": [8, 8, 9.5, 16], "texture": "#0"},
				"up": {"uv": [8, 8, 9.5, 16], "texture": "#0"},
				"down": {"uv": [8, 8, 9.5, 16], "texture": "#0"}
			}
		},
		{
			"from": [8.425, 4.26, 6.555],
			"to": [9.275, 5.11, 7.405],
			"rotation": {"angle": -45, "axis": "x", "origin": [8, 7.15, 7.15]},
			"faces": {
				"north": {"uv": [8, 8, 9.5, 16], "rotation": 90, "texture": "#0"},
				"east": {"uv": [0, 8, 8, 16], "rotation": 90, "texture": "#0"},
				"south": {"uv": [8, 8, 9.5, 16], "rotation": 90, "texture": "#0"},
				"west": {"uv": [0, 8, 8, 16], "rotation": 90, "texture": "#0"},
				"up": {"uv": [8, 8, 9.5, 16], "rotation": 90, "texture": "#0"},
				"down": {"uv": [8, 8, 9.5, 16], "rotation": 90, "texture": "#0"}
			}
		},
		{
			"from": [6.725, 3.495, 11.825],
			"to": [7.575, 4.345, 12.675],
			"faces": {
				"north": {"uv": [8, 8, 9.5, 16], "rotation": 90, "texture": "#0"},
				"east": {"uv": [0, 8, 8, 16], "rotation": 90, "texture": "#0"},
				"south": {"uv": [8, 8, 9.5, 16], "rotation": 90, "texture": "#0"},
				"west": {"uv": [0, 8, 8, 16], "rotation": 90, "texture": "#0"},
				"up": {"uv": [8, 8, 9.5, 16], "rotation": 90, "texture": "#0"},
				"down": {"uv": [8, 8, 9.5, 16], "rotation": 90, "texture": "#0"}
			}
		},
		{
			"from": [6.895, 3.92, 11.995],
			"to": [7.405, 6.47, 12.505],
			"faces": {
				"north": {"uv": [8, 8, 9.5, 16], "texture": "#0"},
				"east": {"uv": [8, 8, 9.5, 16], "texture": "#0"},
				"south": {"uv": [8, 8, 9.5, 16], "texture": "#0"},
				"west": {"uv": [8, 8, 9.5, 16], "texture": "#0"},
				"up": {"uv": [8, 8, 9.5, 16], "texture": "#0"},
				"down": {"uv": [8, 8, 9.5, 16], "texture": "#0"}
			}
		},
		{
			"from": [6.725, 4.77, 10.55],
			"to": [7.575, 5.62, 11.4],
			"rotation": {"angle": -22.5, "axis": "x", "origin": [8, 8.85, 8.595]},
			"faces": {
				"north": {"uv": [8, 8, 9.5, 16], "rotation": 90, "texture": "#0"},
				"east": {"uv": [0, 8, 8, 16], "rotation": 90, "texture": "#0"},
				"south": {"uv": [8, 8, 9.5, 16], "rotation": 90, "texture": "#0"},
				"west": {"uv": [0, 8, 8, 16], "rotation": 90, "texture": "#0"},
				"up": {"uv": [8, 8, 9.5, 16], "rotation": 90, "texture": "#0"},
				"down": {"uv": [8, 8, 9.5, 16], "rotation": 90, "texture": "#0"}
			}
		},
		{
			"from": [8.425, 4.77, 10.55],
			"to": [9.275, 5.62, 11.4],
			"rotation": {"angle": -22.5, "axis": "x", "origin": [8, 8.85, 8.595]},
			"faces": {
				"north": {"uv": [8, 8, 9.5, 16], "rotation": 90, "texture": "#0"},
				"east": {"uv": [0, 8, 8, 16], "rotation": 90, "texture": "#0"},
				"south": {"uv": [8, 8, 9.5, 16], "rotation": 90, "texture": "#0"},
				"west": {"uv": [0, 8, 8, 16], "rotation": 90, "texture": "#0"},
				"up": {"uv": [8, 8, 9.5, 16], "rotation": 90, "texture": "#0"},
				"down": {"uv": [8, 8, 9.5, 16], "rotation": 90, "texture": "#0"}
			}
		},
		{
			"from": [8.595, 3.92, 11.995],
			"to": [9.105, 6.47, 12.505],
			"faces": {
				"north": {"uv": [8, 8, 9.5, 16], "texture": "#0"},
				"east": {"uv": [8, 8, 9.5, 16], "texture": "#0"},
				"south": {"uv": [8, 8, 9.5, 16], "texture": "#0"},
				"west": {"uv": [8, 8, 9.5, 16], "texture": "#0"},
				"up": {"uv": [8, 8, 9.5, 16], "texture": "#0"},
				"down": {"uv": [8, 8, 9.5, 16], "texture": "#0"}
			}
		},
		{
			"from": [8.425, 3.495, 11.825],
			"to": [9.275, 4.345, 12.675],
			"faces": {
				"north": {"uv": [8, 8, 9.5, 16], "rotation": 90, "texture": "#0"},
				"east": {"uv": [0, 8, 8, 16], "rotation": 90, "texture": "#0"},
				"south": {"uv": [8, 8, 9.5, 16], "rotation": 90, "texture": "#0"},
				"west": {"uv": [0, 8, 8, 16], "rotation": 90, "texture": "#0"},
				"up": {"uv": [8, 8, 9.5, 16], "rotation": 90, "texture": "#0"},
				"down": {"uv": [8, 8, 9.5, 16], "rotation": 90, "texture": "#0"}
			}
		},
		{
			"from": [6.895, 5.11, 10.72],
			"to": [7.405, 6.81, 11.23],
			"rotation": {"angle": -22.5, "axis": "x", "origin": [8, 8.85, 8.595]},
			"faces": {
				"north": {"uv": [8, 8, 9.5, 16], "texture": "#0"},
				"east": {"uv": [8, 8, 9.5, 16], "texture": "#0"},
				"south": {"uv": [8, 8, 9.5, 16], "texture": "#0"},
				"west": {"uv": [8, 8, 9.5, 16], "texture": "#0"},
				"up": {"uv": [8, 8, 9.5, 16], "texture": "#0"},
				"down": {"uv": [8, 8, 9.5, 16], "texture": "#0"}
			}
		},
		{
			"from": [6.725, 6.725, 9.105],
			"to": [7.575, 7.575, 9.955],
			"rotation": {"angle": -45, "axis": "x", "origin": [8, 8.85, 8.595]},
			"faces": {
				"north": {"uv": [8, 8, 9.5, 16], "rotation": 90, "texture": "#0"},
				"east": {"uv": [0, 8, 8, 16], "rotation": 90, "texture": "#0"},
				"south": {"uv": [8, 8, 9.5, 16], "rotation": 90, "texture": "#0"},
				"west": {"uv": [0, 8, 8, 16], "rotation": 90, "texture": "#0"},
				"up": {"uv": [8, 8, 9.5, 16], "rotation": 90, "texture": "#0"},
				"down": {"uv": [8, 8, 9.5, 16], "rotation": 90, "texture": "#0"}
			}
		},
		{
			"from": [8.425, 6.725, 9.105],
			"to": [9.275, 7.575, 9.955],
			"rotation": {"angle": -45, "axis": "x", "origin": [8, 8.85, 8.595]},
			"faces": {
				"north": {"uv": [8, 8, 9.5, 16], "rotation": 90, "texture": "#0"},
				"east": {"uv": [0, 8, 8, 16], "rotation": 90, "texture": "#0"},
				"south": {"uv": [8, 8, 9.5, 16], "rotation": 90, "texture": "#0"},
				"west": {"uv": [0, 8, 8, 16], "rotation": 90, "texture": "#0"},
				"up": {"uv": [8, 8, 9.5, 16], "rotation": 90, "texture": "#0"},
				"down": {"uv": [8, 8, 9.5, 16], "rotation": 90, "texture": "#0"}
			}
		},
		{
			"from": [8.595, 5.11, 10.72],
			"to": [9.105, 6.81, 11.23],
			"rotation": {"angle": -22.5, "axis": "x", "origin": [8, 8.85, 8.595]},
			"faces": {
				"north": {"uv": [8, 8, 9.5, 16], "texture": "#0"},
				"east": {"uv": [8, 8, 9.5, 16], "texture": "#0"},
				"south": {"uv": [8, 8, 9.5, 16], "texture": "#0"},
				"west": {"uv": [8, 8, 9.5, 16], "texture": "#0"},
				"up": {"uv": [8, 8, 9.5, 16], "texture": "#0"},
				"down": {"uv": [8, 8, 9.5, 16], "texture": "#0"}
			}
		},
		{
			"from": [6.725, 5.79, 9.445],
			"to": [7.575, 6.64, 10.295],
			"rotation": {"angle": -45, "axis": "x", "origin": [8, 8.85, 8.595]},
			"faces": {
				"north": {"uv": [8, 8, 9.5, 16], "rotation": 90, "texture": "#0"},
				"east": {"uv": [0, 8, 8, 16], "rotation": 90, "texture": "#0"},
				"south": {"uv": [8, 8, 9.5, 16], "rotation": 90, "texture": "#0"},
				"west": {"uv": [0, 8, 8, 16], "rotation": 90, "texture": "#0"},
				"up": {"uv": [8, 8, 9.5, 16], "rotation": 90, "texture": "#0"},
				"down": {"uv": [8, 8, 9.5, 16], "rotation": 90, "texture": "#0"}
			}
		},
		{
			"from": [8.425, 5.79, 9.445],
			"to": [9.275, 6.64, 10.295],
			"rotation": {"angle": -45, "axis": "x", "origin": [8, 8.85, 8.595]},
			"faces": {
				"north": {"uv": [8, 8, 9.5, 16], "rotation": 90, "texture": "#0"},
				"east": {"uv": [0, 8, 8, 16], "rotation": 90, "texture": "#0"},
				"south": {"uv": [8, 8, 9.5, 16], "rotation": 90, "texture": "#0"},
				"west": {"uv": [0, 8, 8, 16], "rotation": 90, "texture": "#0"},
				"up": {"uv": [8, 8, 9.5, 16], "rotation": 90, "texture": "#0"},
				"down": {"uv": [8, 8, 9.5, 16], "rotation": 90, "texture": "#0"}
			}
		},
		{
			"from": [6.8525, 4.6, 11.9525],
			"to": [7.4475, 5.79, 12.5475],
			"faces": {
				"north": {"uv": [1.25, 1.25, 6.75, 6.75], "texture": "#0"},
				"east": {"uv": [1.25, 1.25, 6.75, 6.75], "texture": "#0"},
				"south": {"uv": [1.25, 1.25, 6.75, 6.75], "texture": "#0"},
				"west": {"uv": [1.25, 1.25, 6.75, 6.75], "texture": "#0"},
				"up": {"uv": [1.25, 1.25, 6.75, 6.75], "texture": "#0"},
				"down": {"uv": [1.25, 1.25, 6.75, 6.75], "texture": "#0"}
			}
		},
		{
			"from": [8.5525, 4.6, 11.9525],
			"to": [9.1475, 5.79, 12.5475],
			"faces": {
				"north": {"uv": [1.25, 1.25, 6.75, 6.75], "texture": "#0"},
				"east": {"uv": [1.25, 1.25, 6.75, 6.75], "texture": "#0"},
				"south": {"uv": [1.25, 1.25, 6.75, 6.75], "texture": "#0"},
				"west": {"uv": [1.25, 1.25, 6.75, 6.75], "texture": "#0"},
				"up": {"uv": [1.25, 1.25, 6.75, 6.75], "texture": "#0"},
				"down": {"uv": [1.25, 1.25, 6.75, 6.75], "texture": "#0"}
			}
		},
		{
			"from": [7.58413, 6.88276, 4.64609],
			"to": [8.43413, 10.28276, 6.34609],
			"faces": {
				"north": {"uv": [8, 8, 9.5, 16], "texture": "#0"},
				"east": {"uv": [8, 8, 9.5, 16], "texture": "#0"},
				"south": {"uv": [8, 8, 9.5, 16], "texture": "#0"},
				"west": {"uv": [8, 8, 9.5, 16], "texture": "#0"},
				"up": {"uv": [8, 8, 9.5, 16], "texture": "#0"},
				"down": {"uv": [8, 8, 9.5, 16], "texture": "#0"}
			}
		},
		{
			"from": [7.62663, 6.10458, 6.85831],
			"to": [8.39163, 7.80459, 10.25831],
			"rotation": {"angle": 22.5, "axis": "x", "origin": [8.00913, 12.05459, 7.70831]},
			"faces": {
				"north": {"uv": [8, 8, 9.5, 16], "rotation": 180, "texture": "#0"},
				"east": {"uv": [8, 8, 9.5, 16], "rotation": 90, "texture": "#0"},
				"south": {"uv": [8, 8, 9.5, 16], "texture": "#0"},
				"west": {"uv": [8, 8, 9.5, 16], "rotation": 270, "texture": "#0"},
				"up": {"uv": [8, 8, 9.5, 16], "texture": "#0"},
				"down": {"uv": [8, 8, 9.5, 16], "rotation": 180, "texture": "#0"}
			}
		},
		{
			"from": [5.45, 7.70619, 6.60736],
			"to": [10.55, 10.25619, 9.15736],
			"rotation": {"angle": -22.5, "axis": "x", "origin": [8, 9.83119, 5.75736]},
			"faces": {
				"north": {"uv": [1.25, 1.25, 6.75, 6.75], "texture": "#0"},
				"east": {"uv": [0, 0, 8, 8], "texture": "#0"},
				"south": {"uv": [1.25, 1.25, 6.75, 6.75], "texture": "#0"},
				"west": {"uv": [0, 0, 8, 8], "texture": "#0"},
				"up": {"uv": [1.25, 1.25, 6.75, 6.75], "texture": "#0"},
				"down": {"uv": [1.25, 1.25, 6.75, 6.75], "texture": "#0"}
			}
		},
		{
			"from": [6.34213, 7.59579, 4.82569],
			"to": [7.53213, 9.63579, 5.03819],
			"faces": {
				"north": {"uv": [8, 8, 9.5, 16], "texture": "#0"},
				"east": {"uv": [8, 8, 9.5, 16], "texture": "#0"},
				"south": {"uv": [8, 8, 9.5, 16], "texture": "#0"},
				"west": {"uv": [8, 8, 9.5, 16], "texture": "#0"},
				"up": {"uv": [8, 8, 9.5, 16], "texture": "#0"},
				"down": {"uv": [8, 8, 9.5, 16], "texture": "#0"}
			}
		},
		{
			"from": [6.29963, 9.63579, 4.74069],
			"to": [7.57463, 9.97579, 5.08069],
			"faces": {
				"north": {"uv": [8, 8, 9.5, 16], "rotation": 90, "texture": "#0"},
				"east": {"uv": [0, 8, 8, 16], "rotation": 90, "texture": "#0"},
				"south": {"uv": [8, 8, 9.5, 16], "rotation": 90, "texture": "#0"},
				"west": {"uv": [0, 8, 8, 16], "rotation": 90, "texture": "#0"},
				"up": {"uv": [8, 8, 9.5, 16], "rotation": 90, "texture": "#0"},
				"down": {"uv": [8, 8, 9.5, 16], "rotation": 90, "texture": "#0"}
			}
		},
		{
			"from": [6.34213, 7.75517, 5.68632],
			"to": [7.53213, 7.96767, 6.36632],
			"rotation": {"angle": 22.5, "axis": "x", "origin": [7.99963, 9.21079, 4.92132]},
			"faces": {
				"north": {"uv": [8, 8, 9.5, 16], "rotation": 180, "texture": "#0"},
				"east": {"uv": [8, 8, 9.5, 16], "rotation": 90, "texture": "#0"},
				"south": {"uv": [8, 8, 9.5, 16], "texture": "#0"},
				"west": {"uv": [8, 8, 9.5, 16], "rotation": 270, "texture": "#0"},
				"up": {"uv": [8, 8, 9.5, 16], "texture": "#0"},
				"down": {"uv": [8, 8, 9.5, 16], "rotation": 180, "texture": "#0"}
			}
		},
		{
			"from": [6.29963, 7.67017, 5.34632],
			"to": [7.57463, 8.01017, 5.68632],
			"rotation": {"angle": 22.5, "axis": "x", "origin": [7.99963, 9.21079, 4.92132]},
			"faces": {
				"north": {"uv": [8, 8, 9.5, 16], "rotation": 270, "texture": "#0"},
				"east": {"uv": [0, 8, 8, 16], "rotation": 180, "texture": "#0"},
				"south": {"uv": [8, 8, 9.5, 16], "rotation": 90, "texture": "#0"},
				"west": {"uv": [0, 8, 8, 16], "texture": "#0"},
				"up": {"uv": [8, 8, 9.5, 16], "rotation": 90, "texture": "#0"},
				"down": {"uv": [8, 8, 9.5, 16], "rotation": 270, "texture": "#0"}
			}
		},
		{
			"from": [6.29963, 7.67017, 6.36632],
			"to": [7.57463, 8.01017, 6.70632],
			"rotation": {"angle": 22.5, "axis": "x", "origin": [7.99963, 9.21079, 4.92132]},
			"faces": {
				"north": {"uv": [8, 8, 9.5, 16], "rotation": 270, "texture": "#0"},
				"east": {"uv": [0, 8, 8, 16], "rotation": 180, "texture": "#0"},
				"south": {"uv": [8, 8, 9.5, 16], "rotation": 90, "texture": "#0"},
				"west": {"uv": [0, 8, 8, 16], "texture": "#0"},
				"up": {"uv": [8, 8, 9.5, 16], "rotation": 90, "texture": "#0"},
				"down": {"uv": [8, 8, 9.5, 16], "rotation": 270, "texture": "#0"}
			}
		},
		{
			"from": [8.42537, 9.63579, 4.74069],
			"to": [9.70037, 9.97579, 5.08069],
			"faces": {
				"north": {"uv": [8, 16, 9.5, 8], "rotation": 90, "texture": "#0"},
				"east": {"uv": [0, 16, 8, 8], "rotation": 90, "texture": "#0"},
				"south": {"uv": [8, 16, 9.5, 8], "rotation": 90, "texture": "#0"},
				"west": {"uv": [0, 16, 8, 8], "rotation": 90, "texture": "#0"},
				"up": {"uv": [8, 16, 9.5, 8], "rotation": 90, "texture": "#0"},
				"down": {"uv": [8, 16, 9.5, 8], "rotation": 90, "texture": "#0"}
			}
		},
		{
			"from": [8.46787, 7.59579, 4.82569],
			"to": [9.65787, 9.63579, 5.03819],
			"faces": {
				"north": {"uv": [9.5, 8, 8, 16], "texture": "#0"},
				"east": {"uv": [9.5, 8, 8, 16], "texture": "#0"},
				"south": {"uv": [9.5, 8, 8, 16], "texture": "#0"},
				"west": {"uv": [9.5, 8, 8, 16], "texture": "#0"},
				"up": {"uv": [9.5, 8, 8, 16], "texture": "#0"},
				"down": {"uv": [9.5, 8, 8, 16], "texture": "#0"}
			}
		},
		{
			"from": [8.42537, 7.67017, 5.34632],
			"to": [9.70037, 8.01017, 5.68632],
			"rotation": {"angle": 22.5, "axis": "x", "origin": [8.00037, 9.21079, 4.92132]},
			"faces": {
				"north": {"uv": [8, 16, 9.5, 8], "rotation": 270, "texture": "#0"},
				"east": {"uv": [8, 8, 0, 16], "texture": "#0"},
				"south": {"uv": [8, 16, 9.5, 8], "rotation": 90, "texture": "#0"},
				"west": {"uv": [8, 8, 0, 16], "rotation": 180, "texture": "#0"},
				"up": {"uv": [8, 16, 9.5, 8], "rotation": 90, "texture": "#0"},
				"down": {"uv": [8, 16, 9.5, 8], "rotation": 270, "texture": "#0"}
			}
		},
		{
			"from": [8.46787, 7.75517, 5.68632],
			"to": [9.65787, 7.96767, 6.36632],
			"rotation": {"angle": 22.5, "axis": "x", "origin": [8.00037, 9.21079, 4.92132]},
			"faces": {
				"north": {"uv": [9.5, 8, 8, 16], "rotation": 180, "texture": "#0"},
				"east": {"uv": [8, 16, 9.5, 8], "rotation": 270, "texture": "#0"},
				"south": {"uv": [9.5, 8, 8, 16], "texture": "#0"},
				"west": {"uv": [8, 16, 9.5, 8], "rotation": 90, "texture": "#0"},
				"up": {"uv": [9.5, 8, 8, 16], "texture": "#0"},
				"down": {"uv": [9.5, 8, 8, 16], "rotation": 180, "texture": "#0"}
			}
		},
		{
			"from": [8.42537, 7.67017, 6.36632],
			"to": [9.70037, 8.01017, 6.70632],
			"rotation": {"angle": 22.5, "axis": "x", "origin": [8.00037, 9.21079, 4.92132]},
			"faces": {
				"north": {"uv": [8, 16, 9.5, 8], "rotation": 270, "texture": "#0"},
				"east": {"uv": [8, 8, 0, 16], "texture": "#0"},
				"south": {"uv": [8, 16, 9.5, 8], "rotation": 90, "texture": "#0"},
				"west": {"uv": [8, 8, 0, 16], "rotation": 180, "texture": "#0"},
				"up": {"uv": [8, 16, 9.5, 8], "rotation": 90, "texture": "#0"},
				"down": {"uv": [8, 16, 9.5, 8], "rotation": 270, "texture": "#0"}
			}
		},
		{
			"from": [7.15665, 0.60153, 9.7223],
			"to": [8.85665, 3.15153, 11.4223],
			"faces": {
				"north": {"uv": [8, 8, 9.5, 16], "texture": "#0"},
				"east": {"uv": [8, 8, 9.5, 16], "texture": "#0"},
				"south": {"uv": [8, 8, 9.5, 16], "texture": "#0"},
				"west": {"uv": [8, 8, 9.5, 16], "texture": "#0"},
				"up": {"uv": [8, 8, 9.5, 16], "texture": "#0"},
				"down": {"uv": [8, 8, 9.5, 16], "texture": "#0"}
			}
		},
		{
			"from": [7.19915, -0.82871, 10.114],
			"to": [8.81488, 0.87102, 11.5583],
			"rotation": {"angle": 22.5, "axis": "x", "origin": [8.04988, 0.87102, 13.5133]},
			"faces": {
				"north": {"uv": [8, 8, 9.5, 16], "rotation": 180, "texture": "#0"},
				"east": {"uv": [8, 8, 9.5, 16], "rotation": 90, "texture": "#0"},
				"south": {"uv": [8, 8, 9.5, 16], "texture": "#0"},
				"west": {"uv": [8, 8, 9.5, 16], "rotation": 270, "texture": "#0"},
				"up": {"uv": [8, 8, 9.5, 16], "texture": "#0"},
				"down": {"uv": [8, 8, 9.5, 16], "rotation": 180, "texture": "#0"}
			}
		},
		{
			"from": [6.045, -0.33, 8.595],
			"to": [9.955, 1.88, 10.805],
			"rotation": {"angle": -22.5, "axis": "x", "origin": [8, 7.15, 7.15]},
			"faces": {
				"north": {"uv": [1.25, 1.25, 6.75, 6.75], "texture": "#0"},
				"east": {"uv": [0, 0, 8, 8], "texture": "#0"},
				"south": {"uv": [1.25, 1.25, 6.75, 6.75], "texture": "#0"},
				"west": {"uv": [0, 0, 8, 8], "texture": "#0"},
				"up": {"uv": [1.25, 1.25, 6.75, 6.75], "texture": "#0"},
				"down": {"uv": [1.25, 1.25, 6.75, 6.75], "texture": "#0"}
			}
		},
		{
			"from": [6.3425, 5.45, 6.895],
			"to": [9.6575, 8.425, 7.32],
			"rotation": {"angle": -45, "axis": "x", "origin": [8, 7.15, 7.15]},
			"faces": {
				"north": {"uv": [8, 8, 9.5, 16], "texture": "#0"},
				"east": {"uv": [8, 8, 9.5, 16], "texture": "#0"},
				"south": {"uv": [8, 8, 9.5, 16], "texture": "#0"},
				"west": {"uv": [8, 8, 9.5, 16], "texture": "#0"},
				"up": {"uv": [8, 8, 9.5, 16], "texture": "#0"},
				"down": {"uv": [8, 8, 9.5, 16], "texture": "#0"}
			}
		},
		{
			"from": [6.3425, 5.11, 8.1275],
			"to": [9.6575, 8.085, 8.5525],
			"rotation": {"angle": -45, "axis": "x", "origin": [8, 7.15, 7.15]},
			"faces": {
				"north": {"uv": [8, 8, 9.5, 16], "texture": "#0"},
				"east": {"uv": [8, 8, 9.5, 16], "texture": "#0"},
				"south": {"uv": [8, 8, 9.5, 16], "texture": "#0"},
				"west": {"uv": [8, 8, 9.5, 16], "texture": "#0"},
				"up": {"uv": [8, 8, 9.5, 16], "texture": "#0"},
				"down": {"uv": [8, 8, 9.5, 16], "texture": "#0"}
			}
		},
		{
			"from": [6.3425, 4.94, 9.445],
			"to": [9.6575, 7.915, 9.87],
			"rotation": {"angle": -45, "axis": "x", "origin": [8, 7.15, 7.15]},
			"faces": {
				"north": {"uv": [8, 8, 9.5, 16], "texture": "#0"},
				"east": {"uv": [8, 8, 9.5, 16], "texture": "#0"},
				"south": {"uv": [8, 8, 9.5, 16], "texture": "#0"},
				"west": {"uv": [8, 8, 9.5, 16], "texture": "#0"},
				"up": {"uv": [8, 8, 9.5, 16], "texture": "#0"},
				"down": {"uv": [8, 8, 9.5, 16], "texture": "#0"}
			}
		},
		{
			"from": [8.255, 9.23619, 9.83736],
			"to": [9.615, 10.59619, 10.51736],
			"rotation": {"angle": -22.5, "axis": "x", "origin": [8, 9.83119, 5.75736]},
			"faces": {
				"north": {"uv": [8, 8, 9.5, 16], "texture": "#0"},
				"east": {"uv": [8, 8, 9.5, 16], "texture": "#0"},
				"south": {"uv": [0, 8, 8, 16], "texture": "#0"},
				"west": {"uv": [8, 8, 9.5, 16], "texture": "#0"},
				"up": {"uv": [8, 8, 9.5, 16], "texture": "#0"},
				"down": {"uv": [8, 8, 9.5, 16], "texture": "#0"}
			}
		},
		{
			"from": [8.425, 9.40619, 10.51736],
			"to": [9.445, 10.42619, 11.62236],
			"rotation": {"angle": -22.5, "axis": "x", "origin": [8, 9.83119, 5.75736]},
			"faces": {
				"north": {"uv": [8, 8, 9.5, 16], "texture": "#1"},
				"east": {"uv": [8, 8, 9.5, 16], "texture": "#1"},
				"south": {"uv": [0, 8, 8, 16], "texture": "#1"},
				"west": {"uv": [8, 8, 9.5, 16], "texture": "#1"},
				"up": {"uv": [8, 8, 9.5, 16], "texture": "#1"},
				"down": {"uv": [8, 8, 9.5, 16], "texture": "#1"}
			}
		},
		{
			"from": [8.34, 9.32119, 11.53736],
			"to": [9.53, 10.51119, 11.70736],
			"rotation": {"angle": -22.5, "axis": "x", "origin": [8, 9.83119, 5.75736]},
			"faces": {
				"north": {"uv": [8, 8, 9.5, 16], "texture": "#0"},
				"east": {"uv": [8, 8, 9.5, 16], "texture": "#0"},
				"south": {"uv": [0, 8, 8, 16], "texture": "#0"},
				"west": {"uv": [8, 8, 9.5, 16], "texture": "#0"},
				"up": {"uv": [8, 8, 9.5, 16], "texture": "#0"},
				"down": {"uv": [8, 8, 9.5, 16], "texture": "#0"}
			}
		},
		{
			"from": [6.47, 9.32119, 11.53736],
			"to": [7.66, 10.51119, 11.70736],
			"rotation": {"angle": -22.5, "axis": "x", "origin": [8, 9.83119, 5.75736]},
			"faces": {
				"north": {"uv": [8, 8, 9.5, 16], "texture": "#0"},
				"east": {"uv": [8, 8, 9.5, 16], "texture": "#0"},
				"south": {"uv": [0, 8, 8, 16], "texture": "#0"},
				"west": {"uv": [8, 8, 9.5, 16], "texture": "#0"},
				"up": {"uv": [8, 8, 9.5, 16], "texture": "#0"},
				"down": {"uv": [8, 8, 9.5, 16], "texture": "#0"}
			}
		},
		{
			"from": [6.385, 9.23619, 9.83736],
			"to": [7.745, 10.59619, 10.51736],
			"rotation": {"angle": -22.5, "axis": "x", "origin": [8, 9.83119, 5.75736]},
			"faces": {
				"north": {"uv": [8, 8, 9.5, 16], "texture": "#0"},
				"east": {"uv": [8, 8, 9.5, 16], "texture": "#0"},
				"south": {"uv": [0, 8, 8, 16], "texture": "#0"},
				"west": {"uv": [8, 8, 9.5, 16], "texture": "#0"},
				"up": {"uv": [8, 8, 9.5, 16], "texture": "#0"},
				"down": {"uv": [8, 8, 9.5, 16], "texture": "#0"}
			}
		},
		{
			"from": [6.555, 9.40619, 10.51736],
			"to": [7.575, 10.42619, 11.62236],
			"rotation": {"angle": -22.5, "axis": "x", "origin": [8, 9.83119, 5.75736]},
			"faces": {
				"north": {"uv": [8, 8, 9.5, 16], "texture": "#1"},
				"east": {"uv": [8, 8, 9.5, 16], "texture": "#1"},
				"south": {"uv": [0, 8, 8, 16], "texture": "#1"},
				"west": {"uv": [8, 8, 9.5, 16], "texture": "#1"},
				"up": {"uv": [8, 8, 9.5, 16], "texture": "#1"},
				"down": {"uv": [8, 8, 9.5, 16], "texture": "#1"}
			}
		},
		{
			"from": [6.3, 7.28119, 4.90736],
			"to": [9.7, 10.68119, 10.00736],
			"rotation": {"angle": -22.5, "axis": "x", "origin": [8, 9.83119, 5.75736]},
			"faces": {
				"north": {"uv": [1.25, 1.25, 6.75, 6.75], "texture": "#0"},
				"east": {"uv": [1.25, 1.25, 6.75, 6.75], "texture": "#0"},
				"south": {"uv": [1.25, 1.25, 6.75, 6.75], "texture": "#0"},
				"west": {"uv": [1.25, 1.25, 6.75, 6.75], "texture": "#0"},
				"up": {"uv": [1.25, 1.25, 6.75, 6.75], "texture": "#0"},
				"down": {"uv": [1.25, 1.25, 6.75, 6.75], "texture": "#0"}
			}
		},
		{
			"from": [6.64, -0.51527, 11.73266],
			"to": [7.15, 0.80223, 12.24266],
			"rotation": {"angle": -45, "axis": "x", "origin": [6.895, 0.03723, 12.15766]},
			"faces": {
				"north": {"uv": [1, 9, 7, 15], "texture": "#0"},
				"east": {"uv": [1, 9, 7, 15], "texture": "#0"},
				"south": {"uv": [1, 9, 7, 15], "texture": "#0"},
				"west": {"uv": [1, 9, 7, 15], "texture": "#0"},
				"up": {"uv": [1, 9, 7, 15], "texture": "#0"},
				"down": {"uv": [1, 9, 7, 15], "texture": "#0"}
			}
		},
		{
			"from": [6.5975, -1.06777, 11.69016],
			"to": [7.1925, -0.47277, 12.28516],
			"rotation": {"angle": -45, "axis": "x", "origin": [6.895, 0.03723, 12.15766]},
			"faces": {
				"north": {"uv": [8, 8, 9.5, 16], "rotation": 90, "texture": "#0"},
				"east": {"uv": [0, 8, 8, 16], "rotation": 90, "texture": "#0"},
				"south": {"uv": [8, 8, 9.5, 16], "rotation": 90, "texture": "#0"},
				"west": {"uv": [0, 8, 8, 16], "rotation": 90, "texture": "#0"},
				"up": {"uv": [8, 8, 9.5, 16], "rotation": 90, "texture": "#0"},
				"down": {"uv": [8, 8, 9.5, 16], "rotation": 90, "texture": "#0"}
			}
		},
		{
			"from": [6.5975, 0.37723, 11.69016],
			"to": [7.1925, 0.97223, 12.28516],
			"rotation": {"angle": -45, "axis": "x", "origin": [6.895, 0.03723, 12.15766]},
			"faces": {
				"north": {"uv": [8, 8, 9.5, 16], "rotation": 90, "texture": "#0"},
				"east": {"uv": [0, 8, 8, 16], "rotation": 90, "texture": "#0"},
				"south": {"uv": [8, 8, 9.5, 16], "rotation": 90, "texture": "#0"},
				"west": {"uv": [0, 8, 8, 16], "rotation": 90, "texture": "#0"},
				"up": {"uv": [8, 8, 9.5, 16], "rotation": 90, "texture": "#0"},
				"down": {"uv": [8, 8, 9.5, 16], "rotation": 90, "texture": "#0"}
			}
		},
		{
			"from": [8.8075, 0.37723, 11.69016],
			"to": [9.4025, 0.97223, 12.28516],
			"rotation": {"angle": -45, "axis": "x", "origin": [6.895, 0.03723, 12.15766]},
			"faces": {
				"north": {"uv": [8, 8, 9.5, 16], "rotation": 90, "texture": "#0"},
				"east": {"uv": [0, 8, 8, 16], "rotation": 90, "texture": "#0"},
				"south": {"uv": [8, 8, 9.5, 16], "rotation": 90, "texture": "#0"},
				"west": {"uv": [0, 8, 8, 16], "rotation": 90, "texture": "#0"},
				"up": {"uv": [8, 8, 9.5, 16], "rotation": 90, "texture": "#0"},
				"down": {"uv": [8, 8, 9.5, 16], "rotation": 90, "texture": "#0"}
			}
		},
		{
			"from": [8.8075, -1.06777, 11.69016],
			"to": [9.4025, -0.47277, 12.28516],
			"rotation": {"angle": -45, "axis": "x", "origin": [6.895, 0.03723, 12.15766]},
			"faces": {
				"north": {"uv": [8, 8, 9.5, 16], "rotation": 90, "texture": "#0"},
				"east": {"uv": [0, 8, 8, 16], "rotation": 90, "texture": "#0"},
				"south": {"uv": [8, 8, 9.5, 16], "rotation": 90, "texture": "#0"},
				"west": {"uv": [0, 8, 8, 16], "rotation": 90, "texture": "#0"},
				"up": {"uv": [8, 8, 9.5, 16], "rotation": 90, "texture": "#0"},
				"down": {"uv": [8, 8, 9.5, 16], "rotation": 90, "texture": "#0"}
			}
		},
		{
			"from": [8.85, -0.51527, 11.73266],
			"to": [9.36, 0.80223, 12.24266],
			"rotation": {"angle": -45, "axis": "x", "origin": [6.895, 0.03723, 12.15766]},
			"faces": {
				"north": {"uv": [1, 9, 7, 15], "texture": "#0"},
				"east": {"uv": [1, 9, 7, 15], "texture": "#0"},
				"south": {"uv": [1, 9, 7, 15], "texture": "#0"},
				"west": {"uv": [1, 9, 7, 15], "texture": "#0"},
				"up": {"uv": [1, 9, 7, 15], "texture": "#0"},
				"down": {"uv": [1, 9, 7, 15], "texture": "#0"}
			}
		},
		{
			"from": [6.3, -5.43, 5.28],
			"to": [9.7, -2.03, 8.255],
			"rotation": {"angle": -45, "axis": "x", "origin": [8, 6.895, 7.405]},
			"faces": {
				"north": {"uv": [1.25, 1.25, 6.75, 6.75], "texture": "#0"},
				"east": {"uv": [1.25, 1.25, 6.75, 6.75], "texture": "#0"},
				"south": {"uv": [1.25, 1.25, 6.75, 6.75], "texture": "#0"},
				"west": {"uv": [1.25, 1.25, 6.75, 6.75], "texture": "#0"},
				"up": {"uv": [1.25, 1.25, 6.75, 6.75], "texture": "#0"},
				"down": {"uv": [1.25, 1.25, 6.75, 6.75], "texture": "#0"}
			}
		},
		{
			"from": [7.15, -5.005, 19.9],
			"to": [8.85, -2.88, 23.3],
			"faces": {
				"north": {"uv": [1.25, 1.25, 6.75, 6.75], "rotation": 90, "texture": "#0"},
				"east": {"uv": [1.25, 1.25, 6.75, 6.75], "rotation": 90, "texture": "#0"},
				"south": {"uv": [1.25, 1.25, 6.75, 6.75], "rotation": 90, "texture": "#0"},
				"west": {"uv": [1.25, 1.25, 6.75, 6.75], "rotation": 90, "texture": "#0"},
				"up": {"uv": [1.25, 1.25, 6.75, 6.75], "rotation": 90, "texture": "#0"},
				"down": {"uv": [1.25, 1.25, 6.75, 6.75], "rotation": 90, "texture": "#0"}
			}
		},
		{
			"from": [7.575, -9.7225, 18.71],
			"to": [8.425, -8.0225, 22.11],
			"rotation": {"angle": -22.5, "axis": "x", "origin": [8, 5.9175, 8.51]},
			"faces": {
				"north": {"uv": [1.25, 1.25, 6.75, 6.75], "rotation": 90, "texture": "#0"},
				"east": {"uv": [1.25, 1.25, 6.75, 6.75], "rotation": 90, "texture": "#0"},
				"south": {"uv": [1.25, 1.25, 6.75, 6.75], "rotation": 90, "texture": "#0"},
				"west": {"uv": [1.25, 1.25, 6.75, 6.75], "rotation": 90, "texture": "#0"},
				"up": {"uv": [1.25, 1.25, 6.75, 6.75], "rotation": 90, "texture": "#0"},
				"down": {"uv": [1.25, 1.25, 6.75, 6.75], "rotation": 90, "texture": "#0"}
			}
		},
		{
			"from": [7.6175, -13.7175, 15.82],
			"to": [8.3825, -12.1875, 19.22],
			"rotation": {"angle": -45, "axis": "x", "origin": [8, 5.9175, 8.51]},
			"faces": {
				"north": {"uv": [1.25, 1.25, 6.75, 6.75], "rotation": 90, "texture": "#0"},
				"east": {"uv": [1.25, 1.25, 6.75, 6.75], "rotation": 90, "texture": "#0"},
				"south": {"uv": [1.25, 1.25, 6.75, 6.75], "rotation": 90, "texture": "#0"},
				"west": {"uv": [1.25, 1.25, 6.75, 6.75], "rotation": 90, "texture": "#0"},
				"up": {"uv": [1.25, 1.25, 6.75, 6.75], "rotation": 90, "texture": "#0"},
				"down": {"uv": [1.25, 1.25, 6.75, 6.75], "rotation": 90, "texture": "#0"}
			}
		},
		{
			"from": [8.68, -1.91579, 16.05433],
			"to": [9.19, -1.40579, 16.98933],
			"rotation": {"angle": 45, "axis": "x", "origin": [8, -1.66079, 16.52183]},
			"faces": {
				"north": {"uv": [1, 9, 7, 15], "rotation": 270, "texture": "#0"},
				"east": {"uv": [1, 9, 7, 15], "rotation": 270, "texture": "#0"},
				"south": {"uv": [1, 9, 7, 15], "rotation": 270, "texture": "#0"},
				"west": {"uv": [1, 9, 7, 15], "rotation": 270, "texture": "#0"},
				"up": {"uv": [1, 9, 7, 15], "rotation": 270, "texture": "#0"},
				"down": {"uv": [1, 9, 7, 15], "rotation": 270, "texture": "#0"}
			}
		},
		{
			"from": [8.6375, -1.95829, 15.88433],
			"to": [9.2325, -1.36329, 16.47933],
			"rotation": {"angle": 45, "axis": "x", "origin": [8, -1.66079, 16.52183]},
			"faces": {
				"north": {"uv": [8, 8, 9.5, 16], "rotation": 270, "texture": "#0"},
				"east": {"uv": [0, 8, 8, 16], "rotation": 180, "texture": "#0"},
				"south": {"uv": [8, 8, 9.5, 16], "rotation": 90, "texture": "#0"},
				"west": {"uv": [0, 8, 8, 16], "texture": "#0"},
				"up": {"uv": [8, 8, 9.5, 16], "rotation": 90, "texture": "#0"},
				"down": {"uv": [8, 8, 9.5, 16], "rotation": 270, "texture": "#0"}
			}
		},
		{
			"from": [8.6375, -1.95829, 16.56433],
			"to": [9.2325, -1.36329, 17.15933],
			"rotation": {"angle": 45, "axis": "x", "origin": [8, -1.66079, 16.52183]},
			"faces": {
				"north": {"uv": [8, 8, 9.5, 16], "rotation": 270, "texture": "#0"},
				"east": {"uv": [0, 8, 8, 16], "rotation": 180, "texture": "#0"},
				"south": {"uv": [8, 8, 9.5, 16], "rotation": 90, "texture": "#0"},
				"west": {"uv": [0, 8, 8, 16], "texture": "#0"},
				"up": {"uv": [8, 8, 9.5, 16], "rotation": 90, "texture": "#0"},
				"down": {"uv": [8, 8, 9.5, 16], "rotation": 270, "texture": "#0"}
			}
		},
		{
			"from": [6.81, -1.91579, 16.05433],
			"to": [7.32, -1.40579, 16.98933],
			"rotation": {"angle": 45, "axis": "x", "origin": [8, -1.66079, 16.52183]},
			"faces": {
				"north": {"uv": [1, 9, 7, 15], "rotation": 270, "texture": "#0"},
				"east": {"uv": [1, 9, 7, 15], "rotation": 270, "texture": "#0"},
				"south": {"uv": [1, 9, 7, 15], "rotation": 270, "texture": "#0"},
				"west": {"uv": [1, 9, 7, 15], "rotation": 270, "texture": "#0"},
				"up": {"uv": [1, 9, 7, 15], "rotation": 270, "texture": "#0"},
				"down": {"uv": [1, 9, 7, 15], "rotation": 270, "texture": "#0"}
			}
		},
		{
			"from": [6.7675, -1.95829, 15.88433],
			"to": [7.3625, -1.36329, 16.47933],
			"rotation": {"angle": 45, "axis": "x", "origin": [8, -1.66079, 16.52183]},
			"faces": {
				"north": {"uv": [8, 8, 9.5, 16], "rotation": 270, "texture": "#0"},
				"east": {"uv": [0, 8, 8, 16], "rotation": 180, "texture": "#0"},
				"south": {"uv": [8, 8, 9.5, 16], "rotation": 90, "texture": "#0"},
				"west": {"uv": [0, 8, 8, 16], "texture": "#0"},
				"up": {"uv": [8, 8, 9.5, 16], "rotation": 90, "texture": "#0"},
				"down": {"uv": [8, 8, 9.5, 16], "rotation": 270, "texture": "#0"}
			}
		},
		{
			"from": [6.7675, -1.95829, 16.56433],
			"to": [7.3625, -1.36329, 17.15933],
			"rotation": {"angle": 45, "axis": "x", "origin": [8, -1.66079, 16.52183]},
			"faces": {
				"north": {"uv": [8, 8, 9.5, 16], "rotation": 270, "texture": "#0"},
				"east": {"uv": [0, 8, 8, 16], "rotation": 180, "texture": "#0"},
				"south": {"uv": [8, 8, 9.5, 16], "rotation": 90, "texture": "#0"},
				"west": {"uv": [0, 8, 8, 16], "texture": "#0"},
				"up": {"uv": [8, 8, 9.5, 16], "rotation": 90, "texture": "#0"},
				"down": {"uv": [8, 8, 9.5, 16], "rotation": 270, "texture": "#0"}
			}
		},
		{
			"from": [6.725, 0.095, 19.135],
			"to": [9.275, 2.645, 22.535],
			"rotation": {"angle": 22.5, "axis": "x", "origin": [8, 6.47, 7.66]},
			"faces": {
				"north": {"uv": [1.25, 1.25, 6.75, 6.75], "rotation": 90, "texture": "#0"},
				"east": {"uv": [1.25, 1.25, 6.75, 6.75], "rotation": 90, "texture": "#0"},
				"south": {"uv": [1.25, 1.25, 6.75, 6.75], "rotation": 90, "texture": "#0"},
				"west": {"uv": [1.25, 1.25, 6.75, 6.75], "rotation": 90, "texture": "#0"},
				"up": {"uv": [1.25, 1.25, 6.75, 6.75], "rotation": 90, "texture": "#0"},
				"down": {"uv": [1.25, 1.25, 6.75, 6.75], "rotation": 90, "texture": "#0"}
			}
		},
		{
			"from": [7.2775, -4.76418, 18.70247],
			"to": [7.8725, -4.16918, 19.29747],
			"faces": {
				"north": {"uv": [8, 8, 9.5, 16], "rotation": 270, "texture": "#0"},
				"east": {"uv": [0, 8, 8, 16], "rotation": 180, "texture": "#0"},
				"south": {"uv": [8, 8, 9.5, 16], "rotation": 90, "texture": "#0"},
				"west": {"uv": [0, 8, 8, 16], "texture": "#0"},
				"up": {"uv": [8, 8, 9.5, 16], "rotation": 90, "texture": "#0"},
				"down": {"uv": [8, 8, 9.5, 16], "rotation": 270, "texture": "#0"}
			}
		},
		{
			"from": [7.32, -4.72168, 18.87247],
			"to": [7.83, -4.21168, 19.80747],
			"faces": {
				"north": {"uv": [1, 9, 7, 15], "rotation": 270, "texture": "#0"},
				"east": {"uv": [1, 9, 7, 15], "rotation": 270, "texture": "#0"},
				"south": {"uv": [1, 9, 7, 15], "rotation": 270, "texture": "#0"},
				"west": {"uv": [1, 9, 7, 15], "rotation": 270, "texture": "#0"},
				"up": {"uv": [1, 9, 7, 15], "rotation": 270, "texture": "#0"},
				"down": {"uv": [1, 9, 7, 15], "rotation": 270, "texture": "#0"}
			}
		},
		{
			"from": [8.1275, -4.76418, 18.70247],
			"to": [8.7225, -4.16918, 19.29747],
			"faces": {
				"north": {"uv": [8, 8, 9.5, 16], "rotation": 270, "texture": "#0"},
				"east": {"uv": [0, 8, 8, 16], "rotation": 180, "texture": "#0"},
				"south": {"uv": [8, 8, 9.5, 16], "rotation": 90, "texture": "#0"},
				"west": {"uv": [0, 8, 8, 16], "texture": "#0"},
				"up": {"uv": [8, 8, 9.5, 16], "rotation": 90, "texture": "#0"},
				"down": {"uv": [8, 8, 9.5, 16], "rotation": 270, "texture": "#0"}
			}
		},
		{
			"from": [8.17, -4.72168, 18.87247],
			"to": [8.68, -4.21168, 19.80747],
			"faces": {
				"north": {"uv": [1, 9, 7, 15], "rotation": 270, "texture": "#0"},
				"east": {"uv": [1, 9, 7, 15], "rotation": 270, "texture": "#0"},
				"south": {"uv": [1, 9, 7, 15], "rotation": 270, "texture": "#0"},
				"west": {"uv": [1, 9, 7, 15], "rotation": 270, "texture": "#0"},
				"up": {"uv": [1, 9, 7, 15], "rotation": 270, "texture": "#0"},
				"down": {"uv": [1, 9, 7, 15], "rotation": 270, "texture": "#0"}
			}
		},
		{
			"from": [8.1275, -4.76418, 19.72247],
			"to": [8.7225, -4.16918, 20.31747],
			"faces": {
				"north": {"uv": [8, 8, 9.5, 16], "rotation": 270, "texture": "#0"},
				"east": {"uv": [0, 8, 8, 16], "rotation": 180, "texture": "#0"},
				"south": {"uv": [8, 8, 9.5, 16], "rotation": 90, "texture": "#0"},
				"west": {"uv": [0, 8, 8, 16], "texture": "#0"},
				"up": {"uv": [8, 8, 9.5, 16], "rotation": 90, "texture": "#0"},
				"down": {"uv": [8, 8, 9.5, 16], "rotation": 270, "texture": "#0"}
			}
		},
		{
			"from": [7.2775, -4.76418, 19.72247],
			"to": [7.8725, -4.16918, 20.31747],
			"faces": {
				"north": {"uv": [8, 8, 9.5, 16], "rotation": 270, "texture": "#0"},
				"east": {"uv": [0, 8, 8, 16], "rotation": 180, "texture": "#0"},
				"south": {"uv": [8, 8, 9.5, 16], "rotation": 90, "texture": "#0"},
				"west": {"uv": [0, 8, 8, 16], "texture": "#0"},
				"up": {"uv": [8, 8, 9.5, 16], "rotation": 90, "texture": "#0"},
				"down": {"uv": [8, 8, 9.5, 16], "rotation": 270, "texture": "#0"}
			}
		},
		{
			"from": [8.6375, -3.80249, 15.84198],
			"to": [9.2325, -3.20749, 16.43698],
			"rotation": {"angle": 22.5, "axis": "x", "origin": [8, -3.29249, 16.35198]},
			"faces": {
				"north": {"uv": [8, 8, 9.5, 16], "rotation": 270, "texture": "#0"},
				"east": {"uv": [0, 8, 8, 16], "rotation": 180, "texture": "#0"},
				"south": {"uv": [8, 8, 9.5, 16], "rotation": 90, "texture": "#0"},
				"west": {"uv": [0, 8, 8, 16], "texture": "#0"},
				"up": {"uv": [8, 8, 9.5, 16], "rotation": 90, "texture": "#0"},
				"down": {"uv": [8, 8, 9.5, 16], "rotation": 270, "texture": "#0"}
			}
		},
		{
			"from": [8.6375, -3.80249, 14.52448],
			"to": [9.2325, -3.20749, 15.11948],
			"rotation": {"angle": 22.5, "axis": "x", "origin": [8, -3.29249, 16.35198]},
			"faces": {
				"north": {"uv": [8, 8, 9.5, 16], "rotation": 270, "texture": "#0"},
				"east": {"uv": [0, 8, 8, 16], "rotation": 180, "texture": "#0"},
				"south": {"uv": [8, 8, 9.5, 16], "rotation": 90, "texture": "#0"},
				"west": {"uv": [0, 8, 8, 16], "texture": "#0"},
				"up": {"uv": [8, 8, 9.5, 16], "rotation": 90, "texture": "#0"},
				"down": {"uv": [8, 8, 9.5, 16], "rotation": 270, "texture": "#0"}
			}
		},
		{
			"from": [8.68, -3.75999, 14.77948],
			"to": [9.19, -3.24999, 16.05448],
			"rotation": {"angle": 22.5, "axis": "x", "origin": [8, -3.29249, 16.35198]},
			"faces": {
				"north": {"uv": [1, 9, 7, 15], "rotation": 270, "texture": "#0"},
				"east": {"uv": [1, 9, 7, 15], "rotation": 270, "texture": "#0"},
				"south": {"uv": [1, 9, 7, 15], "rotation": 270, "texture": "#0"},
				"west": {"uv": [1, 9, 7, 15], "rotation": 270, "texture": "#0"},
				"up": {"uv": [1, 9, 7, 15], "rotation": 270, "texture": "#0"},
				"down": {"uv": [1, 9, 7, 15], "rotation": 270, "texture": "#0"}
			}
		},
		{
			"from": [6.7675, -3.80249, 15.84198],
			"to": [7.3625, -3.20749, 16.43698],
			"rotation": {"angle": 22.5, "axis": "x", "origin": [8, -3.29249, 16.35198]},
			"faces": {
				"north": {"uv": [8, 8, 9.5, 16], "rotation": 270, "texture": "#0"},
				"east": {"uv": [0, 8, 8, 16], "rotation": 180, "texture": "#0"},
				"south": {"uv": [8, 8, 9.5, 16], "rotation": 90, "texture": "#0"},
				"west": {"uv": [0, 8, 8, 16], "texture": "#0"},
				"up": {"uv": [8, 8, 9.5, 16], "rotation": 90, "texture": "#0"},
				"down": {"uv": [8, 8, 9.5, 16], "rotation": 270, "texture": "#0"}
			}
		},
		{
			"from": [6.7675, -3.80249, 14.52448],
			"to": [7.3625, -3.20749, 15.11948],
			"rotation": {"angle": 22.5, "axis": "x", "origin": [8, -3.29249, 16.35198]},
			"faces": {
				"north": {"uv": [8, 8, 9.5, 16], "rotation": 270, "texture": "#0"},
				"east": {"uv": [0, 8, 8, 16], "rotation": 180, "texture": "#0"},
				"south": {"uv": [8, 8, 9.5, 16], "rotation": 90, "texture": "#0"},
				"west": {"uv": [0, 8, 8, 16], "texture": "#0"},
				"up": {"uv": [8, 8, 9.5, 16], "rotation": 90, "texture": "#0"},
				"down": {"uv": [8, 8, 9.5, 16], "rotation": 270, "texture": "#0"}
			}
		},
		{
			"from": [6.81, -3.75999, 14.77948],
			"to": [7.32, -3.24999, 16.05448],
			"rotation": {"angle": 22.5, "axis": "x", "origin": [8, -3.29249, 16.35198]},
			"faces": {
				"north": {"uv": [1, 9, 7, 15], "rotation": 270, "texture": "#0"},
				"east": {"uv": [1, 9, 7, 15], "rotation": 270, "texture": "#0"},
				"south": {"uv": [1, 9, 7, 15], "rotation": 270, "texture": "#0"},
				"west": {"uv": [1, 9, 7, 15], "rotation": 270, "texture": "#0"},
				"up": {"uv": [1, 9, 7, 15], "rotation": 270, "texture": "#0"},
				"down": {"uv": [1, 9, 7, 15], "rotation": 270, "texture": "#0"}
			}
		},
		{
			"from": [8.1275, -3.40418, 19.21247],
			"to": [8.7225, -2.80918, 19.80747],
			"rotation": {"angle": 22.5, "axis": "x", "origin": [8, -3.27668, 19.39663]},
			"faces": {
				"north": {"uv": [8, 8, 9.5, 16], "rotation": 270, "texture": "#0"},
				"east": {"uv": [0, 8, 8, 16], "rotation": 180, "texture": "#0"},
				"south": {"uv": [8, 8, 9.5, 16], "rotation": 90, "texture": "#0"},
				"west": {"uv": [0, 8, 8, 16], "texture": "#0"},
				"up": {"uv": [8, 8, 9.5, 16], "rotation": 90, "texture": "#0"},
				"down": {"uv": [8, 8, 9.5, 16], "rotation": 270, "texture": "#0"}
			}
		},
		{
			"from": [8.1275, -3.40418, 19.89247],
			"to": [8.7225, -2.80918, 20.48747],
			"rotation": {"angle": 22.5, "axis": "x", "origin": [8, -3.27668, 19.39663]},
			"faces": {
				"north": {"uv": [8, 8, 9.5, 16], "rotation": 270, "texture": "#0"},
				"east": {"uv": [0, 8, 8, 16], "rotation": 180, "texture": "#0"},
				"south": {"uv": [8, 8, 9.5, 16], "rotation": 90, "texture": "#0"},
				"west": {"uv": [0, 8, 8, 16], "texture": "#0"},
				"up": {"uv": [8, 8, 9.5, 16], "rotation": 90, "texture": "#0"},
				"down": {"uv": [8, 8, 9.5, 16], "rotation": 270, "texture": "#0"}
			}
		},
		{
			"from": [8.17, -3.36168, 19.38247],
			"to": [8.68, -2.85168, 20.31747],
			"rotation": {"angle": 22.5, "axis": "x", "origin": [8, -3.27668, 19.39663]},
			"faces": {
				"north": {"uv": [1, 9, 7, 15], "rotation": 270, "texture": "#0"},
				"east": {"uv": [1, 9, 7, 15], "rotation": 270, "texture": "#0"},
				"south": {"uv": [1, 9, 7, 15], "rotation": 270, "texture": "#0"},
				"west": {"uv": [1, 9, 7, 15], "rotation": 270, "texture": "#0"},
				"up": {"uv": [1, 9, 7, 15], "rotation": 270, "texture": "#0"},
				"down": {"uv": [1, 9, 7, 15], "rotation": 270, "texture": "#0"}
			}
		},
		{
			"from": [7.2775, -3.40418, 19.89247],
			"to": [7.8725, -2.80918, 20.48747],
			"rotation": {"angle": 22.5, "axis": "x", "origin": [8, -3.27668, 19.39663]},
			"faces": {
				"north": {"uv": [8, 8, 9.5, 16], "rotation": 270, "texture": "#0"},
				"east": {"uv": [0, 8, 8, 16], "rotation": 180, "texture": "#0"},
				"south": {"uv": [8, 8, 9.5, 16], "rotation": 90, "texture": "#0"},
				"west": {"uv": [0, 8, 8, 16], "texture": "#0"},
				"up": {"uv": [8, 8, 9.5, 16], "rotation": 90, "texture": "#0"},
				"down": {"uv": [8, 8, 9.5, 16], "rotation": 270, "texture": "#0"}
			}
		},
		{
			"from": [7.2775, -3.40418, 19.21247],
			"to": [7.8725, -2.80918, 19.80747],
			"rotation": {"angle": 22.5, "axis": "x", "origin": [8, -3.27668, 19.39663]},
			"faces": {
				"north": {"uv": [8, 8, 9.5, 16], "rotation": 270, "texture": "#0"},
				"east": {"uv": [0, 8, 8, 16], "rotation": 180, "texture": "#0"},
				"south": {"uv": [8, 8, 9.5, 16], "rotation": 90, "texture": "#0"},
				"west": {"uv": [0, 8, 8, 16], "texture": "#0"},
				"up": {"uv": [8, 8, 9.5, 16], "rotation": 90, "texture": "#0"},
				"down": {"uv": [8, 8, 9.5, 16], "rotation": 270, "texture": "#0"}
			}
		},
		{
			"from": [7.32, -3.36168, 19.38247],
			"to": [7.83, -2.85168, 20.31747],
			"rotation": {"angle": 22.5, "axis": "x", "origin": [8, -3.27668, 19.39663]},
			"faces": {
				"north": {"uv": [1, 9, 7, 15], "rotation": 270, "texture": "#0"},
				"east": {"uv": [1, 9, 7, 15], "rotation": 270, "texture": "#0"},
				"south": {"uv": [1, 9, 7, 15], "rotation": 270, "texture": "#0"},
				"west": {"uv": [1, 9, 7, 15], "rotation": 270, "texture": "#0"},
				"up": {"uv": [1, 9, 7, 15], "rotation": 270, "texture": "#0"},
				"down": {"uv": [1, 9, 7, 15], "rotation": 270, "texture": "#0"}
			}
		},
		{
			"from": [7.49, -4.40946, 22.80581],
			"to": [8.51, -3.38946, 23.82581],
			"rotation": {"angle": -22.5, "axis": "x", "origin": [8, -3.85696, 23.35831]},
			"faces": {
				"north": {"uv": [8, 8, 9.5, 16], "rotation": 90, "texture": "#0"},
				"east": {"uv": [0, 8, 8, 16], "rotation": 90, "texture": "#0"},
				"south": {"uv": [8, 8, 9.5, 16], "rotation": 90, "texture": "#0"},
				"west": {"uv": [0, 8, 8, 16], "rotation": 90, "texture": "#0"},
				"up": {"uv": [8, 8, 9.5, 16], "rotation": 90, "texture": "#0"},
				"down": {"uv": [8, 8, 9.5, 16], "rotation": 90, "texture": "#0"}
			}
		},
		{
			"from": [7.5325, -3.05218, 26.39465],
			"to": [8.4675, -2.03218, 27.41465],
			"rotation": {"angle": -45, "axis": "x", "origin": [8, -2.54218, 26.73465]},
			"faces": {
				"north": {"uv": [8, 8, 9.5, 16], "rotation": 90, "texture": "#0"},
				"east": {"uv": [0, 8, 8, 16], "rotation": 90, "texture": "#0"},
				"south": {"uv": [8, 8, 9.5, 16], "rotation": 90, "texture": "#0"},
				"west": {"uv": [0, 8, 8, 16], "rotation": 90, "texture": "#0"},
				"up": {"uv": [8, 8, 9.5, 16], "rotation": 90, "texture": "#0"},
				"down": {"uv": [8, 8, 9.5, 16], "rotation": 90, "texture": "#0"}
			}
		},
		{
			"from": [8.85, 0.51594, 13.61563],
			"to": [9.36, 1.45094, 14.12563],
			"rotation": {"angle": -22.5, "axis": "x", "origin": [8, 0.72844, 13.87063]},
			"faces": {
				"north": {"uv": [1, 9, 7, 15], "texture": "#0"},
				"east": {"uv": [1, 9, 7, 15], "texture": "#0"},
				"south": {"uv": [1, 9, 7, 15], "texture": "#0"},
				"west": {"uv": [1, 9, 7, 15], "texture": "#0"},
				"up": {"uv": [1, 9, 7, 15], "texture": "#0"},
				"down": {"uv": [1, 9, 7, 15], "texture": "#0"}
			}
		},
		{
			"from": [8.8075, 1.02594, 13.57313],
			"to": [9.4025, 1.62094, 14.16813],
			"rotation": {"angle": -22.5, "axis": "x", "origin": [8, 0.72844, 13.87063]},
			"faces": {
				"north": {"uv": [8, 8, 9.5, 16], "rotation": 90, "texture": "#0"},
				"east": {"uv": [0, 8, 8, 16], "rotation": 90, "texture": "#0"},
				"south": {"uv": [8, 8, 9.5, 16], "rotation": 90, "texture": "#0"},
				"west": {"uv": [0, 8, 8, 16], "rotation": 90, "texture": "#0"},
				"up": {"uv": [8, 8, 9.5, 16], "rotation": 90, "texture": "#0"},
				"down": {"uv": [8, 8, 9.5, 16], "rotation": 90, "texture": "#0"}
			}
		},
		{
			"from": [6.5975, 1.02594, 13.57313],
			"to": [7.1925, 1.62094, 14.16813],
			"rotation": {"angle": -22.5, "axis": "x", "origin": [8, 0.72844, 13.87063]},
			"faces": {
				"north": {"uv": [8, 8, 9.5, 16], "rotation": 90, "texture": "#0"},
				"east": {"uv": [0, 8, 8, 16], "rotation": 90, "texture": "#0"},
				"south": {"uv": [8, 8, 9.5, 16], "rotation": 90, "texture": "#0"},
				"west": {"uv": [0, 8, 8, 16], "rotation": 90, "texture": "#0"},
				"up": {"uv": [8, 8, 9.5, 16], "rotation": 90, "texture": "#0"},
				"down": {"uv": [8, 8, 9.5, 16], "rotation": 90, "texture": "#0"}
			}
		},
		{
			"from": [6.64, 0.51594, 13.61563],
			"to": [7.15, 1.45094, 14.12563],
			"rotation": {"angle": -22.5, "axis": "x", "origin": [8, 0.72844, 13.87063]},
			"faces": {
				"north": {"uv": [1, 9, 7, 15], "texture": "#0"},
				"east": {"uv": [1, 9, 7, 15], "texture": "#0"},
				"south": {"uv": [1, 9, 7, 15], "texture": "#0"},
				"west": {"uv": [1, 9, 7, 15], "texture": "#0"},
				"up": {"uv": [1, 9, 7, 15], "texture": "#0"},
				"down": {"uv": [1, 9, 7, 15], "texture": "#0"}
			}
		},
		{
			"from": [6.5975, 0.17594, 13.57313],
			"to": [7.1925, 0.77094, 14.16813],
			"rotation": {"angle": -22.5, "axis": "x", "origin": [8, 0.72844, 13.87063]},
			"faces": {
				"north": {"uv": [8, 8, 9.5, 16], "rotation": 90, "texture": "#0"},
				"east": {"uv": [0, 8, 8, 16], "rotation": 90, "texture": "#0"},
				"south": {"uv": [8, 8, 9.5, 16], "rotation": 90, "texture": "#0"},
				"west": {"uv": [0, 8, 8, 16], "rotation": 90, "texture": "#0"},
				"up": {"uv": [8, 8, 9.5, 16], "rotation": 90, "texture": "#0"},
				"down": {"uv": [8, 8, 9.5, 16], "rotation": 90, "texture": "#0"}
			}
		},
		{
			"from": [8.8075, 0.17594, 13.57313],
			"to": [9.4025, 0.77094, 14.16813],
			"rotation": {"angle": -22.5, "axis": "x", "origin": [8, 0.72844, 13.87063]},
			"faces": {
				"north": {"uv": [8, 8, 9.5, 16], "rotation": 90, "texture": "#0"},
				"east": {"uv": [0, 8, 8, 16], "rotation": 90, "texture": "#0"},
				"south": {"uv": [8, 8, 9.5, 16], "rotation": 90, "texture": "#0"},
				"west": {"uv": [0, 8, 8, 16], "rotation": 90, "texture": "#0"},
				"up": {"uv": [8, 8, 9.5, 16], "rotation": 90, "texture": "#0"},
				"down": {"uv": [8, 8, 9.5, 16], "rotation": 90, "texture": "#0"}
			}
		}
	],
	"display": {
		"head": {
			"translation": [0, 16.5, -16],
			"scale": [4, 4, 4]
		}
	},
	"groups": [
		{
			"name": "body",
			"children": [0, 1, 2, 3, 4, 5, 6, 7, 8, 9, 10, 11, 12, 13, 14, 15, 16, 17, 18, 19, 20, 21, 22, 23, 24, 25, 26, 27, 28, 29, 30, 31, 32, 33, 34, 35, 36, 37, 38, 39, 40, 41, 42, 43, 44, 45, 46, 47, 48, 49, 50, 51, 52, 53,
				{
					"name": "tail",
					"children": [54, 55, 56, 57, 58, 59, 60, 61, 62, 63, 64, 65, 66, 67, 68, 69, 70, 71, 72, 73, 74, 75, 76, 77, 78, 79, 80, 81, 82, 83, 84]
				}, 85, 86, 87, 88, 89, 90,
				{
					"name": "headcheta",
					"children": []
				}
			]
		}
	]
}