{
	"credit": "Made with Blockbench",
	"textures": {
		"0": "zcbm/magic/ancient/allparts",
		"1": "zcbm/magic/ancient/crystal",
		"particle": "zcbm/magic/ancient/allparts"
	},
	"elements": [
		{
			"from": [6.011, 11.1705, -0.361],
			"to": [7.6685, 13.32525, 2.1805],
			"rotation": {"angle": -22.5, "axis": "y", "origin": [8, 12.2755, 1.849]},
			"faces": {
				"north": {"uv": [1.25, 1.25, 6.75, 6.75], "texture": "#0"},
				"east": {"uv": [1.25, 1.25, 6.75, 6.75], "texture": "#0"},
				"south": {"uv": [1.25, 1.25, 6.75, 6.75], "texture": "#0"},
				"west": {"uv": [1.25, 1.25, 6.75, 6.75], "texture": "#0"},
				"up": {"uv": [1.25, 1.25, 6.75, 6.75], "texture": "#0"},
				"down": {"uv": [1.25, 1.25, 6.75, 6.75], "texture": "#0"}
			}
		},
		{
			"from": [7.45014, 16.27495, -4.66496],
			"to": [8.55513, 17.6562, -3.22846],
			"rotation": {"angle": -45, "axis": "x", "origin": [8.11314, 18.26395, 3.07004]},
			"faces": {
				"north": {"uv": [1.25, 1.25, 6.75, 6.75], "texture": "#0"},
				"east": {"uv": [1.25, 1.25, 6.75, 6.75], "texture": "#0"},
				"south": {"uv": [1.25, 1.25, 6.75, 6.75], "texture": "#0"},
				"west": {"uv": [1.25, 1.25, 6.75, 6.75], "texture": "#0"},
				"up": {"uv": [1.25, 1.25, 6.75, 4.75], "texture": "#0"},
				"down": {"uv": [1.25, 1.25, 6.75, 6.75], "texture": "#0"}
			}
		},
		{
			"from": [5.79, 12.88325, -0.14],
			"to": [6.5635, 13.27, 1.13075],
			"rotation": {"angle": -22.5, "axis": "y", "origin": [8, 12.2755, 1.849]},
			"faces": {
				"north": {"uv": [8, 8, 9.5, 16], "rotation": 90, "texture": "#0"},
				"east": {"uv": [8, 8, 9.5, 16], "rotation": 90, "texture": "#0"},
				"south": {"uv": [8, 8, 9.5, 16], "rotation": 90, "texture": "#0"},
				"west": {"uv": [8, 8, 9.5, 16], "rotation": 90, "texture": "#0"},
				"up": {"uv": [8, 8, 9.5, 16], "rotation": 90, "texture": "#0"},
				"down": {"uv": [8, 8, 9.5, 16], "rotation": 90, "texture": "#0"}
			}
		},
		{
			"from": [5.95575, 12.386, 0.1915],
			"to": [7.61325, 13.049, 0.8545],
			"rotation": {"angle": -22.5, "axis": "y", "origin": [8, 12.2755, 1.849]},
			"faces": {
				"north": {"uv": [0, 0, 15.5, 16], "rotation": 90, "texture": "#1"},
				"east": {"uv": [0, 0, 15.5, 16], "rotation": 90, "texture": "#1"},
				"south": {"uv": [0, 0, 15.5, 16], "rotation": 90, "texture": "#1"},
				"west": {"uv": [0, 0, 15.5, 16], "rotation": 90, "texture": "#1"},
				"up": {"uv": [0, 0, 15.5, 16], "rotation": 90, "texture": "#1"},
				"down": {"uv": [0, 0, 15.5, 16], "rotation": 90, "texture": "#1"}
			}
		},
		{
			"from": [5.79, 12.66225, -0.14],
			"to": [6.5635, 12.88325, 0.4125],
			"rotation": {"angle": -22.5, "axis": "y", "origin": [8, 12.2755, 1.849]},
			"faces": {
				"north": {"uv": [8, 8, 9.5, 16], "rotation": 90, "texture": "#0"},
				"east": {"uv": [8, 8, 9.5, 16], "rotation": 90, "texture": "#0"},
				"south": {"uv": [8, 8, 9.5, 16], "rotation": 90, "texture": "#0"},
				"west": {"uv": [8, 12, 9.5, 16], "rotation": 90, "texture": "#0"},
				"up": {"uv": [8, 8, 9.5, 16], "rotation": 90, "texture": "#0"},
				"down": {"uv": [8, 8, 9.5, 16], "rotation": 90, "texture": "#0"}
			}
		},
		{
			"from": [6.011, 11.44675, 0.35725],
			"to": [6.50825, 12.22025, 1.13075],
			"faces": {
				"north": {"uv": [8, 8, 9.5, 16], "texture": "#0"},
				"east": {"uv": [0, 8, 8, 16], "texture": "#0"},
				"south": {"uv": [8, 8, 9.5, 16], "texture": "#0"},
				"west": {"uv": [0, 8, 8, 16], "texture": "#0"},
				"up": {"uv": [8, 8, 9.5, 16], "texture": "#0"},
				"down": {"uv": [8, 8, 9.5, 16], "texture": "#0"}
			}
		},
		{
			"from": [6.1215, 10.397, 0.6335],
			"to": [6.3425, 12.10975, 0.965],
			"faces": {
				"north": {"uv": [8, 8, 9.5, 16], "texture": "#0"},
				"east": {"uv": [8, 8, 9.5, 16], "texture": "#0"},
				"south": {"uv": [8, 8, 9.5, 16], "texture": "#0"},
				"west": {"uv": [8, 8, 9.5, 16], "texture": "#0"},
				"up": {"uv": [8, 8, 9.5, 16], "texture": "#0"},
				"down": {"uv": [8, 8, 9.5, 16], "texture": "#0"}
			}
		},
		{
			"from": [5.79, 9.955, -0.96875],
			"to": [6.674, 10.67325, 2.07],
			"rotation": {"angle": -22.5, "axis": "y", "origin": [8, 12.2755, 1.849]},
			"faces": {
				"north": {"uv": [1.25, 1.25, 6.75, 6.75], "texture": "#0"},
				"east": {"uv": [1.25, 1.25, 6.75, 6.75], "texture": "#0"},
				"south": {"uv": [1.25, 1.25, 6.75, 6.75], "texture": "#0"},
				"west": {"uv": [3.25, 1.25, 6.75, 6.75], "texture": "#0"},
				"up": {"uv": [1.25, 1.25, 6.75, 6.75], "texture": "#0"},
				"down": {"uv": [1.25, 1.25, 6.75, 6.75], "texture": "#0"}
			}
		},
		{
			"from": [5.95575, 10.618, 0.46775],
			"to": [6.50825, 11.00475, 0.90975],
			"rotation": {"angle": -22.5, "axis": "y", "origin": [8, 12.2755, 1.849]},
			"faces": {
				"north": {"uv": [8, 8, 9.5, 16], "rotation": 90, "texture": "#0"},
				"east": {"uv": [8, 8, 9.5, 16], "rotation": 90, "texture": "#0"},
				"south": {"uv": [8, 8, 9.5, 16], "rotation": 90, "texture": "#0"},
				"west": {"uv": [8, 8, 9.5, 16], "rotation": 90, "texture": "#0"},
				"up": {"uv": [8, 8, 9.5, 16], "rotation": 90, "texture": "#0"},
				"down": {"uv": [8, 8, 9.5, 16], "rotation": 90, "texture": "#0"}
			}
		},
		{
			"from": [5.95575, 10.618, -0.41625],
			"to": [6.50825, 11.00475, 0.02575],
			"rotation": {"angle": -22.5, "axis": "y", "origin": [8, 12.2755, 1.849]},
			"faces": {
				"north": {"uv": [8, 8, 9.5, 16], "rotation": 90, "texture": "#0"},
				"east": {"uv": [8, 8, 9.5, 16], "rotation": 90, "texture": "#0"},
				"south": {"uv": [8, 8, 9.5, 16], "rotation": 90, "texture": "#0"},
				"west": {"uv": [8, 8, 9.5, 16], "rotation": 90, "texture": "#0"},
				"up": {"uv": [8, 8, 9.5, 16], "rotation": 90, "texture": "#0"},
				"down": {"uv": [8, 8, 9.5, 16], "rotation": 90, "texture": "#0"}
			}
		},
		{
			"from": [5.95575, 11.06, 0.02575],
			"to": [6.50825, 11.66775, 0.46775],
			"rotation": {"angle": -22.5, "axis": "y", "origin": [8, 12.2755, 1.849]},
			"faces": {
				"north": {"uv": [8, 8, 9.5, 16], "rotation": 90, "texture": "#0"},
				"east": {"uv": [8, 8, 9.5, 16], "rotation": 90, "texture": "#0"},
				"south": {"uv": [8, 8, 9.5, 16], "rotation": 90, "texture": "#0"},
				"west": {"uv": [8, 8, 9.5, 16], "rotation": 90, "texture": "#0"},
				"up": {"uv": [8, 8, 9.5, 16], "rotation": 90, "texture": "#0"},
				"down": {"uv": [8, 8, 9.5, 16], "rotation": 90, "texture": "#0"}
			}
		},
		{
			"from": [5.9005, 11.281, -0.0295],
			"to": [6.50825, 11.8335, 0.523],
			"rotation": {"angle": -22.5, "axis": "y", "origin": [8, 12.2755, 1.849]},
			"faces": {
				"north": {"uv": [1, 15, 7, 9], "rotation": 90, "texture": "#0"},
				"east": {"uv": [1, 15, 7, 9], "rotation": 90, "texture": "#0"},
				"south": {"uv": [1, 15, 7, 9], "rotation": 90, "texture": "#0"},
				"west": {"uv": [1, 15, 7, 9], "rotation": 90, "texture": "#0"},
				"up": {"uv": [1, 15, 7, 9], "rotation": 90, "texture": "#0"},
				"down": {"uv": [1, 15, 7, 9], "rotation": 90, "texture": "#0"}
			}
		},
		{
			"from": [8.15626, 12.9385, -1.12013],
			"to": [8.663, 13.1595, -0.6925],
			"rotation": {"angle": 22.5, "axis": "y", "origin": [8, 12.2755, 1.849]},
			"faces": {
				"north": {"uv": [8, 8, 9.5, 16], "rotation": 90, "texture": "#0"},
				"east": {"uv": [8, 8, 9.5, 16], "rotation": 90, "texture": "#0"},
				"south": {"uv": [8, 8, 9.5, 16], "rotation": 90, "texture": "#0"},
				"west": {"uv": [8, 8, 9.5, 16], "rotation": 90, "texture": "#0"},
				"up": {"uv": [8, 8, 9.5, 16], "rotation": 90, "texture": "#0"},
				"down": {"uv": [8, 8, 9.5, 16], "rotation": 90, "texture": "#0"}
			}
		},
		{
			"from": [9.1534, 12.386, -1.71308],
			"to": [9.88114, 12.607, -1.28543],
			"rotation": {"angle": 45, "axis": "y", "origin": [8.99714, 13.049, 1.25607]},
			"faces": {
				"north": {"uv": [8, 8, 9.5, 16], "rotation": 90, "texture": "#0"},
				"east": {"uv": [8, 8, 9.5, 16], "rotation": 90, "texture": "#0"},
				"south": {"uv": [8, 8, 9.5, 16], "rotation": 90, "texture": "#0"},
				"west": {"uv": [8, 8, 9.5, 16], "rotation": 90, "texture": "#0"},
				"up": {"uv": [8, 8, 9.5, 16], "rotation": 90, "texture": "#0"},
				"down": {"uv": [8, 8, 9.5, 16], "rotation": 90, "texture": "#0"}
			}
		},
		{
			"from": [7.24173, 11.22575, -0.46812],
			"to": [7.90473, 12.15322, -0.12484],
			"rotation": {"angle": -45, "axis": "y", "origin": [8.12573, 12.79449, -0.82136]},
			"faces": {
				"north": {"uv": [1.25, 1.25, 6.75, 6.75], "rotation": 180, "texture": "#0"},
				"east": {"uv": [1.25, 1.25, 6.75, 6.75], "rotation": 180, "texture": "#0"},
				"south": {"uv": [1.25, 1.25, 6.75, 6.75], "rotation": 180, "texture": "#0"},
				"west": {"uv": [1.25, 1.25, 6.75, 6.75], "rotation": 180, "texture": "#0"},
				"up": {"uv": [1.25, 1.25, 6.75, 6.75], "rotation": 180, "texture": "#0"},
				"down": {"uv": [1.25, 1.25, 6.75, 6.75], "rotation": 180, "texture": "#0"}
			}
		},
		{
			"from": [5.95575, 12.607, 0.90975],
			"to": [7.61325, 12.828, 1.13075],
			"rotation": {"angle": -22.5, "axis": "y", "origin": [8, 12.2755, 1.849]},
			"faces": {
				"north": {"uv": [0, 0, 15.5, 16], "rotation": 90, "texture": "#1"},
				"east": {"uv": [0, 0, 15.5, 16], "rotation": 90, "texture": "#1"},
				"south": {"uv": [0, 0, 15.5, 16], "rotation": 90, "texture": "#1"},
				"west": {"uv": [0, 0, 15.5, 16], "rotation": 90, "texture": "#1"},
				"up": {"uv": [0, 0, 15.5, 16], "rotation": 90, "texture": "#1"},
				"down": {"uv": [0, 0, 15.5, 16], "rotation": 90, "texture": "#1"}
			}
		},
		{
			"from": [5.84525, 12.0545, -0.08475],
			"to": [6.06625, 12.165, 0.90975],
			"rotation": {"angle": -22.5, "axis": "y", "origin": [8, 12.2755, 1.849]},
			"faces": {
				"north": {"uv": [8, 8, 9.5, 16], "rotation": 90, "texture": "#0"},
				"east": {"uv": [8, 8, 9.5, 16], "rotation": 90, "texture": "#0"},
				"south": {"uv": [8, 8, 9.5, 16], "rotation": 90, "texture": "#0"},
				"west": {"uv": [8, 8, 9.5, 12], "rotation": 90, "texture": "#0"},
				"up": {"uv": [8, 8, 9.5, 16], "rotation": 90, "texture": "#0"},
				"down": {"uv": [8, 8, 9.5, 16], "rotation": 90, "texture": "#0"}
			}
		},
		{
			"from": [7.06854, 12.0545, -1.53286],
			"to": [7.28954, 12.165, -0.53836],
			"rotation": {"angle": -45, "axis": "y", "origin": [7.17904, 12.10975, -1.03561]},
			"faces": {
				"north": {"uv": [8, 8, 9.5, 16], "rotation": 90, "texture": "#0"},
				"east": {"uv": [8, 8, 9.5, 16], "rotation": 90, "texture": "#0"},
				"south": {"uv": [8, 8, 9.5, 16], "rotation": 90, "texture": "#0"},
				"west": {"uv": [8, 11, 9.5, 16], "rotation": 90, "texture": "#0"},
				"up": {"uv": [8, 8, 9.5, 16], "rotation": 90, "texture": "#0"},
				"down": {"uv": [8, 8, 9.5, 16], "rotation": 90, "texture": "#0"}
			}
		},
		{
			"from": [8.38675, 12.607, 0.90975],
			"to": [10.04425, 12.828, 1.13075],
			"rotation": {"angle": 22.5, "axis": "y", "origin": [8, 12.2755, 1.849]},
			"faces": {
				"north": {"uv": [0, 16, 15.5, 0], "rotation": 90, "texture": "#1"},
				"east": {"uv": [0, 16, 15.5, 0], "rotation": 90, "texture": "#1"},
				"south": {"uv": [0, 16, 15.5, 0], "rotation": 90, "texture": "#1"},
				"west": {"uv": [0, 16, 15.5, 0], "rotation": 90, "texture": "#1"},
				"up": {"uv": [0, 16, 15.5, 0], "rotation": 90, "texture": "#1"},
				"down": {"uv": [0, 16, 15.5, 0], "rotation": 90, "texture": "#1"}
			}
		},
		{
			"from": [9.4365, 12.66225, -0.14],
			"to": [10.21, 12.88325, 0.4125],
			"rotation": {"angle": 22.5, "axis": "y", "origin": [8, 12.2755, 1.849]},
			"faces": {
				"north": {"uv": [8, 16, 9.5, 8], "rotation": 90, "texture": "#0"},
				"east": {"uv": [8, 16, 9.5, 12], "rotation": 90, "texture": "#0"},
				"south": {"uv": [8, 16, 9.5, 8], "rotation": 90, "texture": "#0"},
				"west": {"uv": [8, 16, 9.5, 8], "rotation": 90, "texture": "#0"},
				"up": {"uv": [8, 16, 9.5, 8], "rotation": 90, "texture": "#0"},
				"down": {"uv": [8, 16, 9.5, 8], "rotation": 90, "texture": "#0"}
			}
		},
		{
			"from": [8.38675, 12.386, 0.1915],
			"to": [10.04425, 13.049, 0.8545],
			"rotation": {"angle": 22.5, "axis": "y", "origin": [8, 12.2755, 1.849]},
			"faces": {
				"north": {"uv": [0, 16, 15.5, 0], "rotation": 90, "texture": "#1"},
				"east": {"uv": [0, 16, 15.5, 0], "rotation": 90, "texture": "#1"},
				"south": {"uv": [0, 16, 15.5, 0], "rotation": 90, "texture": "#1"},
				"west": {"uv": [0, 16, 15.5, 0], "rotation": 90, "texture": "#1"},
				"up": {"uv": [0, 16, 15.5, 0], "rotation": 90, "texture": "#1"},
				"down": {"uv": [0, 16, 15.5, 0], "rotation": 90, "texture": "#1"}
			}
		},
		{
			"from": [9.4365, 12.88325, -0.14],
			"to": [10.21, 13.27, 1.13075],
			"rotation": {"angle": 22.5, "axis": "y", "origin": [8, 12.2755, 1.849]},
			"faces": {
				"north": {"uv": [8, 16, 9.5, 8], "rotation": 90, "texture": "#0"},
				"east": {"uv": [8, 16, 9.5, 8], "rotation": 90, "texture": "#0"},
				"south": {"uv": [8, 16, 9.5, 8], "rotation": 90, "texture": "#0"},
				"west": {"uv": [8, 16, 9.5, 8], "rotation": 90, "texture": "#0"},
				"up": {"uv": [8, 16, 9.5, 8], "rotation": 90, "texture": "#0"},
				"down": {"uv": [8, 16, 9.5, 8], "rotation": 90, "texture": "#0"}
			}
		},
		{
			"from": [7.337, 12.9385, -1.12013],
			"to": [7.84374, 13.1595, -0.6925],
			"rotation": {"angle": -22.5, "axis": "y", "origin": [8, 12.2755, 1.849]},
			"faces": {
				"north": {"uv": [8, 16, 9.5, 8], "rotation": 90, "texture": "#0"},
				"east": {"uv": [8, 16, 9.5, 8], "rotation": 90, "texture": "#0"},
				"south": {"uv": [8, 16, 9.5, 8], "rotation": 90, "texture": "#0"},
				"west": {"uv": [8, 16, 9.5, 8], "rotation": 90, "texture": "#0"},
				"up": {"uv": [8, 16, 9.5, 8], "rotation": 90, "texture": "#0"},
				"down": {"uv": [8, 16, 9.5, 8], "rotation": 90, "texture": "#0"}
			}
		},
		{
			"from": [6.11887, 12.386, -1.71308],
			"to": [6.8466, 12.607, -1.28543],
			"rotation": {"angle": -45, "axis": "y", "origin": [7.00287, 13.049, 1.25607]},
			"faces": {
				"north": {"uv": [8, 16, 9.5, 8], "rotation": 90, "texture": "#0"},
				"east": {"uv": [8, 16, 9.5, 8], "rotation": 90, "texture": "#0"},
				"south": {"uv": [8, 16, 9.5, 8], "rotation": 90, "texture": "#0"},
				"west": {"uv": [8, 16, 9.5, 8], "rotation": 90, "texture": "#0"},
				"up": {"uv": [8, 16, 9.5, 8], "rotation": 90, "texture": "#0"},
				"down": {"uv": [8, 16, 9.5, 8], "rotation": 90, "texture": "#0"}
			}
		},
		{
			"from": [9.93375, 12.0545, -0.08475],
			"to": [10.15475, 12.165, 0.90975],
			"rotation": {"angle": 22.5, "axis": "y", "origin": [8, 12.2755, 1.849]},
			"faces": {
				"north": {"uv": [8, 16, 9.5, 8], "rotation": 90, "texture": "#0"},
				"east": {"uv": [8, 12, 9.5, 8], "rotation": 90, "texture": "#0"},
				"south": {"uv": [8, 16, 9.5, 8], "rotation": 90, "texture": "#0"},
				"west": {"uv": [8, 16, 9.5, 8], "rotation": 90, "texture": "#0"},
				"up": {"uv": [8, 16, 9.5, 8], "rotation": 90, "texture": "#0"},
				"down": {"uv": [8, 16, 9.5, 8], "rotation": 90, "texture": "#0"}
			}
		},
		{
			"from": [8.71046, 12.0545, -1.53286],
			"to": [8.93146, 12.165, -0.53836],
			"rotation": {"angle": 45, "axis": "y", "origin": [8.82096, 12.10975, -1.03561]},
			"faces": {
				"north": {"uv": [8, 16, 9.5, 8], "rotation": 90, "texture": "#0"},
				"east": {"uv": [8, 16, 9.5, 11], "rotation": 90, "texture": "#0"},
				"south": {"uv": [8, 16, 9.5, 8], "rotation": 90, "texture": "#0"},
				"west": {"uv": [8, 16, 9.5, 8], "rotation": 90, "texture": "#0"},
				"up": {"uv": [8, 16, 9.5, 8], "rotation": 90, "texture": "#0"},
				"down": {"uv": [8, 16, 9.5, 8], "rotation": 90, "texture": "#0"}
			}
		},
		{
			"from": [8.09527, 11.22575, -0.46812],
			"to": [8.75827, 12.15322, -0.12484],
			"rotation": {"angle": 45, "axis": "y", "origin": [7.87427, 12.79449, -0.82136]},
			"faces": {
				"north": {"uv": [6.75, 1.25, 1.25, 6.75], "rotation": 180, "texture": "#0"},
				"east": {"uv": [6.75, 1.25, 1.25, 6.75], "rotation": 180, "texture": "#0"},
				"south": {"uv": [6.75, 1.25, 1.25, 6.75], "rotation": 180, "texture": "#0"},
				"west": {"uv": [6.75, 1.25, 1.25, 6.75], "rotation": 180, "texture": "#0"},
				"up": {"uv": [6.75, 1.25, 1.25, 6.75], "rotation": 180, "texture": "#0"},
				"down": {"uv": [6.75, 1.25, 1.25, 6.75], "rotation": 180, "texture": "#0"}
			}
		},
		{
			"from": [8.3315, 11.1705, -0.361],
			"to": [9.989, 13.32525, 2.1805],
			"rotation": {"angle": 22.5, "axis": "y", "origin": [8, 12.2755, 1.849]},
			"faces": {
				"north": {"uv": [6.75, 1.25, 1.25, 6.75], "texture": "#0"},
				"east": {"uv": [6.75, 1.25, 1.25, 6.75], "texture": "#0"},
				"south": {"uv": [6.75, 1.25, 1.25, 6.75], "texture": "#0"},
				"west": {"uv": [6.75, 1.25, 1.25, 6.75], "texture": "#0"},
				"up": {"uv": [6.75, 1.25, 1.25, 6.75], "texture": "#0"},
				"down": {"uv": [6.75, 1.25, 1.25, 6.75], "texture": "#0"}
			}
		},
		{
			"from": [9.49175, 11.281, -0.0295],
			"to": [10.0995, 11.8335, 0.523],
			"rotation": {"angle": 22.5, "axis": "y", "origin": [8, 12.2755, 1.849]},
			"faces": {
				"north": {"uv": [1, 15, 7, 9], "rotation": 90, "texture": "#0"},
				"east": {"uv": [1, 15, 7, 9], "rotation": 90, "texture": "#0"},
				"south": {"uv": [1, 15, 7, 9], "rotation": 90, "texture": "#0"},
				"west": {"uv": [1, 15, 7, 9], "rotation": 90, "texture": "#0"},
				"up": {"uv": [1, 15, 7, 9], "rotation": 90, "texture": "#0"},
				"down": {"uv": [1, 15, 7, 9], "rotation": 90, "texture": "#0"}
			}
		},
		{
			"from": [9.49175, 11.06, 0.02575],
			"to": [10.04425, 11.66775, 0.46775],
			"rotation": {"angle": 22.5, "axis": "y", "origin": [8, 12.2755, 1.849]},
			"faces": {
				"north": {"uv": [8, 16, 9.5, 8], "rotation": 90, "texture": "#0"},
				"east": {"uv": [8, 16, 9.5, 8], "rotation": 90, "texture": "#0"},
				"south": {"uv": [8, 16, 9.5, 8], "rotation": 90, "texture": "#0"},
				"west": {"uv": [8, 16, 9.5, 8], "rotation": 90, "texture": "#0"},
				"up": {"uv": [8, 16, 9.5, 8], "rotation": 90, "texture": "#0"},
				"down": {"uv": [8, 16, 9.5, 8], "rotation": 90, "texture": "#0"}
			}
		},
		{
			"from": [9.49175, 10.618, -0.41625],
			"to": [10.04425, 11.00475, 0.02575],
			"rotation": {"angle": 22.5, "axis": "y", "origin": [8, 12.2755, 1.849]},
			"faces": {
				"north": {"uv": [8, 16, 9.5, 8], "rotation": 90, "texture": "#0"},
				"east": {"uv": [8, 16, 9.5, 8], "rotation": 90, "texture": "#0"},
				"south": {"uv": [8, 16, 9.5, 8], "rotation": 90, "texture": "#0"},
				"west": {"uv": [8, 16, 9.5, 8], "rotation": 90, "texture": "#0"},
				"up": {"uv": [8, 16, 9.5, 8], "rotation": 90, "texture": "#0"},
				"down": {"uv": [8, 16, 9.5, 8], "rotation": 90, "texture": "#0"}
			}
		},
		{
			"from": [9.49175, 10.618, 0.46775],
			"to": [10.04425, 11.00475, 0.90975],
			"rotation": {"angle": 22.5, "axis": "y", "origin": [8, 12.2755, 1.849]},
			"faces": {
				"north": {"uv": [8, 16, 9.5, 8], "rotation": 90, "texture": "#0"},
				"east": {"uv": [8, 16, 9.5, 8], "rotation": 90, "texture": "#0"},
				"south": {"uv": [8, 16, 9.5, 8], "rotation": 90, "texture": "#0"},
				"west": {"uv": [8, 16, 9.5, 8], "rotation": 90, "texture": "#0"},
				"up": {"uv": [8, 16, 9.5, 8], "rotation": 90, "texture": "#0"},
				"down": {"uv": [8, 16, 9.5, 8], "rotation": 90, "texture": "#0"}
			}
		},
		{
			"from": [9.326, 9.955, -0.96875],
			"to": [10.21, 10.67325, 2.07],
			"rotation": {"angle": 22.5, "axis": "y", "origin": [8, 12.2755, 1.849]},
			"faces": {
				"north": {"uv": [6.75, 1.25, 1.25, 6.75], "texture": "#0"},
				"east": {"uv": [6.75, 1.25, 3.25, 6.75], "texture": "#0"},
				"south": {"uv": [6.75, 1.25, 1.25, 6.75], "texture": "#0"},
				"west": {"uv": [6.75, 1.25, 1.25, 6.75], "texture": "#0"},
				"up": {"uv": [6.75, 1.25, 1.25, 6.75], "texture": "#0"},
				"down": {"uv": [6.75, 1.25, 1.25, 6.75], "texture": "#0"}
			}
		},
		{
			"from": [8.03925, 9.95721, -2.30498],
			"to": [8.81275, 10.67546, -1.64198],
			"rotation": {"angle": 22.5, "axis": "y", "origin": [9.31, 10.25888, 0.56802]},
			"faces": {
				"north": {"uv": [3.25, 1.25, 4.75, 6.75], "texture": "#0"},
				"east": {"uv": [1.25, 1.25, 6.75, 6.75], "texture": "#0"},
				"south": {"uv": [1.25, 1.25, 6.75, 6.75], "texture": "#0"},
				"west": {"uv": [1.25, 1.25, 6.75, 6.75], "texture": "#0"},
				"up": {"uv": [1.25, 1.25, 6.75, 6.75], "rotation": 90, "texture": "#0"},
				"down": {"uv": [1.25, 1.25, 6.75, 6.75], "rotation": 270, "texture": "#0"}
			}
		},
		{
			"from": [7.05268, 9.95721, -1.6284],
			"to": [7.82618, 10.67546, -0.9654],
			"rotation": {"angle": -22.5, "axis": "y", "origin": [8.32343, 10.25888, 1.2446]},
			"faces": {
				"north": {"uv": [2.25, 1.25, 4.75, 6.75], "texture": "#0"},
				"east": {"uv": [1.25, 1.25, 6.75, 6.75], "texture": "#0"},
				"south": {"uv": [1.25, 1.25, 6.75, 6.75], "texture": "#0"},
				"west": {"uv": [1.25, 1.25, 6.75, 6.75], "texture": "#0"},
				"up": {"uv": [1.25, 1.25, 6.75, 6.75], "rotation": 90, "texture": "#0"},
				"down": {"uv": [1.25, 1.25, 6.75, 6.75], "rotation": 270, "texture": "#0"}
			}
		},
		{
			"from": [7.6959, 10.45446, -1.84075],
			"to": [8.3041, 10.62021, -1.73025],
			"faces": {
				"north": {"uv": [0, 0, 8, 8], "texture": "#0"},
				"east": {"uv": [0, 0, 8, 8], "texture": "#0"},
				"south": {"uv": [0, 0, 8, 8], "texture": "#0"},
				"west": {"uv": [0, 0, 8, 8], "texture": "#0"},
				"up": {"uv": [0, 0, 8, 8], "texture": "#0"},
				"down": {"uv": [0, 0, 8, 8], "texture": "#0"}
			}
		},
		{
			"from": [7.75115, 11.3915, -2.117],
			"to": [8.24885, 11.99925, -1.675],
			"faces": {
				"north": {"uv": [3.25, 1.25, 4.75, 6.75], "texture": "#0"},
				"east": {"uv": [1.25, 1.25, 6.75, 6.75], "texture": "#0"},
				"south": {"uv": [1.25, 1.25, 6.75, 6.75], "texture": "#0"},
				"west": {"uv": [1.25, 1.25, 6.75, 6.75], "texture": "#0"},
				"up": {"uv": [1.25, 1.25, 6.75, 6.75], "rotation": 90, "texture": "#0"},
				"down": {"uv": [1.25, 1.25, 6.75, 6.75], "rotation": 270, "texture": "#0"}
			}
		},
		{
			"from": [8.426, 11.33625, -2.52598],
			"to": [8.81275, 11.944, -2.08398],
			"rotation": {"angle": 22.5, "axis": "y", "origin": [9.31, 11.64013, 0.34702]},
			"faces": {
				"north": {"uv": [3.25, 1.25, 4.75, 6.75], "texture": "#0"},
				"east": {"uv": [1.25, 1.25, 6.75, 6.75], "texture": "#0"},
				"south": {"uv": [1.25, 1.25, 6.75, 6.75], "texture": "#0"},
				"west": {"uv": [1.25, 1.25, 6.75, 6.75], "texture": "#0"},
				"up": {"uv": [1.25, 1.25, 6.75, 6.75], "rotation": 90, "texture": "#0"},
				"down": {"uv": [1.25, 1.25, 6.75, 6.75], "rotation": 270, "texture": "#0"}
			}
		},
		{
			"from": [7.05268, 11.33625, -1.8494],
			"to": [7.43943, 11.944, -1.4074],
			"rotation": {"angle": -22.5, "axis": "y", "origin": [8.32343, 11.64013, 1.0236]},
			"faces": {
				"north": {"uv": [2.25, 1.25, 4.75, 6.75], "texture": "#0"},
				"east": {"uv": [1.25, 1.25, 6.75, 6.75], "texture": "#0"},
				"south": {"uv": [1.25, 1.25, 6.75, 6.75], "texture": "#0"},
				"west": {"uv": [1.25, 1.25, 6.75, 6.75], "texture": "#0"},
				"up": {"uv": [1.25, 1.25, 6.75, 6.75], "rotation": 90, "texture": "#0"},
				"down": {"uv": [1.25, 1.25, 6.75, 6.75], "rotation": 270, "texture": "#0"}
			}
		},
		{
			"from": [7.61589, 9.98441, 0.15045],
			"to": [8.38939, 10.42641, 0.64769],
			"rotation": {"angle": 22.5, "axis": "x", "origin": [8.11314, 16.72491, 3.9627]},
			"faces": {
				"north": {"uv": [1.25, 1.25, 6.75, 6.75], "rotation": 180, "texture": "#0"},
				"east": {"uv": [1.25, 1.25, 6.75, 6.75], "rotation": 90, "texture": "#0"},
				"south": {"uv": [1.25, 1.25, 6.75, 6.75], "texture": "#0"},
				"west": {"uv": [1.25, 1.25, 6.75, 6.75], "rotation": 270, "texture": "#0"},
				"up": {"uv": [1.25, 1.25, 6.75, 6.75], "texture": "#0"},
				"down": {"uv": [1.25, 1.25, 6.75, 6.75], "rotation": 180, "texture": "#0"}
			}
		},
		{
			"from": [7.27368, 10.618, -1.57315],
			"to": [7.54993, 10.9495, -1.0759],
			"rotation": {"angle": -22.5, "axis": "y", "origin": [8.32343, 10.86663, 1.2446]},
			"faces": {
				"north": {"uv": [8, 8, 9.5, 16], "texture": "#0"},
				"east": {"uv": [8, 8, 9.5, 16], "texture": "#0"},
				"south": {"uv": [8, 8, 9.5, 16], "texture": "#0"},
				"west": {"uv": [8, 8, 9.5, 16], "texture": "#0"},
				"up": {"uv": [8, 8, 9.5, 16], "texture": "#0"},
				"down": {"uv": [8, 8, 9.5, 16], "texture": "#0"}
			}
		},
		{
			"from": [8.26025, 10.618, -2.24973],
			"to": [8.5365, 10.9495, -1.75248],
			"rotation": {"angle": 22.5, "axis": "y", "origin": [9.31, 10.86663, 0.56802]},
			"faces": {
				"north": {"uv": [8, 8, 9.5, 16], "texture": "#0"},
				"east": {"uv": [8, 8, 9.5, 16], "texture": "#0"},
				"south": {"uv": [8, 8, 9.5, 16], "texture": "#0"},
				"west": {"uv": [8, 8, 9.5, 16], "texture": "#0"},
				"up": {"uv": [8, 8, 9.5, 16], "texture": "#0"},
				"down": {"uv": [8, 8, 9.5, 16], "texture": "#0"}
			}
		},
		{
			"from": [7.21843, 10.7285, -1.79415],
			"to": [7.32893, 11.33625, -1.46265],
			"rotation": {"angle": -22.5, "axis": "y", "origin": [8.32343, 11.03237, 1.0236]},
			"faces": {
				"north": {"uv": [8, 8, 9.5, 16], "texture": "#0"},
				"east": {"uv": [8, 8, 9.5, 16], "texture": "#0"},
				"south": {"uv": [8, 8, 9.5, 16], "texture": "#0"},
				"west": {"uv": [8, 8, 9.5, 16], "texture": "#0"},
				"up": {"uv": [8, 8, 9.5, 16], "texture": "#0"},
				"down": {"uv": [8, 8, 9.5, 16], "texture": "#0"}
			}
		},
		{
			"from": [8.5365, 10.7285, -2.47073],
			"to": [8.647, 11.33625, -2.13923],
			"rotation": {"angle": 22.5, "axis": "y", "origin": [9.31, 11.03237, 0.34702]},
			"faces": {
				"north": {"uv": [8, 8, 9.5, 16], "texture": "#0"},
				"east": {"uv": [8, 8, 9.5, 16], "texture": "#0"},
				"south": {"uv": [8, 8, 9.5, 16], "texture": "#0"},
				"west": {"uv": [8, 8, 9.5, 16], "texture": "#0"},
				"up": {"uv": [8, 8, 9.5, 16], "texture": "#0"},
				"down": {"uv": [8, 8, 9.5, 16], "texture": "#0"}
			}
		},
		{
			"from": [7.6959, 10.01246, -1.84075],
			"to": [8.3041, 10.17821, -1.73025],
			"faces": {
				"north": {"uv": [0, 0, 8, 8], "texture": "#0"},
				"east": {"uv": [0, 0, 8, 8], "texture": "#0"},
				"south": {"uv": [0, 0, 8, 8], "texture": "#0"},
				"west": {"uv": [0, 0, 8, 8], "texture": "#0"},
				"up": {"uv": [0, 0, 8, 8], "texture": "#0"},
				"down": {"uv": [0, 0, 8, 8], "texture": "#0"}
			}
		},
		{
			"from": [7.355, 11.3915, -1.99468],
			"to": [7.52075, 11.55725, -0.94493],
			"rotation": {"angle": -22.5, "axis": "y", "origin": [7.29975, 11.64013, -1.69081]},
			"faces": {
				"north": {"uv": [8, 8, 9.5, 16], "rotation": 90, "texture": "#0"},
				"east": {"uv": [8, 8, 9.5, 16], "rotation": 90, "texture": "#0"},
				"south": {"uv": [8, 8, 9.5, 16], "rotation": 90, "texture": "#0"},
				"west": {"uv": [8, 8, 9.5, 16], "rotation": 90, "texture": "#0"},
				"up": {"uv": [8, 8, 9.5, 16], "rotation": 90, "texture": "#0"},
				"down": {"uv": [8, 8, 9.5, 16], "rotation": 90, "texture": "#0"}
			}
		},
		{
			"from": [7.355, 11.723, -1.99468],
			"to": [7.52075, 11.88875, -0.94493],
			"rotation": {"angle": -22.5, "axis": "y", "origin": [7.29975, 11.64013, -1.69081]},
			"faces": {
				"north": {"uv": [8, 8, 9.5, 16], "rotation": 90, "texture": "#0"},
				"east": {"uv": [8, 8, 9.5, 16], "rotation": 90, "texture": "#0"},
				"south": {"uv": [8, 8, 9.5, 16], "rotation": 90, "texture": "#0"},
				"west": {"uv": [8, 8, 9.5, 16], "rotation": 90, "texture": "#0"},
				"up": {"uv": [8, 8, 9.5, 16], "rotation": 90, "texture": "#0"},
				"down": {"uv": [8, 8, 9.5, 16], "rotation": 90, "texture": "#0"}
			}
		},
		{
			"from": [7.29975, 11.33625, -1.27643],
			"to": [7.576, 11.6125, -0.83443],
			"rotation": {"angle": -22.5, "axis": "y", "origin": [7.29975, 11.64013, -1.69081]},
			"faces": {
				"north": {"uv": [0, 0, 8, 8], "rotation": 90, "texture": "#0"},
				"east": {"uv": [0, 0, 8, 8], "rotation": 90, "texture": "#0"},
				"south": {"uv": [0, 0, 8, 8], "rotation": 90, "texture": "#0"},
				"west": {"uv": [0, 0, 8, 8], "rotation": 90, "texture": "#0"},
				"up": {"uv": [0, 0, 8, 8], "rotation": 90, "texture": "#0"},
				"down": {"uv": [0, 0, 8, 8], "rotation": 90, "texture": "#0"}
			}
		},
		{
			"from": [7.29975, 11.66775, -1.27643],
			"to": [7.576, 11.944, -0.83443],
			"rotation": {"angle": -22.5, "axis": "y", "origin": [7.29975, 11.64013, -1.69081]},
			"faces": {
				"north": {"uv": [0, 0, 8, 8], "rotation": 90, "texture": "#0"},
				"east": {"uv": [0, 0, 8, 8], "rotation": 90, "texture": "#0"},
				"south": {"uv": [0, 0, 8, 8], "rotation": 90, "texture": "#0"},
				"west": {"uv": [0, 0, 8, 8], "rotation": 90, "texture": "#0"},
				"up": {"uv": [0, 0, 8, 8], "rotation": 90, "texture": "#0"},
				"down": {"uv": [0, 0, 8, 8], "rotation": 90, "texture": "#0"}
			}
		},
		{
			"from": [8.424, 11.33625, -1.27643],
			"to": [8.70025, 11.6125, -0.83443],
			"rotation": {"angle": 22.5, "axis": "y", "origin": [8.70025, 11.64013, -1.69081]},
			"faces": {
				"north": {"uv": [0, 8, 8, 0], "rotation": 90, "texture": "#0"},
				"east": {"uv": [0, 8, 8, 0], "rotation": 90, "texture": "#0"},
				"south": {"uv": [0, 8, 8, 0], "rotation": 90, "texture": "#0"},
				"west": {"uv": [0, 8, 8, 0], "rotation": 90, "texture": "#0"},
				"up": {"uv": [0, 8, 8, 0], "rotation": 90, "texture": "#0"},
				"down": {"uv": [0, 8, 8, 0], "rotation": 90, "texture": "#0"}
			}
		},
		{
			"from": [8.424, 11.66775, -1.27643],
			"to": [8.70025, 11.944, -0.83443],
			"rotation": {"angle": 22.5, "axis": "y", "origin": [8.70025, 11.64013, -1.69081]},
			"faces": {
				"north": {"uv": [0, 8, 8, 0], "rotation": 90, "texture": "#0"},
				"east": {"uv": [0, 8, 8, 0], "rotation": 90, "texture": "#0"},
				"south": {"uv": [0, 8, 8, 0], "rotation": 90, "texture": "#0"},
				"west": {"uv": [0, 8, 8, 0], "rotation": 90, "texture": "#0"},
				"up": {"uv": [0, 8, 8, 0], "rotation": 90, "texture": "#0"},
				"down": {"uv": [0, 8, 8, 0], "rotation": 90, "texture": "#0"}
			}
		},
		{
			"from": [8.47925, 11.723, -1.99468],
			"to": [8.645, 11.88875, -0.94493],
			"rotation": {"angle": 22.5, "axis": "y", "origin": [8.70025, 11.64013, -1.69081]},
			"faces": {
				"north": {"uv": [8, 16, 9.5, 8], "rotation": 90, "texture": "#0"},
				"east": {"uv": [8, 16, 9.5, 8], "rotation": 90, "texture": "#0"},
				"south": {"uv": [8, 16, 9.5, 8], "rotation": 90, "texture": "#0"},
				"west": {"uv": [8, 16, 9.5, 8], "rotation": 90, "texture": "#0"},
				"up": {"uv": [8, 16, 9.5, 8], "rotation": 90, "texture": "#0"},
				"down": {"uv": [8, 16, 9.5, 8], "rotation": 90, "texture": "#0"}
			}
		},
		{
			"from": [8.47925, 11.3915, -1.99468],
			"to": [8.645, 11.55725, -0.94493],
			"rotation": {"angle": 22.5, "axis": "y", "origin": [8.70025, 11.64013, -1.69081]},
			"faces": {
				"north": {"uv": [8, 16, 9.5, 8], "rotation": 90, "texture": "#0"},
				"east": {"uv": [8, 16, 9.5, 8], "rotation": 90, "texture": "#0"},
				"south": {"uv": [8, 16, 9.5, 8], "rotation": 90, "texture": "#0"},
				"west": {"uv": [8, 16, 9.5, 8], "rotation": 90, "texture": "#0"},
				"up": {"uv": [8, 16, 9.5, 8], "rotation": 90, "texture": "#0"},
				"down": {"uv": [8, 16, 9.5, 8], "rotation": 90, "texture": "#0"}
			}
		},
		{
			"from": [9.49175, 11.44675, 0.35725],
			"to": [9.989, 12.22025, 1.13075],
			"faces": {
				"north": {"uv": [9.5, 8, 8, 16], "texture": "#0"},
				"east": {"uv": [8, 8, 0, 16], "texture": "#0"},
				"south": {"uv": [9.5, 8, 8, 16], "texture": "#0"},
				"west": {"uv": [8, 8, 0, 16], "texture": "#0"},
				"up": {"uv": [9.5, 8, 8, 16], "texture": "#0"},
				"down": {"uv": [9.5, 8, 8, 16], "texture": "#0"}
			}
		},
		{
			"from": [9.6575, 10.397, 0.6335],
			"to": [9.8785, 12.10975, 0.965],
			"faces": {
				"north": {"uv": [9.5, 8, 8, 16], "texture": "#0"},
				"east": {"uv": [9.5, 8, 8, 16], "texture": "#0"},
				"south": {"uv": [9.5, 8, 8, 16], "texture": "#0"},
				"west": {"uv": [9.5, 8, 8, 16], "texture": "#0"},
				"up": {"uv": [9.5, 8, 8, 16], "texture": "#0"},
				"down": {"uv": [9.5, 8, 8, 16], "texture": "#0"}
			}
		},
		{
			"from": [6.011, 10.78375, 0.57825],
			"to": [6.453, 11.33625, 1.02025],
			"faces": {
				"north": {"uv": [6.75, 1.25, 1.25, 6.75], "texture": "#0"},
				"east": {"uv": [6.75, 1.25, 1.25, 6.75], "texture": "#0"},
				"south": {"uv": [6.75, 1.25, 1.25, 6.75], "texture": "#0"},
				"west": {"uv": [6.75, 1.25, 1.25, 6.75], "texture": "#0"},
				"up": {"uv": [6.75, 1.25, 1.25, 6.75], "texture": "#0"},
				"down": {"uv": [6.75, 1.25, 1.25, 6.75], "texture": "#0"}
			}
		},
		{
			"from": [9.547, 10.78375, 0.57825],
			"to": [9.989, 11.33625, 1.02025],
			"faces": {
				"north": {"uv": [6.75, 1.25, 1.25, 6.75], "texture": "#0"},
				"east": {"uv": [6.75, 1.25, 1.25, 6.75], "texture": "#0"},
				"south": {"uv": [6.75, 1.25, 1.25, 6.75], "texture": "#0"},
				"west": {"uv": [6.75, 1.25, 1.25, 6.75], "texture": "#0"},
				"up": {"uv": [6.75, 1.25, 1.25, 6.75], "texture": "#0"},
				"down": {"uv": [6.75, 1.25, 1.25, 6.75], "texture": "#0"}
			}
		},
		{
			"from": [7.45014, 11.99925, -0.95393],
			"to": [8.55513, 13.37829, 1.39972],
			"faces": {
				"north": {"uv": [1.25, 1.25, 6.75, 6.75], "texture": "#0"},
				"east": {"uv": [1.25, 1.25, 6.75, 6.75], "texture": "#0"},
				"south": {"uv": [1.25, 1.25, 6.75, 6.75], "texture": "#0"},
				"west": {"uv": [1.25, 1.25, 6.75, 6.75], "texture": "#0"},
				"up": {"uv": [1.25, 3.25, 6.75, 5.75], "texture": "#0"},
				"down": {"uv": [1.25, 1.25, 6.75, 6.75], "texture": "#0"}
			}
		},
		{
			"from": [6.03555, 11.11525, 1.39411],
			"to": [9.96445, 13.3805, 2.41632],
			"faces": {
				"north": {"uv": [1.25, 1.25, 6.75, 6.75], "texture": "#0"},
				"east": {"uv": [1.25, 1.25, 6.75, 6.75], "texture": "#0"},
				"south": {"uv": [1.25, 1.25, 6.75, 6.75], "texture": "#0"},
				"west": {"uv": [1.25, 1.25, 6.75, 6.75], "texture": "#0"},
				"up": {"uv": [1.25, 3.25, 6.75, 6.75], "texture": "#0"},
				"down": {"uv": [1.25, 1.25, 6.75, 6.75], "texture": "#0"}
			}
		},
		{
			"from": [5.81455, 12.165, 1.22836],
			"to": [10.18545, 13.27, 2.38861],
			"faces": {
				"north": {"uv": [1.25, 1.25, 6.75, 6.75], "texture": "#0"},
				"east": {"uv": [0, 0, 8, 8], "texture": "#0"},
				"south": {"uv": [1.25, 1.25, 6.75, 6.75], "texture": "#0"},
				"west": {"uv": [0, 0, 8, 8], "texture": "#0"},
				"up": {"uv": [1.25, 1.25, 6.75, 6.75], "texture": "#0"},
				"down": {"uv": [1.25, 1.25, 6.75, 6.75], "texture": "#0"}
			}
		},
		{
			"from": [9.9583, 12.386, 1.28361],
			"to": [11.1247, 13.43575, 2.33336],
			"rotation": {"angle": 22.5, "axis": "z", "origin": [10.48625, 12.74513, 1.80849]},
			"faces": {
				"north": {"uv": [8, 8, 9.5, 16], "rotation": 90, "texture": "#0"},
				"east": {"uv": [8, 8, 9.5, 16], "rotation": 90, "texture": "#0"},
				"south": {"uv": [8, 8, 9.5, 16], "rotation": 90, "texture": "#0"},
				"west": {"uv": [8, 8, 9.5, 16], "rotation": 90, "texture": "#0"},
				"up": {"uv": [8, 8, 9.5, 16], "rotation": 90, "texture": "#0"},
				"down": {"uv": [8, 8, 9.5, 16], "rotation": 90, "texture": "#0"}
			}
		},
		{
			"from": [10.09253, 12.607, 1.33886],
			"to": [11.6772, 13.54402, 2.27811],
			"rotation": {"angle": -45, "axis": "z", "origin": [10.48625, 12.74513, 1.80849]},
			"faces": {
				"north": {"uv": [8, 8, 9.5, 16], "rotation": 90, "texture": "#0"},
				"east": {"uv": [8, 8, 9.5, 16], "rotation": 90, "texture": "#0"},
				"south": {"uv": [8, 8, 9.5, 16], "rotation": 90, "texture": "#0"},
				"west": {"uv": [8, 8, 9.5, 16], "rotation": 90, "texture": "#0"},
				"up": {"uv": [8, 8, 9.5, 16], "rotation": 90, "texture": "#0"},
				"down": {"uv": [8, 8, 9.5, 16], "rotation": 90, "texture": "#0"}
			}
		},
		{
			"from": [11.01152, 10.66647, 0.97816],
			"to": [11.78279, 12.25114, 1.80691],
			"rotation": {"angle": 45, "axis": "x", "origin": [11.09439, 11.85742, 1.39253]},
			"faces": {
				"north": {"uv": [8, 8, 9.5, 16], "texture": "#0"},
				"east": {"uv": [8, 8, 9.5, 16], "texture": "#0"},
				"south": {"uv": [8, 8, 9.5, 16], "rotation": 180, "texture": "#0"},
				"west": {"uv": [8, 8, 9.5, 16], "texture": "#0"},
				"up": {"uv": [8, 8, 9.5, 16], "rotation": 180, "texture": "#0"},
				"down": {"uv": [8, 8, 9.5, 16], "texture": "#0"}
			}
		},
		{
			"from": [11.5241, 11.64138, 1.39411],
			"to": [11.89329, 12.46791, 2.22286],
			"faces": {
				"north": {"uv": [8, 8, 9.5, 16], "texture": "#0"},
				"east": {"uv": [0, 8, 8, 16], "texture": "#0"},
				"south": {"uv": [8, 8, 9.5, 16], "texture": "#0"},
				"west": {"uv": [0, 8, 8, 16], "texture": "#0"},
				"up": {"uv": [8, 8, 9.5, 16], "texture": "#0"},
				"down": {"uv": [8, 8, 9.5, 16], "texture": "#0"}
			}
		},
		{
			"from": [10.91635, 11.64138, 1.39411],
			"to": [11.28554, 12.46791, 2.22286],
			"faces": {
				"north": {"uv": [8, 8, 9.5, 16], "texture": "#0"},
				"east": {"uv": [0, 8, 8, 16], "texture": "#0"},
				"south": {"uv": [8, 8, 9.5, 16], "texture": "#0"},
				"west": {"uv": [0, 8, 8, 16], "texture": "#0"},
				"up": {"uv": [8, 8, 9.5, 16], "texture": "#0"},
				"down": {"uv": [8, 8, 9.5, 16], "texture": "#0"}
			}
		},
		{
			"from": [11.23252, 11.55047, 1.42016],
			"to": [11.56179, 12.41689, 1.86216],
			"rotation": {"angle": 45, "axis": "x", "origin": [11.09439, 11.85742, 1.39253]},
			"faces": {
				"north": {"uv": [1.25, 1.25, 6.75, 6.75], "rotation": 180, "texture": "#0"},
				"east": {"uv": [1.25, 1.25, 6.75, 6.75], "rotation": 180, "texture": "#0"},
				"south": {"uv": [1.25, 2.25, 6.75, 5.75], "rotation": 180, "texture": "#0"},
				"west": {"uv": [1.25, 1.25, 6.75, 6.75], "rotation": 180, "texture": "#0"},
				"up": {"uv": [1.25, 1.25, 6.75, 6.75], "rotation": 180, "texture": "#0"},
				"down": {"uv": [1.25, 1.25, 6.75, 6.75], "rotation": 180, "texture": "#0"}
			}
		},
		{
			"from": [11.23252, 11.01616, 1.15783],
			"to": [11.56179, 11.45816, 1.37883],
			"rotation": {"angle": -22.5, "axis": "x", "origin": [11.09439, 11.48578, 0.70886]},
			"faces": {
				"north": {"uv": [1.25, 1.25, 6.75, 6.75], "texture": "#0"},
				"east": {"uv": [1.25, 1.25, 6.75, 6.75], "rotation": 90, "texture": "#0"},
				"south": {"uv": [1.25, 1.25, 6.75, 6.75], "rotation": 180, "texture": "#0"},
				"west": {"uv": [1.25, 1.25, 6.75, 6.75], "rotation": 270, "texture": "#0"},
				"up": {"uv": [1.25, 1.25, 6.75, 6.75], "texture": "#0"},
				"down": {"uv": [1.25, 1.25, 6.75, 5.75], "rotation": 180, "texture": "#0"}
			}
		},
		{
			"from": [11.23252, 12.0773, 1.38942],
			"to": [11.56179, 12.28074, 2.27342],
			"rotation": {"angle": 22.5, "axis": "x", "origin": [11.09439, 12.38427, 1.8038]},
			"faces": {
				"north": {"uv": [1.25, 1.25, 6.75, 6.75], "rotation": 180, "texture": "#0"},
				"east": {"uv": [1.25, 1.25, 6.75, 6.75], "rotation": 180, "texture": "#0"},
				"south": {"uv": [1.25, 3.25, 6.75, 6.75], "rotation": 180, "texture": "#0"},
				"west": {"uv": [1.25, 1.25, 6.75, 6.75], "rotation": 180, "texture": "#0"},
				"up": {"uv": [1.25, 1.25, 6.75, 6.75], "rotation": 180, "texture": "#0"},
				"down": {"uv": [1.25, 1.25, 6.75, 6.75], "rotation": 180, "texture": "#0"}
			}
		},
		{
			"from": [11.06677, 10.8414, -0.55274],
			"to": [11.72754, 11.6149, 1.03195],
			"rotation": {"angle": 22.5, "axis": "x", "origin": [11.09439, 11.25577, 0.63823]},
			"faces": {
				"north": {"uv": [8, 8, 9.5, 16], "rotation": 270, "texture": "#0"},
				"east": {"uv": [8, 8, 9.5, 16], "rotation": 270, "texture": "#0"},
				"south": {"uv": [8, 8, 9.5, 16], "rotation": 270, "texture": "#0"},
				"west": {"uv": [8, 8, 9.5, 16], "rotation": 270, "texture": "#0"},
				"up": {"uv": [8, 8, 9.5, 16], "rotation": 270, "texture": "#0"},
				"down": {"uv": [8, 8, 9.5, 16], "rotation": 270, "texture": "#0"}
			}
		},
		{
			"from": [9.9583, 12.386, 1.28361],
			"to": [11.1247, 13.43575, 2.33336],
			"rotation": {"angle": 22.5, "axis": "z", "origin": [10.48625, 12.74513, 1.80849]},
			"faces": {
				"north": {"uv": [8, 8, 9.5, 16], "rotation": 90, "texture": "#0"},
				"east": {"uv": [8, 8, 9.5, 16], "rotation": 90, "texture": "#0"},
				"south": {"uv": [8, 8, 9.5, 16], "rotation": 90, "texture": "#0"},
				"west": {"uv": [8, 8, 9.5, 16], "rotation": 90, "texture": "#0"},
				"up": {"uv": [8, 8, 9.5, 16], "rotation": 90, "texture": "#0"},
				"down": {"uv": [8, 8, 9.5, 16], "rotation": 90, "texture": "#0"}
			}
		},
		{
			"from": [10.09253, 12.607, 1.33886],
			"to": [11.6772, 13.54402, 2.27811],
			"rotation": {"angle": -45, "axis": "z", "origin": [10.48625, 12.74513, 1.80849]},
			"faces": {
				"north": {"uv": [8, 8, 9.5, 16], "rotation": 90, "texture": "#0"},
				"east": {"uv": [8, 8, 9.5, 16], "rotation": 90, "texture": "#0"},
				"south": {"uv": [8, 8, 9.5, 16], "rotation": 90, "texture": "#0"},
				"west": {"uv": [8, 8, 9.5, 16], "rotation": 90, "texture": "#0"},
				"up": {"uv": [8, 8, 9.5, 16], "rotation": 90, "texture": "#0"},
				"down": {"uv": [8, 8, 9.5, 16], "rotation": 90, "texture": "#0"}
			}
		},
		{
			"from": [10.91635, 11.64138, 1.39411],
			"to": [11.28554, 12.46791, 2.22286],
			"faces": {
				"north": {"uv": [8, 8, 9.5, 16], "texture": "#0"},
				"east": {"uv": [0, 8, 8, 16], "texture": "#0"},
				"south": {"uv": [8, 8, 9.5, 16], "texture": "#0"},
				"west": {"uv": [0, 8, 8, 16], "texture": "#0"},
				"up": {"uv": [8, 8, 9.5, 16], "texture": "#0"},
				"down": {"uv": [8, 8, 9.5, 16], "texture": "#0"}
			}
		},
		{
			"from": [11.23252, 12.0773, 1.38942],
			"to": [11.56179, 12.28074, 2.27342],
			"rotation": {"angle": 22.5, "axis": "x", "origin": [11.09439, 12.38427, 1.8038]},
			"faces": {
				"north": {"uv": [1.25, 1.25, 6.75, 6.75], "rotation": 180, "texture": "#0"},
				"east": {"uv": [1.25, 1.25, 6.75, 6.75], "rotation": 180, "texture": "#0"},
				"south": {"uv": [1.25, 3.25, 6.75, 6.75], "rotation": 180, "texture": "#0"},
				"west": {"uv": [1.25, 1.25, 6.75, 6.75], "rotation": 180, "texture": "#0"},
				"up": {"uv": [1.25, 1.25, 6.75, 6.75], "rotation": 180, "texture": "#0"},
				"down": {"uv": [1.25, 1.25, 6.75, 6.75], "rotation": 180, "texture": "#0"}
			}
		},
		{
			"from": [11.23252, 11.01616, 1.15783],
			"to": [11.56179, 11.45816, 1.37883],
			"rotation": {"angle": -22.5, "axis": "x", "origin": [11.09439, 11.48578, 0.70886]},
			"faces": {
				"north": {"uv": [1.25, 1.25, 6.75, 6.75], "texture": "#0"},
				"east": {"uv": [1.25, 1.25, 6.75, 6.75], "rotation": 90, "texture": "#0"},
				"south": {"uv": [1.25, 1.25, 6.75, 6.75], "rotation": 180, "texture": "#0"},
				"west": {"uv": [1.25, 1.25, 6.75, 6.75], "rotation": 270, "texture": "#0"},
				"up": {"uv": [1.25, 1.25, 6.75, 6.75], "texture": "#0"},
				"down": {"uv": [1.25, 1.25, 6.75, 5.75], "rotation": 180, "texture": "#0"}
			}
		},
		{
			"from": [11.23252, 11.55047, 1.42016],
			"to": [11.56179, 12.41689, 1.86216],
			"rotation": {"angle": 45, "axis": "x", "origin": [11.09439, 11.85742, 1.39253]},
			"faces": {
				"north": {"uv": [1.25, 1.25, 6.75, 6.75], "rotation": 180, "texture": "#0"},
				"east": {"uv": [1.25, 1.25, 6.75, 6.75], "rotation": 180, "texture": "#0"},
				"south": {"uv": [1.25, 2.25, 6.75, 5.75], "rotation": 180, "texture": "#0"},
				"west": {"uv": [1.25, 1.25, 6.75, 6.75], "rotation": 180, "texture": "#0"},
				"up": {"uv": [1.25, 1.25, 6.75, 6.75], "rotation": 180, "texture": "#0"},
				"down": {"uv": [1.25, 1.25, 6.75, 6.75], "rotation": 180, "texture": "#0"}
			}
		},
		{
			"from": [11.5241, 11.64138, 1.39411],
			"to": [11.89329, 12.46791, 2.22286],
			"faces": {
				"north": {"uv": [8, 8, 9.5, 16], "texture": "#0"},
				"east": {"uv": [0, 8, 8, 16], "texture": "#0"},
				"south": {"uv": [8, 8, 9.5, 16], "texture": "#0"},
				"west": {"uv": [0, 8, 8, 16], "texture": "#0"},
				"up": {"uv": [8, 8, 9.5, 16], "texture": "#0"},
				"down": {"uv": [8, 8, 9.5, 16], "texture": "#0"}
			}
		},
		{
			"from": [11.01152, 10.66647, 0.97816],
			"to": [11.78279, 12.25114, 1.80691],
			"rotation": {"angle": 45, "axis": "x", "origin": [11.09439, 11.85742, 1.39253]},
			"faces": {
				"north": {"uv": [8, 8, 9.5, 16], "texture": "#0"},
				"east": {"uv": [8, 8, 9.5, 16], "texture": "#0"},
				"south": {"uv": [8, 8, 9.5, 16], "rotation": 180, "texture": "#0"},
				"west": {"uv": [8, 8, 9.5, 16], "texture": "#0"},
				"up": {"uv": [8, 8, 9.5, 16], "rotation": 180, "texture": "#0"},
				"down": {"uv": [8, 8, 9.5, 16], "texture": "#0"}
			}
		},
		{
			"from": [11.06677, 10.8414, -0.55274],
			"to": [11.72754, 11.6149, 1.03195],
			"rotation": {"angle": 22.5, "axis": "x", "origin": [11.09439, 11.25577, 0.63823]},
			"faces": {
				"north": {"uv": [8, 8, 9.5, 16], "rotation": 270, "texture": "#0"},
				"east": {"uv": [8, 8, 9.5, 16], "rotation": 270, "texture": "#0"},
				"south": {"uv": [8, 8, 9.5, 16], "rotation": 270, "texture": "#0"},
				"west": {"uv": [8, 8, 9.5, 16], "rotation": 270, "texture": "#0"},
				"up": {"uv": [8, 8, 9.5, 16], "rotation": 270, "texture": "#0"},
				"down": {"uv": [8, 8, 9.5, 16], "rotation": 270, "texture": "#0"}
			}
		},
		{
			"from": [4.43821, 11.01616, 1.15783],
			"to": [4.76748, 11.45816, 1.37883],
			"rotation": {"angle": -22.5, "axis": "x", "origin": [4.90561, 11.48578, 0.70886]},
			"faces": {
				"north": {"uv": [6.75, 1.25, 1.25, 6.75], "texture": "#0"},
				"east": {"uv": [1.25, 6.75, 6.75, 1.25], "rotation": 270, "texture": "#0"},
				"south": {"uv": [6.75, 1.25, 1.25, 6.75], "rotation": 180, "texture": "#0"},
				"west": {"uv": [1.25, 6.75, 6.75, 1.25], "rotation": 90, "texture": "#0"},
				"up": {"uv": [6.75, 1.25, 1.25, 6.75], "texture": "#0"},
				"down": {"uv": [6.75, 1.25, 1.25, 5.75], "rotation": 180, "texture": "#0"}
			}
		},
		{
			"from": [4.43821, 12.0773, 1.38942],
			"to": [4.76748, 12.28074, 2.27342],
			"rotation": {"angle": 22.5, "axis": "x", "origin": [4.90561, 12.38427, 1.8038]},
			"faces": {
				"north": {"uv": [6.75, 1.25, 1.25, 6.75], "rotation": 180, "texture": "#0"},
				"east": {"uv": [6.75, 1.25, 1.25, 6.75], "rotation": 180, "texture": "#0"},
				"south": {"uv": [6.75, 3.25, 1.25, 6.75], "rotation": 180, "texture": "#0"},
				"west": {"uv": [6.75, 1.25, 1.25, 6.75], "rotation": 180, "texture": "#0"},
				"up": {"uv": [6.75, 1.25, 1.25, 6.75], "rotation": 180, "texture": "#0"},
				"down": {"uv": [6.75, 1.25, 1.25, 6.75], "rotation": 180, "texture": "#0"}
			}
		},
		{
			"from": [4.43821, 11.55047, 1.42016],
			"to": [4.76748, 12.41689, 1.86216],
			"rotation": {"angle": 45, "axis": "x", "origin": [4.90561, 11.85742, 1.39253]},
			"faces": {
				"north": {"uv": [6.75, 1.25, 1.25, 6.75], "rotation": 180, "texture": "#0"},
				"east": {"uv": [6.75, 1.25, 1.25, 6.75], "rotation": 180, "texture": "#0"},
				"south": {"uv": [6.75, 2.25, 1.25, 5.75], "rotation": 180, "texture": "#0"},
				"west": {"uv": [6.75, 1.25, 1.25, 6.75], "rotation": 180, "texture": "#0"},
				"up": {"uv": [6.75, 1.25, 1.25, 6.75], "rotation": 180, "texture": "#0"},
				"down": {"uv": [6.75, 1.25, 1.25, 6.75], "rotation": 180, "texture": "#0"}
			}
		},
		{
			"from": [4.71446, 11.64138, 1.39411],
			"to": [5.08365, 12.46791, 2.22286],
			"faces": {
				"north": {"uv": [9.5, 8, 8, 16], "texture": "#0"},
				"east": {"uv": [8, 8, 0, 16], "texture": "#0"},
				"south": {"uv": [9.5, 8, 8, 16], "texture": "#0"},
				"west": {"uv": [8, 8, 0, 16], "texture": "#0"},
				"up": {"uv": [9.5, 8, 8, 16], "texture": "#0"},
				"down": {"uv": [9.5, 8, 8, 16], "texture": "#0"}
			}
		},
		{
			"from": [4.27246, 10.8414, -0.55274],
			"to": [4.93323, 11.6149, 1.03195],
			"rotation": {"angle": 22.5, "axis": "x", "origin": [4.90561, 11.25577, 0.63823]},
			"faces": {
				"north": {"uv": [8, 16, 9.5, 8], "rotation": 270, "texture": "#0"},
				"east": {"uv": [8, 16, 9.5, 8], "rotation": 270, "texture": "#0"},
				"south": {"uv": [8, 16, 9.5, 8], "rotation": 270, "texture": "#0"},
				"west": {"uv": [8, 16, 9.5, 8], "rotation": 270, "texture": "#0"},
				"up": {"uv": [8, 16, 9.5, 8], "rotation": 270, "texture": "#0"},
				"down": {"uv": [8, 16, 9.5, 8], "rotation": 270, "texture": "#0"}
			}
		},
		{
			"from": [4.21721, 10.66647, 0.97816],
			"to": [4.98848, 12.25114, 1.80691],
			"rotation": {"angle": 45, "axis": "x", "origin": [4.90561, 11.85742, 1.39253]},
			"faces": {
				"north": {"uv": [9.5, 8, 8, 16], "texture": "#0"},
				"east": {"uv": [9.5, 8, 8, 16], "texture": "#0"},
				"south": {"uv": [9.5, 8, 8, 16], "rotation": 180, "texture": "#0"},
				"west": {"uv": [9.5, 8, 8, 16], "texture": "#0"},
				"up": {"uv": [9.5, 8, 8, 16], "rotation": 180, "texture": "#0"},
				"down": {"uv": [9.5, 8, 8, 16], "texture": "#0"}
			}
		},
		{
			"from": [4.10671, 11.64138, 1.39411],
			"to": [4.4759, 12.46791, 2.22286],
			"faces": {
				"north": {"uv": [9.5, 8, 8, 16], "texture": "#0"},
				"east": {"uv": [8, 8, 0, 16], "texture": "#0"},
				"south": {"uv": [9.5, 8, 8, 16], "texture": "#0"},
				"west": {"uv": [8, 8, 0, 16], "texture": "#0"},
				"up": {"uv": [9.5, 8, 8, 16], "texture": "#0"},
				"down": {"uv": [9.5, 8, 8, 16], "texture": "#0"}
			}
		},
		{
			"from": [4.3228, 12.607, 1.33886],
			"to": [5.90747, 13.54402, 2.27811],
			"rotation": {"angle": 45, "axis": "z", "origin": [5.51375, 12.74513, 1.80849]},
			"faces": {
				"north": {"uv": [8, 16, 9.5, 8], "rotation": 90, "texture": "#0"},
				"east": {"uv": [8, 16, 9.5, 8], "rotation": 90, "texture": "#0"},
				"south": {"uv": [8, 16, 9.5, 8], "rotation": 90, "texture": "#0"},
				"west": {"uv": [8, 16, 9.5, 8], "rotation": 90, "texture": "#0"},
				"up": {"uv": [8, 16, 9.5, 8], "rotation": 90, "texture": "#0"},
				"down": {"uv": [8, 16, 9.5, 8], "rotation": 90, "texture": "#0"}
			}
		},
		{
			"from": [4.8753, 12.386, 1.28361],
			"to": [6.0417, 13.43575, 2.33336],
			"rotation": {"angle": -22.5, "axis": "z", "origin": [5.51375, 12.74513, 1.80849]},
			"faces": {
				"north": {"uv": [8, 16, 9.5, 8], "rotation": 90, "texture": "#0"},
				"east": {"uv": [8, 16, 9.5, 8], "rotation": 90, "texture": "#0"},
				"south": {"uv": [8, 16, 9.5, 8], "rotation": 90, "texture": "#0"},
				"west": {"uv": [8, 16, 9.5, 8], "rotation": 90, "texture": "#0"},
				"up": {"uv": [8, 16, 9.5, 8], "rotation": 90, "texture": "#0"},
				"down": {"uv": [8, 16, 9.5, 8], "rotation": 90, "texture": "#0"}
			}
		},
		{
			"from": [7.36155, 10.618, 0.95211],
			"to": [8.63845, 11.77825, 2.63732],
			"faces": {
				"north": {"uv": [1.25, 1.25, 6.75, 6.75], "texture": "#0"},
				"east": {"uv": [1.25, 1.25, 6.75, 6.75], "texture": "#0"},
				"south": {"uv": [1.25, 1.25, 6.75, 6.75], "texture": "#0"},
				"west": {"uv": [1.25, 1.25, 6.75, 6.75], "texture": "#0"},
				"up": {"uv": [1.25, 1.25, 6.75, 6.75], "texture": "#0"},
				"down": {"uv": [1.25, 1.25, 6.75, 6.75], "texture": "#0"}
			}
		},
		{
			"from": [7.69305, 10.5075, 0.73111],
			"to": [8.3008, 11.11525, 1.97432],
			"faces": {
				"north": {"uv": [0, 0, 8, 8], "texture": "#0"},
				"east": {"uv": [1.25, 1.25, 6.75, 6.75], "texture": "#0"},
				"south": {"uv": [1.25, 1.25, 6.75, 6.75], "texture": "#0"},
				"west": {"uv": [1.25, 1.25, 6.75, 6.75], "texture": "#0"},
				"up": {"uv": [1.25, 1.25, 6.75, 6.75], "texture": "#0"},
				"down": {"uv": [1.25, 2.25, 6.75, 6.75], "texture": "#0"}
			}
		},
		{
			"from": [7.69305, 11.71204, 0.34999],
			"to": [8.3008, 12.31979, 1.0407],
			"rotation": {"angle": -22.5, "axis": "x", "origin": [8.11314, 15.19279, 4.18995]},
			"faces": {
				"north": {"uv": [1.25, 1.25, 6.75, 6.75], "texture": "#0"},
				"east": {"uv": [1.25, 1.25, 6.75, 6.75], "texture": "#0"},
				"south": {"uv": [1.25, 1.25, 6.75, 6.75], "texture": "#0"},
				"west": {"uv": [1.25, 1.25, 6.75, 6.75], "texture": "#0"},
				"up": {"uv": [1.25, 1.25, 6.75, 6.75], "texture": "#0"},
				"down": {"uv": [1.25, 1.25, 6.75, 5.75], "texture": "#0"}
			}
		},
		{
			"from": [7.35305, 13.41025, 1.39411],
			"to": [8.64695, 13.5505, 2.41632],
			"rotation": {"angle": -22.5, "axis": "x", "origin": [8, 13.48038, 1.68209]},
			"faces": {
				"north": {"uv": [8, 8, 9.5, 16], "rotation": 90, "texture": "#0"},
				"east": {"uv": [8, 8, 9.5, 16], "rotation": 90, "texture": "#0"},
				"south": {"uv": [8, 8, 9.5, 16], "rotation": 90, "texture": "#0"},
				"west": {"uv": [8, 8, 9.5, 16], "rotation": 90, "texture": "#0"},
				"up": {"uv": [8, 8, 9.5, 16], "rotation": 90, "texture": "#0"},
				"down": {"uv": [8, 8, 9.5, 16], "rotation": 90, "texture": "#0"}
			}
		},
		{
			"from": [7.31055, 13.36775, 1.35161],
			"to": [8.68945, 13.593, 1.56632],
			"rotation": {"angle": -22.5, "axis": "x", "origin": [8, 13.48038, 1.68209]},
			"faces": {
				"north": {"uv": [8, 8, 9.5, 16], "rotation": 90, "texture": "#0"},
				"east": {"uv": [0, 8, 8, 16], "rotation": 90, "texture": "#0"},
				"south": {"uv": [8, 8, 9.5, 16], "rotation": 90, "texture": "#0"},
				"west": {"uv": [0, 8, 8, 16], "rotation": 90, "texture": "#0"},
				"up": {"uv": [8, 8, 9.5, 16], "rotation": 90, "texture": "#0"},
				"down": {"uv": [8, 8, 9.5, 16], "rotation": 90, "texture": "#0"}
			}
		},
		{
			"from": [7.31055, 13.36775, 0.92661],
			"to": [8.68945, 13.593, 1.14132],
			"rotation": {"angle": -22.5, "axis": "x", "origin": [8, 13.48038, 1.25709]},
			"faces": {
				"north": {"uv": [8, 8, 9.5, 16], "rotation": 90, "texture": "#0"},
				"east": {"uv": [0, 8, 8, 16], "rotation": 90, "texture": "#0"},
				"south": {"uv": [8, 8, 9.5, 16], "rotation": 90, "texture": "#0"},
				"west": {"uv": [0, 8, 8, 16], "rotation": 90, "texture": "#0"},
				"up": {"uv": [8, 8, 9.5, 16], "rotation": 90, "texture": "#0"},
				"down": {"uv": [8, 8, 9.5, 16], "rotation": 90, "texture": "#0"}
			}
		},
		{
			"from": [7.35305, 13.41025, 0.96911],
			"to": [8.64695, 13.5505, 1.99132],
			"rotation": {"angle": -22.5, "axis": "x", "origin": [8, 13.48038, 1.25709]},
			"faces": {
				"north": {"uv": [8, 8, 9.5, 16], "rotation": 90, "texture": "#0"},
				"east": {"uv": [8, 8, 9.5, 16], "rotation": 90, "texture": "#0"},
				"south": {"uv": [8, 8, 9.5, 16], "rotation": 90, "texture": "#0"},
				"west": {"uv": [8, 8, 9.5, 16], "rotation": 90, "texture": "#0"},
				"up": {"uv": [8, 8, 9.5, 16], "rotation": 90, "texture": "#0"},
				"down": {"uv": [8, 8, 9.5, 16], "rotation": 90, "texture": "#0"}
			}
		},
		{
			"from": [7.31055, 13.36775, 0.50161],
			"to": [8.68945, 13.593, 0.71632],
			"rotation": {"angle": -22.5, "axis": "x", "origin": [8, 13.48038, 0.83209]},
			"faces": {
				"north": {"uv": [8, 8, 9.5, 16], "rotation": 90, "texture": "#0"},
				"east": {"uv": [0, 8, 8, 16], "rotation": 90, "texture": "#0"},
				"south": {"uv": [8, 8, 9.5, 16], "rotation": 90, "texture": "#0"},
				"west": {"uv": [0, 8, 8, 16], "rotation": 90, "texture": "#0"},
				"up": {"uv": [8, 8, 9.5, 16], "rotation": 90, "texture": "#0"},
				"down": {"uv": [8, 8, 9.5, 16], "rotation": 90, "texture": "#0"}
			}
		},
		{
			"from": [7.35305, 13.41025, 0.54411],
			"to": [8.64695, 13.5505, 1.56632],
			"rotation": {"angle": -22.5, "axis": "x", "origin": [8, 13.48038, 0.83209]},
			"faces": {
				"north": {"uv": [8, 8, 9.5, 16], "rotation": 90, "texture": "#0"},
				"east": {"uv": [8, 8, 9.5, 16], "rotation": 90, "texture": "#0"},
				"south": {"uv": [8, 8, 9.5, 16], "rotation": 90, "texture": "#0"},
				"west": {"uv": [8, 8, 9.5, 16], "rotation": 90, "texture": "#0"},
				"up": {"uv": [8, 8, 9.5, 16], "rotation": 90, "texture": "#0"},
				"down": {"uv": [8, 8, 9.5, 16], "rotation": 90, "texture": "#0"}
			}
		},
		{
			"from": [8.88555, 11.11525, 2.64411],
			"to": [9.43555, 11.61525, 5.14411],
			"rotation": {"angle": 22.5, "axis": "x", "origin": [9.28555, 11.61525, 3.64411]},
			"faces": {
				"north": {"uv": [8, 8, 9.5, 16], "texture": "#0"},
				"east": {"uv": [8, 8, 9.5, 16], "rotation": 90, "texture": "#0"},
				"south": {"uv": [8, 8, 9.5, 16], "texture": "#0"},
				"west": {"uv": [8, 8, 9.5, 16], "rotation": 90, "texture": "#0"},
				"up": {"uv": [8, 8, 9.5, 16], "texture": "#0"},
				"down": {"uv": [8, 8, 9.5, 16], "texture": "#0"}
			}
		},
		{
			"from": [8.78555, 10.86525, 1.89411],
			"to": [9.53555, 11.86525, 2.89411],
			"rotation": {"angle": 22.5, "axis": "x", "origin": [9.28555, 11.61525, 3.64411]},
			"faces": {
				"north": {"uv": [8, 8, 9.5, 16], "rotation": 90, "texture": "#0"},
				"east": {"uv": [0, 8, 8, 16], "rotation": 90, "texture": "#0"},
				"south": {"uv": [8, 8, 9.5, 16], "rotation": 90, "texture": "#0"},
				"west": {"uv": [0, 8, 8, 16], "rotation": 90, "texture": "#0"},
				"up": {"uv": [8, 8, 9.5, 16], "rotation": 90, "texture": "#0"},
				"down": {"uv": [8, 8, 9.5, 16], "rotation": 90, "texture": "#0"}
			}
		},
		{
			"from": [8.78555, 10.86525, 4.89411],
			"to": [9.53555, 11.86525, 5.89411],
			"rotation": {"angle": 22.5, "axis": "x", "origin": [9.28555, 11.61525, 3.64411]},
			"faces": {
				"north": {"uv": [8, 8, 9.5, 16], "rotation": 90, "texture": "#0"},
				"east": {"uv": [0, 8, 8, 16], "rotation": 90, "texture": "#0"},
				"south": {"uv": [8, 8, 9.5, 16], "rotation": 90, "texture": "#0"},
				"west": {"uv": [0, 8, 8, 16], "rotation": 90, "texture": "#0"},
				"up": {"uv": [8, 8, 9.5, 16], "rotation": 90, "texture": "#0"},
				"down": {"uv": [8, 8, 9.5, 16], "rotation": 90, "texture": "#0"}
			}
		},
		{
			"from": [6.46445, 10.86525, 4.89411],
			"to": [7.21445, 11.86525, 5.89411],
			"rotation": {"angle": 22.5, "axis": "x", "origin": [6.71445, 11.61525, 3.64411]},
			"faces": {
				"north": {"uv": [8, 16, 9.5, 8], "rotation": 90, "texture": "#0"},
				"east": {"uv": [0, 16, 8, 8], "rotation": 90, "texture": "#0"},
				"south": {"uv": [8, 16, 9.5, 8], "rotation": 90, "texture": "#0"},
				"west": {"uv": [0, 16, 8, 8], "rotation": 90, "texture": "#0"},
				"up": {"uv": [8, 16, 9.5, 8], "rotation": 90, "texture": "#0"},
				"down": {"uv": [8, 16, 9.5, 8], "rotation": 90, "texture": "#0"}
			}
		},
		{
			"from": [6.46445, 10.86525, 1.89411],
			"to": [7.21445, 11.86525, 2.89411],
			"rotation": {"angle": 22.5, "axis": "x", "origin": [6.71445, 11.61525, 3.64411]},
			"faces": {
				"north": {"uv": [8, 16, 9.5, 8], "rotation": 90, "texture": "#0"},
				"east": {"uv": [0, 16, 8, 8], "rotation": 90, "texture": "#0"},
				"south": {"uv": [8, 16, 9.5, 8], "rotation": 90, "texture": "#0"},
				"west": {"uv": [0, 16, 8, 8], "rotation": 90, "texture": "#0"},
				"up": {"uv": [8, 16, 9.5, 8], "rotation": 90, "texture": "#0"},
				"down": {"uv": [8, 16, 9.5, 8], "rotation": 90, "texture": "#0"}
			}
		},
		{
			"from": [6.56445, 11.11525, 2.64411],
			"to": [7.11445, 11.61525, 5.14411],
			"rotation": {"angle": 22.5, "axis": "x", "origin": [6.71445, 11.61525, 3.64411]},
			"faces": {
				"north": {"uv": [9.5, 8, 8, 16], "texture": "#0"},
				"east": {"uv": [8, 16, 9.5, 8], "rotation": 90, "texture": "#0"},
				"south": {"uv": [9.5, 8, 8, 16], "texture": "#0"},
				"west": {"uv": [8, 16, 9.5, 8], "rotation": 90, "texture": "#0"},
				"up": {"uv": [9.5, 8, 8, 16], "texture": "#0"},
				"down": {"uv": [9.5, 8, 8, 16], "texture": "#0"}
			}
		},
		{
			"from": [8.98498, 12.97036, 3.30958],
			"to": [9.33498, 13.27036, 4.80958],
			"rotation": {"angle": 45, "axis": "x", "origin": [6.71388, 12.12036, 3.30958]},
			"faces": {
				"north": {"uv": [8, 8, 9.5, 16], "texture": "#0"},
				"east": {"uv": [8, 8, 9.5, 16], "rotation": 90, "texture": "#0"},
				"south": {"uv": [8, 8, 9.5, 16], "texture": "#0"},
				"west": {"uv": [8, 8, 9.5, 16], "rotation": 90, "texture": "#0"},
				"up": {"uv": [8, 8, 9.5, 16], "texture": "#0"},
				"down": {"uv": [8, 8, 9.5, 16], "texture": "#0"}
			}
		},
		{
			"from": [6.66388, 12.97036, 3.30958],
			"to": [7.01388, 13.27036, 4.80958],
			"rotation": {"angle": 45, "axis": "x", "origin": [6.71388, 12.12036, 3.30958]},
			"faces": {
				"north": {"uv": [9.5, 8, 8, 16], "texture": "#0"},
				"east": {"uv": [8, 16, 9.5, 8], "rotation": 90, "texture": "#0"},
				"south": {"uv": [9.5, 8, 8, 16], "texture": "#0"},
				"west": {"uv": [8, 16, 9.5, 8], "rotation": 90, "texture": "#0"},
				"up": {"uv": [9.5, 8, 8, 16], "texture": "#0"},
				"down": {"uv": [9.5, 8, 8, 16], "texture": "#0"}
			}
		},
		{
			"from": [8.98555, 10.46911, 5.41085],
			"to": [9.33555, 11.71911, 5.71085],
			"rotation": {"angle": -22.5, "axis": "x", "origin": [6.71445, 10.46911, 5.06085]},
			"faces": {
				"north": {"uv": [8, 8, 9.5, 16], "rotation": 180, "texture": "#0"},
				"east": {"uv": [8, 8, 9.5, 16], "texture": "#0"},
				"south": {"uv": [8, 8, 9.5, 16], "texture": "#0"},
				"west": {"uv": [8, 8, 9.5, 16], "rotation": 180, "texture": "#0"},
				"up": {"uv": [8, 8, 9.5, 16], "rotation": 180, "texture": "#0"},
				"down": {"uv": [8, 8, 9.5, 16], "texture": "#0"}
			}
		},
		{
			"from": [6.66445, 10.46911, 5.41085],
			"to": [7.01445, 11.71911, 5.71085],
			"rotation": {"angle": -22.5, "axis": "x", "origin": [6.71445, 10.46911, 5.06085]},
			"faces": {
				"north": {"uv": [9.5, 8, 8, 16], "rotation": 180, "texture": "#0"},
				"east": {"uv": [8, 16, 9.5, 8], "texture": "#0"},
				"south": {"uv": [9.5, 8, 8, 16], "texture": "#0"},
				"west": {"uv": [8, 16, 9.5, 8], "rotation": 180, "texture": "#0"},
				"up": {"uv": [9.5, 8, 8, 16], "rotation": 180, "texture": "#0"},
				"down": {"uv": [9.5, 8, 8, 16], "texture": "#0"}
			}
		},
		{
			"from": [8.98494, 12.6337, 2.12263],
			"to": [9.33494, 12.9337, 4.12263],
			"faces": {
				"north": {"uv": [8, 8, 9.5, 16], "texture": "#0"},
				"east": {"uv": [8, 8, 9.5, 16], "rotation": 90, "texture": "#0"},
				"south": {"uv": [8, 8, 9.5, 16], "texture": "#0"},
				"west": {"uv": [8, 8, 9.5, 16], "rotation": 90, "texture": "#0"},
				"up": {"uv": [8, 8, 9.5, 16], "texture": "#0"},
				"down": {"uv": [8, 8, 9.5, 16], "texture": "#0"}
			}
		},
		{
			"from": [6.66384, 12.6337, 2.12263],
			"to": [7.01384, 12.9337, 4.12263],
			"faces": {
				"north": {"uv": [9.5, 8, 8, 16], "texture": "#0"},
				"east": {"uv": [8, 16, 9.5, 8], "rotation": 90, "texture": "#0"},
				"south": {"uv": [9.5, 8, 8, 16], "texture": "#0"},
				"west": {"uv": [8, 16, 9.5, 8], "rotation": 90, "texture": "#0"},
				"up": {"uv": [9.5, 8, 8, 16], "texture": "#0"},
				"down": {"uv": [9.5, 8, 8, 16], "texture": "#0"}
			}
		},
		{
			"from": [8.88555, 12.56525, 3.34411],
			"to": [9.43555, 13.06525, 3.84411],
			"rotation": {"angle": 22.5, "axis": "x", "origin": [9.28555, 11.61525, 3.64411]},
			"faces": {
				"north": {"uv": [8, 8, 9.5, 16], "rotation": 90, "texture": "#0"},
				"east": {"uv": [0, 8, 8, 16], "rotation": 90, "texture": "#0"},
				"south": {"uv": [8, 8, 9.5, 16], "rotation": 90, "texture": "#0"},
				"west": {"uv": [0, 8, 8, 16], "rotation": 90, "texture": "#0"},
				"up": {"uv": [8, 8, 9.5, 16], "rotation": 90, "texture": "#0"},
				"down": {"uv": [8, 8, 9.5, 16], "rotation": 90, "texture": "#0"}
			}
		},
		{
			"from": [6.56445, 12.56525, 3.34411],
			"to": [7.11445, 13.06525, 3.84411],
			"rotation": {"angle": 22.5, "axis": "x", "origin": [6.71445, 11.61525, 3.64411]},
			"faces": {
				"north": {"uv": [8, 16, 9.5, 8], "rotation": 90, "texture": "#0"},
				"east": {"uv": [0, 16, 8, 8], "rotation": 90, "texture": "#0"},
				"south": {"uv": [8, 16, 9.5, 8], "rotation": 90, "texture": "#0"},
				"west": {"uv": [0, 16, 8, 8], "rotation": 90, "texture": "#0"},
				"up": {"uv": [8, 16, 9.5, 8], "rotation": 90, "texture": "#0"},
				"down": {"uv": [8, 16, 9.5, 8], "rotation": 90, "texture": "#0"}
			}
		},
		{
			"from": [8.88555, 12.54025, 2.04411],
			"to": [9.43555, 13.04025, 2.54411],
			"faces": {
				"north": {"uv": [8, 8, 9.5, 16], "rotation": 90, "texture": "#0"},
				"east": {"uv": [0, 8, 8, 16], "rotation": 90, "texture": "#0"},
				"south": {"uv": [8, 8, 9.5, 16], "rotation": 90, "texture": "#0"},
				"west": {"uv": [0, 8, 8, 16], "rotation": 90, "texture": "#0"},
				"up": {"uv": [8, 8, 9.5, 16], "rotation": 90, "texture": "#0"},
				"down": {"uv": [8, 8, 9.5, 16], "rotation": 90, "texture": "#0"}
			}
		},
		{
			"from": [6.56445, 12.54025, 2.04411],
			"to": [7.11445, 13.04025, 2.54411],
			"faces": {
				"north": {"uv": [8, 16, 9.5, 8], "rotation": 90, "texture": "#0"},
				"east": {"uv": [0, 16, 8, 8], "rotation": 90, "texture": "#0"},
				"south": {"uv": [8, 16, 9.5, 8], "rotation": 90, "texture": "#0"},
				"west": {"uv": [0, 16, 8, 8], "rotation": 90, "texture": "#0"},
				"up": {"uv": [8, 16, 9.5, 8], "rotation": 90, "texture": "#0"},
				"down": {"uv": [8, 16, 9.5, 8], "rotation": 90, "texture": "#0"}
			}
		},
		{
			"from": [8.88494, 12.5337, 2.77263],
			"to": [9.43494, 13.0337, 3.62263],
			"faces": {
				"north": {"uv": [0, 8, 8, 0], "rotation": 90, "texture": "#0"},
				"east": {"uv": [1.25, 6.75, 6.75, 1.25], "rotation": 90, "texture": "#0"},
				"south": {"uv": [0, 8, 8, 0], "rotation": 90, "texture": "#0"},
				"west": {"uv": [1.25, 6.75, 6.75, 1.25], "rotation": 90, "texture": "#0"},
				"up": {"uv": [1.25, 6.75, 6.75, 1.25], "rotation": 90, "texture": "#0"},
				"down": {"uv": [1.25, 6.75, 6.75, 1.25], "rotation": 90, "texture": "#0"}
			}
		},
		{
			"from": [6.56384, 12.5337, 2.77263],
			"to": [7.11384, 13.0337, 3.62263],
			"faces": {
				"north": {"uv": [0, 8, 8, 0], "rotation": 90, "texture": "#0"},
				"east": {"uv": [1.25, 6.75, 6.75, 1.25], "rotation": 90, "texture": "#0"},
				"south": {"uv": [0, 8, 8, 0], "rotation": 90, "texture": "#0"},
				"west": {"uv": [1.25, 6.75, 6.75, 1.25], "rotation": 90, "texture": "#0"},
				"up": {"uv": [1.25, 6.75, 6.75, 1.25], "rotation": 90, "texture": "#0"},
				"down": {"uv": [1.25, 6.75, 6.75, 1.25], "rotation": 90, "texture": "#0"}
			}
		}
	],
	"display": {
		"thirdperson_righthand": {
			"translation": [0, -3.25, 6.5]
		},
		"head": {
			"translation": [0, -16, 11.25],
			"scale": [4, 4, 4]
		}
	},
	"groups": [
		{
			"name": "head",
			"children": [0, 1, 2, 3, 4, 5, 6, 7, 8, 9, 10, 11, 12, 13, 14, 15, 16, 17, 18, 19, 20, 21, 22, 23, 24, 25, 26, 27, 28, 29, 30, 31, 32, 33, 34, 35, 36, 37, 38, 39, 40, 41, 42, 43, 44, 45, 46, 47, 48, 49, 50, 51, 52, 53, 54, 55, 56, 57, 58, 59, 60, 61, 62, 63, 64, 65, 66, 67, 68, 69, 70, 71, 72, 73, 74, 75, 76, 77, 78, 79, 80, 81, 82, 83, 84, 85, 86, 87, 88, 89, 90, 91, 92, 93, 94, 95, 96, 97, 98, 99, 100, 101, 102, 103, 104, 105, 106, 107, 108, 109, 110, 111, 112, 113]
		}
	]
}