{
	"credit": "https://www.youtube.com/c/ZeroCaty",
	"textures": {
		"0": "zcbm/magic/ancient/allparts",
		"particle": "zcbm/magic/ancient/allparts"
	},
	"elements": [
		{
			"from": [3.4892, -5.38777, 6.83348],
			"to": [5.62848, 3.16935, 8.97276],
			"rotation": {"angle": 45, "axis": "x", "origin": [4.5616, -2.84802, 10.11686]},
			"faces": {
				"north": {"uv": [6.75, 1.25, 1.25, 6.75], "texture": "#0"},
				"east": {"uv": [6.75, 1.25, 1.25, 6.75], "texture": "#0"},
				"south": {"uv": [6.75, 1.25, 1.25, 6.75], "texture": "#0"},
				"west": {"uv": [6.75, 1.25, 1.25, 6.75], "texture": "#0"},
				"up": {"uv": [6.75, 1.25, 1.25, 6.75], "texture": "#0"},
				"down": {"uv": [6.75, 1.25, 1.25, 6.75], "texture": "#0"}
			}
		},
		{
			"from": [3.54675, -5.3849, 8.9834],
			"to": [4.13505, -3.24562, 15.40124],
			"rotation": {"angle": 45, "axis": "x", "origin": [4.5616, -2.84802, 10.11686]},
			"faces": {
				"north": {"uv": [1.25, 6.75, 6.75, 1.25], "rotation": 90, "texture": "#0"},
				"east": {"uv": [1.25, 6.75, 6.75, 1.25], "rotation": 90, "texture": "#0"},
				"south": {"uv": [1.25, 6.75, 6.75, 1.25], "rotation": 90, "texture": "#0"},
				"west": {"uv": [1.25, 6.75, 6.75, 1.25], "rotation": 90, "texture": "#0"},
				"up": {"uv": [1.25, 6.75, 6.75, 1.25], "rotation": 90, "texture": "#0"},
				"down": {"uv": [1.25, 6.75, 6.75, 1.25], "rotation": 90, "texture": "#0"}
			}
		},
		{
			"from": [4.14681, -8.01405, 12.7113],
			"to": [5.00253, -5.23013, 14.85058],
			"rotation": {"angle": 22.5, "axis": "x", "origin": [4.5616, -2.84802, 10.11686]},
			"faces": {
				"north": {"uv": [6.75, 1.25, 1.25, 6.75], "texture": "#0"},
				"east": {"uv": [6.75, 1.25, 1.25, 6.75], "texture": "#0"},
				"south": {"uv": [6.75, 1.25, 1.25, 6.75], "texture": "#0"},
				"west": {"uv": [6.75, 1.25, 1.25, 6.75], "texture": "#0"},
				"up": {"uv": [6.75, 1.25, 1.25, 6.75], "texture": "#0"},
				"down": {"uv": [6.75, 1.25, 1.25, 6.75], "texture": "#0"}
			}
		},
		{
			"from": [4.2955, -3.64434, 9.38944],
			"to": [4.83032, -3.00255, 13.77497],
			"rotation": {"angle": 22.5, "axis": "x", "origin": [4.5616, -2.84802, 10.11686]},
			"faces": {
				"north": {"uv": [9.5, 8, 8, 16], "rotation": 180, "texture": "#0"},
				"east": {"uv": [9.5, 8, 8, 16], "rotation": 180, "texture": "#0"},
				"south": {"uv": [9.5, 8, 8, 16], "rotation": 180, "texture": "#0"},
				"west": {"uv": [9.5, 8, 8, 16], "rotation": 180, "texture": "#0"},
				"up": {"uv": [9.5, 8, 8, 16], "rotation": 180, "texture": "#0"},
				"down": {"uv": [9.5, 8, 8, 16], "rotation": 180, "texture": "#0"}
			}
		},
		{
			"from": [4.3509, -7.06475, 12.79749],
			"to": [4.77875, -4.39065, 13.43927],
			"faces": {
				"north": {"uv": [9.5, 8, 8, 16], "texture": "#0"},
				"east": {"uv": [9.5, 8, 8, 16], "texture": "#0"},
				"south": {"uv": [9.5, 8, 8, 16], "texture": "#0"},
				"west": {"uv": [9.5, 8, 8, 16], "texture": "#0"},
				"up": {"uv": [9.5, 8, 8, 16], "texture": "#0"},
				"down": {"uv": [9.5, 8, 8, 16], "texture": "#0"}
			}
		},
		{
			"from": [4.992, -5.38403, 8.98396],
			"to": [5.58031, -3.24475, 15.4018],
			"rotation": {"angle": 45, "axis": "x", "origin": [4.5616, -2.84802, 10.11686]},
			"faces": {
				"north": {"uv": [1.25, 6.75, 6.75, 1.25], "rotation": 90, "texture": "#0"},
				"east": {"uv": [1.25, 6.75, 6.75, 1.25], "rotation": 90, "texture": "#0"},
				"south": {"uv": [1.25, 6.75, 6.75, 1.25], "rotation": 90, "texture": "#0"},
				"west": {"uv": [1.25, 6.75, 6.75, 1.25], "rotation": 90, "texture": "#0"},
				"up": {"uv": [1.25, 6.75, 6.75, 1.25], "rotation": 90, "texture": "#0"},
				"down": {"uv": [1.25, 6.75, 6.75, 1.25], "rotation": 90, "texture": "#0"}
			}
		},
		{
			"from": [4.18853, -3.69782, 13.29363],
			"to": [4.93728, -2.94907, 14.04238],
			"rotation": {"angle": 22.5, "axis": "x", "origin": [4.5616, -2.84802, 10.11686]},
			"faces": {
				"north": {"uv": [12, 8, 11, 16], "rotation": 180, "texture": "#0"},
				"east": {"uv": [8, 0, 0, 8], "rotation": 180, "texture": "#0"},
				"south": {"uv": [12, 8, 11, 16], "rotation": 180, "texture": "#0"},
				"west": {"uv": [8, 0, 0, 8], "rotation": 180, "texture": "#0"},
				"up": {"uv": [12, 8, 11, 16], "rotation": 180, "texture": "#0"},
				"down": {"uv": [12, 8, 11, 16], "rotation": 180, "texture": "#0"}
			}
		},
		{
			"from": [3.18414, -7.99977, 13.355],
			"to": [5.9652, -7.14406, 14.21071],
			"rotation": {"angle": 22.5, "axis": "x", "origin": [4.5616, -2.84802, 10.11686]},
			"faces": {
				"north": {"uv": [8, 16, 9.5, 8], "rotation": 90, "texture": "#0"},
				"east": {"uv": [0, 16, 8, 8], "rotation": 90, "texture": "#0"},
				"south": {"uv": [8, 16, 9.5, 8], "rotation": 90, "texture": "#0"},
				"west": {"uv": [0, 16, 8, 8], "rotation": 90, "texture": "#0"},
				"up": {"uv": [8, 16, 9.5, 8], "rotation": 90, "texture": "#0"},
				"down": {"uv": [8, 16, 9.5, 8], "rotation": 90, "texture": "#0"}
			}
		},
		{
			"from": [3.33282, -3.69782, 9.01507],
			"to": [5.79299, -2.94907, 9.76382],
			"rotation": {"angle": 22.5, "axis": "x", "origin": [4.5616, -2.84802, 10.11686]},
			"faces": {
				"north": {"uv": [12, 8, 11, 16], "rotation": 180, "texture": "#0"},
				"east": {"uv": [8, 0, 0, 8], "rotation": 180, "texture": "#0"},
				"south": {"uv": [12, 8, 11, 16], "rotation": 180, "texture": "#0"},
				"west": {"uv": [8, 0, 0, 8], "rotation": 180, "texture": "#0"},
				"up": {"uv": [12, 8, 11, 16], "rotation": 180, "texture": "#0"},
				"down": {"uv": [12, 8, 11, 16], "rotation": 180, "texture": "#0"}
			}
		},
		{
			"from": [3.27527, -4.95992, 7.26133],
			"to": [5.84241, -3.67635, 8.5449],
			"rotation": {"angle": 45, "axis": "x", "origin": [4.5616, -2.84802, 10.11686]},
			"faces": {
				"north": {"uv": [8, 16, 9.5, 8], "rotation": 90, "texture": "#0"},
				"east": {"uv": [0, 16, 8, 8], "rotation": 90, "texture": "#0"},
				"south": {"uv": [8, 16, 9.5, 8], "rotation": 90, "texture": "#0"},
				"west": {"uv": [0, 16, 8, 8], "rotation": 90, "texture": "#0"},
				"up": {"uv": [8, 16, 9.5, 8], "rotation": 90, "texture": "#0"},
				"down": {"uv": [8, 16, 9.5, 8], "rotation": 90, "texture": "#0"}
			}
		},
		{
			"from": [3.49321, -4.05261, 8.88521],
			"to": [4.29544, -2.76904, 11.02449],
			"rotation": {"angle": 22.5, "axis": "x", "origin": [4.5616, -2.84802, 10.11686]},
			"faces": {
				"north": {"uv": [8, 16, 9.5, 8], "rotation": 90, "texture": "#0"},
				"east": {"uv": [8, 16, 9.5, 8], "rotation": 90, "texture": "#0"},
				"south": {"uv": [9.5, 8, 8, 16], "rotation": 180, "texture": "#0"},
				"west": {"uv": [8, 16, 9.5, 8], "rotation": 90, "texture": "#0"},
				"up": {"uv": [9.5, 8, 8, 16], "texture": "#0"},
				"down": {"uv": [8, 16, 9.5, 8], "rotation": 90, "texture": "#0"}
			}
		},
		{
			"from": [3.49321, -6.23857, 9.80652],
			"to": [4.18848, -3.83188, 11.09009],
			"rotation": {"angle": -22.5, "axis": "x", "origin": [4.5616, -2.84802, 10.11686]},
			"faces": {
				"north": {"uv": [8, 16, 9.5, 8], "rotation": 270, "texture": "#0"},
				"east": {"uv": [9.5, 8, 8, 16], "rotation": 180, "texture": "#0"},
				"south": {"uv": [9.5, 8, 8, 16], "texture": "#0"},
				"west": {"uv": [9.5, 8, 8, 16], "texture": "#0"},
				"up": {"uv": [8, 16, 9.5, 8], "rotation": 270, "texture": "#0"},
				"down": {"uv": [9.5, 8, 8, 16], "rotation": 180, "texture": "#0"}
			}
		},
		{
			"from": [3.4892, -5.65518, 9.40061],
			"to": [5.62848, -5.22733, 10.57722],
			"rotation": {"angle": 45, "axis": "x", "origin": [4.5616, -2.84802, 10.11686]},
			"faces": {
				"north": {"uv": [8, 16, 9.5, 8], "rotation": 90, "texture": "#0"},
				"east": {"uv": [8, 16, 9.5, 8], "rotation": 90, "texture": "#0"},
				"south": {"uv": [8, 16, 9.5, 8], "rotation": 90, "texture": "#0"},
				"west": {"uv": [8, 16, 9.5, 8], "rotation": 90, "texture": "#0"},
				"up": {"uv": [8, 16, 9.5, 8], "rotation": 90, "texture": "#0"},
				"down": {"uv": [8, 16, 9.5, 8], "rotation": 90, "texture": "#0"}
			}
		},
		{
			"from": [3.27527, -5.70866, 8.97276],
			"to": [5.84241, -5.17384, 9.50758],
			"rotation": {"angle": 45, "axis": "x", "origin": [4.5616, -2.84802, 10.11686]},
			"faces": {
				"north": {"uv": [8, 16, 9.5, 8], "rotation": 90, "texture": "#0"},
				"east": {"uv": [0, 16, 8, 8], "rotation": 90, "texture": "#0"},
				"south": {"uv": [8, 16, 9.5, 8], "rotation": 90, "texture": "#0"},
				"west": {"uv": [0, 16, 8, 8], "rotation": 90, "texture": "#0"},
				"up": {"uv": [8, 16, 9.5, 8], "rotation": 90, "texture": "#0"},
				"down": {"uv": [8, 16, 9.5, 8], "rotation": 90, "texture": "#0"}
			}
		},
		{
			"from": [3.27527, -5.70866, 10.57722],
			"to": [5.84241, -5.17384, 11.11204],
			"rotation": {"angle": 45, "axis": "x", "origin": [4.5616, -2.84802, 10.11686]},
			"faces": {
				"north": {"uv": [8, 16, 9.5, 8], "rotation": 90, "texture": "#0"},
				"east": {"uv": [0, 16, 8, 8], "rotation": 90, "texture": "#0"},
				"south": {"uv": [8, 16, 9.5, 8], "rotation": 90, "texture": "#0"},
				"west": {"uv": [0, 16, 8, 8], "rotation": 90, "texture": "#0"},
				"up": {"uv": [8, 16, 9.5, 8], "rotation": 90, "texture": "#0"},
				"down": {"uv": [8, 16, 9.5, 8], "rotation": 90, "texture": "#0"}
			}
		},
		{
			"from": [3.4892, -5.65518, 11.00507],
			"to": [5.62848, -5.22733, 12.18168],
			"rotation": {"angle": 45, "axis": "x", "origin": [4.5616, -2.84802, 10.11686]},
			"faces": {
				"north": {"uv": [8, 16, 9.5, 8], "rotation": 90, "texture": "#0"},
				"east": {"uv": [8, 16, 9.5, 8], "rotation": 90, "texture": "#0"},
				"south": {"uv": [8, 16, 9.5, 8], "rotation": 90, "texture": "#0"},
				"west": {"uv": [8, 16, 9.5, 8], "rotation": 90, "texture": "#0"},
				"up": {"uv": [8, 16, 9.5, 8], "rotation": 90, "texture": "#0"},
				"down": {"uv": [8, 16, 9.5, 8], "rotation": 90, "texture": "#0"}
			}
		},
		{
			"from": [3.27527, -5.70866, 12.18168],
			"to": [5.84241, -5.17384, 12.7165],
			"rotation": {"angle": 45, "axis": "x", "origin": [4.5616, -2.84802, 10.11686]},
			"faces": {
				"north": {"uv": [8, 16, 9.5, 8], "rotation": 90, "texture": "#0"},
				"east": {"uv": [0, 16, 8, 8], "rotation": 90, "texture": "#0"},
				"south": {"uv": [8, 16, 9.5, 8], "rotation": 90, "texture": "#0"},
				"west": {"uv": [0, 16, 8, 8], "rotation": 90, "texture": "#0"},
				"up": {"uv": [8, 16, 9.5, 8], "rotation": 90, "texture": "#0"},
				"down": {"uv": [8, 16, 9.5, 8], "rotation": 90, "texture": "#0"}
			}
		},
		{
			"from": [3.4892, -5.65518, 12.60953],
			"to": [5.62848, -5.22733, 13.78614],
			"rotation": {"angle": 45, "axis": "x", "origin": [4.5616, -2.84802, 10.11686]},
			"faces": {
				"north": {"uv": [8, 16, 9.5, 8], "rotation": 90, "texture": "#0"},
				"east": {"uv": [8, 16, 9.5, 8], "rotation": 90, "texture": "#0"},
				"south": {"uv": [8, 16, 9.5, 8], "rotation": 90, "texture": "#0"},
				"west": {"uv": [8, 16, 9.5, 8], "rotation": 90, "texture": "#0"},
				"up": {"uv": [8, 16, 9.5, 8], "rotation": 90, "texture": "#0"},
				"down": {"uv": [8, 16, 9.5, 8], "rotation": 90, "texture": "#0"}
			}
		},
		{
			"from": [3.27527, 1.88187, 11.74887],
			"to": [5.84241, 2.30973, 13.56726],
			"rotation": {"angle": -22.5, "axis": "x", "origin": [4.5616, -2.84802, 10.11686]},
			"faces": {
				"north": {"uv": [8, 16, 9.5, 8], "rotation": 270, "texture": "#0"},
				"east": {"uv": [8, 16, 9.5, 8], "rotation": 270, "texture": "#0"},
				"south": {"uv": [8, 16, 9.5, 8], "rotation": 270, "texture": "#0"},
				"west": {"uv": [8, 16, 9.5, 8], "rotation": 270, "texture": "#0"},
				"up": {"uv": [8, 16, 9.5, 8], "rotation": 90, "texture": "#0"},
				"down": {"uv": [8, 16, 9.5, 8], "rotation": 90, "texture": "#0"}
			}
		},
		{
			"from": [3.22179, 1.82839, 13.4603],
			"to": [5.89589, 2.36321, 13.99512],
			"rotation": {"angle": -22.5, "axis": "x", "origin": [4.5616, -2.84802, 10.11686]},
			"faces": {
				"north": {"uv": [8, 16, 9.5, 8], "rotation": 270, "texture": "#0"},
				"east": {"uv": [0, 16, 8, 8], "rotation": 270, "texture": "#0"},
				"south": {"uv": [8, 16, 9.5, 8], "rotation": 270, "texture": "#0"},
				"west": {"uv": [0, 16, 8, 8], "rotation": 270, "texture": "#0"},
				"up": {"uv": [8, 16, 9.5, 8], "rotation": 90, "texture": "#0"},
				"down": {"uv": [8, 16, 9.5, 8], "rotation": 90, "texture": "#0"}
			}
		},
		{
			"from": [3.22179, 1.17346, 11.87915],
			"to": [5.89589, 1.70828, 12.41397],
			"rotation": {"angle": -22.5, "axis": "x", "origin": [4.5616, -2.84802, 10.11686]},
			"faces": {
				"north": {"uv": [8, 16, 9.5, 8], "rotation": 270, "texture": "#0"},
				"east": {"uv": [0, 16, 8, 8], "rotation": 270, "texture": "#0"},
				"south": {"uv": [8, 16, 9.5, 8], "rotation": 270, "texture": "#0"},
				"west": {"uv": [0, 16, 8, 8], "rotation": 270, "texture": "#0"},
				"up": {"uv": [8, 16, 9.5, 8], "rotation": 90, "texture": "#0"},
				"down": {"uv": [8, 16, 9.5, 8], "rotation": 90, "texture": "#0"}
			}
		},
		{
			"from": [3.27527, 1.22695, 10.16772],
			"to": [5.84241, 1.6548, 11.98611],
			"rotation": {"angle": -22.5, "axis": "x", "origin": [4.5616, -2.84802, 10.11686]},
			"faces": {
				"north": {"uv": [8, 16, 9.5, 8], "rotation": 270, "texture": "#0"},
				"east": {"uv": [8, 16, 9.5, 8], "rotation": 270, "texture": "#0"},
				"south": {"uv": [8, 16, 9.5, 8], "rotation": 270, "texture": "#0"},
				"west": {"uv": [8, 16, 9.5, 8], "rotation": 270, "texture": "#0"},
				"up": {"uv": [8, 16, 9.5, 8], "rotation": 90, "texture": "#0"},
				"down": {"uv": [8, 16, 9.5, 8], "rotation": 90, "texture": "#0"}
			}
		},
		{
			"from": [3.22179, 0.51852, 10.29801],
			"to": [5.89589, 1.05334, 10.83283],
			"rotation": {"angle": -22.5, "axis": "x", "origin": [4.5616, -2.84802, 10.11686]},
			"faces": {
				"north": {"uv": [8, 16, 9.5, 8], "rotation": 270, "texture": "#0"},
				"east": {"uv": [0, 16, 8, 8], "rotation": 270, "texture": "#0"},
				"south": {"uv": [8, 16, 9.5, 8], "rotation": 270, "texture": "#0"},
				"west": {"uv": [0, 16, 8, 8], "rotation": 270, "texture": "#0"},
				"up": {"uv": [8, 16, 9.5, 8], "rotation": 90, "texture": "#0"},
				"down": {"uv": [8, 16, 9.5, 8], "rotation": 90, "texture": "#0"}
			}
		},
		{
			"from": [3.27527, 0.572, 8.58659],
			"to": [5.84241, 0.99986, 10.40497],
			"rotation": {"angle": -22.5, "axis": "x", "origin": [4.5616, -2.84802, 10.11686]},
			"faces": {
				"north": {"uv": [8, 16, 9.5, 8], "rotation": 270, "texture": "#0"},
				"east": {"uv": [8, 16, 9.5, 8], "rotation": 270, "texture": "#0"},
				"south": {"uv": [8, 16, 9.5, 8], "rotation": 270, "texture": "#0"},
				"west": {"uv": [8, 16, 9.5, 8], "rotation": 270, "texture": "#0"},
				"up": {"uv": [8, 16, 9.5, 8], "rotation": 90, "texture": "#0"},
				"down": {"uv": [8, 16, 9.5, 8], "rotation": 90, "texture": "#0"}
			}
		},
		{
			"from": [3.54717, -4.43191, 9.44238],
			"to": [4.08199, -4.11102, 13.13264],
			"rotation": {"angle": 45, "axis": "x", "origin": [4.5616, -2.84802, 10.11686]},
			"faces": {
				"north": {"uv": [8, 16, 9.5, 8], "rotation": 90, "texture": "#0"},
				"east": {"uv": [8, 16, 9.5, 8], "rotation": 90, "texture": "#0"},
				"south": {"uv": [9.5, 8, 8, 16], "rotation": 180, "texture": "#0"},
				"west": {"uv": [8, 16, 9.5, 8], "rotation": 90, "texture": "#0"},
				"up": {"uv": [9.5, 8, 8, 16], "texture": "#0"},
				"down": {"uv": [8, 16, 9.5, 8], "rotation": 90, "texture": "#0"}
			}
		},
		{
			"from": [4.9398, -6.23857, 9.80652],
			"to": [5.63506, -3.83188, 11.09009],
			"rotation": {"angle": -22.5, "axis": "x", "origin": [4.5616, -2.84802, 10.11686]},
			"faces": {
				"north": {"uv": [8, 8, 9.5, 16], "rotation": 270, "texture": "#0"},
				"east": {"uv": [8, 8, 9.5, 16], "texture": "#0"},
				"south": {"uv": [8, 8, 9.5, 16], "texture": "#0"},
				"west": {"uv": [8, 8, 9.5, 16], "rotation": 180, "texture": "#0"},
				"up": {"uv": [8, 8, 9.5, 16], "rotation": 270, "texture": "#0"},
				"down": {"uv": [8, 8, 9.5, 16], "rotation": 180, "texture": "#0"}
			}
		},
		{
			"from": [4.8329, -4.05271, 8.88544],
			"to": [5.63513, -2.76914, 11.02472],
			"rotation": {"angle": 22.5, "axis": "x", "origin": [4.5616, -2.84802, 10.11686]},
			"faces": {
				"north": {"uv": [8, 8, 9.5, 16], "rotation": 90, "texture": "#0"},
				"east": {"uv": [8, 8, 9.5, 16], "rotation": 90, "texture": "#0"},
				"south": {"uv": [8, 8, 9.5, 16], "rotation": 180, "texture": "#0"},
				"west": {"uv": [8, 8, 9.5, 16], "rotation": 90, "texture": "#0"},
				"up": {"uv": [8, 8, 9.5, 16], "texture": "#0"},
				"down": {"uv": [8, 8, 9.5, 16], "rotation": 90, "texture": "#0"}
			}
		},
		{
			"from": [5.04724, -4.43191, 9.44236],
			"to": [5.58206, -4.11102, 13.13262],
			"rotation": {"angle": 45, "axis": "x", "origin": [4.5616, -2.84802, 10.11686]},
			"faces": {
				"north": {"uv": [8, 8, 9.5, 16], "rotation": 90, "texture": "#0"},
				"east": {"uv": [9.5, 16, 8, 8], "rotation": 270, "texture": "#0"},
				"south": {"uv": [8, 8, 9.5, 16], "rotation": 180, "texture": "#0"},
				"west": {"uv": [9.5, 16, 8, 8], "rotation": 270, "texture": "#0"},
				"up": {"uv": [8, 8, 9.5, 16], "texture": "#0"},
				"down": {"uv": [8, 8, 9.5, 16], "rotation": 90, "texture": "#0"}
			}
		},
		{
			"from": [3.70203, 0.47301, 9.76098],
			"to": [5.41345, 3.14711, 11.36544],
			"rotation": {"angle": 22.5, "axis": "x", "origin": [4.5616, -2.84802, 10.11686]},
			"faces": {
				"north": {"uv": [6.75, 1.25, 1.25, 6.75], "texture": "#0"},
				"east": {"uv": [6.75, 1.25, 1.25, 6.75], "texture": "#0"},
				"south": {"uv": [6.75, 1.25, 1.25, 6.75], "texture": "#0"},
				"west": {"uv": [6.75, 1.25, 1.25, 6.75], "texture": "#0"},
				"up": {"uv": [6.75, 1.25, 1.25, 6.75], "texture": "#0"},
				"down": {"uv": [6.75, 1.25, 1.25, 6.75], "texture": "#0"}
			}
		},
		{
			"from": [3.75551, -0.2576, 10.93685],
			"to": [5.35997, 1.34686, 12.54131],
			"faces": {
				"north": {"uv": [6.75, 1.25, 1.25, 6.75], "rotation": 180, "texture": "#0"},
				"east": {"uv": [1.25, 6.75, 6.75, 1.25], "rotation": 90, "texture": "#0"},
				"south": {"uv": [6.75, 1.25, 1.25, 6.75], "texture": "#0"},
				"west": {"uv": [1.25, 6.75, 6.75, 1.25], "rotation": 270, "texture": "#0"},
				"up": {"uv": [6.75, 1.25, 1.25, 6.75], "rotation": 180, "texture": "#0"},
				"down": {"uv": [6.75, 1.25, 1.25, 6.75], "texture": "#0"}
			}
		},
		{
			"from": [3.27527, 1.45792, 7.26133],
			"to": [5.84241, 2.74149, 8.5449],
			"rotation": {"angle": 45, "axis": "x", "origin": [4.5616, -2.84802, 10.11686]},
			"faces": {
				"north": {"uv": [8, 16, 9.5, 8], "rotation": 90, "texture": "#0"},
				"east": {"uv": [0, 16, 8, 8], "rotation": 90, "texture": "#0"},
				"south": {"uv": [8, 16, 9.5, 8], "rotation": 90, "texture": "#0"},
				"west": {"uv": [0, 16, 8, 8], "rotation": 90, "texture": "#0"},
				"up": {"uv": [8, 16, 9.5, 8], "rotation": 90, "texture": "#0"},
				"down": {"uv": [8, 16, 9.5, 8], "rotation": 90, "texture": "#0"}
			}
		},
		{
			"from": [3.40284, -3.94768, 6.01367],
			"to": [5.71498, -2.8093, 6.44153],
			"rotation": {"angle": 22.5, "axis": "x", "origin": [4.5616, -2.84802, 10.11686]},
			"faces": {
				"north": {"uv": [8, 16, 9.5, 8], "rotation": 270, "texture": "#0"},
				"east": {"uv": [9.5, 8, 8, 16], "rotation": 180, "texture": "#0"},
				"south": {"uv": [8, 16, 9.5, 8], "rotation": 90, "texture": "#0"},
				"west": {"uv": [9.5, 8, 8, 16], "texture": "#0"},
				"up": {"uv": [8, 16, 9.5, 8], "rotation": 270, "texture": "#0"},
				"down": {"uv": [8, 16, 9.5, 8], "rotation": 90, "texture": "#0"}
			}
		},
		{
			"from": [3.44663, -1.86848, 6.44132],
			"to": [5.67377, -0.7301, 6.86918],
			"rotation": {"angle": -22.5, "axis": "x", "origin": [4.5616, -2.84802, 10.11686]},
			"faces": {
				"north": {"uv": [8, 16, 9.5, 8], "rotation": 270, "texture": "#0"},
				"east": {"uv": [9.5, 8, 8, 16], "rotation": 180, "texture": "#0"},
				"south": {"uv": [8, 16, 9.5, 8], "rotation": 90, "texture": "#0"},
				"west": {"uv": [9.5, 8, 8, 16], "texture": "#0"},
				"up": {"uv": [8, 16, 9.5, 8], "rotation": 270, "texture": "#0"},
				"down": {"uv": [8, 16, 9.5, 8], "rotation": 90, "texture": "#0"}
			}
		},
		{
			"from": [4.27431, -10.56405, 12.83879],
			"to": [4.87503, -7.78013, 13.44808],
			"rotation": {"angle": 22.5, "axis": "x", "origin": [4.5616, -2.84802, 10.11686]},
			"faces": {
				"north": {"uv": [9.5, 8, 8, 16], "texture": "#0"},
				"east": {"uv": [9.5, 8, 8, 16], "texture": "#0"},
				"south": {"uv": [9.5, 8, 8, 16], "texture": "#0"},
				"west": {"uv": [9.5, 8, 8, 16], "texture": "#0"},
				"up": {"uv": [9.5, 8, 8, 16], "texture": "#0"},
				"down": {"uv": [9.5, 8, 8, 16], "texture": "#0"}
			}
		},
		{
			"from": [4.27431, -10.56405, 14.1138],
			"to": [4.87503, -7.78013, 14.72308],
			"rotation": {"angle": 22.5, "axis": "x", "origin": [4.5616, -2.84802, 10.11686]},
			"faces": {
				"north": {"uv": [9.5, 8, 8, 16], "texture": "#0"},
				"east": {"uv": [9.5, 8, 8, 16], "texture": "#0"},
				"south": {"uv": [9.5, 8, 8, 16], "texture": "#0"},
				"west": {"uv": [9.5, 8, 8, 16], "texture": "#0"},
				"up": {"uv": [9.5, 8, 8, 16], "texture": "#0"},
				"down": {"uv": [9.5, 8, 8, 16], "texture": "#0"}
			}
		},
		{
			"from": [4.17277, -11.54201, 11.00035],
			"to": [4.94348, -10.88309, 11.69463],
			"faces": {
				"north": {"uv": [8, 16, 9.5, 8], "rotation": 90, "texture": "#0"},
				"east": {"uv": [0, 16, 8, 8], "rotation": 90, "texture": "#0"},
				"south": {"uv": [8, 16, 9.5, 8], "rotation": 90, "texture": "#0"},
				"west": {"uv": [0, 16, 8, 8], "rotation": 90, "texture": "#0"},
				"up": {"uv": [8, 16, 9.5, 8], "rotation": 90, "texture": "#0"},
				"down": {"uv": [8, 16, 9.5, 8], "rotation": 90, "texture": "#0"}
			}
		},
		{
			"from": [4.17503, -11.55231, 9.56193],
			"to": [4.94575, -10.89339, 10.25621],
			"faces": {
				"north": {"uv": [8, 16, 9.5, 8], "rotation": 90, "texture": "#0"},
				"east": {"uv": [0, 16, 8, 8], "rotation": 90, "texture": "#0"},
				"south": {"uv": [8, 16, 9.5, 8], "rotation": 90, "texture": "#0"},
				"west": {"uv": [0, 16, 8, 8], "rotation": 90, "texture": "#0"},
				"up": {"uv": [8, 16, 9.5, 8], "rotation": 90, "texture": "#0"},
				"down": {"uv": [8, 16, 9.5, 8], "rotation": 90, "texture": "#0"}
			}
		},
		{
			"from": [4.18931, -8.26905, 14.0713],
			"to": [4.96003, -7.61013, 14.76557],
			"rotation": {"angle": 22.5, "axis": "x", "origin": [4.5616, -2.84802, 10.11686]},
			"faces": {
				"north": {"uv": [8, 16, 9.5, 8], "rotation": 90, "texture": "#0"},
				"east": {"uv": [0, 16, 8, 8], "rotation": 90, "texture": "#0"},
				"south": {"uv": [8, 16, 9.5, 8], "rotation": 90, "texture": "#0"},
				"west": {"uv": [0, 16, 8, 8], "rotation": 90, "texture": "#0"},
				"up": {"uv": [8, 16, 9.5, 8], "rotation": 90, "texture": "#0"},
				"down": {"uv": [8, 16, 9.5, 8], "rotation": 90, "texture": "#0"}
			}
		},
		{
			"from": [4.18931, -8.26905, 12.7963],
			"to": [4.96003, -7.61013, 13.49058],
			"rotation": {"angle": 22.5, "axis": "x", "origin": [4.5616, -2.84802, 10.11686]},
			"faces": {
				"north": {"uv": [8, 16, 9.5, 8], "rotation": 90, "texture": "#0"},
				"east": {"uv": [0, 16, 8, 8], "rotation": 90, "texture": "#0"},
				"south": {"uv": [8, 16, 9.5, 8], "rotation": 90, "texture": "#0"},
				"west": {"uv": [0, 16, 8, 8], "rotation": 90, "texture": "#0"},
				"up": {"uv": [8, 16, 9.5, 8], "rotation": 90, "texture": "#0"},
				"down": {"uv": [8, 16, 9.5, 8], "rotation": 90, "texture": "#0"}
			}
		},
		{
			"from": [4.10151, -12.10597, 9.37442],
			"to": [5.04278, -11.10066, 11.91462],
			"faces": {
				"north": {"uv": [6.75, 1.25, 1.25, 6.75], "texture": "#0"},
				"east": {"uv": [6.75, 1.25, 1.25, 6.75], "texture": "#0"},
				"south": {"uv": [6.75, 1.25, 1.25, 6.75], "texture": "#0"},
				"west": {"uv": [6.75, 1.25, 1.25, 6.75], "texture": "#0"},
				"up": {"uv": [6.75, 1.25, 1.25, 6.75], "texture": "#0"},
				"down": {"uv": [6.75, 1.25, 1.25, 6.75], "texture": "#0"}
			}
		},
		{
			"from": [3.61956, -12.10303, 8.70256],
			"to": [5.49585, -11.37821, 10.30777],
			"faces": {
				"north": {"uv": [6.75, 1.25, 1.25, 6.75], "texture": "#0"},
				"east": {"uv": [6.75, 1.25, 1.25, 6.75], "texture": "#0"},
				"south": {"uv": [6.75, 1.25, 1.25, 6.75], "texture": "#0"},
				"west": {"uv": [6.75, 1.25, 1.25, 6.75], "texture": "#0"},
				"up": {"uv": [6.75, 1.25, 1.25, 6.75], "texture": "#0"},
				"down": {"uv": [6.75, 1.25, 1.25, 6.75], "texture": "#0"}
			}
		},
		{
			"from": [4.32081, -11.96278, 7.62731],
			"to": [4.7946, -11.42496, 8.76502],
			"rotation": {"angle": 22.5, "axis": "x", "origin": [4.5577, -11.88087, 8.38316]},
			"faces": {
				"north": {"uv": [8, 16, 9.5, 8], "rotation": 90, "texture": "#0"},
				"east": {"uv": [8, 16, 9.5, 8], "rotation": 90, "texture": "#0"},
				"south": {"uv": [8, 16, 9.5, 8], "rotation": 90, "texture": "#0"},
				"west": {"uv": [8, 16, 9.5, 8], "rotation": 90, "texture": "#0"},
				"up": {"uv": [8, 16, 9.5, 8], "rotation": 90, "texture": "#0"},
				"down": {"uv": [8, 16, 9.5, 8], "rotation": 90, "texture": "#0"}
			}
		},
		{
			"from": [4.3686, -12.51784, 7.45598],
			"to": [4.74887, -11.38014, 7.8068],
			"rotation": {"angle": 45, "axis": "x", "origin": [4.55872, -11.76199, 7.91189]},
			"faces": {
				"north": {"uv": [9.5, 8, 8, 16], "rotation": 180, "texture": "#0"},
				"east": {"uv": [9.5, 8, 8, 16], "rotation": 180, "texture": "#0"},
				"south": {"uv": [9.5, 8, 8, 16], "rotation": 180, "texture": "#0"},
				"west": {"uv": [9.5, 8, 8, 16], "rotation": 180, "texture": "#0"},
				"up": {"uv": [9.5, 8, 8, 16], "rotation": 180, "texture": "#0"},
				"down": {"uv": [9.5, 8, 8, 16], "rotation": 180, "texture": "#0"}
			}
		},
		{
			"from": [3.66631, -11.96278, 7.62731],
			"to": [4.1401, -11.42496, 8.76502],
			"rotation": {"angle": 22.5, "axis": "x", "origin": [3.9032, -11.88087, 8.38316]},
			"faces": {
				"north": {"uv": [8, 16, 9.5, 8], "rotation": 90, "texture": "#0"},
				"east": {"uv": [8, 16, 9.5, 8], "rotation": 90, "texture": "#0"},
				"south": {"uv": [8, 16, 9.5, 8], "rotation": 90, "texture": "#0"},
				"west": {"uv": [8, 16, 9.5, 8], "rotation": 90, "texture": "#0"},
				"up": {"uv": [8, 16, 9.5, 8], "rotation": 90, "texture": "#0"},
				"down": {"uv": [8, 16, 9.5, 8], "rotation": 90, "texture": "#0"}
			}
		},
		{
			"from": [3.7141, -12.51784, 7.45598],
			"to": [4.09437, -11.38014, 7.8068],
			"rotation": {"angle": 45, "axis": "x", "origin": [3.90422, -11.76199, 7.91189]},
			"faces": {
				"north": {"uv": [9.5, 8, 8, 16], "rotation": 180, "texture": "#0"},
				"east": {"uv": [9.5, 8, 8, 16], "rotation": 180, "texture": "#0"},
				"south": {"uv": [9.5, 8, 8, 16], "rotation": 180, "texture": "#0"},
				"west": {"uv": [9.5, 8, 8, 16], "rotation": 180, "texture": "#0"},
				"up": {"uv": [9.5, 8, 8, 16], "rotation": 180, "texture": "#0"},
				"down": {"uv": [9.5, 8, 8, 16], "rotation": 180, "texture": "#0"}
			}
		},
		{
			"from": [5.0231, -12.51784, 7.45598],
			"to": [5.40337, -11.38014, 7.8068],
			"rotation": {"angle": 45, "axis": "x", "origin": [5.21322, -11.76199, 7.91189]},
			"faces": {
				"north": {"uv": [9.5, 8, 8, 16], "rotation": 180, "texture": "#0"},
				"east": {"uv": [9.5, 8, 8, 16], "rotation": 180, "texture": "#0"},
				"south": {"uv": [9.5, 8, 8, 16], "rotation": 180, "texture": "#0"},
				"west": {"uv": [9.5, 8, 8, 16], "rotation": 180, "texture": "#0"},
				"up": {"uv": [9.5, 8, 8, 16], "rotation": 180, "texture": "#0"},
				"down": {"uv": [9.5, 8, 8, 16], "rotation": 180, "texture": "#0"}
			}
		},
		{
			"from": [4.97531, -11.96278, 7.62731],
			"to": [5.4491, -11.42496, 8.76502],
			"rotation": {"angle": 22.5, "axis": "x", "origin": [5.2122, -11.88087, 8.38316]},
			"faces": {
				"north": {"uv": [8, 16, 9.5, 8], "rotation": 90, "texture": "#0"},
				"east": {"uv": [8, 16, 9.5, 8], "rotation": 90, "texture": "#0"},
				"south": {"uv": [8, 16, 9.5, 8], "rotation": 90, "texture": "#0"},
				"west": {"uv": [8, 16, 9.5, 8], "rotation": 90, "texture": "#0"},
				"up": {"uv": [8, 16, 9.5, 8], "rotation": 90, "texture": "#0"},
				"down": {"uv": [8, 16, 9.5, 8], "rotation": 90, "texture": "#0"}
			}
		}
	],
	"display": {
		"thirdperson_lefthand": {
			"rotation": [60, -10, 0],
			"translation": [-6, 11.75, 18],
			"scale": [2, 2, 2]
		}
	},
	"groups": [
		{
			"name": "leg1",
			"children": [0, 1, 2, 3, 4, 5, 6, 7, 8, 9, 10, 11, 12, 13, 14, 15, 16, 17, 18, 19, 20, 21, 22, 23, 24, 25, 26, 27, 28, 29, 30, 31, 32, 33, 34, 35, 36, 37, 38, 39, 40, 41, 42, 43, 44, 45, 46]
		}
	]
}