{
	"credit": "https://www.youtube.com/c/ZeroCaty",
	"textures": {
		"0": "zcbm/magic/ancient/allparts",
		"particle": "zcbm/magic/ancient/allparts"
	},
	"elements": [
		{
			"from": [10.37152, -5.38777, 6.83348],
			"to": [12.5108, 3.16935, 8.97276],
			"rotation": {"angle": 45, "axis": "x", "origin": [11.4384, -2.84802, 10.11686]},
			"faces": {
				"north": {"uv": [1.25, 1.25, 6.75, 6.75], "texture": "#0"},
				"east": {"uv": [1.25, 1.25, 6.75, 6.75], "texture": "#0"},
				"south": {"uv": [1.25, 1.25, 6.75, 6.75], "texture": "#0"},
				"west": {"uv": [1.25, 1.25, 6.75, 6.75], "texture": "#0"},
				"up": {"uv": [1.25, 1.25, 6.75, 6.75], "texture": "#0"},
				"down": {"uv": [1.25, 1.25, 6.75, 6.75], "texture": "#0"}
			}
		},
		{
			"from": [11.86495, -5.3849, 8.9834],
			"to": [12.45325, -3.24562, 15.40124],
			"rotation": {"angle": 45, "axis": "x", "origin": [11.4384, -2.84802, 10.11686]},
			"faces": {
				"north": {"uv": [1.25, 1.25, 6.75, 6.75], "rotation": 90, "texture": "#0"},
				"east": {"uv": [1.25, 1.25, 6.75, 6.75], "rotation": 90, "texture": "#0"},
				"south": {"uv": [1.25, 1.25, 6.75, 6.75], "rotation": 90, "texture": "#0"},
				"west": {"uv": [1.25, 1.25, 6.75, 6.75], "rotation": 90, "texture": "#0"},
				"up": {"uv": [1.25, 1.25, 6.75, 6.75], "rotation": 90, "texture": "#0"},
				"down": {"uv": [1.25, 1.25, 6.75, 6.75], "rotation": 90, "texture": "#0"}
			}
		},
		{
			"from": [10.99747, -8.01405, 12.7113],
			"to": [11.85319, -5.23013, 14.85058],
			"rotation": {"angle": 22.5, "axis": "x", "origin": [11.4384, -2.84802, 10.11686]},
			"faces": {
				"north": {"uv": [1.25, 1.25, 6.75, 6.75], "texture": "#0"},
				"east": {"uv": [1.25, 1.25, 6.75, 6.75], "texture": "#0"},
				"south": {"uv": [1.25, 1.25, 6.75, 6.75], "texture": "#0"},
				"west": {"uv": [1.25, 1.25, 6.75, 6.75], "texture": "#0"},
				"up": {"uv": [1.25, 1.25, 6.75, 6.75], "texture": "#0"},
				"down": {"uv": [1.25, 1.25, 6.75, 6.75], "texture": "#0"}
			}
		},
		{
			"from": [11.16968, -3.64434, 9.38944],
			"to": [11.7045, -3.00255, 13.77497],
			"rotation": {"angle": 22.5, "axis": "x", "origin": [11.4384, -2.84802, 10.11686]},
			"faces": {
				"north": {"uv": [8, 8, 9.5, 16], "rotation": 180, "texture": "#0"},
				"east": {"uv": [8, 8, 9.5, 16], "rotation": 180, "texture": "#0"},
				"south": {"uv": [8, 8, 9.5, 16], "rotation": 180, "texture": "#0"},
				"west": {"uv": [8, 8, 9.5, 16], "rotation": 180, "texture": "#0"},
				"up": {"uv": [8, 8, 9.5, 16], "rotation": 180, "texture": "#0"},
				"down": {"uv": [8, 8, 9.5, 16], "rotation": 180, "texture": "#0"}
			}
		},
		{
			"from": [11.22125, -7.06475, 12.79749],
			"to": [11.6491, -4.39065, 13.43927],
			"faces": {
				"north": {"uv": [8, 8, 9.5, 16], "texture": "#0"},
				"east": {"uv": [8, 8, 9.5, 16], "texture": "#0"},
				"south": {"uv": [8, 8, 9.5, 16], "texture": "#0"},
				"west": {"uv": [8, 8, 9.5, 16], "texture": "#0"},
				"up": {"uv": [8, 8, 9.5, 16], "texture": "#0"},
				"down": {"uv": [8, 8, 9.5, 16], "texture": "#0"}
			}
		},
		{
			"from": [10.41969, -5.38403, 8.98396],
			"to": [11.008, -3.24475, 15.4018],
			"rotation": {"angle": 45, "axis": "x", "origin": [11.4384, -2.84802, 10.11686]},
			"faces": {
				"north": {"uv": [1.25, 1.25, 6.75, 6.75], "rotation": 90, "texture": "#0"},
				"east": {"uv": [1.25, 1.25, 6.75, 6.75], "rotation": 90, "texture": "#0"},
				"south": {"uv": [1.25, 1.25, 6.75, 6.75], "rotation": 90, "texture": "#0"},
				"west": {"uv": [1.25, 1.25, 6.75, 6.75], "rotation": 90, "texture": "#0"},
				"up": {"uv": [1.25, 1.25, 6.75, 6.75], "rotation": 90, "texture": "#0"},
				"down": {"uv": [1.25, 1.25, 6.75, 6.75], "rotation": 90, "texture": "#0"}
			}
		},
		{
			"from": [11.06272, -3.69782, 13.29363],
			"to": [11.81147, -2.94907, 14.04238],
			"rotation": {"angle": 22.5, "axis": "x", "origin": [11.4384, -2.84802, 10.11686]},
			"faces": {
				"north": {"uv": [11, 8, 12, 16], "rotation": 180, "texture": "#0"},
				"east": {"uv": [0, 0, 8, 8], "rotation": 180, "texture": "#0"},
				"south": {"uv": [11, 8, 12, 16], "rotation": 180, "texture": "#0"},
				"west": {"uv": [0, 0, 8, 8], "rotation": 180, "texture": "#0"},
				"up": {"uv": [11, 8, 12, 16], "rotation": 180, "texture": "#0"},
				"down": {"uv": [11, 8, 12, 16], "rotation": 180, "texture": "#0"}
			}
		},
		{
			"from": [10.0348, -7.99977, 13.355],
			"to": [12.81586, -7.14406, 14.21071],
			"rotation": {"angle": 22.5, "axis": "x", "origin": [11.4384, -2.84802, 10.11686]},
			"faces": {
				"north": {"uv": [8, 8, 9.5, 16], "rotation": 90, "texture": "#0"},
				"east": {"uv": [0, 8, 8, 16], "rotation": 90, "texture": "#0"},
				"south": {"uv": [8, 8, 9.5, 16], "rotation": 90, "texture": "#0"},
				"west": {"uv": [0, 8, 8, 16], "rotation": 90, "texture": "#0"},
				"up": {"uv": [8, 8, 9.5, 16], "rotation": 90, "texture": "#0"},
				"down": {"uv": [8, 8, 9.5, 16], "rotation": 90, "texture": "#0"}
			}
		},
		{
			"from": [10.20701, -3.69782, 9.01507],
			"to": [12.66718, -2.94907, 9.76382],
			"rotation": {"angle": 22.5, "axis": "x", "origin": [11.4384, -2.84802, 10.11686]},
			"faces": {
				"north": {"uv": [11, 8, 12, 16], "rotation": 180, "texture": "#0"},
				"east": {"uv": [0, 0, 8, 8], "rotation": 180, "texture": "#0"},
				"south": {"uv": [11, 8, 12, 16], "rotation": 180, "texture": "#0"},
				"west": {"uv": [0, 0, 8, 8], "rotation": 180, "texture": "#0"},
				"up": {"uv": [11, 8, 12, 16], "rotation": 180, "texture": "#0"},
				"down": {"uv": [11, 8, 12, 16], "rotation": 180, "texture": "#0"}
			}
		},
		{
			"from": [10.15759, -4.95992, 7.26133],
			"to": [12.72473, -3.67635, 8.5449],
			"rotation": {"angle": 45, "axis": "x", "origin": [11.4384, -2.84802, 10.11686]},
			"faces": {
				"north": {"uv": [8, 8, 9.5, 16], "rotation": 90, "texture": "#0"},
				"east": {"uv": [0, 8, 8, 16], "rotation": 90, "texture": "#0"},
				"south": {"uv": [8, 8, 9.5, 16], "rotation": 90, "texture": "#0"},
				"west": {"uv": [0, 8, 8, 16], "rotation": 90, "texture": "#0"},
				"up": {"uv": [8, 8, 9.5, 16], "rotation": 90, "texture": "#0"},
				"down": {"uv": [8, 8, 9.5, 16], "rotation": 90, "texture": "#0"}
			}
		},
		{
			"from": [11.70456, -4.05261, 8.88521],
			"to": [12.50679, -2.76904, 11.02449],
			"rotation": {"angle": 22.5, "axis": "x", "origin": [11.4384, -2.84802, 10.11686]},
			"faces": {
				"north": {"uv": [8, 8, 9.5, 16], "rotation": 90, "texture": "#0"},
				"east": {"uv": [8, 8, 9.5, 16], "rotation": 90, "texture": "#0"},
				"south": {"uv": [8, 8, 9.5, 16], "rotation": 180, "texture": "#0"},
				"west": {"uv": [8, 8, 9.5, 16], "rotation": 90, "texture": "#0"},
				"up": {"uv": [8, 8, 9.5, 16], "texture": "#0"},
				"down": {"uv": [8, 8, 9.5, 16], "rotation": 90, "texture": "#0"}
			}
		},
		{
			"from": [11.81152, -6.23857, 9.80652],
			"to": [12.50679, -3.83188, 11.09009],
			"rotation": {"angle": -22.5, "axis": "x", "origin": [11.4384, -2.84802, 10.11686]},
			"faces": {
				"north": {"uv": [8, 8, 9.5, 16], "rotation": 270, "texture": "#0"},
				"east": {"uv": [8, 8, 9.5, 16], "texture": "#0"},
				"south": {"uv": [8, 8, 9.5, 16], "texture": "#0"},
				"west": {"uv": [8, 8, 9.5, 16], "rotation": 180, "texture": "#0"},
				"up": {"uv": [8, 8, 9.5, 16], "rotation": 270, "texture": "#0"},
				"down": {"uv": [8, 8, 9.5, 16], "rotation": 180, "texture": "#0"}
			}
		},
		{
			"from": [10.37152, -5.65518, 9.40061],
			"to": [12.5108, -5.22733, 10.57722],
			"rotation": {"angle": 45, "axis": "x", "origin": [11.4384, -2.84802, 10.11686]},
			"faces": {
				"north": {"uv": [8, 8, 9.5, 16], "rotation": 90, "texture": "#0"},
				"east": {"uv": [8, 8, 9.5, 16], "rotation": 90, "texture": "#0"},
				"south": {"uv": [8, 8, 9.5, 16], "rotation": 90, "texture": "#0"},
				"west": {"uv": [8, 8, 9.5, 16], "rotation": 90, "texture": "#0"},
				"up": {"uv": [8, 8, 9.5, 16], "rotation": 90, "texture": "#0"},
				"down": {"uv": [8, 8, 9.5, 16], "rotation": 90, "texture": "#0"}
			}
		},
		{
			"from": [10.15759, -5.70866, 8.97276],
			"to": [12.72473, -5.17384, 9.50758],
			"rotation": {"angle": 45, "axis": "x", "origin": [11.4384, -2.84802, 10.11686]},
			"faces": {
				"north": {"uv": [8, 8, 9.5, 16], "rotation": 90, "texture": "#0"},
				"east": {"uv": [0, 8, 8, 16], "rotation": 90, "texture": "#0"},
				"south": {"uv": [8, 8, 9.5, 16], "rotation": 90, "texture": "#0"},
				"west": {"uv": [0, 8, 8, 16], "rotation": 90, "texture": "#0"},
				"up": {"uv": [8, 8, 9.5, 16], "rotation": 90, "texture": "#0"},
				"down": {"uv": [8, 8, 9.5, 16], "rotation": 90, "texture": "#0"}
			}
		},
		{
			"from": [10.15759, -5.70866, 10.57722],
			"to": [12.72473, -5.17384, 11.11204],
			"rotation": {"angle": 45, "axis": "x", "origin": [11.4384, -2.84802, 10.11686]},
			"faces": {
				"north": {"uv": [8, 8, 9.5, 16], "rotation": 90, "texture": "#0"},
				"east": {"uv": [0, 8, 8, 16], "rotation": 90, "texture": "#0"},
				"south": {"uv": [8, 8, 9.5, 16], "rotation": 90, "texture": "#0"},
				"west": {"uv": [0, 8, 8, 16], "rotation": 90, "texture": "#0"},
				"up": {"uv": [8, 8, 9.5, 16], "rotation": 90, "texture": "#0"},
				"down": {"uv": [8, 8, 9.5, 16], "rotation": 90, "texture": "#0"}
			}
		},
		{
			"from": [10.37152, -5.65518, 11.00507],
			"to": [12.5108, -5.22733, 12.18168],
			"rotation": {"angle": 45, "axis": "x", "origin": [11.4384, -2.84802, 10.11686]},
			"faces": {
				"north": {"uv": [8, 8, 9.5, 16], "rotation": 90, "texture": "#0"},
				"east": {"uv": [8, 8, 9.5, 16], "rotation": 90, "texture": "#0"},
				"south": {"uv": [8, 8, 9.5, 16], "rotation": 90, "texture": "#0"},
				"west": {"uv": [8, 8, 9.5, 16], "rotation": 90, "texture": "#0"},
				"up": {"uv": [8, 8, 9.5, 16], "rotation": 90, "texture": "#0"},
				"down": {"uv": [8, 8, 9.5, 16], "rotation": 90, "texture": "#0"}
			}
		},
		{
			"from": [10.15759, -5.70866, 12.18168],
			"to": [12.72473, -5.17384, 12.7165],
			"rotation": {"angle": 45, "axis": "x", "origin": [11.4384, -2.84802, 10.11686]},
			"faces": {
				"north": {"uv": [8, 8, 9.5, 16], "rotation": 90, "texture": "#0"},
				"east": {"uv": [0, 8, 8, 16], "rotation": 90, "texture": "#0"},
				"south": {"uv": [8, 8, 9.5, 16], "rotation": 90, "texture": "#0"},
				"west": {"uv": [0, 8, 8, 16], "rotation": 90, "texture": "#0"},
				"up": {"uv": [8, 8, 9.5, 16], "rotation": 90, "texture": "#0"},
				"down": {"uv": [8, 8, 9.5, 16], "rotation": 90, "texture": "#0"}
			}
		},
		{
			"from": [10.37152, -5.65518, 12.60953],
			"to": [12.5108, -5.22733, 13.78614],
			"rotation": {"angle": 45, "axis": "x", "origin": [11.4384, -2.84802, 10.11686]},
			"faces": {
				"north": {"uv": [8, 8, 9.5, 16], "rotation": 90, "texture": "#0"},
				"east": {"uv": [8, 8, 9.5, 16], "rotation": 90, "texture": "#0"},
				"south": {"uv": [8, 8, 9.5, 16], "rotation": 90, "texture": "#0"},
				"west": {"uv": [8, 8, 9.5, 16], "rotation": 90, "texture": "#0"},
				"up": {"uv": [8, 8, 9.5, 16], "rotation": 90, "texture": "#0"},
				"down": {"uv": [8, 8, 9.5, 16], "rotation": 90, "texture": "#0"}
			}
		},
		{
			"from": [10.15759, 1.88187, 11.74887],
			"to": [12.72473, 2.30973, 13.56726],
			"rotation": {"angle": -22.5, "axis": "x", "origin": [11.4384, -2.84802, 10.11686]},
			"faces": {
				"north": {"uv": [8, 8, 9.5, 16], "rotation": 270, "texture": "#0"},
				"east": {"uv": [8, 8, 9.5, 16], "rotation": 270, "texture": "#0"},
				"south": {"uv": [8, 8, 9.5, 16], "rotation": 270, "texture": "#0"},
				"west": {"uv": [8, 8, 9.5, 16], "rotation": 270, "texture": "#0"},
				"up": {"uv": [8, 8, 9.5, 16], "rotation": 90, "texture": "#0"},
				"down": {"uv": [8, 8, 9.5, 16], "rotation": 90, "texture": "#0"}
			}
		},
		{
			"from": [10.10411, 1.82839, 13.4603],
			"to": [12.77821, 2.36321, 13.99512],
			"rotation": {"angle": -22.5, "axis": "x", "origin": [11.4384, -2.84802, 10.11686]},
			"faces": {
				"north": {"uv": [8, 8, 9.5, 16], "rotation": 270, "texture": "#0"},
				"east": {"uv": [0, 8, 8, 16], "rotation": 270, "texture": "#0"},
				"south": {"uv": [8, 8, 9.5, 16], "rotation": 270, "texture": "#0"},
				"west": {"uv": [0, 8, 8, 16], "rotation": 270, "texture": "#0"},
				"up": {"uv": [8, 8, 9.5, 16], "rotation": 90, "texture": "#0"},
				"down": {"uv": [8, 8, 9.5, 16], "rotation": 90, "texture": "#0"}
			}
		},
		{
			"from": [10.10411, 1.17346, 11.87915],
			"to": [12.77821, 1.70828, 12.41397],
			"rotation": {"angle": -22.5, "axis": "x", "origin": [11.4384, -2.84802, 10.11686]},
			"faces": {
				"north": {"uv": [8, 8, 9.5, 16], "rotation": 270, "texture": "#0"},
				"east": {"uv": [0, 8, 8, 16], "rotation": 270, "texture": "#0"},
				"south": {"uv": [8, 8, 9.5, 16], "rotation": 270, "texture": "#0"},
				"west": {"uv": [0, 8, 8, 16], "rotation": 270, "texture": "#0"},
				"up": {"uv": [8, 8, 9.5, 16], "rotation": 90, "texture": "#0"},
				"down": {"uv": [8, 8, 9.5, 16], "rotation": 90, "texture": "#0"}
			}
		},
		{
			"from": [10.15759, 1.22695, 10.16772],
			"to": [12.72473, 1.6548, 11.98611],
			"rotation": {"angle": -22.5, "axis": "x", "origin": [11.4384, -2.84802, 10.11686]},
			"faces": {
				"north": {"uv": [8, 8, 9.5, 16], "rotation": 270, "texture": "#0"},
				"east": {"uv": [8, 8, 9.5, 16], "rotation": 270, "texture": "#0"},
				"south": {"uv": [8, 8, 9.5, 16], "rotation": 270, "texture": "#0"},
				"west": {"uv": [8, 8, 9.5, 16], "rotation": 270, "texture": "#0"},
				"up": {"uv": [8, 8, 9.5, 16], "rotation": 90, "texture": "#0"},
				"down": {"uv": [8, 8, 9.5, 16], "rotation": 90, "texture": "#0"}
			}
		},
		{
			"from": [10.10411, 0.51852, 10.29801],
			"to": [12.77821, 1.05334, 10.83283],
			"rotation": {"angle": -22.5, "axis": "x", "origin": [11.4384, -2.84802, 10.11686]},
			"faces": {
				"north": {"uv": [8, 8, 9.5, 16], "rotation": 270, "texture": "#0"},
				"east": {"uv": [0, 8, 8, 16], "rotation": 270, "texture": "#0"},
				"south": {"uv": [8, 8, 9.5, 16], "rotation": 270, "texture": "#0"},
				"west": {"uv": [0, 8, 8, 16], "rotation": 270, "texture": "#0"},
				"up": {"uv": [8, 8, 9.5, 16], "rotation": 90, "texture": "#0"},
				"down": {"uv": [8, 8, 9.5, 16], "rotation": 90, "texture": "#0"}
			}
		},
		{
			"from": [10.15759, 0.572, 8.58659],
			"to": [12.72473, 0.99986, 10.40497],
			"rotation": {"angle": -22.5, "axis": "x", "origin": [11.4384, -2.84802, 10.11686]},
			"faces": {
				"north": {"uv": [8, 8, 9.5, 16], "rotation": 270, "texture": "#0"},
				"east": {"uv": [8, 8, 9.5, 16], "rotation": 270, "texture": "#0"},
				"south": {"uv": [8, 8, 9.5, 16], "rotation": 270, "texture": "#0"},
				"west": {"uv": [8, 8, 9.5, 16], "rotation": 270, "texture": "#0"},
				"up": {"uv": [8, 8, 9.5, 16], "rotation": 90, "texture": "#0"},
				"down": {"uv": [8, 8, 9.5, 16], "rotation": 90, "texture": "#0"}
			}
		},
		{
			"from": [11.91801, -4.43191, 9.44238],
			"to": [12.45283, -4.11102, 13.13264],
			"rotation": {"angle": 45, "axis": "x", "origin": [11.4384, -2.84802, 10.11686]},
			"faces": {
				"north": {"uv": [8, 8, 9.5, 16], "rotation": 90, "texture": "#0"},
				"east": {"uv": [8, 8, 9.5, 16], "rotation": 90, "texture": "#0"},
				"south": {"uv": [8, 8, 9.5, 16], "rotation": 180, "texture": "#0"},
				"west": {"uv": [8, 8, 9.5, 16], "rotation": 90, "texture": "#0"},
				"up": {"uv": [8, 8, 9.5, 16], "texture": "#0"},
				"down": {"uv": [8, 8, 9.5, 16], "rotation": 90, "texture": "#0"}
			}
		},
		{
			"from": [10.36494, -6.23857, 9.80652],
			"to": [11.0602, -3.83188, 11.09009],
			"rotation": {"angle": -22.5, "axis": "x", "origin": [11.4384, -2.84802, 10.11686]},
			"faces": {
				"north": {"uv": [8, 16, 9.5, 8], "rotation": 270, "texture": "#0"},
				"east": {"uv": [9.5, 8, 8, 16], "rotation": 180, "texture": "#0"},
				"south": {"uv": [9.5, 8, 8, 16], "texture": "#0"},
				"west": {"uv": [9.5, 8, 8, 16], "texture": "#0"},
				"up": {"uv": [8, 16, 9.5, 8], "rotation": 270, "texture": "#0"},
				"down": {"uv": [9.5, 8, 8, 16], "rotation": 180, "texture": "#0"}
			}
		},
		{
			"from": [10.36487, -4.05271, 8.88544],
			"to": [11.1671, -2.76914, 11.02472],
			"rotation": {"angle": 22.5, "axis": "x", "origin": [11.4384, -2.84802, 10.11686]},
			"faces": {
				"north": {"uv": [8, 16, 9.5, 8], "rotation": 90, "texture": "#0"},
				"east": {"uv": [8, 16, 9.5, 8], "rotation": 90, "texture": "#0"},
				"south": {"uv": [9.5, 8, 8, 16], "rotation": 180, "texture": "#0"},
				"west": {"uv": [8, 16, 9.5, 8], "rotation": 90, "texture": "#0"},
				"up": {"uv": [9.5, 8, 8, 16], "texture": "#0"},
				"down": {"uv": [8, 16, 9.5, 8], "rotation": 90, "texture": "#0"}
			}
		},
		{
			"from": [10.41794, -4.43191, 9.44236],
			"to": [10.95276, -4.11102, 13.13262],
			"rotation": {"angle": 45, "axis": "x", "origin": [11.4384, -2.84802, 10.11686]},
			"faces": {
				"north": {"uv": [8, 16, 9.5, 8], "rotation": 90, "texture": "#0"},
				"east": {"uv": [9.5, 8, 8, 16], "rotation": 270, "texture": "#0"},
				"south": {"uv": [9.5, 8, 8, 16], "rotation": 180, "texture": "#0"},
				"west": {"uv": [9.5, 8, 8, 16], "rotation": 270, "texture": "#0"},
				"up": {"uv": [9.5, 8, 8, 16], "texture": "#0"},
				"down": {"uv": [8, 16, 9.5, 8], "rotation": 90, "texture": "#0"}
			}
		},
		{
			"from": [10.58655, 0.47301, 9.76098],
			"to": [12.29797, 3.14711, 11.36544],
			"rotation": {"angle": 22.5, "axis": "x", "origin": [11.4384, -2.84802, 10.11686]},
			"faces": {
				"north": {"uv": [1.25, 1.25, 6.75, 6.75], "texture": "#0"},
				"east": {"uv": [1.25, 1.25, 6.75, 6.75], "texture": "#0"},
				"south": {"uv": [1.25, 1.25, 6.75, 6.75], "texture": "#0"},
				"west": {"uv": [1.25, 1.25, 6.75, 6.75], "texture": "#0"},
				"up": {"uv": [1.25, 1.25, 6.75, 6.75], "texture": "#0"},
				"down": {"uv": [1.25, 1.25, 6.75, 6.75], "texture": "#0"}
			}
		},
		{
			"from": [10.64003, -0.2576, 10.93685],
			"to": [12.24449, 1.34686, 12.54131],
			"faces": {
				"north": {"uv": [1.25, 1.25, 6.75, 6.75], "rotation": 180, "texture": "#0"},
				"east": {"uv": [1.25, 1.25, 6.75, 6.75], "rotation": 270, "texture": "#0"},
				"south": {"uv": [1.25, 1.25, 6.75, 6.75], "texture": "#0"},
				"west": {"uv": [1.25, 1.25, 6.75, 6.75], "rotation": 90, "texture": "#0"},
				"up": {"uv": [1.25, 1.25, 6.75, 6.75], "rotation": 180, "texture": "#0"},
				"down": {"uv": [1.25, 1.25, 6.75, 6.75], "texture": "#0"}
			}
		},
		{
			"from": [10.15759, 1.45792, 7.26133],
			"to": [12.72473, 2.74149, 8.5449],
			"rotation": {"angle": 45, "axis": "x", "origin": [11.4384, -2.84802, 10.11686]},
			"faces": {
				"north": {"uv": [8, 8, 9.5, 16], "rotation": 90, "texture": "#0"},
				"east": {"uv": [0, 8, 8, 16], "rotation": 90, "texture": "#0"},
				"south": {"uv": [8, 8, 9.5, 16], "rotation": 90, "texture": "#0"},
				"west": {"uv": [0, 8, 8, 16], "rotation": 90, "texture": "#0"},
				"up": {"uv": [8, 8, 9.5, 16], "rotation": 90, "texture": "#0"},
				"down": {"uv": [8, 8, 9.5, 16], "rotation": 90, "texture": "#0"}
			}
		},
		{
			"from": [10.28502, -3.94768, 6.01367],
			"to": [12.59716, -2.8093, 6.44153],
			"rotation": {"angle": 22.5, "axis": "x", "origin": [11.4384, -2.84802, 10.11686]},
			"faces": {
				"north": {"uv": [8, 8, 9.5, 16], "rotation": 270, "texture": "#0"},
				"east": {"uv": [8, 8, 9.5, 16], "texture": "#0"},
				"south": {"uv": [8, 8, 9.5, 16], "rotation": 90, "texture": "#0"},
				"west": {"uv": [8, 8, 9.5, 16], "rotation": 180, "texture": "#0"},
				"up": {"uv": [8, 8, 9.5, 16], "rotation": 270, "texture": "#0"},
				"down": {"uv": [8, 8, 9.5, 16], "rotation": 90, "texture": "#0"}
			}
		},
		{
			"from": [10.32623, -1.86848, 6.44132],
			"to": [12.55337, -0.7301, 6.86918],
			"rotation": {"angle": -22.5, "axis": "x", "origin": [11.4384, -2.84802, 10.11686]},
			"faces": {
				"north": {"uv": [8, 8, 9.5, 16], "rotation": 270, "texture": "#0"},
				"east": {"uv": [8, 8, 9.5, 16], "texture": "#0"},
				"south": {"uv": [8, 8, 9.5, 16], "rotation": 90, "texture": "#0"},
				"west": {"uv": [8, 8, 9.5, 16], "rotation": 180, "texture": "#0"},
				"up": {"uv": [8, 8, 9.5, 16], "rotation": 270, "texture": "#0"},
				"down": {"uv": [8, 8, 9.5, 16], "rotation": 90, "texture": "#0"}
			}
		},
		{
			"from": [11.12497, -10.56405, 12.83879],
			"to": [11.72569, -7.78013, 13.44808],
			"rotation": {"angle": 22.5, "axis": "x", "origin": [11.4384, -2.84802, 10.11686]},
			"faces": {
				"north": {"uv": [8, 8, 9.5, 16], "texture": "#0"},
				"east": {"uv": [8, 8, 9.5, 16], "texture": "#0"},
				"south": {"uv": [8, 8, 9.5, 16], "texture": "#0"},
				"west": {"uv": [8, 8, 9.5, 16], "texture": "#0"},
				"up": {"uv": [8, 8, 9.5, 16], "texture": "#0"},
				"down": {"uv": [8, 8, 9.5, 16], "texture": "#0"}
			}
		},
		{
			"from": [11.12497, -10.56405, 14.1138],
			"to": [11.72569, -7.78013, 14.72308],
			"rotation": {"angle": 22.5, "axis": "x", "origin": [11.4384, -2.84802, 10.11686]},
			"faces": {
				"north": {"uv": [8, 8, 9.5, 16], "texture": "#0"},
				"east": {"uv": [8, 8, 9.5, 16], "texture": "#0"},
				"south": {"uv": [8, 8, 9.5, 16], "texture": "#0"},
				"west": {"uv": [8, 8, 9.5, 16], "texture": "#0"},
				"up": {"uv": [8, 8, 9.5, 16], "texture": "#0"},
				"down": {"uv": [8, 8, 9.5, 16], "texture": "#0"}
			}
		},
		{
			"from": [11.05652, -11.54201, 11.00035],
			"to": [11.82723, -10.88309, 11.69463],
			"faces": {
				"north": {"uv": [8, 8, 9.5, 16], "rotation": 90, "texture": "#0"},
				"east": {"uv": [0, 8, 8, 16], "rotation": 90, "texture": "#0"},
				"south": {"uv": [8, 8, 9.5, 16], "rotation": 90, "texture": "#0"},
				"west": {"uv": [0, 8, 8, 16], "rotation": 90, "texture": "#0"},
				"up": {"uv": [8, 8, 9.5, 16], "rotation": 90, "texture": "#0"},
				"down": {"uv": [8, 8, 9.5, 16], "rotation": 90, "texture": "#0"}
			}
		},
		{
			"from": [11.05425, -11.55231, 9.56193],
			"to": [11.82497, -10.89339, 10.25621],
			"faces": {
				"north": {"uv": [8, 8, 9.5, 16], "rotation": 90, "texture": "#0"},
				"east": {"uv": [0, 8, 8, 16], "rotation": 90, "texture": "#0"},
				"south": {"uv": [8, 8, 9.5, 16], "rotation": 90, "texture": "#0"},
				"west": {"uv": [0, 8, 8, 16], "rotation": 90, "texture": "#0"},
				"up": {"uv": [8, 8, 9.5, 16], "rotation": 90, "texture": "#0"},
				"down": {"uv": [8, 8, 9.5, 16], "rotation": 90, "texture": "#0"}
			}
		},
		{
			"from": [11.03997, -8.26905, 14.0713],
			"to": [11.81069, -7.61013, 14.76557],
			"rotation": {"angle": 22.5, "axis": "x", "origin": [11.4384, -2.84802, 10.11686]},
			"faces": {
				"north": {"uv": [8, 8, 9.5, 16], "rotation": 90, "texture": "#0"},
				"east": {"uv": [0, 8, 8, 16], "rotation": 90, "texture": "#0"},
				"south": {"uv": [8, 8, 9.5, 16], "rotation": 90, "texture": "#0"},
				"west": {"uv": [0, 8, 8, 16], "rotation": 90, "texture": "#0"},
				"up": {"uv": [8, 8, 9.5, 16], "rotation": 90, "texture": "#0"},
				"down": {"uv": [8, 8, 9.5, 16], "rotation": 90, "texture": "#0"}
			}
		},
		{
			"from": [11.03997, -8.26905, 12.7963],
			"to": [11.81069, -7.61013, 13.49058],
			"rotation": {"angle": 22.5, "axis": "x", "origin": [11.4384, -2.84802, 10.11686]},
			"faces": {
				"north": {"uv": [8, 8, 9.5, 16], "rotation": 90, "texture": "#0"},
				"east": {"uv": [0, 8, 8, 16], "rotation": 90, "texture": "#0"},
				"south": {"uv": [8, 8, 9.5, 16], "rotation": 90, "texture": "#0"},
				"west": {"uv": [0, 8, 8, 16], "rotation": 90, "texture": "#0"},
				"up": {"uv": [8, 8, 9.5, 16], "rotation": 90, "texture": "#0"},
				"down": {"uv": [8, 8, 9.5, 16], "rotation": 90, "texture": "#0"}
			}
		},
		{
			"from": [10.95722, -12.10597, 9.37442],
			"to": [11.89849, -11.10066, 11.91462],
			"faces": {
				"north": {"uv": [1.25, 1.25, 6.75, 6.75], "texture": "#0"},
				"east": {"uv": [1.25, 1.25, 6.75, 6.75], "texture": "#0"},
				"south": {"uv": [1.25, 1.25, 6.75, 6.75], "texture": "#0"},
				"west": {"uv": [1.25, 1.25, 6.75, 6.75], "texture": "#0"},
				"up": {"uv": [1.25, 1.25, 6.75, 6.75], "texture": "#0"},
				"down": {"uv": [1.25, 1.25, 6.75, 6.75], "texture": "#0"}
			}
		},
		{
			"from": [10.50415, -12.10303, 8.70256],
			"to": [12.38044, -11.37821, 10.30777],
			"faces": {
				"north": {"uv": [1.25, 1.25, 6.75, 6.75], "texture": "#0"},
				"east": {"uv": [1.25, 1.25, 6.75, 6.75], "texture": "#0"},
				"south": {"uv": [1.25, 1.25, 6.75, 6.75], "texture": "#0"},
				"west": {"uv": [1.25, 1.25, 6.75, 6.75], "texture": "#0"},
				"up": {"uv": [1.25, 1.25, 6.75, 6.75], "texture": "#0"},
				"down": {"uv": [1.25, 1.25, 6.75, 6.75], "texture": "#0"}
			}
		},
		{
			"from": [11.2054, -11.96278, 7.62731],
			"to": [11.67919, -11.42496, 8.76502],
			"rotation": {"angle": 22.5, "axis": "x", "origin": [11.4423, -11.88087, 8.38316]},
			"faces": {
				"north": {"uv": [8, 8, 9.5, 16], "rotation": 90, "texture": "#0"},
				"east": {"uv": [8, 8, 9.5, 16], "rotation": 90, "texture": "#0"},
				"south": {"uv": [8, 8, 9.5, 16], "rotation": 90, "texture": "#0"},
				"west": {"uv": [8, 8, 9.5, 16], "rotation": 90, "texture": "#0"},
				"up": {"uv": [8, 8, 9.5, 16], "rotation": 90, "texture": "#0"},
				"down": {"uv": [8, 8, 9.5, 16], "rotation": 90, "texture": "#0"}
			}
		},
		{
			"from": [11.25113, -12.51784, 7.45598],
			"to": [11.6314, -11.38014, 7.8068],
			"rotation": {"angle": 45, "axis": "x", "origin": [11.44128, -11.76199, 7.91189]},
			"faces": {
				"north": {"uv": [8, 8, 9.5, 16], "rotation": 180, "texture": "#0"},
				"east": {"uv": [8, 8, 9.5, 16], "rotation": 180, "texture": "#0"},
				"south": {"uv": [8, 8, 9.5, 16], "rotation": 180, "texture": "#0"},
				"west": {"uv": [8, 8, 9.5, 16], "rotation": 180, "texture": "#0"},
				"up": {"uv": [8, 8, 9.5, 16], "rotation": 180, "texture": "#0"},
				"down": {"uv": [8, 8, 9.5, 16], "rotation": 180, "texture": "#0"}
			}
		},
		{
			"from": [11.8599, -11.96278, 7.62731],
			"to": [12.33369, -11.42496, 8.76502],
			"rotation": {"angle": 22.5, "axis": "x", "origin": [12.0968, -11.88087, 8.38316]},
			"faces": {
				"north": {"uv": [8, 8, 9.5, 16], "rotation": 90, "texture": "#0"},
				"east": {"uv": [8, 8, 9.5, 16], "rotation": 90, "texture": "#0"},
				"south": {"uv": [8, 8, 9.5, 16], "rotation": 90, "texture": "#0"},
				"west": {"uv": [8, 8, 9.5, 16], "rotation": 90, "texture": "#0"},
				"up": {"uv": [8, 8, 9.5, 16], "rotation": 90, "texture": "#0"},
				"down": {"uv": [8, 8, 9.5, 16], "rotation": 90, "texture": "#0"}
			}
		},
		{
			"from": [11.90563, -12.51784, 7.45598],
			"to": [12.2859, -11.38014, 7.8068],
			"rotation": {"angle": 45, "axis": "x", "origin": [12.09578, -11.76199, 7.91189]},
			"faces": {
				"north": {"uv": [8, 8, 9.5, 16], "rotation": 180, "texture": "#0"},
				"east": {"uv": [8, 8, 9.5, 16], "rotation": 180, "texture": "#0"},
				"south": {"uv": [8, 8, 9.5, 16], "rotation": 180, "texture": "#0"},
				"west": {"uv": [8, 8, 9.5, 16], "rotation": 180, "texture": "#0"},
				"up": {"uv": [8, 8, 9.5, 16], "rotation": 180, "texture": "#0"},
				"down": {"uv": [8, 8, 9.5, 16], "rotation": 180, "texture": "#0"}
			}
		},
		{
			"from": [10.59663, -12.51784, 7.45598],
			"to": [10.9769, -11.38014, 7.8068],
			"rotation": {"angle": 45, "axis": "x", "origin": [10.78678, -11.76199, 7.91189]},
			"faces": {
				"north": {"uv": [8, 8, 9.5, 16], "rotation": 180, "texture": "#0"},
				"east": {"uv": [8, 8, 9.5, 16], "rotation": 180, "texture": "#0"},
				"south": {"uv": [8, 8, 9.5, 16], "rotation": 180, "texture": "#0"},
				"west": {"uv": [8, 8, 9.5, 16], "rotation": 180, "texture": "#0"},
				"up": {"uv": [8, 8, 9.5, 16], "rotation": 180, "texture": "#0"},
				"down": {"uv": [8, 8, 9.5, 16], "rotation": 180, "texture": "#0"}
			}
		},
		{
			"from": [10.5509, -11.96278, 7.62731],
			"to": [11.02469, -11.42496, 8.76502],
			"rotation": {"angle": 22.5, "axis": "x", "origin": [10.7878, -11.88087, 8.38316]},
			"faces": {
				"north": {"uv": [8, 8, 9.5, 16], "rotation": 90, "texture": "#0"},
				"east": {"uv": [8, 8, 9.5, 16], "rotation": 90, "texture": "#0"},
				"south": {"uv": [8, 8, 9.5, 16], "rotation": 90, "texture": "#0"},
				"west": {"uv": [8, 8, 9.5, 16], "rotation": 90, "texture": "#0"},
				"up": {"uv": [8, 8, 9.5, 16], "rotation": 90, "texture": "#0"},
				"down": {"uv": [8, 8, 9.5, 16], "rotation": 90, "texture": "#0"}
			}
		}
	],
	"display": {
		"thirdperson_righthand": {
			"rotation": [60, -10, 0],
			"translation": [-6, 11.75, 18],
			"scale": [2, 2, 2]
		}
	},
	"groups": [
		{
			"name": "leg1",
			"children": [0, 1, 2, 3, 4, 5, 6, 7, 8, 9, 10, 11, 12, 13, 14, 15, 16, 17, 18, 19, 20, 21, 22, 23, 24, 25, 26, 27, 28, 29, 30, 31, 32, 33, 34, 35, 36, 37, 38, 39, 40, 41, 42, 43, 44, 45, 46]
		}
	]
}