{
	"credit": "https://www.youtube.com/c/ZeroCaty",
	"textures": {
		"1": "block/white_terracotta"
	},
	"elements": [
		{
			"from": [9, 1.98695, 6.8054],
			"to": [10.99791, 6, 8.8056],
			"rotation": {"angle": 0, "axis": "y", "origin": [10.00357, 20.1, 1.8163]},
			"faces": {
				"north": {"uv": [0, 0, 1, 1], "texture": "#1"},
				"east": {"uv": [0, 0, 1, 1], "texture": "#1"},
				"south": {"uv": [0, 0, 2, 2], "texture": "#1"},
				"west": {"uv": [0, 0, 1, 1], "texture": "#1"},
				"up": {"uv": [0, 0, 2, 2], "rotation": 90, "texture": "#1"},
				"down": {"uv": [0, 0, 2, 2], "rotation": 270, "texture": "#1"}
			}
		},
		{
			"from": [16.08253, 9.07636, 6.8054],
			"to": [20.09558, 11.07427, 8.8056],
			"rotation": {"angle": -45, "axis": "z", "origin": [9.98253, 20.07993, 1.8163]},
			"faces": {
				"north": {"uv": [0, 0, 1, 1], "rotation": 90, "texture": "#1"},
				"east": {"uv": [0, 0, 2, 2], "rotation": 180, "texture": "#1"},
				"south": {"uv": [0, 0, 2, 2], "rotation": 270, "texture": "#1"},
				"west": {"uv": [0, 0, 2, 2], "texture": "#1"},
				"up": {"uv": [0, 0, 1, 1], "rotation": 270, "texture": "#1"},
				"down": {"uv": [0, 0, 1, 1], "rotation": 270, "texture": "#1"}
			}
		},
		{
			"from": [3.4, 6.69278, 6.8054],
			"to": [5.52638, 7.3, 8.8056],
			"rotation": {"angle": 22.5, "axis": "z", "origin": [10.00357, 20.1, 1.8163]},
			"faces": {
				"north": {"uv": [0, 0, 1, 1], "texture": "#1"},
				"east": {"uv": [0, 0, 1, 1], "texture": "#1"},
				"south": {"uv": [0, 0, 2, 2], "texture": "#1"},
				"west": {"uv": [0, 0, 1, 1], "texture": "#1"},
				"up": {"uv": [0, 0, 2, 2], "rotation": 90, "texture": "#1"},
				"down": {"uv": [0, 0, 2, 2], "rotation": 270, "texture": "#1"}
			}
		},
		{
			"from": [9.5, 0.1, 6.8054],
			"to": [10.5, 2, 8.8056],
			"rotation": {"angle": 0, "axis": "y", "origin": [10.00357, 20.1, 1.8163]},
			"faces": {
				"north": {"uv": [0, 0, 1, 1], "texture": "#1"},
				"east": {"uv": [0, 0, 1, 1], "texture": "#1"},
				"south": {"uv": [0, 0, 2, 2], "texture": "#1"},
				"west": {"uv": [0, 0, 1, 1], "texture": "#1"},
				"up": {"uv": [0, 0, 2, 2], "rotation": 90, "texture": "#1"},
				"down": {"uv": [0, 0, 2, 2], "rotation": 270, "texture": "#1"}
			}
		},
		{
			"from": [9.5, -0.8, 7.60536],
			"to": [10.5, 0.1, 7.99466],
			"rotation": {"angle": 0, "axis": "y", "origin": [10.00357, 20.1, 1.8163]},
			"faces": {
				"north": {"uv": [0, 0, 1, 1], "texture": "#1"},
				"east": {"uv": [0, 0, 1, 1], "texture": "#1"},
				"south": {"uv": [0, 0, 2, 2], "texture": "#1"},
				"west": {"uv": [0, 0, 1, 1], "texture": "#1"},
				"up": {"uv": [0, 0, 2, 2], "rotation": 90, "texture": "#1"},
				"down": {"uv": [0, 0, 2, 2], "rotation": 270, "texture": "#1"}
			}
		},
		{
			"from": [9.5, 3, 14.40536],
			"to": [10.5, 3.9, 14.79466],
			"rotation": {"angle": 22.5, "axis": "x", "origin": [11.00357, 20.1, 1.8163]},
			"faces": {
				"north": {"uv": [0, 0, 1, 1], "texture": "#1"},
				"east": {"uv": [0, 0, 1, 1], "texture": "#1"},
				"south": {"uv": [0, 0, 2, 2], "texture": "#1"},
				"west": {"uv": [0, 0, 1, 1], "texture": "#1"},
				"up": {"uv": [0, 0, 2, 2], "rotation": 90, "texture": "#1"},
				"down": {"uv": [0, 0, 2, 2], "rotation": 270, "texture": "#1"}
			}
		},
		{
			"from": [9.5, 3, 0.80534],
			"to": [10.5, 3.9, 1.19464],
			"rotation": {"angle": -22.5, "axis": "x", "origin": [11.00357, 20.1, 13.7837]},
			"faces": {
				"north": {"uv": [2, 0, 0, 2], "texture": "#1"},
				"east": {"uv": [1, 0, 0, 1], "texture": "#1"},
				"south": {"uv": [1, 0, 0, 1], "texture": "#1"},
				"west": {"uv": [1, 0, 0, 1], "texture": "#1"},
				"up": {"uv": [2, 0, 0, 2], "rotation": 90, "texture": "#1"},
				"down": {"uv": [2, 0, 0, 2], "rotation": 270, "texture": "#1"}
			}
		},
		{
			"from": [9.5, 0.3, 22.90534],
			"to": [10.5, 1.2, 23.29464],
			"rotation": {"angle": 45, "axis": "x", "origin": [10.00357, 20.1, 14.1837]},
			"faces": {
				"north": {"uv": [2, 0, 0, 2], "texture": "#1"},
				"east": {"uv": [1, 0, 0, 1], "texture": "#1"},
				"south": {"uv": [1, 0, 0, 1], "texture": "#1"},
				"west": {"uv": [1, 0, 0, 1], "texture": "#1"},
				"up": {"uv": [2, 0, 0, 2], "rotation": 90, "texture": "#1"},
				"down": {"uv": [2, 0, 0, 2], "rotation": 270, "texture": "#1"}
			}
		},
		{
			"from": [9.5, 0.3, -7.69464],
			"to": [10.5, 1.2, -7.30534],
			"rotation": {"angle": -45, "axis": "x", "origin": [10.00357, 20.1, 1.4163]},
			"faces": {
				"north": {"uv": [0, 0, 1, 1], "texture": "#1"},
				"east": {"uv": [0, 0, 1, 1], "texture": "#1"},
				"south": {"uv": [0, 0, 2, 2], "texture": "#1"},
				"west": {"uv": [0, 0, 1, 1], "texture": "#1"},
				"up": {"uv": [0, 0, 2, 2], "rotation": 90, "texture": "#1"},
				"down": {"uv": [0, 0, 2, 2], "rotation": 270, "texture": "#1"}
			}
		},
		{
			"from": [2.03719, -1.19812, 6.8054],
			"to": [2.73719, 0.80188, 8.8056],
			"rotation": {"angle": 22.5, "axis": "z", "origin": [2.54076, 18.90188, 1.8163]},
			"faces": {
				"north": {"uv": [0, 0, 1, 1], "texture": "#1"},
				"east": {"uv": [0, 0, 1, 1], "texture": "#1"},
				"south": {"uv": [0, 0, 2, 2], "texture": "#1"},
				"west": {"uv": [0, 0, 1, 1], "texture": "#1"},
				"up": {"uv": [0, 0, 2, 2], "rotation": 90, "texture": "#1"},
				"down": {"uv": [0, 0, 2, 2], "rotation": 270, "texture": "#1"}
			}
		},
		{
			"from": [17.26281, -1.19812, 6.8054],
			"to": [17.96281, 0.80188, 8.8056],
			"rotation": {"angle": -22.5, "axis": "z", "origin": [17.45924, 18.90188, 1.8163]},
			"faces": {
				"north": {"uv": [1, 0, 0, 1], "texture": "#1"},
				"east": {"uv": [1, 0, 0, 1], "texture": "#1"},
				"south": {"uv": [2, 0, 0, 2], "texture": "#1"},
				"west": {"uv": [1, 0, 0, 1], "texture": "#1"},
				"up": {"uv": [0, 2, 2, 0], "rotation": 90, "texture": "#1"},
				"down": {"uv": [0, 2, 2, 0], "rotation": 270, "texture": "#1"}
			}
		}
	],
	"display": {
		"thirdperson_righthand": {
			"rotation": [90, 0, 0],
			"translation": [0.5, -2.25, 10.5]
		},
		"thirdperson_lefthand": {
			"rotation": [90, 0, 0],
			"translation": [0.5, -2.25, 10.5]
		},
		"head": {
			"translation": [0, -27.75, 6.75],
			"scale": [1.74, 1.74, 1.74]
		}
	}
}