{
	"credit": "https://www.youtube.com/c/ZeroCaty",
	"textures": {
		"1": "block/white_terracotta"
	},
	"elements": [
		{
			"from": [7, 1.98695, 6.8054],
			"to": [8.99791, 10, 8.8056],
			"rotation": {"angle": 0, "axis": "y", "origin": [8.00357, 20.1, 1.8163]},
			"faces": {
				"north": {"uv": [0, 0, 1, 1], "texture": "#1"},
				"east": {"uv": [0, 0, 1, 1], "texture": "#1"},
				"south": {"uv": [0, 0, 2, 2], "texture": "#1"},
				"west": {"uv": [0, 0, 1, 1], "texture": "#1"},
				"up": {"uv": [0, 0, 2, 2], "rotation": 90, "texture": "#1"},
				"down": {"uv": [0, 0, 2, 2], "rotation": 270, "texture": "#1"}
			}
		},
		{
			"from": [7.5, 0.1, 6.8054],
			"to": [8.5, 2, 8.8056],
			"rotation": {"angle": 0, "axis": "y", "origin": [8.00357, 20.1, 1.8163]},
			"faces": {
				"north": {"uv": [0, 0, 1, 1], "texture": "#1"},
				"east": {"uv": [0, 0, 1, 1], "texture": "#1"},
				"south": {"uv": [0, 0, 2, 2], "texture": "#1"},
				"west": {"uv": [0, 0, 1, 1], "texture": "#1"},
				"up": {"uv": [0, 0, 2, 2], "rotation": 90, "texture": "#1"},
				"down": {"uv": [0, 0, 2, 2], "rotation": 270, "texture": "#1"}
			}
		},
		{
			"from": [7.5, -0.8, 7.60536],
			"to": [8.5, 0.1, 7.99466],
			"rotation": {"angle": 0, "axis": "y", "origin": [8.00357, 20.1, 1.8163]},
			"faces": {
				"north": {"uv": [0, 0, 1, 1], "texture": "#1"},
				"east": {"uv": [0, 0, 1, 1], "texture": "#1"},
				"south": {"uv": [0, 0, 2, 2], "texture": "#1"},
				"west": {"uv": [0, 0, 1, 1], "texture": "#1"},
				"up": {"uv": [0, 0, 2, 2], "rotation": 90, "texture": "#1"},
				"down": {"uv": [0, 0, 2, 2], "rotation": 270, "texture": "#1"}
			}
		},
		{
			"from": [7.5, 3, 14.40536],
			"to": [8.5, 3.9, 14.79466],
			"rotation": {"angle": 22.5, "axis": "x", "origin": [9.00357, 20.1, 1.8163]},
			"faces": {
				"north": {"uv": [0, 0, 1, 1], "texture": "#1"},
				"east": {"uv": [0, 0, 1, 1], "texture": "#1"},
				"south": {"uv": [0, 0, 2, 2], "texture": "#1"},
				"west": {"uv": [0, 0, 1, 1], "texture": "#1"},
				"up": {"uv": [0, 0, 2, 2], "rotation": 90, "texture": "#1"},
				"down": {"uv": [0, 0, 2, 2], "rotation": 270, "texture": "#1"}
			}
		},
		{
			"from": [7.5, 3, 0.80534],
			"to": [8.5, 3.9, 1.19464],
			"rotation": {"angle": -22.5, "axis": "x", "origin": [9.00357, 20.1, 13.7837]},
			"faces": {
				"north": {"uv": [2, 0, 0, 2], "texture": "#1"},
				"east": {"uv": [1, 0, 0, 1], "texture": "#1"},
				"south": {"uv": [1, 0, 0, 1], "texture": "#1"},
				"west": {"uv": [1, 0, 0, 1], "texture": "#1"},
				"up": {"uv": [2, 0, 0, 2], "rotation": 90, "texture": "#1"},
				"down": {"uv": [2, 0, 0, 2], "rotation": 270, "texture": "#1"}
			}
		},
		{
			"from": [7.5, 0.3, 22.90534],
			"to": [8.5, 1.2, 23.29464],
			"rotation": {"angle": 45, "axis": "x", "origin": [8.00357, 20.1, 14.1837]},
			"faces": {
				"north": {"uv": [2, 0, 0, 2], "texture": "#1"},
				"east": {"uv": [1, 0, 0, 1], "texture": "#1"},
				"south": {"uv": [1, 0, 0, 1], "texture": "#1"},
				"west": {"uv": [1, 0, 0, 1], "texture": "#1"},
				"up": {"uv": [2, 0, 0, 2], "rotation": 90, "texture": "#1"},
				"down": {"uv": [2, 0, 0, 2], "rotation": 270, "texture": "#1"}
			}
		},
		{
			"from": [7.5, 0.3, -7.69464],
			"to": [8.5, 1.2, -7.30534],
			"rotation": {"angle": -45, "axis": "x", "origin": [8.00357, 20.1, 1.4163]},
			"faces": {
				"north": {"uv": [0, 0, 1, 1], "texture": "#1"},
				"east": {"uv": [0, 0, 1, 1], "texture": "#1"},
				"south": {"uv": [0, 0, 2, 2], "texture": "#1"},
				"west": {"uv": [0, 0, 1, 1], "texture": "#1"},
				"up": {"uv": [0, 0, 2, 2], "rotation": 90, "texture": "#1"},
				"down": {"uv": [0, 0, 2, 2], "rotation": 270, "texture": "#1"}
			}
		},
		{
			"from": [0.03719, -1.19812, 6.8054],
			"to": [0.73719, 0.80188, 8.8056],
			"rotation": {"angle": 22.5, "axis": "z", "origin": [0.54076, 18.90188, 1.8163]},
			"faces": {
				"north": {"uv": [0, 0, 1, 1], "texture": "#1"},
				"east": {"uv": [0, 0, 1, 1], "texture": "#1"},
				"south": {"uv": [0, 0, 2, 2], "texture": "#1"},
				"west": {"uv": [0, 0, 1, 1], "texture": "#1"},
				"up": {"uv": [0, 0, 2, 2], "rotation": 90, "texture": "#1"},
				"down": {"uv": [0, 0, 2, 2], "rotation": 270, "texture": "#1"}
			}
		},
		{
			"from": [15.26281, -1.19812, 6.8054],
			"to": [15.96281, 0.80188, 8.8056],
			"rotation": {"angle": -22.5, "axis": "z", "origin": [15.45924, 18.90188, 1.8163]},
			"faces": {
				"north": {"uv": [1, 0, 0, 1], "texture": "#1"},
				"east": {"uv": [1, 0, 0, 1], "texture": "#1"},
				"south": {"uv": [2, 0, 0, 2], "texture": "#1"},
				"west": {"uv": [1, 0, 0, 1], "texture": "#1"},
				"up": {"uv": [0, 2, 2, 0], "rotation": 90, "texture": "#1"},
				"down": {"uv": [0, 2, 2, 0], "rotation": 270, "texture": "#1"}
			}
		}
	],
	"display": {
		"thirdperson_righthand": {
			"rotation": [90, 0, 0],
			"translation": [0, -2.25, 10]
		},
		"thirdperson_lefthand": {
			"rotation": [90, 0, 0],
			"translation": [0, -2.25, 10]
		},
		"head": {
			"translation": [0, -27.75, 6.75],
			"scale": [1.74, 1.74, 1.74]
		}
	}
}