{
	"credit": "https://www.youtube.com/c/ZeroCaty",
	"textures": {
		"1": "block/white_terracotta",
		"2": "block/white_concrete",
		"3": "block/black_concrete"
	},
	"elements": [
		{
			"from": [4.0036, 11, 0.6107],
			"to": [12.0036, 17, 8.6107],
			"rotation": {"angle": 0, "axis": "y", "origin": [8.00357, 13, 8.61071]},
			"faces": {
				"north": {"uv": [0, 0, 1, 1], "texture": "#1"},
				"east": {"uv": [0, 0, 1, 1], "texture": "#1"},
				"south": {"uv": [0, 0, 2, 2], "texture": "#1"},
				"west": {"uv": [0, 0, 2, 2], "texture": "#1"},
				"up": {"uv": [0, 0, 2, 2], "rotation": 90, "texture": "#1"},
				"down": {"uv": [0, 0, 2, 2], "rotation": 270, "texture": "#1"}
			}
		},
		{
			"from": [3.00357, 10.4, 3.61071],
			"to": [13.00357, 14.4, 5.61071],
			"rotation": {"angle": 22.5, "axis": "x", "origin": [8.00357, 13, 8.61071]},
			"faces": {
				"north": {"uv": [0, 0, 1, 1], "texture": "#1"},
				"east": {"uv": [0, 0, 1, 1], "texture": "#1"},
				"south": {"uv": [0, 0, 2, 2], "texture": "#1"},
				"west": {"uv": [0, 0, 2, 2], "texture": "#1"},
				"up": {"uv": [0, 0, 2, 2], "rotation": 90, "texture": "#1"},
				"down": {"uv": [0, 0, 2, 2], "rotation": 270, "texture": "#1"}
			}
		},
		{
			"from": [3.00357, 7, 0.61071],
			"to": [13.00357, 11, 8.61071],
			"rotation": {"angle": 0, "axis": "y", "origin": [8.00357, 13, 8.61071]},
			"faces": {
				"north": {"uv": [0, 0, 1, 1], "texture": "#1"},
				"east": {"uv": [0, 0, 1, 1], "texture": "#1"},
				"south": {"uv": [0, 0, 2, 2], "texture": "#1"},
				"west": {"uv": [0, 0, 2, 2], "texture": "#1"},
				"up": {"uv": [0, 0, 2, 2], "rotation": 90, "texture": "#1"},
				"down": {"uv": [0, 0, 2, 2], "rotation": 270, "texture": "#1"}
			}
		},
		{
			"from": [10.40357, 4.9, 0.61071],
			"to": [13.00357, 7, 1.61071],
			"rotation": {"angle": 0, "axis": "y", "origin": [8.00357, 13, 8.61071]},
			"faces": {
				"north": {"uv": [0, 0, 1, 1], "texture": "#1"},
				"east": {"uv": [0, 0, 1, 1], "texture": "#1"},
				"south": {"uv": [0, 0, 2, 2], "texture": "#1"},
				"west": {"uv": [0, 0, 2, 2], "texture": "#1"},
				"up": {"uv": [0, 0, 2, 2], "rotation": 90, "texture": "#1"},
				"down": {"uv": [0, 0, 2, 2], "rotation": 270, "texture": "#1"}
			}
		},
		{
			"from": [3.00357, 4.9, 0.61071],
			"to": [5.40357, 7, 1.61071],
			"rotation": {"angle": 0, "axis": "y", "origin": [8.00357, 13, 8.61071]},
			"faces": {
				"north": {"uv": [0, 0, 1, 1], "texture": "#1"},
				"east": {"uv": [0, 0, 1, 1], "texture": "#1"},
				"south": {"uv": [0, 0, 2, 2], "texture": "#1"},
				"west": {"uv": [0, 0, 2, 2], "texture": "#1"},
				"up": {"uv": [0, 0, 2, 2], "rotation": 90, "texture": "#1"},
				"down": {"uv": [0, 0, 2, 2], "rotation": 270, "texture": "#1"}
			}
		},
		{
			"from": [5.40357, 3.28669, 3.65143],
			"to": [10.40357, 5.28669, 11.65143],
			"rotation": {"angle": 22.5, "axis": "x", "origin": [7.40357, 13.28669, 8.95143]},
			"faces": {
				"north": {"uv": [0, 0, 1, 1], "texture": "#1"},
				"east": {"uv": [0, 0, 1, 1], "texture": "#1"},
				"south": {"uv": [0, 0, 2, 2], "texture": "#1"},
				"west": {"uv": [0, 0, 2, 2], "texture": "#1"},
				"up": {"uv": [0, 0, 2, 2], "rotation": 90, "texture": "#1"},
				"down": {"uv": [0, 0, 2, 2], "rotation": 270, "texture": "#1"}
			}
		},
		{
			"from": [3.00357, 0.9, 0.61071],
			"to": [13.00357, 4.9, 8.61071],
			"rotation": {"angle": 0, "axis": "y", "origin": [8.00357, 13, 8.61071]},
			"faces": {
				"north": {"uv": [0, 0, 1, 1], "texture": "#1"},
				"east": {"uv": [0, 0, 1, 1], "texture": "#1"},
				"south": {"uv": [0, 0, 2, 2], "texture": "#1"},
				"west": {"uv": [0, 0, 2, 2], "texture": "#1"},
				"up": {"uv": [0, 0, 2, 2], "rotation": 90, "texture": "#1"},
				"down": {"uv": [0, 0, 2, 2], "rotation": 270, "texture": "#1"}
			}
		},
		{
			"from": [6.00357, -3.1, 2.61071],
			"to": [10.00357, 0.9, 5.61071],
			"rotation": {"angle": 0, "axis": "y", "origin": [8.00357, 13, 8.61071]},
			"faces": {
				"north": {"uv": [0, 0, 1, 1], "texture": "#1"},
				"east": {"uv": [0, 0, 1, 1], "texture": "#1"},
				"south": {"uv": [0, 0, 2, 2], "texture": "#1"},
				"west": {"uv": [0, 0, 2, 2], "texture": "#1"},
				"up": {"uv": [0, 0, 2, 2], "rotation": 90, "texture": "#1"},
				"down": {"uv": [0, 0, 2, 2], "rotation": 270, "texture": "#1"}
			}
		},
		{
			"from": [3.00357, 4.9, 1.61071],
			"to": [13.00357, 7, 8.61071],
			"rotation": {"angle": 0, "axis": "y", "origin": [8.00357, 13, 8.61071]},
			"faces": {
				"north": {"uv": [0, 0, 1, 1], "texture": "#3"},
				"east": {"uv": [0, 0, 1, 1], "texture": "#1"},
				"south": {"uv": [0, 0, 2, 2], "texture": "#1"},
				"west": {"uv": [0, 0, 2, 2], "texture": "#1"},
				"up": {"uv": [0, 0, 2, 2], "rotation": 90, "texture": "#1"},
				"down": {"uv": [0, 0, 2, 2], "rotation": 270, "texture": "#1"}
			}
		},
		{
			"from": [2.47281, 6.33168, 0.61071],
			"to": [5.47281, 10.33168, 8.61071],
			"rotation": {"angle": -22.5, "axis": "z", "origin": [14.47281, 7.33168, 8.61071]},
			"faces": {
				"north": {"uv": [0, 0, 1, 1], "texture": "#1"},
				"east": {"uv": [0, 0, 1, 1], "texture": "#1"},
				"south": {"uv": [0, 0, 2, 2], "texture": "#1"},
				"west": {"uv": [0, 0, 2, 2], "texture": "#1"},
				"up": {"uv": [0, 0, 2, 2], "rotation": 90, "texture": "#1"},
				"down": {"uv": [0, 0, 2, 2], "rotation": 270, "texture": "#1"}
			}
		},
		{
			"from": [10.53433, 6.33168, 0.61071],
			"to": [13.53433, 10.33168, 8.61071],
			"rotation": {"angle": 22.5, "axis": "z", "origin": [1.53433, 7.33168, 8.61071]},
			"faces": {
				"north": {"uv": [1, 0, 0, 1], "texture": "#1"},
				"east": {"uv": [2, 0, 0, 2], "texture": "#1"},
				"south": {"uv": [2, 0, 0, 2], "texture": "#1"},
				"west": {"uv": [1, 0, 0, 1], "texture": "#1"},
				"up": {"uv": [0, 2, 2, 0], "rotation": 90, "texture": "#1"},
				"down": {"uv": [0, 2, 2, 0], "rotation": 270, "texture": "#1"}
			}
		},
		{
			"from": [13.89112, 12.2833, 0.61071],
			"to": [14.89112, 13.2833, 8.61071],
			"rotation": {"angle": 22.5, "axis": "z", "origin": [1.59112, 7.3833, 8.61071]},
			"faces": {
				"north": {"uv": [1, 0, 0, 1], "texture": "#1"},
				"east": {"uv": [2, 0, 0, 2], "texture": "#1"},
				"south": {"uv": [2, 0, 0, 2], "texture": "#1"},
				"west": {"uv": [1, 0, 0, 1], "texture": "#1"},
				"up": {"uv": [0, 2, 2, 0], "rotation": 90, "texture": "#1"},
				"down": {"uv": [0, 2, 2, 0], "rotation": 270, "texture": "#1"}
			}
		},
		{
			"from": [1.11548, 12.28603, 0.61071],
			"to": [2.10888, 13.2833, 8.61071],
			"rotation": {"angle": -22.5, "axis": "z", "origin": [14.40888, 7.3833, 8.61071]},
			"faces": {
				"north": {"uv": [0, 0, 1, 1], "texture": "#1"},
				"east": {"uv": [0, 0, 1, 1], "texture": "#1"},
				"south": {"uv": [0, 0, 2, 2], "texture": "#1"},
				"west": {"uv": [0, 0, 2, 2], "texture": "#1"},
				"up": {"uv": [0, 0, 2, 2], "rotation": 90, "texture": "#1"},
				"down": {"uv": [0, 0, 2, 2], "rotation": 270, "texture": "#1"}
			}
		},
		{
			"from": [7.00357, 13, 0.61071],
			"to": [9.00357, 15, 1.61071],
			"rotation": {"angle": 0, "axis": "y", "origin": [8.00357, 13, 8.61071]},
			"faces": {
				"north": {"uv": [0, 0, 2, 2], "texture": "#1"},
				"east": {"uv": [0, 0, 1, 1], "texture": "#1"},
				"south": {"uv": [0, 0, 2, 2], "texture": "#1"},
				"west": {"uv": [0, 0, 2, 2], "texture": "#1"},
				"up": {"uv": [0, 0, 2, 2], "rotation": 90, "texture": "#1"},
				"down": {"uv": [0, 0, 1, 1], "rotation": 270, "texture": "#1"}
			}
		},
		{
			"from": [7.00357, 6, 0.21071],
			"to": [9.00357, 11, 2.21071],
			"rotation": {"angle": 22.5, "axis": "x", "origin": [8.00357, 13, 8.61071]},
			"faces": {
				"north": {"uv": [0, 0, 2, 2], "texture": "#1"},
				"east": {"uv": [0, 0, 1, 1], "texture": "#1"},
				"south": {"uv": [0, 0, 1, 1], "texture": "#1"},
				"west": {"uv": [0, 0, 1, 1], "texture": "#1"},
				"up": {"uv": [0, 0, 1, 1], "rotation": 90, "texture": "#1"},
				"down": {"uv": [0, 0, 2, 2], "rotation": 270, "texture": "#1"}
			}
		},
		{
			"from": [5.40357, -0.31015, 10.30081],
			"to": [10.40357, 2.79153, 11.50102],
			"rotation": {"angle": 45, "axis": "x", "origin": [3.40357, 13.99153, 8.60102]},
			"faces": {
				"north": {"uv": [0, 0, 2, 2], "texture": "#1"},
				"east": {"uv": [0, 0, 1, 1], "texture": "#1"},
				"south": {"uv": [0, 0, 1, 1], "texture": "#1"},
				"west": {"uv": [0, 0, 1, 1], "texture": "#1"},
				"up": {"uv": [0, 0, 1, 1], "rotation": 90, "texture": "#1"},
				"down": {"uv": [0, 0, 2, 2], "rotation": 270, "texture": "#1"}
			}
		},
		{
			"from": [5.40357, 2.65698, -4.6103],
			"to": [10.40357, 5.05698, -3.3103],
			"rotation": {"angle": 22.5, "axis": "x", "origin": [3.40357, -8.14302, -2.4103]},
			"faces": {
				"north": {"uv": [0, 0, 1, 1], "rotation": 180, "texture": "#1"},
				"east": {"uv": [0, 0, 1, 1], "rotation": 180, "texture": "#1"},
				"south": {"uv": [0, 0, 2, 2], "rotation": 180, "texture": "#1"},
				"west": {"uv": [0, 0, 1, 1], "rotation": 180, "texture": "#1"},
				"up": {"uv": [0, 0, 2, 2], "rotation": 270, "texture": "#1"},
				"down": {"uv": [0, 0, 1, 1], "rotation": 90, "texture": "#1"}
			}
		},
		{
			"from": [7.00357, 12.2, 0.11071],
			"to": [9.00357, 17.1, 1.41071],
			"rotation": {"angle": 0, "axis": "z", "origin": [8.00357, 13, 8.61071]},
			"faces": {
				"north": {"uv": [0, 0, 2, 2], "texture": "#1"},
				"east": {"uv": [0, 0, 1, 1], "texture": "#1"},
				"south": {"uv": [0, 0, 2, 2], "texture": "#1"},
				"west": {"uv": [0, 0, 2, 2], "texture": "#1"},
				"up": {"uv": [0, 0, 1, 1], "rotation": 90, "texture": "#1"},
				"down": {"uv": [0, 0, 2, 2], "rotation": 270, "texture": "#1"}
			}
		},
		{
			"from": [7.00357, 6.44106, -1.15634],
			"to": [9.00357, 11.34106, 0.14366],
			"rotation": {"angle": 45, "axis": "x", "origin": [8.00357, 10.24106, 12.34366]},
			"faces": {
				"north": {"uv": [0, 0, 2, 2], "texture": "#1"},
				"east": {"uv": [0, 0, 1, 1], "texture": "#1"},
				"south": {"uv": [0, 0, 2, 2], "texture": "#1"},
				"west": {"uv": [0, 0, 2, 2], "texture": "#1"},
				"up": {"uv": [0, 0, 1, 1], "rotation": 90, "texture": "#1"},
				"down": {"uv": [0, 0, 2, 2], "rotation": 270, "texture": "#1"}
			}
		},
		{
			"from": [9.40357, 13.1, 0.11071],
			"to": [10.40357, 15.1, 1.11071],
			"rotation": {"angle": 0, "axis": "y", "origin": [7.00357, 13.1, 7.21071]},
			"faces": {
				"north": {"uv": [0, 0, 2, 2], "texture": "#3"},
				"east": {"uv": [0, 0, 2, 2], "texture": "#3"},
				"south": {"uv": [0, 0, 2, 2], "texture": "#3"},
				"west": {"uv": [0, 0, 2, 2], "texture": "#3"},
				"up": {"uv": [0, 0, 2, 2], "rotation": 90, "texture": "#3"},
				"down": {"uv": [0, 0, 2, 2], "rotation": 270, "texture": "#3"}
			}
		},
		{
			"from": [5.60357, 13.1, 0.11071],
			"to": [6.60357, 15.1, 1.11071],
			"rotation": {"angle": 0, "axis": "y", "origin": [9.00357, 13.1, 7.21071]},
			"faces": {
				"north": {"uv": [0, 0, 2, 2], "texture": "#3"},
				"east": {"uv": [0, 0, 2, 2], "texture": "#3"},
				"south": {"uv": [0, 0, 2, 2], "texture": "#3"},
				"west": {"uv": [0, 0, 2, 2], "texture": "#3"},
				"up": {"uv": [0, 0, 2, 2], "rotation": 90, "texture": "#3"},
				"down": {"uv": [0, 0, 2, 2], "rotation": 270, "texture": "#3"}
			}
		},
		{
			"from": [8.00357, 13, 0.21071],
			"to": [11.00357, 16.7, 1.21071],
			"rotation": {"angle": 0, "axis": "y", "origin": [7.00357, 13, 7.21071]},
			"faces": {
				"north": {"uv": [0, 0, 8, 2], "texture": "#2"},
				"east": {"uv": [0, 0, 1, 1], "texture": "#2"},
				"south": {"uv": [0, 0, 2, 2], "texture": "#1"},
				"west": {"uv": [0, 0, 1, 1], "texture": "#1"},
				"up": {"uv": [0, 0, 1, 1], "rotation": 90, "texture": "#2"},
				"down": {"uv": [0, 0, 1, 1], "rotation": 270, "texture": "#2"}
			}
		},
		{
			"from": [5.00357, 13, 0.21071],
			"to": [8.00357, 16.7, 1.21071],
			"rotation": {"angle": 0, "axis": "y", "origin": [9.00357, 13, 7.21071]},
			"faces": {
				"north": {"uv": [0, 0, 8, 2], "texture": "#2"},
				"east": {"uv": [0, 0, 1, 1], "texture": "#1"},
				"south": {"uv": [0, 0, 2, 2], "texture": "#1"},
				"west": {"uv": [0, 0, 8, 2], "texture": "#2"},
				"up": {"uv": [0, 0, 1, 1], "rotation": 90, "texture": "#2"},
				"down": {"uv": [0, 0, 1, 1], "rotation": 270, "texture": "#2"}
			}
		},
		{
			"from": [4.90357, 19, 2.61071],
			"to": [7.50357, 21.7, 4.61071],
			"rotation": {"angle": -22.5, "axis": "x", "origin": [8.00357, 13, 8.61071]},
			"faces": {
				"north": {"uv": [0, 0, 1, 1], "texture": "#1"},
				"east": {"uv": [0, 0, 1, 1], "texture": "#1"},
				"south": {"uv": [0, 0, 2, 2], "texture": "#1"},
				"west": {"uv": [0, 0, 2, 2], "texture": "#1"},
				"up": {"uv": [0, 0, 2, 2], "rotation": 90, "texture": "#1"},
				"down": {"uv": [0, 0, 2, 2], "rotation": 270, "texture": "#1"}
			}
		},
		{
			"from": [4.20357, 17.55562, 0.41651],
			"to": [4.90357, 19.45562, 1.41651],
			"rotation": {"angle": 0, "axis": "x", "origin": [11.30357, 13.15562, 7.51651]},
			"faces": {
				"north": {"uv": [0, 0, 1, 1], "texture": "#1"},
				"east": {"uv": [0, 0, 1, 1], "texture": "#1"},
				"south": {"uv": [0, 0, 2, 2], "texture": "#1"},
				"west": {"uv": [0, 0, 2, 2], "texture": "#1"},
				"up": {"uv": [0, 0, 2, 2], "rotation": 90, "texture": "#1"},
				"down": {"uv": [0, 0, 2, 2], "rotation": 270, "texture": "#1"}
			}
		},
		{
			"from": [11.09643, 17.55562, 0.46188],
			"to": [11.70357, 19.34608, 1.41651],
			"rotation": {"angle": 0, "axis": "x", "origin": [4.69643, 13.15562, 7.51651]},
			"faces": {
				"north": {"uv": [1, 0, 0, 1], "texture": "#1"},
				"east": {"uv": [2, 0, 0, 2], "texture": "#1"},
				"south": {"uv": [2, 0, 0, 2], "texture": "#1"},
				"west": {"uv": [1, 0, 0, 1], "texture": "#1"},
				"up": {"uv": [0, 2, 2, 0], "rotation": 90, "texture": "#1"},
				"down": {"uv": [0, 2, 2, 0], "rotation": 270, "texture": "#1"}
			}
		},
		{
			"from": [11.09643, 18.04077, 2.64942],
			"to": [11.70357, 19.92341, 3.6075],
			"rotation": {"angle": -22.5, "axis": "x", "origin": [4.69643, 13.24077, 7.5075]},
			"faces": {
				"north": {"uv": [1, 0, 0, 1], "texture": "#1"},
				"east": {"uv": [2, 0, 0, 2], "texture": "#1"},
				"south": {"uv": [2, 0, 0, 2], "texture": "#1"},
				"west": {"uv": [1, 0, 0, 1], "texture": "#1"},
				"up": {"uv": [0, 2, 2, 0], "rotation": 90, "texture": "#1"},
				"down": {"uv": [0, 2, 2, 0], "rotation": 270, "texture": "#1"}
			}
		},
		{
			"from": [4.20357, 18.04077, 2.6075],
			"to": [4.90357, 19.94077, 3.6075],
			"rotation": {"angle": -22.5, "axis": "x", "origin": [4.69643, 13.24077, 7.5075]},
			"faces": {
				"north": {"uv": [1, 0, 0, 1], "texture": "#1"},
				"east": {"uv": [2, 0, 0, 2], "texture": "#1"},
				"south": {"uv": [2, 0, 0, 2], "texture": "#1"},
				"west": {"uv": [1, 0, 0, 1], "texture": "#1"},
				"up": {"uv": [0, 2, 2, 0], "rotation": 90, "texture": "#1"},
				"down": {"uv": [0, 2, 2, 0], "rotation": 270, "texture": "#1"}
			}
		},
		{
			"from": [4.20357, 17, 0.6107],
			"to": [11.70357, 19, 8.6107],
			"rotation": {"angle": 0, "axis": "z", "origin": [8.00357, 13, 8.61071]},
			"faces": {
				"north": {"uv": [0, 0, 1, 1], "texture": "#1"},
				"east": {"uv": [0, 0, 1, 1], "texture": "#1"},
				"south": {"uv": [0, 0, 2, 2], "texture": "#1"},
				"west": {"uv": [0, 0, 2, 2], "texture": "#1"},
				"up": {"uv": [0, 0, 2, 2], "rotation": 90, "texture": "#1"},
				"down": {"uv": [0, 0, 2, 2], "rotation": 270, "texture": "#1"}
			}
		},
		{
			"from": [4.20357, 20, 3.51071],
			"to": [11.70357, 21.98143, 11.0659],
			"rotation": {"angle": -22.5, "axis": "x", "origin": [8.00357, 13, 8.61071]},
			"faces": {
				"north": {"uv": [0, 0, 1, 1], "texture": "#1"},
				"east": {"uv": [0, 0, 1, 1], "texture": "#1"},
				"south": {"uv": [0, 0, 2, 2], "texture": "#1"},
				"west": {"uv": [0, 0, 2, 2], "texture": "#1"},
				"up": {"uv": [0, 0, 2, 2], "rotation": 90, "texture": "#1"},
				"down": {"uv": [0, 0, 2, 2], "rotation": 270, "texture": "#1"}
			}
		},
		{
			"from": [4.20357, 19, 4.01071],
			"to": [11.70357, 20, 8.6107],
			"rotation": {"angle": 0, "axis": "x", "origin": [8.00357, 12, 6.11071]},
			"faces": {
				"north": {"uv": [0, 0, 1, 1], "texture": "#1"},
				"east": {"uv": [0, 0, 1, 1], "texture": "#1"},
				"south": {"uv": [0, 0, 2, 2], "texture": "#1"},
				"west": {"uv": [0, 0, 2, 2], "texture": "#1"},
				"up": {"uv": [0, 0, 2, 2], "rotation": 90, "texture": "#1"},
				"down": {"uv": [0, 0, 2, 2], "rotation": 270, "texture": "#1"}
			}
		},
		{
			"from": [4.20357, 20, 7.01071],
			"to": [11.70357, 21.06859, 8.6107],
			"rotation": {"angle": 0, "axis": "x", "origin": [8.00357, 12, 6.11071]},
			"faces": {
				"north": {"uv": [0, 0, 1, 1], "texture": "#1"},
				"east": {"uv": [0, 0, 1, 1], "texture": "#1"},
				"south": {"uv": [0, 0, 2, 2], "texture": "#1"},
				"west": {"uv": [0, 0, 2, 2], "texture": "#1"},
				"up": {"uv": [0, 0, 2, 2], "rotation": 90, "texture": "#1"},
				"down": {"uv": [0, 0, 2, 2], "rotation": 270, "texture": "#1"}
			}
		},
		{
			"from": [4.20357, 18.74695, -1.06551],
			"to": [11.70357, 19.79544, 0.58733],
			"rotation": {"angle": 45, "axis": "x", "origin": [8.00357, 10.74695, 6.13584]},
			"faces": {
				"north": {"uv": [0, 0, 1, 1], "texture": "#1"},
				"east": {"uv": [0, 0, 1, 1], "texture": "#1"},
				"south": {"uv": [0, 0, 2, 2], "texture": "#1"},
				"west": {"uv": [0, 0, 2, 2], "texture": "#1"},
				"up": {"uv": [0, 0, 2, 2], "rotation": 90, "texture": "#1"},
				"down": {"uv": [0, 0, 2, 2], "rotation": 270, "texture": "#1"}
			}
		},
		{
			"from": [8.50357, 19, 2.61071],
			"to": [11.10357, 21.7, 4.61071],
			"rotation": {"angle": -22.5, "axis": "x", "origin": [8.00357, 13, 8.61071]},
			"faces": {
				"north": {"uv": [0, 0, 1, 1], "texture": "#1"},
				"east": {"uv": [0, 0, 1, 1], "texture": "#1"},
				"south": {"uv": [0, 0, 2, 2], "texture": "#1"},
				"west": {"uv": [0, 0, 2, 2], "texture": "#1"},
				"up": {"uv": [0, 0, 2, 2], "rotation": 90, "texture": "#1"},
				"down": {"uv": [0, 0, 2, 2], "rotation": 270, "texture": "#1"}
			}
		},
		{
			"from": [4.90357, 16.25637, -6.28691],
			"to": [7.50357, 17.95637, -4.26191],
			"rotation": {"angle": 45, "axis": "x", "origin": [8.00357, 10.25637, -0.26191]},
			"faces": {
				"north": {"uv": [0, 0, 1, 1], "texture": "#1"},
				"east": {"uv": [0, 0, 1, 1], "texture": "#1"},
				"south": {"uv": [0, 0, 2, 2], "texture": "#1"},
				"west": {"uv": [0, 0, 2, 2], "texture": "#1"},
				"up": {"uv": [0, 0, 2, 2], "rotation": 90, "texture": "#1"},
				"down": {"uv": [0, 0, 2, 2], "rotation": 270, "texture": "#1"}
			}
		},
		{
			"from": [4.90357, 17.93415, -3.06615],
			"to": [7.50357, 19.95915, -1.36615],
			"rotation": {"angle": 22.5, "axis": "x", "origin": [8.00357, 9.93415, -1.06615]},
			"faces": {
				"north": {"uv": [0, 0, 2, 2], "rotation": 90, "texture": "#1"},
				"east": {"uv": [0, 0, 1, 1], "rotation": 270, "texture": "#1"},
				"south": {"uv": [0, 0, 2, 2], "rotation": 90, "texture": "#1"},
				"west": {"uv": [0, 0, 2, 2], "rotation": 90, "texture": "#1"},
				"up": {"uv": [0, 0, 1, 1], "rotation": 180, "texture": "#1"},
				"down": {"uv": [0, 0, 2, 2], "texture": "#1"}
			}
		},
		{
			"from": [8.50357, 16.25637, -6.28691],
			"to": [11.10357, 17.95637, -4.26191],
			"rotation": {"angle": 45, "axis": "x", "origin": [8.00357, 10.25637, -0.26191]},
			"faces": {
				"north": {"uv": [0, 0, 1, 1], "texture": "#1"},
				"east": {"uv": [0, 0, 1, 1], "texture": "#1"},
				"south": {"uv": [0, 0, 2, 2], "texture": "#1"},
				"west": {"uv": [0, 0, 2, 2], "texture": "#1"},
				"up": {"uv": [0, 0, 2, 2], "rotation": 90, "texture": "#1"},
				"down": {"uv": [0, 0, 2, 2], "rotation": 270, "texture": "#1"}
			}
		},
		{
			"from": [8.50357, 17.93415, -3.06615],
			"to": [11.10357, 19.95915, -1.36615],
			"rotation": {"angle": 22.5, "axis": "x", "origin": [8.00357, 9.93415, -1.06615]},
			"faces": {
				"north": {"uv": [0, 0, 2, 2], "rotation": 90, "texture": "#1"},
				"east": {"uv": [0, 0, 1, 1], "rotation": 270, "texture": "#1"},
				"south": {"uv": [0, 0, 2, 2], "rotation": 90, "texture": "#1"},
				"west": {"uv": [0, 0, 2, 2], "rotation": 90, "texture": "#1"},
				"up": {"uv": [0, 0, 1, 1], "rotation": 180, "texture": "#1"},
				"down": {"uv": [0, 0, 2, 2], "texture": "#1"}
			}
		}
	],
	"display": {
		"head": {
			"translation": [0, 2.25, 3.5],
			"scale": [0.72, 0.72, 0.72]
		}
	}
}