{
	"credit": "https://www.youtube.com/c/ZeroCaty",
	"textures": {
		"0": "zcbm/magic/ancient/allparts",
		"1": "zcbm/magic/ancient/planks",
		"2": "zcbm/magic/ancient/rlamp",
		"3": "zcbm/magic/ancient/crystal",
		"particle": "zcbm/magic/ancient/allparts"
	},
	"elements": [
		{
			"from": [1.75, 1.75, 1.75],
			"to": [14.25, 14.25, 14.25],
			"faces": {
				"north": {"uv": [1.25, 1.25, 6.75, 6.75], "texture": "#0"},
				"east": {"uv": [1.25, 1.25, 6.75, 6.75], "texture": "#0"},
				"south": {"uv": [1.25, 1.25, 6.75, 6.75], "texture": "#0"},
				"west": {"uv": [1.25, 1.25, 6.75, 6.75], "texture": "#0"},
				"up": {"uv": [1.25, 1.25, 6.75, 6.75], "texture": "#0"},
				"down": {"uv": [1.25, 1.25, 6.75, 6.75], "texture": "#0"}
			}
		},
		{
			"from": [2, 1.5, 13.5],
			"to": [14, 2.5, 14.5],
			"faces": {
				"north": {"uv": [8, 8, 9.5, 16], "rotation": 90, "texture": "#0"},
				"east": {"uv": [8, 8, 9.5, 16], "rotation": 90, "texture": "#0"},
				"south": {"uv": [8, 8, 9.5, 16], "rotation": 90, "texture": "#0"},
				"west": {"uv": [8, 8, 9.5, 16], "rotation": 90, "texture": "#0"},
				"up": {"uv": [8, 8, 9.5, 16], "rotation": 90, "texture": "#0"},
				"down": {"uv": [8, 8, 9.5, 16], "rotation": 90, "texture": "#0"}
			}
		},
		{
			"from": [2, 13.5, 13.5],
			"to": [14, 14.5, 14.5],
			"faces": {
				"north": {"uv": [8, 8, 9.5, 16], "rotation": 90, "texture": "#0"},
				"east": {"uv": [8, 8, 9.5, 16], "rotation": 90, "texture": "#0"},
				"south": {"uv": [8, 8, 9.5, 16], "rotation": 90, "texture": "#0"},
				"west": {"uv": [8, 8, 9.5, 16], "rotation": 90, "texture": "#0"},
				"up": {"uv": [8, 8, 9.5, 16], "rotation": 90, "texture": "#0"},
				"down": {"uv": [8, 8, 9.5, 16], "rotation": 90, "texture": "#0"}
			}
		},
		{
			"from": [1.5, 1.5, 2],
			"to": [2.5, 2.5, 14],
			"faces": {
				"north": {"uv": [8, 8, 9.5, 16], "rotation": 90, "texture": "#0"},
				"east": {"uv": [8, 8, 9.5, 16], "rotation": 90, "texture": "#0"},
				"south": {"uv": [8, 8, 9.5, 16], "rotation": 90, "texture": "#0"},
				"west": {"uv": [8, 8, 9.5, 16], "rotation": 90, "texture": "#0"},
				"up": {"uv": [8, 8, 9.5, 16], "rotation": 180, "texture": "#0"},
				"down": {"uv": [8, 8, 9.5, 16], "texture": "#0"}
			}
		},
		{
			"from": [1.5, 13.5, 2],
			"to": [2.5, 14.5, 14],
			"faces": {
				"north": {"uv": [8, 8, 9.5, 16], "rotation": 90, "texture": "#0"},
				"east": {"uv": [8, 8, 9.5, 16], "rotation": 90, "texture": "#0"},
				"south": {"uv": [8, 8, 9.5, 16], "rotation": 90, "texture": "#0"},
				"west": {"uv": [8, 8, 9.5, 16], "rotation": 90, "texture": "#0"},
				"up": {"uv": [8, 8, 9.5, 16], "rotation": 180, "texture": "#0"},
				"down": {"uv": [8, 8, 9.5, 16], "texture": "#0"}
			}
		},
		{
			"from": [2, 1.5, 1.5],
			"to": [14, 2.5, 2.5],
			"faces": {
				"north": {"uv": [8, 8, 9.5, 16], "rotation": 90, "texture": "#0"},
				"east": {"uv": [8, 8, 9.5, 16], "rotation": 90, "texture": "#0"},
				"south": {"uv": [8, 8, 9.5, 16], "rotation": 90, "texture": "#0"},
				"west": {"uv": [8, 8, 9.5, 16], "rotation": 90, "texture": "#0"},
				"up": {"uv": [8, 8, 9.5, 16], "rotation": 270, "texture": "#0"},
				"down": {"uv": [8, 8, 9.5, 16], "rotation": 270, "texture": "#0"}
			}
		},
		{
			"from": [2, 13.5, 1.5],
			"to": [14, 14.5, 2.5],
			"faces": {
				"north": {"uv": [8, 8, 9.5, 16], "rotation": 90, "texture": "#0"},
				"east": {"uv": [8, 8, 9.5, 16], "rotation": 90, "texture": "#0"},
				"south": {"uv": [8, 8, 9.5, 16], "rotation": 90, "texture": "#0"},
				"west": {"uv": [8, 8, 9.5, 16], "rotation": 90, "texture": "#0"},
				"up": {"uv": [8, 8, 9.5, 16], "rotation": 270, "texture": "#0"},
				"down": {"uv": [8, 8, 9.5, 16], "rotation": 270, "texture": "#0"}
			}
		},
		{
			"from": [13.5, 1.5, 2],
			"to": [14.5, 2.5, 14],
			"faces": {
				"north": {"uv": [8, 8, 9.5, 16], "rotation": 90, "texture": "#0"},
				"east": {"uv": [8, 8, 9.5, 16], "rotation": 90, "texture": "#0"},
				"south": {"uv": [8, 8, 9.5, 16], "rotation": 90, "texture": "#0"},
				"west": {"uv": [8, 8, 9.5, 16], "rotation": 90, "texture": "#0"},
				"up": {"uv": [8, 8, 9.5, 16], "texture": "#0"},
				"down": {"uv": [8, 8, 9.5, 16], "rotation": 180, "texture": "#0"}
			}
		},
		{
			"from": [13.5, 13.5, 2],
			"to": [14.5, 14.5, 14],
			"faces": {
				"north": {"uv": [8, 8, 9.5, 16], "rotation": 90, "texture": "#0"},
				"east": {"uv": [8, 8, 9.5, 16], "rotation": 90, "texture": "#0"},
				"south": {"uv": [8, 8, 9.5, 16], "rotation": 90, "texture": "#0"},
				"west": {"uv": [8, 8, 9.5, 16], "rotation": 90, "texture": "#0"},
				"up": {"uv": [8, 8, 9.5, 16], "texture": "#0"},
				"down": {"uv": [8, 8, 9.5, 16], "rotation": 180, "texture": "#0"}
			}
		},
		{
			"from": [13.5, 2, 13.5],
			"to": [14.5, 14, 14.5],
			"faces": {
				"north": {"uv": [8, 8, 9.5, 16], "rotation": 180, "texture": "#0"},
				"east": {"uv": [8, 8, 9.5, 16], "texture": "#0"},
				"south": {"uv": [8, 8, 9.5, 16], "texture": "#0"},
				"west": {"uv": [8, 8, 9.5, 16], "rotation": 180, "texture": "#0"},
				"up": {"uv": [8, 8, 9.5, 16], "texture": "#0"},
				"down": {"uv": [8, 8, 9.5, 16], "texture": "#0"}
			}
		},
		{
			"from": [1.5, 2, 13.5],
			"to": [2.5, 14, 14.5],
			"faces": {
				"north": {"uv": [8, 8, 9.5, 16], "rotation": 180, "texture": "#0"},
				"east": {"uv": [8, 8, 9.5, 16], "texture": "#0"},
				"south": {"uv": [8, 8, 9.5, 16], "texture": "#0"},
				"west": {"uv": [8, 8, 9.5, 16], "rotation": 180, "texture": "#0"},
				"up": {"uv": [8, 8, 9.5, 16], "texture": "#0"},
				"down": {"uv": [8, 8, 9.5, 16], "texture": "#0"}
			}
		},
		{
			"from": [13.5, 2, 1.5],
			"to": [14.5, 14, 2.5],
			"faces": {
				"north": {"uv": [8, 8, 9.5, 16], "rotation": 180, "texture": "#0"},
				"east": {"uv": [8, 8, 9.5, 16], "texture": "#0"},
				"south": {"uv": [8, 8, 9.5, 16], "texture": "#0"},
				"west": {"uv": [8, 8, 9.5, 16], "rotation": 180, "texture": "#0"},
				"up": {"uv": [8, 8, 9.5, 16], "texture": "#0"},
				"down": {"uv": [8, 8, 9.5, 16], "texture": "#0"}
			}
		},
		{
			"from": [1.5, 2, 1.5],
			"to": [2.5, 14, 2.5],
			"faces": {
				"north": {"uv": [8, 8, 9.5, 16], "rotation": 180, "texture": "#0"},
				"east": {"uv": [8, 8, 9.5, 16], "texture": "#0"},
				"south": {"uv": [8, 8, 9.5, 16], "texture": "#0"},
				"west": {"uv": [8, 8, 9.5, 16], "rotation": 180, "texture": "#0"},
				"up": {"uv": [8, 8, 9.5, 16], "texture": "#0"},
				"down": {"uv": [8, 8, 9.5, 16], "texture": "#0"}
			}
		},
		{
			"from": [1.3, 13.3, 13.3],
			"to": [2.7, 14.7, 14.7],
			"faces": {
				"north": {"uv": [0, 8, 8, 16], "rotation": 90, "texture": "#0"},
				"east": {"uv": [0, 8, 8, 16], "rotation": 90, "texture": "#0"},
				"south": {"uv": [0, 8, 8, 16], "rotation": 90, "texture": "#0"},
				"west": {"uv": [0, 8, 8, 16], "rotation": 90, "texture": "#0"},
				"up": {"uv": [0, 8, 8, 16], "rotation": 90, "texture": "#0"},
				"down": {"uv": [0, 8, 8, 16], "rotation": 90, "texture": "#0"}
			}
		},
		{
			"from": [1.3, 1.3, 13.3],
			"to": [2.7, 2.7, 14.7],
			"faces": {
				"north": {"uv": [0, 8, 8, 16], "rotation": 90, "texture": "#0"},
				"east": {"uv": [0, 8, 8, 16], "rotation": 90, "texture": "#0"},
				"south": {"uv": [0, 8, 8, 16], "rotation": 90, "texture": "#0"},
				"west": {"uv": [0, 8, 8, 16], "rotation": 90, "texture": "#0"},
				"up": {"uv": [0, 8, 8, 16], "rotation": 90, "texture": "#0"},
				"down": {"uv": [0, 8, 8, 16], "rotation": 90, "texture": "#0"}
			}
		},
		{
			"from": [13.3, 13.3, 13.3],
			"to": [14.7, 14.7, 14.7],
			"faces": {
				"north": {"uv": [0, 8, 8, 16], "rotation": 90, "texture": "#0"},
				"east": {"uv": [0, 8, 8, 16], "rotation": 90, "texture": "#0"},
				"south": {"uv": [0, 8, 8, 16], "rotation": 90, "texture": "#0"},
				"west": {"uv": [0, 8, 8, 16], "rotation": 90, "texture": "#0"},
				"up": {"uv": [0, 8, 8, 16], "rotation": 90, "texture": "#0"},
				"down": {"uv": [0, 8, 8, 16], "rotation": 90, "texture": "#0"}
			}
		},
		{
			"from": [13.3, 1.3, 13.3],
			"to": [14.7, 2.7, 14.7],
			"faces": {
				"north": {"uv": [0, 8, 8, 16], "rotation": 90, "texture": "#0"},
				"east": {"uv": [0, 8, 8, 16], "rotation": 90, "texture": "#0"},
				"south": {"uv": [0, 8, 8, 16], "rotation": 90, "texture": "#0"},
				"west": {"uv": [0, 8, 8, 16], "rotation": 90, "texture": "#0"},
				"up": {"uv": [0, 8, 8, 16], "rotation": 90, "texture": "#0"},
				"down": {"uv": [0, 8, 8, 16], "rotation": 90, "texture": "#0"}
			}
		},
		{
			"from": [1.3, 1.3, 1.3],
			"to": [2.7, 2.7, 2.7],
			"faces": {
				"north": {"uv": [0, 8, 8, 16], "rotation": 90, "texture": "#0"},
				"east": {"uv": [0, 8, 8, 16], "rotation": 90, "texture": "#0"},
				"south": {"uv": [0, 8, 8, 16], "rotation": 90, "texture": "#0"},
				"west": {"uv": [0, 8, 8, 16], "rotation": 90, "texture": "#0"},
				"up": {"uv": [0, 8, 8, 16], "rotation": 90, "texture": "#0"},
				"down": {"uv": [0, 8, 8, 16], "rotation": 90, "texture": "#0"}
			}
		},
		{
			"from": [1.3, 13.3, 1.3],
			"to": [2.7, 14.7, 2.7],
			"faces": {
				"north": {"uv": [0, 8, 8, 16], "rotation": 90, "texture": "#0"},
				"east": {"uv": [0, 8, 8, 16], "rotation": 90, "texture": "#0"},
				"south": {"uv": [0, 8, 8, 16], "rotation": 90, "texture": "#0"},
				"west": {"uv": [0, 8, 8, 16], "rotation": 90, "texture": "#0"},
				"up": {"uv": [0, 8, 8, 16], "rotation": 90, "texture": "#0"},
				"down": {"uv": [0, 8, 8, 16], "rotation": 90, "texture": "#0"}
			}
		},
		{
			"from": [13.3, 13.3, 1.3],
			"to": [14.7, 14.7, 2.7],
			"faces": {
				"north": {"uv": [0, 8, 8, 16], "rotation": 90, "texture": "#0"},
				"east": {"uv": [0, 8, 8, 16], "rotation": 90, "texture": "#0"},
				"south": {"uv": [0, 8, 8, 16], "rotation": 90, "texture": "#0"},
				"west": {"uv": [0, 8, 8, 16], "rotation": 90, "texture": "#0"},
				"up": {"uv": [0, 8, 8, 16], "rotation": 90, "texture": "#0"},
				"down": {"uv": [0, 8, 8, 16], "rotation": 90, "texture": "#0"}
			}
		},
		{
			"from": [13.3, 1.3, 1.3],
			"to": [14.7, 2.7, 2.7],
			"faces": {
				"north": {"uv": [0, 8, 8, 16], "rotation": 90, "texture": "#0"},
				"east": {"uv": [0, 8, 8, 16], "rotation": 90, "texture": "#0"},
				"south": {"uv": [0, 8, 8, 16], "rotation": 90, "texture": "#0"},
				"west": {"uv": [0, 8, 8, 16], "rotation": 90, "texture": "#0"},
				"up": {"uv": [0, 8, 8, 16], "rotation": 90, "texture": "#0"},
				"down": {"uv": [0, 8, 8, 16], "rotation": 90, "texture": "#0"}
			}
		},
		{
			"from": [1.5, 4, 4],
			"to": [14.5, 12, 12],
			"faces": {
				"north": {"uv": [0, 0, 16, 16], "texture": "#1"},
				"east": {"uv": [0, 0, 16, 16], "texture": "#1"},
				"south": {"uv": [0, 0, 16, 16], "texture": "#1"},
				"west": {"uv": [0, 0, 16, 16], "texture": "#1"},
				"up": {"uv": [0, 0, 16, 16], "texture": "#1"},
				"down": {"uv": [0, 0, 16, 16], "texture": "#1"}
			}
		},
		{
			"from": [13.35, 9, 1.35],
			"to": [14.65, 11, 2.65],
			"faces": {
				"north": {"uv": [9.5, 8, 11, 16], "texture": "#0"},
				"east": {"uv": [9.5, 8, 11, 16], "texture": "#0"},
				"south": {"uv": [9.5, 8, 11, 16], "texture": "#0"},
				"west": {"uv": [9.5, 8, 11, 16], "texture": "#0"},
				"up": {"uv": [9.5, 8, 11, 16], "texture": "#0"},
				"down": {"uv": [9.5, 8, 11, 16], "texture": "#0"}
			}
		},
		{
			"from": [13.35, 9, 13.35],
			"to": [14.65, 11, 14.65],
			"faces": {
				"north": {"uv": [9.5, 8, 11, 16], "texture": "#0"},
				"east": {"uv": [9.5, 8, 11, 16], "texture": "#0"},
				"south": {"uv": [9.5, 8, 11, 16], "texture": "#0"},
				"west": {"uv": [9.5, 8, 11, 16], "texture": "#0"},
				"up": {"uv": [9.5, 8, 11, 16], "texture": "#0"},
				"down": {"uv": [9.5, 8, 11, 16], "texture": "#0"}
			}
		},
		{
			"from": [1.35, 9, 1.35],
			"to": [2.65, 11, 2.65],
			"faces": {
				"north": {"uv": [9.5, 8, 11, 16], "texture": "#0"},
				"east": {"uv": [9.5, 8, 11, 16], "texture": "#0"},
				"south": {"uv": [9.5, 8, 11, 16], "texture": "#0"},
				"west": {"uv": [9.5, 8, 11, 16], "texture": "#0"},
				"up": {"uv": [9.5, 8, 11, 16], "texture": "#0"},
				"down": {"uv": [9.5, 8, 11, 16], "texture": "#0"}
			}
		},
		{
			"from": [1.35, 9, 13.35],
			"to": [2.65, 11, 14.65],
			"faces": {
				"north": {"uv": [9.5, 8, 11, 16], "texture": "#0"},
				"east": {"uv": [9.5, 8, 11, 16], "texture": "#0"},
				"south": {"uv": [9.5, 8, 11, 16], "texture": "#0"},
				"west": {"uv": [9.5, 8, 11, 16], "texture": "#0"},
				"up": {"uv": [9.5, 8, 11, 16], "texture": "#0"},
				"down": {"uv": [9.5, 8, 11, 16], "texture": "#0"}
			}
		},
		{
			"from": [1.45, 9.25, 2.6],
			"to": [1.65, 10.75, 13.4],
			"faces": {
				"north": {"uv": [9.5, 8, 11, 16], "rotation": 90, "texture": "#0"},
				"east": {"uv": [9.5, 8, 11, 16], "rotation": 90, "texture": "#0"},
				"south": {"uv": [9.5, 8, 11, 16], "rotation": 90, "texture": "#0"},
				"west": {"uv": [9.5, 8, 11, 16], "rotation": 90, "texture": "#0"},
				"up": {"uv": [9.5, 8, 11, 16], "rotation": 90, "texture": "#0"},
				"down": {"uv": [9.5, 8, 11, 16], "rotation": 90, "texture": "#0"}
			}
		},
		{
			"from": [1.45, 5.25, 2.6],
			"to": [1.65, 6.75, 13.4],
			"faces": {
				"north": {"uv": [9.5, 8, 11, 16], "rotation": 90, "texture": "#0"},
				"east": {"uv": [9.5, 8, 11, 16], "rotation": 90, "texture": "#0"},
				"south": {"uv": [9.5, 8, 11, 16], "rotation": 90, "texture": "#0"},
				"west": {"uv": [9.5, 8, 11, 16], "rotation": 90, "texture": "#0"},
				"up": {"uv": [9.5, 8, 11, 16], "rotation": 90, "texture": "#0"},
				"down": {"uv": [9.5, 8, 11, 16], "rotation": 90, "texture": "#0"}
			}
		},
		{
			"from": [13.35, 5, 1.35],
			"to": [14.65, 7, 2.65],
			"faces": {
				"north": {"uv": [9.5, 8, 11, 16], "texture": "#0"},
				"east": {"uv": [9.5, 8, 11, 16], "texture": "#0"},
				"south": {"uv": [9.5, 8, 11, 16], "texture": "#0"},
				"west": {"uv": [9.5, 8, 11, 16], "texture": "#0"},
				"up": {"uv": [9.5, 8, 11, 16], "texture": "#0"},
				"down": {"uv": [9.5, 8, 11, 16], "texture": "#0"}
			}
		},
		{
			"from": [13.35, 5, 13.35],
			"to": [14.65, 7, 14.65],
			"faces": {
				"north": {"uv": [9.5, 8, 11, 16], "texture": "#0"},
				"east": {"uv": [9.5, 8, 11, 16], "texture": "#0"},
				"south": {"uv": [9.5, 8, 11, 16], "texture": "#0"},
				"west": {"uv": [9.5, 8, 11, 16], "texture": "#0"},
				"up": {"uv": [9.5, 8, 11, 16], "texture": "#0"},
				"down": {"uv": [9.5, 8, 11, 16], "texture": "#0"}
			}
		},
		{
			"from": [1.35, 5, 13.35],
			"to": [2.65, 7, 14.65],
			"faces": {
				"north": {"uv": [9.5, 8, 11, 16], "texture": "#0"},
				"east": {"uv": [9.5, 8, 11, 16], "texture": "#0"},
				"south": {"uv": [9.5, 8, 11, 16], "texture": "#0"},
				"west": {"uv": [9.5, 8, 11, 16], "texture": "#0"},
				"up": {"uv": [9.5, 8, 11, 16], "texture": "#0"},
				"down": {"uv": [9.5, 8, 11, 16], "texture": "#0"}
			}
		},
		{
			"from": [1.35, 5, 1.35],
			"to": [2.65, 7, 2.65],
			"faces": {
				"north": {"uv": [9.5, 8, 11, 16], "texture": "#0"},
				"east": {"uv": [9.5, 8, 11, 16], "texture": "#0"},
				"south": {"uv": [9.5, 8, 11, 16], "texture": "#0"},
				"west": {"uv": [9.5, 8, 11, 16], "texture": "#0"},
				"up": {"uv": [9.5, 8, 11, 16], "texture": "#0"},
				"down": {"uv": [9.5, 8, 11, 16], "texture": "#0"}
			}
		},
		{
			"from": [14.35, 9.25, 2.6],
			"to": [14.55, 10.75, 13.4],
			"faces": {
				"north": {"uv": [9.5, 16, 11, 8], "rotation": 90, "texture": "#0"},
				"east": {"uv": [9.5, 16, 11, 8], "rotation": 90, "texture": "#0"},
				"south": {"uv": [9.5, 16, 11, 8], "rotation": 90, "texture": "#0"},
				"west": {"uv": [9.5, 16, 11, 8], "rotation": 90, "texture": "#0"},
				"up": {"uv": [9.5, 16, 11, 8], "rotation": 90, "texture": "#0"},
				"down": {"uv": [9.5, 16, 11, 8], "rotation": 90, "texture": "#0"}
			}
		},
		{
			"from": [4, 10, 1.5],
			"to": [6, 12, 2.5],
			"faces": {
				"north": {"uv": [0, 0, 8, 8], "texture": "#0"},
				"east": {"uv": [1.25, 1.25, 6.75, 6.75], "texture": "#0"},
				"south": {"uv": [1.25, 1.25, 6.75, 6.75], "texture": "#0"},
				"west": {"uv": [1.25, 1.25, 6.75, 6.75], "texture": "#0"},
				"up": {"uv": [1.25, 1.25, 6.75, 6.75], "texture": "#0"},
				"down": {"uv": [1.25, 1.25, 6.75, 6.75], "texture": "#0"}
			}
		},
		{
			"from": [10, 10, 1.5],
			"to": [12, 12, 2.5],
			"faces": {
				"north": {"uv": [0, 0, 8, 8], "texture": "#0"},
				"east": {"uv": [1.25, 1.25, 6.75, 6.75], "texture": "#0"},
				"south": {"uv": [1.25, 1.25, 6.75, 6.75], "texture": "#0"},
				"west": {"uv": [1.25, 1.25, 6.75, 6.75], "texture": "#0"},
				"up": {"uv": [1.25, 1.25, 6.75, 6.75], "texture": "#0"},
				"down": {"uv": [1.25, 1.25, 6.75, 6.75], "texture": "#0"}
			}
		},
		{
			"from": [10, 4, 1.5],
			"to": [12, 6, 2.5],
			"faces": {
				"north": {"uv": [0, 0, 8, 8], "texture": "#0"},
				"east": {"uv": [1.25, 1.25, 6.75, 6.75], "texture": "#0"},
				"south": {"uv": [1.25, 1.25, 6.75, 6.75], "texture": "#0"},
				"west": {"uv": [1.25, 1.25, 6.75, 6.75], "texture": "#0"},
				"up": {"uv": [1.25, 1.25, 6.75, 6.75], "texture": "#0"},
				"down": {"uv": [1.25, 1.25, 6.75, 6.75], "texture": "#0"}
			}
		},
		{
			"from": [4, 4, 1.5],
			"to": [6, 6, 2.5],
			"faces": {
				"north": {"uv": [0, 0, 8, 8], "texture": "#0"},
				"east": {"uv": [1.25, 1.25, 6.75, 6.75], "texture": "#0"},
				"south": {"uv": [1.25, 1.25, 6.75, 6.75], "texture": "#0"},
				"west": {"uv": [1.25, 1.25, 6.75, 6.75], "texture": "#0"},
				"up": {"uv": [1.25, 1.25, 6.75, 6.75], "texture": "#0"},
				"down": {"uv": [1.25, 1.25, 6.75, 6.75], "texture": "#0"}
			}
		},
		{
			"from": [14.35, 5.25, 2.6],
			"to": [14.55, 6.75, 13.4],
			"faces": {
				"north": {"uv": [9.5, 16, 11, 8], "rotation": 90, "texture": "#0"},
				"east": {"uv": [9.5, 16, 11, 8], "rotation": 90, "texture": "#0"},
				"south": {"uv": [9.5, 16, 11, 8], "rotation": 90, "texture": "#0"},
				"west": {"uv": [9.5, 16, 11, 8], "rotation": 90, "texture": "#0"},
				"up": {"uv": [9.5, 16, 11, 8], "rotation": 90, "texture": "#0"},
				"down": {"uv": [9.5, 16, 11, 8], "rotation": 90, "texture": "#0"}
			}
		},
		{
			"from": [1.5, 13.5, 14.5],
			"to": [2.5, 14.5, 26],
			"faces": {
				"north": {"uv": [8, 8, 9.5, 16], "rotation": 180, "texture": "#0"},
				"east": {"uv": [8, 8, 9.5, 16], "rotation": 90, "texture": "#0"},
				"south": {"uv": [8, 8, 0, 16], "texture": "#0"},
				"west": {"uv": [8, 8, 9.5, 16], "rotation": 90, "texture": "#0"},
				"up": {"uv": [8, 8, 9.5, 16], "texture": "#0"},
				"down": {"uv": [8, 8, 9.5, 16], "texture": "#0"}
			}
		},
		{
			"from": [2.5, 13.75, 16],
			"to": [4.5, 14.25, 24],
			"faces": {
				"north": {"uv": [1, 9, 7, 15], "texture": "#0"},
				"east": {"uv": [1, 9, 7, 15], "texture": "#0"},
				"south": {"uv": [1, 9, 7, 15], "texture": "#0"},
				"west": {"uv": [1, 9, 7, 15], "texture": "#0"},
				"up": {"uv": [1, 9, 7, 15], "texture": "#0"},
				"down": {"uv": [1, 9, 7, 15], "texture": "#0"}
			}
		},
		{
			"from": [1.75, 11.5, 16],
			"to": [2.25, 13.5, 24],
			"faces": {
				"north": {"uv": [1, 9, 7, 15], "rotation": 270, "texture": "#0"},
				"east": {"uv": [1, 9, 7, 15], "rotation": 90, "texture": "#0"},
				"south": {"uv": [1, 9, 7, 15], "rotation": 90, "texture": "#0"},
				"west": {"uv": [1, 9, 7, 15], "rotation": 90, "texture": "#0"},
				"up": {"uv": [1, 9, 7, 15], "rotation": 270, "texture": "#0"},
				"down": {"uv": [1, 9, 7, 15], "rotation": 90, "texture": "#0"}
			}
		},
		{
			"from": [13.75, 11.5, 16],
			"to": [14.25, 13.5, 24],
			"faces": {
				"north": {"uv": [1, 15, 7, 9], "rotation": 270, "texture": "#0"},
				"east": {"uv": [1, 15, 7, 9], "rotation": 90, "texture": "#0"},
				"south": {"uv": [1, 15, 7, 9], "rotation": 90, "texture": "#0"},
				"west": {"uv": [1, 15, 7, 9], "rotation": 90, "texture": "#0"},
				"up": {"uv": [1, 15, 7, 9], "rotation": 270, "texture": "#0"},
				"down": {"uv": [1, 15, 7, 9], "rotation": 90, "texture": "#0"}
			}
		},
		{
			"from": [11.5, 13.75, 16],
			"to": [13.5, 14.25, 24],
			"faces": {
				"north": {"uv": [7, 9, 1, 15], "texture": "#0"},
				"east": {"uv": [7, 9, 1, 15], "texture": "#0"},
				"south": {"uv": [7, 9, 1, 15], "texture": "#0"},
				"west": {"uv": [7, 9, 1, 15], "texture": "#0"},
				"up": {"uv": [7, 9, 1, 15], "texture": "#0"},
				"down": {"uv": [7, 9, 1, 15], "texture": "#0"}
			}
		},
		{
			"from": [13.5, 13.5, 14.5],
			"to": [14.5, 14.5, 26],
			"faces": {
				"north": {"uv": [9.5, 8, 8, 16], "rotation": 180, "texture": "#0"},
				"east": {"uv": [9.5, 8, 8, 16], "rotation": 90, "texture": "#0"},
				"south": {"uv": [8, 8, 0, 16], "texture": "#0"},
				"west": {"uv": [9.5, 8, 8, 16], "rotation": 90, "texture": "#0"},
				"up": {"uv": [9.5, 8, 8, 16], "texture": "#0"},
				"down": {"uv": [9.5, 8, 8, 16], "texture": "#0"}
			}
		},
		{
			"from": [1.75, 2.5, 16],
			"to": [2.25, 4.5, 24],
			"faces": {
				"north": {"uv": [1, 15, 7, 9], "rotation": 90, "texture": "#0"},
				"east": {"uv": [1, 15, 7, 9], "rotation": 270, "texture": "#0"},
				"south": {"uv": [1, 15, 7, 9], "rotation": 270, "texture": "#0"},
				"west": {"uv": [1, 15, 7, 9], "rotation": 90, "texture": "#0"},
				"up": {"uv": [1, 15, 7, 9], "rotation": 270, "texture": "#0"},
				"down": {"uv": [1, 15, 7, 9], "rotation": 270, "texture": "#0"}
			}
		},
		{
			"from": [2.5, 1.75, 16],
			"to": [4.5, 2.25, 24],
			"faces": {
				"north": {"uv": [7, 9, 1, 15], "rotation": 180, "texture": "#0"},
				"east": {"uv": [7, 9, 1, 15], "rotation": 180, "texture": "#0"},
				"south": {"uv": [7, 9, 1, 15], "rotation": 180, "texture": "#0"},
				"west": {"uv": [7, 9, 1, 15], "texture": "#0"},
				"up": {"uv": [7, 9, 1, 15], "rotation": 180, "texture": "#0"},
				"down": {"uv": [7, 9, 1, 15], "texture": "#0"}
			}
		},
		{
			"from": [1.5, 1.5, 14.5],
			"to": [2.5, 2.5, 26],
			"faces": {
				"north": {"uv": [9.5, 8, 8, 16], "texture": "#0"},
				"east": {"uv": [9.5, 8, 8, 16], "rotation": 90, "texture": "#0"},
				"south": {"uv": [8, 8, 0, 16], "rotation": 180, "texture": "#0"},
				"west": {"uv": [9.5, 8, 8, 16], "rotation": 90, "texture": "#0"},
				"up": {"uv": [9.5, 8, 8, 16], "rotation": 180, "texture": "#0"},
				"down": {"uv": [9.5, 8, 8, 16], "texture": "#0"}
			}
		},
		{
			"from": [13.75, 2.5, 16],
			"to": [14.25, 4.5, 24],
			"faces": {
				"north": {"uv": [1, 9, 7, 15], "rotation": 90, "texture": "#0"},
				"east": {"uv": [1, 9, 7, 15], "rotation": 270, "texture": "#0"},
				"south": {"uv": [1, 9, 7, 15], "rotation": 270, "texture": "#0"},
				"west": {"uv": [1, 9, 7, 15], "rotation": 90, "texture": "#0"},
				"up": {"uv": [1, 9, 7, 15], "rotation": 270, "texture": "#0"},
				"down": {"uv": [1, 9, 7, 15], "rotation": 270, "texture": "#0"}
			}
		},
		{
			"from": [11.5, 1.75, 16],
			"to": [13.5, 2.25, 24],
			"faces": {
				"north": {"uv": [1, 9, 7, 15], "rotation": 180, "texture": "#0"},
				"east": {"uv": [1, 9, 7, 15], "rotation": 180, "texture": "#0"},
				"south": {"uv": [1, 9, 7, 15], "rotation": 180, "texture": "#0"},
				"west": {"uv": [1, 9, 7, 15], "texture": "#0"},
				"up": {"uv": [1, 9, 7, 15], "rotation": 180, "texture": "#0"},
				"down": {"uv": [1, 9, 7, 15], "texture": "#0"}
			}
		},
		{
			"from": [13.5, 1.5, 14.5],
			"to": [14.5, 2.5, 26],
			"faces": {
				"north": {"uv": [8, 8, 9.5, 16], "texture": "#0"},
				"east": {"uv": [8, 8, 9.5, 16], "rotation": 90, "texture": "#0"},
				"south": {"uv": [8, 8, 0, 16], "rotation": 180, "texture": "#0"},
				"west": {"uv": [8, 8, 9.5, 16], "rotation": 90, "texture": "#0"},
				"up": {"uv": [8, 8, 9.5, 16], "rotation": 180, "texture": "#0"},
				"down": {"uv": [8, 8, 9.5, 16], "texture": "#0"}
			}
		},
		{
			"from": [4.75, 4.75, 2],
			"to": [11.25, 11.25, 14.5],
			"faces": {
				"north": {"uv": [0, 0, 15.5, 15.5], "texture": "#2"},
				"east": {"uv": [0, 0, 15.5, 15.5], "texture": "#2"},
				"south": {"uv": [0, 0, 16, 16], "texture": "#2"},
				"west": {"uv": [0, 0, 15.5, 15.5], "texture": "#2"},
				"up": {"uv": [0, 0, 15.5, 15.5], "texture": "#2"},
				"down": {"uv": [0, 0, 15.5, 15.5], "texture": "#2"}
			}
		},
		{
			"from": [2.5, 7.5, 2],
			"to": [3.25, 8.5, 14.5],
			"faces": {
				"north": {"uv": [8, 8, 9.5, 16], "texture": "#0"},
				"east": {"uv": [8, 8, 9.5, 16], "texture": "#0"},
				"south": {"uv": [8, 8, 9.5, 16], "texture": "#0"},
				"west": {"uv": [8, 8, 9.5, 16], "texture": "#0"},
				"up": {"uv": [8, 8, 9.5, 16], "texture": "#0"},
				"down": {"uv": [8, 8, 9.5, 16], "texture": "#0"}
			}
		},
		{
			"from": [3.25, 7.25, 2],
			"to": [3.75, 8.75, 14.5],
			"faces": {
				"north": {"uv": [8, 8, 9.5, 16], "texture": "#0"},
				"east": {"uv": [8, 8, 9.5, 16], "texture": "#0"},
				"south": {"uv": [8, 8, 9.5, 16], "texture": "#0"},
				"west": {"uv": [8, 8, 9.5, 16], "texture": "#0"},
				"up": {"uv": [8, 8, 9.5, 16], "texture": "#0"},
				"down": {"uv": [8, 8, 9.5, 16], "texture": "#0"}
			}
		},
		{
			"from": [4.25, 7.75, 2],
			"to": [4.75, 8.25, 14.5],
			"faces": {
				"north": {"uv": [8, 8, 9.5, 16], "texture": "#0"},
				"east": {"uv": [8, 8, 9.5, 16], "texture": "#0"},
				"south": {"uv": [8, 11.25, 9.5, 12.75], "texture": "#0"},
				"west": {"uv": [8, 8, 9.5, 16], "texture": "#0"},
				"up": {"uv": [8, 8, 9.5, 16], "texture": "#0"},
				"down": {"uv": [8, 8, 9.5, 16], "texture": "#0"}
			}
		},
		{
			"from": [3.75, 7.5, 2],
			"to": [4.25, 8.5, 14.5],
			"faces": {
				"north": {"uv": [8, 8, 9.5, 16], "texture": "#0"},
				"east": {"uv": [8, 8, 9.5, 16], "texture": "#0"},
				"south": {"uv": [8, 9, 9.5, 15], "texture": "#0"},
				"west": {"uv": [8, 8, 9.5, 16], "texture": "#0"},
				"up": {"uv": [8, 8, 9.5, 16], "texture": "#0"},
				"down": {"uv": [8, 8, 9.5, 16], "texture": "#0"}
			}
		},
		{
			"from": [11.25, 7.75, 2],
			"to": [11.75, 8.25, 14.5],
			"faces": {
				"north": {"uv": [9.5, 8, 8, 16], "texture": "#0"},
				"east": {"uv": [9.5, 8, 8, 16], "texture": "#0"},
				"south": {"uv": [9.5, 11.25, 8, 12.75], "texture": "#0"},
				"west": {"uv": [9.5, 8, 8, 16], "texture": "#0"},
				"up": {"uv": [9.5, 8, 8, 16], "texture": "#0"},
				"down": {"uv": [9.5, 8, 8, 16], "texture": "#0"}
			}
		},
		{
			"from": [11.75, 7.5, 2],
			"to": [12.25, 8.5, 14.5],
			"faces": {
				"north": {"uv": [9.5, 8, 8, 16], "texture": "#0"},
				"east": {"uv": [9.5, 8, 8, 16], "texture": "#0"},
				"south": {"uv": [9.5, 9, 8, 15], "texture": "#0"},
				"west": {"uv": [9.5, 8, 8, 16], "texture": "#0"},
				"up": {"uv": [9.5, 8, 8, 16], "texture": "#0"},
				"down": {"uv": [9.5, 8, 8, 16], "texture": "#0"}
			}
		},
		{
			"from": [12.25, 7.25, 2],
			"to": [12.75, 8.75, 14.5],
			"faces": {
				"north": {"uv": [9.5, 8, 8, 16], "texture": "#0"},
				"east": {"uv": [9.5, 8, 8, 16], "texture": "#0"},
				"south": {"uv": [9.5, 8, 8, 16], "texture": "#0"},
				"west": {"uv": [9.5, 8, 8, 16], "texture": "#0"},
				"up": {"uv": [9.5, 8, 8, 16], "texture": "#0"},
				"down": {"uv": [9.5, 8, 8, 16], "texture": "#0"}
			}
		},
		{
			"from": [12.75, 7.5, 2],
			"to": [13.5, 8.5, 14.5],
			"faces": {
				"north": {"uv": [9.5, 8, 8, 16], "texture": "#0"},
				"east": {"uv": [9.5, 8, 8, 16], "texture": "#0"},
				"south": {"uv": [9.5, 8, 8, 16], "texture": "#0"},
				"west": {"uv": [9.5, 8, 8, 16], "texture": "#0"},
				"up": {"uv": [9.5, 8, 8, 16], "texture": "#0"},
				"down": {"uv": [9.5, 8, 8, 16], "texture": "#0"}
			}
		},
		{
			"from": [2.5, 7.5, 2],
			"to": [3.25, 8.5, 14.5],
			"faces": {
				"north": {"uv": [8, 8, 9.5, 16], "texture": "#0"},
				"east": {"uv": [8, 8, 9.5, 16], "texture": "#0"},
				"south": {"uv": [8, 8, 9.5, 16], "texture": "#0"},
				"west": {"uv": [8, 8, 9.5, 16], "texture": "#0"},
				"up": {"uv": [8, 8, 9.5, 16], "texture": "#0"},
				"down": {"uv": [8, 8, 9.5, 16], "texture": "#0"}
			}
		},
		{
			"from": [3.25, 7.25, 2],
			"to": [3.75, 8.75, 14.5],
			"faces": {
				"north": {"uv": [8, 8, 9.5, 16], "texture": "#0"},
				"east": {"uv": [8, 8, 9.5, 16], "texture": "#0"},
				"south": {"uv": [8, 8, 9.5, 16], "texture": "#0"},
				"west": {"uv": [8, 8, 9.5, 16], "texture": "#0"},
				"up": {"uv": [8, 8, 9.5, 16], "texture": "#0"},
				"down": {"uv": [8, 8, 9.5, 16], "texture": "#0"}
			}
		},
		{
			"from": [3.75, 7.5, 2],
			"to": [4.25, 8.5, 14.5],
			"faces": {
				"north": {"uv": [8, 8, 9.5, 16], "texture": "#0"},
				"east": {"uv": [8, 8, 9.5, 16], "texture": "#0"},
				"south": {"uv": [8, 9, 9.5, 15], "texture": "#0"},
				"west": {"uv": [8, 8, 9.5, 16], "texture": "#0"},
				"up": {"uv": [8, 8, 9.5, 16], "texture": "#0"},
				"down": {"uv": [8, 8, 9.5, 16], "texture": "#0"}
			}
		},
		{
			"from": [4.25, 7.75, 2],
			"to": [4.75, 8.25, 14.5],
			"faces": {
				"north": {"uv": [8, 8, 9.5, 16], "texture": "#0"},
				"east": {"uv": [8, 8, 9.5, 16], "texture": "#0"},
				"south": {"uv": [8, 11.25, 9.5, 12.75], "texture": "#0"},
				"west": {"uv": [8, 8, 9.5, 16], "texture": "#0"},
				"up": {"uv": [8, 8, 9.5, 16], "texture": "#0"},
				"down": {"uv": [8, 8, 9.5, 16], "texture": "#0"}
			}
		},
		{
			"from": [11.25, 7.75, 2],
			"to": [11.75, 8.25, 14.5],
			"faces": {
				"north": {"uv": [9.5, 8, 8, 16], "texture": "#0"},
				"east": {"uv": [9.5, 8, 8, 16], "texture": "#0"},
				"south": {"uv": [9.5, 11.25, 8, 12.75], "texture": "#0"},
				"west": {"uv": [9.5, 8, 8, 16], "texture": "#0"},
				"up": {"uv": [9.5, 8, 8, 16], "texture": "#0"},
				"down": {"uv": [9.5, 8, 8, 16], "texture": "#0"}
			}
		},
		{
			"from": [11.75, 7.5, 2],
			"to": [12.25, 8.5, 14.5],
			"faces": {
				"north": {"uv": [9.5, 8, 8, 16], "texture": "#0"},
				"east": {"uv": [9.5, 8, 8, 16], "texture": "#0"},
				"south": {"uv": [9.5, 9, 8, 15], "texture": "#0"},
				"west": {"uv": [9.5, 8, 8, 16], "texture": "#0"},
				"up": {"uv": [9.5, 8, 8, 16], "texture": "#0"},
				"down": {"uv": [9.5, 8, 8, 16], "texture": "#0"}
			}
		},
		{
			"from": [12.25, 7.25, 2],
			"to": [12.75, 8.75, 14.5],
			"faces": {
				"north": {"uv": [9.5, 8, 8, 16], "texture": "#0"},
				"east": {"uv": [9.5, 8, 8, 16], "texture": "#0"},
				"south": {"uv": [9.5, 8, 8, 16], "texture": "#0"},
				"west": {"uv": [9.5, 8, 8, 16], "texture": "#0"},
				"up": {"uv": [9.5, 8, 8, 16], "texture": "#0"},
				"down": {"uv": [9.5, 8, 8, 16], "texture": "#0"}
			}
		},
		{
			"from": [12.75, 7.5, 2],
			"to": [13.5, 8.5, 14.5],
			"faces": {
				"north": {"uv": [9.5, 8, 8, 16], "texture": "#0"},
				"east": {"uv": [9.5, 8, 8, 16], "texture": "#0"},
				"south": {"uv": [9.5, 8, 8, 16], "texture": "#0"},
				"west": {"uv": [9.5, 8, 8, 16], "texture": "#0"},
				"up": {"uv": [9.5, 8, 8, 16], "texture": "#0"},
				"down": {"uv": [9.5, 8, 8, 16], "texture": "#0"}
			}
		},
		{
			"from": [9, 13.35, 1.35],
			"to": [11, 14.65, 2.65],
			"faces": {
				"north": {"uv": [9.5, 8, 11, 16], "rotation": 90, "texture": "#0"},
				"east": {"uv": [9.5, 8, 11, 16], "rotation": 270, "texture": "#0"},
				"south": {"uv": [9.5, 8, 11, 16], "rotation": 270, "texture": "#0"},
				"west": {"uv": [9.5, 8, 11, 16], "rotation": 90, "texture": "#0"},
				"up": {"uv": [9.5, 8, 11, 16], "rotation": 270, "texture": "#0"},
				"down": {"uv": [9.5, 8, 11, 16], "rotation": 270, "texture": "#0"}
			}
		},
		{
			"from": [9.25, 14.35, 2.6],
			"to": [10.75, 14.55, 13.4],
			"faces": {
				"north": {"uv": [9.5, 16, 11, 8], "rotation": 180, "texture": "#0"},
				"east": {"uv": [9.5, 16, 11, 8], "texture": "#0"},
				"south": {"uv": [9.5, 16, 11, 8], "texture": "#0"},
				"west": {"uv": [9.5, 16, 11, 8], "rotation": 180, "texture": "#0"},
				"up": {"uv": [9.5, 16, 11, 8], "texture": "#0"},
				"down": {"uv": [9.5, 16, 11, 8], "texture": "#0"}
			}
		},
		{
			"from": [5.25, 14.35, 2.6],
			"to": [6.75, 14.55, 13.4],
			"faces": {
				"north": {"uv": [9.5, 16, 11, 8], "rotation": 180, "texture": "#0"},
				"east": {"uv": [9.5, 16, 11, 8], "texture": "#0"},
				"south": {"uv": [9.5, 16, 11, 8], "texture": "#0"},
				"west": {"uv": [9.5, 16, 11, 8], "rotation": 180, "texture": "#0"},
				"up": {"uv": [9.5, 16, 11, 8], "texture": "#0"},
				"down": {"uv": [9.5, 16, 11, 8], "texture": "#0"}
			}
		},
		{
			"from": [9, 1.35, 1.35],
			"to": [11, 2.65, 2.65],
			"faces": {
				"north": {"uv": [9.5, 8, 11, 16], "rotation": 90, "texture": "#0"},
				"east": {"uv": [9.5, 8, 11, 16], "rotation": 270, "texture": "#0"},
				"south": {"uv": [9.5, 8, 11, 16], "rotation": 270, "texture": "#0"},
				"west": {"uv": [9.5, 8, 11, 16], "rotation": 90, "texture": "#0"},
				"up": {"uv": [9.5, 8, 11, 16], "rotation": 270, "texture": "#0"},
				"down": {"uv": [9.5, 8, 11, 16], "rotation": 270, "texture": "#0"}
			}
		},
		{
			"from": [9, 1.35, 13.35],
			"to": [11, 2.65, 14.65],
			"faces": {
				"north": {"uv": [9.5, 8, 11, 16], "rotation": 90, "texture": "#0"},
				"east": {"uv": [9.5, 8, 11, 16], "rotation": 270, "texture": "#0"},
				"south": {"uv": [9.5, 8, 11, 16], "rotation": 270, "texture": "#0"},
				"west": {"uv": [9.5, 8, 11, 16], "rotation": 90, "texture": "#0"},
				"up": {"uv": [9.5, 8, 11, 16], "rotation": 270, "texture": "#0"},
				"down": {"uv": [9.5, 8, 11, 16], "rotation": 270, "texture": "#0"}
			}
		},
		{
			"from": [9, 13.35, 13.35],
			"to": [11, 14.65, 14.65],
			"faces": {
				"north": {"uv": [9.5, 8, 11, 16], "rotation": 90, "texture": "#0"},
				"east": {"uv": [9.5, 8, 11, 16], "rotation": 270, "texture": "#0"},
				"south": {"uv": [9.5, 8, 11, 16], "rotation": 270, "texture": "#0"},
				"west": {"uv": [9.5, 8, 11, 16], "rotation": 90, "texture": "#0"},
				"up": {"uv": [9.5, 8, 11, 16], "rotation": 270, "texture": "#0"},
				"down": {"uv": [9.5, 8, 11, 16], "rotation": 270, "texture": "#0"}
			}
		},
		{
			"from": [9.25, 1.45, 2.6],
			"to": [10.75, 1.65, 13.4],
			"faces": {
				"north": {"uv": [9.5, 8, 11, 16], "rotation": 180, "texture": "#0"},
				"east": {"uv": [9.5, 8, 11, 16], "texture": "#0"},
				"south": {"uv": [9.5, 8, 11, 16], "texture": "#0"},
				"west": {"uv": [9.5, 8, 11, 16], "rotation": 180, "texture": "#0"},
				"up": {"uv": [9.5, 8, 11, 16], "texture": "#0"},
				"down": {"uv": [9.5, 8, 11, 16], "texture": "#0"}
			}
		},
		{
			"from": [5.25, 1.45, 2.6],
			"to": [6.75, 1.65, 13.4],
			"faces": {
				"north": {"uv": [9.5, 8, 11, 16], "rotation": 180, "texture": "#0"},
				"east": {"uv": [9.5, 8, 11, 16], "texture": "#0"},
				"south": {"uv": [9.5, 8, 11, 16], "texture": "#0"},
				"west": {"uv": [9.5, 8, 11, 16], "rotation": 180, "texture": "#0"},
				"up": {"uv": [9.5, 8, 11, 16], "texture": "#0"},
				"down": {"uv": [9.5, 8, 11, 16], "texture": "#0"}
			}
		},
		{
			"from": [5, 1.35, 13.35],
			"to": [7, 2.65, 14.65],
			"faces": {
				"north": {"uv": [9.5, 8, 11, 16], "rotation": 90, "texture": "#0"},
				"east": {"uv": [9.5, 8, 11, 16], "rotation": 270, "texture": "#0"},
				"south": {"uv": [9.5, 8, 11, 16], "rotation": 270, "texture": "#0"},
				"west": {"uv": [9.5, 8, 11, 16], "rotation": 90, "texture": "#0"},
				"up": {"uv": [9.5, 8, 11, 16], "rotation": 270, "texture": "#0"},
				"down": {"uv": [9.5, 8, 11, 16], "rotation": 270, "texture": "#0"}
			}
		},
		{
			"from": [5, 1.35, 1.35],
			"to": [7, 2.65, 2.65],
			"faces": {
				"north": {"uv": [9.5, 8, 11, 16], "rotation": 90, "texture": "#0"},
				"east": {"uv": [9.5, 8, 11, 16], "rotation": 270, "texture": "#0"},
				"south": {"uv": [9.5, 8, 11, 16], "rotation": 270, "texture": "#0"},
				"west": {"uv": [9.5, 8, 11, 16], "rotation": 90, "texture": "#0"},
				"up": {"uv": [9.5, 8, 11, 16], "rotation": 270, "texture": "#0"},
				"down": {"uv": [9.5, 8, 11, 16], "rotation": 270, "texture": "#0"}
			}
		},
		{
			"from": [5, 13.35, 13.35],
			"to": [7, 14.65, 14.65],
			"faces": {
				"north": {"uv": [9.5, 8, 11, 16], "rotation": 90, "texture": "#0"},
				"east": {"uv": [9.5, 8, 11, 16], "rotation": 270, "texture": "#0"},
				"south": {"uv": [9.5, 8, 11, 16], "rotation": 270, "texture": "#0"},
				"west": {"uv": [9.5, 8, 11, 16], "rotation": 90, "texture": "#0"},
				"up": {"uv": [9.5, 8, 11, 16], "rotation": 270, "texture": "#0"},
				"down": {"uv": [9.5, 8, 11, 16], "rotation": 270, "texture": "#0"}
			}
		},
		{
			"from": [5, 13.35, 1.35],
			"to": [7, 14.65, 2.65],
			"faces": {
				"north": {"uv": [9.5, 8, 11, 16], "rotation": 90, "texture": "#0"},
				"east": {"uv": [9.5, 8, 11, 16], "rotation": 270, "texture": "#0"},
				"south": {"uv": [9.5, 8, 11, 16], "rotation": 270, "texture": "#0"},
				"west": {"uv": [9.5, 8, 11, 16], "rotation": 90, "texture": "#0"},
				"up": {"uv": [9.5, 8, 11, 16], "rotation": 270, "texture": "#0"},
				"down": {"uv": [9.5, 8, 11, 16], "rotation": 270, "texture": "#0"}
			}
		},
		{
			"from": [4, 1.5, 4],
			"to": [12, 14.5, 12],
			"faces": {
				"north": {"uv": [0, 0, 16, 16], "rotation": 90, "texture": "#1"},
				"east": {"uv": [0, 0, 16, 16], "rotation": 270, "texture": "#1"},
				"south": {"uv": [0, 0, 16, 16], "rotation": 270, "texture": "#1"},
				"west": {"uv": [0, 0, 16, 16], "rotation": 90, "texture": "#1"},
				"up": {"uv": [0, 0, 16, 16], "rotation": 270, "texture": "#1"},
				"down": {"uv": [0, 0, 16, 16], "rotation": 270, "texture": "#1"}
			}
		},
		{
			"from": [7.75, 11.25, 2],
			"to": [8.25, 11.75, 14.5],
			"faces": {
				"north": {"uv": [9.5, 8, 8, 16], "rotation": 90, "texture": "#0"},
				"east": {"uv": [9.5, 8, 8, 16], "rotation": 270, "texture": "#0"},
				"south": {"uv": [9.5, 11.25, 8, 12.75], "rotation": 270, "texture": "#0"},
				"west": {"uv": [9.5, 8, 8, 16], "rotation": 90, "texture": "#0"},
				"up": {"uv": [9.5, 8, 8, 16], "rotation": 270, "texture": "#0"},
				"down": {"uv": [9.5, 8, 8, 16], "rotation": 270, "texture": "#0"}
			}
		},
		{
			"from": [7.5, 11.75, 2],
			"to": [8.5, 12.25, 14.5],
			"faces": {
				"north": {"uv": [9.5, 8, 8, 16], "rotation": 90, "texture": "#0"},
				"east": {"uv": [9.5, 8, 8, 16], "rotation": 270, "texture": "#0"},
				"south": {"uv": [9.5, 9, 8, 15], "rotation": 270, "texture": "#0"},
				"west": {"uv": [9.5, 8, 8, 16], "rotation": 90, "texture": "#0"},
				"up": {"uv": [9.5, 8, 8, 16], "rotation": 270, "texture": "#0"},
				"down": {"uv": [9.5, 8, 8, 16], "rotation": 270, "texture": "#0"}
			}
		},
		{
			"from": [7.25, 12.25, 2],
			"to": [8.75, 12.75, 14.5],
			"faces": {
				"north": {"uv": [9.5, 8, 8, 16], "rotation": 90, "texture": "#0"},
				"east": {"uv": [9.5, 8, 8, 16], "rotation": 270, "texture": "#0"},
				"south": {"uv": [9.5, 8, 8, 16], "rotation": 270, "texture": "#0"},
				"west": {"uv": [9.5, 8, 8, 16], "rotation": 90, "texture": "#0"},
				"up": {"uv": [9.5, 8, 8, 16], "rotation": 270, "texture": "#0"},
				"down": {"uv": [9.5, 8, 8, 16], "rotation": 270, "texture": "#0"}
			}
		},
		{
			"from": [7.5, 12.75, 2],
			"to": [8.5, 13.5, 14.5],
			"faces": {
				"north": {"uv": [9.5, 8, 8, 16], "rotation": 90, "texture": "#0"},
				"east": {"uv": [9.5, 8, 8, 16], "rotation": 270, "texture": "#0"},
				"south": {"uv": [9.5, 8, 8, 16], "rotation": 270, "texture": "#0"},
				"west": {"uv": [9.5, 8, 8, 16], "rotation": 90, "texture": "#0"},
				"up": {"uv": [9.5, 8, 8, 16], "rotation": 270, "texture": "#0"},
				"down": {"uv": [9.5, 8, 8, 16], "rotation": 270, "texture": "#0"}
			}
		},
		{
			"from": [7.75, 4.25, 2],
			"to": [8.25, 4.75, 14.5],
			"faces": {
				"north": {"uv": [8, 8, 9.5, 16], "rotation": 90, "texture": "#0"},
				"east": {"uv": [8, 8, 9.5, 16], "rotation": 270, "texture": "#0"},
				"south": {"uv": [8, 11.25, 9.5, 12.75], "rotation": 270, "texture": "#0"},
				"west": {"uv": [8, 8, 9.5, 16], "rotation": 90, "texture": "#0"},
				"up": {"uv": [8, 8, 9.5, 16], "rotation": 270, "texture": "#0"},
				"down": {"uv": [8, 8, 9.5, 16], "rotation": 270, "texture": "#0"}
			}
		},
		{
			"from": [7.5, 3.75, 2],
			"to": [8.5, 4.25, 14.5],
			"faces": {
				"north": {"uv": [8, 8, 9.5, 16], "rotation": 90, "texture": "#0"},
				"east": {"uv": [8, 8, 9.5, 16], "rotation": 270, "texture": "#0"},
				"south": {"uv": [8, 9, 9.5, 15], "rotation": 270, "texture": "#0"},
				"west": {"uv": [8, 8, 9.5, 16], "rotation": 90, "texture": "#0"},
				"up": {"uv": [8, 8, 9.5, 16], "rotation": 270, "texture": "#0"},
				"down": {"uv": [8, 8, 9.5, 16], "rotation": 270, "texture": "#0"}
			}
		},
		{
			"from": [7.5, 2.5, 2],
			"to": [8.5, 3.25, 14.5],
			"faces": {
				"north": {"uv": [8, 8, 9.5, 16], "rotation": 90, "texture": "#0"},
				"east": {"uv": [8, 8, 9.5, 16], "rotation": 270, "texture": "#0"},
				"south": {"uv": [8, 8, 9.5, 16], "rotation": 270, "texture": "#0"},
				"west": {"uv": [8, 8, 9.5, 16], "rotation": 90, "texture": "#0"},
				"up": {"uv": [8, 8, 9.5, 16], "rotation": 270, "texture": "#0"},
				"down": {"uv": [8, 8, 9.5, 16], "rotation": 270, "texture": "#0"}
			}
		},
		{
			"from": [7.25, 3.25, 2],
			"to": [8.75, 3.75, 14.5],
			"faces": {
				"north": {"uv": [8, 8, 9.5, 16], "rotation": 90, "texture": "#0"},
				"east": {"uv": [8, 8, 9.5, 16], "rotation": 270, "texture": "#0"},
				"south": {"uv": [8, 8, 9.5, 16], "rotation": 270, "texture": "#0"},
				"west": {"uv": [8, 8, 9.5, 16], "rotation": 90, "texture": "#0"},
				"up": {"uv": [8, 8, 9.5, 16], "rotation": 270, "texture": "#0"},
				"down": {"uv": [8, 8, 9.5, 16], "rotation": 270, "texture": "#0"}
			}
		},
		{
			"from": [7.6, 13.6, 14.75],
			"to": [8.4, 14.4, 15.75],
			"faces": {
				"north": {"uv": [8, 8, 9.5, 16], "rotation": 90, "texture": "#3"},
				"east": {"uv": [8, 8, 9.5, 16], "rotation": 90, "texture": "#3"},
				"south": {"uv": [8, 8, 9.5, 16], "rotation": 90, "texture": "#3"},
				"west": {"uv": [8, 8, 9.5, 16], "rotation": 90, "texture": "#3"},
				"up": {"uv": [8, 8, 9.5, 16], "rotation": 90, "texture": "#3"},
				"down": {"uv": [8, 8, 9.5, 16], "rotation": 90, "texture": "#3"}
			}
		},
		{
			"from": [7.5, 13.5, 15.75],
			"to": [8.5, 14.5, 16],
			"faces": {
				"north": {"uv": [0, 8, 8, 16], "texture": "#0"},
				"east": {"uv": [8, 8, 9.5, 16], "texture": "#0"},
				"south": {"uv": [0, 8, 8, 16], "texture": "#0"},
				"west": {"uv": [8, 8, 9.5, 16], "texture": "#0"},
				"up": {"uv": [8, 8, 9.5, 16], "texture": "#0"},
				"down": {"uv": [8, 8, 9.5, 16], "texture": "#0"}
			}
		},
		{
			"from": [7.5, 13.5, 14.5],
			"to": [8.5, 14.5, 14.75],
			"faces": {
				"north": {"uv": [0, 8, 8, 16], "texture": "#0"},
				"east": {"uv": [8, 8, 9.5, 16], "texture": "#0"},
				"south": {"uv": [0, 8, 8, 16], "texture": "#0"},
				"west": {"uv": [8, 8, 9.5, 16], "texture": "#0"},
				"up": {"uv": [8, 8, 9.5, 16], "texture": "#0"},
				"down": {"uv": [8, 8, 9.5, 16], "texture": "#0"}
			}
		},
		{
			"from": [7.5, 1.5, 14.5],
			"to": [8.5, 2.5, 14.75],
			"faces": {
				"north": {"uv": [0, 8, 8, 16], "texture": "#0"},
				"east": {"uv": [8, 8, 9.5, 16], "texture": "#0"},
				"south": {"uv": [0, 8, 8, 16], "texture": "#0"},
				"west": {"uv": [8, 8, 9.5, 16], "texture": "#0"},
				"up": {"uv": [8, 8, 9.5, 16], "texture": "#0"},
				"down": {"uv": [8, 8, 9.5, 16], "texture": "#0"}
			}
		},
		{
			"from": [7.6, 1.6, 14.75],
			"to": [8.4, 2.4, 15.75],
			"faces": {
				"north": {"uv": [8, 8, 9.5, 16], "rotation": 90, "texture": "#3"},
				"east": {"uv": [8, 8, 9.5, 16], "rotation": 90, "texture": "#3"},
				"south": {"uv": [8, 8, 9.5, 16], "rotation": 90, "texture": "#3"},
				"west": {"uv": [8, 8, 9.5, 16], "rotation": 90, "texture": "#3"},
				"up": {"uv": [8, 8, 9.5, 16], "rotation": 90, "texture": "#3"},
				"down": {"uv": [8, 8, 9.5, 16], "rotation": 90, "texture": "#3"}
			}
		},
		{
			"from": [7.5, 1.5, 15.75],
			"to": [8.5, 2.5, 16],
			"faces": {
				"north": {"uv": [0, 8, 8, 16], "texture": "#0"},
				"east": {"uv": [8, 8, 9.5, 16], "texture": "#0"},
				"south": {"uv": [0, 8, 8, 16], "texture": "#0"},
				"west": {"uv": [8, 8, 9.5, 16], "texture": "#0"},
				"up": {"uv": [8, 8, 9.5, 16], "texture": "#0"},
				"down": {"uv": [8, 8, 9.5, 16], "texture": "#0"}
			}
		},
		{
			"from": [1.5022, 7.49782, 14.5],
			"to": [2.5022, 8.49782, 14.75],
			"faces": {
				"north": {"uv": [0, 8, 8, 16], "rotation": 90, "texture": "#0"},
				"east": {"uv": [8, 8, 9.5, 16], "rotation": 270, "texture": "#0"},
				"south": {"uv": [0, 8, 8, 16], "rotation": 270, "texture": "#0"},
				"west": {"uv": [8, 8, 9.5, 16], "rotation": 90, "texture": "#0"},
				"up": {"uv": [8, 8, 9.5, 16], "rotation": 270, "texture": "#0"},
				"down": {"uv": [8, 8, 9.5, 16], "rotation": 270, "texture": "#0"}
			}
		},
		{
			"from": [1.6022, 7.59782, 14.75],
			"to": [2.4022, 8.39782, 15.75],
			"faces": {
				"north": {"uv": [8, 8, 9.5, 16], "rotation": 180, "texture": "#3"},
				"east": {"uv": [8, 8, 9.5, 16], "texture": "#3"},
				"south": {"uv": [8, 8, 9.5, 16], "texture": "#3"},
				"west": {"uv": [8, 8, 9.5, 16], "rotation": 180, "texture": "#3"},
				"up": {"uv": [8, 8, 9.5, 16], "texture": "#3"},
				"down": {"uv": [8, 8, 9.5, 16], "texture": "#3"}
			}
		},
		{
			"from": [1.5022, 7.49782, 15.75],
			"to": [2.5022, 8.49782, 16],
			"faces": {
				"north": {"uv": [0, 8, 8, 16], "rotation": 90, "texture": "#0"},
				"east": {"uv": [8, 8, 9.5, 16], "rotation": 270, "texture": "#0"},
				"south": {"uv": [0, 8, 8, 16], "rotation": 270, "texture": "#0"},
				"west": {"uv": [8, 8, 9.5, 16], "rotation": 90, "texture": "#0"},
				"up": {"uv": [8, 8, 9.5, 16], "rotation": 270, "texture": "#0"},
				"down": {"uv": [8, 8, 9.5, 16], "rotation": 270, "texture": "#0"}
			}
		},
		{
			"from": [13.50216, 7.47684, 14.52094],
			"to": [14.50216, 8.47684, 14.77094],
			"faces": {
				"north": {"uv": [0, 8, 8, 16], "rotation": 90, "texture": "#0"},
				"east": {"uv": [8, 8, 9.5, 16], "rotation": 270, "texture": "#0"},
				"south": {"uv": [0, 8, 8, 16], "rotation": 270, "texture": "#0"},
				"west": {"uv": [8, 8, 9.5, 16], "rotation": 90, "texture": "#0"},
				"up": {"uv": [8, 8, 9.5, 16], "rotation": 270, "texture": "#0"},
				"down": {"uv": [8, 8, 9.5, 16], "rotation": 270, "texture": "#0"}
			}
		},
		{
			"from": [13.60216, 7.57684, 14.77094],
			"to": [14.40216, 8.37684, 15.77094],
			"faces": {
				"north": {"uv": [8, 8, 9.5, 16], "rotation": 180, "texture": "#3"},
				"east": {"uv": [8, 8, 9.5, 16], "texture": "#3"},
				"south": {"uv": [8, 8, 9.5, 16], "texture": "#3"},
				"west": {"uv": [8, 8, 9.5, 16], "rotation": 180, "texture": "#3"},
				"up": {"uv": [8, 8, 9.5, 16], "texture": "#3"},
				"down": {"uv": [8, 8, 9.5, 16], "texture": "#3"}
			}
		},
		{
			"from": [13.50216, 7.47684, 15.77094],
			"to": [14.50216, 8.47684, 16.02094],
			"faces": {
				"north": {"uv": [0, 8, 8, 16], "rotation": 90, "texture": "#0"},
				"east": {"uv": [8, 8, 9.5, 16], "rotation": 270, "texture": "#0"},
				"south": {"uv": [0, 8, 8, 16], "rotation": 270, "texture": "#0"},
				"west": {"uv": [8, 8, 9.5, 16], "rotation": 90, "texture": "#0"},
				"up": {"uv": [8, 8, 9.5, 16], "rotation": 270, "texture": "#0"},
				"down": {"uv": [8, 8, 9.5, 16], "rotation": 270, "texture": "#0"}
			}
		},
		{
			"from": [3.75, 3.75, -5.75],
			"to": [12.25, 12.25, -4],
			"faces": {
				"north": {"uv": [1, 9, 7, 15], "texture": "#0"},
				"east": {"uv": [1.25, 1.25, 6.75, 6.75], "texture": "#0"},
				"south": {"uv": [1.25, 1.25, 6.75, 6.75], "texture": "#0"},
				"west": {"uv": [1.25, 1.25, 6.75, 6.75], "texture": "#0"},
				"up": {"uv": [1.25, 1.25, 6.75, 6.75], "texture": "#0"},
				"down": {"uv": [1.25, 1.25, 6.75, 6.75], "texture": "#0"}
			}
		},
		{
			"from": [10.25, 10.25, -5.25],
			"to": [11.75, 11.75, 2.75],
			"faces": {
				"north": {"uv": [8, 8, 9.5, 16], "rotation": 90, "texture": "#0"},
				"east": {"uv": [8, 8, 9.5, 16], "rotation": 90, "texture": "#0"},
				"south": {"uv": [8, 8, 9.5, 16], "rotation": 90, "texture": "#0"},
				"west": {"uv": [8, 8, 9.5, 16], "rotation": 90, "texture": "#0"},
				"up": {"uv": [8, 8, 9.5, 16], "texture": "#0"},
				"down": {"uv": [8, 8, 9.5, 16], "texture": "#0"}
			}
		},
		{
			"from": [10.25, 4.25, -5.25],
			"to": [11.75, 5.75, 2.75],
			"faces": {
				"north": {"uv": [8, 8, 9.5, 16], "rotation": 90, "texture": "#0"},
				"east": {"uv": [8, 8, 9.5, 16], "rotation": 90, "texture": "#0"},
				"south": {"uv": [8, 8, 9.5, 16], "rotation": 90, "texture": "#0"},
				"west": {"uv": [8, 8, 9.5, 16], "rotation": 90, "texture": "#0"},
				"up": {"uv": [8, 8, 9.5, 16], "texture": "#0"},
				"down": {"uv": [8, 8, 9.5, 16], "texture": "#0"}
			}
		},
		{
			"from": [4.25, 4.25, -5.25],
			"to": [5.75, 5.75, 2.75],
			"faces": {
				"north": {"uv": [8, 8, 9.5, 16], "rotation": 90, "texture": "#0"},
				"east": {"uv": [8, 8, 9.5, 16], "rotation": 90, "texture": "#0"},
				"south": {"uv": [8, 8, 9.5, 16], "rotation": 90, "texture": "#0"},
				"west": {"uv": [8, 8, 9.5, 16], "rotation": 90, "texture": "#0"},
				"up": {"uv": [8, 8, 9.5, 16], "texture": "#0"},
				"down": {"uv": [8, 8, 9.5, 16], "texture": "#0"}
			}
		},
		{
			"from": [4.25, 10.25, -5.25],
			"to": [5.75, 11.75, 2.75],
			"faces": {
				"north": {"uv": [8, 8, 9.5, 16], "rotation": 90, "texture": "#0"},
				"east": {"uv": [8, 8, 9.5, 16], "rotation": 90, "texture": "#0"},
				"south": {"uv": [8, 8, 9.5, 16], "rotation": 90, "texture": "#0"},
				"west": {"uv": [8, 8, 9.5, 16], "rotation": 90, "texture": "#0"},
				"up": {"uv": [8, 8, 9.5, 16], "texture": "#0"},
				"down": {"uv": [8, 8, 9.5, 16], "texture": "#0"}
			}
		},
		{
			"from": [3, 3, -5],
			"to": [13, 13, -3.5],
			"faces": {
				"north": {"uv": [1.25, 1.25, 6.75, 6.75], "texture": "#0"},
				"east": {"uv": [1.25, 1.25, 6.75, 6.75], "texture": "#0"},
				"south": {"uv": [1.25, 1.25, 6.75, 6.75], "texture": "#0"},
				"west": {"uv": [1.25, 1.25, 6.75, 6.75], "texture": "#0"},
				"up": {"uv": [1.25, 1.25, 6.75, 6.75], "texture": "#0"},
				"down": {"uv": [1.25, 1.25, 6.75, 6.75], "texture": "#0"}
			}
		}
	],
	"display": {
		"head": {
			"translation": [0, -31, 0],
			"scale": [2.15, 2.15, 2.15]
		}
	},
	"groups": [
		{
			"name": "body",
			"children": [0, 1, 2, 3, 4, 5, 6, 7, 8, 9, 10, 11, 12, 13, 14, 15, 16, 17, 18, 19, 20, 21, 22, 23, 24, 25, 26, 27, 28, 29, 30, 31, 32, 33, 34, 35, 36, 37, 38, 39, 40, 41, 42, 43, 44, 45, 46, 47, 48, 49, 50, 51, 52, 53, 54, 55, 56, 57, 58, 59, 60, 61, 62, 63, 64, 65, 66, 67, 68, 69, 70, 71, 72, 73, 74, 75, 76, 77, 78, 79, 80, 81, 82, 83, 84, 85, 86, 87, 88, 89, 90, 91, 92, 93, 94, 95, 96, 97, 98, 99]
		},
		{
			"name": "pusher",
			"children": [100, 101, 102, 103, 104, 105]
		}
	]
}