{
	"credit": "Made with Blockbench",
	"textures": {
		"0": "zcbm/magic/ancient/allparts",
		"1": "zcbm/magic/ancient/planks"
	},
	"elements": [
		{
			"from": [1.75, 1.75, 1.75],
			"to": [14.25, 14.25, 14.25],
			"faces": {
				"north": {"uv": [1.25, 1.25, 6.75, 6.75], "texture": "#0"},
				"east": {"uv": [1.25, 1.25, 6.75, 6.75], "texture": "#0"},
				"south": {"uv": [1.25, 1.25, 6.75, 6.75], "texture": "#0"},
				"west": {"uv": [1.25, 1.25, 6.75, 6.75], "texture": "#0"},
				"up": {"uv": [1.25, 1.25, 6.75, 6.75], "texture": "#0"},
				"down": {"uv": [1.25, 1.25, 6.75, 6.75], "texture": "#0"}
			}
		},
		{
			"from": [2, 1.5, 13.5],
			"to": [14, 2.5, 14.5],
			"faces": {
				"north": {"uv": [8, 8, 9.5, 16], "rotation": 90, "texture": "#0"},
				"east": {"uv": [8, 8, 9.5, 16], "rotation": 90, "texture": "#0"},
				"south": {"uv": [8, 8, 9.5, 16], "rotation": 90, "texture": "#0"},
				"west": {"uv": [8, 8, 9.5, 16], "rotation": 90, "texture": "#0"},
				"up": {"uv": [8, 8, 9.5, 16], "rotation": 90, "texture": "#0"},
				"down": {"uv": [8, 8, 9.5, 16], "rotation": 90, "texture": "#0"}
			}
		},
		{
			"from": [2, 13.5, 13.5],
			"to": [14, 14.5, 14.5],
			"faces": {
				"north": {"uv": [8, 8, 9.5, 16], "rotation": 90, "texture": "#0"},
				"east": {"uv": [8, 8, 9.5, 16], "rotation": 90, "texture": "#0"},
				"south": {"uv": [8, 8, 9.5, 16], "rotation": 90, "texture": "#0"},
				"west": {"uv": [8, 8, 9.5, 16], "rotation": 90, "texture": "#0"},
				"up": {"uv": [8, 8, 9.5, 16], "rotation": 90, "texture": "#0"},
				"down": {"uv": [8, 8, 9.5, 16], "rotation": 90, "texture": "#0"}
			}
		},
		{
			"from": [1.5, 1.5, 2],
			"to": [2.5, 2.5, 14],
			"faces": {
				"north": {"uv": [8, 8, 9.5, 16], "rotation": 90, "texture": "#0"},
				"east": {"uv": [8, 8, 9.5, 16], "rotation": 90, "texture": "#0"},
				"south": {"uv": [8, 8, 9.5, 16], "rotation": 90, "texture": "#0"},
				"west": {"uv": [8, 8, 9.5, 16], "rotation": 90, "texture": "#0"},
				"up": {"uv": [8, 8, 9.5, 16], "rotation": 180, "texture": "#0"},
				"down": {"uv": [8, 8, 9.5, 16], "texture": "#0"}
			}
		},
		{
			"from": [1.5, 13.5, 2],
			"to": [2.5, 14.5, 14],
			"faces": {
				"north": {"uv": [8, 8, 9.5, 16], "rotation": 90, "texture": "#0"},
				"east": {"uv": [8, 8, 9.5, 16], "rotation": 90, "texture": "#0"},
				"south": {"uv": [8, 8, 9.5, 16], "rotation": 90, "texture": "#0"},
				"west": {"uv": [8, 8, 9.5, 16], "rotation": 90, "texture": "#0"},
				"up": {"uv": [8, 8, 9.5, 16], "rotation": 180, "texture": "#0"},
				"down": {"uv": [8, 8, 9.5, 16], "texture": "#0"}
			}
		},
		{
			"from": [2, 1.5, 1.5],
			"to": [14, 2.5, 2.5],
			"faces": {
				"north": {"uv": [8, 8, 9.5, 16], "rotation": 90, "texture": "#0"},
				"east": {"uv": [8, 8, 9.5, 16], "rotation": 90, "texture": "#0"},
				"south": {"uv": [8, 8, 9.5, 16], "rotation": 90, "texture": "#0"},
				"west": {"uv": [8, 8, 9.5, 16], "rotation": 90, "texture": "#0"},
				"up": {"uv": [8, 8, 9.5, 16], "rotation": 270, "texture": "#0"},
				"down": {"uv": [8, 8, 9.5, 16], "rotation": 270, "texture": "#0"}
			}
		},
		{
			"from": [2, 13.5, 1.5],
			"to": [14, 14.5, 2.5],
			"faces": {
				"north": {"uv": [8, 8, 9.5, 16], "rotation": 90, "texture": "#0"},
				"east": {"uv": [8, 8, 9.5, 16], "rotation": 90, "texture": "#0"},
				"south": {"uv": [8, 8, 9.5, 16], "rotation": 90, "texture": "#0"},
				"west": {"uv": [8, 8, 9.5, 16], "rotation": 90, "texture": "#0"},
				"up": {"uv": [8, 8, 9.5, 16], "rotation": 270, "texture": "#0"},
				"down": {"uv": [8, 8, 9.5, 16], "rotation": 270, "texture": "#0"}
			}
		},
		{
			"from": [13.5, 1.5, 2],
			"to": [14.5, 2.5, 14],
			"faces": {
				"north": {"uv": [8, 8, 9.5, 16], "rotation": 90, "texture": "#0"},
				"east": {"uv": [8, 8, 9.5, 16], "rotation": 90, "texture": "#0"},
				"south": {"uv": [8, 8, 9.5, 16], "rotation": 90, "texture": "#0"},
				"west": {"uv": [8, 8, 9.5, 16], "rotation": 90, "texture": "#0"},
				"up": {"uv": [8, 8, 9.5, 16], "texture": "#0"},
				"down": {"uv": [8, 8, 9.5, 16], "rotation": 180, "texture": "#0"}
			}
		},
		{
			"from": [13.5, 13.5, 2],
			"to": [14.5, 14.5, 14],
			"faces": {
				"north": {"uv": [8, 8, 9.5, 16], "rotation": 90, "texture": "#0"},
				"east": {"uv": [8, 8, 9.5, 16], "rotation": 90, "texture": "#0"},
				"south": {"uv": [8, 8, 9.5, 16], "rotation": 90, "texture": "#0"},
				"west": {"uv": [8, 8, 9.5, 16], "rotation": 90, "texture": "#0"},
				"up": {"uv": [8, 8, 9.5, 16], "texture": "#0"},
				"down": {"uv": [8, 8, 9.5, 16], "rotation": 180, "texture": "#0"}
			}
		},
		{
			"from": [13.5, 2, 13.5],
			"to": [14.5, 14, 14.5],
			"faces": {
				"north": {"uv": [8, 8, 9.5, 16], "rotation": 180, "texture": "#0"},
				"east": {"uv": [8, 8, 9.5, 16], "texture": "#0"},
				"south": {"uv": [8, 8, 9.5, 16], "texture": "#0"},
				"west": {"uv": [8, 8, 9.5, 16], "rotation": 180, "texture": "#0"},
				"up": {"uv": [8, 8, 9.5, 16], "texture": "#0"},
				"down": {"uv": [8, 8, 9.5, 16], "texture": "#0"}
			}
		},
		{
			"from": [1.5, 2, 13.5],
			"to": [2.5, 14, 14.5],
			"faces": {
				"north": {"uv": [8, 8, 9.5, 16], "rotation": 180, "texture": "#0"},
				"east": {"uv": [8, 8, 9.5, 16], "texture": "#0"},
				"south": {"uv": [8, 8, 9.5, 16], "texture": "#0"},
				"west": {"uv": [8, 8, 9.5, 16], "rotation": 180, "texture": "#0"},
				"up": {"uv": [8, 8, 9.5, 16], "texture": "#0"},
				"down": {"uv": [8, 8, 9.5, 16], "texture": "#0"}
			}
		},
		{
			"from": [13.5, 2, 1.5],
			"to": [14.5, 14, 2.5],
			"faces": {
				"north": {"uv": [8, 8, 9.5, 16], "rotation": 180, "texture": "#0"},
				"east": {"uv": [8, 8, 9.5, 16], "texture": "#0"},
				"south": {"uv": [8, 8, 9.5, 16], "texture": "#0"},
				"west": {"uv": [8, 8, 9.5, 16], "rotation": 180, "texture": "#0"},
				"up": {"uv": [8, 8, 9.5, 16], "texture": "#0"},
				"down": {"uv": [8, 8, 9.5, 16], "texture": "#0"}
			}
		},
		{
			"from": [1.5, 2, 1.5],
			"to": [2.5, 14, 2.5],
			"faces": {
				"north": {"uv": [8, 8, 9.5, 16], "rotation": 180, "texture": "#0"},
				"east": {"uv": [8, 8, 9.5, 16], "texture": "#0"},
				"south": {"uv": [8, 8, 9.5, 16], "texture": "#0"},
				"west": {"uv": [8, 8, 9.5, 16], "rotation": 180, "texture": "#0"},
				"up": {"uv": [8, 8, 9.5, 16], "texture": "#0"},
				"down": {"uv": [8, 8, 9.5, 16], "texture": "#0"}
			}
		},
		{
			"from": [1.3, 13.3, 13.3],
			"to": [2.7, 14.7, 14.7],
			"faces": {
				"north": {"uv": [0, 8, 8, 16], "rotation": 90, "texture": "#0"},
				"east": {"uv": [0, 8, 8, 16], "rotation": 90, "texture": "#0"},
				"south": {"uv": [0, 8, 8, 16], "rotation": 90, "texture": "#0"},
				"west": {"uv": [0, 8, 8, 16], "rotation": 90, "texture": "#0"},
				"up": {"uv": [0, 8, 8, 16], "rotation": 90, "texture": "#0"},
				"down": {"uv": [0, 8, 8, 16], "rotation": 90, "texture": "#0"}
			}
		},
		{
			"from": [1.3, 1.3, 13.3],
			"to": [2.7, 2.7, 14.7],
			"faces": {
				"north": {"uv": [0, 8, 8, 16], "rotation": 90, "texture": "#0"},
				"east": {"uv": [0, 8, 8, 16], "rotation": 90, "texture": "#0"},
				"south": {"uv": [0, 8, 8, 16], "rotation": 90, "texture": "#0"},
				"west": {"uv": [0, 8, 8, 16], "rotation": 90, "texture": "#0"},
				"up": {"uv": [0, 8, 8, 16], "rotation": 90, "texture": "#0"},
				"down": {"uv": [0, 8, 8, 16], "rotation": 90, "texture": "#0"}
			}
		},
		{
			"from": [13.3, 13.3, 13.3],
			"to": [14.7, 14.7, 14.7],
			"faces": {
				"north": {"uv": [0, 8, 8, 16], "rotation": 90, "texture": "#0"},
				"east": {"uv": [0, 8, 8, 16], "rotation": 90, "texture": "#0"},
				"south": {"uv": [0, 8, 8, 16], "rotation": 90, "texture": "#0"},
				"west": {"uv": [0, 8, 8, 16], "rotation": 90, "texture": "#0"},
				"up": {"uv": [0, 8, 8, 16], "rotation": 90, "texture": "#0"},
				"down": {"uv": [0, 8, 8, 16], "rotation": 90, "texture": "#0"}
			}
		},
		{
			"from": [13.3, 1.3, 13.3],
			"to": [14.7, 2.7, 14.7],
			"faces": {
				"north": {"uv": [0, 8, 8, 16], "rotation": 90, "texture": "#0"},
				"east": {"uv": [0, 8, 8, 16], "rotation": 90, "texture": "#0"},
				"south": {"uv": [0, 8, 8, 16], "rotation": 90, "texture": "#0"},
				"west": {"uv": [0, 8, 8, 16], "rotation": 90, "texture": "#0"},
				"up": {"uv": [0, 8, 8, 16], "rotation": 90, "texture": "#0"},
				"down": {"uv": [0, 8, 8, 16], "rotation": 90, "texture": "#0"}
			}
		},
		{
			"from": [1.3, 1.3, 1.3],
			"to": [2.7, 2.7, 2.7],
			"faces": {
				"north": {"uv": [0, 8, 8, 16], "rotation": 90, "texture": "#0"},
				"east": {"uv": [0, 8, 8, 16], "rotation": 90, "texture": "#0"},
				"south": {"uv": [0, 8, 8, 16], "rotation": 90, "texture": "#0"},
				"west": {"uv": [0, 8, 8, 16], "rotation": 90, "texture": "#0"},
				"up": {"uv": [0, 8, 8, 16], "rotation": 90, "texture": "#0"},
				"down": {"uv": [0, 8, 8, 16], "rotation": 90, "texture": "#0"}
			}
		},
		{
			"from": [1.3, 13.3, 1.3],
			"to": [2.7, 14.7, 2.7],
			"faces": {
				"north": {"uv": [0, 8, 8, 16], "rotation": 90, "texture": "#0"},
				"east": {"uv": [0, 8, 8, 16], "rotation": 90, "texture": "#0"},
				"south": {"uv": [0, 8, 8, 16], "rotation": 90, "texture": "#0"},
				"west": {"uv": [0, 8, 8, 16], "rotation": 90, "texture": "#0"},
				"up": {"uv": [0, 8, 8, 16], "rotation": 90, "texture": "#0"},
				"down": {"uv": [0, 8, 8, 16], "rotation": 90, "texture": "#0"}
			}
		},
		{
			"from": [13.3, 13.3, 1.3],
			"to": [14.7, 14.7, 2.7],
			"faces": {
				"north": {"uv": [0, 8, 8, 16], "rotation": 90, "texture": "#0"},
				"east": {"uv": [0, 8, 8, 16], "rotation": 90, "texture": "#0"},
				"south": {"uv": [0, 8, 8, 16], "rotation": 90, "texture": "#0"},
				"west": {"uv": [0, 8, 8, 16], "rotation": 90, "texture": "#0"},
				"up": {"uv": [0, 8, 8, 16], "rotation": 90, "texture": "#0"},
				"down": {"uv": [0, 8, 8, 16], "rotation": 90, "texture": "#0"}
			}
		},
		{
			"from": [13.3, 1.3, 1.3],
			"to": [14.7, 2.7, 2.7],
			"faces": {
				"north": {"uv": [0, 8, 8, 16], "rotation": 90, "texture": "#0"},
				"east": {"uv": [0, 8, 8, 16], "rotation": 90, "texture": "#0"},
				"south": {"uv": [0, 8, 8, 16], "rotation": 90, "texture": "#0"},
				"west": {"uv": [0, 8, 8, 16], "rotation": 90, "texture": "#0"},
				"up": {"uv": [0, 8, 8, 16], "rotation": 90, "texture": "#0"},
				"down": {"uv": [0, 8, 8, 16], "rotation": 90, "texture": "#0"}
			}
		},
		{
			"from": [1.5, 4, 4],
			"to": [14.5, 12, 12],
			"faces": {
				"north": {"uv": [0, 0, 16, 16], "texture": "#1"},
				"east": {"uv": [0, 0, 16, 16], "texture": "#1"},
				"south": {"uv": [0, 0, 16, 16], "texture": "#1"},
				"west": {"uv": [0, 0, 16, 16], "texture": "#1"},
				"up": {"uv": [0, 0, 16, 16], "texture": "#1"},
				"down": {"uv": [0, 0, 16, 16], "texture": "#1"}
			}
		},
		{
			"from": [13.35, 9, 1.35],
			"to": [14.65, 11, 2.65],
			"faces": {
				"north": {"uv": [9.5, 8, 11, 16], "texture": "#0"},
				"east": {"uv": [9.5, 8, 11, 16], "texture": "#0"},
				"south": {"uv": [9.5, 8, 11, 16], "texture": "#0"},
				"west": {"uv": [9.5, 8, 11, 16], "texture": "#0"},
				"up": {"uv": [9.5, 8, 11, 16], "texture": "#0"},
				"down": {"uv": [9.5, 8, 11, 16], "texture": "#0"}
			}
		},
		{
			"from": [13.35, 9, 13.35],
			"to": [14.65, 11, 14.65],
			"faces": {
				"north": {"uv": [9.5, 8, 11, 16], "texture": "#0"},
				"east": {"uv": [9.5, 8, 11, 16], "texture": "#0"},
				"south": {"uv": [9.5, 8, 11, 16], "texture": "#0"},
				"west": {"uv": [9.5, 8, 11, 16], "texture": "#0"},
				"up": {"uv": [9.5, 8, 11, 16], "texture": "#0"},
				"down": {"uv": [9.5, 8, 11, 16], "texture": "#0"}
			}
		},
		{
			"from": [1.35, 9, 1.35],
			"to": [2.65, 11, 2.65],
			"faces": {
				"north": {"uv": [9.5, 8, 11, 16], "texture": "#0"},
				"east": {"uv": [9.5, 8, 11, 16], "texture": "#0"},
				"south": {"uv": [9.5, 8, 11, 16], "texture": "#0"},
				"west": {"uv": [9.5, 8, 11, 16], "texture": "#0"},
				"up": {"uv": [9.5, 8, 11, 16], "texture": "#0"},
				"down": {"uv": [9.5, 8, 11, 16], "texture": "#0"}
			}
		},
		{
			"from": [1.35, 9, 13.35],
			"to": [2.65, 11, 14.65],
			"faces": {
				"north": {"uv": [9.5, 8, 11, 16], "texture": "#0"},
				"east": {"uv": [9.5, 8, 11, 16], "texture": "#0"},
				"south": {"uv": [9.5, 8, 11, 16], "texture": "#0"},
				"west": {"uv": [9.5, 8, 11, 16], "texture": "#0"},
				"up": {"uv": [9.5, 8, 11, 16], "texture": "#0"},
				"down": {"uv": [9.5, 8, 11, 16], "texture": "#0"}
			}
		},
		{
			"from": [1.45, 9.25, 2.6],
			"to": [1.65, 10.75, 13.4],
			"faces": {
				"north": {"uv": [9.5, 8, 11, 16], "rotation": 90, "texture": "#0"},
				"east": {"uv": [9.5, 8, 11, 16], "rotation": 90, "texture": "#0"},
				"south": {"uv": [9.5, 8, 11, 16], "rotation": 90, "texture": "#0"},
				"west": {"uv": [9.5, 8, 11, 16], "rotation": 90, "texture": "#0"},
				"up": {"uv": [9.5, 8, 11, 16], "rotation": 90, "texture": "#0"},
				"down": {"uv": [9.5, 8, 11, 16], "rotation": 90, "texture": "#0"}
			}
		},
		{
			"from": [1.45, 5.25, 2.6],
			"to": [1.65, 6.75, 13.4],
			"faces": {
				"north": {"uv": [9.5, 8, 11, 16], "rotation": 90, "texture": "#0"},
				"east": {"uv": [9.5, 8, 11, 16], "rotation": 90, "texture": "#0"},
				"south": {"uv": [9.5, 8, 11, 16], "rotation": 90, "texture": "#0"},
				"west": {"uv": [9.5, 8, 11, 16], "rotation": 90, "texture": "#0"},
				"up": {"uv": [9.5, 8, 11, 16], "rotation": 90, "texture": "#0"},
				"down": {"uv": [9.5, 8, 11, 16], "rotation": 90, "texture": "#0"}
			}
		},
		{
			"from": [13.35, 5, 1.35],
			"to": [14.65, 7, 2.65],
			"faces": {
				"north": {"uv": [9.5, 8, 11, 16], "texture": "#0"},
				"east": {"uv": [9.5, 8, 11, 16], "texture": "#0"},
				"south": {"uv": [9.5, 8, 11, 16], "texture": "#0"},
				"west": {"uv": [9.5, 8, 11, 16], "texture": "#0"},
				"up": {"uv": [9.5, 8, 11, 16], "texture": "#0"},
				"down": {"uv": [9.5, 8, 11, 16], "texture": "#0"}
			}
		},
		{
			"from": [13.35, 5, 13.35],
			"to": [14.65, 7, 14.65],
			"faces": {
				"north": {"uv": [9.5, 8, 11, 16], "texture": "#0"},
				"east": {"uv": [9.5, 8, 11, 16], "texture": "#0"},
				"south": {"uv": [9.5, 8, 11, 16], "texture": "#0"},
				"west": {"uv": [9.5, 8, 11, 16], "texture": "#0"},
				"up": {"uv": [9.5, 8, 11, 16], "texture": "#0"},
				"down": {"uv": [9.5, 8, 11, 16], "texture": "#0"}
			}
		},
		{
			"from": [1.35, 5, 13.35],
			"to": [2.65, 7, 14.65],
			"faces": {
				"north": {"uv": [9.5, 8, 11, 16], "texture": "#0"},
				"east": {"uv": [9.5, 8, 11, 16], "texture": "#0"},
				"south": {"uv": [9.5, 8, 11, 16], "texture": "#0"},
				"west": {"uv": [9.5, 8, 11, 16], "texture": "#0"},
				"up": {"uv": [9.5, 8, 11, 16], "texture": "#0"},
				"down": {"uv": [9.5, 8, 11, 16], "texture": "#0"}
			}
		},
		{
			"from": [1.35, 5, 1.35],
			"to": [2.65, 7, 2.65],
			"faces": {
				"north": {"uv": [9.5, 8, 11, 16], "texture": "#0"},
				"east": {"uv": [9.5, 8, 11, 16], "texture": "#0"},
				"south": {"uv": [9.5, 8, 11, 16], "texture": "#0"},
				"west": {"uv": [9.5, 8, 11, 16], "texture": "#0"},
				"up": {"uv": [9.5, 8, 11, 16], "texture": "#0"},
				"down": {"uv": [9.5, 8, 11, 16], "texture": "#0"}
			}
		},
		{
			"from": [14.35, 9.25, 2.6],
			"to": [14.55, 10.75, 13.4],
			"faces": {
				"north": {"uv": [9.5, 16, 11, 8], "rotation": 90, "texture": "#0"},
				"east": {"uv": [9.5, 16, 11, 8], "rotation": 90, "texture": "#0"},
				"south": {"uv": [9.5, 16, 11, 8], "rotation": 90, "texture": "#0"},
				"west": {"uv": [9.5, 16, 11, 8], "rotation": 90, "texture": "#0"},
				"up": {"uv": [9.5, 16, 11, 8], "rotation": 90, "texture": "#0"},
				"down": {"uv": [9.5, 16, 11, 8], "rotation": 90, "texture": "#0"}
			}
		},
		{
			"from": [14.35, 5.25, 2.6],
			"to": [14.55, 6.75, 13.4],
			"faces": {
				"north": {"uv": [9.5, 16, 11, 8], "rotation": 90, "texture": "#0"},
				"east": {"uv": [9.5, 16, 11, 8], "rotation": 90, "texture": "#0"},
				"south": {"uv": [9.5, 16, 11, 8], "rotation": 90, "texture": "#0"},
				"west": {"uv": [9.5, 16, 11, 8], "rotation": 90, "texture": "#0"},
				"up": {"uv": [9.5, 16, 11, 8], "rotation": 90, "texture": "#0"},
				"down": {"uv": [9.5, 16, 11, 8], "rotation": 90, "texture": "#0"}
			}
		},
		{
			"from": [2.6, 5.25, 14.35],
			"to": [13.4, 6.75, 14.55],
			"faces": {
				"north": {"uv": [9.5, 16, 11, 8], "rotation": 90, "texture": "#0"},
				"east": {"uv": [9.5, 16, 11, 8], "rotation": 90, "texture": "#0"},
				"south": {"uv": [9.5, 16, 11, 8], "rotation": 90, "texture": "#0"},
				"west": {"uv": [9.5, 16, 11, 8], "rotation": 90, "texture": "#0"},
				"up": {"uv": [9.5, 16, 11, 8], "rotation": 180, "texture": "#0"},
				"down": {"uv": [9.5, 16, 11, 8], "texture": "#0"}
			}
		},
		{
			"from": [2.6, 9.25, 14.35],
			"to": [13.4, 10.75, 14.55],
			"faces": {
				"north": {"uv": [9.5, 16, 11, 8], "rotation": 90, "texture": "#0"},
				"east": {"uv": [9.5, 16, 11, 8], "rotation": 90, "texture": "#0"},
				"south": {"uv": [9.5, 16, 11, 8], "rotation": 90, "texture": "#0"},
				"west": {"uv": [9.5, 16, 11, 8], "rotation": 90, "texture": "#0"},
				"up": {"uv": [9.5, 16, 11, 8], "rotation": 180, "texture": "#0"},
				"down": {"uv": [9.5, 16, 11, 8], "texture": "#0"}
			}
		},
		{
			"from": [4, 4, 1.5],
			"to": [12, 12, 14.5],
			"faces": {
				"north": {"uv": [0, 0, 16, 16], "texture": "#1"},
				"east": {"uv": [0, 0, 16, 16], "texture": "#1"},
				"south": {"uv": [0, 0, 16, 16], "texture": "#1"},
				"west": {"uv": [0, 0, 16, 16], "texture": "#1"},
				"up": {"uv": [0, 0, 16, 16], "rotation": 90, "texture": "#1"},
				"down": {"uv": [0, 0, 16, 16], "rotation": 270, "texture": "#1"}
			}
		},
		{
			"from": [3.75, 12.75, 3.75],
			"to": [12.25, 15.25, 12.25],
			"faces": {
				"north": {"uv": [8, 8, 9.5, 16], "rotation": 90, "texture": "#0"},
				"east": {"uv": [8, 8, 9.5, 16], "rotation": 90, "texture": "#0"},
				"south": {"uv": [8, 8, 9.5, 16], "rotation": 90, "texture": "#0"},
				"west": {"uv": [8, 8, 9.5, 16], "rotation": 90, "texture": "#0"},
				"up": {"uv": [0, 8, 8, 16], "rotation": 90, "texture": "#0"},
				"down": {"uv": [8, 8, 9.5, 16], "rotation": 90, "texture": "#0"}
			}
		},
		{
			"from": [3.75, 15.25, 3.75],
			"to": [12.25, 16.5, 12.25],
			"faces": {
				"north": {"uv": [8, 8, 9.5, 16], "rotation": 90, "texture": "#0"},
				"east": {"uv": [8, 8, 9.5, 16], "rotation": 90, "texture": "#0"},
				"south": {"uv": [8, 8, 9.5, 16], "rotation": 90, "texture": "#0"},
				"west": {"uv": [8, 8, 9.5, 16], "rotation": 90, "texture": "#0"},
				"up": {"uv": [0, 8, 8, 16], "rotation": 90, "texture": "#0"},
				"down": {"uv": [0, 8, 8, 16], "rotation": 90, "texture": "#0"}
			}
		},
		{
			"from": [10.5, 6.75, 0.5],
			"to": [11.5, 9.25, 1.5],
			"faces": {
				"north": {"uv": [8, 8, 9.5, 16], "texture": "#0"},
				"east": {"uv": [8, 8, 9.5, 16], "texture": "#0"},
				"south": {"uv": [8, 8, 9.5, 16], "texture": "#0"},
				"west": {"uv": [8, 8, 9.5, 16], "texture": "#0"},
				"up": {"uv": [8, 8, 9.5, 16], "texture": "#0"},
				"down": {"uv": [8, 8, 9.5, 16], "texture": "#0"}
			}
		},
		{
			"from": [3.75, 3.75, 1.25],
			"to": [12.25, 12.25, 2.25],
			"faces": {
				"north": {"uv": [1, 9, 7, 15], "texture": "#0"},
				"east": {"uv": [1, 9, 7, 9.25], "texture": "#0"},
				"south": {"uv": [1, 9, 7, 9.25], "texture": "#0"},
				"west": {"uv": [1, 9, 7, 9.25], "texture": "#0"},
				"up": {"uv": [1, 9, 7, 9.25], "texture": "#0"},
				"down": {"uv": [1, 9, 7, 9.25], "texture": "#0"}
			}
		}
	],
	"display": {
		"head": {
			"translation": [0, -56, 0],
			"scale": [2.15, 2.15, 2.15]
		}
	},
	"groups": [
		{
			"name": "body",
			"children": [0, 1, 2, 3, 4, 5, 6, 7, 8, 9, 10, 11, 12, 13, 14, 15, 16, 17, 18, 19, 20, 21, 22, 23, 24, 25, 26, 27, 28, 29, 30, 31, 32, 33, 34, 35, 36, 37, 38, 39, 40]
		},
		{
			"name": "pusher",
			"children": []
		}
	]
}