{
	"credit": "Made with Blockbench",
	"textures": {
		"0": "zcbm/magic/ancient/stone_bricks",
		"1": "zcbm/magic/ancient/allparts",
		"2": "zcbm/magic/ancient/crystal",
		"3": "zcbm/magic/ancient/portal",
		"particle": "zcbm/magic/ancient/stone_bricks"
	},
	"elements": [
		{
			"from": [6, 2.25, 6],
			"to": [10, 3.625, 10],
			"faces": {
				"north": {"uv": [1.25, 1.25, 6.75, 6.75], "texture": "#1"},
				"east": {"uv": [1.25, 1.25, 6.75, 6.75], "texture": "#1"},
				"south": {"uv": [1.25, 1.25, 6.75, 6.75], "texture": "#1"},
				"west": {"uv": [1.25, 1.25, 6.75, 6.75], "texture": "#1"},
				"up": {"uv": [1.25, 1.25, 6.75, 6.75], "texture": "#1"},
				"down": {"uv": [1.25, 1.25, 6.75, 6.75], "texture": "#1"}
			}
		},
		{
			"from": [11, 0.8, 6],
			"to": [12.5, 2.5, 10],
			"faces": {
				"north": {"uv": [0, 0, 8, 8], "texture": "#0"},
				"east": {"uv": [0, 8, 16, 16], "texture": "#0"},
				"south": {"uv": [0, 8, 8, 16], "texture": "#0"},
				"west": {"uv": [0, 8, 16, 16], "texture": "#0"},
				"up": {"uv": [0, 0, 8, 16], "rotation": 180, "texture": "#0"},
				"down": {"uv": [8, 0, 16, 16], "texture": "#0"}
			}
		},
		{
			"from": [10.9, 2, 6.5],
			"to": [11.9, 3, 9.5],
			"rotation": {"angle": 45, "axis": "z", "origin": [11.5, 2.25, 8]},
			"faces": {
				"north": {"uv": [1.25, 1.25, 6.75, 6.75], "texture": "#1"},
				"east": {"uv": [1.25, 1.25, 6.75, 6.75], "texture": "#1"},
				"south": {"uv": [1.25, 1.25, 6.75, 6.75], "texture": "#1"},
				"west": {"uv": [1.25, 1.25, 6.75, 6.75], "texture": "#1"},
				"up": {"uv": [0, 0, 8, 8], "texture": "#1"},
				"down": {"uv": [1.25, 1.25, 6.75, 6.75], "texture": "#1"}
			}
		},
		{
			"from": [9.25, 2.425, 6.5],
			"to": [10.25, 3.425, 9.5],
			"faces": {
				"north": {"uv": [1.25, 1.25, 6.75, 6.75], "rotation": 270, "texture": "#1"},
				"east": {"uv": [0, 0, 8, 8], "rotation": 270, "texture": "#1"},
				"south": {"uv": [1.25, 1.25, 6.75, 6.75], "rotation": 270, "texture": "#1"},
				"west": {"uv": [1.25, 1.25, 6.75, 6.75], "rotation": 270, "texture": "#1"},
				"up": {"uv": [1.25, 1.25, 6.75, 6.75], "rotation": 270, "texture": "#1"},
				"down": {"uv": [1.25, 1.25, 6.75, 6.75], "rotation": 270, "texture": "#1"}
			}
		},
		{
			"from": [9.875, 2.175, 8.5],
			"to": [10.875, 2.675, 9],
			"rotation": {"angle": -22.5, "axis": "z", "origin": [11.5, 2.25, 8]},
			"faces": {
				"north": {"uv": [8, 8, 9.5, 16], "rotation": 270, "texture": "#1"},
				"east": {"uv": [8, 8, 9.5, 16], "rotation": 270, "texture": "#1"},
				"south": {"uv": [8, 8, 9.5, 16], "rotation": 270, "texture": "#1"},
				"west": {"uv": [8, 8, 9.5, 16], "rotation": 270, "texture": "#1"},
				"up": {"uv": [8, 8, 9.5, 16], "rotation": 270, "texture": "#1"},
				"down": {"uv": [8, 8, 9.5, 16], "rotation": 270, "texture": "#1"}
			}
		},
		{
			"from": [9.875, 2.175, 7],
			"to": [10.875, 2.675, 7.5],
			"rotation": {"angle": -22.5, "axis": "z", "origin": [11.5, 2.25, 8]},
			"faces": {
				"north": {"uv": [8, 8, 9.5, 16], "rotation": 270, "texture": "#1"},
				"east": {"uv": [8, 8, 9.5, 16], "rotation": 270, "texture": "#1"},
				"south": {"uv": [8, 8, 9.5, 16], "rotation": 270, "texture": "#1"},
				"west": {"uv": [8, 8, 9.5, 16], "rotation": 270, "texture": "#1"},
				"up": {"uv": [8, 8, 9.5, 16], "rotation": 270, "texture": "#1"},
				"down": {"uv": [8, 8, 9.5, 16], "rotation": 270, "texture": "#1"}
			}
		},
		{
			"from": [6, 0.8, 11],
			"to": [10, 2.5, 12.5],
			"faces": {
				"north": {"uv": [0, 8, 16, 16], "texture": "#0"},
				"east": {"uv": [0, 0, 8, 8], "texture": "#0"},
				"south": {"uv": [0, 8, 16, 16], "texture": "#0"},
				"west": {"uv": [0, 8, 8, 16], "texture": "#0"},
				"up": {"uv": [0, 0, 8, 16], "rotation": 270, "texture": "#0"},
				"down": {"uv": [8, 0, 16, 16], "rotation": 270, "texture": "#0"}
			}
		},
		{
			"from": [6.5, 2, 10.9],
			"to": [9.5, 3, 11.9],
			"rotation": {"angle": -45, "axis": "x", "origin": [8, 2.25, 11.5]},
			"faces": {
				"north": {"uv": [1.25, 1.25, 6.75, 6.75], "texture": "#1"},
				"east": {"uv": [1.25, 1.25, 6.75, 6.75], "texture": "#1"},
				"south": {"uv": [1.25, 1.25, 6.75, 6.75], "texture": "#1"},
				"west": {"uv": [1.25, 1.25, 6.75, 6.75], "texture": "#1"},
				"up": {"uv": [0, 0, 8, 8], "rotation": 90, "texture": "#1"},
				"down": {"uv": [1.25, 1.25, 6.75, 6.75], "rotation": 270, "texture": "#1"}
			}
		},
		{
			"from": [8.5, 2.175, 9.875],
			"to": [9, 2.675, 10.875],
			"rotation": {"angle": 22.5, "axis": "x", "origin": [8, 2.25, 11.5]},
			"faces": {
				"north": {"uv": [8, 8, 9.5, 16], "rotation": 270, "texture": "#1"},
				"east": {"uv": [8, 8, 9.5, 16], "rotation": 270, "texture": "#1"},
				"south": {"uv": [8, 8, 9.5, 16], "rotation": 270, "texture": "#1"},
				"west": {"uv": [8, 8, 9.5, 16], "rotation": 270, "texture": "#1"},
				"up": {"uv": [8, 8, 9.5, 16], "texture": "#1"},
				"down": {"uv": [8, 8, 9.5, 16], "rotation": 180, "texture": "#1"}
			}
		},
		{
			"from": [7, 2.175, 9.875],
			"to": [7.5, 2.675, 10.875],
			"rotation": {"angle": 22.5, "axis": "x", "origin": [8, 2.25, 11.5]},
			"faces": {
				"north": {"uv": [8, 8, 9.5, 16], "rotation": 270, "texture": "#1"},
				"east": {"uv": [8, 8, 9.5, 16], "rotation": 270, "texture": "#1"},
				"south": {"uv": [8, 8, 9.5, 16], "rotation": 270, "texture": "#1"},
				"west": {"uv": [8, 8, 9.5, 16], "rotation": 270, "texture": "#1"},
				"up": {"uv": [8, 8, 9.5, 16], "texture": "#1"},
				"down": {"uv": [8, 8, 9.5, 16], "rotation": 180, "texture": "#1"}
			}
		},
		{
			"from": [6.5, 2.425, 9.25],
			"to": [9.5, 3.425, 10.25],
			"faces": {
				"north": {"uv": [1.25, 1.25, 6.75, 6.75], "rotation": 270, "texture": "#1"},
				"east": {"uv": [1.25, 1.25, 6.75, 6.75], "rotation": 270, "texture": "#1"},
				"south": {"uv": [0, 0, 8, 8], "rotation": 270, "texture": "#1"},
				"west": {"uv": [1.25, 1.25, 6.75, 6.75], "rotation": 270, "texture": "#1"},
				"up": {"uv": [1.25, 1.25, 6.75, 6.75], "texture": "#1"},
				"down": {"uv": [1.25, 1.25, 6.75, 6.75], "rotation": 180, "texture": "#1"}
			}
		},
		{
			"from": [5.125, 2.175, 8.5],
			"to": [6.125, 2.675, 9],
			"rotation": {"angle": 22.5, "axis": "z", "origin": [4.5, 2.25, 8]},
			"faces": {
				"north": {"uv": [8, 8, 9.5, 16], "rotation": 270, "texture": "#1"},
				"east": {"uv": [8, 8, 9.5, 16], "rotation": 270, "texture": "#1"},
				"south": {"uv": [8, 8, 9.5, 16], "rotation": 270, "texture": "#1"},
				"west": {"uv": [8, 8, 9.5, 16], "rotation": 270, "texture": "#1"},
				"up": {"uv": [8, 8, 9.5, 16], "rotation": 90, "texture": "#1"},
				"down": {"uv": [8, 8, 9.5, 16], "rotation": 90, "texture": "#1"}
			}
		},
		{
			"from": [5.125, 2.175, 7],
			"to": [6.125, 2.675, 7.5],
			"rotation": {"angle": 22.5, "axis": "z", "origin": [4.5, 2.25, 8]},
			"faces": {
				"north": {"uv": [8, 8, 9.5, 16], "rotation": 270, "texture": "#1"},
				"east": {"uv": [8, 8, 9.5, 16], "rotation": 270, "texture": "#1"},
				"south": {"uv": [8, 8, 9.5, 16], "rotation": 270, "texture": "#1"},
				"west": {"uv": [8, 8, 9.5, 16], "rotation": 270, "texture": "#1"},
				"up": {"uv": [8, 8, 9.5, 16], "rotation": 90, "texture": "#1"},
				"down": {"uv": [8, 8, 9.5, 16], "rotation": 90, "texture": "#1"}
			}
		},
		{
			"from": [5.75, 2.425, 6.5],
			"to": [6.75, 3.425, 9.5],
			"faces": {
				"north": {"uv": [1.25, 1.25, 6.75, 6.75], "rotation": 270, "texture": "#1"},
				"east": {"uv": [1.25, 1.25, 6.75, 6.75], "rotation": 270, "texture": "#1"},
				"south": {"uv": [1.25, 1.25, 6.75, 6.75], "rotation": 270, "texture": "#1"},
				"west": {"uv": [0, 0, 8, 8], "rotation": 270, "texture": "#1"},
				"up": {"uv": [1.25, 1.25, 6.75, 6.75], "rotation": 90, "texture": "#1"},
				"down": {"uv": [1.25, 1.25, 6.75, 6.75], "rotation": 90, "texture": "#1"}
			}
		},
		{
			"from": [4.1, 2, 6.5],
			"to": [5.1, 3, 9.5],
			"rotation": {"angle": -45, "axis": "z", "origin": [4.5, 2.25, 8]},
			"faces": {
				"north": {"uv": [1.25, 1.25, 6.75, 6.75], "texture": "#1"},
				"east": {"uv": [1.25, 1.25, 6.75, 6.75], "texture": "#1"},
				"south": {"uv": [1.25, 1.25, 6.75, 6.75], "texture": "#1"},
				"west": {"uv": [1.25, 1.25, 6.75, 6.75], "texture": "#1"},
				"up": {"uv": [0, 0, 8, 8], "rotation": 180, "texture": "#1"},
				"down": {"uv": [1.25, 1.25, 6.75, 6.75], "rotation": 180, "texture": "#1"}
			}
		},
		{
			"from": [3.5, 0.8, 6],
			"to": [5, 2.5, 10],
			"faces": {
				"north": {"uv": [0, 8, 8, 16], "texture": "#0"},
				"east": {"uv": [0, 8, 16, 16], "texture": "#0"},
				"south": {"uv": [0, 0, 8, 8], "texture": "#0"},
				"west": {"uv": [0, 8, 16, 16], "texture": "#0"},
				"up": {"uv": [0, 0, 8, 16], "texture": "#0"},
				"down": {"uv": [8, 0, 16, 16], "rotation": 180, "texture": "#0"}
			}
		},
		{
			"from": [6, 0.8, 3.5],
			"to": [10, 2.5, 5],
			"faces": {
				"north": {"uv": [0, 8, 16, 16], "texture": "#0"},
				"east": {"uv": [0, 8, 8, 16], "texture": "#0"},
				"south": {"uv": [0, 8, 16, 16], "texture": "#0"},
				"west": {"uv": [0, 0, 8, 8], "texture": "#0"},
				"up": {"uv": [0, 0, 8, 16], "rotation": 90, "texture": "#0"},
				"down": {"uv": [8, 0, 16, 16], "rotation": 90, "texture": "#0"}
			}
		},
		{
			"from": [6.5, 2, 4.1],
			"to": [9.5, 3, 5.1],
			"rotation": {"angle": 45, "axis": "x", "origin": [8, 2.25, 4.5]},
			"faces": {
				"north": {"uv": [1.25, 1.25, 6.75, 6.75], "texture": "#1"},
				"east": {"uv": [1.25, 1.25, 6.75, 6.75], "texture": "#1"},
				"south": {"uv": [1.25, 1.25, 6.75, 6.75], "texture": "#1"},
				"west": {"uv": [1.25, 1.25, 6.75, 6.75], "texture": "#1"},
				"up": {"uv": [0, 0, 8, 8], "rotation": 270, "texture": "#1"},
				"down": {"uv": [1.25, 1.25, 6.75, 6.75], "rotation": 90, "texture": "#1"}
			}
		},
		{
			"from": [7, 2.175, 5.125],
			"to": [7.5, 2.675, 6.125],
			"rotation": {"angle": -22.5, "axis": "x", "origin": [8, 2.25, 4.5]},
			"faces": {
				"north": {"uv": [8, 8, 9.5, 16], "rotation": 270, "texture": "#1"},
				"east": {"uv": [8, 8, 9.5, 16], "rotation": 270, "texture": "#1"},
				"south": {"uv": [8, 8, 9.5, 16], "rotation": 270, "texture": "#1"},
				"west": {"uv": [8, 8, 9.5, 16], "rotation": 270, "texture": "#1"},
				"up": {"uv": [8, 8, 9.5, 16], "rotation": 180, "texture": "#1"},
				"down": {"uv": [8, 8, 9.5, 16], "texture": "#1"}
			}
		},
		{
			"from": [8.5, 2.175, 5.125],
			"to": [9, 2.675, 6.125],
			"rotation": {"angle": -22.5, "axis": "x", "origin": [8, 2.25, 4.5]},
			"faces": {
				"north": {"uv": [8, 8, 9.5, 16], "rotation": 270, "texture": "#1"},
				"east": {"uv": [8, 8, 9.5, 16], "rotation": 270, "texture": "#1"},
				"south": {"uv": [8, 8, 9.5, 16], "rotation": 270, "texture": "#1"},
				"west": {"uv": [8, 8, 9.5, 16], "rotation": 270, "texture": "#1"},
				"up": {"uv": [8, 8, 9.5, 16], "rotation": 180, "texture": "#1"},
				"down": {"uv": [8, 8, 9.5, 16], "texture": "#1"}
			}
		},
		{
			"from": [6.5, 2.425, 5.75],
			"to": [9.5, 3.425, 6.75],
			"faces": {
				"north": {"uv": [0, 0, 8, 8], "rotation": 270, "texture": "#1"},
				"east": {"uv": [1.25, 1.25, 6.75, 6.75], "rotation": 270, "texture": "#1"},
				"south": {"uv": [1.25, 1.25, 6.75, 6.75], "rotation": 270, "texture": "#1"},
				"west": {"uv": [1.25, 1.25, 6.75, 6.75], "rotation": 270, "texture": "#1"},
				"up": {"uv": [1.25, 1.25, 6.75, 6.75], "rotation": 180, "texture": "#1"},
				"down": {"uv": [1.25, 1.25, 6.75, 6.75], "texture": "#1"}
			}
		},
		{
			"from": [6.5, 3.5, 6.5],
			"to": [9.5, 4.375, 9.5],
			"faces": {
				"north": {"uv": [8, 8, 9.5, 16], "rotation": 90, "texture": "#1"},
				"east": {"uv": [8, 8, 9.5, 16], "rotation": 90, "texture": "#1"},
				"south": {"uv": [8, 8, 9.5, 16], "rotation": 90, "texture": "#1"},
				"west": {"uv": [8, 8, 9.5, 16], "rotation": 90, "texture": "#1"},
				"up": {"uv": [0, 8, 8, 16], "texture": "#1"},
				"down": {"uv": [0, 8, 8, 16], "texture": "#1"}
			}
		},
		{
			"from": [6.5, 9.625, 6.5],
			"to": [9.5, 10.5, 9.5],
			"faces": {
				"north": {"uv": [8, 8, 9.5, 16], "rotation": 90, "texture": "#1"},
				"east": {"uv": [8, 8, 9.5, 16], "rotation": 90, "texture": "#1"},
				"south": {"uv": [8, 8, 9.5, 16], "rotation": 90, "texture": "#1"},
				"west": {"uv": [8, 8, 9.5, 16], "rotation": 90, "texture": "#1"},
				"up": {"uv": [0, 8, 8, 16], "texture": "#1"},
				"down": {"uv": [0, 8, 8, 16], "texture": "#1"}
			}
		},
		{
			"from": [6.75, 5, 6.75],
			"to": [9.25, 9, 9.25],
			"faces": {
				"north": {"uv": [8, 8, 9.5, 16], "texture": "#2"},
				"east": {"uv": [8, 8, 9.5, 16], "texture": "#2"},
				"south": {"uv": [8, 8, 9.5, 16], "texture": "#2"},
				"west": {"uv": [8, 8, 9.5, 16], "texture": "#2"},
				"up": {"uv": [0, 8, 8, 16], "texture": "#2"},
				"down": {"uv": [0, 8, 8, 16], "texture": "#2"}
			}
		},
		{
			"from": [6.8, 4.25, 6.8],
			"to": [9.2, 9.625, 9.2],
			"faces": {
				"north": {"uv": [8, 8, 9.5, 16], "texture": "#1"},
				"east": {"uv": [8, 8, 9.5, 16], "texture": "#1"},
				"south": {"uv": [8, 8, 9.5, 16], "texture": "#1"},
				"west": {"uv": [8, 8, 9.5, 16], "texture": "#1"},
				"up": {"uv": [0, 8, 8, 16], "texture": "#1"},
				"down": {"uv": [0, 8, 8, 16], "texture": "#1"}
			}
		},
		{
			"from": [6.65, 4.9, 6.65],
			"to": [9.35, 9.1, 9.35],
			"faces": {
				"north": {"uv": [3, 3, 13, 13], "texture": "#3"},
				"east": {"uv": [3, 3, 13, 13], "texture": "#3"},
				"south": {"uv": [3, 3, 13, 13], "texture": "#3"},
				"west": {"uv": [3, 3, 13, 13], "texture": "#3"},
				"up": {"uv": [3, 3, 13, 13], "texture": "#3"},
				"down": {"uv": [3, 3, 13, 13], "texture": "#3"}
			}
		}
	],
	"display": {
		"thirdperson_righthand": {
			"rotation": [75, 0, -10],
			"translation": [-5.5, -1.1, 13.5],
			"scale": [3.5, 3.5, 3.5]
		},
		"head": {
			"translation": [0, -29.75, 0],
			"scale": [2, 2, 2]
		}
	},
	"groups": [0,
		{
			"name": "legs",
			"children": [1, 2, 3, 4, 5, 6, 7, 8, 9, 10, 11, 12, 13, 14, 15, 16, 17, 18, 19, 20]
		}, 21, 22, 23, 24, 25]
}