{
	"credit": "Made with Blockbench",
	"textures": {
		"1": "zcbm/magic/ancient/allparts",
		"2": "zcbm/magic/ancient/crystal",
		"3": "zcbm/magic/ancient/portal",
		"particle": "zcbm/magic/ancient/portal"
	},
	"elements": [
		{
			"name": "hexadecagon",
			"from": [16.25, 9.90598, 1.5],
			"to": [17.75, 12.09402, 3.75],
			"rotation": {"angle": -45, "axis": "x", "origin": [9, 11, 8]},
			"faces": {
				"north": {"uv": [0, 0, 8, 8], "texture": "#1"},
				"east": {"uv": [0, 0, 8, 8], "texture": "#1"},
				"south": {"uv": [0, 0, 8, 8], "texture": "#1"},
				"west": {"uv": [0, 0, 8, 8], "texture": "#1"},
				"up": {"uv": [0, 0, 8, 8], "texture": "#1"},
				"down": {"uv": [0, 0, 8, 8], "texture": "#1"}
			}
		},
		{
			"name": "hexadecagon",
			"from": [16.5, 9.90598, 2.5],
			"to": [17.5, 12.09402, 3.5],
			"rotation": {"angle": -22.5, "axis": "x", "origin": [9, 11, 8]},
			"faces": {
				"north": {"uv": [8, 8, 9.5, 16], "texture": "#1"},
				"east": {"uv": [8, 8, 9.5, 16], "texture": "#1"},
				"south": {"uv": [8, 8, 9.5, 16], "texture": "#1"},
				"west": {"uv": [8, 8, 9.5, 16], "texture": "#1"},
				"up": {"uv": [8, 8, 9.5, 16], "texture": "#1"},
				"down": {"uv": [8, 8, 9.5, 16], "texture": "#1"}
			}
		},
		{
			"name": "hexadecagon",
			"from": [16.25, 9.90598, 1.5],
			"to": [17.75, 12.09402, 3.75],
			"faces": {
				"north": {"uv": [0, 0, 8, 8], "texture": "#1"},
				"east": {"uv": [0, 0, 8, 8], "texture": "#1"},
				"south": {"uv": [0, 0, 8, 8], "texture": "#1"},
				"west": {"uv": [0, 0, 8, 8], "texture": "#1"},
				"up": {"uv": [0, 0, 8, 8], "texture": "#1"},
				"down": {"uv": [0, 0, 8, 8], "texture": "#1"}
			}
		},
		{
			"name": "hexadecagon",
			"from": [16.5, 9.90598, 2.5],
			"to": [17.5, 12.09402, 3.5],
			"rotation": {"angle": 22.5, "axis": "x", "origin": [9, 11, 8]},
			"faces": {
				"north": {"uv": [8, 8, 9.5, 16], "texture": "#1"},
				"east": {"uv": [8, 8, 9.5, 16], "texture": "#1"},
				"south": {"uv": [8, 8, 9.5, 16], "texture": "#1"},
				"west": {"uv": [8, 8, 9.5, 16], "texture": "#1"},
				"up": {"uv": [8, 8, 9.5, 16], "texture": "#1"},
				"down": {"uv": [8, 8, 9.5, 16], "texture": "#1"}
			}
		},
		{
			"name": "hexadecagon",
			"from": [16.25, 9.90598, 1.5],
			"to": [17.75, 12.09402, 3.75],
			"rotation": {"angle": 45, "axis": "x", "origin": [9, 11, 8]},
			"faces": {
				"north": {"uv": [0, 0, 8, 8], "texture": "#1"},
				"east": {"uv": [0, 0, 8, 8], "texture": "#1"},
				"south": {"uv": [0, 0, 8, 8], "texture": "#1"},
				"west": {"uv": [0, 0, 8, 8], "texture": "#1"},
				"up": {"uv": [0, 0, 8, 8], "texture": "#1"},
				"down": {"uv": [0, 0, 8, 8], "texture": "#1"}
			}
		},
		{
			"name": "hexadecagon",
			"from": [16.25, 9.90598, 12.25],
			"to": [17.75, 12.09402, 14.5],
			"rotation": {"angle": -45, "axis": "x", "origin": [9, 11, 8]},
			"faces": {
				"north": {"uv": [0, 0, 8, 8], "texture": "#1"},
				"east": {"uv": [0, 0, 8, 8], "texture": "#1"},
				"south": {"uv": [0, 0, 8, 8], "texture": "#1"},
				"west": {"uv": [0, 0, 8, 8], "texture": "#1"},
				"up": {"uv": [0, 0, 8, 8], "texture": "#1"},
				"down": {"uv": [0, 0, 8, 8], "texture": "#1"}
			}
		},
		{
			"name": "hexadecagon",
			"from": [16.5, 9.90598, 12.5],
			"to": [17.5, 12.09402, 13.5],
			"rotation": {"angle": -22.5, "axis": "x", "origin": [9, 11, 8]},
			"faces": {
				"north": {"uv": [8, 8, 9.5, 16], "texture": "#1"},
				"east": {"uv": [8, 8, 9.5, 16], "texture": "#1"},
				"south": {"uv": [8, 8, 9.5, 16], "texture": "#1"},
				"west": {"uv": [8, 8, 9.5, 16], "texture": "#1"},
				"up": {"uv": [8, 8, 9.5, 16], "texture": "#1"},
				"down": {"uv": [8, 8, 9.5, 16], "texture": "#1"}
			}
		},
		{
			"name": "hexadecagon",
			"from": [16.25, 9.90598, 12.25],
			"to": [17.75, 12.09402, 14.5],
			"faces": {
				"north": {"uv": [0, 0, 8, 8], "texture": "#1"},
				"east": {"uv": [0, 0, 8, 8], "texture": "#1"},
				"south": {"uv": [0, 0, 8, 8], "texture": "#1"},
				"west": {"uv": [0, 0, 8, 8], "texture": "#1"},
				"up": {"uv": [0, 0, 8, 8], "texture": "#1"},
				"down": {"uv": [0, 0, 8, 8], "texture": "#1"}
			}
		},
		{
			"name": "hexadecagon",
			"from": [16.5, 9.90598, 12.5],
			"to": [17.5, 12.09402, 13.5],
			"rotation": {"angle": 22.5, "axis": "x", "origin": [9, 11, 8]},
			"faces": {
				"north": {"uv": [8, 8, 9.5, 16], "texture": "#1"},
				"east": {"uv": [8, 8, 9.5, 16], "texture": "#1"},
				"south": {"uv": [8, 8, 9.5, 16], "texture": "#1"},
				"west": {"uv": [8, 8, 9.5, 16], "texture": "#1"},
				"up": {"uv": [8, 8, 9.5, 16], "texture": "#1"},
				"down": {"uv": [8, 8, 9.5, 16], "texture": "#1"}
			}
		},
		{
			"name": "hexadecagon",
			"from": [16.25, 9.90598, 12.25],
			"to": [17.75, 12.09402, 14.5],
			"rotation": {"angle": 45, "axis": "x", "origin": [9, 11, 8]},
			"faces": {
				"north": {"uv": [0, 0, 8, 8], "texture": "#1"},
				"east": {"uv": [0, 0, 8, 8], "texture": "#1"},
				"south": {"uv": [0, 0, 8, 8], "texture": "#1"},
				"west": {"uv": [0, 0, 8, 8], "texture": "#1"},
				"up": {"uv": [0, 0, 8, 8], "texture": "#1"},
				"down": {"uv": [0, 0, 8, 8], "texture": "#1"}
			}
		},
		{
			"name": "hexadecagon",
			"from": [16.5, 5.5, 6.90598],
			"to": [17.5, 6.5, 9.09402],
			"rotation": {"angle": -22.5, "axis": "x", "origin": [9, 11, 8]},
			"faces": {
				"north": {"uv": [8, 8, 9.5, 16], "texture": "#1"},
				"east": {"uv": [8, 8, 9.5, 16], "texture": "#1"},
				"south": {"uv": [8, 8, 9.5, 16], "texture": "#1"},
				"west": {"uv": [8, 8, 9.5, 16], "texture": "#1"},
				"up": {"uv": [8, 8, 9.5, 16], "texture": "#1"},
				"down": {"uv": [8, 8, 9.5, 16], "texture": "#1"}
			}
		},
		{
			"name": "hexadecagon",
			"from": [16.25, 4.5, 6.90598],
			"to": [17.75, 6.75, 9.09402],
			"faces": {
				"north": {"uv": [0, 0, 8, 8], "texture": "#1"},
				"east": {"uv": [0, 0, 8, 8], "texture": "#1"},
				"south": {"uv": [0, 0, 8, 8], "texture": "#1"},
				"west": {"uv": [0, 0, 8, 8], "texture": "#1"},
				"up": {"uv": [0, 0, 8, 8], "texture": "#1"},
				"down": {"uv": [0, 0, 8, 8], "texture": "#1"}
			}
		},
		{
			"name": "hexadecagon",
			"from": [16.5, 5.5, 6.90598],
			"to": [17.5, 6.5, 9.09402],
			"rotation": {"angle": 22.5, "axis": "x", "origin": [9, 11, 8]},
			"faces": {
				"north": {"uv": [8, 8, 9.5, 16], "texture": "#1"},
				"east": {"uv": [8, 8, 9.5, 16], "texture": "#1"},
				"south": {"uv": [8, 8, 9.5, 16], "texture": "#1"},
				"west": {"uv": [8, 8, 9.5, 16], "texture": "#1"},
				"up": {"uv": [8, 8, 9.5, 16], "texture": "#1"},
				"down": {"uv": [8, 8, 9.5, 16], "texture": "#1"}
			}
		},
		{
			"name": "hexadecagon",
			"from": [16.5, 15.5, 6.90598],
			"to": [17.5, 16.5, 9.09402],
			"rotation": {"angle": -22.5, "axis": "x", "origin": [9, 11, 8]},
			"faces": {
				"north": {"uv": [8, 8, 9.5, 16], "texture": "#1"},
				"east": {"uv": [8, 8, 9.5, 16], "texture": "#1"},
				"south": {"uv": [8, 8, 9.5, 16], "texture": "#1"},
				"west": {"uv": [8, 8, 9.5, 16], "texture": "#1"},
				"up": {"uv": [8, 8, 9.5, 16], "texture": "#1"},
				"down": {"uv": [8, 8, 9.5, 16], "texture": "#1"}
			}
		},
		{
			"name": "hexadecagon",
			"from": [16.25, 15.25, 6.90598],
			"to": [17.75, 17.5, 9.09402],
			"faces": {
				"north": {"uv": [0, 0, 8, 8], "texture": "#1"},
				"east": {"uv": [0, 0, 8, 8], "texture": "#1"},
				"south": {"uv": [0, 0, 8, 8], "texture": "#1"},
				"west": {"uv": [0, 0, 8, 8], "texture": "#1"},
				"up": {"uv": [0, 0, 8, 8], "texture": "#1"},
				"down": {"uv": [0, 0, 8, 8], "texture": "#1"}
			}
		},
		{
			"name": "hexadecagon",
			"from": [16.5, 15.5, 6.90598],
			"to": [17.5, 16.5, 9.09402],
			"rotation": {"angle": 22.5, "axis": "x", "origin": [9, 11, 8]},
			"faces": {
				"north": {"uv": [8, 8, 9.5, 16], "texture": "#1"},
				"east": {"uv": [8, 8, 9.5, 16], "texture": "#1"},
				"south": {"uv": [8, 8, 9.5, 16], "texture": "#1"},
				"west": {"uv": [8, 8, 9.5, 16], "texture": "#1"},
				"up": {"uv": [8, 8, 9.5, 16], "texture": "#1"},
				"down": {"uv": [8, 8, 9.5, 16], "texture": "#1"}
			}
		},
		{
			"name": "hexadecagon",
			"from": [16, 10.40598, 12.75],
			"to": [18, 11.59402, 14],
			"rotation": {"angle": 45, "axis": "x", "origin": [9, 11, 8]},
			"faces": {
				"north": {"uv": [0, 0, 8, 8], "texture": "#2"},
				"east": {"uv": [0, 0, 8, 8], "texture": "#2"},
				"south": {"uv": [0, 0, 8, 8], "texture": "#2"},
				"west": {"uv": [0, 0, 8, 8], "texture": "#2"},
				"up": {"uv": [0, 0, 8, 8], "texture": "#2"},
				"down": {"uv": [0, 0, 8, 8], "texture": "#2"}
			}
		},
		{
			"name": "hexadecagon",
			"from": [16, 5, 7.40598],
			"to": [18, 6.25, 8.59402],
			"faces": {
				"north": {"uv": [0, 0, 8, 8], "texture": "#2"},
				"east": {"uv": [0, 0, 8, 8], "texture": "#2"},
				"south": {"uv": [0, 0, 8, 8], "texture": "#2"},
				"west": {"uv": [0, 0, 8, 8], "texture": "#2"},
				"up": {"uv": [0, 0, 8, 8], "texture": "#2"},
				"down": {"uv": [0, 0, 8, 8], "texture": "#2"}
			}
		},
		{
			"name": "hexadecagon",
			"from": [16, 10.40598, 2],
			"to": [18, 11.59402, 3.25],
			"rotation": {"angle": -45, "axis": "x", "origin": [9, 11, 8]},
			"faces": {
				"north": {"uv": [0, 0, 8, 8], "texture": "#2"},
				"east": {"uv": [0, 0, 8, 8], "texture": "#2"},
				"south": {"uv": [0, 0, 8, 8], "texture": "#2"},
				"west": {"uv": [0, 0, 8, 8], "texture": "#2"},
				"up": {"uv": [0, 0, 8, 8], "texture": "#2"},
				"down": {"uv": [0, 0, 8, 8], "texture": "#2"}
			}
		},
		{
			"name": "hexadecagon",
			"from": [16, 10.40598, 2],
			"to": [18, 11.59402, 3.25],
			"rotation": {"angle": 45, "axis": "x", "origin": [9, 11, 8]},
			"faces": {
				"north": {"uv": [0, 0, 8, 8], "texture": "#2"},
				"east": {"uv": [0, 0, 8, 8], "texture": "#2"},
				"south": {"uv": [0, 0, 8, 8], "texture": "#2"},
				"west": {"uv": [0, 0, 8, 8], "texture": "#2"},
				"up": {"uv": [0, 0, 8, 8], "texture": "#2"},
				"down": {"uv": [0, 0, 8, 8], "texture": "#2"}
			}
		},
		{
			"name": "hexadecagon",
			"from": [16, 15.75, 7.40598],
			"to": [18, 17, 8.59402],
			"faces": {
				"north": {"uv": [0, 0, 8, 8], "texture": "#2"},
				"east": {"uv": [0, 0, 8, 8], "texture": "#2"},
				"south": {"uv": [0, 0, 8, 8], "texture": "#2"},
				"west": {"uv": [0, 0, 8, 8], "texture": "#2"},
				"up": {"uv": [0, 0, 8, 8], "texture": "#2"},
				"down": {"uv": [0, 0, 8, 8], "texture": "#2"}
			}
		},
		{
			"name": "hexadecagon",
			"from": [16, 10.40598, 12.75],
			"to": [18, 11.59402, 14],
			"rotation": {"angle": -45, "axis": "x", "origin": [9, 11, 8]},
			"faces": {
				"north": {"uv": [0, 0, 8, 8], "texture": "#2"},
				"east": {"uv": [0, 0, 8, 8], "texture": "#2"},
				"south": {"uv": [0, 0, 8, 8], "texture": "#2"},
				"west": {"uv": [0, 0, 8, 8], "texture": "#2"},
				"up": {"uv": [0, 0, 8, 8], "texture": "#2"},
				"down": {"uv": [0, 0, 8, 8], "texture": "#2"}
			}
		},
		{
			"name": "hexadecagon",
			"from": [16, 10.40598, 12.75],
			"to": [18, 11.59402, 14],
			"faces": {
				"north": {"uv": [0, 0, 8, 8], "texture": "#2"},
				"east": {"uv": [0, 0, 8, 8], "texture": "#2"},
				"south": {"uv": [0, 0, 8, 8], "texture": "#2"},
				"west": {"uv": [0, 0, 8, 8], "texture": "#2"},
				"up": {"uv": [0, 0, 8, 8], "texture": "#2"},
				"down": {"uv": [0, 0, 8, 8], "texture": "#2"}
			}
		},
		{
			"name": "hexadecagon",
			"from": [16, 10.40598, 2],
			"to": [18, 11.59402, 3.25],
			"faces": {
				"north": {"uv": [0, 0, 8, 8], "texture": "#2"},
				"east": {"uv": [0, 0, 8, 8], "texture": "#2"},
				"south": {"uv": [0, 0, 8, 8], "texture": "#2"},
				"west": {"uv": [0, 0, 8, 8], "texture": "#2"},
				"up": {"uv": [0, 0, 8, 8], "texture": "#2"},
				"down": {"uv": [0, 0, 8, 8], "texture": "#2"}
			}
		},
		{
			"name": "hexadecagon",
			"from": [-1.75, 9.90598, 1.5],
			"to": [-0.25, 12.09402, 3.75],
			"rotation": {"angle": -45, "axis": "x", "origin": [-1, 11, 8]},
			"faces": {
				"north": {"uv": [8, 0, 0, 8], "texture": "#1"},
				"east": {"uv": [8, 0, 0, 8], "texture": "#1"},
				"south": {"uv": [8, 0, 0, 8], "texture": "#1"},
				"west": {"uv": [8, 0, 0, 8], "texture": "#1"},
				"up": {"uv": [8, 0, 0, 8], "texture": "#1"},
				"down": {"uv": [8, 0, 0, 8], "texture": "#1"}
			}
		},
		{
			"name": "hexadecagon",
			"from": [-1.5, 9.90598, 2.5],
			"to": [-0.5, 12.09402, 3.5],
			"rotation": {"angle": -22.5, "axis": "x", "origin": [-1, 11, 8]},
			"faces": {
				"north": {"uv": [9.5, 8, 8, 16], "texture": "#1"},
				"east": {"uv": [9.5, 8, 8, 16], "texture": "#1"},
				"south": {"uv": [9.5, 8, 8, 16], "texture": "#1"},
				"west": {"uv": [9.5, 8, 8, 16], "texture": "#1"},
				"up": {"uv": [9.5, 8, 8, 16], "texture": "#1"},
				"down": {"uv": [9.5, 8, 8, 16], "texture": "#1"}
			}
		},
		{
			"name": "hexadecagon",
			"from": [-1.75, 9.90598, 1.5],
			"to": [-0.25, 12.09402, 3.75],
			"faces": {
				"north": {"uv": [8, 0, 0, 8], "texture": "#1"},
				"east": {"uv": [8, 0, 0, 8], "texture": "#1"},
				"south": {"uv": [8, 0, 0, 8], "texture": "#1"},
				"west": {"uv": [8, 0, 0, 8], "texture": "#1"},
				"up": {"uv": [8, 0, 0, 8], "texture": "#1"},
				"down": {"uv": [8, 0, 0, 8], "texture": "#1"}
			}
		},
		{
			"name": "hexadecagon",
			"from": [-1.5, 9.90598, 2.5],
			"to": [-0.5, 12.09402, 3.5],
			"rotation": {"angle": 22.5, "axis": "x", "origin": [-1, 11, 8]},
			"faces": {
				"north": {"uv": [9.5, 8, 8, 16], "texture": "#1"},
				"east": {"uv": [9.5, 8, 8, 16], "texture": "#1"},
				"south": {"uv": [9.5, 8, 8, 16], "texture": "#1"},
				"west": {"uv": [9.5, 8, 8, 16], "texture": "#1"},
				"up": {"uv": [9.5, 8, 8, 16], "texture": "#1"},
				"down": {"uv": [9.5, 8, 8, 16], "texture": "#1"}
			}
		},
		{
			"name": "hexadecagon",
			"from": [-1.75, 9.90598, 1.5],
			"to": [-0.25, 12.09402, 3.75],
			"rotation": {"angle": 45, "axis": "x", "origin": [-1, 11, 8]},
			"faces": {
				"north": {"uv": [8, 0, 0, 8], "texture": "#1"},
				"east": {"uv": [8, 0, 0, 8], "texture": "#1"},
				"south": {"uv": [8, 0, 0, 8], "texture": "#1"},
				"west": {"uv": [8, 0, 0, 8], "texture": "#1"},
				"up": {"uv": [8, 0, 0, 8], "texture": "#1"},
				"down": {"uv": [8, 0, 0, 8], "texture": "#1"}
			}
		},
		{
			"name": "hexadecagon",
			"from": [-1.75, 9.90598, 12.25],
			"to": [-0.25, 12.09402, 14.5],
			"rotation": {"angle": -45, "axis": "x", "origin": [-1, 11, 8]},
			"faces": {
				"north": {"uv": [8, 0, 0, 8], "texture": "#1"},
				"east": {"uv": [8, 0, 0, 8], "texture": "#1"},
				"south": {"uv": [8, 0, 0, 8], "texture": "#1"},
				"west": {"uv": [8, 0, 0, 8], "texture": "#1"},
				"up": {"uv": [8, 0, 0, 8], "texture": "#1"},
				"down": {"uv": [8, 0, 0, 8], "texture": "#1"}
			}
		},
		{
			"name": "hexadecagon",
			"from": [-1.5, 9.90598, 12.5],
			"to": [-0.5, 12.09402, 13.5],
			"rotation": {"angle": -22.5, "axis": "x", "origin": [-1, 11, 8]},
			"faces": {
				"north": {"uv": [9.5, 8, 8, 16], "texture": "#1"},
				"east": {"uv": [9.5, 8, 8, 16], "texture": "#1"},
				"south": {"uv": [9.5, 8, 8, 16], "texture": "#1"},
				"west": {"uv": [9.5, 8, 8, 16], "texture": "#1"},
				"up": {"uv": [9.5, 8, 8, 16], "texture": "#1"},
				"down": {"uv": [9.5, 8, 8, 16], "texture": "#1"}
			}
		},
		{
			"name": "hexadecagon",
			"from": [-1.75, 9.90598, 12.25],
			"to": [-0.25, 12.09402, 14.5],
			"faces": {
				"north": {"uv": [8, 0, 0, 8], "texture": "#1"},
				"east": {"uv": [8, 0, 0, 8], "texture": "#1"},
				"south": {"uv": [8, 0, 0, 8], "texture": "#1"},
				"west": {"uv": [8, 0, 0, 8], "texture": "#1"},
				"up": {"uv": [8, 0, 0, 8], "texture": "#1"},
				"down": {"uv": [8, 0, 0, 8], "texture": "#1"}
			}
		},
		{
			"name": "hexadecagon",
			"from": [-1.5, 9.90598, 12.5],
			"to": [-0.5, 12.09402, 13.5],
			"rotation": {"angle": 22.5, "axis": "x", "origin": [-1, 11, 8]},
			"faces": {
				"north": {"uv": [9.5, 8, 8, 16], "texture": "#1"},
				"east": {"uv": [9.5, 8, 8, 16], "texture": "#1"},
				"south": {"uv": [9.5, 8, 8, 16], "texture": "#1"},
				"west": {"uv": [9.5, 8, 8, 16], "texture": "#1"},
				"up": {"uv": [9.5, 8, 8, 16], "texture": "#1"},
				"down": {"uv": [9.5, 8, 8, 16], "texture": "#1"}
			}
		},
		{
			"name": "hexadecagon",
			"from": [-1.75, 9.90598, 12.25],
			"to": [-0.25, 12.09402, 14.5],
			"rotation": {"angle": 45, "axis": "x", "origin": [-1, 11, 8]},
			"faces": {
				"north": {"uv": [8, 0, 0, 8], "texture": "#1"},
				"east": {"uv": [8, 0, 0, 8], "texture": "#1"},
				"south": {"uv": [8, 0, 0, 8], "texture": "#1"},
				"west": {"uv": [8, 0, 0, 8], "texture": "#1"},
				"up": {"uv": [8, 0, 0, 8], "texture": "#1"},
				"down": {"uv": [8, 0, 0, 8], "texture": "#1"}
			}
		},
		{
			"name": "hexadecagon",
			"from": [-1.5, 5.5, 6.90598],
			"to": [-0.5, 6.5, 9.09402],
			"rotation": {"angle": -22.5, "axis": "x", "origin": [-1, 11, 8]},
			"faces": {
				"north": {"uv": [9.5, 8, 8, 16], "texture": "#1"},
				"east": {"uv": [9.5, 8, 8, 16], "texture": "#1"},
				"south": {"uv": [9.5, 8, 8, 16], "texture": "#1"},
				"west": {"uv": [9.5, 8, 8, 16], "texture": "#1"},
				"up": {"uv": [9.5, 8, 8, 16], "texture": "#1"},
				"down": {"uv": [9.5, 8, 8, 16], "texture": "#1"}
			}
		},
		{
			"name": "hexadecagon",
			"from": [-1.75, 4.5, 6.90598],
			"to": [-0.25, 6.75, 9.09402],
			"faces": {
				"north": {"uv": [8, 0, 0, 8], "texture": "#1"},
				"east": {"uv": [8, 0, 0, 8], "texture": "#1"},
				"south": {"uv": [8, 0, 0, 8], "texture": "#1"},
				"west": {"uv": [8, 0, 0, 8], "texture": "#1"},
				"up": {"uv": [8, 0, 0, 8], "texture": "#1"},
				"down": {"uv": [8, 0, 0, 8], "texture": "#1"}
			}
		},
		{
			"name": "hexadecagon",
			"from": [-1.5, 5.5, 6.90598],
			"to": [-0.5, 6.5, 9.09402],
			"rotation": {"angle": 22.5, "axis": "x", "origin": [-1, 11, 8]},
			"faces": {
				"north": {"uv": [9.5, 8, 8, 16], "texture": "#1"},
				"east": {"uv": [9.5, 8, 8, 16], "texture": "#1"},
				"south": {"uv": [9.5, 8, 8, 16], "texture": "#1"},
				"west": {"uv": [9.5, 8, 8, 16], "texture": "#1"},
				"up": {"uv": [9.5, 8, 8, 16], "texture": "#1"},
				"down": {"uv": [9.5, 8, 8, 16], "texture": "#1"}
			}
		},
		{
			"name": "hexadecagon",
			"from": [-1.5, 15.5, 6.90598],
			"to": [-0.5, 16.5, 9.09402],
			"rotation": {"angle": -22.5, "axis": "x", "origin": [-1, 11, 8]},
			"faces": {
				"north": {"uv": [9.5, 8, 8, 16], "texture": "#1"},
				"east": {"uv": [9.5, 8, 8, 16], "texture": "#1"},
				"south": {"uv": [9.5, 8, 8, 16], "texture": "#1"},
				"west": {"uv": [9.5, 8, 8, 16], "texture": "#1"},
				"up": {"uv": [9.5, 8, 8, 16], "texture": "#1"},
				"down": {"uv": [9.5, 8, 8, 16], "texture": "#1"}
			}
		},
		{
			"name": "hexadecagon",
			"from": [-1.75, 15.25, 6.90598],
			"to": [-0.25, 17.5, 9.09402],
			"faces": {
				"north": {"uv": [8, 0, 0, 8], "texture": "#1"},
				"east": {"uv": [8, 0, 0, 8], "texture": "#1"},
				"south": {"uv": [8, 0, 0, 8], "texture": "#1"},
				"west": {"uv": [8, 0, 0, 8], "texture": "#1"},
				"up": {"uv": [8, 0, 0, 8], "texture": "#1"},
				"down": {"uv": [8, 0, 0, 8], "texture": "#1"}
			}
		},
		{
			"name": "hexadecagon",
			"from": [-1.5, 15.5, 6.90598],
			"to": [-0.5, 16.5, 9.09402],
			"rotation": {"angle": 22.5, "axis": "x", "origin": [-1, 11, 8]},
			"faces": {
				"north": {"uv": [9.5, 8, 8, 16], "texture": "#1"},
				"east": {"uv": [9.5, 8, 8, 16], "texture": "#1"},
				"south": {"uv": [9.5, 8, 8, 16], "texture": "#1"},
				"west": {"uv": [9.5, 8, 8, 16], "texture": "#1"},
				"up": {"uv": [9.5, 8, 8, 16], "texture": "#1"},
				"down": {"uv": [9.5, 8, 8, 16], "texture": "#1"}
			}
		},
		{
			"name": "hexadecagon",
			"from": [-2, 10.40598, 12.75],
			"to": [0, 11.59402, 14],
			"rotation": {"angle": 45, "axis": "x", "origin": [-1, 11, 8]},
			"faces": {
				"north": {"uv": [8, 0, 0, 8], "texture": "#2"},
				"east": {"uv": [8, 0, 0, 8], "texture": "#2"},
				"south": {"uv": [8, 0, 0, 8], "texture": "#2"},
				"west": {"uv": [8, 0, 0, 8], "texture": "#2"},
				"up": {"uv": [8, 0, 0, 8], "texture": "#2"},
				"down": {"uv": [8, 0, 0, 8], "texture": "#2"}
			}
		},
		{
			"name": "hexadecagon",
			"from": [-2, 5, 7.40598],
			"to": [0, 6.25, 8.59402],
			"faces": {
				"north": {"uv": [8, 0, 0, 8], "texture": "#2"},
				"east": {"uv": [8, 0, 0, 8], "texture": "#2"},
				"south": {"uv": [8, 0, 0, 8], "texture": "#2"},
				"west": {"uv": [8, 0, 0, 8], "texture": "#2"},
				"up": {"uv": [8, 0, 0, 8], "texture": "#2"},
				"down": {"uv": [8, 0, 0, 8], "texture": "#2"}
			}
		},
		{
			"name": "hexadecagon",
			"from": [-2, 10.40598, 2],
			"to": [0, 11.59402, 3.25],
			"rotation": {"angle": -45, "axis": "x", "origin": [-1, 11, 8]},
			"faces": {
				"north": {"uv": [8, 0, 0, 8], "texture": "#2"},
				"east": {"uv": [8, 0, 0, 8], "texture": "#2"},
				"south": {"uv": [8, 0, 0, 8], "texture": "#2"},
				"west": {"uv": [8, 0, 0, 8], "texture": "#2"},
				"up": {"uv": [8, 0, 0, 8], "texture": "#2"},
				"down": {"uv": [8, 0, 0, 8], "texture": "#2"}
			}
		},
		{
			"name": "hexadecagon",
			"from": [-2, 10.40598, 2],
			"to": [0, 11.59402, 3.25],
			"rotation": {"angle": 45, "axis": "x", "origin": [-1, 11, 8]},
			"faces": {
				"north": {"uv": [8, 0, 0, 8], "texture": "#2"},
				"east": {"uv": [8, 0, 0, 8], "texture": "#2"},
				"south": {"uv": [8, 0, 0, 8], "texture": "#2"},
				"west": {"uv": [8, 0, 0, 8], "texture": "#2"},
				"up": {"uv": [8, 0, 0, 8], "texture": "#2"},
				"down": {"uv": [8, 0, 0, 8], "texture": "#2"}
			}
		},
		{
			"name": "hexadecagon",
			"from": [-2, 15.75, 7.40598],
			"to": [0, 17, 8.59402],
			"faces": {
				"north": {"uv": [8, 0, 0, 8], "texture": "#2"},
				"east": {"uv": [8, 0, 0, 8], "texture": "#2"},
				"south": {"uv": [8, 0, 0, 8], "texture": "#2"},
				"west": {"uv": [8, 0, 0, 8], "texture": "#2"},
				"up": {"uv": [8, 0, 0, 8], "texture": "#2"},
				"down": {"uv": [8, 0, 0, 8], "texture": "#2"}
			}
		},
		{
			"name": "hexadecagon",
			"from": [-2, 10.40598, 12.75],
			"to": [0, 11.59402, 14],
			"rotation": {"angle": -45, "axis": "x", "origin": [-1, 11, 8]},
			"faces": {
				"north": {"uv": [8, 0, 0, 8], "texture": "#2"},
				"east": {"uv": [8, 0, 0, 8], "texture": "#2"},
				"south": {"uv": [8, 0, 0, 8], "texture": "#2"},
				"west": {"uv": [8, 0, 0, 8], "texture": "#2"},
				"up": {"uv": [8, 0, 0, 8], "texture": "#2"},
				"down": {"uv": [8, 0, 0, 8], "texture": "#2"}
			}
		},
		{
			"name": "hexadecagon",
			"from": [-2, 10.40598, 12.75],
			"to": [0, 11.59402, 14],
			"faces": {
				"north": {"uv": [8, 0, 0, 8], "texture": "#2"},
				"east": {"uv": [8, 0, 0, 8], "texture": "#2"},
				"south": {"uv": [8, 0, 0, 8], "texture": "#2"},
				"west": {"uv": [8, 0, 0, 8], "texture": "#2"},
				"up": {"uv": [8, 0, 0, 8], "texture": "#2"},
				"down": {"uv": [8, 0, 0, 8], "texture": "#2"}
			}
		},
		{
			"name": "hexadecagon",
			"from": [-2, 10.40598, 2],
			"to": [0, 11.59402, 3.25],
			"faces": {
				"north": {"uv": [8, 0, 0, 8], "texture": "#2"},
				"east": {"uv": [8, 0, 0, 8], "texture": "#2"},
				"south": {"uv": [8, 0, 0, 8], "texture": "#2"},
				"west": {"uv": [8, 0, 0, 8], "texture": "#2"},
				"up": {"uv": [8, 0, 0, 8], "texture": "#2"},
				"down": {"uv": [8, 0, 0, 8], "texture": "#2"}
			}
		},
		{
			"name": "hexadecagon",
			"from": [12.25, 9.90598, -1.75],
			"to": [14.5, 12.09402, -0.25],
			"rotation": {"angle": -45, "axis": "z", "origin": [8, 11, -1]},
			"faces": {
				"north": {"uv": [8, 0, 0, 8], "texture": "#1"},
				"east": {"uv": [8, 0, 0, 8], "texture": "#1"},
				"south": {"uv": [8, 0, 0, 8], "texture": "#1"},
				"west": {"uv": [8, 0, 0, 8], "texture": "#1"},
				"up": {"uv": [8, 0, 0, 8], "rotation": 90, "texture": "#1"},
				"down": {"uv": [8, 0, 0, 8], "rotation": 270, "texture": "#1"}
			}
		},
		{
			"name": "hexadecagon",
			"from": [12.5, 9.90598, -1.5],
			"to": [13.5, 12.09402, -0.5],
			"rotation": {"angle": -22.5, "axis": "z", "origin": [8, 11, -1]},
			"faces": {
				"north": {"uv": [9.5, 8, 8, 16], "texture": "#1"},
				"east": {"uv": [9.5, 8, 8, 16], "texture": "#1"},
				"south": {"uv": [9.5, 8, 8, 16], "texture": "#1"},
				"west": {"uv": [9.5, 8, 8, 16], "texture": "#1"},
				"up": {"uv": [9.5, 8, 8, 16], "rotation": 90, "texture": "#1"},
				"down": {"uv": [9.5, 8, 8, 16], "rotation": 270, "texture": "#1"}
			}
		},
		{
			"name": "hexadecagon",
			"from": [12.25, 9.90598, -1.75],
			"to": [14.5, 12.09402, -0.25],
			"faces": {
				"north": {"uv": [8, 0, 0, 8], "texture": "#1"},
				"east": {"uv": [8, 0, 0, 8], "texture": "#1"},
				"south": {"uv": [8, 0, 0, 8], "texture": "#1"},
				"west": {"uv": [8, 0, 0, 8], "texture": "#1"},
				"up": {"uv": [8, 0, 0, 8], "rotation": 90, "texture": "#1"},
				"down": {"uv": [8, 0, 0, 8], "rotation": 270, "texture": "#1"}
			}
		},
		{
			"name": "hexadecagon",
			"from": [12.5, 9.90598, -1.5],
			"to": [13.5, 12.09402, -0.5],
			"rotation": {"angle": 22.5, "axis": "z", "origin": [8, 11, -1]},
			"faces": {
				"north": {"uv": [9.5, 8, 8, 16], "texture": "#1"},
				"east": {"uv": [9.5, 8, 8, 16], "texture": "#1"},
				"south": {"uv": [9.5, 8, 8, 16], "texture": "#1"},
				"west": {"uv": [9.5, 8, 8, 16], "texture": "#1"},
				"up": {"uv": [9.5, 8, 8, 16], "rotation": 90, "texture": "#1"},
				"down": {"uv": [9.5, 8, 8, 16], "rotation": 270, "texture": "#1"}
			}
		},
		{
			"name": "hexadecagon",
			"from": [12.25, 9.90598, -1.75],
			"to": [14.5, 12.09402, -0.25],
			"rotation": {"angle": 45, "axis": "z", "origin": [8, 11, -1]},
			"faces": {
				"north": {"uv": [8, 0, 0, 8], "texture": "#1"},
				"east": {"uv": [8, 0, 0, 8], "texture": "#1"},
				"south": {"uv": [8, 0, 0, 8], "texture": "#1"},
				"west": {"uv": [8, 0, 0, 8], "texture": "#1"},
				"up": {"uv": [8, 0, 0, 8], "rotation": 90, "texture": "#1"},
				"down": {"uv": [8, 0, 0, 8], "rotation": 270, "texture": "#1"}
			}
		},
		{
			"name": "hexadecagon",
			"from": [1.5, 9.90598, -1.75],
			"to": [3.75, 12.09402, -0.25],
			"rotation": {"angle": -45, "axis": "z", "origin": [8, 11, -1]},
			"faces": {
				"north": {"uv": [8, 0, 0, 8], "texture": "#1"},
				"east": {"uv": [8, 0, 0, 8], "texture": "#1"},
				"south": {"uv": [8, 0, 0, 8], "texture": "#1"},
				"west": {"uv": [8, 0, 0, 8], "texture": "#1"},
				"up": {"uv": [8, 0, 0, 8], "rotation": 90, "texture": "#1"},
				"down": {"uv": [8, 0, 0, 8], "rotation": 270, "texture": "#1"}
			}
		},
		{
			"name": "hexadecagon",
			"from": [2.5, 9.90598, -1.5],
			"to": [3.5, 12.09402, -0.5],
			"rotation": {"angle": -22.5, "axis": "z", "origin": [8, 11, -1]},
			"faces": {
				"north": {"uv": [9.5, 8, 8, 16], "texture": "#1"},
				"east": {"uv": [9.5, 8, 8, 16], "texture": "#1"},
				"south": {"uv": [9.5, 8, 8, 16], "texture": "#1"},
				"west": {"uv": [9.5, 8, 8, 16], "texture": "#1"},
				"up": {"uv": [9.5, 8, 8, 16], "rotation": 90, "texture": "#1"},
				"down": {"uv": [9.5, 8, 8, 16], "rotation": 270, "texture": "#1"}
			}
		},
		{
			"name": "hexadecagon",
			"from": [1.5, 9.90598, -1.75],
			"to": [3.75, 12.09402, -0.25],
			"faces": {
				"north": {"uv": [8, 0, 0, 8], "texture": "#1"},
				"east": {"uv": [8, 0, 0, 8], "texture": "#1"},
				"south": {"uv": [8, 0, 0, 8], "texture": "#1"},
				"west": {"uv": [8, 0, 0, 8], "texture": "#1"},
				"up": {"uv": [8, 0, 0, 8], "rotation": 90, "texture": "#1"},
				"down": {"uv": [8, 0, 0, 8], "rotation": 270, "texture": "#1"}
			}
		},
		{
			"name": "hexadecagon",
			"from": [2.5, 9.90598, -1.5],
			"to": [3.5, 12.09402, -0.5],
			"rotation": {"angle": 22.5, "axis": "z", "origin": [8, 11, -1]},
			"faces": {
				"north": {"uv": [9.5, 8, 8, 16], "texture": "#1"},
				"east": {"uv": [9.5, 8, 8, 16], "texture": "#1"},
				"south": {"uv": [9.5, 8, 8, 16], "texture": "#1"},
				"west": {"uv": [9.5, 8, 8, 16], "texture": "#1"},
				"up": {"uv": [9.5, 8, 8, 16], "rotation": 90, "texture": "#1"},
				"down": {"uv": [9.5, 8, 8, 16], "rotation": 270, "texture": "#1"}
			}
		},
		{
			"name": "hexadecagon",
			"from": [1.5, 9.90598, -1.75],
			"to": [3.75, 12.09402, -0.25],
			"rotation": {"angle": 45, "axis": "z", "origin": [8, 11, -1]},
			"faces": {
				"north": {"uv": [8, 0, 0, 8], "texture": "#1"},
				"east": {"uv": [8, 0, 0, 8], "texture": "#1"},
				"south": {"uv": [8, 0, 0, 8], "texture": "#1"},
				"west": {"uv": [8, 0, 0, 8], "texture": "#1"},
				"up": {"uv": [8, 0, 0, 8], "rotation": 90, "texture": "#1"},
				"down": {"uv": [8, 0, 0, 8], "rotation": 270, "texture": "#1"}
			}
		},
		{
			"name": "hexadecagon",
			"from": [6.90598, 5.5, -1.5],
			"to": [9.09402, 6.5, -0.5],
			"rotation": {"angle": -22.5, "axis": "z", "origin": [8, 11, -1]},
			"faces": {
				"north": {"uv": [9.5, 8, 8, 16], "texture": "#1"},
				"east": {"uv": [9.5, 8, 8, 16], "texture": "#1"},
				"south": {"uv": [9.5, 8, 8, 16], "texture": "#1"},
				"west": {"uv": [9.5, 8, 8, 16], "texture": "#1"},
				"up": {"uv": [9.5, 8, 8, 16], "rotation": 90, "texture": "#1"},
				"down": {"uv": [9.5, 8, 8, 16], "rotation": 270, "texture": "#1"}
			}
		},
		{
			"name": "hexadecagon",
			"from": [6.90598, 4.5, -1.75],
			"to": [9.09402, 6.75, -0.25],
			"faces": {
				"north": {"uv": [8, 0, 0, 8], "texture": "#1"},
				"east": {"uv": [8, 0, 0, 8], "texture": "#1"},
				"south": {"uv": [8, 0, 0, 8], "texture": "#1"},
				"west": {"uv": [8, 0, 0, 8], "texture": "#1"},
				"up": {"uv": [8, 0, 0, 8], "rotation": 90, "texture": "#1"},
				"down": {"uv": [8, 0, 0, 8], "rotation": 270, "texture": "#1"}
			}
		},
		{
			"name": "hexadecagon",
			"from": [6.90598, 5.5, -1.5],
			"to": [9.09402, 6.5, -0.5],
			"rotation": {"angle": 22.5, "axis": "z", "origin": [8, 11, -1]},
			"faces": {
				"north": {"uv": [9.5, 8, 8, 16], "texture": "#1"},
				"east": {"uv": [9.5, 8, 8, 16], "texture": "#1"},
				"south": {"uv": [9.5, 8, 8, 16], "texture": "#1"},
				"west": {"uv": [9.5, 8, 8, 16], "texture": "#1"},
				"up": {"uv": [9.5, 8, 8, 16], "rotation": 90, "texture": "#1"},
				"down": {"uv": [9.5, 8, 8, 16], "rotation": 270, "texture": "#1"}
			}
		},
		{
			"name": "hexadecagon",
			"from": [6.90598, 15.5, -1.5],
			"to": [9.09402, 16.5, -0.5],
			"rotation": {"angle": -22.5, "axis": "z", "origin": [8, 11, -1]},
			"faces": {
				"north": {"uv": [9.5, 8, 8, 16], "texture": "#1"},
				"east": {"uv": [9.5, 8, 8, 16], "texture": "#1"},
				"south": {"uv": [9.5, 8, 8, 16], "texture": "#1"},
				"west": {"uv": [9.5, 8, 8, 16], "texture": "#1"},
				"up": {"uv": [9.5, 8, 8, 16], "rotation": 90, "texture": "#1"},
				"down": {"uv": [9.5, 8, 8, 16], "rotation": 270, "texture": "#1"}
			}
		},
		{
			"name": "hexadecagon",
			"from": [6.90598, 15.25, -1.75],
			"to": [9.09402, 17.5, -0.25],
			"faces": {
				"north": {"uv": [8, 0, 0, 8], "texture": "#1"},
				"east": {"uv": [8, 0, 0, 8], "texture": "#1"},
				"south": {"uv": [8, 0, 0, 8], "texture": "#1"},
				"west": {"uv": [8, 0, 0, 8], "texture": "#1"},
				"up": {"uv": [8, 0, 0, 8], "rotation": 90, "texture": "#1"},
				"down": {"uv": [8, 0, 0, 8], "rotation": 270, "texture": "#1"}
			}
		},
		{
			"name": "hexadecagon",
			"from": [6.90598, 15.5, -1.5],
			"to": [9.09402, 16.5, -0.5],
			"rotation": {"angle": 22.5, "axis": "z", "origin": [8, 11, -1]},
			"faces": {
				"north": {"uv": [9.5, 8, 8, 16], "texture": "#1"},
				"east": {"uv": [9.5, 8, 8, 16], "texture": "#1"},
				"south": {"uv": [9.5, 8, 8, 16], "texture": "#1"},
				"west": {"uv": [9.5, 8, 8, 16], "texture": "#1"},
				"up": {"uv": [9.5, 8, 8, 16], "rotation": 90, "texture": "#1"},
				"down": {"uv": [9.5, 8, 8, 16], "rotation": 270, "texture": "#1"}
			}
		},
		{
			"name": "hexadecagon",
			"from": [2, 10.40598, -2],
			"to": [3.25, 11.59402, 0],
			"rotation": {"angle": 45, "axis": "z", "origin": [8, 11, -1]},
			"faces": {
				"north": {"uv": [8, 0, 0, 8], "texture": "#2"},
				"east": {"uv": [8, 0, 0, 8], "texture": "#2"},
				"south": {"uv": [8, 0, 0, 8], "texture": "#2"},
				"west": {"uv": [8, 0, 0, 8], "texture": "#2"},
				"up": {"uv": [8, 0, 0, 8], "rotation": 90, "texture": "#2"},
				"down": {"uv": [8, 0, 0, 8], "rotation": 270, "texture": "#2"}
			}
		},
		{
			"name": "hexadecagon",
			"from": [7.40598, 5, -2],
			"to": [8.59402, 6.25, 0],
			"faces": {
				"north": {"uv": [8, 0, 0, 8], "texture": "#2"},
				"east": {"uv": [8, 0, 0, 8], "texture": "#2"},
				"south": {"uv": [8, 0, 0, 8], "texture": "#2"},
				"west": {"uv": [8, 0, 0, 8], "texture": "#2"},
				"up": {"uv": [8, 0, 0, 8], "rotation": 90, "texture": "#2"},
				"down": {"uv": [8, 0, 0, 8], "rotation": 270, "texture": "#2"}
			}
		},
		{
			"name": "hexadecagon",
			"from": [12.75, 10.40598, -2],
			"to": [14, 11.59402, 0],
			"rotation": {"angle": -45, "axis": "z", "origin": [8, 11, -1]},
			"faces": {
				"north": {"uv": [8, 0, 0, 8], "texture": "#2"},
				"east": {"uv": [8, 0, 0, 8], "texture": "#2"},
				"south": {"uv": [8, 0, 0, 8], "texture": "#2"},
				"west": {"uv": [8, 0, 0, 8], "texture": "#2"},
				"up": {"uv": [8, 0, 0, 8], "rotation": 90, "texture": "#2"},
				"down": {"uv": [8, 0, 0, 8], "rotation": 270, "texture": "#2"}
			}
		},
		{
			"name": "hexadecagon",
			"from": [12.75, 10.40598, -2],
			"to": [14, 11.59402, 0],
			"rotation": {"angle": 45, "axis": "z", "origin": [8, 11, -1]},
			"faces": {
				"north": {"uv": [8, 0, 0, 8], "texture": "#2"},
				"east": {"uv": [8, 0, 0, 8], "texture": "#2"},
				"south": {"uv": [8, 0, 0, 8], "texture": "#2"},
				"west": {"uv": [8, 0, 0, 8], "texture": "#2"},
				"up": {"uv": [8, 0, 0, 8], "rotation": 90, "texture": "#2"},
				"down": {"uv": [8, 0, 0, 8], "rotation": 270, "texture": "#2"}
			}
		},
		{
			"name": "hexadecagon",
			"from": [7.40598, 15.75, -2],
			"to": [8.59402, 17, 0],
			"faces": {
				"north": {"uv": [8, 0, 0, 8], "texture": "#2"},
				"east": {"uv": [8, 0, 0, 8], "texture": "#2"},
				"south": {"uv": [8, 0, 0, 8], "texture": "#2"},
				"west": {"uv": [8, 0, 0, 8], "texture": "#2"},
				"up": {"uv": [8, 0, 0, 8], "rotation": 90, "texture": "#2"},
				"down": {"uv": [8, 0, 0, 8], "rotation": 270, "texture": "#2"}
			}
		},
		{
			"name": "hexadecagon",
			"from": [2, 10.40598, -2],
			"to": [3.25, 11.59402, 0],
			"rotation": {"angle": -45, "axis": "z", "origin": [8, 11, -1]},
			"faces": {
				"north": {"uv": [8, 0, 0, 8], "texture": "#2"},
				"east": {"uv": [8, 0, 0, 8], "texture": "#2"},
				"south": {"uv": [8, 0, 0, 8], "texture": "#2"},
				"west": {"uv": [8, 0, 0, 8], "texture": "#2"},
				"up": {"uv": [8, 0, 0, 8], "rotation": 90, "texture": "#2"},
				"down": {"uv": [8, 0, 0, 8], "rotation": 270, "texture": "#2"}
			}
		},
		{
			"name": "hexadecagon",
			"from": [2, 10.40598, -2],
			"to": [3.25, 11.59402, 0],
			"faces": {
				"north": {"uv": [8, 0, 0, 8], "texture": "#2"},
				"east": {"uv": [8, 0, 0, 8], "texture": "#2"},
				"south": {"uv": [8, 0, 0, 8], "texture": "#2"},
				"west": {"uv": [8, 0, 0, 8], "texture": "#2"},
				"up": {"uv": [8, 0, 0, 8], "rotation": 90, "texture": "#2"},
				"down": {"uv": [8, 0, 0, 8], "rotation": 270, "texture": "#2"}
			}
		},
		{
			"name": "hexadecagon",
			"from": [12.75, 10.40598, -2],
			"to": [14, 11.59402, 0],
			"faces": {
				"north": {"uv": [8, 0, 0, 8], "texture": "#2"},
				"east": {"uv": [8, 0, 0, 8], "texture": "#2"},
				"south": {"uv": [8, 0, 0, 8], "texture": "#2"},
				"west": {"uv": [8, 0, 0, 8], "texture": "#2"},
				"up": {"uv": [8, 0, 0, 8], "rotation": 90, "texture": "#2"},
				"down": {"uv": [8, 0, 0, 8], "rotation": 270, "texture": "#2"}
			}
		},
		{
			"name": "hexadecagon",
			"from": [12.25, 9.90598, 16.25],
			"to": [14.5, 12.09402, 17.75],
			"rotation": {"angle": -45, "axis": "z", "origin": [8, 11, 9]},
			"faces": {
				"north": {"uv": [0, 0, 8, 8], "texture": "#1"},
				"east": {"uv": [0, 0, 8, 8], "texture": "#1"},
				"south": {"uv": [0, 0, 8, 8], "texture": "#1"},
				"west": {"uv": [0, 0, 8, 8], "texture": "#1"},
				"up": {"uv": [0, 0, 8, 8], "rotation": 90, "texture": "#1"},
				"down": {"uv": [0, 0, 8, 8], "rotation": 270, "texture": "#1"}
			}
		},
		{
			"name": "hexadecagon",
			"from": [12.5, 9.90598, 16.5],
			"to": [13.5, 12.09402, 17.5],
			"rotation": {"angle": -22.5, "axis": "z", "origin": [8, 11, 9]},
			"faces": {
				"north": {"uv": [8, 8, 9.5, 16], "texture": "#1"},
				"east": {"uv": [8, 8, 9.5, 16], "texture": "#1"},
				"south": {"uv": [8, 8, 9.5, 16], "texture": "#1"},
				"west": {"uv": [8, 8, 9.5, 16], "texture": "#1"},
				"up": {"uv": [8, 8, 9.5, 16], "rotation": 90, "texture": "#1"},
				"down": {"uv": [8, 8, 9.5, 16], "rotation": 270, "texture": "#1"}
			}
		},
		{
			"name": "hexadecagon",
			"from": [12.25, 9.90598, 16.25],
			"to": [14.5, 12.09402, 17.75],
			"faces": {
				"north": {"uv": [0, 0, 8, 8], "texture": "#1"},
				"east": {"uv": [0, 0, 8, 8], "texture": "#1"},
				"south": {"uv": [0, 0, 8, 8], "texture": "#1"},
				"west": {"uv": [0, 0, 8, 8], "texture": "#1"},
				"up": {"uv": [0, 0, 8, 8], "rotation": 90, "texture": "#1"},
				"down": {"uv": [0, 0, 8, 8], "rotation": 270, "texture": "#1"}
			}
		},
		{
			"name": "hexadecagon",
			"from": [12.5, 9.90598, 16.5],
			"to": [13.5, 12.09402, 17.5],
			"rotation": {"angle": 22.5, "axis": "z", "origin": [8, 11, 9]},
			"faces": {
				"north": {"uv": [8, 8, 9.5, 16], "texture": "#1"},
				"east": {"uv": [8, 8, 9.5, 16], "texture": "#1"},
				"south": {"uv": [8, 8, 9.5, 16], "texture": "#1"},
				"west": {"uv": [8, 8, 9.5, 16], "texture": "#1"},
				"up": {"uv": [8, 8, 9.5, 16], "rotation": 90, "texture": "#1"},
				"down": {"uv": [8, 8, 9.5, 16], "rotation": 270, "texture": "#1"}
			}
		},
		{
			"name": "hexadecagon",
			"from": [12.25, 9.90598, 16.25],
			"to": [14.5, 12.09402, 17.75],
			"rotation": {"angle": 45, "axis": "z", "origin": [8, 11, 9]},
			"faces": {
				"north": {"uv": [0, 0, 8, 8], "texture": "#1"},
				"east": {"uv": [0, 0, 8, 8], "texture": "#1"},
				"south": {"uv": [0, 0, 8, 8], "texture": "#1"},
				"west": {"uv": [0, 0, 8, 8], "texture": "#1"},
				"up": {"uv": [0, 0, 8, 8], "rotation": 90, "texture": "#1"},
				"down": {"uv": [0, 0, 8, 8], "rotation": 270, "texture": "#1"}
			}
		},
		{
			"name": "hexadecagon",
			"from": [1.5, 9.90598, 16.25],
			"to": [3.75, 12.09402, 17.75],
			"rotation": {"angle": -45, "axis": "z", "origin": [8, 11, 9]},
			"faces": {
				"north": {"uv": [0, 0, 8, 8], "texture": "#1"},
				"east": {"uv": [0, 0, 8, 8], "texture": "#1"},
				"south": {"uv": [0, 0, 8, 8], "texture": "#1"},
				"west": {"uv": [0, 0, 8, 8], "texture": "#1"},
				"up": {"uv": [0, 0, 8, 8], "rotation": 90, "texture": "#1"},
				"down": {"uv": [0, 0, 8, 8], "rotation": 270, "texture": "#1"}
			}
		},
		{
			"name": "hexadecagon",
			"from": [2.5, 9.90598, 16.5],
			"to": [3.5, 12.09402, 17.5],
			"rotation": {"angle": -22.5, "axis": "z", "origin": [8, 11, 9]},
			"faces": {
				"north": {"uv": [8, 8, 9.5, 16], "texture": "#1"},
				"east": {"uv": [8, 8, 9.5, 16], "texture": "#1"},
				"south": {"uv": [8, 8, 9.5, 16], "texture": "#1"},
				"west": {"uv": [8, 8, 9.5, 16], "texture": "#1"},
				"up": {"uv": [8, 8, 9.5, 16], "rotation": 90, "texture": "#1"},
				"down": {"uv": [8, 8, 9.5, 16], "rotation": 270, "texture": "#1"}
			}
		},
		{
			"name": "hexadecagon",
			"from": [1.5, 9.90598, 16.25],
			"to": [3.75, 12.09402, 17.75],
			"faces": {
				"north": {"uv": [0, 0, 8, 8], "texture": "#1"},
				"east": {"uv": [0, 0, 8, 8], "texture": "#1"},
				"south": {"uv": [0, 0, 8, 8], "texture": "#1"},
				"west": {"uv": [0, 0, 8, 8], "texture": "#1"},
				"up": {"uv": [0, 0, 8, 8], "rotation": 90, "texture": "#1"},
				"down": {"uv": [0, 0, 8, 8], "rotation": 270, "texture": "#1"}
			}
		},
		{
			"name": "hexadecagon",
			"from": [2.5, 9.90598, 16.5],
			"to": [3.5, 12.09402, 17.5],
			"rotation": {"angle": 22.5, "axis": "z", "origin": [8, 11, 9]},
			"faces": {
				"north": {"uv": [8, 8, 9.5, 16], "texture": "#1"},
				"east": {"uv": [8, 8, 9.5, 16], "texture": "#1"},
				"south": {"uv": [8, 8, 9.5, 16], "texture": "#1"},
				"west": {"uv": [8, 8, 9.5, 16], "texture": "#1"},
				"up": {"uv": [8, 8, 9.5, 16], "rotation": 90, "texture": "#1"},
				"down": {"uv": [8, 8, 9.5, 16], "rotation": 270, "texture": "#1"}
			}
		},
		{
			"name": "hexadecagon",
			"from": [1.5, 9.90598, 16.25],
			"to": [3.75, 12.09402, 17.75],
			"rotation": {"angle": 45, "axis": "z", "origin": [8, 11, 9]},
			"faces": {
				"north": {"uv": [0, 0, 8, 8], "texture": "#1"},
				"east": {"uv": [0, 0, 8, 8], "texture": "#1"},
				"south": {"uv": [0, 0, 8, 8], "texture": "#1"},
				"west": {"uv": [0, 0, 8, 8], "texture": "#1"},
				"up": {"uv": [0, 0, 8, 8], "rotation": 90, "texture": "#1"},
				"down": {"uv": [0, 0, 8, 8], "rotation": 270, "texture": "#1"}
			}
		},
		{
			"name": "hexadecagon",
			"from": [6.90598, 5.5, 16.5],
			"to": [9.09402, 6.5, 17.5],
			"rotation": {"angle": -22.5, "axis": "z", "origin": [8, 11, 9]},
			"faces": {
				"north": {"uv": [8, 8, 9.5, 16], "texture": "#1"},
				"east": {"uv": [8, 8, 9.5, 16], "texture": "#1"},
				"south": {"uv": [8, 8, 9.5, 16], "texture": "#1"},
				"west": {"uv": [8, 8, 9.5, 16], "texture": "#1"},
				"up": {"uv": [8, 8, 9.5, 16], "rotation": 90, "texture": "#1"},
				"down": {"uv": [8, 8, 9.5, 16], "rotation": 270, "texture": "#1"}
			}
		},
		{
			"name": "hexadecagon",
			"from": [6.90598, 4.5, 16.25],
			"to": [9.09402, 6.75, 17.75],
			"faces": {
				"north": {"uv": [0, 0, 8, 8], "texture": "#1"},
				"east": {"uv": [0, 0, 8, 8], "texture": "#1"},
				"south": {"uv": [0, 0, 8, 8], "texture": "#1"},
				"west": {"uv": [0, 0, 8, 8], "texture": "#1"},
				"up": {"uv": [0, 0, 8, 8], "rotation": 90, "texture": "#1"},
				"down": {"uv": [0, 0, 8, 8], "rotation": 270, "texture": "#1"}
			}
		},
		{
			"name": "hexadecagon",
			"from": [6.90598, 5.5, 16.5],
			"to": [9.09402, 6.5, 17.5],
			"rotation": {"angle": 22.5, "axis": "z", "origin": [8, 11, 9]},
			"faces": {
				"north": {"uv": [8, 8, 9.5, 16], "texture": "#1"},
				"east": {"uv": [8, 8, 9.5, 16], "texture": "#1"},
				"south": {"uv": [8, 8, 9.5, 16], "texture": "#1"},
				"west": {"uv": [8, 8, 9.5, 16], "texture": "#1"},
				"up": {"uv": [8, 8, 9.5, 16], "rotation": 90, "texture": "#1"},
				"down": {"uv": [8, 8, 9.5, 16], "rotation": 270, "texture": "#1"}
			}
		},
		{
			"name": "hexadecagon",
			"from": [6.90598, 15.5, 16.5],
			"to": [9.09402, 16.5, 17.5],
			"rotation": {"angle": -22.5, "axis": "z", "origin": [8, 11, 9]},
			"faces": {
				"north": {"uv": [8, 8, 9.5, 16], "texture": "#1"},
				"east": {"uv": [8, 8, 9.5, 16], "texture": "#1"},
				"south": {"uv": [8, 8, 9.5, 16], "texture": "#1"},
				"west": {"uv": [8, 8, 9.5, 16], "texture": "#1"},
				"up": {"uv": [8, 8, 9.5, 16], "rotation": 90, "texture": "#1"},
				"down": {"uv": [8, 8, 9.5, 16], "rotation": 270, "texture": "#1"}
			}
		},
		{
			"name": "hexadecagon",
			"from": [6.90598, 15.25, 16.25],
			"to": [9.09402, 17.5, 17.75],
			"faces": {
				"north": {"uv": [0, 0, 8, 8], "texture": "#1"},
				"east": {"uv": [0, 0, 8, 8], "texture": "#1"},
				"south": {"uv": [0, 0, 8, 8], "texture": "#1"},
				"west": {"uv": [0, 0, 8, 8], "texture": "#1"},
				"up": {"uv": [0, 0, 8, 8], "rotation": 90, "texture": "#1"},
				"down": {"uv": [0, 0, 8, 8], "rotation": 270, "texture": "#1"}
			}
		},
		{
			"name": "hexadecagon",
			"from": [6.90598, 15.5, 16.5],
			"to": [9.09402, 16.5, 17.5],
			"rotation": {"angle": 22.5, "axis": "z", "origin": [8, 11, 9]},
			"faces": {
				"north": {"uv": [8, 8, 9.5, 16], "texture": "#1"},
				"east": {"uv": [8, 8, 9.5, 16], "texture": "#1"},
				"south": {"uv": [8, 8, 9.5, 16], "texture": "#1"},
				"west": {"uv": [8, 8, 9.5, 16], "texture": "#1"},
				"up": {"uv": [8, 8, 9.5, 16], "rotation": 90, "texture": "#1"},
				"down": {"uv": [8, 8, 9.5, 16], "rotation": 270, "texture": "#1"}
			}
		},
		{
			"name": "hexadecagon",
			"from": [2, 10.40598, 16],
			"to": [3.25, 11.59402, 18],
			"rotation": {"angle": 45, "axis": "z", "origin": [8, 11, 9]},
			"faces": {
				"north": {"uv": [0, 0, 8, 8], "texture": "#2"},
				"east": {"uv": [0, 0, 8, 8], "texture": "#2"},
				"south": {"uv": [0, 0, 8, 8], "texture": "#2"},
				"west": {"uv": [0, 0, 8, 8], "texture": "#2"},
				"up": {"uv": [0, 0, 8, 8], "rotation": 90, "texture": "#2"},
				"down": {"uv": [0, 0, 8, 8], "rotation": 270, "texture": "#2"}
			}
		},
		{
			"name": "hexadecagon",
			"from": [7.40598, 5, 16],
			"to": [8.59402, 6.25, 18],
			"faces": {
				"north": {"uv": [0, 0, 8, 8], "texture": "#2"},
				"east": {"uv": [0, 0, 8, 8], "texture": "#2"},
				"south": {"uv": [0, 0, 8, 8], "texture": "#2"},
				"west": {"uv": [0, 0, 8, 8], "texture": "#2"},
				"up": {"uv": [0, 0, 8, 8], "rotation": 90, "texture": "#2"},
				"down": {"uv": [0, 0, 8, 8], "rotation": 270, "texture": "#2"}
			}
		},
		{
			"name": "hexadecagon",
			"from": [12.75, 10.40598, 16],
			"to": [14, 11.59402, 18],
			"rotation": {"angle": -45, "axis": "z", "origin": [8, 11, 9]},
			"faces": {
				"north": {"uv": [0, 0, 8, 8], "texture": "#2"},
				"east": {"uv": [0, 0, 8, 8], "texture": "#2"},
				"south": {"uv": [0, 0, 8, 8], "texture": "#2"},
				"west": {"uv": [0, 0, 8, 8], "texture": "#2"},
				"up": {"uv": [0, 0, 8, 8], "rotation": 90, "texture": "#2"},
				"down": {"uv": [0, 0, 8, 8], "rotation": 270, "texture": "#2"}
			}
		},
		{
			"name": "hexadecagon",
			"from": [12.75, 10.40598, 16],
			"to": [14, 11.59402, 18],
			"rotation": {"angle": 45, "axis": "z", "origin": [8, 11, 9]},
			"faces": {
				"north": {"uv": [0, 0, 8, 8], "texture": "#2"},
				"east": {"uv": [0, 0, 8, 8], "texture": "#2"},
				"south": {"uv": [0, 0, 8, 8], "texture": "#2"},
				"west": {"uv": [0, 0, 8, 8], "texture": "#2"},
				"up": {"uv": [0, 0, 8, 8], "rotation": 90, "texture": "#2"},
				"down": {"uv": [0, 0, 8, 8], "rotation": 270, "texture": "#2"}
			}
		},
		{
			"name": "hexadecagon",
			"from": [7.40598, 15.75, 16],
			"to": [8.59402, 17, 18],
			"faces": {
				"north": {"uv": [0, 0, 8, 8], "texture": "#2"},
				"east": {"uv": [0, 0, 8, 8], "texture": "#2"},
				"south": {"uv": [0, 0, 8, 8], "texture": "#2"},
				"west": {"uv": [0, 0, 8, 8], "texture": "#2"},
				"up": {"uv": [0, 0, 8, 8], "rotation": 90, "texture": "#2"},
				"down": {"uv": [0, 0, 8, 8], "rotation": 270, "texture": "#2"}
			}
		},
		{
			"name": "hexadecagon",
			"from": [2, 10.40598, 16],
			"to": [3.25, 11.59402, 18],
			"rotation": {"angle": -45, "axis": "z", "origin": [8, 11, 9]},
			"faces": {
				"north": {"uv": [0, 0, 8, 8], "texture": "#2"},
				"east": {"uv": [0, 0, 8, 8], "texture": "#2"},
				"south": {"uv": [0, 0, 8, 8], "texture": "#2"},
				"west": {"uv": [0, 0, 8, 8], "texture": "#2"},
				"up": {"uv": [0, 0, 8, 8], "rotation": 90, "texture": "#2"},
				"down": {"uv": [0, 0, 8, 8], "rotation": 270, "texture": "#2"}
			}
		},
		{
			"name": "hexadecagon",
			"from": [2, 10.40598, 16],
			"to": [3.25, 11.59402, 18],
			"faces": {
				"north": {"uv": [0, 0, 8, 8], "texture": "#2"},
				"east": {"uv": [0, 0, 8, 8], "texture": "#2"},
				"south": {"uv": [0, 0, 8, 8], "texture": "#2"},
				"west": {"uv": [0, 0, 8, 8], "texture": "#2"},
				"up": {"uv": [0, 0, 8, 8], "rotation": 90, "texture": "#2"},
				"down": {"uv": [0, 0, 8, 8], "rotation": 270, "texture": "#2"}
			}
		},
		{
			"name": "hexadecagon",
			"from": [12.75, 10.40598, 16],
			"to": [14, 11.59402, 18],
			"faces": {
				"north": {"uv": [0, 0, 8, 8], "texture": "#2"},
				"east": {"uv": [0, 0, 8, 8], "texture": "#2"},
				"south": {"uv": [0, 0, 8, 8], "texture": "#2"},
				"west": {"uv": [0, 0, 8, 8], "texture": "#2"},
				"up": {"uv": [0, 0, 8, 8], "rotation": 90, "texture": "#2"},
				"down": {"uv": [0, 0, 8, 8], "rotation": 270, "texture": "#2"}
			}
		},
		{
			"from": [-1, 6, 3],
			"to": [-1, 16, 13],
			"faces": {
				"north": {"uv": [0, 0, 1, 1], "texture": "#3"},
				"south": {"uv": [0, 0, 1, 1], "texture": "#3"},
				"west": {"uv": [0, 0, 16, 16], "texture": "#3"},
				"up": {"uv": [0, 0, 1, 1], "texture": "#3"},
				"down": {"uv": [0, 0, 1, 1], "texture": "#3"}
			}
		},
		{
			"from": [17, 6, 3],
			"to": [17, 16, 13],
			"faces": {
				"north": {"uv": [1, 0, 0, 1], "texture": "#3"},
				"east": {"uv": [16, 0, 0, 16], "texture": "#3"},
				"south": {"uv": [1, 0, 0, 1], "texture": "#3"},
				"up": {"uv": [1, 0, 0, 1], "texture": "#3"},
				"down": {"uv": [1, 0, 0, 1], "texture": "#3"}
			}
		},
		{
			"from": [3, 6, -1],
			"to": [13, 16, -1],
			"faces": {
				"north": {"uv": [0, 0, 16, 16], "texture": "#3"},
				"east": {"uv": [0, 0, 1, 1], "texture": "#3"},
				"west": {"uv": [0, 0, 1, 1], "texture": "#3"},
				"up": {"uv": [0, 0, 1, 1], "rotation": 90, "texture": "#3"},
				"down": {"uv": [0, 0, 1, 1], "rotation": 270, "texture": "#3"}
			}
		},
		{
			"from": [3, 6, 17],
			"to": [13, 16, 17],
			"faces": {
				"east": {"uv": [1, 0, 0, 1], "texture": "#3"},
				"south": {"uv": [16, 0, 0, 16], "texture": "#3"},
				"west": {"uv": [1, 0, 0, 1], "texture": "#3"},
				"up": {"uv": [1, 0, 0, 1], "rotation": 90, "texture": "#3"},
				"down": {"uv": [1, 0, 0, 1], "rotation": 270, "texture": "#3"}
			}
		}
	],
	"display": {
		"head": {
			"translation": [0, -20, 0],
			"scale": [4, 4, 4]
		}
	},
	"groups": [
		{
			"name": "hexadecagon2",
			"children": [0, 1, 2, 3, 4, 5, 6, 7, 8, 9, 10, 11, 12, 13, 14, 15, 16, 17, 18, 19, 20, 21, 22, 23]
		},
		{
			"name": "hexadecagon3",
			"children": [24, 25, 26, 27, 28, 29, 30, 31, 32, 33, 34, 35, 36, 37, 38, 39, 40, 41, 42, 43, 44, 45, 46, 47]
		},
		{
			"name": "hexadecagon4",
			"children": [48, 49, 50, 51, 52, 53, 54, 55, 56, 57, 58, 59, 60, 61, 62, 63, 64, 65, 66, 67, 68, 69, 70, 71]
		},
		{
			"name": "hexadecagon5",
			"children": [72, 73, 74, 75, 76, 77, 78, 79, 80, 81, 82, 83, 84, 85, 86, 87, 88, 89, 90, 91, 92, 93, 94, 95]
		}, 96, 97, 98, 99]
}