{
	"credit": "https://www.youtube.com/c/ZeroCaty",
	"textures": {
		"1": "zcbm/magic/ancient/details2",
		"2": "zcbm/magic/ancient/details3",
		"3": "zcbm/magic/ancient/log",
		"4": "zcbm/magic/ancient/crystal",
		"5": "zcbm/magic/ancient/allparts",
		"particle": "zcbm/magic/ancient/crystal"
	},
	"elements": [
		{
			"from": [-1, -4, -1],
			"to": [17, 0.5, 17],
			"faces": {
				"north": {"uv": [0, 0, 3, 16], "rotation": 90, "texture": "#2"},
				"east": {"uv": [0, 0, 3, 16], "rotation": 90, "texture": "#2"},
				"south": {"uv": [0, 0, 3, 16], "rotation": 90, "texture": "#2"},
				"west": {"uv": [0, 0, 3, 16], "rotation": 90, "texture": "#2"},
				"up": {"uv": [0, 0, 3, 16], "rotation": 90, "texture": "#2"},
				"down": {"uv": [0, 0, 3, 16], "rotation": 90, "texture": "#2"}
			}
		},
		{
			"from": [14.75, 0.5, 14.75],
			"to": [16.71875, 10.625, 16.71875],
			"faces": {
				"north": {"uv": [0, 0, 3, 16], "texture": "#2"},
				"east": {"uv": [0, 0, 3, 16], "texture": "#2"},
				"south": {"uv": [0, 0, 3, 16], "texture": "#2"},
				"west": {"uv": [0, 0, 3, 16], "texture": "#2"},
				"up": {"uv": [0, 0, 3, 16], "texture": "#2"},
				"down": {"uv": [0, 0, 3, 16], "texture": "#2"}
			}
		},
		{
			"from": [14.75, 0.5, -0.71875],
			"to": [16.71875, 10.625, 1.25],
			"faces": {
				"north": {"uv": [0, 0, 3, 16], "texture": "#2"},
				"east": {"uv": [0, 0, 3, 16], "texture": "#2"},
				"south": {"uv": [0, 0, 3, 16], "texture": "#2"},
				"west": {"uv": [0, 0, 3, 16], "texture": "#2"},
				"up": {"uv": [0, 0, 3, 16], "texture": "#2"},
				"down": {"uv": [0, 0, 3, 16], "texture": "#2"}
			}
		},
		{
			"from": [-0.71875, 0.5, 14.75],
			"to": [1.25, 10.625, 16.71875],
			"faces": {
				"north": {"uv": [0, 0, 3, 16], "texture": "#2"},
				"east": {"uv": [0, 0, 3, 16], "texture": "#2"},
				"south": {"uv": [0, 0, 3, 16], "texture": "#2"},
				"west": {"uv": [0, 0, 3, 16], "texture": "#2"},
				"up": {"uv": [0, 0, 3, 16], "texture": "#2"},
				"down": {"uv": [0, 0, 3, 16], "texture": "#2"}
			}
		},
		{
			"from": [-0.71875, 0.5, -0.71875],
			"to": [1.25, 10.625, 1.25],
			"faces": {
				"north": {"uv": [0, 0, 3, 16], "texture": "#2"},
				"east": {"uv": [0, 0, 3, 16], "texture": "#2"},
				"south": {"uv": [0, 0, 3, 16], "texture": "#2"},
				"west": {"uv": [0, 0, 3, 16], "texture": "#2"},
				"up": {"uv": [0, 0, 3, 16], "texture": "#2"},
				"down": {"uv": [0, 0, 3, 16], "texture": "#2"}
			}
		},
		{
			"from": [-1, 0.75, 14.1875],
			"to": [1.53125, 5.125, 17.28125],
			"faces": {
				"north": {"uv": [3, 0, 6, 16], "texture": "#2"},
				"east": {"uv": [3, 0, 6, 16], "texture": "#2"},
				"south": {"uv": [3, 0, 6, 16], "texture": "#2"},
				"west": {"uv": [3, 0, 6, 16], "texture": "#2"},
				"up": {"uv": [3, 0, 6, 16], "texture": "#2"},
				"down": {"uv": [3, 0, 6, 16], "texture": "#2"}
			}
		},
		{
			"from": [-1, 0.75, -1.28125],
			"to": [1.53125, 5.125, 1.8125],
			"faces": {
				"north": {"uv": [3, 0, 6, 16], "texture": "#2"},
				"east": {"uv": [3, 0, 6, 16], "texture": "#2"},
				"south": {"uv": [3, 0, 6, 16], "texture": "#2"},
				"west": {"uv": [3, 0, 6, 16], "texture": "#2"},
				"up": {"uv": [3, 0, 6, 16], "texture": "#2"},
				"down": {"uv": [3, 0, 6, 16], "texture": "#2"}
			}
		},
		{
			"from": [14.46875, 0.75, -1.28125],
			"to": [17, 5.125, 1.8125],
			"faces": {
				"north": {"uv": [3, 0, 6, 16], "texture": "#2"},
				"east": {"uv": [3, 0, 6, 16], "texture": "#2"},
				"south": {"uv": [3, 0, 6, 16], "texture": "#2"},
				"west": {"uv": [3, 0, 6, 16], "texture": "#2"},
				"up": {"uv": [3, 0, 6, 16], "texture": "#2"},
				"down": {"uv": [3, 0, 6, 16], "texture": "#2"}
			}
		},
		{
			"from": [14.46875, 0.75, 14.1875],
			"to": [17, 5.125, 17.28125],
			"faces": {
				"north": {"uv": [3, 0, 6, 16], "texture": "#2"},
				"east": {"uv": [3, 0, 6, 16], "texture": "#2"},
				"south": {"uv": [3, 0, 6, 16], "texture": "#2"},
				"west": {"uv": [3, 0, 6, 16], "texture": "#2"},
				"up": {"uv": [3, 0, 6, 16], "texture": "#2"},
				"down": {"uv": [3, 0, 6, 16], "texture": "#2"}
			}
		},
		{
			"from": [-0.15625, -1.75, -0.15625],
			"to": [16.15625, 11.75, 16.15625],
			"faces": {
				"north": {"uv": [0, 0, 16, 16], "texture": "#3"},
				"east": {"uv": [0, 0, 16, 16], "texture": "#3"},
				"south": {"uv": [0, 0, 16, 16], "texture": "#3"},
				"west": {"uv": [0, 0, 16, 16], "texture": "#3"},
				"up": {"uv": [0, 0, 16, 16], "texture": "#3"},
				"down": {"uv": [0, 0, 16, 16], "texture": "#3"}
			}
		},
		{
			"from": [0.55522, 4.42828, 15.21354],
			"to": [15.49272, 6.55328, 16.59479],
			"rotation": {"angle": -22.5, "axis": "z", "origin": [8, 5.48085, 16]},
			"faces": {
				"north": {"uv": [3, 0, 6, 16], "rotation": 90, "texture": "#2"},
				"east": {"uv": [3, 0, 6, 16], "rotation": 90, "texture": "#2"},
				"south": {"uv": [3, 0, 6, 16], "rotation": 90, "texture": "#2"},
				"west": {"uv": [3, 0, 6, 16], "rotation": 90, "texture": "#2"},
				"up": {"uv": [3, 0, 6, 16], "rotation": 90, "texture": "#2"},
				"down": {"uv": [3, 0, 6, 16], "rotation": 90, "texture": "#2"}
			}
		},
		{
			"from": [14.46875, 6, 14.1875],
			"to": [17, 10.375, 17.28125],
			"faces": {
				"north": {"uv": [3, 0, 6, 16], "texture": "#2"},
				"east": {"uv": [3, 0, 6, 16], "texture": "#2"},
				"south": {"uv": [3, 0, 6, 16], "texture": "#2"},
				"west": {"uv": [3, 0, 6, 16], "texture": "#2"},
				"up": {"uv": [3, 0, 6, 16], "texture": "#2"},
				"down": {"uv": [3, 0, 6, 16], "texture": "#2"}
			}
		},
		{
			"from": [14.46875, 6, -1.28125],
			"to": [17, 10.375, 1.8125],
			"faces": {
				"north": {"uv": [3, 0, 6, 16], "texture": "#2"},
				"east": {"uv": [3, 0, 6, 16], "texture": "#2"},
				"south": {"uv": [3, 0, 6, 16], "texture": "#2"},
				"west": {"uv": [3, 0, 6, 16], "texture": "#2"},
				"up": {"uv": [3, 0, 6, 16], "texture": "#2"},
				"down": {"uv": [3, 0, 6, 16], "texture": "#2"}
			}
		},
		{
			"from": [-1, 6, -1.28125],
			"to": [1.53125, 10.375, 1.8125],
			"faces": {
				"north": {"uv": [3, 0, 6, 16], "texture": "#2"},
				"east": {"uv": [3, 0, 6, 16], "texture": "#2"},
				"south": {"uv": [3, 0, 6, 16], "texture": "#2"},
				"west": {"uv": [3, 0, 6, 16], "texture": "#2"},
				"up": {"uv": [3, 0, 6, 16], "texture": "#2"},
				"down": {"uv": [3, 0, 6, 16], "texture": "#2"}
			}
		},
		{
			"from": [-1, 6, 14.1875],
			"to": [1.53125, 10.375, 17.28125],
			"faces": {
				"north": {"uv": [3, 0, 6, 16], "texture": "#2"},
				"east": {"uv": [3, 0, 6, 16], "texture": "#2"},
				"south": {"uv": [3, 0, 6, 16], "texture": "#2"},
				"west": {"uv": [3, 0, 6, 16], "texture": "#2"},
				"up": {"uv": [3, 0, 6, 16], "texture": "#2"},
				"down": {"uv": [3, 0, 6, 16], "texture": "#2"}
			}
		},
		{
			"name": "hexadecagon",
			"from": [7.1049, 13.4375, 3.78125],
			"to": [8.89512, 17.09375, 6.03125],
			"rotation": {"angle": -45, "axis": "y", "origin": [8, 16.53125, 8]},
			"faces": {
				"north": {"uv": [2.5, 2.5, 13.5, 13.5], "texture": "#1"},
				"east": {"uv": [2.5, 2.5, 13.5, 13.5], "texture": "#1"},
				"south": {"uv": [2.5, 2.5, 13.5, 13.5], "texture": "#1"},
				"west": {"uv": [2.5, 2.5, 13.5, 13.5], "texture": "#1"},
				"up": {"uv": [2.5, 2.5, 13.5, 13.5], "texture": "#1"},
				"down": {"uv": [2.5, 2.5, 13.5, 13.5], "texture": "#1"}
			}
		},
		{
			"name": "hexadecagon",
			"from": [7.1049, 13.15625, 4.625],
			"to": [8.89512, 16.8125, 5.75],
			"rotation": {"angle": -22.5, "axis": "y", "origin": [8, 16.25, 8]},
			"faces": {
				"north": {"uv": [0, 0, 3, 16], "texture": "#2"},
				"east": {"uv": [0, 0, 3, 16], "texture": "#2"},
				"south": {"uv": [0, 0, 3, 16], "texture": "#2"},
				"west": {"uv": [0, 0, 3, 16], "texture": "#2"},
				"up": {"uv": [0, 0, 3, 16], "texture": "#2"},
				"down": {"uv": [0, 0, 3, 16], "texture": "#2"}
			}
		},
		{
			"name": "hexadecagon",
			"from": [7.1049, 13.4375, 3.78125],
			"to": [8.89512, 17.09375, 6.03125],
			"faces": {
				"north": {"uv": [2.5, 2.5, 13.5, 13.5], "texture": "#1"},
				"east": {"uv": [2.5, 2.5, 13.5, 13.5], "texture": "#1"},
				"south": {"uv": [2.5, 2.5, 13.5, 13.5], "texture": "#1"},
				"west": {"uv": [2.5, 2.5, 13.5, 13.5], "texture": "#1"},
				"up": {"uv": [2.5, 2.5, 13.5, 13.5], "texture": "#1"},
				"down": {"uv": [2.5, 2.5, 13.5, 13.5], "texture": "#1"}
			}
		},
		{
			"name": "hexadecagon",
			"from": [7.1049, 13.15625, 4.625],
			"to": [8.89512, 16.8125, 5.75],
			"rotation": {"angle": 22.5, "axis": "y", "origin": [8, 16.25, 8]},
			"faces": {
				"north": {"uv": [0, 0, 3, 16], "texture": "#2"},
				"east": {"uv": [0, 0, 3, 16], "texture": "#2"},
				"south": {"uv": [0, 0, 3, 16], "texture": "#2"},
				"west": {"uv": [0, 0, 3, 16], "texture": "#2"},
				"up": {"uv": [0, 0, 3, 16], "texture": "#2"},
				"down": {"uv": [0, 0, 3, 16], "texture": "#2"}
			}
		},
		{
			"name": "hexadecagon",
			"from": [7.1049, 13.4375, 3.78125],
			"to": [8.89512, 17.09375, 6.03125],
			"rotation": {"angle": 45, "axis": "y", "origin": [8, 16.53125, 8]},
			"faces": {
				"north": {"uv": [2.5, 2.5, 13.5, 13.5], "texture": "#1"},
				"east": {"uv": [2.5, 2.5, 13.5, 13.5], "texture": "#1"},
				"south": {"uv": [2.5, 2.5, 13.5, 13.5], "texture": "#1"},
				"west": {"uv": [2.5, 2.5, 13.5, 13.5], "texture": "#1"},
				"up": {"uv": [2.5, 2.5, 13.5, 13.5], "texture": "#1"},
				"down": {"uv": [2.5, 2.5, 13.5, 13.5], "texture": "#1"}
			}
		},
		{
			"name": "hexadecagon",
			"from": [7.1049, 13.15625, 10.25],
			"to": [8.89512, 16.8125, 11.375],
			"rotation": {"angle": -22.5, "axis": "y", "origin": [8, 16.25, 8]},
			"faces": {
				"north": {"uv": [0, 0, 3, 16], "texture": "#2"},
				"east": {"uv": [0, 0, 3, 16], "texture": "#2"},
				"south": {"uv": [0, 0, 3, 16], "texture": "#2"},
				"west": {"uv": [0, 0, 3, 16], "texture": "#2"},
				"up": {"uv": [0, 0, 3, 16], "texture": "#2"},
				"down": {"uv": [0, 0, 3, 16], "texture": "#2"}
			}
		},
		{
			"name": "hexadecagon",
			"from": [7.1049, 13.4375, 9.96875],
			"to": [8.89512, 17.09375, 12.21875],
			"faces": {
				"north": {"uv": [2.5, 2.5, 13.5, 13.5], "texture": "#1"},
				"east": {"uv": [2.5, 2.5, 13.5, 13.5], "texture": "#1"},
				"south": {"uv": [2.5, 2.5, 13.5, 13.5], "texture": "#1"},
				"west": {"uv": [2.5, 2.5, 13.5, 13.5], "texture": "#1"},
				"up": {"uv": [2.5, 2.5, 13.5, 13.5], "texture": "#1"},
				"down": {"uv": [2.5, 2.5, 13.5, 13.5], "texture": "#1"}
			}
		},
		{
			"name": "hexadecagon",
			"from": [7.1049, 13.15625, 10.25],
			"to": [8.89512, 16.8125, 11.375],
			"rotation": {"angle": 22.5, "axis": "y", "origin": [8, 16.25, 8]},
			"faces": {
				"north": {"uv": [0, 0, 3, 16], "texture": "#2"},
				"east": {"uv": [0, 0, 3, 16], "texture": "#2"},
				"south": {"uv": [0, 0, 3, 16], "texture": "#2"},
				"west": {"uv": [0, 0, 3, 16], "texture": "#2"},
				"up": {"uv": [0, 0, 3, 16], "texture": "#2"},
				"down": {"uv": [0, 0, 3, 16], "texture": "#2"}
			}
		},
		{
			"name": "hexadecagon",
			"from": [7.1049, 13.4375, 9.96875],
			"to": [8.89512, 17.09375, 12.21875],
			"rotation": {"angle": 45, "axis": "y", "origin": [8, 16.53125, 8]},
			"faces": {
				"north": {"uv": [2.5, 2.5, 13.5, 13.5], "texture": "#1"},
				"east": {"uv": [2.5, 2.5, 13.5, 13.5], "texture": "#1"},
				"south": {"uv": [2.5, 2.5, 13.5, 13.5], "texture": "#1"},
				"west": {"uv": [2.5, 2.5, 13.5, 13.5], "texture": "#1"},
				"up": {"uv": [2.5, 2.5, 13.5, 13.5], "texture": "#1"},
				"down": {"uv": [2.5, 2.5, 13.5, 13.5], "texture": "#1"}
			}
		},
		{
			"name": "hexadecagon",
			"from": [4.625, 13.15625, 7.1049],
			"to": [5.75, 16.8125, 8.89512],
			"rotation": {"angle": -22.5, "axis": "y", "origin": [8, 16.25, 8]},
			"faces": {
				"north": {"uv": [0, 0, 3, 16], "texture": "#2"},
				"east": {"uv": [0, 0, 3, 16], "texture": "#2"},
				"south": {"uv": [0, 0, 3, 16], "texture": "#2"},
				"west": {"uv": [0, 0, 3, 16], "texture": "#2"},
				"up": {"uv": [0, 0, 3, 16], "texture": "#2"},
				"down": {"uv": [0, 0, 3, 16], "texture": "#2"}
			}
		},
		{
			"name": "hexadecagon",
			"from": [3.78125, 13.4375, 7.1049],
			"to": [6.03125, 17.09375, 8.89512],
			"faces": {
				"north": {"uv": [2.5, 2.5, 13.5, 13.5], "texture": "#1"},
				"east": {"uv": [2.5, 2.5, 13.5, 13.5], "texture": "#1"},
				"south": {"uv": [2.5, 2.5, 13.5, 13.5], "texture": "#1"},
				"west": {"uv": [2.5, 2.5, 13.5, 13.5], "texture": "#1"},
				"up": {"uv": [2.5, 2.5, 13.5, 13.5], "texture": "#1"},
				"down": {"uv": [2.5, 2.5, 13.5, 13.5], "texture": "#1"}
			}
		},
		{
			"name": "hexadecagon",
			"from": [4.625, 13.15625, 7.1049],
			"to": [5.75, 16.8125, 8.89512],
			"rotation": {"angle": 22.5, "axis": "y", "origin": [8, 16.25, 8]},
			"faces": {
				"north": {"uv": [0, 0, 3, 16], "texture": "#2"},
				"east": {"uv": [0, 0, 3, 16], "texture": "#2"},
				"south": {"uv": [0, 0, 3, 16], "texture": "#2"},
				"west": {"uv": [0, 0, 3, 16], "texture": "#2"},
				"up": {"uv": [0, 0, 3, 16], "texture": "#2"},
				"down": {"uv": [0, 0, 3, 16], "texture": "#2"}
			}
		},
		{
			"name": "hexadecagon",
			"from": [10.25, 13.15625, 7.1049],
			"to": [11.375, 16.8125, 8.89512],
			"rotation": {"angle": -22.5, "axis": "y", "origin": [8, 16.25, 8]},
			"faces": {
				"north": {"uv": [0, 0, 3, 16], "texture": "#2"},
				"east": {"uv": [0, 0, 3, 16], "texture": "#2"},
				"south": {"uv": [0, 0, 3, 16], "texture": "#2"},
				"west": {"uv": [0, 0, 3, 16], "texture": "#2"},
				"up": {"uv": [0, 0, 3, 16], "texture": "#2"},
				"down": {"uv": [0, 0, 3, 16], "texture": "#2"}
			}
		},
		{
			"name": "hexadecagon",
			"from": [9.96875, 13.4375, 7.1049],
			"to": [12.21875, 17.09375, 8.89512],
			"faces": {
				"north": {"uv": [2.5, 2.5, 13.5, 13.5], "texture": "#1"},
				"east": {"uv": [2.5, 2.5, 13.5, 13.5], "texture": "#1"},
				"south": {"uv": [2.5, 2.5, 13.5, 13.5], "texture": "#1"},
				"west": {"uv": [2.5, 2.5, 13.5, 13.5], "texture": "#1"},
				"up": {"uv": [2.5, 2.5, 13.5, 13.5], "texture": "#1"},
				"down": {"uv": [2.5, 2.5, 13.5, 13.5], "texture": "#1"}
			}
		},
		{
			"name": "hexadecagon",
			"from": [10.25, 13.15625, 7.1049],
			"to": [11.375, 16.8125, 8.89512],
			"rotation": {"angle": 22.5, "axis": "y", "origin": [8, 16.25, 8]},
			"faces": {
				"north": {"uv": [0, 0, 3, 16], "texture": "#2"},
				"east": {"uv": [0, 0, 3, 16], "texture": "#2"},
				"south": {"uv": [0, 0, 3, 16], "texture": "#2"},
				"west": {"uv": [0, 0, 3, 16], "texture": "#2"},
				"up": {"uv": [0, 0, 3, 16], "texture": "#2"},
				"down": {"uv": [0, 0, 3, 16], "texture": "#2"}
			}
		},
		{
			"name": "hexadecagon",
			"from": [7.10488, 13.4375, 9.96875],
			"to": [8.8951, 17.09375, 12.21875],
			"rotation": {"angle": -45, "axis": "y", "origin": [8, 16.53125, 8]},
			"faces": {
				"north": {"uv": [2.5, 2.5, 13.5, 13.5], "texture": "#1"},
				"east": {"uv": [2.5, 2.5, 13.5, 13.5], "texture": "#1"},
				"south": {"uv": [2.5, 2.5, 13.5, 13.5], "texture": "#1"},
				"west": {"uv": [2.5, 2.5, 13.5, 13.5], "texture": "#1"},
				"up": {"uv": [2.5, 2.5, 13.5, 13.5], "rotation": 180, "texture": "#1"},
				"down": {"uv": [2.5, 2.5, 13.5, 13.5], "rotation": 180, "texture": "#1"}
			}
		},
		{
			"from": [-1, 10.625, -1],
			"to": [17, 14, 17],
			"faces": {
				"north": {"uv": [0, 0, 3, 16], "rotation": 90, "texture": "#2"},
				"east": {"uv": [0, 0, 3, 16], "rotation": 90, "texture": "#2"},
				"south": {"uv": [0, 0, 3, 16], "rotation": 90, "texture": "#2"},
				"west": {"uv": [0, 0, 3, 16], "rotation": 90, "texture": "#2"},
				"up": {"uv": [0, 0, 16, 16], "texture": "#1"},
				"down": {"uv": [0, 0, 3, 16], "texture": "#2"}
			}
		},
		{
			"from": [12, 11.375, 2],
			"to": [14, 14.75, 4],
			"faces": {
				"north": {"uv": [1.25, 1.25, 6.75, 6.75], "rotation": 90, "texture": "#5"},
				"east": {"uv": [1.25, 1.25, 6.75, 6.75], "rotation": 90, "texture": "#5"},
				"south": {"uv": [1.25, 1.25, 6.75, 6.75], "rotation": 90, "texture": "#5"},
				"west": {"uv": [1.25, 1.25, 6.75, 6.75], "rotation": 90, "texture": "#5"},
				"up": {"uv": [0, 0, 8, 8], "rotation": 90, "texture": "#5"},
				"down": {"uv": [1.25, 1.25, 6.75, 6.75], "rotation": 90, "texture": "#5"}
			}
		},
		{
			"from": [2, 11.375, 2],
			"to": [4, 14.75, 4],
			"faces": {
				"north": {"uv": [1.25, 1.25, 6.75, 6.75], "rotation": 90, "texture": "#5"},
				"east": {"uv": [1.25, 1.25, 6.75, 6.75], "rotation": 90, "texture": "#5"},
				"south": {"uv": [1.25, 1.25, 6.75, 6.75], "rotation": 90, "texture": "#5"},
				"west": {"uv": [1.25, 1.25, 6.75, 6.75], "rotation": 90, "texture": "#5"},
				"up": {"uv": [0, 0, 8, 8], "rotation": 90, "texture": "#5"},
				"down": {"uv": [1.25, 1.25, 6.75, 6.75], "rotation": 90, "texture": "#5"}
			}
		},
		{
			"from": [12, 11.375, 12],
			"to": [14, 14.75, 14],
			"faces": {
				"north": {"uv": [1.25, 1.25, 6.75, 6.75], "rotation": 90, "texture": "#5"},
				"east": {"uv": [1.25, 1.25, 6.75, 6.75], "rotation": 90, "texture": "#5"},
				"south": {"uv": [1.25, 1.25, 6.75, 6.75], "rotation": 90, "texture": "#5"},
				"west": {"uv": [1.25, 1.25, 6.75, 6.75], "rotation": 90, "texture": "#5"},
				"up": {"uv": [0, 0, 8, 8], "rotation": 90, "texture": "#5"},
				"down": {"uv": [1.25, 1.25, 6.75, 6.75], "rotation": 90, "texture": "#5"}
			}
		},
		{
			"from": [2, 11.375, 12],
			"to": [4, 14.75, 14],
			"faces": {
				"north": {"uv": [1.25, 1.25, 6.75, 6.75], "rotation": 90, "texture": "#5"},
				"east": {"uv": [1.25, 1.25, 6.75, 6.75], "rotation": 90, "texture": "#5"},
				"south": {"uv": [1.25, 1.25, 6.75, 6.75], "rotation": 90, "texture": "#5"},
				"west": {"uv": [1.25, 1.25, 6.75, 6.75], "rotation": 90, "texture": "#5"},
				"up": {"uv": [0, 0, 8, 8], "rotation": 90, "texture": "#5"},
				"down": {"uv": [1.25, 1.25, 6.75, 6.75], "rotation": 90, "texture": "#5"}
			}
		},
		{
			"from": [-0.61979, 4.43821, 0.4833],
			"to": [0.78646, 6.56321, 15.4208],
			"rotation": {"angle": -22.5, "axis": "x", "origin": [8, 5.48085, 8]},
			"faces": {
				"north": {"uv": [3, 16, 6, 0], "rotation": 90, "texture": "#2"},
				"east": {"uv": [3, 16, 6, 0], "rotation": 90, "texture": "#2"},
				"south": {"uv": [3, 16, 6, 0], "rotation": 90, "texture": "#2"},
				"west": {"uv": [3, 16, 6, 0], "rotation": 90, "texture": "#2"},
				"up": {"uv": [3, 16, 6, 0], "rotation": 180, "texture": "#2"},
				"down": {"uv": [3, 16, 6, 0], "texture": "#2"}
			}
		},
		{
			"from": [-0.86979, 3.91835, 7.0572],
			"to": [0.53646, 7.04335, 8.9947],
			"faces": {
				"north": {"uv": [1.25, 1.25, 6.75, 6.75], "texture": "#5"},
				"east": {"uv": [1.25, 1.25, 6.75, 6.75], "texture": "#5"},
				"south": {"uv": [1.25, 1.25, 6.75, 6.75], "texture": "#5"},
				"west": {"uv": [1.25, 1.25, 6.75, 6.75], "texture": "#5"},
				"up": {"uv": [1.25, 1.25, 6.75, 6.75], "rotation": 90, "texture": "#5"},
				"down": {"uv": [1.25, 1.25, 6.75, 6.75], "rotation": 270, "texture": "#5"}
			}
		},
		{
			"from": [15.46354, 3.91835, 7.0572],
			"to": [16.86979, 7.04335, 8.9947],
			"faces": {
				"north": {"uv": [6.75, 1.25, 1.25, 6.75], "texture": "#5"},
				"east": {"uv": [6.75, 1.25, 1.25, 6.75], "texture": "#5"},
				"south": {"uv": [6.75, 1.25, 1.25, 6.75], "texture": "#5"},
				"west": {"uv": [6.75, 1.25, 1.25, 6.75], "texture": "#5"},
				"up": {"uv": [1.25, 6.75, 6.75, 1.25], "rotation": 90, "texture": "#5"},
				"down": {"uv": [1.25, 6.75, 6.75, 1.25], "rotation": 270, "texture": "#5"}
			}
		},
		{
			"from": [15.21354, 4.43821, 0.4833],
			"to": [16.61979, 6.56321, 15.4208],
			"rotation": {"angle": -22.5, "axis": "x", "origin": [8, 5.48085, 8]},
			"faces": {
				"north": {"uv": [3, 0, 6, 16], "rotation": 90, "texture": "#2"},
				"east": {"uv": [3, 0, 6, 16], "rotation": 90, "texture": "#2"},
				"south": {"uv": [3, 0, 6, 16], "rotation": 90, "texture": "#2"},
				"west": {"uv": [3, 0, 6, 16], "rotation": 90, "texture": "#2"},
				"up": {"uv": [6, 16, 3, 0], "rotation": 180, "texture": "#2"},
				"down": {"uv": [6, 16, 3, 0], "texture": "#2"}
			}
		},
		{
			"from": [15.21354, 4.42828, 0.55522],
			"to": [16.59479, 6.55328, 15.49272],
			"rotation": {"angle": 22.5, "axis": "x", "origin": [8, 5.48085, 8]},
			"faces": {
				"north": {"uv": [3, 16, 6, 0], "rotation": 90, "texture": "#2"},
				"east": {"uv": [3, 16, 6, 0], "rotation": 90, "texture": "#2"},
				"south": {"uv": [3, 16, 6, 0], "rotation": 90, "texture": "#2"},
				"west": {"uv": [3, 16, 6, 0], "rotation": 90, "texture": "#2"},
				"up": {"uv": [6, 0, 3, 16], "rotation": 180, "texture": "#2"},
				"down": {"uv": [6, 0, 3, 16], "texture": "#2"}
			}
		},
		{
			"from": [7.0572, 3.91835, 15.46354],
			"to": [8.9947, 7.04335, 16.86979],
			"faces": {
				"north": {"uv": [1.25, 1.25, 6.75, 6.75], "texture": "#5"},
				"east": {"uv": [1.25, 1.25, 6.75, 6.75], "texture": "#5"},
				"south": {"uv": [1.25, 1.25, 6.75, 6.75], "texture": "#5"},
				"west": {"uv": [1.25, 1.25, 6.75, 6.75], "texture": "#5"},
				"up": {"uv": [1.25, 1.25, 6.75, 6.75], "texture": "#5"},
				"down": {"uv": [1.25, 1.25, 6.75, 6.75], "texture": "#5"}
			}
		},
		{
			"from": [-0.59479, 4.42828, 0.55522],
			"to": [0.78646, 6.55328, 15.49272],
			"rotation": {"angle": 22.5, "axis": "x", "origin": [8, 5.48085, 8]},
			"faces": {
				"north": {"uv": [3, 0, 6, 16], "rotation": 90, "texture": "#2"},
				"east": {"uv": [3, 0, 6, 16], "rotation": 90, "texture": "#2"},
				"south": {"uv": [3, 0, 6, 16], "rotation": 90, "texture": "#2"},
				"west": {"uv": [3, 0, 6, 16], "rotation": 90, "texture": "#2"},
				"up": {"uv": [3, 0, 6, 16], "rotation": 180, "texture": "#2"},
				"down": {"uv": [3, 0, 6, 16], "texture": "#2"}
			}
		},
		{
			"from": [0.4833, 4.43821, 15.21354],
			"to": [15.4208, 6.56321, 16.61979],
			"rotation": {"angle": 22.5, "axis": "z", "origin": [8, 5.48085, 8]},
			"faces": {
				"north": {"uv": [3, 16, 6, 0], "rotation": 90, "texture": "#2"},
				"east": {"uv": [3, 16, 6, 0], "rotation": 90, "texture": "#2"},
				"south": {"uv": [3, 16, 6, 0], "rotation": 90, "texture": "#2"},
				"west": {"uv": [3, 16, 6, 0], "rotation": 90, "texture": "#2"},
				"up": {"uv": [3, 16, 6, 0], "rotation": 90, "texture": "#2"},
				"down": {"uv": [3, 16, 6, 0], "rotation": 90, "texture": "#2"}
			}
		},
		{
			"from": [7.0572, 3.91835, -0.86979],
			"to": [8.9947, 7.04335, 0.53646],
			"faces": {
				"north": {"uv": [6.75, 1.25, 1.25, 6.75], "texture": "#5"},
				"east": {"uv": [6.75, 1.25, 1.25, 6.75], "texture": "#5"},
				"south": {"uv": [6.75, 1.25, 1.25, 6.75], "texture": "#5"},
				"west": {"uv": [6.75, 1.25, 1.25, 6.75], "texture": "#5"},
				"up": {"uv": [1.25, 6.75, 6.75, 1.25], "texture": "#5"},
				"down": {"uv": [1.25, 6.75, 6.75, 1.25], "texture": "#5"}
			}
		},
		{
			"from": [0.4833, 4.43821, -0.61979],
			"to": [15.4208, 6.56321, 0.78646],
			"rotation": {"angle": 22.5, "axis": "z", "origin": [8, 5.48085, 8]},
			"faces": {
				"north": {"uv": [3, 0, 6, 16], "rotation": 90, "texture": "#2"},
				"east": {"uv": [3, 0, 6, 16], "rotation": 90, "texture": "#2"},
				"south": {"uv": [3, 0, 6, 16], "rotation": 90, "texture": "#2"},
				"west": {"uv": [3, 0, 6, 16], "rotation": 90, "texture": "#2"},
				"up": {"uv": [6, 16, 3, 0], "rotation": 90, "texture": "#2"},
				"down": {"uv": [6, 16, 3, 0], "rotation": 90, "texture": "#2"}
			}
		},
		{
			"from": [0.55522, 4.42828, -0.59479],
			"to": [15.49272, 6.55328, 0.78646],
			"rotation": {"angle": -22.5, "axis": "z", "origin": [8, 5.48085, 8]},
			"faces": {
				"north": {"uv": [3, 16, 6, 0], "rotation": 90, "texture": "#2"},
				"east": {"uv": [3, 16, 6, 0], "rotation": 90, "texture": "#2"},
				"south": {"uv": [3, 16, 6, 0], "rotation": 90, "texture": "#2"},
				"west": {"uv": [3, 16, 6, 0], "rotation": 90, "texture": "#2"},
				"up": {"uv": [6, 0, 3, 16], "rotation": 90, "texture": "#2"},
				"down": {"uv": [6, 0, 3, 16], "rotation": 90, "texture": "#2"}
			}
		},
		{
			"from": [2.25, 14.625, 12.25],
			"to": [3.75, 24, 13.75],
			"faces": {
				"north": {"uv": [1.25, 1.25, 6.75, 6.75], "rotation": 90, "texture": "#4"},
				"east": {"uv": [1.25, 1.25, 6.75, 6.75], "rotation": 90, "texture": "#4"},
				"south": {"uv": [1.25, 1.25, 6.75, 6.75], "rotation": 90, "texture": "#4"},
				"west": {"uv": [1.25, 1.25, 6.75, 6.75], "rotation": 90, "texture": "#4"},
				"up": {"uv": [0, 0, 8, 8], "rotation": 90, "texture": "#4"},
				"down": {"uv": [1.25, 1.25, 6.75, 6.75], "rotation": 90, "texture": "#4"}
			}
		},
		{
			"from": [12.25, 14.625, 12.25],
			"to": [13.75, 24, 13.75],
			"faces": {
				"north": {"uv": [1.25, 1.25, 6.75, 6.75], "rotation": 90, "texture": "#4"},
				"east": {"uv": [1.25, 1.25, 6.75, 6.75], "rotation": 90, "texture": "#4"},
				"south": {"uv": [1.25, 1.25, 6.75, 6.75], "rotation": 90, "texture": "#4"},
				"west": {"uv": [1.25, 1.25, 6.75, 6.75], "rotation": 90, "texture": "#4"},
				"up": {"uv": [0, 0, 8, 8], "rotation": 90, "texture": "#4"},
				"down": {"uv": [1.25, 1.25, 6.75, 6.75], "rotation": 90, "texture": "#4"}
			}
		},
		{
			"from": [2.25, 14.625, 2.25],
			"to": [3.75, 24, 3.75],
			"faces": {
				"north": {"uv": [1.25, 1.25, 6.75, 6.75], "rotation": 90, "texture": "#4"},
				"east": {"uv": [1.25, 1.25, 6.75, 6.75], "rotation": 90, "texture": "#4"},
				"south": {"uv": [1.25, 1.25, 6.75, 6.75], "rotation": 90, "texture": "#4"},
				"west": {"uv": [1.25, 1.25, 6.75, 6.75], "rotation": 90, "texture": "#4"},
				"up": {"uv": [0, 0, 8, 8], "rotation": 90, "texture": "#4"},
				"down": {"uv": [1.25, 1.25, 6.75, 6.75], "rotation": 90, "texture": "#4"}
			}
		},
		{
			"from": [12.25, 14.625, 2.25],
			"to": [13.75, 24, 3.75],
			"faces": {
				"north": {"uv": [1.25, 1.25, 6.75, 6.75], "rotation": 90, "texture": "#4"},
				"east": {"uv": [1.25, 1.25, 6.75, 6.75], "rotation": 90, "texture": "#4"},
				"south": {"uv": [1.25, 1.25, 6.75, 6.75], "rotation": 90, "texture": "#4"},
				"west": {"uv": [1.25, 1.25, 6.75, 6.75], "rotation": 90, "texture": "#4"},
				"up": {"uv": [0, 0, 8, 8], "rotation": 90, "texture": "#4"},
				"down": {"uv": [1.25, 1.25, 6.75, 6.75], "rotation": 90, "texture": "#4"}
			}
		},
		{
			"from": [12, 23.375, 12],
			"to": [14, 24.25, 14],
			"faces": {
				"north": {"uv": [8, 8, 9.5, 16], "rotation": 90, "texture": "#5"},
				"east": {"uv": [8, 8, 9.5, 16], "rotation": 90, "texture": "#5"},
				"south": {"uv": [8, 8, 9.5, 16], "rotation": 90, "texture": "#5"},
				"west": {"uv": [8, 8, 9.5, 16], "rotation": 90, "texture": "#5"},
				"up": {"uv": [0, 8, 8, 16], "rotation": 90, "texture": "#5"},
				"down": {"uv": [0, 8, 8, 16], "rotation": 90, "texture": "#5"}
			}
		},
		{
			"from": [2, 23.375, 12],
			"to": [4, 24.25, 14],
			"faces": {
				"north": {"uv": [8, 8, 9.5, 16], "rotation": 90, "texture": "#5"},
				"east": {"uv": [8, 8, 9.5, 16], "rotation": 90, "texture": "#5"},
				"south": {"uv": [8, 8, 9.5, 16], "rotation": 90, "texture": "#5"},
				"west": {"uv": [8, 8, 9.5, 16], "rotation": 90, "texture": "#5"},
				"up": {"uv": [0, 8, 8, 16], "rotation": 90, "texture": "#5"},
				"down": {"uv": [0, 8, 8, 16], "rotation": 90, "texture": "#5"}
			}
		},
		{
			"from": [2, 23.375, 2],
			"to": [4, 24.25, 4],
			"faces": {
				"north": {"uv": [8, 8, 9.5, 16], "rotation": 90, "texture": "#5"},
				"east": {"uv": [8, 8, 9.5, 16], "rotation": 90, "texture": "#5"},
				"south": {"uv": [8, 8, 9.5, 16], "rotation": 90, "texture": "#5"},
				"west": {"uv": [8, 8, 9.5, 16], "rotation": 90, "texture": "#5"},
				"up": {"uv": [0, 8, 8, 16], "rotation": 90, "texture": "#5"},
				"down": {"uv": [0, 8, 8, 16], "rotation": 90, "texture": "#5"}
			}
		},
		{
			"from": [12, 23.375, 2],
			"to": [14, 24.25, 4],
			"faces": {
				"north": {"uv": [8, 8, 9.5, 16], "rotation": 90, "texture": "#5"},
				"east": {"uv": [8, 8, 9.5, 16], "rotation": 90, "texture": "#5"},
				"south": {"uv": [8, 8, 9.5, 16], "rotation": 90, "texture": "#5"},
				"west": {"uv": [8, 8, 9.5, 16], "rotation": 90, "texture": "#5"},
				"up": {"uv": [0, 8, 8, 16], "rotation": 90, "texture": "#5"},
				"down": {"uv": [0, 8, 8, 16], "rotation": 90, "texture": "#5"}
			}
		}
	],
	"display": {
		"thirdperson_righthand": {
			"rotation": [75, 0, -10],
			"translation": [-7.32, -3.75, 3.25],
			"scale": [2.3, 2.3, 2.3]
		},
		"firstperson_righthand": {
			"scale": [0.5, 0.5, 0.5]
		},
		"gui": {
			"rotation": [42, 0, 21],
			"translation": [-1.25, 1, 0],
			"scale": [0.5, 0.5, 0.5]
		},
		"head": {
			"translation": [0, -51, 0],
			"scale": [1.57, 1.57, 1.57]
		},
		"fixed": {
			"rotation": [-90, 0, 0],
			"translation": [0, 0, -16],
			"scale": [2, 2, 2]
		}
	},
	"groups": [
		{
			"name": "sciencemachine",
			"children": [0, 1, 2, 3, 4, 5, 6, 7, 8, 9,
				{
					"name": "NotGear",
					"children": []
				}, 10, 11, 12, 13, 14,
				{
					"name": "NotGear2",
					"children": [15, 16, 17, 18, 19, 20, 21, 22, 23, 24, 25, 26, 27, 28, 29, 30]
				}, 31, 32, 33, 34, 35, 36, 37, 38, 39, 40, 41, 42, 43, 44, 45, 46, 47, 48, 49, 50, 51, 52, 53, 54]
		}
	]
}