{
	"credit": "https://www.youtube.com/c/ZeroCaty",
	"textures": {
		"0": "zcbm/magic/ancient/details1",
		"1": "zcbm/magic/ancient/details2",
		"2": "zcbm/magic/ancient/details3",
		"3": "zcbm/magic/ancient/log",
		"particle": "zcbm/magic/ancient/details1"
	},
	"elements": [
		{
			"from": [4, -6, 4],
			"to": [12, -4, 12],
			"faces": {
				"north": {"uv": [0, 0, 3, 16], "texture": "#2"},
				"east": {"uv": [0, 0, 3, 16], "texture": "#2"},
				"south": {"uv": [0, 0, 3, 16], "texture": "#2"},
				"west": {"uv": [0, 0, 3, 16], "texture": "#2"},
				"up": {"uv": [0, 0, 3, 16], "texture": "#2"},
				"down": {"uv": [0, 0, 3, 16], "texture": "#2"}
			}
		},
		{
			"from": [4, 0.5, 4],
			"to": [12, 2, 12],
			"faces": {
				"north": {"uv": [0, 0, 3, 16], "rotation": 90, "texture": "#2"},
				"east": {"uv": [0, 0, 3, 16], "rotation": 90, "texture": "#2"},
				"south": {"uv": [0, 0, 3, 16], "rotation": 90, "texture": "#2"},
				"west": {"uv": [0, 0, 3, 16], "rotation": 90, "texture": "#2"},
				"up": {"uv": [0, 0, 16, 16], "texture": "#1"},
				"down": {"uv": [0, 0, 3, 16], "texture": "#2"}
			}
		},
		{
			"from": [11, -4, 11],
			"to": [11.875, 0.5, 11.875],
			"faces": {
				"north": {"uv": [0, 0, 3, 16], "texture": "#2"},
				"east": {"uv": [0, 0, 3, 16], "texture": "#2"},
				"south": {"uv": [0, 0, 3, 16], "texture": "#2"},
				"west": {"uv": [0, 0, 3, 16], "texture": "#2"},
				"up": {"uv": [0, 0, 3, 16], "texture": "#2"},
				"down": {"uv": [0, 0, 3, 16], "texture": "#2"}
			}
		},
		{
			"from": [11, -4, 4.125],
			"to": [11.875, 0.5, 5],
			"faces": {
				"north": {"uv": [0, 0, 3, 16], "texture": "#2"},
				"east": {"uv": [0, 0, 3, 16], "texture": "#2"},
				"south": {"uv": [0, 0, 3, 16], "texture": "#2"},
				"west": {"uv": [0, 0, 3, 16], "texture": "#2"},
				"up": {"uv": [0, 0, 3, 16], "texture": "#2"},
				"down": {"uv": [0, 0, 3, 16], "texture": "#2"}
			}
		},
		{
			"from": [4.125, -4, 11],
			"to": [5, 0.5, 11.875],
			"faces": {
				"north": {"uv": [0, 0, 3, 16], "texture": "#2"},
				"east": {"uv": [0, 0, 3, 16], "texture": "#2"},
				"south": {"uv": [0, 0, 3, 16], "texture": "#2"},
				"west": {"uv": [0, 0, 3, 16], "texture": "#2"},
				"up": {"uv": [0, 0, 3, 16], "texture": "#2"},
				"down": {"uv": [0, 0, 3, 16], "texture": "#2"}
			}
		},
		{
			"from": [4.125, -4, 4.125],
			"to": [5, 0.5, 5],
			"faces": {
				"north": {"uv": [0, 0, 3, 16], "texture": "#2"},
				"east": {"uv": [0, 0, 3, 16], "texture": "#2"},
				"south": {"uv": [0, 0, 3, 16], "texture": "#2"},
				"west": {"uv": [0, 0, 3, 16], "texture": "#2"},
				"up": {"uv": [0, 0, 3, 16], "texture": "#2"},
				"down": {"uv": [0, 0, 3, 16], "texture": "#2"}
			}
		},
		{
			"from": [4, -3, 10.75],
			"to": [5.125, -0.5, 12.125],
			"faces": {
				"north": {"uv": [3, 0, 6, 16], "texture": "#2"},
				"east": {"uv": [3, 0, 6, 16], "texture": "#2"},
				"south": {"uv": [3, 0, 6, 16], "texture": "#2"},
				"west": {"uv": [3, 0, 6, 16], "texture": "#2"},
				"up": {"uv": [3, 0, 6, 16], "texture": "#2"},
				"down": {"uv": [3, 0, 6, 16], "texture": "#2"}
			}
		},
		{
			"from": [4, -3, 3.875],
			"to": [5.125, -0.5, 5.25],
			"faces": {
				"north": {"uv": [3, 0, 6, 16], "texture": "#2"},
				"east": {"uv": [3, 0, 6, 16], "texture": "#2"},
				"south": {"uv": [3, 0, 6, 16], "texture": "#2"},
				"west": {"uv": [3, 0, 6, 16], "texture": "#2"},
				"up": {"uv": [3, 0, 6, 16], "texture": "#2"},
				"down": {"uv": [3, 0, 6, 16], "texture": "#2"}
			}
		},
		{
			"from": [10.875, -3, 3.875],
			"to": [12, -0.5, 5.25],
			"faces": {
				"north": {"uv": [3, 0, 6, 16], "texture": "#2"},
				"east": {"uv": [3, 0, 6, 16], "texture": "#2"},
				"south": {"uv": [3, 0, 6, 16], "texture": "#2"},
				"west": {"uv": [3, 0, 6, 16], "texture": "#2"},
				"up": {"uv": [3, 0, 6, 16], "texture": "#2"},
				"down": {"uv": [3, 0, 6, 16], "texture": "#2"}
			}
		},
		{
			"from": [10.875, -3, 10.75],
			"to": [12, -0.5, 12.125],
			"faces": {
				"north": {"uv": [3, 0, 6, 16], "texture": "#2"},
				"east": {"uv": [3, 0, 6, 16], "texture": "#2"},
				"south": {"uv": [3, 0, 6, 16], "texture": "#2"},
				"west": {"uv": [3, 0, 6, 16], "texture": "#2"},
				"up": {"uv": [3, 0, 6, 16], "texture": "#2"},
				"down": {"uv": [3, 0, 6, 16], "texture": "#2"}
			}
		},
		{
			"from": [5.125, -2.5, 4.25],
			"to": [10.875, -1, 4.875],
			"faces": {
				"north": {"uv": [3, 0, 6, 16], "rotation": 90, "texture": "#2"},
				"east": {"uv": [3, 0, 6, 16], "rotation": 90, "texture": "#2"},
				"south": {"uv": [3, 0, 6, 16], "rotation": 90, "texture": "#2"},
				"west": {"uv": [3, 0, 6, 16], "rotation": 90, "texture": "#2"},
				"up": {"uv": [3, 0, 6, 16], "rotation": 90, "texture": "#2"},
				"down": {"uv": [3, 0, 6, 16], "rotation": 90, "texture": "#2"}
			}
		},
		{
			"from": [5.125, -2.5, 11.125],
			"to": [10.875, -1, 11.75],
			"faces": {
				"north": {"uv": [3, 0, 6, 16], "rotation": 90, "texture": "#2"},
				"east": {"uv": [3, 0, 6, 16], "rotation": 90, "texture": "#2"},
				"south": {"uv": [3, 0, 6, 16], "rotation": 90, "texture": "#2"},
				"west": {"uv": [3, 0, 6, 16], "rotation": 90, "texture": "#2"},
				"up": {"uv": [3, 0, 6, 16], "rotation": 90, "texture": "#2"},
				"down": {"uv": [3, 0, 6, 16], "rotation": 90, "texture": "#2"}
			}
		},
		{
			"from": [11.125, -2.5, 5.125],
			"to": [11.75, -1, 10.875],
			"faces": {
				"north": {"uv": [3, 0, 6, 16], "rotation": 90, "texture": "#2"},
				"east": {"uv": [3, 0, 6, 16], "rotation": 90, "texture": "#2"},
				"south": {"uv": [3, 0, 6, 16], "rotation": 90, "texture": "#2"},
				"west": {"uv": [3, 0, 6, 16], "rotation": 90, "texture": "#2"},
				"up": {"uv": [3, 0, 6, 16], "rotation": 90, "texture": "#2"},
				"down": {"uv": [3, 0, 6, 16], "rotation": 90, "texture": "#2"}
			}
		},
		{
			"from": [4.25, -2.5, 5.125],
			"to": [4.875, -1, 10.875],
			"faces": {
				"north": {"uv": [3, 0, 6, 16], "rotation": 90, "texture": "#2"},
				"east": {"uv": [3, 0, 6, 16], "rotation": 90, "texture": "#2"},
				"south": {"uv": [3, 0, 6, 16], "rotation": 90, "texture": "#2"},
				"west": {"uv": [3, 0, 6, 16], "rotation": 90, "texture": "#2"},
				"up": {"uv": [3, 0, 6, 16], "rotation": 90, "texture": "#2"},
				"down": {"uv": [3, 0, 6, 16], "rotation": 90, "texture": "#2"}
			}
		},
		{
			"from": [4.375, -5, 4.375],
			"to": [11.625, 1, 11.625],
			"faces": {
				"north": {"uv": [0, 0, 16, 16], "texture": "#3"},
				"east": {"uv": [0, 0, 16, 16], "texture": "#3"},
				"south": {"uv": [0, 0, 16, 16], "texture": "#3"},
				"west": {"uv": [0, 0, 16, 16], "texture": "#3"},
				"up": {"uv": [0, 0, 16, 16], "texture": "#3"},
				"down": {"uv": [0, 0, 16, 16], "texture": "#3"}
			}
		},
		{
			"from": [10.62445, 1.5, 10.75056],
			"to": [11.49945, 3.25, 12.12556],
			"rotation": {"angle": -45, "axis": "y", "origin": [11.43695, 2.25, 11.43806]},
			"faces": {
				"north": {"uv": [1.5, 1.5, 14.5, 14.5], "texture": "#0"},
				"east": {"uv": [1.5, 1.5, 14.5, 14.5], "texture": "#0"},
				"south": {"uv": [1.5, 1.5, 14.5, 14.5], "texture": "#0"},
				"west": {"uv": [1.5, 1.5, 14.5, 14.5], "texture": "#0"},
				"up": {"uv": [1.5, 1.5, 14.5, 14.5], "texture": "#0"},
				"down": {"uv": [1.5, 1.5, 14.5, 14.5], "texture": "#0"}
			}
		},
		{
			"from": [11.61014, 1.5, 10.39952],
			"to": [11.98514, 3.125, 11.02452],
			"rotation": {"angle": -22.5, "axis": "y", "origin": [12.17264, 2.25, 10.33702]},
			"faces": {
				"north": {"uv": [0, 0, 3, 16], "texture": "#2"},
				"east": {"uv": [0, 0, 3, 16], "texture": "#2"},
				"south": {"uv": [0, 0, 3, 16], "texture": "#2"},
				"west": {"uv": [0, 0, 3, 16], "texture": "#2"},
				"up": {"uv": [0, 0, 3, 16], "texture": "#2"},
				"down": {"uv": [0, 0, 3, 16], "texture": "#2"}
			}
		},
		{
			"from": [10.34132, 1.5, 11.32424],
			"to": [10.96632, 3.125, 11.69924],
			"rotation": {"angle": 22.5, "axis": "y", "origin": [11.02882, 2.25, 11.88674]},
			"faces": {
				"north": {"uv": [0, 0, 3, 16], "texture": "#2"},
				"east": {"uv": [0, 0, 3, 16], "texture": "#2"},
				"south": {"uv": [0, 0, 3, 16], "texture": "#2"},
				"west": {"uv": [0, 0, 3, 16], "texture": "#2"},
				"up": {"uv": [0, 0, 3, 16], "rotation": 90, "texture": "#2"},
				"down": {"uv": [0, 0, 3, 16], "rotation": 270, "texture": "#2"}
			}
		},
		{
			"from": [11.37445, 1.5, 11.12556],
			"to": [11.87445, 3, 11.75056],
			"rotation": {"angle": -45, "axis": "y", "origin": [11.43695, 2.25, 11.43806]},
			"faces": {
				"north": {"uv": [2, 2, 14, 14], "texture": "#1"},
				"east": {"uv": [2, 2, 14, 14], "texture": "#1"},
				"south": {"uv": [2, 2, 14, 14], "texture": "#1"},
				"west": {"uv": [2, 2, 14, 14], "texture": "#1"},
				"up": {"uv": [2, 2, 14, 14], "texture": "#1"},
				"down": {"uv": [2, 2, 14, 14], "texture": "#1"}
			}
		},
		{
			"from": [5.03369, 1.5, 11.32424],
			"to": [5.65869, 3.125, 11.69924],
			"rotation": {"angle": -22.5, "axis": "y", "origin": [4.97119, 2.25, 11.88674]},
			"faces": {
				"north": {"uv": [3, 0, 0, 16], "texture": "#2"},
				"east": {"uv": [3, 0, 0, 16], "texture": "#2"},
				"south": {"uv": [3, 0, 0, 16], "texture": "#2"},
				"west": {"uv": [3, 0, 0, 16], "texture": "#2"},
				"up": {"uv": [0, 16, 3, 0], "rotation": 90, "texture": "#2"},
				"down": {"uv": [0, 16, 3, 0], "rotation": 270, "texture": "#2"}
			}
		},
		{
			"from": [4.50056, 1.5, 10.75056],
			"to": [5.37556, 3.25, 12.12556],
			"rotation": {"angle": 45, "axis": "y", "origin": [4.56306, 2.25, 11.43806]},
			"faces": {
				"north": {"uv": [14.5, 1.5, 1.5, 14.5], "texture": "#0"},
				"east": {"uv": [14.5, 1.5, 1.5, 14.5], "texture": "#0"},
				"south": {"uv": [14.5, 1.5, 1.5, 14.5], "texture": "#0"},
				"west": {"uv": [14.5, 1.5, 1.5, 14.5], "texture": "#0"},
				"up": {"uv": [14.5, 1.5, 1.5, 14.5], "texture": "#0"},
				"down": {"uv": [14.5, 1.5, 1.5, 14.5], "texture": "#0"}
			}
		},
		{
			"from": [4.01487, 1.5, 10.39952],
			"to": [4.38987, 3.125, 11.02452],
			"rotation": {"angle": 22.5, "axis": "y", "origin": [3.82737, 2.25, 10.33702]},
			"faces": {
				"north": {"uv": [3, 0, 0, 16], "texture": "#2"},
				"east": {"uv": [3, 0, 0, 16], "texture": "#2"},
				"south": {"uv": [3, 0, 0, 16], "texture": "#2"},
				"west": {"uv": [3, 0, 0, 16], "texture": "#2"},
				"up": {"uv": [3, 0, 0, 16], "texture": "#2"},
				"down": {"uv": [3, 0, 0, 16], "texture": "#2"}
			}
		},
		{
			"from": [4.12556, 1.5, 11.12556],
			"to": [4.62556, 3, 11.75056],
			"rotation": {"angle": 45, "axis": "y", "origin": [4.56306, 2.25, 11.43806]},
			"faces": {
				"north": {"uv": [14, 2, 2, 14], "texture": "#1"},
				"east": {"uv": [14, 2, 2, 14], "texture": "#1"},
				"south": {"uv": [14, 2, 2, 14], "texture": "#1"},
				"west": {"uv": [14, 2, 2, 14], "texture": "#1"},
				"up": {"uv": [14, 2, 2, 14], "texture": "#1"},
				"down": {"uv": [14, 2, 2, 14], "texture": "#1"}
			}
		},
		{
			"from": [4.12667, 1.5, 4.25056],
			"to": [4.62667, 3, 4.87556],
			"rotation": {"angle": -45, "axis": "y", "origin": [4.56417, 2.25, 4.56306]},
			"faces": {
				"north": {"uv": [2, 2, 14, 14], "texture": "#1"},
				"east": {"uv": [2, 2, 14, 14], "texture": "#1"},
				"south": {"uv": [2, 2, 14, 14], "texture": "#1"},
				"west": {"uv": [2, 2, 14, 14], "texture": "#1"},
				"up": {"uv": [2, 2, 14, 14], "rotation": 180, "texture": "#1"},
				"down": {"uv": [2, 2, 14, 14], "rotation": 180, "texture": "#1"}
			}
		},
		{
			"from": [5.0348, 1.5, 4.30188],
			"to": [5.6598, 3.125, 4.67688],
			"rotation": {"angle": 22.5, "axis": "y", "origin": [4.9723, 2.25, 4.11438]},
			"faces": {
				"north": {"uv": [0, 0, 3, 16], "texture": "#2"},
				"east": {"uv": [0, 0, 3, 16], "texture": "#2"},
				"south": {"uv": [0, 0, 3, 16], "texture": "#2"},
				"west": {"uv": [0, 0, 3, 16], "texture": "#2"},
				"up": {"uv": [0, 0, 3, 16], "rotation": 270, "texture": "#2"},
				"down": {"uv": [0, 0, 3, 16], "rotation": 90, "texture": "#2"}
			}
		},
		{
			"from": [4.01598, 1.5, 4.97659],
			"to": [4.39098, 3.125, 5.60159],
			"rotation": {"angle": -22.5, "axis": "y", "origin": [3.82848, 2.25, 5.66409]},
			"faces": {
				"north": {"uv": [0, 0, 3, 16], "texture": "#2"},
				"east": {"uv": [0, 0, 3, 16], "texture": "#2"},
				"south": {"uv": [0, 0, 3, 16], "texture": "#2"},
				"west": {"uv": [0, 0, 3, 16], "texture": "#2"},
				"up": {"uv": [0, 0, 3, 16], "rotation": 180, "texture": "#2"},
				"down": {"uv": [0, 0, 3, 16], "rotation": 180, "texture": "#2"}
			}
		},
		{
			"from": [4.50167, 1.5, 3.87556],
			"to": [5.37667, 3.25, 5.25056],
			"rotation": {"angle": -45, "axis": "y", "origin": [4.56417, 2.25, 4.56306]},
			"faces": {
				"north": {"uv": [1.5, 1.5, 14.5, 14.5], "texture": "#0"},
				"east": {"uv": [1.5, 1.5, 14.5, 14.5], "texture": "#0"},
				"south": {"uv": [1.5, 1.5, 14.5, 14.5], "texture": "#0"},
				"west": {"uv": [1.5, 1.5, 14.5, 14.5], "texture": "#0"},
				"up": {"uv": [1.5, 1.5, 14.5, 14.5], "rotation": 180, "texture": "#0"},
				"down": {"uv": [1.5, 1.5, 14.5, 14.5], "rotation": 180, "texture": "#0"}
			}
		},
		{
			"from": [10.34243, 1.5, 4.30188],
			"to": [10.96743, 3.125, 4.67688],
			"rotation": {"angle": -22.5, "axis": "y", "origin": [11.02993, 2.25, 4.11438]},
			"faces": {
				"north": {"uv": [3, 0, 0, 16], "texture": "#2"},
				"east": {"uv": [3, 0, 0, 16], "texture": "#2"},
				"south": {"uv": [3, 0, 0, 16], "texture": "#2"},
				"west": {"uv": [3, 0, 0, 16], "texture": "#2"},
				"up": {"uv": [0, 16, 3, 0], "rotation": 270, "texture": "#2"},
				"down": {"uv": [0, 16, 3, 0], "rotation": 90, "texture": "#2"}
			}
		},
		{
			"from": [10.62556, 1.5, 3.87556],
			"to": [11.50056, 3.25, 5.25056],
			"rotation": {"angle": 45, "axis": "y", "origin": [11.43806, 2.25, 4.56306]},
			"faces": {
				"north": {"uv": [14.5, 1.5, 1.5, 14.5], "texture": "#0"},
				"east": {"uv": [14.5, 1.5, 1.5, 14.5], "texture": "#0"},
				"south": {"uv": [14.5, 1.5, 1.5, 14.5], "texture": "#0"},
				"west": {"uv": [14.5, 1.5, 1.5, 14.5], "texture": "#0"},
				"up": {"uv": [14.5, 1.5, 1.5, 14.5], "rotation": 180, "texture": "#0"},
				"down": {"uv": [14.5, 1.5, 1.5, 14.5], "rotation": 180, "texture": "#0"}
			}
		},
		{
			"from": [11.61125, 1.5, 4.97659],
			"to": [11.98625, 3.125, 5.60159],
			"rotation": {"angle": 22.5, "axis": "y", "origin": [12.17375, 2.25, 5.66409]},
			"faces": {
				"north": {"uv": [3, 0, 0, 16], "texture": "#2"},
				"east": {"uv": [3, 0, 0, 16], "texture": "#2"},
				"south": {"uv": [3, 0, 0, 16], "texture": "#2"},
				"west": {"uv": [3, 0, 0, 16], "texture": "#2"},
				"up": {"uv": [3, 0, 0, 16], "rotation": 180, "texture": "#2"},
				"down": {"uv": [3, 0, 0, 16], "rotation": 180, "texture": "#2"}
			}
		},
		{
			"from": [11.37556, 1.5, 4.25056],
			"to": [11.87556, 3, 4.87556],
			"rotation": {"angle": 45, "axis": "y", "origin": [11.43806, 2.25, 4.56306]},
			"faces": {
				"north": {"uv": [14, 2, 2, 14], "texture": "#1"},
				"east": {"uv": [14, 2, 2, 14], "texture": "#1"},
				"south": {"uv": [14, 2, 2, 14], "texture": "#1"},
				"west": {"uv": [14, 2, 2, 14], "texture": "#1"},
				"up": {"uv": [14, 2, 2, 14], "rotation": 180, "texture": "#1"},
				"down": {"uv": [14, 2, 2, 14], "rotation": 180, "texture": "#1"}
			}
		},
		{
			"name": "hexadecagon",
			"from": [7.60218, 1.75, 6.125],
			"to": [8.39783, 3.375, 7.125],
			"rotation": {"angle": -45, "axis": "y", "origin": [8, 3.125, 8]},
			"faces": {
				"north": {"uv": [2.5, 2.5, 13.5, 13.5], "texture": "#1"},
				"east": {"uv": [2.5, 2.5, 13.5, 13.5], "texture": "#1"},
				"south": {"uv": [2.5, 2.5, 13.5, 13.5], "texture": "#1"},
				"west": {"uv": [2.5, 2.5, 13.5, 13.5], "texture": "#1"},
				"up": {"uv": [2.5, 2.5, 13.5, 13.5], "texture": "#1"},
				"down": {"uv": [2.5, 2.5, 13.5, 13.5], "texture": "#1"}
			}
		},
		{
			"name": "hexadecagon",
			"from": [7.60218, 1.625, 6.5],
			"to": [8.39783, 3.25, 7],
			"rotation": {"angle": -22.5, "axis": "y", "origin": [8, 3, 8]},
			"faces": {
				"north": {"uv": [0, 0, 3, 16], "texture": "#2"},
				"east": {"uv": [0, 0, 3, 16], "texture": "#2"},
				"south": {"uv": [0, 0, 3, 16], "texture": "#2"},
				"west": {"uv": [0, 0, 3, 16], "texture": "#2"},
				"up": {"uv": [0, 0, 3, 16], "texture": "#2"},
				"down": {"uv": [0, 0, 3, 16], "texture": "#2"}
			}
		},
		{
			"name": "hexadecagon",
			"from": [7.60218, 1.75, 6.125],
			"to": [8.39783, 3.375, 7.125],
			"faces": {
				"north": {"uv": [2.5, 2.5, 13.5, 13.5], "texture": "#1"},
				"east": {"uv": [2.5, 2.5, 13.5, 13.5], "texture": "#1"},
				"south": {"uv": [2.5, 2.5, 13.5, 13.5], "texture": "#1"},
				"west": {"uv": [2.5, 2.5, 13.5, 13.5], "texture": "#1"},
				"up": {"uv": [2.5, 2.5, 13.5, 13.5], "texture": "#1"},
				"down": {"uv": [2.5, 2.5, 13.5, 13.5], "texture": "#1"}
			}
		},
		{
			"name": "hexadecagon",
			"from": [7.60218, 1.625, 6.5],
			"to": [8.39783, 3.25, 7],
			"rotation": {"angle": 22.5, "axis": "y", "origin": [8, 3, 8]},
			"faces": {
				"north": {"uv": [0, 0, 3, 16], "texture": "#2"},
				"east": {"uv": [0, 0, 3, 16], "texture": "#2"},
				"south": {"uv": [0, 0, 3, 16], "texture": "#2"},
				"west": {"uv": [0, 0, 3, 16], "texture": "#2"},
				"up": {"uv": [0, 0, 3, 16], "texture": "#2"},
				"down": {"uv": [0, 0, 3, 16], "texture": "#2"}
			}
		},
		{
			"name": "hexadecagon",
			"from": [7.60218, 1.75, 6.125],
			"to": [8.39783, 3.375, 7.125],
			"rotation": {"angle": 45, "axis": "y", "origin": [8, 3.125, 8]},
			"faces": {
				"north": {"uv": [2.5, 2.5, 13.5, 13.5], "texture": "#1"},
				"east": {"uv": [2.5, 2.5, 13.5, 13.5], "texture": "#1"},
				"south": {"uv": [2.5, 2.5, 13.5, 13.5], "texture": "#1"},
				"west": {"uv": [2.5, 2.5, 13.5, 13.5], "texture": "#1"},
				"up": {"uv": [2.5, 2.5, 13.5, 13.5], "texture": "#1"},
				"down": {"uv": [2.5, 2.5, 13.5, 13.5], "texture": "#1"}
			}
		},
		{
			"name": "hexadecagon",
			"from": [7.60218, 1.75, 8.875],
			"to": [8.39783, 3.375, 9.875],
			"rotation": {"angle": -45, "axis": "y", "origin": [8, 3.125, 8]},
			"faces": {
				"north": {"uv": [2.5, 2.5, 13.5, 13.5], "texture": "#1"},
				"east": {"uv": [2.5, 2.5, 13.5, 13.5], "texture": "#1"},
				"south": {"uv": [2.5, 2.5, 13.5, 13.5], "texture": "#1"},
				"west": {"uv": [2.5, 2.5, 13.5, 13.5], "texture": "#1"},
				"up": {"uv": [2.5, 2.5, 13.5, 13.5], "texture": "#1"},
				"down": {"uv": [2.5, 2.5, 13.5, 13.5], "texture": "#1"}
			}
		},
		{
			"name": "hexadecagon",
			"from": [7.60218, 1.625, 9],
			"to": [8.39783, 3.25, 9.5],
			"rotation": {"angle": -22.5, "axis": "y", "origin": [8, 3, 8]},
			"faces": {
				"north": {"uv": [0, 0, 3, 16], "texture": "#2"},
				"east": {"uv": [0, 0, 3, 16], "texture": "#2"},
				"south": {"uv": [0, 0, 3, 16], "texture": "#2"},
				"west": {"uv": [0, 0, 3, 16], "texture": "#2"},
				"up": {"uv": [0, 0, 3, 16], "texture": "#2"},
				"down": {"uv": [0, 0, 3, 16], "texture": "#2"}
			}
		},
		{
			"name": "hexadecagon",
			"from": [7.60218, 1.75, 8.875],
			"to": [8.39783, 3.375, 9.875],
			"faces": {
				"north": {"uv": [2.5, 2.5, 13.5, 13.5], "texture": "#1"},
				"east": {"uv": [2.5, 2.5, 13.5, 13.5], "texture": "#1"},
				"south": {"uv": [2.5, 2.5, 13.5, 13.5], "texture": "#1"},
				"west": {"uv": [2.5, 2.5, 13.5, 13.5], "texture": "#1"},
				"up": {"uv": [2.5, 2.5, 13.5, 13.5], "texture": "#1"},
				"down": {"uv": [2.5, 2.5, 13.5, 13.5], "texture": "#1"}
			}
		},
		{
			"name": "hexadecagon",
			"from": [7.60218, 1.625, 9],
			"to": [8.39783, 3.25, 9.5],
			"rotation": {"angle": 22.5, "axis": "y", "origin": [8, 3, 8]},
			"faces": {
				"north": {"uv": [0, 0, 3, 16], "texture": "#2"},
				"east": {"uv": [0, 0, 3, 16], "texture": "#2"},
				"south": {"uv": [0, 0, 3, 16], "texture": "#2"},
				"west": {"uv": [0, 0, 3, 16], "texture": "#2"},
				"up": {"uv": [0, 0, 3, 16], "texture": "#2"},
				"down": {"uv": [0, 0, 3, 16], "texture": "#2"}
			}
		},
		{
			"name": "hexadecagon",
			"from": [7.60218, 1.75, 8.875],
			"to": [8.39783, 3.375, 9.875],
			"rotation": {"angle": 45, "axis": "y", "origin": [8, 3.125, 8]},
			"faces": {
				"north": {"uv": [2.5, 2.5, 13.5, 13.5], "texture": "#1"},
				"east": {"uv": [2.5, 2.5, 13.5, 13.5], "texture": "#1"},
				"south": {"uv": [2.5, 2.5, 13.5, 13.5], "texture": "#1"},
				"west": {"uv": [2.5, 2.5, 13.5, 13.5], "texture": "#1"},
				"up": {"uv": [2.5, 2.5, 13.5, 13.5], "texture": "#1"},
				"down": {"uv": [2.5, 2.5, 13.5, 13.5], "texture": "#1"}
			}
		},
		{
			"name": "hexadecagon",
			"from": [6.5, 1.625, 7.60218],
			"to": [7, 3.25, 8.39783],
			"rotation": {"angle": -22.5, "axis": "y", "origin": [8, 3, 8]},
			"faces": {
				"north": {"uv": [0, 0, 3, 16], "texture": "#2"},
				"east": {"uv": [0, 0, 3, 16], "texture": "#2"},
				"south": {"uv": [0, 0, 3, 16], "texture": "#2"},
				"west": {"uv": [0, 0, 3, 16], "texture": "#2"},
				"up": {"uv": [0, 0, 3, 16], "texture": "#2"},
				"down": {"uv": [0, 0, 3, 16], "texture": "#2"}
			}
		},
		{
			"name": "hexadecagon",
			"from": [6.125, 1.75, 7.60218],
			"to": [7.125, 3.375, 8.39783],
			"faces": {
				"north": {"uv": [2.5, 2.5, 13.5, 13.5], "texture": "#1"},
				"east": {"uv": [2.5, 2.5, 13.5, 13.5], "texture": "#1"},
				"south": {"uv": [2.5, 2.5, 13.5, 13.5], "texture": "#1"},
				"west": {"uv": [2.5, 2.5, 13.5, 13.5], "texture": "#1"},
				"up": {"uv": [2.5, 2.5, 13.5, 13.5], "texture": "#1"},
				"down": {"uv": [2.5, 2.5, 13.5, 13.5], "texture": "#1"}
			}
		},
		{
			"name": "hexadecagon",
			"from": [6.5, 1.625, 7.60218],
			"to": [7, 3.25, 8.39783],
			"rotation": {"angle": 22.5, "axis": "y", "origin": [8, 3, 8]},
			"faces": {
				"north": {"uv": [0, 0, 3, 16], "texture": "#2"},
				"east": {"uv": [0, 0, 3, 16], "texture": "#2"},
				"south": {"uv": [0, 0, 3, 16], "texture": "#2"},
				"west": {"uv": [0, 0, 3, 16], "texture": "#2"},
				"up": {"uv": [0, 0, 3, 16], "texture": "#2"},
				"down": {"uv": [0, 0, 3, 16], "texture": "#2"}
			}
		},
		{
			"name": "hexadecagon",
			"from": [9, 1.625, 7.60218],
			"to": [9.5, 3.25, 8.39783],
			"rotation": {"angle": -22.5, "axis": "y", "origin": [8, 3, 8]},
			"faces": {
				"north": {"uv": [0, 0, 3, 16], "texture": "#2"},
				"east": {"uv": [0, 0, 3, 16], "texture": "#2"},
				"south": {"uv": [0, 0, 3, 16], "texture": "#2"},
				"west": {"uv": [0, 0, 3, 16], "texture": "#2"},
				"up": {"uv": [0, 0, 3, 16], "texture": "#2"},
				"down": {"uv": [0, 0, 3, 16], "texture": "#2"}
			}
		},
		{
			"name": "hexadecagon",
			"from": [8.875, 1.75, 7.60218],
			"to": [9.875, 3.375, 8.39783],
			"faces": {
				"north": {"uv": [2.5, 2.5, 13.5, 13.5], "texture": "#1"},
				"east": {"uv": [2.5, 2.5, 13.5, 13.5], "texture": "#1"},
				"south": {"uv": [2.5, 2.5, 13.5, 13.5], "texture": "#1"},
				"west": {"uv": [2.5, 2.5, 13.5, 13.5], "texture": "#1"},
				"up": {"uv": [2.5, 2.5, 13.5, 13.5], "texture": "#1"},
				"down": {"uv": [2.5, 2.5, 13.5, 13.5], "texture": "#1"}
			}
		},
		{
			"name": "hexadecagon",
			"from": [9, 1.625, 7.60218],
			"to": [9.5, 3.25, 8.39783],
			"rotation": {"angle": 22.5, "axis": "y", "origin": [8, 3, 8]},
			"faces": {
				"north": {"uv": [0, 0, 3, 16], "texture": "#2"},
				"east": {"uv": [0, 0, 3, 16], "texture": "#2"},
				"south": {"uv": [0, 0, 3, 16], "texture": "#2"},
				"west": {"uv": [0, 0, 3, 16], "texture": "#2"},
				"up": {"uv": [0, 0, 3, 16], "texture": "#2"},
				"down": {"uv": [0, 0, 3, 16], "texture": "#2"}
			}
		},
		{
			"from": [4.5, -7.62337, 3.83854],
			"to": [11.5, -5.62337, 5.33854],
			"rotation": {"angle": 22.5, "axis": "x", "origin": [8, -5.2092, 8.00267]},
			"faces": {
				"north": {"uv": [0, 0, 16, 16], "rotation": 90, "texture": "#0"},
				"east": {"uv": [0, 0, 16, 16], "rotation": 90, "texture": "#0"},
				"south": {"uv": [0, 0, 16, 16], "rotation": 90, "texture": "#0"},
				"west": {"uv": [0, 0, 16, 16], "rotation": 90, "texture": "#0"},
				"up": {"uv": [0, 0, 16, 16], "rotation": 90, "texture": "#0"},
				"down": {"uv": [0, 0, 16, 16], "rotation": 90, "texture": "#0"}
			}
		},
		{
			"from": [10.50845, -8.81236, 4.50267],
			"to": [12.00845, -6.81236, 11.50267],
			"rotation": {"angle": 22.5, "axis": "z", "origin": [4.93345, -5.41236, 8.00267]},
			"faces": {
				"north": {"uv": [0, 0, 16, 16], "rotation": 270, "texture": "#0"},
				"east": {"uv": [0, 0, 16, 16], "rotation": 270, "texture": "#0"},
				"south": {"uv": [0, 0, 16, 16], "rotation": 270, "texture": "#0"},
				"west": {"uv": [0, 0, 16, 16], "rotation": 270, "texture": "#0"},
				"up": {"uv": [0, 0, 16, 16], "rotation": 270, "texture": "#0"},
				"down": {"uv": [0, 0, 16, 16], "rotation": 270, "texture": "#0"}
			}
		},
		{
			"from": [3.99155, -8.81236, 4.50267],
			"to": [5.49155, -6.81236, 11.50267],
			"rotation": {"angle": -22.5, "axis": "z", "origin": [11.06655, -5.41236, 8.00267]},
			"faces": {
				"north": {"uv": [0, 0, 16, 16], "rotation": 270, "texture": "#0"},
				"east": {"uv": [0, 0, 16, 16], "rotation": 270, "texture": "#0"},
				"south": {"uv": [0, 0, 16, 16], "rotation": 270, "texture": "#0"},
				"west": {"uv": [0, 0, 16, 16], "rotation": 270, "texture": "#0"},
				"up": {"uv": [0, 0, 16, 16], "rotation": 270, "texture": "#0"},
				"down": {"uv": [0, 0, 16, 16], "rotation": 270, "texture": "#0"}
			}
		},
		{
			"from": [4.5, -7.62337, 10.6668],
			"to": [11.5, -5.62337, 12.1668],
			"rotation": {"angle": -22.5, "axis": "x", "origin": [8, -5.2092, 8.00267]},
			"faces": {
				"north": {"uv": [0, 0, 16, 16], "rotation": 90, "texture": "#0"},
				"east": {"uv": [0, 0, 16, 16], "rotation": 90, "texture": "#0"},
				"south": {"uv": [0, 0, 16, 16], "rotation": 90, "texture": "#0"},
				"west": {"uv": [0, 0, 16, 16], "rotation": 90, "texture": "#0"},
				"up": {"uv": [0, 0, 16, 16], "rotation": 90, "texture": "#0"},
				"down": {"uv": [0, 0, 16, 16], "rotation": 90, "texture": "#0"}
			}
		}
	],
	"display": {
		"thirdperson_righthand": {
			"rotation": [75, 0, -10],
			"translation": [-7.32, -3.75, 3.25],
			"scale": [2.3, 2.3, 2.3]
		},
		"firstperson_righthand": {
			"scale": [0.5, 0.5, 0.5]
		},
		"gui": {
			"rotation": [42, 0, 21],
			"translation": [-1.25, 1, 0],
			"scale": [0.5, 0.5, 0.5]
		},
		"head": {
			"translation": [0, -54, 0],
			"scale": [1.8, 1.8, 1.8]
		},
		"fixed": {
			"rotation": [-90, 0, 0],
			"translation": [0, 0, -16],
			"scale": [2, 2, 2]
		}
	},
	"groups": [
		{
			"name": "crafter",
			"children": [0, 1, 2, 3, 4, 5, 6, 7, 8, 9, 10, 11, 12, 13, 14, 15, 16, 17, 18, 19, 20, 21, 22, 23, 24, 25, 26, 27, 28, 29, 30,
				{
					"name": "NotGear",
					"children": [31, 32, 33, 34, 35, 36, 37, 38, 39, 40, 41, 42, 43, 44, 45, 46]
				}
			]
		}, 47, 48, 49, 50]
}