{
	"credit": "Made with Blockbench",
	"textures": {
		"0": "zcbm/magic/ancient/allparts",
		"1": "zcbm/magic/ancient/planks",
		"3": "zcbm/magic/ancient/crystal",
		"4": "zcbm/magic/ancient/crystalanim",
		"particle": "zcbm/magic/ancient/allparts"
	},
	"elements": [
		{
			"from": [1.75, 1.75, 1.75],
			"to": [14.25, 14.25, 14.25],
			"faces": {
				"north": {"uv": [1.25, 1.25, 6.75, 6.75], "texture": "#0"},
				"east": {"uv": [1.25, 1.25, 6.75, 6.75], "texture": "#0"},
				"south": {"uv": [1.25, 1.25, 6.75, 6.75], "texture": "#0"},
				"west": {"uv": [1.25, 1.25, 6.75, 6.75], "texture": "#0"},
				"up": {"uv": [1.25, 1.25, 6.75, 6.75], "texture": "#0"},
				"down": {"uv": [1.25, 1.25, 6.75, 6.75], "texture": "#0"}
			}
		},
		{
			"from": [2, 1.5, 13.5],
			"to": [14, 2.5, 14.5],
			"faces": {
				"north": {"uv": [8, 8, 9.5, 16], "rotation": 90, "texture": "#0"},
				"east": {"uv": [8, 8, 9.5, 16], "rotation": 90, "texture": "#0"},
				"south": {"uv": [8, 8, 9.5, 16], "rotation": 90, "texture": "#0"},
				"west": {"uv": [8, 8, 9.5, 16], "rotation": 90, "texture": "#0"},
				"up": {"uv": [8, 8, 9.5, 16], "rotation": 90, "texture": "#0"},
				"down": {"uv": [8, 8, 9.5, 16], "rotation": 90, "texture": "#0"}
			}
		},
		{
			"from": [2, 13.5, 13.5],
			"to": [14, 14.5, 14.5],
			"faces": {
				"north": {"uv": [8, 8, 9.5, 16], "rotation": 90, "texture": "#0"},
				"east": {"uv": [8, 8, 9.5, 16], "rotation": 90, "texture": "#0"},
				"south": {"uv": [8, 8, 9.5, 16], "rotation": 90, "texture": "#0"},
				"west": {"uv": [8, 8, 9.5, 16], "rotation": 90, "texture": "#0"},
				"up": {"uv": [8, 8, 9.5, 16], "rotation": 90, "texture": "#0"},
				"down": {"uv": [8, 8, 9.5, 16], "rotation": 90, "texture": "#0"}
			}
		},
		{
			"from": [1.5, 1.5, 2],
			"to": [2.5, 2.5, 14],
			"faces": {
				"north": {"uv": [8, 8, 9.5, 16], "rotation": 90, "texture": "#0"},
				"east": {"uv": [8, 8, 9.5, 16], "rotation": 90, "texture": "#0"},
				"south": {"uv": [8, 8, 9.5, 16], "rotation": 90, "texture": "#0"},
				"west": {"uv": [8, 8, 9.5, 16], "rotation": 90, "texture": "#0"},
				"up": {"uv": [8, 8, 9.5, 16], "rotation": 180, "texture": "#0"},
				"down": {"uv": [8, 8, 9.5, 16], "texture": "#0"}
			}
		},
		{
			"from": [1.5, 13.5, 2],
			"to": [2.5, 14.5, 14],
			"faces": {
				"north": {"uv": [8, 8, 9.5, 16], "rotation": 90, "texture": "#0"},
				"east": {"uv": [8, 8, 9.5, 16], "rotation": 90, "texture": "#0"},
				"south": {"uv": [8, 8, 9.5, 16], "rotation": 90, "texture": "#0"},
				"west": {"uv": [8, 8, 9.5, 16], "rotation": 90, "texture": "#0"},
				"up": {"uv": [8, 8, 9.5, 16], "rotation": 180, "texture": "#0"},
				"down": {"uv": [8, 8, 9.5, 16], "texture": "#0"}
			}
		},
		{
			"from": [2, 1.5, 1.5],
			"to": [14, 2.5, 2.5],
			"faces": {
				"north": {"uv": [8, 8, 9.5, 16], "rotation": 90, "texture": "#0"},
				"east": {"uv": [8, 8, 9.5, 16], "rotation": 90, "texture": "#0"},
				"south": {"uv": [8, 8, 9.5, 16], "rotation": 90, "texture": "#0"},
				"west": {"uv": [8, 8, 9.5, 16], "rotation": 90, "texture": "#0"},
				"up": {"uv": [8, 8, 9.5, 16], "rotation": 270, "texture": "#0"},
				"down": {"uv": [8, 8, 9.5, 16], "rotation": 270, "texture": "#0"}
			}
		},
		{
			"from": [2, 13.5, 1.5],
			"to": [14, 14.5, 2.5],
			"faces": {
				"north": {"uv": [8, 8, 9.5, 16], "rotation": 90, "texture": "#0"},
				"east": {"uv": [8, 8, 9.5, 16], "rotation": 90, "texture": "#0"},
				"south": {"uv": [8, 8, 9.5, 16], "rotation": 90, "texture": "#0"},
				"west": {"uv": [8, 8, 9.5, 16], "rotation": 90, "texture": "#0"},
				"up": {"uv": [8, 8, 9.5, 16], "rotation": 270, "texture": "#0"},
				"down": {"uv": [8, 8, 9.5, 16], "rotation": 270, "texture": "#0"}
			}
		},
		{
			"from": [13.5, 1.5, 2],
			"to": [14.5, 2.5, 14],
			"faces": {
				"north": {"uv": [8, 8, 9.5, 16], "rotation": 90, "texture": "#0"},
				"east": {"uv": [8, 8, 9.5, 16], "rotation": 90, "texture": "#0"},
				"south": {"uv": [8, 8, 9.5, 16], "rotation": 90, "texture": "#0"},
				"west": {"uv": [8, 8, 9.5, 16], "rotation": 90, "texture": "#0"},
				"up": {"uv": [8, 8, 9.5, 16], "texture": "#0"},
				"down": {"uv": [8, 8, 9.5, 16], "rotation": 180, "texture": "#0"}
			}
		},
		{
			"from": [13.5, 13.5, 2],
			"to": [14.5, 14.5, 14],
			"faces": {
				"north": {"uv": [8, 8, 9.5, 16], "rotation": 90, "texture": "#0"},
				"east": {"uv": [8, 8, 9.5, 16], "rotation": 90, "texture": "#0"},
				"south": {"uv": [8, 8, 9.5, 16], "rotation": 90, "texture": "#0"},
				"west": {"uv": [8, 8, 9.5, 16], "rotation": 90, "texture": "#0"},
				"up": {"uv": [8, 8, 9.5, 16], "texture": "#0"},
				"down": {"uv": [8, 8, 9.5, 16], "rotation": 180, "texture": "#0"}
			}
		},
		{
			"from": [13.5, 2, 13.5],
			"to": [14.5, 14, 14.5],
			"faces": {
				"north": {"uv": [8, 8, 9.5, 16], "rotation": 180, "texture": "#0"},
				"east": {"uv": [8, 8, 9.5, 16], "texture": "#0"},
				"south": {"uv": [8, 8, 9.5, 16], "texture": "#0"},
				"west": {"uv": [8, 8, 9.5, 16], "rotation": 180, "texture": "#0"},
				"up": {"uv": [8, 8, 9.5, 16], "texture": "#0"},
				"down": {"uv": [8, 8, 9.5, 16], "texture": "#0"}
			}
		},
		{
			"from": [1.5, 2, 13.5],
			"to": [2.5, 14, 14.5],
			"faces": {
				"north": {"uv": [8, 8, 9.5, 16], "rotation": 180, "texture": "#0"},
				"east": {"uv": [8, 8, 9.5, 16], "texture": "#0"},
				"south": {"uv": [8, 8, 9.5, 16], "texture": "#0"},
				"west": {"uv": [8, 8, 9.5, 16], "rotation": 180, "texture": "#0"},
				"up": {"uv": [8, 8, 9.5, 16], "texture": "#0"},
				"down": {"uv": [8, 8, 9.5, 16], "texture": "#0"}
			}
		},
		{
			"from": [13.5, 2, 1.5],
			"to": [14.5, 14, 2.5],
			"faces": {
				"north": {"uv": [8, 8, 9.5, 16], "rotation": 180, "texture": "#0"},
				"east": {"uv": [8, 8, 9.5, 16], "texture": "#0"},
				"south": {"uv": [8, 8, 9.5, 16], "texture": "#0"},
				"west": {"uv": [8, 8, 9.5, 16], "rotation": 180, "texture": "#0"},
				"up": {"uv": [8, 8, 9.5, 16], "texture": "#0"},
				"down": {"uv": [8, 8, 9.5, 16], "texture": "#0"}
			}
		},
		{
			"from": [1.5, 2, 1.5],
			"to": [2.5, 14, 2.5],
			"faces": {
				"north": {"uv": [8, 8, 9.5, 16], "rotation": 180, "texture": "#0"},
				"east": {"uv": [8, 8, 9.5, 16], "texture": "#0"},
				"south": {"uv": [8, 8, 9.5, 16], "texture": "#0"},
				"west": {"uv": [8, 8, 9.5, 16], "rotation": 180, "texture": "#0"},
				"up": {"uv": [8, 8, 9.5, 16], "texture": "#0"},
				"down": {"uv": [8, 8, 9.5, 16], "texture": "#0"}
			}
		},
		{
			"from": [1.3, 13.3, 13.3],
			"to": [2.7, 14.7, 14.7],
			"faces": {
				"north": {"uv": [0, 8, 8, 16], "rotation": 90, "texture": "#0"},
				"east": {"uv": [0, 8, 8, 16], "rotation": 90, "texture": "#0"},
				"south": {"uv": [0, 8, 8, 16], "rotation": 90, "texture": "#0"},
				"west": {"uv": [0, 8, 8, 16], "rotation": 90, "texture": "#0"},
				"up": {"uv": [0, 8, 8, 16], "rotation": 90, "texture": "#0"},
				"down": {"uv": [0, 8, 8, 16], "rotation": 90, "texture": "#0"}
			}
		},
		{
			"from": [1.3, 1.3, 13.3],
			"to": [2.7, 2.7, 14.7],
			"faces": {
				"north": {"uv": [0, 8, 8, 16], "rotation": 90, "texture": "#0"},
				"east": {"uv": [0, 8, 8, 16], "rotation": 90, "texture": "#0"},
				"south": {"uv": [0, 8, 8, 16], "rotation": 90, "texture": "#0"},
				"west": {"uv": [0, 8, 8, 16], "rotation": 90, "texture": "#0"},
				"up": {"uv": [0, 8, 8, 16], "rotation": 90, "texture": "#0"},
				"down": {"uv": [0, 8, 8, 16], "rotation": 90, "texture": "#0"}
			}
		},
		{
			"from": [13.3, 13.3, 13.3],
			"to": [14.7, 14.7, 14.7],
			"faces": {
				"north": {"uv": [0, 8, 8, 16], "rotation": 90, "texture": "#0"},
				"east": {"uv": [0, 8, 8, 16], "rotation": 90, "texture": "#0"},
				"south": {"uv": [0, 8, 8, 16], "rotation": 90, "texture": "#0"},
				"west": {"uv": [0, 8, 8, 16], "rotation": 90, "texture": "#0"},
				"up": {"uv": [0, 8, 8, 16], "rotation": 90, "texture": "#0"},
				"down": {"uv": [0, 8, 8, 16], "rotation": 90, "texture": "#0"}
			}
		},
		{
			"from": [13.3, 1.3, 13.3],
			"to": [14.7, 2.7, 14.7],
			"faces": {
				"north": {"uv": [0, 8, 8, 16], "rotation": 90, "texture": "#0"},
				"east": {"uv": [0, 8, 8, 16], "rotation": 90, "texture": "#0"},
				"south": {"uv": [0, 8, 8, 16], "rotation": 90, "texture": "#0"},
				"west": {"uv": [0, 8, 8, 16], "rotation": 90, "texture": "#0"},
				"up": {"uv": [0, 8, 8, 16], "rotation": 90, "texture": "#0"},
				"down": {"uv": [0, 8, 8, 16], "rotation": 90, "texture": "#0"}
			}
		},
		{
			"from": [1.3, 1.3, 1.3],
			"to": [2.7, 2.7, 2.7],
			"faces": {
				"north": {"uv": [0, 8, 8, 16], "rotation": 90, "texture": "#0"},
				"east": {"uv": [0, 8, 8, 16], "rotation": 90, "texture": "#0"},
				"south": {"uv": [0, 8, 8, 16], "rotation": 90, "texture": "#0"},
				"west": {"uv": [0, 8, 8, 16], "rotation": 90, "texture": "#0"},
				"up": {"uv": [0, 8, 8, 16], "rotation": 90, "texture": "#0"},
				"down": {"uv": [0, 8, 8, 16], "rotation": 90, "texture": "#0"}
			}
		},
		{
			"from": [1.3, 13.3, 1.3],
			"to": [2.7, 14.7, 2.7],
			"faces": {
				"north": {"uv": [0, 8, 8, 16], "rotation": 90, "texture": "#0"},
				"east": {"uv": [0, 8, 8, 16], "rotation": 90, "texture": "#0"},
				"south": {"uv": [0, 8, 8, 16], "rotation": 90, "texture": "#0"},
				"west": {"uv": [0, 8, 8, 16], "rotation": 90, "texture": "#0"},
				"up": {"uv": [0, 8, 8, 16], "rotation": 90, "texture": "#0"},
				"down": {"uv": [0, 8, 8, 16], "rotation": 90, "texture": "#0"}
			}
		},
		{
			"from": [13.3, 13.3, 1.3],
			"to": [14.7, 14.7, 2.7],
			"faces": {
				"north": {"uv": [0, 8, 8, 16], "rotation": 90, "texture": "#0"},
				"east": {"uv": [0, 8, 8, 16], "rotation": 90, "texture": "#0"},
				"south": {"uv": [0, 8, 8, 16], "rotation": 90, "texture": "#0"},
				"west": {"uv": [0, 8, 8, 16], "rotation": 90, "texture": "#0"},
				"up": {"uv": [0, 8, 8, 16], "rotation": 90, "texture": "#0"},
				"down": {"uv": [0, 8, 8, 16], "rotation": 90, "texture": "#0"}
			}
		},
		{
			"from": [13.3, 1.3, 1.3],
			"to": [14.7, 2.7, 2.7],
			"faces": {
				"north": {"uv": [0, 8, 8, 16], "rotation": 90, "texture": "#0"},
				"east": {"uv": [0, 8, 8, 16], "rotation": 90, "texture": "#0"},
				"south": {"uv": [0, 8, 8, 16], "rotation": 90, "texture": "#0"},
				"west": {"uv": [0, 8, 8, 16], "rotation": 90, "texture": "#0"},
				"up": {"uv": [0, 8, 8, 16], "rotation": 90, "texture": "#0"},
				"down": {"uv": [0, 8, 8, 16], "rotation": 90, "texture": "#0"}
			}
		},
		{
			"from": [1.5, 4, 4],
			"to": [14.5, 12, 12],
			"faces": {
				"north": {"uv": [0, 0, 16, 16], "texture": "#1"},
				"east": {"uv": [0, 0, 16, 16], "texture": "#1"},
				"south": {"uv": [0, 0, 16, 16], "texture": "#1"},
				"west": {"uv": [0, 0, 16, 16], "texture": "#1"},
				"up": {"uv": [0, 0, 16, 16], "texture": "#1"},
				"down": {"uv": [0, 0, 16, 16], "texture": "#1"}
			}
		},
		{
			"from": [13.35, 9, 1.35],
			"to": [14.65, 11, 2.65],
			"faces": {
				"north": {"uv": [9.5, 8, 11, 16], "texture": "#0"},
				"east": {"uv": [9.5, 8, 11, 16], "texture": "#0"},
				"south": {"uv": [9.5, 8, 11, 16], "texture": "#0"},
				"west": {"uv": [9.5, 8, 11, 16], "texture": "#0"},
				"up": {"uv": [9.5, 8, 11, 16], "texture": "#0"},
				"down": {"uv": [9.5, 8, 11, 16], "texture": "#0"}
			}
		},
		{
			"from": [13.35, 9, 13.35],
			"to": [14.65, 11, 14.65],
			"faces": {
				"north": {"uv": [9.5, 8, 11, 16], "texture": "#0"},
				"east": {"uv": [9.5, 8, 11, 16], "texture": "#0"},
				"south": {"uv": [9.5, 8, 11, 16], "texture": "#0"},
				"west": {"uv": [9.5, 8, 11, 16], "texture": "#0"},
				"up": {"uv": [9.5, 8, 11, 16], "texture": "#0"},
				"down": {"uv": [9.5, 8, 11, 16], "texture": "#0"}
			}
		},
		{
			"from": [1.35, 9, 1.35],
			"to": [2.65, 11, 2.65],
			"faces": {
				"north": {"uv": [9.5, 8, 11, 16], "texture": "#0"},
				"east": {"uv": [9.5, 8, 11, 16], "texture": "#0"},
				"south": {"uv": [9.5, 8, 11, 16], "texture": "#0"},
				"west": {"uv": [9.5, 8, 11, 16], "texture": "#0"},
				"up": {"uv": [9.5, 8, 11, 16], "texture": "#0"},
				"down": {"uv": [9.5, 8, 11, 16], "texture": "#0"}
			}
		},
		{
			"from": [1.35, 9, 13.35],
			"to": [2.65, 11, 14.65],
			"faces": {
				"north": {"uv": [9.5, 8, 11, 16], "texture": "#0"},
				"east": {"uv": [9.5, 8, 11, 16], "texture": "#0"},
				"south": {"uv": [9.5, 8, 11, 16], "texture": "#0"},
				"west": {"uv": [9.5, 8, 11, 16], "texture": "#0"},
				"up": {"uv": [9.5, 8, 11, 16], "texture": "#0"},
				"down": {"uv": [9.5, 8, 11, 16], "texture": "#0"}
			}
		},
		{
			"from": [1.45, 9.25, 2.6],
			"to": [1.65, 10.75, 13.4],
			"faces": {
				"north": {"uv": [9.5, 8, 11, 16], "rotation": 90, "texture": "#0"},
				"east": {"uv": [9.5, 8, 11, 16], "rotation": 90, "texture": "#0"},
				"south": {"uv": [9.5, 8, 11, 16], "rotation": 90, "texture": "#0"},
				"west": {"uv": [9.5, 8, 11, 16], "rotation": 90, "texture": "#0"},
				"up": {"uv": [9.5, 8, 11, 16], "rotation": 90, "texture": "#0"},
				"down": {"uv": [9.5, 8, 11, 16], "rotation": 90, "texture": "#0"}
			}
		},
		{
			"from": [1.45, 5.25, 2.6],
			"to": [1.65, 6.75, 13.4],
			"faces": {
				"north": {"uv": [9.5, 8, 11, 16], "rotation": 90, "texture": "#0"},
				"east": {"uv": [9.5, 8, 11, 16], "rotation": 90, "texture": "#0"},
				"south": {"uv": [9.5, 8, 11, 16], "rotation": 90, "texture": "#0"},
				"west": {"uv": [9.5, 8, 11, 16], "rotation": 90, "texture": "#0"},
				"up": {"uv": [9.5, 8, 11, 16], "rotation": 90, "texture": "#0"},
				"down": {"uv": [9.5, 8, 11, 16], "rotation": 90, "texture": "#0"}
			}
		},
		{
			"from": [13.35, 5, 1.35],
			"to": [14.65, 7, 2.65],
			"faces": {
				"north": {"uv": [9.5, 8, 11, 16], "texture": "#0"},
				"east": {"uv": [9.5, 8, 11, 16], "texture": "#0"},
				"south": {"uv": [9.5, 8, 11, 16], "texture": "#0"},
				"west": {"uv": [9.5, 8, 11, 16], "texture": "#0"},
				"up": {"uv": [9.5, 8, 11, 16], "texture": "#0"},
				"down": {"uv": [9.5, 8, 11, 16], "texture": "#0"}
			}
		},
		{
			"from": [13.35, 5, 13.35],
			"to": [14.65, 7, 14.65],
			"faces": {
				"north": {"uv": [9.5, 8, 11, 16], "texture": "#0"},
				"east": {"uv": [9.5, 8, 11, 16], "texture": "#0"},
				"south": {"uv": [9.5, 8, 11, 16], "texture": "#0"},
				"west": {"uv": [9.5, 8, 11, 16], "texture": "#0"},
				"up": {"uv": [9.5, 8, 11, 16], "texture": "#0"},
				"down": {"uv": [9.5, 8, 11, 16], "texture": "#0"}
			}
		},
		{
			"from": [1.35, 5, 13.35],
			"to": [2.65, 7, 14.65],
			"faces": {
				"north": {"uv": [9.5, 8, 11, 16], "texture": "#0"},
				"east": {"uv": [9.5, 8, 11, 16], "texture": "#0"},
				"south": {"uv": [9.5, 8, 11, 16], "texture": "#0"},
				"west": {"uv": [9.5, 8, 11, 16], "texture": "#0"},
				"up": {"uv": [9.5, 8, 11, 16], "texture": "#0"},
				"down": {"uv": [9.5, 8, 11, 16], "texture": "#0"}
			}
		},
		{
			"from": [1.35, 5, 1.35],
			"to": [2.65, 7, 2.65],
			"faces": {
				"north": {"uv": [9.5, 8, 11, 16], "texture": "#0"},
				"east": {"uv": [9.5, 8, 11, 16], "texture": "#0"},
				"south": {"uv": [9.5, 8, 11, 16], "texture": "#0"},
				"west": {"uv": [9.5, 8, 11, 16], "texture": "#0"},
				"up": {"uv": [9.5, 8, 11, 16], "texture": "#0"},
				"down": {"uv": [9.5, 8, 11, 16], "texture": "#0"}
			}
		},
		{
			"from": [14.35, 9.25, 2.6],
			"to": [14.55, 10.75, 13.4],
			"faces": {
				"north": {"uv": [9.5, 16, 11, 8], "rotation": 90, "texture": "#0"},
				"east": {"uv": [9.5, 16, 11, 8], "rotation": 90, "texture": "#0"},
				"south": {"uv": [9.5, 16, 11, 8], "rotation": 90, "texture": "#0"},
				"west": {"uv": [9.5, 16, 11, 8], "rotation": 90, "texture": "#0"},
				"up": {"uv": [9.5, 16, 11, 8], "rotation": 90, "texture": "#0"},
				"down": {"uv": [9.5, 16, 11, 8], "rotation": 90, "texture": "#0"}
			}
		},
		{
			"from": [14.35, 5.25, 2.6],
			"to": [14.55, 6.75, 13.4],
			"faces": {
				"north": {"uv": [9.5, 16, 11, 8], "rotation": 90, "texture": "#0"},
				"east": {"uv": [9.5, 16, 11, 8], "rotation": 90, "texture": "#0"},
				"south": {"uv": [9.5, 16, 11, 8], "rotation": 90, "texture": "#0"},
				"west": {"uv": [9.5, 16, 11, 8], "rotation": 90, "texture": "#0"},
				"up": {"uv": [9.5, 16, 11, 8], "rotation": 90, "texture": "#0"},
				"down": {"uv": [9.5, 16, 11, 8], "rotation": 90, "texture": "#0"}
			}
		},
		{
			"from": [2.6, 5.25, 14.35],
			"to": [13.4, 6.75, 14.55],
			"faces": {
				"north": {"uv": [9.5, 16, 11, 8], "rotation": 90, "texture": "#0"},
				"east": {"uv": [9.5, 16, 11, 8], "rotation": 90, "texture": "#0"},
				"south": {"uv": [9.5, 16, 11, 8], "rotation": 90, "texture": "#0"},
				"west": {"uv": [9.5, 16, 11, 8], "rotation": 90, "texture": "#0"},
				"up": {"uv": [9.5, 16, 11, 8], "rotation": 180, "texture": "#0"},
				"down": {"uv": [9.5, 16, 11, 8], "texture": "#0"}
			}
		},
		{
			"from": [2.6, 9.25, 14.35],
			"to": [13.4, 10.75, 14.55],
			"faces": {
				"north": {"uv": [9.5, 16, 11, 8], "rotation": 90, "texture": "#0"},
				"east": {"uv": [9.5, 16, 11, 8], "rotation": 90, "texture": "#0"},
				"south": {"uv": [9.5, 16, 11, 8], "rotation": 90, "texture": "#0"},
				"west": {"uv": [9.5, 16, 11, 8], "rotation": 90, "texture": "#0"},
				"up": {"uv": [9.5, 16, 11, 8], "rotation": 180, "texture": "#0"},
				"down": {"uv": [9.5, 16, 11, 8], "texture": "#0"}
			}
		},
		{
			"from": [4, 4, 1.5],
			"to": [12, 12, 14.5],
			"faces": {
				"north": {"uv": [0, 0, 16, 16], "texture": "#1"},
				"east": {"uv": [0, 0, 16, 16], "texture": "#1"},
				"south": {"uv": [0, 0, 16, 16], "texture": "#1"},
				"west": {"uv": [0, 0, 16, 16], "texture": "#1"},
				"up": {"uv": [0, 0, 16, 16], "rotation": 90, "texture": "#1"},
				"down": {"uv": [0, 0, 16, 16], "rotation": 270, "texture": "#1"}
			}
		},
		{
			"from": [3.75, 12.25, 3.75],
			"to": [12.25, 14.75, 12.25],
			"faces": {
				"north": {"uv": [8, 8, 9.5, 16], "rotation": 90, "texture": "#0"},
				"east": {"uv": [8, 8, 9.5, 16], "rotation": 90, "texture": "#0"},
				"south": {"uv": [8, 8, 9.5, 16], "rotation": 90, "texture": "#0"},
				"west": {"uv": [8, 8, 9.5, 16], "rotation": 90, "texture": "#0"},
				"up": {"uv": [0, 8, 8, 16], "rotation": 90, "texture": "#0"},
				"down": {"uv": [8, 8, 9.5, 16], "rotation": 90, "texture": "#0"}
			}
		},
		{
			"from": [2.6, 5.25, 1.45],
			"to": [13.4, 6.75, 1.65],
			"faces": {
				"north": {"uv": [9.5, 8, 11, 16], "rotation": 90, "texture": "#0"},
				"east": {"uv": [9.5, 8, 11, 16], "rotation": 90, "texture": "#0"},
				"south": {"uv": [9.5, 8, 11, 16], "rotation": 90, "texture": "#0"},
				"west": {"uv": [9.5, 8, 11, 16], "rotation": 90, "texture": "#0"},
				"up": {"uv": [9.5, 8, 11, 16], "rotation": 180, "texture": "#0"},
				"down": {"uv": [9.5, 8, 11, 16], "texture": "#0"}
			}
		},
		{
			"from": [2.6, 9.25, 1.45],
			"to": [13.4, 10.75, 1.65],
			"faces": {
				"north": {"uv": [9.5, 8, 11, 16], "rotation": 90, "texture": "#0"},
				"east": {"uv": [9.5, 8, 11, 16], "rotation": 90, "texture": "#0"},
				"south": {"uv": [9.5, 8, 11, 16], "rotation": 90, "texture": "#0"},
				"west": {"uv": [9.5, 8, 11, 16], "rotation": 90, "texture": "#0"},
				"up": {"uv": [9.5, 8, 11, 16], "rotation": 180, "texture": "#0"},
				"down": {"uv": [9.5, 8, 11, 16], "texture": "#0"}
			}
		},
		{
			"from": [6, 12.5, -1.7],
			"to": [10, 14, -0.2],
			"rotation": {"angle": -45, "axis": "x", "origin": [8, 17.19526, -0.4786]},
			"faces": {
				"north": {"uv": [1.25, 1.25, 6.75, 6.75], "rotation": 90, "texture": "#0"},
				"east": {"uv": [0, 0, 8, 8], "rotation": 90, "texture": "#0"},
				"south": {"uv": [1.25, 1.25, 6.75, 6.75], "rotation": 90, "texture": "#0"},
				"west": {"uv": [0, 0, 8, 8], "rotation": 90, "texture": "#0"},
				"up": {"uv": [1.25, 1.25, 6.75, 6.75], "rotation": 90, "texture": "#0"},
				"down": {"uv": [1.25, 1.25, 6.75, 6.75], "rotation": 90, "texture": "#0"}
			}
		},
		{
			"from": [6.5, 17.26567, -2.09067],
			"to": [7.5, 22.01567, -1.09067],
			"faces": {
				"north": {"uv": [8, 8, 9.5, 16], "rotation": 180, "texture": "#0"},
				"east": {"uv": [8, 8, 9.5, 16], "rotation": 180, "texture": "#0"},
				"south": {"uv": [8, 8, 9.5, 16], "rotation": 180, "texture": "#0"},
				"west": {"uv": [8, 8, 9.5, 16], "rotation": 180, "texture": "#0"},
				"up": {"uv": [8, 8, 9.5, 16], "rotation": 180, "texture": "#0"},
				"down": {"uv": [8, 8, 9.5, 16], "rotation": 180, "texture": "#0"}
			}
		},
		{
			"from": [8.5, 17.26567, -2.09067],
			"to": [9.5, 22.01567, -1.09067],
			"faces": {
				"north": {"uv": [8, 8, 9.5, 16], "rotation": 180, "texture": "#0"},
				"east": {"uv": [8, 8, 9.5, 16], "rotation": 180, "texture": "#0"},
				"south": {"uv": [8, 8, 9.5, 16], "rotation": 180, "texture": "#0"},
				"west": {"uv": [8, 8, 9.5, 16], "rotation": 180, "texture": "#0"},
				"up": {"uv": [8, 8, 9.5, 16], "rotation": 180, "texture": "#0"},
				"down": {"uv": [8, 8, 9.5, 16], "rotation": 180, "texture": "#0"}
			}
		},
		{
			"from": [6, 17.23931, -2.06775],
			"to": [10, 18.73931, -0.56775],
			"rotation": {"angle": -22.5, "axis": "x", "origin": [8, 17.19526, -0.4786]},
			"faces": {
				"north": {"uv": [1.25, 1.25, 6.75, 6.75], "rotation": 90, "texture": "#0"},
				"east": {"uv": [0, 0, 8, 8], "rotation": 90, "texture": "#0"},
				"south": {"uv": [1.25, 1.25, 6.75, 6.75], "rotation": 90, "texture": "#0"},
				"west": {"uv": [0, 0, 8, 8], "rotation": 90, "texture": "#0"},
				"up": {"uv": [1.25, 1.25, 6.75, 6.75], "rotation": 90, "texture": "#0"},
				"down": {"uv": [1.25, 1.25, 6.75, 6.75], "rotation": 90, "texture": "#0"}
			}
		},
		{
			"from": [8.5, 13.75, -1.45],
			"to": [9.5, 18.5, -0.45],
			"rotation": {"angle": -45, "axis": "x", "origin": [7.5, 17.19526, -0.4786]},
			"faces": {
				"north": {"uv": [8, 8, 9.5, 16], "rotation": 180, "texture": "#0"},
				"east": {"uv": [8, 8, 9.5, 16], "rotation": 180, "texture": "#0"},
				"south": {"uv": [8, 8, 9.5, 16], "rotation": 180, "texture": "#0"},
				"west": {"uv": [8, 8, 9.5, 16], "rotation": 180, "texture": "#0"},
				"up": {"uv": [8, 8, 9.5, 16], "rotation": 180, "texture": "#0"},
				"down": {"uv": [8, 8, 9.5, 16], "rotation": 180, "texture": "#0"}
			}
		},
		{
			"from": [6.5, 13.75, -1.45],
			"to": [7.5, 18.5, -0.45],
			"rotation": {"angle": -45, "axis": "x", "origin": [8.5, 17.19526, -0.4786]},
			"faces": {
				"north": {"uv": [8, 8, 9.5, 16], "rotation": 180, "texture": "#0"},
				"east": {"uv": [8, 8, 9.5, 16], "rotation": 180, "texture": "#0"},
				"south": {"uv": [8, 8, 9.5, 16], "rotation": 180, "texture": "#0"},
				"west": {"uv": [8, 8, 9.5, 16], "rotation": 180, "texture": "#0"},
				"up": {"uv": [8, 8, 9.5, 16], "rotation": 180, "texture": "#0"},
				"down": {"uv": [8, 8, 9.5, 16], "rotation": 180, "texture": "#0"}
			}
		},
		{
			"from": [6, 20.85774, -2.30774],
			"to": [10, 22.35774, -0.80774],
			"rotation": {"angle": 45, "axis": "x", "origin": [8, 21.60774, -1.55774]},
			"faces": {
				"north": {"uv": [1.25, 1.25, 6.75, 6.75], "rotation": 90, "texture": "#0"},
				"east": {"uv": [0, 0, 8, 8], "rotation": 90, "texture": "#0"},
				"south": {"uv": [1.25, 1.25, 6.75, 6.75], "rotation": 90, "texture": "#0"},
				"west": {"uv": [0, 0, 8, 8], "rotation": 90, "texture": "#0"},
				"up": {"uv": [1.25, 1.25, 6.75, 6.75], "rotation": 90, "texture": "#0"},
				"down": {"uv": [1.25, 1.25, 6.75, 6.75], "rotation": 90, "texture": "#0"}
			}
		},
		{
			"from": [6.5, 21.14067, -2.46567],
			"to": [7.5, 22.14067, 2.28433],
			"rotation": {"angle": -22.5, "axis": "x", "origin": [8.5, 23.64067, -1.59067]},
			"faces": {
				"north": {"uv": [8, 8, 9.5, 16], "texture": "#0"},
				"east": {"uv": [8, 8, 9.5, 16], "rotation": 90, "texture": "#0"},
				"south": {"uv": [8, 8, 9.5, 16], "rotation": 180, "texture": "#0"},
				"west": {"uv": [8, 8, 9.5, 16], "rotation": 270, "texture": "#0"},
				"up": {"uv": [8, 8, 9.5, 16], "texture": "#0"},
				"down": {"uv": [8, 8, 9.5, 16], "rotation": 180, "texture": "#0"}
			}
		},
		{
			"from": [8.5, 21.14067, -2.46567],
			"to": [9.5, 22.14067, 2.28433],
			"rotation": {"angle": -22.5, "axis": "x", "origin": [7.5, 23.64067, -1.59067]},
			"faces": {
				"north": {"uv": [8, 8, 9.5, 16], "texture": "#0"},
				"east": {"uv": [8, 8, 9.5, 16], "rotation": 90, "texture": "#0"},
				"south": {"uv": [8, 8, 9.5, 16], "rotation": 180, "texture": "#0"},
				"west": {"uv": [8, 8, 9.5, 16], "rotation": 270, "texture": "#0"},
				"up": {"uv": [8, 8, 9.5, 16], "texture": "#0"},
				"down": {"uv": [8, 8, 9.5, 16], "rotation": 180, "texture": "#0"}
			}
		},
		{
			"from": [6, 22.23847, 1.38778],
			"to": [10, 23.73847, 2.88778],
			"rotation": {"angle": -45, "axis": "x", "origin": [8, 23.13847, 2.13778]},
			"faces": {
				"north": {"uv": [1.25, 1.25, 6.75, 6.75], "rotation": 270, "texture": "#0"},
				"east": {"uv": [0, 0, 8, 8], "texture": "#0"},
				"south": {"uv": [1.25, 1.25, 6.75, 6.75], "rotation": 90, "texture": "#0"},
				"west": {"uv": [0, 0, 8, 8], "rotation": 180, "texture": "#0"},
				"up": {"uv": [1.25, 1.25, 6.75, 6.75], "rotation": 270, "texture": "#0"},
				"down": {"uv": [1.25, 1.25, 6.75, 6.75], "rotation": 90, "texture": "#0"}
			}
		},
		{
			"from": [6.75, 20.98847, 1.63778],
			"to": [9.25, 22.48847, 2.63778],
			"rotation": {"angle": -45, "axis": "x", "origin": [8, 23.13847, 2.13778]},
			"faces": {
				"north": {"uv": [8, 8, 9.5, 16], "rotation": 180, "texture": "#0"},
				"east": {"uv": [8, 8, 9.5, 16], "rotation": 180, "texture": "#0"},
				"south": {"uv": [8, 8, 9.5, 16], "rotation": 180, "texture": "#0"},
				"west": {"uv": [8, 8, 9.5, 16], "rotation": 180, "texture": "#0"},
				"up": {"uv": [8, 8, 9.5, 16], "rotation": 180, "texture": "#0"},
				"down": {"uv": [8, 8, 9.5, 16], "rotation": 180, "texture": "#0"}
			}
		},
		{
			"from": [8.75, 19.48847, 1.63778],
			"to": [9.25, 20.98847, 2.63778],
			"rotation": {"angle": -45, "axis": "x", "origin": [8, 23.13847, 2.13778]},
			"faces": {
				"north": {"uv": [1, 9, 7, 15], "rotation": 180, "texture": "#0"},
				"east": {"uv": [1, 9, 7, 15], "rotation": 180, "texture": "#0"},
				"south": {"uv": [1, 9, 7, 15], "rotation": 180, "texture": "#0"},
				"west": {"uv": [1, 9, 7, 15], "rotation": 180, "texture": "#0"},
				"up": {"uv": [1, 9, 7, 15], "rotation": 180, "texture": "#0"},
				"down": {"uv": [1, 9, 7, 15], "rotation": 180, "texture": "#0"}
			}
		},
		{
			"from": [7.6, 20.73847, 1.73778],
			"to": [8.4, 21.23847, 2.53778],
			"rotation": {"angle": -45, "axis": "x", "origin": [8, 23.13847, 2.13778]},
			"faces": {
				"north": {"uv": [8, 8, 9.5, 16], "rotation": 180, "texture": "#3"},
				"east": {"uv": [8, 8, 9.5, 16], "rotation": 180, "texture": "#3"},
				"south": {"uv": [8, 8, 9.5, 16], "rotation": 180, "texture": "#3"},
				"west": {"uv": [8, 8, 9.5, 16], "rotation": 180, "texture": "#3"},
				"up": {"uv": [8, 8, 9.5, 16], "rotation": 180, "texture": "#3"},
				"down": {"uv": [8, 8, 9.5, 16], "rotation": 180, "texture": "#3"}
			}
		},
		{
			"from": [8.65, 20.38847, 1.53778],
			"to": [9.35, 21.58847, 2.73778],
			"rotation": {"angle": -45, "axis": "x", "origin": [8, 23.13847, 2.13778]},
			"faces": {
				"north": {"uv": [1, 9, 7, 15], "rotation": 180, "texture": "#0"},
				"east": {"uv": [0, 0, 8, 8], "rotation": 180, "texture": "#0"},
				"south": {"uv": [1, 9, 7, 15], "rotation": 180, "texture": "#0"},
				"west": {"uv": [0, 0, 8, 8], "rotation": 180, "texture": "#0"},
				"up": {"uv": [1, 9, 7, 15], "rotation": 180, "texture": "#0"},
				"down": {"uv": [1, 9, 7, 15], "rotation": 180, "texture": "#0"}
			}
		},
		{
			"from": [8.875, 21.58847, 1.78778],
			"to": [9.325, 22.28847, 1.98778],
			"rotation": {"angle": -45, "axis": "x", "origin": [8, 23.13847, 2.13778]},
			"faces": {
				"north": {"uv": [0, 1.5, 8, 6.75], "rotation": 180, "texture": "#0"},
				"east": {"uv": [0, 1.5, 8, 6.75], "rotation": 180, "texture": "#0"},
				"south": {"uv": [0, 1.5, 8, 6.75], "rotation": 180, "texture": "#0"},
				"west": {"uv": [0, 1.5, 8, 6.75], "rotation": 180, "texture": "#0"},
				"up": {"uv": [0, 1.5, 8, 6.75], "rotation": 180, "texture": "#0"},
				"down": {"uv": [0, 1.5, 8, 6.75], "rotation": 180, "texture": "#0"}
			}
		},
		{
			"from": [8.875, 21.58847, 2.28778],
			"to": [9.325, 22.28847, 2.48778],
			"rotation": {"angle": -45, "axis": "x", "origin": [8, 23.13847, 2.13778]},
			"faces": {
				"north": {"uv": [0, 1.5, 8, 6.75], "rotation": 180, "texture": "#0"},
				"east": {"uv": [0, 1.5, 8, 6.75], "rotation": 180, "texture": "#0"},
				"south": {"uv": [0, 1.5, 8, 6.75], "rotation": 180, "texture": "#0"},
				"west": {"uv": [0, 1.5, 8, 6.75], "rotation": 180, "texture": "#0"},
				"up": {"uv": [0, 1.5, 8, 6.75], "rotation": 180, "texture": "#0"},
				"down": {"uv": [0, 1.5, 8, 6.75], "rotation": 180, "texture": "#0"}
			}
		},
		{
			"from": [6.675, 21.58847, 2.28778],
			"to": [7.125, 22.28847, 2.48778],
			"rotation": {"angle": -45, "axis": "x", "origin": [8, 23.13847, 2.13778]},
			"faces": {
				"north": {"uv": [8, 1.5, 0, 6.75], "rotation": 180, "texture": "#0"},
				"east": {"uv": [8, 1.5, 0, 6.75], "rotation": 180, "texture": "#0"},
				"south": {"uv": [8, 1.5, 0, 6.75], "rotation": 180, "texture": "#0"},
				"west": {"uv": [8, 1.5, 0, 6.75], "rotation": 180, "texture": "#0"},
				"up": {"uv": [8, 1.5, 0, 6.75], "rotation": 180, "texture": "#0"},
				"down": {"uv": [8, 1.5, 0, 6.75], "rotation": 180, "texture": "#0"}
			}
		},
		{
			"from": [6.675, 21.58847, 1.78778],
			"to": [7.125, 22.28847, 1.98778],
			"rotation": {"angle": -45, "axis": "x", "origin": [8, 23.13847, 2.13778]},
			"faces": {
				"north": {"uv": [8, 1.5, 0, 6.75], "rotation": 180, "texture": "#0"},
				"east": {"uv": [8, 1.5, 0, 6.75], "rotation": 180, "texture": "#0"},
				"south": {"uv": [8, 1.5, 0, 6.75], "rotation": 180, "texture": "#0"},
				"west": {"uv": [8, 1.5, 0, 6.75], "rotation": 180, "texture": "#0"},
				"up": {"uv": [8, 1.5, 0, 6.75], "rotation": 180, "texture": "#0"},
				"down": {"uv": [8, 1.5, 0, 6.75], "rotation": 180, "texture": "#0"}
			}
		},
		{
			"from": [6.75, 19.48847, 1.63778],
			"to": [7.25, 20.98847, 2.63778],
			"rotation": {"angle": -45, "axis": "x", "origin": [8, 23.13847, 2.13778]},
			"faces": {
				"north": {"uv": [7, 9, 1, 15], "rotation": 180, "texture": "#0"},
				"east": {"uv": [7, 9, 1, 15], "rotation": 180, "texture": "#0"},
				"south": {"uv": [7, 9, 1, 15], "rotation": 180, "texture": "#0"},
				"west": {"uv": [7, 9, 1, 15], "rotation": 180, "texture": "#0"},
				"up": {"uv": [7, 9, 1, 15], "rotation": 180, "texture": "#0"},
				"down": {"uv": [7, 9, 1, 15], "rotation": 180, "texture": "#0"}
			}
		},
		{
			"from": [6.65, 20.38847, 1.53778],
			"to": [7.35, 21.58847, 2.73778],
			"rotation": {"angle": -45, "axis": "x", "origin": [8, 23.13847, 2.13778]},
			"faces": {
				"north": {"uv": [7, 9, 1, 15], "rotation": 180, "texture": "#0"},
				"east": {"uv": [8, 0, 0, 8], "rotation": 180, "texture": "#0"},
				"south": {"uv": [7, 9, 1, 15], "rotation": 180, "texture": "#0"},
				"west": {"uv": [8, 0, 0, 8], "rotation": 180, "texture": "#0"},
				"up": {"uv": [7, 9, 1, 15], "rotation": 180, "texture": "#0"},
				"down": {"uv": [7, 9, 1, 15], "rotation": 180, "texture": "#0"}
			}
		},
		{
			"from": [8.875, 21.58847, 14.01222],
			"to": [9.325, 22.28847, 14.21222],
			"rotation": {"angle": 45, "axis": "x", "origin": [8, 23.13847, 13.86222]},
			"faces": {
				"north": {"uv": [8, 1.5, 0, 6.75], "rotation": 180, "texture": "#0"},
				"east": {"uv": [8, 1.5, 0, 6.75], "rotation": 180, "texture": "#0"},
				"south": {"uv": [8, 1.5, 0, 6.75], "rotation": 180, "texture": "#0"},
				"west": {"uv": [8, 1.5, 0, 6.75], "rotation": 180, "texture": "#0"},
				"up": {"uv": [0, 6.75, 8, 1.5], "rotation": 180, "texture": "#0"},
				"down": {"uv": [0, 6.75, 8, 1.5], "rotation": 180, "texture": "#0"}
			}
		},
		{
			"from": [8.875, 21.58847, 13.51222],
			"to": [9.325, 22.28847, 13.71222],
			"rotation": {"angle": 45, "axis": "x", "origin": [8, 23.13847, 13.86222]},
			"faces": {
				"north": {"uv": [8, 1.5, 0, 6.75], "rotation": 180, "texture": "#0"},
				"east": {"uv": [8, 1.5, 0, 6.75], "rotation": 180, "texture": "#0"},
				"south": {"uv": [8, 1.5, 0, 6.75], "rotation": 180, "texture": "#0"},
				"west": {"uv": [8, 1.5, 0, 6.75], "rotation": 180, "texture": "#0"},
				"up": {"uv": [0, 6.75, 8, 1.5], "rotation": 180, "texture": "#0"},
				"down": {"uv": [0, 6.75, 8, 1.5], "rotation": 180, "texture": "#0"}
			}
		},
		{
			"from": [6.675, 21.58847, 13.51222],
			"to": [7.125, 22.28847, 13.71222],
			"rotation": {"angle": 45, "axis": "x", "origin": [8, 23.13847, 13.86222]},
			"faces": {
				"north": {"uv": [0, 1.5, 8, 6.75], "rotation": 180, "texture": "#0"},
				"east": {"uv": [0, 1.5, 8, 6.75], "rotation": 180, "texture": "#0"},
				"south": {"uv": [0, 1.5, 8, 6.75], "rotation": 180, "texture": "#0"},
				"west": {"uv": [0, 1.5, 8, 6.75], "rotation": 180, "texture": "#0"},
				"up": {"uv": [8, 6.75, 0, 1.5], "rotation": 180, "texture": "#0"},
				"down": {"uv": [8, 6.75, 0, 1.5], "rotation": 180, "texture": "#0"}
			}
		},
		{
			"from": [6.675, 21.58847, 14.01222],
			"to": [7.125, 22.28847, 14.21222],
			"rotation": {"angle": 45, "axis": "x", "origin": [8, 23.13847, 13.86222]},
			"faces": {
				"north": {"uv": [0, 1.5, 8, 6.75], "rotation": 180, "texture": "#0"},
				"east": {"uv": [0, 1.5, 8, 6.75], "rotation": 180, "texture": "#0"},
				"south": {"uv": [0, 1.5, 8, 6.75], "rotation": 180, "texture": "#0"},
				"west": {"uv": [0, 1.5, 8, 6.75], "rotation": 180, "texture": "#0"},
				"up": {"uv": [8, 6.75, 0, 1.5], "rotation": 180, "texture": "#0"},
				"down": {"uv": [8, 6.75, 0, 1.5], "rotation": 180, "texture": "#0"}
			}
		},
		{
			"from": [7.6, 20.73847, 13.46222],
			"to": [8.4, 21.23847, 14.26222],
			"rotation": {"angle": 45, "axis": "x", "origin": [8, 23.13847, 13.86222]},
			"faces": {
				"north": {"uv": [9.5, 8, 8, 16], "rotation": 180, "texture": "#3"},
				"east": {"uv": [9.5, 8, 8, 16], "rotation": 180, "texture": "#3"},
				"south": {"uv": [9.5, 8, 8, 16], "rotation": 180, "texture": "#3"},
				"west": {"uv": [9.5, 8, 8, 16], "rotation": 180, "texture": "#3"},
				"up": {"uv": [8, 16, 9.5, 8], "rotation": 180, "texture": "#3"},
				"down": {"uv": [8, 16, 9.5, 8], "rotation": 180, "texture": "#3"}
			}
		},
		{
			"from": [8.75, 19.48847, 13.36222],
			"to": [9.25, 20.98847, 14.36222],
			"rotation": {"angle": 45, "axis": "x", "origin": [8, 23.13847, 13.86222]},
			"faces": {
				"north": {"uv": [7, 9, 1, 15], "rotation": 180, "texture": "#0"},
				"east": {"uv": [7, 9, 1, 15], "rotation": 180, "texture": "#0"},
				"south": {"uv": [7, 9, 1, 15], "rotation": 180, "texture": "#0"},
				"west": {"uv": [7, 9, 1, 15], "rotation": 180, "texture": "#0"},
				"up": {"uv": [1, 15, 7, 9], "rotation": 180, "texture": "#0"},
				"down": {"uv": [1, 15, 7, 9], "rotation": 180, "texture": "#0"}
			}
		},
		{
			"from": [8.65, 20.38847, 13.26222],
			"to": [9.35, 21.58847, 14.46222],
			"rotation": {"angle": 45, "axis": "x", "origin": [8, 23.13847, 13.86222]},
			"faces": {
				"north": {"uv": [7, 9, 1, 15], "rotation": 180, "texture": "#0"},
				"east": {"uv": [8, 0, 0, 8], "rotation": 180, "texture": "#0"},
				"south": {"uv": [7, 9, 1, 15], "rotation": 180, "texture": "#0"},
				"west": {"uv": [8, 0, 0, 8], "rotation": 180, "texture": "#0"},
				"up": {"uv": [1, 15, 7, 9], "rotation": 180, "texture": "#0"},
				"down": {"uv": [1, 15, 7, 9], "rotation": 180, "texture": "#0"}
			}
		},
		{
			"from": [6.75, 19.48847, 13.36222],
			"to": [7.25, 20.98847, 14.36222],
			"rotation": {"angle": 45, "axis": "x", "origin": [8, 23.13847, 13.86222]},
			"faces": {
				"north": {"uv": [1, 9, 7, 15], "rotation": 180, "texture": "#0"},
				"east": {"uv": [1, 9, 7, 15], "rotation": 180, "texture": "#0"},
				"south": {"uv": [1, 9, 7, 15], "rotation": 180, "texture": "#0"},
				"west": {"uv": [1, 9, 7, 15], "rotation": 180, "texture": "#0"},
				"up": {"uv": [7, 15, 1, 9], "rotation": 180, "texture": "#0"},
				"down": {"uv": [7, 15, 1, 9], "rotation": 180, "texture": "#0"}
			}
		},
		{
			"from": [6.65, 20.38847, 13.26222],
			"to": [7.35, 21.58847, 14.46222],
			"rotation": {"angle": 45, "axis": "x", "origin": [8, 23.13847, 13.86222]},
			"faces": {
				"north": {"uv": [1, 9, 7, 15], "rotation": 180, "texture": "#0"},
				"east": {"uv": [0, 0, 8, 8], "rotation": 180, "texture": "#0"},
				"south": {"uv": [1, 9, 7, 15], "rotation": 180, "texture": "#0"},
				"west": {"uv": [0, 0, 8, 8], "rotation": 180, "texture": "#0"},
				"up": {"uv": [7, 15, 1, 9], "rotation": 180, "texture": "#0"},
				"down": {"uv": [7, 15, 1, 9], "rotation": 180, "texture": "#0"}
			}
		},
		{
			"from": [6.75, 20.98847, 13.36222],
			"to": [9.25, 22.48847, 14.36222],
			"rotation": {"angle": 45, "axis": "x", "origin": [8, 23.13847, 13.86222]},
			"faces": {
				"north": {"uv": [9.5, 8, 8, 16], "rotation": 180, "texture": "#0"},
				"east": {"uv": [9.5, 8, 8, 16], "rotation": 180, "texture": "#0"},
				"south": {"uv": [9.5, 8, 8, 16], "rotation": 180, "texture": "#0"},
				"west": {"uv": [9.5, 8, 8, 16], "rotation": 180, "texture": "#0"},
				"up": {"uv": [8, 16, 9.5, 8], "rotation": 180, "texture": "#0"},
				"down": {"uv": [8, 16, 9.5, 8], "rotation": 180, "texture": "#0"}
			}
		},
		{
			"from": [6, 22.23847, 13.11222],
			"to": [10, 23.73847, 14.61222],
			"rotation": {"angle": 45, "axis": "x", "origin": [8, 23.13847, 13.86222]},
			"faces": {
				"north": {"uv": [1.25, 6.75, 6.75, 1.25], "rotation": 90, "texture": "#0"},
				"east": {"uv": [8, 0, 0, 8], "texture": "#0"},
				"south": {"uv": [1.25, 6.75, 6.75, 1.25], "rotation": 270, "texture": "#0"},
				"west": {"uv": [8, 0, 0, 8], "rotation": 180, "texture": "#0"},
				"up": {"uv": [6.75, 1.25, 1.25, 6.75], "rotation": 270, "texture": "#0"},
				"down": {"uv": [6.75, 1.25, 1.25, 6.75], "rotation": 90, "texture": "#0"}
			}
		},
		{
			"from": [8.5, 21.14067, 13.71567],
			"to": [9.5, 22.14067, 18.46567],
			"rotation": {"angle": 22.5, "axis": "x", "origin": [7.5, 23.64067, 17.59067]},
			"faces": {
				"north": {"uv": [9.5, 8, 8, 16], "rotation": 180, "texture": "#0"},
				"east": {"uv": [8, 16, 9.5, 8], "rotation": 90, "texture": "#0"},
				"south": {"uv": [9.5, 8, 8, 16], "texture": "#0"},
				"west": {"uv": [8, 16, 9.5, 8], "rotation": 270, "texture": "#0"},
				"up": {"uv": [8, 16, 9.5, 8], "texture": "#0"},
				"down": {"uv": [8, 16, 9.5, 8], "rotation": 180, "texture": "#0"}
			}
		},
		{
			"from": [6.5, 21.14067, 13.71567],
			"to": [7.5, 22.14067, 18.46567],
			"rotation": {"angle": 22.5, "axis": "x", "origin": [8.5, 23.64067, 17.59067]},
			"faces": {
				"north": {"uv": [9.5, 8, 8, 16], "rotation": 180, "texture": "#0"},
				"east": {"uv": [8, 16, 9.5, 8], "rotation": 90, "texture": "#0"},
				"south": {"uv": [9.5, 8, 8, 16], "texture": "#0"},
				"west": {"uv": [8, 16, 9.5, 8], "rotation": 270, "texture": "#0"},
				"up": {"uv": [8, 16, 9.5, 8], "texture": "#0"},
				"down": {"uv": [8, 16, 9.5, 8], "rotation": 180, "texture": "#0"}
			}
		},
		{
			"from": [6, 20.85774, 16.80774],
			"to": [10, 22.35774, 18.30774],
			"rotation": {"angle": -45, "axis": "x", "origin": [8, 21.60774, 17.55774]},
			"faces": {
				"north": {"uv": [1.25, 6.75, 6.75, 1.25], "rotation": 90, "texture": "#0"},
				"east": {"uv": [0, 8, 8, 0], "rotation": 90, "texture": "#0"},
				"south": {"uv": [1.25, 6.75, 6.75, 1.25], "rotation": 90, "texture": "#0"},
				"west": {"uv": [0, 8, 8, 0], "rotation": 90, "texture": "#0"},
				"up": {"uv": [6.75, 1.25, 1.25, 6.75], "rotation": 90, "texture": "#0"},
				"down": {"uv": [6.75, 1.25, 1.25, 6.75], "rotation": 90, "texture": "#0"}
			}
		},
		{
			"from": [6.5, 17.26567, 17.09067],
			"to": [7.5, 22.01567, 18.09067],
			"faces": {
				"north": {"uv": [9.5, 8, 8, 16], "rotation": 180, "texture": "#0"},
				"east": {"uv": [9.5, 8, 8, 16], "rotation": 180, "texture": "#0"},
				"south": {"uv": [9.5, 8, 8, 16], "rotation": 180, "texture": "#0"},
				"west": {"uv": [9.5, 8, 8, 16], "rotation": 180, "texture": "#0"},
				"up": {"uv": [8, 16, 9.5, 8], "rotation": 180, "texture": "#0"},
				"down": {"uv": [8, 16, 9.5, 8], "rotation": 180, "texture": "#0"}
			}
		},
		{
			"from": [8.5, 17.26567, 17.09067],
			"to": [9.5, 22.01567, 18.09067],
			"faces": {
				"north": {"uv": [9.5, 8, 8, 16], "rotation": 180, "texture": "#0"},
				"east": {"uv": [9.5, 8, 8, 16], "rotation": 180, "texture": "#0"},
				"south": {"uv": [9.5, 8, 8, 16], "rotation": 180, "texture": "#0"},
				"west": {"uv": [9.5, 8, 8, 16], "rotation": 180, "texture": "#0"},
				"up": {"uv": [8, 16, 9.5, 8], "rotation": 180, "texture": "#0"},
				"down": {"uv": [8, 16, 9.5, 8], "rotation": 180, "texture": "#0"}
			}
		},
		{
			"from": [6, 17.23931, 16.56775],
			"to": [10, 18.73931, 18.06775],
			"rotation": {"angle": 22.5, "axis": "x", "origin": [8, 17.19526, 16.4786]},
			"faces": {
				"north": {"uv": [1.25, 6.75, 6.75, 1.25], "rotation": 90, "texture": "#0"},
				"east": {"uv": [0, 8, 8, 0], "rotation": 90, "texture": "#0"},
				"south": {"uv": [1.25, 6.75, 6.75, 1.25], "rotation": 90, "texture": "#0"},
				"west": {"uv": [0, 8, 8, 0], "rotation": 90, "texture": "#0"},
				"up": {"uv": [6.75, 1.25, 1.25, 6.75], "rotation": 90, "texture": "#0"},
				"down": {"uv": [6.75, 1.25, 1.25, 6.75], "rotation": 90, "texture": "#0"}
			}
		},
		{
			"from": [8.5, 13.75, 16.45],
			"to": [9.5, 18.5, 17.45],
			"rotation": {"angle": 45, "axis": "x", "origin": [7.5, 17.19526, 16.4786]},
			"faces": {
				"north": {"uv": [9.5, 8, 8, 16], "rotation": 180, "texture": "#0"},
				"east": {"uv": [9.5, 8, 8, 16], "rotation": 180, "texture": "#0"},
				"south": {"uv": [9.5, 8, 8, 16], "rotation": 180, "texture": "#0"},
				"west": {"uv": [9.5, 8, 8, 16], "rotation": 180, "texture": "#0"},
				"up": {"uv": [8, 16, 9.5, 8], "rotation": 180, "texture": "#0"},
				"down": {"uv": [8, 16, 9.5, 8], "rotation": 180, "texture": "#0"}
			}
		},
		{
			"from": [6.5, 13.75, 16.45],
			"to": [7.5, 18.5, 17.45],
			"rotation": {"angle": 45, "axis": "x", "origin": [8.5, 17.19526, 16.4786]},
			"faces": {
				"north": {"uv": [9.5, 8, 8, 16], "rotation": 180, "texture": "#0"},
				"east": {"uv": [9.5, 8, 8, 16], "rotation": 180, "texture": "#0"},
				"south": {"uv": [9.5, 8, 8, 16], "rotation": 180, "texture": "#0"},
				"west": {"uv": [9.5, 8, 8, 16], "rotation": 180, "texture": "#0"},
				"up": {"uv": [8, 16, 9.5, 8], "rotation": 180, "texture": "#0"},
				"down": {"uv": [8, 16, 9.5, 8], "rotation": 180, "texture": "#0"}
			}
		},
		{
			"from": [6, 12.5, 16.2],
			"to": [10, 14, 17.7],
			"rotation": {"angle": 45, "axis": "x", "origin": [8, 17.19526, 16.4786]},
			"faces": {
				"north": {"uv": [1.25, 6.75, 6.75, 1.25], "rotation": 90, "texture": "#0"},
				"east": {"uv": [0, 8, 8, 0], "rotation": 90, "texture": "#0"},
				"south": {"uv": [1.25, 6.75, 6.75, 1.25], "rotation": 90, "texture": "#0"},
				"west": {"uv": [0, 8, 8, 0], "rotation": 90, "texture": "#0"},
				"up": {"uv": [6.75, 1.25, 1.25, 6.75], "rotation": 90, "texture": "#0"},
				"down": {"uv": [6.75, 1.25, 1.25, 6.75], "rotation": 90, "texture": "#0"}
			}
		},
		{
			"from": [17.09067, 17.26567, 6.5],
			"to": [18.09067, 22.01567, 7.5],
			"faces": {
				"north": {"uv": [8, 8, 9.5, 16], "rotation": 180, "texture": "#0"},
				"east": {"uv": [8, 8, 9.5, 16], "rotation": 180, "texture": "#0"},
				"south": {"uv": [8, 8, 9.5, 16], "rotation": 180, "texture": "#0"},
				"west": {"uv": [8, 8, 9.5, 16], "rotation": 180, "texture": "#0"},
				"up": {"uv": [8, 8, 9.5, 16], "rotation": 270, "texture": "#0"},
				"down": {"uv": [8, 8, 9.5, 16], "rotation": 90, "texture": "#0"}
			}
		},
		{
			"from": [16.08474, 19.47616, 6],
			"to": [17.58474, 20.97616, 10],
			"rotation": {"angle": -45, "axis": "z", "origin": [8, 20.54421, 8]},
			"faces": {
				"north": {"uv": [0, 0, 8, 8], "rotation": 90, "texture": "#0"},
				"east": {"uv": [1.25, 1.25, 6.75, 6.75], "rotation": 90, "texture": "#0"},
				"south": {"uv": [0, 0, 8, 8], "rotation": 90, "texture": "#0"},
				"west": {"uv": [1.25, 1.25, 6.75, 6.75], "rotation": 90, "texture": "#0"},
				"up": {"uv": [1.25, 1.25, 6.75, 6.75], "rotation": 180, "texture": "#0"},
				"down": {"uv": [1.25, 1.25, 6.75, 6.75], "texture": "#0"}
			}
		},
		{
			"from": [16.33474, 20.72616, 8.5],
			"to": [17.33474, 25.47616, 9.5],
			"rotation": {"angle": -45, "axis": "z", "origin": [8, 20.54421, 8]},
			"faces": {
				"north": {"uv": [8, 8, 9.5, 16], "rotation": 180, "texture": "#0"},
				"east": {"uv": [8, 8, 9.5, 16], "rotation": 180, "texture": "#0"},
				"south": {"uv": [8, 8, 9.5, 16], "rotation": 180, "texture": "#0"},
				"west": {"uv": [8, 8, 9.5, 16], "rotation": 180, "texture": "#0"},
				"up": {"uv": [8, 8, 9.5, 16], "rotation": 270, "texture": "#0"},
				"down": {"uv": [8, 8, 9.5, 16], "rotation": 90, "texture": "#0"}
			}
		},
		{
			"from": [17.20394, 20.73886, 6],
			"to": [18.70394, 22.23886, 10],
			"rotation": {"angle": -22.5, "axis": "z", "origin": [8, 20.54421, 8]},
			"faces": {
				"north": {"uv": [0, 0, 8, 8], "rotation": 90, "texture": "#0"},
				"east": {"uv": [1.25, 1.25, 6.75, 6.75], "rotation": 90, "texture": "#0"},
				"south": {"uv": [0, 0, 8, 8], "rotation": 90, "texture": "#0"},
				"west": {"uv": [1.25, 1.25, 6.75, 6.75], "rotation": 90, "texture": "#0"},
				"up": {"uv": [1.25, 1.25, 6.75, 6.75], "rotation": 180, "texture": "#0"},
				"down": {"uv": [1.25, 1.25, 6.75, 6.75], "texture": "#0"}
			}
		},
		{
			"from": [17.09067, 17.26567, 8.5],
			"to": [18.09067, 22.01567, 9.5],
			"faces": {
				"north": {"uv": [8, 8, 9.5, 16], "rotation": 180, "texture": "#0"},
				"east": {"uv": [8, 8, 9.5, 16], "rotation": 180, "texture": "#0"},
				"south": {"uv": [8, 8, 9.5, 16], "rotation": 180, "texture": "#0"},
				"west": {"uv": [8, 8, 9.5, 16], "rotation": 180, "texture": "#0"},
				"up": {"uv": [8, 8, 9.5, 16], "rotation": 270, "texture": "#0"},
				"down": {"uv": [8, 8, 9.5, 16], "rotation": 90, "texture": "#0"}
			}
		},
		{
			"from": [9.7108, 23.77385, 6.65],
			"to": [10.9108, 24.97385, 7.35],
			"rotation": {"angle": -45, "axis": "z", "origin": [8, 20.54421, 8]},
			"faces": {
				"north": {"uv": [8, 0, 0, 8], "rotation": 180, "texture": "#0"},
				"east": {"uv": [7, 9, 1, 15], "rotation": 180, "texture": "#0"},
				"south": {"uv": [8, 0, 0, 8], "rotation": 180, "texture": "#0"},
				"west": {"uv": [7, 9, 1, 15], "rotation": 180, "texture": "#0"},
				"up": {"uv": [7, 9, 1, 15], "rotation": 270, "texture": "#0"},
				"down": {"uv": [7, 9, 1, 15], "rotation": 90, "texture": "#0"}
			}
		},
		{
			"from": [9.8108, 22.87385, 6.75],
			"to": [10.8108, 24.37385, 7.25],
			"rotation": {"angle": -45, "axis": "z", "origin": [8, 20.54421, 8]},
			"faces": {
				"north": {"uv": [7, 9, 1, 15], "rotation": 180, "texture": "#0"},
				"east": {"uv": [7, 9, 1, 15], "rotation": 180, "texture": "#0"},
				"south": {"uv": [7, 9, 1, 15], "rotation": 180, "texture": "#0"},
				"west": {"uv": [7, 9, 1, 15], "rotation": 180, "texture": "#0"},
				"up": {"uv": [7, 9, 1, 15], "rotation": 270, "texture": "#0"},
				"down": {"uv": [7, 9, 1, 15], "rotation": 90, "texture": "#0"}
			}
		},
		{
			"from": [10.4608, 24.97385, 6.675],
			"to": [10.6608, 25.67385, 7.125],
			"rotation": {"angle": -45, "axis": "z", "origin": [8, 20.54421, 8]},
			"faces": {
				"north": {"uv": [8, 1.5, 0, 6.75], "rotation": 180, "texture": "#0"},
				"east": {"uv": [8, 1.5, 0, 6.75], "rotation": 180, "texture": "#0"},
				"south": {"uv": [8, 1.5, 0, 6.75], "rotation": 180, "texture": "#0"},
				"west": {"uv": [8, 1.5, 0, 6.75], "rotation": 180, "texture": "#0"},
				"up": {"uv": [8, 1.5, 0, 6.75], "rotation": 270, "texture": "#0"},
				"down": {"uv": [8, 1.5, 0, 6.75], "rotation": 90, "texture": "#0"}
			}
		},
		{
			"from": [9.9608, 24.97385, 6.675],
			"to": [10.1608, 25.67385, 7.125],
			"rotation": {"angle": -45, "axis": "z", "origin": [8, 20.54421, 8]},
			"faces": {
				"north": {"uv": [8, 1.5, 0, 6.75], "rotation": 180, "texture": "#0"},
				"east": {"uv": [8, 1.5, 0, 6.75], "rotation": 180, "texture": "#0"},
				"south": {"uv": [8, 1.5, 0, 6.75], "rotation": 180, "texture": "#0"},
				"west": {"uv": [8, 1.5, 0, 6.75], "rotation": 180, "texture": "#0"},
				"up": {"uv": [8, 1.5, 0, 6.75], "rotation": 270, "texture": "#0"},
				"down": {"uv": [8, 1.5, 0, 6.75], "rotation": 90, "texture": "#0"}
			}
		},
		{
			"from": [9.9608, 24.97385, 8.875],
			"to": [10.1608, 25.67385, 9.325],
			"rotation": {"angle": -45, "axis": "z", "origin": [8, 20.54421, 8]},
			"faces": {
				"north": {"uv": [0, 1.5, 8, 6.75], "rotation": 180, "texture": "#0"},
				"east": {"uv": [0, 1.5, 8, 6.75], "rotation": 180, "texture": "#0"},
				"south": {"uv": [0, 1.5, 8, 6.75], "rotation": 180, "texture": "#0"},
				"west": {"uv": [0, 1.5, 8, 6.75], "rotation": 180, "texture": "#0"},
				"up": {"uv": [0, 1.5, 8, 6.75], "rotation": 270, "texture": "#0"},
				"down": {"uv": [0, 1.5, 8, 6.75], "rotation": 90, "texture": "#0"}
			}
		},
		{
			"from": [10.4608, 24.97385, 8.875],
			"to": [10.6608, 25.67385, 9.325],
			"rotation": {"angle": -45, "axis": "z", "origin": [8, 20.54421, 8]},
			"faces": {
				"north": {"uv": [0, 1.5, 8, 6.75], "rotation": 180, "texture": "#0"},
				"east": {"uv": [0, 1.5, 8, 6.75], "rotation": 180, "texture": "#0"},
				"south": {"uv": [0, 1.5, 8, 6.75], "rotation": 180, "texture": "#0"},
				"west": {"uv": [0, 1.5, 8, 6.75], "rotation": 180, "texture": "#0"},
				"up": {"uv": [0, 1.5, 8, 6.75], "rotation": 270, "texture": "#0"},
				"down": {"uv": [0, 1.5, 8, 6.75], "rotation": 90, "texture": "#0"}
			}
		},
		{
			"from": [9.7108, 23.77385, 8.65],
			"to": [10.9108, 24.97385, 9.35],
			"rotation": {"angle": -45, "axis": "z", "origin": [8, 20.54421, 8]},
			"faces": {
				"north": {"uv": [0, 0, 8, 8], "rotation": 180, "texture": "#0"},
				"east": {"uv": [1, 9, 7, 15], "rotation": 180, "texture": "#0"},
				"south": {"uv": [0, 0, 8, 8], "rotation": 180, "texture": "#0"},
				"west": {"uv": [1, 9, 7, 15], "rotation": 180, "texture": "#0"},
				"up": {"uv": [1, 9, 7, 15], "rotation": 270, "texture": "#0"},
				"down": {"uv": [1, 9, 7, 15], "rotation": 90, "texture": "#0"}
			}
		},
		{
			"from": [9.9108, 24.12385, 7.6],
			"to": [10.7108, 24.62385, 8.4],
			"rotation": {"angle": -45, "axis": "z", "origin": [8, 20.54421, 8]},
			"faces": {
				"north": {"uv": [8, 8, 9.5, 16], "rotation": 180, "texture": "#3"},
				"east": {"uv": [8, 8, 9.5, 16], "rotation": 180, "texture": "#3"},
				"south": {"uv": [8, 8, 9.5, 16], "rotation": 180, "texture": "#3"},
				"west": {"uv": [8, 8, 9.5, 16], "rotation": 180, "texture": "#3"},
				"up": {"uv": [8, 8, 9.5, 16], "rotation": 270, "texture": "#3"},
				"down": {"uv": [8, 8, 9.5, 16], "rotation": 90, "texture": "#3"}
			}
		},
		{
			"from": [9.8108, 22.87385, 8.75],
			"to": [10.8108, 24.37385, 9.25],
			"rotation": {"angle": -45, "axis": "z", "origin": [8, 20.54421, 8]},
			"faces": {
				"north": {"uv": [1, 9, 7, 15], "rotation": 180, "texture": "#0"},
				"east": {"uv": [1, 9, 7, 15], "rotation": 180, "texture": "#0"},
				"south": {"uv": [1, 9, 7, 15], "rotation": 180, "texture": "#0"},
				"west": {"uv": [1, 9, 7, 15], "rotation": 180, "texture": "#0"},
				"up": {"uv": [1, 9, 7, 15], "rotation": 270, "texture": "#0"},
				"down": {"uv": [1, 9, 7, 15], "rotation": 90, "texture": "#0"}
			}
		},
		{
			"from": [9.8108, 24.37385, 6.75],
			"to": [10.8108, 25.87385, 9.25],
			"rotation": {"angle": -45, "axis": "z", "origin": [8, 20.54421, 8]},
			"faces": {
				"north": {"uv": [8, 8, 9.5, 16], "rotation": 180, "texture": "#0"},
				"east": {"uv": [8, 8, 9.5, 16], "rotation": 180, "texture": "#0"},
				"south": {"uv": [8, 8, 9.5, 16], "rotation": 180, "texture": "#0"},
				"west": {"uv": [8, 8, 9.5, 16], "rotation": 180, "texture": "#0"},
				"up": {"uv": [8, 8, 9.5, 16], "rotation": 270, "texture": "#0"},
				"down": {"uv": [8, 8, 9.5, 16], "rotation": 90, "texture": "#0"}
			}
		},
		{
			"from": [9.5608, 25.62385, 6],
			"to": [11.0608, 27.12385, 10],
			"rotation": {"angle": -45, "axis": "z", "origin": [8, 20.54421, 8]},
			"faces": {
				"north": {"uv": [0, 0, 8, 8], "rotation": 180, "texture": "#0"},
				"east": {"uv": [1.25, 1.25, 6.75, 6.75], "rotation": 270, "texture": "#0"},
				"south": {"uv": [0, 0, 8, 8], "texture": "#0"},
				"west": {"uv": [1.25, 1.25, 6.75, 6.75], "rotation": 90, "texture": "#0"},
				"up": {"uv": [1.25, 1.25, 6.75, 6.75], "texture": "#0"},
				"down": {"uv": [1.25, 1.25, 6.75, 6.75], "texture": "#0"}
			}
		},
		{
			"from": [11.80066, 24.57516, 8.5],
			"to": [16.55066, 25.57516, 9.5],
			"rotation": {"angle": -22.5, "axis": "z", "origin": [8, 20.54421, 8]},
			"faces": {
				"north": {"uv": [8, 8, 9.5, 16], "rotation": 270, "texture": "#0"},
				"east": {"uv": [8, 8, 9.5, 16], "texture": "#0"},
				"south": {"uv": [8, 8, 9.5, 16], "rotation": 90, "texture": "#0"},
				"west": {"uv": [8, 8, 9.5, 16], "rotation": 180, "texture": "#0"},
				"up": {"uv": [8, 8, 9.5, 16], "rotation": 90, "texture": "#0"},
				"down": {"uv": [8, 8, 9.5, 16], "rotation": 90, "texture": "#0"}
			}
		},
		{
			"from": [11.80066, 24.57516, 6.5],
			"to": [16.55066, 25.57516, 7.5],
			"rotation": {"angle": -22.5, "axis": "z", "origin": [8, 20.54421, 8]},
			"faces": {
				"north": {"uv": [8, 8, 9.5, 16], "rotation": 270, "texture": "#0"},
				"east": {"uv": [8, 8, 9.5, 16], "texture": "#0"},
				"south": {"uv": [8, 8, 9.5, 16], "rotation": 90, "texture": "#0"},
				"west": {"uv": [8, 8, 9.5, 16], "rotation": 180, "texture": "#0"},
				"up": {"uv": [8, 8, 9.5, 16], "rotation": 90, "texture": "#0"},
				"down": {"uv": [8, 8, 9.5, 16], "rotation": 90, "texture": "#0"}
			}
		},
		{
			"from": [14.76037, 13.7879, 6],
			"to": [16.26037, 15.2879, 10],
			"rotation": {"angle": 45, "axis": "z", "origin": [8, 20.54421, 8]},
			"faces": {
				"north": {"uv": [0, 0, 8, 8], "rotation": 90, "texture": "#0"},
				"east": {"uv": [1.25, 1.25, 6.75, 6.75], "rotation": 90, "texture": "#0"},
				"south": {"uv": [0, 0, 8, 8], "rotation": 90, "texture": "#0"},
				"west": {"uv": [1.25, 1.25, 6.75, 6.75], "rotation": 90, "texture": "#0"},
				"up": {"uv": [1.25, 1.25, 6.75, 6.75], "rotation": 180, "texture": "#0"},
				"down": {"uv": [1.25, 1.25, 6.75, 6.75], "texture": "#0"}
			}
		},
		{
			"from": [16.33474, 20.72616, 6.5],
			"to": [17.33474, 25.47616, 7.5],
			"rotation": {"angle": -45, "axis": "z", "origin": [8, 20.54421, 8]},
			"faces": {
				"north": {"uv": [8, 8, 9.5, 16], "rotation": 180, "texture": "#0"},
				"east": {"uv": [8, 8, 9.5, 16], "rotation": 180, "texture": "#0"},
				"south": {"uv": [8, 8, 9.5, 16], "rotation": 180, "texture": "#0"},
				"west": {"uv": [8, 8, 9.5, 16], "rotation": 180, "texture": "#0"},
				"up": {"uv": [8, 8, 9.5, 16], "rotation": 270, "texture": "#0"},
				"down": {"uv": [8, 8, 9.5, 16], "rotation": 90, "texture": "#0"}
			}
		},
		{
			"from": [5.3392, 24.97385, 8.875],
			"to": [5.5392, 25.67385, 9.325],
			"rotation": {"angle": 45, "axis": "z", "origin": [8, 20.54421, 8]},
			"faces": {
				"north": {"uv": [8, 1.5, 0, 6.75], "rotation": 180, "texture": "#0"},
				"east": {"uv": [8, 1.5, 0, 6.75], "rotation": 180, "texture": "#0"},
				"south": {"uv": [8, 1.5, 0, 6.75], "rotation": 180, "texture": "#0"},
				"west": {"uv": [8, 1.5, 0, 6.75], "rotation": 180, "texture": "#0"},
				"up": {"uv": [0, 6.75, 8, 1.5], "rotation": 270, "texture": "#0"},
				"down": {"uv": [0, 6.75, 8, 1.5], "rotation": 90, "texture": "#0"}
			}
		},
		{
			"from": [5.8392, 24.97385, 8.875],
			"to": [6.0392, 25.67385, 9.325],
			"rotation": {"angle": 45, "axis": "z", "origin": [8, 20.54421, 8]},
			"faces": {
				"north": {"uv": [8, 1.5, 0, 6.75], "rotation": 180, "texture": "#0"},
				"east": {"uv": [8, 1.5, 0, 6.75], "rotation": 180, "texture": "#0"},
				"south": {"uv": [8, 1.5, 0, 6.75], "rotation": 180, "texture": "#0"},
				"west": {"uv": [8, 1.5, 0, 6.75], "rotation": 180, "texture": "#0"},
				"up": {"uv": [0, 6.75, 8, 1.5], "rotation": 270, "texture": "#0"},
				"down": {"uv": [0, 6.75, 8, 1.5], "rotation": 90, "texture": "#0"}
			}
		},
		{
			"from": [5.8392, 24.97385, 6.675],
			"to": [6.0392, 25.67385, 7.125],
			"rotation": {"angle": 45, "axis": "z", "origin": [8, 20.54421, 8]},
			"faces": {
				"north": {"uv": [0, 1.5, 8, 6.75], "rotation": 180, "texture": "#0"},
				"east": {"uv": [0, 1.5, 8, 6.75], "rotation": 180, "texture": "#0"},
				"south": {"uv": [0, 1.5, 8, 6.75], "rotation": 180, "texture": "#0"},
				"west": {"uv": [0, 1.5, 8, 6.75], "rotation": 180, "texture": "#0"},
				"up": {"uv": [8, 6.75, 0, 1.5], "rotation": 270, "texture": "#0"},
				"down": {"uv": [8, 6.75, 0, 1.5], "rotation": 90, "texture": "#0"}
			}
		},
		{
			"from": [5.3392, 24.97385, 6.675],
			"to": [5.5392, 25.67385, 7.125],
			"rotation": {"angle": 45, "axis": "z", "origin": [8, 20.54421, 8]},
			"faces": {
				"north": {"uv": [0, 1.5, 8, 6.75], "rotation": 180, "texture": "#0"},
				"east": {"uv": [0, 1.5, 8, 6.75], "rotation": 180, "texture": "#0"},
				"south": {"uv": [0, 1.5, 8, 6.75], "rotation": 180, "texture": "#0"},
				"west": {"uv": [0, 1.5, 8, 6.75], "rotation": 180, "texture": "#0"},
				"up": {"uv": [8, 6.75, 0, 1.5], "rotation": 270, "texture": "#0"},
				"down": {"uv": [8, 6.75, 0, 1.5], "rotation": 90, "texture": "#0"}
			}
		},
		{
			"from": [5.2892, 24.12385, 7.6],
			"to": [6.0892, 24.62385, 8.4],
			"rotation": {"angle": 45, "axis": "z", "origin": [8, 20.54421, 8]},
			"faces": {
				"north": {"uv": [9.5, 8, 8, 16], "rotation": 180, "texture": "#3"},
				"east": {"uv": [9.5, 8, 8, 16], "rotation": 180, "texture": "#3"},
				"south": {"uv": [9.5, 8, 8, 16], "rotation": 180, "texture": "#3"},
				"west": {"uv": [9.5, 8, 8, 16], "rotation": 180, "texture": "#3"},
				"up": {"uv": [8, 16, 9.5, 8], "rotation": 270, "texture": "#3"},
				"down": {"uv": [8, 16, 9.5, 8], "rotation": 90, "texture": "#3"}
			}
		},
		{
			"from": [5.1892, 22.87385, 8.75],
			"to": [6.1892, 24.37385, 9.25],
			"rotation": {"angle": 45, "axis": "z", "origin": [8, 20.54421, 8]},
			"faces": {
				"north": {"uv": [7, 9, 1, 15], "rotation": 180, "texture": "#0"},
				"east": {"uv": [7, 9, 1, 15], "rotation": 180, "texture": "#0"},
				"south": {"uv": [7, 9, 1, 15], "rotation": 180, "texture": "#0"},
				"west": {"uv": [7, 9, 1, 15], "rotation": 180, "texture": "#0"},
				"up": {"uv": [1, 15, 7, 9], "rotation": 270, "texture": "#0"},
				"down": {"uv": [1, 15, 7, 9], "rotation": 90, "texture": "#0"}
			}
		},
		{
			"from": [5.0892, 23.77385, 8.65],
			"to": [6.2892, 24.97385, 9.35],
			"rotation": {"angle": 45, "axis": "z", "origin": [8, 20.54421, 8]},
			"faces": {
				"north": {"uv": [8, 0, 0, 8], "rotation": 180, "texture": "#0"},
				"east": {"uv": [7, 9, 1, 15], "rotation": 180, "texture": "#0"},
				"south": {"uv": [8, 0, 0, 8], "rotation": 180, "texture": "#0"},
				"west": {"uv": [7, 9, 1, 15], "rotation": 180, "texture": "#0"},
				"up": {"uv": [1, 15, 7, 9], "rotation": 270, "texture": "#0"},
				"down": {"uv": [1, 15, 7, 9], "rotation": 90, "texture": "#0"}
			}
		},
		{
			"from": [5.1892, 22.87385, 6.75],
			"to": [6.1892, 24.37385, 7.25],
			"rotation": {"angle": 45, "axis": "z", "origin": [8, 20.54421, 8]},
			"faces": {
				"north": {"uv": [1, 9, 7, 15], "rotation": 180, "texture": "#0"},
				"east": {"uv": [1, 9, 7, 15], "rotation": 180, "texture": "#0"},
				"south": {"uv": [1, 9, 7, 15], "rotation": 180, "texture": "#0"},
				"west": {"uv": [1, 9, 7, 15], "rotation": 180, "texture": "#0"},
				"up": {"uv": [7, 15, 1, 9], "rotation": 270, "texture": "#0"},
				"down": {"uv": [7, 15, 1, 9], "rotation": 90, "texture": "#0"}
			}
		},
		{
			"from": [5.0892, 23.77385, 6.65],
			"to": [6.2892, 24.97385, 7.35],
			"rotation": {"angle": 45, "axis": "z", "origin": [8, 20.54421, 8]},
			"faces": {
				"north": {"uv": [0, 0, 8, 8], "rotation": 180, "texture": "#0"},
				"east": {"uv": [1, 9, 7, 15], "rotation": 180, "texture": "#0"},
				"south": {"uv": [0, 0, 8, 8], "rotation": 180, "texture": "#0"},
				"west": {"uv": [1, 9, 7, 15], "rotation": 180, "texture": "#0"},
				"up": {"uv": [7, 15, 1, 9], "rotation": 270, "texture": "#0"},
				"down": {"uv": [7, 15, 1, 9], "rotation": 90, "texture": "#0"}
			}
		},
		{
			"from": [5.1892, 24.37385, 6.75],
			"to": [6.1892, 25.87385, 9.25],
			"rotation": {"angle": 45, "axis": "z", "origin": [8, 20.54421, 8]},
			"faces": {
				"north": {"uv": [9.5, 8, 8, 16], "rotation": 180, "texture": "#0"},
				"east": {"uv": [9.5, 8, 8, 16], "rotation": 180, "texture": "#0"},
				"south": {"uv": [9.5, 8, 8, 16], "rotation": 180, "texture": "#0"},
				"west": {"uv": [9.5, 8, 8, 16], "rotation": 180, "texture": "#0"},
				"up": {"uv": [8, 16, 9.5, 8], "rotation": 270, "texture": "#0"},
				"down": {"uv": [8, 16, 9.5, 8], "rotation": 90, "texture": "#0"}
			}
		},
		{
			"from": [4.9392, 25.62385, 6],
			"to": [6.4392, 27.12385, 10],
			"rotation": {"angle": 45, "axis": "z", "origin": [8, 20.54421, 8]},
			"faces": {
				"north": {"uv": [8, 0, 0, 8], "rotation": 180, "texture": "#0"},
				"east": {"uv": [1.25, 6.75, 6.75, 1.25], "rotation": 90, "texture": "#0"},
				"south": {"uv": [8, 0, 0, 8], "texture": "#0"},
				"west": {"uv": [1.25, 6.75, 6.75, 1.25], "rotation": 270, "texture": "#0"},
				"up": {"uv": [6.75, 1.25, 1.25, 6.75], "texture": "#0"},
				"down": {"uv": [6.75, 1.25, 1.25, 6.75], "texture": "#0"}
			}
		},
		{
			"from": [-0.55066, 24.57516, 8.5],
			"to": [4.19934, 25.57516, 9.5],
			"rotation": {"angle": 22.5, "axis": "z", "origin": [8, 20.54421, 8]},
			"faces": {
				"north": {"uv": [8, 16, 9.5, 8], "rotation": 270, "texture": "#0"},
				"east": {"uv": [9.5, 8, 8, 16], "rotation": 180, "texture": "#0"},
				"south": {"uv": [8, 16, 9.5, 8], "rotation": 90, "texture": "#0"},
				"west": {"uv": [9.5, 8, 8, 16], "texture": "#0"},
				"up": {"uv": [8, 16, 9.5, 8], "rotation": 90, "texture": "#0"},
				"down": {"uv": [8, 16, 9.5, 8], "rotation": 90, "texture": "#0"}
			}
		},
		{
			"from": [-0.55066, 24.57516, 6.5],
			"to": [4.19934, 25.57516, 7.5],
			"rotation": {"angle": 22.5, "axis": "z", "origin": [8, 20.54421, 8]},
			"faces": {
				"north": {"uv": [8, 16, 9.5, 8], "rotation": 270, "texture": "#0"},
				"east": {"uv": [9.5, 8, 8, 16], "rotation": 180, "texture": "#0"},
				"south": {"uv": [8, 16, 9.5, 8], "rotation": 90, "texture": "#0"},
				"west": {"uv": [9.5, 8, 8, 16], "texture": "#0"},
				"up": {"uv": [8, 16, 9.5, 8], "rotation": 90, "texture": "#0"},
				"down": {"uv": [8, 16, 9.5, 8], "rotation": 90, "texture": "#0"}
			}
		},
		{
			"from": [-0.26037, 13.7879, 6],
			"to": [1.23963, 15.2879, 10],
			"rotation": {"angle": -45, "axis": "z", "origin": [8, 20.54421, 8]},
			"faces": {
				"north": {"uv": [0, 8, 8, 0], "rotation": 90, "texture": "#0"},
				"east": {"uv": [1.25, 6.75, 6.75, 1.25], "rotation": 90, "texture": "#0"},
				"south": {"uv": [0, 8, 8, 0], "rotation": 90, "texture": "#0"},
				"west": {"uv": [1.25, 6.75, 6.75, 1.25], "rotation": 90, "texture": "#0"},
				"up": {"uv": [6.75, 1.25, 1.25, 6.75], "rotation": 180, "texture": "#0"},
				"down": {"uv": [6.75, 1.25, 1.25, 6.75], "texture": "#0"}
			}
		},
		{
			"from": [-2.09067, 17.26567, 6.5],
			"to": [-1.09067, 22.01567, 7.5],
			"faces": {
				"north": {"uv": [9.5, 8, 8, 16], "rotation": 180, "texture": "#0"},
				"east": {"uv": [9.5, 8, 8, 16], "rotation": 180, "texture": "#0"},
				"south": {"uv": [9.5, 8, 8, 16], "rotation": 180, "texture": "#0"},
				"west": {"uv": [9.5, 8, 8, 16], "rotation": 180, "texture": "#0"},
				"up": {"uv": [8, 16, 9.5, 8], "rotation": 270, "texture": "#0"},
				"down": {"uv": [8, 16, 9.5, 8], "rotation": 90, "texture": "#0"}
			}
		},
		{
			"from": [-2.09067, 17.26567, 8.5],
			"to": [-1.09067, 22.01567, 9.5],
			"faces": {
				"north": {"uv": [9.5, 8, 8, 16], "rotation": 180, "texture": "#0"},
				"east": {"uv": [9.5, 8, 8, 16], "rotation": 180, "texture": "#0"},
				"south": {"uv": [9.5, 8, 8, 16], "rotation": 180, "texture": "#0"},
				"west": {"uv": [9.5, 8, 8, 16], "rotation": 180, "texture": "#0"},
				"up": {"uv": [8, 16, 9.5, 8], "rotation": 270, "texture": "#0"},
				"down": {"uv": [8, 16, 9.5, 8], "rotation": 90, "texture": "#0"}
			}
		},
		{
			"from": [-2.70394, 20.73886, 6],
			"to": [-1.20394, 22.23886, 10],
			"rotation": {"angle": 22.5, "axis": "z", "origin": [8, 20.54421, 8]},
			"faces": {
				"north": {"uv": [0, 8, 8, 0], "rotation": 90, "texture": "#0"},
				"east": {"uv": [1.25, 6.75, 6.75, 1.25], "rotation": 90, "texture": "#0"},
				"south": {"uv": [0, 8, 8, 0], "rotation": 90, "texture": "#0"},
				"west": {"uv": [1.25, 6.75, 6.75, 1.25], "rotation": 90, "texture": "#0"},
				"up": {"uv": [6.75, 1.25, 1.25, 6.75], "rotation": 180, "texture": "#0"},
				"down": {"uv": [6.75, 1.25, 1.25, 6.75], "texture": "#0"}
			}
		},
		{
			"from": [-1.33474, 20.72616, 8.5],
			"to": [-0.33474, 25.47616, 9.5],
			"rotation": {"angle": 45, "axis": "z", "origin": [8, 20.54421, 8]},
			"faces": {
				"north": {"uv": [9.5, 8, 8, 16], "rotation": 180, "texture": "#0"},
				"east": {"uv": [9.5, 8, 8, 16], "rotation": 180, "texture": "#0"},
				"south": {"uv": [9.5, 8, 8, 16], "rotation": 180, "texture": "#0"},
				"west": {"uv": [9.5, 8, 8, 16], "rotation": 180, "texture": "#0"},
				"up": {"uv": [8, 16, 9.5, 8], "rotation": 270, "texture": "#0"},
				"down": {"uv": [8, 16, 9.5, 8], "rotation": 90, "texture": "#0"}
			}
		},
		{
			"from": [-1.33474, 20.72616, 6.5],
			"to": [-0.33474, 25.47616, 7.5],
			"rotation": {"angle": 45, "axis": "z", "origin": [8, 20.54421, 8]},
			"faces": {
				"north": {"uv": [9.5, 8, 8, 16], "rotation": 180, "texture": "#0"},
				"east": {"uv": [9.5, 8, 8, 16], "rotation": 180, "texture": "#0"},
				"south": {"uv": [9.5, 8, 8, 16], "rotation": 180, "texture": "#0"},
				"west": {"uv": [9.5, 8, 8, 16], "rotation": 180, "texture": "#0"},
				"up": {"uv": [8, 16, 9.5, 8], "rotation": 270, "texture": "#0"},
				"down": {"uv": [8, 16, 9.5, 8], "rotation": 90, "texture": "#0"}
			}
		},
		{
			"from": [-1.58474, 19.47616, 6],
			"to": [-0.08474, 20.97616, 10],
			"rotation": {"angle": 45, "axis": "z", "origin": [8, 20.54421, 8]},
			"faces": {
				"north": {"uv": [0, 8, 8, 0], "rotation": 90, "texture": "#0"},
				"east": {"uv": [1.25, 6.75, 6.75, 1.25], "rotation": 90, "texture": "#0"},
				"south": {"uv": [0, 8, 8, 0], "rotation": 90, "texture": "#0"},
				"west": {"uv": [1.25, 6.75, 6.75, 1.25], "rotation": 90, "texture": "#0"},
				"up": {"uv": [6.75, 1.25, 1.25, 6.75], "rotation": 180, "texture": "#0"},
				"down": {"uv": [6.75, 1.25, 1.25, 6.75], "texture": "#0"}
			}
		},
		{
			"from": [6.25, 14.5, 6.25],
			"to": [9.75, 15.25, 9.75],
			"faces": {
				"north": {"uv": [0, 0, 16, 16], "rotation": 90, "texture": "#3"},
				"east": {"uv": [0, 0, 16, 16], "rotation": 90, "texture": "#3"},
				"south": {"uv": [0, 0, 16, 16], "rotation": 90, "texture": "#3"},
				"west": {"uv": [0, 0, 16, 16], "rotation": 90, "texture": "#3"},
				"up": {"uv": [0, 0, 16, 16], "rotation": 90, "texture": "#3"},
				"down": {"uv": [0, 0, 16, 16], "rotation": 90, "texture": "#3"}
			}
		},
		{
			"from": [6.225, 14.5, 6.225],
			"to": [9.775, 15.275, 9.775],
			"faces": {
				"north": {"uv": [0, 0, 16, 16], "rotation": 90, "texture": "#3"},
				"east": {"uv": [0, 0, 16, 16], "rotation": 90, "texture": "#3"},
				"south": {"uv": [0, 0, 16, 16], "rotation": 90, "texture": "#3"},
				"west": {"uv": [0, 0, 16, 16], "rotation": 90, "texture": "#3"},
				"up": {"uv": [0, 0, 16, 16], "rotation": 90, "texture": "#4"},
				"down": {"uv": [0, 0, 16, 16], "rotation": 90, "texture": "#3"}
			}
		},
		{
			"from": [5.75, 14.65, 5.75],
			"to": [10.25, 15.15, 10.25],
			"faces": {
				"north": {"uv": [8, 8, 9.5, 16], "rotation": 90, "texture": "#0"},
				"east": {"uv": [8, 8, 9.5, 16], "rotation": 90, "texture": "#0"},
				"south": {"uv": [8, 8, 9.5, 16], "rotation": 90, "texture": "#0"},
				"west": {"uv": [8, 8, 9.5, 16], "rotation": 90, "texture": "#0"},
				"up": {"uv": [0, 8, 8, 16], "rotation": 90, "texture": "#0"},
				"down": {"uv": [8, 8, 9.5, 16], "rotation": 90, "texture": "#0"}
			}
		}
	],
	"display": {
		"head": {
			"translation": [0, -56, 0],
			"scale": [2.15, 2.15, 2.15]
		}
	},
	"groups": [
		{
			"name": "body",
			"children": [0, 1, 2, 3, 4, 5, 6, 7, 8, 9, 10, 11, 12, 13, 14, 15, 16, 17, 18, 19, 20, 21, 22, 23, 24, 25, 26, 27, 28, 29, 30, 31, 32, 33, 34, 35, 36, 37, 38, 39, 40, 41, 42, 43, 44, 45, 46, 47, 48, 49, 50, 51, 52, 53, 54, 55, 56, 57, 58, 59, 60, 61, 62, 63, 64, 65, 66, 67, 68, 69, 70, 71, 72, 73, 74, 75, 76, 77, 78, 79, 80, 81, 82, 83, 84, 85, 86, 87, 88, 89, 90, 91, 92, 93, 94, 95, 96, 97, 98, 99, 100, 101, 102, 103, 104, 105, 106, 107, 108, 109, 110, 111, 112, 113, 114, 115, 116, 117, 118, 119, 120, 121, 122]
		}
	]
}