{
	"credit": "https://www.youtube.com/c/ZeroCaty",
	"textures": {
		"0": "zcbm/magic/ancient/allparts",
		"particle": "zcbm/magic/ancient/allparts"
	},
	"elements": [
		{
			"from": [2.25, 1, 2.25],
			"to": [13.75, 13, 13.75],
			"faces": {
				"north": {"uv": [1.25, 1.25, 6.75, 6.75], "texture": "#0"},
				"east": {"uv": [1.25, 1.25, 6.75, 6.75], "texture": "#0"},
				"south": {"uv": [1.25, 1.25, 6.75, 6.75], "texture": "#0"},
				"west": {"uv": [1.25, 1.25, 6.75, 6.75], "texture": "#0"},
				"up": {"uv": [1.25, 1.25, 6.75, 6.75], "texture": "#0"},
				"down": {"uv": [1.25, 1.25, 6.75, 6.75], "texture": "#0"}
			}
		},
		{
			"from": [1, 0, 1],
			"to": [15, 2, 15],
			"faces": {
				"north": {"uv": [0, 0, 8, 8], "rotation": 90, "texture": "#0"},
				"east": {"uv": [0, 0, 8, 8], "rotation": 90, "texture": "#0"},
				"south": {"uv": [0, 0, 8, 8], "rotation": 90, "texture": "#0"},
				"west": {"uv": [0, 0, 8, 8], "rotation": 90, "texture": "#0"},
				"up": {"uv": [0, 0, 8, 8], "rotation": 90, "texture": "#0"},
				"down": {"uv": [0, 0, 8, 8], "rotation": 90, "texture": "#0"}
			}
		},
		{
			"from": [1, 12, 1],
			"to": [15, 14, 15],
			"faces": {
				"north": {"uv": [0, 0, 8, 8], "rotation": 90, "texture": "#0"},
				"east": {"uv": [0, 0, 8, 8], "rotation": 90, "texture": "#0"},
				"south": {"uv": [0, 0, 8, 8], "rotation": 90, "texture": "#0"},
				"west": {"uv": [0, 0, 8, 8], "rotation": 90, "texture": "#0"},
				"up": {"uv": [0, 0, 8, 8], "rotation": 90, "texture": "#0"},
				"down": {"uv": [0, 0, 8, 8], "rotation": 90, "texture": "#0"}
			}
		},
		{
			"from": [12.75, 2, 12.75],
			"to": [14.75, 12, 14.75],
			"faces": {
				"north": {"uv": [8, 8, 9.5, 16], "rotation": 180, "texture": "#0"},
				"east": {"uv": [8, 8, 9.5, 16], "rotation": 180, "texture": "#0"},
				"south": {"uv": [8, 8, 9.5, 16], "rotation": 180, "texture": "#0"},
				"west": {"uv": [8, 8, 9.5, 16], "rotation": 180, "texture": "#0"},
				"up": {"uv": [8, 8, 9.5, 16], "rotation": 180, "texture": "#0"},
				"down": {"uv": [8, 8, 9.5, 16], "rotation": 180, "texture": "#0"}
			}
		},
		{
			"from": [1.25, 2, 12.75],
			"to": [3.25, 12, 14.75],
			"faces": {
				"north": {"uv": [8, 8, 9.5, 16], "rotation": 180, "texture": "#0"},
				"east": {"uv": [8, 8, 9.5, 16], "rotation": 180, "texture": "#0"},
				"south": {"uv": [8, 8, 9.5, 16], "rotation": 180, "texture": "#0"},
				"west": {"uv": [8, 8, 9.5, 16], "rotation": 180, "texture": "#0"},
				"up": {"uv": [8, 8, 9.5, 16], "rotation": 180, "texture": "#0"},
				"down": {"uv": [8, 8, 9.5, 16], "rotation": 180, "texture": "#0"}
			}
		},
		{
			"from": [12.75, 2, 1.25],
			"to": [14.75, 12, 3.25],
			"faces": {
				"north": {"uv": [8, 8, 9.5, 16], "rotation": 180, "texture": "#0"},
				"east": {"uv": [8, 8, 9.5, 16], "rotation": 180, "texture": "#0"},
				"south": {"uv": [8, 8, 9.5, 16], "rotation": 180, "texture": "#0"},
				"west": {"uv": [8, 8, 9.5, 16], "rotation": 180, "texture": "#0"},
				"up": {"uv": [8, 8, 9.5, 16], "rotation": 180, "texture": "#0"},
				"down": {"uv": [8, 8, 9.5, 16], "rotation": 180, "texture": "#0"}
			}
		},
		{
			"from": [1.25, 2, 1.25],
			"to": [3.25, 12, 3.25],
			"faces": {
				"north": {"uv": [8, 8, 9.5, 16], "rotation": 180, "texture": "#0"},
				"east": {"uv": [8, 8, 9.5, 16], "rotation": 180, "texture": "#0"},
				"south": {"uv": [8, 8, 9.5, 16], "rotation": 180, "texture": "#0"},
				"west": {"uv": [8, 8, 9.5, 16], "rotation": 180, "texture": "#0"},
				"up": {"uv": [8, 8, 9.5, 16], "rotation": 180, "texture": "#0"},
				"down": {"uv": [8, 8, 9.5, 16], "rotation": 180, "texture": "#0"}
			}
		},
		{
			"from": [0.70711, 1.73223, 6.35],
			"to": [5.20711, 5.23223, 9.65],
			"rotation": {"angle": 45, "axis": "z", "origin": [-0.04289, 3.48223, 8]},
			"faces": {
				"north": {"uv": [6.75, 1.25, 1.25, 6.75], "texture": "#0"},
				"east": {"uv": [6.75, 1.25, 1.25, 6.75], "texture": "#0"},
				"south": {"uv": [6.75, 1.25, 1.25, 6.75], "texture": "#0"},
				"west": {"uv": [6.75, 1.25, 1.25, 6.75], "texture": "#0"},
				"up": {"uv": [6.75, 1.25, 1.25, 6.75], "texture": "#0"},
				"down": {"uv": [6.75, 1.25, 1.25, 6.75], "texture": "#0"}
			}
		},
		{
			"from": [12.25, 5.25, 6.25],
			"to": [16.75, 8.75, 9.75],
			"faces": {
				"north": {"uv": [1.25, 1.25, 6.75, 6.75], "texture": "#0"},
				"east": {"uv": [1.25, 1.25, 6.75, 6.75], "texture": "#0"},
				"south": {"uv": [1.25, 1.25, 6.75, 6.75], "texture": "#0"},
				"west": {"uv": [1.25, 1.25, 6.75, 6.75], "texture": "#0"},
				"up": {"uv": [1.25, 1.25, 6.75, 6.75], "texture": "#0"},
				"down": {"uv": [1.25, 1.25, 6.75, 6.75], "texture": "#0"}
			}
		},
		{
			"from": [16.5, 5.6, 6.6],
			"to": [17.025, 8.4, 9.4],
			"faces": {
				"north": {"uv": [1, 1.25, 6.5, 6.75], "texture": "#0"},
				"east": {"uv": [0, 0, 8, 8], "texture": "#0"},
				"south": {"uv": [1.25, 1.25, 6.75, 6.75], "texture": "#0"},
				"west": {"uv": [1.25, 1.25, 6.75, 6.75], "texture": "#0"},
				"up": {"uv": [1.25, 1.25, 6.75, 6.75], "texture": "#0"},
				"down": {"uv": [1.25, 1.25, 6.75, 6.75], "texture": "#0"}
			}
		},
		{
			"from": [15.04289, 9.11777, 6.6],
			"to": [15.56789, 11.91777, 9.4],
			"rotation": {"angle": 45, "axis": "z", "origin": [16.04289, 10.51777, 8]},
			"faces": {
				"north": {"uv": [1, 1.25, 6.5, 6.75], "texture": "#0"},
				"east": {"uv": [0, 0, 8, 8], "texture": "#0"},
				"south": {"uv": [1.25, 1.25, 6.75, 6.75], "texture": "#0"},
				"west": {"uv": [1.25, 1.25, 6.75, 6.75], "texture": "#0"},
				"up": {"uv": [1.25, 1.25, 6.75, 6.75], "texture": "#0"},
				"down": {"uv": [1.25, 1.25, 6.75, 6.75], "texture": "#0"}
			}
		},
		{
			"from": [10.79289, 8.76777, 6.35],
			"to": [15.29289, 12.26777, 9.65],
			"rotation": {"angle": 45, "axis": "z", "origin": [16.04289, 10.51777, 8]},
			"faces": {
				"north": {"uv": [1.25, 1.25, 6.75, 6.75], "texture": "#0"},
				"east": {"uv": [1.25, 1.25, 6.75, 6.75], "texture": "#0"},
				"south": {"uv": [1.25, 1.25, 6.75, 6.75], "texture": "#0"},
				"west": {"uv": [1.25, 1.25, 6.75, 6.75], "texture": "#0"},
				"up": {"uv": [1.25, 1.25, 6.75, 6.75], "texture": "#0"},
				"down": {"uv": [1.25, 1.25, 6.75, 6.75], "texture": "#0"}
			}
		},
		{
			"from": [15.04289, 2.08223, 6.6],
			"to": [15.56789, 4.88223, 9.4],
			"rotation": {"angle": -45, "axis": "z", "origin": [16.04289, 3.48223, 8]},
			"faces": {
				"north": {"uv": [1, 1.25, 6.5, 6.75], "texture": "#0"},
				"east": {"uv": [0, 0, 8, 8], "texture": "#0"},
				"south": {"uv": [1.25, 1.25, 6.75, 6.75], "texture": "#0"},
				"west": {"uv": [1.25, 1.25, 6.75, 6.75], "texture": "#0"},
				"up": {"uv": [1.25, 1.25, 6.75, 6.75], "texture": "#0"},
				"down": {"uv": [1.25, 1.25, 6.75, 6.75], "texture": "#0"}
			}
		},
		{
			"from": [10.79289, 1.73223, 6.35],
			"to": [15.29289, 5.23223, 9.65],
			"rotation": {"angle": -45, "axis": "z", "origin": [16.04289, 3.48223, 8]},
			"faces": {
				"north": {"uv": [1.25, 1.25, 6.75, 6.75], "texture": "#0"},
				"east": {"uv": [1.25, 1.25, 6.75, 6.75], "texture": "#0"},
				"south": {"uv": [1.25, 1.25, 6.75, 6.75], "texture": "#0"},
				"west": {"uv": [1.25, 1.25, 6.75, 6.75], "texture": "#0"},
				"up": {"uv": [1.25, 1.25, 6.75, 6.75], "texture": "#0"},
				"down": {"uv": [1.25, 1.25, 6.75, 6.75], "texture": "#0"}
			}
		},
		{
			"from": [-0.75, 5.25, 6.25],
			"to": [3.75, 8.75, 9.75],
			"faces": {
				"north": {"uv": [6.75, 1.25, 1.25, 6.75], "texture": "#0"},
				"east": {"uv": [6.75, 1.25, 1.25, 6.75], "texture": "#0"},
				"south": {"uv": [6.75, 1.25, 1.25, 6.75], "texture": "#0"},
				"west": {"uv": [6.75, 1.25, 1.25, 6.75], "texture": "#0"},
				"up": {"uv": [6.75, 1.25, 1.25, 6.75], "texture": "#0"},
				"down": {"uv": [6.75, 1.25, 1.25, 6.75], "texture": "#0"}
			}
		},
		{
			"from": [0.43211, 2.08223, 6.6],
			"to": [0.95711, 4.88223, 9.4],
			"rotation": {"angle": 45, "axis": "z", "origin": [-0.04289, 3.48223, 8]},
			"faces": {
				"north": {"uv": [6.5, 1.25, 1, 6.75], "texture": "#0"},
				"east": {"uv": [6.75, 1.25, 1.25, 6.75], "texture": "#0"},
				"south": {"uv": [6.75, 1.25, 1.25, 6.75], "texture": "#0"},
				"west": {"uv": [8, 0, 0, 8], "texture": "#0"},
				"up": {"uv": [6.75, 1.25, 1.25, 6.75], "texture": "#0"},
				"down": {"uv": [6.75, 1.25, 1.25, 6.75], "texture": "#0"}
			}
		},
		{
			"from": [0.70711, 8.76777, 6.35],
			"to": [5.20711, 12.26777, 9.65],
			"rotation": {"angle": -45, "axis": "z", "origin": [-0.04289, 10.51777, 8]},
			"faces": {
				"north": {"uv": [6.75, 1.25, 1.25, 6.75], "texture": "#0"},
				"east": {"uv": [6.75, 1.25, 1.25, 6.75], "texture": "#0"},
				"south": {"uv": [6.75, 1.25, 1.25, 6.75], "texture": "#0"},
				"west": {"uv": [6.75, 1.25, 1.25, 6.75], "texture": "#0"},
				"up": {"uv": [6.75, 1.25, 1.25, 6.75], "texture": "#0"},
				"down": {"uv": [6.75, 1.25, 1.25, 6.75], "texture": "#0"}
			}
		},
		{
			"from": [0.43211, 9.11777, 6.6],
			"to": [0.95711, 11.91777, 9.4],
			"rotation": {"angle": -45, "axis": "z", "origin": [-0.04289, 10.51777, 8]},
			"faces": {
				"north": {"uv": [6.5, 1.25, 1, 6.75], "texture": "#0"},
				"east": {"uv": [6.75, 1.25, 1.25, 6.75], "texture": "#0"},
				"south": {"uv": [6.75, 1.25, 1.25, 6.75], "texture": "#0"},
				"west": {"uv": [8, 0, 0, 8], "texture": "#0"},
				"up": {"uv": [6.75, 1.25, 1.25, 6.75], "texture": "#0"},
				"down": {"uv": [6.75, 1.25, 1.25, 6.75], "texture": "#0"}
			}
		},
		{
			"from": [-1.025, 5.6, 6.6],
			"to": [-0.5, 8.4, 9.4],
			"faces": {
				"north": {"uv": [6.5, 1.25, 1, 6.75], "texture": "#0"},
				"east": {"uv": [6.75, 1.25, 1.25, 6.75], "texture": "#0"},
				"south": {"uv": [6.75, 1.25, 1.25, 6.75], "texture": "#0"},
				"west": {"uv": [8, 0, 0, 8], "texture": "#0"},
				"up": {"uv": [6.75, 1.25, 1.25, 6.75], "texture": "#0"},
				"down": {"uv": [6.75, 1.25, 1.25, 6.75], "texture": "#0"}
			}
		},
		{
			"from": [4.5, 4, 2],
			"to": [11.5, 10, 2.25],
			"faces": {
				"north": {"uv": [0, 0, 8, 8], "texture": "#0"},
				"east": {"uv": [12, 8, 13, 9], "texture": "#0"},
				"south": {"uv": [12, 8, 13, 9], "texture": "#0"},
				"west": {"uv": [12, 8, 13, 9], "texture": "#0"},
				"up": {"uv": [12, 8, 13, 9], "texture": "#0"},
				"down": {"uv": [12, 8, 13, 9], "texture": "#0"}
			}
		},
		{
			"from": [4, 3.5, 1],
			"to": [12, 4.5, 3],
			"faces": {
				"north": {"uv": [8, 8, 9.5, 16], "rotation": 90, "texture": "#0"},
				"east": {"uv": [8, 8, 9.5, 16], "rotation": 90, "texture": "#0"},
				"south": {"uv": [8, 8, 9.5, 16], "rotation": 90, "texture": "#0"},
				"west": {"uv": [8, 8, 9.5, 16], "rotation": 90, "texture": "#0"},
				"up": {"uv": [8, 8, 9.5, 16], "rotation": 90, "texture": "#0"},
				"down": {"uv": [8, 8, 9.5, 16], "rotation": 90, "texture": "#0"}
			}
		},
		{
			"from": [4, 9.75, 1],
			"to": [12, 10.75, 3],
			"faces": {
				"north": {"uv": [8, 8, 9.5, 16], "rotation": 90, "texture": "#0"},
				"east": {"uv": [8, 8, 9.5, 16], "rotation": 90, "texture": "#0"},
				"south": {"uv": [8, 8, 9.5, 16], "rotation": 90, "texture": "#0"},
				"west": {"uv": [8, 8, 9.5, 16], "rotation": 90, "texture": "#0"},
				"up": {"uv": [8, 8, 9.5, 16], "rotation": 90, "texture": "#0"},
				"down": {"uv": [8, 8, 9.5, 16], "rotation": 90, "texture": "#0"}
			}
		},
		{
			"from": [11, 4.5, 1.25],
			"to": [11.75, 9.75, 3],
			"faces": {
				"north": {"uv": [8, 8, 9.5, 16], "rotation": 180, "texture": "#0"},
				"east": {"uv": [8, 8, 9.5, 16], "rotation": 180, "texture": "#0"},
				"south": {"uv": [8, 8, 9.5, 16], "rotation": 180, "texture": "#0"},
				"west": {"uv": [8, 8, 9.5, 16], "rotation": 180, "texture": "#0"},
				"up": {"uv": [8, 8, 9.5, 16], "rotation": 180, "texture": "#0"},
				"down": {"uv": [8, 8, 9.5, 16], "rotation": 180, "texture": "#0"}
			}
		},
		{
			"from": [4.25, 4.5, 1.25],
			"to": [5, 9.75, 3],
			"faces": {
				"north": {"uv": [8, 8, 9.5, 16], "rotation": 180, "texture": "#0"},
				"east": {"uv": [8, 8, 9.5, 16], "rotation": 180, "texture": "#0"},
				"south": {"uv": [8, 8, 9.5, 16], "rotation": 180, "texture": "#0"},
				"west": {"uv": [8, 8, 9.5, 16], "rotation": 180, "texture": "#0"},
				"up": {"uv": [8, 8, 9.5, 16], "rotation": 180, "texture": "#0"},
				"down": {"uv": [8, 8, 9.5, 16], "rotation": 180, "texture": "#0"}
			}
		},
		{
			"from": [3, 12.5, 3],
			"to": [13, 14.5, 13],
			"faces": {
				"north": {"uv": [8, 8, 9.5, 16], "rotation": 90, "texture": "#0"},
				"east": {"uv": [8, 8, 9.5, 16], "rotation": 90, "texture": "#0"},
				"south": {"uv": [8, 8, 9.5, 16], "rotation": 90, "texture": "#0"},
				"west": {"uv": [8, 8, 9.5, 16], "rotation": 90, "texture": "#0"},
				"up": {"uv": [0, 8, 8, 16], "texture": "#0"},
				"down": {"uv": [8, 8, 9.5, 16], "rotation": 90, "texture": "#0"}
			}
		},
		{
			"from": [1.5, -0.25, 13],
			"to": [3, 14.25, 14.5],
			"faces": {
				"north": {"uv": [8, 8, 9.5, 16], "rotation": 180, "texture": "#0"},
				"east": {"uv": [8, 8, 9.5, 16], "rotation": 180, "texture": "#0"},
				"south": {"uv": [8, 8, 9.5, 16], "rotation": 180, "texture": "#0"},
				"west": {"uv": [8, 8, 9.5, 16], "rotation": 180, "texture": "#0"},
				"up": {"uv": [0, 8, 8, 16], "rotation": 180, "texture": "#0"},
				"down": {"uv": [0, 8, 8, 16], "rotation": 180, "texture": "#0"}
			}
		},
		{
			"from": [13, -0.25, 13],
			"to": [14.5, 14.25, 14.5],
			"faces": {
				"north": {"uv": [8, 8, 9.5, 16], "rotation": 180, "texture": "#0"},
				"east": {"uv": [8, 8, 9.5, 16], "rotation": 180, "texture": "#0"},
				"south": {"uv": [8, 8, 9.5, 16], "rotation": 180, "texture": "#0"},
				"west": {"uv": [8, 8, 9.5, 16], "rotation": 180, "texture": "#0"},
				"up": {"uv": [0, 8, 8, 16], "rotation": 180, "texture": "#0"},
				"down": {"uv": [0, 8, 8, 16], "rotation": 180, "texture": "#0"}
			}
		},
		{
			"from": [1.5, -0.25, 1.5],
			"to": [3, 14.25, 3],
			"faces": {
				"north": {"uv": [8, 8, 9.5, 16], "rotation": 180, "texture": "#0"},
				"east": {"uv": [8, 8, 9.5, 16], "rotation": 180, "texture": "#0"},
				"south": {"uv": [8, 8, 9.5, 16], "rotation": 180, "texture": "#0"},
				"west": {"uv": [8, 8, 9.5, 16], "rotation": 180, "texture": "#0"},
				"up": {"uv": [0, 8, 8, 16], "rotation": 180, "texture": "#0"},
				"down": {"uv": [0, 8, 8, 16], "rotation": 180, "texture": "#0"}
			}
		},
		{
			"from": [13, -0.25, 1.5],
			"to": [14.5, 14.25, 3],
			"faces": {
				"north": {"uv": [8, 8, 9.5, 16], "rotation": 180, "texture": "#0"},
				"east": {"uv": [8, 8, 9.5, 16], "rotation": 180, "texture": "#0"},
				"south": {"uv": [8, 8, 9.5, 16], "rotation": 180, "texture": "#0"},
				"west": {"uv": [8, 8, 9.5, 16], "rotation": 180, "texture": "#0"},
				"up": {"uv": [0, 8, 8, 16], "rotation": 180, "texture": "#0"},
				"down": {"uv": [0, 8, 8, 16], "rotation": 180, "texture": "#0"}
			}
		},
		{
			"from": [6.1, 6.4, 1.8],
			"to": [6.5, 7.7, 2.05],
			"faces": {
				"north": {"uv": [8, 8, 9.5, 16], "texture": "#0"},
				"east": {"uv": [8, 8, 9.5, 16], "texture": "#0"},
				"south": {"uv": [8, 8, 9.5, 16], "texture": "#0"},
				"west": {"uv": [8, 8, 9.5, 16], "texture": "#0"},
				"up": {"uv": [8, 8, 9.5, 9], "texture": "#0"},
				"down": {"uv": [8, 8, 9.5, 9], "texture": "#0"}
			}
		}
	],
	"display": {
		"thirdperson_righthand": {
			"rotation": [75, 0, -10],
			"translation": [-10.55, -8.6, -14.75],
			"scale": [1.4, 1.4, 1.4]
		},
		"head": {
			"translation": [0, -51, 0],
			"scale": [2.25, 2.25, 2.25]
		}
	},
	"groups": [0, 1, 2, 3, 4, 5, 6,
		{
			"name": "group",
			"children": [7, 8, 9, 10, 11, 12, 13, 14, 15, 16, 17, 18,
				{
					"name": "group",
					"children": []
				}
			]
		}, 19, 20, 21, 22, 23,
		{
			"name": "group",
			"children": []
		}, 24, 25, 26, 27, 28, 29]
}