{
	"credit": "https://www.youtube.com/c/ZeroCaty",
	"textures": {
		"0": "zcbm/magic/ancient/allparts",
		"1": "zcbm/magic/ancient/crystal",
		"particle": "zcbm/magic/ancient/allparts"
	},
	"elements": [
		{
			"from": [2.25, 1, 2.25],
			"to": [13.75, 13, 13.75],
			"faces": {
				"north": {"uv": [1.25, 1.25, 6.75, 6.75], "texture": "#0"},
				"east": {"uv": [1.25, 1.25, 6.75, 6.75], "texture": "#0"},
				"south": {"uv": [1.25, 1.25, 6.75, 6.75], "texture": "#0"},
				"west": {"uv": [1.25, 1.25, 6.75, 6.75], "texture": "#0"},
				"up": {"uv": [1.25, 1.25, 6.75, 6.75], "texture": "#0"},
				"down": {"uv": [1.25, 1.25, 6.75, 6.75], "texture": "#0"}
			}
		},
		{
			"from": [1, 0, 1],
			"to": [15, 2, 15],
			"faces": {
				"north": {"uv": [0, 0, 8, 8], "rotation": 90, "texture": "#0"},
				"east": {"uv": [0, 0, 8, 8], "rotation": 90, "texture": "#0"},
				"south": {"uv": [0, 0, 8, 8], "rotation": 90, "texture": "#0"},
				"west": {"uv": [0, 0, 8, 8], "rotation": 90, "texture": "#0"},
				"up": {"uv": [0, 0, 8, 8], "rotation": 90, "texture": "#0"},
				"down": {"uv": [0, 0, 8, 8], "rotation": 90, "texture": "#0"}
			}
		},
		{
			"from": [1, 12, 1],
			"to": [15, 14, 15],
			"faces": {
				"north": {"uv": [0, 0, 8, 8], "rotation": 90, "texture": "#0"},
				"east": {"uv": [0, 0, 8, 8], "rotation": 90, "texture": "#0"},
				"south": {"uv": [0, 0, 8, 8], "rotation": 90, "texture": "#0"},
				"west": {"uv": [0, 0, 8, 8], "rotation": 90, "texture": "#0"},
				"up": {"uv": [0, 0, 8, 8], "rotation": 90, "texture": "#0"},
				"down": {"uv": [0, 0, 8, 8], "rotation": 90, "texture": "#0"}
			}
		},
		{
			"from": [12.75, 2, 12.75],
			"to": [14.75, 12, 14.75],
			"faces": {
				"north": {"uv": [8, 8, 9.5, 16], "rotation": 180, "texture": "#0"},
				"east": {"uv": [8, 8, 9.5, 16], "rotation": 180, "texture": "#0"},
				"south": {"uv": [8, 8, 9.5, 16], "rotation": 180, "texture": "#0"},
				"west": {"uv": [8, 8, 9.5, 16], "rotation": 180, "texture": "#0"},
				"up": {"uv": [8, 8, 9.5, 16], "rotation": 180, "texture": "#0"},
				"down": {"uv": [8, 8, 9.5, 16], "rotation": 180, "texture": "#0"}
			}
		},
		{
			"from": [1.25, 2, 12.75],
			"to": [3.25, 12, 14.75],
			"faces": {
				"north": {"uv": [8, 8, 9.5, 16], "rotation": 180, "texture": "#0"},
				"east": {"uv": [8, 8, 9.5, 16], "rotation": 180, "texture": "#0"},
				"south": {"uv": [8, 8, 9.5, 16], "rotation": 180, "texture": "#0"},
				"west": {"uv": [8, 8, 9.5, 16], "rotation": 180, "texture": "#0"},
				"up": {"uv": [8, 8, 9.5, 16], "rotation": 180, "texture": "#0"},
				"down": {"uv": [8, 8, 9.5, 16], "rotation": 180, "texture": "#0"}
			}
		},
		{
			"from": [12.75, 2, 1.25],
			"to": [14.75, 12, 3.25],
			"faces": {
				"north": {"uv": [8, 8, 9.5, 16], "rotation": 180, "texture": "#0"},
				"east": {"uv": [8, 8, 9.5, 16], "rotation": 180, "texture": "#0"},
				"south": {"uv": [8, 8, 9.5, 16], "rotation": 180, "texture": "#0"},
				"west": {"uv": [8, 8, 9.5, 16], "rotation": 180, "texture": "#0"},
				"up": {"uv": [8, 8, 9.5, 16], "rotation": 180, "texture": "#0"},
				"down": {"uv": [8, 8, 9.5, 16], "rotation": 180, "texture": "#0"}
			}
		},
		{
			"from": [1.25, 2, 1.25],
			"to": [3.25, 12, 3.25],
			"faces": {
				"north": {"uv": [8, 8, 9.5, 16], "rotation": 180, "texture": "#0"},
				"east": {"uv": [8, 8, 9.5, 16], "rotation": 180, "texture": "#0"},
				"south": {"uv": [8, 8, 9.5, 16], "rotation": 180, "texture": "#0"},
				"west": {"uv": [8, 8, 9.5, 16], "rotation": 180, "texture": "#0"},
				"up": {"uv": [8, 8, 9.5, 16], "rotation": 180, "texture": "#0"},
				"down": {"uv": [8, 8, 9.5, 16], "rotation": 180, "texture": "#0"}
			}
		},
		{
			"from": [0.70711, 1.73223, 6.35],
			"to": [5.20711, 5.23223, 9.65],
			"rotation": {"angle": 45, "axis": "z", "origin": [-0.04289, 3.48223, 8]},
			"faces": {
				"north": {"uv": [6.75, 1.25, 1.25, 6.75], "texture": "#0"},
				"east": {"uv": [6.75, 1.25, 1.25, 6.75], "texture": "#0"},
				"south": {"uv": [6.75, 1.25, 1.25, 6.75], "texture": "#0"},
				"west": {"uv": [6.75, 1.25, 1.25, 6.75], "texture": "#0"},
				"up": {"uv": [6.75, 1.25, 1.25, 6.75], "texture": "#0"},
				"down": {"uv": [6.75, 1.25, 1.25, 6.75], "texture": "#0"}
			}
		},
		{
			"from": [12.25, 5.25, 6.25],
			"to": [16.75, 8.75, 9.75],
			"faces": {
				"north": {"uv": [1.25, 1.25, 6.75, 6.75], "texture": "#0"},
				"east": {"uv": [1.25, 1.25, 6.75, 6.75], "texture": "#0"},
				"south": {"uv": [1.25, 1.25, 6.75, 6.75], "texture": "#0"},
				"west": {"uv": [1.25, 1.25, 6.75, 6.75], "texture": "#0"},
				"up": {"uv": [1.25, 1.25, 6.75, 6.75], "texture": "#0"},
				"down": {"uv": [1.25, 1.25, 6.75, 6.75], "texture": "#0"}
			}
		},
		{
			"from": [16.5, 5.5, 6.5],
			"to": [17, 8.5, 9.5],
			"faces": {
				"north": {"uv": [1, 1.25, 6.5, 6.75], "texture": "#0"},
				"east": {"uv": [0, 0, 8, 8], "texture": "#0"},
				"south": {"uv": [1.25, 1.25, 6.75, 6.75], "texture": "#0"},
				"west": {"uv": [1.25, 1.25, 6.75, 6.75], "texture": "#0"},
				"up": {"uv": [1.25, 1.25, 6.75, 6.75], "texture": "#0"},
				"down": {"uv": [1.25, 1.25, 6.75, 6.75], "texture": "#0"}
			}
		},
		{
			"from": [15.04289, 9.01777, 6.5],
			"to": [15.54289, 12.01777, 9.5],
			"rotation": {"angle": 45, "axis": "z", "origin": [16.04289, 10.51777, 8]},
			"faces": {
				"north": {"uv": [1, 1.25, 6.5, 6.75], "texture": "#0"},
				"east": {"uv": [0, 0, 8, 8], "texture": "#0"},
				"south": {"uv": [1.25, 1.25, 6.75, 6.75], "texture": "#0"},
				"west": {"uv": [1.25, 1.25, 6.75, 6.75], "texture": "#0"},
				"up": {"uv": [1.25, 1.25, 6.75, 6.75], "texture": "#0"},
				"down": {"uv": [1.25, 1.25, 6.75, 6.75], "texture": "#0"}
			}
		},
		{
			"from": [10.79289, 8.76777, 6.35],
			"to": [15.29289, 12.26777, 9.65],
			"rotation": {"angle": 45, "axis": "z", "origin": [16.04289, 10.51777, 8]},
			"faces": {
				"north": {"uv": [1.25, 1.25, 6.75, 6.75], "texture": "#0"},
				"east": {"uv": [1.25, 1.25, 6.75, 6.75], "texture": "#0"},
				"south": {"uv": [1.25, 1.25, 6.75, 6.75], "texture": "#0"},
				"west": {"uv": [1.25, 1.25, 6.75, 6.75], "texture": "#0"},
				"up": {"uv": [1.25, 1.25, 6.75, 6.75], "texture": "#0"},
				"down": {"uv": [1.25, 1.25, 6.75, 6.75], "texture": "#0"}
			}
		},
		{
			"from": [15.04289, 1.98223, 6.5],
			"to": [15.54289, 4.98223, 9.5],
			"rotation": {"angle": -45, "axis": "z", "origin": [16.04289, 3.48223, 8]},
			"faces": {
				"north": {"uv": [1, 1.25, 6.5, 6.75], "texture": "#0"},
				"east": {"uv": [0, 0, 8, 8], "texture": "#0"},
				"south": {"uv": [1.25, 1.25, 6.75, 6.75], "texture": "#0"},
				"west": {"uv": [1.25, 1.25, 6.75, 6.75], "texture": "#0"},
				"up": {"uv": [1.25, 1.25, 6.75, 6.75], "texture": "#0"},
				"down": {"uv": [1.25, 1.25, 6.75, 6.75], "texture": "#0"}
			}
		},
		{
			"from": [10.79289, 1.73223, 6.35],
			"to": [15.29289, 5.23223, 9.65],
			"rotation": {"angle": -45, "axis": "z", "origin": [16.04289, 3.48223, 8]},
			"faces": {
				"north": {"uv": [1.25, 1.25, 6.75, 6.75], "texture": "#0"},
				"east": {"uv": [1.25, 1.25, 6.75, 6.75], "texture": "#0"},
				"south": {"uv": [1.25, 1.25, 6.75, 6.75], "texture": "#0"},
				"west": {"uv": [1.25, 1.25, 6.75, 6.75], "texture": "#0"},
				"up": {"uv": [1.25, 1.25, 6.75, 6.75], "texture": "#0"},
				"down": {"uv": [1.25, 1.25, 6.75, 6.75], "texture": "#0"}
			}
		},
		{
			"from": [-0.75, 5.25, 6.25],
			"to": [3.75, 8.75, 9.75],
			"faces": {
				"north": {"uv": [6.75, 1.25, 1.25, 6.75], "texture": "#0"},
				"east": {"uv": [6.75, 1.25, 1.25, 6.75], "texture": "#0"},
				"south": {"uv": [6.75, 1.25, 1.25, 6.75], "texture": "#0"},
				"west": {"uv": [6.75, 1.25, 1.25, 6.75], "texture": "#0"},
				"up": {"uv": [6.75, 1.25, 1.25, 6.75], "texture": "#0"},
				"down": {"uv": [6.75, 1.25, 1.25, 6.75], "texture": "#0"}
			}
		},
		{
			"from": [0.45711, 1.98223, 6.5],
			"to": [0.95711, 4.98223, 9.5],
			"rotation": {"angle": 45, "axis": "z", "origin": [-0.04289, 3.48223, 8]},
			"faces": {
				"north": {"uv": [6.5, 1.25, 1, 6.75], "texture": "#0"},
				"east": {"uv": [6.75, 1.25, 1.25, 6.75], "texture": "#0"},
				"south": {"uv": [6.75, 1.25, 1.25, 6.75], "texture": "#0"},
				"west": {"uv": [8, 0, 0, 8], "texture": "#0"},
				"up": {"uv": [6.75, 1.25, 1.25, 6.75], "texture": "#0"},
				"down": {"uv": [6.75, 1.25, 1.25, 6.75], "texture": "#0"}
			}
		},
		{
			"from": [0.70711, 8.76777, 6.35],
			"to": [5.20711, 12.26777, 9.65],
			"rotation": {"angle": -45, "axis": "z", "origin": [-0.04289, 10.51777, 8]},
			"faces": {
				"north": {"uv": [6.75, 1.25, 1.25, 6.75], "texture": "#0"},
				"east": {"uv": [6.75, 1.25, 1.25, 6.75], "texture": "#0"},
				"south": {"uv": [6.75, 1.25, 1.25, 6.75], "texture": "#0"},
				"west": {"uv": [6.75, 1.25, 1.25, 6.75], "texture": "#0"},
				"up": {"uv": [6.75, 1.25, 1.25, 6.75], "texture": "#0"},
				"down": {"uv": [6.75, 1.25, 1.25, 6.75], "texture": "#0"}
			}
		},
		{
			"from": [0.45711, 9.01777, 6.5],
			"to": [0.95711, 12.01777, 9.5],
			"rotation": {"angle": -45, "axis": "z", "origin": [-0.04289, 10.51777, 8]},
			"faces": {
				"north": {"uv": [6.5, 1.25, 1, 6.75], "texture": "#0"},
				"east": {"uv": [6.75, 1.25, 1.25, 6.75], "texture": "#0"},
				"south": {"uv": [6.75, 1.25, 1.25, 6.75], "texture": "#0"},
				"west": {"uv": [8, 0, 0, 8], "texture": "#0"},
				"up": {"uv": [6.75, 1.25, 1.25, 6.75], "texture": "#0"},
				"down": {"uv": [6.75, 1.25, 1.25, 6.75], "texture": "#0"}
			}
		},
		{
			"from": [-1, 5.5, 6.5],
			"to": [-0.5, 8.5, 9.5],
			"faces": {
				"north": {"uv": [6.5, 1.25, 1, 6.75], "texture": "#0"},
				"east": {"uv": [6.75, 1.25, 1.25, 6.75], "texture": "#0"},
				"south": {"uv": [6.75, 1.25, 1.25, 6.75], "texture": "#0"},
				"west": {"uv": [8, 0, 0, 8], "texture": "#0"},
				"up": {"uv": [6.75, 1.25, 1.25, 6.75], "texture": "#0"},
				"down": {"uv": [6.75, 1.25, 1.25, 6.75], "texture": "#0"}
			}
		},
		{
			"from": [-3.5, 5.75, 6.75],
			"to": [-3, 8.25, 9.25],
			"faces": {
				"north": {"uv": [9.5, 8, 8, 16], "texture": "#0"},
				"east": {"uv": [9.5, 8, 8, 16], "texture": "#0"},
				"south": {"uv": [9.5, 8, 8, 16], "texture": "#0"},
				"west": {"uv": [8, 8, 0, 16], "texture": "#0"},
				"up": {"uv": [9.5, 8, 8, 16], "texture": "#0"},
				"down": {"uv": [9.5, 8, 8, 16], "texture": "#0"}
			}
		},
		{
			"from": [-3, 6, 7],
			"to": [-0.5, 8, 9],
			"faces": {
				"north": {"uv": [6.5, 1.25, 1, 6.75], "texture": "#1"},
				"east": {"uv": [6.75, 1.25, 1.25, 6.75], "texture": "#1"},
				"south": {"uv": [6.75, 1.25, 1.25, 6.75], "texture": "#1"},
				"west": {"uv": [8, 0, 0, 8], "texture": "#1"},
				"up": {"uv": [6.75, 1.25, 1.25, 6.75], "texture": "#1"},
				"down": {"uv": [6.75, 1.25, 1.25, 6.75], "texture": "#1"}
			}
		},
		{
			"from": [-1.54289, 9.51777, 7],
			"to": [0.95711, 11.51777, 9],
			"rotation": {"angle": -45, "axis": "z", "origin": [-0.04289, 10.51777, 8]},
			"faces": {
				"north": {"uv": [6.5, 1.25, 1, 6.75], "texture": "#1"},
				"east": {"uv": [6.75, 1.25, 1.25, 6.75], "texture": "#1"},
				"south": {"uv": [6.75, 1.25, 1.25, 6.75], "texture": "#1"},
				"west": {"uv": [8, 0, 0, 8], "texture": "#1"},
				"up": {"uv": [6.75, 1.25, 1.25, 6.75], "texture": "#1"},
				"down": {"uv": [6.75, 1.25, 1.25, 6.75], "texture": "#1"}
			}
		},
		{
			"from": [-2.04289, 9.26777, 6.75],
			"to": [-1.54289, 11.76777, 9.25],
			"rotation": {"angle": -45, "axis": "z", "origin": [-0.04289, 10.51777, 8]},
			"faces": {
				"north": {"uv": [9.5, 8, 8, 16], "texture": "#0"},
				"east": {"uv": [9.5, 8, 8, 16], "texture": "#0"},
				"south": {"uv": [9.5, 8, 8, 16], "texture": "#0"},
				"west": {"uv": [8, 8, 0, 16], "texture": "#0"},
				"up": {"uv": [9.5, 8, 8, 16], "texture": "#0"},
				"down": {"uv": [9.5, 8, 8, 16], "texture": "#0"}
			}
		},
		{
			"from": [-2.04289, 2.23223, 6.75],
			"to": [-1.54289, 4.73223, 9.25],
			"rotation": {"angle": 45, "axis": "z", "origin": [-0.04289, 3.48223, 8]},
			"faces": {
				"north": {"uv": [9.5, 8, 8, 16], "texture": "#0"},
				"east": {"uv": [9.5, 8, 8, 16], "texture": "#0"},
				"south": {"uv": [9.5, 8, 8, 16], "texture": "#0"},
				"west": {"uv": [8, 8, 0, 16], "texture": "#0"},
				"up": {"uv": [9.5, 8, 8, 16], "texture": "#0"},
				"down": {"uv": [9.5, 8, 8, 16], "texture": "#0"}
			}
		},
		{
			"from": [-1.54289, 2.48223, 7],
			"to": [0.95711, 4.48223, 9],
			"rotation": {"angle": 45, "axis": "z", "origin": [-0.04289, 3.48223, 8]},
			"faces": {
				"north": {"uv": [6.5, 1.25, 1, 6.75], "texture": "#1"},
				"east": {"uv": [6.75, 1.25, 1.25, 6.75], "texture": "#1"},
				"south": {"uv": [6.75, 1.25, 1.25, 6.75], "texture": "#1"},
				"west": {"uv": [8, 0, 0, 8], "texture": "#1"},
				"up": {"uv": [6.75, 1.25, 1.25, 6.75], "texture": "#1"},
				"down": {"uv": [6.75, 1.25, 1.25, 6.75], "texture": "#1"}
			}
		},
		{
			"from": [15.04289, 2.48223, 7],
			"to": [17.54289, 4.48223, 9],
			"rotation": {"angle": -45, "axis": "z", "origin": [16.04289, 3.48223, 8]},
			"faces": {
				"north": {"uv": [1, 1.25, 6.5, 6.75], "texture": "#1"},
				"east": {"uv": [0, 0, 8, 8], "texture": "#1"},
				"south": {"uv": [1.25, 1.25, 6.75, 6.75], "texture": "#1"},
				"west": {"uv": [1.25, 1.25, 6.75, 6.75], "texture": "#1"},
				"up": {"uv": [1.25, 1.25, 6.75, 6.75], "texture": "#1"},
				"down": {"uv": [1.25, 1.25, 6.75, 6.75], "texture": "#1"}
			}
		},
		{
			"from": [17.54289, 2.23223, 6.75],
			"to": [18.04289, 4.73223, 9.25],
			"rotation": {"angle": -45, "axis": "z", "origin": [16.04289, 3.48223, 8]},
			"faces": {
				"north": {"uv": [8, 8, 9.5, 16], "texture": "#0"},
				"east": {"uv": [0, 8, 8, 16], "texture": "#0"},
				"south": {"uv": [8, 8, 9.5, 16], "texture": "#0"},
				"west": {"uv": [8, 8, 9.5, 16], "texture": "#0"},
				"up": {"uv": [8, 8, 9.5, 16], "texture": "#0"},
				"down": {"uv": [8, 8, 9.5, 16], "texture": "#0"}
			}
		},
		{
			"from": [16.5, 6, 7],
			"to": [19, 8, 9],
			"faces": {
				"north": {"uv": [1, 1.25, 6.5, 6.75], "texture": "#1"},
				"east": {"uv": [0, 0, 8, 8], "texture": "#1"},
				"south": {"uv": [1.25, 1.25, 6.75, 6.75], "texture": "#1"},
				"west": {"uv": [1.25, 1.25, 6.75, 6.75], "texture": "#1"},
				"up": {"uv": [1.25, 1.25, 6.75, 6.75], "texture": "#1"},
				"down": {"uv": [1.25, 1.25, 6.75, 6.75], "texture": "#1"}
			}
		},
		{
			"from": [19, 5.75, 6.75],
			"to": [19.5, 8.25, 9.25],
			"faces": {
				"north": {"uv": [8, 8, 9.5, 16], "texture": "#0"},
				"east": {"uv": [0, 8, 8, 16], "texture": "#0"},
				"south": {"uv": [8, 8, 9.5, 16], "texture": "#0"},
				"west": {"uv": [8, 8, 9.5, 16], "texture": "#0"},
				"up": {"uv": [8, 8, 9.5, 16], "texture": "#0"},
				"down": {"uv": [8, 8, 9.5, 16], "texture": "#0"}
			}
		},
		{
			"from": [15.04289, 9.51777, 7],
			"to": [17.54289, 11.51777, 9],
			"rotation": {"angle": 45, "axis": "z", "origin": [16.04289, 10.51777, 8]},
			"faces": {
				"north": {"uv": [1, 1.25, 6.5, 6.75], "texture": "#1"},
				"east": {"uv": [0, 0, 8, 8], "texture": "#1"},
				"south": {"uv": [1.25, 1.25, 6.75, 6.75], "texture": "#1"},
				"west": {"uv": [1.25, 1.25, 6.75, 6.75], "texture": "#1"},
				"up": {"uv": [1.25, 1.25, 6.75, 6.75], "texture": "#1"},
				"down": {"uv": [1.25, 1.25, 6.75, 6.75], "texture": "#1"}
			}
		},
		{
			"from": [17.54289, 9.26777, 6.75],
			"to": [18.04289, 11.76777, 9.25],
			"rotation": {"angle": 45, "axis": "z", "origin": [16.04289, 10.51777, 8]},
			"faces": {
				"north": {"uv": [8, 8, 9.5, 16], "texture": "#0"},
				"east": {"uv": [0, 8, 8, 16], "texture": "#0"},
				"south": {"uv": [8, 8, 9.5, 16], "texture": "#0"},
				"west": {"uv": [8, 8, 9.5, 16], "texture": "#0"},
				"up": {"uv": [8, 8, 9.5, 16], "texture": "#0"},
				"down": {"uv": [8, 8, 9.5, 16], "texture": "#0"}
			}
		},
		{
			"from": [4.5, 4, 2],
			"to": [11.5, 10, 2.25],
			"faces": {
				"north": {"uv": [0, 0, 8, 8], "texture": "#0"},
				"east": {"uv": [12, 8, 13, 9], "texture": "#0"},
				"south": {"uv": [12, 8, 13, 9], "texture": "#0"},
				"west": {"uv": [12, 8, 13, 9], "texture": "#0"},
				"up": {"uv": [12, 8, 13, 9], "texture": "#0"},
				"down": {"uv": [12, 8, 13, 9], "texture": "#0"}
			}
		},
		{
			"from": [4, 3.5, 1],
			"to": [12, 4.5, 3],
			"faces": {
				"north": {"uv": [8, 8, 9.5, 16], "rotation": 90, "texture": "#0"},
				"east": {"uv": [8, 8, 9.5, 16], "rotation": 90, "texture": "#0"},
				"south": {"uv": [8, 8, 9.5, 16], "rotation": 90, "texture": "#0"},
				"west": {"uv": [8, 8, 9.5, 16], "rotation": 90, "texture": "#0"},
				"up": {"uv": [8, 8, 9.5, 16], "rotation": 90, "texture": "#0"},
				"down": {"uv": [8, 8, 9.5, 16], "rotation": 90, "texture": "#0"}
			}
		},
		{
			"from": [4, 9.75, 1],
			"to": [12, 10.75, 3],
			"faces": {
				"north": {"uv": [8, 8, 9.5, 16], "rotation": 90, "texture": "#0"},
				"east": {"uv": [8, 8, 9.5, 16], "rotation": 90, "texture": "#0"},
				"south": {"uv": [8, 8, 9.5, 16], "rotation": 90, "texture": "#0"},
				"west": {"uv": [8, 8, 9.5, 16], "rotation": 90, "texture": "#0"},
				"up": {"uv": [8, 8, 9.5, 16], "rotation": 90, "texture": "#0"},
				"down": {"uv": [8, 8, 9.5, 16], "rotation": 90, "texture": "#0"}
			}
		},
		{
			"from": [11, 4.5, 1.25],
			"to": [11.75, 9.75, 3],
			"faces": {
				"north": {"uv": [8, 8, 9.5, 16], "rotation": 180, "texture": "#0"},
				"east": {"uv": [8, 8, 9.5, 16], "rotation": 180, "texture": "#0"},
				"south": {"uv": [8, 8, 9.5, 16], "rotation": 180, "texture": "#0"},
				"west": {"uv": [8, 8, 9.5, 16], "rotation": 180, "texture": "#0"},
				"up": {"uv": [8, 8, 9.5, 16], "rotation": 180, "texture": "#0"},
				"down": {"uv": [8, 8, 9.5, 16], "rotation": 180, "texture": "#0"}
			}
		},
		{
			"from": [4.25, 4.5, 1.25],
			"to": [5, 9.75, 3],
			"faces": {
				"north": {"uv": [8, 8, 9.5, 16], "rotation": 180, "texture": "#0"},
				"east": {"uv": [8, 8, 9.5, 16], "rotation": 180, "texture": "#0"},
				"south": {"uv": [8, 8, 9.5, 16], "rotation": 180, "texture": "#0"},
				"west": {"uv": [8, 8, 9.5, 16], "rotation": 180, "texture": "#0"},
				"up": {"uv": [8, 8, 9.5, 16], "rotation": 180, "texture": "#0"},
				"down": {"uv": [8, 8, 9.5, 16], "rotation": 180, "texture": "#0"}
			}
		},
		{
			"from": [3, 12.5, 3],
			"to": [13, 14.5, 13],
			"faces": {
				"north": {"uv": [8, 8, 9.5, 16], "rotation": 90, "texture": "#0"},
				"east": {"uv": [8, 8, 9.5, 16], "rotation": 90, "texture": "#0"},
				"south": {"uv": [8, 8, 9.5, 16], "rotation": 90, "texture": "#0"},
				"west": {"uv": [8, 8, 9.5, 16], "rotation": 90, "texture": "#0"},
				"up": {"uv": [0, 8, 8, 16], "texture": "#0"},
				"down": {"uv": [8, 8, 9.5, 16], "rotation": 90, "texture": "#0"}
			}
		},
		{
			"from": [1.5, -0.25, 13],
			"to": [3, 14.25, 14.5],
			"faces": {
				"north": {"uv": [8, 8, 9.5, 16], "rotation": 180, "texture": "#0"},
				"east": {"uv": [8, 8, 9.5, 16], "rotation": 180, "texture": "#0"},
				"south": {"uv": [8, 8, 9.5, 16], "rotation": 180, "texture": "#0"},
				"west": {"uv": [8, 8, 9.5, 16], "rotation": 180, "texture": "#0"},
				"up": {"uv": [0, 8, 8, 16], "rotation": 180, "texture": "#0"},
				"down": {"uv": [0, 8, 8, 16], "rotation": 180, "texture": "#0"}
			}
		},
		{
			"from": [13, -0.25, 13],
			"to": [14.5, 14.25, 14.5],
			"faces": {
				"north": {"uv": [8, 8, 9.5, 16], "rotation": 180, "texture": "#0"},
				"east": {"uv": [8, 8, 9.5, 16], "rotation": 180, "texture": "#0"},
				"south": {"uv": [8, 8, 9.5, 16], "rotation": 180, "texture": "#0"},
				"west": {"uv": [8, 8, 9.5, 16], "rotation": 180, "texture": "#0"},
				"up": {"uv": [0, 8, 8, 16], "rotation": 180, "texture": "#0"},
				"down": {"uv": [0, 8, 8, 16], "rotation": 180, "texture": "#0"}
			}
		},
		{
			"from": [1.5, -0.25, 1.5],
			"to": [3, 14.25, 3],
			"faces": {
				"north": {"uv": [8, 8, 9.5, 16], "rotation": 180, "texture": "#0"},
				"east": {"uv": [8, 8, 9.5, 16], "rotation": 180, "texture": "#0"},
				"south": {"uv": [8, 8, 9.5, 16], "rotation": 180, "texture": "#0"},
				"west": {"uv": [8, 8, 9.5, 16], "rotation": 180, "texture": "#0"},
				"up": {"uv": [0, 8, 8, 16], "rotation": 180, "texture": "#0"},
				"down": {"uv": [0, 8, 8, 16], "rotation": 180, "texture": "#0"}
			}
		},
		{
			"from": [13, -0.25, 1.5],
			"to": [14.5, 14.25, 3],
			"faces": {
				"north": {"uv": [8, 8, 9.5, 16], "rotation": 180, "texture": "#0"},
				"east": {"uv": [8, 8, 9.5, 16], "rotation": 180, "texture": "#0"},
				"south": {"uv": [8, 8, 9.5, 16], "rotation": 180, "texture": "#0"},
				"west": {"uv": [8, 8, 9.5, 16], "rotation": 180, "texture": "#0"},
				"up": {"uv": [0, 8, 8, 16], "rotation": 180, "texture": "#0"},
				"down": {"uv": [0, 8, 8, 16], "rotation": 180, "texture": "#0"}
			}
		},
		{
			"from": [6.1, 6.4, 1.8],
			"to": [6.5, 7.7, 2.05],
			"faces": {
				"north": {"uv": [8, 8, 9.5, 16], "texture": "#0"},
				"east": {"uv": [8, 8, 9.5, 16], "texture": "#0"},
				"south": {"uv": [8, 8, 9.5, 16], "texture": "#0"},
				"west": {"uv": [8, 8, 9.5, 16], "texture": "#0"},
				"up": {"uv": [8, 8, 9.5, 9], "texture": "#0"},
				"down": {"uv": [8, 8, 9.5, 9], "texture": "#0"}
			}
		}
	],
	"display": {
		"head": {
			"translation": [0, -51, 0],
			"scale": [2.25, 2.25, 2.25]
		}
	},
	"groups": [0, 1, 2, 3, 4, 5, 6,
		{
			"name": "group",
			"children": [7, 8, 9, 10, 11, 12, 13, 14, 15, 16, 17, 18,
				{
					"name": "group",
					"children": [19, 20, 21, 22, 23, 24, 25, 26, 27, 28, 29, 30]
				}
			]
		}, 31, 32, 33, 34, 35,
		{
			"name": "group",
			"children": []
		}, 36, 37, 38, 39, 40, 41]
}