{
	"credit": "Made with Blockbench",
	"textures": {
		"0": "zcbm/magic/ancient/details1",
		"particle": "zcbm/magic/ancient/details1"
	},
	"elements": [
		{
			"name": "hexadecagon",
			"from": [6.70707, 15, 0.5],
			"to": [9.29293, 17.5, 3.75],
			"rotation": {"angle": -45, "axis": "y", "origin": [8, 15.75, 8]},
			"faces": {
				"north": {"uv": [0, 0, 16, 16], "texture": "#0"},
				"east": {"uv": [0, 0, 16, 16], "texture": "#0"},
				"south": {"uv": [0, 0, 16, 16], "texture": "#0"},
				"west": {"uv": [0, 0, 16, 16], "texture": "#0"},
				"up": {"uv": [0, 0, 16, 16], "texture": "#0"},
				"down": {"uv": [0, 0, 16, 16], "texture": "#0"}
			}
		},
		{
			"name": "hexadecagon",
			"from": [6.70707, 15.25, 1.5],
			"to": [9.29293, 17.25, 3.5],
			"rotation": {"angle": -22.5, "axis": "y", "origin": [8, 15.75, 8]},
			"faces": {
				"north": {"uv": [2.5, 2.5, 13.5, 13.5], "texture": "#0"},
				"east": {"uv": [2.5, 2.5, 13.5, 13.5], "texture": "#0"},
				"south": {"uv": [2.5, 2.5, 13.5, 13.5], "texture": "#0"},
				"west": {"uv": [2.5, 2.5, 13.5, 13.5], "texture": "#0"},
				"up": {"uv": [2.5, 2.5, 13.5, 13.5], "texture": "#0"},
				"down": {"uv": [2.5, 2.5, 13.5, 13.5], "texture": "#0"}
			}
		},
		{
			"name": "hexadecagon",
			"from": [6.70707, 15, 0.5],
			"to": [9.29293, 17.5, 3.75],
			"faces": {
				"north": {"uv": [0, 0, 16, 16], "texture": "#0"},
				"east": {"uv": [0, 0, 16, 16], "texture": "#0"},
				"south": {"uv": [0, 0, 16, 16], "texture": "#0"},
				"west": {"uv": [0, 0, 16, 16], "texture": "#0"},
				"up": {"uv": [0, 0, 16, 16], "texture": "#0"},
				"down": {"uv": [0, 0, 16, 16], "texture": "#0"}
			}
		},
		{
			"name": "hexadecagon",
			"from": [6.70707, 15.25, 1.5],
			"to": [9.29293, 17.25, 3.5],
			"rotation": {"angle": 22.5, "axis": "y", "origin": [8, 15.75, 8]},
			"faces": {
				"north": {"uv": [2.5, 2.5, 13.5, 13.5], "texture": "#0"},
				"east": {"uv": [2.5, 2.5, 13.5, 13.5], "texture": "#0"},
				"south": {"uv": [2.5, 2.5, 13.5, 13.5], "texture": "#0"},
				"west": {"uv": [2.5, 2.5, 13.5, 13.5], "texture": "#0"},
				"up": {"uv": [2.5, 2.5, 13.5, 13.5], "texture": "#0"},
				"down": {"uv": [2.5, 2.5, 13.5, 13.5], "texture": "#0"}
			}
		},
		{
			"name": "hexadecagon",
			"from": [6.70707, 15, 0.5],
			"to": [9.29293, 17.5, 3.75],
			"rotation": {"angle": 45, "axis": "y", "origin": [8, 15.75, 8]},
			"faces": {
				"north": {"uv": [0, 0, 16, 16], "texture": "#0"},
				"east": {"uv": [0, 0, 16, 16], "texture": "#0"},
				"south": {"uv": [0, 0, 16, 16], "texture": "#0"},
				"west": {"uv": [0, 0, 16, 16], "texture": "#0"},
				"up": {"uv": [0, 0, 16, 16], "texture": "#0"},
				"down": {"uv": [0, 0, 16, 16], "texture": "#0"}
			}
		},
		{
			"name": "hexadecagon",
			"from": [6.70707, 15, 12.25],
			"to": [9.29293, 17.5, 15.5],
			"rotation": {"angle": -45, "axis": "y", "origin": [8, 15.75, 8]},
			"faces": {
				"north": {"uv": [0, 0, 16, 16], "texture": "#0"},
				"east": {"uv": [0, 0, 16, 16], "texture": "#0"},
				"south": {"uv": [0, 0, 16, 16], "texture": "#0"},
				"west": {"uv": [0, 0, 16, 16], "texture": "#0"},
				"up": {"uv": [0, 0, 16, 16], "texture": "#0"},
				"down": {"uv": [0, 0, 16, 16], "texture": "#0"}
			}
		},
		{
			"name": "hexadecagon",
			"from": [6.70707, 15.25, 12.5],
			"to": [9.29293, 17.25, 14.5],
			"rotation": {"angle": -22.5, "axis": "y", "origin": [8, 15.75, 8]},
			"faces": {
				"north": {"uv": [2.5, 2.5, 13.5, 13.5], "texture": "#0"},
				"east": {"uv": [2.5, 2.5, 13.5, 13.5], "texture": "#0"},
				"south": {"uv": [2.5, 2.5, 13.5, 13.5], "texture": "#0"},
				"west": {"uv": [2.5, 2.5, 13.5, 13.5], "texture": "#0"},
				"up": {"uv": [2.5, 2.5, 13.5, 13.5], "texture": "#0"},
				"down": {"uv": [2.5, 2.5, 13.5, 13.5], "texture": "#0"}
			}
		},
		{
			"name": "hexadecagon",
			"from": [6.70707, 15, 12.25],
			"to": [9.29293, 17.5, 15.5],
			"faces": {
				"north": {"uv": [0, 0, 16, 16], "texture": "#0"},
				"east": {"uv": [0, 0, 16, 16], "texture": "#0"},
				"south": {"uv": [0, 0, 16, 16], "texture": "#0"},
				"west": {"uv": [0, 0, 16, 16], "texture": "#0"},
				"up": {"uv": [0, 0, 16, 16], "texture": "#0"},
				"down": {"uv": [0, 0, 16, 16], "texture": "#0"}
			}
		},
		{
			"name": "hexadecagon",
			"from": [6.70707, 15.25, 12.5],
			"to": [9.29293, 17.25, 14.5],
			"rotation": {"angle": 22.5, "axis": "y", "origin": [8, 15.75, 8]},
			"faces": {
				"north": {"uv": [2.5, 2.5, 13.5, 13.5], "texture": "#0"},
				"east": {"uv": [2.5, 2.5, 13.5, 13.5], "texture": "#0"},
				"south": {"uv": [2.5, 2.5, 13.5, 13.5], "texture": "#0"},
				"west": {"uv": [2.5, 2.5, 13.5, 13.5], "texture": "#0"},
				"up": {"uv": [2.5, 2.5, 13.5, 13.5], "texture": "#0"},
				"down": {"uv": [2.5, 2.5, 13.5, 13.5], "texture": "#0"}
			}
		},
		{
			"name": "hexadecagon",
			"from": [6.70707, 15, 12.25],
			"to": [9.29293, 17.5, 15.5],
			"rotation": {"angle": 45, "axis": "y", "origin": [8, 15.75, 8]},
			"faces": {
				"north": {"uv": [0, 0, 16, 16], "texture": "#0"},
				"east": {"uv": [0, 0, 16, 16], "texture": "#0"},
				"south": {"uv": [0, 0, 16, 16], "texture": "#0"},
				"west": {"uv": [0, 0, 16, 16], "texture": "#0"},
				"up": {"uv": [0, 0, 16, 16], "texture": "#0"},
				"down": {"uv": [0, 0, 16, 16], "texture": "#0"}
			}
		},
		{
			"name": "hexadecagon",
			"from": [1.5, 15.25, 6.70707],
			"to": [3.5, 17.25, 9.29293],
			"rotation": {"angle": -22.5, "axis": "y", "origin": [8, 15.75, 8]},
			"faces": {
				"north": {"uv": [2.5, 2.5, 13.5, 13.5], "texture": "#0"},
				"east": {"uv": [2.5, 2.5, 13.5, 13.5], "texture": "#0"},
				"south": {"uv": [2.5, 2.5, 13.5, 13.5], "texture": "#0"},
				"west": {"uv": [2.5, 2.5, 13.5, 13.5], "texture": "#0"},
				"up": {"uv": [2.5, 2.5, 13.5, 13.5], "texture": "#0"},
				"down": {"uv": [2.5, 2.5, 13.5, 13.5], "texture": "#0"}
			}
		},
		{
			"name": "hexadecagon",
			"from": [0.5, 15, 6.70707],
			"to": [3.75, 17.5, 9.29293],
			"faces": {
				"north": {"uv": [0, 0, 16, 16], "rotation": 90, "texture": "#0"},
				"east": {"uv": [0, 0, 16, 16], "rotation": 90, "texture": "#0"},
				"south": {"uv": [0, 0, 16, 16], "rotation": 90, "texture": "#0"},
				"west": {"uv": [0, 0, 16, 16], "rotation": 90, "texture": "#0"},
				"up": {"uv": [0, 0, 16, 16], "rotation": 90, "texture": "#0"},
				"down": {"uv": [0, 0, 16, 16], "rotation": 90, "texture": "#0"}
			}
		},
		{
			"name": "hexadecagon",
			"from": [1.5, 15.25, 6.70707],
			"to": [3.5, 17.25, 9.29293],
			"rotation": {"angle": 22.5, "axis": "y", "origin": [8, 15.75, 8]},
			"faces": {
				"north": {"uv": [2.5, 2.5, 13.5, 13.5], "texture": "#0"},
				"east": {"uv": [2.5, 2.5, 13.5, 13.5], "texture": "#0"},
				"south": {"uv": [2.5, 2.5, 13.5, 13.5], "texture": "#0"},
				"west": {"uv": [2.5, 2.5, 13.5, 13.5], "texture": "#0"},
				"up": {"uv": [2.5, 2.5, 13.5, 13.5], "texture": "#0"},
				"down": {"uv": [2.5, 2.5, 13.5, 13.5], "texture": "#0"}
			}
		},
		{
			"name": "hexadecagon",
			"from": [12.5, 15.25, 6.70707],
			"to": [14.5, 17.25, 9.29293],
			"rotation": {"angle": -22.5, "axis": "y", "origin": [8, 15.75, 8]},
			"faces": {
				"north": {"uv": [2.5, 2.5, 13.5, 13.5], "texture": "#0"},
				"east": {"uv": [2.5, 2.5, 13.5, 13.5], "texture": "#0"},
				"south": {"uv": [2.5, 2.5, 13.5, 13.5], "texture": "#0"},
				"west": {"uv": [2.5, 2.5, 13.5, 13.5], "texture": "#0"},
				"up": {"uv": [2.5, 2.5, 13.5, 13.5], "texture": "#0"},
				"down": {"uv": [2.5, 2.5, 13.5, 13.5], "texture": "#0"}
			}
		},
		{
			"name": "hexadecagon",
			"from": [12.25, 15, 6.70707],
			"to": [15.5, 17.5, 9.29293],
			"faces": {
				"north": {"uv": [0, 0, 16, 16], "rotation": 90, "texture": "#0"},
				"east": {"uv": [0, 0, 16, 16], "rotation": 90, "texture": "#0"},
				"south": {"uv": [0, 0, 16, 16], "rotation": 90, "texture": "#0"},
				"west": {"uv": [0, 0, 16, 16], "rotation": 90, "texture": "#0"},
				"up": {"uv": [0, 0, 16, 16], "rotation": 90, "texture": "#0"},
				"down": {"uv": [0, 0, 16, 16], "rotation": 90, "texture": "#0"}
			}
		},
		{
			"name": "hexadecagon",
			"from": [12.5, 15.25, 6.70707],
			"to": [14.5, 17.25, 9.29293],
			"rotation": {"angle": 22.5, "axis": "y", "origin": [8, 15.75, 8]},
			"faces": {
				"north": {"uv": [2.5, 2.5, 13.5, 13.5], "texture": "#0"},
				"east": {"uv": [2.5, 2.5, 13.5, 13.5], "texture": "#0"},
				"south": {"uv": [2.5, 2.5, 13.5, 13.5], "texture": "#0"},
				"west": {"uv": [2.5, 2.5, 13.5, 13.5], "texture": "#0"},
				"up": {"uv": [2.5, 2.5, 13.5, 13.5], "texture": "#0"},
				"down": {"uv": [2.5, 2.5, 13.5, 13.5], "texture": "#0"}
			}
		}
	],
	"display": {
		"thirdperson_righthand": {
			"rotation": [46, 0, 0],
			"translation": [0, 2.75, 0],
			"scale": [0.5, 0.5, 0.5]
		},
		"firstperson_righthand": {
			"scale": [0.5, 0.5, 0.5]
		},
		"gui": {
			"rotation": [42, 0, 21],
			"translation": [-1.25, 1, 0],
			"scale": [0.5, 0.5, 0.5]
		},
		"head": {
			"translation": [0, -54, 0],
			"scale": [1.8, 1.8, 1.8]
		},
		"fixed": {
			"rotation": [-90, 0, 0],
			"translation": [0, 0, -16],
			"scale": [2, 2, 2]
		}
	},
	"groups": [
		{
			"name": "gear",
			"children": [0, 1, 2, 3, 4, 5, 6, 7, 8, 9, 10, 11, 12, 13, 14, 15]
		}
	]
}