{
	"credit": "Made with Blockbench",
	"textures": {
		"0": "zcbm/magic/ancient/crystal",
		"1": "zcbm/magic/ancient/allparts",
		"particle": "zcbm/magic/ancient/allparts"
	},
	"elements": [
		{
			"name": "hexadecagon",
			"from": [-1.75, 8.75272, 5.5],
			"to": [17.75, 9.74728, 10.5],
			"rotation": {"angle": -45, "axis": "x", "origin": [8, 9.25, 8]},
			"faces": {
				"north": {"uv": [4.25, 3.75, 3.5, 4.5], "texture": "#1"},
				"east": {"uv": [4.25, 3.75, 3.5, 4.5], "texture": "#1"},
				"south": {"uv": [4.25, 3.75, 3.5, 4.5], "texture": "#1"},
				"west": {"uv": [4.25, 3.75, 3.5, 4.5], "texture": "#1"},
				"up": {"uv": [4.25, 3.75, 3.5, 4.5], "texture": "#1"},
				"down": {"uv": [4.25, 3.75, 3.5, 4.5], "texture": "#1"}
			}
		},
		{
			"name": "hexadecagon",
			"from": [-1.75, 8.75272, 5.5],
			"to": [17.75, 9.74728, 10.5],
			"rotation": {"angle": -22.5, "axis": "x", "origin": [8, 9.25, 8]},
			"faces": {
				"north": {"uv": [4.25, 3.75, 3.5, 4.5], "texture": "#1"},
				"east": {"uv": [4.25, 3.75, 3.5, 4.5], "texture": "#1"},
				"south": {"uv": [4.25, 3.75, 3.5, 4.5], "texture": "#1"},
				"west": {"uv": [4.25, 3.75, 3.5, 4.5], "texture": "#1"},
				"up": {"uv": [4.25, 3.75, 3.5, 4.5], "texture": "#1"},
				"down": {"uv": [4.25, 3.75, 3.5, 4.5], "texture": "#1"}
			}
		},
		{
			"name": "hexadecagon",
			"from": [-1.75, 8.75272, 5.5],
			"to": [17.75, 9.74728, 10.5],
			"faces": {
				"north": {"uv": [4.25, 3.75, 3.5, 4.5], "texture": "#1"},
				"east": {"uv": [4.25, 3.75, 3.5, 4.5], "texture": "#1"},
				"south": {"uv": [4.25, 3.75, 3.5, 4.5], "texture": "#1"},
				"west": {"uv": [4.25, 3.75, 3.5, 4.5], "texture": "#1"},
				"up": {"uv": [4.25, 3.75, 3.5, 4.5], "texture": "#1"},
				"down": {"uv": [4.25, 3.75, 3.5, 4.5], "texture": "#1"}
			}
		},
		{
			"name": "hexadecagon",
			"from": [-1.75, 8.75272, 5.5],
			"to": [17.75, 9.74728, 10.5],
			"rotation": {"angle": 45, "axis": "x", "origin": [8, 9.25, 8]},
			"faces": {
				"north": {"uv": [4.25, 3.75, 3.5, 4.5], "texture": "#1"},
				"east": {"uv": [4.25, 3.75, 3.5, 4.5], "texture": "#1"},
				"south": {"uv": [4.25, 3.75, 3.5, 4.5], "texture": "#1"},
				"west": {"uv": [4.25, 3.75, 3.5, 4.5], "texture": "#1"},
				"up": {"uv": [4.25, 3.75, 3.5, 4.5], "texture": "#1"},
				"down": {"uv": [4.25, 3.75, 3.5, 4.5], "texture": "#1"}
			}
		},
		{
			"name": "hexadecagon",
			"from": [-1.75, 6.75, 7.50272],
			"to": [17.75, 11.75, 8.49728],
			"rotation": {"angle": -22.5, "axis": "x", "origin": [8, 9.25, 8]},
			"faces": {
				"north": {"uv": [4.25, 3.75, 3.5, 4.5], "texture": "#1"},
				"east": {"uv": [4.25, 3.75, 3.5, 4.5], "texture": "#1"},
				"south": {"uv": [4.25, 3.75, 3.5, 4.5], "texture": "#1"},
				"west": {"uv": [4.25, 3.75, 3.5, 4.5], "texture": "#1"},
				"up": {"uv": [4.25, 3.75, 3.5, 4.5], "texture": "#1"},
				"down": {"uv": [4.25, 3.75, 3.5, 4.5], "texture": "#1"}
			}
		},
		{
			"name": "hexadecagon",
			"from": [-1.75, 6.75, 7.50272],
			"to": [17.75, 11.75, 8.49728],
			"faces": {
				"north": {"uv": [4.25, 3.75, 3.5, 4.5], "texture": "#1"},
				"east": {"uv": [4.25, 3.75, 3.5, 4.5], "texture": "#1"},
				"south": {"uv": [4.25, 3.75, 3.5, 4.5], "texture": "#1"},
				"west": {"uv": [4.25, 3.75, 3.5, 4.5], "texture": "#1"},
				"up": {"uv": [4.25, 3.75, 3.5, 4.5], "texture": "#1"},
				"down": {"uv": [4.25, 3.75, 3.5, 4.5], "texture": "#1"}
			}
		},
		{
			"name": "hexadecagon",
			"from": [-1.75, 6.75, 7.50272],
			"to": [17.75, 11.75, 8.49728],
			"rotation": {"angle": 22.5, "axis": "x", "origin": [8, 9.25, 8]},
			"faces": {
				"north": {"uv": [4.25, 3.75, 3.5, 4.5], "texture": "#1"},
				"east": {"uv": [4.25, 3.75, 3.5, 4.5], "texture": "#1"},
				"south": {"uv": [4.25, 3.75, 3.5, 4.5], "texture": "#1"},
				"west": {"uv": [4.25, 3.75, 3.5, 4.5], "texture": "#1"},
				"up": {"uv": [4.25, 3.75, 3.5, 4.5], "texture": "#1"},
				"down": {"uv": [4.25, 3.75, 3.5, 4.5], "texture": "#1"}
			}
		},
		{
			"name": "hexadecagon",
			"from": [-1.75, 8.75272, 5.5],
			"to": [17.75, 9.74728, 10.5],
			"rotation": {"angle": 22.5, "axis": "x", "origin": [8, 9.25, 8]},
			"faces": {
				"north": {"uv": [4.25, 3.75, 3.5, 4.5], "texture": "#1"},
				"east": {"uv": [4.25, 3.75, 3.5, 4.5], "texture": "#1"},
				"south": {"uv": [4.25, 3.75, 3.5, 4.5], "texture": "#1"},
				"west": {"uv": [4.25, 3.75, 3.5, 4.5], "texture": "#1"},
				"up": {"uv": [4.25, 3.75, 3.5, 4.5], "texture": "#1"},
				"down": {"uv": [4.25, 3.75, 3.5, 4.5], "texture": "#1"}
			}
		},
		{
			"name": "hexadecagon",
			"from": [-1.25, 8.55381, 4.5],
			"to": [17.25, 9.94619, 11.5],
			"rotation": {"angle": -45, "axis": "x", "origin": [8, 9.25, 8]},
			"faces": {
				"north": {"uv": [1, 1, 2, 2], "texture": "#0"},
				"east": {"uv": [1, 1, 2, 2], "texture": "#0"},
				"south": {"uv": [1, 1, 2, 2], "texture": "#0"},
				"west": {"uv": [1, 1, 2, 2], "texture": "#0"},
				"up": {"uv": [1, 1, 2, 2], "texture": "#0"},
				"down": {"uv": [1, 1, 2, 2], "texture": "#0"}
			}
		},
		{
			"name": "hexadecagon",
			"from": [-1.25, 8.55381, 4.5],
			"to": [17.25, 9.94619, 11.5],
			"rotation": {"angle": -22.5, "axis": "x", "origin": [8, 9.25, 8]},
			"faces": {
				"north": {"uv": [1, 1, 2, 2], "texture": "#0"},
				"east": {"uv": [1, 1, 2, 2], "texture": "#0"},
				"south": {"uv": [1, 1, 2, 2], "texture": "#0"},
				"west": {"uv": [1, 1, 2, 2], "texture": "#0"},
				"up": {"uv": [1, 1, 2, 2], "texture": "#0"},
				"down": {"uv": [1, 1, 2, 2], "texture": "#0"}
			}
		},
		{
			"name": "hexadecagon",
			"from": [-1.25, 8.55381, 4.5],
			"to": [17.25, 9.94619, 11.5],
			"rotation": {"angle": 45, "axis": "x", "origin": [8, 9.25, 8]},
			"faces": {
				"north": {"uv": [1, 1, 2, 2], "texture": "#0"},
				"east": {"uv": [1, 1, 2, 2], "texture": "#0"},
				"south": {"uv": [1, 1, 2, 2], "texture": "#0"},
				"west": {"uv": [1, 1, 2, 2], "texture": "#0"},
				"up": {"uv": [1, 1, 2, 2], "texture": "#0"},
				"down": {"uv": [1, 1, 2, 2], "texture": "#0"}
			}
		},
		{
			"name": "hexadecagon",
			"from": [-1.25, 5.75, 7.30381],
			"to": [17.25, 12.75, 8.69619],
			"rotation": {"angle": 22.5, "axis": "x", "origin": [8, 9.25, 8]},
			"faces": {
				"north": {"uv": [1, 1, 2, 2], "texture": "#0"},
				"east": {"uv": [1, 1, 2, 2], "texture": "#0"},
				"south": {"uv": [1, 1, 2, 2], "texture": "#0"},
				"west": {"uv": [1, 1, 2, 2], "texture": "#0"},
				"up": {"uv": [1, 1, 2, 2], "texture": "#0"},
				"down": {"uv": [1, 1, 2, 2], "texture": "#0"}
			}
		},
		{
			"name": "hexadecagon",
			"from": [-1.25, 5.75, 7.30381],
			"to": [17.25, 12.75, 8.69619],
			"faces": {
				"north": {"uv": [2, 1, 1, 2], "texture": "#0"},
				"east": {"uv": [2, 1, 1, 2], "texture": "#0"},
				"south": {"uv": [2, 1, 1, 2], "texture": "#0"},
				"west": {"uv": [2, 1, 1, 2], "texture": "#0"},
				"up": {"uv": [2, 1, 1, 2], "texture": "#0"},
				"down": {"uv": [2, 1, 1, 2], "texture": "#0"}
			}
		},
		{
			"name": "hexadecagon",
			"from": [-1.25, 5.75, 7.30381],
			"to": [17.25, 12.75, 8.69619],
			"rotation": {"angle": -22.5, "axis": "x", "origin": [8, 9.25, 8]},
			"faces": {
				"north": {"uv": [2, 1, 1, 2], "texture": "#0"},
				"east": {"uv": [2, 1, 1, 2], "texture": "#0"},
				"south": {"uv": [2, 1, 1, 2], "texture": "#0"},
				"west": {"uv": [2, 1, 1, 2], "texture": "#0"},
				"up": {"uv": [2, 1, 1, 2], "texture": "#0"},
				"down": {"uv": [2, 1, 1, 2], "texture": "#0"}
			}
		},
		{
			"name": "hexadecagon",
			"from": [-1.25, 8.55381, 4.5],
			"to": [17.25, 9.94619, 11.5],
			"rotation": {"angle": 22.5, "axis": "x", "origin": [8, 9.25, 8]},
			"faces": {
				"north": {"uv": [2, 1, 1, 2], "texture": "#0"},
				"east": {"uv": [2, 1, 1, 2], "texture": "#0"},
				"south": {"uv": [2, 1, 1, 2], "texture": "#0"},
				"west": {"uv": [2, 1, 1, 2], "texture": "#0"},
				"up": {"uv": [2, 1, 1, 2], "texture": "#0"},
				"down": {"uv": [2, 1, 1, 2], "texture": "#0"}
			}
		},
		{
			"name": "hexadecagon",
			"from": [-1.25, 8.55381, 4.5],
			"to": [17.25, 9.94619, 11.5],
			"faces": {
				"north": {"uv": [2, 1, 1, 2], "texture": "#0"},
				"east": {"uv": [2, 1, 1, 2], "texture": "#0"},
				"south": {"uv": [2, 1, 1, 2], "texture": "#0"},
				"west": {"uv": [2, 1, 1, 2], "texture": "#0"},
				"up": {"uv": [2, 1, 1, 2], "texture": "#0"},
				"down": {"uv": [2, 1, 1, 2], "texture": "#0"}
			}
		},
		{
			"name": "hexadecagon",
			"from": [-1.5, 8.50408, 4.25],
			"to": [17.5, 9.99592, 4.55],
			"rotation": {"angle": -45, "axis": "x", "origin": [8, 9.25, 8]},
			"faces": {
				"north": {"uv": [7, 9, 1, 15], "texture": "#1"},
				"east": {"uv": [4.25, 3.75, 3.5, 4.5], "texture": "#1"},
				"south": {"uv": [7, 9, 1, 15], "texture": "#1"},
				"west": {"uv": [4.25, 3.5, 3.5, 4.25], "texture": "#1"},
				"up": {"uv": [7, 9, 1, 15], "texture": "#1"},
				"down": {"uv": [7, 9, 1, 15], "texture": "#1"}
			}
		},
		{
			"name": "hexadecagon",
			"from": [-1.5, 8.50408, 4.25],
			"to": [17.5, 9.99592, 4.55],
			"rotation": {"angle": 22.5, "axis": "x", "origin": [8, 9.25, 8]},
			"faces": {
				"north": {"uv": [7, 9, 1, 15], "texture": "#1"},
				"east": {"uv": [4.25, 3.75, 3.5, 4.5], "texture": "#1"},
				"south": {"uv": [7, 9, 1, 15], "texture": "#1"},
				"west": {"uv": [4.25, 3.5, 3.5, 4.25], "texture": "#1"},
				"up": {"uv": [7, 9, 1, 15], "texture": "#1"},
				"down": {"uv": [7, 9, 1, 15], "texture": "#1"}
			}
		},
		{
			"name": "hexadecagon",
			"from": [-1.5, 8.50408, 11.45],
			"to": [17.5, 9.99592, 11.75],
			"rotation": {"angle": -45, "axis": "x", "origin": [8, 9.25, 8]},
			"faces": {
				"north": {"uv": [7, 9, 1, 15], "texture": "#1"},
				"east": {"uv": [4.25, 3.75, 3.5, 4.5], "texture": "#1"},
				"south": {"uv": [7, 9, 1, 15], "texture": "#1"},
				"west": {"uv": [4.25, 3.5, 3.5, 4.25], "texture": "#1"},
				"up": {"uv": [7, 9, 1, 15], "texture": "#1"},
				"down": {"uv": [7, 9, 1, 15], "texture": "#1"}
			}
		},
		{
			"name": "hexadecagon",
			"from": [-1.5, 8.50408, 11.45],
			"to": [17.5, 9.99592, 11.75],
			"rotation": {"angle": -22.5, "axis": "x", "origin": [8, 9.25, 8]},
			"faces": {
				"north": {"uv": [7, 9, 1, 15], "texture": "#1"},
				"east": {"uv": [4.25, 3.75, 3.5, 4.5], "texture": "#1"},
				"south": {"uv": [7, 9, 1, 15], "texture": "#1"},
				"west": {"uv": [4.25, 3.5, 3.5, 4.25], "texture": "#1"},
				"up": {"uv": [7, 9, 1, 15], "texture": "#1"},
				"down": {"uv": [7, 9, 1, 15], "texture": "#1"}
			}
		},
		{
			"name": "hexadecagon",
			"from": [-1.5, 8.50408, 11.45],
			"to": [17.5, 9.99592, 11.75],
			"faces": {
				"north": {"uv": [7, 9, 1, 15], "texture": "#1"},
				"east": {"uv": [4.25, 3.75, 3.5, 4.5], "texture": "#1"},
				"south": {"uv": [7, 9, 1, 15], "texture": "#1"},
				"west": {"uv": [4.25, 3.5, 3.5, 4.25], "texture": "#1"},
				"up": {"uv": [7, 9, 1, 15], "texture": "#1"},
				"down": {"uv": [7, 9, 1, 15], "texture": "#1"}
			}
		},
		{
			"name": "hexadecagon",
			"from": [-1.5, 8.50408, 11.45],
			"to": [17.5, 9.99592, 11.75],
			"rotation": {"angle": 22.5, "axis": "x", "origin": [8, 9.25, 8]},
			"faces": {
				"north": {"uv": [7, 9, 1, 15], "texture": "#1"},
				"east": {"uv": [4.25, 3.75, 3.5, 4.5], "texture": "#1"},
				"south": {"uv": [7, 9, 1, 15], "texture": "#1"},
				"west": {"uv": [4.25, 3.5, 3.5, 4.25], "texture": "#1"},
				"up": {"uv": [7, 9, 1, 15], "texture": "#1"},
				"down": {"uv": [7, 9, 1, 15], "texture": "#1"}
			}
		},
		{
			"name": "hexadecagon",
			"from": [-1.5, 8.50408, 11.45],
			"to": [17.5, 9.99592, 11.75],
			"rotation": {"angle": 45, "axis": "x", "origin": [8, 9.25, 8]},
			"faces": {
				"north": {"uv": [7, 9, 1, 15], "texture": "#1"},
				"east": {"uv": [4.25, 3.75, 3.5, 4.5], "texture": "#1"},
				"south": {"uv": [7, 9, 1, 15], "texture": "#1"},
				"west": {"uv": [4.25, 3.5, 3.5, 4.25], "texture": "#1"},
				"up": {"uv": [7, 9, 1, 15], "texture": "#1"},
				"down": {"uv": [7, 9, 1, 15], "texture": "#1"}
			}
		},
		{
			"name": "hexadecagon",
			"from": [-1.5, 5.5, 7.25408],
			"to": [17.5, 5.8, 8.74592],
			"rotation": {"angle": -22.5, "axis": "x", "origin": [8, 9.25, 8]},
			"faces": {
				"north": {"uv": [7, 9, 1, 15], "texture": "#1"},
				"east": {"uv": [4.25, 3.75, 3.5, 4.5], "texture": "#1"},
				"south": {"uv": [7, 9, 1, 15], "texture": "#1"},
				"west": {"uv": [4.25, 3.5, 3.5, 4.25], "texture": "#1"},
				"up": {"uv": [7, 9, 1, 15], "texture": "#1"},
				"down": {"uv": [7, 9, 1, 15], "texture": "#1"}
			}
		},
		{
			"name": "hexadecagon",
			"from": [-1.5, 5.5, 7.25408],
			"to": [17.5, 5.8, 8.74592],
			"faces": {
				"north": {"uv": [7, 9, 1, 15], "texture": "#1"},
				"east": {"uv": [4.25, 3.75, 3.5, 4.5], "texture": "#1"},
				"south": {"uv": [7, 9, 1, 15], "texture": "#1"},
				"west": {"uv": [4.25, 3.5, 3.5, 4.25], "texture": "#1"},
				"up": {"uv": [7, 9, 1, 15], "texture": "#1"},
				"down": {"uv": [7, 9, 1, 15], "texture": "#1"}
			}
		},
		{
			"name": "hexadecagon",
			"from": [-1.5, 5.5, 7.25408],
			"to": [17.5, 5.8, 8.74592],
			"rotation": {"angle": 22.5, "axis": "x", "origin": [14, 9.25, 8]},
			"faces": {
				"north": {"uv": [7, 9, 1, 15], "texture": "#1"},
				"east": {"uv": [4.25, 3.75, 3.5, 4.5], "texture": "#1"},
				"south": {"uv": [7, 9, 1, 15], "texture": "#1"},
				"west": {"uv": [4.25, 3.5, 3.5, 4.25], "texture": "#1"},
				"up": {"uv": [7, 9, 1, 15], "texture": "#1"},
				"down": {"uv": [7, 9, 1, 15], "texture": "#1"}
			}
		},
		{
			"name": "hexadecagon",
			"from": [-1.5, 12.7, 7.25408],
			"to": [17.5, 13, 8.74592],
			"rotation": {"angle": 22.5, "axis": "x", "origin": [8, 9.25, 8]},
			"faces": {
				"north": {"uv": [7, 9, 1, 15], "texture": "#1"},
				"east": {"uv": [4.25, 3.75, 3.5, 4.5], "texture": "#1"},
				"south": {"uv": [7, 9, 1, 15], "texture": "#1"},
				"west": {"uv": [4.25, 3.5, 3.5, 4.25], "texture": "#1"},
				"up": {"uv": [7, 9, 1, 15], "texture": "#1"},
				"down": {"uv": [7, 9, 1, 15], "texture": "#1"}
			}
		},
		{
			"name": "hexadecagon",
			"from": [-1.5, 12.7, 7.25408],
			"to": [17.5, 13, 8.74592],
			"faces": {
				"north": {"uv": [7, 9, 1, 15], "texture": "#1"},
				"east": {"uv": [4.25, 3.75, 3.5, 4.5], "texture": "#1"},
				"south": {"uv": [7, 9, 1, 15], "texture": "#1"},
				"west": {"uv": [4.25, 3.5, 3.5, 4.25], "texture": "#1"},
				"up": {"uv": [7, 9, 1, 15], "texture": "#1"},
				"down": {"uv": [7, 9, 1, 15], "texture": "#1"}
			}
		},
		{
			"name": "hexadecagon",
			"from": [-1.5, 12.7, 7.25408],
			"to": [17.5, 13, 8.74592],
			"rotation": {"angle": -22.5, "axis": "x", "origin": [8, 9.25, 8]},
			"faces": {
				"north": {"uv": [7, 9, 1, 15], "texture": "#1"},
				"east": {"uv": [4.25, 3.75, 3.5, 4.5], "texture": "#1"},
				"south": {"uv": [7, 9, 1, 15], "texture": "#1"},
				"west": {"uv": [4.25, 3.5, 3.5, 4.25], "texture": "#1"},
				"up": {"uv": [7, 9, 1, 15], "texture": "#1"},
				"down": {"uv": [7, 9, 1, 15], "texture": "#1"}
			}
		},
		{
			"name": "hexadecagon",
			"from": [-1.5, 8.50408, 4.25],
			"to": [17.5, 9.99592, 4.55],
			"rotation": {"angle": 45, "axis": "x", "origin": [8, 9.25, 8]},
			"faces": {
				"north": {"uv": [7, 9, 1, 15], "texture": "#1"},
				"east": {"uv": [4.25, 3.75, 3.5, 4.5], "texture": "#1"},
				"south": {"uv": [7, 9, 1, 15], "texture": "#1"},
				"west": {"uv": [4.25, 3.5, 3.5, 4.25], "texture": "#1"},
				"up": {"uv": [7, 9, 1, 15], "texture": "#1"},
				"down": {"uv": [7, 9, 1, 15], "texture": "#1"}
			}
		},
		{
			"name": "hexadecagon",
			"from": [-1.5, 8.50408, 4.25],
			"to": [17.5, 9.99592, 4.55],
			"faces": {
				"north": {"uv": [7, 9, 1, 15], "texture": "#1"},
				"east": {"uv": [4.25, 3.75, 3.5, 4.5], "texture": "#1"},
				"south": {"uv": [7, 9, 1, 15], "texture": "#1"},
				"west": {"uv": [4.25, 3.5, 3.5, 4.25], "texture": "#1"},
				"up": {"uv": [7, 9, 1, 15], "texture": "#1"},
				"down": {"uv": [7, 9, 1, 15], "texture": "#1"}
			}
		},
		{
			"name": "hexadecagon",
			"from": [-1.5, 8.50408, 4.25],
			"to": [17.5, 9.99592, 4.55],
			"rotation": {"angle": -22.5, "axis": "x", "origin": [8, 9.25, 8]},
			"faces": {
				"north": {"uv": [7, 9, 1, 15], "texture": "#1"},
				"east": {"uv": [4.25, 3.75, 3.5, 4.5], "texture": "#1"},
				"south": {"uv": [7, 9, 1, 15], "texture": "#1"},
				"west": {"uv": [4.25, 3.5, 3.5, 4.25], "texture": "#1"},
				"up": {"uv": [7, 9, 1, 15], "texture": "#1"},
				"down": {"uv": [7, 9, 1, 15], "texture": "#1"}
			}
		},
		{
			"from": [16.65, 12.77145, 10.91033],
			"to": [16.85, 13.02145, 25.91033],
			"rotation": {"angle": -22.5, "axis": "x", "origin": [8, 6.17145, 10.16033]},
			"faces": {
				"north": {"uv": [8, 8, 9.5, 16], "texture": "#1"},
				"east": {"uv": [8, 8, 9.5, 16], "texture": "#1"},
				"south": {"uv": [8, 8, 9.5, 16], "texture": "#1"},
				"west": {"uv": [8, 8, 9.5, 16], "texture": "#1"},
				"up": {"uv": [8, 8, 9.5, 16], "texture": "#1"},
				"down": {"uv": [8, 8, 9.5, 16], "texture": "#1"}
			}
		},
		{
			"from": [16.75, 8.92145, 12.16033],
			"to": [16.85, 10.42145, 16.91033],
			"rotation": {"angle": -45, "axis": "x", "origin": [8, 6.17145, 10.16033]},
			"faces": {
				"north": {"uv": [2, 1, 1, 2], "texture": "#0"},
				"east": {"uv": [2, 1, 1, 2], "texture": "#0"},
				"south": {"uv": [2, 1, 1, 2], "texture": "#0"},
				"west": {"uv": [2, 1, 1, 2], "texture": "#0"},
				"up": {"uv": [2, 1, 1, 2], "texture": "#0"},
				"down": {"uv": [2, 1, 1, 2], "texture": "#0"}
			}
		},
		{
			"from": [16.75, 7.92145, 12.16033],
			"to": [16.85, 9.42145, 19.91033],
			"rotation": {"angle": -45, "axis": "x", "origin": [8, 6.17145, 10.16033]},
			"faces": {
				"north": {"uv": [2, 1, 1, 2], "texture": "#0"},
				"east": {"uv": [2, 1, 1, 2], "texture": "#0"},
				"south": {"uv": [2, 1, 1, 2], "texture": "#0"},
				"west": {"uv": [2, 1, 1, 2], "texture": "#0"},
				"up": {"uv": [2, 1, 1, 2], "texture": "#0"},
				"down": {"uv": [2, 1, 1, 2], "texture": "#0"}
			}
		},
		{
			"from": [16.4, 11.39621, 20.80737],
			"to": [17.1, 12.86121, 21.05737],
			"rotation": {"angle": -22.5, "axis": "x", "origin": [8, 5.89621, 10.05737]},
			"faces": {
				"north": {"uv": [9.5, 8, 8, 16], "texture": "#1"},
				"east": {"uv": [9.5, 8, 8, 16], "texture": "#1"},
				"south": {"uv": [9.5, 8, 8, 16], "texture": "#1"},
				"west": {"uv": [9.5, 8, 8, 16], "texture": "#1"},
				"up": {"uv": [9.5, 8, 8, 16], "texture": "#1"},
				"down": {"uv": [9.5, 8, 8, 16], "texture": "#1"}
			}
		},
		{
			"from": [16.3999, 12.67145, 10.91033],
			"to": [17.0999, 12.92145, 20.91033],
			"rotation": {"angle": -22.5, "axis": "x", "origin": [8, 6.17145, 10.16033]},
			"faces": {
				"north": {"uv": [9.5, 8, 8, 16], "texture": "#1"},
				"east": {"uv": [9.5, 8, 8, 16], "texture": "#1"},
				"south": {"uv": [9.5, 8, 8, 16], "texture": "#1"},
				"west": {"uv": [9.5, 8, 8, 16], "texture": "#1"},
				"up": {"uv": [9.5, 8, 8, 16], "texture": "#1"},
				"down": {"uv": [9.5, 8, 8, 16], "texture": "#1"}
			}
		},
		{
			"from": [16.3999, 6.92145, 12.16033],
			"to": [17.0999, 7.17145, 22.16033],
			"rotation": {"angle": -45, "axis": "x", "origin": [8, 6.17145, 10.16033]},
			"faces": {
				"north": {"uv": [9.5, 8, 8, 16], "texture": "#1"},
				"east": {"uv": [9.5, 8, 8, 16], "texture": "#1"},
				"south": {"uv": [9.5, 8, 8, 16], "texture": "#1"},
				"west": {"uv": [9.5, 8, 8, 16], "texture": "#1"},
				"up": {"uv": [9.5, 8, 8, 16], "texture": "#1"},
				"down": {"uv": [9.5, 8, 8, 16], "texture": "#1"}
			}
		},
		{
			"from": [16.5, 7.17145, 12.16033],
			"to": [16.9999, 8.17145, 22.16033],
			"rotation": {"angle": -45, "axis": "x", "origin": [8, 6.17145, 10.16033]},
			"faces": {
				"north": {"uv": [6.75, 1.25, 1.25, 6.75], "texture": "#1"},
				"east": {"uv": [6.75, 1.25, 1.25, 6.75], "texture": "#1"},
				"south": {"uv": [6.75, 1.25, 1.25, 6.75], "texture": "#1"},
				"west": {"uv": [6.75, 1.25, 1.25, 6.75], "texture": "#1"},
				"up": {"uv": [6.75, 1.25, 1.25, 6.75], "texture": "#1"},
				"down": {"uv": [6.75, 1.25, 1.25, 6.75], "texture": "#1"}
			}
		},
		{
			"from": [16.5, 11, 10],
			"to": [17, 12, 20],
			"rotation": {"angle": -22.5, "axis": "x", "origin": [8, 8, 8]},
			"faces": {
				"north": {"uv": [6.75, 1.25, 1.25, 6.75], "texture": "#1"},
				"east": {"uv": [6.75, 1.25, 1.25, 6.75], "texture": "#1"},
				"south": {"uv": [6.75, 1.25, 1.25, 6.75], "texture": "#1"},
				"west": {"uv": [6.75, 1.25, 1.25, 6.75], "texture": "#1"},
				"up": {"uv": [6.75, 1.25, 1.25, 6.75], "texture": "#1"},
				"down": {"uv": [6.75, 1.25, 1.25, 6.75], "texture": "#1"}
			}
		},
		{
			"from": [16.4, 10.7615, 9.34339],
			"to": [17.1, 11.0115, 17.24339],
			"rotation": {"angle": -22.5, "axis": "x", "origin": [8, 8.9115, 7.34339]},
			"faces": {
				"north": {"uv": [9.5, 8, 8, 16], "texture": "#1"},
				"east": {"uv": [9.5, 8, 8, 16], "texture": "#1"},
				"south": {"uv": [9.5, 8, 8, 16], "texture": "#1"},
				"west": {"uv": [9.5, 8, 8, 16], "texture": "#1"},
				"up": {"uv": [9.5, 8, 8, 16], "texture": "#1"},
				"down": {"uv": [9.5, 8, 8, 16], "texture": "#1"}
			}
		},
		{
			"from": [16.3999, 8.02145, 12.06033],
			"to": [17.0999, 8.27145, 19.96033],
			"rotation": {"angle": -45, "axis": "x", "origin": [8, 6.17145, 10.16033]},
			"faces": {
				"north": {"uv": [9.5, 8, 8, 16], "texture": "#1"},
				"east": {"uv": [9.5, 8, 8, 16], "texture": "#1"},
				"south": {"uv": [9.5, 8, 8, 16], "texture": "#1"},
				"west": {"uv": [9.5, 8, 8, 16], "texture": "#1"},
				"up": {"uv": [9.5, 8, 8, 16], "texture": "#1"},
				"down": {"uv": [9.5, 8, 8, 16], "texture": "#1"}
			}
		},
		{
			"from": [-0.85, 12.77145, 10.91033],
			"to": [-0.65, 13.02145, 25.91033],
			"rotation": {"angle": -22.5, "axis": "x", "origin": [8, 6.17145, 10.16033]},
			"faces": {
				"north": {"uv": [9.5, 8, 8, 16], "texture": "#1"},
				"east": {"uv": [9.5, 8, 8, 16], "texture": "#1"},
				"south": {"uv": [9.5, 8, 8, 16], "texture": "#1"},
				"west": {"uv": [9.5, 8, 8, 16], "texture": "#1"},
				"up": {"uv": [9.5, 8, 8, 16], "texture": "#1"},
				"down": {"uv": [9.5, 8, 8, 16], "texture": "#1"}
			}
		},
		{
			"from": [-1.1, 11.39621, 20.80737],
			"to": [-0.4, 12.86121, 21.05737],
			"rotation": {"angle": -22.5, "axis": "x", "origin": [8, 5.89621, 10.05737]},
			"faces": {
				"north": {"uv": [8, 8, 9.5, 16], "texture": "#1"},
				"east": {"uv": [8, 8, 9.5, 16], "texture": "#1"},
				"south": {"uv": [8, 8, 9.5, 16], "texture": "#1"},
				"west": {"uv": [8, 8, 9.5, 16], "texture": "#1"},
				"up": {"uv": [8, 8, 9.5, 16], "texture": "#1"},
				"down": {"uv": [8, 8, 9.5, 16], "texture": "#1"}
			}
		},
		{
			"from": [-1.0999, 6.92145, 12.16033],
			"to": [-0.3999, 7.17145, 22.16033],
			"rotation": {"angle": -45, "axis": "x", "origin": [8, 6.17145, 10.16033]},
			"faces": {
				"north": {"uv": [8, 8, 9.5, 16], "texture": "#1"},
				"east": {"uv": [8, 8, 9.5, 16], "texture": "#1"},
				"south": {"uv": [8, 8, 9.5, 16], "texture": "#1"},
				"west": {"uv": [8, 8, 9.5, 16], "texture": "#1"},
				"up": {"uv": [8, 8, 9.5, 16], "texture": "#1"},
				"down": {"uv": [8, 8, 9.5, 16], "texture": "#1"}
			}
		},
		{
			"from": [-1.0999, 8.02145, 12.06033],
			"to": [-0.3999, 8.27145, 19.96033],
			"rotation": {"angle": -45, "axis": "x", "origin": [8, 6.17145, 10.16033]},
			"faces": {
				"north": {"uv": [8, 8, 9.5, 16], "texture": "#1"},
				"east": {"uv": [8, 8, 9.5, 16], "texture": "#1"},
				"south": {"uv": [8, 8, 9.5, 16], "texture": "#1"},
				"west": {"uv": [8, 8, 9.5, 16], "texture": "#1"},
				"up": {"uv": [8, 8, 9.5, 16], "texture": "#1"},
				"down": {"uv": [8, 8, 9.5, 16], "texture": "#1"}
			}
		},
		{
			"from": [-1.1, 10.7615, 9.34339],
			"to": [-0.4, 11.0115, 17.24339],
			"rotation": {"angle": -22.5, "axis": "x", "origin": [8, 8.9115, 7.34339]},
			"faces": {
				"north": {"uv": [8, 8, 9.5, 16], "texture": "#1"},
				"east": {"uv": [8, 8, 9.5, 16], "texture": "#1"},
				"south": {"uv": [8, 8, 9.5, 16], "texture": "#1"},
				"west": {"uv": [8, 8, 9.5, 16], "texture": "#1"},
				"up": {"uv": [8, 8, 9.5, 16], "texture": "#1"},
				"down": {"uv": [8, 8, 9.5, 16], "texture": "#1"}
			}
		},
		{
			"from": [-1.0999, 12.67145, 10.91033],
			"to": [-0.3999, 12.92145, 20.91033],
			"rotation": {"angle": -22.5, "axis": "x", "origin": [8, 6.17145, 10.16033]},
			"faces": {
				"north": {"uv": [8, 8, 9.5, 16], "texture": "#1"},
				"east": {"uv": [8, 8, 9.5, 16], "texture": "#1"},
				"south": {"uv": [8, 8, 9.5, 16], "texture": "#1"},
				"west": {"uv": [8, 8, 9.5, 16], "texture": "#1"},
				"up": {"uv": [8, 8, 9.5, 16], "texture": "#1"},
				"down": {"uv": [8, 8, 9.5, 16], "texture": "#1"}
			}
		},
		{
			"from": [-1, 11, 10],
			"to": [-0.5, 12, 20],
			"rotation": {"angle": -22.5, "axis": "x", "origin": [8, 8, 8]},
			"faces": {
				"north": {"uv": [1.25, 1.25, 6.75, 6.75], "texture": "#1"},
				"east": {"uv": [1.25, 1.25, 6.75, 6.75], "texture": "#1"},
				"south": {"uv": [1.25, 1.25, 6.75, 6.75], "texture": "#1"},
				"west": {"uv": [1.25, 1.25, 6.75, 6.75], "texture": "#1"},
				"up": {"uv": [1.25, 1.25, 6.75, 6.75], "texture": "#1"},
				"down": {"uv": [1.25, 1.25, 6.75, 6.75], "texture": "#1"}
			}
		},
		{
			"from": [-0.85, 8.92145, 12.16033],
			"to": [-0.75, 10.42145, 16.91033],
			"rotation": {"angle": -45, "axis": "x", "origin": [8, 6.17145, 10.16033]},
			"faces": {
				"north": {"uv": [1, 1, 2, 2], "texture": "#0"},
				"east": {"uv": [1, 1, 2, 2], "texture": "#0"},
				"south": {"uv": [1, 1, 2, 2], "texture": "#0"},
				"west": {"uv": [1, 1, 2, 2], "texture": "#0"},
				"up": {"uv": [1, 1, 2, 2], "texture": "#0"},
				"down": {"uv": [1, 1, 2, 2], "texture": "#0"}
			}
		},
		{
			"from": [-0.85, 7.92145, 12.16033],
			"to": [-0.75, 9.42145, 19.91033],
			"rotation": {"angle": -45, "axis": "x", "origin": [8, 6.17145, 10.16033]},
			"faces": {
				"north": {"uv": [1, 1, 2, 2], "texture": "#0"},
				"east": {"uv": [1, 1, 2, 2], "texture": "#0"},
				"south": {"uv": [1, 1, 2, 2], "texture": "#0"},
				"west": {"uv": [1, 1, 2, 2], "texture": "#0"},
				"up": {"uv": [1, 1, 2, 2], "texture": "#0"},
				"down": {"uv": [1, 1, 2, 2], "texture": "#0"}
			}
		},
		{
			"from": [-0.9999, 7.17145, 12.16033],
			"to": [-0.5, 8.17145, 22.16033],
			"rotation": {"angle": -45, "axis": "x", "origin": [8, 6.17145, 10.16033]},
			"faces": {
				"north": {"uv": [1.25, 1.25, 6.75, 6.75], "texture": "#1"},
				"east": {"uv": [1.25, 1.25, 6.75, 6.75], "texture": "#1"},
				"south": {"uv": [1.25, 1.25, 6.75, 6.75], "texture": "#1"},
				"west": {"uv": [1.25, 1.25, 6.75, 6.75], "texture": "#1"},
				"up": {"uv": [1.25, 1.25, 6.75, 6.75], "texture": "#1"},
				"down": {"uv": [1.25, 1.25, 6.75, 6.75], "texture": "#1"}
			}
		},
		{
			"from": [14.95, 3.6502, -0.03978],
			"to": [16.39041, 11.75, 0.9],
			"faces": {
				"north": {"uv": [9.5, 8, 8, 16], "texture": "#1"},
				"east": {"uv": [9.5, 8, 8, 16], "texture": "#1"},
				"south": {"uv": [9.5, 8, 8, 16], "texture": "#1"},
				"west": {"uv": [9.5, 8, 8, 16], "texture": "#1"},
				"up": {"uv": [9.5, 8, 8, 16], "texture": "#1"},
				"down": {"uv": [9.5, 8, 8, 16], "texture": "#1"}
			}
		},
		{
			"from": [0.35009, 1.78913, -0.01016],
			"to": [1.00009, 5.78913, 7.68984],
			"faces": {
				"north": {"uv": [11, 8.25, 9.5, 16], "rotation": 180, "texture": "#1"},
				"east": {"uv": [11, 8.25, 9.5, 16], "rotation": 180, "texture": "#1"},
				"south": {"uv": [11, 8.25, 9.5, 16], "rotation": 180, "texture": "#1"},
				"west": {"uv": [11, 8.25, 9.5, 16], "rotation": 180, "texture": "#1"},
				"up": {"uv": [11, 8.25, 9.5, 16], "rotation": 180, "texture": "#1"},
				"down": {"uv": [11, 8.25, 9.5, 16], "rotation": 180, "texture": "#1"}
			}
		},
		{
			"from": [0.35, 2, 7.25],
			"to": [1.025, 6, 16.25],
			"rotation": {"angle": -22.5, "axis": "x", "origin": [8, 3, 8]},
			"faces": {
				"north": {"uv": [11, 8.25, 9.5, 16], "rotation": 180, "texture": "#1"},
				"east": {"uv": [11, 8.25, 9.5, 16], "rotation": 180, "texture": "#1"},
				"south": {"uv": [11, 8.25, 9.5, 16], "rotation": 180, "texture": "#1"},
				"west": {"uv": [11, 8.25, 9.5, 16], "rotation": 180, "texture": "#1"},
				"up": {"uv": [11, 8.25, 9.5, 16], "rotation": 180, "texture": "#1"},
				"down": {"uv": [11, 8.25, 9.5, 16], "rotation": 180, "texture": "#1"}
			}
		},
		{
			"from": [-0.20004, 0.23325, 0.00466],
			"to": [0.99996, 12.98325, 16.00466],
			"faces": {
				"north": {"uv": [6.75, 1.25, 1.25, 6.75], "texture": "#1"},
				"east": {"uv": [6.75, 1.25, 1.25, 6.75], "texture": "#1"},
				"south": {"uv": [0.25, 1.25, 1.25, 6.75], "texture": "#1"},
				"west": {"uv": [2.25, 2.25, 6.25, 6], "texture": "#1"},
				"up": {"uv": [6.75, 1.25, 1.25, 6.75], "texture": "#1"},
				"down": {"uv": [6.75, 1.25, 1.25, 6.75], "texture": "#1"}
			}
		},
		{
			"from": [15.00004, 0.23325, 0.00466],
			"to": [16.20004, 12.98325, 16.00466],
			"faces": {
				"north": {"uv": [1.25, 1.25, 6.75, 6.75], "texture": "#1"},
				"east": {"uv": [2.25, 2.25, 6.25, 6], "texture": "#1"},
				"south": {"uv": [7.75, 2, 8.75, 7.5], "texture": "#1"},
				"west": {"uv": [1.25, 1.25, 6.75, 6.75], "texture": "#1"},
				"up": {"uv": [1.25, 1.25, 6.75, 6.75], "texture": "#1"},
				"down": {"uv": [1.25, 1.25, 6.75, 6.75], "texture": "#1"}
			}
		},
		{
			"from": [3.42667, 7.75, -8.96611],
			"to": [8.67667, 10.75, -7.96611],
			"rotation": {"angle": 22.5, "axis": "y", "origin": [15.67667, 5.75, 2.03389]},
			"faces": {
				"north": {"uv": [1, 0, 15, 4], "texture": "#0"},
				"east": {"uv": [0, 0, 1, 4], "texture": "#0"},
				"south": {"uv": [0, 0, 16, 4], "texture": "#0"},
				"west": {"uv": [0, 0, 1, 4], "texture": "#0"},
				"up": {"uv": [1, 0, 15, 1], "texture": "#0"},
				"down": {"uv": [1, 0, 15, 1], "texture": "#0"}
			}
		},
		{
			"from": [5, 7.75, -5.45],
			"to": [11, 10.75, -4.45],
			"faces": {
				"north": {"uv": [1, 0, 15, 4], "texture": "#0"},
				"east": {"uv": [0, 0, 1, 4], "texture": "#0"},
				"south": {"uv": [0, 0, 16, 4], "texture": "#0"},
				"west": {"uv": [0, 0, 1, 4], "texture": "#0"},
				"up": {"uv": [1, 0, 15, 1], "texture": "#0"},
				"down": {"uv": [1, 0, 15, 1], "texture": "#0"}
			}
		},
		{
			"from": [7.32333, 7.75, -8.96611],
			"to": [12.57333, 10.75, -7.96611],
			"rotation": {"angle": -22.5, "axis": "y", "origin": [0.32333, 5.75, 2.03389]},
			"faces": {
				"north": {"uv": [15, 0, 1, 4], "texture": "#0"},
				"east": {"uv": [1, 0, 0, 4], "texture": "#0"},
				"south": {"uv": [16, 0, 0, 4], "texture": "#0"},
				"west": {"uv": [1, 0, 0, 4], "texture": "#0"},
				"up": {"uv": [15, 0, 1, 1], "texture": "#0"},
				"down": {"uv": [15, 0, 1, 1], "texture": "#0"}
			}
		},
		{
			"from": [7.32333, 3.75, -8.96611],
			"to": [12.57333, 6.75, -7.96611],
			"rotation": {"angle": -22.5, "axis": "y", "origin": [0.32333, 1.75, 2.03389]},
			"faces": {
				"north": {"uv": [15, 0, 1, 4], "texture": "#0"},
				"east": {"uv": [1, 0, 0, 4], "texture": "#0"},
				"south": {"uv": [16, 0, 0, 4], "texture": "#0"},
				"west": {"uv": [1, 0, 0, 4], "texture": "#0"},
				"up": {"uv": [15, 0, 1, 1], "texture": "#0"},
				"down": {"uv": [15, 0, 1, 1], "texture": "#0"}
			}
		},
		{
			"from": [5, 3.75, -5.45],
			"to": [11, 6.75, -4.45],
			"faces": {
				"north": {"uv": [1, 0, 15, 4], "texture": "#0"},
				"east": {"uv": [0, 0, 1, 4], "texture": "#0"},
				"south": {"uv": [0, 0, 16, 4], "texture": "#0"},
				"west": {"uv": [0, 0, 1, 4], "texture": "#0"},
				"up": {"uv": [1, 0, 15, 1], "texture": "#0"},
				"down": {"uv": [1, 0, 15, 1], "texture": "#0"}
			}
		},
		{
			"from": [3.42667, 3.75, -8.96611],
			"to": [8.67667, 6.75, -7.96611],
			"rotation": {"angle": 22.5, "axis": "y", "origin": [15.67667, 1.75, 2.03389]},
			"faces": {
				"north": {"uv": [1, 0, 15, 4], "texture": "#0"},
				"east": {"uv": [0, 0, 1, 4], "texture": "#0"},
				"south": {"uv": [0, 0, 16, 4], "texture": "#0"},
				"west": {"uv": [0, 0, 1, 4], "texture": "#0"},
				"up": {"uv": [1, 0, 15, 1], "texture": "#0"},
				"down": {"uv": [1, 0, 15, 1], "texture": "#0"}
			}
		},
		{
			"from": [-0.09, 4.5, -4],
			"to": [16.094, 7.5, 1],
			"rotation": {"angle": 45, "axis": "x", "origin": [8, 7.5, 7.5]},
			"faces": {
				"north": {"uv": [1, 12.25, 7, 14.75], "texture": "#1"},
				"east": {"uv": [1, 9.25, 7, 14.75], "texture": "#1"},
				"south": {"uv": [1, 9.25, 7, 14.75], "texture": "#1"},
				"west": {"uv": [1, 9.25, 7, 14.75], "texture": "#1"},
				"up": {"uv": [1, 9.25, 7, 14.75], "texture": "#1"},
				"down": {"uv": [1, 9.25, 7, 14.75], "texture": "#1"}
			}
		},
		{
			"from": [-0.1, 6.95955, -3.62843],
			"to": [16.1, 9.10955, 1.37157],
			"rotation": {"angle": 22.5, "axis": "x", "origin": [8, 9.10955, 7.87157]},
			"faces": {
				"north": {"uv": [1, 9.25, 7, 14.75], "texture": "#1"},
				"east": {"uv": [1, 9.25, 7, 14.75], "texture": "#1"},
				"south": {"uv": [1, 9.25, 7, 14.75], "texture": "#1"},
				"west": {"uv": [1, 9.25, 7, 14.75], "texture": "#1"},
				"up": {"uv": [1, 9.25, 7, 14.75], "texture": "#1"},
				"down": {"uv": [1, 9.25, 7, 14.75], "texture": "#1"}
			}
		},
		{
			"from": [-0.095, 12.75516, 3.54077],
			"to": [16.08, 17.65516, 6.54077],
			"rotation": {"angle": -22.5, "axis": "x", "origin": [8, 6.15516, 6.54077]},
			"faces": {
				"north": {"uv": [1, 9.25, 7, 14.75], "rotation": 270, "texture": "#1"},
				"east": {"uv": [1, 9.25, 7, 14.75], "rotation": 270, "texture": "#1"},
				"south": {"uv": [1, 9.25, 7, 14.75], "rotation": 270, "texture": "#1"},
				"west": {"uv": [1, 9.25, 7, 14.75], "rotation": 270, "texture": "#1"},
				"up": {"uv": [1, 9.25, 7, 14.75], "rotation": 180, "texture": "#1"},
				"down": {"uv": [1, 9.25, 7, 14.75], "rotation": 270, "texture": "#1"}
			}
		},
		{
			"from": [1, 6.10955, -4.12843],
			"to": [4, 9.10955, -2.62843],
			"rotation": {"angle": 22.5, "axis": "x", "origin": [8, 9.10955, 7.87157]},
			"faces": {
				"north": {"uv": [9.5, 8, 8, 16], "texture": "#1"},
				"east": {"uv": [9.5, 8, 8, 16], "texture": "#1"},
				"south": {"uv": [9.5, 8, 8, 16], "texture": "#1"},
				"west": {"uv": [9.5, 8, 8, 16], "texture": "#1"},
				"up": {"uv": [9.5, 8, 8, 16], "texture": "#1"},
				"down": {"uv": [9.5, 8, 8, 16], "texture": "#1"}
			}
		},
		{
			"from": [1, 4.5, -4.5],
			"to": [4, 7.5, -3],
			"rotation": {"angle": 45, "axis": "x", "origin": [8, 7.5, 7.5]},
			"faces": {
				"north": {"uv": [9.5, 8, 8, 16], "texture": "#1"},
				"east": {"uv": [9.5, 8, 8, 16], "texture": "#1"},
				"south": {"uv": [9.5, 8, 8, 16], "texture": "#1"},
				"west": {"uv": [9.5, 8, 8, 16], "texture": "#1"},
				"up": {"uv": [9.5, 8, 8, 16], "texture": "#1"},
				"down": {"uv": [9.5, 8, 8, 16], "texture": "#1"}
			}
		},
		{
			"from": [1, 16.65516, 3.54077],
			"to": [4, 18.15516, 6.54077],
			"rotation": {"angle": -22.5, "axis": "x", "origin": [8, 6.15516, 6.54077]},
			"faces": {
				"north": {"uv": [9.5, 8, 8, 16], "rotation": 270, "texture": "#1"},
				"east": {"uv": [9.5, 8, 8, 16], "rotation": 270, "texture": "#1"},
				"south": {"uv": [9.5, 8, 8, 16], "rotation": 270, "texture": "#1"},
				"west": {"uv": [9.5, 8, 8, 16], "rotation": 270, "texture": "#1"},
				"up": {"uv": [9.5, 8, 8, 16], "rotation": 270, "texture": "#1"},
				"down": {"uv": [9.5, 8, 8, 16], "rotation": 270, "texture": "#1"}
			}
		},
		{
			"from": [1.25, 6.35955, -4.37843],
			"to": [3.75, 8.85955, -2.87843],
			"rotation": {"angle": 22.5, "axis": "x", "origin": [8, 9.10955, 7.87157]},
			"faces": {
				"north": {"uv": [8, 0, 0, 8], "texture": "#1"},
				"east": {"uv": [6.75, 1.25, 1.25, 6.75], "texture": "#1"},
				"south": {"uv": [6.75, 1.25, 1.25, 6.75], "texture": "#1"},
				"west": {"uv": [6.75, 1.25, 1.25, 6.75], "texture": "#1"},
				"up": {"uv": [6.75, 1.25, 1.25, 6.75], "texture": "#1"},
				"down": {"uv": [6.75, 1.25, 1.25, 6.75], "texture": "#1"}
			}
		},
		{
			"from": [1.25, 4.75, -4.75],
			"to": [3.75, 7.25, -3.25],
			"rotation": {"angle": 45, "axis": "x", "origin": [8, 7.5, 7.5]},
			"faces": {
				"north": {"uv": [8, 0, 0, 8], "texture": "#1"},
				"east": {"uv": [6.75, 1.25, 1.25, 6.75], "texture": "#1"},
				"south": {"uv": [6.75, 1.25, 1.25, 6.75], "texture": "#1"},
				"west": {"uv": [6.75, 1.25, 1.25, 6.75], "texture": "#1"},
				"up": {"uv": [6.75, 1.25, 1.25, 6.75], "texture": "#1"},
				"down": {"uv": [6.75, 1.25, 1.25, 6.75], "texture": "#1"}
			}
		},
		{
			"from": [1.25, 16.90516, 3.79077],
			"to": [3.75, 18.40516, 6.29077],
			"rotation": {"angle": -22.5, "axis": "x", "origin": [8, 6.15516, 6.54077]},
			"faces": {
				"north": {"uv": [6.75, 1.25, 1.25, 6.75], "rotation": 180, "texture": "#1"},
				"east": {"uv": [6.75, 1.25, 1.25, 6.75], "rotation": 180, "texture": "#1"},
				"south": {"uv": [6.75, 1.25, 1.25, 6.75], "rotation": 180, "texture": "#1"},
				"west": {"uv": [6.75, 1.25, 1.25, 6.75], "rotation": 180, "texture": "#1"},
				"up": {"uv": [8, 0, 0, 8], "rotation": 180, "texture": "#1"},
				"down": {"uv": [6.75, 1.25, 1.25, 6.75], "rotation": 180, "texture": "#1"}
			}
		},
		{
			"from": [12.25, 16.90516, 3.79077],
			"to": [14.75, 18.40516, 6.29077],
			"rotation": {"angle": -22.5, "axis": "x", "origin": [19, 6.15516, 6.54077]},
			"faces": {
				"north": {"uv": [6.75, 1.25, 1.25, 6.75], "rotation": 180, "texture": "#1"},
				"east": {"uv": [6.75, 1.25, 1.25, 6.75], "rotation": 180, "texture": "#1"},
				"south": {"uv": [6.75, 1.25, 1.25, 6.75], "rotation": 180, "texture": "#1"},
				"west": {"uv": [6.75, 1.25, 1.25, 6.75], "rotation": 180, "texture": "#1"},
				"up": {"uv": [8, 0, 0, 8], "rotation": 180, "texture": "#1"},
				"down": {"uv": [6.75, 1.25, 1.25, 6.75], "rotation": 180, "texture": "#1"}
			}
		},
		{
			"from": [12, 16.65516, 3.54077],
			"to": [15, 18.15516, 6.54077],
			"rotation": {"angle": -22.5, "axis": "x", "origin": [19, 6.15516, 6.54077]},
			"faces": {
				"north": {"uv": [9.5, 8, 8, 16], "rotation": 270, "texture": "#1"},
				"east": {"uv": [9.5, 8, 8, 16], "rotation": 270, "texture": "#1"},
				"south": {"uv": [9.5, 8, 8, 16], "rotation": 270, "texture": "#1"},
				"west": {"uv": [9.5, 8, 8, 16], "rotation": 270, "texture": "#1"},
				"up": {"uv": [9.5, 8, 8, 16], "rotation": 270, "texture": "#1"},
				"down": {"uv": [9.5, 8, 8, 16], "rotation": 270, "texture": "#1"}
			}
		},
		{
			"from": [12.25, 4.75, -4.75],
			"to": [14.75, 7.25, -3.25],
			"rotation": {"angle": 45, "axis": "x", "origin": [19, 7.5, 7.5]},
			"faces": {
				"north": {"uv": [8, 0, 0, 8], "texture": "#1"},
				"east": {"uv": [6.75, 1.25, 1.25, 6.75], "texture": "#1"},
				"south": {"uv": [6.75, 1.25, 1.25, 6.75], "texture": "#1"},
				"west": {"uv": [6.75, 1.25, 1.25, 6.75], "texture": "#1"},
				"up": {"uv": [6.75, 1.25, 1.25, 6.75], "texture": "#1"},
				"down": {"uv": [6.75, 1.25, 1.25, 6.75], "texture": "#1"}
			}
		},
		{
			"from": [12, 4.5, -4.5],
			"to": [15, 7.5, -3],
			"rotation": {"angle": 45, "axis": "x", "origin": [19, 7.5, 7.5]},
			"faces": {
				"north": {"uv": [9.5, 8, 8, 16], "texture": "#1"},
				"east": {"uv": [9.5, 8, 8, 16], "texture": "#1"},
				"south": {"uv": [9.5, 8, 8, 16], "texture": "#1"},
				"west": {"uv": [9.5, 8, 8, 16], "texture": "#1"},
				"up": {"uv": [9.5, 8, 8, 16], "texture": "#1"},
				"down": {"uv": [9.5, 8, 8, 16], "texture": "#1"}
			}
		},
		{
			"from": [12.25, 6.35955, -4.37843],
			"to": [14.75, 8.85955, -2.87843],
			"rotation": {"angle": 22.5, "axis": "x", "origin": [19, 9.10955, 7.87157]},
			"faces": {
				"north": {"uv": [8, 0, 0, 8], "texture": "#1"},
				"east": {"uv": [6.75, 1.25, 1.25, 6.75], "texture": "#1"},
				"south": {"uv": [6.75, 1.25, 1.25, 6.75], "texture": "#1"},
				"west": {"uv": [6.75, 1.25, 1.25, 6.75], "texture": "#1"},
				"up": {"uv": [6.75, 1.25, 1.25, 6.75], "texture": "#1"},
				"down": {"uv": [6.75, 1.25, 1.25, 6.75], "texture": "#1"}
			}
		},
		{
			"from": [12, 6.10955, -4.12843],
			"to": [15, 9.10955, -2.62843],
			"rotation": {"angle": 22.5, "axis": "x", "origin": [19, 9.10955, 7.87157]},
			"faces": {
				"north": {"uv": [9.5, 8, 8, 16], "texture": "#1"},
				"east": {"uv": [9.5, 8, 8, 16], "texture": "#1"},
				"south": {"uv": [9.5, 8, 8, 16], "texture": "#1"},
				"west": {"uv": [9.5, 8, 8, 16], "texture": "#1"},
				"up": {"uv": [9.5, 8, 8, 16], "texture": "#1"},
				"down": {"uv": [9.5, 8, 8, 16], "texture": "#1"}
			}
		},
		{
			"from": [4, 10.65, -5.8],
			"to": [12, 11.55, -1.8],
			"faces": {
				"north": {"uv": [9.5, 8, 8, 16], "rotation": 90, "texture": "#1"},
				"east": {"uv": [9.5, 8, 8, 16], "texture": "#1"},
				"south": {"uv": [9.5, 8, 8, 16], "texture": "#1"},
				"west": {"uv": [9.5, 8, 8, 16], "texture": "#1"},
				"up": {"uv": [9.5, 8, 8, 16], "texture": "#1"},
				"down": {"uv": [9.5, 8, 8, 16], "texture": "#1"}
			}
		},
		{
			"from": [7.40929, 10.65018, -5.12182],
			"to": [12.15929, 11.55018, -1.12182],
			"rotation": {"angle": -22.5, "axis": "y", "origin": [11.40929, 5.75018, 6.07818]},
			"faces": {
				"north": {"uv": [9.5, 8, 8, 16], "rotation": 90, "texture": "#1"},
				"east": {"uv": [9.5, 8, 8, 16], "texture": "#1"},
				"south": {"uv": [9.5, 8, 8, 16], "texture": "#1"},
				"west": {"uv": [9.5, 8, 8, 16], "texture": "#1"},
				"up": {"uv": [9.5, 8, 8, 16], "texture": "#1"},
				"down": {"uv": [9.5, 8, 8, 16], "texture": "#1"}
			}
		},
		{
			"from": [3.59099, 10.6455, -6.35888],
			"to": [8.34099, 11.5455, -2.35888],
			"rotation": {"angle": 22.5, "axis": "y", "origin": [7.59099, 5.7455, 4.84112]},
			"faces": {
				"north": {"uv": [9.5, 8, 8, 16], "rotation": 90, "texture": "#1"},
				"east": {"uv": [9.5, 8, 8, 16], "texture": "#1"},
				"south": {"uv": [9.5, 8, 8, 16], "texture": "#1"},
				"west": {"uv": [9.5, 8, 8, 16], "texture": "#1"},
				"up": {"uv": [9.5, 8, 8, 16], "texture": "#1"},
				"down": {"uv": [9.5, 8, 8, 16], "texture": "#1"}
			}
		},
		{
			"from": [-0.39054, 10.64551, -3.97566],
			"to": [3.60946, 11.54551, -1.22566],
			"faces": {
				"north": {"uv": [9.5, 8, 8, 16], "texture": "#1"},
				"east": {"uv": [9.5, 8, 8, 16], "texture": "#1"},
				"south": {"uv": [9.5, 8, 8, 16], "texture": "#1"},
				"west": {"uv": [9.5, 8, 8, 16], "texture": "#1"},
				"up": {"uv": [9.5, 8, 8, 16], "texture": "#1"},
				"down": {"uv": [9.5, 8, 8, 16], "texture": "#1"}
			}
		},
		{
			"from": [12.38825, 10.64281, -3.97489],
			"to": [16.38825, 11.54281, -1.22489],
			"faces": {
				"north": {"uv": [9.5, 8, 8, 16], "texture": "#1"},
				"east": {"uv": [9.5, 8, 8, 16], "rotation": 90, "texture": "#1"},
				"south": {"uv": [9.5, 8, 8, 16], "texture": "#1"},
				"west": {"uv": [9.5, 8, 8, 16], "texture": "#1"},
				"up": {"uv": [9.5, 8, 8, 16], "texture": "#1"},
				"down": {"uv": [9.5, 8, 8, 16], "texture": "#1"}
			}
		},
		{
			"from": [-0.5, 6.85955, -2.87843],
			"to": [16.5, 8.35955, 0.62157],
			"rotation": {"angle": 22.5, "axis": "x", "origin": [8, 9.10955, 7.87157]},
			"faces": {
				"north": {"uv": [8, 8, 9.5, 16], "rotation": 90, "texture": "#1"},
				"east": {"uv": [0, 8, 8, 16], "rotation": 90, "texture": "#1"},
				"south": {"uv": [8, 8, 9.5, 16], "rotation": 90, "texture": "#1"},
				"west": {"uv": [0, 8, 8, 16], "rotation": 90, "texture": "#1"},
				"up": {"uv": [8, 8, 9.5, 16], "rotation": 90, "texture": "#1"},
				"down": {"uv": [8, 8, 9.5, 16], "rotation": 90, "texture": "#1"}
			}
		},
		{
			"from": [-0.45, 5.25, -3.25],
			"to": [16.475, 6.75, 0.25],
			"rotation": {"angle": 45, "axis": "x", "origin": [8, 7.5, 7.5]},
			"faces": {
				"north": {"uv": [8, 8, 9.5, 16], "rotation": 90, "texture": "#1"},
				"east": {"uv": [0, 8, 8, 16], "rotation": 90, "texture": "#1"},
				"south": {"uv": [8, 8, 9.5, 16], "rotation": 90, "texture": "#1"},
				"west": {"uv": [0, 8, 8, 16], "rotation": 90, "texture": "#1"},
				"up": {"uv": [8, 8, 9.5, 16], "rotation": 90, "texture": "#1"},
				"down": {"uv": [8, 8, 9.5, 16], "rotation": 90, "texture": "#1"}
			}
		},
		{
			"from": [-0.5, 13.40516, 4.29077],
			"to": [16.5, 16.90516, 5.79077],
			"rotation": {"angle": -22.5, "axis": "x", "origin": [8, 6.15516, 6.54077]},
			"faces": {
				"north": {"uv": [8, 8, 9.5, 16], "rotation": 90, "texture": "#1"},
				"east": {"uv": [0, 8, 8, 16], "texture": "#1"},
				"south": {"uv": [8, 8, 9.5, 16], "rotation": 90, "texture": "#1"},
				"west": {"uv": [0, 8, 8, 16], "texture": "#1"},
				"up": {"uv": [8, 8, 9.5, 16], "rotation": 90, "texture": "#1"},
				"down": {"uv": [8, 8, 9.5, 16], "rotation": 90, "texture": "#1"}
			}
		},
		{
			"from": [7.40929, 6.65018, -5.12182],
			"to": [12.15929, 7.75018, -1.12182],
			"rotation": {"angle": -22.5, "axis": "y", "origin": [11.40929, 1.75018, 6.07818]},
			"faces": {
				"north": {"uv": [9.5, 8, 8, 16], "rotation": 90, "texture": "#1"},
				"east": {"uv": [9.5, 8, 8, 16], "texture": "#1"},
				"south": {"uv": [9.5, 8, 8, 16], "texture": "#1"},
				"west": {"uv": [9.5, 8, 8, 16], "texture": "#1"},
				"up": {"uv": [9.5, 8, 8, 16], "texture": "#1"},
				"down": {"uv": [9.5, 8, 8, 16], "texture": "#1"}
			}
		},
		{
			"from": [4, 6.65, -5.8],
			"to": [12, 7.75, -1.8],
			"faces": {
				"north": {"uv": [9.5, 8, 8, 16], "rotation": 90, "texture": "#1"},
				"east": {"uv": [9.5, 8, 8, 16], "texture": "#1"},
				"south": {"uv": [9.5, 8, 8, 16], "texture": "#1"},
				"west": {"uv": [9.5, 8, 8, 16], "texture": "#1"},
				"up": {"uv": [9.5, 8, 8, 16], "texture": "#1"},
				"down": {"uv": [9.5, 8, 8, 16], "texture": "#1"}
			}
		},
		{
			"from": [3.59099, 6.6455, -6.35888],
			"to": [8.34099, 7.7455, -2.35888],
			"rotation": {"angle": 22.5, "axis": "y", "origin": [7.59099, 1.7455, 4.84112]},
			"faces": {
				"north": {"uv": [9.5, 8, 8, 16], "rotation": 90, "texture": "#1"},
				"east": {"uv": [9.5, 8, 8, 16], "texture": "#1"},
				"south": {"uv": [9.5, 8, 8, 16], "texture": "#1"},
				"west": {"uv": [9.5, 8, 8, 16], "texture": "#1"},
				"up": {"uv": [9.5, 8, 8, 16], "texture": "#1"},
				"down": {"uv": [9.5, 8, 8, 16], "texture": "#1"}
			}
		},
		{
			"from": [7.40929, 3.65018, -5.12182],
			"to": [12.15929, 4.25018, -1.12182],
			"rotation": {"angle": -22.5, "axis": "y", "origin": [11.40929, -1.24982, 6.07818]},
			"faces": {
				"north": {"uv": [9.5, 8, 8, 16], "rotation": 90, "texture": "#1"},
				"east": {"uv": [9.5, 8, 8, 16], "rotation": 90, "texture": "#1"},
				"south": {"uv": [9.5, 8, 8, 16], "rotation": 90, "texture": "#1"},
				"west": {"uv": [9.5, 8, 8, 16], "rotation": 90, "texture": "#1"},
				"up": {"uv": [9.5, 8, 8, 16], "rotation": 90, "texture": "#1"},
				"down": {"uv": [9.5, 8, 8, 16], "rotation": 90, "texture": "#1"}
			}
		},
		{
			"from": [4, 3.65, -5.8],
			"to": [12, 4.25, -1.8],
			"faces": {
				"north": {"uv": [9.5, 8, 8, 16], "rotation": 90, "texture": "#1"},
				"east": {"uv": [9.5, 8, 8, 16], "rotation": 90, "texture": "#1"},
				"south": {"uv": [9.5, 8, 8, 16], "rotation": 90, "texture": "#1"},
				"west": {"uv": [9.5, 8, 8, 16], "rotation": 90, "texture": "#1"},
				"up": {"uv": [9.5, 8, 8, 16], "rotation": 90, "texture": "#1"},
				"down": {"uv": [9.5, 8, 8, 16], "rotation": 90, "texture": "#1"}
			}
		},
		{
			"from": [3.59099, 3.6455, -6.35888],
			"to": [8.34099, 4.2455, -2.35888],
			"rotation": {"angle": 22.5, "axis": "y", "origin": [7.59099, -1.2545, 4.84112]},
			"faces": {
				"north": {"uv": [9.5, 8, 8, 16], "rotation": 90, "texture": "#1"},
				"east": {"uv": [9.5, 8, 8, 16], "rotation": 90, "texture": "#1"},
				"south": {"uv": [9.5, 8, 8, 16], "rotation": 90, "texture": "#1"},
				"west": {"uv": [9.5, 8, 8, 16], "rotation": 90, "texture": "#1"},
				"up": {"uv": [9.5, 8, 8, 16], "rotation": 90, "texture": "#1"},
				"down": {"uv": [9.5, 8, 8, 16], "rotation": 90, "texture": "#1"}
			}
		},
		{
			"from": [0.13309, 7.76562, -3.43995],
			"to": [1.13309, 10.76562, 0.06005],
			"faces": {
				"north": {"uv": [0, 0, 1, 4], "texture": "#0"},
				"east": {"uv": [0, 0, 16, 4], "texture": "#0"},
				"south": {"uv": [0, 0, 1, 4], "texture": "#0"},
				"west": {"uv": [1, 0, 15, 4], "texture": "#0"},
				"up": {"uv": [1, 0, 15, 1], "rotation": 270, "texture": "#0"},
				"down": {"uv": [1, 0, 15, 1], "rotation": 90, "texture": "#0"}
			}
		},
		{
			"from": [0.13309, 3.76562, -3.43995],
			"to": [1.13309, 6.76562, 0.06005],
			"faces": {
				"north": {"uv": [0, 0, 1, 4], "texture": "#0"},
				"east": {"uv": [0, 0, 16, 4], "texture": "#0"},
				"south": {"uv": [0, 0, 1, 4], "texture": "#0"},
				"west": {"uv": [1, 0, 15, 4], "texture": "#0"},
				"up": {"uv": [1, 0, 15, 1], "rotation": 270, "texture": "#0"},
				"down": {"uv": [1, 0, 15, 1], "rotation": 90, "texture": "#0"}
			}
		},
		{
			"from": [14.86691, 3.76562, -3.43995],
			"to": [15.86691, 6.76562, 0.06005],
			"faces": {
				"north": {"uv": [1, 0, 0, 4], "texture": "#0"},
				"east": {"uv": [15, 0, 1, 4], "texture": "#0"},
				"south": {"uv": [1, 0, 0, 4], "texture": "#0"},
				"west": {"uv": [16, 0, 0, 4], "texture": "#0"},
				"up": {"uv": [1, 1, 15, 0], "rotation": 270, "texture": "#0"},
				"down": {"uv": [1, 1, 15, 0], "rotation": 90, "texture": "#0"}
			}
		},
		{
			"from": [14.86691, 7.76562, -3.43995],
			"to": [15.86691, 10.76562, 0.06005],
			"faces": {
				"north": {"uv": [1, 0, 0, 4], "texture": "#0"},
				"east": {"uv": [15, 0, 1, 4], "texture": "#0"},
				"south": {"uv": [1, 0, 0, 4], "texture": "#0"},
				"west": {"uv": [16, 0, 0, 4], "texture": "#0"},
				"up": {"uv": [1, 1, 15, 0], "rotation": 270, "texture": "#0"},
				"down": {"uv": [1, 1, 15, 0], "rotation": 90, "texture": "#0"}
			}
		},
		{
			"from": [-0.39061, 6.74596, -3.97603],
			"to": [1.35939, 7.74596, -0.01503],
			"faces": {
				"north": {"uv": [9.5, 8, 8, 16], "texture": "#1"},
				"east": {"uv": [9.5, 8, 8, 16], "texture": "#1"},
				"south": {"uv": [9.5, 8, 8, 16], "texture": "#1"},
				"west": {"uv": [9.5, 8, 8, 16], "rotation": 90, "texture": "#1"},
				"up": {"uv": [9.5, 8, 8, 16], "texture": "#1"},
				"down": {"uv": [9.5, 8, 8, 16], "texture": "#1"}
			}
		},
		{
			"from": [14.64061, 6.74596, -3.97603],
			"to": [16.39061, 7.74596, -0.01503],
			"faces": {
				"north": {"uv": [9.5, 8, 8, 16], "texture": "#1"},
				"east": {"uv": [9.5, 8, 8, 16], "rotation": 90, "texture": "#1"},
				"south": {"uv": [9.5, 8, 8, 16], "texture": "#1"},
				"west": {"uv": [9.5, 8, 8, 16], "texture": "#1"},
				"up": {"uv": [9.5, 8, 8, 16], "texture": "#1"},
				"down": {"uv": [9.5, 8, 8, 16], "texture": "#1"}
			}
		},
		{
			"from": [-0.39041, 3.6502, -3.97578],
			"to": [1.35959, 4.2602, 0.06022],
			"faces": {
				"north": {"uv": [9.5, 8, 8, 16], "rotation": 90, "texture": "#1"},
				"east": {"uv": [9.5, 8, 8, 16], "rotation": 90, "texture": "#1"},
				"south": {"uv": [9.5, 8, 8, 16], "rotation": 90, "texture": "#1"},
				"west": {"uv": [9.5, 8, 8, 16], "rotation": 90, "texture": "#1"},
				"up": {"uv": [9.5, 8, 8, 16], "texture": "#1"},
				"down": {"uv": [9.5, 8, 8, 16], "texture": "#1"}
			}
		},
		{
			"from": [14.63823, 3.6502, -3.98224],
			"to": [16.38823, 4.2602, 0.05376],
			"faces": {
				"north": {"uv": [9.5, 8, 8, 16], "rotation": 90, "texture": "#1"},
				"east": {"uv": [9.5, 8, 8, 16], "rotation": 90, "texture": "#1"},
				"south": {"uv": [9.5, 8, 8, 16], "rotation": 90, "texture": "#1"},
				"west": {"uv": [9.5, 8, 8, 16], "rotation": 90, "texture": "#1"},
				"up": {"uv": [9.5, 8, 8, 16], "texture": "#1"},
				"down": {"uv": [9.5, 8, 8, 16], "texture": "#1"}
			}
		},
		{
			"from": [6.79804, 0.02544, -4.81485],
			"to": [11.84804, 3.75044, -0.81485],
			"rotation": {"angle": -22.5, "axis": "y", "origin": [10.94804, -1.99956, 6.38515]},
			"faces": {
				"north": {"uv": [1.25, 1.25, 5.75, 6.75], "texture": "#1"},
				"east": {"uv": [1.25, 1.25, 6.75, 6.75], "texture": "#1"},
				"south": {"uv": [1.25, 1.25, 6.75, 6.75], "texture": "#1"},
				"west": {"uv": [1.25, 1.25, 6.75, 6.75], "texture": "#1"},
				"up": {"uv": [1.25, 1.25, 6.75, 6.75], "texture": "#1"},
				"down": {"uv": [1.25, 1.25, 6.75, 6.75], "texture": "#1"}
			}
		},
		{
			"from": [3.90456, 0.02456, -6.0577],
			"to": [8.95456, 3.74956, -2.0577],
			"rotation": {"angle": 22.5, "axis": "y", "origin": [8.05456, -2.00044, 5.1423]},
			"faces": {
				"north": {"uv": [2.25, 1.25, 6.75, 6.75], "texture": "#1"},
				"east": {"uv": [1.25, 1.25, 6.75, 6.75], "texture": "#1"},
				"south": {"uv": [1.25, 1.25, 6.75, 6.75], "texture": "#1"},
				"west": {"uv": [1.25, 1.25, 6.75, 6.75], "texture": "#1"},
				"up": {"uv": [1.25, 1.25, 6.75, 6.75], "texture": "#1"},
				"down": {"uv": [1.25, 1.25, 6.75, 6.75], "texture": "#1"}
			}
		},
		{
			"from": [4.6, 0.025, -5.55],
			"to": [11.4, 3.75, -1.55],
			"faces": {
				"north": {"uv": [2.25, 1.25, 5.75, 6.75], "texture": "#1"},
				"east": {"uv": [1.25, 1.25, 6.75, 6.75], "texture": "#1"},
				"south": {"uv": [1.25, 1.25, 6.75, 6.75], "texture": "#1"},
				"west": {"uv": [1.25, 1.25, 6.75, 6.75], "texture": "#1"},
				"up": {"uv": [1.25, 1.25, 6.75, 6.75], "texture": "#1"},
				"down": {"uv": [1.25, 1.25, 6.75, 6.75], "texture": "#1"}
			}
		},
		{
			"from": [13.51612, 0.02488, -3.61785],
			"to": [16.06612, 3.74988, 0.41815],
			"faces": {
				"north": {"uv": [1.25, 1.25, 6.75, 6.75], "texture": "#1"},
				"east": {"uv": [1.25, 1.25, 6.75, 6.75], "texture": "#1"},
				"south": {"uv": [1.25, 1.25, 6.75, 6.75], "texture": "#1"},
				"west": {"uv": [1.25, 1.25, 6.75, 6.75], "texture": "#1"},
				"up": {"uv": [1.25, 1.25, 6.75, 6.75], "texture": "#1"},
				"down": {"uv": [1.25, 1.25, 6.75, 6.75], "texture": "#1"}
			}
		},
		{
			"from": [-0.06559, 0.02412, -3.61658],
			"to": [2.48441, 3.74912, 0.41942],
			"faces": {
				"north": {"uv": [1.25, 1.25, 6.75, 6.75], "texture": "#1"},
				"east": {"uv": [1.25, 1.25, 6.75, 6.75], "texture": "#1"},
				"south": {"uv": [1.25, 1.25, 6.75, 6.75], "texture": "#1"},
				"west": {"uv": [1.25, 1.25, 6.75, 6.75], "texture": "#1"},
				"up": {"uv": [1.25, 1.25, 6.75, 6.75], "texture": "#1"},
				"down": {"uv": [1.25, 1.25, 6.75, 6.75], "texture": "#1"}
			}
		},
		{
			"from": [4.90456, 0.27456, -6.3077],
			"to": [7.95456, 3.24956, -3.0577],
			"rotation": {"angle": 22.5, "axis": "y", "origin": [8.05456, -2.00044, 5.1423]},
			"faces": {
				"north": {"uv": [0, 8, 8, 16], "texture": "#1"},
				"east": {"uv": [8, 8, 9.5, 16], "texture": "#1"},
				"south": {"uv": [8, 8, 9.5, 16], "texture": "#1"},
				"west": {"uv": [8, 8, 9.5, 16], "texture": "#1"},
				"up": {"uv": [8, 8, 9.5, 16], "texture": "#1"},
				"down": {"uv": [8, 8, 9.5, 16], "texture": "#1"}
			}
		},
		{
			"from": [7.79804, 0.27544, -5.06485],
			"to": [10.84804, 3.25044, -1.81485],
			"rotation": {"angle": -22.5, "axis": "y", "origin": [10.94804, -1.99956, 6.38515]},
			"faces": {
				"north": {"uv": [0, 8, 8, 16], "texture": "#1"},
				"east": {"uv": [8, 8, 9.5, 16], "texture": "#1"},
				"south": {"uv": [8, 8, 9.5, 16], "texture": "#1"},
				"west": {"uv": [8, 8, 9.5, 16], "texture": "#1"},
				"up": {"uv": [8, 8, 9.5, 16], "texture": "#1"},
				"down": {"uv": [8, 8, 9.5, 16], "texture": "#1"}
			}
		},
		{
			"from": [5, 6.80955, -3.87843],
			"to": [11, 8.85955, 1.77157],
			"rotation": {"angle": 22.5, "axis": "x", "origin": [8, 9.10955, 7.87157]},
			"faces": {
				"north": {"uv": [8, 8, 9.5, 16], "rotation": 90, "texture": "#1"},
				"east": {"uv": [8, 8, 9.5, 16], "rotation": 90, "texture": "#1"},
				"south": {"uv": [8, 8, 9.5, 16], "rotation": 90, "texture": "#1"},
				"west": {"uv": [8, 8, 9.5, 16], "rotation": 90, "texture": "#1"},
				"up": {"uv": [8, 8, 9.5, 16], "rotation": 90, "texture": "#1"},
				"down": {"uv": [8, 8, 9.5, 16], "rotation": 90, "texture": "#1"}
			}
		},
		{
			"from": [5, 4.75, -4.25],
			"to": [11, 7.25, 1],
			"rotation": {"angle": 45, "axis": "x", "origin": [8, 7.5, 7.5]},
			"faces": {
				"north": {"uv": [8, 8, 9.5, 16], "rotation": 90, "texture": "#1"},
				"east": {"uv": [8, 8, 9.5, 16], "rotation": 90, "texture": "#1"},
				"south": {"uv": [8, 8, 9.5, 16], "rotation": 90, "texture": "#1"},
				"west": {"uv": [8, 8, 9.5, 16], "rotation": 90, "texture": "#1"},
				"up": {"uv": [8, 8, 9.5, 16], "rotation": 90, "texture": "#1"},
				"down": {"uv": [8, 8, 9.5, 16], "rotation": 90, "texture": "#1"}
			}
		},
		{
			"from": [5, 12.65516, 3.79077],
			"to": [11, 17.90516, 6.29077],
			"rotation": {"angle": -22.5, "axis": "x", "origin": [8, 6.15516, 6.54077]},
			"faces": {
				"north": {"uv": [8, 8, 9.5, 16], "rotation": 90, "texture": "#1"},
				"east": {"uv": [8, 8, 9.5, 16], "rotation": 90, "texture": "#1"},
				"south": {"uv": [8, 8, 9.5, 16], "rotation": 90, "texture": "#1"},
				"west": {"uv": [8, 8, 9.5, 16], "rotation": 90, "texture": "#1"},
				"up": {"uv": [8, 8, 9.5, 16], "rotation": 90, "texture": "#1"},
				"down": {"uv": [8, 8, 9.5, 16], "rotation": 90, "texture": "#1"}
			}
		},
		{
			"from": [-0.05932, -2.41614, 1.52867],
			"to": [2.06568, 0.80886, 7.68967],
			"rotation": {"angle": -45, "axis": "x", "origin": [20.09068, -2.54114, -1.97133]},
			"faces": {
				"north": {"uv": [8, 8, 9.5, 16], "rotation": 90, "texture": "#1"},
				"east": {"uv": [8, 8, 9.5, 16], "rotation": 90, "texture": "#1"},
				"south": {"uv": [8, 8, 9.5, 16], "rotation": 90, "texture": "#1"},
				"west": {"uv": [8, 8, 9.5, 16], "rotation": 90, "texture": "#1"},
				"up": {"uv": [8, 8, 9.5, 16], "rotation": 90, "texture": "#1"},
				"down": {"uv": [8, 8, 9.5, 16], "rotation": 90, "texture": "#1"}
			}
		},
		{
			"from": [-0.39041, 3.6502, -0.03978],
			"to": [1.05, 11.75, 0.9],
			"faces": {
				"north": {"uv": [8, 8, 9.5, 16], "texture": "#1"},
				"east": {"uv": [8, 8, 9.5, 16], "texture": "#1"},
				"south": {"uv": [8, 8, 9.5, 16], "texture": "#1"},
				"west": {"uv": [8, 8, 9.5, 16], "texture": "#1"},
				"up": {"uv": [8, 8, 9.5, 16], "texture": "#1"},
				"down": {"uv": [8, 8, 9.5, 16], "texture": "#1"}
			}
		},
		{
			"from": [1, 0.25, 15],
			"to": [15, 15.75, 16],
			"faces": {
				"north": {"uv": [1.25, 1.25, 6.75, 6.75], "texture": "#1"},
				"east": {"uv": [1.25, 1.25, 6.75, 6.75], "texture": "#1"},
				"south": {"uv": [1.25, 5.5, 6.75, 6.75], "texture": "#1"},
				"west": {"uv": [1.25, 1.25, 6.75, 6.75], "texture": "#1"},
				"up": {"uv": [1.25, 1.25, 6.75, 6.75], "texture": "#1"},
				"down": {"uv": [1.25, 1.25, 6.75, 6.75], "texture": "#1"}
			}
		},
		{
			"from": [14.99991, 1.78913, -0.01016],
			"to": [15.64991, 5.78913, 7.68984],
			"faces": {
				"north": {"uv": [9.5, 8.25, 11, 16], "texture": "#1"},
				"east": {"uv": [9.5, 8.25, 11, 16], "texture": "#1"},
				"south": {"uv": [9.5, 8.25, 11, 16], "texture": "#1"},
				"west": {"uv": [9.5, 8.25, 11, 16], "texture": "#1"},
				"up": {"uv": [9.5, 8.25, 11, 16], "texture": "#1"},
				"down": {"uv": [9.5, 8.25, 11, 16], "texture": "#1"}
			}
		},
		{
			"from": [14.975, 2, 7.25],
			"to": [15.65, 6, 16.25],
			"rotation": {"angle": -22.5, "axis": "x", "origin": [8, 3, 8]},
			"faces": {
				"north": {"uv": [9.5, 8.25, 11, 16], "texture": "#1"},
				"east": {"uv": [9.5, 8.25, 11, 16], "texture": "#1"},
				"south": {"uv": [9.5, 8.25, 11, 16], "texture": "#1"},
				"west": {"uv": [9.5, 8.25, 11, 16], "texture": "#1"},
				"up": {"uv": [9.5, 8.25, 11, 16], "texture": "#1"},
				"down": {"uv": [9.5, 8.25, 11, 16], "texture": "#1"}
			}
		},
		{
			"from": [-0.10092, 11.78223, 2.13838],
			"to": [16.09908, 16.78223, 15.13838],
			"faces": {
				"north": {"uv": [1, 9.5, 7, 15], "texture": "#1"},
				"east": {"uv": [1, 9.5, 7, 15], "rotation": 90, "texture": "#1"},
				"south": {"uv": [1, 9.5, 7, 15], "texture": "#1"},
				"west": {"uv": [1, 9.5, 7, 15], "rotation": 270, "texture": "#1"},
				"up": {"uv": [1, 9.5, 7, 15], "texture": "#1"},
				"down": {"uv": [1, 9.5, 7, 15], "texture": "#1"}
			}
		},
		{
			"from": [-0.09613, 16.61047, 4.71346],
			"to": [16.10387, 18.61047, 6.71346],
			"rotation": {"angle": 45, "axis": "x", "origin": [8.00387, 5.11047, 7.71346]},
			"faces": {
				"north": {"uv": [1, 9.5, 7, 14.75], "texture": "#1"},
				"east": {"uv": [1, 9.5, 7, 14.75], "texture": "#1"},
				"south": {"uv": [1, 9.5, 7, 14.75], "texture": "#1"},
				"west": {"uv": [1, 9.5, 7, 14.75], "texture": "#1"},
				"up": {"uv": [1, 9.5, 7, 11], "texture": "#1"},
				"down": {"uv": [1, 9.5, 7, 14.75], "texture": "#1"}
			}
		},
		{
			"from": [-0.10093, 13.19653, 14.05251],
			"to": [16.09907, 15.35653, 16.55251],
			"faces": {
				"north": {"uv": [1, 9.5, 7, 14.75], "texture": "#1"},
				"east": {"uv": [1, 9.5, 7, 14.75], "texture": "#1"},
				"south": {"uv": [1, 11, 7, 12.75], "texture": "#1"},
				"west": {"uv": [1, 9.5, 7, 14.75], "texture": "#1"},
				"up": {"uv": [1, 9.5, 7, 14.75], "texture": "#1"},
				"down": {"uv": [1, 9.5, 7, 14.75], "texture": "#1"}
			}
		},
		{
			"from": [-0.10096, 21.62116, 16.38527],
			"to": [16.09904, 23.62116, 18.38527],
			"rotation": {"angle": 45, "axis": "x", "origin": [7.99904, 20.62116, 4.88527]},
			"faces": {
				"north": {"uv": [1, 9.5, 7, 14.75], "rotation": 180, "texture": "#1"},
				"east": {"uv": [1, 9.5, 7, 14.75], "rotation": 180, "texture": "#1"},
				"south": {"uv": [1, 12.5, 7, 14.25], "texture": "#1"},
				"west": {"uv": [1, 9.5, 7, 14.75], "rotation": 180, "texture": "#1"},
				"up": {"uv": [1, 9.5, 7, 14.75], "rotation": 180, "texture": "#1"},
				"down": {"uv": [1, 9.5, 7, 14.75], "rotation": 180, "texture": "#1"}
			}
		},
		{
			"from": [5, 11.70516, 2.29077],
			"to": [11, 16.95516, 4.79077],
			"faces": {
				"north": {"uv": [8, 8, 9.5, 16], "rotation": 90, "texture": "#1"},
				"east": {"uv": [8, 8, 9.5, 16], "rotation": 90, "texture": "#1"},
				"south": {"uv": [8, 8, 9.5, 16], "rotation": 90, "texture": "#1"},
				"west": {"uv": [8, 8, 9.5, 16], "rotation": 90, "texture": "#1"},
				"up": {"uv": [8, 8, 9.5, 16], "rotation": 90, "texture": "#1"},
				"down": {"uv": [8, 8, 9.5, 16], "rotation": 90, "texture": "#1"}
			}
		},
		{
			"from": [5, 11.70516, 5.29077],
			"to": [11, 16.95516, 7.79077],
			"faces": {
				"north": {"uv": [8, 8, 9.5, 16], "rotation": 90, "texture": "#1"},
				"east": {"uv": [8, 8, 9.5, 16], "rotation": 90, "texture": "#1"},
				"south": {"uv": [8, 8, 9.5, 16], "rotation": 90, "texture": "#1"},
				"west": {"uv": [8, 8, 9.5, 16], "rotation": 90, "texture": "#1"},
				"up": {"uv": [8, 8, 9.5, 16], "rotation": 90, "texture": "#1"},
				"down": {"uv": [8, 8, 9.5, 16], "rotation": 90, "texture": "#1"}
			}
		},
		{
			"from": [0.99882, 15.7445, 1.94698],
			"to": [3.99882, 17.2445, 13.94698],
			"faces": {
				"north": {"uv": [9.5, 8, 8, 16], "rotation": 180, "texture": "#1"},
				"east": {"uv": [9.5, 8, 8, 16], "rotation": 180, "texture": "#1"},
				"south": {"uv": [9.5, 8, 8, 16], "rotation": 180, "texture": "#1"},
				"west": {"uv": [9.5, 8, 8, 16], "rotation": 180, "texture": "#1"},
				"up": {"uv": [9.5, 8, 8, 16], "rotation": 180, "texture": "#1"},
				"down": {"uv": [9.5, 8, 8, 16], "rotation": 180, "texture": "#1"}
			}
		},
		{
			"from": [1.00055, 15.88872, 7.21304],
			"to": [4.00055, 17.38872, 8.46304],
			"rotation": {"angle": 22.5, "axis": "x", "origin": [8.00055, 0.38872, 10.21304]},
			"faces": {
				"north": {"uv": [8, 15, 9.5, 16], "rotation": 180, "texture": "#1"},
				"east": {"uv": [8, 15, 9.5, 16], "rotation": 180, "texture": "#1"},
				"south": {"uv": [8, 15, 9.5, 16], "rotation": 180, "texture": "#1"},
				"west": {"uv": [8, 15, 9.5, 16], "rotation": 180, "texture": "#1"},
				"up": {"uv": [8, 15, 9.5, 16], "rotation": 180, "texture": "#1"},
				"down": {"uv": [8, 15, 9.5, 16], "rotation": 180, "texture": "#1"}
			}
		},
		{
			"from": [11.99945, 15.88872, 7.21304],
			"to": [14.99945, 17.38872, 8.46304],
			"rotation": {"angle": 22.5, "axis": "x", "origin": [7.99945, 0.38872, 10.21304]},
			"faces": {
				"north": {"uv": [8, 15, 9.5, 16], "rotation": 180, "texture": "#1"},
				"east": {"uv": [8, 15, 9.5, 16], "rotation": 180, "texture": "#1"},
				"south": {"uv": [8, 15, 9.5, 16], "rotation": 180, "texture": "#1"},
				"west": {"uv": [8, 15, 9.5, 16], "rotation": 180, "texture": "#1"},
				"up": {"uv": [8, 15, 9.5, 16], "rotation": 180, "texture": "#1"},
				"down": {"uv": [8, 15, 9.5, 16], "rotation": 180, "texture": "#1"}
			}
		},
		{
			"from": [12.00118, 15.7445, 1.94698],
			"to": [15.00118, 17.2445, 13.94698],
			"faces": {
				"north": {"uv": [9.5, 8, 8, 16], "rotation": 180, "texture": "#1"},
				"east": {"uv": [9.5, 8, 8, 16], "rotation": 180, "texture": "#1"},
				"south": {"uv": [9.5, 8, 8, 16], "rotation": 180, "texture": "#1"},
				"west": {"uv": [9.5, 8, 8, 16], "rotation": 180, "texture": "#1"},
				"up": {"uv": [9.5, 8, 8, 16], "rotation": 180, "texture": "#1"},
				"down": {"uv": [9.5, 8, 8, 16], "rotation": 180, "texture": "#1"}
			}
		},
		{
			"from": [0.175, 9.20955, 1.87157],
			"to": [15.825, 11.45955, 13.59657],
			"rotation": {"angle": -45, "axis": "x", "origin": [8, 9, 9]},
			"faces": {
				"north": {"uv": [8, 8, 9.475, 16], "rotation": 270, "texture": "#1"},
				"east": {"uv": [8, 8, 9.475, 16], "rotation": 270, "texture": "#1"},
				"south": {"uv": [8, 8, 9.475, 16], "rotation": 270, "texture": "#1"},
				"west": {"uv": [8, 8, 9.475, 16], "rotation": 270, "texture": "#1"},
				"up": {"uv": [8, 8, 9.475, 16], "rotation": 270, "texture": "#1"},
				"down": {"uv": [8, 8, 9.475, 16], "rotation": 270, "texture": "#1"}
			}
		},
		{
			"from": [13.93432, -2.41614, 1.52867],
			"to": [16.05932, 0.80886, 7.68967],
			"rotation": {"angle": -45, "axis": "x", "origin": [-4.09068, -2.54114, -1.97133]},
			"faces": {
				"north": {"uv": [8, 16, 9.5, 8], "rotation": 90, "texture": "#1"},
				"east": {"uv": [8, 16, 9.5, 8], "rotation": 90, "texture": "#1"},
				"south": {"uv": [8, 16, 9.5, 8], "rotation": 90, "texture": "#1"},
				"west": {"uv": [8, 16, 9.5, 8], "rotation": 90, "texture": "#1"},
				"up": {"uv": [8, 16, 9.5, 8], "rotation": 90, "texture": "#1"},
				"down": {"uv": [8, 16, 9.5, 8], "rotation": 90, "texture": "#1"}
			}
		}
	],
	"display": {
		"thirdperson_righthand": {
			"rotation": [75, 45, 0],
			"translation": [0, 2.5, 0],
			"scale": [0.3, 0.3, 0.3]
		},
		"thirdperson_lefthand": {
			"rotation": [75, 45, 0],
			"translation": [0, 2.5, 0],
			"scale": [0.3, 0.3, 0.3]
		},
		"firstperson_righthand": {
			"rotation": [-47, 147, 1],
			"translation": [-0.25, 1.75, -2],
			"scale": [0.35, 0.35, 0.35]
		},
		"firstperson_lefthand": {
			"rotation": [-47, 147, 1],
			"translation": [-0.25, 1.75, -2],
			"scale": [0.35, 0.35, 0.35]
		},
		"ground": {
			"translation": [0, 2.5, 0],
			"scale": [0.3, 0.3, 0.3]
		},
		"gui": {
			"rotation": [0, 146, 0],
			"translation": [0, -0.5, 0],
			"scale": [0.56, 0.56, 0.56]
		},
		"head": {
			"translation": [0, 0, 0.5],
			"scale": [0.9, 0.9, 0.9]
		},
		"fixed": {
			"translation": [0, -0.5, 1.25],
			"scale": [0.56, 0.56, 0.56]
		}
	},
	"groups": [
		{
			"name": "hexadecagon",
			"origin": [8, 8, 8],
			"children": [0, 1, 2, 3, 4, 5, 6, 7]
		},
		{
			"name": "hexadecagon",
			"origin": [8, 8, 8],
			"children": [8, 9, 10, 11, 12, 13, 14, 15]
		},
		{
			"name": "hexadecagon",
			"origin": [8, 8, 8],
			"children": [16, 17, 18, 19, 20, 21, 22, 23, 24, 25, 26, 27, 28, 29, 30, 31]
		}, 32, 33, 34, 35, 36, 37, 38, 39, 40, 41, 42, 43, 44, 45, 46, 47, 48, 49, 50, 51,
		{
			"name": "group",
			"origin": [8, 8, 8],
			"children": [52, 53, 54, 55, 56, 57, 58, 59, 60, 61, 62, 63, 64, 65, 66, 67, 68, 69, 70, 71, 72, 73, 74, 75, 76, 77, 78, 79, 80, 81, 82, 83, 84, 85, 86, 87, 88, 89, 90, 91, 92, 93, 94, 95, 96, 97, 98, 99, 100, 101, 102, 103, 104, 105, 106, 107, 108, 109, 110, 111, 112, 113, 114, 115, 116, 117, 118, 119, 120, 121, 122, 123, 124, 125, 126]
		}
	]
}