{
	"credit": "Made by SrDarmith - YouTube: Mainclay",
	"textures": {
		"1": "blocks/stone",
		"texture": "blocks/anvil 1",
		"particle": "blocks/stone"
	},
	"elements": [
		{
			"from": [-5.5, 8.5, 7.5],
			"to": [0.75, 9, 7.75],
			"faces": {
				"north": {"uv": [8, 6.25, 16, 6.75], "texture": "#1", "cullface": "west"},
				"east": {"uv": [8.25, 6.25, 8.5, 6.75], "texture": "#1", "cullface": "west"},
				"south": {"uv": [0, 6.25, 8, 6.75], "texture": "#1", "cullface": "west"},
				"west": {"uv": [7.5, 6.25, 7.75, 6.75], "texture": "#1", "cullface": "west"},
				"up": {"uv": [0, 7.5, 8, 7.75], "texture": "#1", "cullface": "west"},
				"down": {"uv": [16, 7.75, 8, 7.5], "texture": "#1", "cullface": "west"}
			}
		},
		{
			"from": [-5.5, 8.5, 8.25],
			"to": [0.75, 9, 8.5],
			"faces": {
				"north": {"uv": [8, 6.25, 16, 6.75], "texture": "#1", "cullface": "west"},
				"east": {"uv": [7.5, 6.25, 7.75, 6.75], "texture": "#1", "cullface": "west"},
				"south": {"uv": [0, 6.25, 8, 6.75], "texture": "#1", "cullface": "west"},
				"west": {"uv": [8.25, 6.25, 8.5, 6.75], "texture": "#1", "cullface": "west"},
				"up": {"uv": [0, 8.25, 8, 8.5], "texture": "#1", "cullface": "west"},
				"down": {"uv": [16, 8.5, 8, 8.25], "texture": "#1", "cullface": "west"}
			}
		},
		{
			"from": [-5.5, 9, 7.75],
			"to": [0.75, 9.25, 8.25],
			"faces": {
				"north": {"uv": [8, 6, 16, 6.25], "texture": "#1", "cullface": "west"},
				"south": {"uv": [0, 6, 8, 6.25], "texture": "#1", "cullface": "west"},
				"west": {"uv": [7.75, 6, 8.25, 6.25], "texture": "#1", "cullface": "west"},
				"up": {"uv": [0, 7.75, 8, 8.25], "texture": "#1", "cullface": "west"},
				"down": {"uv": [16, 8.25, 8, 7.75], "texture": "#1", "cullface": "west"}
			}
		},
		{
			"from": [-5.5, 8.25, 7.75],
			"to": [0.75, 8.5, 8.25],
			"faces": {
				"north": {"uv": [8, 6.75, 16, 7], "texture": "#1", "cullface": "west"},
				"south": {"uv": [0, 6.75, 8, 7], "texture": "#1", "cullface": "west"},
				"west": {"uv": [7.75, 6.75, 8.25, 7], "texture": "#1", "cullface": "west"},
				"up": {"uv": [0, 7.75, 8, 8.25], "texture": "#1", "cullface": "west"},
				"down": {"uv": [16, 8.25, 8, 7.75], "texture": "#1", "cullface": "west"}
			}
		},
		{
			"from": [0.75, 10.5, 7.5],
			"to": [26, 10.75, 8.5],
			"faces": {
				"north": {"uv": [1, 6, 1.5, 6.25], "texture": "#texture"},
				"east": {"uv": [7.75, 6, 8.25, 6.25], "texture": "#texture"},
				"south": {"uv": [14.5, 6, 15, 6.25], "texture": "#texture"},
				"west": {"uv": [7.75, 6, 8.25, 6.25], "texture": "#texture"},
				"up": {"uv": [14.5, 7.75, 15, 8.25], "texture": "#texture"}
			}
		},
		{
			"from": [0.5, 10.75, 7.875],
			"to": [0.75, 12.5, 8.125],
			"faces": {
				"north": {"uv": [1, 6, 1.5, 6.25], "texture": "#1"},
				"east": {"uv": [7.75, 6, 8.25, 6.25], "texture": "#1"},
				"south": {"uv": [14.5, 6, 15, 6.25], "texture": "#1"},
				"west": {"uv": [7.75, 6, 8.25, 6.25], "texture": "#1"},
				"up": {"uv": [14.5, 7.75, 15, 8.25], "texture": "#1"}
			}
		},
		{
			"from": [0.5, 10.5, 7.625],
			"to": [0.75, 10.75, 8.375],
			"faces": {
				"north": {"uv": [1, 6, 1.5, 6.25], "texture": "#1"},
				"east": {"uv": [7.75, 6, 8.25, 6.25], "texture": "#1"},
				"south": {"uv": [14.5, 6, 15, 6.25], "texture": "#1"},
				"west": {"uv": [7.75, 6, 8.25, 6.25], "texture": "#1"},
				"up": {"uv": [14.5, 7.75, 15, 8.25], "texture": "#1"}
			}
		},
		{
			"from": [0.75, 10.75, 7.875],
			"to": [1, 11.65, 8.125],
			"faces": {
				"north": {"uv": [1, 6, 1.5, 6.25], "texture": "#1"},
				"east": {"uv": [7.75, 6, 8.25, 6.25], "texture": "#1"},
				"south": {"uv": [14.5, 6, 15, 6.25], "texture": "#1"},
				"west": {"uv": [7.75, 6, 8.25, 6.25], "texture": "#1"},
				"up": {"uv": [14.5, 7.75, 15, 8.25], "texture": "#1"}
			}
		},
		{
			"from": [15.75, 10.75, 7.75],
			"to": [16, 12.5, 8.25],
			"faces": {
				"north": {"uv": [1, 6, 1.5, 6.25], "texture": "#1"},
				"east": {"uv": [7.75, 6, 8.25, 6.25], "texture": "#1"},
				"south": {"uv": [14.5, 6, 15, 6.25], "texture": "#1"},
				"west": {"uv": [7.75, 6, 8.25, 6.25], "texture": "#1"},
				"up": {"uv": [14.5, 7.75, 15, 8.25], "texture": "#1"}
			}
		},
		{
			"from": [12.575, 3.6, 7.875],
			"to": [12.725, 4.7, 8.125],
			"rotation": {"angle": 22.5, "axis": "z", "origin": [-6.75, -0.75, 0.125]},
			"faces": {
				"north": {"uv": [1, 6, 1.5, 6.25], "texture": "#1"},
				"east": {"uv": [7.75, 6, 8.25, 6.25], "texture": "#1"},
				"south": {"uv": [14.5, 6, 15, 6.25], "texture": "#1"},
				"west": {"uv": [7.75, 6, 8.25, 6.25], "texture": "#1"},
				"up": {"uv": [14.5, 7.75, 15, 8.25], "texture": "#1"}
			}
		},
		{
			"from": [9, 10.75, 7.875],
			"to": [9.15, 11.75, 8.125],
			"rotation": {"angle": 0, "axis": "y", "origin": [-6.75, -0.75, 0.125]},
			"faces": {
				"north": {"uv": [1, 6, 1.5, 6.25], "texture": "#1"},
				"east": {"uv": [7.75, 6, 8.25, 6.25], "texture": "#1"},
				"south": {"uv": [14.5, 6, 15, 6.25], "texture": "#1"},
				"west": {"uv": [7.75, 6, 8.25, 6.25], "texture": "#1"},
				"up": {"uv": [14.5, 7.75, 15, 8.25], "texture": "#1"}
			}
		},
		{
			"from": [8.825, 10.75, 7.875],
			"to": [15.65, 10.775, 8.125],
			"rotation": {"angle": 0, "axis": "y", "origin": [-6.75, -0.75, 0.125]},
			"faces": {
				"north": {"uv": [1, 6, 1.5, 6.25], "texture": "#1"},
				"east": {"uv": [7.75, 6, 8.25, 6.25], "texture": "#1"},
				"south": {"uv": [14.5, 6, 15, 6.25], "texture": "#1"},
				"west": {"uv": [7.75, 6, 8.25, 6.25], "texture": "#1"},
				"up": {"uv": [14.5, 7.75, 15, 8.25], "texture": "#1"}
			}
		},
		{
			"from": [19.325, 3.5, 7.75],
			"to": [19.575, 5.425, 8.25],
			"rotation": {"angle": 22.5, "axis": "z", "origin": [0, 0, 0]},
			"faces": {
				"north": {"uv": [1, 6, 1.5, 6.25], "texture": "#1"},
				"east": {"uv": [7.75, 6, 8.25, 6.25], "texture": "#1"},
				"south": {"uv": [14.5, 6, 15, 6.25], "texture": "#1"},
				"west": {"uv": [7.75, 6, 8.25, 6.25], "texture": "#1"},
				"up": {"uv": [14.5, 7.75, 15, 8.25], "texture": "#1"}
			}
		},
		{
			"from": [13.25, 7.25, 7.25],
			"to": [17.25, 10.5, 8.75],
			"faces": {
				"north": {"uv": [1, 6.5, 1.75, 9], "texture": "#texture"},
				"east": {"uv": [7.25, 6.5, 8.75, 9], "texture": "#texture", "cullface": "east"},
				"south": {"uv": [14.25, 6.5, 15, 9], "texture": "#texture"},
				"west": {"uv": [7.25, 6.5, 8.75, 9], "texture": "#texture"},
				"up": {"uv": [15.25, 7.25, 16, 8.75], "texture": "#texture"},
				"down": {"uv": [1.75, 8.75, 1, 7.25], "texture": "#texture"}
			}
		},
		{
			"from": [10.5, 7.75, 7.25],
			"to": [13.25, 10.5, 8.75],
			"faces": {
				"north": {"uv": [1, 6.5, 1.75, 9], "texture": "#texture"},
				"east": {"uv": [7.25, 6.5, 8.75, 9], "texture": "#texture", "cullface": "east"},
				"south": {"uv": [14.25, 6.5, 15, 9], "texture": "#texture"},
				"west": {"uv": [7.25, 6.5, 8.75, 9], "texture": "#texture"},
				"up": {"uv": [15.25, 7.25, 16, 8.75], "texture": "#texture"},
				"down": {"uv": [1.75, 8.75, 1, 7.25], "texture": "#texture"}
			}
		},
		{
			"from": [17.25, 7.75, 7.25],
			"to": [26, 10.5, 8.75],
			"faces": {
				"north": {"uv": [1, 6.5, 1.75, 9], "texture": "#texture"},
				"east": {"uv": [7.25, 6.5, 8.75, 9], "texture": "#texture", "cullface": "east"},
				"south": {"uv": [14.25, 6.5, 15, 9], "texture": "#texture"},
				"west": {"uv": [7.25, 6.5, 8.75, 9], "texture": "#texture"},
				"up": {"uv": [15.25, 7.25, 16, 8.75], "texture": "#texture"},
				"down": {"uv": [1.75, 8.75, 1, 7.25], "texture": "#texture"}
			}
		},
		{
			"from": [19.25, 7.5, 7.25],
			"to": [26, 7.75, 8.75],
			"faces": {
				"north": {"uv": [1, 6.5, 1.75, 9], "texture": "#texture"},
				"east": {"uv": [7.25, 6.5, 8.75, 9], "texture": "#texture", "cullface": "east"},
				"south": {"uv": [14.25, 6.5, 15, 9], "texture": "#texture"},
				"west": {"uv": [7.25, 6.5, 8.75, 9], "texture": "#texture"},
				"up": {"uv": [15.25, 7.25, 16, 8.75], "texture": "#texture"},
				"down": {"uv": [1.75, 8.75, 1, 7.25], "texture": "#texture"}
			}
		},
		{
			"from": [20.75, 7.25, 7.25],
			"to": [26, 7.5, 8.75],
			"faces": {
				"north": {"uv": [1, 6.5, 1.75, 9], "texture": "#texture"},
				"east": {"uv": [7.25, 6.5, 8.75, 9], "texture": "#texture", "cullface": "east"},
				"south": {"uv": [14.25, 6.5, 15, 9], "texture": "#texture"},
				"west": {"uv": [7.25, 6.5, 8.75, 9], "texture": "#texture"},
				"up": {"uv": [15.25, 7.25, 16, 8.75], "texture": "#texture"},
				"down": {"uv": [1.75, 8.75, 1, 7.25], "texture": "#texture"}
			}
		},
		{
			"from": [22.5, 7, 7.25],
			"to": [26, 7.25, 8.75],
			"faces": {
				"north": {"uv": [1, 6.5, 1.75, 9], "texture": "#texture"},
				"east": {"uv": [7.25, 6.5, 8.75, 9], "texture": "#texture", "cullface": "east"},
				"south": {"uv": [14.25, 6.5, 15, 9], "texture": "#texture"},
				"west": {"uv": [7.25, 6.5, 8.75, 9], "texture": "#texture"},
				"up": {"uv": [15.25, 7.25, 16, 8.75], "texture": "#texture"},
				"down": {"uv": [1.75, 8.75, 1, 7.25], "texture": "#texture"}
			}
		},
		{
			"from": [24.25, 6.75, 7.25],
			"to": [26, 7, 8.75],
			"faces": {
				"north": {"uv": [1, 6.5, 1.75, 9], "texture": "#texture"},
				"east": {"uv": [7.25, 6.5, 8.75, 9], "texture": "#texture", "cullface": "east"},
				"south": {"uv": [14.25, 6.5, 15, 9], "texture": "#texture"},
				"west": {"uv": [7.25, 6.5, 8.75, 9], "texture": "#texture"},
				"up": {"uv": [15.25, 7.25, 16, 8.75], "texture": "#texture"},
				"down": {"uv": [1.75, 8.75, 1, 7.25], "texture": "#texture"}
			}
		},
		{
			"from": [25, 6.5, 7.5],
			"to": [26, 6.75, 8.5],
			"faces": {
				"north": {"uv": [1, 6.5, 1.75, 9], "texture": "#texture"},
				"east": {"uv": [7.25, 6.5, 8.75, 9], "texture": "#texture", "cullface": "east"},
				"south": {"uv": [14.25, 6.5, 15, 9], "texture": "#texture"},
				"west": {"uv": [7.25, 6.5, 8.75, 9], "texture": "#texture"},
				"up": {"uv": [15.25, 7.25, 16, 8.75], "texture": "#texture"},
				"down": {"uv": [1.75, 8.75, 1, 7.25], "texture": "#texture"}
			}
		},
		{
			"from": [23.75, 6.75, 7.5],
			"to": [24.25, 7, 8.5],
			"faces": {
				"north": {"uv": [1, 6.5, 1.75, 9], "texture": "#texture"},
				"east": {"uv": [7.25, 6.5, 8.75, 9], "texture": "#texture", "cullface": "east"},
				"south": {"uv": [14.25, 6.5, 15, 9], "texture": "#texture"},
				"west": {"uv": [7.25, 6.5, 8.75, 9], "texture": "#texture"},
				"up": {"uv": [15.25, 7.25, 16, 8.75], "texture": "#texture"},
				"down": {"uv": [1.75, 8.75, 1, 7.25], "texture": "#texture"}
			}
		},
		{
			"from": [22, 7, 7.5],
			"to": [22.5, 7.25, 8.5],
			"faces": {
				"north": {"uv": [1, 6.5, 1.75, 9], "texture": "#texture"},
				"east": {"uv": [7.25, 6.5, 8.75, 9], "texture": "#texture", "cullface": "east"},
				"south": {"uv": [14.25, 6.5, 15, 9], "texture": "#texture"},
				"west": {"uv": [7.25, 6.5, 8.75, 9], "texture": "#texture"},
				"up": {"uv": [15.25, 7.25, 16, 8.75], "texture": "#texture"},
				"down": {"uv": [1.75, 8.75, 1, 7.25], "texture": "#texture"}
			}
		},
		{
			"from": [18.75, 7.5, 7.5],
			"to": [19.25, 7.75, 8.5],
			"faces": {
				"north": {"uv": [1, 6.5, 1.75, 9], "texture": "#texture"},
				"east": {"uv": [7.25, 6.5, 8.75, 9], "texture": "#texture", "cullface": "east"},
				"south": {"uv": [14.25, 6.5, 15, 9], "texture": "#texture"},
				"west": {"uv": [7.25, 6.5, 8.75, 9], "texture": "#texture"},
				"up": {"uv": [15.25, 7.25, 16, 8.75], "texture": "#texture"},
				"down": {"uv": [1.75, 8.75, 1, 7.25], "texture": "#texture"}
			}
		},
		{
			"from": [20.25, 7.25, 7.5],
			"to": [20.75, 7.5, 8.5],
			"faces": {
				"north": {"uv": [1, 6.5, 1.75, 9], "texture": "#texture"},
				"east": {"uv": [7.25, 6.5, 8.75, 9], "texture": "#texture", "cullface": "east"},
				"south": {"uv": [14.25, 6.5, 15, 9], "texture": "#texture"},
				"west": {"uv": [7.25, 6.5, 8.75, 9], "texture": "#texture"},
				"up": {"uv": [15.25, 7.25, 16, 8.75], "texture": "#texture"},
				"down": {"uv": [1.75, 8.75, 1, 7.25], "texture": "#texture"}
			}
		},
		{
			"from": [17.25, 7.5, 7.25],
			"to": [17.5, 7.75, 8.75],
			"faces": {
				"north": {"uv": [1, 6.5, 1.75, 9], "texture": "#texture"},
				"east": {"uv": [7.25, 6.5, 8.75, 9], "texture": "#texture", "cullface": "east"},
				"south": {"uv": [14.25, 6.5, 15, 9], "texture": "#texture"},
				"west": {"uv": [7.25, 6.5, 8.75, 9], "texture": "#texture"},
				"up": {"uv": [15.25, 7.25, 16, 8.75], "texture": "#texture"},
				"down": {"uv": [1.75, 8.75, 1, 7.25], "texture": "#texture"}
			}
		},
		{
			"from": [7.25, 7.5, 7.5],
			"to": [10.5, 7.75, 8.5],
			"faces": {
				"north": {"uv": [1, 6.5, 1.75, 9], "texture": "#texture"},
				"east": {"uv": [7.25, 6.5, 8.75, 9], "texture": "#texture", "cullface": "east"},
				"south": {"uv": [14.25, 6.5, 15, 9], "texture": "#texture"},
				"west": {"uv": [7.25, 6.5, 8.75, 9], "texture": "#texture"},
				"up": {"uv": [15.25, 7.25, 16, 8.75], "texture": "#texture"},
				"down": {"uv": [1.75, 8.75, 1, 7.25], "texture": "#texture"}
			}
		},
		{
			"from": [4, 7.75, 7.5],
			"to": [7.25, 8, 8.5],
			"faces": {
				"north": {"uv": [1, 6.5, 1.75, 9], "texture": "#texture"},
				"east": {"uv": [7.25, 6.5, 8.75, 9], "texture": "#texture", "cullface": "east"},
				"south": {"uv": [14.25, 6.5, 15, 9], "texture": "#texture"},
				"west": {"uv": [7.25, 6.5, 8.75, 9], "texture": "#texture"},
				"up": {"uv": [15.25, 7.25, 16, 8.75], "texture": "#texture"},
				"down": {"uv": [1.75, 8.75, 1, 7.25], "texture": "#texture"}
			}
		},
		{
			"from": [0.75, 8, 7.5],
			"to": [4, 8.25, 8.5],
			"faces": {
				"north": {"uv": [1, 6.5, 1.75, 9], "texture": "#texture"},
				"east": {"uv": [7.25, 6.5, 8.75, 9], "texture": "#texture", "cullface": "east"},
				"south": {"uv": [14.25, 6.5, 15, 9], "texture": "#texture"},
				"west": {"uv": [7.25, 6.5, 8.75, 9], "texture": "#texture"},
				"up": {"uv": [15.25, 7.25, 16, 8.75], "texture": "#texture"},
				"down": {"uv": [1.75, 8.75, 1, 7.25], "texture": "#texture"}
			}
		},
		{
			"from": [7.25, 7.75, 7.25],
			"to": [10.5, 10.5, 8.75],
			"faces": {
				"north": {"uv": [1, 6.5, 1.75, 9], "texture": "#texture"},
				"east": {"uv": [7.25, 6.5, 8.75, 9], "texture": "#texture", "cullface": "east"},
				"south": {"uv": [14.25, 6.5, 15, 9], "texture": "#texture"},
				"west": {"uv": [7.25, 6.5, 8.75, 9], "texture": "#texture"},
				"up": {"uv": [15.25, 7.25, 16, 8.75], "texture": "#texture"},
				"down": {"uv": [1.75, 8.75, 1, 7.25], "texture": "#texture"}
			}
		},
		{
			"from": [4, 8, 7.25],
			"to": [7.25, 10.5, 8.75],
			"faces": {
				"north": {"uv": [1, 6.5, 1.75, 9], "texture": "#texture"},
				"east": {"uv": [7.25, 6.5, 8.75, 9], "texture": "#texture", "cullface": "east"},
				"south": {"uv": [14.25, 6.5, 15, 9], "texture": "#texture"},
				"west": {"uv": [7.25, 6.5, 8.75, 9], "texture": "#texture"},
				"up": {"uv": [15.25, 7.25, 16, 8.75], "texture": "#texture"},
				"down": {"uv": [1.75, 8.75, 1, 7.25], "texture": "#texture"}
			}
		},
		{
			"from": [0.5, 8, 7.625],
			"to": [0.75, 8.25, 8.375],
			"faces": {
				"north": {"uv": [1, 6.5, 1.75, 9], "texture": "#1"},
				"east": {"uv": [7.25, 6.5, 8.75, 9], "texture": "#1", "cullface": "east"},
				"south": {"uv": [14.25, 6.5, 15, 9], "texture": "#1"},
				"west": {"uv": [7.25, 6.5, 8.75, 9], "texture": "#1"},
				"up": {"uv": [15.25, 7.25, 16, 8.75], "texture": "#1"},
				"down": {"uv": [1.75, 8.75, 1, 7.25], "texture": "#1"}
			}
		},
		{
			"from": [0.5, 8.25, 7.45],
			"to": [0.75, 10.5, 8.55],
			"faces": {
				"north": {"uv": [1, 6.5, 1.75, 9], "texture": "#1"},
				"east": {"uv": [7.25, 6.5, 8.75, 9], "texture": "#1", "cullface": "east"},
				"south": {"uv": [14.25, 6.5, 15, 9], "texture": "#1"},
				"west": {"uv": [7.25, 6.5, 8.75, 9], "texture": "#1"},
				"up": {"uv": [15.25, 7.25, 16, 8.75], "texture": "#1"},
				"down": {"uv": [1.75, 8.75, 1, 7.25], "texture": "#1"}
			}
		},
		{
			"from": [26, 6.5, 7.625],
			"to": [26.25, 6.75, 8.375],
			"faces": {
				"north": {"uv": [1, 6.5, 1.75, 9], "texture": "#1"},
				"east": {"uv": [7.25, 6.5, 8.75, 9], "texture": "#1", "cullface": "east"},
				"south": {"uv": [14.25, 6.5, 15, 9], "texture": "#1"},
				"west": {"uv": [7.25, 6.5, 8.75, 9], "texture": "#1"},
				"up": {"uv": [15.25, 7.25, 16, 8.75], "texture": "#1"},
				"down": {"uv": [1.75, 8.75, 1, 7.25], "texture": "#1"}
			}
		},
		{
			"from": [26, 10.5, 7.625],
			"to": [26.25, 10.75, 8.375],
			"faces": {
				"north": {"uv": [1, 6, 1.5, 6.25], "texture": "#1"},
				"east": {"uv": [7.75, 6, 8.25, 6.25], "texture": "#1"},
				"south": {"uv": [14.5, 6, 15, 6.25], "texture": "#1"},
				"west": {"uv": [7.75, 6, 8.25, 6.25], "texture": "#1"},
				"up": {"uv": [14.5, 7.75, 15, 8.25], "texture": "#1"}
			}
		},
		{
			"from": [26, 6.75, 7.45],
			"to": [26.25, 10.5, 8.55],
			"faces": {
				"north": {"uv": [1, 6.5, 1.75, 9], "texture": "#1"},
				"east": {"uv": [7.25, 6.5, 8.75, 9], "texture": "#1", "cullface": "east"},
				"south": {"uv": [14.25, 6.5, 15, 9], "texture": "#1"},
				"west": {"uv": [7.25, 6.5, 8.75, 9], "texture": "#1"},
				"up": {"uv": [15.25, 7.25, 16, 8.75], "texture": "#1"},
				"down": {"uv": [1.75, 8.75, 1, 7.25], "texture": "#1"}
			}
		},
		{
			"from": [0.75, 8.25, 7.25],
			"to": [4, 10.5, 8.75],
			"faces": {
				"north": {"uv": [1, 6.5, 1.75, 9], "texture": "#texture"},
				"east": {"uv": [7.25, 6.5, 8.75, 9], "texture": "#texture", "cullface": "east"},
				"south": {"uv": [14.25, 6.5, 15, 9], "texture": "#texture"},
				"west": {"uv": [7.25, 6.5, 8.75, 9], "texture": "#texture"},
				"up": {"uv": [15.25, 7.25, 16, 8.75], "texture": "#texture"},
				"down": {"uv": [1.75, 8.75, 1, 7.25], "texture": "#texture"}
			}
		},
		{
			"from": [13.25, 1.575, 7.5],
			"to": [13.5, 7, 8.5],
			"rotation": {"angle": 0, "axis": "y", "origin": [0, -0.25, 0]},
			"faces": {
				"north": {"uv": [2.5, 8.75, 2.75, 10], "texture": "#1"},
				"east": {"uv": [7.5, 8.75, 8.5, 10], "texture": "#1"},
				"south": {"uv": [13.25, 8.75, 13.5, 10], "texture": "#1"},
				"west": {"uv": [7.5, 8.75, 8.5, 10], "texture": "#1"},
				"down": {"uv": [2.75, 8.5, 2.5, 7.5], "texture": "#1"}
			}
		},
		{
			"from": [13.5, 5.75, 7.5],
			"to": [15.5, 6, 8.5],
			"rotation": {"angle": 0, "axis": "y", "origin": [0, -0.25, 0]},
			"faces": {
				"north": {"uv": [0.75, 10, 2.5, 10.25], "texture": "#1"},
				"east": {"uv": [7.5, 10, 8.5, 10.25], "texture": "#1"},
				"south": {"uv": [13.5, 10, 15.25, 10.25], "texture": "#1"},
				"west": {"uv": [7.5, 10, 8.5, 10.25], "texture": "#1"},
				"up": {"uv": [13.5, 7.5, 15.25, 8.5], "texture": "#1"},
				"down": {"uv": [2.5, 8.5, 0.75, 7.5], "texture": "#1"}
			}
		},
		{
			"from": [10.75, 8.75, 7.15],
			"to": [13.375, 9.5, 7.5],
			"rotation": {"angle": 0, "axis": "y", "origin": [0, -0.25, 0]},
			"faces": {
				"north": {"uv": [0.75, 10, 2.5, 10.25], "texture": "#1"},
				"east": {"uv": [7.5, 10, 8.5, 10.25], "texture": "#1"},
				"south": {"uv": [13.5, 10, 15.25, 10.25], "texture": "#1"},
				"west": {"uv": [7.5, 10, 8.5, 10.25], "texture": "#1"},
				"up": {"uv": [13.5, 7.5, 15.25, 8.5], "texture": "#1"},
				"down": {"uv": [2.5, 8.5, 0.75, 7.5], "texture": "#1"}
			}
		},
		{
			"from": [10.25, 3.25, 4.75],
			"to": [12.75, 5.75, 11.25],
			"rotation": {"angle": 0, "axis": "y", "origin": [0, -0.25, 0]},
			"faces": {
				"north": {"uv": [0.75, 10, 2.5, 10.25], "texture": "#texture"},
				"east": {"uv": [7.5, 10, 8.5, 10.25], "texture": "#texture"},
				"south": {"uv": [13.5, 10, 15.25, 10.25], "texture": "#texture"},
				"west": {"uv": [7.5, 10, 8.5, 10.25], "texture": "#texture"},
				"up": {"uv": [13.5, 7.5, 15.25, 8.5], "texture": "#texture"},
				"down": {"uv": [2.5, 8.5, 0.75, 7.5], "texture": "#texture"}
			}
		},
		{
			"from": [12.75, 5.75, 5.5],
			"to": [13.25, 7, 6.75],
			"rotation": {"angle": 0, "axis": "y", "origin": [0, -0.25, 0]},
			"faces": {
				"north": {"uv": [0.75, 10, 2.5, 10.25], "texture": "#1"},
				"east": {"uv": [7.5, 10, 8.5, 10.25], "texture": "#1"},
				"south": {"uv": [13.5, 10, 15.25, 10.25], "texture": "#1"},
				"west": {"uv": [7.5, 10, 8.5, 10.25], "texture": "#1"},
				"up": {"uv": [13.5, 7.5, 15.25, 8.5], "texture": "#1"},
				"down": {"uv": [2.5, 8.5, 0.75, 7.5], "texture": "#1"}
			}
		},
		{
			"from": [12.75, 2, 5.5],
			"to": [13.25, 3.25, 6.75],
			"rotation": {"angle": 0, "axis": "y", "origin": [0, -0.25, 0]},
			"faces": {
				"north": {"uv": [0.75, 10, 2.5, 10.25], "texture": "#1"},
				"east": {"uv": [7.5, 10, 8.5, 10.25], "texture": "#1"},
				"south": {"uv": [13.5, 10, 15.25, 10.25], "texture": "#1"},
				"west": {"uv": [7.5, 10, 8.5, 10.25], "texture": "#1"},
				"up": {"uv": [13.5, 7.5, 15.25, 8.5], "texture": "#1"},
				"down": {"uv": [2.5, 8.5, 0.75, 7.5], "texture": "#1"}
			}
		},
		{
			"from": [12.75, 2, 9.25],
			"to": [13.25, 3.25, 10.5],
			"rotation": {"angle": 0, "axis": "y", "origin": [0, -0.25, 0]},
			"faces": {
				"north": {"uv": [0.75, 10, 2.5, 10.25], "texture": "#1"},
				"east": {"uv": [7.5, 10, 8.5, 10.25], "texture": "#1"},
				"south": {"uv": [13.5, 10, 15.25, 10.25], "texture": "#1"},
				"west": {"uv": [7.5, 10, 8.5, 10.25], "texture": "#1"},
				"up": {"uv": [13.5, 7.5, 15.25, 8.5], "texture": "#1"},
				"down": {"uv": [2.5, 8.5, 0.75, 7.5], "texture": "#1"}
			}
		},
		{
			"from": [12.75, 1.5, 6],
			"to": [13.25, 2, 6.75],
			"rotation": {"angle": 0, "axis": "y", "origin": [0, -0.25, 0]},
			"faces": {
				"north": {"uv": [0.75, 10, 2.5, 10.25], "texture": "#1"},
				"east": {"uv": [7.5, 10, 8.5, 10.25], "texture": "#1"},
				"south": {"uv": [13.5, 10, 15.25, 10.25], "texture": "#1"},
				"west": {"uv": [7.5, 10, 8.5, 10.25], "texture": "#1"},
				"up": {"uv": [13.5, 7.5, 15.25, 8.5], "texture": "#1"},
				"down": {"uv": [2.5, 8.5, 0.75, 7.5], "texture": "#1"}
			}
		},
		{
			"from": [12.75, 1.5, 9.25],
			"to": [13.25, 2, 10],
			"rotation": {"angle": 0, "axis": "y", "origin": [0, -0.25, 0]},
			"faces": {
				"north": {"uv": [0.75, 10, 2.5, 10.25], "texture": "#1"},
				"east": {"uv": [7.5, 10, 8.5, 10.25], "texture": "#1"},
				"south": {"uv": [13.5, 10, 15.25, 10.25], "texture": "#1"},
				"west": {"uv": [7.5, 10, 8.5, 10.25], "texture": "#1"},
				"up": {"uv": [13.5, 7.5, 15.25, 8.5], "texture": "#1"},
				"down": {"uv": [2.5, 8.5, 0.75, 7.5], "texture": "#1"}
			}
		},
		{
			"from": [12.75, 7, 6],
			"to": [13.25, 7.5, 6.75],
			"rotation": {"angle": 0, "axis": "y", "origin": [0, -0.25, 0]},
			"faces": {
				"north": {"uv": [0.75, 10, 2.5, 10.25], "texture": "#1"},
				"east": {"uv": [7.5, 10, 8.5, 10.25], "texture": "#1"},
				"south": {"uv": [13.5, 10, 15.25, 10.25], "texture": "#1"},
				"west": {"uv": [7.5, 10, 8.5, 10.25], "texture": "#1"},
				"up": {"uv": [13.5, 7.5, 15.25, 8.5], "texture": "#1"},
				"down": {"uv": [2.5, 8.5, 0.75, 7.5], "texture": "#1"}
			}
		},
		{
			"from": [12.75, 2.5, 5],
			"to": [13.25, 3.25, 5.5],
			"rotation": {"angle": 0, "axis": "y", "origin": [0, -0.25, 0]},
			"faces": {
				"north": {"uv": [0.75, 10, 2.5, 10.25], "texture": "#1"},
				"east": {"uv": [7.5, 10, 8.5, 10.25], "texture": "#1"},
				"south": {"uv": [13.5, 10, 15.25, 10.25], "texture": "#1"},
				"west": {"uv": [7.5, 10, 8.5, 10.25], "texture": "#1"},
				"up": {"uv": [13.5, 7.5, 15.25, 8.5], "texture": "#1"},
				"down": {"uv": [2.5, 8.5, 0.75, 7.5], "texture": "#1"}
			}
		},
		{
			"from": [12.75, 2.5, 10.5],
			"to": [13.25, 3.25, 11],
			"rotation": {"angle": 0, "axis": "y", "origin": [0, -0.25, 0]},
			"faces": {
				"north": {"uv": [0.75, 10, 2.5, 10.25], "texture": "#1"},
				"east": {"uv": [7.5, 10, 8.5, 10.25], "texture": "#1"},
				"south": {"uv": [13.5, 10, 15.25, 10.25], "texture": "#1"},
				"west": {"uv": [7.5, 10, 8.5, 10.25], "texture": "#1"},
				"up": {"uv": [13.5, 7.5, 15.25, 8.5], "texture": "#1"},
				"down": {"uv": [2.5, 8.5, 0.75, 7.5], "texture": "#1"}
			}
		},
		{
			"from": [12.75, 5.75, 5],
			"to": [13.25, 6.5, 5.5],
			"rotation": {"angle": 0, "axis": "y", "origin": [0, -0.25, 0]},
			"faces": {
				"north": {"uv": [0.75, 10, 2.5, 10.25], "texture": "#1"},
				"east": {"uv": [7.5, 10, 8.5, 10.25], "texture": "#1"},
				"south": {"uv": [13.5, 10, 15.25, 10.25], "texture": "#1"},
				"west": {"uv": [7.5, 10, 8.5, 10.25], "texture": "#1"},
				"up": {"uv": [13.5, 7.5, 15.25, 8.5], "texture": "#1"},
				"down": {"uv": [2.5, 8.5, 0.75, 7.5], "texture": "#1"}
			}
		},
		{
			"from": [12.75, 7, 9.25],
			"to": [13.25, 7.5, 10],
			"rotation": {"angle": 0, "axis": "y", "origin": [0, -0.25, 0]},
			"faces": {
				"north": {"uv": [0.75, 10, 2.5, 10.25], "texture": "#1"},
				"east": {"uv": [7.5, 10, 8.5, 10.25], "texture": "#1"},
				"south": {"uv": [13.5, 10, 15.25, 10.25], "texture": "#1"},
				"west": {"uv": [7.5, 10, 8.5, 10.25], "texture": "#1"},
				"up": {"uv": [13.5, 7.5, 15.25, 8.5], "texture": "#1"},
				"down": {"uv": [2.5, 8.5, 0.75, 7.5], "texture": "#1"}
			}
		},
		{
			"from": [12.75, 5.75, 10.5],
			"to": [13.25, 6.5, 11],
			"rotation": {"angle": 0, "axis": "y", "origin": [0, -0.25, 0]},
			"faces": {
				"north": {"uv": [0.75, 10, 2.5, 10.25], "texture": "#1"},
				"east": {"uv": [7.5, 10, 8.5, 10.25], "texture": "#1"},
				"south": {"uv": [13.5, 10, 15.25, 10.25], "texture": "#1"},
				"west": {"uv": [7.5, 10, 8.5, 10.25], "texture": "#1"},
				"up": {"uv": [13.5, 7.5, 15.25, 8.5], "texture": "#1"},
				"down": {"uv": [2.5, 8.5, 0.75, 7.5], "texture": "#1"}
			}
		},
		{
			"from": [12.75, 5.75, 9.25],
			"to": [13.25, 7, 10.5],
			"rotation": {"angle": 0, "axis": "y", "origin": [0, -0.25, 0]},
			"faces": {
				"north": {"uv": [0.75, 10, 2.5, 10.25], "texture": "#1"},
				"east": {"uv": [7.5, 10, 8.5, 10.25], "texture": "#1"},
				"south": {"uv": [13.5, 10, 15.25, 10.25], "texture": "#1"},
				"west": {"uv": [7.5, 10, 8.5, 10.25], "texture": "#1"},
				"up": {"uv": [13.5, 7.5, 15.25, 8.5], "texture": "#1"},
				"down": {"uv": [2.5, 8.5, 0.75, 7.5], "texture": "#1"}
			}
		},
		{
			"from": [12.75, 5.75, 6.75],
			"to": [13.25, 7.75, 9.25],
			"rotation": {"angle": 0, "axis": "y", "origin": [0, -0.25, 0]},
			"faces": {
				"north": {"uv": [0.75, 10, 2.5, 10.25], "texture": "#1"},
				"east": {"uv": [7.5, 10, 8.5, 10.25], "texture": "#1"},
				"south": {"uv": [13.5, 10, 15.25, 10.25], "texture": "#1"},
				"west": {"uv": [7.5, 10, 8.5, 10.25], "texture": "#1"},
				"up": {"uv": [13.5, 7.5, 15.25, 8.5], "texture": "#1"},
				"down": {"uv": [2.5, 8.5, 0.75, 7.5], "texture": "#1"}
			}
		},
		{
			"from": [12.75, 1.25, 6.75],
			"to": [13.25, 3.25, 9.25],
			"rotation": {"angle": 0, "axis": "y", "origin": [0, -0.25, 0]},
			"faces": {
				"north": {"uv": [0.75, 10, 2.5, 10.25], "texture": "#1"},
				"east": {"uv": [7.5, 10, 8.5, 10.25], "texture": "#1"},
				"south": {"uv": [13.5, 10, 15.25, 10.25], "texture": "#1"},
				"west": {"uv": [7.5, 10, 8.5, 10.25], "texture": "#1"},
				"up": {"uv": [13.5, 7.5, 15.25, 8.5], "texture": "#1"},
				"down": {"uv": [2.5, 8.5, 0.75, 7.5], "texture": "#1"}
			}
		},
		{
			"from": [12.75, 3.25, 4.75],
			"to": [13.25, 5.75, 11.25],
			"rotation": {"angle": 0, "axis": "y", "origin": [0, -0.25, 0]},
			"faces": {
				"north": {"uv": [0.75, 10, 2.5, 10.25], "texture": "#1"},
				"east": {"uv": [7.5, 10, 8.5, 10.25], "texture": "#1"},
				"south": {"uv": [13.5, 10, 15.25, 10.25], "texture": "#1"},
				"west": {"uv": [7.5, 10, 8.5, 10.25], "texture": "#1"},
				"up": {"uv": [13.5, 7.5, 15.25, 8.5], "texture": "#1"},
				"down": {"uv": [2.5, 8.5, 0.75, 7.5], "texture": "#1"}
			}
		},
		{
			"from": [10.25, 1.25, 6.75],
			"to": [12.75, 3.25, 9.25],
			"rotation": {"angle": 0, "axis": "y", "origin": [0, -0.25, 0]},
			"faces": {
				"north": {"uv": [0.75, 10, 2.5, 10.25], "texture": "#texture"},
				"east": {"uv": [7.5, 10, 8.5, 10.25], "texture": "#texture"},
				"south": {"uv": [13.5, 10, 15.25, 10.25], "texture": "#texture"},
				"west": {"uv": [7.5, 10, 8.5, 10.25], "texture": "#texture"},
				"up": {"uv": [13.5, 7.5, 15.25, 8.5], "texture": "#texture"},
				"down": {"uv": [2.5, 8.5, 0.75, 7.5], "texture": "#texture"}
			}
		},
		{
			"from": [10.25, 5.75, 6.75],
			"to": [12.75, 7.75, 9.25],
			"rotation": {"angle": 0, "axis": "y", "origin": [0, -0.25, 0]},
			"faces": {
				"north": {"uv": [0.75, 10, 2.5, 10.25], "texture": "#texture"},
				"east": {"uv": [7.5, 10, 8.5, 10.25], "texture": "#texture"},
				"south": {"uv": [13.5, 10, 15.25, 10.25], "texture": "#texture"},
				"west": {"uv": [7.5, 10, 8.5, 10.25], "texture": "#texture"},
				"up": {"uv": [13.5, 7.5, 15.25, 8.5], "texture": "#texture"},
				"down": {"uv": [2.5, 8.5, 0.75, 7.5], "texture": "#texture"}
			}
		},
		{
			"from": [10.25, 5.75, 9.25],
			"to": [12.75, 7, 10.5],
			"rotation": {"angle": 0, "axis": "y", "origin": [0, -0.25, 0]},
			"faces": {
				"north": {"uv": [0.75, 10, 2.5, 10.25], "texture": "#texture"},
				"east": {"uv": [7.5, 10, 8.5, 10.25], "texture": "#texture"},
				"south": {"uv": [13.5, 10, 15.25, 10.25], "texture": "#texture"},
				"west": {"uv": [7.5, 10, 8.5, 10.25], "texture": "#texture"},
				"up": {"uv": [13.5, 7.5, 15.25, 8.5], "texture": "#texture"},
				"down": {"uv": [2.5, 8.5, 0.75, 7.5], "texture": "#texture"}
			}
		},
		{
			"from": [10.25, 5.75, 10.5],
			"to": [12.75, 6.5, 11],
			"rotation": {"angle": 0, "axis": "y", "origin": [0, -0.25, 0]},
			"faces": {
				"north": {"uv": [0.75, 10, 2.5, 10.25], "texture": "#texture"},
				"east": {"uv": [7.5, 10, 8.5, 10.25], "texture": "#texture"},
				"south": {"uv": [13.5, 10, 15.25, 10.25], "texture": "#texture"},
				"west": {"uv": [7.5, 10, 8.5, 10.25], "texture": "#texture"},
				"up": {"uv": [13.5, 7.5, 15.25, 8.5], "texture": "#texture"},
				"down": {"uv": [2.5, 8.5, 0.75, 7.5], "texture": "#texture"}
			}
		},
		{
			"from": [10.25, 7, 9.25],
			"to": [12.75, 7.5, 10],
			"rotation": {"angle": 0, "axis": "y", "origin": [0, -0.25, 0]},
			"faces": {
				"north": {"uv": [0.75, 10, 2.5, 10.25], "texture": "#texture"},
				"east": {"uv": [7.5, 10, 8.5, 10.25], "texture": "#texture"},
				"south": {"uv": [13.5, 10, 15.25, 10.25], "texture": "#texture"},
				"west": {"uv": [7.5, 10, 8.5, 10.25], "texture": "#texture"},
				"up": {"uv": [13.5, 7.5, 15.25, 8.5], "texture": "#texture"},
				"down": {"uv": [2.5, 8.5, 0.75, 7.5], "texture": "#texture"}
			}
		},
		{
			"from": [10.25, 5.75, 5],
			"to": [12.75, 6.5, 5.5],
			"rotation": {"angle": 0, "axis": "y", "origin": [0, -0.25, 0]},
			"faces": {
				"north": {"uv": [0.75, 10, 2.5, 10.25], "texture": "#texture"},
				"east": {"uv": [7.5, 10, 8.5, 10.25], "texture": "#texture"},
				"south": {"uv": [13.5, 10, 15.25, 10.25], "texture": "#texture"},
				"west": {"uv": [7.5, 10, 8.5, 10.25], "texture": "#texture"},
				"up": {"uv": [13.5, 7.5, 15.25, 8.5], "texture": "#texture"},
				"down": {"uv": [2.5, 8.5, 0.75, 7.5], "texture": "#texture"}
			}
		},
		{
			"from": [10.25, 2.5, 10.5],
			"to": [12.75, 3.25, 11],
			"rotation": {"angle": 0, "axis": "y", "origin": [0, -0.25, 0]},
			"faces": {
				"north": {"uv": [0.75, 10, 2.5, 10.25], "texture": "#texture"},
				"east": {"uv": [7.5, 10, 8.5, 10.25], "texture": "#texture"},
				"south": {"uv": [13.5, 10, 15.25, 10.25], "texture": "#texture"},
				"west": {"uv": [7.5, 10, 8.5, 10.25], "texture": "#texture"},
				"up": {"uv": [13.5, 7.5, 15.25, 8.5], "texture": "#texture"},
				"down": {"uv": [2.5, 8.5, 0.75, 7.5], "texture": "#texture"}
			}
		},
		{
			"from": [10.25, 2.5, 5],
			"to": [12.75, 3.25, 5.5],
			"rotation": {"angle": 0, "axis": "y", "origin": [0, -0.25, 0]},
			"faces": {
				"north": {"uv": [0.75, 10, 2.5, 10.25], "texture": "#texture"},
				"east": {"uv": [7.5, 10, 8.5, 10.25], "texture": "#texture"},
				"south": {"uv": [13.5, 10, 15.25, 10.25], "texture": "#texture"},
				"west": {"uv": [7.5, 10, 8.5, 10.25], "texture": "#texture"},
				"up": {"uv": [13.5, 7.5, 15.25, 8.5], "texture": "#texture"},
				"down": {"uv": [2.5, 8.5, 0.75, 7.5], "texture": "#texture"}
			}
		},
		{
			"from": [10.25, 7, 6],
			"to": [12.75, 7.5, 6.75],
			"rotation": {"angle": 0, "axis": "y", "origin": [0, -0.25, 0]},
			"faces": {
				"north": {"uv": [0.75, 10, 2.5, 10.25], "texture": "#texture"},
				"east": {"uv": [7.5, 10, 8.5, 10.25], "texture": "#texture"},
				"south": {"uv": [13.5, 10, 15.25, 10.25], "texture": "#texture"},
				"west": {"uv": [7.5, 10, 8.5, 10.25], "texture": "#texture"},
				"up": {"uv": [13.5, 7.5, 15.25, 8.5], "texture": "#texture"},
				"down": {"uv": [2.5, 8.5, 0.75, 7.5], "texture": "#texture"}
			}
		},
		{
			"from": [10.25, 1.5, 9.25],
			"to": [12.75, 2, 10],
			"rotation": {"angle": 0, "axis": "y", "origin": [0, -0.25, 0]},
			"faces": {
				"north": {"uv": [0.75, 10, 2.5, 10.25], "texture": "#texture"},
				"east": {"uv": [7.5, 10, 8.5, 10.25], "texture": "#texture"},
				"south": {"uv": [13.5, 10, 15.25, 10.25], "texture": "#texture"},
				"west": {"uv": [7.5, 10, 8.5, 10.25], "texture": "#texture"},
				"up": {"uv": [13.5, 7.5, 15.25, 8.5], "texture": "#texture"},
				"down": {"uv": [2.5, 8.5, 0.75, 7.5], "texture": "#texture"}
			}
		},
		{
			"from": [10.25, 1.5, 6],
			"to": [12.75, 2, 6.75],
			"rotation": {"angle": 0, "axis": "y", "origin": [0, -0.25, 0]},
			"faces": {
				"north": {"uv": [0.75, 10, 2.5, 10.25], "texture": "#texture"},
				"east": {"uv": [7.5, 10, 8.5, 10.25], "texture": "#texture"},
				"south": {"uv": [13.5, 10, 15.25, 10.25], "texture": "#texture"},
				"west": {"uv": [7.5, 10, 8.5, 10.25], "texture": "#texture"},
				"up": {"uv": [13.5, 7.5, 15.25, 8.5], "texture": "#texture"},
				"down": {"uv": [2.5, 8.5, 0.75, 7.5], "texture": "#texture"}
			}
		},
		{
			"from": [10.25, 2, 9.25],
			"to": [12.75, 3.25, 10.5],
			"rotation": {"angle": 0, "axis": "y", "origin": [0, -0.25, 0]},
			"faces": {
				"north": {"uv": [0.75, 10, 2.5, 10.25], "texture": "#texture"},
				"east": {"uv": [7.5, 10, 8.5, 10.25], "texture": "#texture"},
				"south": {"uv": [13.5, 10, 15.25, 10.25], "texture": "#texture"},
				"west": {"uv": [7.5, 10, 8.5, 10.25], "texture": "#texture"},
				"up": {"uv": [13.5, 7.5, 15.25, 8.5], "texture": "#texture"},
				"down": {"uv": [2.5, 8.5, 0.75, 7.5], "texture": "#texture"}
			}
		},
		{
			"from": [10.25, 2, 5.5],
			"to": [12.75, 3.25, 6.75],
			"rotation": {"angle": 0, "axis": "y", "origin": [0, -0.25, 0]},
			"faces": {
				"north": {"uv": [0.75, 10, 2.5, 10.25], "texture": "#texture"},
				"east": {"uv": [7.5, 10, 8.5, 10.25], "texture": "#texture"},
				"south": {"uv": [13.5, 10, 15.25, 10.25], "texture": "#texture"},
				"west": {"uv": [7.5, 10, 8.5, 10.25], "texture": "#texture"},
				"up": {"uv": [13.5, 7.5, 15.25, 8.5], "texture": "#texture"},
				"down": {"uv": [2.5, 8.5, 0.75, 7.5], "texture": "#texture"}
			}
		},
		{
			"from": [10.25, 5.75, 5.5],
			"to": [12.75, 7, 6.75],
			"rotation": {"angle": 0, "axis": "y", "origin": [0, -0.25, 0]},
			"faces": {
				"north": {"uv": [0.75, 10, 2.5, 10.25], "texture": "#texture"},
				"east": {"uv": [7.5, 10, 8.5, 10.25], "texture": "#texture"},
				"south": {"uv": [13.5, 10, 15.25, 10.25], "texture": "#texture"},
				"west": {"uv": [7.5, 10, 8.5, 10.25], "texture": "#texture"},
				"up": {"uv": [13.5, 7.5, 15.25, 8.5], "texture": "#texture"},
				"down": {"uv": [2.5, 8.5, 0.75, 7.5], "texture": "#texture"}
			}
		},
		{
			"from": [16.625, -3.6, 7.5],
			"to": [18.425, -0.6, 8.5],
			"rotation": {"angle": 22.5, "axis": "z", "origin": [0, -0.25, 0]},
			"faces": {
				"north": {"uv": [0.75, 10, 2.5, 10.25], "texture": "#texture"},
				"east": {"uv": [7.5, 10, 8.5, 10.25], "texture": "#texture"},
				"south": {"uv": [13.5, 10, 15.25, 10.25], "texture": "#texture"},
				"west": {"uv": [7.5, 10, 8.5, 10.25], "texture": "#texture"},
				"up": {"uv": [13.5, 7.5, 15.25, 8.5], "texture": "#texture"},
				"down": {"uv": [2.5, 8.5, 0.75, 7.5], "texture": "#texture"}
			}
		},
		{
			"from": [12.825, -3.9, 7.5],
			"to": [18.425, -3.6, 8.5],
			"rotation": {"angle": 22.5, "axis": "z", "origin": [0, -0.25, 0]},
			"faces": {
				"north": {"uv": [0.75, 10, 2.5, 10.25], "texture": "#1"},
				"east": {"uv": [7.5, 10, 8.5, 10.25], "texture": "#1"},
				"south": {"uv": [13.5, 10, 15.25, 10.25], "texture": "#1"},
				"west": {"uv": [7.5, 10, 8.5, 10.25], "texture": "#1"},
				"up": {"uv": [13.5, 7.5, 15.25, 8.5], "texture": "#1"},
				"down": {"uv": [2.5, 8.5, 0.75, 7.5], "texture": "#1"}
			}
		},
		{
			"from": [15.5, 5.8, 7.5],
			"to": [17.15, 7, 8.5],
			"rotation": {"angle": 0, "axis": "z", "origin": [0, -0.25, 0]},
			"faces": {
				"north": {"uv": [0.75, 10, 2.5, 10.25], "texture": "#texture"},
				"east": {"uv": [7.5, 10, 8.5, 10.25], "texture": "#texture"},
				"south": {"uv": [13.5, 10, 15.25, 10.25], "texture": "#texture"},
				"west": {"uv": [7.5, 10, 8.5, 10.25], "texture": "#texture"},
				"up": {"uv": [13.5, 7.5, 15.25, 8.5], "texture": "#texture"},
				"down": {"uv": [2.5, 8.5, 0.75, 7.5], "texture": "#texture"}
			}
		},
		{
			"from": [13.25, 7, 7.25],
			"to": [17.15, 7.25, 8.75],
			"rotation": {"angle": 0, "axis": "y", "origin": [0, -0.25, 0]},
			"faces": {
				"north": {"uv": [0.75, 10, 2.5, 10.25], "texture": "#texture"},
				"east": {"uv": [7.5, 10, 8.5, 10.25], "texture": "#texture"},
				"south": {"uv": [13.5, 10, 15.25, 10.25], "texture": "#texture"},
				"west": {"uv": [7.5, 10, 8.5, 10.25], "texture": "#texture"},
				"up": {"uv": [13.5, 7.5, 15.25, 8.5], "texture": "#texture"},
				"down": {"uv": [2.5, 8.5, 0.75, 7.5], "texture": "#texture"}
			}
		},
		{
			"from": [15, 6.4, 7.75],
			"to": [15.25, 7.65, 8.25],
			"rotation": {"angle": -22.5, "axis": "z", "origin": [14.5, 7.25, 7.75]},
			"faces": {
				"north": {"uv": [0.75, 2, 1.25, 3.25], "texture": "#1"},
				"east": {"uv": [7.75, 2, 8.25, 3.25], "texture": "#1"},
				"south": {"uv": [14.75, 2, 15.25, 3.25], "texture": "#1"},
				"west": {"uv": [7.75, 2, 8.25, 3.25], "texture": "#1"},
				"down": {"uv": [1.25, 8.25, 0.75, 7.75], "texture": "#1"}
			}
		}
	],
	"display": {
		"thirdperson_righthand": {
			"rotation": [0, -90, 0],
			"translation": [0, 0.75, -5.25],
			"scale": [0.87, 0.9, 0.87]
		},
		"thirdperson_lefthand": {
			"rotation": [0, 90, 0],
			"translation": [0, 0.75, -5.25],
			"scale": [0.87, 0.9, 0.87]
		},
		"firstperson_righthand": {
			"rotation": [0, -90, 0],
			"translation": [0, 3, -5.75],
			"scale": [0.96, 1, 0.96]
		},
		"firstperson_lefthand": {
			"rotation": [0, 90, 0],
			"translation": [0, 3, -5.75],
			"scale": [0.96, 1, 0.96]
		},
		"ground": {
			"translation": [-2.75, 1.75, 0],
			"scale": [0.96, 1, 0.96]
		},
		"gui": {
			"rotation": [0, 0, -45],
			"translation": [-1.75, 1, 0],
			"scale": [0.67, 0.69, 0.9]
		},
		"fixed": {
			"rotation": [0, 180, -45],
			"translation": [2.5, 1.75, -1.25],
			"scale": [0.96, 0.99, 0.96]
		}
	}
}