{
	"credit": "Made by SrDarmith - YouTube: Mainclay",
	"textures": {
		"0": "blocks/anvil 1",
		"1": "blocks/hardened clay stained brown",
		"2": "blocks/door iron lower",
		"particle": "blocks/blocks/anvil 1"
	},
	"elements": [
		{
			"name": "Element",
			"from": [-8.75, 9.25, 7.5],
			"to": [15.25, 9.75, 7.75],
			"faces": {
				"north": {"uv": [0.75, 6.25, 16, 6.75], "texture": "#0"},
				"east": {"uv": [8.25, 6.25, 8.5, 6.75], "texture": "#0"},
				"south": {"uv": [0, 6.25, 15.25, 6.75], "texture": "#0"},
				"west": {"uv": [7.5, 6.25, 7.75, 6.75], "texture": "#0", "cullface": "west"},
				"up": {"uv": [0, 7.5, 15.25, 7.75], "texture": "#0"},
				"down": {"uv": [16, 7.75, 0.75, 7.5], "texture": "#0"}
			}
		},
		{
			"name": "Element",
			"from": [-8.75, 9.25, 8.25],
			"to": [15.25, 9.75, 8.5],
			"faces": {
				"north": {"uv": [0.75, 6.25, 16, 6.75], "texture": "#0"},
				"east": {"uv": [7.5, 6.25, 7.75, 6.75], "texture": "#0"},
				"south": {"uv": [0, 6.25, 15.25, 6.75], "texture": "#0"},
				"west": {"uv": [8.25, 6.25, 8.5, 6.75], "texture": "#0", "cullface": "west"},
				"up": {"uv": [0, 8.25, 15.25, 8.5], "texture": "#0"},
				"down": {"uv": [16, 8.5, 0.75, 8.25], "texture": "#0"}
			}
		},
		{
			"name": "Element",
			"from": [-8.75, 9.75, 7.75],
			"to": [15, 10, 8.25],
			"faces": {
				"north": {"uv": [1, 6, 16, 6.25], "texture": "#0"},
				"south": {"uv": [0, 6, 15, 6.25], "texture": "#0"},
				"west": {"uv": [7.75, 6, 8.25, 6.25], "texture": "#0", "cullface": "west"},
				"up": {"uv": [0, 7.75, 15, 8.25], "texture": "#0"},
				"down": {"uv": [16, 8.25, 1, 7.75], "texture": "#0"}
			}
		},
		{
			"name": "Element",
			"from": [-8.75, 9, 7.75],
			"to": [15.25, 9.25, 8.25],
			"faces": {
				"north": {"uv": [0.75, 6.75, 16, 7], "texture": "#0"},
				"south": {"uv": [0, 6.75, 15.25, 7], "texture": "#0"},
				"west": {"uv": [7.75, 6.75, 8.25, 7], "texture": "#0", "cullface": "west"},
				"up": {"uv": [0, 7.75, 15.25, 8.25], "texture": "#0"},
				"down": {"uv": [16, 8.25, 0.75, 7.75], "texture": "#0"}
			}
		},
		{
			"name": "Element",
			"from": [-8.75, 8, 7.5],
			"to": [5.25, 8.5, 7.75],
			"faces": {
				"north": {"uv": [10.75, 7.5, 16, 8], "texture": "#0"},
				"south": {"uv": [0, 7.5, 5.25, 8], "texture": "#0"},
				"west": {"uv": [7.5, 7.5, 7.75, 8], "texture": "#0", "cullface": "west"},
				"up": {"uv": [0, 7.5, 5.25, 7.75], "texture": "#0"},
				"down": {"uv": [16, 7.75, 10.75, 7.5], "texture": "#0"}
			}
		},
		{
			"name": "Element",
			"from": [-8.75, 8.5, 7.75],
			"to": [5.25, 8.75, 8.25],
			"faces": {
				"north": {"uv": [10.75, 7.25, 16, 7.5], "texture": "#0"},
				"south": {"uv": [0, 7.25, 5.25, 7.5], "texture": "#0"},
				"west": {"uv": [7.75, 7.25, 8.25, 7.5], "texture": "#0", "cullface": "west"},
				"up": {"uv": [0, 7.75, 5.25, 8.25], "texture": "#0"},
				"down": {"uv": [16, 8.25, 10.75, 7.75], "texture": "#0"}
			}
		},
		{
			"name": "Element",
			"from": [-8.75, 8, 8.25],
			"to": [5.25, 8.5, 8.5],
			"faces": {
				"north": {"uv": [10.75, 7.5, 16, 8], "texture": "#0"},
				"south": {"uv": [0, 7.5, 5.25, 8], "texture": "#0"},
				"west": {"uv": [8.25, 7.5, 8.5, 8], "texture": "#0", "cullface": "west"},
				"up": {"uv": [0, 8.25, 5.25, 8.5], "texture": "#0"},
				"down": {"uv": [16, 8.5, 10.75, 8.25], "texture": "#0"}
			}
		},
		{
			"name": "Element",
			"from": [-8.75, 7.75, 7.75],
			"to": [5.25, 8, 8.25],
			"faces": {
				"north": {"uv": [10.75, 8, 16, 8.25], "texture": "#0"},
				"south": {"uv": [0, 8, 5.25, 8.25], "texture": "#0"},
				"west": {"uv": [7.75, 8, 8.25, 8.25], "texture": "#0", "cullface": "west"},
				"up": {"uv": [0, 7.75, 5.25, 8.25], "texture": "#0"},
				"down": {"uv": [16, 8.25, 10.75, 7.75], "texture": "#0"}
			}
		},
		{
			"name": "Element",
			"from": [-8.75, 10.35, 7.875],
			"to": [-8.25, 10.6, 8.125],
			"faces": {
				"north": {"uv": [16, 5.5, 16, 5.75], "texture": "#0"},
				"east": {"uv": [7.875, 5.5, 8.125, 5.75], "texture": "#0"},
				"south": {"uv": [0, 5.5, 0, 5.75], "texture": "#0"},
				"west": {"uv": [7.875, 5.5, 8.125, 5.75], "texture": "#0", "cullface": "west"},
				"up": {"uv": [0, 7.875, 0, 8.125], "texture": "#0"}
			}
		},
		{
			"name": "Element",
			"from": [-2.75, 8.75, 7.875],
			"to": [-1, 9, 8.125],
			"faces": {
				"north": {"uv": [16, 7, 16, 7.25], "texture": "#0"},
				"east": {"uv": [7.875, 7, 8.125, 7.25], "texture": "#0"},
				"south": {"uv": [0, 7, 0, 7.25], "texture": "#0"},
				"west": {"uv": [7.875, 7, 8.125, 7.25], "texture": "#0", "cullface": "west"}
			}
		},
		{
			"name": "Element",
			"from": [2, 8.75, 7.875],
			"to": [3.75, 9, 8.125],
			"faces": {
				"north": {"uv": [12.25, 7, 14, 7.25], "texture": "#0"},
				"east": {"uv": [7.875, 7, 8.125, 7.25], "texture": "#0"},
				"south": {"uv": [2, 7, 3.75, 7.25], "texture": "#0"},
				"west": {"uv": [7.875, 7, 8.125, 7.25], "texture": "#0"}
			}
		},
		{
			"name": "Element",
			"from": [5.25, 7.5, 7],
			"to": [12, 8.75, 9],
			"faces": {
				"north": {"uv": [4, 7.25, 10.75, 8.5], "texture": "#1"},
				"south": {"uv": [5.25, 7.25, 12, 8.5], "texture": "#1"},
				"west": {"uv": [7, 7.25, 9, 8.5], "texture": "#1"},
				"up": {"uv": [5.25, 7, 12, 9], "texture": "#1"},
				"down": {"uv": [10.75, 9, 4, 7], "texture": "#1"}
			}
		},
		{
			"name": "Element",
			"from": [5.5, 7.25, 7.25],
			"to": [12, 7.5, 8.75],
			"faces": {
				"north": {"uv": [4, 8.5, 10.5, 8.75], "texture": "#1"},
				"south": {"uv": [5.5, 8.5, 12, 8.75], "texture": "#1"},
				"west": {"uv": [7.25, 8.5, 8.75, 8.75], "texture": "#1"},
				"down": {"uv": [10.5, 8.75, 4, 7.25], "texture": "#1"}
			}
		},
		{
			"name": "Element",
			"from": [5.75, 9, 7.25],
			"to": [11.25, 9.5, 8.75],
			"faces": {
				"north": {"uv": [4.75, 6.5, 10.25, 7], "texture": "#1"},
				"south": {"uv": [5.75, 6.5, 11.25, 7], "texture": "#1"},
				"west": {"uv": [7.25, 6.5, 8.75, 7], "texture": "#1"},
				"up": {"uv": [5.75, 7.25, 11.25, 8.75], "texture": "#1"}
			}
		},
		{
			"name": "Element",
			"from": [5.5, 8.75, 7],
			"to": [11.25, 9, 9],
			"faces": {
				"north": {"uv": [4.75, 7, 10.5, 7.25], "texture": "#1"},
				"south": {"uv": [5.5, 7, 11.25, 7.25], "texture": "#1"},
				"west": {"uv": [7, 7, 9, 7.25], "texture": "#1"},
				"up": {"uv": [5.5, 7, 11.25, 9], "texture": "#1"}
			}
		},
		{
			"name": "Element",
			"from": [11.25, 9, 7],
			"to": [12.5, 9.5, 9],
			"faces": {
				"north": {"uv": [3.5, 6.5, 4.75, 7], "texture": "#1"},
				"east": {"uv": [7, 6.5, 9, 7], "texture": "#1"},
				"south": {"uv": [11.25, 6.5, 12.5, 7], "texture": "#1"},
				"west": {"uv": [7, 6.5, 9, 7], "texture": "#1"},
				"up": {"uv": [11.25, 7, 12.5, 9], "texture": "#1"},
				"down": {"uv": [4.75, 9, 3.5, 7], "texture": "#1"}
			}
		},
		{
			"name": "Element",
			"from": [11.25, 8.75, 7],
			"to": [12.25, 9, 9],
			"faces": {
				"north": {"uv": [3.75, 7, 4.75, 7.25], "texture": "#1"},
				"south": {"uv": [11.25, 7, 12.25, 7.25], "texture": "#1"},
				"down": {"uv": [4.75, 9, 3.75, 7], "texture": "#1"}
			}
		},
		{
			"name": "Element",
			"from": [12, 7.5, 7],
			"to": [15, 8.75, 9],
			"faces": {
				"north": {"uv": [1, 7.25, 4, 8.5], "texture": "#2"},
				"south": {"uv": [12, 7.25, 15, 8.5], "texture": "#2"},
				"up": {"uv": [12, 7, 15, 9], "texture": "#2"},
				"down": {"uv": [4, 9, 1, 7], "texture": "#2"}
			}
		},
		{
			"name": "Element",
			"from": [12.25, 8.75, 7],
			"to": [15.25, 9, 9],
			"faces": {
				"north": {"uv": [0.75, 7, 3.75, 7.25], "texture": "#2"},
				"south": {"uv": [12.25, 7, 15.25, 7.25], "texture": "#2"},
				"up": {"uv": [12.25, 7, 15.25, 9], "texture": "#2"},
				"down": {"uv": [3.75, 9, 0.75, 7], "texture": "#2"}
			}
		},
		{
			"name": "Element",
			"from": [12.5, 9, 7.25],
			"to": [15.25, 9.5, 8.75],
			"faces": {
				"north": {"uv": [0.75, 6.5, 3.5, 7], "texture": "#2"},
				"south": {"uv": [12.5, 6.5, 15.25, 7], "texture": "#2"},
				"up": {"uv": [12.5, 7.25, 15.25, 8.75], "texture": "#2"}
			}
		},
		{
			"name": "Element",
			"from": [12, 7.25, 7.25],
			"to": [15.25, 7.5, 8.75],
			"faces": {
				"north": {"uv": [0.75, 8.5, 4, 8.75], "texture": "#2"},
				"south": {"uv": [12, 8.5, 15.25, 8.75], "texture": "#2"},
				"up": {"uv": [12, 7.25, 15.25, 8.75], "texture": "#2"},
				"down": {"uv": [4, 8.75, 0.75, 7.25], "texture": "#2"}
			}
		},
		{
			"name": "Element",
			"from": [15, 9.75, 7.75],
			"to": [15.5, 10, 8.25],
			"faces": {
				"north": {"uv": [1, 6, 1.5, 6.25], "texture": "#1"},
				"east": {"uv": [7.75, 6, 8.25, 6.25], "texture": "#1"},
				"south": {"uv": [14.5, 6, 15, 6.25], "texture": "#1"},
				"up": {"uv": [14.5, 7.75, 15, 8.25], "texture": "#1"},
				"down": {"uv": [1.5, 8.25, 1, 7.75], "texture": "#1"}
			}
		},
		{
			"name": "Element",
			"from": [15.25, 9.5, 7.5],
			"to": [15.75, 9.75, 8.5],
			"faces": {
				"north": {"uv": [1, 6.25, 1.5, 6.5], "texture": "#1"},
				"east": {"uv": [7.5, 6.25, 8.5, 6.5], "texture": "#1"},
				"south": {"uv": [14.5, 6.25, 15, 6.5], "texture": "#1"},
				"west": {"uv": [7.5, 6.25, 8.5, 6.5], "texture": "#1"},
				"up": {"uv": [14.5, 7.5, 15, 8.5], "texture": "#1"}
			}
		},
		{
			"name": "Element",
			"from": [15, 7.5, 7],
			"to": [15.25, 8.75, 9],
			"faces": {
				"north": {"uv": [1, 7.25, 1.25, 8.5], "texture": "#1"},
				"south": {"uv": [14.75, 7.25, 15, 8.5], "texture": "#1"},
				"down": {"uv": [1.25, 9, 1, 7], "texture": "#1"}
			}
		},
		{
			"name": "Element",
			"from": [15.25, 7, 7],
			"to": [16, 9.5, 9],
			"faces": {
				"north": {"uv": [1, 6.5, 1.75, 9], "texture": "#1"},
				"east": {"uv": [7.25, 6.5, 8.75, 9], "texture": "#1", "cullface": "east"},
				"south": {"uv": [14.25, 6.5, 15, 9], "texture": "#1"},
				"west": {"uv": [7.25, 6.5, 8.75, 9], "texture": "#1"},
				"up": {"uv": [15.25, 7.25, 16, 8.75], "texture": "#1"},
				"down": {"uv": [1.75, 8.75, 1, 7.25], "texture": "#1"}
			}
		},
		{
			"name": "Element",
			"from": [15.5, 7.5, 7.25],
			"to": [18.75, 9.25, 8.75],
			"rotation": {"angle": -22.5, "axis": "z", "origin": [15.5, 9.25, 7.25]},
			"faces": {
				"north": {"uv": [11.75, 5, 15, 6.75], "texture": "#1"},
				"east": {"uv": [7.25, 6.75, 8.75, 8.5], "texture": "#1", "cullface": "east"},
				"south": {"uv": [11.75, 5, 15, 6.75], "texture": "#1"},
				"west": {"uv": [7.25, 6.75, 8.75, 8.5], "texture": "#1"},
				"up": {"uv": [11.75, 0, 15, 1.5], "texture": "#1"},
				"down": {"uv": [11.75, 0, 15, 1.5], "texture": "#1"}
			}
		},
		{
			"name": "Element",
			"from": [17.75, 6.25, 7.25],
			"to": [25, 8, 8.75],
			"faces": {
				"north": {"uv": [9, 5, 15, 6.75], "texture": "#1"},
				"south": {"uv": [1, 0, 7, 1.75], "texture": "#1"},
				"west": {"uv": [1, 0, 2.5, 1.75], "texture": "#1"},
				"up": {"uv": [1, 0, 7, 1.5], "texture": "#1"},
				"down": {"uv": [1, 0, 7, 1.5], "texture": "#1"}
			}
		},
		{
			"name": "Element",
			"from": [17.5, 4, 7.5],
			"to": [19.25, 7.25, 8.5],
			"rotation": {"angle": 22.5, "axis": "z", "origin": [17.5, 7.25, 7.5]},
			"faces": {
				"north": {"uv": [11, 9.75, 12.5, 12.25], "texture": "#1"},
				"east": {"uv": [7.5, 9.75, 8.5, 12.25], "texture": "#1", "cullface": "east"},
				"south": {"uv": [11, 9.75, 12.5, 12.25], "texture": "#1"},
				"west": {"uv": [7.5, 9.75, 8.5, 12.25], "texture": "#1"},
				"up": {"uv": [11, 7.5, 12.5, 8.5], "texture": "#1"},
				"down": {"uv": [11, 7.5, 12.5, 8.5], "texture": "#1"}
			}
		},
		{
			"name": "Element",
			"from": [19.25, 8.25, 7.5],
			"to": [25, 8.5, 8.5],
			"faces": {
				"north": {"uv": [0, 7.5, 0, 7.75], "texture": "#1"},
				"south": {"uv": [16, 7.5, 16, 7.75], "texture": "#1"},
				"west": {"uv": [7.5, 7.5, 8.5, 7.75], "texture": "#1"},
				"up": {"uv": [16, 7.5, 16, 8.5], "texture": "#1"}
			}
		},
		{
			"name": "Element",
			"from": [19, 8, 7.5],
			"to": [25, 8.25, 8.5],
			"faces": {
				"north": {"uv": [0, 7.75, 0, 8], "texture": "#1"},
				"south": {"uv": [16, 7.75, 16, 8], "texture": "#1"},
				"west": {"uv": [7.5, 7.75, 8.5, 8], "texture": "#1"},
				"up": {"uv": [16, 7.5, 16, 8.5], "texture": "#1"}
			}
		},
		{
			"name": "Element",
			"from": [25, 3.75, 7.25],
			"to": [25.5, 8, 8.75],
			"faces": {
				"north": {"uv": [0, 8, 0, 12.25], "texture": "#0"},
				"east": {"uv": [7.25, 8, 8.75, 12.25], "texture": "#0", "cullface": "east"},
				"south": {"uv": [16, 8, 16, 12.25], "texture": "#0"},
				"west": {"uv": [7.25, 8, 8.75, 12.25], "texture": "#0"},
				"up": {"uv": [16, 7.25, 16, 8.75], "texture": "#0"},
				"down": {"uv": [0, 8.75, 0, 7.25], "texture": "#0"}
			}
		},
		{
			"name": "Element",
			"from": [19.25, 6, 7.25],
			"to": [25, 6.25, 8.75],
			"faces": {
				"north": {"uv": [9.25, 10, 15, 10.25], "texture": "#1"},
				"south": {"uv": [9.25, 10, 15, 10.25], "texture": "#1"},
				"west": {"uv": [7.25, 10, 8.75, 10.25], "texture": "#1"},
				"down": {"uv": [9.25, 7.25, 15, 8.75], "texture": "#1"}
			}
		},
		{
			"name": "Element",
			"from": [19.5, 5.75, 7.25],
			"to": [25, 6, 8.75],
			"faces": {
				"north": {"uv": [9.25, 10.25, 14.75, 10.5], "texture": "#1"},
				"south": {"uv": [9.5, 10.25, 15, 10.5], "texture": "#1"},
				"west": {"uv": [7.25, 10.25, 8.75, 10.5], "texture": "#1"},
				"down": {"uv": [9.5, 7.25, 15, 8.75], "texture": "#1"}
			}
		},
		{
			"name": "Element",
			"from": [19.75, 5.5, 7.25],
			"to": [25, 5.75, 8.75],
			"faces": {
				"north": {"uv": [9.25, 10.5, 14.5, 10.75], "texture": "#1"},
				"south": {"uv": [9.75, 10.5, 15, 10.75], "texture": "#1"},
				"west": {"uv": [7.25, 10.5, 8.75, 10.75], "texture": "#1"},
				"down": {"uv": [9.75, 7.25, 15, 8.75], "texture": "#1"}
			}
		},
		{
			"name": "Element",
			"from": [20, 5.25, 7.25],
			"to": [25, 5.5, 8.75],
			"faces": {
				"north": {"uv": [9.25, 10.75, 14.25, 11], "texture": "#1"},
				"south": {"uv": [10, 10.75, 15, 11], "texture": "#1"},
				"west": {"uv": [7.25, 10.75, 8.75, 11], "texture": "#1"},
				"down": {"uv": [10, 7.25, 15, 8.75], "texture": "#1"}
			}
		},
		{
			"name": "Element",
			"from": [25, 8, 7.5],
			"to": [25.5, 8.5, 8.5],
			"faces": {
				"north": {"uv": [0, 7.5, 0, 8], "texture": "#0"},
				"east": {"uv": [7.5, 7.5, 8.5, 8], "texture": "#0", "cullface": "east"},
				"south": {"uv": [16, 7.5, 16, 8], "texture": "#0"},
				"west": {"uv": [7.5, 7.5, 8.5, 8], "texture": "#0"},
				"up": {"uv": [16, 7.5, 16, 8.5], "texture": "#0"}
			}
		},
		{
			"name": "Element",
			"from": [20.25, 5, 7.25],
			"to": [25, 5.25, 8.75],
			"faces": {
				"north": {"uv": [1, 11, 5.75, 11.25], "texture": "#1"},
				"south": {"uv": [10.25, 11, 15, 11.25], "texture": "#1"},
				"west": {"uv": [7.25, 11, 8.75, 11.25], "texture": "#1"},
				"down": {"uv": [5.75, 8.75, 1, 7.25], "texture": "#1"}
			}
		},
		{
			"name": "Element",
			"from": [20.75, 4.75, 7.25],
			"to": [25, 5, 8.75],
			"faces": {
				"north": {"uv": [1, 11.25, 5.25, 11.5], "texture": "#1"},
				"south": {"uv": [10.75, 11.25, 15, 11.5], "texture": "#1"},
				"west": {"uv": [7.25, 11.25, 8.75, 11.5], "texture": "#1"},
				"down": {"uv": [5.25, 8.75, 1, 7.25], "texture": "#1"}
			}
		},
		{
			"name": "Element",
			"from": [21.5, 4.5, 7.25],
			"to": [25, 4.75, 8.75],
			"faces": {
				"north": {"uv": [1, 11.5, 4.5, 11.75], "texture": "#1"},
				"south": {"uv": [11.5, 11.5, 15, 11.75], "texture": "#1"},
				"west": {"uv": [7.25, 11.5, 8.75, 11.75], "texture": "#1"},
				"down": {"uv": [4.5, 8.75, 1, 7.25], "texture": "#1"}
			}
		},
		{
			"name": "Element",
			"from": [22.25, 4.25, 7.25],
			"to": [25, 4.5, 8.75],
			"faces": {
				"north": {"uv": [1, 11.75, 3.75, 12], "texture": "#1"},
				"south": {"uv": [12.25, 11.75, 15, 12], "texture": "#1"},
				"west": {"uv": [7.25, 11.75, 8.75, 12], "texture": "#1"},
				"down": {"uv": [3.75, 8.75, 1, 7.25], "texture": "#1"}
			}
		},
		{
			"name": "Element",
			"from": [23, 4, 7.25],
			"to": [25, 4.25, 8.75],
			"faces": {
				"north": {"uv": [1, 12, 3, 12.25], "texture": "#1"},
				"south": {"uv": [13, 12, 15, 12.25], "texture": "#1"},
				"west": {"uv": [7.25, 12, 8.75, 12.25], "texture": "#1"},
				"down": {"uv": [3, 8.75, 1, 7.25], "texture": "#1"}
			}
		},
		{
			"name": "Element",
			"from": [23.75, 3.75, 7.25],
			"to": [25, 4, 8.75],
			"faces": {
				"north": {"uv": [1, 12.25, 2.25, 12.5], "texture": "#1"},
				"south": {"uv": [13.75, 12.25, 15, 12.5], "texture": "#1"},
				"west": {"uv": [7.25, 12.25, 8.75, 12.5], "texture": "#1"},
				"down": {"uv": [2.25, 8.75, 1, 7.25], "texture": "#1"}
			}
		},
		{
			"name": "Element",
			"from": [12.5, 7, 7.5],
			"to": [13.25, 7.25, 8.5],
			"faces": {
				"north": {"uv": [2.75, 8.75, 3.5, 9], "texture": "#0"},
				"south": {"uv": [12.5, 8.75, 13.25, 9], "texture": "#0"},
				"west": {"uv": [7.5, 8.75, 8.5, 9], "texture": "#0"},
				"down": {"uv": [3.5, 8.5, 2.75, 7.5], "texture": "#0"}
			}
		},
		{
			"name": "Element",
			"from": [13.5, 6, 7.5],
			"to": [13.75, 6.25, 8.5],
			"faces": {
				"north": {"uv": [2.25, 9.75, 2.5, 10], "texture": "#0"},
				"east": {"uv": [7.5, 9.75, 8.5, 10], "texture": "#0"},
				"south": {"uv": [13.5, 9.75, 13.75, 10], "texture": "#0"},
				"up": {"uv": [13.5, 7.5, 13.75, 8.5], "texture": "#0"}
			}
		},
		{
			"name": "Element",
			"from": [13.25, 6, 7.5],
			"to": [13.5, 7.25, 8.5],
			"faces": {
				"north": {"uv": [2.5, 8.75, 2.75, 10], "texture": "#0"},
				"east": {"uv": [7.5, 8.75, 8.5, 10], "texture": "#0"},
				"south": {"uv": [13.25, 8.75, 13.5, 10], "texture": "#0"},
				"west": {"uv": [7.5, 8.75, 8.5, 10], "texture": "#0"},
				"down": {"uv": [2.75, 8.5, 2.5, 7.5], "texture": "#0"}
			}
		},
		{
			"name": "Element",
			"from": [13.5, 5.75, 7.5],
			"to": [15.25, 6, 8.5],
			"faces": {
				"north": {"uv": [0.75, 10, 2.5, 10.25], "texture": "#0"},
				"east": {"uv": [7.5, 10, 8.5, 10.25], "texture": "#0"},
				"south": {"uv": [13.5, 10, 15.25, 10.25], "texture": "#0"},
				"west": {"uv": [7.5, 10, 8.5, 10.25], "texture": "#0"},
				"up": {"uv": [13.5, 7.5, 15.25, 8.5], "texture": "#0"},
				"down": {"uv": [2.5, 8.5, 0.75, 7.5], "texture": "#0"}
			}
		},
		{
			"name": "Element",
			"from": [15.25, 6, 7.5],
			"to": [15.5, 7, 8.5],
			"faces": {
				"north": {"uv": [0.5, 9, 0.75, 10], "texture": "#0"},
				"east": {"uv": [7.5, 9, 8.5, 10], "texture": "#0"},
				"south": {"uv": [15.25, 9, 15.5, 10], "texture": "#0"},
				"west": {"uv": [7.5, 9, 8.5, 10], "texture": "#0"},
				"down": {"uv": [0.75, 8.5, 0.5, 7.5], "texture": "#0"}
			}
		},
		{
			"name": "Element",
			"from": [14.75, 6.5, 7.75],
			"to": [15, 7.75, 8.25],
			"rotation": {"angle": -22.5, "axis": "z", "origin": [14.5, 7.5, 7.75]},
			"faces": {
				"north": {"uv": [0.75, 2, 1.25, 3.25], "texture": "#0"},
				"east": {"uv": [7.75, 2, 8.25, 3.25], "texture": "#0"},
				"south": {"uv": [14.75, 2, 15.25, 3.25], "texture": "#0"},
				"west": {"uv": [7.75, 2, 8.25, 3.25], "texture": "#0"},
				"down": {"uv": [1.25, 8.25, 0.75, 7.75], "texture": "#0"}
			}
		},
		{
			"name": "Element",
			"from": [-8.75, 10, 7.75],
			"to": [-7.5, 10.25, 8.25],
			"faces": {
				"north": {"uv": [16, 5.75, 16, 6], "texture": "#0"},
				"east": {"uv": [7.75, 5.75, 8.25, 6], "texture": "#0"},
				"south": {"uv": [0, 5.75, 0, 6], "texture": "#0"},
				"west": {"uv": [7.75, 5.75, 8.25, 6], "texture": "#0", "cullface": "west"},
				"up": {"uv": [0, 7.75, 0, 8.25], "texture": "#0"}
			}
		},
		{
			"name": "Element",
			"from": [-8, 8.75, 7.875],
			"to": [-5.5, 9, 8.125],
			"faces": {
				"north": {"uv": [16, 7, 16, 7.25], "texture": "#0"},
				"east": {"uv": [7.875, 7, 8.125, 7.25], "texture": "#0"},
				"south": {"uv": [0, 7, 0, 7.25], "texture": "#0"},
				"west": {"uv": [7.875, 7, 8.125, 7.25], "texture": "#0", "cullface": "west"}
			}
		},
		{
			"name": "Element",
			"from": [15, 6, 7.5],
			"to": [15.25, 6.25, 8.5],
			"faces": {
				"north": {"uv": [0.75, 9.75, 1, 10], "texture": "#0"},
				"south": {"uv": [15, 9.75, 15.25, 10], "texture": "#0"},
				"west": {"uv": [7.5, 9.75, 8.5, 10], "texture": "#0"},
				"up": {"uv": [15, 7.5, 15.25, 8.5], "texture": "#0"}
			}
		},
		{
			"name": "Cube",
			"from": [15, 9.75, 7.75],
			"to": [15.5, 10, 8.25],
			"faces": {
				"north": {"uv": [1, 6, 1.5, 6.25], "texture": "#1"},
				"east": {"uv": [7.75, 6, 8.25, 6.25], "texture": "#1"},
				"south": {"uv": [14.5, 6, 15, 6.25], "texture": "#1"},
				"up": {"uv": [14.5, 7.75, 15, 8.25], "texture": "#1"},
				"down": {"uv": [1.5, 8.25, 1, 7.75], "texture": "#1"}
			}
		},
		{
			"name": "Cube",
			"from": [-8.75, 10.15, 7.75],
			"to": [12.95, 10.4, 8.25],
			"faces": {
				"north": {"uv": [1, 6, 16, 6.25], "texture": "#0"},
				"south": {"uv": [0, 6, 15, 6.25], "texture": "#0"},
				"west": {"uv": [7.75, 6, 8.25, 6.25], "texture": "#0", "cullface": "west"},
				"up": {"uv": [0, 7.75, 15, 8.25], "texture": "#0"},
				"down": {"uv": [16, 8.25, 1, 7.75], "texture": "#0"}
			}
		},
		{
			"name": "Cube",
			"from": [-5.75, 10, 7.75],
			"to": [-4.5, 10.25, 8.25],
			"faces": {
				"north": {"uv": [16, 5.75, 16, 6], "texture": "#0"},
				"east": {"uv": [7.75, 5.75, 8.25, 6], "texture": "#0"},
				"south": {"uv": [0, 5.75, 0, 6], "texture": "#0"},
				"west": {"uv": [7.75, 5.75, 8.25, 6], "texture": "#0", "cullface": "west"},
				"up": {"uv": [0, 7.75, 0, 8.25], "texture": "#0"}
			}
		},
		{
			"name": "Cube",
			"from": [-2.75, 10, 7.75],
			"to": [-1.5, 10.25, 8.25],
			"faces": {
				"north": {"uv": [16, 5.75, 16, 6], "texture": "#0"},
				"east": {"uv": [7.75, 5.75, 8.25, 6], "texture": "#0"},
				"south": {"uv": [0, 5.75, 0, 6], "texture": "#0"},
				"west": {"uv": [7.75, 5.75, 8.25, 6], "texture": "#0", "cullface": "west"},
				"up": {"uv": [0, 7.75, 0, 8.25], "texture": "#0"}
			}
		},
		{
			"name": "Cube",
			"from": [0.25, 10, 7.75],
			"to": [1.5, 10.25, 8.25],
			"faces": {
				"north": {"uv": [16, 5.75, 16, 6], "texture": "#0"},
				"east": {"uv": [7.75, 5.75, 8.25, 6], "texture": "#0"},
				"south": {"uv": [0, 5.75, 0, 6], "texture": "#0"},
				"west": {"uv": [7.75, 5.75, 8.25, 6], "texture": "#0", "cullface": "west"},
				"up": {"uv": [0, 7.75, 0, 8.25], "texture": "#0"}
			}
		},
		{
			"name": "Cube",
			"from": [3.25, 10, 7.75],
			"to": [4.5, 10.25, 8.25],
			"faces": {
				"north": {"uv": [16, 5.75, 16, 6], "texture": "#0"},
				"east": {"uv": [7.75, 5.75, 8.25, 6], "texture": "#0"},
				"south": {"uv": [0, 5.75, 0, 6], "texture": "#0"},
				"west": {"uv": [7.75, 5.75, 8.25, 6], "texture": "#0", "cullface": "west"},
				"up": {"uv": [0, 7.75, 0, 8.25], "texture": "#0"}
			}
		},
		{
			"name": "Cube",
			"from": [6.25, 10, 7.75],
			"to": [7.5, 10.25, 8.25],
			"faces": {
				"north": {"uv": [16, 5.75, 16, 6], "texture": "#0"},
				"east": {"uv": [7.75, 5.75, 8.25, 6], "texture": "#0"},
				"south": {"uv": [0, 5.75, 0, 6], "texture": "#0"},
				"west": {"uv": [7.75, 5.75, 8.25, 6], "texture": "#0", "cullface": "west"},
				"up": {"uv": [0, 7.75, 0, 8.25], "texture": "#0"}
			}
		},
		{
			"name": "Cube",
			"from": [9.25, 10, 7.75],
			"to": [10.5, 10.25, 8.25],
			"faces": {
				"north": {"uv": [16, 5.75, 16, 6], "texture": "#0"},
				"east": {"uv": [7.75, 5.75, 8.25, 6], "texture": "#0"},
				"south": {"uv": [0, 5.75, 0, 6], "texture": "#0"},
				"west": {"uv": [7.75, 5.75, 8.25, 6], "texture": "#0", "cullface": "west"},
				"up": {"uv": [0, 7.75, 0, 8.25], "texture": "#0"}
			}
		},
		{
			"name": "Cube",
			"from": [12.25, 10, 7.75],
			"to": [13.5, 10.25, 8.25],
			"faces": {
				"north": {"uv": [16, 5.75, 16, 6], "texture": "#0"},
				"east": {"uv": [7.75, 5.75, 8.25, 6], "texture": "#0"},
				"south": {"uv": [0, 5.75, 0, 6], "texture": "#0"},
				"west": {"uv": [7.75, 5.75, 8.25, 6], "texture": "#0", "cullface": "west"},
				"up": {"uv": [0, 7.75, 0, 8.25], "texture": "#0"}
			}
		},
		{
			"name": "Cube",
			"from": [13.45, 10, 7.75],
			"to": [14.1, 10.15, 8.25],
			"faces": {
				"north": {"uv": [16, 5.75, 16, 6], "texture": "#0"},
				"east": {"uv": [7.75, 5.75, 8.25, 6], "texture": "#0"},
				"south": {"uv": [0, 5.75, 0, 6], "texture": "#0"},
				"west": {"uv": [7.75, 5.75, 8.25, 6], "texture": "#0", "cullface": "west"},
				"up": {"uv": [0, 7.75, 0, 8.25], "texture": "#0"}
			}
		}
	],
	"display": {
		"thirdperson_righthand": {
			"rotation": [0, -90, 0],
			"translation": [0, 0.75, -5.5],
			"scale": [0.9, 0.9, 0.9]
		},
		"thirdperson_lefthand": {
			"rotation": [0, 90, 0],
			"translation": [0, 0.75, -5.5],
			"scale": [0.9, 0.9, 0.9]
		},
		"firstperson_righthand": {
			"rotation": [47.07, -79.61, 24.79],
			"translation": [0, 3.5, -7.75]
		},
		"firstperson_lefthand": {
			"rotation": [-136.79, 78.54, 157.84],
			"translation": [2.25, 4.25, -9.25]
		},
		"gui": {
			"rotation": [0, 0, -45],
			"translation": [0, 0.5, 0],
			"scale": [0.67, 0.67, 0.9]
		},
		"fixed": {
			"rotation": [0, 180, -45],
			"translation": [0.5, 1, 0]
		}
	}
}