{
	"credit": "Made by SrDarmith - YouTube: Mainclay",
	"textures": {
		"particle": "blocks/anvil 1",
		"texture": "blocks/anvil 1",
		"blade": "blocks/stone",
		"wood door texture": "blocks/hardened clay stained gray"
	},
	"elements": [
		{
			"from": [1.7, 9.25, 7],
			"to": [15.25, 9.75, 7.25],
			"faces": {
				"north": {"uv": [0.75, 6.25, 16, 6.75], "texture": "#texture", "cullface": "west"},
				"east": {"uv": [8.75, 6.25, 9, 6.75], "texture": "#texture", "cullface": "west"},
				"south": {"uv": [0, 6.25, 15.25, 6.75], "texture": "#texture", "cullface": "west"},
				"west": {"uv": [7, 6.25, 7.25, 6.75], "texture": "#texture", "cullface": "west"},
				"up": {"uv": [0, 7, 15.25, 7.25], "texture": "#texture", "cullface": "west"},
				"down": {"uv": [16, 7.25, 0.75, 7], "texture": "#texture", "cullface": "west"}
			}
		},
		{
			"from": [1.7, 9.25, 7.75],
			"to": [15.25, 9.75, 8],
			"faces": {
				"north": {"uv": [0.75, 6.25, 16, 6.75], "texture": "#texture", "cullface": "west"},
				"east": {"uv": [8, 6.25, 8.25, 6.75], "texture": "#texture", "cullface": "west"},
				"west": {"uv": [7.75, 6.25, 8, 6.75], "texture": "#texture", "cullface": "west"},
				"up": {"uv": [0, 7.75, 15.25, 8], "texture": "#texture", "cullface": "west"},
				"down": {"uv": [16, 8, 0.75, 7.75], "texture": "#texture", "cullface": "west"}
			}
		},
		{
			"from": [1.7, 9.75, 7.25],
			"to": [15.25, 10, 7.75],
			"faces": {
				"north": {"uv": [0.75, 6, 16, 6.25], "texture": "#texture", "cullface": "west"},
				"south": {"uv": [0, 6, 15.25, 6.25], "texture": "#texture", "cullface": "west"},
				"west": {"uv": [7.25, 6, 7.75, 6.25], "texture": "#texture", "cullface": "west"},
				"up": {"uv": [0, 7.25, 15.25, 7.75], "texture": "#texture", "cullface": "west"},
				"down": {"uv": [16, 7.75, 0.75, 7.25], "texture": "#texture", "cullface": "west"}
			}
		},
		{
			"from": [1.7, 9, 7.25],
			"to": [15.25, 9.25, 7.75],
			"faces": {
				"north": {"uv": [0.75, 6.75, 16, 7], "texture": "#texture", "cullface": "west"},
				"south": {"uv": [0, 6.75, 15.25, 7], "texture": "#texture", "cullface": "west"},
				"west": {"uv": [7.25, 6.75, 7.75, 7], "texture": "#texture", "cullface": "west"},
				"up": {"uv": [0, 7.25, 15.25, 7.75], "texture": "#texture", "cullface": "west"},
				"down": {"uv": [16, 7.75, 0.75, 7.25], "texture": "#texture", "cullface": "west"}
			}
		},
		{
			"from": [1.7, 9.25, 8.75],
			"to": [15.25, 9.75, 9],
			"faces": {
				"north": {"uv": [0.75, 6.25, 16, 6.75], "texture": "#texture", "cullface": "west"},
				"south": {"uv": [0, 6.25, 15.25, 6.75], "texture": "#texture", "cullface": "west"},
				"west": {"uv": [8.75, 6.25, 9, 6.75], "texture": "#texture", "cullface": "west"},
				"up": {"uv": [0, 8.75, 15.25, 9], "texture": "#texture", "cullface": "west"},
				"down": {"uv": [16, 9, 0.75, 8.75], "texture": "#texture", "cullface": "west"}
			}
		},
		{
			"from": [1.7, 9, 8.25],
			"to": [3.5, 9.25, 8.75],
			"faces": {
				"north": {"uv": [12.5, 6.75, 16, 7], "texture": "#texture", "cullface": "west"},
				"south": {"uv": [0, 6.75, 3.5, 7], "texture": "#texture", "cullface": "west"},
				"west": {"uv": [8.25, 6.75, 8.75, 7], "texture": "#texture", "cullface": "west"},
				"up": {"uv": [0, 8.25, 3.5, 8.75], "texture": "#texture", "cullface": "west"},
				"down": {"uv": [16, 8.75, 12.5, 8.25], "texture": "#texture", "cullface": "west"}
			}
		},
		{
			"from": [1.7, 9.25, 8],
			"to": [15.25, 9.75, 8.25],
			"faces": {
				"south": {"uv": [0, 6.25, 15.25, 6.75], "texture": "#texture", "cullface": "west"},
				"west": {"uv": [8, 6.25, 8.25, 6.75], "texture": "#texture", "cullface": "west"},
				"up": {"uv": [0, 8, 15.25, 8.25], "texture": "#texture", "cullface": "west"},
				"down": {"uv": [16, 8.25, 0.75, 8], "texture": "#texture", "cullface": "west"}
			}
		},
		{
			"from": [1.7, 9.75, 8.25],
			"to": [15.25, 10, 8.75],
			"faces": {
				"north": {"uv": [0.75, 6, 16, 6.25], "texture": "#texture", "cullface": "west"},
				"south": {"uv": [0, 6, 15.25, 6.25], "texture": "#texture", "cullface": "west"},
				"west": {"uv": [8.25, 6, 8.75, 6.25], "texture": "#texture", "cullface": "west"},
				"up": {"uv": [0, 8.25, 15.25, 8.75], "texture": "#texture", "cullface": "west"},
				"down": {"uv": [16, 8.75, 0.75, 8.25], "texture": "#texture", "cullface": "west"}
			}
		},
		{
			"from": [11.75, 7.5, 7],
			"to": [12, 8.75, 9],
			"faces": {
				"north": {"uv": [4, 7.25, 6, 8.5], "texture": "#wood door texture"},
				"south": {"uv": [10, 7.25, 12, 8.5], "texture": "#wood door texture"},
				"west": {"uv": [7, 7.25, 9, 8.5], "texture": "#wood door texture"},
				"up": {"uv": [10, 7, 12, 9], "texture": "#wood door texture"},
				"down": {"uv": [6, 9, 4, 7], "texture": "#wood door texture"}
			}
		},
		{
			"from": [11.25, 7.25, 7.75],
			"to": [12, 7.5, 8.25],
			"faces": {
				"north": {"uv": [4, 8.5, 4.75, 8.75], "texture": "#wood door texture"},
				"south": {"uv": [11.25, 8.5, 12, 8.75], "texture": "#wood door texture"},
				"west": {"uv": [7.25, 8.5, 8.75, 8.75], "texture": "#wood door texture"},
				"down": {"uv": [4.75, 8.75, 4, 7.25], "texture": "#wood door texture"}
			}
		},
		{
			"from": [9.75, 7.5, 7.5],
			"to": [11.75, 7.75, 8.5],
			"faces": {
				"north": {"uv": [4, 8.5, 4.75, 8.75], "texture": "#wood door texture"},
				"south": {"uv": [11.25, 8.5, 12, 8.75], "texture": "#wood door texture"},
				"west": {"uv": [7.25, 8.5, 8.75, 8.75], "texture": "#wood door texture"},
				"down": {"uv": [4.75, 8.75, 4, 7.25], "texture": "#wood door texture"}
			}
		},
		{
			"from": [4, 8.75, 7],
			"to": [11.25, 9, 9],
			"faces": {
				"north": {"uv": [4.75, 7, 12.25, 7.25], "texture": "#wood door texture"},
				"south": {"uv": [3.75, 7, 11.25, 7.25], "texture": "#wood door texture"},
				"west": {"uv": [7, 7, 9, 7.25], "texture": "#wood door texture"},
				"down": {"uv": [12.25, 9, 4.75, 7], "texture": "#wood door texture"}
			}
		},
		{
			"from": [3.5, 9, 7],
			"to": [11.25, 9.25, 9],
			"faces": {
				"north": {"uv": [4.75, 6.75, 12.5, 7], "texture": "#wood door texture"},
				"south": {"uv": [3.5, 6.75, 11.25, 7], "texture": "#wood door texture"},
				"west": {"uv": [7, 6.75, 9, 7], "texture": "#wood door texture"},
				"up": {"uv": [3.5, 7, 11.25, 9], "texture": "#wood door texture"},
				"down": {"uv": [12.5, 9, 4.75, 7], "texture": "#wood door texture"}
			}
		},
		{
			"from": [11.25, 9, 7],
			"to": [12.5, 9.25, 9],
			"faces": {
				"north": {"uv": [3.5, 6.75, 4.75, 7], "texture": "#wood door texture"},
				"south": {"uv": [11.25, 6.75, 12.5, 7], "texture": "#wood door texture"},
				"up": {"uv": [11.25, 7, 12.5, 9], "texture": "#wood door texture"},
				"down": {"uv": [4.75, 9, 3.5, 7], "texture": "#wood door texture"}
			}
		},
		{
			"from": [11.25, 8.75, 7],
			"to": [12.25, 9, 9],
			"faces": {
				"north": {"uv": [3.75, 7, 4.75, 7.25], "texture": "#wood door texture"},
				"south": {"uv": [11.25, 7, 12.25, 7.25], "texture": "#wood door texture"},
				"down": {"uv": [4.75, 9, 3.75, 7], "texture": "#wood door texture"}
			}
		},
		{
			"from": [12, 7.5, 7],
			"to": [15, 8.75, 9],
			"faces": {
				"north": {"uv": [1, 7.25, 4, 8.5], "texture": "#blade"},
				"south": {"uv": [12, 7.25, 15, 8.5], "texture": "#blade"},
				"up": {"uv": [12, 7, 15, 9], "texture": "#blade"},
				"down": {"uv": [4, 9, 1, 7], "texture": "#blade"}
			}
		},
		{
			"from": [12.25, 8.75, 7],
			"to": [15.25, 9, 9],
			"faces": {
				"north": {"uv": [0.75, 7, 3.75, 7.25], "texture": "#blade"},
				"south": {"uv": [12.25, 7, 15.25, 7.25], "texture": "#blade"},
				"up": {"uv": [12.25, 7, 15.25, 9], "texture": "#blade"},
				"down": {"uv": [3.75, 9, 0.75, 7], "texture": "#blade"}
			}
		},
		{
			"from": [12.5, 9, 7],
			"to": [15.25, 9.25, 9],
			"faces": {
				"north": {"uv": [0.75, 6.75, 3.5, 7], "texture": "#blade"},
				"south": {"uv": [12.5, 6.75, 15.25, 7], "texture": "#blade"},
				"up": {"uv": [12.5, 7, 15.25, 9], "texture": "#blade"}
			}
		},
		{
			"from": [15.25, 9.5, 7],
			"to": [15.75, 9.75, 9],
			"faces": {
				"north": {"uv": [1, 6.25, 1.5, 6.5], "texture": "#wood door texture"},
				"east": {"uv": [7.5, 6.25, 8.5, 6.5], "texture": "#wood door texture"},
				"south": {"uv": [14.5, 6.25, 15, 6.5], "texture": "#wood door texture"},
				"west": {"uv": [7.5, 6.25, 8.5, 6.5], "texture": "#wood door texture"},
				"up": {"uv": [14.5, 7.5, 15, 8.5], "texture": "#wood door texture"}
			}
		},
		{
			"from": [15, 7.5, 7],
			"to": [15.25, 8.75, 9],
			"faces": {
				"north": {"uv": [1, 7.25, 1.25, 8.5], "texture": "#wood door texture"},
				"south": {"uv": [14.75, 7.25, 15, 8.5], "texture": "#wood door texture"},
				"down": {"uv": [1.25, 9, 1, 7], "texture": "#wood door texture"}
			}
		},
		{
			"from": [15.25, 7, 7],
			"to": [16, 9.5, 9],
			"faces": {
				"north": {"uv": [1, 6.5, 1.75, 9], "texture": "#wood door texture"},
				"east": {"uv": [7.25, 6.5, 8.75, 9], "texture": "#wood door texture", "cullface": "east"},
				"south": {"uv": [14.25, 6.5, 15, 9], "texture": "#wood door texture"},
				"west": {"uv": [7.25, 6.5, 8.75, 9], "texture": "#wood door texture"},
				"up": {"uv": [15.25, 7.25, 16, 8.75], "texture": "#wood door texture"},
				"down": {"uv": [1.75, 8.75, 1, 7.25], "texture": "#wood door texture"}
			}
		},
		{
			"from": [15.5, 7.5, 7.25],
			"to": [18.75, 9.5, 8.75],
			"rotation": {"angle": -22.5, "axis": "z", "origin": [15.5, 9.25, 7.25]},
			"faces": {
				"north": {"uv": [11.75, 5, 15, 6.75], "texture": "#wood door texture", "cullface": "east"},
				"east": {"uv": [7.25, 6.75, 8.75, 8.5], "texture": "#wood door texture", "cullface": "east"},
				"south": {"uv": [11.75, 5, 15, 6.75], "texture": "#wood door texture", "cullface": "east"},
				"west": {"uv": [7.25, 6.75, 8.75, 8.5], "texture": "#wood door texture", "cullface": "east"},
				"up": {"uv": [11.75, 0, 15, 1.5], "texture": "#wood door texture", "cullface": "east"},
				"down": {"uv": [11.75, 0, 15, 1.5], "texture": "#wood door texture", "cullface": "east"}
			}
		},
		{
			"from": [17.2, 4, 7.5],
			"to": [18.95, 7.25, 8.5],
			"rotation": {"angle": 45, "axis": "z", "origin": [17.5, 7.25, 7.5]},
			"faces": {
				"north": {"uv": [11, 9.75, 12.5, 12.25], "texture": "#wood door texture", "cullface": "east"},
				"east": {"uv": [7.5, 9.75, 8.5, 12.25], "texture": "#wood door texture", "cullface": "east"},
				"south": {"uv": [11, 9.75, 12.5, 12.25], "texture": "#wood door texture", "cullface": "east"},
				"west": {"uv": [7.5, 9.75, 8.5, 12.25], "texture": "#wood door texture", "cullface": "east"},
				"up": {"uv": [11, 7.5, 12.5, 8.5], "texture": "#wood door texture", "cullface": "east"},
				"down": {"uv": [11, 7.5, 12.5, 8.5], "texture": "#wood door texture", "cullface": "east"}
			}
		},
		{
			"from": [12.5, 7, 7.5],
			"to": [13, 7.25, 8.5],
			"faces": {
				"north": {"uv": [2.75, 8.75, 3.5, 9], "texture": "#texture"},
				"south": {"uv": [12.5, 8.75, 13.25, 9], "texture": "#texture"},
				"west": {"uv": [7.5, 8.75, 8.5, 9], "texture": "#texture"},
				"down": {"uv": [3.5, 8.5, 2.75, 7.5], "texture": "#texture"}
			}
		},
		{
			"from": [13.25, 6, 7.5],
			"to": [13.5, 6.25, 8.5],
			"faces": {
				"north": {"uv": [2.25, 9.75, 2.5, 10], "texture": "#texture"},
				"east": {"uv": [7.5, 9.75, 8.5, 10], "texture": "#texture"},
				"south": {"uv": [13.5, 9.75, 13.75, 10], "texture": "#texture"},
				"up": {"uv": [13.5, 7.5, 13.75, 8.5], "texture": "#texture"}
			}
		},
		{
			"from": [13.25, 6, 7.5],
			"to": [13.5, 6.25, 8.5],
			"faces": {
				"north": {"uv": [2.25, 9.75, 2.5, 10], "texture": "#texture"},
				"east": {"uv": [7.5, 9.75, 8.5, 10], "texture": "#texture"},
				"south": {"uv": [13.5, 9.75, 13.75, 10], "texture": "#texture"},
				"up": {"uv": [13.5, 7.5, 13.75, 8.5], "texture": "#texture"}
			}
		},
		{
			"from": [13, 6, 7.5],
			"to": [13.25, 7.25, 8.5],
			"faces": {
				"north": {"uv": [2.5, 8.75, 2.75, 10], "texture": "#texture"},
				"east": {"uv": [7.5, 8.75, 8.5, 10], "texture": "#texture"},
				"south": {"uv": [13.25, 8.75, 13.5, 10], "texture": "#texture"},
				"west": {"uv": [7.5, 8.75, 8.5, 10], "texture": "#texture"},
				"down": {"uv": [2.75, 8.5, 2.5, 7.5], "texture": "#texture"}
			}
		},
		{
			"from": [13.25, 5.75, 7.5],
			"to": [15.25, 6, 8.5],
			"faces": {
				"north": {"uv": [0.75, 10, 2.5, 10.25], "texture": "#texture"},
				"east": {"uv": [7.5, 10, 8.5, 10.25], "texture": "#texture"},
				"south": {"uv": [13.5, 10, 15.25, 10.25], "texture": "#texture"},
				"west": {"uv": [7.5, 10, 8.5, 10.25], "texture": "#texture"},
				"up": {"uv": [13.5, 7.5, 15.25, 8.5], "texture": "#texture"},
				"down": {"uv": [2.5, 8.5, 0.75, 7.5], "texture": "#texture"}
			}
		},
		{
			"from": [12, 7.25, 7.25],
			"to": [15.25, 7.5, 8.75],
			"faces": {
				"north": {"uv": [0.75, 10, 2.5, 10.25], "texture": "#texture"},
				"east": {"uv": [7.5, 10, 8.5, 10.25], "texture": "#texture"},
				"south": {"uv": [13.5, 10, 15.25, 10.25], "texture": "#texture"},
				"west": {"uv": [7.5, 10, 8.5, 10.25], "texture": "#texture"},
				"up": {"uv": [13.5, 7.5, 15.25, 8.5], "texture": "#texture"},
				"down": {"uv": [2.5, 8.5, 0.75, 7.5], "texture": "#texture"}
			}
		},
		{
			"from": [15.2, 9.75, 9],
			"to": [15.8, 10.15, 9.25],
			"rotation": {"angle": 0, "axis": "z", "origin": [-3.1, 6.8, 0]},
			"faces": {
				"north": {"uv": [0.75, 10, 2.5, 10.25], "texture": "#texture"},
				"east": {"uv": [7.5, 10, 8.5, 10.25], "texture": "#texture"},
				"south": {"uv": [13.5, 10, 15.25, 10.25], "texture": "#texture"},
				"west": {"uv": [7.5, 10, 8.5, 10.25], "texture": "#texture"},
				"up": {"uv": [13.5, 7.5, 15.25, 8.5], "texture": "#texture"},
				"down": {"uv": [2.5, 8.5, 0.75, 7.5], "texture": "#texture"}
			}
		},
		{
			"from": [7.8, 22.25, 9],
			"to": [8.175, 23.05, 9.25],
			"rotation": {"angle": -45, "axis": "z", "origin": [-3.1, 6.8, 0]},
			"faces": {
				"north": {"uv": [0.75, 10, 2.5, 10.25], "rotation": 90, "texture": "#texture"},
				"east": {"uv": [2.5, 8.5, 0.75, 7.5], "rotation": 270, "texture": "#texture"},
				"south": {"uv": [13.5, 10, 15.25, 10.25], "rotation": 270, "texture": "#texture"},
				"west": {"uv": [13.5, 7.5, 15.25, 8.5], "rotation": 270, "texture": "#texture"},
				"up": {"uv": [7.5, 10, 8.5, 10.25], "rotation": 270, "texture": "#texture"},
				"down": {"uv": [7.5, 10, 8.5, 10.25], "rotation": 270, "texture": "#texture"}
			}
		},
		{
			"from": [7.8, 22.25, 6.75],
			"to": [8.175, 23.05, 7],
			"rotation": {"angle": -45, "axis": "z", "origin": [-3.1, 6.8, 0]},
			"faces": {
				"north": {"uv": [0.75, 10, 2.5, 10.25], "rotation": 90, "texture": "#texture"},
				"east": {"uv": [2.5, 8.5, 0.75, 7.5], "rotation": 270, "texture": "#texture"},
				"south": {"uv": [13.5, 10, 15.25, 10.25], "rotation": 270, "texture": "#texture"},
				"west": {"uv": [13.5, 7.5, 15.25, 8.5], "rotation": 270, "texture": "#texture"},
				"up": {"uv": [7.5, 10, 8.5, 10.25], "rotation": 270, "texture": "#texture"},
				"down": {"uv": [7.5, 10, 8.5, 10.25], "rotation": 270, "texture": "#texture"}
			}
		},
		{
			"from": [13.175, 17.375, 6.75],
			"to": [13.575, 17.65, 7],
			"rotation": {"angle": -22.5, "axis": "z", "origin": [-3.1, 6.8, 0]},
			"faces": {
				"north": {"uv": [0.75, 10, 2.5, 10.25], "rotation": 90, "texture": "#texture"},
				"east": {"uv": [2.5, 8.5, 0.75, 7.5], "rotation": 270, "texture": "#texture"},
				"south": {"uv": [13.5, 10, 15.25, 10.25], "rotation": 270, "texture": "#texture"},
				"west": {"uv": [13.5, 7.5, 15.25, 8.5], "rotation": 270, "texture": "#texture"},
				"up": {"uv": [7.5, 10, 8.5, 10.25], "rotation": 270, "texture": "#texture"},
				"down": {"uv": [7.5, 10, 8.5, 10.25], "rotation": 270, "texture": "#texture"}
			}
		},
		{
			"from": [12.8, 16.575, 7.75],
			"to": [14.675, 16.85, 8.25],
			"rotation": {"angle": -22.5, "axis": "z", "origin": [-3.1, 6.8, 0]},
			"faces": {
				"north": {"uv": [0.75, 10, 2.5, 10.25], "rotation": 90, "texture": "#texture"},
				"east": {"uv": [2.5, 8.5, 0.75, 7.5], "rotation": 270, "texture": "#texture"},
				"south": {"uv": [13.5, 10, 15.25, 10.25], "rotation": 270, "texture": "#texture"},
				"west": {"uv": [13.5, 7.5, 15.25, 8.5], "rotation": 270, "texture": "#texture"},
				"up": {"uv": [7.5, 10, 8.5, 10.25], "rotation": 270, "texture": "#texture"},
				"down": {"uv": [7.5, 10, 8.5, 10.25], "rotation": 270, "texture": "#texture"}
			}
		},
		{
			"from": [15.25, 9.725, 7.25],
			"to": [15.5, 10, 8.75],
			"rotation": {"angle": 0, "axis": "z", "origin": [-3.1, 6.8, 0]},
			"faces": {
				"north": {"uv": [0.75, 10, 2.5, 10.25], "rotation": 90, "texture": "#texture"},
				"east": {"uv": [2.5, 8.5, 0.75, 7.5], "rotation": 270, "texture": "#texture"},
				"south": {"uv": [13.5, 10, 15.25, 10.25], "rotation": 270, "texture": "#texture"},
				"west": {"uv": [13.5, 7.5, 15.25, 8.5], "rotation": 270, "texture": "#texture"},
				"up": {"uv": [7.5, 10, 8.5, 10.25], "rotation": 270, "texture": "#texture"},
				"down": {"uv": [7.5, 10, 8.5, 10.25], "rotation": 270, "texture": "#texture"}
			}
		},
		{
			"from": [13.175, 17.375, 9],
			"to": [13.575, 17.65, 9.25],
			"rotation": {"angle": -22.5, "axis": "z", "origin": [-3.1, 6.8, 0]},
			"faces": {
				"north": {"uv": [0.75, 10, 2.5, 10.25], "rotation": 90, "texture": "#texture"},
				"east": {"uv": [2.5, 8.5, 0.75, 7.5], "rotation": 270, "texture": "#texture"},
				"south": {"uv": [13.5, 10, 15.25, 10.25], "rotation": 270, "texture": "#texture"},
				"west": {"uv": [13.5, 7.5, 15.25, 8.5], "rotation": 270, "texture": "#texture"},
				"up": {"uv": [7.5, 10, 8.5, 10.25], "rotation": 270, "texture": "#texture"},
				"down": {"uv": [7.5, 10, 8.5, 10.25], "rotation": 270, "texture": "#texture"}
			}
		},
		{
			"from": [15.2, 9.75, 6.75],
			"to": [15.8, 10.15, 7],
			"rotation": {"angle": 0, "axis": "z", "origin": [-3.1, 6.8, 0]},
			"faces": {
				"north": {"uv": [0.75, 10, 2.5, 10.25], "texture": "#texture"},
				"east": {"uv": [7.5, 10, 8.5, 10.25], "texture": "#texture"},
				"south": {"uv": [13.5, 10, 15.25, 10.25], "texture": "#texture"},
				"west": {"uv": [7.5, 10, 8.5, 10.25], "texture": "#texture"},
				"up": {"uv": [13.5, 7.5, 15.25, 8.5], "texture": "#texture"},
				"down": {"uv": [2.5, 8.5, 0.75, 7.5], "texture": "#texture"}
			}
		},
		{
			"from": [15.075, 8.6, 9],
			"to": [15.9, 9.4, 9.25],
			"faces": {
				"north": {"uv": [0.75, 10, 2.5, 10.25], "texture": "#texture"},
				"east": {"uv": [7.5, 10, 8.5, 10.25], "texture": "#texture"},
				"south": {"uv": [13.5, 10, 15.25, 10.25], "texture": "#texture"},
				"west": {"uv": [7.5, 10, 8.5, 10.25], "texture": "#texture"},
				"up": {"uv": [13.5, 7.5, 15.25, 8.5], "texture": "#texture"},
				"down": {"uv": [2.5, 8.5, 0.75, 7.5], "texture": "#texture"}
			}
		},
		{
			"from": [15.25, 9.4, 9],
			"to": [15.75, 9.75, 9.25],
			"faces": {
				"north": {"uv": [0.75, 10, 2.5, 10.25], "texture": "#texture"},
				"east": {"uv": [7.5, 10, 8.5, 10.25], "texture": "#texture"},
				"south": {"uv": [13.5, 10, 15.25, 10.25], "texture": "#texture"},
				"west": {"uv": [7.5, 10, 8.5, 10.25], "texture": "#texture"},
				"up": {"uv": [13.5, 7.5, 15.25, 8.5], "texture": "#texture"},
				"down": {"uv": [2.5, 8.5, 0.75, 7.5], "texture": "#texture"}
			}
		},
		{
			"from": [15.25, 9.4, 6.75],
			"to": [15.75, 9.75, 7],
			"faces": {
				"north": {"uv": [0.75, 10, 2.5, 10.25], "texture": "#texture"},
				"east": {"uv": [7.5, 10, 8.5, 10.25], "texture": "#texture"},
				"south": {"uv": [13.5, 10, 15.25, 10.25], "texture": "#texture"},
				"west": {"uv": [7.5, 10, 8.5, 10.25], "texture": "#texture"},
				"up": {"uv": [13.5, 7.5, 15.25, 8.5], "texture": "#texture"},
				"down": {"uv": [2.5, 8.5, 0.75, 7.5], "texture": "#texture"}
			}
		},
		{
			"from": [15.075, 8.6, 6.75],
			"to": [15.9, 9.4, 7],
			"faces": {
				"north": {"uv": [0.75, 10, 2.5, 10.25], "texture": "#texture"},
				"east": {"uv": [7.5, 10, 8.5, 10.25], "texture": "#texture"},
				"south": {"uv": [13.5, 10, 15.25, 10.25], "texture": "#texture"},
				"west": {"uv": [7.5, 10, 8.5, 10.25], "texture": "#texture"},
				"up": {"uv": [13.5, 7.5, 15.25, 8.5], "texture": "#texture"},
				"down": {"uv": [2.5, 8.5, 0.75, 7.5], "texture": "#texture"}
			}
		},
		{
			"from": [15.25, 6, 7.5],
			"to": [15.5, 7, 8.5],
			"faces": {
				"north": {"uv": [0.5, 9, 0.75, 10], "texture": "#texture"},
				"east": {"uv": [7.5, 9, 8.5, 10], "texture": "#texture"},
				"south": {"uv": [15.25, 9, 15.5, 10], "texture": "#texture"},
				"west": {"uv": [7.5, 9, 8.5, 10], "texture": "#texture"},
				"down": {"uv": [0.75, 8.5, 0.5, 7.5], "texture": "#texture"}
			}
		},
		{
			"from": [15.5, 6.75, 7.5],
			"to": [16, 7, 8.5],
			"faces": {
				"north": {"uv": [0.5, 9, 0.75, 10], "texture": "#texture"},
				"east": {"uv": [7.5, 9, 8.5, 10], "texture": "#texture"},
				"south": {"uv": [15.25, 9, 15.5, 10], "texture": "#texture"},
				"west": {"uv": [7.5, 9, 8.5, 10], "texture": "#texture"},
				"down": {"uv": [0.75, 8.5, 0.5, 7.5], "texture": "#texture"}
			}
		},
		{
			"from": [14.575, 6.375, 7.75],
			"to": [14.825, 7.625, 8.25],
			"rotation": {"angle": 0, "axis": "z", "origin": [14.5, 7.5, 7.75]},
			"faces": {
				"north": {"uv": [0.75, 2, 1.25, 3.25], "texture": "#texture"},
				"east": {"uv": [7.75, 2, 8.25, 3.25], "texture": "#texture"},
				"south": {"uv": [14.75, 2, 15.25, 3.25], "texture": "#texture"},
				"west": {"uv": [7.75, 2, 8.25, 3.25], "texture": "#texture"},
				"down": {"uv": [1.25, 8.25, 0.75, 7.75], "texture": "#texture"}
			}
		},
		{
			"from": [14.25, 6.4, 7.75],
			"to": [14.5, 7.65, 8.25],
			"rotation": {"angle": -22.5, "axis": "z", "origin": [14.5, 7.5, 7.75]},
			"faces": {
				"north": {"uv": [0.75, 2, 1.25, 3.25], "texture": "#texture"},
				"east": {"uv": [7.75, 2, 8.25, 3.25], "texture": "#texture"},
				"south": {"uv": [14.75, 2, 15.25, 3.25], "texture": "#texture"},
				"west": {"uv": [7.75, 2, 8.25, 3.25], "texture": "#texture"},
				"down": {"uv": [1.25, 8.25, 0.75, 7.75], "texture": "#texture"}
			}
		},
		{
			"from": [15, 6, 7.5],
			"to": [15.25, 6.25, 8.5],
			"faces": {
				"north": {"uv": [0.75, 9.75, 1, 10], "texture": "#texture"},
				"south": {"uv": [15, 9.75, 15.25, 10], "texture": "#texture"},
				"west": {"uv": [7.5, 9.75, 8.5, 10], "texture": "#texture"},
				"up": {"uv": [15, 7.5, 15.25, 8.5], "texture": "#texture"}
			}
		},
		{
			"from": [4.75, 8.5, 7.05],
			"to": [11.75, 8.75, 8.95],
			"faces": {
				"north": {"uv": [6, 7.25, 12.25, 7.5], "texture": "#wood door texture"},
				"south": {"uv": [3.75, 7.25, 10, 7.5], "texture": "#wood door texture"},
				"west": {"uv": [6.75, 7.25, 9.25, 7.5], "texture": "#wood door texture"},
				"up": {"uv": [3.75, 6.75, 10, 9.25], "texture": "#wood door texture"},
				"down": {"uv": [12.25, 9.25, 6, 6.75], "texture": "#wood door texture"}
			}
		},
		{
			"from": [5.75, 8.25, 7.1],
			"to": [11.75, 8.5, 8.9],
			"faces": {
				"north": {"uv": [6, 7.5, 11.5, 7.75], "texture": "#wood door texture"},
				"south": {"uv": [4.5, 7.5, 10, 7.75], "texture": "#wood door texture"},
				"west": {"uv": [6.75, 7.5, 9.25, 7.75], "texture": "#wood door texture"},
				"down": {"uv": [11.5, 9.25, 6, 6.75], "texture": "#wood door texture"}
			}
		},
		{
			"from": [7, 8, 7.175],
			"to": [11.75, 8.25, 8.825],
			"faces": {
				"north": {"uv": [6, 7.75, 10.25, 8], "texture": "#wood door texture"},
				"south": {"uv": [5.75, 7.75, 10, 8], "texture": "#wood door texture"},
				"west": {"uv": [6.75, 7.75, 9.25, 8], "texture": "#wood door texture"},
				"down": {"uv": [10.25, 9.25, 6, 6.75], "texture": "#wood door texture"}
			}
		},
		{
			"from": [8.25, 7.75, 7.3],
			"to": [11.75, 8, 8.7],
			"faces": {
				"north": {"uv": [6, 8, 8.5, 8.25], "texture": "#wood door texture"},
				"south": {"uv": [7.5, 8, 10, 8.25], "texture": "#wood door texture"},
				"west": {"uv": [7, 8, 9, 8.25], "texture": "#wood door texture"},
				"down": {"uv": [8.5, 9, 6, 7], "texture": "#wood door texture"}
			}
		}
	],
	"display": {
		"thirdperson_righthand": {
			"rotation": [0, -90, 0],
			"translation": [0, 0.5, -5.25],
			"scale": [0.84, 0.8, 1]
		},
		"thirdperson_lefthand": {
			"rotation": [0, 90, 0],
			"translation": [0, 0.5, -5.25],
			"scale": [0.84, 0.8, 1]
		},
		"firstperson_righthand": {
			"rotation": [47.07, -79.61, 24.79],
			"translation": [0, 3.5, -7.75]
		},
		"firstperson_lefthand": {
			"rotation": [-136.79, 78.54, 157.84],
			"translation": [2.25, 4.25, -9.25]
		},
		"ground": {
			"scale": [1, 1, 1.15]
		},
		"gui": {
			"rotation": [0, 0, -45],
			"translation": [-2, 2, 0],
			"scale": [0.9, 0.9, 0.9]
		},
		"fixed": {
			"rotation": [0, 180, -45],
			"translation": [2.25, 2.5, 0],
			"scale": [1.15, 1.15, 1.25]
		}
	}
}