{
	"credit": "Made by SrDarmith - YouTube: Mainclay",
	"textures": {
		"0": "blocks/anvil 1",
		"1": "blocks/hardened clay stained cyan",
		"particle": "blocks/anvil 1"
	},
	"elements": [
		{
			"name": "Element",
			"from": [-7, 9.25, 7.75],
			"to": [-1.75, 10, 8.3],
			"faces": {
				"north": {"uv": [16, 6, 16, 6.5], "texture": "#0"},
				"east": {"uv": [7.75, 6, 8.25, 6.5], "texture": "#0"},
				"south": {"uv": [0, 6, 0, 6.5], "texture": "#0"},
				"west": {"uv": [7.75, 6, 8.25, 6.5], "texture": "#0", "cullface": "west"},
				"up": {"uv": [0, 7.75, 0, 8.25], "texture": "#0"},
				"down": {"uv": [16, 8.25, 16, 7.75], "texture": "#0"}
			}
		},
		{
			"name": "Element",
			"from": [-1.75, 10, 7.25],
			"to": [9.25, 10.25, 8.75],
			"faces": {
				"north": {"uv": [6.75, 5.75, 16, 6], "texture": "#0"},
				"east": {"uv": [7.25, 5.75, 8.75, 6], "texture": "#0"},
				"south": {"uv": [0, 5.75, 9.25, 6], "texture": "#0"},
				"west": {"uv": [7.25, 5.75, 8.75, 6], "texture": "#0", "cullface": "west"},
				"up": {"uv": [0, 7.25, 9.25, 8.75], "texture": "#0"},
				"down": {"uv": [16, 8.75, 6.75, 7.25], "texture": "#0"}
			}
		},
		{
			"name": "Element",
			"from": [-1.75, 9.75, 7.25],
			"to": [-1, 10, 8.75],
			"faces": {
				"north": {"uv": [16, 6, 16, 6.25], "texture": "#0"},
				"east": {"uv": [7.25, 6, 8.75, 6.25], "texture": "#0"},
				"south": {"uv": [0, 6, 0, 6.25], "texture": "#0"},
				"west": {"uv": [7.25, 6, 8.75, 6.25], "texture": "#0", "cullface": "west"}
			}
		},
		{
			"name": "Element",
			"from": [0, 9.75, 7.25],
			"to": [0.25, 10, 8.75],
			"faces": {
				"north": {"uv": [15.75, 6, 16, 6.25], "texture": "#0"},
				"east": {"uv": [7.25, 6, 8.75, 6.25], "texture": "#0"},
				"south": {"uv": [0, 6, 0.25, 6.25], "texture": "#0"},
				"west": {"uv": [7.25, 6, 8.75, 6.25], "texture": "#0", "cullface": "west"}
			}
		},
		{
			"name": "Element",
			"from": [1.25, 9.75, 7.25],
			"to": [1.5, 10, 8.75],
			"faces": {
				"north": {"uv": [14.5, 6, 14.75, 6.25], "texture": "#0"},
				"east": {"uv": [7.25, 6, 8.75, 6.25], "texture": "#0"},
				"south": {"uv": [1.25, 6, 1.5, 6.25], "texture": "#0"},
				"west": {"uv": [7.25, 6, 8.75, 6.25], "texture": "#0"}
			}
		},
		{
			"name": "Element",
			"from": [2.5, 9.75, 7.25],
			"to": [2.75, 10, 8.75],
			"faces": {
				"north": {"uv": [13.25, 6, 13.5, 6.25], "texture": "#0"},
				"east": {"uv": [7.25, 6, 8.75, 6.25], "texture": "#0"},
				"south": {"uv": [2.5, 6, 2.75, 6.25], "texture": "#0"},
				"west": {"uv": [7.25, 6, 8.75, 6.25], "texture": "#0"}
			}
		},
		{
			"name": "Element",
			"from": [3.75, 9.75, 7.25],
			"to": [4, 10, 8.75],
			"faces": {
				"north": {"uv": [12, 6, 12.25, 6.25], "texture": "#0"},
				"east": {"uv": [7.25, 6, 8.75, 6.25], "texture": "#0"},
				"south": {"uv": [3.75, 6, 4, 6.25], "texture": "#0"},
				"west": {"uv": [7.25, 6, 8.75, 6.25], "texture": "#0"}
			}
		},
		{
			"name": "Element",
			"from": [5, 9.75, 7.25],
			"to": [5.25, 10, 8.75],
			"faces": {
				"north": {"uv": [10.75, 6, 11, 6.25], "texture": "#0"},
				"east": {"uv": [7.25, 6, 8.75, 6.25], "texture": "#0"},
				"south": {"uv": [5, 6, 5.25, 6.25], "texture": "#0"},
				"west": {"uv": [7.25, 6, 8.75, 6.25], "texture": "#0"}
			}
		},
		{
			"name": "Element",
			"from": [6.25, 9.75, 7.25],
			"to": [6.5, 10, 8.75],
			"faces": {
				"north": {"uv": [9.5, 6, 9.75, 6.25], "texture": "#0"},
				"east": {"uv": [7.25, 6, 8.75, 6.25], "texture": "#0"},
				"south": {"uv": [6.25, 6, 6.5, 6.25], "texture": "#0"},
				"west": {"uv": [7.25, 6, 8.75, 6.25], "texture": "#0"}
			}
		},
		{
			"name": "Element",
			"from": [7.5, 9.75, 7.25],
			"to": [7.75, 10, 8.75],
			"faces": {
				"north": {"uv": [8.25, 6, 8.5, 6.25], "texture": "#0"},
				"east": {"uv": [7.25, 6, 8.75, 6.25], "texture": "#0"},
				"south": {"uv": [7.5, 6, 7.75, 6.25], "texture": "#0"},
				"west": {"uv": [7.25, 6, 8.75, 6.25], "texture": "#0"}
			}
		},
		{
			"name": "Element",
			"from": [8.75, 9.75, 7.25],
			"to": [9.25, 10, 8.75],
			"faces": {
				"north": {"uv": [6.75, 6, 7.25, 6.25], "texture": "#0"},
				"east": {"uv": [7.25, 6, 8.75, 6.25], "texture": "#0"},
				"south": {"uv": [8.75, 6, 9.25, 6.25], "texture": "#0"},
				"west": {"uv": [7.25, 6, 8.75, 6.25], "texture": "#0"}
			}
		},
		{
			"name": "Element",
			"from": [-1, 10.25, 7.5],
			"to": [4.25, 10.4, 8.5],
			"faces": {
				"north": {"uv": [6.75, 5.5, 11, 5.75], "texture": "#0"},
				"east": {"uv": [7.5, 5.5, 8.5, 5.75], "texture": "#0"},
				"south": {"uv": [5, 5.5, 9.25, 5.75], "texture": "#0"},
				"west": {"uv": [7.5, 5.5, 8.5, 5.75], "texture": "#0"},
				"up": {"uv": [5, 7.5, 9.25, 8.5], "texture": "#0"}
			}
		},
		{
			"name": "Element",
			"from": [-1.75, 9.5, 7.25],
			"to": [9.25, 9.75, 8.75],
			"faces": {
				"north": {"uv": [6.75, 6.25, 16, 6.5], "texture": "#0"},
				"east": {"uv": [7.25, 6.25, 8.75, 6.5], "texture": "#0"},
				"south": {"uv": [0, 6.25, 9.25, 6.5], "texture": "#0"},
				"west": {"uv": [7.25, 6.25, 8.75, 6.5], "texture": "#0", "cullface": "west"},
				"up": {"uv": [0, 7.25, 9.25, 8.75], "texture": "#0"},
				"down": {"uv": [16, 8.75, 6.75, 7.25], "texture": "#0"}
			}
		},
		{
			"name": "Element",
			"from": [-1, 9, 7.5],
			"to": [9, 9.5, 8.5],
			"faces": {
				"north": {"uv": [7, 6.5, 16, 7], "texture": "#0"},
				"south": {"uv": [0, 6.5, 9, 7], "texture": "#0"}
			}
		},
		{
			"name": "Element",
			"from": [9, 8.25, 7.25],
			"to": [9.25, 9.5, 8.75],
			"faces": {
				"north": {"uv": [6.75, 6.5, 7, 7.75], "texture": "#0"},
				"east": {"uv": [7.25, 6.5, 8.75, 7.75], "texture": "#0"},
				"south": {"uv": [9, 6.5, 9.25, 7.75], "texture": "#0"},
				"west": {"uv": [7.25, 6.5, 8.75, 7.75], "texture": "#0"},
				"down": {"uv": [7, 8.75, 6.75, 7.25], "texture": "#0"}
			}
		},
		{
			"name": "Element",
			"from": [-1.75, 8.25, 7.25],
			"to": [-1, 9.5, 8.75],
			"faces": {
				"north": {"uv": [16, 6.5, 16, 7.75], "texture": "#0"},
				"east": {"uv": [7.25, 6.5, 8.75, 7.75], "texture": "#0"},
				"south": {"uv": [0, 6.5, 0, 7.75], "texture": "#0"},
				"west": {"uv": [7.25, 6.5, 8.75, 7.75], "texture": "#0", "cullface": "west"},
				"down": {"uv": [16, 8.75, 16, 7.25], "texture": "#0"}
			}
		},
		{
			"name": "Element",
			"from": [-1, 8.75, 7.25],
			"to": [9, 9, 8.75],
			"faces": {
				"north": {"uv": [7, 7, 16, 7.25], "texture": "#0"},
				"south": {"uv": [0, 7, 9, 7.25], "texture": "#0"},
				"up": {"uv": [0, 7.25, 9, 8.75], "texture": "#0"},
				"down": {"uv": [16, 8.75, 7, 7.25], "texture": "#0"}
			}
		},
		{
			"name": "Element",
			"from": [-1.75, 8, 7.5],
			"to": [9.25, 8.25, 8.5],
			"faces": {
				"north": {"uv": [6.75, 7.75, 16, 8], "texture": "#0"},
				"east": {"uv": [7.5, 7.75, 8.5, 8], "texture": "#0"},
				"south": {"uv": [0, 7.75, 9.25, 8], "texture": "#0"},
				"west": {"uv": [7.5, 7.75, 8.5, 8], "texture": "#0", "cullface": "west"},
				"up": {"uv": [0, 7.5, 9.25, 8.5], "texture": "#0"},
				"down": {"uv": [16, 8.5, 6.75, 7.5], "texture": "#0"}
			}
		},
		{
			"name": "Element",
			"from": [-1.5, 8, 7],
			"to": [7, 9.5, 9],
			"faces": {
				"north": {"uv": [9, 6.5, 16, 8], "texture": "#1"},
				"east": {"uv": [7, 6.5, 9, 8], "texture": "#1"},
				"south": {"uv": [0, 6.5, 7, 8], "texture": "#1"},
				"west": {"uv": [7, 6.5, 9, 8], "texture": "#1", "cullface": "west"},
				"up": {"uv": [0, 7, 7, 9], "texture": "#1"},
				"down": {"uv": [16, 9, 9, 7], "texture": "#1"}
			}
		},
		{
			"name": "Element",
			"from": [-1.5, 7.75, 7.25],
			"to": [7, 8, 8.75],
			"faces": {
				"north": {"uv": [9, 8, 16, 8.25], "texture": "#1"},
				"east": {"uv": [7.25, 8, 8.75, 8.25], "texture": "#1"},
				"south": {"uv": [0, 8, 7, 8.25], "texture": "#1"},
				"west": {"uv": [7.25, 8, 8.75, 8.25], "texture": "#1", "cullface": "west"},
				"down": {"uv": [16, 8.75, 9, 7.25], "texture": "#1"}
			}
		},
		{
			"name": "Element",
			"from": [6.5, 7.5, 7.25],
			"to": [7, 7.75, 8.75],
			"faces": {
				"north": {"uv": [9, 8.25, 9.5, 8.5], "texture": "#1"},
				"east": {"uv": [7.25, 8.25, 8.75, 8.5], "texture": "#1"},
				"south": {"uv": [6.5, 8.25, 7, 8.5], "texture": "#1"},
				"west": {"uv": [7.25, 8.25, 8.75, 8.5], "texture": "#1"},
				"down": {"uv": [9.5, 8.75, 9, 7.25], "texture": "#1"}
			}
		},
		{
			"name": "Element",
			"from": [-1, 7.5, 7.5],
			"to": [3.5, 7.75, 8.5],
			"faces": {
				"north": {"uv": [12.5, 8.25, 16, 8.5], "texture": "#1"},
				"east": {"uv": [7.5, 8.25, 8.5, 8.5], "texture": "#1"},
				"south": {"uv": [0, 8.25, 3.5, 8.5], "texture": "#1"},
				"west": {"uv": [7.5, 8.25, 8.5, 8.5], "texture": "#1", "cullface": "west"},
				"down": {"uv": [16, 8.5, 12.5, 7.5], "texture": "#1"}
			}
		},
		{
			"name": "Element",
			"from": [-8, 9.15, 7.75],
			"to": [-6.75, 9.4, 8.3],
			"faces": {
				"north": {"uv": [16, 6.5, 16, 6.75], "texture": "#0"},
				"east": {"uv": [7.75, 6.5, 8.25, 6.75], "texture": "#0"},
				"south": {"uv": [0, 6.5, 0, 6.75], "texture": "#0"},
				"west": {"uv": [7.75, 6.5, 8.25, 6.75], "texture": "#0", "cullface": "west"},
				"up": {"uv": [0, 7.75, 0, 8.25], "texture": "#0"},
				"down": {"uv": [16, 8.25, 16, 7.75], "texture": "#0"}
			}
		},
		{
			"name": "Element",
			"from": [-8, 9.85, 7.75],
			"to": [-6.75, 10.1, 8.3],
			"faces": {
				"north": {"uv": [16, 5.75, 16, 6], "texture": "#0"},
				"east": {"uv": [7.75, 5.75, 8.25, 6], "texture": "#0"},
				"south": {"uv": [0, 5.75, 0, 6], "texture": "#0"},
				"west": {"uv": [7.75, 5.75, 8.25, 6], "texture": "#0", "cullface": "west"},
				"up": {"uv": [0, 7.75, 0, 8.25], "texture": "#0"},
				"down": {"uv": [16, 8.25, 16, 7.75], "texture": "#0"}
			}
		},
		{
			"name": "Element",
			"from": [-8, 9.375, 7.5],
			"to": [-6.75, 9.875, 7.75],
			"faces": {
				"north": {"uv": [16, 6, 16, 6.5], "texture": "#0"},
				"east": {"uv": [8.25, 6, 8.5, 6.5], "texture": "#0"},
				"south": {"uv": [0, 6, 0, 6.5], "texture": "#0"},
				"west": {"uv": [7.5, 6, 7.75, 6.5], "texture": "#0", "cullface": "west"},
				"up": {"uv": [0, 7.5, 0, 7.75], "texture": "#0"},
				"down": {"uv": [16, 7.75, 16, 7.5], "texture": "#0"}
			}
		},
		{
			"name": "Element",
			"from": [-8, 9.375, 8.3],
			"to": [-6.75, 9.875, 8.55],
			"faces": {
				"north": {"uv": [16, 6, 16, 6.5], "texture": "#0"},
				"east": {"uv": [7.5, 6, 7.75, 6.5], "texture": "#0"},
				"south": {"uv": [0, 6, 0, 6.5], "texture": "#0"},
				"west": {"uv": [8.25, 6, 8.5, 6.5], "texture": "#0", "cullface": "west"},
				"up": {"uv": [0, 8.25, 0, 8.5], "texture": "#0"},
				"down": {"uv": [16, 8.5, 16, 8.25], "texture": "#0"}
			}
		},
		{
			"name": "Element",
			"from": [7, 8.25, 7.25],
			"to": [9, 8.5, 8.75],
			"faces": {
				"north": {"uv": [7, 7.5, 9, 7.75], "texture": "#0"},
				"south": {"uv": [7, 7.5, 9, 7.75], "texture": "#0"},
				"up": {"uv": [7, 7.25, 9, 8.75], "texture": "#0"},
				"down": {"uv": [9, 8.75, 7, 7.25], "texture": "#0"}
			}
		},
		{
			"name": "Element",
			"from": [7.75, 8.5, 7.25],
			"to": [8.25, 8.75, 8.75],
			"faces": {
				"north": {"uv": [7.75, 7.25, 8.25, 7.5], "texture": "#0"},
				"east": {"uv": [7.25, 7.25, 8.75, 7.5], "texture": "#0"},
				"south": {"uv": [7.75, 7.25, 8.25, 7.5], "texture": "#0"},
				"west": {"uv": [7.25, 7.25, 8.75, 7.5], "texture": "#0"}
			}
		},
		{
			"name": "Element",
			"from": [-1.5, 8.25, 7.75],
			"to": [9, 10, 8.25],
			"faces": {
				"north": {"uv": [7, 6, 16, 7.75], "texture": "#1"},
				"east": {"uv": [7.75, 6, 8.25, 7.75], "texture": "#1"},
				"south": {"uv": [0, 6, 9, 7.75], "texture": "#1"},
				"west": {"uv": [7.75, 6, 8.25, 7.75], "texture": "#1", "cullface": "west"}
			}
		},
		{
			"name": "Element",
			"from": [9.25, 9.5, 7.5],
			"to": [15.75, 10, 8.5],
			"faces": {
				"north": {"uv": [0.25, 6, 6.75, 6.5], "texture": "#0"},
				"south": {"uv": [9.25, 6, 15.75, 6.5], "texture": "#0"},
				"west": {"uv": [7.5, 6, 8.5, 6.5], "texture": "#0"},
				"up": {"uv": [9.25, 7.5, 15.75, 8.5], "texture": "#0"},
				"down": {"uv": [6.75, 8.5, 0.25, 7.5], "texture": "#0"}
			}
		},
		{
			"name": "Element",
			"from": [9.25, 10, 7.75],
			"to": [15.5, 10.25, 8.25],
			"faces": {
				"north": {"uv": [0.5, 5.75, 6.75, 6], "texture": "#0"},
				"east": {"uv": [7.75, 5.75, 8.25, 6], "texture": "#0"},
				"south": {"uv": [9.25, 5.75, 15.5, 6], "texture": "#0"},
				"up": {"uv": [9.25, 7.75, 15.5, 8.25], "texture": "#0"}
			}
		},
		{
			"name": "Element",
			"from": [15.75, 8.25, 7.5],
			"to": [17, 10, 8.5],
			"faces": {
				"north": {"uv": [0, 6, 0.25, 7.75], "texture": "#1"},
				"east": {"uv": [7.5, 6, 8.5, 7.75], "texture": "#1", "cullface": "east"},
				"south": {"uv": [15.75, 6, 16, 7.75], "texture": "#1"},
				"west": {"uv": [7.5, 6, 8.5, 7.75], "texture": "#1"},
				"up": {"uv": [15.75, 7.5, 16, 8.5], "texture": "#1"}
			}
		},
		{
			"name": "Element",
			"from": [17, 8, 7.5],
			"to": [17.25, 9.75, 8.5],
			"faces": {
				"north": {"uv": [0, 6.25, 0, 8], "texture": "#1"},
				"east": {"uv": [7.5, 6.25, 8.5, 8], "texture": "#1", "cullface": "east"},
				"south": {"uv": [16, 6.25, 16, 8], "texture": "#1"},
				"west": {"uv": [7.5, 6.25, 8.5, 8], "texture": "#1"},
				"up": {"uv": [16, 7.5, 16, 8.5], "texture": "#1"},
				"down": {"uv": [0, 8.5, 0, 7.5], "texture": "#1"}
			}
		},
		{
			"name": "Element",
			"from": [17.25, 8.25, 7.5],
			"to": [17.5, 9.5, 8.5],
			"faces": {
				"north": {"uv": [0, 6.5, 0, 7.75], "texture": "#1"},
				"east": {"uv": [7.5, 6.5, 8.5, 7.75], "texture": "#1", "cullface": "east"},
				"south": {"uv": [16, 6.5, 16, 7.75], "texture": "#1"},
				"up": {"uv": [16, 7.5, 16, 8.5], "texture": "#1"},
				"down": {"uv": [0, 8.5, 0, 7.5], "texture": "#1"}
			}
		},
		{
			"name": "Element",
			"from": [15, 7.75, 7.5],
			"to": [17, 8.25, 8.5],
			"faces": {
				"north": {"uv": [0, 7.75, 1, 8.25], "texture": "#1"},
				"east": {"uv": [7.5, 7.75, 8.5, 8.25], "texture": "#1", "cullface": "east"},
				"south": {"uv": [15, 7.75, 16, 8.25], "texture": "#1"},
				"west": {"uv": [7.5, 7.75, 8.5, 8.25], "texture": "#1"},
				"up": {"uv": [15, 7.5, 16, 8.5], "texture": "#1"},
				"down": {"uv": [1, 8.5, 0, 7.5], "texture": "#1"}
			}
		},
		{
			"name": "Element",
			"from": [13.5, 7, 7.75],
			"to": [15.5, 7.25, 8.25],
			"faces": {
				"north": {"uv": [0.5, 8.75, 2.5, 9], "texture": "#1"},
				"east": {"uv": [7.75, 8.75, 8.25, 9], "texture": "#1"},
				"south": {"uv": [13.5, 8.75, 15.5, 9], "texture": "#1"},
				"west": {"uv": [7.75, 8.75, 8.25, 9], "texture": "#1"},
				"up": {"uv": [13.5, 7.75, 15.5, 8.25], "texture": "#1"},
				"down": {"uv": [2.5, 8.25, 0.5, 7.75], "texture": "#1"}
			}
		},
		{
			"name": "Element",
			"from": [14.35, 7.55, 7.75],
			"to": [14.6, 8.55, 8.25],
			"faces": {
				"north": {"uv": [1.5, 7.5, 1.75, 8.5], "texture": "#1"},
				"east": {"uv": [7.75, 7.5, 8.25, 8.5], "texture": "#1"},
				"south": {"uv": [14.25, 7.5, 14.5, 8.5], "texture": "#1"},
				"west": {"uv": [7.75, 7.5, 8.25, 8.5], "texture": "#1"},
				"up": {"uv": [14.25, 7.75, 14.5, 8.25], "texture": "#1"},
				"down": {"uv": [1.75, 8.25, 1.5, 7.75], "texture": "#1"}
			}
		},
		{
			"name": "Element",
			"from": [13, 7.5, 7.75],
			"to": [13.25, 8.25, 8.25],
			"faces": {
				"north": {"uv": [2.75, 7.75, 3, 8.5], "texture": "#1"},
				"east": {"uv": [7.75, 7.75, 8.25, 8.5], "texture": "#1"},
				"south": {"uv": [13, 7.75, 13.25, 8.5], "texture": "#1"},
				"west": {"uv": [7.75, 7.75, 8.25, 8.5], "texture": "#1"},
				"down": {"uv": [3, 8.25, 2.75, 7.75], "texture": "#1"}
			}
		},
		{
			"name": "Element",
			"from": [-6.5, 8.25, 7.625],
			"to": [-1.75, 9, 8.375],
			"faces": {
				"north": {"uv": [16, 7, 16, 7.75], "texture": "#0"},
				"south": {"uv": [0, 7, 0, 7.75], "texture": "#0"},
				"west": {"uv": [7.625, 7, 8.375, 7.75], "texture": "#0", "cullface": "west"},
				"up": {"uv": [0, 7.625, 0, 8.375], "texture": "#0"},
				"down": {"uv": [16, 8.375, 16, 7.625], "texture": "#0"}
			}
		},
		{
			"name": "Element",
			"from": [-6.25, 8.125, 7.5],
			"to": [-6, 9.125, 8.5],
			"faces": {
				"north": {"uv": [16, 6.875, 16, 7.875], "texture": "#1"},
				"east": {"uv": [7.5, 6.875, 8.5, 7.875], "texture": "#1"},
				"south": {"uv": [0, 6.875, 0, 7.875], "texture": "#1"},
				"west": {"uv": [7.5, 6.875, 8.5, 7.875], "texture": "#1", "cullface": "west"},
				"up": {"uv": [0, 7.5, 0, 8.5], "texture": "#1"},
				"down": {"uv": [16, 8.5, 16, 7.5], "texture": "#1"}
			}
		},
		{
			"name": "Element",
			"from": [15.25, 8.25, 7.5],
			"to": [15.5, 8.75, 8.5],
			"faces": {
				"north": {"uv": [0.5, 7.25, 0.75, 7.75], "texture": "#0"},
				"south": {"uv": [15.25, 7.25, 15.5, 7.75], "texture": "#0"}
			}
		},
		{
			"name": "Element",
			"from": [9.25, 8.75, 7.5],
			"to": [15.5, 9.5, 8.5],
			"faces": {
				"north": {"uv": [0.5, 6.5, 6.75, 7.25], "texture": "#0"},
				"south": {"uv": [9.25, 6.5, 15.5, 7.25], "texture": "#0"},
				"down": {"uv": [6.75, 8.5, 0.5, 7.5], "texture": "#0"}
			}
		},
		{
			"name": "Element",
			"from": [9.25, 8.25, 7.5],
			"to": [15.25, 8.75, 8.5],
			"faces": {
				"north": {"uv": [0.75, 7.25, 6.75, 7.75], "texture": "#0"},
				"south": {"uv": [9.25, 7.25, 15.25, 7.75], "texture": "#0"},
				"down": {"uv": [6.75, 8.5, 0.75, 7.5], "texture": "#0"}
			}
		},
		{
			"name": "Element",
			"from": [15.5, 8.25, 7.5],
			"to": [15.75, 9.5, 8.5],
			"faces": {
				"north": {"uv": [0.25, 6.5, 0.5, 7.75], "texture": "#1"},
				"south": {"uv": [15.5, 6.5, 15.75, 7.75], "texture": "#1"},
				"west": {"uv": [7.5, 6.5, 8.5, 7.75], "texture": "#1"}
			}
		},
		{
			"name": "Element",
			"from": [11.5, 8.25, 7.75],
			"to": [13.5, 9, 8.25],
			"rotation": {"angle": -22.5, "axis": "z", "origin": [11.5, 9, 7.75]},
			"faces": {
				"north": {"uv": [3.25, 8, 5.25, 8.5], "texture": "#1"},
				"east": {"uv": [7.5, 8, 8.5, 8.5], "texture": "#1"},
				"south": {"uv": [10.75, 8, 12.75, 8.5], "texture": "#1"},
				"west": {"uv": [7.5, 8, 8.5, 8.5], "texture": "#1"},
				"up": {"uv": [10.75, 7.5, 12.75, 8.5], "texture": "#1"},
				"down": {"uv": [5.25, 8.5, 3.25, 7.5], "texture": "#1"}
			}
		},
		{
			"name": "Element",
			"from": [15, 4.25, 7.5],
			"to": [16.75, 8, 8.5],
			"rotation": {"angle": 22.5, "axis": "z", "origin": [15, 8, 7.5]},
			"faces": {
				"north": {"uv": [14.25, 8.25, 16, 12], "texture": "#1"},
				"east": {"uv": [7.5, 8.25, 8.5, 12], "texture": "#1", "cullface": "east"},
				"south": {"uv": [14.25, 8.25, 16, 12], "texture": "#1"},
				"west": {"uv": [7.5, 8.25, 8.5, 12], "texture": "#1"},
				"up": {"uv": [14.25, 7.5, 16, 8.5], "texture": "#1"},
				"down": {"uv": [14.25, 7.5, 16, 8.5], "texture": "#1"}
			}
		},
		{
			"name": "Cube",
			"from": [16.1, 9, 7],
			"to": [16.5, 9.6, 9],
			"faces": {
				"north": {"uv": [0, 0, 0.4, 0.6], "texture": "#1"},
				"east": {"uv": [0, 0, 2, 0.6], "texture": "#1"},
				"south": {"uv": [0, 0, 0.4, 0.6], "texture": "#1"},
				"west": {"uv": [0, 0, 2, 0.6], "texture": "#1"},
				"up": {"uv": [0, 0, 0.4, 2], "texture": "#1"},
				"down": {"uv": [0, 0, 0.4, 2], "texture": "#1"}
			}
		},
		{
			"name": "Cube",
			"from": [11.8, 8.8, 8.5],
			"to": [16.8, 9.8, 8.8],
			"rotation": {"angle": -22.5, "axis": "z", "origin": [16.4, 9.3, 8]},
			"faces": {
				"north": {"uv": [0, 0, 5, 1], "texture": "#1"},
				"east": {"uv": [0, 0, 0.3, 1], "texture": "#1"},
				"south": {"uv": [0, 0, 5, 1], "texture": "#1"},
				"west": {"uv": [0, 0, 0.3, 1], "texture": "#1"},
				"up": {"uv": [0, 0, 5, 0.3], "texture": "#1"},
				"down": {"uv": [0, 0, 5, 0.3], "texture": "#1"}
			}
		},
		{
			"name": "Cube",
			"from": [16, 9.1, 7],
			"to": [16.6, 9.5, 9],
			"faces": {
				"north": {"uv": [0, 0, 0.6, 0.4], "texture": "#1"},
				"east": {"uv": [0, 0, 2, 0.4], "texture": "#1"},
				"south": {"uv": [0, 0, 0.6, 0.4], "texture": "#1"},
				"west": {"uv": [0, 0, 2, 0.4], "texture": "#1"},
				"up": {"uv": [0, 0, 0.6, 2], "texture": "#1"},
				"down": {"uv": [0, 0, 0.6, 2], "texture": "#1"}
			}
		},
		{
			"name": "Cube",
			"from": [11.8, 8.8, 7.2],
			"to": [16.8, 9.8, 7.5],
			"rotation": {"angle": -22.5, "axis": "z", "origin": [16.4, 9.3, 8]},
			"faces": {
				"north": {"uv": [0, 0, 5, 1], "texture": "#1"},
				"east": {"uv": [0, 0, 0.3, 1], "texture": "#1"},
				"south": {"uv": [0, 0, 5, 1], "texture": "#1"},
				"west": {"uv": [0, 0, 0.3, 1], "texture": "#1"},
				"up": {"uv": [0, 0, 5, 0.3], "texture": "#1"},
				"down": {"uv": [0, 0, 5, 0.3], "texture": "#1"}
			}
		},
		{
			"name": "Cube",
			"from": [10.7, 11.2, 7.75],
			"to": [12.7, 11.45, 8.25],
			"rotation": {"angle": -45, "axis": "z", "origin": [8, 8, 8]},
			"faces": {
				"north": {"uv": [0.5, 8.75, 2.5, 9], "texture": "#1"},
				"east": {"uv": [7.75, 8.75, 8.25, 9], "texture": "#1"},
				"south": {"uv": [13.5, 8.75, 15.5, 9], "texture": "#1"},
				"west": {"uv": [7.75, 8.75, 8.25, 9], "texture": "#1"},
				"up": {"uv": [13.5, 7.75, 15.5, 8.25], "texture": "#1"},
				"down": {"uv": [2.5, 8.25, 0.5, 7.75], "texture": "#1"}
			}
		},
		{
			"name": "Cube",
			"from": [7.4, 10.5, 8.5],
			"to": [12.4, 10.8, 8.8],
			"faces": {
				"north": {"uv": [0, 0, 5, 0.3], "texture": "#1"},
				"east": {"uv": [0, 0, 0.3, 0.3], "texture": "#1"},
				"south": {"uv": [0, 0, 5, 0.3], "texture": "#1"},
				"west": {"uv": [0, 0, 0.3, 0.3], "texture": "#1"},
				"up": {"uv": [0, 0, 5, 0.3], "texture": "#1"},
				"down": {"uv": [0, 0, 5, 0.3], "texture": "#1"}
			}
		},
		{
			"name": "Cube",
			"from": [7.4, 10.5, 7.2],
			"to": [12.4, 10.8, 7.5],
			"faces": {
				"north": {"uv": [0, 0, 5, 0.3], "texture": "#1"},
				"east": {"uv": [0, 0, 0.3, 0.3], "texture": "#1"},
				"south": {"uv": [0, 0, 5, 0.3], "texture": "#1"},
				"west": {"uv": [0, 0, 0.3, 0.3], "texture": "#1"},
				"up": {"uv": [0, 0, 5, 0.3], "texture": "#1"},
				"down": {"uv": [0, 0, 5, 0.3], "texture": "#1"}
			}
		},
		{
			"name": "Cube",
			"from": [7.5, 11.2, 8.5],
			"to": [12.4, 11.5, 8.8],
			"faces": {
				"north": {"uv": [0, 0, 4.9, 0.3], "texture": "#1"},
				"east": {"uv": [0, 0, 0.3, 0.3], "texture": "#1"},
				"south": {"uv": [0, 0, 4.9, 0.3], "texture": "#1"},
				"west": {"uv": [0, 0, 0.3, 0.3], "texture": "#1"},
				"up": {"uv": [0, 0, 4.9, 0.3], "texture": "#1"},
				"down": {"uv": [0, 0, 4.9, 0.3], "texture": "#1"}
			}
		},
		{
			"name": "Cube",
			"from": [7.4, 11.2, 7.2],
			"to": [12.4, 11.5, 7.5],
			"faces": {
				"north": {"uv": [0, 0, 5, 0.3], "texture": "#1"},
				"east": {"uv": [0, 0, 0.3, 0.3], "texture": "#1"},
				"south": {"uv": [0, 0, 5, 0.3], "texture": "#1"},
				"west": {"uv": [0, 0, 0.3, 0.3], "texture": "#1"},
				"up": {"uv": [0, 0, 5, 0.3], "texture": "#1"},
				"down": {"uv": [0, 0, 5, 0.3], "texture": "#1"}
			}
		},
		{
			"name": "Cube",
			"from": [4.7, 10.7, 7.2],
			"to": [7.2, 11.5, 8.8],
			"faces": {
				"north": {"uv": [0, 0, 2.5, 0.8], "texture": "#1"},
				"east": {"uv": [0, 0, 1.6, 0.8], "texture": "#1"},
				"south": {"uv": [0, 0, 2.5, 0.8], "texture": "#1"},
				"west": {"uv": [0, 0, 1.6, 0.8], "texture": "#1"},
				"up": {"uv": [0, 0, 2.5, 1.6], "texture": "#1"},
				"down": {"uv": [0, 0, 2.5, 1.6], "texture": "#1"}
			}
		},
		{
			"name": "Cube",
			"from": [4.9, 10.5, 7.2],
			"to": [7.2, 11.3, 8.8],
			"faces": {
				"north": {"uv": [0, 0, 2.3, 0.8], "texture": "#1"},
				"east": {"uv": [0, 0, 1.6, 0.8], "texture": "#1"},
				"south": {"uv": [0, 0, 2.3, 0.8], "texture": "#1"},
				"west": {"uv": [0, 0, 1.6, 0.8], "texture": "#1"},
				"up": {"uv": [0, 0, 2.3, 1.6], "texture": "#1"},
				"down": {"uv": [0, 0, 2.3, 1.6], "texture": "#1"}
			}
		},
		{
			"name": "Cube",
			"from": [11.8, 10.7, 7.2],
			"to": [12.2, 11.5, 7.5],
			"faces": {
				"north": {"uv": [0, 0, 0.4, 0.8], "texture": "#1"},
				"east": {"uv": [0, 0, 0.3, 0.8], "texture": "#1"},
				"south": {"uv": [0, 0, 0.4, 0.8], "texture": "#1"},
				"west": {"uv": [0, 0, 0.3, 0.8], "texture": "#1"},
				"up": {"uv": [0, 0, 0.4, 0.3], "texture": "#1"},
				"down": {"uv": [0, 0, 0.4, 0.3], "texture": "#1"}
			}
		},
		{
			"name": "Cube",
			"from": [10.9, 10.7, 7.2],
			"to": [11.3, 11.5, 7.5],
			"faces": {
				"north": {"uv": [0, 0, 0.4, 0.8], "texture": "#1"},
				"east": {"uv": [0, 0, 0.3, 0.8], "texture": "#1"},
				"south": {"uv": [0, 0, 0.4, 0.8], "texture": "#1"},
				"west": {"uv": [0, 0, 0.3, 0.8], "texture": "#1"},
				"up": {"uv": [0, 0, 0.4, 0.3], "texture": "#1"},
				"down": {"uv": [0, 0, 0.4, 0.3], "texture": "#1"}
			}
		},
		{
			"name": "Cube",
			"from": [10, 10.7, 7.2],
			"to": [10.4, 11.5, 7.5],
			"faces": {
				"north": {"uv": [0, 0, 0.4, 0.8], "texture": "#1"},
				"east": {"uv": [0, 0, 0.3, 0.8], "texture": "#1"},
				"south": {"uv": [0, 0, 0.4, 0.8], "texture": "#1"},
				"west": {"uv": [0, 0, 0.3, 0.8], "texture": "#1"},
				"up": {"uv": [0, 0, 0.4, 0.3], "texture": "#1"},
				"down": {"uv": [0, 0, 0.4, 0.3], "texture": "#1"}
			}
		},
		{
			"name": "Cube",
			"from": [9.1, 10.7, 7.2],
			"to": [9.5, 11.5, 7.5],
			"faces": {
				"north": {"uv": [0, 0, 0.4, 0.8], "texture": "#1"},
				"east": {"uv": [0, 0, 0.3, 0.8], "texture": "#1"},
				"south": {"uv": [0, 0, 0.4, 0.8], "texture": "#1"},
				"west": {"uv": [0, 0, 0.3, 0.8], "texture": "#1"},
				"up": {"uv": [0, 0, 0.4, 0.3], "texture": "#1"},
				"down": {"uv": [0, 0, 0.4, 0.3], "texture": "#1"}
			}
		},
		{
			"name": "Cube",
			"from": [7.4, 10.7, 7.2],
			"to": [8.6, 11.5, 7.5],
			"faces": {
				"north": {"uv": [0, 0, 1.2, 0.8], "texture": "#1"},
				"east": {"uv": [0, 0, 0.3, 0.8], "texture": "#1"},
				"south": {"uv": [0, 0, 1.2, 0.8], "texture": "#1"},
				"west": {"uv": [0, 0, 0.3, 0.8], "texture": "#1"},
				"up": {"uv": [0, 0, 1.2, 0.3], "texture": "#1"},
				"down": {"uv": [0, 0, 1.2, 0.3], "texture": "#1"}
			}
		},
		{
			"name": "Cube",
			"from": [7.4, 10.7, 8.5],
			"to": [8.6, 11.5, 8.8],
			"faces": {
				"north": {"uv": [0, 0, 1.2, 0.8], "texture": "#1"},
				"east": {"uv": [0, 0, 0.3, 0.8], "texture": "#1"},
				"south": {"uv": [0, 0, 1.2, 0.8], "texture": "#1"},
				"west": {"uv": [0, 0, 0.3, 0.8], "texture": "#1"},
				"up": {"uv": [0, 0, 1.2, 0.3], "texture": "#1"},
				"down": {"uv": [0, 0, 1.2, 0.3], "texture": "#1"}
			}
		},
		{
			"name": "Cube",
			"from": [9.1, 10.7, 8.5],
			"to": [9.5, 11.5, 8.8],
			"faces": {
				"north": {"uv": [0, 0, 0.4, 0.8], "texture": "#1"},
				"east": {"uv": [0, 0, 0.3, 0.8], "texture": "#1"},
				"south": {"uv": [0, 0, 0.4, 0.8], "texture": "#1"},
				"west": {"uv": [0, 0, 0.3, 0.8], "texture": "#1"},
				"up": {"uv": [0, 0, 0.4, 0.3], "texture": "#1"},
				"down": {"uv": [0, 0, 0.4, 0.3], "texture": "#1"}
			}
		},
		{
			"name": "Cube",
			"from": [10, 10.7, 8.5],
			"to": [10.4, 11.5, 8.8],
			"faces": {
				"north": {"uv": [0, 0, 0.4, 0.8], "texture": "#1"},
				"east": {"uv": [0, 0, 0.3, 0.8], "texture": "#1"},
				"south": {"uv": [0, 0, 0.4, 0.8], "texture": "#1"},
				"west": {"uv": [0, 0, 0.3, 0.8], "texture": "#1"},
				"up": {"uv": [0, 0, 0.4, 0.3], "texture": "#1"},
				"down": {"uv": [0, 0, 0.4, 0.3], "texture": "#1"}
			}
		},
		{
			"name": "Cube",
			"from": [10.9, 10.7, 8.5],
			"to": [11.3, 11.5, 8.8],
			"faces": {
				"north": {"uv": [0, 0, 0.4, 0.8], "texture": "#1"},
				"east": {"uv": [0, 0, 0.3, 0.8], "texture": "#1"},
				"south": {"uv": [0, 0, 0.4, 0.8], "texture": "#1"},
				"west": {"uv": [0, 0, 0.3, 0.8], "texture": "#1"},
				"up": {"uv": [0, 0, 0.4, 0.3], "texture": "#1"},
				"down": {"uv": [0, 0, 0.4, 0.3], "texture": "#1"}
			}
		},
		{
			"name": "Cube",
			"from": [5.2, 10.6, 7.3],
			"to": [7.7, 11.4, 8.7],
			"faces": {
				"north": {"uv": [0, 0, 2.5, 0.8], "texture": "#1"},
				"east": {"uv": [0, 0, 1.4, 0.8], "texture": "#1"},
				"south": {"uv": [0, 0, 2.5, 0.8], "texture": "#1"},
				"west": {"uv": [0, 0, 1.4, 0.8], "texture": "#1"},
				"up": {"uv": [0, 0, 2.5, 1.4], "texture": "#1"},
				"down": {"uv": [0, 0, 2.5, 1.4], "texture": "#1"}
			}
		},
		{
			"name": "Cube",
			"from": [12, 9, 8.5],
			"to": [17, 9.6, 8.8],
			"rotation": {"angle": -22.5, "axis": "z", "origin": [16.4, 9.3, 8]},
			"faces": {
				"north": {"uv": [0, 0, 5, 0.6], "texture": "#1"},
				"east": {"uv": [0, 0, 0.3, 0.6], "texture": "#1"},
				"south": {"uv": [0, 0, 5, 0.6], "texture": "#1"},
				"west": {"uv": [0, 0, 0.3, 0.6], "texture": "#1"},
				"up": {"uv": [0, 0, 5, 0.3], "texture": "#1"},
				"down": {"uv": [0, 0, 5, 0.3], "texture": "#1"}
			}
		},
		{
			"name": "Cube",
			"from": [12, 9, 7.2],
			"to": [17, 9.6, 7.5],
			"rotation": {"angle": -22.5, "axis": "z", "origin": [16.4, 9.3, 8]},
			"faces": {
				"north": {"uv": [0, 0, 5, 0.6], "texture": "#1"},
				"east": {"uv": [0, 0, 0.3, 0.6], "texture": "#1"},
				"south": {"uv": [0, 0, 5, 0.6], "texture": "#1"},
				"west": {"uv": [0, 0, 0.3, 0.6], "texture": "#1"},
				"up": {"uv": [0, 0, 5, 0.3], "texture": "#1"},
				"down": {"uv": [0, 0, 5, 0.3], "texture": "#1"}
			}
		},
		{
			"name": "Cube",
			"from": [11.8, 10.7, 8.5],
			"to": [12.2, 11.5, 8.8],
			"faces": {
				"north": {"uv": [0, 0, 0.4, 0.8], "texture": "#1"},
				"east": {"uv": [0, 0, 0.3, 0.8], "texture": "#1"},
				"south": {"uv": [0, 0, 0.4, 0.8], "texture": "#1"},
				"west": {"uv": [0, 0, 0.3, 0.8], "texture": "#1"},
				"up": {"uv": [0, 0, 0.4, 0.3], "texture": "#1"},
				"down": {"uv": [0, 0, 0.4, 0.3], "texture": "#1"}
			}
		},
		{
			"name": "Cube",
			"from": [16.1, 4.45, 7.5],
			"to": [18.05, 5.2, 8.5],
			"faces": {
				"north": {"uv": [14.25, 8.25, 16, 12], "texture": "#1"},
				"east": {"uv": [7.5, 8.25, 8.5, 12], "texture": "#1", "cullface": "east"},
				"south": {"uv": [14.25, 8.25, 16, 12], "texture": "#1"},
				"west": {"uv": [7.5, 8.25, 8.5, 12], "texture": "#1"},
				"up": {"uv": [14.25, 7.5, 16, 8.5], "texture": "#1"},
				"down": {"uv": [14.25, 7.5, 16, 8.5], "texture": "#1"}
			}
		},
		{
			"name": "Cube",
			"from": [14.9, 6.45, 7.3],
			"to": [16.85, 6.85, 8.7],
			"rotation": {"angle": 22.5, "axis": "z", "origin": [15, 8, 7.5]},
			"faces": {
				"north": {"uv": [14.25, 8.25, 16, 12], "texture": "#1"},
				"east": {"uv": [7.5, 8.25, 8.5, 12], "texture": "#1", "cullface": "east"},
				"south": {"uv": [14.25, 8.25, 16, 12], "texture": "#1"},
				"west": {"uv": [7.5, 8.25, 8.5, 12], "texture": "#1"},
				"up": {"uv": [14.25, 7.5, 16, 8.5], "texture": "#1"},
				"down": {"uv": [14.25, 7.5, 16, 8.5], "texture": "#1"}
			}
		},
		{
			"name": "Cube",
			"from": [14.9, 5.65, 7.3],
			"to": [16.85, 6.05, 8.7],
			"rotation": {"angle": 22.5, "axis": "z", "origin": [15, 8, 7.5]},
			"faces": {
				"north": {"uv": [14.25, 8.25, 16, 12], "texture": "#1"},
				"east": {"uv": [7.5, 8.25, 8.5, 12], "texture": "#1", "cullface": "east"},
				"south": {"uv": [14.25, 8.25, 16, 12], "texture": "#1"},
				"west": {"uv": [7.5, 8.25, 8.5, 12], "texture": "#1"},
				"up": {"uv": [14.25, 7.5, 16, 8.5], "texture": "#1"},
				"down": {"uv": [14.25, 7.5, 16, 8.5], "texture": "#1"}
			}
		},
		{
			"name": "Cube",
			"from": [14.9, 4.85, 7.3],
			"to": [16.85, 5.25, 8.7],
			"rotation": {"angle": 22.5, "axis": "z", "origin": [15, 8, 7.5]},
			"faces": {
				"north": {"uv": [14.25, 8.25, 16, 12], "texture": "#1"},
				"east": {"uv": [7.5, 8.25, 8.5, 12], "texture": "#1", "cullface": "east"},
				"south": {"uv": [14.25, 8.25, 16, 12], "texture": "#1"},
				"west": {"uv": [7.5, 8.25, 8.5, 12], "texture": "#1"},
				"up": {"uv": [14.25, 7.5, 16, 8.5], "texture": "#1"},
				"down": {"uv": [14.25, 7.5, 16, 8.5], "texture": "#1"}
			}
		},
		{
			"name": "Cube",
			"from": [-7, 9.35, 7.65],
			"to": [-1.75, 9.9, 8.4],
			"faces": {
				"north": {"uv": [16, 6, 16, 6.5], "texture": "#0"},
				"east": {"uv": [7.75, 6, 8.25, 6.5], "texture": "#0"},
				"south": {"uv": [0, 6, 0, 6.5], "texture": "#0"},
				"west": {"uv": [7.75, 6, 8.25, 6.5], "texture": "#0", "cullface": "west"},
				"up": {"uv": [0, 7.75, 0, 8.25], "texture": "#0"},
				"down": {"uv": [16, 8.25, 16, 7.75], "texture": "#0"}
			}
		}
	],
	"display": {
		"thirdperson_righthand": {
			"rotation": [0, -90, 0],
			"translation": [0, 0, -5],
			"scale": [0.84, 0.99, 0.9]
		},
		"thirdperson_lefthand": {
			"rotation": [0, 90, 0],
			"translation": [0, 0, -5],
			"scale": [0.84, 0.99, 0.9]
		},
		"firstperson_righthand": {
			"rotation": [47.07, -79.61, 24.79],
			"translation": [0, 3.5, -7.75]
		},
		"firstperson_lefthand": {
			"rotation": [-136.79, 78.54, 157.84],
			"translation": [2.25, 4.25, -9.25]
		},
		"ground": {
			"scale": [0.93, 1.04, 1]
		},
		"gui": {
			"rotation": [0, 0, -45],
			"translation": [1, -1.25, 0],
			"scale": [0.73, 0.8, 0.9]
		},
		"fixed": {
			"rotation": [0, 180, -45],
			"translation": [-1.25, -1.25, 0],
			"scale": [1, 1.13, 1]
		}
	}
}