{
	"credit": "Made by SrDarmith - YouTube: Mainclay",
	"textures": {
		"texture": "blocks/anvil 1",
		"blade": "blocks/door iron lower",
		"particle": "blocks/anvil 1",
		"dark wood blade": "blocks/anvil 1"
	},
	"elements": [
		{
			"from": [8, 10.25, 7.25],
			"to": [18.5, 11.25, 8],
			"rotation": {"angle": 0, "axis": "y", "origin": [6, 0, 0]},
			"faces": {
				"north": {"uv": [3.5, 4.75, 14, 5.75], "texture": "#texture"},
				"east": {"uv": [8, 4.75, 8.75, 5.75], "texture": "#texture"},
				"south": {"uv": [2, 4.75, 12.5, 5.75], "texture": "#texture"},
				"west": {"uv": [7.25, 4.75, 8, 5.75], "texture": "#texture"},
				"up": {"uv": [2, 7.25, 12.5, 8], "texture": "#texture"},
				"down": {"uv": [14, 8, 3.5, 7.25], "texture": "#texture"}
			}
		},
		{
			"from": [9.5, 9.7, 7.25],
			"to": [18.75, 10.25, 9.25],
			"rotation": {"angle": 0, "axis": "y", "origin": [6, 0, 0]},
			"faces": {
				"north": {"uv": [3.25, 5.75, 12.5, 6], "texture": "#texture"},
				"east": {"uv": [6.75, 5.75, 8.75, 6], "texture": "#texture"},
				"south": {"uv": [3.5, 5.75, 12.75, 6], "texture": "#texture"},
				"west": {"uv": [7.25, 5.75, 9.25, 6], "texture": "#texture"},
				"up": {"uv": [3.5, 7.25, 12.75, 9.25], "texture": "#texture"},
				"down": {"uv": [12.5, 9.25, 3.25, 7.25], "texture": "#texture"}
			}
		},
		{
			"from": [8, 9.5, 7.75],
			"to": [17.5, 10.5, 8.75],
			"rotation": {"angle": 0, "axis": "y", "origin": [6, 0, 0]},
			"faces": {
				"north": {"uv": [4.5, 5.5, 14, 6.5], "texture": "#texture"},
				"east": {"uv": [7.25, 5.5, 8.25, 6.5], "texture": "#texture"},
				"south": {"uv": [2, 5.5, 11.5, 6.5], "texture": "#texture"},
				"west": {"uv": [7.75, 5.5, 8.75, 6.5], "texture": "#texture"},
				"up": {"uv": [2, 7.75, 11.5, 8.75], "texture": "#texture"},
				"down": {"uv": [14, 8.75, 4.5, 7.75], "texture": "#texture"}
			}
		},
		{
			"from": [9.75, 9.25, 7.5],
			"to": [18.5, 10, 9],
			"rotation": {"angle": 0, "axis": "y", "origin": [6, 0, 0]},
			"faces": {
				"north": {"uv": [3.5, 6, 12.25, 6.75], "texture": "#texture"},
				"east": {"uv": [7, 6, 8.5, 6.75], "texture": "#texture"},
				"south": {"uv": [3.75, 6, 12.5, 6.75], "texture": "#texture"},
				"west": {"uv": [7.5, 6, 9, 6.75], "texture": "#texture"},
				"down": {"uv": [12.25, 9, 3.5, 7.5], "texture": "#texture"}
			}
		},
		{
			"from": [8, 11.5, 7.5],
			"to": [13, 11.75, 9],
			"rotation": {"angle": 0, "axis": "y", "origin": [6, 0, 0]},
			"faces": {
				"north": {"uv": [9, 4.25, 14, 4.5], "texture": "#texture"},
				"east": {"uv": [7, 4.25, 8.5, 4.5], "texture": "#texture"},
				"south": {"uv": [2, 4.25, 7, 4.5], "texture": "#texture"},
				"west": {"uv": [7.5, 4.25, 9, 4.5], "texture": "#texture"},
				"up": {"uv": [2, 7.5, 7, 9], "texture": "#texture"}
			}
		},
		{
			"from": [15, 11.5, 7.5],
			"to": [18.5, 11.75, 9],
			"rotation": {"angle": 0, "axis": "y", "origin": [6, 0, 0]},
			"faces": {
				"north": {"uv": [3.5, 4.25, 7, 4.5], "texture": "#texture"},
				"east": {"uv": [7, 4.25, 8.5, 4.5], "texture": "#texture"},
				"south": {"uv": [9, 4.25, 12.5, 4.5], "texture": "#texture"},
				"west": {"uv": [7.5, 4.25, 9, 4.5], "texture": "#texture"},
				"up": {"uv": [9, 7.5, 12.5, 9], "texture": "#texture"}
			}
		},
		{
			"from": [8.25, 11.75, 8],
			"to": [9, 12, 8.5],
			"rotation": {"angle": 0, "axis": "y", "origin": [6, 0, 0]},
			"faces": {
				"north": {"uv": [13, 4, 13.75, 4.25], "texture": "#texture"},
				"east": {"uv": [7.5, 4, 8, 4.25], "texture": "#texture"},
				"south": {"uv": [2.25, 4, 3, 4.25], "texture": "#texture"},
				"west": {"uv": [8, 4, 8.5, 4.25], "texture": "#texture"},
				"up": {"uv": [2.25, 8, 3, 8.5], "texture": "#texture"}
			}
		},
		{
			"from": [15, 10.25, 7.5],
			"to": [18.5, 11.5, 9],
			"rotation": {"angle": 0, "axis": "y", "origin": [6, 0, 0]},
			"faces": {
				"north": {"uv": [3.5, 4.5, 7, 5.75], "texture": "#texture"},
				"east": {"uv": [7, 4.5, 8.5, 5.75], "texture": "#texture"},
				"south": {"uv": [9, 4.5, 12.5, 5.75], "texture": "#texture"},
				"west": {"uv": [7.5, 4.5, 9, 5.75], "texture": "#texture"}
			}
		},
		{
			"from": [8, 11.25, 7.5],
			"to": [13, 11.5, 9],
			"rotation": {"angle": 0, "axis": "y", "origin": [6, 0, 0]},
			"faces": {
				"north": {"uv": [9, 4.5, 14, 4.75], "texture": "#texture"},
				"east": {"uv": [7, 4.5, 8.5, 4.75], "texture": "#texture"},
				"south": {"uv": [2, 4.5, 7, 4.75], "texture": "#texture"},
				"west": {"uv": [7.5, 4.5, 9, 4.75], "texture": "#texture"},
				"down": {"uv": [14, 9, 9, 7.5], "texture": "#texture"}
			}
		},
		{
			"from": [13, 11.25, 7.5],
			"to": [15, 11.5, 7.75],
			"rotation": {"angle": 0, "axis": "y", "origin": [6, 0, 0]},
			"faces": {
				"north": {"uv": [7, 4.5, 9, 4.75], "texture": "#texture"},
				"up": {"uv": [7, 7.5, 9, 7.75], "texture": "#texture"}
			}
		},
		{
			"from": [13, 11.25, 8.75],
			"to": [15, 11.5, 9],
			"rotation": {"angle": 0, "axis": "y", "origin": [6, 0, 0]},
			"faces": {
				"south": {"uv": [7, 4.5, 9, 4.75], "texture": "#texture"},
				"up": {"uv": [7, 8.75, 9, 9], "texture": "#texture"}
			}
		},
		{
			"from": [13, 11.25, 7.75],
			"to": [15, 11.75, 8.75],
			"rotation": {"angle": 0, "axis": "y", "origin": [6, 0, 0]},
			"faces": {
				"north": {"uv": [7, 4.25, 9, 4.75], "texture": "#blade"},
				"east": {"uv": [7.25, 4.25, 8.25, 4.75], "texture": "#blade"},
				"south": {"uv": [7, 4.25, 9, 4.75], "texture": "#blade"},
				"west": {"uv": [7.75, 4.25, 8.75, 4.75], "texture": "#blade"},
				"up": {"uv": [7, 7.75, 9, 8.75], "texture": "#blade"},
				"down": {"uv": [9, 8.75, 7, 7.75], "texture": "#blade"}
			}
		},
		{
			"from": [7.75, 10.5, 7.75],
			"to": [8, 11.5, 8],
			"rotation": {"angle": 0, "axis": "y", "origin": [6, 0, 0]},
			"faces": {
				"north": {"uv": [14, 4.5, 14.25, 5.5], "texture": "#texture"},
				"east": {"uv": [8, 4.5, 8.25, 5.5], "texture": "#texture"},
				"south": {"uv": [1.75, 4.5, 2, 5.5], "texture": "#texture"},
				"west": {"uv": [7.75, 4.5, 8, 5.5], "texture": "#texture"},
				"up": {"uv": [1.75, 7.75, 2, 8], "texture": "#texture"},
				"down": {"uv": [14.25, 8, 14, 7.75], "texture": "#texture"}
			}
		},
		{
			"from": [7.75, 10.5, 8.5],
			"to": [8, 11.5, 8.75],
			"rotation": {"angle": 0, "axis": "y", "origin": [6, 0, 0]},
			"faces": {
				"north": {"uv": [14, 4.5, 14.25, 5.5], "texture": "#texture"},
				"east": {"uv": [7.25, 4.5, 7.5, 5.5], "texture": "#texture"},
				"south": {"uv": [1.75, 4.5, 2, 5.5], "texture": "#texture"},
				"west": {"uv": [8.5, 4.5, 8.75, 5.5], "texture": "#texture"},
				"up": {"uv": [1.75, 8.5, 2, 8.75], "texture": "#texture"},
				"down": {"uv": [14.25, 8.75, 14, 8.5], "texture": "#texture"}
			}
		},
		{
			"from": [13.5, 8.75, 7.75],
			"to": [19.5, 9, 8.75],
			"rotation": {"angle": 0, "axis": "y", "origin": [6, 0, 0]},
			"faces": {
				"north": {"uv": [2.5, 7, 8.5, 7.25], "texture": "#texture"},
				"east": {"uv": [7.25, 7, 8.25, 7.25], "texture": "#texture"},
				"south": {"uv": [7.5, 7, 13.5, 7.25], "texture": "#texture"},
				"west": {"uv": [7.75, 7, 8.75, 7.25], "texture": "#texture"},
				"up": {"uv": [7.5, 7.75, 13.5, 8.75], "texture": "#texture"},
				"down": {"uv": [8.5, 8.75, 2.5, 7.75], "texture": "#texture"}
			}
		},
		{
			"from": [7.75, 10.5, 8],
			"to": [8, 10.75, 8.5],
			"rotation": {"angle": 0, "axis": "y", "origin": [6, 0, 0]},
			"faces": {
				"east": {"uv": [7.5, 5.25, 8, 5.5], "texture": "#texture"},
				"west": {"uv": [8, 5.25, 8.5, 5.5], "texture": "#texture"},
				"up": {"uv": [1.75, 8, 2, 8.5], "texture": "#texture"},
				"down": {"uv": [14.25, 8.5, 14, 8], "texture": "#texture"}
			}
		},
		{
			"from": [8, 10.25, 8.5],
			"to": [18.5, 11.25, 9.25],
			"rotation": {"angle": 0, "axis": "y", "origin": [6, 0, 0]},
			"faces": {
				"north": {"uv": [3.5, 4.75, 14, 5.75], "texture": "#texture"},
				"east": {"uv": [6.75, 4.75, 7.5, 5.75], "texture": "#texture"},
				"south": {"uv": [2, 4.75, 12.5, 5.75], "texture": "#texture"},
				"west": {"uv": [8.5, 4.75, 9.25, 5.75], "texture": "#texture"},
				"up": {"uv": [2, 8.5, 12.5, 9.25], "texture": "#texture"},
				"down": {"uv": [14, 9.25, 3.5, 8.5], "texture": "#texture"}
			}
		},
		{
			"from": [7.75, 11.25, 8],
			"to": [8, 11.5, 8.5],
			"rotation": {"angle": 0, "axis": "y", "origin": [6, 0, 0]},
			"faces": {
				"west": {"uv": [8, 4.5, 8.5, 4.75], "texture": "#texture"},
				"up": {"uv": [1.75, 8, 2, 8.5], "texture": "#texture"},
				"down": {"uv": [14.25, 8.5, 14, 8], "texture": "#texture"}
			}
		},
		{
			"from": [14, 7.5, 8],
			"to": [14.25, 8.75, 8.5],
			"rotation": {"angle": 0, "axis": "y", "origin": [6, 0, 0]},
			"faces": {
				"north": {"uv": [7.75, 7.25, 8, 8.5], "texture": "#texture"},
				"east": {"uv": [7.5, 7.25, 8, 8.5], "texture": "#texture"},
				"south": {"uv": [8, 7.25, 8.25, 8.5], "texture": "#texture"},
				"west": {"uv": [8, 7.25, 8.5, 8.5], "texture": "#texture"},
				"down": {"uv": [8, 8.5, 7.75, 8], "texture": "#texture"}
			}
		},
		{
			"from": [14.25, 7.25, 8],
			"to": [16.25, 7.5, 8.5],
			"rotation": {"angle": 0, "axis": "y", "origin": [6, 0, 0]},
			"faces": {
				"north": {"uv": [5.75, 8.5, 7.75, 8.75], "texture": "#texture"},
				"south": {"uv": [8.25, 8.5, 10.25, 8.75], "texture": "#texture"},
				"west": {"uv": [8, 8.5, 8.5, 8.75], "texture": "#texture"},
				"up": {"uv": [8.25, 8, 10.25, 8.5], "texture": "#texture"},
				"down": {"uv": [7.75, 8.5, 5.75, 8], "texture": "#texture"}
			}
		},
		{
			"from": [14.25, 7.5, 8],
			"to": [14.5, 7.75, 8.5],
			"rotation": {"angle": 0, "axis": "y", "origin": [6, 0, 0]},
			"faces": {
				"north": {"uv": [7.5, 8.25, 7.75, 8.5], "texture": "#texture"},
				"east": {"uv": [7.5, 8.25, 8, 8.5], "texture": "#texture"},
				"south": {"uv": [8.25, 8.25, 8.5, 8.5], "texture": "#texture"},
				"up": {"uv": [8.25, 8, 8.5, 8.5], "texture": "#texture"}
			}
		},
		{
			"from": [13, 9, 7.5],
			"to": [18.5, 9.25, 9],
			"rotation": {"angle": 0, "axis": "y", "origin": [6, 0, 0]},
			"faces": {
				"north": {"uv": [3.5, 6.75, 9, 7], "texture": "#texture"},
				"east": {"uv": [7, 6.75, 8.5, 7], "texture": "#texture"},
				"south": {"uv": [7, 6.75, 12.5, 7], "texture": "#texture"},
				"west": {"uv": [7.5, 6.75, 9, 7], "texture": "#texture"},
				"down": {"uv": [9, 9, 3.5, 7.5], "texture": "#texture"}
			}
		},
		{
			"from": [16.5, 8.5, 7.75],
			"to": [19.25, 8.75, 8.75],
			"rotation": {"angle": 0, "axis": "y", "origin": [6, 0, 0]},
			"faces": {
				"north": {"uv": [2.75, 7.25, 5.5, 7.5], "texture": "#texture"},
				"east": {"uv": [7.25, 7.25, 8.25, 7.5], "texture": "#texture"},
				"south": {"uv": [10.5, 7.25, 13.25, 7.5], "texture": "#texture"},
				"down": {"uv": [5.5, 8.75, 2.75, 7.75], "texture": "#texture"}
			}
		},
		{
			"from": [16.25, 6.75, 7.75],
			"to": [16.5, 8.75, 8.75],
			"rotation": {"angle": 0, "axis": "y", "origin": [6, 0, 0]},
			"faces": {
				"north": {"uv": [5.5, 7.25, 5.75, 9.25], "texture": "#texture"},
				"east": {"uv": [7.25, 7.25, 8.25, 9.25], "texture": "#texture"},
				"south": {"uv": [10.25, 7.25, 10.5, 9.25], "texture": "#texture"},
				"west": {"uv": [7.75, 7.25, 8.75, 9.25], "texture": "#texture"},
				"down": {"uv": [5.75, 8.75, 5.5, 7.75], "texture": "#texture"}
			}
		},
		{
			"from": [16.5, 6.75, 7.75],
			"to": [19, 7.5, 8.75],
			"rotation": {"angle": 0, "axis": "y", "origin": [6, 0, 0]},
			"faces": {
				"north": {"uv": [3, 8.5, 5.5, 9.25], "texture": "#texture"},
				"east": {"uv": [7.25, 8.5, 8.25, 9.25], "texture": "#texture"},
				"south": {"uv": [10.5, 8.5, 13, 9.25], "texture": "#texture"}
			}
		},
		{
			"from": [16.5, 5.25, 7.75],
			"to": [19.25, 7.25, 8.75],
			"rotation": {"angle": 0, "axis": "y", "origin": [6, 0, 0]},
			"faces": {
				"north": {"uv": [2.75, 9.25, 5.5, 9.75], "texture": "#texture"},
				"east": {"uv": [7.25, 9.25, 8.25, 9.75], "texture": "#texture"},
				"south": {"uv": [10.5, 9.25, 13.25, 9.75], "texture": "#texture"},
				"west": {"uv": [7.75, 9.25, 8.75, 9.75], "texture": "#texture"},
				"up": {"uv": [10.5, 7.75, 13.25, 8.75], "texture": "#texture"},
				"down": {"uv": [5.5, 8.75, 2.75, 7.75], "texture": "#texture"}
			}
		},
		{
			"from": [18.75, 10.2, 8],
			"to": [19.75, 10.7, 8.5],
			"rotation": {"angle": 22.5, "axis": "z", "origin": [18.75, 10.5, 8]},
			"faces": {
				"north": {"uv": [0.5, 10.75, 1.75, 11.25], "texture": "#texture"},
				"east": {"uv": [7.25, 10.75, 8.25, 11.25], "texture": "#texture"},
				"south": {"uv": [14.25, 10.75, 15.5, 11.25], "texture": "#texture"},
				"up": {"uv": [14.25, 7.75, 15.5, 8.75], "texture": "#texture"},
				"down": {"uv": [1.75, 8.75, 0.5, 7.75], "texture": "#texture"}
			}
		},
		{
			"from": [21.7625, 4.0625, 7.525],
			"to": [22.0375, 6.0625, 8.975],
			"rotation": {"angle": 22.5, "axis": "z", "origin": [6, 0, 0]},
			"faces": {
				"north": {"uv": [2.25, 11.75, 4.75, 12.5], "texture": "#texture"},
				"east": {"uv": [7.25, 11.75, 8.25, 12.5], "texture": "#texture"},
				"south": {"uv": [11.25, 11.75, 13.75, 12.5], "texture": "#texture"},
				"west": {"uv": [7.75, 11.75, 8.75, 12.5], "texture": "#texture"},
				"up": {"uv": [11.25, 7.75, 13.75, 8.75], "texture": "#texture"},
				"down": {"uv": [4.75, 8.75, 2.25, 7.75], "texture": "#texture"}
			}
		},
		{
			"from": [18.3, 8.95, 7.525],
			"to": [19.275, 9.9, 8.975],
			"rotation": {"angle": 0, "axis": "y", "origin": [6, 0, 0]},
			"faces": {
				"north": {"uv": [3.25, 4.75, 3.5, 6.75], "texture": "#texture"},
				"east": {"uv": [7.25, 4.75, 8.25, 6.75], "texture": "#texture"},
				"south": {"uv": [12.5, 4.75, 12.75, 6.75], "texture": "#texture"},
				"west": {"uv": [7.75, 4.75, 8.75, 6.75], "texture": "#texture"},
				"up": {"uv": [12.5, 7.75, 12.75, 8.75], "texture": "#texture"}
			}
		},
		{
			"from": [18.3, 9.8, 7.525],
			"to": [19.05, 10.35, 8.975],
			"rotation": {"angle": 0, "axis": "y", "origin": [6, 0, 0]},
			"faces": {
				"north": {"uv": [3.25, 4.75, 3.5, 6.75], "texture": "#texture"},
				"east": {"uv": [7.25, 4.75, 8.25, 6.75], "texture": "#texture"},
				"south": {"uv": [12.5, 4.75, 12.75, 6.75], "texture": "#texture"},
				"west": {"uv": [7.75, 4.75, 8.75, 6.75], "texture": "#texture"},
				"up": {"uv": [12.5, 7.75, 12.75, 8.75], "texture": "#texture"}
			}
		},
		{
			"from": [18.3, 10.35, 7.525],
			"to": [18.85, 10.8, 8.975],
			"rotation": {"angle": 0, "axis": "y", "origin": [6, 0, 0]},
			"faces": {
				"north": {"uv": [3.25, 4.75, 3.5, 6.75], "texture": "#texture"},
				"east": {"uv": [7.25, 4.75, 8.25, 6.75], "texture": "#texture"},
				"south": {"uv": [12.5, 4.75, 12.75, 6.75], "texture": "#texture"},
				"west": {"uv": [7.75, 4.75, 8.75, 6.75], "texture": "#texture"},
				"up": {"uv": [12.5, 7.75, 12.75, 8.75], "texture": "#texture"}
			}
		},
		{
			"from": [18.5, 10.8, 7.525],
			"to": [18.7, 11.175, 8.975],
			"rotation": {"angle": 0, "axis": "y", "origin": [6, 0, 0]},
			"faces": {
				"north": {"uv": [3.25, 4.75, 3.5, 6.75], "texture": "#texture"},
				"east": {"uv": [7.25, 4.75, 8.25, 6.75], "texture": "#texture"},
				"south": {"uv": [12.5, 4.75, 12.75, 6.75], "texture": "#texture"},
				"west": {"uv": [7.75, 4.75, 8.75, 6.75], "texture": "#texture"},
				"up": {"uv": [12.5, 7.75, 12.75, 8.75], "texture": "#texture"}
			}
		},
		{
			"from": [16.5, 8.25, 7.75],
			"to": [19, 8.5, 8.75],
			"rotation": {"angle": 0, "axis": "y", "origin": [6, 0, 0]},
			"faces": {
				"north": {"uv": [3, 7.5, 5.5, 7.75], "texture": "#texture"},
				"east": {"uv": [7.25, 7.5, 8.25, 7.75], "texture": "#texture"},
				"south": {"uv": [10.5, 7.5, 13, 7.75], "texture": "#texture"}
			}
		},
		{
			"from": [16.5, 7.5, 7.75],
			"to": [19, 8.25, 8.75],
			"rotation": {"angle": 0, "axis": "y", "origin": [6, 0, 0]},
			"faces": {
				"north": {"uv": [3, 7.75, 5.5, 8.5], "texture": "#texture"},
				"east": {"uv": [7.25, 7.75, 8.25, 8.5], "texture": "#texture"},
				"south": {"uv": [10.5, 7.75, 13, 8.5], "texture": "#texture"}
			}
		},
		{
			"from": [16.75, 6.5, 7.5],
			"to": [18.75, 9, 9],
			"rotation": {"angle": 0, "axis": "y", "origin": [6, 0, 0]},
			"faces": {
				"north": {"uv": [6.5, 0, 8.5, 4], "texture": "#dark wood blade"},
				"east": {"uv": [7.25, 0, 8.25, 4], "texture": "#dark wood blade"},
				"south": {"uv": [7.5, 0, 9.5, 4], "texture": "#dark wood blade"},
				"west": {"uv": [7.75, 0, 8.75, 4], "texture": "#dark wood blade"},
				"up": {"uv": [7.5, 7.75, 9.5, 8.75], "texture": "#dark wood blade"},
				"down": {"uv": [8.5, 8.75, 6.5, 7.75], "texture": "#dark wood blade"}
			}
		},
		{
			"from": [17.25, 4.25, 7.5],
			"to": [19, 6.5, 9],
			"rotation": {"angle": 0, "axis": "y", "origin": [6, 0, 0]},
			"faces": {
				"north": {"uv": [3, 9.5, 4.75, 11.75], "texture": "#dark wood blade"},
				"east": {"uv": [7, 9.5, 8.5, 11.75], "texture": "#dark wood blade"},
				"south": {"uv": [11.25, 9.5, 13, 11.75], "texture": "#dark wood blade"},
				"west": {"uv": [7.5, 9.5, 9, 11.75], "texture": "#dark wood blade"},
				"up": {"uv": [11.25, 7.5, 13, 9], "texture": "#dark wood blade"},
				"down": {"uv": [4.75, 9, 3, 7.5], "texture": "#dark wood blade"}
			}
		},
		{
			"from": [16, 7.5, 8],
			"to": [17, 9, 8.5],
			"rotation": {"angle": -22.5, "axis": "z", "origin": [16, 9, 8]},
			"faces": {
				"north": {"uv": [7.75, 1.25, 8.25, 2.75], "texture": "#texture"},
				"east": {"uv": [7.25, 1.25, 8.25, 2.75], "texture": "#texture"},
				"south": {"uv": [7.75, 1.25, 8.25, 2.75], "texture": "#texture"},
				"west": {"uv": [7.75, 1.25, 8.75, 2.75], "texture": "#texture"},
				"down": {"uv": [8.25, 8.75, 7.75, 7.75], "texture": "#texture"}
			}
		},
		{
			"from": [16.75, 4, 7.75],
			"to": [19.5, 5.5, 8.75],
			"rotation": {"angle": 0, "axis": "y", "origin": [6, 0, 0]},
			"faces": {
				"north": {"uv": [2.75, 9.75, 5.25, 12], "texture": "#texture"},
				"east": {"uv": [7.25, 9.75, 8.25, 12], "texture": "#texture"},
				"south": {"uv": [10.75, 9.75, 13.25, 12], "texture": "#texture"},
				"west": {"uv": [7.75, 9.75, 8.75, 12], "texture": "#texture"},
				"down": {"uv": [5.25, 8.75, 2.75, 7.75], "texture": "#texture"}
			}
		},
		{
			"from": [17.25, 11.75, 7.75],
			"to": [18.25, 12, 8],
			"rotation": {"angle": 0, "axis": "y", "origin": [6, 0, 0]},
			"faces": {
				"north": {"uv": [3.75, 4, 4.75, 4.25], "texture": "#texture"},
				"east": {"uv": [8, 4, 8.25, 4.25], "texture": "#texture"},
				"south": {"uv": [11.25, 4, 12.25, 4.25], "texture": "#texture"},
				"west": {"uv": [7.75, 4, 8, 4.25], "texture": "#texture"},
				"up": {"uv": [11.25, 7.75, 12.25, 8], "texture": "#texture"}
			}
		},
		{
			"from": [17.25, 11.75, 8.5],
			"to": [18.25, 12, 8.75],
			"rotation": {"angle": 0, "axis": "y", "origin": [6, 0, 0]},
			"faces": {
				"north": {"uv": [3.75, 4, 4.75, 4.25], "texture": "#texture"},
				"east": {"uv": [7.25, 4, 7.5, 4.25], "texture": "#texture"},
				"south": {"uv": [11.25, 4, 12.25, 4.25], "texture": "#texture"},
				"west": {"uv": [8.5, 4, 8.75, 4.25], "texture": "#texture"},
				"up": {"uv": [11.25, 8.5, 12.25, 8.75], "texture": "#texture"}
			}
		},
		{
			"from": [18.5, 9, 7.65],
			"to": [20, 9.25, 8.85],
			"rotation": {"angle": 0, "axis": "y", "origin": [6, 0, 0]},
			"faces": {
				"north": {"uv": [2, 6.75, 3.5, 7], "texture": "#texture"},
				"east": {"uv": [7.25, 6.75, 8.25, 7], "texture": "#texture"},
				"south": {"uv": [12.5, 6.75, 14, 7], "texture": "#texture"},
				"up": {"uv": [12.5, 7.75, 14, 8.75], "texture": "#texture"},
				"down": {"uv": [3.5, 8.75, 2, 7.75], "texture": "#texture"}
			}
		}
	],
	"display": {
		"thirdperson_righthand": {
			"rotation": [0, -90, 0],
			"translation": [0, -0.5, -5],
			"scale": [0.7, 0.7, 0.6]
		},
		"thirdperson_lefthand": {
			"rotation": [0, 90, 0],
			"translation": [0, -0.5, -5],
			"scale": [0.7, 0.7, 0.6]
		},
		"firstperson_righthand": {
			"rotation": [47.07, -79.61, 24.79],
			"translation": [0, 3.5, -7.75],
			"scale": [0.77, 0.77, 0.69]
		},
		"firstperson_lefthand": {
			"rotation": [-128.46, 77.65, 149.97],
			"translation": [1.25, 4, -9.25],
			"scale": [0.77, 0.77, 0.69]
		},
		"gui": {
			"rotation": [0, 0, -45],
			"translation": [-4.25, 3.25, 0],
			"scale": [0.84, 0.84, 1]
		},
		"fixed": {
			"rotation": [0, 180, -45],
			"translation": [1, -0.25, 0],
			"scale": [1.06, 1.04, 0.95]
		}
	}
}