{
	"credit": "Made by SrDarmith - YouTube: Mainclay",
	"textures": {
		"particle": "blocks/anvil 1",
		"texture": "blocks/anvil 1"
	},
	"elements": [
		{
			"from": [11.75, 10.5, 7.6],
			"to": [19.75, 11, 8.9],
			"rotation": {"angle": 0, "axis": "y", "origin": [8, -1, 0]},
			"faces": {
				"north": {"uv": [4.25, 4, 12.25, 4.5], "texture": "#texture"},
				"east": {"uv": [7, 4, 8.5, 4.5], "texture": "#texture"},
				"south": {"uv": [3.75, 4, 11.75, 4.5], "texture": "#texture"},
				"west": {"uv": [7.5, 4, 9, 4.5], "texture": "#texture"},
				"up": {"uv": [3.75, 7.5, 11.75, 9], "texture": "#texture"},
				"down": {"uv": [12.25, 9, 4.25, 7.5], "texture": "#texture"}
			}
		},
		{
			"from": [11.75, 9.25, 7.6],
			"to": [19.5, 9.5, 8.9],
			"rotation": {"angle": 0, "axis": "y", "origin": [8, -1, 0]},
			"faces": {
				"north": {"uv": [4.5, 5.5, 12.25, 5.75], "texture": "#texture"},
				"east": {"uv": [7, 5.5, 8.5, 5.75], "texture": "#texture"},
				"south": {"uv": [3.75, 5.5, 11.5, 5.75], "texture": "#texture"},
				"west": {"uv": [7.5, 5.5, 9, 5.75], "texture": "#texture"},
				"down": {"uv": [12.25, 9, 4.5, 7.5], "texture": "#texture"}
			}
		},
		{
			"from": [11.75, 10, 7.6],
			"to": [19.75, 10.5, 7.9],
			"rotation": {"angle": 0, "axis": "y", "origin": [8, -1, 0]},
			"faces": {
				"north": {"uv": [4.25, 4.5, 12.25, 5], "texture": "#texture"},
				"east": {"uv": [8, 4.5, 8.5, 5], "texture": "#texture"},
				"south": {"uv": [3.75, 4.5, 11.75, 5], "texture": "#texture"},
				"west": {"uv": [7.5, 4.5, 8, 5], "texture": "#texture"}
			}
		},
		{
			"from": [11.75, 9.5, 7.6],
			"to": [19.75, 10, 8.9],
			"rotation": {"angle": 0, "axis": "y", "origin": [8, -1, 0]},
			"faces": {
				"north": {"uv": [4.25, 5, 12.25, 5.5], "texture": "#texture"},
				"east": {"uv": [7, 5, 8.5, 5.5], "texture": "#texture"},
				"south": {"uv": [3.75, 5, 11.75, 5.5], "texture": "#texture"},
				"west": {"uv": [7.5, 5, 9, 5.5], "texture": "#texture"},
				"up": {"uv": [3.75, 7.5, 11.75, 9], "texture": "#texture"},
				"down": {"uv": [12.25, 9, 4.25, 7.5], "texture": "#texture"}
			}
		},
		{
			"from": [11.75, 10, 8.6],
			"to": [19.75, 10.5, 8.9],
			"rotation": {"angle": 0, "axis": "y", "origin": [8, -1, 0]},
			"faces": {
				"north": {"uv": [4.25, 4.5, 12.25, 5], "texture": "#texture"},
				"east": {"uv": [7, 4.5, 7.5, 5], "texture": "#texture"},
				"south": {"uv": [3.75, 4.5, 11.75, 5], "texture": "#texture"},
				"west": {"uv": [8.5, 4.5, 9, 5], "texture": "#texture"}
			}
		},
		{
			"from": [11.75, 9, 7.75],
			"to": [17.25, 9.25, 8.75],
			"rotation": {"angle": 0, "axis": "y", "origin": [8, -1, 0]},
			"faces": {
				"north": {"uv": [6.75, 5.75, 12.25, 6], "texture": "#texture"},
				"east": {"uv": [7.25, 5.75, 8.25, 6], "texture": "#texture"},
				"south": {"uv": [3.75, 5.75, 9.25, 6], "texture": "#texture"},
				"west": {"uv": [7.75, 5.75, 8.75, 6], "texture": "#texture"},
				"down": {"uv": [12.25, 8.75, 6.75, 7.75], "texture": "#texture"}
			}
		},
		{
			"from": [11.5, 10.5, 8],
			"to": [11.75, 10.75, 8.5],
			"rotation": {"angle": 0, "axis": "y", "origin": [8, -1, 0]},
			"faces": {
				"north": {"uv": [12.25, 4.25, 12.5, 4.5], "texture": "#texture"},
				"south": {"uv": [3.5, 4.25, 3.75, 4.5], "texture": "#texture"},
				"west": {"uv": [8, 4.25, 8.5, 4.5], "texture": "#texture"},
				"up": {"uv": [3.5, 8, 3.75, 8.5], "texture": "#texture"},
				"down": {"uv": [12.5, 8.5, 12.25, 8], "texture": "#texture"}
			}
		},
		{
			"from": [11.5, 10, 7.75],
			"to": [11.75, 10.5, 8],
			"rotation": {"angle": 0, "axis": "y", "origin": [8, -1, 0]},
			"faces": {
				"north": {"uv": [12.25, 4.5, 12.5, 5], "texture": "#texture"},
				"south": {"uv": [3.5, 4.5, 3.75, 5], "texture": "#texture"},
				"west": {"uv": [7.75, 4.5, 8, 5], "texture": "#texture"},
				"up": {"uv": [3.5, 7.75, 3.75, 8], "texture": "#texture"},
				"down": {"uv": [12.5, 8, 12.25, 7.75], "texture": "#texture"}
			}
		},
		{
			"from": [11.5, 10, 8.5],
			"to": [11.75, 10.5, 8.75],
			"rotation": {"angle": 0, "axis": "y", "origin": [8, -1, 0]},
			"faces": {
				"north": {"uv": [12.25, 4.5, 12.5, 5], "texture": "#texture"},
				"south": {"uv": [3.5, 4.5, 3.75, 5], "texture": "#texture"},
				"west": {"uv": [8.5, 4.5, 8.75, 5], "texture": "#texture"},
				"up": {"uv": [3.5, 8.5, 3.75, 8.75], "texture": "#texture"},
				"down": {"uv": [12.5, 8.75, 12.25, 8.5], "texture": "#texture"}
			}
		},
		{
			"from": [11.5, 9.75, 8],
			"to": [11.75, 10, 8.5],
			"rotation": {"angle": 0, "axis": "y", "origin": [8, -1, 0]},
			"faces": {
				"north": {"uv": [12.25, 5, 12.5, 5.25], "texture": "#texture"},
				"south": {"uv": [3.5, 5, 3.75, 5.25], "texture": "#texture"},
				"west": {"uv": [8, 5, 8.5, 5.25], "texture": "#texture"},
				"up": {"uv": [3.5, 8, 3.75, 8.5], "texture": "#texture"},
				"down": {"uv": [12.5, 8.5, 12.25, 8], "texture": "#texture"}
			}
		},
		{
			"from": [17.75, 9.75, 7.75],
			"to": [19.75, 10.75, 8.75],
			"rotation": {"angle": 0, "axis": "y", "origin": [8, -1, 0]},
			"faces": {
				"north": {"uv": [4.25, 4.25, 6.25, 5.25], "texture": "#texture"},
				"east": {"uv": [7.25, 4.25, 8.25, 5.25], "texture": "#texture"},
				"south": {"uv": [9.75, 4.25, 11.75, 5.25], "texture": "#texture"},
				"west": {"uv": [7.75, 4.25, 8.75, 5.25], "texture": "#texture"},
				"up": {"uv": [9.75, 7.75, 11.75, 8.75], "texture": "#texture"},
				"down": {"uv": [6.25, 8.75, 4.25, 7.75], "texture": "#texture"}
			}
		},
		{
			"from": [17.5, 7.25, 7.75],
			"to": [19.5, 8.25, 8.75],
			"rotation": {"angle": 0, "axis": "y", "origin": [8, -1, 0]},
			"faces": {
				"north": {"uv": [4.5, 6.75, 6.5, 7.75], "texture": "#texture"},
				"east": {"uv": [7.25, 6.75, 8.25, 7.75], "texture": "#texture"},
				"south": {"uv": [9.5, 6.75, 11.5, 7.75], "texture": "#texture"},
				"west": {"uv": [7.75, 6.75, 8.75, 7.75], "texture": "#texture"},
				"up": {"uv": [9.5, 7.75, 11.5, 8.75], "texture": "#texture"},
				"down": {"uv": [6.5, 8.75, 4.5, 7.75], "texture": "#texture"}
			}
		},
		{
			"from": [17, 8.25, 7.75],
			"to": [19.25, 9.25, 8.75],
			"rotation": {"angle": 0, "axis": "y", "origin": [8, -1, 0]},
			"faces": {
				"north": {"uv": [4.75, 5.75, 7, 6.75], "texture": "#texture"},
				"east": {"uv": [7.25, 5.75, 8.25, 6.75], "texture": "#texture"},
				"south": {"uv": [9, 5.75, 11.25, 6.75], "texture": "#texture"},
				"west": {"uv": [7.75, 5.75, 8.75, 6.75], "texture": "#texture"},
				"down": {"uv": [7, 8.75, 4.75, 7.75], "texture": "#texture"}
			}
		},
		{
			"from": [17.75, 6.25, 7.75],
			"to": [19.75, 7.25, 8.75],
			"rotation": {"angle": 0, "axis": "y", "origin": [8, -1, 0]},
			"faces": {
				"north": {"uv": [4.25, 7.75, 6.25, 8.75], "texture": "#texture"},
				"east": {"uv": [7.25, 7.75, 8.25, 8.75], "texture": "#texture"},
				"south": {"uv": [9.75, 7.75, 11.75, 8.75], "texture": "#texture"},
				"west": {"uv": [7.75, 7.75, 8.75, 8.75], "texture": "#texture"},
				"up": {"uv": [9.75, 7.75, 11.75, 8.75], "texture": "#texture"},
				"down": {"uv": [6.25, 8.75, 4.25, 7.75], "texture": "#texture"}
			}
		},
		{
			"from": [18, 5.25, 7.75],
			"to": [20, 6.25, 8.75],
			"rotation": {"angle": 0, "axis": "y", "origin": [8, -1, 0]},
			"faces": {
				"north": {"uv": [4, 8.75, 6, 9.75], "texture": "#texture"},
				"east": {"uv": [7.25, 8.75, 8.25, 9.75], "texture": "#texture"},
				"south": {"uv": [10, 8.75, 12, 9.75], "texture": "#texture"},
				"west": {"uv": [7.75, 8.75, 8.75, 9.75], "texture": "#texture"},
				"up": {"uv": [10, 7.75, 12, 8.75], "texture": "#texture"},
				"down": {"uv": [6, 8.75, 4, 7.75], "texture": "#texture"}
			}
		},
		{
			"from": [15, 7.75, 8],
			"to": [15.25, 9, 8.5],
			"rotation": {"angle": 0, "axis": "y", "origin": [8, -1, 0]},
			"faces": {
				"north": {"uv": [8.75, 6, 9, 7.25], "texture": "#texture"},
				"east": {"uv": [7.5, 6, 8, 7.25], "texture": "#texture"},
				"south": {"uv": [7, 6, 7.25, 7.25], "texture": "#texture"},
				"west": {"uv": [8, 6, 8.5, 7.25], "texture": "#texture"},
				"down": {"uv": [9, 8.5, 8.75, 8], "texture": "#texture"}
			}
		},
		{
			"from": [16.75, 8, 8],
			"to": [17.25, 8.25, 8.5],
			"rotation": {"angle": 0, "axis": "y", "origin": [8, -1, 0]},
			"faces": {
				"north": {"uv": [6.75, 6.75, 7.25, 7], "texture": "#texture"},
				"east": {"uv": [7.5, 6.75, 8, 7], "texture": "#texture"},
				"south": {"uv": [8.75, 6.75, 9.25, 7], "texture": "#texture"},
				"west": {"uv": [8, 6.75, 8.5, 7], "texture": "#texture"},
				"up": {"uv": [8.75, 8, 9.25, 8.5], "texture": "#texture"},
				"down": {"uv": [7.25, 8.5, 6.75, 8], "texture": "#texture"}
			}
		},
		{
			"from": [16.6, 8.325, 8],
			"to": [16.85, 9.575, 8.5],
			"rotation": {"angle": -22.5, "axis": "z", "origin": [16.25, 9.5, 8]},
			"faces": {
				"north": {"uv": [5.75, 0.5, 6, 1.75], "texture": "#texture"},
				"east": {"uv": [7.5, 0.5, 8, 1.75], "texture": "#texture"},
				"south": {"uv": [10, 0.5, 10.25, 1.75], "texture": "#texture"},
				"west": {"uv": [8, 0.5, 8.5, 1.75], "texture": "#texture"},
				"down": {"uv": [6, 8.5, 5.75, 8], "texture": "#texture"}
			}
		},
		{
			"from": [15.25, 7.75, 8],
			"to": [17, 8, 8.5],
			"rotation": {"angle": 0, "axis": "y", "origin": [8, -1, 0]},
			"faces": {
				"north": {"uv": [7, 7, 8.75, 7.25], "texture": "#texture"},
				"east": {"uv": [7.5, 7, 8, 7.25], "texture": "#texture"},
				"south": {"uv": [7.25, 7, 9, 7.25], "texture": "#texture"},
				"up": {"uv": [7.25, 8, 9, 8.5], "texture": "#texture"},
				"down": {"uv": [8.75, 8.5, 7, 8], "texture": "#texture"}
			}
		},
		{
			"from": [18.25, 5, 7.75],
			"to": [19.5, 5.25, 8.75],
			"rotation": {"angle": 0, "axis": "y", "origin": [8, -1, 0]},
			"faces": {
				"north": {"uv": [4.5, 9.75, 5.75, 10], "texture": "#texture"},
				"east": {"uv": [7.25, 9.75, 8.25, 10], "texture": "#texture"},
				"south": {"uv": [10.25, 9.75, 11.5, 10], "texture": "#texture"},
				"west": {"uv": [7.75, 9.75, 8.75, 10], "texture": "#texture"},
				"down": {"uv": [5.75, 8.75, 4.5, 7.75], "texture": "#texture"}
			}
		},
		{
			"from": [19.25, 11, 7.75],
			"to": [19.5, 11.25, 8],
			"rotation": {"angle": 0, "axis": "y", "origin": [8, -1, 0]},
			"faces": {
				"north": {"uv": [4.5, 3.75, 4.75, 4], "texture": "#texture"},
				"east": {"uv": [8, 3.75, 8.25, 4], "texture": "#texture"},
				"south": {"uv": [11.25, 3.75, 11.5, 4], "texture": "#texture"},
				"west": {"uv": [7.75, 3.75, 8, 4], "texture": "#texture"},
				"up": {"uv": [11.25, 7.75, 11.5, 8], "texture": "#texture"}
			}
		},
		{
			"from": [19.25, 11, 8.5],
			"to": [19.5, 11.25, 8.75],
			"rotation": {"angle": 0, "axis": "y", "origin": [8, -1, 0]},
			"faces": {
				"north": {"uv": [4.5, 3.75, 4.75, 4], "texture": "#texture"},
				"east": {"uv": [7.25, 3.75, 7.5, 4], "texture": "#texture"},
				"south": {"uv": [11.25, 3.75, 11.5, 4], "texture": "#texture"},
				"west": {"uv": [8.5, 3.75, 8.75, 4], "texture": "#texture"},
				"up": {"uv": [11.25, 8.5, 11.5, 8.75], "texture": "#texture"}
			}
		},
		{
			"from": [12.25, 11, 8.1],
			"to": [12.75, 11.25, 8.4],
			"rotation": {"angle": 0, "axis": "y", "origin": [8, -1, 0]},
			"faces": {
				"north": {"uv": [11.25, 3.75, 11.75, 4], "texture": "#texture"},
				"east": {"uv": [7.5, 3.75, 8, 4], "texture": "#texture"},
				"south": {"uv": [4.25, 3.75, 4.75, 4], "texture": "#texture"},
				"west": {"uv": [8, 3.75, 8.5, 4], "texture": "#texture"},
				"up": {"uv": [4.25, 8, 4.75, 8.5], "texture": "#texture"}
			}
		}
	],
	"display": {
		"thirdperson_righthand": {
			"rotation": [0, -90, 0],
			"translation": [0, -0.75, -7.25],
			"scale": [0.9, 0.9, 1]
		},
		"thirdperson_lefthand": {
			"rotation": [0, 90, 0],
			"translation": [0, -0.75, -7.25],
			"scale": [0.9, 0.9, 1]
		},
		"firstperson_righthand": {
			"rotation": [47.07, -79.61, 24.79],
			"translation": [0, 3.5, -7.75],
			"scale": [0.77, 0.77, 0.69]
		},
		"firstperson_lefthand": {
			"rotation": [-128.46, 77.65, 149.97],
			"translation": [1.25, 4, -9.25],
			"scale": [0.77, 0.77, 0.69]
		},
		"gui": {
			"rotation": [0, 0, -45],
			"translation": [-7.5, 6, 0],
			"scale": [1.11, 1.11, 1.11]
		},
		"fixed": {
			"rotation": [0, 180, -45],
			"translation": [2, -1.15, -0.6],
			"scale": [1.43, 1.32, 1.59]
		}
	}
}