{
	"credit": "Made by SrDarmith - YouTube: Mainclay",
	"textures": {
		"particle": "blocks/anvil 1",
		"texture": "blocks/anvil 1",
		"dark wood blade": "blocks/door spruce upper"
	},
	"elements": [
		{
			"from": [4.5, 10.75, 7.75],
			"to": [13, 11, 8.5],
			"rotation": {"angle": 0, "axis": "y", "origin": [5, 0, 0]},
			"faces": {
				"north": {"uv": [8, 5, 16, 5.25], "texture": "#texture", "cullface": "west"},
				"south": {"uv": [0, 5, 8, 5.25], "texture": "#texture", "cullface": "west"},
				"west": {"uv": [7.75, 5, 8.5, 5.25], "texture": "#texture", "cullface": "west"},
				"up": {"uv": [0, 7.75, 8, 8.5], "texture": "#texture", "cullface": "west"},
				"down": {"uv": [16, 8.5, 8, 7.75], "texture": "#texture", "cullface": "west"}
			}
		},
		{
			"from": [4.5, 10, 7.5],
			"to": [13, 10.75, 7.75],
			"rotation": {"angle": 0, "axis": "y", "origin": [5, 0, 0]},
			"faces": {
				"north": {"uv": [8, 5.25, 16, 6], "texture": "#texture", "cullface": "west"},
				"south": {"uv": [0, 5.25, 8, 6], "texture": "#texture", "cullface": "west"},
				"west": {"uv": [7.5, 5.25, 7.75, 6], "texture": "#texture", "cullface": "west"},
				"up": {"uv": [0, 7.5, 8, 7.75], "texture": "#texture", "cullface": "west"},
				"down": {"uv": [16, 7.75, 8, 7.5], "texture": "#texture", "cullface": "west"}
			}
		},
		{
			"from": [4.5, 10, 8.5],
			"to": [13, 10.75, 8.75],
			"rotation": {"angle": 0, "axis": "y", "origin": [5, 0, 0]},
			"faces": {
				"north": {"uv": [8, 5.25, 16, 6], "texture": "#texture", "cullface": "west"},
				"south": {"uv": [0, 5.25, 8, 6], "texture": "#texture", "cullface": "west"},
				"west": {"uv": [8.5, 5.25, 8.75, 6], "texture": "#texture", "cullface": "west"},
				"up": {"uv": [0, 8.5, 8, 8.75], "texture": "#texture", "cullface": "west"},
				"down": {"uv": [16, 8.75, 8, 8.5], "texture": "#texture", "cullface": "west"}
			}
		},
		{
			"from": [4.5, 9.75, 7.75],
			"to": [13, 10, 8.5],
			"rotation": {"angle": 0, "axis": "y", "origin": [5, 0, 0]},
			"faces": {
				"north": {"uv": [8, 6, 16, 6.25], "texture": "#texture", "cullface": "west"},
				"south": {"uv": [0, 6, 8, 6.25], "texture": "#texture", "cullface": "west"},
				"west": {"uv": [7.75, 6, 8.5, 6.25], "texture": "#texture", "cullface": "west"},
				"up": {"uv": [0, 7.75, 8, 8.5], "texture": "#texture", "cullface": "west"},
				"down": {"uv": [16, 8.5, 8, 7.75], "texture": "#texture", "cullface": "west"}
			}
		},
		{
			"from": [4.5, 11.25, 7.875],
			"to": [13, 11.5, 8.375],
			"rotation": {"angle": 0, "axis": "y", "origin": [5, 0, 0]},
			"faces": {
				"north": {"uv": [8, 4.5, 16, 4.75], "texture": "#texture", "cullface": "west"},
				"south": {"uv": [0, 4.5, 8, 4.75], "texture": "#texture", "cullface": "west"},
				"west": {"uv": [7.875, 4.5, 8.375, 4.75], "texture": "#texture", "cullface": "west"},
				"up": {"uv": [0, 7.875, 8, 8.375], "texture": "#texture", "cullface": "west"},
				"down": {"uv": [16, 8.375, 8, 7.875], "texture": "#texture", "cullface": "west"}
			}
		},
		{
			"from": [4.5, 11.5, 8],
			"to": [5.25, 11.75, 8.25],
			"rotation": {"angle": 0, "axis": "y", "origin": [5, 0, 0]},
			"faces": {
				"north": {"uv": [15.75, 4.25, 16, 4.5], "texture": "#texture", "cullface": "west"},
				"east": {"uv": [7.75, 4.25, 8, 4.5], "texture": "#texture", "cullface": "west"},
				"south": {"uv": [0, 4.25, 0.25, 4.5], "texture": "#texture", "cullface": "west"},
				"west": {"uv": [8, 4.25, 8.25, 4.5], "texture": "#texture", "cullface": "west"},
				"up": {"uv": [0, 8, 0.25, 8.25], "texture": "#texture", "cullface": "west"}
			}
		},
		{
			"from": [4.75, 9.25, 7.875],
			"to": [13, 9.75, 8.375],
			"rotation": {"angle": 0, "axis": "y", "origin": [5, 0, 0]},
			"faces": {
				"north": {"uv": [8, 6.25, 16, 6.75], "texture": "#texture", "cullface": "west"},
				"south": {"uv": [0, 6.25, 8, 6.75], "texture": "#texture", "cullface": "west"},
				"west": {"uv": [7.875, 6.25, 8.375, 6.75], "texture": "#texture", "cullface": "west"},
				"down": {"uv": [16, 8.375, 8, 7.875], "texture": "#texture", "cullface": "west"}
			}
		},
		{
			"from": [4.5, 11, 7.875],
			"to": [5.25, 11.25, 8.375],
			"rotation": {"angle": 0, "axis": "y", "origin": [5, 0, 0]},
			"faces": {
				"north": {"uv": [15.75, 4.75, 16, 5], "texture": "#texture", "cullface": "west"},
				"east": {"uv": [7.625, 4.75, 8.125, 5], "texture": "#texture", "cullface": "west"},
				"south": {"uv": [0, 4.75, 0.25, 5], "texture": "#texture", "cullface": "west"},
				"west": {"uv": [7.875, 4.75, 8.375, 5], "texture": "#texture", "cullface": "west"}
			}
		},
		{
			"from": [6.25, 11, 7.875],
			"to": [7.25, 11.25, 8.375],
			"rotation": {"angle": 0, "axis": "y", "origin": [5, 0, 0]},
			"faces": {
				"north": {"uv": [13.75, 4.75, 14.75, 5], "texture": "#texture"},
				"east": {"uv": [7.625, 4.75, 8.125, 5], "texture": "#texture"},
				"south": {"uv": [1.25, 4.75, 2.25, 5], "texture": "#texture"},
				"west": {"uv": [7.875, 4.75, 8.375, 5], "texture": "#texture"}
			}
		},
		{
			"from": [10.25, 11, 7.875],
			"to": [11.25, 11.25, 8.375],
			"rotation": {"angle": 0, "axis": "y", "origin": [5, 0, 0]},
			"faces": {
				"north": {"uv": [9.75, 4.75, 10.75, 5], "texture": "#texture"},
				"east": {"uv": [7.625, 4.75, 8.125, 5], "texture": "#texture"},
				"south": {"uv": [5.25, 4.75, 6.25, 5], "texture": "#texture"},
				"west": {"uv": [7.875, 4.75, 8.375, 5], "texture": "#texture"}
			}
		},
		{
			"from": [12.25, 11, 7.875],
			"to": [13, 11.25, 8.375],
			"rotation": {"angle": 0, "axis": "y", "origin": [5, 0, 0]},
			"faces": {
				"north": {"uv": [8, 4.75, 8.75, 5], "texture": "#texture"},
				"south": {"uv": [7.25, 4.75, 8, 5], "texture": "#texture"},
				"west": {"uv": [7.875, 4.75, 8.375, 5], "texture": "#texture"}
			}
		},
		{
			"from": [13, 9.75, 7.25],
			"to": [13.75, 11, 9],
			"rotation": {"angle": 0, "axis": "y", "origin": [5, 0, 0]},
			"faces": {
				"north": {"uv": [7.25, 5, 8, 6.25], "texture": "#texture"},
				"east": {"uv": [7, 5, 8.75, 6.25], "texture": "#texture"},
				"south": {"uv": [8, 5, 8.75, 6.25], "texture": "#texture"},
				"west": {"uv": [7.25, 5, 9, 6.25], "texture": "#texture"},
				"up": {"uv": [8, 7.25, 8.75, 9], "texture": "#texture"},
				"down": {"uv": [8, 9, 7.25, 7.25], "texture": "#texture"}
			}
		},
		{
			"from": [13, 11, 7.5],
			"to": [16.25, 11.5, 8.75],
			"rotation": {"angle": 0, "axis": "y", "origin": [5, 0, 0]},
			"faces": {
				"north": {"uv": [4.75, 4.5, 8, 5], "texture": "#texture"},
				"south": {"uv": [8, 4.5, 11.25, 5], "texture": "#texture"},
				"west": {"uv": [7.5, 4.5, 8.75, 5], "texture": "#texture"},
				"up": {"uv": [8, 7.5, 11.25, 8.75], "texture": "#texture"},
				"down": {"uv": [8, 8.75, 4.75, 7.5], "texture": "#texture"}
			}
		},
		{
			"from": [16.25, 8.25, 7.5],
			"to": [16.5, 11.5, 8.75],
			"rotation": {"angle": 0, "axis": "y", "origin": [5, 0, 0]},
			"faces": {
				"north": {"uv": [4.5, 4.5, 4.75, 7.75], "texture": "#texture"},
				"east": {"uv": [7.25, 4.5, 8.5, 7.75], "texture": "#texture"},
				"south": {"uv": [11.25, 4.5, 11.5, 7.75], "texture": "#texture"},
				"west": {"uv": [7.5, 4.5, 8.75, 7.75], "texture": "#texture"},
				"up": {"uv": [11.25, 7.5, 11.5, 8.75], "texture": "#texture"},
				"down": {"uv": [4.75, 8.75, 4.5, 7.5], "texture": "#texture"}
			}
		},
		{
			"from": [16.5, 8.25, 7.5],
			"to": [16.75, 11.25, 8.75],
			"rotation": {"angle": 0, "axis": "y", "origin": [5, 0, 0]},
			"faces": {
				"north": {"uv": [4.25, 4.75, 4.5, 7.75], "texture": "#texture"},
				"south": {"uv": [11.5, 4.75, 11.75, 7.75], "texture": "#texture"},
				"up": {"uv": [11.5, 7.5, 11.75, 8.75], "texture": "#texture"},
				"down": {"uv": [4.5, 8.75, 4.25, 7.5], "texture": "#texture"}
			}
		},
		{
			"from": [16.75, 8.25, 7.5],
			"to": [17, 11.25, 8.75],
			"rotation": {"angle": 0, "axis": "y", "origin": [5, 0, 0]},
			"faces": {
				"north": {"uv": [4, 4.75, 4.25, 7.75], "texture": "#texture"},
				"east": {"uv": [7.25, 4.75, 8.5, 7.75], "texture": "#texture"},
				"south": {"uv": [11.75, 4.75, 12, 7.75], "texture": "#texture"},
				"up": {"uv": [11.75, 7.5, 12, 8.75], "texture": "#texture"},
				"down": {"uv": [4.25, 8.75, 4, 7.5], "texture": "#texture"}
			}
		},
		{
			"from": [17, 10.5, 7.5],
			"to": [17.25, 10.75, 8.75],
			"rotation": {"angle": 0, "axis": "y", "origin": [5, 0, 0]},
			"faces": {
				"north": {"uv": [3.75, 5.25, 4, 5.5], "texture": "#texture"},
				"east": {"uv": [7.25, 5.25, 8.5, 5.5], "texture": "#texture"},
				"south": {"uv": [12, 5.25, 12.25, 5.5], "texture": "#texture"},
				"up": {"uv": [12, 7.5, 12.25, 8.75], "texture": "#texture"}
			}
		},
		{
			"from": [17, 10.25, 7.5],
			"to": [17.75, 10.5, 8.75],
			"rotation": {"angle": 0, "axis": "y", "origin": [5, 0, 0]},
			"faces": {
				"north": {"uv": [3.25, 5.5, 4, 5.75], "texture": "#texture"},
				"east": {"uv": [7.25, 5.5, 8.5, 5.75], "texture": "#texture"},
				"south": {"uv": [12, 5.5, 12.75, 5.75], "texture": "#texture"},
				"up": {"uv": [12, 7.5, 12.75, 8.75], "texture": "#texture"}
			}
		},
		{
			"from": [13, 8.25, 7.5],
			"to": [13.75, 9.75, 8.75],
			"rotation": {"angle": 0, "axis": "y", "origin": [5, 0, 0]},
			"faces": {
				"north": {"uv": [7.25, 6.25, 8, 7.75], "texture": "#texture"},
				"east": {"uv": [7.25, 6.25, 8.5, 7.75], "texture": "#texture"},
				"south": {"uv": [8, 6.25, 8.75, 7.75], "texture": "#texture"},
				"west": {"uv": [7.5, 6.25, 8.75, 7.75], "texture": "#texture"},
				"down": {"uv": [8, 8.75, 7.25, 7.5], "texture": "#texture"}
			}
		},
		{
			"from": [13.75, 9, 7.25],
			"to": [16.25, 10.75, 9],
			"rotation": {"angle": 0, "axis": "y", "origin": [5, 0, 0]},
			"faces": {
				"north": {"uv": [4.75, 5.25, 7.25, 7], "texture": "#texture"},
				"south": {"uv": [8.75, 5.25, 11.25, 7], "texture": "#texture"},
				"west": {"uv": [7.25, 5.25, 9, 7], "texture": "#texture"},
				"up": {"uv": [8.75, 7.25, 11.25, 9], "texture": "#texture"},
				"down": {"uv": [7.25, 9, 4.75, 7.25], "texture": "#texture"}
			}
		},
		{
			"from": [13.75, 8.75, 7.5],
			"to": [16.25, 11, 8.75],
			"rotation": {"angle": 0, "axis": "y", "origin": [5, 0, 0]},
			"faces": {
				"north": {"uv": [4.75, 5, 7.25, 7.25], "texture": "#texture"},
				"south": {"uv": [8.75, 5, 11.25, 7.25], "texture": "#texture"},
				"west": {"uv": [7.5, 5, 8.75, 7.25], "texture": "#texture"}
			}
		},
		{
			"from": [13.75, 9.5, 7],
			"to": [16.25, 10.25, 9.25],
			"rotation": {"angle": 0, "axis": "y", "origin": [5, 0, 0]},
			"faces": {
				"north": {"uv": [4.75, 5.75, 7.25, 6.5], "texture": "#texture"},
				"south": {"uv": [8.75, 5.75, 11.25, 6.5], "texture": "#texture"},
				"west": {"uv": [7, 5.75, 9.25, 6.5], "texture": "#texture"},
				"up": {"uv": [8.75, 7, 11.25, 9.25], "texture": "#texture"},
				"down": {"uv": [7.25, 9.25, 4.75, 7], "texture": "#texture"}
			}
		},
		{
			"from": [16.25, 9, 7.25],
			"to": [16.5, 10.75, 9],
			"rotation": {"angle": 0, "axis": "y", "origin": [5, 0, 0]},
			"faces": {
				"north": {"uv": [4.5, 5.25, 4.75, 7], "texture": "#texture"},
				"east": {"uv": [7, 5.25, 8.75, 7], "texture": "#texture"},
				"south": {"uv": [11.25, 5.25, 11.5, 7], "texture": "#texture"},
				"up": {"uv": [11.25, 7.25, 11.5, 9], "texture": "#texture"},
				"down": {"uv": [4.75, 9, 4.5, 7.25], "texture": "#texture"}
			}
		},
		{
			"from": [16.25, 9.5, 7],
			"to": [16.5, 10.25, 9.25],
			"rotation": {"angle": 0, "axis": "y", "origin": [5, 0, 0]},
			"faces": {
				"north": {"uv": [4.5, 5.75, 4.75, 6.5], "texture": "#texture"},
				"east": {"uv": [6.75, 5.75, 9, 6.5], "texture": "#texture"},
				"south": {"uv": [11.25, 5.75, 11.5, 6.5], "texture": "#texture"},
				"up": {"uv": [11.25, 7, 11.5, 9.25], "texture": "#texture"},
				"down": {"uv": [4.75, 9.25, 4.5, 7], "texture": "#texture"}
			}
		},
		{
			"from": [16.5, 9.5, 7.25],
			"to": [16.75, 10.25, 9],
			"rotation": {"angle": 0, "axis": "y", "origin": [5, 0, 0]},
			"faces": {
				"north": {"uv": [4.25, 5.75, 4.5, 6.5], "texture": "#texture"},
				"east": {"uv": [7, 5.75, 8.75, 6.5], "texture": "#texture"},
				"south": {"uv": [11.5, 5.75, 11.75, 6.5], "texture": "#texture"},
				"up": {"uv": [11.5, 7.25, 11.75, 9], "texture": "#texture"},
				"down": {"uv": [4.5, 9, 4.25, 7.25], "texture": "#texture"}
			}
		},
		{
			"from": [16.5, 11.25, 7.75],
			"to": [16.75, 11.75, 8],
			"rotation": {"angle": 0, "axis": "y", "origin": [5, 0, 0]},
			"faces": {
				"north": {"uv": [4.25, 4.25, 4.5, 4.75], "texture": "#texture"},
				"east": {"uv": [8, 4.25, 8.25, 4.75], "texture": "#texture"},
				"south": {"uv": [11.5, 4.25, 11.75, 4.75], "texture": "#texture"},
				"west": {"uv": [7.75, 4.25, 8, 4.75], "texture": "#texture"},
				"up": {"uv": [11.5, 7.75, 11.75, 8], "texture": "#texture"}
			}
		},
		{
			"from": [16.5, 11.25, 8.25],
			"to": [16.75, 11.75, 8.5],
			"rotation": {"angle": 0, "axis": "y", "origin": [5, 0, 0]},
			"faces": {
				"north": {"uv": [4.25, 4.25, 4.5, 4.75], "texture": "#texture"},
				"east": {"uv": [7.5, 4.25, 7.75, 4.75], "texture": "#texture"},
				"south": {"uv": [11.5, 4.25, 11.75, 4.75], "texture": "#texture"},
				"west": {"uv": [8.25, 4.25, 8.5, 4.75], "texture": "#texture"},
				"up": {"uv": [11.5, 8.25, 11.75, 8.5], "texture": "#texture"}
			}
		},
		{
			"from": [16.5, 11.25, 8],
			"to": [16.75, 11.5, 8.25],
			"rotation": {"angle": 0, "axis": "y", "origin": [5, 0, 0]},
			"faces": {
				"east": {"uv": [7.75, 4.5, 8, 4.75], "texture": "#texture"},
				"up": {"uv": [11.5, 8, 11.75, 8.25], "texture": "#texture"}
			}
		},
		{
			"from": [17, 10, 7.5],
			"to": [18.25, 10.25, 8.75],
			"rotation": {"angle": 0, "axis": "y", "origin": [5, 0, 0]},
			"faces": {
				"north": {"uv": [2.75, 5.75, 4, 6], "texture": "#texture"},
				"east": {"uv": [7.25, 5.75, 8.5, 6], "texture": "#texture"},
				"south": {"uv": [12, 5.75, 13.25, 6], "texture": "#texture"},
				"up": {"uv": [12, 7.5, 13.25, 8.75], "texture": "#texture"}
			}
		},
		{
			"from": [17, 8, 7.5],
			"to": [17.25, 9.75, 8.75],
			"rotation": {"angle": 0, "axis": "y", "origin": [5, 0, 0]},
			"faces": {
				"north": {"uv": [3.75, 6.25, 4, 8], "texture": "#texture"},
				"south": {"uv": [12, 6.25, 12.25, 8], "texture": "#texture"},
				"west": {"uv": [7.5, 6.25, 8.75, 8], "texture": "#texture"},
				"down": {"uv": [4, 8.75, 3.75, 7.5], "texture": "#texture"}
			}
		},
		{
			"from": [13.75, 8.25, 7.5],
			"to": [16.25, 8.75, 8.75],
			"rotation": {"angle": 0, "axis": "y", "origin": [5, 0, 0]},
			"faces": {
				"north": {"uv": [4.75, 7.25, 7.25, 7.75], "texture": "#texture"},
				"south": {"uv": [8.75, 7.25, 11.25, 7.75], "texture": "#texture"},
				"down": {"uv": [7.25, 8.75, 4.75, 7.5], "texture": "#texture"}
			}
		},
		{
			"from": [13.75, 8, 7.75],
			"to": [14.5, 8.25, 8.5],
			"rotation": {"angle": 0, "axis": "y", "origin": [5, 0, 0]},
			"faces": {
				"north": {"uv": [6.5, 7.75, 7.25, 8], "texture": "#texture"},
				"east": {"uv": [7.5, 7.75, 8.25, 8], "texture": "#texture"},
				"south": {"uv": [8.75, 7.75, 9.5, 8], "texture": "#texture"},
				"west": {"uv": [7.75, 7.75, 8.5, 8], "texture": "#texture"},
				"down": {"uv": [7.25, 8.5, 6.5, 7.75], "texture": "#texture"}
			}
		},
		{
			"from": [14.75, 7, 7.75],
			"to": [15, 7.25, 8.5],
			"rotation": {"angle": 0, "axis": "y", "origin": [5, 0, 0]},
			"faces": {
				"north": {"uv": [6, 8.75, 6.25, 9], "texture": "#texture"},
				"east": {"uv": [7.5, 8.75, 8.25, 9], "texture": "#texture"},
				"south": {"uv": [9.75, 8.75, 10, 9], "texture": "#texture"},
				"up": {"uv": [9.75, 7.75, 10, 8.5], "texture": "#texture"}
			}
		},
		{
			"from": [14.5, 7, 7.75],
			"to": [14.75, 8, 8.5],
			"rotation": {"angle": 0, "axis": "y", "origin": [5, 0, 0]},
			"faces": {
				"north": {"uv": [6.25, 8, 6.5, 9], "texture": "#texture"},
				"east": {"uv": [7.5, 8, 8.25, 9], "texture": "#texture"},
				"south": {"uv": [9.5, 8, 9.75, 9], "texture": "#texture"},
				"west": {"uv": [7.75, 8, 8.5, 9], "texture": "#texture"},
				"down": {"uv": [6.5, 8.5, 6.25, 7.75], "texture": "#texture"}
			}
		},
		{
			"from": [14.75, 6.75, 7.75],
			"to": [16.5, 7, 8.5],
			"rotation": {"angle": 0, "axis": "y", "origin": [5, 0, 0]},
			"faces": {
				"north": {"uv": [4.5, 9, 6.25, 9.25], "texture": "#texture"},
				"east": {"uv": [7.5, 9, 8.25, 9.25], "texture": "#texture"},
				"south": {"uv": [9.75, 9, 11.5, 9.25], "texture": "#texture"},
				"west": {"uv": [7.75, 9, 8.5, 9.25], "texture": "#texture"},
				"up": {"uv": [9.75, 7.75, 11.5, 8.5], "texture": "#texture"},
				"down": {"uv": [6.25, 8.5, 4.5, 7.75], "texture": "#texture"}
			}
		},
		{
			"from": [16.5, 7, 7.75],
			"to": [16.75, 8.25, 8.5],
			"rotation": {"angle": 0, "axis": "y", "origin": [5, 0, 0]},
			"faces": {
				"north": {"uv": [4.25, 7.75, 4.5, 9], "texture": "#texture"},
				"east": {"uv": [7.5, 7.75, 8.25, 9], "texture": "#texture"},
				"south": {"uv": [11.5, 7.75, 11.75, 9], "texture": "#texture"},
				"west": {"uv": [7.75, 7.75, 8.5, 9], "texture": "#texture"},
				"down": {"uv": [4.5, 8.5, 4.25, 7.75], "texture": "#texture"}
			}
		},
		{
			"from": [16, 7.25, 8],
			"to": [16.25, 8.75, 8.25],
			"rotation": {"angle": -22.5, "axis": "z", "origin": [16, 8.75, 8]},
			"faces": {
				"north": {"uv": [2.5, 2.25, 3, 3.5], "texture": "#texture"},
				"east": {"uv": [7.75, 2.25, 8, 3.5], "texture": "#texture"},
				"south": {"uv": [13, 2.25, 13.5, 3.5], "texture": "#texture"},
				"west": {"uv": [8, 2.25, 8.25, 3.5], "texture": "#texture"}
			}
		},
		{
			"from": [18, 4.5, 7.25],
			"to": [20, 7.25, 9],
			"rotation": {"angle": 0, "axis": "y", "origin": [5, 0, 0]},
			"faces": {
				"north": {"uv": [1, 8.75, 3, 11.5], "texture": "#dark wood blade"},
				"east": {"uv": [7, 8.75, 8.75, 11.5], "texture": "#dark wood blade"},
				"south": {"uv": [13, 8.75, 15, 11.5], "texture": "#dark wood blade"},
				"west": {"uv": [7.25, 8.75, 9, 11.5], "texture": "#dark wood blade"},
				"up": {"uv": [13, 7.25, 15, 9], "texture": "#dark wood blade"},
				"down": {"uv": [3, 9, 1, 7.25], "texture": "#dark wood blade"}
			}
		},
		{
			"from": [17, 9.75, 7.5],
			"to": [19, 10, 8.75],
			"rotation": {"angle": 0, "axis": "y", "origin": [5, 0, 0]},
			"faces": {
				"north": {"uv": [2, 6, 4, 6.25], "texture": "#texture"},
				"east": {"uv": [7.25, 6, 8.5, 6.25], "texture": "#texture"},
				"south": {"uv": [12, 6, 14, 6.25], "texture": "#texture"},
				"up": {"uv": [12, 7.5, 14, 8.75], "texture": "#texture"},
				"down": {"uv": [4, 8.75, 2, 7.5], "texture": "#texture"}
			}
		},
		{
			"from": [17.25, 8, 7.5],
			"to": [18.75, 9.75, 8.75],
			"rotation": {"angle": 0, "axis": "y", "origin": [5, 0, 0]},
			"faces": {
				"north": {"uv": [2.25, 6.25, 3.75, 8], "texture": "#texture"},
				"east": {"uv": [7.25, 6.25, 8.5, 8], "texture": "#texture"},
				"south": {"uv": [12.25, 6.25, 13.75, 8], "texture": "#texture"},
				"down": {"uv": [3.75, 8.75, 2.25, 7.5], "texture": "#texture"}
			}
		},
		{
			"from": [18.25, 6.5, 7.5],
			"to": [19.75, 7.25, 8.75],
			"rotation": {"angle": 0, "axis": "y", "origin": [5, 0, 0]},
			"faces": {
				"north": {"uv": [1.25, 8.75, 2.75, 9.5], "texture": "#texture"},
				"east": {"uv": [7.25, 8.75, 8.5, 9.5], "texture": "#texture"},
				"south": {"uv": [13.25, 8.75, 14.75, 9.5], "texture": "#texture"},
				"west": {"uv": [7.5, 8.75, 8.75, 9.5], "texture": "#texture"}
			}
		},
		{
			"from": [18, 7.25, 7.5],
			"to": [19.5, 7.75, 8.75],
			"rotation": {"angle": 0, "axis": "y", "origin": [5, 0, 0]},
			"faces": {
				"north": {"uv": [1.5, 8.25, 3, 8.75], "texture": "#texture"},
				"east": {"uv": [7.25, 8.25, 8.5, 8.75], "texture": "#texture"},
				"south": {"uv": [13, 8.25, 14.5, 8.75], "texture": "#texture"},
				"west": {"uv": [7.5, 8.25, 8.75, 8.75], "texture": "#texture"}
			}
		},
		{
			"from": [18.25, 4.5, 7.5],
			"to": [19.5, 6.5, 8.75],
			"rotation": {"angle": 0, "axis": "y", "origin": [5, 0, 0]},
			"faces": {
				"north": {"uv": [1.5, 9.5, 2.75, 11.5], "texture": "#texture"},
				"east": {"uv": [7.25, 9.5, 8.5, 11.5], "texture": "#texture"},
				"south": {"uv": [13.25, 9.5, 14.5, 11.5], "texture": "#texture"},
				"west": {"uv": [7.5, 9.5, 8.75, 11.5], "texture": "#texture"}
			}
		},
		{
			"from": [17.75, 7.25, 7.25],
			"to": [19.75, 7.75, 9],
			"rotation": {"angle": 0, "axis": "y", "origin": [5, 0, 0]},
			"faces": {
				"north": {"uv": [1.25, 8.25, 3.25, 8.75], "texture": "#dark wood blade"},
				"east": {"uv": [7, 8.25, 8.75, 8.75], "texture": "#dark wood blade"},
				"south": {"uv": [12.75, 8.25, 14.75, 8.75], "texture": "#dark wood blade"},
				"west": {"uv": [7.25, 8.25, 9, 8.75], "texture": "#dark wood blade"},
				"up": {"uv": [12.75, 7.25, 14.75, 9], "texture": "#dark wood blade"},
				"down": {"uv": [3.25, 9, 1.25, 7.25], "texture": "#dark wood blade"}
			}
		},
		{
			"from": [20, 4.5, 7.25],
			"to": [20.25, 6.5, 9],
			"rotation": {"angle": 0, "axis": "y", "origin": [5, 0, 0]},
			"faces": {
				"north": {"uv": [0.75, 9.5, 1, 11.5], "texture": "#dark wood blade"},
				"east": {"uv": [7, 9.5, 8.75, 11.5], "texture": "#dark wood blade"},
				"south": {"uv": [15, 9.5, 15.25, 11.5], "texture": "#dark wood blade"},
				"up": {"uv": [15, 7.25, 15.25, 9], "texture": "#dark wood blade"}
			}
		},
		{
			"from": [17.25, 7.75, 7.25],
			"to": [19.5, 8.5, 9],
			"rotation": {"angle": 0, "axis": "y", "origin": [5, 0, 0]},
			"faces": {
				"north": {"uv": [1.5, 7.5, 3.75, 8.25], "texture": "#dark wood blade"},
				"east": {"uv": [7, 7.5, 8.75, 8.25], "texture": "#dark wood blade"},
				"south": {"uv": [12.25, 7.5, 14.5, 8.25], "texture": "#dark wood blade"},
				"west": {"uv": [7.25, 7.5, 9, 8.25], "texture": "#dark wood blade"},
				"down": {"uv": [3.75, 9, 1.5, 7.25], "texture": "#dark wood blade"}
			}
		},
		{
			"from": [17.25, 8.5, 7.25],
			"to": [19.5, 8.75, 9],
			"rotation": {"angle": 0, "axis": "y", "origin": [5, 0, 0]},
			"faces": {
				"north": {"uv": [1.5, 7.25, 3.75, 7.5], "texture": "#dark wood blade"},
				"east": {"uv": [7, 7.25, 8.75, 7.5], "texture": "#dark wood blade"},
				"south": {"uv": [12.25, 7.25, 14.5, 7.5], "texture": "#dark wood blade"},
				"west": {"uv": [7.25, 7.25, 9, 7.5], "texture": "#dark wood blade"},
				"up": {"uv": [12.25, 7.25, 14.5, 9], "texture": "#dark wood blade"}
			}
		},
		{
			"from": [17.5, 8.75, 7.25],
			"to": [19.5, 9, 9],
			"rotation": {"angle": 0, "axis": "y", "origin": [5, 0, 0]},
			"faces": {
				"north": {"uv": [1.5, 7, 3.5, 7.25], "texture": "#dark wood blade"},
				"east": {"uv": [7, 7, 8.75, 7.25], "texture": "#dark wood blade"},
				"south": {"uv": [12.5, 7, 14.5, 7.25], "texture": "#dark wood blade"},
				"west": {"uv": [7.25, 7, 9, 7.25], "texture": "#dark wood blade"},
				"up": {"uv": [12.5, 7.25, 14.5, 9], "texture": "#dark wood blade"}
			}
		},
		{
			"from": [17.5, 9, 7.25],
			"to": [19.25, 9.25, 9],
			"rotation": {"angle": 0, "axis": "y", "origin": [5, 0, 0]},
			"faces": {
				"north": {"uv": [1.75, 6.75, 3.5, 7], "texture": "#dark wood blade"},
				"east": {"uv": [7, 6.75, 8.75, 7], "texture": "#dark wood blade"},
				"south": {"uv": [12.5, 6.75, 14.25, 7], "texture": "#dark wood blade"},
				"west": {"uv": [7.25, 6.75, 9, 7], "texture": "#dark wood blade"},
				"up": {"uv": [12.5, 7.25, 14.25, 9], "texture": "#dark wood blade"}
			}
		},
		{
			"from": [17.75, 9.25, 7.25],
			"to": [19.25, 9.5, 9],
			"rotation": {"angle": 0, "axis": "y", "origin": [5, 0, 0]},
			"faces": {
				"north": {"uv": [1.75, 6.5, 3.25, 6.75], "texture": "#dark wood blade"},
				"east": {"uv": [7, 6.5, 8.75, 6.75], "texture": "#dark wood blade"},
				"south": {"uv": [12.75, 6.5, 14.25, 6.75], "texture": "#dark wood blade"},
				"west": {"uv": [7.25, 6.5, 9, 6.75], "texture": "#dark wood blade"},
				"up": {"uv": [12.75, 7.25, 14.25, 9], "texture": "#dark wood blade"}
			}
		},
		{
			"from": [18.25, 9.5, 7.25],
			"to": [19, 9.75, 9],
			"rotation": {"angle": 0, "axis": "y", "origin": [5, 0, 0]},
			"faces": {
				"north": {"uv": [2, 6.25, 2.75, 6.5], "texture": "#dark wood blade"},
				"east": {"uv": [7, 6.25, 8.75, 6.5], "texture": "#dark wood blade"},
				"south": {"uv": [13.25, 6.25, 14, 6.5], "texture": "#dark wood blade"},
				"west": {"uv": [7.25, 6.25, 9, 6.5], "texture": "#dark wood blade"},
				"up": {"uv": [13.25, 7.25, 14, 9], "texture": "#dark wood blade"}
			}
		},
		{
			"from": [17.75, 10.25, 7.8555],
			"to": [18.25, 11.5, 8.3555],
			"rotation": {"angle": -45, "axis": "z", "origin": [17.75, 11.5, 8]},
			"faces": {
				"north": {"uv": [3, 2.75, 3.5, 4], "texture": "#texture"},
				"east": {"uv": [7.5, 2.75, 8, 4], "texture": "#texture"},
				"south": {"uv": [12.5, 2.75, 13, 4], "texture": "#texture"},
				"west": {"uv": [8, 2.75, 8.5, 4], "texture": "#texture"},
				"up": {"uv": [12.5, 8, 13, 8.5], "texture": "#texture"}
			}
		},
		{
			"from": [18.25, 4.25, 7.25],
			"to": [20.25, 4.5, 9],
			"rotation": {"angle": 0, "axis": "y", "origin": [5, 0, 0]},
			"faces": {
				"north": {"uv": [0.75, 11.5, 2.75, 11.75], "texture": "#dark wood blade"},
				"east": {"uv": [7, 11.5, 8.75, 11.75], "texture": "#dark wood blade"},
				"south": {"uv": [13.25, 11.5, 15.25, 11.75], "texture": "#dark wood blade"},
				"west": {"uv": [7.25, 11.5, 9, 11.75], "texture": "#dark wood blade"},
				"up": {"uv": [13.25, 7.25, 15.25, 9], "texture": "#dark wood blade"},
				"down": {"uv": [2.75, 9, 0.75, 7.25], "texture": "#dark wood blade"}
			}
		},
		{
			"from": [16.25, 7, 7.75],
			"to": [16.5, 7.25, 8.5],
			"rotation": {"angle": 0, "axis": "y", "origin": [5, 0, 0]},
			"faces": {
				"north": {"uv": [4.5, 8.75, 4.75, 9], "texture": "#texture"},
				"south": {"uv": [11.25, 8.75, 11.5, 9], "texture": "#texture"},
				"west": {"uv": [7.75, 8.75, 8.5, 9], "texture": "#texture"},
				"up": {"uv": [11.25, 7.75, 11.5, 8.5], "texture": "#texture"}
			}
		},
		{
			"from": [8.25, 11, 7.875],
			"to": [9.25, 11.25, 8.375],
			"rotation": {"angle": 0, "axis": "y", "origin": [5, 0, 0]},
			"faces": {
				"north": {"uv": [11.75, 4.75, 12.75, 5], "texture": "#texture"},
				"east": {"uv": [7.625, 4.75, 8.125, 5], "texture": "#texture"},
				"south": {"uv": [3.25, 4.75, 4.25, 5], "texture": "#texture"},
				"west": {"uv": [7.875, 4.75, 8.375, 5], "texture": "#texture"}
			}
		},
		{
			"from": [14.25, 7.75, 7.75],
			"to": [14.5, 8, 8.5],
			"rotation": {"angle": 0, "axis": "y", "origin": [5, 0, 0]},
			"faces": {
				"north": {"uv": [6.5, 8, 6.75, 8.25], "texture": "#texture"},
				"south": {"uv": [9.25, 8, 9.5, 8.25], "texture": "#texture"},
				"west": {"uv": [7.75, 8, 8.5, 8.25], "texture": "#texture"},
				"down": {"uv": [6.75, 8.5, 6.5, 7.75], "texture": "#texture"}
			}
		}
	],
	"display": {
		"thirdperson_righthand": {
			"rotation": [0, -90, 0],
			"translation": [0, 0, -5.5],
			"scale": [0.72, 0.72, 0.88]
		},
		"thirdperson_lefthand": {
			"rotation": [0, 90, 0],
			"translation": [0, 0, -5.5],
			"scale": [0.72, 0.72, 0.88]
		},
		"firstperson_righthand": {
			"rotation": [47.07, -79.61, 24.79],
			"translation": [0, 3.5, -7.75],
			"scale": [0.71, 0.73, 0.71]
		},
		"firstperson_lefthand": {
			"rotation": [-128.46, 77.65, 149.97],
			"translation": [1.25, 3.75, -8.75],
			"scale": [0.71, 0.73, 0.71]
		},
		"gui": {
			"rotation": [0, 0, -45],
			"translation": [-2.75, 2.25, 0],
			"scale": [0.74, 0.74, 0.9]
		},
		"fixed": {
			"rotation": [0, 180, -45],
			"translation": [0.6, -0.2, -1.1],
			"scale": [1.15, 1.15, 1.29]
		}
	}
}