{
	"credit": "https://www.youtube.com/c/ZeroCaty",
	"textures": {
		"0": "block/cauldron_bottom",
		"1": "block/cauldron_inner",
		"2": "block/cauldron_side",
		"3": "block/cauldron_top",
		"4": "block/glass",
		"5": "block/iron_bars",
		"particle": "block/cauldron_bottom"
	},
	"elements": [
		{
			"from": [12, 1, 0],
			"to": [16, 4, 4],
			"faces": {
				"north": {"uv": [0, 13, 4, 16], "texture": "#2"},
				"east": {"uv": [12, 13, 16, 16], "texture": "#2"},
				"south": {"uv": [12, 13, 16, 16], "texture": "#2"},
				"west": {"uv": [0, 13, 4, 16], "texture": "#2"},
				"up": {"uv": [0, 0, 1, 1], "texture": "#3"},
				"down": {"uv": [0, 13, 3, 16], "texture": "#0"}
			}
		},
		{
			"from": [2, 4, 2],
			"to": [14, 5, 14],
			"faces": {
				"north": {"uv": [0, 13, 16, 14], "texture": "#2"},
				"east": {"uv": [0, 13, 16, 14], "texture": "#2"},
				"south": {"uv": [0, 13, 16, 14], "texture": "#2"},
				"west": {"uv": [0, 13, 16, 14], "texture": "#2"},
				"up": {"uv": [0, 0, 16, 16], "texture": "#1"},
				"down": {"uv": [2, 2, 14, 14], "texture": "#1"}
			}
		},
		{
			"from": [0, 4, 0],
			"to": [2.1, 17, 16],
			"faces": {
				"north": {"uv": [14, 0, 16, 13], "texture": "#2"},
				"east": {"uv": [0, 0, 16, 14], "texture": "#2"},
				"south": {"uv": [0, 0, 2, 13], "texture": "#2"},
				"west": {"uv": [0, 0, 16, 13], "texture": "#2"},
				"up": {"uv": [0, 0, 2, 16], "texture": "#3"},
				"down": {"uv": [0, 0, 16, 16], "texture": "#1"}
			}
		},
		{
			"from": [13.9, 4, 0],
			"to": [16, 17, 16],
			"faces": {
				"north": {"uv": [0, 0, 2, 13], "texture": "#2"},
				"east": {"uv": [0, 0, 16, 13], "texture": "#2"},
				"south": {"uv": [14, 0, 16, 13], "texture": "#2"},
				"west": {"uv": [0, 0, 16, 14], "texture": "#2"},
				"up": {"uv": [14, 0, 16, 16], "texture": "#3"},
				"down": {"uv": [0, 0, 16, 16], "texture": "#1"}
			}
		},
		{
			"from": [2.1, 4, 13.9],
			"to": [13.9, 17, 16],
			"faces": {
				"north": {"uv": [1, 0, 15, 14], "texture": "#2"},
				"east": {"uv": [0, 0, 16, 14], "texture": "#2"},
				"south": {"uv": [1, 0, 15, 13], "texture": "#2"},
				"west": {"uv": [0, 0, 16, 14], "texture": "#2"},
				"up": {"uv": [1, 14, 15, 15.9], "texture": "#3"},
				"down": {"uv": [0, 0, 16, 16], "texture": "#1"}
			}
		},
		{
			"from": [2.1, 4, 0],
			"to": [13.9, 17, 2.1],
			"faces": {
				"north": {"uv": [1, 0, 15, 13], "texture": "#2"},
				"east": {"uv": [0, 0, 16, 14], "texture": "#2"},
				"south": {"uv": [1, 0, 15, 14], "texture": "#2"},
				"west": {"uv": [0, 0, 16, 14], "texture": "#2"},
				"up": {"uv": [1, 0.1, 15, 2], "texture": "#3"},
				"down": {"uv": [0, 0, 16, 16], "texture": "#1"}
			}
		},
		{
			"from": [6, 4.01, 6],
			"to": [10, 17.01, 10],
			"faces": {
				"north": {"uv": [0, 0, 16, 16], "texture": "#4"},
				"east": {"uv": [0, 0, 16, 16], "texture": "#4"},
				"south": {"uv": [0, 0, 16, 16], "texture": "#4"},
				"west": {"uv": [0, 0, 16, 16], "texture": "#4"},
				"up": {"uv": [0, 0, 16, 16], "texture": "#4"},
				"down": {"uv": [0, 0, 16, 16], "texture": "#4"}
			}
		},
		{
			"from": [6, 4.01, 6],
			"to": [10, 17.01, 10],
			"faces": {
				"north": {"uv": [0, 0, 16, 16], "texture": "#5"},
				"east": {"uv": [0, 0, 16, 16], "texture": "#5"},
				"south": {"uv": [0, 0, 16, 16], "texture": "#5"},
				"west": {"uv": [0, 0, 16, 16], "texture": "#5"},
				"up": {"uv": [0, 0, 16, 16], "texture": "#5"},
				"down": {"uv": [0, 0, 16, 16], "texture": "#5"}
			}
		},
		{
			"from": [12, 1, 12],
			"to": [16, 4, 16],
			"faces": {
				"north": {"uv": [0, 13, 4, 16], "texture": "#2"},
				"east": {"uv": [0, 13, 4, 16], "texture": "#2"},
				"south": {"uv": [12, 13, 16, 16], "texture": "#2"},
				"west": {"uv": [12, 13, 16, 16], "texture": "#2"},
				"up": {"uv": [0, 0, 1, 1], "rotation": 90, "texture": "#3"},
				"down": {"uv": [0, 13, 3, 16], "rotation": 270, "texture": "#0"}
			}
		},
		{
			"from": [0, 1, 12],
			"to": [4, 4, 16],
			"faces": {
				"north": {"uv": [12, 13, 16, 16], "texture": "#2"},
				"east": {"uv": [0, 13, 4, 16], "texture": "#2"},
				"south": {"uv": [0, 13, 4, 16], "texture": "#2"},
				"west": {"uv": [12, 13, 16, 16], "texture": "#2"},
				"up": {"uv": [0, 0, 1, 1], "rotation": 180, "texture": "#3"},
				"down": {"uv": [0, 13, 3, 16], "rotation": 180, "texture": "#0"}
			}
		},
		{
			"from": [0, 1, 0],
			"to": [4, 4, 4],
			"faces": {
				"north": {"uv": [12, 13, 16, 16], "texture": "#2"},
				"east": {"uv": [12, 13, 16, 16], "texture": "#2"},
				"south": {"uv": [0, 13, 4, 16], "texture": "#2"},
				"west": {"uv": [0, 13, 4, 16], "texture": "#2"},
				"up": {"uv": [0, 0, 1, 1], "rotation": 270, "texture": "#3"},
				"down": {"uv": [0, 13, 3, 16], "rotation": 90, "texture": "#0"}
			}
		}
	],
	"display": {
		"thirdperson_righthand": {
			"rotation": [75, 0, -10],
			"translation": [-7.32, -3.75, 3.25],
			"scale": [2.01, 2.01, 2.01]
		},
		"head": {
			"translation": [0, -30.5, 0],
			"scale": [1.61, 1.61, 1.61]
		}
	}
}