{
	"credit": "https://www.youtube.com/c/ZeroCaty",
	"textures": {
		"3": "item/iron_pickaxe",
		"4": "item/iron_axe",
		"5": "zcbm/crafting_table_front",
		"6": "zcbm/crafting_table_side",
		"7": "zcbm/oak_planks",
		"8": "zcbm/crafting_table_top",
		"9": "item/iron_hoe"
	},
	"elements": [
		{
			"from": [0, 0, 0],
			"to": [16, 16, 16],
			"faces": {
				"north": {"uv": [0, 0, 16, 16], "texture": "#5"},
				"east": {"uv": [0, 0, 16, 16], "texture": "#6"},
				"south": {"uv": [0, 0, 16, 16], "texture": "#6"},
				"west": {"uv": [0, 0, 16, 16], "texture": "#6"},
				"up": {"uv": [0, 0, 16, 16], "texture": "#8"},
				"down": {"uv": [0, 0, 16, 16], "texture": "#7"}
			}
		},
		{
			"from": [15, 16, 15],
			"to": [16, 28, 16],
			"faces": {
				"north": {"uv": [0, 4, 1, 16], "texture": "#6"},
				"east": {"uv": [0, 4, 1, 16], "texture": "#6"},
				"south": {"uv": [0, 4, 1, 16], "texture": "#6"},
				"west": {"uv": [0, 4, 1, 16], "texture": "#6"},
				"up": {"uv": [0, 4, 1, 16], "texture": "#6"},
				"down": {"uv": [0, 4, 1, 16], "texture": "#6"}
			}
		},
		{
			"from": [1, 27, 15],
			"to": [15, 28, 16],
			"faces": {
				"north": {"uv": [1, 4, 0, 16], "texture": "#6"},
				"east": {"uv": [1, 4, 0, 16], "texture": "#6"},
				"south": {"uv": [1, 4, 0, 16], "texture": "#6"},
				"west": {"uv": [1, 4, 0, 16], "texture": "#6"},
				"up": {"uv": [1, 4, 0, 16], "texture": "#6"},
				"down": {"uv": [1, 4, 0, 16], "texture": "#6"}
			}
		},
		{
			"from": [1, 23, 15],
			"to": [15, 24, 16],
			"faces": {
				"north": {"uv": [1, 4, 0, 16], "texture": "#6"},
				"east": {"uv": [1, 4, 0, 16], "texture": "#6"},
				"south": {"uv": [1, 4, 0, 16], "texture": "#6"},
				"west": {"uv": [1, 4, 0, 16], "texture": "#6"},
				"up": {"uv": [1, 4, 0, 16], "texture": "#6"},
				"down": {"uv": [1, 4, 0, 16], "texture": "#6"}
			}
		},
		{
			"from": [1, 16, 15],
			"to": [15, 18, 16],
			"faces": {
				"north": {"uv": [1, 14, 15, 16], "rotation": 180, "texture": "#8"},
				"east": {"uv": [0, 0, 1, 16], "texture": "#7"},
				"south": {"uv": [1, 0, 15, 2], "rotation": 180, "texture": "#6"},
				"west": {"uv": [0, 0, 1, 16], "texture": "#7"},
				"up": {"uv": [1, 12, 15, 13], "texture": "#7"},
				"down": {"uv": [1, 12, 15, 13], "texture": "#7"}
			}
		},
		{
			"from": [15, 16, 0],
			"to": [16, 18, 15],
			"faces": {
				"north": {"uv": [0, 14, 1, 16], "texture": "#6"},
				"east": {"uv": [16, 0, 1, 2], "rotation": 180, "texture": "#6"},
				"south": {"uv": [0, 4, 1, 16], "texture": "#7"},
				"west": {"uv": [1, 14, 16, 16], "rotation": 180, "texture": "#8"},
				"up": {"uv": [0, 15, 15, 16], "rotation": 90, "texture": "#6"},
				"down": {"uv": [0, 15, 15, 16], "rotation": 90, "texture": "#7"}
			}
		},
		{
			"from": [-2, 14, 14.99],
			"to": [4, 20, 14.99],
			"rotation": {"angle": -45, "axis": "z", "origin": [14, 20, 15]},
			"faces": {
				"north": {"uv": [0, 0, 16, 16], "texture": "#4"},
				"east": {"uv": [0, 0, 16, 16], "texture": "#4"},
				"west": {"uv": [0, 0, 16, 16], "texture": "#4"},
				"up": {"uv": [0, 0, 16, 16], "texture": "#4"},
				"down": {"uv": [0, 0, 16, 16], "texture": "#4"}
			}
		},
		{
			"from": [4, 13, 14.99],
			"to": [10, 19, 14.99],
			"rotation": {"angle": -45, "axis": "z", "origin": [14, 20, 15]},
			"faces": {
				"north": {"uv": [0, 0, 16, 16], "texture": "#3"},
				"east": {"uv": [0, 0, 16, 16], "texture": "#3"},
				"west": {"uv": [0, 0, 16, 16], "texture": "#3"},
				"up": {"uv": [0, 0, 16, 16], "texture": "#3"},
				"down": {"uv": [0, 0, 16, 16], "texture": "#3"}
			}
		},
		{
			"from": [5, 20, 14.99],
			"to": [11, 26, 14.99],
			"rotation": {"angle": -45, "axis": "z", "origin": [14, 20, 15]},
			"faces": {
				"north": {"uv": [0, 0, 16, 16], "texture": "#9"},
				"east": {"uv": [0, 0, 16, 16], "texture": "#9"},
				"west": {"uv": [0, 0, 16, 16], "texture": "#9"},
				"up": {"uv": [0, 0, 16, 16], "texture": "#9"},
				"down": {"uv": [0, 0, 16, 16], "texture": "#9"}
			}
		},
		{
			"from": [12.15, 27.6, 14.6],
			"to": [12.25, 27.7, 15.2],
			"rotation": {"angle": 45, "axis": "z", "origin": [12.25, 27.55, 15.3]},
			"faces": {
				"north": {"uv": [1, 0, 15, 1], "texture": "#7"},
				"east": {"uv": [0, 0, 1, 1], "texture": "#7"},
				"south": {"uv": [1, 0, 15, 1], "texture": "#7"},
				"west": {"uv": [0, 0, 1, 1], "texture": "#7"},
				"up": {"uv": [1, 0, 15, 1], "texture": "#7"},
				"down": {"uv": [1, 0, 15, 1], "texture": "#7"}
			}
		},
		{
			"from": [11.45, 28.3, 14.6],
			"to": [11.55, 28.4, 15.2],
			"rotation": {"angle": 45, "axis": "z", "origin": [12.25, 27.55, 15.3]},
			"faces": {
				"north": {"uv": [1, 0, 15, 1], "texture": "#7"},
				"east": {"uv": [0, 0, 1, 1], "texture": "#7"},
				"south": {"uv": [1, 0, 15, 1], "texture": "#7"},
				"west": {"uv": [0, 0, 1, 1], "texture": "#7"},
				"up": {"uv": [1, 0, 15, 1], "texture": "#7"},
				"down": {"uv": [1, 0, 15, 1], "texture": "#7"}
			}
		},
		{
			"from": [0, 16, 15],
			"to": [1, 28, 16],
			"faces": {
				"north": {"uv": [1, 4, 0, 16], "texture": "#6"},
				"east": {"uv": [1, 4, 0, 16], "texture": "#6"},
				"south": {"uv": [1, 4, 0, 16], "texture": "#6"},
				"west": {"uv": [1, 4, 0, 16], "texture": "#6"},
				"up": {"uv": [1, 4, 0, 16], "texture": "#6"},
				"down": {"uv": [1, 4, 0, 16], "texture": "#6"}
			}
		},
		{
			"from": [5.15, 28.6, 14.6],
			"to": [5.25, 28.7, 15.2],
			"rotation": {"angle": 45, "axis": "z", "origin": [12.25, 27.55, 15.3]},
			"faces": {
				"north": {"uv": [1, 0, 15, 1], "texture": "#7"},
				"east": {"uv": [0, 0, 1, 1], "texture": "#7"},
				"south": {"uv": [1, 0, 15, 1], "texture": "#7"},
				"west": {"uv": [0, 0, 1, 1], "texture": "#7"},
				"up": {"uv": [1, 0, 15, 1], "texture": "#7"},
				"down": {"uv": [1, 0, 15, 1], "texture": "#7"}
			}
		},
		{
			"from": [4.4, 29.35, 14.6],
			"to": [4.5, 29.45, 15.2],
			"rotation": {"angle": 45, "axis": "z", "origin": [12.25, 27.55, 15.3]},
			"faces": {
				"north": {"uv": [1, 0, 15, 1], "texture": "#7"},
				"east": {"uv": [0, 0, 1, 1], "texture": "#7"},
				"south": {"uv": [1, 0, 15, 1], "texture": "#7"},
				"west": {"uv": [0, 0, 1, 1], "texture": "#7"},
				"up": {"uv": [1, 0, 15, 1], "texture": "#7"},
				"down": {"uv": [1, 0, 15, 1], "texture": "#7"}
			}
		},
		{
			"from": [0.65, 31.3, 14.6],
			"to": [0.75, 31.4, 15.2],
			"rotation": {"angle": 45, "axis": "z", "origin": [5.85, 31, 15.3]},
			"faces": {
				"north": {"uv": [1, 0, 15, 1], "texture": "#7"},
				"east": {"uv": [0, 0, 1, 1], "rotation": 180, "texture": "#7"},
				"south": {"uv": [1, 0, 15, 1], "texture": "#7"},
				"west": {"uv": [0, 0, 1, 1], "rotation": 180, "texture": "#7"},
				"up": {"uv": [1, 0, 15, 1], "rotation": 180, "texture": "#7"},
				"down": {"uv": [1, 0, 15, 1], "rotation": 180, "texture": "#7"}
			}
		},
		{
			"from": [1.3, 30.65, 14.6],
			"to": [1.4, 30.75, 15.2],
			"rotation": {"angle": 45, "axis": "z", "origin": [5.85, 31, 15.3]},
			"faces": {
				"north": {"uv": [1, 0, 15, 1], "texture": "#7"},
				"east": {"uv": [0, 0, 1, 1], "rotation": 180, "texture": "#7"},
				"south": {"uv": [1, 0, 15, 1], "texture": "#7"},
				"west": {"uv": [0, 0, 1, 1], "rotation": 180, "texture": "#7"},
				"up": {"uv": [1, 0, 15, 1], "rotation": 180, "texture": "#7"},
				"down": {"uv": [1, 0, 15, 1], "rotation": 180, "texture": "#7"}
			}
		},
		{
			"from": [0, 16, 0],
			"to": [1, 18, 15],
			"faces": {
				"north": {"uv": [1, 14, 0, 16], "texture": "#6"},
				"east": {"uv": [1, 0, 16, 2], "texture": "#8"},
				"south": {"uv": [1, 4, 0, 16], "texture": "#7"},
				"west": {"uv": [15, 0, 0, 2], "rotation": 180, "texture": "#6"},
				"up": {"uv": [0, 16, 15, 15], "rotation": 90, "texture": "#6"},
				"down": {"uv": [0, 16, 15, 15], "rotation": 90, "texture": "#7"}
			}
		},
		{
			"from": [1, 18, 15],
			"to": [15, 19, 16],
			"faces": {
				"north": {"uv": [0, 0, 1, 15], "rotation": 180, "texture": "#5"},
				"east": {"uv": [0, 0, 1, 16], "texture": "#7"},
				"south": {"uv": [1, 2, 15, 3], "rotation": 180, "texture": "#6"},
				"west": {"uv": [0, 0, 1, 16], "texture": "#7"},
				"up": {"uv": [0, 0, 1, 15], "rotation": 180, "texture": "#5"},
				"down": {"uv": [1, 12, 15, 13], "texture": "#7"}
			}
		},
		{
			"from": [0, 18, 0],
			"to": [1, 19, 15],
			"faces": {
				"north": {"uv": [1, 15, 0, 16], "texture": "#6"},
				"east": {"uv": [1, 15, 0, 16], "texture": "#6"},
				"south": {"uv": [1, 15, 0, 16], "texture": "#6"},
				"west": {"uv": [1, 15, 0, 16], "texture": "#6"},
				"up": {"uv": [1, 15, 0, 16], "rotation": 270, "texture": "#6"},
				"down": {"uv": [1, 15, 0, 16], "rotation": 90, "texture": "#6"}
			}
		},
		{
			"from": [15, 18, 0],
			"to": [16, 19, 15],
			"faces": {
				"north": {"uv": [1, 15, 0, 16], "texture": "#6"},
				"east": {"uv": [1, 15, 0, 16], "texture": "#6"},
				"south": {"uv": [1, 15, 0, 16], "texture": "#6"},
				"west": {"uv": [1, 15, 0, 16], "texture": "#6"},
				"up": {"uv": [1, 15, 0, 16], "rotation": 270, "texture": "#6"},
				"down": {"uv": [1, 15, 0, 16], "rotation": 90, "texture": "#6"}
			}
		},
		{
			"from": [15, 19, 7],
			"to": [16, 20, 19],
			"rotation": {"angle": -45, "axis": "x", "origin": [8, 18.5, 7.5]},
			"faces": {
				"north": {"uv": [1, 15, 0, 16], "texture": "#6"},
				"east": {"uv": [1, 15, 0, 16], "texture": "#6"},
				"south": {"uv": [1, 15, 0, 16], "texture": "#6"},
				"west": {"uv": [1, 15, 0, 16], "texture": "#6"},
				"up": {"uv": [1, 15, 0, 16], "rotation": 270, "texture": "#6"},
				"down": {"uv": [1, 15, 0, 16], "rotation": 90, "texture": "#6"}
			}
		},
		{
			"from": [0, 19, 7],
			"to": [1, 20, 19],
			"rotation": {"angle": -45, "axis": "x", "origin": [8, 18.5, 7.5]},
			"faces": {
				"north": {"uv": [1, 15, 0, 16], "texture": "#6"},
				"east": {"uv": [1, 15, 0, 16], "texture": "#6"},
				"south": {"uv": [1, 15, 0, 16], "texture": "#6"},
				"west": {"uv": [1, 15, 0, 16], "texture": "#6"},
				"up": {"uv": [1, 15, 0, 16], "rotation": 270, "texture": "#6"},
				"down": {"uv": [1, 15, 0, 16], "rotation": 90, "texture": "#6"}
			}
		},
		{
			"from": [14.9, 18.4, 6],
			"to": [16.1, 20.4, 8],
			"rotation": {"angle": -45, "axis": "x", "origin": [8, 18.5, 7.5]},
			"faces": {
				"north": {"uv": [1, 15, 0, 16], "texture": "#6"},
				"east": {"uv": [1, 15, 0, 16], "texture": "#6"},
				"south": {"uv": [1, 15, 0, 16], "texture": "#6"},
				"west": {"uv": [1, 15, 0, 16], "texture": "#6"},
				"up": {"uv": [1, 15, 0, 16], "rotation": 270, "texture": "#6"},
				"down": {"uv": [1, 15, 0, 16], "rotation": 90, "texture": "#6"}
			}
		},
		{
			"from": [-0.1, 18.4, 6],
			"to": [1.1, 20.4, 8],
			"rotation": {"angle": -45, "axis": "x", "origin": [8, 18.5, 7.5]},
			"faces": {
				"north": {"uv": [1, 15, 0, 16], "texture": "#6"},
				"east": {"uv": [1, 15, 0, 16], "texture": "#6"},
				"south": {"uv": [1, 15, 0, 16], "texture": "#6"},
				"west": {"uv": [1, 15, 0, 16], "texture": "#6"},
				"up": {"uv": [1, 15, 0, 16], "rotation": 270, "texture": "#6"},
				"down": {"uv": [1, 15, 0, 16], "rotation": 90, "texture": "#6"}
			}
		},
		{
			"from": [14.9, 18.4, 18.3],
			"to": [16.1, 20.4, 20.3],
			"rotation": {"angle": -45, "axis": "x", "origin": [8, 18.5, 7.5]},
			"faces": {
				"north": {"uv": [1, 15, 0, 16], "texture": "#6"},
				"east": {"uv": [1, 15, 0, 16], "texture": "#6"},
				"south": {"uv": [1, 15, 0, 16], "texture": "#6"},
				"west": {"uv": [1, 15, 0, 16], "texture": "#6"},
				"up": {"uv": [1, 15, 0, 16], "rotation": 270, "texture": "#6"},
				"down": {"uv": [1, 15, 0, 16], "rotation": 90, "texture": "#6"}
			}
		},
		{
			"from": [-0.1, 18.4, 18.3],
			"to": [1.1, 20.4, 20.3],
			"rotation": {"angle": -45, "axis": "x", "origin": [8, 18.5, 7.5]},
			"faces": {
				"north": {"uv": [1, 15, 0, 16], "texture": "#6"},
				"east": {"uv": [1, 15, 0, 16], "texture": "#6"},
				"south": {"uv": [1, 15, 0, 16], "texture": "#6"},
				"west": {"uv": [1, 15, 0, 16], "texture": "#6"},
				"up": {"uv": [1, 15, 0, 16], "rotation": 270, "texture": "#6"},
				"down": {"uv": [1, 15, 0, 16], "rotation": 90, "texture": "#6"}
			}
		}
	],
	"display": {
		"head": {
			"translation": [0, -56, 0],
			"scale": [1.61, 1.61, 1.61]
		}
	}
}