{
	"credit": "https://www.youtube.com/c/ZeroCaty",
	"textures": {
		"1": "zcbm/peep",
		"2": "block/green_concrete",
		"4": "zcbm/weapons/browning",
		"particle": "zcbm/peep"
	},
	"elements": [
		{
			"from": [6.81986, 5.59133, 9.5888],
			"to": [9.61986, 5.99133, 9.9888],
			"rotation": {"angle": 45, "axis": "z", "origin": [8.21986, 7.39133, 10.1688]},
			"faces": {
				"north": {"uv": [0, 0, 2.8, 0.4], "texture": "#4"},
				"east": {"uv": [0, 0, 0.1, 0.1], "texture": "#4"},
				"south": {"uv": [0, 0, 0.6, 0.1], "texture": "#4"},
				"west": {"uv": [0, 0, 0.1, 0.1], "texture": "#4"},
				"up": {"uv": [0, 0, 1.2, 0.3], "texture": "#4"},
				"down": {"uv": [0, 0, 1.2, 0.3], "texture": "#4"}
			}
		},
		{
			"from": [6.41986, 5.59133, 9.5888],
			"to": [6.81986, 9.19133, 9.9888],
			"rotation": {"angle": 45, "axis": "z", "origin": [8.21986, 7.39133, 10.1688]},
			"faces": {
				"north": {"uv": [0, 0, 0.4, 3.6], "texture": "#4"},
				"east": {"uv": [0, 0, 0.3, 1.8], "texture": "#4"},
				"south": {"uv": [0, 0, 0.15, 0.9], "texture": "#4"},
				"west": {"uv": [0, 0, 0.3, 1.8], "texture": "#4"},
				"up": {"uv": [0, 0, 0.3, 0.3], "texture": "#4"},
				"down": {"uv": [0, 0, 0.3, 0.3], "texture": "#4"}
			}
		},
		{
			"from": [6.41986, 5.59133, 9.9888],
			"to": [10.01986, 9.19133, 15.3888],
			"rotation": {"angle": 45, "axis": "z", "origin": [8.21986, 7.39133, 10.1688]},
			"faces": {
				"north": {"uv": [7, 7, 9, 9], "texture": "#1"},
				"east": {"uv": [0, 0, 2.8, 1.8], "texture": "#4"},
				"south": {"uv": [0, 0, 1.8, 1.8], "texture": "#4"},
				"west": {"uv": [0, 0, 2.8, 1.8], "texture": "#4"},
				"up": {"uv": [0, 0, 1.8, 2.8], "texture": "#4"},
				"down": {"uv": [0, 0, 1.8, 2.8], "texture": "#4"}
			}
		},
		{
			"from": [6.81986, 8.79133, 9.5888],
			"to": [9.61986, 9.19133, 9.9888],
			"rotation": {"angle": 45, "axis": "z", "origin": [8.21986, 7.39133, 10.1688]},
			"faces": {
				"north": {"uv": [0, 0, 2.8, 0.4], "texture": "#4"},
				"east": {"uv": [0, 0, 0.1, 0.1], "texture": "#4"},
				"south": {"uv": [0, 0, 0.6, 0.1], "texture": "#4"},
				"west": {"uv": [0, 0, 0.1, 0.1], "texture": "#4"},
				"up": {"uv": [0, 0, 1.2, 0.3], "texture": "#4"},
				"down": {"uv": [0, 0, 1.2, 0.3], "texture": "#4"}
			}
		},
		{
			"from": [9.61986, 5.59133, 9.5888],
			"to": [10.01986, 9.19133, 9.9888],
			"rotation": {"angle": 45, "axis": "z", "origin": [8.21986, 7.39133, 10.1688]},
			"faces": {
				"north": {"uv": [0, 0, 0.4, 3.6], "texture": "#4"},
				"east": {"uv": [0, 0, 0.3, 1.8], "texture": "#4"},
				"south": {"uv": [0, 0, 0.15, 0.9], "texture": "#4"},
				"west": {"uv": [0, 0, 0.3, 1.8], "texture": "#4"},
				"up": {"uv": [0, 0, 0.3, 0.3], "texture": "#4"},
				"down": {"uv": [0, 0, 0.3, 0.3], "texture": "#4"}
			}
		},
		{
			"from": [7.2, 3.6, 11],
			"to": [9.2, 6, 13.8],
			"faces": {
				"north": {"uv": [0, 0, 1, 1.2], "texture": "#4"},
				"east": {"uv": [0, 0, 1.4, 1.2], "texture": "#4"},
				"south": {"uv": [0, 0, 1, 1.2], "texture": "#4"},
				"west": {"uv": [0, 0, 1.4, 1.2], "texture": "#4"},
				"up": {"uv": [0, 0, 1, 1.4], "texture": "#4"},
				"down": {"uv": [0, 0, 1, 1.4], "texture": "#4"}
			}
		},
		{
			"from": [4.2, -7.4, 9.8],
			"to": [5.2, -0.6, 11.4],
			"rotation": {"angle": 22.5, "axis": "z", "origin": [4.7, 3.2, 10.6]},
			"faces": {
				"north": {"uv": [13.067, 13.8, 13.317, 16], "texture": "#4"},
				"east": {"uv": [11.134, 13.4, 11.534, 15.5], "texture": "#4"},
				"south": {"uv": [11.467, 13.4, 11.717, 15.5], "texture": "#4"},
				"west": {"uv": [10.2, 13.334, 10.6, 15.434], "texture": "#4"},
				"up": {"uv": [13.267, 13.067, 13.517, 13.467], "texture": "#4"},
				"down": {"uv": [11.667, 13.667, 11.917, 14.067], "texture": "#4"}
			}
		},
		{
			"from": [11, -7.4, 9.8],
			"to": [12, -0.6, 11.4],
			"rotation": {"angle": -22.5, "axis": "z", "origin": [11.5, 3.2, 10.6]},
			"faces": {
				"north": {"uv": [13.067, 13.8, 13.317, 16], "texture": "#4"},
				"east": {"uv": [11.134, 13.4, 11.534, 15.5], "texture": "#4"},
				"south": {"uv": [11.467, 13.4, 11.717, 15.5], "texture": "#4"},
				"west": {"uv": [10.2, 13.334, 10.6, 15.434], "texture": "#4"},
				"up": {"uv": [13.267, 13.067, 13.517, 13.467], "texture": "#4"},
				"down": {"uv": [11.667, 13.667, 11.917, 14.067], "texture": "#4"}
			}
		},
		{
			"from": [5.2, 3.1, -3],
			"to": [5.6, 3.5, 21.4],
			"faces": {
				"north": {"uv": [0, 0, 0.2, 0.2], "texture": "#4"},
				"east": {"uv": [0, 0, 0.2, 12.2], "rotation": 90, "texture": "#4"},
				"south": {"uv": [0, 0, 0.2, 0.2], "texture": "#4"},
				"west": {"uv": [0, 0, 0.2, 12.2], "rotation": 90, "texture": "#4"},
				"up": {"uv": [0, 0, 0.2, 12.2], "texture": "#4"},
				"down": {"uv": [0, 0, 0.2, 12.2], "texture": "#4"}
			}
		},
		{
			"from": [5.6, -0.5, -3],
			"to": [10.4, -0.1, -2.6],
			"faces": {
				"north": {"uv": [0, 0, 2.8, 0.2], "texture": "#4"},
				"east": {"uv": [0, 0, 0.2, 0.2], "texture": "#4"},
				"south": {"uv": [0, 0, 2.8, 0.2], "texture": "#4"},
				"west": {"uv": [0, 0, 0.2, 0.2], "texture": "#4"},
				"up": {"uv": [0, 0, 2.8, 0.2], "texture": "#4"},
				"down": {"uv": [0, 0, 2.8, 0.2], "texture": "#4"}
			}
		},
		{
			"from": [10.4, -0.1, -3],
			"to": [10.8, 3.1, -2.6],
			"faces": {
				"north": {"uv": [0, 0, 0.2, 2.3], "texture": "#4"},
				"east": {"uv": [0, 0, 0.2, 2.3], "texture": "#4"},
				"south": {"uv": [0, 0, 0.2, 2.3], "texture": "#4"},
				"west": {"uv": [0, 0, 0.2, 2.3], "texture": "#4"},
				"up": {"uv": [0, 0, 0.2, 0.2], "texture": "#4"},
				"down": {"uv": [0, 0, 0.2, 0.2], "texture": "#4"}
			}
		},
		{
			"from": [5.6, 3.1, 10],
			"to": [10.4, 3.5, 15.2],
			"faces": {
				"north": {"uv": [0, 0, 2.8, 0.2], "texture": "#4"},
				"east": {"uv": [0, 0, 2.6, 0.2], "texture": "#4"},
				"south": {"uv": [0, 1.6, 1.5, 3.6], "texture": "#4"},
				"west": {"uv": [0, 0, 2.6, 0.2], "texture": "#4"},
				"up": {"uv": [0, 0, 2.8, 2.6], "texture": "#4"},
				"down": {"uv": [0, 0, 2.8, 2.6], "texture": "#4"}
			}
		},
		{
			"from": [5.6, -0.5, 8],
			"to": [10.4, -0.1, 13.2],
			"faces": {
				"north": {"uv": [0, 0, 2.4, 0.2], "texture": "#4"},
				"east": {"uv": [0, 0, 2.6, 0.2], "texture": "#4"},
				"south": {"uv": [0, 0, 2.8, 0.2], "texture": "#4"},
				"west": {"uv": [0, 0, 2.6, 0.2], "texture": "#4"},
				"up": {"uv": [0, 0, 2.8, 2.6], "texture": "#4"},
				"down": {"uv": [0, 0, 2.8, 2.6], "texture": "#4"}
			}
		},
		{
			"from": [10.4, 3.1, -3],
			"to": [10.8, 3.5, 21.4],
			"faces": {
				"north": {"uv": [0, 0, 0.2, 0.2], "texture": "#4"},
				"east": {"uv": [0, 0, 0.2, 12.2], "rotation": 90, "texture": "#4"},
				"south": {"uv": [0, 0, 0.2, 0.2], "texture": "#4"},
				"west": {"uv": [0, 0, 0.2, 12.2], "rotation": 90, "texture": "#4"},
				"up": {"uv": [0, 0, 0.2, 12.2], "texture": "#4"},
				"down": {"uv": [0, 0, 0.2, 12.2], "texture": "#4"}
			}
		},
		{
			"from": [10.4, -0.5, -3],
			"to": [10.8, -0.1, 21.4],
			"faces": {
				"north": {"uv": [0, 0, 0.2, 0.2], "texture": "#4"},
				"east": {"uv": [0, 0, 0.2, 12.2], "rotation": 90, "texture": "#4"},
				"south": {"uv": [0, 0, 0.2, 0.2], "texture": "#4"},
				"west": {"uv": [0, 0, 0.2, 12.2], "rotation": 90, "texture": "#4"},
				"up": {"uv": [0, 0, 0.2, 12.2], "texture": "#4"},
				"down": {"uv": [0, 0, 0.2, 12.2], "texture": "#4"}
			}
		},
		{
			"from": [5.2, -0.5, -3],
			"to": [5.6, -0.1, 21.4],
			"faces": {
				"north": {"uv": [0, 0, 0.2, 0.2], "texture": "#4"},
				"east": {"uv": [0, 0, 0.2, 12.2], "rotation": 90, "texture": "#4"},
				"south": {"uv": [0, 0, 0.2, 0.2], "texture": "#4"},
				"west": {"uv": [0, 0, 0.2, 12.2], "rotation": 90, "texture": "#4"},
				"up": {"uv": [0, 0, 0.2, 12.2], "texture": "#4"},
				"down": {"uv": [0, 0, 0.2, 12.2], "texture": "#4"}
			}
		},
		{
			"from": [5.6, 3.1, -3],
			"to": [10.4, 3.5, -2.6],
			"faces": {
				"north": {"uv": [0, 0, 2.8, 0.2], "texture": "#4"},
				"east": {"uv": [0, 0, 0.2, 0.2], "texture": "#4"},
				"south": {"uv": [0, 0, 2.8, 0.2], "texture": "#4"},
				"west": {"uv": [0, 0, 0.2, 0.2], "texture": "#4"},
				"up": {"uv": [0, 0, 2.8, 0.2], "texture": "#4"},
				"down": {"uv": [0, 0, 2.8, 0.2], "texture": "#4"}
			}
		},
		{
			"from": [5.2, -0.1, -3],
			"to": [5.6, 3.1, -2.6],
			"faces": {
				"north": {"uv": [0, 0, 0.2, 2.3], "texture": "#4"},
				"east": {"uv": [0, 0, 0.2, 2.3], "texture": "#4"},
				"south": {"uv": [0, 0, 0.2, 2.3], "texture": "#4"},
				"west": {"uv": [0, 0, 0.2, 2.3], "texture": "#4"},
				"up": {"uv": [0, 0, 0.2, 0.2], "texture": "#4"},
				"down": {"uv": [0, 0, 0.2, 0.2], "texture": "#4"}
			}
		},
		{
			"from": [5.6, -0.5, 21],
			"to": [10.4, -0.1, 21.4],
			"faces": {
				"north": {"uv": [0, 0, 2.8, 0.2], "texture": "#4"},
				"east": {"uv": [0, 0, 0.2, 0.2], "texture": "#4"},
				"south": {"uv": [0, 0, 2.8, 0.2], "texture": "#4"},
				"west": {"uv": [0, 0, 0.2, 0.2], "texture": "#4"},
				"up": {"uv": [0, 0, 2.8, 0.2], "texture": "#4"},
				"down": {"uv": [0, 0, 2.8, 0.2], "texture": "#4"}
			}
		},
		{
			"from": [5.2, -0.1, 21],
			"to": [5.6, 3.1, 21.4],
			"faces": {
				"north": {"uv": [0, 0, 0.2, 2.3], "texture": "#4"},
				"east": {"uv": [0, 0, 0.2, 2.3], "texture": "#4"},
				"south": {"uv": [0, 0, 0.2, 2.3], "texture": "#4"},
				"west": {"uv": [0, 0, 0.2, 2.3], "texture": "#4"},
				"up": {"uv": [0, 0, 0.2, 0.2], "texture": "#4"},
				"down": {"uv": [0, 0, 0.2, 0.2], "texture": "#4"}
			}
		},
		{
			"from": [10.4, -0.1, 21],
			"to": [10.8, 3.1, 21.4],
			"faces": {
				"north": {"uv": [0, 0, 0.2, 2.3], "texture": "#4"},
				"east": {"uv": [0, 0, 0.2, 2.3], "texture": "#4"},
				"south": {"uv": [0, 0, 0.2, 2.3], "texture": "#4"},
				"west": {"uv": [0, 0, 0.2, 2.3], "texture": "#4"},
				"up": {"uv": [0, 0, 0.2, 0.2], "texture": "#4"},
				"down": {"uv": [0, 0, 0.2, 0.2], "texture": "#4"}
			}
		},
		{
			"from": [5.6, 3.1, 21],
			"to": [10.4, 3.5, 21.4],
			"faces": {
				"north": {"uv": [0, 0, 2.8, 0.2], "texture": "#4"},
				"east": {"uv": [0, 0, 0.2, 0.2], "texture": "#4"},
				"south": {"uv": [0, 0, 2.8, 0.2], "texture": "#4"},
				"west": {"uv": [0, 0, 0.2, 0.2], "texture": "#4"},
				"up": {"uv": [0, 0, 2.8, 0.2], "texture": "#4"},
				"down": {"uv": [0, 0, 2.8, 0.2], "texture": "#4"}
			}
		},
		{
			"from": [7.6, 1.1, -3],
			"to": [8.4, 1.9, -1],
			"rotation": {"angle": 45, "axis": "z", "origin": [8, 1.5, -3]},
			"faces": {
				"north": {"uv": [0, 0, 0.6, 0.6], "texture": "#2"},
				"east": {"uv": [0, 0, 0.6, 1], "texture": "#2"},
				"south": {"uv": [0, 0, 0.6, 0.6], "texture": "#2"},
				"west": {"uv": [0, 0, 0.6, 1], "texture": "#2"},
				"up": {"uv": [0, 0, 0.6, 1], "texture": "#2"},
				"down": {"uv": [0, 0, 0.6, 1], "texture": "#2"}
			}
		},
		{
			"from": [7.2, 0.7, -5.8],
			"to": [8.8, 2.3, -3],
			"rotation": {"angle": 45, "axis": "z", "origin": [8, 1.5, -3]},
			"faces": {
				"north": {"uv": [0, 0, 0.8, 0.8], "texture": "#2"},
				"east": {"uv": [0, 0, 2.8, 2.6], "texture": "#2"},
				"south": {"uv": [0, 0, 0.8, 0.8], "texture": "#2"},
				"west": {"uv": [0, 0, 1.4, 0.8], "texture": "#2"},
				"up": {"uv": [0, 0, 0.8, 1.4], "texture": "#2"},
				"down": {"uv": [0, 0, 0.8, 1.4], "texture": "#2"}
			}
		},
		{
			"from": [7.4, 0.9, -6.2],
			"to": [8.6, 2.1, -5.8],
			"rotation": {"angle": 45, "axis": "z", "origin": [8, 1.5, -3]},
			"faces": {
				"north": {"uv": [0, 0, 0.6, 0.6], "texture": "#2"},
				"east": {"uv": [0, 0, 2.8, 2.6], "texture": "#2"},
				"south": {"uv": [0, 0, 0.6, 0.6], "texture": "#2"},
				"west": {"uv": [0, 0, 0.2, 0.6], "texture": "#2"},
				"up": {"uv": [0, 0, 0.6, 0.2], "texture": "#2"},
				"down": {"uv": [0, 0, 0.6, 0.2], "texture": "#2"}
			}
		},
		{
			"from": [7.6, 1.1, -6.6],
			"to": [8.4, 1.9, -6.2],
			"rotation": {"angle": 45, "axis": "z", "origin": [8, 1.5, -3]},
			"faces": {
				"north": {"uv": [0, 0, 0.4, 0.4], "texture": "#2"},
				"east": {"uv": [0, 0, 2.8, 2.6], "texture": "#2"},
				"south": {"uv": [0, 0, 0.4, 0.4], "texture": "#2"},
				"west": {"uv": [0, 0, 0.2, 0.4], "texture": "#2"},
				"up": {"uv": [0, 0, 0.4, 0.2], "texture": "#2"},
				"down": {"uv": [0, 0, 0.4, 0.2], "texture": "#2"}
			}
		},
		{
			"from": [7.8, 1.3, -7],
			"to": [8.2, 1.7, -6.6],
			"rotation": {"angle": 45, "axis": "z", "origin": [8, 1.5, -3]},
			"faces": {
				"north": {"uv": [0, 0, 0.2, 0.2], "texture": "#2"},
				"east": {"uv": [0, 0, 2.8, 2.6], "texture": "#2"},
				"south": {"uv": [0, 0, 0.2, 0.2], "texture": "#2"},
				"west": {"uv": [0, 0, 0.2, 0.2], "texture": "#2"},
				"up": {"uv": [0, 0, 0.2, 0.2], "texture": "#2"},
				"down": {"uv": [0, 0, 0.2, 0.2], "texture": "#2"}
			}
		},
		{
			"from": [7, 0.5, -1],
			"to": [9, 2.5, 9],
			"rotation": {"angle": -45, "axis": "z", "origin": [8, 1.5, -3]},
			"faces": {
				"north": {"uv": [0, 0, 1, 1], "texture": "#4"},
				"east": {"uv": [0, 0, 5, 1], "texture": "#4"},
				"south": {"uv": [0, 0, 1, 1], "texture": "#4"},
				"west": {"uv": [0, 0, 5, 1], "texture": "#4"},
				"up": {"uv": [0, 0, 1, 5], "texture": "#4"},
				"down": {"uv": [0, 0, 1, 5], "texture": "#4"}
			}
		},
		{
			"from": [7.2, 0.7, 9],
			"to": [8.8, 2.3, 19],
			"rotation": {"angle": -45, "axis": "z", "origin": [8, 1.5, -3]},
			"faces": {
				"north": {"uv": [0, 0, 0.8, 0.8], "texture": "#4"},
				"east": {"uv": [0, 0, 5, 0.8], "texture": "#4"},
				"south": {"uv": [0, 0, 0.8, 0.8], "texture": "#4"},
				"west": {"uv": [0, 0, 5, 0.8], "texture": "#4"},
				"up": {"uv": [0, 0, 0.8, 5], "texture": "#4"},
				"down": {"uv": [0, 0, 0.8, 5], "texture": "#4"}
			}
		},
		{
			"from": [7, 0.5, 19],
			"to": [9, 2.5, 21],
			"rotation": {"angle": -45, "axis": "z", "origin": [8, 1.5, -3]},
			"faces": {
				"north": {"uv": [0, 0, 1, 1], "texture": "#4"},
				"east": {"uv": [0, 0, 1, 1], "texture": "#4"},
				"south": {"uv": [0, 0, 1, 1], "texture": "#4"},
				"west": {"uv": [0, 0, 1, 1], "texture": "#4"},
				"up": {"uv": [0, 0, 1, 1], "texture": "#4"},
				"down": {"uv": [0, 0, 1, 1], "texture": "#4"}
			}
		},
		{
			"from": [7.1, 2.4, 19.1],
			"to": [8.9, 2.7, 20.9],
			"rotation": {"angle": -45, "axis": "z", "origin": [8, 1.5, -3]},
			"faces": {
				"north": {"uv": [0, 0, 0.9, 0.15], "texture": "#4"},
				"east": {"uv": [0, 0, 0.9, 0.15], "texture": "#4"},
				"south": {"uv": [0, 0, 0.9, 0.15], "texture": "#4"},
				"west": {"uv": [0, 0, 0.9, 0.15], "texture": "#4"},
				"up": {"uv": [0, 0, 0.9, 0.9], "texture": "#4"},
				"down": {"uv": [0, 0, 0.9, 0.9], "texture": "#4"}
			}
		},
		{
			"from": [7.1, 2.4, 19.1],
			"to": [8.9, 2.7, 20.9],
			"rotation": {"angle": 45, "axis": "z", "origin": [8, 1.5, -3]},
			"faces": {
				"north": {"uv": [0, 0, 0.9, 0.15], "texture": "#4"},
				"east": {"uv": [0, 0, 0.9, 0.15], "texture": "#4"},
				"south": {"uv": [0, 0, 0.9, 0.15], "texture": "#4"},
				"west": {"uv": [0, 0, 0.9, 0.15], "texture": "#4"},
				"up": {"uv": [0, 0, 0.9, 0.9], "texture": "#4"},
				"down": {"uv": [0, 0, 0.9, 0.9], "texture": "#4"}
			}
		},
		{
			"from": [6.8, 0.6, 19.1],
			"to": [7.1, 2.4, 20.9],
			"rotation": {"angle": 45, "axis": "z", "origin": [8, 1.5, -3]},
			"faces": {
				"north": {"uv": [0, 0, 0.15, 0.9], "texture": "#4"},
				"east": {"uv": [0, 0, 0.9, 0.9], "texture": "#4"},
				"south": {"uv": [0, 0, 0.15, 0.9], "texture": "#4"},
				"west": {"uv": [0, 0, 0.9, 0.9], "texture": "#4"},
				"up": {"uv": [0, 0, 0.15, 0.9], "texture": "#4"},
				"down": {"uv": [0, 0, 0.15, 0.9], "texture": "#4"}
			}
		},
		{
			"from": [7.1, 0.3, 19.1],
			"to": [8.9, 0.6, 20.9],
			"rotation": {"angle": 45, "axis": "z", "origin": [8, 1.5, -3]},
			"faces": {
				"north": {"uv": [0, 0, 0.9, 0.15], "texture": "#4"},
				"east": {"uv": [0, 0, 0.9, 0.15], "texture": "#4"},
				"south": {"uv": [0, 0, 0.9, 0.15], "texture": "#4"},
				"west": {"uv": [0, 0, 0.9, 0.15], "texture": "#4"},
				"up": {"uv": [0, 0, 0.9, 0.9], "texture": "#4"},
				"down": {"uv": [0, 0, 0.9, 0.9], "texture": "#4"}
			}
		},
		{
			"from": [7.1, 0.3, 7.1],
			"to": [8.9, 0.6, 8.9],
			"rotation": {"angle": 45, "axis": "z", "origin": [8, 1.5, -15]},
			"faces": {
				"north": {"uv": [0, 0, 0.9, 0.15], "texture": "#4"},
				"east": {"uv": [0, 0, 0.9, 0.15], "texture": "#4"},
				"south": {"uv": [0, 0, 0.9, 0.15], "texture": "#4"},
				"west": {"uv": [0, 0, 0.9, 0.15], "texture": "#4"},
				"up": {"uv": [0, 0, 0.9, 0.9], "texture": "#4"},
				"down": {"uv": [0, 0, 0.9, 0.9], "texture": "#4"}
			}
		},
		{
			"from": [7.1, 2.4, 7.1],
			"to": [8.9, 2.7, 8.9],
			"rotation": {"angle": -45, "axis": "z", "origin": [8, 1.5, -15]},
			"faces": {
				"north": {"uv": [0, 0, 0.9, 0.15], "texture": "#4"},
				"east": {"uv": [0, 0, 0.9, 0.15], "texture": "#4"},
				"south": {"uv": [0, 0, 0.9, 0.15], "texture": "#4"},
				"west": {"uv": [0, 0, 0.9, 0.15], "texture": "#4"},
				"up": {"uv": [0, 0, 0.9, 0.9], "texture": "#4"},
				"down": {"uv": [0, 0, 0.9, 0.9], "texture": "#4"}
			}
		},
		{
			"from": [7.1, 2.4, 7.1],
			"to": [8.9, 2.7, 8.9],
			"rotation": {"angle": 45, "axis": "z", "origin": [8, 1.5, -15]},
			"faces": {
				"north": {"uv": [0, 0, 0.9, 0.15], "texture": "#4"},
				"east": {"uv": [0, 0, 0.9, 0.15], "texture": "#4"},
				"south": {"uv": [0, 0, 0.9, 0.15], "texture": "#4"},
				"west": {"uv": [0, 0, 0.9, 0.15], "texture": "#4"},
				"up": {"uv": [0, 0, 0.9, 0.9], "texture": "#4"},
				"down": {"uv": [0, 0, 0.9, 0.9], "texture": "#4"}
			}
		},
		{
			"from": [6.8, 0.6, 7.1],
			"to": [7.1, 2.4, 8.9],
			"rotation": {"angle": 45, "axis": "z", "origin": [8, 1.5, -15]},
			"faces": {
				"north": {"uv": [0, 0, 0.15, 0.9], "texture": "#4"},
				"east": {"uv": [0, 0, 0.9, 0.9], "texture": "#4"},
				"south": {"uv": [0, 0, 0.15, 0.9], "texture": "#4"},
				"west": {"uv": [0, 0, 0.9, 0.9], "texture": "#4"},
				"up": {"uv": [0, 0, 0.15, 0.9], "texture": "#4"},
				"down": {"uv": [0, 0, 0.15, 0.9], "texture": "#4"}
			}
		},
		{
			"from": [7.1, 0.3, 5.1],
			"to": [8.9, 0.6, 6.9],
			"rotation": {"angle": 45, "axis": "z", "origin": [8, 1.5, -17]},
			"faces": {
				"north": {"uv": [0, 0, 0.9, 0.15], "texture": "#4"},
				"east": {"uv": [0, 0, 0.9, 0.15], "texture": "#4"},
				"south": {"uv": [0, 0, 0.9, 0.15], "texture": "#4"},
				"west": {"uv": [0, 0, 0.9, 0.15], "texture": "#4"},
				"up": {"uv": [0, 0, 0.9, 0.9], "texture": "#4"},
				"down": {"uv": [0, 0, 0.9, 0.9], "texture": "#4"}
			}
		},
		{
			"from": [7.1, 2.4, 5.1],
			"to": [8.9, 2.7, 6.9],
			"rotation": {"angle": -45, "axis": "z", "origin": [8, 1.5, -17]},
			"faces": {
				"north": {"uv": [0, 0, 0.9, 0.15], "texture": "#4"},
				"east": {"uv": [0, 0, 0.9, 0.15], "texture": "#4"},
				"south": {"uv": [0, 0, 0.9, 0.15], "texture": "#4"},
				"west": {"uv": [0, 0, 0.9, 0.15], "texture": "#4"},
				"up": {"uv": [0, 0, 0.9, 0.9], "texture": "#4"},
				"down": {"uv": [0, 0, 0.9, 0.9], "texture": "#4"}
			}
		},
		{
			"from": [7.1, 2.4, 5.1],
			"to": [8.9, 2.7, 6.9],
			"rotation": {"angle": 45, "axis": "z", "origin": [8, 1.5, -17]},
			"faces": {
				"north": {"uv": [0, 0, 0.9, 0.15], "texture": "#4"},
				"east": {"uv": [0, 0, 0.9, 0.15], "texture": "#4"},
				"south": {"uv": [0, 0, 0.9, 0.15], "texture": "#4"},
				"west": {"uv": [0, 0, 0.9, 0.15], "texture": "#4"},
				"up": {"uv": [0, 0, 0.9, 0.9], "texture": "#4"},
				"down": {"uv": [0, 0, 0.9, 0.9], "texture": "#4"}
			}
		},
		{
			"from": [6.8, 0.6, 5.1],
			"to": [7.1, 2.4, 6.9],
			"rotation": {"angle": 45, "axis": "z", "origin": [8, 1.5, -17]},
			"faces": {
				"north": {"uv": [0, 0, 0.15, 0.9], "texture": "#4"},
				"east": {"uv": [0, 0, 0.9, 0.9], "texture": "#4"},
				"south": {"uv": [0, 0, 0.15, 0.9], "texture": "#4"},
				"west": {"uv": [0, 0, 0.9, 0.9], "texture": "#4"},
				"up": {"uv": [0, 0, 0.15, 0.9], "texture": "#4"},
				"down": {"uv": [0, 0, 0.15, 0.9], "texture": "#4"}
			}
		},
		{
			"from": [6.8, 0.6, 3.1],
			"to": [7.1, 2.4, 4.9],
			"rotation": {"angle": 45, "axis": "z", "origin": [8, 1.5, -19]},
			"faces": {
				"north": {"uv": [0, 0, 0.15, 0.9], "texture": "#4"},
				"east": {"uv": [0, 0, 0.9, 0.9], "texture": "#4"},
				"south": {"uv": [0, 0, 0.15, 0.9], "texture": "#4"},
				"west": {"uv": [0, 0, 0.9, 0.9], "texture": "#4"},
				"up": {"uv": [0, 0, 0.15, 0.9], "texture": "#4"},
				"down": {"uv": [0, 0, 0.15, 0.9], "texture": "#4"}
			}
		},
		{
			"from": [7.1, 2.4, 3.1],
			"to": [8.9, 2.7, 4.9],
			"rotation": {"angle": 45, "axis": "z", "origin": [8, 1.5, -19]},
			"faces": {
				"north": {"uv": [0, 0, 0.9, 0.15], "texture": "#4"},
				"east": {"uv": [0, 0, 0.9, 0.15], "texture": "#4"},
				"south": {"uv": [0, 0, 0.9, 0.15], "texture": "#4"},
				"west": {"uv": [0, 0, 0.9, 0.15], "texture": "#4"},
				"up": {"uv": [0, 0, 0.9, 0.9], "texture": "#4"},
				"down": {"uv": [0, 0, 0.9, 0.9], "texture": "#4"}
			}
		},
		{
			"from": [7.1, 0.3, 3.1],
			"to": [8.9, 0.6, 4.9],
			"rotation": {"angle": 45, "axis": "z", "origin": [8, 1.5, -19]},
			"faces": {
				"north": {"uv": [0, 0, 0.9, 0.15], "texture": "#4"},
				"east": {"uv": [0, 0, 0.9, 0.15], "texture": "#4"},
				"south": {"uv": [0, 0, 0.9, 0.15], "texture": "#4"},
				"west": {"uv": [0, 0, 0.9, 0.15], "texture": "#4"},
				"up": {"uv": [0, 0, 0.9, 0.9], "texture": "#4"},
				"down": {"uv": [0, 0, 0.9, 0.9], "texture": "#4"}
			}
		},
		{
			"from": [7.1, 2.4, 3.1],
			"to": [8.9, 2.7, 4.9],
			"rotation": {"angle": -45, "axis": "z", "origin": [8, 1.5, -19]},
			"faces": {
				"north": {"uv": [0, 0, 0.9, 0.15], "texture": "#4"},
				"east": {"uv": [0, 0, 0.9, 0.15], "texture": "#4"},
				"south": {"uv": [0, 0, 0.9, 0.15], "texture": "#4"},
				"west": {"uv": [0, 0, 0.9, 0.15], "texture": "#4"},
				"up": {"uv": [0, 0, 0.9, 0.9], "texture": "#4"},
				"down": {"uv": [0, 0, 0.9, 0.9], "texture": "#4"}
			}
		},
		{
			"from": [6.8, 0.6, 1.1],
			"to": [7.1, 2.4, 2.9],
			"rotation": {"angle": 45, "axis": "z", "origin": [8, 1.5, -21]},
			"faces": {
				"north": {"uv": [0, 0, 0.15, 0.9], "texture": "#4"},
				"east": {"uv": [0, 0, 0.9, 0.9], "texture": "#4"},
				"south": {"uv": [0, 0, 0.15, 0.9], "texture": "#4"},
				"west": {"uv": [0, 0, 0.9, 0.9], "texture": "#4"},
				"up": {"uv": [0, 0, 0.15, 0.9], "texture": "#4"},
				"down": {"uv": [0, 0, 0.15, 0.9], "texture": "#4"}
			}
		},
		{
			"from": [7.1, 2.4, 1.1],
			"to": [8.9, 2.7, 2.9],
			"rotation": {"angle": 45, "axis": "z", "origin": [8, 1.5, -21]},
			"faces": {
				"north": {"uv": [0, 0, 0.9, 0.15], "texture": "#4"},
				"east": {"uv": [0, 0, 0.9, 0.15], "texture": "#4"},
				"south": {"uv": [0, 0, 0.9, 0.15], "texture": "#4"},
				"west": {"uv": [0, 0, 0.9, 0.15], "texture": "#4"},
				"up": {"uv": [0, 0, 0.9, 0.9], "texture": "#4"},
				"down": {"uv": [0, 0, 0.9, 0.9], "texture": "#4"}
			}
		},
		{
			"from": [7.1, 0.3, 1.1],
			"to": [8.9, 0.6, 2.9],
			"rotation": {"angle": 45, "axis": "z", "origin": [8, 1.5, -21]},
			"faces": {
				"north": {"uv": [0, 0, 0.9, 0.15], "texture": "#4"},
				"east": {"uv": [0, 0, 0.9, 0.15], "texture": "#4"},
				"south": {"uv": [0, 0, 0.9, 0.15], "texture": "#4"},
				"west": {"uv": [0, 0, 0.9, 0.15], "texture": "#4"},
				"up": {"uv": [0, 0, 0.9, 0.9], "texture": "#4"},
				"down": {"uv": [0, 0, 0.9, 0.9], "texture": "#4"}
			}
		},
		{
			"from": [7.1, 2.4, 1.1],
			"to": [8.9, 2.7, 2.9],
			"rotation": {"angle": -45, "axis": "z", "origin": [8, 1.5, -21]},
			"faces": {
				"north": {"uv": [0, 0, 0.9, 0.15], "texture": "#4"},
				"east": {"uv": [0, 0, 0.9, 0.15], "texture": "#4"},
				"south": {"uv": [0, 0, 0.9, 0.15], "texture": "#4"},
				"west": {"uv": [0, 0, 0.9, 0.15], "texture": "#4"},
				"up": {"uv": [0, 0, 0.9, 0.9], "texture": "#4"},
				"down": {"uv": [0, 0, 0.9, 0.9], "texture": "#4"}
			}
		},
		{
			"from": [6.8, 0.6, -0.9],
			"to": [7.1, 2.4, 0.9],
			"rotation": {"angle": 45, "axis": "z", "origin": [8, 1.5, -23]},
			"faces": {
				"north": {"uv": [0, 0, 0.15, 0.9], "texture": "#4"},
				"east": {"uv": [0, 0, 0.9, 0.9], "texture": "#4"},
				"south": {"uv": [0, 0, 0.15, 0.9], "texture": "#4"},
				"west": {"uv": [0, 0, 0.9, 0.9], "texture": "#4"},
				"up": {"uv": [0, 0, 0.15, 0.9], "texture": "#4"},
				"down": {"uv": [0, 0, 0.15, 0.9], "texture": "#4"}
			}
		},
		{
			"from": [7.1, 2.4, -0.9],
			"to": [8.9, 2.7, 0.9],
			"rotation": {"angle": 45, "axis": "z", "origin": [8, 1.5, -23]},
			"faces": {
				"north": {"uv": [0, 0, 0.9, 0.15], "texture": "#4"},
				"east": {"uv": [0, 0, 0.9, 0.15], "texture": "#4"},
				"south": {"uv": [0, 0, 0.9, 0.15], "texture": "#4"},
				"west": {"uv": [0, 0, 0.9, 0.15], "texture": "#4"},
				"up": {"uv": [0, 0, 0.9, 0.9], "texture": "#4"},
				"down": {"uv": [0, 0, 0.9, 0.9], "texture": "#4"}
			}
		},
		{
			"from": [7.1, 0.3, -0.9],
			"to": [8.9, 0.6, 0.9],
			"rotation": {"angle": 45, "axis": "z", "origin": [8, 1.5, -23]},
			"faces": {
				"north": {"uv": [0, 0, 0.9, 0.15], "texture": "#4"},
				"east": {"uv": [0, 0, 0.9, 0.15], "texture": "#4"},
				"south": {"uv": [0, 0, 0.9, 0.15], "texture": "#4"},
				"west": {"uv": [0, 0, 0.9, 0.15], "texture": "#4"},
				"up": {"uv": [0, 0, 0.9, 0.9], "texture": "#4"},
				"down": {"uv": [0, 0, 0.9, 0.9], "texture": "#4"}
			}
		},
		{
			"from": [7.1, 2.4, -0.9],
			"to": [8.9, 2.7, 0.9],
			"rotation": {"angle": -45, "axis": "z", "origin": [8, 1.5, -23]},
			"faces": {
				"north": {"uv": [0, 0, 0.9, 0.15], "texture": "#4"},
				"east": {"uv": [0, 0, 0.9, 0.15], "texture": "#4"},
				"south": {"uv": [0, 0, 0.9, 0.15], "texture": "#4"},
				"west": {"uv": [0, 0, 0.9, 0.15], "texture": "#4"},
				"up": {"uv": [0, 0, 0.9, 0.9], "texture": "#4"},
				"down": {"uv": [0, 0, 0.9, 0.9], "texture": "#4"}
			}
		},
		{
			"from": [7.2, 0.7, -1.4],
			"to": [8.8, 2.3, -1],
			"rotation": {"angle": -45, "axis": "z", "origin": [8, 1.5, -3]},
			"faces": {
				"north": {"uv": [0, 0, 1, 1], "texture": "#4"},
				"east": {"uv": [0, 0, 0.2, 1], "texture": "#4"},
				"south": {"uv": [0, 0, 1, 1], "texture": "#4"},
				"west": {"uv": [0, 0, 0.2, 1], "texture": "#4"},
				"up": {"uv": [0, 0, 1, 0.2], "texture": "#4"},
				"down": {"uv": [0, 0, 1, 0.2], "texture": "#4"}
			}
		},
		{
			"from": [5.6, 1.3, 21],
			"to": [10.4, 1.7, 21.4],
			"faces": {
				"north": {"uv": [0, 0, 2.8, 0.2], "texture": "#4"},
				"east": {"uv": [0, 0, 0.2, 0.2], "texture": "#4"},
				"south": {"uv": [0, 0, 2.8, 0.2], "texture": "#4"},
				"west": {"uv": [0, 0, 0.2, 0.2], "texture": "#4"},
				"up": {"uv": [0, 0, 2.8, 0.2], "texture": "#4"},
				"down": {"uv": [0, 0, 2.8, 0.2], "texture": "#4"}
			}
		}
	],
	"display": {
		"thirdperson_righthand": {
			"rotation": [0, -15, 0],
			"translation": [0.5, 9.5, -1.5],
			"scale": [1.5, 1.5, 1.5]
		},
		"thirdperson_lefthand": {
			"translation": [-0.5, 9.5, -1.5],
			"scale": [1.5, 1.5, 1.5]
		},
		"firstperson_righthand": {
			"rotation": [6, 3, 0],
			"translation": [7.5, 11.5, 5]
		},
		"ground": {
			"translation": [0, 4, 0]
		},
		"gui": {
			"rotation": [90, 50, -90],
			"translation": [2.5, 3.5, 0],
			"scale": [0.6, 0.6, 0.6]
		},
		"head": {
			"translation": [0, 15.25, -8.75],
			"scale": [3, 3, 3]
		},
		"fixed": {
			"rotation": [90, 50, -90],
			"translation": [2.5, 3.5, 0],
			"scale": [0.6, 0.6, 0.6]
		}
	}
}