{
	"credit": "Made with Blockbench",
	"textures": {
		"1": "zcbm/peep",
		"4": "zcbm/weapons/browning",
		"particle": "zcbm/peep"
	},
	"elements": [
		{
			"from": [7.29826, 3.488, 10.208],
			"to": [8.79826, 3.988, 19.704],
			"faces": {
				"north": {"uv": [2, 4.25, 3.5, 4.75], "rotation": 180, "texture": "#4"},
				"east": {"uv": [0, 1.75, 7.24557, 2.5], "texture": "#4"},
				"south": {"uv": [2, 4.25, 3.5, 4.75], "rotation": 180, "texture": "#4"},
				"west": {"uv": [0, 1.75, 7.24557, 2.5], "texture": "#4"},
				"up": {"uv": [0, 0, 1.5, 9.496], "rotation": 180, "texture": "#4"},
				"down": {"uv": [0, 0, 1.5, 9.496], "rotation": 180, "texture": "#4"}
			}
		},
		{
			"from": [7.75826, 2.753, -5.956],
			"to": [8.25826, 3.253, 4.34],
			"faces": {
				"north": {"uv": [13, 7, 14, 8.35], "rotation": 90, "texture": "#4"},
				"east": {"uv": [0, 0, 7.04464, 0.875], "texture": "#4"},
				"south": {"uv": [13, 7, 14, 8.35], "rotation": 90, "texture": "#4"},
				"west": {"uv": [0, 0, 7.04464, 0.875], "texture": "#4"},
				"up": {"uv": [0, 0, 7.04464, 0.875], "rotation": 90, "texture": "#4"},
				"down": {"uv": [0, 0, 7.04464, 0.875], "rotation": 90, "texture": "#4"}
			}
		},
		{
			"from": [7.29826, 1.988, 10.208],
			"to": [8.79826, 2.988, 15.704],
			"faces": {
				"north": {"uv": [2.75, 5, 4.25, 6], "rotation": 180, "texture": "#4"},
				"east": {"uv": [0, 0, 5.496, 1], "texture": "#4"},
				"south": {"uv": [2.5, 6, 4, 7], "rotation": 180, "texture": "#4"},
				"west": {"uv": [0, 0, 5.496, 1], "texture": "#4"},
				"up": {"uv": [0, 0, 1.5, 9.496], "rotation": 180, "texture": "#4"},
				"down": {"uv": [0, 0, 1.5, 9.496], "rotation": 180, "texture": "#4"}
			}
		},
		{
			"from": [7.29826, 2.988, 13.208],
			"to": [8.79826, 3.488, 19.704],
			"faces": {
				"north": {"uv": [2, 4.25, 3.5, 4.75], "rotation": 180, "texture": "#4"},
				"east": {"uv": [0.75, 4.75, 7.24554, 5.25], "rotation": 180, "texture": "#4"},
				"south": {"uv": [2, 4.25, 3.5, 4.75], "rotation": 180, "texture": "#4"},
				"west": {"uv": [0, 0, 6.496, 0.5], "rotation": 180, "texture": "#4"},
				"up": {"uv": [4, 0, 9.63985, 15.7469], "rotation": 180, "texture": "#4"},
				"down": {"uv": [1.25, 4.5, 2.75, 8.99554], "rotation": 180, "texture": "#4"}
			}
		},
		{
			"from": [7.29826, 2.988, 10.208],
			"to": [8.79826, 3.488, 10.8915],
			"faces": {
				"north": {"uv": [2, 4.25, 3.5, 4.75], "rotation": 180, "texture": "#4"},
				"east": {"uv": [0, 2, 1, 2.75], "rotation": 180, "texture": "#4"},
				"south": {"uv": [2, 4.25, 3.5, 4.75], "rotation": 180, "texture": "#4"},
				"west": {"uv": [0, 2, 1, 2.75], "rotation": 180, "texture": "#4"},
				"up": {"uv": [4, 0, 9.63985, 15.7469], "rotation": 180, "texture": "#4"},
				"down": {"uv": [4, 0, 9.63985, 15.7469], "rotation": 180, "texture": "#4"}
			}
		},
		{
			"from": [7.38326, 2.378, 6.544],
			"to": [8.63326, 3.628, 10.34],
			"faces": {
				"north": {"uv": [14.5, 9, 15.75, 10.25], "rotation": 90, "texture": "#4"},
				"east": {"uv": [8.75, 9, 15.04464, 11], "texture": "#4"},
				"south": {"uv": [13, 7, 14, 8.35], "rotation": 90, "texture": "#4"},
				"west": {"uv": [8.75, 9, 15.04464, 11], "texture": "#4"},
				"up": {"uv": [9.5, 10.5, 15.79464, 12.5], "rotation": 90, "texture": "#4"},
				"down": {"uv": [9.5, 10.5, 15.79464, 12.5], "rotation": 270, "texture": "#4"}
			}
		},
		{
			"from": [7.57076, 2.5655, 4.26276],
			"to": [8.44576, 3.4405, 6.55876],
			"faces": {
				"north": {"uv": [0, 0, 0.875, 0.875], "rotation": 90, "texture": "#4"},
				"east": {"uv": [0, 0, 2.296, 0.875], "rotation": 90, "texture": "#4"},
				"south": {"uv": [0, 0, 0.875, 0.875], "rotation": 90, "texture": "#4"},
				"west": {"uv": [0, 0, 2.296, 0.875], "rotation": 90, "texture": "#4"},
				"up": {"uv": [0, 0, 0.875, 2.296], "rotation": 90, "texture": "#4"},
				"down": {"uv": [0, 0, 0.875, 2.296], "rotation": 90, "texture": "#4"}
			}
		},
		{
			"from": [7.50826, 2.503, 5.76276],
			"to": [8.50826, 3.503, 10.30876],
			"faces": {
				"north": {"uv": [0, 0, 0.875, 0.875], "rotation": 90, "texture": "#4"},
				"east": {"uv": [0, 0, 4.546, 1], "texture": "#4"},
				"south": {"uv": [13, 7, 14, 8.35], "rotation": 90, "texture": "#4"},
				"west": {"uv": [0, 0, 4.546, 1], "texture": "#4"},
				"up": {"uv": [0, 0, 1, 4.546], "texture": "#4"},
				"down": {"uv": [0, 0, 1, 4.546], "texture": "#4"}
			}
		},
		{
			"from": [7.69576, 2.6905, -7.73724],
			"to": [8.32076, 3.3155, -5.44124],
			"faces": {
				"north": {"uv": [8, 0, 9.5, 1.5], "rotation": 90, "texture": "#4"},
				"east": {"uv": [0, 0, 2.296, 0.625], "texture": "#4"},
				"south": {"uv": [0, 0, 2.296, 0.625], "texture": "#4"},
				"west": {"uv": [0, 0, 2.296, 0.625], "texture": "#4"},
				"up": {"uv": [0, 0, 0.625, 2.296], "texture": "#4"},
				"down": {"uv": [0, 0, 0.625, 2.296], "texture": "#4"}
			}
		},
		{
			"from": [7.69576, 2.6905, 19.01276],
			"to": [8.32076, 3.3155, 21.05876],
			"faces": {
				"north": {"uv": [13, 7, 14, 8.35], "rotation": 90, "texture": "#4"},
				"east": {"uv": [13.25, 15, 13.875, 15.625], "rotation": 90, "texture": "#4"},
				"south": {"uv": [13.25, 15, 13.875, 15.625], "rotation": 90, "texture": "#4"},
				"west": {"uv": [13.25, 15, 13.875, 15.625], "rotation": 90, "texture": "#4"},
				"up": {"uv": [13.25, 15, 13.875, 15.625], "rotation": 90, "texture": "#4"},
				"down": {"uv": [13.25, 15, 13.875, 15.625], "rotation": 90, "texture": "#4"}
			}
		},
		{
			"from": [7.29826, 1.488, 15.208],
			"to": [8.79826, 1.988, 19.704],
			"faces": {
				"north": {"uv": [2, 4.25, 3.5, 4.75], "rotation": 180, "texture": "#4"},
				"east": {"uv": [0, 3.5, 4.49554, 4], "rotation": 180, "texture": "#4"},
				"south": {"uv": [1.25, 2, 2.75, 2.5], "rotation": 180, "texture": "#4"},
				"west": {"uv": [0, 3.5, 4.49554, 4], "rotation": 180, "texture": "#4"},
				"up": {"uv": [1.25, 4.5, 2.75, 8.99554], "rotation": 180, "texture": "#4"},
				"down": {"uv": [1.25, 4.5, 2.75, 8.99554], "rotation": 180, "texture": "#4"}
			}
		},
		{
			"from": [7.42326, -0.637, 17.204],
			"to": [7.67326, -0.012, 17.829],
			"rotation": {"angle": 45, "axis": "x", "origin": [7.42326, 1.238, 19.454]},
			"faces": {
				"north": {"uv": [0, 0, 0.625, 0.625], "rotation": 180, "texture": "#4"},
				"east": {"uv": [0, 0, 0.625, 0.625], "rotation": 180, "texture": "#4"},
				"south": {"uv": [0, 0, 0.625, 0.625], "rotation": 180, "texture": "#4"},
				"west": {"uv": [0, 0, 0.625, 0.625], "rotation": 180, "texture": "#4"},
				"up": {"uv": [0, 0, 0.625, 0.625], "rotation": 180, "texture": "#4"},
				"down": {"uv": [0, 0, 0.625, 0.625], "rotation": 180, "texture": "#4"}
			}
		},
		{
			"from": [8.42326, -0.637, 17.204],
			"to": [8.67326, -0.012, 17.829],
			"rotation": {"angle": 45, "axis": "x", "origin": [7.42326, 1.238, 19.454]},
			"faces": {
				"north": {"uv": [0, 0, 0.625, 0.625], "rotation": 180, "texture": "#4"},
				"east": {"uv": [0, 0, 0.625, 0.625], "rotation": 180, "texture": "#4"},
				"south": {"uv": [0, 0, 0.625, 0.625], "rotation": 180, "texture": "#4"},
				"west": {"uv": [0, 0, 0.625, 0.625], "rotation": 180, "texture": "#4"},
				"up": {"uv": [0, 0, 0.625, 0.625], "rotation": 180, "texture": "#4"},
				"down": {"uv": [0, 0, 0.625, 0.625], "rotation": 180, "texture": "#4"}
			}
		},
		{
			"from": [7.04826, 0.863, 9.829],
			"to": [9.04826, 2.4255, 12.204],
			"faces": {
				"north": {"uv": [11.25, 13.25, 11.75, 13.75], "rotation": 180, "texture": "#4"},
				"east": {"uv": [11.25, 13.25, 11.75, 13.75], "rotation": 180, "texture": "#4"},
				"south": {"uv": [11.25, 13.25, 11.75, 13.75], "rotation": 180, "texture": "#4"},
				"west": {"uv": [11.25, 13.25, 11.75, 13.75], "rotation": 180, "texture": "#4"},
				"up": {"uv": [11.25, 13.25, 11.75, 13.75], "rotation": 180, "texture": "#4"},
				"down": {"uv": [11.25, 13.25, 11.75, 13.75], "rotation": 180, "texture": "#4"}
			}
		},
		{
			"from": [7.29826, 1.988, 18.958],
			"to": [8.79826, 2.3005, 19.704],
			"faces": {
				"north": {"uv": [2.75, 5, 4.25, 6], "rotation": 180, "texture": "#4"},
				"east": {"uv": [0, 0, 0.746, 0.5], "texture": "#4"},
				"south": {"uv": [2.5, 6, 4, 7], "rotation": 180, "texture": "#4"},
				"west": {"uv": [0, 0, 0.746, 0.5], "texture": "#4"},
				"up": {"uv": [0, 0, 1.5, 9.496], "rotation": 180, "texture": "#4"},
				"down": {"uv": [0, 0, 1.5, 9.496], "rotation": 180, "texture": "#4"}
			}
		},
		{
			"from": [7.29826, 2.3005, 15.708],
			"to": [8.79826, 2.988, 19.704],
			"faces": {
				"north": {"uv": [2, 4.25, 3.5, 4.75], "rotation": 180, "texture": "#4"},
				"east": {"uv": [0, 3.5, 4.49554, 4], "rotation": 180, "texture": "#4"},
				"south": {"uv": [1.25, 2, 2.75, 2.5], "rotation": 180, "texture": "#4"},
				"west": {"uv": [0, 0, 3.996, 0.5], "rotation": 180, "texture": "#4"},
				"up": {"uv": [1.25, 4.5, 2.75, 8.99554], "rotation": 180, "texture": "#4"},
				"down": {"uv": [1.25, 4.5, 2.75, 8.99554], "rotation": 180, "texture": "#4"}
			}
		},
		{
			"from": [6.81613, 2.81112, 10.954],
			"to": [7.50363, 2.87362, 13.1415],
			"rotation": {"angle": 22.5, "axis": "z", "origin": [7, 2.5, 11.5]},
			"faces": {
				"north": {"uv": [10, 6, 10.5, 6.5], "rotation": 90, "texture": "#4"},
				"east": {"uv": [10, 6, 10.5, 6.5], "rotation": 90, "texture": "#4"},
				"south": {"uv": [10, 6, 10.5, 6.5], "rotation": 270, "texture": "#4"},
				"west": {"uv": [10, 6, 10.5, 6.5], "rotation": 90, "texture": "#4"},
				"up": {"uv": [10, 6, 10.5, 6.5], "rotation": 270, "texture": "#4"},
				"down": {"uv": [10, 6, 10.5, 6.5], "rotation": 90, "texture": "#4"}
			}
		},
		{
			"from": [7.375, 3.125, 13.09375],
			"to": [7.625, 3.375, 13.125],
			"faces": {
				"north": {"uv": [13.5, 0, 14.75, 0.25], "texture": "#4"},
				"east": {"uv": [13.5, 0, 14.75, 0.25], "texture": "#4"},
				"south": {"uv": [10.25, 1.25, 12.75, 3.75], "texture": "#4"},
				"west": {"uv": [13.5, 0, 14.75, 0.25], "texture": "#4"},
				"up": {"uv": [13.5, 0, 14.75, 0.25], "rotation": 90, "texture": "#4"},
				"down": {"uv": [13.5, 0, 14.75, 0.25], "rotation": 90, "texture": "#4"}
			}
		},
		{
			"from": [7.39063, 3.14063, 13.0625],
			"to": [7.60938, 3.35938, 13.09375],
			"faces": {
				"north": {"uv": [0, 0, 0.25, 0.25], "texture": "#4"},
				"east": {"uv": [13.5, 0, 14.75, 0.25], "texture": "#4"},
				"south": {"uv": [13.5, 0, 14.75, 0.25], "texture": "#4"},
				"west": {"uv": [13.5, 0, 14.75, 0.25], "texture": "#4"},
				"up": {"uv": [13.5, 0, 14.75, 0.25], "rotation": 90, "texture": "#4"},
				"down": {"uv": [13.5, 0, 14.75, 0.25], "rotation": 90, "texture": "#4"}
			}
		},
		{
			"from": [7.375, 3.125, 11.8125],
			"to": [7.625, 3.375, 13.0625],
			"faces": {
				"north": {"uv": [13.5, 0, 14.75, 0.25], "texture": "#4"},
				"east": {"uv": [13.5, 0, 14.75, 0.25], "texture": "#4"},
				"south": {"uv": [13.5, 0, 14.75, 0.25], "texture": "#4"},
				"west": {"uv": [13.5, 0, 14.75, 0.25], "texture": "#4"},
				"up": {"uv": [13.5, 0, 14.75, 0.25], "rotation": 90, "texture": "#4"},
				"down": {"uv": [13.5, 0, 14.75, 0.25], "rotation": 90, "texture": "#4"}
			}
		},
		{
			"from": [7.40625, 3.15625, 11.625],
			"to": [7.59375, 3.34375, 11.84375],
			"faces": {
				"north": {"uv": [13.5, 0, 14.75, 0.25], "texture": "#4"},
				"east": {"uv": [13.5, 0, 14.75, 0.25], "texture": "#4"},
				"south": {"uv": [13.5, 0, 14.75, 0.25], "texture": "#4"},
				"west": {"uv": [13.5, 0, 14.75, 0.25], "texture": "#4"},
				"up": {"uv": [13.5, 0, 14.75, 0.25], "rotation": 90, "texture": "#4"},
				"down": {"uv": [13.5, 0, 14.75, 0.25], "rotation": 90, "texture": "#4"}
			}
		},
		{
			"from": [7.42188, 3.17188, 11.21875],
			"to": [7.57813, 3.32813, 11.625],
			"faces": {
				"north": {"uv": [14.75, 2.5, 15.15625, 2.65625], "texture": "#4"},
				"east": {"uv": [14.75, 2.5, 15.15625, 2.65625], "texture": "#4"},
				"south": {"uv": [14.75, 2.5, 15.15625, 2.65625], "texture": "#4"},
				"west": {"uv": [14.75, 2.5, 15.15625, 2.65625], "texture": "#4"},
				"up": {"uv": [14.75, 2.5, 15.15625, 2.65625], "rotation": 90, "texture": "#4"},
				"down": {"uv": [14.75, 2.5, 15.15625, 2.65625], "rotation": 90, "texture": "#4"}
			}
		},
		{
			"from": [7.45313, 3.20313, 11.125],
			"to": [7.54688, 3.29688, 11.21875],
			"faces": {
				"north": {"uv": [13.75, 3.25, 14.15625, 3.40625], "texture": "#4"},
				"east": {"uv": [13.75, 1.75, 15.34375, 3.34375], "rotation": 180, "texture": "#4"},
				"south": {"uv": [13.75, 3.25, 14.15625, 3.40625], "texture": "#4"},
				"west": {"uv": [13.75, 1.75, 15.34375, 3.34375], "texture": "#4"},
				"up": {"uv": [13.75, 1.75, 15.34375, 3.34375], "rotation": 90, "texture": "#4"},
				"down": {"uv": [13.75, 1.75, 15.34375, 3.34375], "rotation": 270, "texture": "#4"}
			}
		},
		{
			"from": [9.04826, 3.3005, 10.704],
			"to": [9.11076, 3.9255, 13.3915],
			"rotation": {"angle": 45, "axis": "z", "origin": [9.20451, 3.4255, 10.954]},
			"faces": {
				"north": {"uv": [11.25, 13.25, 11.75, 13.75], "rotation": 180, "texture": "#4"},
				"east": {"uv": [11.25, 13.25, 11.75, 13.75], "rotation": 180, "texture": "#4"},
				"south": {"uv": [11.25, 13.25, 11.75, 13.75], "rotation": 180, "texture": "#4"},
				"west": {"uv": [11.25, 13.25, 11.75, 13.75], "rotation": 180, "texture": "#4"},
				"up": {"uv": [11.25, 13.25, 11.75, 13.75], "rotation": 180, "texture": "#4"},
				"down": {"uv": [11.25, 13.25, 11.75, 13.75], "rotation": 180, "texture": "#4"}
			}
		},
		{
			"from": [7.79826, 3.863, 11.329],
			"to": [8.29826, 5.4255, 12.204],
			"rotation": {"angle": 22.5, "axis": "x", "origin": [8.04826, 4.64425, 11.3915]},
			"faces": {
				"north": {"uv": [11.25, 13.25, 11.75, 13.75], "rotation": 180, "texture": "#4"},
				"east": {"uv": [11.25, 13.25, 11.75, 13.75], "rotation": 180, "texture": "#4"},
				"south": {"uv": [11.25, 13.25, 11.75, 13.75], "rotation": 180, "texture": "#4"},
				"west": {"uv": [11.25, 13.25, 11.75, 13.75], "rotation": 180, "texture": "#4"},
				"up": {"uv": [11.25, 13.25, 11.75, 13.75], "rotation": 180, "texture": "#4"},
				"down": {"uv": [11.25, 13.25, 11.75, 13.75], "rotation": 180, "texture": "#4"}
			}
		},
		{
			"from": [7.79826, 5.113, 11.329],
			"to": [8.29826, 5.613, 12.704],
			"faces": {
				"north": {"uv": [7, 7, 9, 9], "rotation": 180, "texture": "#1"},
				"east": {"uv": [11.25, 13.25, 11.75, 13.75], "rotation": 180, "texture": "#4"},
				"south": {"uv": [11.25, 13.25, 11.75, 13.75], "rotation": 180, "texture": "#4"},
				"west": {"uv": [11.25, 13.25, 11.75, 13.75], "rotation": 180, "texture": "#4"},
				"up": {"uv": [11.25, 13.25, 11.75, 13.75], "rotation": 180, "texture": "#4"},
				"down": {"uv": [11.25, 13.25, 11.75, 13.75], "rotation": 180, "texture": "#4"}
			}
		},
		{
			"from": [7.73576, 5.113, 11.2665],
			"to": [7.79826, 5.613, 12.704],
			"faces": {
				"north": {"uv": [11.25, 13.25, 11.75, 13.75], "rotation": 180, "texture": "#4"},
				"east": {"uv": [11.25, 13.25, 11.75, 13.75], "rotation": 180, "texture": "#4"},
				"south": {"uv": [11.25, 13.25, 11.75, 13.75], "rotation": 180, "texture": "#4"},
				"west": {"uv": [11.25, 13.25, 11.75, 13.75], "rotation": 180, "texture": "#4"},
				"up": {"uv": [11.25, 13.25, 11.75, 13.75], "rotation": 180, "texture": "#4"},
				"down": {"uv": [11.25, 13.25, 11.75, 13.75], "rotation": 180, "texture": "#4"}
			}
		},
		{
			"from": [8.29826, 5.113, 11.2665],
			"to": [8.36076, 5.613, 12.704],
			"faces": {
				"north": {"uv": [11.25, 13.25, 11.75, 13.75], "rotation": 180, "texture": "#4"},
				"east": {"uv": [11.25, 13.25, 11.75, 13.75], "rotation": 180, "texture": "#4"},
				"south": {"uv": [11.25, 13.25, 11.75, 13.75], "rotation": 180, "texture": "#4"},
				"west": {"uv": [11.25, 13.25, 11.75, 13.75], "rotation": 180, "texture": "#4"},
				"up": {"uv": [11.25, 13.25, 11.75, 13.75], "rotation": 180, "texture": "#4"},
				"down": {"uv": [11.25, 13.25, 11.75, 13.75], "rotation": 180, "texture": "#4"}
			}
		},
		{
			"from": [7.73576, 5.613, 11.2665],
			"to": [8.36076, 5.6755, 12.704],
			"faces": {
				"north": {"uv": [11.25, 13.25, 11.75, 13.75], "rotation": 270, "texture": "#4"},
				"east": {"uv": [11.25, 13.25, 11.75, 13.75], "rotation": 90, "texture": "#4"},
				"south": {"uv": [11.25, 13.25, 11.75, 13.75], "rotation": 90, "texture": "#4"},
				"west": {"uv": [11.25, 13.25, 11.75, 13.75], "rotation": 270, "texture": "#4"},
				"up": {"uv": [11.25, 13.25, 11.75, 13.75], "rotation": 90, "texture": "#4"},
				"down": {"uv": [11.25, 13.25, 11.75, 13.75], "rotation": 90, "texture": "#4"}
			}
		},
		{
			"from": [7.73576, 5.0505, 11.2665],
			"to": [8.36076, 5.113, 12.704],
			"faces": {
				"north": {"uv": [11.25, 13.25, 11.75, 13.75], "rotation": 270, "texture": "#4"},
				"east": {"uv": [11.25, 13.25, 11.75, 13.75], "rotation": 90, "texture": "#4"},
				"south": {"uv": [11.25, 13.25, 11.75, 13.75], "rotation": 90, "texture": "#4"},
				"west": {"uv": [11.25, 13.25, 11.75, 13.75], "rotation": 270, "texture": "#4"},
				"up": {"uv": [11.25, 13.25, 11.75, 13.75], "rotation": 90, "texture": "#4"},
				"down": {"uv": [11.25, 13.25, 11.75, 13.75], "rotation": 90, "texture": "#4"}
			}
		},
		{
			"from": [8.98576, 1.113, 10.208],
			"to": [10.48576, 2.113, 15.704],
			"faces": {
				"north": {"uv": [2.75, 5, 4.25, 6], "rotation": 180, "texture": "#4"},
				"east": {"uv": [0, 0, 5.496, 1], "texture": "#4"},
				"south": {"uv": [2.5, 6, 4, 7], "rotation": 180, "texture": "#4"},
				"west": {"uv": [0, 0, 5.496, 1], "texture": "#4"},
				"up": {"uv": [0, 0, 1.5, 5.496], "rotation": 180, "texture": "#4"},
				"down": {"uv": [0, 0, 1.5, 9.496], "rotation": 180, "texture": "#4"}
			}
		},
		{
			"from": [8.79826, 2.113, 14.2705],
			"to": [10.48576, 3.113, 19.1415],
			"faces": {
				"north": {"uv": [2.75, 5, 4.25, 6], "rotation": 180, "texture": "#4"},
				"east": {"uv": [0, 0, 5.496, 1], "texture": "#4"},
				"south": {"uv": [2.5, 6, 4, 7], "rotation": 180, "texture": "#4"},
				"west": {"uv": [0, 0, 5.496, 1], "texture": "#4"},
				"up": {"uv": [0, 0, 1.5, 5.496], "rotation": 180, "texture": "#4"},
				"down": {"uv": [0, 0, 1.5, 9.496], "rotation": 180, "texture": "#4"}
			}
		},
		{
			"from": [8.79826, 3.113, 15.0165],
			"to": [10.11076, 4.613, 18.454],
			"faces": {
				"north": {"uv": [11.25, 13.25, 11.75, 13.75], "rotation": 180, "texture": "#4"},
				"east": {"uv": [11.25, 13.25, 11.75, 13.75], "rotation": 180, "texture": "#4"},
				"south": {"uv": [11.25, 13.25, 11.75, 13.75], "rotation": 180, "texture": "#4"},
				"west": {"uv": [11.25, 13.25, 11.75, 13.75], "rotation": 180, "texture": "#4"},
				"up": {"uv": [11.25, 13.25, 11.75, 13.75], "rotation": 180, "texture": "#4"},
				"down": {"uv": [11.25, 13.25, 11.75, 13.75], "rotation": 180, "texture": "#4"}
			}
		},
		{
			"from": [5.98576, 3.113, 15.0165],
			"to": [7.29826, 4.613, 18.454],
			"faces": {
				"north": {"uv": [11.25, 13.25, 11.75, 13.75], "rotation": 180, "texture": "#4"},
				"east": {"uv": [11.25, 13.25, 11.75, 13.75], "rotation": 180, "texture": "#4"},
				"south": {"uv": [11.25, 13.25, 11.75, 13.75], "rotation": 180, "texture": "#4"},
				"west": {"uv": [11.25, 13.25, 11.75, 13.75], "rotation": 180, "texture": "#4"},
				"up": {"uv": [11.25, 13.25, 11.75, 13.75], "rotation": 180, "texture": "#4"},
				"down": {"uv": [11.25, 13.25, 11.75, 13.75], "rotation": 180, "texture": "#4"}
			}
		},
		{
			"from": [6.50363, 3.24862, 10.954],
			"to": [7.75363, 3.31112, 13.1415],
			"rotation": {"angle": 22.5, "axis": "z", "origin": [7, 2.5, 11.5]},
			"faces": {
				"north": {"uv": [10, 6, 10.5, 6.5], "rotation": 90, "texture": "#4"},
				"east": {"uv": [10, 6, 10.5, 6.5], "rotation": 90, "texture": "#4"},
				"south": {"uv": [10, 6, 10.5, 6.5], "rotation": 270, "texture": "#4"},
				"west": {"uv": [10, 6, 10.5, 6.5], "rotation": 90, "texture": "#4"},
				"up": {"uv": [10, 6, 10.5, 6.5], "rotation": 270, "texture": "#4"},
				"down": {"uv": [10, 6, 10.5, 6.5], "rotation": 90, "texture": "#4"}
			}
		},
		{
			"from": [6.07951, 1.738, 10.954],
			"to": [6.14201, 2.72237, 13.1415],
			"rotation": {"angle": -22.5, "axis": "z", "origin": [7, 2.5, 11.5]},
			"faces": {
				"north": {"uv": [10, 6, 10.5, 6.5], "rotation": 180, "texture": "#4"},
				"east": {"uv": [10, 6, 10.5, 6.5], "texture": "#4"},
				"south": {"uv": [10, 6, 10.5, 6.5], "rotation": 180, "texture": "#4"},
				"west": {"uv": [10, 6, 10.5, 6.5], "texture": "#4"},
				"up": {"uv": [10, 6, 10.5, 6.5], "texture": "#4"},
				"down": {"uv": [10, 6, 10.5, 6.5], "texture": "#4"}
			}
		},
		{
			"from": [6.11076, 1.69112, 10.954],
			"to": [6.67326, 2.62862, 13.1415],
			"rotation": {"angle": -22.5, "axis": "z", "origin": [7, 2.5, 11.5]},
			"faces": {
				"north": {"uv": [10, 6, 10.25, 6.25], "texture": "#4"},
				"east": {"uv": [10, 6, 10.5, 6.5], "texture": "#4"},
				"south": {"uv": [10, 6, 10.25, 6.25], "texture": "#4"},
				"west": {"uv": [10, 6, 10.5, 6.5], "texture": "#4"},
				"up": {"uv": [10, 6, 10.5, 6.5], "texture": "#4"},
				"down": {"uv": [10, 6, 10.5, 6.5], "texture": "#4"}
			}
		},
		{
			"from": [5.86076, 1.12862, 10.954],
			"to": [5.92326, 2.14425, 13.1415],
			"faces": {
				"north": {"uv": [10, 6, 10.25, 6.25], "texture": "#4"},
				"east": {"uv": [10, 6, 10.25, 6.25], "texture": "#4"},
				"south": {"uv": [10, 6, 10.25, 6.25], "texture": "#4"},
				"west": {"uv": [10, 6, 10.25, 6.25], "texture": "#4"},
				"up": {"uv": [10, 6, 10.25, 6.25], "texture": "#4"},
				"down": {"uv": [10, 6, 10.25, 6.25], "texture": "#4"}
			}
		},
		{
			"from": [5.90764, 1.12862, 10.954],
			"to": [6.47014, 2.08175, 13.1415],
			"faces": {
				"north": {"uv": [10, 6, 10.5, 6.5], "rotation": 180, "texture": "#4"},
				"east": {"uv": [10, 6, 10.25, 6.25], "texture": "#4"},
				"south": {"uv": [10, 6, 10.5, 6.5], "rotation": 180, "texture": "#4"},
				"west": {"uv": [10, 6, 10.25, 6.25], "texture": "#4"},
				"up": {"uv": [10, 6, 10.5, 6.5], "texture": "#4"},
				"down": {"uv": [10, 6, 10.5, 6.5], "texture": "#4"}
			}
		},
		{
			"from": [4.32951, 0.613, 12.204],
			"to": [4.89201, 1.4255, 14.37588],
			"rotation": {"angle": 45, "axis": "z", "origin": [7, 2.5, 11.5]},
			"faces": {
				"north": {"uv": [10, 6, 10.5, 6.5], "rotation": 180, "texture": "#4"},
				"east": {"uv": [10, 6, 10.5, 6.5], "texture": "#4"},
				"south": {"uv": [10, 6, 10.25, 6.25], "texture": "#4"},
				"west": {"uv": [10, 6, 10.5, 6.5], "texture": "#4"},
				"up": {"uv": [10, 6, 10.5, 6.5], "texture": "#4"},
				"down": {"uv": [10, 6, 10.5, 6.5], "texture": "#4"}
			}
		},
		{
			"from": [6.47013, -0.91825, 12.204],
			"to": [8.34513, 1.83175, 14.56338],
			"faces": {
				"north": {"uv": [9, 5, 10.875, 6.75], "rotation": 180, "texture": "#4"},
				"east": {"uv": [12, 5, 13.188, 6.75], "texture": "#4"},
				"south": {"uv": [9, 5, 10.875, 6.75], "rotation": 180, "texture": "#4"},
				"west": {"uv": [12, 5, 13.188, 6.75], "texture": "#4"},
				"up": {"uv": [10, 6, 10.5, 6.5], "texture": "#4"},
				"down": {"uv": [10, 6, 10.5, 6.5], "texture": "#4"}
			}
		},
		{
			"from": [5.86076, 0.12862, 10.1415],
			"to": [5.92326, 1.90987, 11.3915],
			"rotation": {"angle": -45, "axis": "x", "origin": [7, 2.5, 11.5]},
			"faces": {
				"north": {"uv": [10, 6, 10.25, 6.25], "texture": "#4"},
				"east": {"uv": [10, 6, 10.25, 6.25], "texture": "#4"},
				"south": {"uv": [10, 6, 10.25, 6.25], "texture": "#4"},
				"west": {"uv": [10, 6, 10.25, 6.25], "texture": "#4"},
				"up": {"uv": [10, 6, 10.25, 6.25], "texture": "#4"},
				"down": {"uv": [10, 6, 10.25, 6.25], "texture": "#4"}
			}
		},
		{
			"from": [5.86076, -0.762, 11.04775],
			"to": [6.48576, 1.03487, 12.29775],
			"rotation": {"angle": -45, "axis": "x", "origin": [7, 2.5, 11.5]},
			"faces": {
				"north": {"uv": [10, 6, 10.25, 6.25], "texture": "#4"},
				"east": {"uv": [10, 6, 10.25, 6.25], "texture": "#4"},
				"south": {"uv": [10, 6, 10.25, 6.25], "texture": "#4"},
				"west": {"uv": [10, 6, 10.25, 6.25], "texture": "#4"},
				"up": {"uv": [10, 6, 10.25, 6.25], "texture": "#4"},
				"down": {"uv": [10, 6, 10.25, 6.25], "texture": "#4"}
			}
		},
		{
			"from": [5.86076, -0.15263, 12.204],
			"to": [6.47014, 0.75362, 14.37588],
			"faces": {
				"north": {"uv": [10, 6, 10.25, 6.25], "texture": "#4"},
				"east": {"uv": [10, 6, 10.25, 6.25], "texture": "#4"},
				"south": {"uv": [10, 6, 10.25, 6.25], "texture": "#4"},
				"west": {"uv": [10, 6, 10.25, 6.25], "texture": "#4"},
				"up": {"uv": [10, 6, 10.25, 6.25], "texture": "#4"},
				"down": {"uv": [10, 6, 10.25, 6.25], "texture": "#4"}
			}
		},
		{
			"from": [5.90764, 0.31612, 10.1415],
			"to": [6.47014, 1.90987, 11.25088],
			"rotation": {"angle": -45, "axis": "x", "origin": [7, 2.5, 11.5]},
			"faces": {
				"north": {"uv": [10, 6, 10.25, 6.25], "texture": "#4"},
				"east": {"uv": [10, 6, 10.25, 6.25], "texture": "#4"},
				"south": {"uv": [10, 6, 10.25, 6.25], "texture": "#4"},
				"west": {"uv": [10, 6, 10.25, 6.25], "texture": "#4"},
				"up": {"uv": [10, 6, 10.25, 6.25], "texture": "#4"},
				"down": {"uv": [10, 6, 10.25, 6.25], "texture": "#4"}
			}
		},
		{
			"from": [7.0625, 3, 13.09375],
			"to": [7.3125, 3.25, 13.125],
			"faces": {
				"north": {"uv": [13.5, 0, 14.75, 0.25], "texture": "#4"},
				"east": {"uv": [13.5, 0, 14.75, 0.25], "texture": "#4"},
				"south": {"uv": [10.25, 1.25, 12.75, 3.75], "texture": "#4"},
				"west": {"uv": [13.5, 0, 14.75, 0.25], "texture": "#4"},
				"up": {"uv": [13.5, 0, 14.75, 0.25], "rotation": 90, "texture": "#4"},
				"down": {"uv": [13.5, 0, 14.75, 0.25], "rotation": 90, "texture": "#4"}
			}
		},
		{
			"from": [7.07813, 3.01563, 13.0625],
			"to": [7.29688, 3.23438, 13.09375],
			"faces": {
				"north": {"uv": [0, 0, 0.25, 0.25], "texture": "#4"},
				"east": {"uv": [13.5, 0, 14.75, 0.25], "texture": "#4"},
				"south": {"uv": [13.5, 0, 14.75, 0.25], "texture": "#4"},
				"west": {"uv": [13.5, 0, 14.75, 0.25], "texture": "#4"},
				"up": {"uv": [13.5, 0, 14.75, 0.25], "rotation": 90, "texture": "#4"},
				"down": {"uv": [13.5, 0, 14.75, 0.25], "rotation": 90, "texture": "#4"}
			}
		},
		{
			"from": [7.0625, 3, 11.8125],
			"to": [7.3125, 3.25, 13.0625],
			"faces": {
				"north": {"uv": [13.5, 0, 14.75, 0.25], "texture": "#4"},
				"east": {"uv": [13.5, 0, 14.75, 0.25], "texture": "#4"},
				"south": {"uv": [13.5, 0, 14.75, 0.25], "texture": "#4"},
				"west": {"uv": [13.5, 0, 14.75, 0.25], "texture": "#4"},
				"up": {"uv": [13.5, 0, 14.75, 0.25], "rotation": 90, "texture": "#4"},
				"down": {"uv": [13.5, 0, 14.75, 0.25], "rotation": 90, "texture": "#4"}
			}
		},
		{
			"from": [7.09375, 3.03125, 11.625],
			"to": [7.28125, 3.21875, 11.84375],
			"faces": {
				"north": {"uv": [13.5, 0, 14.75, 0.25], "texture": "#4"},
				"east": {"uv": [13.5, 0, 14.75, 0.25], "texture": "#4"},
				"south": {"uv": [13.5, 0, 14.75, 0.25], "texture": "#4"},
				"west": {"uv": [13.5, 0, 14.75, 0.25], "texture": "#4"},
				"up": {"uv": [13.5, 0, 14.75, 0.25], "rotation": 90, "texture": "#4"},
				"down": {"uv": [13.5, 0, 14.75, 0.25], "rotation": 90, "texture": "#4"}
			}
		},
		{
			"from": [7.10938, 3.04688, 11.21875],
			"to": [7.26563, 3.20313, 11.625],
			"faces": {
				"north": {"uv": [14.75, 2.5, 15.15625, 2.65625], "texture": "#4"},
				"east": {"uv": [14.75, 2.5, 15.15625, 2.65625], "texture": "#4"},
				"south": {"uv": [14.75, 2.5, 15.15625, 2.65625], "texture": "#4"},
				"west": {"uv": [14.75, 2.5, 15.15625, 2.65625], "texture": "#4"},
				"up": {"uv": [14.75, 2.5, 15.15625, 2.65625], "rotation": 90, "texture": "#4"},
				"down": {"uv": [14.75, 2.5, 15.15625, 2.65625], "rotation": 90, "texture": "#4"}
			}
		},
		{
			"from": [7.14063, 3.07813, 11.125],
			"to": [7.23438, 3.17188, 11.21875],
			"faces": {
				"north": {"uv": [13.75, 3.25, 14.15625, 3.40625], "texture": "#4"},
				"east": {"uv": [13.75, 1.75, 15.34375, 3.34375], "rotation": 180, "texture": "#4"},
				"south": {"uv": [13.75, 3.25, 14.15625, 3.40625], "texture": "#4"},
				"west": {"uv": [13.75, 1.75, 15.34375, 3.34375], "texture": "#4"},
				"up": {"uv": [13.75, 1.75, 15.34375, 3.34375], "rotation": 90, "texture": "#4"},
				"down": {"uv": [13.75, 1.75, 15.34375, 3.34375], "rotation": 270, "texture": "#4"}
			}
		},
		{
			"from": [6.75, 2.875, 13.09375],
			"to": [7, 3.125, 13.125],
			"faces": {
				"north": {"uv": [13.5, 0, 14.75, 0.25], "texture": "#4"},
				"east": {"uv": [13.5, 0, 14.75, 0.25], "texture": "#4"},
				"south": {"uv": [10.25, 1.25, 12.75, 3.75], "texture": "#4"},
				"west": {"uv": [13.5, 0, 14.75, 0.25], "texture": "#4"},
				"up": {"uv": [13.5, 0, 14.75, 0.25], "rotation": 90, "texture": "#4"},
				"down": {"uv": [13.5, 0, 14.75, 0.25], "rotation": 90, "texture": "#4"}
			}
		},
		{
			"from": [6.76563, 2.89063, 13.0625],
			"to": [6.98438, 3.10938, 13.09375],
			"faces": {
				"north": {"uv": [0, 0, 0.25, 0.25], "texture": "#4"},
				"east": {"uv": [13.5, 0, 14.75, 0.25], "texture": "#4"},
				"south": {"uv": [13.5, 0, 14.75, 0.25], "texture": "#4"},
				"west": {"uv": [13.5, 0, 14.75, 0.25], "texture": "#4"},
				"up": {"uv": [13.5, 0, 14.75, 0.25], "rotation": 90, "texture": "#4"},
				"down": {"uv": [13.5, 0, 14.75, 0.25], "rotation": 90, "texture": "#4"}
			}
		},
		{
			"from": [6.75, 2.875, 11.8125],
			"to": [7, 3.125, 13.0625],
			"faces": {
				"north": {"uv": [13.5, 0, 14.75, 0.25], "texture": "#4"},
				"east": {"uv": [13.5, 0, 14.75, 0.25], "texture": "#4"},
				"south": {"uv": [13.5, 0, 14.75, 0.25], "texture": "#4"},
				"west": {"uv": [13.5, 0, 14.75, 0.25], "texture": "#4"},
				"up": {"uv": [13.5, 0, 14.75, 0.25], "rotation": 90, "texture": "#4"},
				"down": {"uv": [13.5, 0, 14.75, 0.25], "rotation": 90, "texture": "#4"}
			}
		},
		{
			"from": [6.78125, 2.90625, 11.625],
			"to": [6.96875, 3.09375, 11.84375],
			"faces": {
				"north": {"uv": [13.5, 0, 14.75, 0.25], "texture": "#4"},
				"east": {"uv": [13.5, 0, 14.75, 0.25], "texture": "#4"},
				"south": {"uv": [13.5, 0, 14.75, 0.25], "texture": "#4"},
				"west": {"uv": [13.5, 0, 14.75, 0.25], "texture": "#4"},
				"up": {"uv": [13.5, 0, 14.75, 0.25], "rotation": 90, "texture": "#4"},
				"down": {"uv": [13.5, 0, 14.75, 0.25], "rotation": 90, "texture": "#4"}
			}
		},
		{
			"from": [6.79688, 2.92188, 11.21875],
			"to": [6.95313, 3.07813, 11.625],
			"faces": {
				"north": {"uv": [14.75, 2.5, 15.15625, 2.65625], "texture": "#4"},
				"east": {"uv": [14.75, 2.5, 15.15625, 2.65625], "texture": "#4"},
				"south": {"uv": [14.75, 2.5, 15.15625, 2.65625], "texture": "#4"},
				"west": {"uv": [14.75, 2.5, 15.15625, 2.65625], "texture": "#4"},
				"up": {"uv": [14.75, 2.5, 15.15625, 2.65625], "rotation": 90, "texture": "#4"},
				"down": {"uv": [14.75, 2.5, 15.15625, 2.65625], "rotation": 90, "texture": "#4"}
			}
		},
		{
			"from": [6.82813, 2.95313, 11.125],
			"to": [6.92188, 3.04688, 11.21875],
			"faces": {
				"north": {"uv": [13.75, 3.25, 14.15625, 3.40625], "texture": "#4"},
				"east": {"uv": [13.75, 1.75, 15.34375, 3.34375], "rotation": 180, "texture": "#4"},
				"south": {"uv": [13.75, 3.25, 14.15625, 3.40625], "texture": "#4"},
				"west": {"uv": [13.75, 1.75, 15.34375, 3.34375], "texture": "#4"},
				"up": {"uv": [13.75, 1.75, 15.34375, 3.34375], "rotation": 90, "texture": "#4"},
				"down": {"uv": [13.75, 1.75, 15.34375, 3.34375], "rotation": 270, "texture": "#4"}
			}
		},
		{
			"from": [6.4375, 2.75, 13.09375],
			"to": [6.6875, 3, 13.125],
			"faces": {
				"north": {"uv": [13.5, 0, 14.75, 0.25], "texture": "#4"},
				"east": {"uv": [13.5, 0, 14.75, 0.25], "texture": "#4"},
				"south": {"uv": [10.25, 1.25, 12.75, 3.75], "texture": "#4"},
				"west": {"uv": [13.5, 0, 14.75, 0.25], "texture": "#4"},
				"up": {"uv": [13.5, 0, 14.75, 0.25], "rotation": 90, "texture": "#4"},
				"down": {"uv": [13.5, 0, 14.75, 0.25], "rotation": 90, "texture": "#4"}
			}
		},
		{
			"from": [6.45313, 2.76563, 13.0625],
			"to": [6.67188, 2.98438, 13.09375],
			"faces": {
				"north": {"uv": [0, 0, 0.25, 0.25], "texture": "#4"},
				"east": {"uv": [13.5, 0, 14.75, 0.25], "texture": "#4"},
				"south": {"uv": [13.5, 0, 14.75, 0.25], "texture": "#4"},
				"west": {"uv": [13.5, 0, 14.75, 0.25], "texture": "#4"},
				"up": {"uv": [13.5, 0, 14.75, 0.25], "rotation": 90, "texture": "#4"},
				"down": {"uv": [13.5, 0, 14.75, 0.25], "rotation": 90, "texture": "#4"}
			}
		},
		{
			"from": [6.4375, 2.75, 11.8125],
			"to": [6.6875, 3, 13.0625],
			"faces": {
				"north": {"uv": [13.5, 0, 14.75, 0.25], "texture": "#4"},
				"east": {"uv": [13.5, 0, 14.75, 0.25], "texture": "#4"},
				"south": {"uv": [13.5, 0, 14.75, 0.25], "texture": "#4"},
				"west": {"uv": [13.5, 0, 14.75, 0.25], "texture": "#4"},
				"up": {"uv": [13.5, 0, 14.75, 0.25], "rotation": 90, "texture": "#4"},
				"down": {"uv": [13.5, 0, 14.75, 0.25], "rotation": 90, "texture": "#4"}
			}
		},
		{
			"from": [6.46875, 2.78125, 11.625],
			"to": [6.65625, 2.96875, 11.84375],
			"faces": {
				"north": {"uv": [13.5, 0, 14.75, 0.25], "texture": "#4"},
				"east": {"uv": [13.5, 0, 14.75, 0.25], "texture": "#4"},
				"south": {"uv": [13.5, 0, 14.75, 0.25], "texture": "#4"},
				"west": {"uv": [13.5, 0, 14.75, 0.25], "texture": "#4"},
				"up": {"uv": [13.5, 0, 14.75, 0.25], "rotation": 90, "texture": "#4"},
				"down": {"uv": [13.5, 0, 14.75, 0.25], "rotation": 90, "texture": "#4"}
			}
		},
		{
			"from": [6.48438, 2.79688, 11.21875],
			"to": [6.64063, 2.95313, 11.625],
			"faces": {
				"north": {"uv": [14.75, 2.5, 15.15625, 2.65625], "texture": "#4"},
				"east": {"uv": [14.75, 2.5, 15.15625, 2.65625], "texture": "#4"},
				"south": {"uv": [14.75, 2.5, 15.15625, 2.65625], "texture": "#4"},
				"west": {"uv": [14.75, 2.5, 15.15625, 2.65625], "texture": "#4"},
				"up": {"uv": [14.75, 2.5, 15.15625, 2.65625], "rotation": 90, "texture": "#4"},
				"down": {"uv": [14.75, 2.5, 15.15625, 2.65625], "rotation": 90, "texture": "#4"}
			}
		},
		{
			"from": [6.51563, 2.82813, 11.125],
			"to": [6.60938, 2.92188, 11.21875],
			"faces": {
				"north": {"uv": [13.75, 3.25, 14.15625, 3.40625], "texture": "#4"},
				"east": {"uv": [13.75, 1.75, 15.34375, 3.34375], "rotation": 180, "texture": "#4"},
				"south": {"uv": [13.75, 3.25, 14.15625, 3.40625], "texture": "#4"},
				"west": {"uv": [13.75, 1.75, 15.34375, 3.34375], "texture": "#4"},
				"up": {"uv": [13.75, 1.75, 15.34375, 3.34375], "rotation": 90, "texture": "#4"},
				"down": {"uv": [13.75, 1.75, 15.34375, 3.34375], "rotation": 270, "texture": "#4"}
			}
		}
	],
	"display": {
		"thirdperson_righthand": {
			"rotation": [0, -15, 0],
			"translation": [0.5, 9.5, -1.5],
			"scale": [1.5, 1.5, 1.5]
		},
		"thirdperson_lefthand": {
			"translation": [-0.5, 9.5, -1.5],
			"scale": [1.5, 1.5, 1.5]
		},
		"firstperson_righthand": {
			"rotation": [6, 3, 0],
			"translation": [7.5, 11.5, 5]
		},
		"ground": {
			"translation": [0, 4, 0]
		},
		"gui": {
			"rotation": [90, 50, -90],
			"translation": [3.25, 2.25, 0],
			"scale": [0.75, 0.75, 0.75]
		},
		"head": {
			"translation": [0, 15.25, -8.75],
			"scale": [3, 3, 3]
		},
		"fixed": {
			"rotation": [90, 50, -90],
			"translation": [2.75, 2, 0],
			"scale": [0.75, 0.75, 0.75]
		}
	},
	"groups": [0, 1, 2, 3, 4, 5, 6, 7, 8, 9, 10, 11, 12, 13, 14, 15, 16,
		{
			"name": "group2",
			"children": [17, 18, 19, 20, 21, 22]
		}, 23, 24, 25, 26, 27, 28, 29, 30, 31, 32, 33, 34, 35, 36, 37, 38, 39, 40, 41, 42, 43, 44,
		{
			"name": "group3",
			"children": [45, 46, 47, 48, 49, 50]
		},
		{
			"name": "group4",
			"children": [51, 52, 53, 54, 55, 56]
		},
		{
			"name": "group5",
			"children": [57, 58, 59, 60, 61, 62]
		}
	]
}