{
	"credit": "https://www.youtube.com/c/ZeroCaty",
	"textures": {
		"7": "zcbm/weapons/stat"
	},
	"elements": [
		{
			"from": [3.4, 1, 3.4],
			"to": [12.6, 2, 12.6],
			"rotation": {"angle": 45, "axis": "y", "origin": [8, 8, 8]},
			"faces": {
				"north": {"uv": [0, 0, 5, 1], "texture": "#7"},
				"east": {"uv": [0, 0, 5, 1], "texture": "#7"},
				"south": {"uv": [0, 0, 5, 1], "texture": "#7"},
				"west": {"uv": [0, 0, 5, 1], "texture": "#7"},
				"up": {"uv": [0, 0, 5, 5], "texture": "#7"},
				"down": {"uv": [0, 0, 5, 5], "texture": "#7"}
			}
		},
		{
			"from": [6.1, 10, 6.1],
			"to": [9.9, 16, 9.9],
			"rotation": {"angle": 45, "axis": "y", "origin": [8, 8, 8]},
			"faces": {
				"north": {"uv": [0, 0, 3, 4], "texture": "#7"},
				"east": {"uv": [0, 5, 3, 9], "texture": "#7"},
				"south": {"uv": [0, 0, 3, 4], "texture": "#7"},
				"west": {"uv": [0, 0, 3, 4], "texture": "#7"},
				"up": {"uv": [0, 0, 3, 3], "texture": "#7"},
				"down": {"uv": [0, 0, 3, 3], "texture": "#7"}
			}
		},
		{
			"from": [5.5, 1.5, 5.55],
			"to": [7.55, 10.5, 10.45],
			"faces": {
				"north": {"uv": [0, 0, 5, 1], "texture": "#7"},
				"east": {"uv": [0, 0, 5, 1], "texture": "#7"},
				"south": {"uv": [0, 0, 5, 1], "texture": "#7"},
				"west": {"uv": [0, 0, 3, 9], "texture": "#7"},
				"up": {"uv": [0, 0, 1, 3], "texture": "#7"},
				"down": {"uv": [0, 0, 5, 5], "rotation": 90, "texture": "#7"}
			}
		},
		{
			"from": [8.45, 1.5, 5.55],
			"to": [10.5, 10.5, 10.45],
			"faces": {
				"north": {"uv": [0, 0, 5, 1], "texture": "#7"},
				"east": {"uv": [0, 0, 3, 9], "texture": "#7"},
				"south": {"uv": [0, 0, 5, 1], "texture": "#7"},
				"west": {"uv": [0, 0, 5, 1], "texture": "#7"},
				"up": {"uv": [0, 0, 1, 3], "texture": "#7"},
				"down": {"uv": [0, 0, 5, 5], "rotation": 90, "texture": "#7"}
			}
		},
		{
			"from": [5.25, 1.1, 6.15],
			"to": [10.7, 10.7, 9.9],
			"rotation": {"angle": 22.5, "axis": "x", "origin": [8, 7.7, 8]},
			"faces": {
				"north": {"uv": [0, 0, 3.8, 9.6], "texture": "#7"},
				"east": {"uv": [0, 5, 3, 9], "texture": "#7"},
				"south": {"uv": [0, 0, 3, 4], "texture": "#7"},
				"west": {"uv": [0, 0, 3, 4], "texture": "#7"},
				"up": {"uv": [0, 0, 3, 3], "texture": "#7"},
				"down": {"uv": [0, 0, 3, 3], "texture": "#7"}
			}
		},
		{
			"from": [5.3, 1.1, 6.1],
			"to": [10.75, 10.7, 9.9],
			"rotation": {"angle": -22.5, "axis": "x", "origin": [8, 7.7, 8]},
			"faces": {
				"north": {"uv": [0, 0, 3, 4], "texture": "#7"},
				"east": {"uv": [0, 5, 3, 9], "texture": "#7"},
				"south": {"uv": [0, 0, 3.8, 9.6], "texture": "#7"},
				"west": {"uv": [0, 0, 3, 4], "texture": "#7"},
				"up": {"uv": [0, 0, 3, 3], "texture": "#7"},
				"down": {"uv": [0, 0, 3, 3], "texture": "#7"}
			}
		},
		{
			"from": [6.1, 1.1, 5.25],
			"to": [9.9, 10.7, 10.75],
			"rotation": {"angle": 22.5, "axis": "z", "origin": [8, 7.7, 8]},
			"faces": {
				"north": {"uv": [0, 0, 3, 4], "texture": "#7"},
				"east": {"uv": [0, 0, 3.8, 9.6], "texture": "#7"},
				"south": {"uv": [0, 0, 3, 4], "texture": "#7"},
				"west": {"uv": [0, 0, 3, 4], "texture": "#7"},
				"up": {"uv": [0, 0, 3, 3], "texture": "#7"},
				"down": {"uv": [0, 0, 3, 3], "texture": "#7"}
			}
		},
		{
			"from": [6.1, 1.1, 5.2],
			"to": [9.9, 10.7, 10.8],
			"rotation": {"angle": -22.5, "axis": "z", "origin": [8, 7.7, 8]},
			"faces": {
				"north": {"uv": [0, 0, 3, 4], "texture": "#7"},
				"east": {"uv": [0, 5, 3, 9], "texture": "#7"},
				"south": {"uv": [0, 0, 3, 4], "texture": "#7"},
				"west": {"uv": [0, 0, 3.8, 9.6], "texture": "#7"},
				"up": {"uv": [0, 0, 3, 3], "texture": "#7"},
				"down": {"uv": [0, 0, 3, 3], "texture": "#7"}
			}
		},
		{
			"from": [6.1, 10.2, 6.1],
			"to": [9.9, 10.8, 9.9],
			"faces": {
				"north": {"uv": [0, 0, 1.8, 0.6], "texture": "#7"},
				"east": {"uv": [0, 0, 1.8, 0.6], "texture": "#7"},
				"south": {"uv": [0, 0, 1.8, 0.6], "texture": "#7"},
				"west": {"uv": [0, 0, 1.8, 0.6], "texture": "#7"},
				"up": {"uv": [0, 0, 1.8, 1.8], "texture": "#7"},
				"down": {"uv": [0, 0, 1.8, 1.8], "texture": "#7"}
			}
		},
		{
			"from": [6.1, 11.2, 6.1],
			"to": [9.9, 11.8, 9.9],
			"faces": {
				"north": {"uv": [0, 0, 1.8, 0.6], "texture": "#7"},
				"east": {"uv": [0, 0, 1.8, 0.6], "texture": "#7"},
				"south": {"uv": [0, 0, 1.8, 0.6], "texture": "#7"},
				"west": {"uv": [0, 0, 1.8, 0.6], "texture": "#7"},
				"up": {"uv": [0, 0, 1.8, 1.8], "texture": "#7"},
				"down": {"uv": [0, 0, 1.8, 1.8], "texture": "#7"}
			}
		},
		{
			"from": [6.1, 12.2, 6.1],
			"to": [9.9, 12.8, 9.9],
			"faces": {
				"north": {"uv": [0, 0, 1.8, 0.6], "texture": "#7"},
				"east": {"uv": [0, 0, 1.8, 0.6], "texture": "#7"},
				"south": {"uv": [0, 0, 1.8, 0.6], "texture": "#7"},
				"west": {"uv": [0, 0, 1.8, 0.6], "texture": "#7"},
				"up": {"uv": [0, 0, 1.8, 1.8], "texture": "#7"},
				"down": {"uv": [0, 0, 1.8, 1.8], "texture": "#7"}
			}
		},
		{
			"from": [6.1, 13.2, 6.1],
			"to": [9.9, 13.8, 9.9],
			"faces": {
				"north": {"uv": [0, 0, 1.8, 0.6], "texture": "#7"},
				"east": {"uv": [0, 0, 1.8, 0.6], "texture": "#7"},
				"south": {"uv": [0, 0, 1.8, 0.6], "texture": "#7"},
				"west": {"uv": [0, 0, 1.8, 0.6], "texture": "#7"},
				"up": {"uv": [0, 0, 1.8, 1.8], "texture": "#7"},
				"down": {"uv": [0, 0, 1.8, 1.8], "texture": "#7"}
			}
		},
		{
			"from": [6.1, 14.2, 6.1],
			"to": [9.9, 14.8, 9.9],
			"faces": {
				"north": {"uv": [0, 0, 1.8, 0.6], "texture": "#7"},
				"east": {"uv": [0, 0, 1.8, 0.6], "texture": "#7"},
				"south": {"uv": [0, 0, 1.8, 0.6], "texture": "#7"},
				"west": {"uv": [0, 0, 1.8, 0.6], "texture": "#7"},
				"up": {"uv": [0, 0, 1.8, 1.8], "texture": "#7"},
				"down": {"uv": [0, 0, 1.8, 1.8], "texture": "#7"}
			}
		},
		{
			"from": [6.1, 15.2, 6.1],
			"to": [9.9, 15.8, 9.9],
			"faces": {
				"north": {"uv": [0, 0, 1.8, 0.6], "texture": "#7"},
				"east": {"uv": [0, 0, 1.8, 0.6], "texture": "#7"},
				"south": {"uv": [0, 0, 1.8, 0.6], "texture": "#7"},
				"west": {"uv": [0, 0, 1.8, 0.6], "texture": "#7"},
				"up": {"uv": [0, 0, 1.8, 1.8], "texture": "#7"},
				"down": {"uv": [0, 0, 1.8, 1.8], "texture": "#7"}
			}
		}
	],
	"display": {
		"thirdperson_righthand": {
			"rotation": [75, 0, -10],
			"translation": [-7.32, -3.75, 3.25],
			"scale": [2.01, 2.01, 2.01]
		},
		"head": {
			"translation": [0, -30.5, 0],
			"scale": [1.61, 1.61, 1.61]
		}
	}
}