{
	"credit": "https://www.youtube.com/c/ZeroCaty",
	"textures": {
		"1": "zcbm/peep",
		"4": "zcbm/weapons/browning",
		"particle": "zcbm/peep"
	},
	"elements": [
		{
			"from": [7.75826, 2.753, 1.444],
			"to": [8.25826, 3.253, 10.24],
			"rotation": {"angle": 45, "axis": "z", "origin": [8.00826, 3.003, 6.842]},
			"faces": {
				"north": {"uv": [0, 0, 0.5, 0.5], "texture": "#4"},
				"east": {"uv": [0, 0, 2.796, 0.5], "texture": "#4"},
				"south": {"uv": [0, 0, 0.5, 0.5], "texture": "#4"},
				"west": {"uv": [0, 0, 2.796, 0.5], "texture": "#4"},
				"up": {"uv": [0, 0, 0.5, 2.796], "texture": "#4"},
				"down": {"uv": [0, 0, 0.5, 2.796], "texture": "#4"}
			}
		},
		{
			"from": [7.29826, 1.988, 10.208],
			"to": [8.79826, 3.988, 12.704],
			"faces": {
				"north": {"uv": [0, 0, 1.5, 2], "texture": "#4"},
				"east": {"uv": [0, 0, 5.496, 2], "texture": "#4"},
				"south": {"uv": [0, 1.6, 1.5, 3.6], "texture": "#4"},
				"west": {"uv": [0, 0, 5.496, 2], "texture": "#4"},
				"up": {"uv": [0, 0, 1.5, 2.496], "texture": "#4"},
				"down": {"uv": [0, 0, 1.5, 2.496], "texture": "#4"}
			}
		},
		{
			"from": [8.38326, 2.378, 6.744],
			"to": [9.63326, 3.628, 9.54],
			"faces": {
				"north": {"uv": [14.5, 9, 15.75, 10.25], "rotation": 90, "texture": "#4"},
				"east": {"uv": [8.75, 9.25, 15.045, 10.5], "texture": "#4"},
				"south": {"uv": [14.25, 8.25, 15.25, 9.6], "rotation": 90, "texture": "#4"},
				"west": {"uv": [8.75, 9.25, 15.045, 10.5], "texture": "#4"},
				"up": {"uv": [8.75, 9.25, 15.045, 10.5], "rotation": 90, "texture": "#4"},
				"down": {"uv": [8.75, 9.25, 15.045, 10.5], "rotation": 90, "texture": "#4"}
			}
		},
		{
			"from": [8.50826, 2.503, 6.16276],
			"to": [9.50826, 3.503, 10.30876],
			"faces": {
				"north": {"uv": [0, 0, 0.875, 0.875], "rotation": 90, "texture": "#4"},
				"east": {"uv": [0, 0, 4.546, 1], "texture": "#4"},
				"south": {"uv": [13, 7, 14, 8.35], "rotation": 90, "texture": "#4"},
				"west": {"uv": [0, 0, 4.546, 1], "texture": "#4"},
				"up": {"uv": [0, 0, 1, 4.546], "texture": "#4"},
				"down": {"uv": [0, 0, 1, 4.546], "texture": "#4"}
			}
		},
		{
			"from": [7.69576, 2.6905, 0.36276],
			"to": [8.32076, 3.3155, 1.35876],
			"faces": {
				"north": {"uv": [8, 0, 9.5, 1.5], "rotation": 90, "texture": "#4"},
				"east": {"uv": [0, 0, 1.096, 0.625], "texture": "#4"},
				"south": {"uv": [0, 0, 2.296, 0.625], "texture": "#4"},
				"west": {"uv": [0, 0, 1.096, 0.625], "texture": "#4"},
				"up": {"uv": [0, 0, 0.625, 1.096], "texture": "#4"},
				"down": {"uv": [0, 0, 0.625, 1.096], "texture": "#4"}
			}
		},
		{
			"from": [7.04826, -0.137, 10.779],
			"to": [7.29826, 2.013, 11.204],
			"faces": {
				"north": {"uv": [11.25, 13.25, 11.75, 13.75], "rotation": 180, "texture": "#4"},
				"east": {"uv": [11.25, 13.25, 11.75, 13.75], "rotation": 180, "texture": "#4"},
				"south": {"uv": [11.25, 13.25, 11.75, 13.75], "rotation": 180, "texture": "#4"},
				"west": {"uv": [11.25, 13.25, 11.75, 13.75], "rotation": 180, "texture": "#4"},
				"up": {"uv": [11.25, 13.25, 11.75, 13.75], "rotation": 180, "texture": "#4"},
				"down": {"uv": [11.25, 13.25, 11.75, 13.75], "rotation": 180, "texture": "#4"}
			}
		},
		{
			"from": [8.79826, -0.137, 10.779],
			"to": [9.04826, 2.013, 11.204],
			"faces": {
				"north": {"uv": [11.25, 13.25, 11.75, 13.75], "rotation": 180, "texture": "#4"},
				"east": {"uv": [11.25, 13.25, 11.75, 13.75], "rotation": 180, "texture": "#4"},
				"south": {"uv": [11.25, 13.25, 11.75, 13.75], "rotation": 180, "texture": "#4"},
				"west": {"uv": [11.25, 13.25, 11.75, 13.75], "rotation": 180, "texture": "#4"},
				"up": {"uv": [11.25, 13.25, 11.75, 13.75], "rotation": 180, "texture": "#4"},
				"down": {"uv": [11.25, 13.25, 11.75, 13.75], "rotation": 180, "texture": "#4"}
			}
		},
		{
			"from": [7.29826, 0.863, 10.779],
			"to": [8.79826, 1.0505, 11.204],
			"faces": {
				"north": {"uv": [11.25, 13.25, 11.75, 13.75], "rotation": 180, "texture": "#4"},
				"east": {"uv": [11.25, 13.25, 11.75, 13.75], "rotation": 180, "texture": "#4"},
				"south": {"uv": [11.25, 13.25, 11.75, 13.75], "rotation": 180, "texture": "#4"},
				"west": {"uv": [11.25, 13.25, 11.75, 13.75], "rotation": 180, "texture": "#4"},
				"up": {"uv": [11.25, 13.25, 11.75, 13.75], "rotation": 180, "texture": "#4"},
				"down": {"uv": [11.25, 13.25, 11.75, 13.75], "rotation": 180, "texture": "#4"}
			}
		},
		{
			"from": [5.39826, 1.988, 9.808],
			"to": [7.29826, 3.588, 13.104],
			"faces": {
				"north": {"uv": [0, 0, 1.9, 1.6], "texture": "#4"},
				"east": {"uv": [0, 0, 5.496, 2], "texture": "#4"},
				"south": {"uv": [0, 2, 1.9, 3.6], "texture": "#4"},
				"west": {"uv": [0, 0, 3.296, 1.6], "texture": "#4"},
				"up": {"uv": [0, 0, 1.9, 3.296], "texture": "#4"},
				"down": {"uv": [0, 0, 1.9, 3.296], "texture": "#4"}
			}
		},
		{
			"from": [8.79826, 1.988, 9.808],
			"to": [10.69826, 3.588, 13.104],
			"faces": {
				"north": {"uv": [0, 0, 1.9, 1.6], "texture": "#4"},
				"east": {"uv": [0, 0, 3.296, 1.6], "texture": "#4"},
				"south": {"uv": [0, 2, 1.9, 3.6], "texture": "#4"},
				"west": {"uv": [0, 0, 5.496, 2], "texture": "#4"},
				"up": {"uv": [0, 0, 1.9, 3.296], "texture": "#4"},
				"down": {"uv": [0, 0, 1.9, 3.296], "texture": "#4"}
			}
		},
		{
			"from": [9.09826, 4.988, 11.958],
			"to": [12.39826, 5.588, 12.754],
			"rotation": {"angle": -22.5, "axis": "z", "origin": [10, 9, 8.05]},
			"faces": {
				"north": {"uv": [0, 0, 0.7, 0.6], "texture": "#4"},
				"east": {"uv": [0, 0, 0.896, 0.6], "texture": "#4"},
				"south": {"uv": [0, 0, 0.7, 0.6], "texture": "#4"},
				"west": {"uv": [0, 0, 0.896, 0.6], "texture": "#4"},
				"up": {"uv": [0, 0, 0.7, 0.896], "texture": "#4"},
				"down": {"uv": [0, 0, 0.7, 0.896], "texture": "#4"}
			}
		},
		{
			"from": [6.50826, 2.503, 6.16276],
			"to": [7.50826, 3.503, 10.30876],
			"faces": {
				"north": {"uv": [0, 0, 0.875, 0.875], "rotation": 90, "texture": "#4"},
				"east": {"uv": [0, 0, 4.546, 1], "texture": "#4"},
				"south": {"uv": [13, 7, 14, 8.35], "rotation": 90, "texture": "#4"},
				"west": {"uv": [0, 0, 4.546, 1], "texture": "#4"},
				"up": {"uv": [0, 0, 1, 4.546], "texture": "#4"},
				"down": {"uv": [0, 0, 1, 4.546], "texture": "#4"}
			}
		},
		{
			"from": [6.38326, 2.378, 6.744],
			"to": [7.63326, 3.628, 9.54],
			"faces": {
				"north": {"uv": [14.5, 9, 15.75, 10.25], "rotation": 90, "texture": "#4"},
				"east": {"uv": [8.75, 9.25, 15.045, 10.5], "texture": "#4"},
				"south": {"uv": [14.25, 8.25, 15.25, 9.6], "rotation": 90, "texture": "#4"},
				"west": {"uv": [8.75, 9.25, 15.045, 10.5], "texture": "#4"},
				"up": {"uv": [8.75, 9.25, 15.045, 10.5], "rotation": 90, "texture": "#4"},
				"down": {"uv": [8.75, 9.25, 15.045, 10.5], "rotation": 90, "texture": "#4"}
			}
		},
		{
			"from": [7.50826, 2.303, 6.16276],
			"to": [8.50826, 3.703, 10.30876],
			"faces": {
				"north": {"uv": [0, 0, 0.875, 0.875], "rotation": 90, "texture": "#4"},
				"east": {"uv": [0, 0, 4.546, 1], "texture": "#4"},
				"south": {"uv": [13, 7, 14, 8.35], "rotation": 90, "texture": "#4"},
				"west": {"uv": [0, 0, 4.546, 1], "texture": "#4"},
				"up": {"uv": [0, 0, 1, 4.546], "texture": "#4"},
				"down": {"uv": [0, 0, 1, 4.546], "texture": "#4"}
			}
		},
		{
			"from": [7.69576, 2.6905, 1.36276],
			"to": [8.32076, 3.3155, 1.45876],
			"rotation": {"angle": 45, "axis": "z", "origin": [8.00826, 3.003, 1.41076]},
			"faces": {
				"north": {"uv": [0, 0, 0.625, 0.625], "texture": "#4"},
				"east": {"uv": [0, 0, 1.096, 0.625], "texture": "#4"},
				"south": {"uv": [0, 0, 2.296, 0.625], "texture": "#4"},
				"west": {"uv": [0, 0, 1.096, 0.625], "texture": "#4"},
				"up": {"uv": [0, 0, 0.625, 1.096], "texture": "#4"},
				"down": {"uv": [0, 0, 0.625, 1.096], "texture": "#4"}
			}
		},
		{
			"from": [8.79826, 3.588, 9.808],
			"to": [11.69826, 5.188, 13.104],
			"faces": {
				"north": {"uv": [0, 0, 2.9, 1.6], "texture": "#4"},
				"east": {"uv": [0, 0, 3.296, 1.6], "texture": "#4"},
				"south": {"uv": [0, 0, 2.9, 1.6], "texture": "#4"},
				"west": {"uv": [0, 0, 3.296, 1.6], "texture": "#4"},
				"up": {"uv": [0, 0, 2.9, 3.296], "texture": "#4"},
				"down": {"uv": [0, 0, 1.9, 3.296], "texture": "#4"}
			}
		},
		{
			"from": [4.39826, 3.588, 9.808],
			"to": [7.29826, 5.188, 13.104],
			"faces": {
				"north": {"uv": [0, 0, 1.9, 2.6], "texture": "#4"},
				"east": {"uv": [0, 0, 3.296, 1.6], "texture": "#4"},
				"south": {"uv": [0, 0, 2.9, 1.6], "texture": "#4"},
				"west": {"uv": [0, 0, 3.296, 2.6], "texture": "#4"},
				"up": {"uv": [0, 0, 2.9, 3.296], "texture": "#4"},
				"down": {"uv": [0, 0, 1.9, 3.296], "texture": "#4"}
			}
		},
		{
			"from": [9.09826, -0.137, 10.779],
			"to": [9.34826, 2.013, 11.204],
			"faces": {
				"north": {"uv": [11.25, 13.25, 11.75, 13.75], "rotation": 180, "texture": "#4"},
				"east": {"uv": [11.25, 13.25, 11.75, 13.75], "rotation": 180, "texture": "#4"},
				"south": {"uv": [11.25, 13.25, 11.75, 13.75], "rotation": 180, "texture": "#4"},
				"west": {"uv": [11.25, 13.25, 11.75, 13.75], "rotation": 180, "texture": "#4"},
				"up": {"uv": [11.25, 13.25, 11.75, 13.75], "rotation": 180, "texture": "#4"},
				"down": {"uv": [11.25, 13.25, 11.75, 13.75], "rotation": 180, "texture": "#4"}
			}
		},
		{
			"from": [6.94826, -0.137, 10.779],
			"to": [7.19826, 2.013, 11.204],
			"faces": {
				"north": {"uv": [11.25, 13.25, 11.75, 13.75], "rotation": 180, "texture": "#4"},
				"east": {"uv": [11.25, 13.25, 11.75, 13.75], "rotation": 180, "texture": "#4"},
				"south": {"uv": [11.25, 13.25, 11.75, 13.75], "rotation": 180, "texture": "#4"},
				"west": {"uv": [11.25, 13.25, 11.75, 13.75], "rotation": 180, "texture": "#4"},
				"up": {"uv": [11.25, 13.25, 11.75, 13.75], "rotation": 180, "texture": "#4"},
				"down": {"uv": [11.25, 13.25, 11.75, 13.75], "rotation": 180, "texture": "#4"}
			}
		},
		{
			"from": [7.29826, 0.463, 10.779],
			"to": [8.79826, 0.6505, 11.204],
			"faces": {
				"north": {"uv": [11.25, 13.25, 11.75, 13.75], "rotation": 180, "texture": "#4"},
				"east": {"uv": [11.25, 13.25, 11.75, 13.75], "rotation": 180, "texture": "#4"},
				"south": {"uv": [11.25, 13.25, 11.75, 13.75], "rotation": 180, "texture": "#4"},
				"west": {"uv": [11.25, 13.25, 11.75, 13.75], "rotation": 180, "texture": "#4"},
				"up": {"uv": [11.25, 13.25, 11.75, 13.75], "rotation": 180, "texture": "#4"},
				"down": {"uv": [11.25, 13.25, 11.75, 13.75], "rotation": 180, "texture": "#4"}
			}
		},
		{
			"from": [7.29826, 1.263, 10.779],
			"to": [8.79826, 1.4505, 11.204],
			"faces": {
				"north": {"uv": [11.25, 13.25, 11.75, 13.75], "rotation": 180, "texture": "#4"},
				"east": {"uv": [11.25, 13.25, 11.75, 13.75], "rotation": 180, "texture": "#4"},
				"south": {"uv": [11.25, 13.25, 11.75, 13.75], "rotation": 180, "texture": "#4"},
				"west": {"uv": [11.25, 13.25, 11.75, 13.75], "rotation": 180, "texture": "#4"},
				"up": {"uv": [11.25, 13.25, 11.75, 13.75], "rotation": 180, "texture": "#4"},
				"down": {"uv": [11.25, 13.25, 11.75, 13.75], "rotation": 180, "texture": "#4"}
			}
		},
		{
			"from": [3.69826, 4.988, 11.958],
			"to": [6.99826, 5.588, 12.754],
			"rotation": {"angle": 22.5, "axis": "z", "origin": [6, 9, 8.05]},
			"faces": {
				"north": {"uv": [0, 0, 0.7, 0.6], "texture": "#4"},
				"east": {"uv": [0, 0, 0.896, 0.6], "texture": "#4"},
				"south": {"uv": [0, 0, 0.7, 0.6], "texture": "#4"},
				"west": {"uv": [0, 0, 0.896, 0.6], "texture": "#4"},
				"up": {"uv": [0, 0, 0.7, 0.896], "texture": "#4"},
				"down": {"uv": [0, 0, 0.7, 0.896], "texture": "#4"}
			}
		},
		{
			"from": [7.74826, 5.388, 11.458],
			"to": [8.34826, 5.488, 11.608],
			"faces": {
				"north": {"uv": [0, 0, 0.6, 0.1], "texture": "#4"},
				"east": {"uv": [0, 0, 0.1, 0.1], "texture": "#4"},
				"south": {"uv": [0, 0, 0.6, 0.1], "texture": "#4"},
				"west": {"uv": [0, 0, 0.1, 0.1], "texture": "#4"},
				"up": {"uv": [0, 0, 0.6, 0.1], "texture": "#4"},
				"down": {"uv": [0, 0, 0.6, 0.1], "texture": "#4"}
			}
		},
		{
			"from": [7.59826, 5.388, 11.458],
			"to": [7.74826, 6.288, 11.608],
			"faces": {
				"north": {"uv": [0, 0, 0.15, 0.9], "texture": "#4"},
				"east": {"uv": [0, 0, 0.1, 0.9], "texture": "#4"},
				"south": {"uv": [0, 0, 0.15, 0.9], "texture": "#4"},
				"west": {"uv": [0, 0, 0.1, 0.9], "texture": "#4"},
				"up": {"uv": [0, 0, 0.15, 0.1], "texture": "#4"},
				"down": {"uv": [0, 0, 0.15, 0.1], "texture": "#4"}
			}
		},
		{
			"from": [7.59826, 5.388, 11.608],
			"to": [8.49826, 6.288, 13.008],
			"faces": {
				"north": {"uv": [7, 7, 9, 9], "texture": "#1"},
				"east": {"uv": [0, 0, 1.396, 0.9], "texture": "#4"},
				"south": {"uv": [0, 0, 0.9, 0.9], "texture": "#4"},
				"west": {"uv": [0, 0, 1.396, 0.9], "texture": "#4"},
				"up": {"uv": [0, 0, 0.9, 1.396], "texture": "#4"},
				"down": {"uv": [0, 0, 0.9, 1.396], "texture": "#4"}
			}
		},
		{
			"from": [7.74826, 6.188, 11.458],
			"to": [8.34826, 6.288, 11.608],
			"faces": {
				"north": {"uv": [0, 0, 0.6, 0.1], "texture": "#4"},
				"east": {"uv": [0, 0, 0.1, 0.1], "texture": "#4"},
				"south": {"uv": [0, 0, 0.6, 0.1], "texture": "#4"},
				"west": {"uv": [0, 0, 0.1, 0.1], "texture": "#4"},
				"up": {"uv": [0, 0, 0.6, 0.1], "texture": "#4"},
				"down": {"uv": [0, 0, 0.6, 0.1], "texture": "#4"}
			}
		},
		{
			"from": [8.34826, 5.388, 11.458],
			"to": [8.49826, 6.288, 11.608],
			"faces": {
				"north": {"uv": [0, 0, 0.15, 0.9], "texture": "#4"},
				"east": {"uv": [0, 0, 0.1, 0.9], "texture": "#4"},
				"south": {"uv": [0, 0, 0.15, 0.9], "texture": "#4"},
				"west": {"uv": [0, 0, 0.1, 0.9], "texture": "#4"},
				"up": {"uv": [0, 0, 0.15, 0.1], "texture": "#4"},
				"down": {"uv": [0, 0, 0.15, 0.1], "texture": "#4"}
			}
		},
		{
			"from": [7.29826, 3.988, 12.008],
			"to": [8.79826, 5.588, 12.704],
			"faces": {
				"north": {"uv": [0, 0, 0.7, 0.6], "texture": "#4"},
				"east": {"uv": [0, 0, 0.896, 0.6], "texture": "#4"},
				"south": {"uv": [0, 0, 1.5, 1.6], "texture": "#4"},
				"west": {"uv": [0, 0, 0.896, 0.6], "texture": "#4"},
				"up": {"uv": [0, 0, 0.7, 0.896], "texture": "#4"},
				"down": {"uv": [0, 0, 0.7, 0.896], "texture": "#4"}
			}
		}
	],
	"display": {
		"thirdperson_righthand": {
			"rotation": [0, -15, 0],
			"translation": [0.5, 9.5, -1.5],
			"scale": [1.5, 1.5, 1.5]
		},
		"thirdperson_lefthand": {
			"translation": [-0.5, 9.5, -1.5],
			"scale": [1.5, 1.5, 1.5]
		},
		"firstperson_righthand": {
			"rotation": [6, 3, 0],
			"translation": [7.5, 11.5, 5]
		},
		"ground": {
			"translation": [0, 4, 0]
		},
		"gui": {
			"rotation": [90, 50, -90],
			"translation": [4.25, 5.25, 0],
			"scale": [1.3, 1.3, 1.3]
		},
		"head": {
			"translation": [0, 15.25, -8.75],
			"scale": [3, 3, 3]
		},
		"fixed": {
			"rotation": [90, 50, -90],
			"translation": [4.25, 4.75, 0],
			"scale": [1.3, 1.3, 1.3]
		}
	}
}