{
	"credit": "Made with Blockbench",
	"texture_size": [32, 32],
	"textures": {
		"0": "aoa3:item/abominator",
		"particle": "aoa3:item/abominator"
	},
	"elements": [
		{
			"from": [6.9, 9.05933, -4.3875],
			"to": [8, 10.15933, 1.8125],
			"rotation": {"angle": 0, "axis": "y", "origin": [7.45, 8.09058, 7.0625]},
			"faces": {
				"north": {"uv": [5, 2.5, 5.5, 3], "texture": "#0"},
				"east": {"uv": [6, 0, 9.125, 0.5], "texture": "#0"},
				"south": {"uv": [8.5, 7.5, 9, 8], "texture": "#0"},
				"west": {"uv": [9.125, 0, 6, 0.5], "texture": "#0"},
				"up": {"uv": [9.125, 0.5, 6, 0], "rotation": 90, "texture": "#0"},
				"down": {"uv": [6, 0.5, 9.125, 0], "rotation": 90, "texture": "#0"}
			}
		},
		{
			"from": [6.75, 8.08433, 10.5125],
			"to": [8.15, 8.75933, 11.9125],
			"rotation": {"angle": 0, "axis": "y", "origin": [7.45, 8.09058, 7.0625]},
			"faces": {
				"north": {"uv": [11.5, 10, 12.25, 10.375], "texture": "#0"},
				"east": {"uv": [10, 11.5, 10.75, 11.875], "texture": "#0"},
				"south": {"uv": [11.5, 10, 12.25, 10.375], "texture": "#0"},
				"west": {"uv": [10.75, 11.5, 10, 11.875], "texture": "#0"},
				"up": {"uv": [10.25, 0.75, 9.5, 0], "texture": "#0"},
				"down": {"uv": [10.75, 2, 10, 2.75], "texture": "#0"}
			}
		},
		{
			"from": [6.75, 9.55933, -1.1875],
			"to": [8.15, 11.05933, 2.4125],
			"rotation": {"angle": 0, "axis": "y", "origin": [7.45, 8.09058, 7.0625]},
			"faces": {
				"north": {"uv": [10, 3, 10.75, 3.75], "texture": "#0"},
				"east": {"uv": [6, 1, 7.75, 1.75], "texture": "#0"},
				"south": {"uv": [10, 4, 10.75, 4.75], "texture": "#0"},
				"west": {"uv": [7.75, 1, 6, 1.75], "texture": "#0"},
				"up": {"uv": [7.75, 3.75, 7, 2], "texture": "#0"},
				"down": {"uv": [3.75, 7.5, 3, 9.25], "texture": "#0"}
			}
		},
		{
			"from": [6.55, 8.75933, 2.4125],
			"to": [8.35, 11.05933, 11.9125],
			"rotation": {"angle": 0, "axis": "y", "origin": [7.45, 8.09058, 7.0625]},
			"faces": {
				"north": {"uv": [0, 8, 0.875, 9.125], "texture": "#0"},
				"east": {"uv": [0, 0, 4.75, 1.125], "texture": "#0"},
				"south": {"uv": [1, 8, 1.875, 9.125], "texture": "#0"},
				"west": {"uv": [4.75, 0, 0, 1.125], "texture": "#0"},
				"up": {"uv": [0.875, 7.75, 0, 3], "texture": "#0"},
				"down": {"uv": [1.875, 3, 1, 7.75], "texture": "#0"}
			}
		},
		{
			"from": [6.9, 7.38433, 4.4625],
			"to": [8, 8.75933, 7.4875],
			"rotation": {"angle": 0, "axis": "y", "origin": [7.45, 8.09058, 7.0625]},
			"faces": {
				"north": {"uv": [9.5, 15.375, 10, 16], "texture": "#0"},
				"east": {"uv": [7.5, 8, 9, 8.625], "texture": "#0"},
				"south": {"uv": [9.5, 11, 10, 11.625], "texture": "#0"},
				"west": {"uv": [9, 8, 7.5, 8.625], "texture": "#0"},
				"up": {"uv": [3, 10.5, 2.5, 9], "texture": "#0"},
				"down": {"uv": [5, 9, 4.5, 10.5], "texture": "#0"}
			}
		},
		{
			"from": [6.9, 7.38433, 7.4875],
			"to": [8, 8.75933, 10.5125],
			"rotation": {"angle": 0, "axis": "y", "origin": [7.45, 8.09058, 7.0625]},
			"faces": {
				"north": {"uv": [2, 11.5, 2.5, 12.125], "texture": "#0"},
				"east": {"uv": [8.5, 6.5, 10, 7.125], "texture": "#0"},
				"south": {"uv": [9, 11, 9.5, 11.625], "texture": "#0"},
				"west": {"uv": [10, 6.5, 8.5, 7.125], "texture": "#0"},
				"up": {"uv": [5.5, 10.5, 5, 9], "texture": "#0"},
				"down": {"uv": [6, 9, 5.5, 10.5], "texture": "#0"}
			}
		},
		{
			"name": "bolt",
			"from": [8.35, 9.65933, 5.9125],
			"to": [9.65, 10.15933, 6.4125],
			"rotation": {"angle": 0, "axis": "y", "origin": [7.45, 8.09058, 7.0625]},
			"faces": {
				"north": {"uv": [13.5, 0.5, 13.75, 0.75], "texture": "#0"},
				"east": {"uv": [13.5, 0.5, 13.75, 0.75], "texture": "#0"},
				"south": {"uv": [13.5, 0.5, 13.75, 0.75], "texture": "#0"},
				"west": {"uv": [13.5, 0.5, 13.75, 0.75], "texture": "#0"},
				"up": {"uv": [13.5, 0.5, 13.75, 0.75], "texture": "#0"},
				"down": {"uv": [13.5, 0.5, 13.75, 0.75], "texture": "#0"}
			}
		},
		{
			"from": [6.75, 8.45933, -1.1875],
			"to": [8.15, 9.55933, 3.1125],
			"rotation": {"angle": 0, "axis": "y", "origin": [7.45, 8.09058, 7.0625]},
			"faces": {
				"north": {"uv": [11, 4, 11.75, 4.5], "texture": "#0"},
				"east": {"uv": [7.5, 5.5, 9.625, 6], "texture": "#0"},
				"south": {"uv": [11, 4, 11.75, 4.5], "texture": "#0"},
				"west": {"uv": [9.625, 5.5, 7.5, 6], "texture": "#0"},
				"up": {"uv": [4.25, 7.125, 3.5, 5], "texture": "#0"},
				"down": {"uv": [6.25, 4, 5.5, 6.125], "texture": "#0"}
			}
		},
		{
			"name": "trigger",
			"from": [7.25, 6.98433, 8.5375],
			"to": [7.65, 7.38433, 8.8625],
			"rotation": {"angle": 0, "axis": "y", "origin": [7.45, 8.09058, 7.0625]},
			"faces": {
				"north": {"uv": [13.5, 8.5, 13.625, 8.75], "texture": "#0"},
				"east": {"uv": [13.5, 8.5, 13.625, 8.75], "texture": "#0"},
				"south": {"uv": [13.5, 8.5, 13.625, 8.75], "texture": "#0"},
				"west": {"uv": [13.5, 8.5, 13.625, 8.75], "texture": "#0"},
				"up": {"uv": [13.5, 8.5, 13.625, 8.75], "texture": "#0"},
				"down": {"uv": [13.5, 8.5, 13.625, 8.75], "texture": "#0"}
			}
		},
		{
			"from": [7.25, 6.65933, 7.4875],
			"to": [7.65, 7.38433, 7.8125],
			"rotation": {"angle": 0, "axis": "y", "origin": [7.45, 8.09058, 7.0625]},
			"faces": {
				"north": {"uv": [3, 13.5, 3.125, 13.875], "texture": "#0"},
				"east": {"uv": [3, 13.5, 3.125, 13.875], "texture": "#0"},
				"south": {"uv": [3, 13.5, 3.125, 13.875], "texture": "#0"},
				"west": {"uv": [3, 13.5, 3.125, 13.875], "texture": "#0"},
				"up": {"uv": [3, 13.5, 3.125, 13.875], "texture": "#0"},
				"down": {"uv": [3, 13.5, 3.125, 13.875], "texture": "#0"}
			}
		},
		{
			"from": [7.25, 6.38433, 7.4875],
			"to": [7.65, 6.65933, 9.5625],
			"rotation": {"angle": 0, "axis": "y", "origin": [7.45, 8.09058, 7.0625]},
			"faces": {
				"north": {"uv": [10.5, 12.5, 11.5, 12.625], "texture": "#0"},
				"east": {"uv": [10.5, 12.5, 11.5, 12.625], "texture": "#0"},
				"south": {"uv": [10.5, 12.5, 11.5, 12.625], "texture": "#0"},
				"west": {"uv": [10.5, 12.5, 11.5, 12.625], "texture": "#0"},
				"up": {"uv": [10.5, 12.5, 11.5, 12.625], "texture": "#0"},
				"down": {"uv": [10.5, 12.5, 11.5, 12.625], "texture": "#0"}
			}
		},
		{
			"from": [7.05, 5.35933, 10.2375],
			"to": [7.85, 5.68433, 11.8375],
			"rotation": {"angle": 0, "axis": "y", "origin": [7.45, 8.09058, 7.0625]},
			"faces": {
				"north": {"uv": [5, 13.5, 5.375, 13.625], "texture": "#0"},
				"east": {"uv": [13, 9, 13.75, 9.125], "texture": "#0"},
				"south": {"uv": [1.5, 11.5, 1.875, 11.75], "texture": "#0"},
				"west": {"uv": [13.75, 9, 13, 9.125], "texture": "#0"},
				"up": {"uv": [1.5, 11.5, 1.875, 11.75], "texture": "#0"},
				"down": {"uv": [11.875, 11.5, 11.5, 12.25], "texture": "#0"}
			}
		},
		{
			"from": [7.05, 5.68433, 9.8625],
			"to": [7.85, 6.00933, 11.5375],
			"rotation": {"angle": 0, "axis": "y", "origin": [7.45, 8.09058, 7.0625]},
			"faces": {
				"north": {"uv": [5.5, 13.5, 5.875, 13.625], "texture": "#0"},
				"east": {"uv": [11.5, 12.5, 12.5, 12.625], "texture": "#0"},
				"south": {"uv": [1.5, 11.5, 1.875, 11.75], "texture": "#0"},
				"west": {"uv": [12.5, 12.5, 11.5, 12.625], "texture": "#0"},
				"up": {"uv": [5.375, 12, 5, 11], "texture": "#0"},
				"down": {"uv": [11.375, 5, 11, 6], "texture": "#0"}
			}
		},
		{
			"from": [7.05, 6.00933, 9.5625],
			"to": [7.85, 6.33433, 11.5375],
			"rotation": {"angle": 0, "axis": "y", "origin": [7.45, 8.09058, 7.0625]},
			"faces": {
				"north": {"uv": [6, 13.5, 6.375, 13.625], "texture": "#0"},
				"east": {"uv": [0, 13, 1, 13.125], "texture": "#0"},
				"south": {"uv": [1.5, 11.5, 1.875, 11.75], "texture": "#0"},
				"west": {"uv": [1, 13, 0, 13.125], "texture": "#0"},
				"up": {"uv": [5.875, 12, 5.5, 11], "texture": "#0"},
				"down": {"uv": [6.375, 11, 6, 12], "texture": "#0"}
			}
		},
		{
			"from": [7.05, 6.33433, 9.5625],
			"to": [7.85, 6.65933, 11.1875],
			"rotation": {"angle": 0, "axis": "y", "origin": [7.45, 8.09058, 7.0625]},
			"faces": {
				"north": {"uv": [7, 13.5, 7.375, 13.625], "texture": "#0"},
				"east": {"uv": [2.5, 13, 3.375, 13.125], "texture": "#0"},
				"south": {"uv": [1.5, 11.5, 1.875, 11.75], "texture": "#0"},
				"west": {"uv": [3.375, 13, 2.5, 13.125], "texture": "#0"},
				"up": {"uv": [11.375, 6.875, 11, 6], "texture": "#0"},
				"down": {"uv": [6.875, 11, 6.5, 11.875], "texture": "#0"}
			}
		},
		{
			"from": [7.05, 6.65933, 9.2125],
			"to": [7.85, 6.98433, 10.8875],
			"rotation": {"angle": 0, "axis": "y", "origin": [7.45, 8.09058, 7.0625]},
			"faces": {
				"north": {"uv": [8, 13.5, 8.375, 13.625], "texture": "#0"},
				"east": {"uv": [4.5, 13, 5.375, 13.125], "texture": "#0"},
				"south": {"uv": [8.5, 13.5, 8.875, 13.625], "texture": "#0"},
				"west": {"uv": [5.375, 13, 4.5, 13.125], "texture": "#0"},
				"up": {"uv": [7.375, 11.875, 7, 11], "texture": "#0"},
				"down": {"uv": [7.875, 11, 7.5, 11.875], "texture": "#0"}
			}
		},
		{
			"from": [7.05, 6.98433, 9.2125],
			"to": [7.85, 7.38433, 10.7625],
			"rotation": {"angle": 0, "axis": "y", "origin": [7.45, 8.09058, 7.0625]},
			"faces": {
				"north": {"uv": [13, 9.5, 13.375, 9.75], "texture": "#0"},
				"east": {"uv": [12.5, 3, 13.125, 3.25], "texture": "#0"},
				"south": {"uv": [13, 10, 13.375, 10.25], "texture": "#0"},
				"west": {"uv": [13.125, 3, 12.5, 3.25], "texture": "#0"},
				"up": {"uv": [6.375, 12.625, 6, 12], "texture": "#0"},
				"down": {"uv": [12.375, 6, 12, 6.625], "texture": "#0"}
			}
		},
		{
			"from": [7.7, 11.05933, 9.9125],
			"to": [8.1, 12.05933, 11.2125],
			"rotation": {"angle": 0, "axis": "y", "origin": [7.45, 10.39058, 7.0625]},
			"faces": {
				"north": {"uv": [2, 13, 2.25, 13.5], "texture": "#0"},
				"east": {"uv": [11.5, 0.5, 12.125, 1], "texture": "#0"},
				"south": {"uv": [2.25, 13, 2, 13.5], "texture": "#0"},
				"west": {"uv": [12.125, 0.5, 11.5, 1], "texture": "#0"},
				"up": {"uv": [12.5, 5.625, 12.75, 5], "texture": "#0"},
				"down": {"uv": [12.75, 4, 12.5, 4.625], "texture": "#0"}
			}
		},
		{
			"from": [6.8, 11.05933, 9.9125],
			"to": [7.2, 12.05933, 11.2125],
			"rotation": {"angle": 0, "axis": "y", "origin": [7.45, 10.39058, 7.0625]},
			"faces": {
				"north": {"uv": [2.25, 13, 2, 13.5], "texture": "#0"},
				"east": {"uv": [11.5, 0.5, 12.125, 1], "texture": "#0"},
				"south": {"uv": [2, 13, 2.25, 13.5], "texture": "#0"},
				"west": {"uv": [12.125, 0.5, 11.5, 1], "texture": "#0"},
				"up": {"uv": [12.75, 5.625, 12.5, 5], "texture": "#0"},
				"down": {"uv": [12.75, 6, 12.5, 6.625], "texture": "#0"}
			}
		},
		{
			"from": [6.85, 11.26164, 4.9286],
			"to": [8.05, 11.61164, 5.58291],
			"rotation": {"angle": 0, "axis": "y", "origin": [7.11545, 6.47589, 1.85576]},
			"faces": {
				"north": {"uv": [11.5, 5, 12.125, 5.125], "texture": "#0"},
				"east": {"uv": [1.5, 13, 1.875, 13.125], "texture": "#0"},
				"south": {"uv": [11.5, 5, 12.125, 5.125], "texture": "#0"},
				"west": {"uv": [1.5, 13, 1.875, 13.125], "texture": "#0"},
				"up": {"uv": [9.625, 8.875, 9, 8.5], "texture": "#0"},
				"down": {"uv": [9.625, 8.875, 9, 8.5], "texture": "#0"}
			}
		},
		{
			"from": [6.85, 11.26164, 5.9286],
			"to": [8.05, 11.61164, 6.58291],
			"rotation": {"angle": 0, "axis": "y", "origin": [7.11545, 6.47589, 1.85576]},
			"faces": {
				"north": {"uv": [11.5, 5, 12.125, 5.125], "texture": "#0"},
				"east": {"uv": [1.5, 13, 1.875, 13.125], "texture": "#0"},
				"south": {"uv": [11.5, 5, 12.125, 5.125], "texture": "#0"},
				"west": {"uv": [1.5, 13, 1.875, 13.125], "texture": "#0"},
				"up": {"uv": [9.625, 8.875, 9, 8.5], "texture": "#0"},
				"down": {"uv": [9.625, 8.875, 9, 8.5], "texture": "#0"}
			}
		},
		{
			"from": [6.85, 11.26164, 6.9286],
			"to": [8.05, 11.61164, 7.58291],
			"rotation": {"angle": 0, "axis": "y", "origin": [7.11545, 6.47589, 1.85576]},
			"faces": {
				"north": {"uv": [11.5, 5, 12.125, 5.125], "texture": "#0"},
				"east": {"uv": [1.5, 13, 1.875, 13.125], "texture": "#0"},
				"south": {"uv": [11.5, 5, 12.125, 5.125], "texture": "#0"},
				"west": {"uv": [1.5, 13, 1.875, 13.125], "texture": "#0"},
				"up": {"uv": [9.625, 8.875, 9, 8.5], "texture": "#0"},
				"down": {"uv": [9.625, 8.875, 9, 8.5], "texture": "#0"}
			}
		},
		{
			"from": [6.85, 11.26164, 7.9286],
			"to": [8.05, 11.61164, 8.58291],
			"rotation": {"angle": 0, "axis": "y", "origin": [7.11545, 6.47589, 1.85576]},
			"faces": {
				"north": {"uv": [11.5, 5, 12.125, 5.125], "texture": "#0"},
				"east": {"uv": [1.5, 13, 1.875, 13.125], "texture": "#0"},
				"south": {"uv": [11.5, 5, 12.125, 5.125], "texture": "#0"},
				"west": {"uv": [1.5, 13, 1.875, 13.125], "texture": "#0"},
				"up": {"uv": [9.625, 8.875, 9, 8.5], "texture": "#0"},
				"down": {"uv": [9.625, 8.875, 9, 8.5], "texture": "#0"}
			}
		},
		{
			"from": [6.85, 11.26164, 8.9286],
			"to": [8.05, 11.61164, 9.58291],
			"rotation": {"angle": 0, "axis": "y", "origin": [7.11545, 6.47589, 1.85576]},
			"faces": {
				"north": {"uv": [11.5, 5, 12.125, 5.125], "texture": "#0"},
				"east": {"uv": [1.5, 13, 1.875, 13.125], "texture": "#0"},
				"south": {"uv": [11.5, 5, 12.125, 5.125], "texture": "#0"},
				"west": {"uv": [1.5, 13, 1.875, 13.125], "texture": "#0"},
				"up": {"uv": [9.625, 8.875, 9, 8.5], "texture": "#0"},
				"down": {"uv": [9.625, 8.875, 9, 8.5], "texture": "#0"}
			}
		},
		{
			"from": [6.85, 11.26164, 9.9286],
			"to": [8.05, 11.61164, 10.58291],
			"rotation": {"angle": 0, "axis": "y", "origin": [7.11545, 6.47589, 1.85576]},
			"faces": {
				"north": {"uv": [11.5, 5, 12.125, 5.125], "texture": "#0"},
				"east": {"uv": [1.5, 13, 1.875, 13.125], "texture": "#0"},
				"south": {"uv": [11.5, 5, 12.125, 5.125], "texture": "#0"},
				"west": {"uv": [1.5, 13, 1.875, 13.125], "texture": "#0"},
				"up": {"uv": [9.625, 8.875, 9, 8.5], "texture": "#0"},
				"down": {"uv": [9.625, 8.875, 9, 8.5], "texture": "#0"}
			}
		},
		{
			"from": [6.95, 10.91164, 4.3286],
			"to": [7.95, 11.26164, 11.18291],
			"rotation": {"angle": 0, "axis": "y", "origin": [7.11545, 6.92589, 1.85576]},
			"faces": {
				"north": {"uv": [5, 12.5, 5.5, 12.625], "texture": "#0"},
				"east": {"uv": [11.5, 0, 14.875, 0.125], "texture": "#0"},
				"south": {"uv": [5.5, 12.5, 6, 12.625], "texture": "#0"},
				"west": {"uv": [14.875, 0, 11.5, 0.125], "texture": "#0"},
				"up": {"uv": [5, 8.875, 4.5, 5.5], "texture": "#0"},
				"down": {"uv": [5.5, 5.5, 5, 8.875], "texture": "#0"}
			}
		},
		{
			"from": [7.25, 10.61567, -0.9625],
			"to": [7.65, 12.09067, 0.3125],
			"shade": false,
			"rotation": {"angle": 0, "axis": "y", "origin": [7.45, 4.94701, 5.0625]},
			"faces": {
				"north": {"uv": [4, 10, 4.25, 10.75], "texture": "#0"},
				"east": {"uv": [6.5, 4, 7.125, 4.75], "texture": "#0"},
				"south": {"uv": [10, 7, 10.25, 7.75], "texture": "#0"},
				"west": {"uv": [7.125, 4, 6.5, 4.75], "texture": "#0"},
				"up": {"uv": [0.25, 11.125, 0, 10.5], "texture": "#0"},
				"down": {"uv": [0.75, 10.5, 0.5, 11.125], "texture": "#0"}
			}
		},
		{
			"from": [7.25, 12.09067, -0.7875],
			"to": [7.65, 12.26567, 0.1375],
			"shade": false,
			"rotation": {"angle": 0, "axis": "y", "origin": [7.45, 4.94701, 5.0625]},
			"faces": {
				"north": {"uv": [10.5, 13, 10.75, 13.125], "texture": "#0"},
				"east": {"uv": [7, 12.5, 7.5, 12.625], "texture": "#0"},
				"south": {"uv": [11, 13, 11.25, 13.125], "texture": "#0"},
				"west": {"uv": [7.5, 12.5, 8, 12.625], "texture": "#0"},
				"up": {"uv": [10.25, 8.5, 10, 8], "texture": "#0"},
				"down": {"uv": [1.25, 11, 1, 11.5], "texture": "#0"}
			}
		},
		{
			"from": [7.25, 10.61567, 0.3125],
			"to": [7.65, 11.51567, 0.4875],
			"shade": false,
			"rotation": {"angle": 0, "axis": "y", "origin": [7.45, 4.94701, 5.0625]},
			"faces": {
				"north": {"uv": [1.5, 11, 1.75, 11.5], "texture": "#0"},
				"east": {"uv": [8, 12.5, 8.125, 13], "texture": "#0"},
				"south": {"uv": [3, 11, 3.25, 11.5], "texture": "#0"},
				"west": {"uv": [8.5, 12.5, 8.625, 13], "texture": "#0"},
				"up": {"uv": [13.25, 11.125, 13, 11], "texture": "#0"},
				"down": {"uv": [13.25, 11.5, 13, 11.625], "texture": "#0"}
			}
		},
		{
			"from": [7.25, 10.61567, 0.4875],
			"to": [7.65, 11.16567, 0.6875],
			"shade": false,
			"rotation": {"angle": 0, "axis": "y", "origin": [7.45, 4.94701, 5.0625]},
			"faces": {
				"north": {"uv": [12.5, 8.5, 12.75, 8.75], "texture": "#0"},
				"east": {"uv": [13, 12, 13.125, 12.25], "texture": "#0"},
				"south": {"uv": [9, 12.5, 9.25, 12.75], "texture": "#0"},
				"west": {"uv": [12.5, 13, 12.625, 13.25], "texture": "#0"},
				"up": {"uv": [13.25, 12.625, 13, 12.5], "texture": "#0"},
				"down": {"uv": [13.25, 13, 13, 13.125], "texture": "#0"}
			}
		},
		{
			"from": [7, 5.25933, 4.9625],
			"to": [7.9, 7.38433, 7.2375],
			"rotation": {"angle": 0, "axis": "y", "origin": [7.45, 8.21558, 7.0625]},
			"faces": {
				"north": {"uv": [2, 4, 2.5, 5], "texture": "#0"},
				"east": {"uv": [0, 1.5, 1.125, 2.5], "texture": "#0"},
				"south": {"uv": [2.5, 4, 3, 5], "texture": "#0"},
				"west": {"uv": [1.125, 1.5, 0, 2.5], "texture": "#0"},
				"up": {"uv": [4.5, 2.625, 4, 1.5], "texture": "#0"},
				"down": {"uv": [5, 1.5, 4.5, 2.625], "texture": "#0"}
			}
		},
		{
			"from": [7, 4.38433, 4.4625],
			"to": [7.9, 5.25933, 6.7375],
			"rotation": {"angle": 0, "axis": "y", "origin": [7.45, 8.34058, 7.0625]},
			"faces": {
				"north": {"uv": [6.5, 9, 7, 9.375], "texture": "#0"},
				"east": {"uv": [6, 0.5, 7.125, 0.875], "texture": "#0"},
				"south": {"uv": [9.5, 4, 10, 4.375], "texture": "#0"},
				"west": {"uv": [7.125, 0.5, 6, 0.875], "texture": "#0"},
				"up": {"uv": [6, 3.625, 5.5, 2.5], "texture": "#0"},
				"down": {"uv": [6.5, 2.5, 6, 3.625], "texture": "#0"}
			}
		},
		{
			"from": [7, 4.00933, 4.7125],
			"to": [7.9, 4.38433, 6.7375],
			"rotation": {"angle": 0, "axis": "y", "origin": [7.45, 8.46558, 7.0625]},
			"faces": {
				"north": {"uv": [12, 4, 12.5, 4.125], "texture": "#0"},
				"east": {"uv": [3, 10.5, 4, 10.625], "texture": "#0"},
				"south": {"uv": [5.5, 12, 6, 12.125], "texture": "#0"},
				"west": {"uv": [4, 10.5, 3, 10.625], "texture": "#0"},
				"up": {"uv": [3.5, 5, 3, 4], "texture": "#0"},
				"down": {"uv": [4, 4, 3.5, 5], "texture": "#0"}
			}
		},
		{
			"from": [7, 3.63433, 4.9625],
			"to": [7.9, 4.00933, 6.4875],
			"rotation": {"angle": 0, "axis": "y", "origin": [7.45, 8.59058, 7.0625]},
			"faces": {
				"north": {"uv": [12, 9.5, 12.5, 9.625], "texture": "#0"},
				"east": {"uv": [4, 11.5, 4.75, 11.625], "texture": "#0"},
				"south": {"uv": [12.5, 0.5, 13, 0.625], "texture": "#0"},
				"west": {"uv": [4.75, 11.5, 4, 11.625], "texture": "#0"},
				"up": {"uv": [9.5, 4.75, 9, 4], "texture": "#0"},
				"down": {"uv": [6.5, 9, 6, 9.75], "texture": "#0"}
			}
		},
		{
			"from": [7, 5.25933, 4.6875],
			"to": [7.9, 5.63433, 4.9625],
			"rotation": {"angle": 0, "axis": "y", "origin": [7.45, 8.46558, 6.5375]},
			"faces": {
				"north": {"uv": [1, 12.5, 1.5, 12.625], "texture": "#0"},
				"east": {"uv": [0, 13.5, 0.125, 13.625], "texture": "#0"},
				"south": {"uv": [1.5, 12.5, 2, 12.625], "texture": "#0"},
				"west": {"uv": [0.125, 13.5, 0, 13.625], "texture": "#0"},
				"up": {"uv": [2.5, 12.625, 2, 12.5], "texture": "#0"},
				"down": {"uv": [3, 12.5, 2.5, 12.625], "texture": "#0"}
			}
		},
		{
			"from": [7, 4.88433, 6.7375],
			"to": [7.9, 5.25933, 7.0125],
			"rotation": {"angle": 0, "axis": "y", "origin": [7.45, 8.09058, 8.5875]},
			"faces": {
				"north": {"uv": [3, 12.5, 3.5, 12.625], "texture": "#0"},
				"east": {"uv": [1, 13.5, 1.125, 13.625], "texture": "#0"},
				"south": {"uv": [3.5, 12.5, 4, 12.625], "texture": "#0"},
				"west": {"uv": [1.125, 13.5, 1, 13.625], "texture": "#0"},
				"up": {"uv": [4.5, 12.625, 4, 12.5], "texture": "#0"},
				"down": {"uv": [5, 12.5, 4.5, 12.625], "texture": "#0"}
			}
		},
		{
			"from": [7.05, 8.15933, 9.3875],
			"to": [7.85, 10.45933, 12.3875],
			"rotation": {"angle": 0, "axis": "y", "origin": [7.45, 6.41558, 7.5375]},
			"faces": {
				"north": {"uv": [8, 10, 8.375, 11.125], "texture": "#0"},
				"east": {"uv": [2, 5, 3.5, 6.125], "texture": "#0"},
				"south": {"uv": [8.5, 10, 8.875, 11.125], "texture": "#0"},
				"west": {"uv": [3.5, 5, 2, 6.125], "texture": "#0"},
				"up": {"uv": [7.375, 10.5, 7, 9], "texture": "#0"},
				"down": {"uv": [7.875, 9, 7.5, 10.5], "texture": "#0"}
			}
		},
		{
			"from": [7.05, 6.45933, 15.2375],
			"to": [7.85, 7.45933, 17.0375],
			"rotation": {"angle": 0, "axis": "y", "origin": [7.45, 6.41558, 7.5375]},
			"faces": {
				"north": {"uv": [12, 7, 12.375, 7.5], "texture": "#0"},
				"east": {"uv": [10.5, 0, 11.25, 0.5], "texture": "#0"},
				"south": {"uv": [7.5, 12, 7.875, 12.5], "texture": "#0"},
				"west": {"uv": [11.25, 0, 10.5, 0.5], "texture": "#0"},
				"up": {"uv": [11.875, 6.75, 11.5, 6], "texture": "#0"},
				"down": {"uv": [11.875, 7, 11.5, 7.75], "texture": "#0"}
			}
		},
		{
			"from": [7.05, 7.45933, 15.2125],
			"to": [7.85, 8.05933, 17.0375],
			"rotation": {"angle": 0, "axis": "y", "origin": [7.45, 6.41558, 7.5375]},
			"faces": {
				"north": {"uv": [3.5, 13, 3.875, 13.25], "texture": "#0"},
				"east": {"uv": [0, 12, 1, 12.25], "texture": "#0"},
				"south": {"uv": [13, 5, 13.375, 5.25], "texture": "#0"},
				"west": {"uv": [1, 12, 0, 12.25], "texture": "#0"},
				"up": {"uv": [3.375, 7.5, 3, 6.5], "texture": "#0"},
				"down": {"uv": [10.875, 1, 10.5, 2], "texture": "#0"}
			}
		},
		{
			"from": [7.05, 8.05933, 14.7875],
			"to": [7.85, 8.45933, 17.0375],
			"rotation": {"angle": 0, "axis": "y", "origin": [7.45, 6.41558, 7.5375]},
			"faces": {
				"north": {"uv": [5.5, 13, 5.875, 13.25], "texture": "#0"},
				"east": {"uv": [11.5, 8, 12.625, 8.25], "texture": "#0"},
				"south": {"uv": [13, 5.5, 13.375, 5.75], "texture": "#0"},
				"west": {"uv": [12.625, 8, 11.5, 8.25], "texture": "#0"},
				"up": {"uv": [10.375, 9.625, 10, 8.5], "texture": "#0"},
				"down": {"uv": [10.375, 10, 10, 11.125], "texture": "#0"}
			}
		},
		{
			"from": [7.05, 8.45933, 12.3875],
			"to": [7.85, 10.45933, 17.0375],
			"rotation": {"angle": 0, "axis": "y", "origin": [7.45, 6.41558, 7.5375]},
			"faces": {
				"north": {"uv": [2.5, 10.5, 2.875, 11.5], "texture": "#0"},
				"east": {"uv": [2, 3, 4.375, 4], "texture": "#0"},
				"south": {"uv": [4.5, 10.5, 4.875, 11.5], "texture": "#0"},
				"west": {"uv": [4.375, 3, 2, 4], "texture": "#0"},
				"up": {"uv": [4.375, 9.875, 4, 7.5], "texture": "#0"},
				"down": {"uv": [2.375, 9, 2, 11.375], "texture": "#0"}
			}
		},
		{
			"from": [6.75, 10.85933, 9.3875],
			"to": [8.15, 11.10933, 12.0875],
			"rotation": {"angle": 0, "axis": "y", "origin": [7.45, 6.41558, 7.5375]},
			"faces": {
				"north": {"uv": [6, 13, 6.75, 13.125], "texture": "#0"},
				"east": {"uv": [12.5, 1, 13.875, 1.125], "texture": "#0"},
				"south": {"uv": [13, 6, 13.75, 6.125], "texture": "#0"},
				"west": {"uv": [13.875, 1, 12.5, 1.125], "texture": "#0"},
				"up": {"uv": [7.25, 8.875, 6.5, 7.5], "texture": "#0"},
				"down": {"uv": [8.25, 6.5, 7.5, 7.875], "texture": "#0"}
			}
		},
		{
			"from": [6.75, 10.45933, 9.3875],
			"to": [8.15, 10.85933, 12.3875],
			"rotation": {"angle": 0, "axis": "y", "origin": [7.45, 6.41558, 7.5375]},
			"faces": {
				"north": {"uv": [12, 7.5, 12.75, 7.75], "texture": "#0"},
				"east": {"uv": [5, 10.5, 6.5, 10.75], "texture": "#0"},
				"south": {"uv": [8, 12, 8.75, 12.25], "texture": "#0"},
				"west": {"uv": [6.5, 10.5, 5, 10.75], "texture": "#0"},
				"up": {"uv": [8.25, 5.5, 7.5, 4], "texture": "#0"},
				"down": {"uv": [6.25, 7.5, 5.5, 9], "texture": "#0"}
			}
		},
		{
			"from": [6.75, 9.15933, 12.3875],
			"to": [8.15, 9.45933, 13.1125],
			"rotation": {"angle": 0, "axis": "y", "origin": [7.45, 6.41558, 7.5375]},
			"faces": {
				"north": {"uv": [13, 6.5, 13.75, 6.625], "texture": "#0"},
				"east": {"uv": [2.5, 13.5, 2.875, 13.625], "texture": "#0"},
				"south": {"uv": [7, 13, 7.75, 13.125], "texture": "#0"},
				"west": {"uv": [2.875, 13.5, 2.5, 13.625], "texture": "#0"},
				"up": {"uv": [8.75, 11.875, 8, 11.5], "texture": "#0"},
				"down": {"uv": [12.25, 9, 11.5, 9.375], "texture": "#0"}
			}
		},
		{
			"from": [6.75, 9.45933, 12.3875],
			"to": [8.15, 9.75933, 13.4125],
			"rotation": {"angle": 0, "axis": "y", "origin": [7.45, 6.41558, 7.5375]},
			"faces": {
				"north": {"uv": [13, 7, 13.75, 7.125], "texture": "#0"},
				"east": {"uv": [11.5, 13, 12, 13.125], "texture": "#0"},
				"south": {"uv": [13, 7.5, 13.75, 7.625], "texture": "#0"},
				"west": {"uv": [12, 13, 11.5, 13.125], "texture": "#0"},
				"up": {"uv": [11.25, 7.5, 10.5, 7], "texture": "#0"},
				"down": {"uv": [11.25, 7.5, 10.5, 8], "texture": "#0"}
			}
		},
		{
			"from": [6.75, 9.75933, 12.3875],
			"to": [8.15, 10.85933, 13.7875],
			"rotation": {"angle": 0, "axis": "y", "origin": [7.45, 6.41558, 7.5375]},
			"faces": {
				"north": {"uv": [10.5, 8, 11.25, 8.5], "texture": "#0"},
				"east": {"uv": [10.5, 8.5, 11.25, 9], "texture": "#0"},
				"south": {"uv": [10.5, 9, 11.25, 9.5], "texture": "#0"},
				"west": {"uv": [11.25, 8.5, 10.5, 9], "texture": "#0"},
				"up": {"uv": [9.75, 8.25, 9, 7.5], "texture": "#0"},
				"down": {"uv": [8.75, 9, 8, 9.75], "texture": "#0"}
			}
		},
		{
			"from": [6.75, 10.05933, 9.9875],
			"to": [8.15, 10.45933, 12.3875],
			"rotation": {"angle": 0, "axis": "y", "origin": [7.45, 6.41558, 7.5375]},
			"faces": {
				"north": {"uv": [9, 12, 9.75, 12.25], "texture": "#0"},
				"east": {"uv": [10.5, 11, 11.75, 11.25], "texture": "#0"},
				"south": {"uv": [10, 12, 10.75, 12.25], "texture": "#0"},
				"west": {"uv": [11.75, 11, 10.5, 11.25], "texture": "#0"},
				"up": {"uv": [8.75, 2.25, 8, 1], "texture": "#0"},
				"down": {"uv": [8.75, 2.5, 8, 3.75], "texture": "#0"}
			}
		},
		{
			"from": [6.75, 9.15933, 10.3875],
			"to": [8.15, 10.05933, 12.3875],
			"rotation": {"angle": 0, "axis": "y", "origin": [7.45, 6.41558, 7.5375]},
			"faces": {
				"north": {"uv": [10.5, 10, 11.25, 10.5], "texture": "#0"},
				"east": {"uv": [6, 2, 7, 2.5], "texture": "#0"},
				"south": {"uv": [10.5, 10.5, 11.25, 11], "texture": "#0"},
				"west": {"uv": [7, 2, 6, 2.5], "texture": "#0"},
				"up": {"uv": [9.75, 3, 9, 2], "texture": "#0"},
				"down": {"uv": [9.75, 3, 9, 4], "texture": "#0"}
			}
		},
		{
			"from": [6.75, 5.75933, 15.7875],
			"to": [8.15, 10.85933, 17.0875],
			"rotation": {"angle": 0, "axis": "y", "origin": [7.45, 6.41558, 7.5375]},
			"faces": {
				"north": {"uv": [4.5, 3, 5.25, 5.5], "texture": "#0"},
				"east": {"uv": [2, 6.5, 2.625, 9], "texture": "#0"},
				"south": {"uv": [5, 0, 5.75, 2.5], "texture": "#0"},
				"west": {"uv": [2.625, 6.5, 2, 9], "texture": "#0"},
				"up": {"uv": [10.75, 5.625, 10, 5], "texture": "#0"},
				"down": {"uv": [10.75, 6, 10, 6.625], "texture": "#0"}
			}
		},
		{
			"from": [6.75, 9.45933, 17.0875],
			"to": [8.15, 10.45933, 17.4875],
			"rotation": {"angle": 0, "axis": "y", "origin": [7.45, 6.41558, 7.5375]},
			"faces": {
				"north": {"uv": [11, 1, 11.75, 1.5], "texture": "#0"},
				"east": {"uv": [6.5, 12.5, 6.75, 13], "texture": "#0"},
				"south": {"uv": [11, 1.5, 11.75, 2], "texture": "#0"},
				"west": {"uv": [6.75, 12.5, 6.5, 13], "texture": "#0"},
				"up": {"uv": [12.75, 11.25, 12, 11], "texture": "#0"},
				"down": {"uv": [12.75, 11.5, 12, 11.75], "texture": "#0"}
			}
		},
		{
			"from": [6.75, 5.75933, 17.0875],
			"to": [8.15, 6.75933, 17.4875],
			"rotation": {"angle": 0, "axis": "y", "origin": [7.45, 6.41558, 7.5375]},
			"faces": {
				"north": {"uv": [11, 2, 11.75, 2.5], "texture": "#0"},
				"east": {"uv": [12.5, 7, 12.75, 7.5], "texture": "#0"},
				"south": {"uv": [11, 2.5, 11.75, 3], "texture": "#0"},
				"west": {"uv": [12.75, 7, 12.5, 7.5], "texture": "#0"},
				"up": {"uv": [12.75, 12.25, 12, 12], "texture": "#0"},
				"down": {"uv": [0.75, 12.5, 0, 12.75], "texture": "#0"}
			}
		},
		{
			"from": [6.75, 5.45933, 16.1875],
			"to": [8.15, 5.75933, 17.0875],
			"rotation": {"angle": 0, "axis": "y", "origin": [7.45, 6.41558, 7.5375]},
			"faces": {
				"north": {"uv": [8, 13, 8.75, 13.125], "texture": "#0"},
				"east": {"uv": [12, 13, 12.5, 13.125], "texture": "#0"},
				"south": {"uv": [13, 8, 13.75, 8.125], "texture": "#0"},
				"west": {"uv": [12, 13, 12.5, 13.125], "texture": "#0"},
				"up": {"uv": [11.75, 3.5, 11, 3], "texture": "#0"},
				"down": {"uv": [11.75, 3.5, 11, 4], "texture": "#0"}
			}
		},
		{
			"from": [7.05, 4.30933, 10.9875],
			"to": [7.85, 4.70933, 13.0375],
			"rotation": {"angle": 0, "axis": "y", "origin": [7.45, 7.44058, 6.9875]},
			"faces": {
				"north": {"uv": [3.5, 11, 3.875, 11.25], "texture": "#0"},
				"east": {"uv": [9, 5, 10, 5.25], "texture": "#0"},
				"south": {"uv": [4, 11, 4.375, 11.25], "texture": "#0"},
				"west": {"uv": [10, 5, 9, 5.25], "texture": "#0"},
				"up": {"uv": [4.375, 5, 4, 4], "texture": "#0"},
				"down": {"uv": [5.875, 6.5, 5.5, 7.5], "texture": "#0"}
			}
		},
		{
			"from": [7.05, 6.00933, 13.7875],
			"to": [7.85, 6.45933, 16.0375],
			"rotation": {"angle": 0, "axis": "y", "origin": [7.45, 8.54058, 6.6125]},
			"faces": {
				"north": {"uv": [11, 4.5, 11.375, 4.75], "texture": "#0"},
				"east": {"uv": [7.5, 6, 8.625, 6.25], "texture": "#0"},
				"south": {"uv": [0, 11.5, 0.375, 11.75], "texture": "#0"},
				"west": {"uv": [8.625, 6, 7.5, 6.25], "texture": "#0"},
				"up": {"uv": [6.875, 3.625, 6.5, 2.5], "texture": "#0"},
				"down": {"uv": [6.875, 6, 6.5, 7.125], "texture": "#0"}
			}
		},
		{
			"from": [7.05, 5.65933, 12.7875],
			"to": [7.85, 6.00933, 15.0375],
			"rotation": {"angle": 0, "axis": "y", "origin": [7.45, 8.69058, 6.6125]},
			"faces": {
				"north": {"uv": [12.5, 9, 12.875, 9.125], "texture": "#0"},
				"east": {"uv": [6.5, 10.5, 7.625, 10.625], "texture": "#0"},
				"south": {"uv": [9.5, 12.5, 9.875, 12.625], "texture": "#0"},
				"west": {"uv": [7.625, 10.5, 6.5, 10.625], "texture": "#0"},
				"up": {"uv": [7.375, 7.125, 7, 6], "texture": "#0"},
				"down": {"uv": [8.875, 4, 8.5, 5.125], "texture": "#0"}
			}
		},
		{
			"from": [7.05, 5.03433, 13.5375],
			"to": [7.85, 5.35933, 14.0875],
			"rotation": {"angle": 0, "axis": "y", "origin": [7.45, 8.09058, 10.1125]},
			"faces": {
				"north": {"uv": [12.5, 9.5, 12.875, 9.625], "texture": "#0"},
				"east": {"uv": [9.5, 13, 9.75, 13.125], "texture": "#0"},
				"south": {"uv": [10, 12.5, 10.375, 12.625], "texture": "#0"},
				"west": {"uv": [9.75, 13, 9.5, 13.125], "texture": "#0"},
				"up": {"uv": [0.875, 11.75, 0.5, 11.5], "texture": "#0"},
				"down": {"uv": [1.375, 11.5, 1, 11.75], "texture": "#0"}
			}
		},
		{
			"from": [7.05, 6.45933, 14.2875],
			"to": [7.85, 6.70933, 15.2375],
			"rotation": {"angle": 0, "axis": "y", "origin": [7.45, 8.99058, 6.6125]},
			"faces": {
				"north": {"uv": [1.5, 11.5, 1.875, 11.75], "texture": "#0"},
				"east": {"uv": [12, 1, 12.25, 1.25], "texture": "#0"},
				"south": {"uv": [2.5, 11.5, 2.875, 11.75], "texture": "#0"},
				"west": {"uv": [12.25, 1, 12, 1.25], "texture": "#0"},
				"up": {"uv": [3.375, 11.75, 3, 11.5], "texture": "#0"},
				"down": {"uv": [3.875, 11.5, 3.5, 11.75], "texture": "#0"}
			}
		},
		{
			"from": [7.05, 4.70933, 10.4875],
			"to": [7.85, 5.35933, 13.5375],
			"rotation": {"angle": 0, "axis": "y", "origin": [7.45, 8.09058, 7.0625]},
			"faces": {
				"north": {"uv": [9.5, 4.5, 9.875, 4.875], "texture": "#0"},
				"east": {"uv": [0, 2.5, 1.5, 2.875], "texture": "#0"},
				"south": {"uv": [6.5, 9.5, 6.875, 9.875], "texture": "#0"},
				"west": {"uv": [1.5, 2.5, 0, 2.875], "texture": "#0"},
				"up": {"uv": [3.375, 3, 3, 1.5], "texture": "#0"},
				"down": {"uv": [3.875, 1.5, 3.5, 3], "texture": "#0"}
			}
		},
		{
			"from": [7.05, 5.35933, 12.4875],
			"to": [7.85, 5.65933, 14.5375],
			"rotation": {"angle": 0, "axis": "y", "origin": [7.45, 7.99058, 7.0625]},
			"faces": {
				"north": {"uv": [12.5, 10, 12.875, 10.125], "texture": "#0"},
				"east": {"uv": [10.5, 0.5, 11.5, 0.625], "texture": "#0"},
				"south": {"uv": [12.5, 12.5, 12.875, 12.625], "texture": "#0"},
				"west": {"uv": [11.5, 0.5, 10.5, 0.625], "texture": "#0"},
				"up": {"uv": [6.375, 7.5, 6, 6.5], "texture": "#0"},
				"down": {"uv": [9.375, 0.5, 9, 1.5], "texture": "#0"}
			}
		},
		{
			"from": [7.05, 7.70933, 11.9125],
			"to": [7.85, 8.15933, 12.3875],
			"rotation": {"angle": 0, "axis": "y", "origin": [7.45, 6.41558, 7.9375]},
			"faces": {
				"north": {"uv": [5.5, 13, 5.875, 13.25], "texture": "#0"},
				"east": {"uv": [15.26875, 7.00625, 15.50625, 7.23125], "texture": "#0"},
				"south": {"uv": [3.375, 11.75, 3, 11.5], "texture": "#0"},
				"west": {"uv": [15.50625, 7.00625, 15.26875, 7.23125], "texture": "#0"},
				"up": {"uv": [10.375, 9.625, 10, 8.5], "texture": "#0"},
				"down": {"uv": [3.375, 11.75, 3, 11.5], "texture": "#0"}
			}
		},
		{
			"from": [7.05, 7.38433, 10.5125],
			"to": [7.825, 8.08433, 11.9125],
			"rotation": {"angle": 0, "axis": "y", "origin": [7.6, 6.34058, 7.4625]},
			"faces": {
				"north": {"uv": [5.5, 13, 5.875, 13.25], "texture": "#0"},
				"east": {"uv": [15.25938, 6.9125, 15.95938, 7.2625], "texture": "#0"},
				"south": {"uv": [3.375, 11.75, 3, 11.5], "texture": "#0"},
				"west": {"uv": [15.95938, 6.9125, 15.25938, 7.2625], "texture": "#0"},
				"up": {"uv": [10.375, 9.625, 10, 8.5], "texture": "#0"},
				"down": {"uv": [3.375, 11.75, 3, 11.5], "texture": "#0"}
			}
		},
		{
			"from": [7.05, 7.45933, 14.3875],
			"to": [7.85, 8.05933, 15.2125],
			"rotation": {"angle": 0, "axis": "y", "origin": [7.45, 6.41558, 8.0875]},
			"faces": {
				"north": {"uv": [3.5, 13, 3.875, 13.25], "texture": "#0"},
				"east": {"uv": [15.5875, 7.375, 16, 7.6125], "texture": "#0"},
				"south": {"uv": [13, 5, 13.375, 5.25], "texture": "#0"},
				"west": {"uv": [16, 7.375, 15.5875, 7.6125], "texture": "#0"},
				"up": {"uv": [3.375, 7.5, 3, 6.5], "texture": "#0"},
				"down": {"uv": [10.875, 1, 10.5, 2], "texture": "#0"}
			}
		},
		{
			"from": [7.05, 8.05933, 12.3875],
			"to": [7.85, 8.45933, 14.7875],
			"rotation": {"angle": 0, "axis": "y", "origin": [7.45, 6.41558, 7.5375]},
			"faces": {
				"north": {"uv": [5.5, 13, 5.875, 13.25], "texture": "#0"},
				"east": {"uv": [14.875, 7.6625, 16, 7.8625], "texture": "#0"},
				"south": {"uv": [13, 5.5, 13.375, 5.75], "texture": "#0"},
				"west": {"uv": [16, 7.6625, 14.875, 7.8625], "texture": "#0"},
				"up": {"uv": [10.375, 9.625, 10, 8.5], "texture": "#0"},
				"down": {"uv": [3.375, 11.75, 3, 11.5], "texture": "#0"}
			}
		}
	],
	"display": {
		"thirdperson_righthand": {
			"rotation": [67.5, 0, 0],
			"translation": [-1.25, 3.5, 1.75]
		},
		"thirdperson_lefthand": {
			"rotation": [67.5, 0, 0],
			"translation": [-1.25, 3.5, 1.75]
		},
		"firstperson_righthand": {
			"translation": [-1.5, -0.75, -6.5],
			"scale": [2, 2, 2]
		},
		"firstperson_lefthand": {
			"translation": [-3.75, -0.75, -6.5],
			"scale": [2, 2, 2]
		},
		"ground": {
			"translation": [0, 1.5, 0]
		},
		"gui": {
			"rotation": [163.34, -47.42, -178.07],
			"translation": [-1, -0.25, 0],
			"scale": [0.85, 0.85, 0.85]
		},
		"fixed": {
			"rotation": [0, 90, 0],
			"translation": [0, 0, -1.75],
			"scale": [2, 2, 2]
		}
	},
	"groups": [
		{
			"name": "abominator",
			"origin": [6.93553, 7.94161, 7.54189],
			"color": 0,
			"children": [
				{
					"name": "barrel",
					"origin": [7.45, 9.75933, -9.0875],
					"color": 1,
					"children": [0]
				},
				{
					"name": "body",
					"origin": [7.45, 8.38433, 0.4125],
					"color": 0,
					"children": [1, 2, 3, 4, 5, 6, 7]
				},
				{
					"name": "trigger_guard",
					"origin": [7.45, 7.33433, 0.7875],
					"color": 0,
					"children": [8, 9, 10]
				},
				{
					"name": "handle",
					"origin": [7.45, 7.98433, 0.4125],
					"color": 8,
					"children": [11, 12, 13, 14, 15, 16]
				},
				{
					"name": "iron_sight",
					"origin": [7.45, 10.39058, 7.0625],
					"color": 0,
					"children": [17, 18]
				},
				{
					"name": "rail",
					"origin": [7.11545, 6.92589, 1.85576],
					"color": 0,
					"children": [19, 20, 21, 22, 23, 24, 25]
				},
				{
					"name": "iron_sight_front",
					"origin": [7.45, 6.57192, 7.7625],
					"color": 0,
					"children": [26, 27, 28, 29]
				},
				{
					"name": "mag",
					"origin": [7.45, 8.09058, 8.5875],
					"color": 0,
					"children": [30, 31, 32, 33, 34, 35]
				},
				{
					"name": "stock",
					"origin": [7.23553, 6.42295, 8.24188],
					"color": 0,
					"children": [
						{
							"name": "stock_in",
							"origin": [7.75, 6.76567, 1.6125],
							"color": 0,
							"children": [36, 37, 38, 39, 40]
						},
						{
							"name": "stock_cover",
							"origin": [7.23553, 6.42295, 8.24188],
							"color": 9,
							"children": [41, 42, 43, 44, 45, 46, 47, 48, 49, 50, 51]
						},
						{
							"name": "handle_connector",
							"origin": [7.45, 8.99058, 6.6125],
							"color": 0,
							"children": [52, 53, 54, 55, 56, 57, 58, 59, 60, 61, 62]
						}
					]
				}
			]
		}
	]
}