{
	"credit": "Made with Blockbench",
	"textures": {
		"1": "aoa3:item/abyssro_mag",
		"2": "aoa3:item/abyssro",
		"3": "aoa3:item/eyeball",
		"particle": "aoa3:item/abyssro"
	},
	"elements": [
		{
			"from": [7.96876, 10.72571, -3.25926],
			"to": [8.06876, 11.18971, -1.78726],
			"rotation": {"angle": 0, "axis": "y", "origin": [8, 8, 8]},
			"faces": {
				"north": {"uv": [10.25, 2.75, 10.3125, 2.875], "texture": "#2"},
				"east": {"uv": [10.125, 8, 9.75, 8.125], "texture": "#2"},
				"south": {"uv": [3, 10.25, 3.0625, 10.375], "texture": "#2"},
				"west": {"uv": [9.75, 8, 10.125, 8.125], "texture": "#2"},
				"up": {"uv": [10.0625, 4.375, 10, 4], "texture": "#2"},
				"down": {"uv": [4.3125, 10, 4.25, 10.375], "texture": "#2"}
			}
		},
		{
			"from": [7.96876, 11.18971, -3.26226],
			"to": [8.06876, 11.55371, -2.79026],
			"rotation": {"angle": 0, "axis": "y", "origin": [8, 8, 8]},
			"faces": {
				"north": {"uv": [10.25, 6, 10.3125, 6.0625], "texture": "#2"},
				"east": {"uv": [3.625, 10.25, 3.5, 10.3125], "texture": "#2"},
				"south": {"uv": [6.25, 10.25, 6.3125, 10.3125], "texture": "#2"},
				"west": {"uv": [3.5, 10.25, 3.625, 10.3125], "texture": "#2"},
				"up": {"uv": [10.3125, 3.625, 10.25, 3.5], "texture": "#2"},
				"down": {"uv": [3.8125, 10.25, 3.75, 10.375], "texture": "#2"}
			}
		},
		{
			"from": [7.15808, 8.94078, 8.93076],
			"to": [8.83808, 9.83078, 11.87076],
			"rotation": {"angle": 0, "axis": "y", "origin": [8, 8, 8]},
			"faces": {
				"north": {"uv": [9.5, 7, 9.9375, 7.25], "texture": "#2"},
				"east": {"uv": [10, 9, 9.25, 9.25], "texture": "#2"},
				"south": {"uv": [10.32187, 8.70313, 10.74187, 8.92563], "texture": "#2"},
				"west": {"uv": [9.25, 9, 10, 9.25], "texture": "#2"},
				"up": {"uv": [8.575, 11.1875, 9.31, 11.6075], "rotation": 90, "texture": "#2"},
				"down": {"uv": [4.6625, 2.81875, 2.5, 2.875], "rotation": 90, "texture": "#2"}
			}
		},
		{
			"from": [7.75808, 10.23078, 12.51576],
			"to": [8.13808, 10.57078, 13.30576],
			"rotation": {"angle": 0, "axis": "y", "origin": [8, 8, 8]},
			"faces": {
				"north": {"uv": [2.25, 10.25, 2.4375, 10.3125], "texture": "#2"},
				"east": {"uv": [2.25, 10.25, 2.4375, 10.3125], "texture": "#2"},
				"south": {"uv": [2.25, 10.25, 2.4375, 10.3125], "texture": "#2"},
				"west": {"uv": [2.25, 10.25, 2.4375, 10.3125], "texture": "#2"},
				"up": {"uv": [2.25, 10.25, 2.4375, 10.3125], "texture": "#2"},
				"down": {"uv": [2.25, 10.25, 2.4375, 10.3125], "texture": "#2"}
			}
		},
		{
			"from": [7.75808, 10.57078, 12.96576],
			"to": [8.13808, 10.86078, 13.30576],
			"rotation": {"angle": 0, "axis": "y", "origin": [8, 8, 8]},
			"faces": {
				"north": {"uv": [6.5, 10.25, 6.5625, 10.3125], "texture": "#2"},
				"east": {"uv": [6.5, 10.25, 6.5625, 10.3125], "texture": "#2"},
				"south": {"uv": [6.5, 10.25, 6.5625, 10.3125], "texture": "#2"},
				"west": {"uv": [6.5, 10.25, 6.5625, 10.3125], "texture": "#2"},
				"up": {"uv": [6.5, 10.25, 6.5625, 10.3125], "texture": "#2"},
				"down": {"uv": [6.5, 10.25, 6.5625, 10.3125], "texture": "#2"}
			}
		},
		{
			"from": [7.75808, 8.32578, 9.47576],
			"to": [8.23808, 8.61578, 9.91576],
			"rotation": {"angle": 0, "axis": "y", "origin": [8, 8, 8]},
			"faces": {
				"north": {"uv": [10.25, 5, 10.375, 5.0625], "texture": "#2"},
				"east": {"uv": [10.25, 5, 10.375, 5.0625], "texture": "#2"},
				"south": {"uv": [10.25, 5, 10.375, 5.0625], "texture": "#2"},
				"west": {"uv": [10.25, 5, 10.375, 5.0625], "texture": "#2"},
				"up": {"uv": [10.25, 5.0625, 10.375, 5], "texture": "#2"},
				"down": {"uv": [10.25, 5, 10.375, 5.0625], "texture": "#2"}
			}
		},
		{
			"from": [7.75808, 8.32578, 9.91576],
			"to": [8.23808, 9.06578, 10.20576],
			"rotation": {"angle": 0, "axis": "y", "origin": [8, 8, 8]},
			"faces": {
				"north": {"uv": [2.5, 10.25, 2.5625, 10.4375], "texture": "#2"},
				"east": {"uv": [2.5, 10.25, 2.5625, 10.4375], "texture": "#2"},
				"south": {"uv": [2.5, 10.25, 2.5625, 10.4375], "texture": "#2"},
				"west": {"uv": [2.5, 10.25, 2.5625, 10.4375], "texture": "#2"},
				"up": {"uv": [2.5, 10.25, 2.5625, 10.4375], "texture": "#2"},
				"down": {"uv": [10.25, 5, 10.375, 5.0625], "texture": "#2"}
			}
		},
		{
			"from": [7.45808, 8.63078, 7.89076],
			"to": [8.53808, 9.12078, 9.23076],
			"rotation": {"angle": 0, "axis": "y", "origin": [8, 8, 8]},
			"faces": {
				"north": {"uv": [10, 3, 10.25, 3.125], "texture": "#2"},
				"east": {"uv": [8.8125, 9.75, 8.5, 9.875], "texture": "#2"},
				"south": {"uv": [3.25, 10, 3.5, 10.125], "texture": "#2"},
				"west": {"uv": [8.5, 9.75, 8.8125, 9.875], "texture": "#2"},
				"up": {"uv": [0.25, 10.0625, 0, 9.75], "texture": "#2"},
				"down": {"uv": [2.5, 9.75, 2.25, 10.0625], "texture": "#2"}
			}
		},
		{
			"from": [7.45808, 8.14078, 8.89076],
			"to": [8.53808, 8.63078, 9.23076],
			"rotation": {"angle": 0, "axis": "y", "origin": [8, 8, 8]},
			"faces": {
				"north": {"uv": [5.75, 10.25, 5.8125, 10.375], "texture": "#2"},
				"east": {"uv": [5.75, 10.25, 5.8125, 10.375], "texture": "#2"},
				"south": {"uv": [5.75, 10.25, 5.8125, 10.375], "texture": "#2"},
				"west": {"uv": [5.75, 10.25, 5.8125, 10.375], "texture": "#2"},
				"up": {"uv": [5.75, 10.25, 5.8125, 10.375], "texture": "#2"},
				"down": {"uv": [5.75, 10.25, 5.8125, 10.375], "texture": "#2"}
			}
		},
		{
			"from": [7.45808, 7.85078, 8.89076],
			"to": [8.53808, 8.14078, 10.43076],
			"rotation": {"angle": 0, "axis": "y", "origin": [8, 8, 8]},
			"faces": {
				"north": {"uv": [10, 5.25, 10.375, 5.3125], "texture": "#2"},
				"east": {"uv": [10.385, 5.25, 10, 5.3225], "texture": "#2"},
				"south": {"uv": [7.5, 10, 7.75, 10.0625], "texture": "#2"},
				"west": {"uv": [10, 5.25, 10.375, 5.3125], "texture": "#2"},
				"up": {"uv": [13.66844, 8.14375, 13.39844, 8.52875], "texture": "#2"},
				"down": {"uv": [13.66844, 8.14375, 13.39844, 8.52875], "texture": "#2"}
			}
		},
		{
			"from": [7.75808, 10.57078, 13.30576],
			"to": [8.13808, 11.26078, 13.64576],
			"rotation": {"angle": 0, "axis": "y", "origin": [8, 8, 8]},
			"faces": {
				"north": {"uv": [2.75, 10.25, 2.8125, 10.4375], "texture": "#2"},
				"east": {"uv": [2.75, 10.25, 2.8125, 10.4375], "texture": "#2"},
				"south": {"uv": [2.75, 10.25, 2.8125, 10.4375], "texture": "#2"},
				"west": {"uv": [2.75, 10.25, 2.8125, 10.4375], "texture": "#2"},
				"up": {"uv": [6.5, 10.25, 6.5625, 10.3125], "texture": "#2"},
				"down": {"uv": [2.75, 10.25, 2.8125, 10.4375], "texture": "#2"}
			}
		},
		{
			"from": [7.15808, 9.83078, 9.43076],
			"to": [8.83808, 10.82078, 11.37076],
			"rotation": {"angle": 0, "axis": "y", "origin": [8, 8, 8]},
			"faces": {
				"north": {"uv": [7.75, 9.5, 8.1875, 9.75], "texture": "#2"},
				"east": {"uv": [10, 6.25, 9.5, 6.5], "texture": "#2"},
				"south": {"uv": [10.125, 10.8125, 10.5625, 11.0625], "texture": "#2"},
				"west": {"uv": [9.5, 6.25, 10, 6.5], "texture": "#2"},
				"up": {"uv": [12.81563, 4.94688, 13.30063, 5.36688], "rotation": 90, "texture": "#2"},
				"down": {"uv": [9.4375, 5, 9, 5.5], "texture": "#2"}
			}
		},
		{
			"from": [7.30808, 9.83078, 11.37076],
			"to": [8.68808, 10.82078, 12.61076],
			"rotation": {"angle": 0, "axis": "y", "origin": [8, 8, 8]},
			"faces": {
				"north": {"uv": [8.75, 9.5, 9.125, 9.75], "texture": "#2"},
				"east": {"uv": [10.0625, 7.25, 9.75, 7.5], "texture": "#2"},
				"south": {"uv": [7.5, 10.5625, 7.9375, 10.8125], "texture": "#2"},
				"west": {"uv": [9.75, 7.25, 10.0625, 7.5], "texture": "#2"},
				"up": {"uv": [12.4375, 4.57813, 12.7475, 4.92313], "rotation": 90, "texture": "#2"},
				"down": {"uv": [10.32187, 8.70313, 10.74187, 8.92563], "texture": "#2"}
			}
		},
		{
			"from": [7.15808, 8.04078, 5.59076],
			"to": [8.83808, 9.83078, 8.93076],
			"rotation": {"angle": 0, "axis": "y", "origin": [8, 8, 8]},
			"faces": {
				"north": {"uv": [9.25, 1.5, 9.6875, 1.9375], "texture": "#2"},
				"east": {"uv": [4.8125, 5.75, 4, 6.1875], "texture": "#2"},
				"south": {"uv": [9.25, 2, 9.6875, 2.4375], "texture": "#2"},
				"west": {"uv": [4, 5.75, 4.8125, 6.1875], "texture": "#2"},
				"up": {"uv": [3.40312, 4.5625, 4.23812, 4.9825], "rotation": 90, "texture": "#2"},
				"down": {"uv": [0.4375, 6, 0, 6.8125], "texture": "#2"}
			}
		},
		{
			"from": [7.15808, 3.67079, 17.11576],
			"to": [8.83808, 5.18579, 19.38076],
			"rotation": {"angle": 0, "axis": "y", "origin": [8, 8, 8]},
			"faces": {
				"north": {"uv": [9.25, 9.25, 9.6875, 9.625], "texture": "#2"},
				"east": {"uv": [9.8125, 1, 9.25, 1.375], "texture": "#2"},
				"south": {"uv": [9.5, 2.5, 9.9375, 2.875], "texture": "#2"},
				"west": {"uv": [9.25, 1, 9.8125, 1.375], "texture": "#2"},
				"up": {"uv": [8.6875, 9.3125, 8.25, 8.75], "texture": "#2"},
				"down": {"uv": [9.1875, 8.75, 8.75, 9.3125], "texture": "#2"}
			}
		},
		{
			"from": [7.15808, 5.18578, 15.62576],
			"to": [8.83808, 8.22578, 17.89076],
			"rotation": {"angle": 0, "axis": "y", "origin": [8, 8, 8]},
			"faces": {
				"north": {"uv": [7, 7.25, 7.4375, 8], "texture": "#2"},
				"east": {"uv": [5.3125, 5, 4.75, 5.75], "texture": "#2"},
				"south": {"uv": [1.5, 7.5, 1.9375, 8.25], "texture": "#2"},
				"west": {"uv": [4.75, 5, 5.3125, 5.75], "texture": "#2"},
				"up": {"uv": [3.4375, 9.5625, 3, 9], "texture": "#2"},
				"down": {"uv": [9.4375, 3.5, 9, 4.0625], "texture": "#2"}
			}
		},
		{
			"from": [7.15808, 5.95078, 14.13576],
			"to": [8.83808, 8.94078, 15.62576],
			"rotation": {"angle": 0, "axis": "y", "origin": [8, 8, 8]},
			"faces": {
				"north": {"uv": [7.5, 1.5, 7.9375, 2.25], "texture": "#2"},
				"east": {"uv": [2.375, 8, 2, 8.75], "texture": "#2"},
				"south": {"uv": [7.5, 6.5, 7.9375, 7.25], "texture": "#2"},
				"west": {"uv": [2, 8, 2.375, 8.75], "texture": "#2"},
				"up": {"uv": [3.9375, 9.875, 3.5, 9.5], "texture": "#2"},
				"down": {"uv": [9.9375, 3.5, 9.5, 3.875], "texture": "#2"}
			}
		},
		{
			"from": [7.15808, 4.47079, 16.37576],
			"to": [8.83808, 5.18579, 17.11576],
			"rotation": {"angle": 0, "axis": "y", "origin": [8, 8, 8]},
			"faces": {
				"north": {"uv": [9.75, 1.5, 10.1875, 1.6875], "texture": "#2"},
				"east": {"uv": [9.6875, 9.75, 9.5, 9.9375], "texture": "#2"},
				"south": {"uv": [9.75, 1.75, 10.1875, 1.9375], "texture": "#2"},
				"west": {"uv": [9.5, 9.75, 9.6875, 9.9375], "texture": "#2"},
				"up": {"uv": [10.1875, 2.1875, 9.75, 2], "texture": "#2"},
				"down": {"uv": [10.1875, 2.25, 9.75, 2.4375], "texture": "#2"}
			}
		},
		{
			"from": [7.15808, 8.22578, 15.62576],
			"to": [8.83808, 8.94078, 16.36576],
			"rotation": {"angle": 0, "axis": "y", "origin": [8, 8, 8]},
			"faces": {
				"north": {"uv": [3, 9.75, 3.4375, 9.9375], "texture": "#2"},
				"east": {"uv": [9.9375, 9.75, 9.75, 9.9375], "texture": "#2"},
				"south": {"uv": [4, 9.75, 4.4375, 9.9375], "texture": "#2"},
				"west": {"uv": [9.75, 9.75, 9.9375, 9.9375], "texture": "#2"},
				"up": {"uv": [4.9375, 9.9375, 4.5, 9.75], "texture": "#2"},
				"down": {"uv": [6.4375, 9.75, 6, 9.9375], "texture": "#2"}
			}
		},
		{
			"from": [7.15808, 6.70078, 11.87076],
			"to": [8.83808, 8.94078, 14.13576],
			"rotation": {"angle": 0, "axis": "y", "origin": [8, 8, 8]},
			"faces": {
				"north": {"uv": [4, 9, 4.4375, 9.5625], "texture": "#2"},
				"east": {"uv": [8.5625, 1.5, 8, 2.0625], "texture": "#2"},
				"south": {"uv": [9, 4.25, 9.4375, 4.8125], "texture": "#2"},
				"west": {"uv": [8, 1.5, 8.5625, 2.0625], "texture": "#2"},
				"up": {"uv": [4.9375, 9.5625, 4.5, 9], "texture": "#2"},
				"down": {"uv": [0.9375, 9.25, 0.5, 9.8125], "texture": "#2"}
			}
		},
		{
			"from": [7.15808, 7.50078, 10.40576],
			"to": [8.83808, 8.94078, 11.87076],
			"rotation": {"angle": 0, "axis": "y", "origin": [8, 8, 8]},
			"faces": {
				"north": {"uv": [9.5, 4, 9.9375, 4.375], "texture": "#2"},
				"east": {"uv": [9.875, 5.5, 9.5, 5.875], "texture": "#2"},
				"south": {"uv": [9.5, 4.5, 9.9375, 4.875], "texture": "#2"},
				"west": {"uv": [9.5, 5.5, 9.875, 5.875], "texture": "#2"},
				"up": {"uv": [4.9375, 9.375, 4.5, 9.5625], "texture": "#2"},
				"down": {"uv": [9.9375, 5, 9.5, 5.375], "texture": "#2"}
			}
		},
		{
			"from": [6.38291, 8.39726, -1.71386],
			"to": [7.09747, 9.11182, 3.89966],
			"rotation": {"angle": -45, "axis": "z", "origin": [8, 8, 8]},
			"faces": {
				"north": {"uv": [9.125, 2.5, 9.375, 2.6875], "texture": "#2"},
				"east": {"uv": [7.5, 2.25, 8.875, 2.4375], "texture": "#2"},
				"south": {"uv": [9.1875, 2.5, 9.375, 2.6875], "rotation": 180, "texture": "#2"},
				"west": {"uv": [8, 2.5, 9.375, 2.6875], "texture": "#2"},
				"up": {"uv": [0.4375, 8.375, 0.25, 7], "texture": "#2"},
				"down": {"uv": [7.1875, 8, 7, 9.375], "texture": "#2"}
			}
		},
		{
			"from": [7.13745, 8.70981, -1.7078],
			"to": [7.85201, 9.42437, 3.90572],
			"rotation": {"angle": 0, "axis": "y", "origin": [8, 8, 8]},
			"faces": {
				"north": {"uv": [9.125, 2.5, 9.375, 2.6875], "texture": "#2"},
				"east": {"uv": [8, 2.75, 9.375, 2.9375], "texture": "#2"},
				"south": {"uv": [9.1875, 2.5, 9.375, 2.6875], "rotation": 180, "texture": "#2"},
				"west": {"uv": [8, 6.5, 9.375, 6.6875], "texture": "#2"},
				"up": {"uv": [7.4375, 9.375, 7.25, 8], "texture": "#2"},
				"down": {"uv": [7.6875, 8, 7.5, 9.375], "texture": "#2"}
			}
		},
		{
			"from": [7.892, 8.39726, -1.70782],
			"to": [8.60656, 9.11182, 3.9057],
			"rotation": {"angle": 45, "axis": "z", "origin": [8, 8, 8]},
			"faces": {
				"north": {"uv": [9.125, 2.5, 9.375, 2.6875], "texture": "#2"},
				"east": {"uv": [8, 6.75, 9.375, 6.9375], "texture": "#2"},
				"south": {"uv": [9.1875, 2.5, 9.375, 2.6875], "rotation": 180, "texture": "#2"},
				"west": {"uv": [8, 7, 9.375, 7.1875], "texture": "#2"},
				"up": {"uv": [7.9375, 9.375, 7.75, 8], "texture": "#2"},
				"down": {"uv": [8.1875, 8, 8, 9.375], "texture": "#2"}
			}
		},
		{
			"from": [7.64272, 8.20453, -1.7076],
			"to": [8.35728, 8.91909, 3.90592],
			"rotation": {"angle": 0, "axis": "y", "origin": [8, 8, 8]},
			"faces": {
				"north": {"uv": [9.125, 2.5, 9.375, 2.6875], "rotation": 90, "texture": "#2"},
				"east": {"uv": [8.25, 7.25, 9.625, 7.4375], "texture": "#2"},
				"south": {"uv": [9.125, 2.5, 9.375, 2.6875], "rotation": 90, "texture": "#2"},
				"west": {"uv": [8.25, 7.5, 9.625, 7.6875], "texture": "#2"},
				"up": {"uv": [1.6875, 9.625, 1.5, 8.25], "texture": "#2"},
				"down": {"uv": [1.9375, 8.25, 1.75, 9.625], "texture": "#2"}
			}
		},
		{
			"from": [7.39344, 8.39727, -1.71782],
			"to": [8.108, 9.11183, 3.8957],
			"rotation": {"angle": -45, "axis": "z", "origin": [8, 8, 8]},
			"faces": {
				"north": {"uv": [9.1875, 2.5, 9.375, 2.6875], "rotation": 180, "texture": "#2"},
				"east": {"uv": [9.375, 7, 8, 7.1875], "texture": "#2"},
				"south": {"uv": [9.125, 2.5, 9.375, 2.6875], "texture": "#2"},
				"west": {"uv": [8.25, 8, 9.625, 8.1875], "texture": "#2"},
				"up": {"uv": [6.4375, 9.625, 6.25, 8.25], "texture": "#2"},
				"down": {"uv": [6.6875, 8.25, 6.5, 9.625], "texture": "#2"}
			}
		},
		{
			"from": [8.14799, 8.70981, -1.70764],
			"to": [8.86255, 9.42437, 3.90588],
			"rotation": {"angle": 0, "axis": "y", "origin": [8, 8, 8]},
			"faces": {
				"north": {"uv": [9.1875, 2.5, 9.375, 2.6875], "rotation": 180, "texture": "#2"},
				"east": {"uv": [9.375, 6.5, 8, 6.6875], "texture": "#2"},
				"south": {"uv": [9.125, 2.5, 9.375, 2.6875], "texture": "#2"},
				"west": {"uv": [8.5, 3, 9.875, 3.1875], "texture": "#2"},
				"up": {"uv": [0.4375, 9.875, 0.25, 8.5], "texture": "#2"},
				"down": {"uv": [1.1875, 8.5, 1, 9.875], "texture": "#2"}
			}
		},
		{
			"from": [8.90254, 8.39727, -1.70782],
			"to": [9.6171, 9.11183, 3.9057],
			"rotation": {"angle": 45, "axis": "z", "origin": [8, 8, 8]},
			"faces": {
				"north": {"uv": [9.1875, 2.5, 9.375, 2.6875], "rotation": 180, "texture": "#2"},
				"east": {"uv": [9.375, 2.5, 8, 2.6875], "texture": "#2"},
				"south": {"uv": [9.125, 2.5, 9.375, 2.6875], "texture": "#2"},
				"west": {"uv": [8.25, 8.5, 9.625, 8.6875], "texture": "#2"},
				"up": {"uv": [1.4375, 9.875, 1.25, 8.5], "texture": "#2"},
				"down": {"uv": [2.6875, 8.5, 2.5, 9.875], "texture": "#2"}
			}
		},
		{
			"from": [7.64272, 9.21508, -1.7076],
			"to": [8.35728, 9.92964, 3.90592],
			"rotation": {"angle": 0, "axis": "y", "origin": [8, 8, 8]},
			"faces": {
				"north": {"uv": [9.1875, 2.5, 9.375, 2.6875], "rotation": 270, "texture": "#2"},
				"east": {"uv": [8.75, 0.5, 10.125, 0.6875], "texture": "#2"},
				"south": {"uv": [9.1875, 2.5, 9.375, 2.6875], "rotation": 270, "texture": "#2"},
				"west": {"uv": [8.75, 0.75, 10.125, 0.9375], "texture": "#2"},
				"up": {"uv": [2.9375, 9.875, 2.75, 8.5], "texture": "#2"},
				"down": {"uv": [2.1875, 8.75, 2, 10.125], "texture": "#2"}
			}
		},
		{
			"from": [7.473, 10.82078, 10.53376],
			"to": [7.721, 11.22378, 11.37076],
			"shade": false,
			"rotation": {"angle": 0, "axis": "y", "origin": [8, 8, 8]},
			"faces": {
				"north": {"uv": [15.938, 14.29075, 16, 14.3915], "texture": "#2"},
				"east": {"uv": [8.14725, 15.79075, 7.938, 15.8915], "texture": "#2"},
				"south": {"uv": [14.688, 15.79075, 14.75, 15.8915], "texture": "#2"},
				"west": {"uv": [7.938, 15.79075, 8.14725, 15.8915], "texture": "#2"},
				"up": {"uv": [16, 8, 15.938, 7.79075], "texture": "#2"},
				"down": {"uv": [8.25, 15.79075, 8.188, 16], "texture": "#2"}
			}
		},
		{
			"from": [8.279, 10.82078, 10.53376],
			"to": [8.527, 11.22378, 11.37076],
			"shade": false,
			"rotation": {"angle": 0, "axis": "y", "origin": [8, 8, 8]},
			"faces": {
				"north": {"uv": [15.938, 14.54075, 16, 14.6415], "texture": "#2"},
				"east": {"uv": [8.14725, 15.79075, 7.938, 15.8915], "texture": "#2"},
				"south": {"uv": [14.938, 15.79075, 15, 15.8915], "texture": "#2"},
				"west": {"uv": [7.938, 15.79075, 8.14725, 15.8915], "texture": "#2"},
				"up": {"uv": [16, 8.5, 15.938, 8.29075], "texture": "#2"},
				"down": {"uv": [8.75, 15.79075, 8.688, 16], "texture": "#2"}
			}
		},
		{
			"from": [8.279, 10.82078, 10.00676],
			"to": [8.527, 11.53378, 10.53376],
			"shade": false,
			"rotation": {"angle": 0, "axis": "y", "origin": [8, 8, 8]},
			"faces": {
				"north": {"uv": [15.938, 10.79075, 16, 10.969], "texture": "#2"},
				"east": {"uv": [15.81975, 14.29075, 15.688, 14.469], "texture": "#2"},
				"south": {"uv": [11.188, 15.79075, 11.25, 15.969], "texture": "#2"},
				"west": {"uv": [15.688, 14.29075, 15.81975, 14.469], "texture": "#2"},
				"up": {"uv": [16, 11.1725, 15.938, 11.04075], "texture": "#2"},
				"down": {"uv": [11.5, 15.79075, 11.438, 15.9225], "texture": "#2"}
			}
		},
		{
			"from": [7.473, 10.82078, 10.00676],
			"to": [7.721, 11.53378, 10.53376],
			"shade": false,
			"rotation": {"angle": 0, "axis": "y", "origin": [8, 8, 8]},
			"faces": {
				"north": {"uv": [15.938, 11.29075, 16, 11.469], "texture": "#2"},
				"east": {"uv": [15.81975, 14.29075, 15.688, 14.469], "texture": "#2"},
				"south": {"uv": [11.688, 15.79075, 11.75, 15.969], "texture": "#2"},
				"west": {"uv": [15.688, 14.29075, 15.81975, 14.469], "texture": "#2"},
				"up": {"uv": [16, 11.6725, 15.938, 11.54075], "texture": "#2"},
				"down": {"uv": [12, 15.79075, 11.938, 15.9225], "texture": "#2"}
			}
		},
		{
			"from": [6.70123, 8.50776, -1.87919],
			"to": [7.16523, 8.97176, 8.90881],
			"rotation": {"angle": -45, "axis": "z", "origin": [8, 8, 8]},
			"faces": {
				"north": {"uv": [10, 10, 10.125, 10.125], "texture": "#2"},
				"east": {"uv": [6, 0.5, 8.6875, 0.625], "texture": "#2"},
				"south": {"uv": [0, 10.25, 0.125, 10.375], "texture": "#2"},
				"west": {"uv": [6, 0.75, 8.6875, 0.875], "texture": "#2"},
				"up": {"uv": [6.125, 6.6875, 6, 4], "texture": "#2"},
				"down": {"uv": [5.625, 6, 5.5, 8.6875], "texture": "#2"}
			}
		},
		{
			"from": [7.44067, 8.81342, -1.87522],
			"to": [7.90467, 9.27742, 8.91278],
			"rotation": {"angle": 0, "axis": "y", "origin": [8, 8, 8]},
			"faces": {
				"north": {"uv": [10.25, 0, 10.375, 0.125], "texture": "#2"},
				"east": {"uv": [6.25, 4, 8.9375, 4.125], "texture": "#2"},
				"south": {"uv": [0.25, 10.25, 0.375, 10.375], "texture": "#2"},
				"west": {"uv": [6.25, 4.25, 8.9375, 4.375], "texture": "#2"},
				"up": {"uv": [5.875, 8.6875, 5.75, 6], "texture": "#2"},
				"down": {"uv": [4.125, 6.25, 4, 8.9375], "texture": "#2"}
			}
		},
		{
			"from": [8.17967, 8.50668, -1.87632],
			"to": [8.64367, 8.97068, 8.91168],
			"rotation": {"angle": 45, "axis": "z", "origin": [8, 8, 8]},
			"faces": {
				"north": {"uv": [10.25, 0.25, 10.375, 0.375], "texture": "#2"},
				"east": {"uv": [6.25, 4.5, 8.9375, 4.625], "texture": "#2"},
				"south": {"uv": [0.5, 10.25, 0.625, 10.375], "texture": "#2"},
				"west": {"uv": [6.25, 4.75, 8.9375, 4.875], "texture": "#2"},
				"up": {"uv": [4.375, 8.9375, 4.25, 6.25], "texture": "#2"},
				"down": {"uv": [4.625, 6.25, 4.5, 8.9375], "texture": "#2"}
			}
		},
		{
			"from": [7.76876, 8.48531, -1.87513],
			"to": [8.23276, 9.04931, 8.91287],
			"rotation": {"angle": 0, "axis": "y", "origin": [8, 8, 8]},
			"faces": {
				"north": {"uv": [10.25, 0.5, 10.375, 0.625], "texture": "#2"},
				"east": {"uv": [6.25, 5, 8.9375, 5.125], "texture": "#2"},
				"south": {"uv": [0.75, 10.25, 0.875, 10.375], "texture": "#2"},
				"west": {"uv": [6.25, 5.25, 8.9375, 5.375], "texture": "#2"},
				"up": {"uv": [4.875, 8.9375, 4.75, 6.25], "texture": "#2"},
				"down": {"uv": [4.6625, 2.81875, 2.5, 2.875], "rotation": 90, "texture": "#2"}
			}
		},
		{
			"from": [7.35742, 8.50776, -1.88176],
			"to": [7.82142, 8.97176, 8.90624],
			"rotation": {"angle": -45, "axis": "z", "origin": [8, 8, 8]},
			"faces": {
				"north": {"uv": [10.25, 0.75, 10.375, 0.875], "texture": "#2"},
				"east": {"uv": [8.9375, 4.75, 6.25, 4.875], "texture": "#2"},
				"south": {"uv": [1, 10.25, 1.125, 10.375], "texture": "#2"},
				"west": {"uv": [6.5, 0.25, 9.1875, 0.375], "texture": "#2"},
				"up": {"uv": [0.625, 9.1875, 0.5, 6.5], "texture": "#2"},
				"down": {"uv": [0.875, 6.5, 0.75, 9.1875], "texture": "#2"}
			}
		},
		{
			"from": [8.09687, 8.81341, -1.87522],
			"to": [8.56087, 9.27741, 8.91278],
			"rotation": {"angle": 0, "axis": "y", "origin": [8, 8, 8]},
			"faces": {
				"north": {"uv": [10.25, 1, 10.375, 1.125], "texture": "#2"},
				"east": {"uv": [8.9375, 4.25, 6.25, 4.375], "texture": "#2"},
				"south": {"uv": [1.25, 10.25, 1.375, 10.375], "texture": "#2"},
				"west": {"uv": [6.5, 1.25, 9.1875, 1.375], "texture": "#2"},
				"up": {"uv": [6.625, 8.1875, 6.5, 5.5], "texture": "#2"},
				"down": {"uv": [5.125, 6.75, 5, 9.4375], "texture": "#2"}
			}
		},
		{
			"from": [8.83586, 8.50669, -1.87632],
			"to": [9.29986, 8.97069, 8.91168],
			"rotation": {"angle": 45, "axis": "z", "origin": [8, 8, 8]},
			"faces": {
				"north": {"uv": [10.25, 1.25, 10.375, 1.375], "texture": "#2"},
				"east": {"uv": [8.6875, 0.75, 6, 0.875], "texture": "#2"},
				"south": {"uv": [1.5, 10.25, 1.625, 10.375], "texture": "#2"},
				"west": {"uv": [6.75, 5.75, 9.4375, 5.875], "texture": "#2"},
				"up": {"uv": [5.375, 9.4375, 5.25, 6.75], "texture": "#2"},
				"down": {"uv": [6.125, 6.75, 6, 9.4375], "texture": "#2"}
			}
		},
		{
			"from": [7.76876, 9.04151, -1.87502],
			"to": [8.23276, 9.60551, 8.91298],
			"rotation": {"angle": 0, "axis": "y", "origin": [8, 8, 8]},
			"faces": {
				"north": {"uv": [10.25, 1.5, 10.375, 1.625], "texture": "#2"},
				"east": {"uv": [6.75, 6, 9.4375, 6.125], "texture": "#2"},
				"south": {"uv": [1.75, 10.25, 1.875, 10.375], "texture": "#2"},
				"west": {"uv": [6.75, 6.25, 9.4375, 6.375], "texture": "#2"},
				"up": {"uv": [6.875, 9.1875, 6.75, 6.5], "texture": "#2"},
				"down": {"uv": [0.125, 7, 0, 9.6875], "texture": "#2"}
			}
		},
		{
			"name": "barrel",
			"from": [7.4, 9.58078, -3.50924],
			"to": [8.6, 10.78078, 9.43076],
			"rotation": {"angle": 0, "axis": "y", "origin": [8, 8, 8]},
			"faces": {
				"north": {"uv": [11.55, 6.6875, 11.25, 6.9875], "texture": "#2"},
				"east": {"uv": [10.5475, 13.6875, 7.3125, 13.9875], "texture": "#2"},
				"south": {"uv": [10, 6.25, 9.5, 6.5], "texture": "#2"},
				"west": {"uv": [7.3125, 13.6875, 10.5475, 13.9875], "texture": "#2"},
				"up": {"uv": [12.925, 7.4375, 12.625, 10.6725], "texture": "#2"},
				"down": {"uv": [13.675, 7.1875, 13.375, 12.1725], "texture": "#2"}
			}
		},
		{
			"from": [5.31658, 4.24978, 6.23459],
			"to": [10.6837, 6.47305, 8.50973],
			"rotation": {"angle": 0, "axis": "y", "origin": [8, 6.95, 7.5]},
			"faces": {
				"north": {"uv": [0, 0, 2.625, 1.125], "texture": "#1"},
				"east": {"uv": [8.625, 3, 7.5, 4.125], "texture": "#1"},
				"south": {"uv": [2.625, 0, 0, 1.125], "texture": "#1"},
				"west": {"uv": [7.5, 3, 8.625, 4.125], "texture": "#1"},
				"up": {"uv": [2.625, 4.125, 0, 3], "texture": "#1"},
				"down": {"uv": [5.625, 0, 3, 1.125], "texture": "#1"}
			}
		},
		{
			"from": [6.43989, 4.71505, 6.23579],
			"to": [11.80702, 6.93833, 8.50683],
			"rotation": {"angle": -45, "axis": "z", "origin": [8, 6.95, 7.5]},
			"faces": {
				"north": {"uv": [3, 1.5, 5.625, 2.625], "texture": "#1"},
				"east": {"uv": [8.625, 7.5, 7.5, 8.625], "texture": "#1"},
				"south": {"uv": [5.625, 1.5, 3, 2.625], "texture": "#1"},
				"west": {"uv": [7.5, 4.5, 8.625, 5.625], "texture": "#1"},
				"up": {"uv": [2.625, 5.625, 0, 4.5], "texture": "#1"},
				"down": {"uv": [5.625, 4.5, 3, 5.625], "texture": "#1"}
			}
		},
		{
			"from": [4.19295, 4.71508, 6.23786],
			"to": [9.56008, 6.93835, 8.5089],
			"rotation": {"angle": 45, "axis": "z", "origin": [8, 6.95, 7.5]},
			"faces": {
				"north": {"uv": [0, 6, 2.625, 7.125], "texture": "#1"},
				"east": {"uv": [8.625, 4.5, 7.5, 5.625], "texture": "#1"},
				"south": {"uv": [2.625, 6, 0, 7.125], "texture": "#1"},
				"west": {"uv": [7.5, 7.5, 8.625, 8.625], "texture": "#1"},
				"up": {"uv": [8.625, 2.625, 6, 1.5], "texture": "#1"},
				"down": {"uv": [5.625, 6, 3, 7.125], "texture": "#1"}
			}
		},
		{
			"from": [6.88834, 2.67769, 6.23024],
			"to": [9.11162, 8.04481, 8.52714],
			"rotation": {"angle": 0, "axis": "y", "origin": [8, 6.95, 7.5]},
			"faces": {
				"north": {"uv": [6, 3, 7.125, 5.625], "texture": "#1"},
				"east": {"uv": [6, 6, 7.125, 8.625], "texture": "#1"},
				"south": {"uv": [7.125, 3, 6, 5.625], "texture": "#1"},
				"west": {"uv": [1.5, 7.5, 2.625, 10.125], "texture": "#1"},
				"up": {"uv": [10.125, 1.125, 9, 0], "texture": "#1"},
				"down": {"uv": [10.125, 1.5, 9, 2.625], "texture": "#1"}
			}
		},
		{
			"from": [7.66484, 8.04869, 6.23024],
			"to": [8.33512, 9.02881, 8.52714],
			"rotation": {"angle": 0, "axis": "y", "origin": [8, 6.95, 7.5]},
			"faces": {
				"north": {"uv": [5, 9, 5.375, 9.5], "texture": "#1"},
				"east": {"uv": [10.125, 3, 9, 3.5], "texture": "#1"},
				"south": {"uv": [5, 9, 5.375, 9.5], "texture": "#1"},
				"west": {"uv": [9, 3, 10.125, 3.5], "texture": "#1"},
				"up": {"uv": [9.375, 4.625, 9, 3.5], "texture": "#1"},
				"down": {"uv": [4.875, 9, 4.5, 10.125], "texture": "#1"}
			}
		},
		{
			"from": [6.75, 10.44959, -2.14578],
			"to": [9.25, 12.94959, 0.35422],
			"rotation": {"angle": 0, "axis": "y", "origin": [8, 11.69959, -0.89578]},
			"faces": {
				"north": {"uv": [0, 0, 2.5, 2.5], "texture": "#3"},
				"east": {"uv": [0, 3, 2.5, 5.5], "texture": "#3"},
				"south": {"uv": [3, 0, 5.5, 2.5], "texture": "#3"},
				"west": {"uv": [3, 3, 5.5, 5.5], "texture": "#3"},
				"up": {"uv": [2.5, 8.5, 0, 6], "texture": "#3"},
				"down": {"uv": [8.5, 0, 6, 2.5], "texture": "#3"}
			}
		},
		{
			"from": [6.5, 10.69959, -1.89578],
			"to": [9.5, 12.69959, 0.10422],
			"rotation": {"angle": 0, "axis": "y", "origin": [8, 11.69959, -0.89578]},
			"faces": {
				"north": {"uv": [3, 6, 6, 8], "texture": "#3"},
				"east": {"uv": [11, 0, 13, 2], "texture": "#3"},
				"south": {"uv": [6, 3, 9, 5], "texture": "#3"},
				"west": {"uv": [2, 11, 4, 13], "texture": "#3"},
				"up": {"uv": [9, 7, 6, 5], "texture": "#3"},
				"down": {"uv": [9, 7, 6, 9], "texture": "#3"}
			}
		},
		{
			"from": [7, 10.19959, -1.89578],
			"to": [9, 13.19959, 0.10422],
			"rotation": {"angle": 0, "axis": "y", "origin": [8, 11.69959, -0.89578]},
			"faces": {
				"north": {"uv": [3, 8, 5, 11], "texture": "#3"},
				"east": {"uv": [0, 9, 2, 12], "texture": "#3"},
				"south": {"uv": [9, 0, 11, 3], "texture": "#3"},
				"west": {"uv": [9, 3, 11, 6], "texture": "#3"},
				"up": {"uv": [13, 4, 11, 2], "texture": "#3"},
				"down": {"uv": [6, 11, 4, 13], "texture": "#3"}
			}
		},
		{
			"from": [7, 10.69959, -2.39578],
			"to": [9, 12.69959, 0.60422],
			"rotation": {"angle": 0, "axis": "y", "origin": [8, 11.69959, -0.89578]},
			"faces": {
				"north": {"uv": [11, 4, 13, 6], "texture": "#3"},
				"east": {"uv": [5, 9, 8, 11], "texture": "#3"},
				"south": {"uv": [6, 11, 8, 13], "texture": "#3"},
				"west": {"uv": [9, 6, 12, 8], "texture": "#3"},
				"up": {"uv": [10, 12, 8, 9], "texture": "#3"},
				"down": {"uv": [12, 8, 10, 11], "texture": "#3"}
			}
		},
		{
			"from": [7.51534, 10.78561, 1.48197],
			"to": [8.48466, 11.30048, 4.37525],
			"rotation": {"angle": 0, "axis": "y", "origin": [8.07799, 10.21905, -7.51539]},
			"faces": {
				"north": {"uv": [3, 13, 4, 13.5], "texture": "#3"},
				"east": {"uv": [12, 8, 15, 8.5], "texture": "#3"},
				"south": {"uv": [13, 3, 14, 3.5], "texture": "#3"},
				"west": {"uv": [15, 8, 12, 8.5], "texture": "#3"},
				"up": {"uv": [11, 14, 10, 11], "texture": "#3"},
				"down": {"uv": [12, 11, 11, 14], "texture": "#3"}
			}
		},
		{
			"from": [7.51534, 11.30048, 0.62797],
			"to": [8.48466, 11.81536, 2.30125],
			"rotation": {"angle": 0, "axis": "y", "origin": [8.07799, 10.24592, -7.02739]},
			"faces": {
				"north": {"uv": [4, 13, 5, 13.5], "texture": "#3"},
				"east": {"uv": [8, 12, 9.75, 12.5], "texture": "#3"},
				"south": {"uv": [13, 4, 14, 4.5], "texture": "#3"},
				"west": {"uv": [9.75, 12, 8, 12.5], "texture": "#3"},
				"up": {"uv": [3, 10.75, 2, 9], "texture": "#3"},
				"down": {"uv": [13, 6, 12, 7.75], "texture": "#3"}
			}
		},
		{
			"from": [7.51534, 11.81536, -0.55731],
			"to": [8.48466, 12.33024, 1.84797],
			"rotation": {"angle": 0, "axis": "y", "origin": [8.07799, 10.1508, -8.33467]},
			"faces": {
				"north": {"uv": [5, 13, 6, 13.5], "texture": "#3"},
				"east": {"uv": [12, 10, 14.5, 10.5], "texture": "#3"},
				"south": {"uv": [13, 5, 14, 5.5], "texture": "#3"},
				"west": {"uv": [14.5, 10, 12, 10.5], "texture": "#3"},
				"up": {"uv": [1, 14.5, 0, 12], "texture": "#3"},
				"down": {"uv": [2, 12, 1, 14.5], "texture": "#3"}
			}
		},
		{
			"from": [7.51534, 12.33024, -0.31331],
			"to": [8.48466, 12.96711, 0.62797],
			"rotation": {"angle": 0, "axis": "y", "origin": [8.07799, 10.90967, -4.91867]},
			"faces": {
				"north": {"uv": [13, 0, 14, 0.75], "texture": "#3"},
				"east": {"uv": [13, 1, 14, 1.75], "texture": "#3"},
				"south": {"uv": [2, 13, 3, 13.75], "texture": "#3"},
				"west": {"uv": [14, 1, 13, 1.75], "texture": "#3"},
				"up": {"uv": [6, 9, 5, 8], "texture": "#3"},
				"down": {"uv": [10, 8, 9, 9], "texture": "#3"}
			}
		},
		{
			"from": [6.75, 5.42459, 17.60422],
			"to": [9.25, 7.92459, 20.10422],
			"rotation": {"angle": 0, "axis": "y", "origin": [8, 11.69959, -0.89578]},
			"faces": {
				"north": {"uv": [3, 0, 5.5, 2.5], "texture": "#3"},
				"east": {"uv": [3, 3, 5.5, 5.5], "texture": "#3"},
				"south": {"uv": [0, 0, 2.5, 2.5], "texture": "#3"},
				"west": {"uv": [0, 3, 2.5, 5.5], "texture": "#3"},
				"up": {"uv": [2.5, 8.5, 0, 6], "rotation": 180, "texture": "#3"},
				"down": {"uv": [8.5, 0, 6, 2.5], "rotation": 180, "texture": "#3"}
			}
		},
		{
			"from": [6.5, 5.67459, 17.85422],
			"to": [9.5, 7.67459, 19.85422],
			"rotation": {"angle": 0, "axis": "y", "origin": [8, 11.69959, -0.89578]},
			"faces": {
				"north": {"uv": [6, 3, 9, 5], "texture": "#3"},
				"east": {"uv": [2, 11, 4, 13], "texture": "#3"},
				"south": {"uv": [3, 6, 6, 8], "texture": "#3"},
				"west": {"uv": [11, 0, 13, 2], "texture": "#3"},
				"up": {"uv": [9, 7, 6, 5], "rotation": 180, "texture": "#3"},
				"down": {"uv": [9, 7, 6, 9], "rotation": 180, "texture": "#3"}
			}
		},
		{
			"from": [7, 5.17459, 17.85422],
			"to": [9, 8.17459, 19.85422],
			"rotation": {"angle": 0, "axis": "y", "origin": [8, 11.69959, -0.89578]},
			"faces": {
				"north": {"uv": [9, 0, 11, 3], "texture": "#3"},
				"east": {"uv": [9, 3, 11, 6], "texture": "#3"},
				"south": {"uv": [3, 8, 5, 11], "texture": "#3"},
				"west": {"uv": [0, 9, 2, 12], "texture": "#3"},
				"up": {"uv": [13, 4, 11, 2], "rotation": 180, "texture": "#3"},
				"down": {"uv": [6, 11, 4, 13], "rotation": 180, "texture": "#3"}
			}
		},
		{
			"from": [7, 5.67459, 17.35422],
			"to": [9, 7.67459, 20.35422],
			"rotation": {"angle": 0, "axis": "y", "origin": [8, 11.69959, -0.89578]},
			"faces": {
				"north": {"uv": [6, 11, 8, 13], "texture": "#3"},
				"east": {"uv": [9, 6, 12, 8], "texture": "#3"},
				"south": {"uv": [11, 4, 13, 6], "texture": "#3"},
				"west": {"uv": [5, 9, 8, 11], "texture": "#3"},
				"up": {"uv": [10, 12, 8, 9], "rotation": 180, "texture": "#3"},
				"down": {"uv": [12, 8, 10, 11], "rotation": 180, "texture": "#3"}
			}
		},
		{
			"from": [7.64272, 7.73997, 0.5674],
			"to": [8.35728, 8.20453, 1.60592],
			"rotation": {"angle": 0, "axis": "y", "origin": [8, 8.03544, 8]},
			"faces": {
				"north": {"uv": [0, 15.53544, 1.03852, 16], "texture": "#2"},
				"east": {"uv": [0, 15.53544, 1.03852, 16], "texture": "#2"},
				"south": {"uv": [0, 15.53544, 1.03852, 16], "texture": "#2"},
				"west": {"uv": [1.03852, 15.53544, 0, 16], "texture": "#2"},
				"up": {"uv": [4.33956, 16, 3.625, 14.96148], "texture": "#2"},
				"down": {"uv": [15.98125, 14.96148, 15.26669, 16], "texture": "#2"}
			}
		},
		{
			"from": [7.64272, 7.73997, -1.7076],
			"to": [8.35728, 8.20453, -0.66908],
			"rotation": {"angle": 0, "axis": "y", "origin": [8, 8.03544, 8]},
			"faces": {
				"north": {"uv": [0, 15.53544, 1.03852, 16], "texture": "#2"},
				"east": {"uv": [0, 15.53544, 1.03852, 16], "texture": "#2"},
				"south": {"uv": [0, 15.53544, 1.03852, 16], "texture": "#2"},
				"west": {"uv": [1.03852, 15.53544, 0, 16], "texture": "#2"},
				"up": {"uv": [4.33956, 16, 3.625, 14.96148], "texture": "#2"},
				"down": {"uv": [15.98125, 14.96148, 15.26669, 16], "texture": "#2"}
			}
		},
		{
			"from": [7.64272, 7.73997, 2.8674],
			"to": [8.35728, 8.20453, 3.90592],
			"rotation": {"angle": 0, "axis": "y", "origin": [8, 8.03544, 8]},
			"faces": {
				"north": {"uv": [0, 15.53544, 1.03852, 16], "texture": "#2"},
				"east": {"uv": [0, 15.53544, 1.03852, 16], "texture": "#2"},
				"south": {"uv": [0, 15.53544, 1.03852, 16], "texture": "#2"},
				"west": {"uv": [1.03852, 15.53544, 0, 16], "texture": "#2"},
				"up": {"uv": [4.33956, 16, 3.625, 14.96148], "texture": "#2"},
				"down": {"uv": [15.98125, 14.96148, 15.26669, 16], "texture": "#2"}
			}
		}
	],
	"display": {
		"thirdperson_righthand": {
			"rotation": [67.5, 0, 0],
			"translation": [-1.5, 4.75, 0.25]
		},
		"thirdperson_lefthand": {
			"rotation": [67.5, 0, 0],
			"translation": [-1.5, 4.75, 0.25]
		},
		"firstperson_righthand": {
			"translation": [-3.5, 2.75, -2.5],
			"scale": [1.4, 1.4, 1.4]
		},
		"firstperson_lefthand": {
			"translation": [-3.5, 2.75, -2.5],
			"scale": [1.4, 1.4, 1.4]
		},
		"ground": {
			"translation": [0, 3, 0]
		},
		"gui": {
			"rotation": [159.34, -35.7, -177.05],
			"translation": [0.25, 0, 0],
			"scale": [0.8, 0.8, 0.8]
		},
		"fixed": {
			"rotation": [0, 90, 0],
			"translation": [0, 0, -0.75],
			"scale": [2, 2, 2]
		}
	},
	"groups": [
		{
			"name": "abyssro",
			"origin": [9.87724, 7.50778, 8.68798],
			"color": 0,
			"children": [
				{
					"name": "sight",
					"origin": [8.00219, 9.29935, 3.39998],
					"color": 0,
					"children": [0, 1]
				},
				{
					"name": "body",
					"origin": [7.94808, 11.99078, 12.43576],
					"color": 0,
					"children": [2, 3, 4, 5, 6, 7, 8, 9, 10, 11, 12, 13]
				},
				{
					"name": "stock",
					"origin": [7.99808, 8.66089, 1.92704],
					"color": 0,
					"children": [14, 15, 16, 17, 18, 19, 20]
				},
				{
					"name": "pump",
					"origin": [8.00219, 8.77935, 14.44798],
					"color": 2,
					"children": [21, 22, 23, 24, 25, 26, 27, 28]
				},
				{
					"name": "iron_sight",
					"origin": [8.33098, 7.525, 5.525],
					"color": 0,
					"children": [29, 30, 31, 32]
				},
				{
					"name": "barrels",
					"origin": [8, 8, 4.5],
					"color": 0,
					"children": [
						{
							"name": "under_barrel",
							"origin": [8.00219, 8.77935, 14.44798],
							"color": 3,
							"children": [33, 34, 35, 36, 37, 38, 39, 40]
						},
						41
					]
				},
				{
					"name": "mag",
					"origin": [5.44959, 15.62169, 26.2582],
					"color": 9,
					"children": [42, 43, 44, 45, 46]
				},
				{
					"name": "eyeballs",
					"origin": [8, 8, 8],
					"color": 0,
					"children": [
						{
							"name": "barrel_eyeball",
							"origin": [7.81008, 8, 8],
							"color": 0,
							"children": [
								{
									"name": "eyeball",
									"origin": [7.69817, 10.90387, -6.18355],
									"color": 0,
									"children": [47, 48, 49, 50]
								},
								{
									"name": "eyeball_base",
									"origin": [5.24891, 13.37395, 0.24662],
									"color": 0,
									"children": [51, 52, 53, 54]
								}
							]
						},
						{
							"name": "eyeball_stock",
							"origin": [7.69817, 10.90387, -6.18355],
							"color": 0,
							"children": [55, 56, 57, 58]
						}
					]
				},
				{
					"name": "pump_details",
					"origin": [8, 8.03544, 8],
					"color": 0,
					"children": [59, 60, 61]
				}
			]
		}
	]
}