{
	"credit": "Made with Blockbench",
	"texture_size": [32, 32],
	"textures": {
		"1": "aoa3:item/amplifier",
		"2": "aoa3:item/discharge_shotgun",
		"particle": "aoa3:item/discharge_shotgun"
	},
	"elements": [
		{
			"from": [7.874, 7.47425, 11.77742],
			"to": [8.126, 7.71225, 12.93942],
			"rotation": {"angle": 0, "axis": "y", "origin": [8, 8, 8]},
			"faces": {
				"north": {"uv": [8, 13, 8.125, 13.125], "texture": "#1"},
				"east": {"uv": [12, 11.5, 12.625, 11.625], "texture": "#1"},
				"south": {"uv": [13, 8, 13.125, 8.125], "texture": "#1"},
				"west": {"uv": [12.625, 11.5, 12, 11.625], "texture": "#1"},
				"up": {"uv": [0.125, 13.125, 0, 12.5], "texture": "#1"},
				"down": {"uv": [0.625, 12.5, 0.5, 13.125], "texture": "#1"}
			}
		},
		{
			"from": [7.874, 7.23625, 12.23942],
			"to": [8.126, 7.47425, 12.93942],
			"rotation": {"angle": 0, "axis": "y", "origin": [8, 8, 8]},
			"faces": {
				"north": {"uv": [8.5, 13, 8.625, 13.125], "texture": "#1"},
				"east": {"uv": [9.5, 12.5, 9.875, 12.625], "texture": "#1"},
				"south": {"uv": [13, 8.5, 13.125, 8.625], "texture": "#1"},
				"west": {"uv": [9.875, 12.5, 9.5, 12.625], "texture": "#1"},
				"up": {"uv": [10.125, 12.875, 10, 12.5], "texture": "#1"},
				"down": {"uv": [12.625, 10, 12.5, 10.375], "texture": "#1"}
			}
		},
		{
			"from": [7.874, 6.99825, 12.47742],
			"to": [8.126, 7.23625, 14.10142],
			"rotation": {"angle": 0, "axis": "y", "origin": [8, 8, 8]},
			"faces": {
				"north": {"uv": [9, 13, 9.125, 13.125], "texture": "#1"},
				"east": {"uv": [12, 2.5, 12.75, 2.625], "texture": "#1"},
				"south": {"uv": [13, 9, 13.125, 9.125], "texture": "#1"},
				"west": {"uv": [12, 2.5, 12.75, 2.625], "texture": "#1"},
				"up": {"uv": [2.125, 12.75, 2, 12], "texture": "#1"},
				"down": {"uv": [7.625, 12, 7.5, 12.75], "texture": "#1"}
			}
		},
		{
			"from": [7.874, 7.46025, 13.40142],
			"to": [8.126, 7.71225, 13.63942],
			"rotation": {"angle": 0, "axis": "y", "origin": [8, 8, 8]},
			"faces": {
				"north": {"uv": [4.5, 13, 4.625, 13.125], "texture": "#1"},
				"east": {"uv": [4.5, 13, 4.625, 13.125], "texture": "#1"},
				"south": {"uv": [4.5, 13, 4.625, 13.125], "texture": "#1"},
				"west": {"uv": [4.5, 13, 4.625, 13.125], "texture": "#1"},
				"up": {"uv": [4.5, 13, 4.625, 13.125], "texture": "#1"},
				"down": {"uv": [4.5, 13, 4.625, 13.125], "texture": "#1"}
			}
		},
		{
			"from": [7.874, 7.23625, 13.16342],
			"to": [8.126, 7.46025, 13.40142],
			"rotation": {"angle": 0, "axis": "y", "origin": [8, 8, 8]},
			"faces": {
				"north": {"uv": [13, 6, 13.125, 6.125], "texture": "#1"},
				"east": {"uv": [13, 6, 13.125, 6.125], "texture": "#1"},
				"south": {"uv": [13, 6, 13.125, 6.125], "texture": "#1"},
				"west": {"uv": [13, 6, 13.125, 6.125], "texture": "#1"},
				"up": {"uv": [13, 6, 13.125, 6.125], "texture": "#1"},
				"down": {"uv": [13, 6, 13.125, 6.125], "texture": "#1"}
			}
		},
		{
			"from": [7.5, 5.36025, 15.02542],
			"to": [8.5, 5.59825, 15.96342],
			"rotation": {"angle": 0, "axis": "y", "origin": [8, 8, 8]},
			"faces": {
				"north": {"uv": [12.5, 0, 13, 0.125], "texture": "#1"},
				"east": {"uv": [1, 12.5, 1.5, 12.625], "texture": "#1"},
				"south": {"uv": [1.5, 12.5, 2, 12.625], "texture": "#1"},
				"west": {"uv": [1.5, 12.5, 1, 12.625], "texture": "#1"},
				"up": {"uv": [12, 2, 11.5, 1.5], "texture": "#1"},
				"down": {"uv": [2.5, 11.5, 2, 12], "texture": "#1"}
			}
		},
		{
			"from": [7.5, 5.59825, 14.80142],
			"to": [8.5, 5.83625, 16.20142],
			"rotation": {"angle": 0, "axis": "y", "origin": [8, 8, 8]},
			"faces": {
				"north": {"uv": [3, 12.5, 3.5, 12.625], "texture": "#1"},
				"east": {"uv": [1, 12, 1.75, 12.125], "texture": "#1"},
				"south": {"uv": [12.5, 3, 13, 3.125], "texture": "#1"},
				"west": {"uv": [1.75, 12, 1, 12.125], "texture": "#1"},
				"up": {"uv": [9.5, 10.75, 9, 10], "texture": "#1"},
				"down": {"uv": [10.5, 9, 10, 9.75], "texture": "#1"}
			}
		},
		{
			"from": [7.5, 6.28425, 14.56342],
			"to": [8.5, 6.52225, 16.42542],
			"rotation": {"angle": 0, "axis": "y", "origin": [8, 8, 8]},
			"faces": {
				"north": {"uv": [3.5, 12.5, 4, 12.625], "texture": "#1"},
				"east": {"uv": [11.5, 9.5, 12.375, 9.625], "texture": "#1"},
				"south": {"uv": [4, 12.5, 4.5, 12.625], "texture": "#1"},
				"west": {"uv": [12.375, 9.5, 11.5, 9.625], "texture": "#1"},
				"up": {"uv": [8.5, 9.875, 8, 9], "texture": "#1"},
				"down": {"uv": [9, 9, 8.5, 9.875], "texture": "#1"}
			}
		},
		{
			"from": [7.5, 5.83625, 14.80142],
			"to": [8.5, 6.28425, 16.42542],
			"rotation": {"angle": 0, "axis": "y", "origin": [8, 8, 8]},
			"faces": {
				"north": {"uv": [11.5, 8.5, 12, 8.75], "texture": "#1"},
				"east": {"uv": [11.5, 7, 12.25, 7.25], "texture": "#1"},
				"south": {"uv": [9, 11.5, 9.5, 11.75], "texture": "#1"},
				"west": {"uv": [12.25, 7, 11.5, 7.25], "texture": "#1"},
				"up": {"uv": [10, 10.75, 9.5, 10], "texture": "#1"},
				"down": {"uv": [10.5, 10, 10, 10.75], "texture": "#1"}
			}
		},
		{
			"from": [7.5, 6.76025, 14.10142],
			"to": [8.5, 6.99825, 15.96342],
			"rotation": {"angle": 0, "axis": "y", "origin": [8, 8, 8]},
			"faces": {
				"north": {"uv": [4.5, 12.5, 5, 12.625], "texture": "#1"},
				"east": {"uv": [11.5, 10, 12.375, 10.125], "texture": "#1"},
				"south": {"uv": [5, 12.5, 5.5, 12.625], "texture": "#1"},
				"west": {"uv": [12.375, 10, 11.5, 10.125], "texture": "#1"},
				"up": {"uv": [9.5, 9.875, 9, 9], "texture": "#1"},
				"down": {"uv": [10, 9, 9.5, 9.875], "texture": "#1"}
			}
		},
		{
			"from": [7.5, 6.52225, 14.33942],
			"to": [8.5, 6.76025, 16.20142],
			"rotation": {"angle": 0, "axis": "y", "origin": [8, 8, 8]},
			"faces": {
				"north": {"uv": [12.5, 5, 13, 5.125], "texture": "#1"},
				"east": {"uv": [11, 11.5, 11.875, 11.625], "texture": "#1"},
				"south": {"uv": [5.5, 12.5, 6, 12.625], "texture": "#1"},
				"west": {"uv": [11.875, 11.5, 11, 11.625], "texture": "#1"},
				"up": {"uv": [8.5, 10.875, 8, 10], "texture": "#1"},
				"down": {"uv": [9, 10, 8.5, 10.875], "texture": "#1"}
			}
		},
		{
			"from": [7.5, 6.99825, 14.10142],
			"to": [8.5, 7.23625, 15.72542],
			"rotation": {"angle": 0, "axis": "y", "origin": [8, 8, 8]},
			"faces": {
				"north": {"uv": [12.5, 5.5, 13, 5.625], "texture": "#1"},
				"east": {"uv": [12, 1.5, 12.75, 1.625], "texture": "#1"},
				"south": {"uv": [12.5, 6, 13, 6.125], "texture": "#1"},
				"west": {"uv": [12.75, 1.5, 12, 1.625], "texture": "#1"},
				"up": {"uv": [11, 9.75, 10.5, 9], "texture": "#1"},
				"down": {"uv": [11, 10, 10.5, 10.75], "texture": "#1"}
			}
		},
		{
			"from": [7.5, 7.23625, 14.10142],
			"to": [8.5, 7.69825, 15.48742],
			"rotation": {"angle": 0, "axis": "y", "origin": [8, 8, 8]},
			"faces": {
				"north": {"uv": [11.5, 9, 12, 9.25], "texture": "#1"},
				"east": {"uv": [8, 11.5, 8.75, 11.75], "texture": "#1"},
				"south": {"uv": [9.5, 11.5, 10, 11.75], "texture": "#1"},
				"west": {"uv": [8.75, 11.5, 8, 11.75], "texture": "#1"},
				"up": {"uv": [11.5, 2.25, 11, 1.5], "texture": "#1"},
				"down": {"uv": [11.5, 2.5, 11, 3.25], "texture": "#1"}
			}
		},
		{
			"from": [7.212, 9.08425, 8.37742],
			"to": [8.788, 9.32225, 14.83942],
			"rotation": {"angle": 0, "axis": "y", "origin": [8, 8, 8]},
			"faces": {
				"north": {"uv": [0, 12, 0.75, 12.125], "texture": "#1"},
				"east": {"uv": [9, 5.5, 12.25, 5.625], "texture": "#1"},
				"south": {"uv": [12, 0.5, 12.75, 0.625], "texture": "#1"},
				"west": {"uv": [12.25, 5.5, 9, 5.625], "texture": "#1"},
				"up": {"uv": [4.75, 3.25, 4, 0], "texture": "#1"},
				"down": {"uv": [4.75, 3.5, 4, 6.75], "texture": "#1"}
			}
		},
		{
			"from": [7.212, 8.60825, 8.37742],
			"to": [8.788, 9.08425, 15.27742],
			"rotation": {"angle": 0, "axis": "y", "origin": [8, 8, 8]},
			"faces": {
				"north": {"uv": [11.5, 3, 12.25, 3.25], "texture": "#1"},
				"east": {"uv": [0, 6.5, 3.5, 6.75], "texture": "#1"},
				"south": {"uv": [11.5, 6, 12.25, 6.25], "texture": "#1"},
				"west": {"uv": [3.5, 6.5, 0, 6.75], "texture": "#1"},
				"up": {"uv": [2.75, 5.5, 2, 2], "texture": "#1"},
				"down": {"uv": [3.75, 2, 3, 5.5], "texture": "#1"}
			}
		},
		{
			"from": [7.212, 7.69825, 8.37742],
			"to": [8.788, 8.60825, 15.76742],
			"rotation": {"angle": 0, "axis": "y", "origin": [8, 8, 8]},
			"faces": {
				"north": {"uv": [2, 5.5, 2.75, 6], "texture": "#1"},
				"east": {"uv": [0, 6, 3.75, 6.5], "texture": "#1"},
				"south": {"uv": [3, 5.5, 3.75, 6], "texture": "#1"},
				"west": {"uv": [3.75, 6, 0, 6.5], "texture": "#1"},
				"up": {"uv": [0.75, 5.75, 0, 2], "texture": "#1"},
				"down": {"uv": [1.75, 2, 1, 5.75], "texture": "#1"}
			}
		},
		{
			"from": [7.212, 6.33825, 8.37742],
			"to": [8.788, 7.69825, 11.79242],
			"rotation": {"angle": 0, "axis": "y", "origin": [8, 8, 8]},
			"faces": {
				"north": {"uv": [5, 8, 5.75, 8.625], "texture": "#1"},
				"east": {"uv": [6, 4.5, 7.75, 5.125], "texture": "#1"},
				"south": {"uv": [8, 5, 8.75, 5.625], "texture": "#1"},
				"west": {"uv": [7.75, 4.5, 6, 5.125], "texture": "#1"},
				"up": {"uv": [6.75, 2.25, 6, 0.5], "texture": "#1"},
				"down": {"uv": [6.75, 2.5, 6, 4.25], "texture": "#1"}
			}
		},
		{
			"from": [8.20271, 7.00627, 1.36326],
			"to": [8.66671, 7.47027, 11.77626],
			"rotation": {"angle": -45, "axis": "z", "origin": [8, 8, 8]},
			"faces": {
				"north": {"uv": [4, 1.5, 4.125, 1.625], "texture": "#2"},
				"east": {"uv": [4.5, 4.25, 7.1875, 4.375], "texture": "#2"},
				"south": {"uv": [4.125, 1.5, 4, 1.625], "texture": "#2"},
				"west": {"uv": [10.1875, 5.75, 7.5, 5.875], "texture": "#2"},
				"up": {"uv": [0.875, 3.4375, 0.75, 0.75], "texture": "#2"},
				"down": {"uv": [1.125, 0.75, 1, 3.4375], "texture": "#2"}
			}
		},
		{
			"from": [7.44067, 6.69, 1.36723],
			"to": [7.90467, 7.154, 11.78023],
			"rotation": {"angle": 0, "axis": "y", "origin": [8, 8, 8]},
			"faces": {
				"north": {"uv": [1, 4.25, 1.125, 4.375], "texture": "#2"},
				"east": {"uv": [5.25, 5, 7.9375, 5.125], "texture": "#2"},
				"south": {"uv": [1.125, 4.25, 1, 4.375], "texture": "#2"},
				"west": {"uv": [9.9375, 4.25, 7.25, 4.375], "texture": "#2"},
				"up": {"uv": [1.375, 3.4375, 1.25, 0.75], "texture": "#2"},
				"down": {"uv": [6.375, 7, 6.25, 9.6875], "texture": "#2"}
			}
		},
		{
			"from": [6.67819, 7.00519, 1.36613],
			"to": [7.14219, 7.46919, 11.77913],
			"rotation": {"angle": 45, "axis": "z", "origin": [8, 8, 8]},
			"faces": {
				"north": {"uv": [4.5, 3.25, 4.625, 3.375], "texture": "#2"},
				"east": {"uv": [5.5, 2.25, 8.1875, 2.375], "texture": "#2"},
				"south": {"uv": [4.625, 3.25, 4.5, 3.375], "texture": "#2"},
				"west": {"uv": [9.4375, 6, 6.75, 6.125], "texture": "#2"},
				"up": {"uv": [1.625, 9.9375, 1.5, 7.25], "texture": "#2"},
				"down": {"uv": [5.375, 7.25, 5.25, 9.9375], "texture": "#2"}
			}
		},
		{
			"from": [7.76876, 6.36189, 1.36732],
			"to": [8.23276, 6.92589, 11.78032],
			"rotation": {"angle": 0, "axis": "y", "origin": [8, 8, 8]},
			"faces": {
				"north": {"uv": [2.75, 4.75, 2.875, 4.875], "texture": "#2"},
				"east": {"uv": [6.5, 1, 9.1875, 1.125], "texture": "#2"},
				"south": {"uv": [2.875, 4.75, 2.75, 4.875], "texture": "#2"},
				"west": {"uv": [6.5, 3.25, 9.1875, 3.375], "texture": "#2"},
				"up": {"uv": [5.875, 9.9375, 5.75, 7.25], "texture": "#2"},
				"down": {"uv": [7.375, 6.5, 7.25, 9.1875], "texture": "#2"}
			}
		},
		{
			"from": [8.85891, 7.00628, 1.36069],
			"to": [9.32291, 7.47028, 11.77369],
			"rotation": {"angle": -45, "axis": "z", "origin": [8, 8, 8]},
			"faces": {
				"north": {"uv": [3.25, 4.75, 3.375, 4.875], "texture": "#2"},
				"east": {"uv": [6.75, 6, 9.4375, 6.125], "texture": "#2"},
				"south": {"uv": [3.375, 4.75, 3.25, 4.875], "texture": "#2"},
				"west": {"uv": [7, 5.5, 9.6875, 5.625], "texture": "#2"},
				"up": {"uv": [7.625, 9.1875, 7.5, 6.5], "texture": "#2"},
				"down": {"uv": [6.875, 7.5, 6.75, 10.1875], "texture": "#2"}
			}
		},
		{
			"from": [8.09687, 6.68999, 1.36723],
			"to": [8.56087, 7.15399, 11.78023],
			"rotation": {"angle": 0, "axis": "y", "origin": [8, 8, 8]},
			"faces": {
				"north": {"uv": [5, 0.75, 5.125, 0.875], "texture": "#2"},
				"east": {"uv": [7.25, 4.25, 9.9375, 4.375], "texture": "#2"},
				"south": {"uv": [5.125, 0.75, 5, 0.875], "texture": "#2"},
				"west": {"uv": [7.25, 4.75, 9.9375, 4.875], "texture": "#2"},
				"up": {"uv": [0.125, 10.4375, 0, 7.75], "texture": "#2"},
				"down": {"uv": [0.375, 7.75, 0.25, 10.4375], "texture": "#2"}
			}
		},
		{
			"from": [7.33437, 7.0052, 1.36613],
			"to": [7.79837, 7.4692, 11.77913],
			"rotation": {"angle": 45, "axis": "z", "origin": [8, 8, 8]},
			"faces": {
				"north": {"uv": [2.5, 5, 2.625, 5.125], "texture": "#2"},
				"east": {"uv": [7.5, 5.75, 10.1875, 5.875], "texture": "#2"},
				"south": {"uv": [2.625, 5, 2.5, 5.125], "texture": "#2"},
				"west": {"uv": [7.75, 0.5, 10.4375, 0.625], "texture": "#2"},
				"up": {"uv": [0.625, 10.4375, 0.5, 7.75], "texture": "#2"},
				"down": {"uv": [0.875, 7.75, 0.75, 10.4375], "texture": "#2"}
			}
		},
		{
			"from": [7.76876, 6.91809, 1.36743],
			"to": [8.23276, 7.48209, 11.78043],
			"rotation": {"angle": 0, "axis": "y", "origin": [8, 8, 8]},
			"faces": {
				"north": {"uv": [3, 5, 3.125, 5.125], "texture": "#2"},
				"east": {"uv": [7.75, 2, 10.4375, 2.125], "texture": "#2"},
				"south": {"uv": [3.125, 5, 3, 5.125], "texture": "#2"},
				"west": {"uv": [7.75, 3, 10.4375, 3.125], "texture": "#2"},
				"up": {"uv": [7.25, 6.5, 7.375, 9.1875], "texture": "#2"},
				"down": {"uv": [2.125, 7.75, 2, 10.4375], "texture": "#2"}
			}
		},
		{
			"from": [7.8844, 6.89577, 1.52859],
			"to": [8.59896, 7.61033, 7.14211],
			"rotation": {"angle": -45, "axis": "z", "origin": [8, 8, 8]},
			"faces": {
				"north": {"uv": [0, 1.25, 0.1875, 1.4375], "texture": "#2"},
				"east": {"uv": [1.75, 0, 3.125, 0.1875], "texture": "#2"},
				"south": {"uv": [0.25, 1.25, 0.4375, 1.4375], "texture": "#2"},
				"west": {"uv": [1.75, 0.25, 3.125, 0.4375], "texture": "#2"},
				"up": {"uv": [3.4375, 1.375, 3.25, 0], "texture": "#2"},
				"down": {"uv": [2.1875, 4.75, 2, 6.125], "texture": "#2"}
			}
		},
		{
			"from": [7.13745, 6.58639, 1.53465],
			"to": [7.85201, 7.30095, 7.14817],
			"rotation": {"angle": 0, "axis": "y", "origin": [8, 8, 8]},
			"faces": {
				"north": {"uv": [0.5, 1.25, 0.6875, 1.4375], "texture": "#2"},
				"east": {"uv": [2.25, 2, 3.625, 2.1875], "texture": "#2"},
				"south": {"uv": [1.5, 0.75, 1.6875, 0.9375], "texture": "#2"},
				"west": {"uv": [2.25, 2.25, 3.625, 2.4375], "texture": "#2"},
				"up": {"uv": [2.4375, 6.125, 2.25, 4.75], "texture": "#2"},
				"down": {"uv": [5.4375, 5.25, 5.25, 6.625], "texture": "#2"}
			}
		},
		{
			"from": [6.39051, 6.89578, 1.53463],
			"to": [7.10507, 7.61034, 7.14815],
			"rotation": {"angle": 45, "axis": "z", "origin": [8, 8, 8]},
			"faces": {
				"north": {"uv": [1.5, 1, 1.6875, 1.1875], "texture": "#2"},
				"east": {"uv": [2.25, 2.5, 3.625, 2.6875], "texture": "#2"},
				"south": {"uv": [1.5, 1.25, 1.6875, 1.4375], "texture": "#2"},
				"west": {"uv": [2.25, 2.75, 3.625, 2.9375], "texture": "#2"},
				"up": {"uv": [5.6875, 6.625, 5.5, 5.25], "texture": "#2"},
				"down": {"uv": [5.9375, 5.25, 5.75, 6.625], "texture": "#2"}
			}
		},
		{
			"from": [7.64272, 6.08111, 1.53485],
			"to": [8.35728, 6.79567, 7.14837],
			"rotation": {"angle": 0, "axis": "y", "origin": [8, 8, 8]},
			"faces": {
				"north": {"uv": [3.25, 1.5, 3.4375, 1.6875], "texture": "#2"},
				"east": {"uv": [2.25, 3, 3.625, 3.1875], "texture": "#2"},
				"south": {"uv": [3.5, 0.5, 3.6875, 0.6875], "texture": "#2"},
				"west": {"uv": [4.25, 2.5, 5.625, 2.6875], "texture": "#2"},
				"up": {"uv": [6.1875, 6.625, 6, 5.25], "texture": "#2"},
				"down": {"uv": [2.9375, 7.75, 2.75, 9.125], "texture": "#2"}
			}
		},
		{
			"from": [8.89493, 6.89578, 1.52463],
			"to": [9.60949, 7.61034, 7.13815],
			"rotation": {"angle": -45, "axis": "z", "origin": [8, 8, 8]},
			"faces": {
				"north": {"uv": [0.75, 3.5, 0.9375, 3.6875], "texture": "#2"},
				"east": {"uv": [4.25, 2.75, 5.625, 2.9375], "texture": "#2"},
				"south": {"uv": [3.5, 0.75, 3.6875, 0.9375], "texture": "#2"},
				"west": {"uv": [4.5, 3, 5.875, 3.1875], "texture": "#2"},
				"up": {"uv": [3.1875, 9.125, 3, 7.75], "texture": "#2"},
				"down": {"uv": [3.9375, 7.75, 3.75, 9.125], "texture": "#2"}
			}
		},
		{
			"from": [8.14799, 6.58639, 1.53481],
			"to": [8.86255, 7.30095, 7.14833],
			"rotation": {"angle": 0, "axis": "y", "origin": [8, 8, 8]},
			"faces": {
				"north": {"uv": [1, 3.5, 1.1875, 3.6875], "texture": "#2"},
				"east": {"uv": [4.5, 4, 5.875, 4.1875], "texture": "#2"},
				"south": {"uv": [3.5, 1, 3.6875, 1.1875], "texture": "#2"},
				"west": {"uv": [4.5, 4.5, 5.875, 4.6875], "texture": "#2"},
				"up": {"uv": [4.1875, 9.125, 4, 7.75], "texture": "#2"},
				"down": {"uv": [4.9375, 7.75, 4.75, 9.125], "texture": "#2"}
			}
		},
		{
			"from": [7.40105, 6.89578, 1.53463],
			"to": [8.11561, 7.61034, 7.14815],
			"rotation": {"angle": 45, "axis": "z", "origin": [8, 8, 8]},
			"faces": {
				"north": {"uv": [1.25, 3.5, 1.4375, 3.6875], "texture": "#2"},
				"east": {"uv": [4.75, 1.25, 6.125, 1.4375], "texture": "#2"},
				"south": {"uv": [3.5, 1.25, 3.6875, 1.4375], "texture": "#2"},
				"west": {"uv": [4.75, 1.5, 6.125, 1.6875], "texture": "#2"},
				"up": {"uv": [5.1875, 9.125, 5, 7.75], "texture": "#2"},
				"down": {"uv": [5.6875, 7.75, 5.5, 9.125], "texture": "#2"}
			}
		},
		{
			"from": [7.64272, 7.09166, 1.53485],
			"to": [8.35728, 7.80622, 7.14837],
			"rotation": {"angle": 0, "axis": "y", "origin": [8, 8, 8]},
			"faces": {
				"north": {"uv": [3.5, 1.5, 3.6875, 1.6875], "texture": "#2"},
				"east": {"uv": [5.75, 3.75, 7.125, 3.9375], "texture": "#2"},
				"south": {"uv": [3.75, 0.5, 3.9375, 0.6875], "texture": "#2"},
				"west": {"uv": [0, 6.5, 1.375, 6.6875], "texture": "#2"},
				"up": {"uv": [6.1875, 9.125, 6, 7.75], "texture": "#2"},
				"down": {"uv": [7.9375, 6.5, 7.75, 7.875], "texture": "#2"}
			}
		},
		{
			"from": [7.64272, 5.61655, 3.80985],
			"to": [8.35728, 6.08111, 4.84837],
			"rotation": {"angle": 0, "axis": "y", "origin": [8, 8, 8]},
			"faces": {
				"north": {"uv": [3.75, 1.5, 3.9375, 1.625], "texture": "#2"},
				"east": {"uv": [0.75, 3.75, 1, 3.875], "texture": "#2"},
				"south": {"uv": [3.75, 3, 3.9375, 3.125], "texture": "#2"},
				"west": {"uv": [3.75, 0.75, 4, 0.875], "texture": "#2"},
				"up": {"uv": [0.1875, 1, 0, 0.75], "texture": "#2"},
				"down": {"uv": [0.4375, 0.75, 0.25, 1], "texture": "#2"}
			}
		},
		{
			"from": [7.64272, 5.61655, 1.53485],
			"to": [8.35728, 6.08111, 2.57337],
			"rotation": {"angle": 0, "axis": "y", "origin": [8, 8, 8]},
			"faces": {
				"north": {"uv": [0.75, 4, 0.9375, 4.125], "texture": "#2"},
				"east": {"uv": [1, 3.75, 1.25, 3.875], "texture": "#2"},
				"south": {"uv": [1, 4, 1.1875, 4.125], "texture": "#2"},
				"west": {"uv": [3.75, 1, 4, 1.125], "texture": "#2"},
				"up": {"uv": [0.6875, 1, 0.5, 0.75], "texture": "#2"},
				"down": {"uv": [0.1875, 1, 0, 1.25], "texture": "#2"}
			}
		},
		{
			"from": [7.64272, 5.61655, 6.10985],
			"to": [8.35728, 6.08111, 7.14837],
			"rotation": {"angle": 0, "axis": "y", "origin": [8, 8, 8]},
			"faces": {
				"north": {"uv": [1.25, 4, 1.4375, 4.125], "texture": "#2"},
				"east": {"uv": [1.25, 3.75, 1.5, 3.875], "texture": "#2"},
				"south": {"uv": [4, 1.25, 4.1875, 1.375], "texture": "#2"},
				"west": {"uv": [3.75, 1.25, 4, 1.375], "texture": "#2"},
				"up": {"uv": [0.4375, 1.25, 0.25, 1], "texture": "#2"},
				"down": {"uv": [0.6875, 1, 0.5, 1.25], "texture": "#2"}
			}
		},
		{
			"from": [7.325, 7.49025, 0.88353],
			"to": [8.675, 9.58525, 8.37742],
			"rotation": {"angle": 0, "axis": "y", "origin": [8, 8, 8]},
			"faces": {
				"north": {"uv": [0, 7, 0.625, 8], "texture": "#1"},
				"east": {"uv": [0, 0, 3.75, 1], "texture": "#1"},
				"south": {"uv": [7, 0.5, 7.625, 1.5], "texture": "#1"},
				"west": {"uv": [3.75, 0, 0, 1], "texture": "#1"},
				"up": {"uv": [5.625, 3.75, 5, 0], "texture": "#1"},
				"down": {"uv": [5.625, 4, 5, 7.75], "texture": "#1"}
			}
		},
		{
			"from": [7.465, 7.99025, -0.11036],
			"to": [8.535, 9.06025, 0.88353],
			"rotation": {"angle": 0, "axis": "y", "origin": [8, 8, 8]},
			"faces": {
				"north": {"uv": [3.5, 6.5, 4, 7], "texture": "#1"},
				"east": {"uv": [11, 8, 11.5, 8.5], "texture": "#1"},
				"south": {"uv": [10.5, 11, 11, 11.5], "texture": "#1"},
				"west": {"uv": [11.5, 8, 11, 8.5], "texture": "#1"},
				"up": {"uv": [1.5, 12, 1, 11.5], "texture": "#1"},
				"down": {"uv": [2, 11.5, 1.5, 12], "texture": "#1"}
			}
		},
		{
			"from": [7.337, 10.38325, 5.73342],
			"to": [7.612, 10.65825, 12.65842],
			"rotation": {"angle": 0, "axis": "y", "origin": [8, 8, 8]},
			"faces": {
				"north": {"uv": [10.5, 12.5, 10.625, 12.625], "texture": "#1"},
				"east": {"uv": [8, 8.5, 11.5, 8.625], "texture": "#1"},
				"south": {"uv": [12.5, 10.5, 12.625, 10.625], "texture": "#1"},
				"west": {"uv": [11.5, 8.5, 8, 8.625], "texture": "#1"},
				"up": {"uv": [0.625, 11.5, 0.5, 8], "texture": "#1"},
				"down": {"uv": [7.625, 8.5, 7.5, 12], "texture": "#1"}
			}
		},
		{
			"from": [7.337, 9.83325, 5.73342],
			"to": [7.612, 10.10825, 13.73342],
			"rotation": {"angle": 0, "axis": "y", "origin": [8, 8, 8]},
			"faces": {
				"north": {"uv": [11, 12.5, 11.125, 12.625], "texture": "#1"},
				"east": {"uv": [7, 3, 11, 3.125], "texture": "#1"},
				"south": {"uv": [12.5, 11, 12.625, 11.125], "texture": "#1"},
				"west": {"uv": [11, 3, 7, 3.125], "texture": "#1"},
				"up": {"uv": [6.125, 11, 6, 7], "texture": "#1"},
				"down": {"uv": [6.625, 7, 6.5, 11], "texture": "#1"}
			}
		},
		{
			"from": [7.337, 10.10825, 5.73342],
			"to": [7.612, 10.38325, 13.18342],
			"rotation": {"angle": 0, "axis": "y", "origin": [8, 8, 8]},
			"faces": {
				"north": {"uv": [11.5, 12.5, 11.625, 12.625], "texture": "#1"},
				"east": {"uv": [8, 1, 11.75, 1.125], "texture": "#1"},
				"south": {"uv": [12, 12.5, 12.125, 12.625], "texture": "#1"},
				"west": {"uv": [11.75, 1, 8, 1.125], "texture": "#1"},
				"up": {"uv": [3.625, 11.25, 3.5, 7.5], "texture": "#1"},
				"down": {"uv": [4.125, 7.5, 4, 11.25], "texture": "#1"}
			}
		},
		{
			"from": [7.312, 9.31025, 9.98842],
			"to": [7.587, 9.58525, 14.53842],
			"rotation": {"angle": 0, "axis": "y", "origin": [8, 8, 8]},
			"faces": {
				"north": {"uv": [12.5, 12.5, 12.625, 12.625], "texture": "#1"},
				"east": {"uv": [11, 4, 13.25, 4.125], "texture": "#1"},
				"south": {"uv": [13, 0, 13.125, 0.125], "texture": "#1"},
				"west": {"uv": [13.25, 4, 11, 4.125], "texture": "#1"},
				"up": {"uv": [6.125, 13.25, 6, 11], "texture": "#1"},
				"down": {"uv": [6.625, 11, 6.5, 13.25], "texture": "#1"}
			}
		},
		{
			"from": [7.337, 9.56725, 6.01542],
			"to": [7.612, 9.84225, 13.99042],
			"rotation": {"angle": 0, "axis": "y", "origin": [8, 8, 8]},
			"faces": {
				"north": {"uv": [13, 0.5, 13.125, 0.625], "texture": "#1"},
				"east": {"uv": [7, 4, 11, 4.125], "texture": "#1"},
				"south": {"uv": [1, 13, 1.125, 13.125], "texture": "#1"},
				"west": {"uv": [11, 4, 7, 4.125], "texture": "#1"},
				"up": {"uv": [7.125, 11, 7, 7], "texture": "#1"},
				"down": {"uv": [1.125, 7.5, 1, 11.5], "texture": "#1"}
			}
		},
		{
			"from": [8.388, 10.38325, 5.73342],
			"to": [8.663, 10.65825, 12.65842],
			"rotation": {"angle": 0, "axis": "y", "origin": [8, 8, 8]},
			"faces": {
				"north": {"uv": [13, 1, 13.125, 1.125], "texture": "#1"},
				"east": {"uv": [8, 8.5, 11.5, 8.625], "texture": "#1"},
				"south": {"uv": [1.5, 13, 1.625, 13.125], "texture": "#1"},
				"west": {"uv": [11.5, 8.5, 8, 8.625], "texture": "#1"},
				"up": {"uv": [5.125, 12.5, 5, 9], "texture": "#1"},
				"down": {"uv": [5.625, 9, 5.5, 12.5], "texture": "#1"}
			}
		},
		{
			"from": [8.388, 9.83325, 5.73342],
			"to": [8.663, 10.10825, 13.73342],
			"rotation": {"angle": 0, "axis": "y", "origin": [8, 8, 8]},
			"faces": {
				"north": {"uv": [13, 1.5, 13.125, 1.625], "texture": "#1"},
				"east": {"uv": [7, 3, 11, 3.125], "texture": "#1"},
				"south": {"uv": [2, 13, 2.125, 13.125], "texture": "#1"},
				"west": {"uv": [11, 3, 7, 3.125], "texture": "#1"},
				"up": {"uv": [1.625, 11.5, 1.5, 7.5], "texture": "#1"},
				"down": {"uv": [2.125, 7.5, 2, 11.5], "texture": "#1"}
			}
		},
		{
			"from": [8.388, 10.10825, 5.73342],
			"to": [8.663, 10.38325, 13.18342],
			"rotation": {"angle": 0, "axis": "y", "origin": [8, 8, 8]},
			"faces": {
				"north": {"uv": [13, 2, 13.125, 2.125], "texture": "#1"},
				"east": {"uv": [8, 1, 11.75, 1.125], "texture": "#1"},
				"south": {"uv": [2.5, 13, 2.625, 13.125], "texture": "#1"},
				"west": {"uv": [11.75, 1, 8, 1.125], "texture": "#1"},
				"up": {"uv": [4.625, 11.25, 4.5, 7.5], "texture": "#1"},
				"down": {"uv": [0.125, 8, 0, 11.75], "texture": "#1"}
			}
		},
		{
			"from": [8.413, 9.31025, 9.98842],
			"to": [8.688, 9.58525, 14.53842],
			"rotation": {"angle": 0, "axis": "y", "origin": [8, 8, 8]},
			"faces": {
				"north": {"uv": [13, 2.5, 13.125, 2.625], "texture": "#1"},
				"east": {"uv": [11, 4, 13.25, 4.125], "texture": "#1"},
				"south": {"uv": [3, 13, 3.125, 13.125], "texture": "#1"},
				"west": {"uv": [8, 11, 10.25, 11.125], "texture": "#1"},
				"up": {"uv": [7.125, 13.25, 7, 11], "texture": "#1"},
				"down": {"uv": [11.125, 9, 11, 11.25], "texture": "#1"}
			}
		},
		{
			"from": [8.388, 9.56725, 6.01542],
			"to": [8.663, 9.84225, 13.99042],
			"rotation": {"angle": 0, "axis": "y", "origin": [8, 8, 8]},
			"faces": {
				"north": {"uv": [13, 3, 13.125, 3.125], "texture": "#1"},
				"east": {"uv": [7, 4, 11, 4.125], "texture": "#1"},
				"south": {"uv": [3.5, 13, 3.625, 13.125], "texture": "#1"},
				"west": {"uv": [11, 4, 7, 4.125], "texture": "#1"},
				"up": {"uv": [2.625, 11.5, 2.5, 7.5], "texture": "#1"},
				"down": {"uv": [3.125, 7.5, 3, 11.5], "texture": "#1"}
			}
		},
		{
			"from": [7.65, 9.56525, 1.36464],
			"to": [8.35, 9.91525, 2.51896],
			"rotation": {"angle": 0, "axis": "y", "origin": [8, 8, 8]},
			"faces": {
				"north": {"uv": [8.5, 12.5, 8.875, 12.625], "texture": "#1"},
				"east": {"uv": [8, 12, 8.625, 12.125], "texture": "#1"},
				"south": {"uv": [8.875, 12.5, 8.5, 12.625], "texture": "#1"},
				"west": {"uv": [8, 12, 8.625, 12.125], "texture": "#1"},
				"up": {"uv": [4.375, 12.125, 4, 11.5], "texture": "#1"},
				"down": {"uv": [2.875, 11.5, 2.5, 12.125], "texture": "#1"}
			}
		},
		{
			"from": [7.65, 9.56525, 2.86464],
			"to": [8.35, 9.91525, 4.01896],
			"rotation": {"angle": 0, "axis": "y", "origin": [8, 8, 8]},
			"faces": {
				"north": {"uv": [8.5, 12.5, 8.875, 12.625], "texture": "#1"},
				"east": {"uv": [8, 12, 8.625, 12.125], "texture": "#1"},
				"south": {"uv": [8.875, 12.5, 8.5, 12.625], "texture": "#1"},
				"west": {"uv": [9, 12, 9.625, 12.125], "texture": "#1"},
				"up": {"uv": [4.375, 12.125, 4, 11.5], "texture": "#1"},
				"down": {"uv": [3.875, 11.5, 3.5, 12.125], "texture": "#1"}
			}
		},
		{
			"from": [7.65, 9.56525, 4.36464],
			"to": [8.35, 9.91525, 5.51896],
			"rotation": {"angle": 0, "axis": "y", "origin": [8, 8, 8]},
			"faces": {
				"north": {"uv": [8.5, 12.5, 8.875, 12.625], "texture": "#1"},
				"east": {"uv": [8, 12, 8.625, 12.125], "texture": "#1"},
				"south": {"uv": [8.875, 12.5, 8.5, 12.625], "texture": "#1"},
				"west": {"uv": [10, 12, 10.625, 12.125], "texture": "#1"},
				"up": {"uv": [4.375, 12.125, 4, 11.5], "texture": "#1"},
				"down": {"uv": [4.875, 11.5, 4.5, 12.125], "texture": "#1"}
			}
		}
	],
	"display": {
		"thirdperson_righthand": {
			"rotation": [67.5, 0, 0],
			"translation": [-2, 5.75, 0.5]
		},
		"thirdperson_lefthand": {
			"rotation": [67.5, 0, 0],
			"translation": [-2, 5.75, 0.5]
		},
		"firstperson_righthand": {
			"translation": [-5, 4.25, 0.5]
		},
		"firstperson_lefthand": {
			"translation": [-5, 4.25, 0.5]
		},
		"gui": {
			"rotation": [163.34, -47.42, -178.07],
			"scale": [1.1, 1.1, 1.1]
		},
		"fixed": {
			"rotation": [0, 90, 0],
			"translation": [0, 0, -1.5],
			"scale": [2, 2, 2]
		}
	},
	"groups": [
		{
			"name": "amplifier",
			"origin": [8.00624, 7.70158, 8.66745],
			"color": 0,
			"children": [
				{
					"name": "trigger_guard",
					"origin": [-0.29179, 2.23007, 1.60679],
					"color": 0,
					"children": [0, 1, 2]
				},
				{
					"name": "trigger",
					"origin": [-0.29179, 2.63007, 0.78179],
					"color": 0,
					"children": [3, 4]
				},
				{
					"name": "handle",
					"origin": [-0.29179, 2.65507, -1.29321],
					"color": 0,
					"children": [5, 6, 7, 8, 9, 10, 11, 12]
				},
				{
					"name": "body",
					"origin": [4.55821, 3.48007, -1.29321],
					"color": 0,
					"children": [13, 14, 15, 16]
				},
				{
					"name": "barrels",
					"origin": [8, 7.70158, 5.16745],
					"color": 0,
					"children": [
						{
							"name": "under_barrel",
							"origin": [8.00219, 8.48093, 15.11543],
							"color": 3,
							"children": [
								17,
								18,
								19,
								20,
								21,
								22,
								23,
								24,
								{
									"name": "pump",
									"origin": [8.00219, 8.48093, 15.11543],
									"color": 2,
									"children": [
										25,
										26,
										27,
										28,
										29,
										30,
										31,
										32,
										{
											"name": "pump_details",
											"origin": [8, 7.73702, 8.66745],
											"color": 0,
											"children": [33, 34, 35]
										}
									]
								}
							]
						},
						{
							"name": "barrel",
							"origin": [8, 6.77588, 15.48742],
							"color": 0,
							"children": [36, 37]
						}
					]
				},
				{
					"name": "upper_part_details",
					"origin": [7.665, 7.42658, 12.51745],
					"color": 6,
					"children": [
						{
							"name": "left",
							"origin": [7.665, 7.42658, 12.51745],
							"color": 6,
							"children": [38, 39, 40, 41, 42]
						},
						{
							"name": "right",
							"origin": [7.665, 7.42658, 12.51745],
							"color": 6,
							"children": [43, 44, 45, 46, 47]
						}
					]
				},
				{
					"name": "rail",
					"origin": [2.16545, 8.93679, 31.8357],
					"color": 9,
					"children": [48, 49, 50]
				}
			]
		}
	]
}