{
	"credit": "Made with Blockbench",
	"texture_size": [64, 64],
	"textures": {
		"0": "aoa3:item/baronator",
		"particle": "aoa3:item/baronator"
	},
	"elements": [
		{
			"from": [6.9, 9.05933, -5.3875],
			"to": [8, 10.15933, 0.8125],
			"rotation": {"angle": 0, "axis": "y", "origin": [7.45, 8.09058, 7.0625]},
			"faces": {
				"north": {"uv": [2.5, 1.25, 2.75, 1.5], "texture": "#0"},
				"east": {"uv": [3, 0, 4.5625, 0.25], "texture": "#0"},
				"south": {"uv": [4.25, 3.75, 4.5, 4], "texture": "#0"},
				"west": {"uv": [4.5625, 0, 3, 0.25], "texture": "#0"},
				"up": {"uv": [4.5625, 0.25, 3, 0], "rotation": 90, "texture": "#0"},
				"down": {"uv": [3, 0.25, 4.5625, 0], "rotation": 90, "texture": "#0"}
			}
		},
		{
			"name": "muzzle_break",
			"from": [6.68, 8.84528, -9.19602],
			"to": [8.22, 10.38528, -4.65588],
			"rotation": {"angle": 0, "axis": "y", "origin": [8.575, 9.42479, 10.25]},
			"faces": {
				"north": {"uv": [2.25, 4, 2.625, 4.375], "texture": "#0"},
				"east": {"uv": [0.75, 7, 1.875, 7.375], "texture": "#0"},
				"south": {"uv": [4.75, 0.5, 5.125, 0.875], "texture": "#0"},
				"west": {"uv": [0.75, 7.5, 1.875, 7.875], "texture": "#0"},
				"up": {"uv": [2.625, 3.875, 2.25, 2.75], "texture": "#0"},
				"down": {"uv": [2.625, 3.875, 2.25, 2.75], "texture": "#0"}
			}
		},
		{
			"from": [6.75, 8.08433, 10.5125],
			"to": [8.15, 8.75933, 11.9125],
			"rotation": {"angle": 0, "axis": "y", "origin": [7.45, 8.09058, 7.0625]},
			"faces": {
				"north": {"uv": [5.75, 5, 6.125, 5.1875], "texture": "#0"},
				"east": {"uv": [5, 5.75, 5.375, 5.9375], "texture": "#0"},
				"south": {"uv": [5.75, 5, 6.125, 5.1875], "texture": "#0"},
				"west": {"uv": [5.375, 5.75, 5, 5.9375], "texture": "#0"},
				"up": {"uv": [5.125, 0.375, 4.75, 0], "texture": "#0"},
				"down": {"uv": [5.375, 1, 5, 1.375], "texture": "#0"}
			}
		},
		{
			"from": [6.75, 9.55933, -1.1875],
			"to": [8.15, 11.05933, 2.4125],
			"rotation": {"angle": 0, "axis": "y", "origin": [7.45, 8.09058, 7.0625]},
			"faces": {
				"north": {"uv": [5, 1.5, 5.375, 1.875], "texture": "#0"},
				"east": {"uv": [3, 0.5, 3.875, 0.875], "texture": "#0"},
				"south": {"uv": [5, 2, 5.375, 2.375], "texture": "#0"},
				"west": {"uv": [3.875, 0.5, 3, 0.875], "texture": "#0"},
				"up": {"uv": [3.875, 1.875, 3.5, 1], "texture": "#0"},
				"down": {"uv": [1.875, 3.75, 1.5, 4.625], "texture": "#0"}
			}
		},
		{
			"from": [6.55, 8.75933, 2.4125],
			"to": [8.35, 11.05933, 11.9125],
			"rotation": {"angle": 0, "axis": "y", "origin": [7.45, 8.09058, 7.0625]},
			"faces": {
				"north": {"uv": [0, 4, 0.4375, 4.5625], "texture": "#0"},
				"east": {"uv": [0, 0, 2.375, 0.5625], "texture": "#0"},
				"south": {"uv": [0.5, 4, 0.9375, 4.5625], "texture": "#0"},
				"west": {"uv": [2.375, 0, 0, 0.5625], "texture": "#0"},
				"up": {"uv": [0.4375, 3.875, 0, 1.5], "texture": "#0"},
				"down": {"uv": [0.9375, 1.5, 0.5, 3.875], "texture": "#0"}
			}
		},
		{
			"from": [6.9, 7.38433, 4.4625],
			"to": [8, 8.75933, 7.4875],
			"rotation": {"angle": 0, "axis": "y", "origin": [7.45, 8.09058, 7.0625]},
			"faces": {
				"north": {"uv": [4.75, 7.6875, 5, 8], "texture": "#0"},
				"east": {"uv": [3.75, 4, 4.5, 4.3125], "texture": "#0"},
				"south": {"uv": [4.75, 5.5, 5, 5.8125], "texture": "#0"},
				"west": {"uv": [4.5, 4, 3.75, 4.3125], "texture": "#0"},
				"up": {"uv": [1.5, 5.25, 1.25, 4.5], "texture": "#0"},
				"down": {"uv": [2.5, 4.5, 2.25, 5.25], "texture": "#0"}
			}
		},
		{
			"from": [6.9, 7.38433, 7.4875],
			"to": [8, 8.75933, 10.5125],
			"rotation": {"angle": 0, "axis": "y", "origin": [7.45, 8.09058, 7.0625]},
			"faces": {
				"north": {"uv": [1, 5.75, 1.25, 6.0625], "texture": "#0"},
				"east": {"uv": [4.25, 3.25, 5, 3.5625], "texture": "#0"},
				"south": {"uv": [4.5, 5.5, 4.75, 5.8125], "texture": "#0"},
				"west": {"uv": [5, 3.25, 4.25, 3.5625], "texture": "#0"},
				"up": {"uv": [2.75, 5.25, 2.5, 4.5], "texture": "#0"},
				"down": {"uv": [3, 4.5, 2.75, 5.25], "texture": "#0"}
			}
		},
		{
			"name": "bolt",
			"from": [8.35, 9.65933, 5.9125],
			"to": [9.65, 10.15933, 6.4125],
			"rotation": {"angle": 0, "axis": "y", "origin": [7.45, 8.09058, 7.0625]},
			"faces": {
				"north": {"uv": [6.75, 0.25, 6.875, 0.375], "texture": "#0"},
				"east": {"uv": [6.75, 0.25, 6.875, 0.375], "texture": "#0"},
				"south": {"uv": [6.75, 0.25, 6.875, 0.375], "texture": "#0"},
				"west": {"uv": [6.75, 0.25, 6.875, 0.375], "texture": "#0"},
				"up": {"uv": [6.75, 0.25, 6.875, 0.375], "texture": "#0"},
				"down": {"uv": [6.75, 0.25, 6.875, 0.375], "texture": "#0"}
			}
		},
		{
			"from": [6.75, 8.45933, -1.1875],
			"to": [8.15, 9.55933, 3.1125],
			"rotation": {"angle": 0, "axis": "y", "origin": [7.45, 8.09058, 7.0625]},
			"faces": {
				"north": {"uv": [5.5, 2, 5.875, 2.25], "texture": "#0"},
				"east": {"uv": [3.75, 2.75, 4.8125, 3], "texture": "#0"},
				"south": {"uv": [5.5, 2, 5.875, 2.25], "texture": "#0"},
				"west": {"uv": [4.8125, 2.75, 3.75, 3], "texture": "#0"},
				"up": {"uv": [2.125, 3.5625, 1.75, 2.5], "texture": "#0"},
				"down": {"uv": [3.125, 2, 2.75, 3.0625], "texture": "#0"}
			}
		},
		{
			"name": "trigger",
			"from": [7.25, 6.98433, 8.5375],
			"to": [7.65, 7.38433, 8.8625],
			"rotation": {"angle": 0, "axis": "y", "origin": [7.45, 8.09058, 7.0625]},
			"faces": {
				"north": {"uv": [6.75, 4.25, 6.8125, 4.375], "texture": "#0"},
				"east": {"uv": [6.75, 4.25, 6.8125, 4.375], "texture": "#0"},
				"south": {"uv": [6.75, 4.25, 6.8125, 4.375], "texture": "#0"},
				"west": {"uv": [6.75, 4.25, 6.8125, 4.375], "texture": "#0"},
				"up": {"uv": [6.75, 4.25, 6.8125, 4.375], "texture": "#0"},
				"down": {"uv": [6.75, 4.25, 6.8125, 4.375], "texture": "#0"}
			}
		},
		{
			"from": [7.25, 6.65933, 7.4875],
			"to": [7.65, 7.38433, 7.8125],
			"rotation": {"angle": 0, "axis": "y", "origin": [7.45, 8.09058, 7.0625]},
			"faces": {
				"north": {"uv": [1.5, 6.75, 1.5625, 6.9375], "texture": "#0"},
				"east": {"uv": [1.5, 6.75, 1.5625, 6.9375], "texture": "#0"},
				"south": {"uv": [1.5, 6.75, 1.5625, 6.9375], "texture": "#0"},
				"west": {"uv": [1.5, 6.75, 1.5625, 6.9375], "texture": "#0"},
				"up": {"uv": [1.5, 6.75, 1.5625, 6.9375], "texture": "#0"},
				"down": {"uv": [1.5, 6.75, 1.5625, 6.9375], "texture": "#0"}
			}
		},
		{
			"from": [7.25, 6.38433, 7.4875],
			"to": [7.65, 6.65933, 9.5625],
			"rotation": {"angle": 0, "axis": "y", "origin": [7.45, 8.09058, 7.0625]},
			"faces": {
				"north": {"uv": [5.25, 6.25, 5.75, 6.3125], "texture": "#0"},
				"east": {"uv": [5.25, 6.25, 5.75, 6.3125], "texture": "#0"},
				"south": {"uv": [5.25, 6.25, 5.75, 6.3125], "texture": "#0"},
				"west": {"uv": [5.25, 6.25, 5.75, 6.3125], "texture": "#0"},
				"up": {"uv": [5.25, 6.25, 5.75, 6.3125], "texture": "#0"},
				"down": {"uv": [5.25, 6.25, 5.75, 6.3125], "texture": "#0"}
			}
		},
		{
			"from": [7.05, 5.35933, 10.2375],
			"to": [7.85, 5.68433, 11.8375],
			"rotation": {"angle": 0, "axis": "y", "origin": [7.45, 8.09058, 7.0625]},
			"faces": {
				"north": {"uv": [2.5, 6.75, 2.6875, 6.8125], "texture": "#0"},
				"east": {"uv": [6.5, 4.5, 6.875, 4.5625], "texture": "#0"},
				"south": {"uv": [0.75, 5.75, 0.9375, 5.875], "texture": "#0"},
				"west": {"uv": [6.875, 4.5, 6.5, 4.5625], "texture": "#0"},
				"up": {"uv": [0.75, 5.75, 0.9375, 5.875], "texture": "#0"},
				"down": {"uv": [5.9375, 5.75, 5.75, 6.125], "texture": "#0"}
			}
		},
		{
			"from": [7.05, 5.68433, 9.8625],
			"to": [7.85, 6.00933, 11.5375],
			"rotation": {"angle": 0, "axis": "y", "origin": [7.45, 8.09058, 7.0625]},
			"faces": {
				"north": {"uv": [2.75, 6.75, 2.9375, 6.8125], "texture": "#0"},
				"east": {"uv": [5.75, 6.25, 6.25, 6.3125], "texture": "#0"},
				"south": {"uv": [0.75, 5.75, 0.9375, 5.875], "texture": "#0"},
				"west": {"uv": [6.25, 6.25, 5.75, 6.3125], "texture": "#0"},
				"up": {"uv": [2.6875, 6, 2.5, 5.5], "texture": "#0"},
				"down": {"uv": [5.6875, 2.5, 5.5, 3], "texture": "#0"}
			}
		},
		{
			"from": [7.05, 6.00933, 9.5625],
			"to": [7.85, 6.33433, 11.5375],
			"rotation": {"angle": 0, "axis": "y", "origin": [7.45, 8.09058, 7.0625]},
			"faces": {
				"north": {"uv": [3, 6.75, 3.1875, 6.8125], "texture": "#0"},
				"east": {"uv": [0, 6.5, 0.5, 6.5625], "texture": "#0"},
				"south": {"uv": [0.75, 5.75, 0.9375, 5.875], "texture": "#0"},
				"west": {"uv": [0.5, 6.5, 0, 6.5625], "texture": "#0"},
				"up": {"uv": [2.9375, 6, 2.75, 5.5], "texture": "#0"},
				"down": {"uv": [3.1875, 5.5, 3, 6], "texture": "#0"}
			}
		},
		{
			"from": [7.05, 6.33433, 9.5625],
			"to": [7.85, 6.65933, 11.1875],
			"rotation": {"angle": 0, "axis": "y", "origin": [7.45, 8.09058, 7.0625]},
			"faces": {
				"north": {"uv": [3.5, 6.75, 3.6875, 6.8125], "texture": "#0"},
				"east": {"uv": [1.25, 6.5, 1.6875, 6.5625], "texture": "#0"},
				"south": {"uv": [0.75, 5.75, 0.9375, 5.875], "texture": "#0"},
				"west": {"uv": [1.6875, 6.5, 1.25, 6.5625], "texture": "#0"},
				"up": {"uv": [5.6875, 3.4375, 5.5, 3], "texture": "#0"},
				"down": {"uv": [3.4375, 5.5, 3.25, 5.9375], "texture": "#0"}
			}
		},
		{
			"from": [7.05, 6.65933, 9.2125],
			"to": [7.85, 6.98433, 10.8875],
			"rotation": {"angle": 0, "axis": "y", "origin": [7.45, 8.09058, 7.0625]},
			"faces": {
				"north": {"uv": [4, 6.75, 4.1875, 6.8125], "texture": "#0"},
				"east": {"uv": [2.25, 6.5, 2.6875, 6.5625], "texture": "#0"},
				"south": {"uv": [4.25, 6.75, 4.4375, 6.8125], "texture": "#0"},
				"west": {"uv": [2.6875, 6.5, 2.25, 6.5625], "texture": "#0"},
				"up": {"uv": [3.6875, 5.9375, 3.5, 5.5], "texture": "#0"},
				"down": {"uv": [3.9375, 5.5, 3.75, 5.9375], "texture": "#0"}
			}
		},
		{
			"from": [7.05, 6.98433, 9.2125],
			"to": [7.85, 7.38433, 10.7625],
			"rotation": {"angle": 0, "axis": "y", "origin": [7.45, 8.09058, 7.0625]},
			"faces": {
				"north": {"uv": [6.5, 4.75, 6.6875, 4.875], "texture": "#0"},
				"east": {"uv": [6.25, 1.5, 6.5625, 1.625], "texture": "#0"},
				"south": {"uv": [6.5, 5, 6.6875, 5.125], "texture": "#0"},
				"west": {"uv": [6.5625, 1.5, 6.25, 1.625], "texture": "#0"},
				"up": {"uv": [3.1875, 6.3125, 3, 6], "texture": "#0"},
				"down": {"uv": [6.1875, 3, 6, 3.3125], "texture": "#0"}
			}
		},
		{
			"from": [7.25, 10.61567, -0.9625],
			"to": [7.65, 12.09067, 0.3125],
			"shade": false,
			"rotation": {"angle": 0, "axis": "y", "origin": [7.45, 4.94701, 5.0625]},
			"faces": {
				"north": {"uv": [2, 5, 2.125, 5.375], "texture": "#0"},
				"east": {"uv": [3.25, 2, 3.5625, 2.375], "texture": "#0"},
				"south": {"uv": [5, 3.5, 5.125, 3.875], "texture": "#0"},
				"west": {"uv": [3.5625, 2, 3.25, 2.375], "texture": "#0"},
				"up": {"uv": [0.125, 5.5625, 0, 5.25], "texture": "#0"},
				"down": {"uv": [0.375, 5.25, 0.25, 5.5625], "texture": "#0"}
			}
		},
		{
			"from": [7.25, 12.09067, -0.7875],
			"to": [7.65, 12.26567, 0.1375],
			"shade": false,
			"rotation": {"angle": 0, "axis": "y", "origin": [7.45, 4.94701, 5.0625]},
			"faces": {
				"north": {"uv": [5.25, 6.5, 5.375, 6.5625], "texture": "#0"},
				"east": {"uv": [3.5, 6.25, 3.75, 6.3125], "texture": "#0"},
				"south": {"uv": [5.5, 6.5, 5.625, 6.5625], "texture": "#0"},
				"west": {"uv": [3.75, 6.25, 4, 6.3125], "texture": "#0"},
				"up": {"uv": [5.125, 4.25, 5, 4], "texture": "#0"},
				"down": {"uv": [0.625, 5.5, 0.5, 5.75], "texture": "#0"}
			}
		},
		{
			"from": [7.25, 10.61567, 0.3125],
			"to": [7.65, 11.51567, 0.4875],
			"shade": false,
			"rotation": {"angle": 0, "axis": "y", "origin": [7.45, 4.94701, 5.0625]},
			"faces": {
				"north": {"uv": [0.75, 5.5, 0.875, 5.75], "texture": "#0"},
				"east": {"uv": [4, 6.25, 4.0625, 6.5], "texture": "#0"},
				"south": {"uv": [1.5, 5.5, 1.625, 5.75], "texture": "#0"},
				"west": {"uv": [4.25, 6.25, 4.3125, 6.5], "texture": "#0"},
				"up": {"uv": [6.625, 5.5625, 6.5, 5.5], "texture": "#0"},
				"down": {"uv": [6.625, 5.75, 6.5, 5.8125], "texture": "#0"}
			}
		},
		{
			"from": [7.25, 10.61567, 0.4875],
			"to": [7.65, 11.16567, 0.6875],
			"shade": false,
			"rotation": {"angle": 0, "axis": "y", "origin": [7.45, 4.94701, 5.0625]},
			"faces": {
				"north": {"uv": [6.25, 4.25, 6.375, 4.375], "texture": "#0"},
				"east": {"uv": [6.5, 6, 6.5625, 6.125], "texture": "#0"},
				"south": {"uv": [4.5, 6.25, 4.625, 6.375], "texture": "#0"},
				"west": {"uv": [6.25, 6.5, 6.3125, 6.625], "texture": "#0"},
				"up": {"uv": [6.625, 6.3125, 6.5, 6.25], "texture": "#0"},
				"down": {"uv": [6.625, 6.5, 6.5, 6.5625], "texture": "#0"}
			}
		},
		{
			"from": [7, 5.25933, 4.9625],
			"to": [7.9, 7.38433, 7.2375],
			"rotation": {"angle": 0, "axis": "y", "origin": [7.45, 8.21558, 7.0625]},
			"faces": {
				"north": {"uv": [1, 2, 1.25, 2.5], "texture": "#0"},
				"east": {"uv": [0, 0.75, 0.5625, 1.25], "texture": "#0"},
				"south": {"uv": [1.25, 2, 1.5, 2.5], "texture": "#0"},
				"west": {"uv": [0.5625, 0.75, 0, 1.25], "texture": "#0"},
				"up": {"uv": [2.25, 1.3125, 2, 0.75], "texture": "#0"},
				"down": {"uv": [2.5, 0.75, 2.25, 1.3125], "texture": "#0"}
			}
		},
		{
			"from": [7, 4.38433, 4.4625],
			"to": [7.9, 5.25933, 6.7375],
			"rotation": {"angle": 0, "axis": "y", "origin": [7.45, 8.34058, 7.0625]},
			"faces": {
				"north": {"uv": [3.25, 4.5, 3.5, 4.6875], "texture": "#0"},
				"east": {"uv": [3, 0.25, 3.5625, 0.4375], "texture": "#0"},
				"south": {"uv": [4.75, 2, 5, 2.1875], "texture": "#0"},
				"west": {"uv": [3.5625, 0.25, 3, 0.4375], "texture": "#0"},
				"up": {"uv": [3, 1.8125, 2.75, 1.25], "texture": "#0"},
				"down": {"uv": [3.25, 1.25, 3, 1.8125], "texture": "#0"}
			}
		},
		{
			"from": [7, 4.00933, 4.7125],
			"to": [7.9, 4.38433, 6.7375],
			"rotation": {"angle": 0, "axis": "y", "origin": [7.45, 8.46558, 7.0625]},
			"faces": {
				"north": {"uv": [6, 2, 6.25, 2.0625], "texture": "#0"},
				"east": {"uv": [1.5, 5.25, 2, 5.3125], "texture": "#0"},
				"south": {"uv": [2.75, 6, 3, 6.0625], "texture": "#0"},
				"west": {"uv": [2, 5.25, 1.5, 5.3125], "texture": "#0"},
				"up": {"uv": [1.75, 2.5, 1.5, 2], "texture": "#0"},
				"down": {"uv": [2, 2, 1.75, 2.5], "texture": "#0"}
			}
		},
		{
			"from": [7, 3.63433, 4.9625],
			"to": [7.9, 4.00933, 6.4875],
			"rotation": {"angle": 0, "axis": "y", "origin": [7.45, 8.59058, 7.0625]},
			"faces": {
				"north": {"uv": [6, 4.75, 6.25, 4.8125], "texture": "#0"},
				"east": {"uv": [2, 5.75, 2.375, 5.8125], "texture": "#0"},
				"south": {"uv": [6.25, 0.25, 6.5, 0.3125], "texture": "#0"},
				"west": {"uv": [2.375, 5.75, 2, 5.8125], "texture": "#0"},
				"up": {"uv": [4.75, 2.375, 4.5, 2], "texture": "#0"},
				"down": {"uv": [3.25, 4.5, 3, 4.875], "texture": "#0"}
			}
		},
		{
			"from": [7, 5.25933, 4.6875],
			"to": [7.9, 5.63433, 4.9625],
			"rotation": {"angle": 0, "axis": "y", "origin": [7.45, 8.46558, 6.5375]},
			"faces": {
				"north": {"uv": [0.5, 6.25, 0.75, 6.3125], "texture": "#0"},
				"east": {"uv": [0, 6.75, 0.0625, 6.8125], "texture": "#0"},
				"south": {"uv": [0.75, 6.25, 1, 6.3125], "texture": "#0"},
				"west": {"uv": [0.0625, 6.75, 0, 6.8125], "texture": "#0"},
				"up": {"uv": [1.25, 6.3125, 1, 6.25], "texture": "#0"},
				"down": {"uv": [1.5, 6.25, 1.25, 6.3125], "texture": "#0"}
			}
		},
		{
			"from": [7, 4.88433, 6.7375],
			"to": [7.9, 5.25933, 7.0125],
			"rotation": {"angle": 0, "axis": "y", "origin": [7.45, 8.09058, 8.5875]},
			"faces": {
				"north": {"uv": [1.5, 6.25, 1.75, 6.3125], "texture": "#0"},
				"east": {"uv": [0.5, 6.75, 0.5625, 6.8125], "texture": "#0"},
				"south": {"uv": [1.75, 6.25, 2, 6.3125], "texture": "#0"},
				"west": {"uv": [0.5625, 6.75, 0.5, 6.8125], "texture": "#0"},
				"up": {"uv": [2.25, 6.3125, 2, 6.25], "texture": "#0"},
				"down": {"uv": [2.5, 6.25, 2.25, 6.3125], "texture": "#0"}
			}
		},
		{
			"from": [7.05, 8.15933, 9.3875],
			"to": [7.85, 10.45933, 12.3875],
			"rotation": {"angle": 0, "axis": "y", "origin": [7.45, 6.41558, 7.5375]},
			"faces": {
				"north": {"uv": [4, 5, 4.1875, 5.5625], "texture": "#0"},
				"east": {"uv": [1, 2.5, 1.75, 3.0625], "texture": "#0"},
				"south": {"uv": [4.25, 5, 4.4375, 5.5625], "texture": "#0"},
				"west": {"uv": [1.75, 2.5, 1, 3.0625], "texture": "#0"},
				"up": {"uv": [3.6875, 5.25, 3.5, 4.5], "texture": "#0"},
				"down": {"uv": [3.9375, 4.5, 3.75, 5.25], "texture": "#0"}
			}
		},
		{
			"from": [7.05, 6.45933, 15.2375],
			"to": [7.85, 7.45933, 17.0375],
			"rotation": {"angle": 0, "axis": "y", "origin": [7.45, 6.41558, 7.5375]},
			"faces": {
				"north": {"uv": [6, 3.5, 6.1875, 3.75], "texture": "#0"},
				"east": {"uv": [5.25, 0, 5.625, 0.25], "texture": "#0"},
				"south": {"uv": [3.75, 6, 3.9375, 6.25], "texture": "#0"},
				"west": {"uv": [5.625, 0, 5.25, 0.25], "texture": "#0"},
				"up": {"uv": [5.9375, 3.375, 5.75, 3], "texture": "#0"},
				"down": {"uv": [5.9375, 3.5, 5.75, 3.875], "texture": "#0"}
			}
		},
		{
			"from": [7.05, 7.45933, 15.2125],
			"to": [7.85, 8.05933, 17.0375],
			"rotation": {"angle": 0, "axis": "y", "origin": [7.45, 6.41558, 7.5375]},
			"faces": {
				"north": {"uv": [1.75, 6.5, 1.9375, 6.625], "texture": "#0"},
				"east": {"uv": [0, 6, 0.5, 6.125], "texture": "#0"},
				"south": {"uv": [6.5, 2.5, 6.6875, 2.625], "texture": "#0"},
				"west": {"uv": [0.5, 6, 0, 6.125], "texture": "#0"},
				"up": {"uv": [1.6875, 3.75, 1.5, 3.25], "texture": "#0"},
				"down": {"uv": [5.4375, 0.5, 5.25, 1], "texture": "#0"}
			}
		},
		{
			"from": [7.05, 8.05933, 14.7875],
			"to": [7.85, 8.45933, 17.0375],
			"rotation": {"angle": 0, "axis": "y", "origin": [7.45, 6.41558, 7.5375]},
			"faces": {
				"north": {"uv": [2.75, 6.5, 2.9375, 6.625], "texture": "#0"},
				"east": {"uv": [5.75, 4, 6.3125, 4.125], "texture": "#0"},
				"south": {"uv": [6.5, 2.75, 6.6875, 2.875], "texture": "#0"},
				"west": {"uv": [6.3125, 4, 5.75, 4.125], "texture": "#0"},
				"up": {"uv": [5.1875, 4.8125, 5, 4.25], "texture": "#0"},
				"down": {"uv": [5.1875, 5, 5, 5.5625], "texture": "#0"}
			}
		},
		{
			"from": [7.05, 8.45933, 12.3875],
			"to": [7.85, 10.45933, 17.0375],
			"rotation": {"angle": 0, "axis": "y", "origin": [7.45, 6.41558, 7.5375]},
			"faces": {
				"north": {"uv": [1.25, 5.25, 1.4375, 5.75], "texture": "#0"},
				"east": {"uv": [1, 1.5, 2.1875, 2], "texture": "#0"},
				"south": {"uv": [2.25, 5.25, 2.4375, 5.75], "texture": "#0"},
				"west": {"uv": [2.1875, 1.5, 1, 2], "texture": "#0"},
				"up": {"uv": [2.1875, 4.9375, 2, 3.75], "texture": "#0"},
				"down": {"uv": [1.1875, 4.5, 1, 5.6875], "texture": "#0"}
			}
		},
		{
			"from": [6.75, 10.85933, 9.3875],
			"to": [8.15, 11.10933, 12.0875],
			"rotation": {"angle": 0, "axis": "y", "origin": [7.45, 6.41558, 7.5375]},
			"faces": {
				"north": {"uv": [3, 6.5, 3.375, 6.5625], "texture": "#0"},
				"east": {"uv": [6.25, 0.5, 6.9375, 0.5625], "texture": "#0"},
				"south": {"uv": [6.5, 3, 6.875, 3.0625], "texture": "#0"},
				"west": {"uv": [6.9375, 0.5, 6.25, 0.5625], "texture": "#0"},
				"up": {"uv": [3.625, 4.4375, 3.25, 3.75], "texture": "#0"},
				"down": {"uv": [4.125, 3.25, 3.75, 3.9375], "texture": "#0"}
			}
		},
		{
			"from": [6.75, 10.45933, 9.3875],
			"to": [8.15, 10.85933, 12.3875],
			"rotation": {"angle": 0, "axis": "y", "origin": [7.45, 6.41558, 7.5375]},
			"faces": {
				"north": {"uv": [6, 3.75, 6.375, 3.875], "texture": "#0"},
				"east": {"uv": [2.5, 5.25, 3.25, 5.375], "texture": "#0"},
				"south": {"uv": [4, 6, 4.375, 6.125], "texture": "#0"},
				"west": {"uv": [3.25, 5.25, 2.5, 5.375], "texture": "#0"},
				"up": {"uv": [4.125, 2.75, 3.75, 2], "texture": "#0"},
				"down": {"uv": [3.125, 3.75, 2.75, 4.5], "texture": "#0"}
			}
		},
		{
			"from": [6.75, 9.15933, 12.3875],
			"to": [8.15, 9.45933, 13.1125],
			"rotation": {"angle": 0, "axis": "y", "origin": [7.45, 6.41558, 7.5375]},
			"faces": {
				"north": {"uv": [6.5, 3.25, 6.875, 3.3125], "texture": "#0"},
				"east": {"uv": [1.25, 6.75, 1.4375, 6.8125], "texture": "#0"},
				"south": {"uv": [3.5, 6.5, 3.875, 6.5625], "texture": "#0"},
				"west": {"uv": [1.4375, 6.75, 1.25, 6.8125], "texture": "#0"},
				"up": {"uv": [4.375, 5.9375, 4, 5.75], "texture": "#0"},
				"down": {"uv": [6.125, 4.5, 5.75, 4.6875], "texture": "#0"}
			}
		},
		{
			"from": [6.75, 9.45933, 12.3875],
			"to": [8.15, 9.75933, 13.4125],
			"rotation": {"angle": 0, "axis": "y", "origin": [7.45, 6.41558, 7.5375]},
			"faces": {
				"north": {"uv": [6.5, 3.5, 6.875, 3.5625], "texture": "#0"},
				"east": {"uv": [5.75, 6.5, 6, 6.5625], "texture": "#0"},
				"south": {"uv": [6.5, 3.75, 6.875, 3.8125], "texture": "#0"},
				"west": {"uv": [6, 6.5, 5.75, 6.5625], "texture": "#0"},
				"up": {"uv": [5.625, 3.75, 5.25, 3.5], "texture": "#0"},
				"down": {"uv": [5.625, 3.75, 5.25, 4], "texture": "#0"}
			}
		},
		{
			"from": [6.75, 9.75933, 12.3875],
			"to": [8.15, 10.85933, 13.7875],
			"rotation": {"angle": 0, "axis": "y", "origin": [7.45, 6.41558, 7.5375]},
			"faces": {
				"north": {"uv": [5.25, 4, 5.625, 4.25], "texture": "#0"},
				"east": {"uv": [5.25, 4.25, 5.625, 4.5], "texture": "#0"},
				"south": {"uv": [5.25, 4.5, 5.625, 4.75], "texture": "#0"},
				"west": {"uv": [5.625, 4.25, 5.25, 4.5], "texture": "#0"},
				"up": {"uv": [4.875, 4.125, 4.5, 3.75], "texture": "#0"},
				"down": {"uv": [4.375, 4.5, 4, 4.875], "texture": "#0"}
			}
		},
		{
			"from": [6.75, 10.05933, 9.9875],
			"to": [8.15, 10.45933, 12.3875],
			"rotation": {"angle": 0, "axis": "y", "origin": [7.45, 6.41558, 7.5375]},
			"faces": {
				"north": {"uv": [4.5, 6, 4.875, 6.125], "texture": "#0"},
				"east": {"uv": [5.25, 5.5, 5.875, 5.625], "texture": "#0"},
				"south": {"uv": [5, 6, 5.375, 6.125], "texture": "#0"},
				"west": {"uv": [5.875, 5.5, 5.25, 5.625], "texture": "#0"},
				"up": {"uv": [4.375, 1.125, 4, 0.5], "texture": "#0"},
				"down": {"uv": [4.375, 1.25, 4, 1.875], "texture": "#0"}
			}
		},
		{
			"from": [6.75, 9.15933, 10.3875],
			"to": [8.15, 10.05933, 12.3875],
			"rotation": {"angle": 0, "axis": "y", "origin": [7.45, 6.41558, 7.5375]},
			"faces": {
				"north": {"uv": [5.25, 5, 5.625, 5.25], "texture": "#0"},
				"east": {"uv": [3, 1, 3.5, 1.25], "texture": "#0"},
				"south": {"uv": [5.25, 5.25, 5.625, 5.5], "texture": "#0"},
				"west": {"uv": [3.5, 1, 3, 1.25], "texture": "#0"},
				"up": {"uv": [4.875, 1.5, 4.5, 1], "texture": "#0"},
				"down": {"uv": [4.875, 1.5, 4.5, 2], "texture": "#0"}
			}
		},
		{
			"from": [6.75, 5.75933, 15.7875],
			"to": [8.15, 10.85933, 17.0875],
			"rotation": {"angle": 0, "axis": "y", "origin": [7.45, 6.41558, 7.5375]},
			"faces": {
				"north": {"uv": [2.25, 1.5, 2.625, 2.75], "texture": "#0"},
				"east": {"uv": [1, 3.25, 1.3125, 4.5], "texture": "#0"},
				"south": {"uv": [2.5, 0, 2.875, 1.25], "texture": "#0"},
				"west": {"uv": [1.3125, 3.25, 1, 4.5], "texture": "#0"},
				"up": {"uv": [5.375, 2.8125, 5, 2.5], "texture": "#0"},
				"down": {"uv": [5.375, 3, 5, 3.3125], "texture": "#0"}
			}
		},
		{
			"from": [6.75, 9.45933, 17.0875],
			"to": [8.15, 10.45933, 17.4875],
			"rotation": {"angle": 0, "axis": "y", "origin": [7.45, 6.41558, 7.5375]},
			"faces": {
				"north": {"uv": [5.5, 0.5, 5.875, 0.75], "texture": "#0"},
				"east": {"uv": [3.25, 6.25, 3.375, 6.5], "texture": "#0"},
				"south": {"uv": [5.5, 0.75, 5.875, 1], "texture": "#0"},
				"west": {"uv": [3.375, 6.25, 3.25, 6.5], "texture": "#0"},
				"up": {"uv": [6.375, 5.625, 6, 5.5], "texture": "#0"},
				"down": {"uv": [6.375, 5.75, 6, 5.875], "texture": "#0"}
			}
		},
		{
			"from": [6.75, 5.75933, 17.0875],
			"to": [8.15, 6.75933, 17.4875],
			"rotation": {"angle": 0, "axis": "y", "origin": [7.45, 6.41558, 7.5375]},
			"faces": {
				"north": {"uv": [5.5, 1, 5.875, 1.25], "texture": "#0"},
				"east": {"uv": [6.25, 3.5, 6.375, 3.75], "texture": "#0"},
				"south": {"uv": [5.5, 1.25, 5.875, 1.5], "texture": "#0"},
				"west": {"uv": [6.375, 3.5, 6.25, 3.75], "texture": "#0"},
				"up": {"uv": [6.375, 6.125, 6, 6], "texture": "#0"},
				"down": {"uv": [0.375, 6.25, 0, 6.375], "texture": "#0"}
			}
		},
		{
			"from": [6.75, 5.45933, 16.1875],
			"to": [8.15, 5.75933, 17.0875],
			"rotation": {"angle": 0, "axis": "y", "origin": [7.45, 6.41558, 7.5375]},
			"faces": {
				"north": {"uv": [4, 6.5, 4.375, 6.5625], "texture": "#0"},
				"east": {"uv": [6, 6.5, 6.25, 6.5625], "texture": "#0"},
				"south": {"uv": [6.5, 4, 6.875, 4.0625], "texture": "#0"},
				"west": {"uv": [6, 6.5, 6.25, 6.5625], "texture": "#0"},
				"up": {"uv": [5.875, 1.75, 5.5, 1.5], "texture": "#0"},
				"down": {"uv": [5.875, 1.75, 5.5, 2], "texture": "#0"}
			}
		},
		{
			"from": [7.05, 4.30933, 10.9875],
			"to": [7.85, 4.70933, 13.0375],
			"rotation": {"angle": 0, "axis": "y", "origin": [7.45, 7.44058, 6.9875]},
			"faces": {
				"north": {"uv": [1.75, 5.5, 1.9375, 5.625], "texture": "#0"},
				"east": {"uv": [4.5, 2.5, 5, 2.625], "texture": "#0"},
				"south": {"uv": [2, 5.5, 2.1875, 5.625], "texture": "#0"},
				"west": {"uv": [5, 2.5, 4.5, 2.625], "texture": "#0"},
				"up": {"uv": [2.1875, 2.5, 2, 2], "texture": "#0"},
				"down": {"uv": [2.9375, 3.25, 2.75, 3.75], "texture": "#0"}
			}
		},
		{
			"from": [7.05, 6.00933, 13.7875],
			"to": [7.85, 6.45933, 16.0375],
			"rotation": {"angle": 0, "axis": "y", "origin": [7.45, 8.54058, 6.6125]},
			"faces": {
				"north": {"uv": [5.5, 2.25, 5.6875, 2.375], "texture": "#0"},
				"east": {"uv": [3.75, 3, 4.3125, 3.125], "texture": "#0"},
				"south": {"uv": [0, 5.75, 0.1875, 5.875], "texture": "#0"},
				"west": {"uv": [4.3125, 3, 3.75, 3.125], "texture": "#0"},
				"up": {"uv": [3.4375, 1.8125, 3.25, 1.25], "texture": "#0"},
				"down": {"uv": [3.4375, 3, 3.25, 3.5625], "texture": "#0"}
			}
		},
		{
			"from": [7.05, 5.65933, 12.7875],
			"to": [7.85, 6.00933, 15.0375],
			"rotation": {"angle": 0, "axis": "y", "origin": [7.45, 8.69058, 6.6125]},
			"faces": {
				"north": {"uv": [6.25, 4.5, 6.4375, 4.5625], "texture": "#0"},
				"east": {"uv": [3.25, 5.25, 3.8125, 5.3125], "texture": "#0"},
				"south": {"uv": [4.75, 6.25, 4.9375, 6.3125], "texture": "#0"},
				"west": {"uv": [3.8125, 5.25, 3.25, 5.3125], "texture": "#0"},
				"up": {"uv": [3.6875, 3.5625, 3.5, 3], "texture": "#0"},
				"down": {"uv": [4.4375, 2, 4.25, 2.5625], "texture": "#0"}
			}
		},
		{
			"from": [7.05, 5.03433, 13.5375],
			"to": [7.85, 5.35933, 14.0875],
			"rotation": {"angle": 0, "axis": "y", "origin": [7.45, 8.09058, 10.1125]},
			"faces": {
				"north": {"uv": [6.25, 4.75, 6.4375, 4.8125], "texture": "#0"},
				"east": {"uv": [4.75, 6.5, 4.875, 6.5625], "texture": "#0"},
				"south": {"uv": [5, 6.25, 5.1875, 6.3125], "texture": "#0"},
				"west": {"uv": [4.875, 6.5, 4.75, 6.5625], "texture": "#0"},
				"up": {"uv": [0.4375, 5.875, 0.25, 5.75], "texture": "#0"},
				"down": {"uv": [0.6875, 5.75, 0.5, 5.875], "texture": "#0"}
			}
		},
		{
			"from": [7.05, 6.45933, 14.2875],
			"to": [7.85, 6.70933, 15.2375],
			"rotation": {"angle": 0, "axis": "y", "origin": [7.45, 8.99058, 6.6125]},
			"faces": {
				"north": {"uv": [0.75, 5.75, 0.9375, 5.875], "texture": "#0"},
				"east": {"uv": [6, 0.5, 6.125, 0.625], "texture": "#0"},
				"south": {"uv": [1.25, 5.75, 1.4375, 5.875], "texture": "#0"},
				"west": {"uv": [6.125, 0.5, 6, 0.625], "texture": "#0"},
				"up": {"uv": [1.6875, 5.875, 1.5, 5.75], "texture": "#0"},
				"down": {"uv": [1.9375, 5.75, 1.75, 5.875], "texture": "#0"}
			}
		},
		{
			"from": [7.05, 4.70933, 10.4875],
			"to": [7.85, 5.35933, 13.5375],
			"rotation": {"angle": 0, "axis": "y", "origin": [7.45, 8.09058, 7.0625]},
			"faces": {
				"north": {"uv": [4.75, 2.25, 4.9375, 2.4375], "texture": "#0"},
				"east": {"uv": [0, 1.25, 0.75, 1.4375], "texture": "#0"},
				"south": {"uv": [3.25, 4.75, 3.4375, 4.9375], "texture": "#0"},
				"west": {"uv": [0.75, 1.25, 0, 1.4375], "texture": "#0"},
				"up": {"uv": [1.6875, 1.5, 1.5, 0.75], "texture": "#0"},
				"down": {"uv": [1.9375, 0.75, 1.75, 1.5], "texture": "#0"}
			}
		},
		{
			"from": [7.05, 5.35933, 12.4875],
			"to": [7.85, 5.65933, 14.5375],
			"rotation": {"angle": 0, "axis": "y", "origin": [7.45, 7.99058, 7.0625]},
			"faces": {
				"north": {"uv": [6.25, 5, 6.4375, 5.0625], "texture": "#0"},
				"east": {"uv": [5.25, 0.25, 5.75, 0.3125], "texture": "#0"},
				"south": {"uv": [6.25, 6.25, 6.4375, 6.3125], "texture": "#0"},
				"west": {"uv": [5.75, 0.25, 5.25, 0.3125], "texture": "#0"},
				"up": {"uv": [3.1875, 3.75, 3, 3.25], "texture": "#0"},
				"down": {"uv": [4.6875, 0.25, 4.5, 0.75], "texture": "#0"}
			}
		},
		{
			"from": [7.05, 7.70933, 11.9125],
			"to": [7.85, 8.15933, 12.3875],
			"rotation": {"angle": 0, "axis": "y", "origin": [7.45, 6.41558, 7.9375]},
			"faces": {
				"north": {"uv": [2.75, 6.5, 2.9375, 6.625], "texture": "#0"},
				"east": {"uv": [7.63438, 3.50313, 7.75313, 3.61563], "texture": "#0"},
				"south": {"uv": [1.6875, 5.875, 1.5, 5.75], "texture": "#0"},
				"west": {"uv": [7.75313, 3.50313, 7.63438, 3.61563], "texture": "#0"},
				"up": {"uv": [5.1875, 4.8125, 5, 4.25], "texture": "#0"},
				"down": {"uv": [1.6875, 5.875, 1.5, 5.75], "texture": "#0"}
			}
		},
		{
			"from": [7.05, 7.38433, 10.5125],
			"to": [7.825, 8.08433, 11.9125],
			"rotation": {"angle": 0, "axis": "y", "origin": [7.6, 6.34058, 7.4625]},
			"faces": {
				"north": {"uv": [2.75, 6.5, 2.9375, 6.625], "texture": "#0"},
				"east": {"uv": [7.62969, 3.45625, 7.97969, 3.63125], "texture": "#0"},
				"south": {"uv": [1.6875, 5.875, 1.5, 5.75], "texture": "#0"},
				"west": {"uv": [7.97969, 3.45625, 7.62969, 3.63125], "texture": "#0"},
				"up": {"uv": [5.1875, 4.8125, 5, 4.25], "texture": "#0"},
				"down": {"uv": [1.6875, 5.875, 1.5, 5.75], "texture": "#0"}
			}
		},
		{
			"from": [7.05, 7.45933, 14.3875],
			"to": [7.85, 8.05933, 15.2125],
			"rotation": {"angle": 0, "axis": "y", "origin": [7.45, 6.41558, 8.0875]},
			"faces": {
				"north": {"uv": [1.75, 6.5, 1.9375, 6.625], "texture": "#0"},
				"east": {"uv": [7.79375, 3.6875, 8, 3.80625], "texture": "#0"},
				"south": {"uv": [6.5, 2.5, 6.6875, 2.625], "texture": "#0"},
				"west": {"uv": [8, 3.6875, 7.79375, 3.80625], "texture": "#0"},
				"up": {"uv": [1.6875, 3.75, 1.5, 3.25], "texture": "#0"},
				"down": {"uv": [5.4375, 0.5, 5.25, 1], "texture": "#0"}
			}
		},
		{
			"from": [7.05, 8.05933, 12.3875],
			"to": [7.85, 8.45933, 14.7875],
			"rotation": {"angle": 0, "axis": "y", "origin": [7.45, 6.41558, 7.5375]},
			"faces": {
				"north": {"uv": [2.75, 6.5, 2.9375, 6.625], "texture": "#0"},
				"east": {"uv": [7.4375, 3.83125, 8, 3.93125], "texture": "#0"},
				"south": {"uv": [6.5, 2.75, 6.6875, 2.875], "texture": "#0"},
				"west": {"uv": [8, 3.83125, 7.4375, 3.93125], "texture": "#0"},
				"up": {"uv": [5.1875, 4.8125, 5, 4.25], "texture": "#0"},
				"down": {"uv": [1.6875, 5.875, 1.5, 5.75], "texture": "#0"}
			}
		},
		{
			"from": [6.85, 11.37722, 5.0661],
			"to": [8.05, 11.72722, 5.72041],
			"rotation": {"angle": 0, "axis": "y", "origin": [7, 7.425, 0.3536]},
			"faces": {
				"north": {"uv": [8.5, 8, 8.8125, 8.0625], "texture": "#0"},
				"east": {"uv": [6.5, 8.5, 6.6875, 8.5625], "texture": "#0"},
				"south": {"uv": [8.5, 8, 8.8125, 8.0625], "texture": "#0"},
				"west": {"uv": [0, 8.75, 0.1875, 8.8125], "texture": "#0"},
				"up": {"uv": [8.5625, 4.1875, 8.25, 4], "texture": "#0"},
				"down": {"uv": [6.0625, 2.75, 5.75, 2.9375], "texture": "#0"}
			}
		},
		{
			"from": [6.85, 11.37722, 6.0661],
			"to": [8.05, 11.72722, 6.72041],
			"rotation": {"angle": 0, "axis": "y", "origin": [7, 7.425, 0.3536]},
			"faces": {
				"north": {"uv": [8.5, 8, 8.8125, 8.0625], "texture": "#0"},
				"east": {"uv": [0.25, 8.75, 0.4375, 8.8125], "texture": "#0"},
				"south": {"uv": [8.5, 8, 8.8125, 8.0625], "texture": "#0"},
				"west": {"uv": [0.5, 8.75, 0.6875, 8.8125], "texture": "#0"},
				"up": {"uv": [8.5625, 4.1875, 8.25, 4], "texture": "#0"},
				"down": {"uv": [0.8125, 6, 0.5, 6.1875], "texture": "#0"}
			}
		},
		{
			"from": [6.85, 11.37722, 7.0661],
			"to": [8.05, 11.72722, 7.72041],
			"rotation": {"angle": 0, "axis": "y", "origin": [7, 7.425, 0.3536]},
			"faces": {
				"north": {"uv": [8.5, 8, 8.8125, 8.0625], "texture": "#0"},
				"east": {"uv": [0.75, 8.75, 0.9375, 8.8125], "texture": "#0"},
				"south": {"uv": [8.5, 8, 8.8125, 8.0625], "texture": "#0"},
				"west": {"uv": [1, 8.75, 1.1875, 8.8125], "texture": "#0"},
				"up": {"uv": [8.5625, 4.1875, 8.25, 4], "texture": "#0"},
				"down": {"uv": [3.5625, 6, 3.25, 6.1875], "texture": "#0"}
			}
		},
		{
			"from": [6.85, 11.37722, 8.0661],
			"to": [8.05, 11.72722, 8.72041],
			"rotation": {"angle": 0, "axis": "y", "origin": [7, 7.425, 0.3536]},
			"faces": {
				"north": {"uv": [8.5, 8, 8.8125, 8.0625], "texture": "#0"},
				"east": {"uv": [1.75, 8.75, 1.9375, 8.8125], "texture": "#0"},
				"south": {"uv": [8.5, 8, 8.8125, 8.0625], "texture": "#0"},
				"west": {"uv": [2, 8.75, 2.1875, 8.8125], "texture": "#0"},
				"up": {"uv": [8.5625, 4.1875, 8.25, 4], "texture": "#0"},
				"down": {"uv": [3.5625, 8.25, 3.25, 8.4375], "texture": "#0"}
			}
		},
		{
			"from": [6.85, 11.37722, 9.0661],
			"to": [8.05, 11.72722, 9.72041],
			"rotation": {"angle": 0, "axis": "y", "origin": [7, 7.425, 0.3536]},
			"faces": {
				"north": {"uv": [8.5, 8, 8.8125, 8.0625], "texture": "#0"},
				"east": {"uv": [2.75, 8.75, 2.9375, 8.8125], "texture": "#0"},
				"south": {"uv": [8.5, 8, 8.8125, 8.0625], "texture": "#0"},
				"west": {"uv": [3, 8.75, 3.1875, 8.8125], "texture": "#0"},
				"up": {"uv": [8.5625, 4.1875, 8.25, 4], "texture": "#0"},
				"down": {"uv": [8.5625, 3.75, 8.25, 3.9375], "texture": "#0"}
			}
		},
		{
			"from": [6.85, 11.37722, 10.0661],
			"to": [8.05, 11.72722, 10.72041],
			"rotation": {"angle": 0, "axis": "y", "origin": [7, 7.425, 0.3536]},
			"faces": {
				"north": {"uv": [8.5, 8, 8.8125, 8.0625], "texture": "#0"},
				"east": {"uv": [3.25, 8.75, 3.4375, 8.8125], "texture": "#0"},
				"south": {"uv": [8.5, 8, 8.8125, 8.0625], "texture": "#0"},
				"west": {"uv": [3.5, 8.75, 3.6875, 8.8125], "texture": "#0"},
				"up": {"uv": [8.5625, 4.1875, 8.25, 4], "texture": "#0"},
				"down": {"uv": [8.5625, 4.25, 8.25, 4.4375], "texture": "#0"}
			}
		},
		{
			"from": [6.95, 11.02722, 4.4661],
			"to": [7.95, 11.37722, 11.32041],
			"rotation": {"angle": 0, "axis": "y", "origin": [7, 7.425, 0.3536]},
			"faces": {
				"north": {"uv": [7, 3.75, 7.25, 3.8125], "texture": "#0"},
				"east": {"uv": [8, 3.25, 9.6875, 3.3125], "texture": "#0"},
				"south": {"uv": [4.75, 7.25, 5, 7.3125], "texture": "#0"},
				"west": {"uv": [8, 3.5, 9.6875, 3.5625], "texture": "#0"},
				"up": {"uv": [7.75, 8.1875, 7.5, 6.5], "texture": "#0"},
				"down": {"uv": [7, 7.5, 6.75, 9.1875], "texture": "#0"}
			}
		},
		{
			"from": [6.45, 6.62722, -6.28822],
			"to": [8.45, 8.62722, 1.3161],
			"rotation": {"angle": 0, "axis": "y", "origin": [7, 7.425, 0.3536]},
			"faces": {
				"north": {"uv": [3.25, 2.5, 3.75, 3], "texture": "#0"},
				"east": {"uv": [6, 0.75, 7.875, 1.25], "texture": "#0"},
				"south": {"uv": [0, 4.75, 0.5, 5.25], "texture": "#0"},
				"west": {"uv": [7.875, 0.75, 6, 1.25], "texture": "#0"},
				"up": {"uv": [7.875, 0.75, 6, 1.25], "rotation": 90, "texture": "#0"},
				"down": {"uv": [6, 0.75, 7.875, 1.25], "rotation": 90, "texture": "#0"}
			}
		},
		{
			"from": [6.75, 6.16028, 1.11106],
			"to": [8.15, 8.46028, 4.71106],
			"rotation": {"angle": 0, "axis": "y", "origin": [7, 7.425, 0.3536]},
			"faces": {
				"north": {"uv": [0.5, 4.75, 0.875, 5.3125], "texture": "#0"},
				"east": {"uv": [7, 4, 7.875, 4.5625], "texture": "#0"},
				"south": {"uv": [7, 3, 7.375, 3.5625], "texture": "#0"},
				"west": {"uv": [7.875, 4, 7, 4.5625], "texture": "#0"},
				"up": {"uv": [8.125, 6.625, 7.75, 5.75], "texture": "#0"},
				"down": {"uv": [8.125, 6.75, 7.75, 7.625], "texture": "#0"}
			}
		},
		{
			"from": [6.95, 6.37722, -5.2839],
			"to": [7.95, 6.72722, 1.57041],
			"rotation": {"angle": 0, "axis": "y", "origin": [7, 7.425, 0.3536]},
			"faces": {
				"north": {"uv": [3.25, 6.75, 3.5, 6.8125], "texture": "#0"},
				"east": {"uv": [8, 1.25, 9.6875, 1.3125], "texture": "#0"},
				"south": {"uv": [3.75, 6.75, 4, 6.8125], "texture": "#0"},
				"west": {"uv": [8, 1.5, 9.6875, 1.5625], "texture": "#0"},
				"up": {"uv": [6.75, 8.4375, 6.5, 6.75], "texture": "#0"},
				"down": {"uv": [7.75, 4.75, 7.5, 6.4375], "texture": "#0"}
			}
		},
		{
			"from": [6.35, 8.47722, -1.2089],
			"to": [8.55, 9.02722, 4.72041],
			"rotation": {"angle": 0, "axis": "y", "origin": [7, 7.425, 0.3536]},
			"faces": {
				"north": {"uv": [5.25, 4.75, 5.8125, 4.875], "texture": "#0"},
				"east": {"uv": [1.25, 6, 2.75, 6.125], "texture": "#0"},
				"south": {"uv": [5.75, 8, 6.3125, 8.125], "texture": "#0"},
				"west": {"uv": [8, 0.75, 9.5, 0.875], "texture": "#0"},
				"up": {"uv": [7.3125, 6.25, 6.75, 4.75], "texture": "#0"},
				"down": {"uv": [5.5625, 6.75, 5, 8.25], "texture": "#0"}
			}
		},
		{
			"from": [5.95, 6.65222, -2.01322],
			"to": [8.95, 9.05222, 1.3661],
			"rotation": {"angle": 0, "axis": "y", "origin": [7, 7.425, 0.3536]},
			"faces": {
				"north": {"uv": [0.75, 0.75, 1.5, 1.375], "texture": "#0"},
				"east": {"uv": [6.75, 2.25, 7.625, 2.875], "texture": "#0"},
				"south": {"uv": [4, 7, 4.75, 7.625], "texture": "#0"},
				"west": {"uv": [3, 7, 3.875, 7.625], "texture": "#0"},
				"up": {"uv": [0.75, 7.875, 0, 7], "texture": "#0"},
				"down": {"uv": [3, 7, 2.25, 7.875], "texture": "#0"}
			}
		},
		{
			"from": [6.95, 9.02722, -2.5339],
			"to": [7.95, 9.37722, 4.32041],
			"rotation": {"angle": 0, "axis": "y", "origin": [7, 7.425, 0.3536]},
			"faces": {
				"north": {"uv": [7, 3.75, 7.25, 3.8125], "texture": "#0"},
				"east": {"uv": [8, 3.25, 9.6875, 3.3125], "texture": "#0"},
				"south": {"uv": [4.75, 7.25, 5, 7.3125], "texture": "#0"},
				"west": {"uv": [8, 3.5, 9.6875, 3.5625], "texture": "#0"},
				"up": {"uv": [7.75, 8.1875, 7.5, 6.5], "texture": "#0"},
				"down": {"uv": [7, 7.5, 6.75, 9.1875], "texture": "#0"}
			}
		},
		{
			"name": "trigger",
			"from": [7.25, 5.76028, 2.73606],
			"to": [7.65, 6.16028, 3.06106],
			"rotation": {"angle": 0, "axis": "y", "origin": [7, 7.425, 0.3536]},
			"faces": {
				"north": {"uv": [7.5, 3, 7.625, 3.125], "texture": "#0"},
				"east": {"uv": [6.25, 8.75, 6.3125, 8.875], "texture": "#0"},
				"south": {"uv": [0.5, 8.5, 0.625, 8.625], "texture": "#0"},
				"west": {"uv": [8.75, 6.25, 8.8125, 6.375], "texture": "#0"},
				"up": {"uv": [6.625, 8.8125, 6.5, 8.75], "texture": "#0"},
				"down": {"uv": [8.875, 6.5, 8.75, 6.5625], "texture": "#0"}
			}
		},
		{
			"from": [7.25, 5.43528, 1.68606],
			"to": [7.65, 6.16028, 2.01106],
			"rotation": {"angle": 0, "axis": "y", "origin": [7, 7.425, 0.3536]},
			"faces": {
				"north": {"uv": [6.5, 4.25, 6.625, 4.4375], "texture": "#0"},
				"east": {"uv": [3.75, 8.75, 3.8125, 8.9375], "texture": "#0"},
				"south": {"uv": [5, 6.5, 5.125, 6.6875], "texture": "#0"},
				"west": {"uv": [8.75, 3.75, 8.8125, 3.9375], "texture": "#0"},
				"up": {"uv": [8.875, 6.8125, 8.75, 6.75], "texture": "#0"},
				"down": {"uv": [7.125, 8.75, 7, 8.8125], "texture": "#0"}
			}
		},
		{
			"from": [7.25, 5.16028, 1.68606],
			"to": [7.65, 5.43528, 3.76106],
			"rotation": {"angle": 0, "axis": "y", "origin": [7, 7.425, 0.3536]},
			"faces": {
				"north": {"uv": [8.75, 7, 8.875, 7.0625], "texture": "#0"},
				"east": {"uv": [8, 8.25, 8.5, 8.3125], "texture": "#0"},
				"south": {"uv": [7.25, 8.75, 7.375, 8.8125], "texture": "#0"},
				"west": {"uv": [0, 8.5, 0.5, 8.5625], "texture": "#0"},
				"up": {"uv": [8.375, 3.25, 8.25, 2.75], "texture": "#0"},
				"down": {"uv": [3.125, 8.25, 3, 8.75], "texture": "#0"}
			}
		},
		{
			"from": [7.25, 5.43528, 3.43606],
			"to": [7.65, 6.16028, 3.76106],
			"rotation": {"angle": 0, "axis": "y", "origin": [7, 7.425, 2.1036]},
			"faces": {
				"north": {"uv": [6.5, 4.25, 6.625, 4.4375], "texture": "#0"},
				"east": {"uv": [3.75, 8.75, 3.8125, 8.9375], "texture": "#0"},
				"south": {"uv": [5, 6.5, 5.125, 6.6875], "texture": "#0"},
				"west": {"uv": [8.75, 3.75, 8.8125, 3.9375], "texture": "#0"},
				"up": {"uv": [8.875, 6.8125, 8.75, 6.75], "texture": "#0"},
				"down": {"uv": [7.125, 8.75, 7, 8.8125], "texture": "#0"}
			}
		},
		{
			"from": [6.25, 5.80222, -2.96322],
			"to": [8.65, 7.40222, 1.3411],
			"rotation": {"angle": 0, "axis": "y", "origin": [7, 7.425, 0.3536]},
			"faces": {
				"north": {"uv": [7.75, 7.75, 8.375, 8.125], "texture": "#0"},
				"east": {"uv": [6.75, 1.25, 7.8125, 1.625], "texture": "#0"},
				"south": {"uv": [0, 8, 0.625, 8.375], "texture": "#0"},
				"west": {"uv": [3, 7.75, 4.0625, 8.125], "texture": "#0"},
				"up": {"uv": [6.375, 7.8125, 5.75, 6.75], "texture": "#0"},
				"down": {"uv": [7.375, 6.25, 6.75, 7.3125], "texture": "#0"}
			}
		},
		{
			"from": [6.55, 5.30222, -2.06322],
			"to": [8.35, 5.80222, 1.3411],
			"rotation": {"angle": 0, "axis": "y", "origin": [7, 7.425, 0.3536]},
			"faces": {
				"north": {"uv": [8.25, 6, 8.6875, 6.125], "texture": "#0"},
				"east": {"uv": [5.75, 5.25, 6.625, 5.375], "texture": "#0"},
				"south": {"uv": [8.25, 6.25, 8.6875, 6.375], "texture": "#0"},
				"west": {"uv": [8, 1, 8.875, 1.125], "texture": "#0"},
				"up": {"uv": [4.6875, 8.625, 4.25, 7.75], "texture": "#0"},
				"down": {"uv": [8.1875, 4.75, 7.75, 5.625], "texture": "#0"}
			}
		},
		{
			"from": [7.7, 11.05933, 9.9125],
			"to": [8.1, 12.05933, 11.2125],
			"rotation": {"angle": 0, "axis": "y", "origin": [7.45, 10.39058, 7.0625]},
			"faces": {
				"north": {"uv": [1, 6.5, 1.125, 6.75], "texture": "#0"},
				"east": {"uv": [5.75, 0.25, 6.0625, 0.5], "texture": "#0"},
				"south": {"uv": [1.125, 6.5, 1, 6.75], "texture": "#0"},
				"west": {"uv": [6.0625, 0.25, 5.75, 0.5], "texture": "#0"},
				"up": {"uv": [6.25, 2.8125, 6.375, 2.5], "texture": "#0"},
				"down": {"uv": [6.375, 2, 6.25, 2.3125], "texture": "#0"}
			}
		},
		{
			"from": [6.8, 11.05933, 9.9125],
			"to": [7.2, 12.05933, 11.2125],
			"rotation": {"angle": 0, "axis": "y", "origin": [7.45, 10.39058, 7.0625]},
			"faces": {
				"north": {"uv": [1.125, 6.5, 1, 6.75], "texture": "#0"},
				"east": {"uv": [5.75, 0.25, 6.0625, 0.5], "texture": "#0"},
				"south": {"uv": [1, 6.5, 1.125, 6.75], "texture": "#0"},
				"west": {"uv": [6.0625, 0.25, 5.75, 0.5], "texture": "#0"},
				"up": {"uv": [6.375, 2.8125, 6.25, 2.5], "texture": "#0"},
				"down": {"uv": [6.375, 3, 6.25, 3.3125], "texture": "#0"}
			}
		}
	],
	"display": {
		"thirdperson_righthand": {
			"rotation": [67.5, 0, 0],
			"translation": [-1.25, 3.5, 1.75]
		},
		"thirdperson_lefthand": {
			"rotation": [67.5, 0, 0],
			"translation": [-2.25, 3.5, 1.75]
		},
		"firstperson_righthand": {
			"translation": [-1.5, -0.75, -6.5],
			"scale": [2, 2, 2]
		},
		"firstperson_lefthand": {
			"translation": [-3.75, -0.75, -6.5],
			"scale": [2, 2, 2]
		},
		"ground": {
			"translation": [0, 1.75, 0]
		},
		"gui": {
			"rotation": [163.34, -47.42, -178.07],
			"translation": [-2.25, -0.25, 0],
			"scale": [0.7, 0.7, 0.7]
		},
		"fixed": {
			"rotation": [0, 90, 0],
			"translation": [0, 0, -1.75],
			"scale": [2, 2, 2]
		}
	},
	"groups": [
		{
			"name": "baronator",
			"origin": [6.93553, 7.94161, 7.54189],
			"color": 0,
			"children": [
				{
					"name": "barrel",
					"origin": [7.45, 9.75933, -9.0875],
					"color": 1,
					"children": [0, 1]
				},
				{
					"name": "body",
					"origin": [7.45, 8.38433, 0.4125],
					"color": 0,
					"children": [2, 3, 4, 5, 6, 7, 8]
				},
				{
					"name": "trigger_guard",
					"origin": [7.45, 7.33433, 0.7875],
					"color": 0,
					"children": [9, 10, 11]
				},
				{
					"name": "handle",
					"origin": [7.45, 7.98433, 0.4125],
					"color": 8,
					"children": [12, 13, 14, 15, 16, 17]
				},
				{
					"name": "iron_sight_front",
					"origin": [7.45, 6.57192, 7.7625],
					"color": 0,
					"children": [18, 19, 20, 21]
				},
				{
					"name": "mag",
					"origin": [7.45, 8.09058, 8.5875],
					"color": 0,
					"children": [22, 23, 24, 25, 26, 27]
				},
				{
					"name": "stock",
					"origin": [7.23553, 6.42295, 8.24188],
					"color": 0,
					"children": [
						{
							"name": "stock_in",
							"origin": [7.75, 6.76567, 1.6125],
							"color": 0,
							"children": [28, 29, 30, 31, 32]
						},
						{
							"name": "stock_cover",
							"origin": [7.23553, 6.42295, 8.24188],
							"color": 9,
							"children": [33, 34, 35, 36, 37, 38, 39, 40, 41, 42, 43]
						},
						{
							"name": "handle_connector",
							"origin": [7.45, 8.99058, 6.6125],
							"color": 0,
							"children": [44, 45, 46, 47, 48, 49, 50, 51, 52, 53, 54]
						}
					]
				},
				{
					"name": "rail",
					"origin": [2.66545, 9.69147, 25.84325],
					"color": 0,
					"children": [55, 56, 57, 58, 59, 60, 61]
				},
				{
					"name": "under_barrel_grenade_launcher",
					"origin": [3, 8.51653, 34.36106],
					"color": 0,
					"children": [
						{
							"name": "barrel",
							"origin": [3, 8.51653, 34.36106],
							"color": 0,
							"children": [62]
						},
						{
							"name": "inner_body",
							"origin": [3, 8.11653, 34.36106],
							"color": 0,
							"children": [63, 64]
						},
						{
							"name": "body_cover",
							"origin": [2.66545, 10.14147, 26.46394],
							"color": 0,
							"children": [65, 66]
						},
						{
							"name": "rail",
							"origin": [2.66545, 9.69147, 25.84325],
							"color": 0,
							"children": [67]
						},
						{
							"name": "trigger_guard",
							"origin": [3, 7.76028, 28.08606],
							"color": 0,
							"children": [68, 69, 70, 71]
						},
						{
							"name": "grip",
							"origin": [2.66545, 8.54147, 26.46394],
							"color": 0,
							"children": [72, 73]
						}
					]
				},
				{
					"name": "iron_sight",
					"origin": [7.45, 10.39058, 7.0625],
					"color": 0,
					"children": [74, 75]
				}
			]
		}
	]
}