{
	"credit": "Made with Blockbench",
	"texture_size": [14, 14],
	"textures": {
		"2": "aoa3:item/yellow_eyeball",
		"3": "aoa3:item/blood_drainer",
		"5": "aoa3:item/red_flow"
	},
	"elements": [
		{
			"from": [6.75, 6.73897, 3.3579],
			"to": [9.25, 9.23897, 5.8579],
			"rotation": {"angle": 0, "axis": "y", "origin": [8, 7.375, 6.58165]},
			"faces": {
				"north": {"uv": [0, 0, 2.5, 2.5], "texture": "#2"},
				"east": {"uv": [0, 3, 2.5, 5.5], "texture": "#2"},
				"south": {"uv": [3, 0, 5.5, 2.5], "texture": "#2"},
				"west": {"uv": [3, 3, 5.5, 5.5], "texture": "#2"},
				"up": {"uv": [2.5, 8.5, 0, 6], "texture": "#2"},
				"down": {"uv": [8.5, 0, 6, 2.5], "texture": "#2"}
			}
		},
		{
			"from": [6.5, 6.98897, 3.6079],
			"to": [9.5, 8.98897, 5.6079],
			"rotation": {"angle": 0, "axis": "y", "origin": [8, 7.375, 6.58165]},
			"faces": {
				"north": {"uv": [3, 6, 6, 8], "texture": "#2"},
				"east": {"uv": [11, 0, 13, 2], "texture": "#2"},
				"south": {"uv": [6, 3, 9, 5], "texture": "#2"},
				"west": {"uv": [2, 11, 4, 13], "texture": "#2"},
				"up": {"uv": [9, 7, 6, 5], "texture": "#2"},
				"down": {"uv": [9, 7, 6, 9], "texture": "#2"}
			}
		},
		{
			"from": [7, 6.48897, 3.6079],
			"to": [9, 9.48897, 5.6079],
			"rotation": {"angle": 0, "axis": "y", "origin": [8, 7.375, 6.58165]},
			"faces": {
				"north": {"uv": [3, 8, 5, 11], "texture": "#2"},
				"east": {"uv": [0, 9, 2, 12], "texture": "#2"},
				"south": {"uv": [9, 0, 11, 3], "texture": "#2"},
				"west": {"uv": [9, 3, 11, 6], "texture": "#2"},
				"up": {"uv": [13, 4, 11, 2], "texture": "#2"},
				"down": {"uv": [6, 11, 4, 13], "texture": "#2"}
			}
		},
		{
			"from": [7, 6.98897, 3.1079],
			"to": [9, 8.98897, 6.1079],
			"rotation": {"angle": 0, "axis": "y", "origin": [8, 7.375, 6.58165]},
			"faces": {
				"north": {"uv": [11, 4, 13, 6], "texture": "#2"},
				"east": {"uv": [5, 9, 8, 11], "texture": "#2"},
				"south": {"uv": [6, 11, 8, 13], "texture": "#2"},
				"west": {"uv": [9, 6, 12, 8], "texture": "#2"},
				"up": {"uv": [10, 12, 8, 9], "texture": "#2"},
				"down": {"uv": [12, 8, 10, 11], "texture": "#2"}
			}
		},
		{
			"from": [7.05, 5.1405, 5.28018],
			"to": [8.95, 6.8155, 9.87518],
			"rotation": {"angle": 0, "axis": "y", "origin": [11.2, 6.495, 6.10665]},
			"faces": {
				"north": {"uv": [7, 4, 8, 4.875], "texture": "#3"},
				"east": {"uv": [4, 0, 6.25, 0.875], "texture": "#3"},
				"south": {"uv": [7, 5, 8, 5.875], "texture": "#3"},
				"west": {"uv": [6.25, 0, 4, 0.875], "texture": "#3"},
				"up": {"uv": [2, 5.25, 1, 3], "texture": "#3"},
				"down": {"uv": [4, 2.5, 3, 4.75], "texture": "#3"}
			}
		},
		{
			"from": [7.05, 6.8155, 5.28018],
			"to": [8.95, 7.2655, 10.37518],
			"rotation": {"angle": 0, "axis": "y", "origin": [11.2, 6.495, 6.10665]},
			"faces": {
				"north": {"uv": [5, 10, 6, 10.25], "texture": "#3"},
				"east": {"uv": [0, 9, 2.5, 9.25], "texture": "#3"},
				"south": {"uv": [6, 10, 7, 10.25], "texture": "#3"},
				"west": {"uv": [2.5, 9, 0, 9.25], "texture": "#3"},
				"up": {"uv": [3, 2.5, 2, 0], "texture": "#3"},
				"down": {"uv": [3, 2.5, 2, 5], "texture": "#3"}
			}
		},
		{
			"from": [7.05, 7.2655, 6.11018],
			"to": [8.95, 7.7505, 10.83018],
			"rotation": {"angle": 0, "axis": "y", "origin": [11.2, 6.945, 7.36165]},
			"faces": {
				"north": {"uv": [7, 10, 8, 10.25], "texture": "#3"},
				"east": {"uv": [9, 0.5, 11.375, 0.75], "texture": "#3"},
				"south": {"uv": [10, 7, 11, 7.25], "texture": "#3"},
				"west": {"uv": [11.375, 0.5, 9, 0.75], "texture": "#3"},
				"up": {"uv": [1, 5.375, 0, 3], "texture": "#3"},
				"down": {"uv": [4, 0, 3, 2.375], "texture": "#3"}
			}
		},
		{
			"from": [7.05, 7.7505, 6.11018],
			"to": [8.95, 9.2105, 11.33018],
			"rotation": {"angle": 0, "axis": "y", "origin": [11.2, 6.93, 6.86165]},
			"faces": {
				"north": {"uv": [0, 8, 1, 8.75], "texture": "#3"},
				"east": {"uv": [4, 2, 6.625, 2.75], "texture": "#3"},
				"south": {"uv": [1, 8, 2, 8.75], "texture": "#3"},
				"west": {"uv": [6.625, 2, 4, 2.75], "texture": "#3"},
				"up": {"uv": [1, 2.625, 0, 0], "texture": "#3"},
				"down": {"uv": [2, 0, 1, 2.625], "texture": "#3"}
			}
		},
		{
			"from": [7.3, 9.1705, 11.55518],
			"to": [8.7, 9.6305, 13.07518],
			"rotation": {"angle": 0, "axis": "y", "origin": [11.2, 7.375, 6.58165]},
			"faces": {
				"north": {"uv": [2, 10.5, 2.75, 10.75], "texture": "#3"},
				"east": {"uv": [3, 10.5, 3.75, 10.75], "texture": "#3"},
				"south": {"uv": [4, 10.5, 4.75, 10.75], "texture": "#3"},
				"west": {"uv": [3.75, 10.5, 3, 10.75], "texture": "#3"},
				"up": {"uv": [9.75, 2.25, 9, 1.5], "texture": "#3"},
				"down": {"uv": [3.25, 9, 2.5, 9.75], "texture": "#3"}
			}
		},
		{
			"from": [7.3, 8.7105, 11.08018],
			"to": [8.7, 9.1705, 13.45018],
			"rotation": {"angle": 0, "axis": "y", "origin": [11.2, 7.39, 6.58165]},
			"faces": {
				"north": {"uv": [10.5, 5, 11.25, 5.25], "texture": "#3"},
				"east": {"uv": [10, 3, 11.125, 3.25], "texture": "#3"},
				"south": {"uv": [10.5, 5.5, 11.25, 5.75], "texture": "#3"},
				"west": {"uv": [11.125, 3, 10, 3.25], "texture": "#3"},
				"up": {"uv": [6.75, 8.125, 6, 7], "texture": "#3"},
				"down": {"uv": [7.75, 6, 7, 7.125], "texture": "#3"}
			}
		},
		{
			"from": [7.3, 7.7505, 11.08018],
			"to": [8.7, 8.7105, 15.80018],
			"rotation": {"angle": 0, "axis": "y", "origin": [11.2, 6.93, 6.58165]},
			"faces": {
				"north": {"uv": [9.5, 5.5, 10.25, 6], "texture": "#3"},
				"east": {"uv": [6.5, 0, 8.875, 0.5], "texture": "#3"},
				"south": {"uv": [6, 9.5, 6.75, 10], "texture": "#3"},
				"west": {"uv": [8.875, 0, 6.5, 0.5], "texture": "#3"},
				"up": {"uv": [3.75, 7.375, 3, 5], "texture": "#3"},
				"down": {"uv": [5.75, 4, 5, 6.375], "texture": "#3"}
			}
		},
		{
			"from": [7.3, 7.2655, 10.58018],
			"to": [8.7, 7.7505, 15.80018],
			"rotation": {"angle": 0, "axis": "y", "origin": [11.2, 6.945, 6.58165]},
			"faces": {
				"north": {"uv": [6, 10.5, 6.75, 10.75], "texture": "#3"},
				"east": {"uv": [8, 6, 10.625, 6.25], "texture": "#3"},
				"south": {"uv": [7, 10.5, 7.75, 10.75], "texture": "#3"},
				"west": {"uv": [10.625, 6, 8, 6.25], "texture": "#3"},
				"up": {"uv": [4.75, 6.625, 4, 4], "texture": "#3"},
				"down": {"uv": [2.75, 5, 2, 7.625], "texture": "#3"}
			}
		},
		{
			"from": [7.3, 8.7105, 14.88018],
			"to": [8.7, 9.1705, 15.80018],
			"rotation": {"angle": 0, "axis": "y", "origin": [11.2, 7.39, 6.70665]},
			"faces": {
				"north": {"uv": [8, 10.5, 8.75, 10.75], "texture": "#3"},
				"east": {"uv": [6.5, 1, 7, 1.25], "texture": "#3"},
				"south": {"uv": [9, 10.5, 9.75, 10.75], "texture": "#3"},
				"west": {"uv": [7, 1, 6.5, 1.25], "texture": "#3"},
				"up": {"uv": [0.75, 10.5, 0, 10], "texture": "#3"},
				"down": {"uv": [1.75, 10, 1, 10.5], "texture": "#3"}
			}
		},
		{
			"from": [7.3, 6.7805, 13.93018],
			"to": [8.7, 7.2655, 15.80018],
			"rotation": {"angle": 0, "axis": "y", "origin": [11.2, 6.46, 6.58165]},
			"faces": {
				"north": {"uv": [10, 10.5, 10.75, 10.75], "texture": "#3"},
				"east": {"uv": [10, 9.5, 10.875, 9.75], "texture": "#3"},
				"south": {"uv": [0, 11, 0.75, 11.25], "texture": "#3"},
				"west": {"uv": [10.875, 9.5, 10, 9.75], "texture": "#3"},
				"up": {"uv": [8.75, 7.875, 8, 7], "texture": "#3"},
				"down": {"uv": [8.75, 8, 8, 8.875], "texture": "#3"}
			}
		},
		{
			"from": [7.3, 5.3705, 14.40518],
			"to": [8.7, 6.7805, 15.80018],
			"rotation": {"angle": 0, "axis": "y", "origin": [11.2, 5.975, 6.58165]},
			"faces": {
				"north": {"uv": [9, 2.5, 9.75, 3.25], "texture": "#3"},
				"east": {"uv": [9, 3.5, 9.75, 4.25], "texture": "#3"},
				"south": {"uv": [5, 9, 5.75, 9.75], "texture": "#3"},
				"west": {"uv": [9.75, 3.5, 9, 4.25], "texture": "#3"},
				"up": {"uv": [9.75, 7.75, 9, 7], "texture": "#3"},
				"down": {"uv": [8.75, 9, 8, 9.75], "texture": "#3"}
			}
		},
		{
			"from": [7.3, 4.8855, 14.08018],
			"to": [8.7, 5.3705, 15.50018],
			"rotation": {"angle": 0, "axis": "y", "origin": [11.2, 4.565, 6.58165]},
			"faces": {
				"north": {"uv": [1, 11, 1.75, 11.25], "texture": "#3"},
				"east": {"uv": [2, 11, 2.75, 11.25], "texture": "#3"},
				"south": {"uv": [3, 11, 3.75, 11.25], "texture": "#3"},
				"west": {"uv": [2.75, 11, 2, 11.25], "texture": "#3"},
				"up": {"uv": [9.75, 8.75, 9, 8], "texture": "#3"},
				"down": {"uv": [9.75, 9, 9, 9.75], "texture": "#3"}
			}
		},
		{
			"from": [7.3, 4.4005, 11.08018],
			"to": [8.7, 4.8855, 15.35018],
			"rotation": {"angle": 0, "axis": "y", "origin": [11.2, 4.58, 6.58165]},
			"faces": {
				"north": {"uv": [5, 11, 5.75, 11.25], "texture": "#3"},
				"east": {"uv": [9, 4.5, 11.125, 4.75], "texture": "#3"},
				"south": {"uv": [6, 11, 6.75, 11.25], "texture": "#3"},
				"west": {"uv": [11.125, 4.5, 9, 4.75], "texture": "#3"},
				"up": {"uv": [0.75, 7.625, 0, 5.5], "texture": "#3"},
				"down": {"uv": [1.75, 5.5, 1, 7.625], "texture": "#3"}
			}
		},
		{
			"from": [7.3, 3.9155, 11.53018],
			"to": [8.7, 4.4005, 14.40018],
			"rotation": {"angle": 0, "axis": "y", "origin": [11.2, 4.67, 6.58165]},
			"faces": {
				"north": {"uv": [11, 6, 11.75, 6.25], "texture": "#3"},
				"east": {"uv": [10, 1.5, 11.375, 1.75], "texture": "#3"},
				"south": {"uv": [11, 6.5, 11.75, 6.75], "texture": "#3"},
				"west": {"uv": [11.375, 1.5, 10, 1.75], "texture": "#3"},
				"up": {"uv": [5.75, 7.875, 5, 6.5], "texture": "#3"},
				"down": {"uv": [7.75, 1, 7, 2.375], "texture": "#3"}
			}
		},
		{
			"from": [7.3, 3.4305, 12.03018],
			"to": [8.7, 3.9155, 13.92518],
			"rotation": {"angle": 0, "axis": "y", "origin": [11.2, 4.185, 6.58165]},
			"faces": {
				"north": {"uv": [7, 11, 7.75, 11.25], "texture": "#3"},
				"east": {"uv": [10, 7.5, 11, 7.75], "texture": "#3"},
				"south": {"uv": [11, 7, 11.75, 7.25], "texture": "#3"},
				"west": {"uv": [11, 7.5, 10, 7.75], "texture": "#3"},
				"up": {"uv": [8.75, 2, 8, 1], "texture": "#3"},
				"down": {"uv": [2.75, 8, 2, 9], "texture": "#3"}
			}
		},
		{
			"from": [7.3, 6.8155, 10.10518],
			"to": [8.7, 7.2655, 12.50018],
			"rotation": {"angle": 0, "axis": "y", "origin": [11.2, 6.495, 6.10665]},
			"faces": {
				"north": {"uv": [11, 7.5, 11.75, 7.75], "texture": "#3"},
				"east": {"uv": [10, 2, 11.25, 2.25], "texture": "#3"},
				"south": {"uv": [8, 11, 8.75, 11.25], "texture": "#3"},
				"west": {"uv": [11.25, 2, 10, 2.25], "texture": "#3"},
				"up": {"uv": [7.75, 3.75, 7, 2.5], "texture": "#3"},
				"down": {"uv": [4.75, 7, 4, 8.25], "texture": "#3"}
			}
		},
		{
			"from": [7.3, 6.3305, 9.63018],
			"to": [8.7, 6.8155, 12.00018],
			"rotation": {"angle": 0, "axis": "y", "origin": [11.2, 4.51, 6.58165]},
			"faces": {
				"north": {"uv": [11, 8, 11.75, 8.25], "texture": "#3"},
				"east": {"uv": [10, 3.5, 11.125, 3.75], "texture": "#3"},
				"south": {"uv": [11, 8.5, 11.75, 8.75], "texture": "#3"},
				"west": {"uv": [11.125, 3.5, 10, 3.75], "texture": "#3"},
				"up": {"uv": [3.75, 8.625, 3, 7.5], "texture": "#3"},
				"down": {"uv": [7.75, 7.5, 7, 8.625], "texture": "#3"}
			}
		},
		{
			"from": [7.3, 5.8455, 9.63018],
			"to": [8.7, 6.3305, 11.55018],
			"rotation": {"angle": 0, "axis": "y", "origin": [11.2, 4.55, 6.58165]},
			"faces": {
				"north": {"uv": [9, 11, 9.75, 11.25], "texture": "#3"},
				"east": {"uv": [10, 8, 11, 8.25], "texture": "#3"},
				"south": {"uv": [11, 9, 11.75, 9.25], "texture": "#3"},
				"west": {"uv": [11, 8, 10, 8.25], "texture": "#3"},
				"up": {"uv": [8.75, 3, 8, 2], "texture": "#3"},
				"down": {"uv": [8.75, 3, 8, 4], "texture": "#3"}
			}
		},
		{
			"from": [7.3, 5.3605, 10.10518],
			"to": [8.7, 5.8455, 12.02518],
			"rotation": {"angle": 0, "axis": "y", "origin": [11.2, 4.565, 6.58165]},
			"faces": {
				"north": {"uv": [11, 9.5, 11.75, 9.75], "texture": "#3"},
				"east": {"uv": [9, 10, 10, 10.25], "texture": "#3"},
				"south": {"uv": [10, 11, 10.75, 11.25], "texture": "#3"},
				"west": {"uv": [10, 10, 9, 10.25], "texture": "#3"},
				"up": {"uv": [8.75, 5, 8, 4], "texture": "#3"},
				"down": {"uv": [5.75, 8, 5, 9], "texture": "#3"}
			}
		},
		{
			"from": [7.3, 4.8855, 10.60518],
			"to": [8.7, 5.3705, 12.47518],
			"rotation": {"angle": 0, "axis": "y", "origin": [11.2, 4.565, 6.58165]},
			"faces": {
				"north": {"uv": [11, 10, 11.75, 10.25], "texture": "#3"},
				"east": {"uv": [0, 10.5, 0.875, 10.75], "texture": "#3"},
				"south": {"uv": [11, 10.5, 11.75, 10.75], "texture": "#3"},
				"west": {"uv": [0.875, 10.5, 0, 10.75], "texture": "#3"},
				"up": {"uv": [4.75, 9.375, 4, 8.5], "texture": "#3"},
				"down": {"uv": [6.75, 8.5, 6, 9.375], "texture": "#3"}
			}
		},
		{
			"from": [7.82963, 12.51131, 3.26836],
			"to": [8.22288, 13.17681, 3.99436],
			"rotation": {"angle": -45, "axis": "x", "origin": [8.02625, 11.42318, 3.30999]},
			"faces": {
				"north": {"uv": [7.87857, 7.89048, 8.328, 8.65105], "texture": "#5"},
				"east": {"uv": [6.37857, 9.89048, 7.20829, 10.65105], "texture": "#5"},
				"south": {"uv": [6.87857, 9.89048, 7.328, 10.65105], "texture": "#5"},
				"west": {"uv": [7.37857, 9.89048, 8.20829, 10.65105], "texture": "#5"},
				"up": {"uv": [8.328, 10.22019, 7.87857, 9.39048], "texture": "#5"},
				"down": {"uv": [8.328, 9.89048, 7.87857, 10.72019], "texture": "#5"}
			}
		},
		{
			"from": [7.13387, 8.32025, 3.7246],
			"to": [8.91863, 9.65125, 4.48085],
			"rotation": {"angle": -22.5, "axis": "x", "origin": [8.02625, 11.42318, 3.30999]},
			"faces": {
				"north": {"uv": [2.37857, 7.39048, 4.41829, 8.91162], "texture": "#5"},
				"east": {"uv": [2.37857, 10.39048, 3.24286, 11.91162], "texture": "#5"},
				"south": {"uv": [3.37857, 7.39048, 5.41829, 8.91162], "texture": "#5"},
				"west": {"uv": [2.87857, 10.39048, 3.74286, 11.91162], "texture": "#5"},
				"up": {"uv": [6.41829, 8.25476, 4.37857, 7.39048], "texture": "#5"},
				"down": {"uv": [7.41829, 6.39048, 5.37857, 7.25476], "texture": "#5"}
			}
		},
		{
			"from": [7.43637, 9.65125, 3.6641],
			"to": [8.61613, 10.98225, 4.3901],
			"rotation": {"angle": -22.5, "axis": "x", "origin": [8.02625, 11.42318, 3.30999]},
			"faces": {
				"north": {"uv": [3.72143, 13.01905, 5.06971, 14.54019], "texture": "#5"},
				"east": {"uv": [8.72143, 8.01905, 9.55114, 9.54019], "texture": "#5"},
				"south": {"uv": [4.22143, 13.01905, 5.56971, 14.54019], "texture": "#5"},
				"west": {"uv": [8.72143, 8.51905, 9.55114, 10.04019], "texture": "#5"},
				"up": {"uv": [6.06971, 13.84876, 4.72143, 13.01905], "texture": "#5"},
				"down": {"uv": [10.06971, 9.01905, 8.72143, 9.84876], "texture": "#5"}
			}
		},
		{
			"from": [7.61787, 10.60556, 3.38936],
			"to": [8.43463, 11.84581, 4.11536],
			"rotation": {"angle": -45, "axis": "x", "origin": [8.02625, 11.42318, 3.30999]},
			"faces": {
				"north": {"uv": [4.87857, 10.39048, 5.812, 11.8079], "texture": "#5"},
				"east": {"uv": [5.37857, 10.39048, 6.20829, 11.8079], "texture": "#5"},
				"south": {"uv": [5.87857, 10.39048, 6.812, 11.8079], "texture": "#5"},
				"west": {"uv": [8.37857, 7.89048, 9.20829, 9.3079], "texture": "#5"},
				"up": {"uv": [7.312, 11.22019, 6.37857, 10.39048], "texture": "#5"},
				"down": {"uv": [9.312, 8.39048, 8.37857, 9.22019], "texture": "#5"}
			}
		},
		{
			"from": [7.73887, 11.84581, 3.32886],
			"to": [8.31363, 12.51131, 4.05486],
			"rotation": {"angle": -45, "axis": "x", "origin": [8.02625, 11.42318, 3.30999]},
			"faces": {
				"north": {"uv": [6.87857, 10.39048, 7.53543, 11.15105], "texture": "#5"},
				"east": {"uv": [8.37857, 8.89048, 9.20829, 9.65105], "texture": "#5"},
				"south": {"uv": [7.37857, 10.39048, 8.03543, 11.15105], "texture": "#5"},
				"west": {"uv": [8.37857, 9.39048, 9.20829, 10.15105], "texture": "#5"},
				"up": {"uv": [8.53543, 11.22019, 7.87857, 10.39048], "texture": "#5"},
				"down": {"uv": [9.03543, 9.89048, 8.37857, 10.72019], "texture": "#5"}
			}
		},
		{
			"from": [7.89012, 13.17681, 3.20786],
			"to": [8.16238, 13.81206, 3.93386],
			"rotation": {"angle": -45, "axis": "x", "origin": [8.02625, 11.42318, 3.30999]},
			"faces": {
				"north": {"uv": [8.37857, 10.39048, 8.68971, 11.11648], "texture": "#5"},
				"east": {"uv": [2.37857, 10.89048, 3.20829, 11.61648], "texture": "#5"},
				"south": {"uv": [8.87857, 4.39048, 9.18971, 5.11648], "texture": "#5"},
				"west": {"uv": [2.87857, 10.89048, 3.70829, 11.61648], "texture": "#5"},
				"up": {"uv": [9.18971, 5.72019, 8.87857, 4.89048], "texture": "#5"},
				"down": {"uv": [3.68971, 10.89048, 3.37857, 11.72019], "texture": "#5"}
			}
		},
		{
			"from": [7.95188, 13.81206, 3.14736],
			"to": [8.10062, 14.14481, 3.87336],
			"rotation": {"angle": -45, "axis": "x", "origin": [8.02625, 11.42318, 3.30999]},
			"faces": {
				"north": {"uv": [8.87857, 5.39048, 9.04857, 5.77076], "texture": "#5"},
				"east": {"uv": [3.87857, 10.89048, 4.70829, 11.27076], "texture": "#5"},
				"south": {"uv": [8.87857, 5.89048, 9.04857, 6.27076], "texture": "#5"},
				"west": {"uv": [4.37857, 10.89048, 5.20829, 11.27076], "texture": "#5"},
				"up": {"uv": [9.04857, 7.22019, 8.87857, 6.39048], "texture": "#5"},
				"down": {"uv": [5.04857, 10.89048, 4.87857, 11.72019], "texture": "#5"}
			}
		},
		{
			"from": [3.01071, 7.77242, 6.54544],
			"to": [3.74276, 8.20499, 7.34404],
			"rotation": {"angle": -22.5, "axis": "y", "origin": [9, 7.98871, 4.9094]},
			"faces": {
				"north": {"uv": [7.33571, 3.17619, 8.17234, 3.67056], "texture": "#5"},
				"east": {"uv": [3.83571, 7.17619, 4.7484, 7.67056], "texture": "#5"},
				"south": {"uv": [7.33571, 3.67619, 8.17234, 4.17056], "texture": "#5"},
				"west": {"uv": [4.33571, 7.17619, 5.2484, 7.67056], "texture": "#5"},
				"up": {"uv": [8.17234, 5.08888, 7.33571, 4.17619], "texture": "#5"},
				"down": {"uv": [5.67234, 7.17619, 4.83571, 8.08888], "texture": "#5"}
			}
		},
		{
			"from": [6.55429, 7.00709, 5.34047],
			"to": [8.01839, 9.19532, 6.94734],
			"rotation": {"angle": 0, "axis": "y", "origin": [9, 7.98871, 4.9094]},
			"faces": {
				"north": {"uv": [7.26429, 10.03333, 8.93754, 12.53416], "texture": "#5"},
				"east": {"uv": [4.26429, 11.03333, 6.10071, 13.53416], "texture": "#5"},
				"south": {"uv": [7.76429, 7.53333, 9.43754, 10.03416], "texture": "#5"},
				"west": {"uv": [4.76429, 11.03333, 6.60071, 13.53416], "texture": "#5"},
				"up": {"uv": [12.43754, 13.36976, 10.76429, 11.53333], "texture": "#5"},
				"down": {"uv": [10.43754, 14.03333, 8.76429, 15.86976], "texture": "#5"}
			}
		},
		{
			"from": [5.09019, 7.18984, 5.29892],
			"to": [6.55429, 8.63757, 6.09752],
			"rotation": {"angle": 0, "axis": "y", "origin": [9, 7.98871, 4.9094]},
			"faces": {
				"north": {"uv": [8.47857, 10.89048, 10.15183, 12.54502], "texture": "#5"},
				"east": {"uv": [6.97857, 12.89048, 7.89126, 14.54502], "texture": "#5"},
				"south": {"uv": [8.47857, 11.39048, 10.15183, 13.04502], "texture": "#5"},
				"west": {"uv": [7.47857, 12.89048, 8.39126, 14.54502], "texture": "#5"},
				"up": {"uv": [10.15183, 12.80316, 8.47857, 11.89048], "texture": "#5"},
				"down": {"uv": [9.65183, 12.89048, 7.97857, 13.80316], "texture": "#5"}
			}
		},
		{
			"from": [4.47481, 7.53949, 6.67854],
			"to": [5.83908, 8.43792, 7.47714],
			"rotation": {"angle": -22.5, "axis": "y", "origin": [9, 7.98871, 4.9094]},
			"faces": {
				"north": {"uv": [7.33571, 6.67619, 8.89489, 7.70296], "texture": "#5"},
				"east": {"uv": [7.33571, 7.17619, 8.2484, 8.20296], "texture": "#5"},
				"south": {"uv": [0.83571, 7.67619, 2.39489, 8.70296], "texture": "#5"},
				"west": {"uv": [7.83571, 0.67619, 8.7484, 1.70296], "texture": "#5"},
				"up": {"uv": [2.89489, 8.58888, 1.33571, 7.67619], "texture": "#5"},
				"down": {"uv": [9.39489, 1.17619, 7.83571, 2.08888], "texture": "#5"}
			}
		},
		{
			"from": [3.74276, 7.67259, 6.61199],
			"to": [4.47481, 8.30482, 7.41059],
			"rotation": {"angle": -22.5, "axis": "y", "origin": [9, 7.98871, 4.9094]},
			"faces": {
				"north": {"uv": [1.83571, 7.67619, 2.67234, 8.39873], "texture": "#5"},
				"east": {"uv": [7.83571, 1.67619, 8.7484, 2.39873], "texture": "#5"},
				"south": {"uv": [2.33571, 7.67619, 3.17234, 8.39873], "texture": "#5"},
				"west": {"uv": [7.83571, 2.17619, 8.7484, 2.89873], "texture": "#5"},
				"up": {"uv": [3.67234, 8.58888, 2.83571, 7.67619], "texture": "#5"},
				"down": {"uv": [8.67234, 2.67619, 7.83571, 3.58888], "texture": "#5"}
			}
		},
		{
			"from": [2.31193, 7.83897, 6.47889],
			"to": [3.01071, 8.13844, 7.27749],
			"rotation": {"angle": -22.5, "axis": "y", "origin": [9, 7.98871, 4.9094]},
			"faces": {
				"north": {"uv": [3.33571, 7.67619, 4.13431, 8.01845], "texture": "#5"},
				"east": {"uv": [7.83571, 3.17619, 8.7484, 3.51845], "texture": "#5"},
				"south": {"uv": [3.83571, 7.67619, 4.63431, 8.01845], "texture": "#5"},
				"west": {"uv": [7.83571, 3.67619, 8.7484, 4.01845], "texture": "#5"},
				"up": {"uv": [5.13431, 8.58888, 4.33571, 7.67619], "texture": "#5"},
				"down": {"uv": [8.63431, 4.17619, 7.83571, 5.08888], "texture": "#5"}
			}
		},
		{
			"from": [1.94591, 7.92189, 6.41234],
			"to": [2.31193, 8.05552, 7.21094],
			"rotation": {"angle": -22.5, "axis": "y", "origin": [9, 7.98871, 4.9094]},
			"faces": {
				"north": {"uv": [4.83571, 7.67619, 5.25403, 7.8289], "texture": "#5"},
				"east": {"uv": [7.83571, 4.67619, 8.7484, 4.8289], "texture": "#5"},
				"south": {"uv": [5.33571, 7.67619, 5.75403, 7.8289], "texture": "#5"},
				"west": {"uv": [7.83571, 5.17619, 8.7484, 5.3289], "texture": "#5"},
				"up": {"uv": [6.25403, 8.58888, 5.83571, 7.67619], "texture": "#5"},
				"down": {"uv": [8.25403, 5.67619, 7.83571, 6.58888], "texture": "#5"}
			}
		},
		{
			"from": [12.58939, 7.77242, 4.86313],
			"to": [13.32144, 8.20499, 5.66173],
			"rotation": {"angle": 22.5, "axis": "y", "origin": [11.39483, 7.99496, 4.90315]},
			"faces": {
				"north": {"uv": [6.33571, 7.67619, 7.17234, 8.17056], "texture": "#5"},
				"east": {"uv": [7.83571, 6.17619, 8.7484, 6.67056], "texture": "#5"},
				"south": {"uv": [6.83571, 7.67619, 7.67234, 8.17056], "texture": "#5"},
				"west": {"uv": [7.83571, 6.67619, 8.7484, 7.17056], "texture": "#5"},
				"up": {"uv": [8.17234, 8.58888, 7.33571, 7.67619], "texture": "#5"},
				"down": {"uv": [8.67234, 7.17619, 7.83571, 8.08888], "texture": "#5"}
			}
		},
		{
			"from": [7.98161, 7.00709, 5.34047],
			"to": [9.44571, 9.19532, 6.94734],
			"rotation": {"angle": 0, "axis": "y", "origin": [11.39483, 7.99496, 4.90315]},
			"faces": {
				"north": {"uv": [1.83571, 4.17619, 3.50897, 6.67702], "texture": "#5"},
				"east": {"uv": [2.33571, 4.17619, 4.17214, 6.67702], "texture": "#5"},
				"south": {"uv": [2.83571, 4.17619, 4.50897, 6.67702], "texture": "#5"},
				"west": {"uv": [3.33571, 4.17619, 5.17214, 6.67702], "texture": "#5"},
				"up": {"uv": [9.50897, 9.51262, 7.83571, 7.67619], "texture": "#5"},
				"down": {"uv": [2.50897, 8.17619, 0.83571, 10.01262], "texture": "#5"}
			}
		},
		{
			"from": [9.44571, 7.18984, 5.29892],
			"to": [10.90981, 8.63757, 6.09752],
			"rotation": {"angle": 0, "axis": "y", "origin": [11.39483, 7.99496, 4.90315]},
			"faces": {
				"north": {"uv": [8.33571, 0.67619, 10.00897, 2.33073], "texture": "#5"},
				"east": {"uv": [1.33571, 8.17619, 2.2484, 9.83073], "texture": "#5"},
				"south": {"uv": [8.33571, 1.17619, 10.00897, 2.83073], "texture": "#5"},
				"west": {"uv": [1.83571, 8.17619, 2.7484, 9.83073], "texture": "#5"},
				"up": {"uv": [10.00897, 2.58888, 8.33571, 1.67619], "texture": "#5"},
				"down": {"uv": [4.00897, 8.17619, 2.33571, 9.08888], "texture": "#5"}
			}
		},
		{
			"from": [10.49306, 7.53949, 4.99623],
			"to": [11.85734, 8.43792, 5.79483],
			"rotation": {"angle": 22.5, "axis": "y", "origin": [11.39483, 7.99496, 4.90315]},
			"faces": {
				"north": {"uv": [8.33571, 2.17619, 9.89489, 3.20296], "texture": "#5"},
				"east": {"uv": [2.83571, 8.17619, 3.7484, 9.20296], "texture": "#5"},
				"south": {"uv": [8.33571, 2.67619, 9.89489, 3.70296], "texture": "#5"},
				"west": {"uv": [3.33571, 8.17619, 4.2484, 9.20296], "texture": "#5"},
				"up": {"uv": [9.89489, 4.08888, 8.33571, 3.17619], "texture": "#5"},
				"down": {"uv": [5.39489, 8.17619, 3.83571, 9.08888], "texture": "#5"}
			}
		},
		{
			"from": [11.85734, 7.67259, 4.92968],
			"to": [12.58939, 8.30482, 5.72828],
			"rotation": {"angle": 22.5, "axis": "y", "origin": [11.39483, 7.99496, 4.90315]},
			"faces": {
				"north": {"uv": [8.33571, 3.67619, 9.17234, 4.39873], "texture": "#5"},
				"east": {"uv": [4.33571, 8.17619, 5.2484, 8.89873], "texture": "#5"},
				"south": {"uv": [8.33571, 4.17619, 9.17234, 4.89873], "texture": "#5"},
				"west": {"uv": [4.83571, 8.17619, 5.7484, 8.89873], "texture": "#5"},
				"up": {"uv": [9.17234, 5.58888, 8.33571, 4.67619], "texture": "#5"},
				"down": {"uv": [6.17234, 8.17619, 5.33571, 9.08888], "texture": "#5"}
			}
		},
		{
			"from": [13.32144, 7.83897, 4.79658],
			"to": [14.02021, 8.13844, 5.59518],
			"rotation": {"angle": 22.5, "axis": "y", "origin": [11.39483, 7.99496, 4.90315]},
			"faces": {
				"north": {"uv": [8.33571, 5.17619, 9.13431, 5.51845], "texture": "#5"},
				"east": {"uv": [5.83571, 8.17619, 6.7484, 8.51845], "texture": "#5"},
				"south": {"uv": [8.33571, 5.67619, 9.13431, 6.01845], "texture": "#5"},
				"west": {"uv": [6.33571, 8.17619, 7.2484, 8.51845], "texture": "#5"},
				"up": {"uv": [9.13431, 7.08888, 8.33571, 6.17619], "texture": "#5"},
				"down": {"uv": [7.63431, 8.17619, 6.83571, 9.08888], "texture": "#5"}
			}
		},
		{
			"from": [14.02021, 7.92189, 4.73003],
			"to": [14.38624, 8.05552, 5.52863],
			"rotation": {"angle": 22.5, "axis": "y", "origin": [11.39483, 7.99496, 4.90315]},
			"faces": {
				"north": {"uv": [8.33571, 6.67619, 8.75403, 6.8289], "texture": "#5"},
				"east": {"uv": [7.33571, 8.17619, 8.2484, 8.3289], "texture": "#5"},
				"south": {"uv": [8.33571, 7.17619, 8.75403, 7.3289], "texture": "#5"},
				"west": {"uv": [7.83571, 8.17619, 8.7484, 8.3289], "texture": "#5"},
				"up": {"uv": [8.75403, 8.58888, 8.33571, 7.67619], "texture": "#5"},
				"down": {"uv": [8.75403, 8.17619, 8.33571, 9.08888], "texture": "#5"}
			}
		},
		{
			"from": [7.82963, 2.82319, 3.54336],
			"to": [8.22288, 3.48869, 4.26936],
			"rotation": {"angle": 45, "axis": "x", "origin": [8.02625, 4.57682, 3.58499]},
			"faces": {
				"north": {"uv": [0.83571, 8.67619, 1.28514, 9.43676], "texture": "#5"},
				"east": {"uv": [8.83571, 0.67619, 9.66543, 1.43676], "texture": "#5"},
				"south": {"uv": [1.33571, 8.67619, 1.78514, 9.43676], "texture": "#5"},
				"west": {"uv": [8.83571, 1.17619, 9.66543, 1.93676], "texture": "#5"},
				"up": {"uv": [2.28514, 9.5059, 1.83571, 8.67619], "texture": "#5"},
				"down": {"uv": [9.28514, 1.67619, 8.83571, 2.5059], "texture": "#5"}
			}
		},
		{
			"from": [7.13387, 6.34875, 3.9996],
			"to": [8.91863, 7.67975, 4.75585],
			"rotation": {"angle": 22.5, "axis": "x", "origin": [8.02625, 4.57682, 3.58499]},
			"faces": {
				"north": {"uv": [4.33571, 3.17619, 6.37543, 4.69733], "texture": "#5"},
				"east": {"uv": [2.33571, 8.67619, 3.2, 10.19733], "texture": "#5"},
				"south": {"uv": [3.83571, 4.17619, 5.87543, 5.69733], "texture": "#5"},
				"west": {"uv": [8.83571, 2.17619, 9.7, 3.69733], "texture": "#5"},
				"up": {"uv": [6.37543, 4.54048, 4.33571, 3.67619], "texture": "#5"},
				"down": {"uv": [6.87543, 0.67619, 4.83571, 1.54048], "texture": "#5"}
			}
		},
		{
			"from": [7.43637, 5.01775, 3.9391],
			"to": [8.61613, 6.34875, 4.6651],
			"rotation": {"angle": 22.5, "axis": "x", "origin": [8.02625, 4.57682, 3.58499]},
			"faces": {
				"north": {"uv": [2.83571, 8.67619, 4.184, 10.19733], "texture": "#5"},
				"east": {"uv": [8.83571, 2.67619, 9.66543, 4.19733], "texture": "#5"},
				"south": {"uv": [3.33571, 8.67619, 4.684, 10.19733], "texture": "#5"},
				"west": {"uv": [8.83571, 3.17619, 9.66543, 4.69733], "texture": "#5"},
				"up": {"uv": [5.184, 9.5059, 3.83571, 8.67619], "texture": "#5"},
				"down": {"uv": [10.184, 3.67619, 8.83571, 4.5059], "texture": "#5"}
			}
		},
		{
			"from": [7.61787, 4.15419, 3.66436],
			"to": [8.43463, 5.39444, 4.39036],
			"rotation": {"angle": 45, "axis": "x", "origin": [8.02625, 4.57682, 3.58499]},
			"faces": {
				"north": {"uv": [4.33571, 8.67619, 5.26914, 10.09362], "texture": "#5"},
				"east": {"uv": [8.83571, 4.17619, 9.66543, 5.59362], "texture": "#5"},
				"south": {"uv": [4.83571, 8.67619, 5.76914, 10.09362], "texture": "#5"},
				"west": {"uv": [8.83571, 4.67619, 9.66543, 6.09362], "texture": "#5"},
				"up": {"uv": [6.26914, 9.5059, 5.33571, 8.67619], "texture": "#5"},
				"down": {"uv": [9.76914, 5.17619, 8.83571, 6.0059], "texture": "#5"}
			}
		},
		{
			"from": [7.73887, 3.48869, 3.60386],
			"to": [8.31363, 4.15419, 4.32986],
			"rotation": {"angle": 45, "axis": "x", "origin": [8.02625, 4.57682, 3.58499]},
			"faces": {
				"north": {"uv": [5.83571, 8.67619, 6.49257, 9.43676], "texture": "#5"},
				"east": {"uv": [8.83571, 5.67619, 9.66543, 6.43676], "texture": "#5"},
				"south": {"uv": [6.33571, 8.67619, 6.99257, 9.43676], "texture": "#5"},
				"west": {"uv": [8.83571, 6.17619, 9.66543, 6.93676], "texture": "#5"},
				"up": {"uv": [7.49257, 9.5059, 6.83571, 8.67619], "texture": "#5"},
				"down": {"uv": [9.49257, 6.67619, 8.83571, 7.5059], "texture": "#5"}
			}
		},
		{
			"from": [7.89012, 2.18794, 3.48286],
			"to": [8.16238, 2.82319, 4.20886],
			"rotation": {"angle": 45, "axis": "x", "origin": [8.02625, 4.57682, 3.58499]},
			"faces": {
				"north": {"uv": [7.33571, 8.67619, 7.64686, 9.40219], "texture": "#5"},
				"east": {"uv": [8.83571, 7.17619, 9.66543, 7.90219], "texture": "#5"},
				"south": {"uv": [7.83571, 8.67619, 8.14686, 9.40219], "texture": "#5"},
				"west": {"uv": [8.83571, 7.67619, 9.66543, 8.40219], "texture": "#5"},
				"up": {"uv": [8.64686, 9.5059, 8.33571, 8.67619], "texture": "#5"},
				"down": {"uv": [9.14686, 8.17619, 8.83571, 9.0059], "texture": "#5"}
			}
		},
		{
			"from": [7.95188, 1.85519, 3.42236],
			"to": [8.10062, 2.18794, 4.14836],
			"rotation": {"angle": 45, "axis": "x", "origin": [8.02625, 4.57682, 3.58499]},
			"faces": {
				"north": {"uv": [8.83571, 8.67619, 9.00571, 9.05648], "texture": "#5"},
				"east": {"uv": [0.83571, 9.17619, 1.66543, 9.55648], "texture": "#5"},
				"south": {"uv": [9.33571, 0.67619, 9.50571, 1.05648], "texture": "#5"},
				"west": {"uv": [1.33571, 9.17619, 2.16543, 9.55648], "texture": "#5"},
				"up": {"uv": [9.50571, 2.0059, 9.33571, 1.17619], "texture": "#5"},
				"down": {"uv": [2.00571, 9.17619, 1.83571, 10.0059], "texture": "#5"}
			}
		},
		{
			"from": [6.21525, 8.2855, 4.83518],
			"to": [8, 9.46675, 6.19118],
			"rotation": {"angle": 0, "axis": "y", "origin": [7.10763, 8.79589, 7.96311]},
			"faces": {
				"north": {"uv": [4.83571, 1.17619, 6.87543, 2.52619], "texture": "#5"},
				"east": {"uv": [9.33571, 1.67619, 10.88543, 3.02619], "texture": "#5"},
				"south": {"uv": [4.83571, 1.67619, 6.87543, 3.02619], "texture": "#5"},
				"west": {"uv": [2.33571, 9.17619, 3.88543, 10.52619], "texture": "#5"},
				"up": {"uv": [6.87543, 3.7259, 4.83571, 2.17619], "texture": "#5"},
				"down": {"uv": [6.87543, 2.67619, 4.83571, 4.2259], "texture": "#5"}
			}
		},
		{
			"from": [6.51775, 9.15, 5.94118],
			"to": [7.6975, 9.876, 7.52218],
			"rotation": {"angle": 0, "axis": "y", "origin": [7.10763, 8.75808, 8.62861]},
			"faces": {
				"north": {"uv": [3.83571, 4.67619, 5.184, 5.5059], "texture": "#5"},
				"east": {"uv": [2.33571, 0.67619, 4.14257, 1.5059], "texture": "#5"},
				"south": {"uv": [4.33571, 4.67619, 5.684, 5.5059], "texture": "#5"},
				"west": {"uv": [2.33571, 1.67619, 4.14257, 2.5059], "texture": "#5"},
				"up": {"uv": [6.184, 5.98305, 4.83571, 4.17619], "texture": "#5"},
				"down": {"uv": [2.184, 5.17619, 0.83571, 6.98305], "texture": "#5"}
			}
		},
		{
			"from": [6.69925, 8.61771, 7.18167],
			"to": [7.516, 9.34371, 8.42192],
			"rotation": {"angle": 22.5, "axis": "x", "origin": [7.10763, 8.75808, 8.62861]},
			"faces": {
				"north": {"uv": [9.33571, 2.17619, 10.26914, 3.0059], "texture": "#5"},
				"east": {"uv": [2.83571, 9.17619, 4.25314, 10.0059], "texture": "#5"},
				"south": {"uv": [9.33571, 2.67619, 10.26914, 3.5059], "texture": "#5"},
				"west": {"uv": [3.33571, 9.17619, 4.75314, 10.0059], "texture": "#5"},
				"up": {"uv": [10.26914, 4.59362, 9.33571, 3.17619], "texture": "#5"},
				"down": {"uv": [4.76914, 9.17619, 3.83571, 10.59362], "texture": "#5"}
			}
		},
		{
			"from": [6.82025, 8.73221, 8.42192],
			"to": [7.395, 9.28321, 8.86242],
			"rotation": {"angle": 22.5, "axis": "x", "origin": [7.10763, 8.75808, 8.62861]},
			"faces": {
				"north": {"uv": [9.33571, 3.67619, 9.99257, 4.3059], "texture": "#5"},
				"east": {"uv": [4.33571, 9.17619, 4.83914, 9.8059], "texture": "#5"},
				"south": {"uv": [9.33571, 4.17619, 9.99257, 4.8059], "texture": "#5"},
				"west": {"uv": [4.83571, 9.17619, 5.33914, 9.8059], "texture": "#5"},
				"up": {"uv": [9.99257, 5.17962, 9.33571, 4.67619], "texture": "#5"},
				"down": {"uv": [5.99257, 9.17619, 5.33571, 9.67962], "texture": "#5"}
			}
		},
		{
			"from": [6.33161, 5.50709, 4.56547],
			"to": [9.52071, 7.02032, 5.92234],
			"rotation": {"angle": 0, "axis": "y", "origin": [12.39483, 7.99496, 4.40315]},
			"faces": {
				"north": {"uv": [1.97857, 6.39048, 5.62326, 8.11988], "texture": "#5"},
				"east": {"uv": [2.47857, 10.89048, 4.02929, 12.61988], "texture": "#5"},
				"south": {"uv": [1.97857, 7.39048, 5.62326, 9.11988], "texture": "#5"},
				"west": {"uv": [2.97857, 10.89048, 4.52929, 12.61988], "texture": "#5"},
				"up": {"uv": [8.12326, 8.94119, 4.47857, 7.39048], "texture": "#5"},
				"down": {"uv": [8.12326, 7.89048, 4.47857, 9.44119], "texture": "#5"}
			}
		},
		{
			"from": [8, 8.2855, 4.83518],
			"to": [9.78475, 9.46675, 6.19118],
			"rotation": {"angle": 0, "axis": "y", "origin": [8.89237, 8.79589, 7.96311]},
			"faces": {
				"north": {"uv": [2.33571, 5.17619, 4.37543, 6.52619], "texture": "#5"},
				"east": {"uv": [9.33571, 5.17619, 10.88543, 6.52619], "texture": "#5"},
				"south": {"uv": [5.33571, 3.17619, 7.37543, 4.52619], "texture": "#5"},
				"west": {"uv": [5.83571, 9.17619, 7.38543, 10.52619], "texture": "#5"},
				"up": {"uv": [7.37543, 5.2259, 5.33571, 3.67619], "texture": "#5"},
				"down": {"uv": [7.37543, 4.17619, 5.33571, 5.7259], "texture": "#5"}
			}
		},
		{
			"from": [8.3025, 9.15, 5.94118],
			"to": [9.48225, 9.876, 7.52218],
			"rotation": {"angle": 0, "axis": "y", "origin": [8.89237, 8.79589, 7.96311]},
			"faces": {
				"north": {"uv": [3.33571, 5.17619, 4.684, 6.0059], "texture": "#5"},
				"east": {"uv": [0.83571, 2.67619, 2.64257, 3.5059], "texture": "#5"},
				"south": {"uv": [4.83571, 5.17619, 6.184, 6.0059], "texture": "#5"},
				"west": {"uv": [1.83571, 2.67619, 3.64257, 3.5059], "texture": "#5"},
				"up": {"uv": [6.684, 6.48305, 5.33571, 4.67619], "texture": "#5"},
				"down": {"uv": [7.184, 0.67619, 5.83571, 2.48305], "texture": "#5"}
			}
		},
		{
			"from": [8.484, 8.87526, 7.14549],
			"to": [9.30075, 9.60126, 8.38574],
			"rotation": {"angle": 22.5, "axis": "x", "origin": [8.89237, 8.79589, 7.96311]},
			"faces": {
				"north": {"uv": [9.33571, 5.67619, 10.26914, 6.5059], "texture": "#5"},
				"east": {"uv": [6.33571, 9.17619, 7.75314, 10.0059], "texture": "#5"},
				"south": {"uv": [9.33571, 6.17619, 10.26914, 7.0059], "texture": "#5"},
				"west": {"uv": [6.83571, 9.17619, 8.25314, 10.0059], "texture": "#5"},
				"up": {"uv": [10.26914, 8.09362, 9.33571, 6.67619], "texture": "#5"},
				"down": {"uv": [8.26914, 9.17619, 7.33571, 10.59362], "texture": "#5"}
			}
		},
		{
			"from": [8.605, 8.98976, 8.38574],
			"to": [9.17975, 9.54076, 8.82624],
			"rotation": {"angle": 22.5, "axis": "x", "origin": [8.89237, 8.79589, 7.96311]},
			"faces": {
				"north": {"uv": [9.33571, 7.17619, 9.99257, 7.8059], "texture": "#5"},
				"east": {"uv": [7.83571, 9.17619, 8.33914, 9.8059], "texture": "#5"},
				"south": {"uv": [9.33571, 7.67619, 9.99257, 8.3059], "texture": "#5"},
				"west": {"uv": [8.33571, 9.17619, 8.83914, 9.8059], "texture": "#5"},
				"up": {"uv": [9.99257, 8.67962, 9.33571, 8.17619], "texture": "#5"},
				"down": {"uv": [9.49257, 9.17619, 8.83571, 9.67962], "texture": "#5"}
			}
		},
		{
			"from": [11.04049, 7.6666, 4.84231],
			"to": [11.57289, 7.9812, 5.42311],
			"rotation": {"angle": 45, "axis": "z", "origin": [8.01514, 7.83863, 5.13963]},
			"faces": {
				"north": {"uv": [9.33571, 8.67619, 9.94417, 9.03573], "texture": "#5"},
				"east": {"uv": [9.33571, 9.17619, 9.99949, 9.53573], "texture": "#5"},
				"south": {"uv": [0.83571, 9.67619, 1.44417, 10.03573], "texture": "#5"},
				"west": {"uv": [9.83571, 0.67619, 10.49949, 1.03573], "texture": "#5"},
				"up": {"uv": [1.94417, 10.33996, 1.33571, 9.67619], "texture": "#5"},
				"down": {"uv": [10.44417, 1.17619, 9.83571, 1.83996], "texture": "#5"}
			}
		},
		{
			"from": [8.17828, 7.11, 4.25003],
			"to": [9.24308, 8.5378, 4.85503],
			"rotation": {"angle": 45, "axis": "z", "origin": [8.01514, 7.83863, 5.13963]},
			"faces": {
				"north": {"uv": [1.83571, 9.67619, 3.05263, 11.30796], "texture": "#5"},
				"east": {"uv": [9.83571, 1.67619, 10.52714, 3.30796], "texture": "#5"},
				"south": {"uv": [2.33571, 9.67619, 3.55263, 11.30796], "texture": "#5"},
				"west": {"uv": [9.83571, 2.17619, 10.52714, 3.80796], "texture": "#5"},
				"up": {"uv": [4.05263, 10.36762, 2.83571, 9.67619], "texture": "#5"},
				"down": {"uv": [11.05263, 2.67619, 9.83571, 3.36762], "texture": "#5"}
			}
		},
		{
			"from": [9.51589, 7.4972, 4.93911],
			"to": [10.50809, 8.1506, 5.51991],
			"rotation": {"angle": 45, "axis": "z", "origin": [8.01514, 7.83863, 5.13963]},
			"faces": {
				"north": {"uv": [3.33571, 9.67619, 4.46966, 10.42293], "texture": "#5"},
				"east": {"uv": [9.83571, 3.17619, 10.49949, 3.92293], "texture": "#5"},
				"south": {"uv": [3.83571, 9.67619, 4.96966, 10.42293], "texture": "#5"},
				"west": {"uv": [9.83571, 3.67619, 10.49949, 4.42293], "texture": "#5"},
				"up": {"uv": [5.46966, 10.33996, 4.33571, 9.67619], "texture": "#5"},
				"down": {"uv": [10.96966, 4.17619, 9.83571, 4.83996], "texture": "#5"}
			}
		},
		{
			"from": [10.50809, 7.594, 4.89071],
			"to": [11.04049, 8.0538, 5.47151],
			"rotation": {"angle": 45, "axis": "z", "origin": [8.01514, 7.83863, 5.13963]},
			"faces": {
				"north": {"uv": [4.83571, 9.67619, 5.44417, 10.20168], "texture": "#5"},
				"east": {"uv": [9.83571, 4.67619, 10.49949, 5.20168], "texture": "#5"},
				"south": {"uv": [5.33571, 9.67619, 5.94417, 10.20168], "texture": "#5"},
				"west": {"uv": [9.83571, 5.17619, 10.49949, 5.70168], "texture": "#5"},
				"up": {"uv": [6.44417, 10.33996, 5.83571, 9.67619], "texture": "#5"},
				"down": {"uv": [10.44417, 5.67619, 9.83571, 6.33996], "texture": "#5"}
			}
		},
		{
			"from": [11.57289, 7.715, 4.79391],
			"to": [12.08109, 7.9328, 5.37471],
			"rotation": {"angle": 45, "axis": "z", "origin": [8.01514, 7.83863, 5.13963]},
			"faces": {
				"north": {"uv": [6.33571, 9.67619, 6.91651, 9.9251], "texture": "#5"},
				"east": {"uv": [9.83571, 6.17619, 10.49949, 6.4251], "texture": "#5"},
				"south": {"uv": [6.83571, 9.67619, 7.41651, 9.9251], "texture": "#5"},
				"west": {"uv": [9.83571, 6.67619, 10.49949, 6.9251], "texture": "#5"},
				"up": {"uv": [7.91651, 10.33996, 7.33571, 9.67619], "texture": "#5"},
				"down": {"uv": [10.41651, 7.17619, 9.83571, 7.83996], "texture": "#5"}
			}
		},
		{
			"from": [12.08109, 7.7594, 4.74551],
			"to": [12.34729, 7.8884, 5.32631],
			"rotation": {"angle": 45, "axis": "z", "origin": [8.01514, 7.83863, 5.13963]},
			"faces": {
				"north": {"uv": [7.83571, 9.67619, 8.13994, 9.82362], "texture": "#5"},
				"east": {"uv": [9.83571, 7.67619, 10.49949, 7.82362], "texture": "#5"},
				"south": {"uv": [8.33571, 9.67619, 8.63994, 9.82362], "texture": "#5"},
				"west": {"uv": [9.83571, 8.17619, 10.49949, 8.32362], "texture": "#5"},
				"up": {"uv": [9.13994, 10.33996, 8.83571, 9.67619], "texture": "#5"},
				"down": {"uv": [10.13994, 8.67619, 9.83571, 9.33996], "texture": "#5"}
			}
		},
		{
			"from": [7.82697, 11.68255, 5.36131],
			"to": [8.17303, 12.26819, 6.00019],
			"rotation": {"angle": 45, "axis": "z", "origin": [8.01514, 7.83863, 5.13963]},
			"faces": {
				"north": {"uv": [9.33571, 9.67619, 9.73121, 10.34549], "texture": "#5"},
				"east": {"uv": [9.83571, 9.17619, 10.56586, 9.84549], "texture": "#5"},
				"south": {"uv": [9.83571, 9.67619, 10.23121, 10.34549], "texture": "#5"},
				"west": {"uv": [0.83571, 10.17619, 1.56586, 10.84549], "texture": "#5"},
				"up": {"uv": [10.73121, 1.40634, 10.33571, 0.67619], "texture": "#5"},
				"down": {"uv": [1.73121, 10.17619, 1.33571, 10.90634], "texture": "#5"}
			}
		},
		{
			"from": [7.64063, 10.00549, 5.46779],
			"to": [8.35937, 11.09691, 6.10667],
			"rotation": {"angle": 45, "axis": "z", "origin": [8.01514, 7.83863, 5.13963]},
			"faces": {
				"north": {"uv": [10.33571, 1.17619, 11.15713, 2.42353], "texture": "#5"},
				"east": {"uv": [1.83571, 10.17619, 2.56586, 11.42353], "texture": "#5"},
				"south": {"uv": [10.33571, 1.67619, 11.15713, 2.92353], "texture": "#5"},
				"west": {"uv": [2.33571, 10.17619, 3.06586, 11.42353], "texture": "#5"},
				"up": {"uv": [11.15713, 2.90634, 10.33571, 2.17619], "texture": "#5"},
				"down": {"uv": [3.65713, 10.17619, 2.83571, 10.90634], "texture": "#5"}
			}
		},
		{
			"from": [7.74711, 11.09691, 5.41455],
			"to": [8.25289, 11.68255, 6.05343],
			"rotation": {"angle": 45, "axis": "z", "origin": [8.01514, 7.83863, 5.13963]},
			"faces": {
				"north": {"uv": [10.33571, 2.67619, 10.91375, 3.34549], "texture": "#5"},
				"east": {"uv": [3.33571, 10.17619, 4.06586, 10.84549], "texture": "#5"},
				"south": {"uv": [10.33571, 3.17619, 10.91375, 3.84549], "texture": "#5"},
				"west": {"uv": [3.83571, 10.17619, 4.56586, 10.84549], "texture": "#5"},
				"up": {"uv": [10.91375, 4.40634, 10.33571, 3.67619], "texture": "#5"},
				"down": {"uv": [4.91375, 10.17619, 4.33571, 10.90634], "texture": "#5"}
			}
		},
		{
			"from": [7.88021, 12.26819, 5.30807],
			"to": [8.11979, 12.82721, 5.94695],
			"rotation": {"angle": 45, "axis": "z", "origin": [8.01514, 7.83863, 5.13963]},
			"faces": {
				"north": {"uv": [10.33571, 4.17619, 10.60952, 4.81507], "texture": "#5"},
				"east": {"uv": [4.83571, 10.17619, 5.56586, 10.81507], "texture": "#5"},
				"south": {"uv": [10.33571, 4.67619, 10.60952, 5.31507], "texture": "#5"},
				"west": {"uv": [5.33571, 10.17619, 6.06586, 10.81507], "texture": "#5"},
				"up": {"uv": [10.60952, 5.90634, 10.33571, 5.17619], "texture": "#5"},
				"down": {"uv": [6.10952, 10.17619, 5.83571, 10.90634], "texture": "#5"}
			}
		},
		{
			"from": [7.91655, 12.82721, 5.25483],
			"to": [8.08345, 13.12003, 5.89371],
			"rotation": {"angle": 45, "axis": "z", "origin": [8.01514, 7.83863, 5.13963]},
			"faces": {
				"north": {"uv": [10.33571, 5.67619, 10.52646, 6.01084], "texture": "#5"},
				"east": {"uv": [6.33571, 10.17619, 7.06586, 10.51084], "texture": "#5"},
				"south": {"uv": [10.33571, 6.17619, 10.52646, 6.51084], "texture": "#5"},
				"west": {"uv": [6.83571, 10.17619, 7.56586, 10.51084], "texture": "#5"},
				"up": {"uv": [10.52646, 7.40634, 10.33571, 6.67619], "texture": "#5"},
				"down": {"uv": [7.52646, 10.17619, 7.33571, 10.90634], "texture": "#5"}
			}
		},
		{
			"from": [7.55197, 4.44662, 4.36131],
			"to": [7.89803, 5.03226, 5.00019],
			"rotation": {"angle": 45, "axis": "z", "origin": [8.01514, 7.83863, 5.13963]},
			"faces": {
				"north": {"uv": [11.47857, 10.60476, 11.87407, 11.27406], "texture": "#5"},
				"east": {"uv": [8.97857, 13.60476, 9.70872, 14.27406], "texture": "#5"},
				"south": {"uv": [11.47857, 11.10476, 11.87407, 11.77406], "texture": "#5"},
				"west": {"uv": [9.47857, 13.60476, 10.20872, 14.27406], "texture": "#5"},
				"up": {"uv": [11.87407, 12.33491, 11.47857, 11.60476], "texture": "#5"},
				"down": {"uv": [10.37407, 13.60476, 9.97857, 14.33491], "texture": "#5"}
			}
		},
		{
			"from": [7.36563, 5.6179, 4.46779],
			"to": [8.08437, 6.70932, 5.10667],
			"rotation": {"angle": 45, "axis": "z", "origin": [8.01514, 7.83863, 5.13963]},
			"faces": {
				"north": {"uv": [11.47857, 12.10476, 12.29999, 13.3521], "texture": "#5"},
				"east": {"uv": [10.47857, 13.60476, 11.20872, 14.8521], "texture": "#5"},
				"south": {"uv": [11.47857, 12.60476, 12.29999, 13.8521], "texture": "#5"},
				"west": {"uv": [10.97857, 13.60476, 11.70872, 14.8521], "texture": "#5"},
				"up": {"uv": [12.29999, 13.83491, 11.47857, 13.10476], "texture": "#5"},
				"down": {"uv": [12.29999, 13.60476, 11.47857, 14.33491], "texture": "#5"}
			}
		},
		{
			"from": [7.47211, 5.03226, 4.41455],
			"to": [7.97789, 5.6179, 5.05343],
			"rotation": {"angle": 45, "axis": "z", "origin": [8.01514, 7.83863, 5.13963]},
			"faces": {
				"north": {"uv": [1.97857, 14.10476, 2.55661, 14.77406], "texture": "#5"},
				"east": {"uv": [11.97857, 4.10476, 12.70872, 4.77406], "texture": "#5"},
				"south": {"uv": [2.47857, 14.10476, 3.05661, 14.77406], "texture": "#5"},
				"west": {"uv": [11.97857, 4.60476, 12.70872, 5.27406], "texture": "#5"},
				"up": {"uv": [3.55661, 14.83491, 2.97857, 14.10476], "texture": "#5"},
				"down": {"uv": [12.55661, 5.10476, 11.97857, 5.83491], "texture": "#5"}
			}
		},
		{
			"from": [7.60521, 3.8876, 4.30807],
			"to": [7.84479, 4.44662, 4.94695],
			"rotation": {"angle": 45, "axis": "z", "origin": [8.01514, 7.83863, 5.13963]},
			"faces": {
				"north": {"uv": [3.47857, 14.10476, 3.75238, 14.74364], "texture": "#5"},
				"east": {"uv": [11.97857, 5.60476, 12.70872, 6.24364], "texture": "#5"},
				"south": {"uv": [3.97857, 14.10476, 4.25238, 14.74364], "texture": "#5"},
				"west": {"uv": [11.97857, 6.10476, 12.70872, 6.74364], "texture": "#5"},
				"up": {"uv": [4.75238, 14.83491, 4.47857, 14.10476], "texture": "#5"},
				"down": {"uv": [12.25238, 6.60476, 11.97857, 7.33491], "texture": "#5"}
			}
		},
		{
			"from": [7.66655, 3.59478, 4.25483],
			"to": [7.78345, 3.8876, 4.89371],
			"rotation": {"angle": 45, "axis": "z", "origin": [8.01514, 7.83863, 5.13963]},
			"faces": {
				"north": {"uv": [4.97857, 14.10476, 5.11217, 14.43941], "texture": "#5"},
				"east": {"uv": [11.97857, 7.10476, 12.70872, 7.43941], "texture": "#5"},
				"south": {"uv": [5.47857, 14.10476, 5.61217, 14.43941], "texture": "#5"},
				"west": {"uv": [11.97857, 7.60476, 12.70872, 7.93941], "texture": "#5"},
				"up": {"uv": [6.11217, 14.83491, 5.97857, 14.10476], "texture": "#5"},
				"down": {"uv": [12.11217, 8.10476, 11.97857, 8.83491], "texture": "#5"}
			}
		},
		{
			"from": [4.72018, 7.6666, 4.84231],
			"to": [5.25258, 7.9812, 5.42311],
			"rotation": {"angle": 45, "axis": "z", "origin": [8.01514, 7.83863, 5.13963]},
			"faces": {
				"north": {"uv": [5.33571, 10.67619, 5.94417, 11.03573], "texture": "#5"},
				"east": {"uv": [10.83571, 5.17619, 11.49949, 5.53573], "texture": "#5"},
				"south": {"uv": [5.83571, 10.67619, 6.44417, 11.03573], "texture": "#5"},
				"west": {"uv": [10.83571, 5.67619, 11.49949, 6.03573], "texture": "#5"},
				"up": {"uv": [6.94417, 11.33996, 6.33571, 10.67619], "texture": "#5"},
				"down": {"uv": [11.44417, 6.17619, 10.83571, 6.83996], "texture": "#5"}
			}
		},
		{
			"from": [6.77499, 7.11, 4.25003],
			"to": [7.83979, 8.5378, 4.85503],
			"rotation": {"angle": 45, "axis": "z", "origin": [8.01514, 7.83863, 5.13963]},
			"faces": {
				"north": {"uv": [6.83571, 10.67619, 8.05263, 12.30796], "texture": "#5"},
				"east": {"uv": [10.83571, 6.67619, 11.52714, 8.30796], "texture": "#5"},
				"south": {"uv": [7.33571, 10.67619, 8.55263, 12.30796], "texture": "#5"},
				"west": {"uv": [10.83571, 7.17619, 11.52714, 8.80796], "texture": "#5"},
				"up": {"uv": [9.05263, 11.36762, 7.83571, 10.67619], "texture": "#5"},
				"down": {"uv": [12.05263, 7.67619, 10.83571, 8.36762], "texture": "#5"}
			}
		},
		{
			"from": [5.78498, 7.4972, 4.93911],
			"to": [6.77718, 8.1506, 5.51991],
			"rotation": {"angle": 45, "axis": "z", "origin": [8.01514, 7.83863, 5.13963]},
			"faces": {
				"north": {"uv": [8.33571, 10.67619, 9.46966, 11.42293], "texture": "#5"},
				"east": {"uv": [10.83571, 8.17619, 11.49949, 8.92293], "texture": "#5"},
				"south": {"uv": [8.83571, 10.67619, 9.96966, 11.42293], "texture": "#5"},
				"west": {"uv": [10.83571, 8.67619, 11.49949, 9.42293], "texture": "#5"},
				"up": {"uv": [10.46966, 11.33996, 9.33571, 10.67619], "texture": "#5"},
				"down": {"uv": [11.96966, 9.17619, 10.83571, 9.83996], "texture": "#5"}
			}
		},
		{
			"from": [5.25258, 7.594, 4.89071],
			"to": [5.78498, 8.0538, 5.47151],
			"rotation": {"angle": 45, "axis": "z", "origin": [8.01514, 7.83863, 5.13963]},
			"faces": {
				"north": {"uv": [9.83571, 10.67619, 10.44417, 11.20168], "texture": "#5"},
				"east": {"uv": [10.83571, 9.67619, 11.49949, 10.20168], "texture": "#5"},
				"south": {"uv": [10.33571, 10.67619, 10.94417, 11.20168], "texture": "#5"},
				"west": {"uv": [10.83571, 10.17619, 11.49949, 10.70168], "texture": "#5"},
				"up": {"uv": [11.44417, 11.33996, 10.83571, 10.67619], "texture": "#5"},
				"down": {"uv": [1.44417, 11.17619, 0.83571, 11.83996], "texture": "#5"}
			}
		},
		{
			"from": [4.21198, 7.715, 4.79391],
			"to": [4.72018, 7.9328, 5.37471],
			"rotation": {"angle": 45, "axis": "z", "origin": [8.01514, 7.83863, 5.13963]},
			"faces": {
				"north": {"uv": [11.33571, 0.67619, 11.91651, 0.9251], "texture": "#5"},
				"east": {"uv": [1.33571, 11.17619, 1.99949, 11.4251], "texture": "#5"},
				"south": {"uv": [11.33571, 1.17619, 11.91651, 1.4251], "texture": "#5"},
				"west": {"uv": [1.83571, 11.17619, 2.49949, 11.4251], "texture": "#5"},
				"up": {"uv": [11.91651, 2.33996, 11.33571, 1.67619], "texture": "#5"},
				"down": {"uv": [2.91651, 11.17619, 2.33571, 11.83996], "texture": "#5"}
			}
		},
		{
			"from": [3.94578, 7.7594, 4.74551],
			"to": [4.21198, 7.8884, 5.32631],
			"rotation": {"angle": 45, "axis": "z", "origin": [8.01514, 7.83863, 5.13963]},
			"faces": {
				"north": {"uv": [11.33571, 2.17619, 11.63994, 2.32362], "texture": "#5"},
				"east": {"uv": [2.83571, 11.17619, 3.49949, 11.32362], "texture": "#5"},
				"south": {"uv": [11.33571, 2.67619, 11.63994, 2.82362], "texture": "#5"},
				"west": {"uv": [3.33571, 11.17619, 3.99949, 11.32362], "texture": "#5"},
				"up": {"uv": [11.63994, 3.83996, 11.33571, 3.17619], "texture": "#5"},
				"down": {"uv": [4.13994, 11.17619, 3.83571, 11.83996], "texture": "#5"}
			}
		},
		{
			"from": [7.79551, 4.14597, 0.2823],
			"to": [8.20449, 5.09809, 1.03734],
			"rotation": {"angle": 0, "axis": "y", "origin": [8, 5.01907, 2.21885]},
			"faces": {
				"north": {"uv": [11.33571, 3.67619, 11.80312, 4.76433], "texture": "#5"},
				"east": {"uv": [4.33571, 11.17619, 5.19862, 12.26433], "texture": "#5"},
				"south": {"uv": [11.33571, 4.17619, 11.80312, 5.26433], "texture": "#5"},
				"west": {"uv": [4.83571, 11.17619, 5.69862, 12.26433], "texture": "#5"},
				"up": {"uv": [11.80312, 5.53909, 11.33571, 4.67619], "texture": "#5"},
				"down": {"uv": [5.80312, 11.17619, 5.33571, 12.03909], "texture": "#5"}
			}
		},
		{
			"from": [7.04693, 5.69994, 3.08576],
			"to": [8.95307, 6.48644, 5.145],
			"rotation": {"angle": 0, "axis": "y", "origin": [8, 5.01907, 2.21885]},
			"faces": {
				"north": {"uv": [5.83571, 1.67619, 8.01416, 2.57505], "texture": "#5"},
				"east": {"uv": [2.33571, 5.67619, 4.68913, 6.57505], "texture": "#5"},
				"south": {"uv": [5.83571, 2.17619, 8.01416, 3.07505], "texture": "#5"},
				"west": {"uv": [5.83571, 2.67619, 8.18913, 3.57505], "texture": "#5"},
				"up": {"uv": [5.01416, 5.02961, 2.83571, 2.67619], "texture": "#5"},
				"down": {"uv": [5.51416, 0.67619, 3.33571, 3.02961], "texture": "#5"}
			}
		},
		{
			"from": [7.38653, 5.63702, 1.70152],
			"to": [8.61347, 6.39206, 3.08576],
			"rotation": {"angle": 0, "axis": "y", "origin": [8, 5.01907, 2.21885]},
			"faces": {
				"north": {"uv": [11.33571, 5.17619, 12.73793, 6.03909], "texture": "#5"},
				"east": {"uv": [5.83571, 11.17619, 7.4177, 12.03909], "texture": "#5"},
				"south": {"uv": [11.33571, 5.67619, 12.73793, 6.53909], "texture": "#5"},
				"west": {"uv": [6.33571, 11.17619, 7.9177, 12.03909], "texture": "#5"},
				"up": {"uv": [12.73793, 7.75818, 11.33571, 6.17619], "texture": "#5"},
				"down": {"uv": [8.23793, 11.17619, 6.83571, 12.75818], "texture": "#5"}
			}
		},
		{
			"from": [7.57529, 5.70574, 0.97325],
			"to": [8.42471, 6.46078, 2.26311],
			"rotation": {"angle": -22.5, "axis": "x", "origin": [8, 5.01907, 2.21885]},
			"faces": {
				"north": {"uv": [11.33571, 6.67619, 12.30648, 7.53909], "texture": "#5"},
				"east": {"uv": [7.33571, 11.17619, 8.80984, 12.03909], "texture": "#5"},
				"south": {"uv": [11.33571, 7.17619, 12.30648, 8.03909], "texture": "#5"},
				"west": {"uv": [7.83571, 11.17619, 9.30984, 12.03909], "texture": "#5"},
				"up": {"uv": [12.30648, 9.15032, 11.33571, 7.67619], "texture": "#5"},
				"down": {"uv": [9.30648, 11.17619, 8.33571, 12.65032], "texture": "#5"}
			}
		},
		{
			"from": [7.70113, 5.86371, 0.86346],
			"to": [8.29887, 6.61875, 1.99758],
			"rotation": {"angle": -45, "axis": "x", "origin": [8, 5.01907, 2.21885]},
			"faces": {
				"north": {"uv": [11.33571, 8.17619, 12.01885, 9.03909], "texture": "#5"},
				"east": {"uv": [8.83571, 11.17619, 10.13185, 12.03909], "texture": "#5"},
				"south": {"uv": [11.33571, 8.67619, 12.01885, 9.53909], "texture": "#5"},
				"west": {"uv": [9.33571, 11.17619, 10.63185, 12.03909], "texture": "#5"},
				"up": {"uv": [12.01885, 10.47233, 11.33571, 9.17619], "texture": "#5"},
				"down": {"uv": [10.51885, 11.17619, 9.83571, 12.47233], "texture": "#5"}
			}
		},
		{
			"from": [7.85843, 4.84115, 0.42469],
			"to": [8.14157, 5.59619, 1.08535],
			"rotation": {"angle": -45, "axis": "x", "origin": [8, 5.01907, 2.21885]},
			"faces": {
				"north": {"uv": [11.33571, 9.67619, 11.6593, 10.53909], "texture": "#5"},
				"east": {"uv": [10.33571, 11.17619, 11.09075, 12.03909], "texture": "#5"},
				"south": {"uv": [11.33571, 10.17619, 11.6593, 11.03909], "texture": "#5"},
				"west": {"uv": [10.83571, 11.17619, 11.59075, 12.03909], "texture": "#5"},
				"up": {"uv": [11.6593, 11.43123, 11.33571, 10.67619], "texture": "#5"},
				"down": {"uv": [11.6593, 11.17619, 11.33571, 11.93123], "texture": "#5"}
			}
		},
		{
			"from": [7.92865, 3.77193, 1.16631],
			"to": [8.07135, 4.11799, 1.92135],
			"rotation": {"angle": 22.5, "axis": "x", "origin": [8, 3.94496, 1.54383]},
			"faces": {
				"north": {"uv": [0.83571, 11.67619, 0.9988, 12.07169], "texture": "#5"},
				"east": {"uv": [11.83571, 0.67619, 12.69862, 1.07169], "texture": "#5"},
				"south": {"uv": [1.33571, 11.67619, 1.4988, 12.07169], "texture": "#5"},
				"west": {"uv": [11.83571, 1.17619, 12.69862, 1.57169], "texture": "#5"},
				"up": {"uv": [1.9988, 12.53909, 1.83571, 11.67619], "texture": "#5"},
				"down": {"uv": [11.9988, 1.67619, 11.83571, 2.53909], "texture": "#5"}
			}
		},
		{
			"from": [7.82622, 9.1507, 1.00389],
			"to": [8.22733, 10.08451, 1.74441],
			"rotation": {"angle": 45, "axis": "x", "origin": [8.02678, 10.44994, 2.73635]},
			"faces": {
				"north": {"uv": [2.17143, 14.0185, 2.62985, 15.08571], "texture": "#5"},
				"east": {"uv": [11.67143, 4.5185, 12.51774, 5.58571], "texture": "#5"},
				"south": {"uv": [2.67143, 14.0185, 3.12985, 15.08571], "texture": "#5"},
				"west": {"uv": [11.67143, 5.0185, 12.51774, 6.08571], "texture": "#5"},
				"up": {"uv": [3.62985, 14.86481, 3.17143, 14.0185], "texture": "#5"},
				"down": {"uv": [12.12985, 5.5185, 11.67143, 6.36481], "texture": "#5"}
			}
		},
		{
			"from": [7.11655, 10.67478, 3.75344],
			"to": [8.937, 11.44616, 5.11106],
			"rotation": {"angle": 45, "axis": "x", "origin": [8.02678, 10.44994, 2.73635]},
			"faces": {
				"north": {"uv": [3.83571, 5.67619, 5.91622, 6.55776], "texture": "#5"},
				"east": {"uv": [3.83571, 11.67619, 5.38728, 12.55776], "texture": "#5"},
				"south": {"uv": [5.83571, 4.67619, 7.91622, 5.55776], "texture": "#5"},
				"west": {"uv": [11.83571, 3.67619, 13.38728, 4.55776], "texture": "#5"},
				"up": {"uv": [7.41622, 7.22776, 5.33571, 5.67619], "texture": "#5"},
				"down": {"uv": [7.91622, 5.17619, 5.83571, 6.72776], "texture": "#5"}
			}
		},
		{
			"from": [7.4251, 10.61307, 2.39582],
			"to": [8.62845, 11.35359, 3.75344],
			"rotation": {"angle": 45, "axis": "x", "origin": [8.02678, 10.44994, 2.73635]},
			"faces": {
				"north": {"uv": [4.33571, 11.67619, 5.71097, 12.5225], "texture": "#5"},
				"east": {"uv": [11.83571, 4.17619, 13.38728, 5.0225], "texture": "#5"},
				"south": {"uv": [4.83571, 11.67619, 6.21097, 12.5225], "texture": "#5"},
				"west": {"uv": [11.83571, 4.67619, 13.38728, 5.5225], "texture": "#5"},
				"up": {"uv": [6.71097, 13.22776, 5.33571, 11.67619], "texture": "#5"},
				"down": {"uv": [13.21097, 5.17619, 11.83571, 6.72776], "texture": "#5"}
			}
		},
		{
			"from": [7.61023, 10.65034, 1.49935],
			"to": [8.44332, 11.39086, 2.7644],
			"rotation": {"angle": 22.5, "axis": "x", "origin": [8.02678, 10.44994, 2.73635]},
			"faces": {
				"north": {"uv": [5.83571, 11.67619, 6.78781, 12.5225], "texture": "#5"},
				"east": {"uv": [11.83571, 5.67619, 13.28149, 6.5225], "texture": "#5"},
				"south": {"uv": [6.33571, 11.67619, 7.28781, 12.5225], "texture": "#5"},
				"west": {"uv": [11.83571, 6.17619, 13.28149, 7.0225], "texture": "#5"},
				"up": {"uv": [7.78781, 13.12197, 6.83571, 11.67619], "texture": "#5"},
				"down": {"uv": [12.78781, 6.67619, 11.83571, 8.12197], "texture": "#5"}
			}
		},
		{
			"from": [7.73365, 10.84715, 1.2118],
			"to": [8.3199, 11.58767, 2.32411],
			"rotation": {"angle": 0, "axis": "y", "origin": [8.02678, 10.44994, 2.73635]},
			"faces": {
				"north": {"uv": [7.33571, 11.67619, 8.00571, 12.5225], "texture": "#5"},
				"east": {"uv": [11.83571, 7.17619, 13.10693, 8.0225], "texture": "#5"},
				"south": {"uv": [7.83571, 11.67619, 8.50571, 12.5225], "texture": "#5"},
				"west": {"uv": [11.83571, 7.67619, 13.10693, 8.5225], "texture": "#5"},
				"up": {"uv": [9.00571, 12.9474, 8.33571, 11.67619], "texture": "#5"},
				"down": {"uv": [12.50571, 8.17619, 11.83571, 9.4474], "texture": "#5"}
			}
		},
		{
			"from": [7.88793, 9.84426, 0.78148],
			"to": [8.16562, 10.58478, 1.42943],
			"rotation": {"angle": 0, "axis": "y", "origin": [8.02678, 10.44994, 2.73635]},
			"faces": {
				"north": {"uv": [8.83571, 11.67619, 9.15308, 12.5225], "texture": "#5"},
				"east": {"uv": [11.83571, 8.67619, 12.57623, 9.5225], "texture": "#5"},
				"south": {"uv": [9.33571, 11.67619, 9.65308, 12.5225], "texture": "#5"},
				"west": {"uv": [11.83571, 9.17619, 12.57623, 10.0225], "texture": "#5"},
				"up": {"uv": [10.15308, 12.41671, 9.83571, 11.67619], "texture": "#5"},
				"down": {"uv": [12.15308, 9.67619, 11.83571, 10.41671], "texture": "#5"}
			}
		},
		{
			"from": [7.95391, 9.96453, 0.99466],
			"to": [8.09964, 10.70505, 1.33407],
			"rotation": {"angle": -22.5, "axis": "x", "origin": [8.02678, 10.44994, 2.73635]},
			"faces": {
				"north": {"uv": [10.33571, 11.67619, 10.50226, 12.5225], "texture": "#5"},
				"east": {"uv": [11.83571, 10.17619, 12.22361, 11.0225], "texture": "#5"},
				"south": {"uv": [10.83571, 11.67619, 11.00226, 12.5225], "texture": "#5"},
				"west": {"uv": [11.83571, 10.67619, 12.22361, 11.5225], "texture": "#5"},
				"up": {"uv": [11.50226, 12.06408, 11.33571, 11.67619], "texture": "#5"},
				"down": {"uv": [12.00226, 11.17619, 11.83571, 11.56408], "texture": "#5"}
			}
		},
		{
			"from": [7.79551, 11.14167, 6.7906],
			"to": [8.20449, 12.09379, 7.54564],
			"rotation": {"angle": -45, "axis": "x", "origin": [8, 10.76907, 5.77922]},
			"faces": {
				"north": {"uv": [11.83571, 11.67619, 12.30312, 12.76433], "texture": "#5"},
				"east": {"uv": [0.83571, 12.17619, 1.69862, 13.26433], "texture": "#5"},
				"south": {"uv": [12.33571, 0.67619, 12.80312, 1.76433], "texture": "#5"},
				"west": {"uv": [1.33571, 12.17619, 2.19862, 13.26433], "texture": "#5"},
				"up": {"uv": [12.80312, 2.03909, 12.33571, 1.17619], "texture": "#5"},
				"down": {"uv": [2.30312, 12.17619, 1.83571, 13.03909], "texture": "#5"}
			}
		},
		{
			"from": [7.07193, 9.75332, 3.35794],
			"to": [8.92807, 10.53982, 4.74218],
			"rotation": {"angle": -45, "axis": "x", "origin": [8, 10.76907, 5.77922]},
			"faces": {
				"north": {"uv": [0.83571, 6.17619, 2.95702, 7.07505], "texture": "#5"},
				"east": {"uv": [12.33571, 1.67619, 13.9177, 2.57505], "texture": "#5"},
				"south": {"uv": [6.33571, 0.67619, 8.45702, 1.57505], "texture": "#5"},
				"west": {"uv": [2.33571, 12.17619, 3.9177, 13.07505], "texture": "#5"},
				"up": {"uv": [8.45702, 2.75818, 6.33571, 1.17619], "texture": "#5"},
				"down": {"uv": [3.95702, 6.17619, 1.83571, 7.75818], "texture": "#5"}
			}
		},
		{
			"from": [7.38653, 9.8477, 4.74218],
			"to": [8.61347, 10.60274, 6.12642],
			"rotation": {"angle": -45, "axis": "x", "origin": [8, 10.76907, 5.77922]},
			"faces": {
				"north": {"uv": [12.33571, 2.17619, 13.73793, 3.03909], "texture": "#5"},
				"east": {"uv": [2.83571, 12.17619, 4.4177, 13.03909], "texture": "#5"},
				"south": {"uv": [12.33571, 2.67619, 13.73793, 3.53909], "texture": "#5"},
				"west": {"uv": [3.33571, 12.17619, 4.9177, 13.03909], "texture": "#5"},
				"up": {"uv": [13.73793, 4.75818, 12.33571, 3.17619], "texture": "#5"},
				"down": {"uv": [5.23793, 12.17619, 3.83571, 13.75818], "texture": "#5"}
			}
		},
		{
			"from": [7.57529, 10.74046, 5.98355],
			"to": [8.42471, 12.03032, 6.73859],
			"rotation": {"angle": 22.5, "axis": "x", "origin": [8, 10.76907, 5.77922]},
			"faces": {
				"north": {"uv": [12.33571, 3.67619, 13.30648, 5.15032], "texture": "#5"},
				"east": {"uv": [4.33571, 12.17619, 5.19862, 13.65032], "texture": "#5"},
				"south": {"uv": [12.33571, 4.17619, 13.30648, 5.65032], "texture": "#5"},
				"west": {"uv": [4.83571, 12.17619, 5.69862, 13.65032], "texture": "#5"},
				"up": {"uv": [13.30648, 5.53909, 12.33571, 4.67619], "texture": "#5"},
				"down": {"uv": [6.30648, 12.17619, 5.33571, 13.03909], "texture": "#5"}
			}
		},
		{
			"from": [7.70113, 11.18939, 6.18422],
			"to": [8.29887, 12.32351, 6.93926],
			"rotation": {"angle": 0, "axis": "y", "origin": [8, 10.76907, 5.77922]},
			"faces": {
				"north": {"uv": [12.33571, 5.17619, 13.01885, 6.47233], "texture": "#5"},
				"east": {"uv": [5.83571, 12.17619, 6.69862, 13.47233], "texture": "#5"},
				"south": {"uv": [12.33571, 5.67619, 13.01885, 6.97233], "texture": "#5"},
				"west": {"uv": [6.33571, 12.17619, 7.19862, 13.47233], "texture": "#5"},
				"up": {"uv": [13.01885, 7.03909, 12.33571, 6.17619], "texture": "#5"},
				"down": {"uv": [7.51885, 12.17619, 6.83571, 13.03909], "texture": "#5"}
			}
		},
		{
			"from": [7.85843, 12.10161, 5.16166],
			"to": [8.14157, 12.76227, 5.9167],
			"rotation": {"angle": 0, "axis": "y", "origin": [8, 10.76907, 5.77922]},
			"faces": {
				"north": {"uv": [12.33571, 6.67619, 12.6593, 7.43123], "texture": "#5"},
				"east": {"uv": [7.33571, 12.17619, 8.19862, 12.93123], "texture": "#5"},
				"south": {"uv": [12.33571, 7.17619, 12.6593, 7.93123], "texture": "#5"},
				"west": {"uv": [7.83571, 12.17619, 8.69862, 12.93123], "texture": "#5"},
				"up": {"uv": [12.6593, 8.53909, 12.33571, 7.67619], "texture": "#5"},
				"down": {"uv": [8.6593, 12.17619, 8.33571, 13.03909], "texture": "#5"}
			}
		},
		{
			"from": [7.92865, 12.19885, 5.28429],
			"to": [8.07135, 12.54491, 6.03933],
			"rotation": {"angle": -22.5, "axis": "x", "origin": [8, 10.76907, 5.77922]},
			"faces": {
				"north": {"uv": [12.33571, 8.17619, 12.4988, 8.57169], "texture": "#5"},
				"east": {"uv": [8.83571, 12.17619, 9.69862, 12.57169], "texture": "#5"},
				"south": {"uv": [12.33571, 8.67619, 12.4988, 9.07169], "texture": "#5"},
				"west": {"uv": [9.33571, 12.17619, 10.19862, 12.57169], "texture": "#5"},
				"up": {"uv": [12.4988, 10.03909, 12.33571, 9.17619], "texture": "#5"},
				"down": {"uv": [9.9988, 12.17619, 9.83571, 13.03909], "texture": "#5"}
			}
		},
		{
			"from": [7.83641, 10.38833, 8.33002],
			"to": [8.16359, 11.15003, 8.93405],
			"rotation": {"angle": 0, "axis": "y", "origin": [8, 10.45155, 7.38481]},
			"faces": {
				"north": {"uv": [12.33571, 9.67619, 12.70964, 10.5467], "texture": "#5"},
				"east": {"uv": [10.33571, 12.17619, 11.02604, 13.0467], "texture": "#5"},
				"south": {"uv": [12.33571, 10.17619, 12.70964, 11.0467], "texture": "#5"},
				"west": {"uv": [10.83571, 12.17619, 11.52604, 13.0467], "texture": "#5"},
				"up": {"uv": [12.70964, 11.36651, 12.33571, 10.67619], "texture": "#5"},
				"down": {"uv": [11.70964, 12.17619, 11.33571, 12.86651], "texture": "#5"}
			}
		},
		{
			"from": [7.25754, 9.27766, 5.58389],
			"to": [8.74246, 9.90686, 6.69128],
			"rotation": {"angle": 0, "axis": "y", "origin": [8, 10.45155, 7.38481]},
			"faces": {
				"north": {"uv": [12.33571, 11.17619, 14.03276, 11.89528], "texture": "#5"},
				"east": {"uv": [11.83571, 12.17619, 13.10131, 12.89528], "texture": "#5"},
				"south": {"uv": [12.33571, 11.67619, 14.03276, 12.39528], "texture": "#5"},
				"west": {"uv": [12.33571, 12.17619, 13.60131, 12.89528], "texture": "#5"},
				"up": {"uv": [2.53276, 13.94178, 0.83571, 12.67619], "texture": "#5"},
				"down": {"uv": [14.53276, 0.67619, 12.83571, 1.94178], "texture": "#5"}
			}
		},
		{
			"from": [7.50922, 9.35316, 6.69128],
			"to": [8.49078, 9.95719, 7.79867],
			"rotation": {"angle": 0, "axis": "y", "origin": [8, 10.45155, 7.38481]},
			"faces": {
				"north": {"uv": [1.33571, 12.67619, 2.45749, 13.36651], "texture": "#5"},
				"east": {"uv": [12.83571, 1.17619, 14.10131, 1.86651], "texture": "#5"},
				"south": {"uv": [1.83571, 12.67619, 2.95749, 13.36651], "texture": "#5"},
				"west": {"uv": [12.83571, 1.67619, 14.10131, 2.36651], "texture": "#5"},
				"up": {"uv": [3.45749, 13.94178, 2.33571, 12.67619], "texture": "#5"},
				"down": {"uv": [13.95749, 2.17619, 12.83571, 3.44178], "texture": "#5"}
			}
		},
		{
			"from": [7.66023, 9.29818, 7.3494],
			"to": [8.33977, 9.90221, 8.38129],
			"rotation": {"angle": -22.5, "axis": "x", "origin": [8, 10.45155, 7.38481]},
			"faces": {
				"north": {"uv": [2.83571, 12.67619, 3.61233, 13.36651], "texture": "#5"},
				"east": {"uv": [12.83571, 2.67619, 14.01501, 3.36651], "texture": "#5"},
				"south": {"uv": [3.33571, 12.67619, 4.11233, 13.36651], "texture": "#5"},
				"west": {"uv": [12.83571, 3.17619, 14.01501, 3.86651], "texture": "#5"},
				"up": {"uv": [4.61233, 13.85549, 3.83571, 12.67619], "texture": "#5"},
				"down": {"uv": [13.61233, 3.67619, 12.83571, 4.85549], "texture": "#5"}
			}
		},
		{
			"from": [7.7609, 10.62857, 8.06052],
			"to": [8.2391, 11.53586, 8.66455],
			"rotation": {"angle": 45, "axis": "x", "origin": [8, 10.45155, 7.38481]},
			"faces": {
				"north": {"uv": [4.33571, 12.67619, 4.88222, 13.7131], "texture": "#5"},
				"east": {"uv": [12.83571, 4.17619, 13.52604, 5.2131], "texture": "#5"},
				"south": {"uv": [4.83571, 12.67619, 5.38222, 13.7131], "texture": "#5"},
				"west": {"uv": [12.83571, 4.67619, 13.52604, 5.7131], "texture": "#5"},
				"up": {"uv": [5.88222, 13.36651, 5.33571, 12.67619], "texture": "#5"},
				"down": {"uv": [13.38222, 5.17619, 12.83571, 5.86651], "texture": "#5"}
			}
		},
		{
			"from": [7.88674, 11.35835, 7.24248],
			"to": [8.11326, 11.88687, 7.84651],
			"rotation": {"angle": 45, "axis": "x", "origin": [8, 10.45155, 7.38481]},
			"faces": {
				"north": {"uv": [5.83571, 12.67619, 6.09459, 13.28022], "texture": "#5"},
				"east": {"uv": [12.83571, 5.67619, 13.52604, 6.28022], "texture": "#5"},
				"south": {"uv": [6.33571, 12.67619, 6.59459, 13.28022], "texture": "#5"},
				"west": {"uv": [12.83571, 6.17619, 13.52604, 6.78022], "texture": "#5"},
				"up": {"uv": [7.09459, 13.36651, 6.83571, 12.67619], "texture": "#5"},
				"down": {"uv": [13.09459, 6.67619, 12.83571, 7.36651], "texture": "#5"}
			}
		},
		{
			"from": [7.93792, 11.31366, 7.25287],
			"to": [8.06208, 11.59051, 7.8569],
			"rotation": {"angle": 22.5, "axis": "x", "origin": [8, 10.45155, 7.38481]},
			"faces": {
				"north": {"uv": [7.33571, 12.67619, 7.47761, 12.99259], "texture": "#5"},
				"east": {"uv": [12.83571, 7.17619, 13.52604, 7.49259], "texture": "#5"},
				"south": {"uv": [7.83571, 12.67619, 7.97761, 12.99259], "texture": "#5"},
				"west": {"uv": [12.83571, 7.67619, 13.52604, 7.99259], "texture": "#5"},
				"up": {"uv": [8.47761, 13.36651, 8.33571, 12.67619], "texture": "#5"},
				"down": {"uv": [12.97761, 8.17619, 12.83571, 8.86651], "texture": "#5"}
			}
		},
		{
			"from": [7.79551, 3.44436, 6.7906],
			"to": [8.20449, 4.39648, 7.54564],
			"rotation": {"angle": 45, "axis": "x", "origin": [8, 4.76907, 5.77922]},
			"faces": {
				"north": {"uv": [8.83571, 12.67619, 9.30312, 13.76433], "texture": "#5"},
				"east": {"uv": [12.83571, 8.67619, 13.69862, 9.76433], "texture": "#5"},
				"south": {"uv": [9.33571, 12.67619, 9.80312, 13.76433], "texture": "#5"},
				"west": {"uv": [12.83571, 9.17619, 13.69862, 10.26433], "texture": "#5"},
				"up": {"uv": [10.30312, 13.53909, 9.83571, 12.67619], "texture": "#5"},
				"down": {"uv": [13.30312, 9.67619, 12.83571, 10.53909], "texture": "#5"}
			}
		},
		{
			"from": [7.07193, 4.99832, 3.35794],
			"to": [8.92807, 5.78482, 4.74218],
			"rotation": {"angle": 45, "axis": "x", "origin": [8, 4.76907, 5.77922]},
			"faces": {
				"north": {"uv": [2.83571, 6.17619, 4.95702, 7.07505], "texture": "#5"},
				"east": {"uv": [10.33571, 12.67619, 11.9177, 13.57505], "texture": "#5"},
				"south": {"uv": [6.33571, 3.17619, 8.45702, 4.07505], "texture": "#5"},
				"west": {"uv": [12.83571, 10.17619, 14.4177, 11.07505], "texture": "#5"},
				"up": {"uv": [5.95702, 7.75818, 3.83571, 6.17619], "texture": "#5"},
				"down": {"uv": [8.45702, 3.67619, 6.33571, 5.25818], "texture": "#5"}
			}
		},
		{
			"from": [7.38653, 4.9354, 4.74218],
			"to": [8.61347, 5.69044, 6.12642],
			"rotation": {"angle": 45, "axis": "x", "origin": [8, 4.76907, 5.77922]},
			"faces": {
				"north": {"uv": [10.83571, 12.67619, 12.23793, 13.53909], "texture": "#5"},
				"east": {"uv": [12.83571, 10.67619, 14.4177, 11.53909], "texture": "#5"},
				"south": {"uv": [11.33571, 12.67619, 12.73793, 13.53909], "texture": "#5"},
				"west": {"uv": [12.83571, 11.17619, 14.4177, 12.03909], "texture": "#5"},
				"up": {"uv": [13.23793, 14.25818, 11.83571, 12.67619], "texture": "#5"},
				"down": {"uv": [14.23793, 11.67619, 12.83571, 13.25818], "texture": "#5"}
			}
		},
		{
			"from": [7.57529, 3.50782, 5.98355],
			"to": [8.42471, 4.79768, 6.73859],
			"rotation": {"angle": -22.5, "axis": "x", "origin": [8, 4.76907, 5.77922]},
			"faces": {
				"north": {"uv": [12.33571, 12.67619, 13.30648, 14.15032], "texture": "#5"},
				"east": {"uv": [12.83571, 12.17619, 13.69862, 13.65032], "texture": "#5"},
				"south": {"uv": [12.83571, 12.67619, 13.80648, 14.15032], "texture": "#5"},
				"west": {"uv": [0.83571, 13.17619, 1.69862, 14.65032], "texture": "#5"},
				"up": {"uv": [14.30648, 1.53909, 13.33571, 0.67619], "texture": "#5"},
				"down": {"uv": [2.30648, 13.17619, 1.33571, 14.03909], "texture": "#5"}
			}
		},
		{
			"from": [7.70113, 3.21463, 6.18422],
			"to": [8.29887, 4.34875, 6.93926],
			"rotation": {"angle": 0, "axis": "y", "origin": [8, 4.76907, 5.77922]},
			"faces": {
				"north": {"uv": [13.33571, 1.17619, 14.01885, 2.47233], "texture": "#5"},
				"east": {"uv": [1.83571, 13.17619, 2.69862, 14.47233], "texture": "#5"},
				"south": {"uv": [13.33571, 1.67619, 14.01885, 2.97233], "texture": "#5"},
				"west": {"uv": [2.33571, 13.17619, 3.19862, 14.47233], "texture": "#5"},
				"up": {"uv": [14.01885, 3.03909, 13.33571, 2.17619], "texture": "#5"},
				"down": {"uv": [3.51885, 13.17619, 2.83571, 14.03909], "texture": "#5"}
			}
		},
		{
			"from": [7.85843, 2.77587, 5.16166],
			"to": [8.14157, 3.43653, 5.9167],
			"rotation": {"angle": 0, "axis": "y", "origin": [8, 4.76907, 5.77922]},
			"faces": {
				"north": {"uv": [13.33571, 2.67619, 13.6593, 3.43123], "texture": "#5"},
				"east": {"uv": [3.33571, 13.17619, 4.19862, 13.93123], "texture": "#5"},
				"south": {"uv": [13.33571, 3.17619, 13.6593, 3.93123], "texture": "#5"},
				"west": {"uv": [3.83571, 13.17619, 4.69862, 13.93123], "texture": "#5"},
				"up": {"uv": [13.6593, 4.53909, 13.33571, 3.67619], "texture": "#5"},
				"down": {"uv": [4.6593, 13.17619, 4.33571, 14.03909], "texture": "#5"}
			}
		},
		{
			"from": [7.92865, 2.99324, 5.28429],
			"to": [8.07135, 3.3393, 6.03933],
			"rotation": {"angle": 22.5, "axis": "x", "origin": [8, 4.76907, 5.77922]},
			"faces": {
				"north": {"uv": [13.33571, 4.17619, 13.4988, 4.57169], "texture": "#5"},
				"east": {"uv": [4.83571, 13.17619, 5.69862, 13.57169], "texture": "#5"},
				"south": {"uv": [13.33571, 4.67619, 13.4988, 5.07169], "texture": "#5"},
				"west": {"uv": [5.33571, 13.17619, 6.19862, 13.57169], "texture": "#5"},
				"up": {"uv": [13.4988, 6.03909, 13.33571, 5.17619], "texture": "#5"},
				"down": {"uv": [5.9988, 13.17619, 5.83571, 14.03909], "texture": "#5"}
			}
		},
		{
			"from": [8.91141, 8.21156, 10.80437],
			"to": [9.23859, 8.97325, 11.4084],
			"rotation": {"angle": 0, "axis": "y", "origin": [8.94375, 8.87858, 10.03594]},
			"faces": {
				"north": {"uv": [13.33571, 5.67619, 13.70964, 6.5467], "texture": "#5"},
				"east": {"uv": [6.33571, 13.17619, 7.02604, 14.0467], "texture": "#5"},
				"south": {"uv": [13.33571, 6.17619, 13.70964, 7.0467], "texture": "#5"},
				"west": {"uv": [6.83571, 13.17619, 7.52604, 14.0467], "texture": "#5"},
				"up": {"uv": [13.70964, 7.36651, 13.33571, 6.67619], "texture": "#5"},
				"down": {"uv": [7.70964, 13.17619, 7.33571, 13.86651], "texture": "#5"}
			}
		},
		{
			"from": [8.33254, 9.70075, 9.10518],
			"to": [9.29246, 10.32995, 10.21257],
			"rotation": {"angle": -45, "axis": "x", "origin": [8.94375, 8.87858, 10.03594]},
			"faces": {
				"north": {"uv": [13.33571, 7.17619, 14.43276, 7.89528], "texture": "#5"},
				"east": {"uv": [7.83571, 13.17619, 9.10131, 13.89528], "texture": "#5"},
				"south": {"uv": [13.33571, 7.67619, 14.43276, 8.39528], "texture": "#5"},
				"west": {"uv": [8.33571, 13.17619, 9.60131, 13.89528], "texture": "#5"},
				"up": {"uv": [14.43276, 9.44178, 13.33571, 8.17619], "texture": "#5"},
				"down": {"uv": [9.93276, 13.17619, 8.83571, 14.44178], "texture": "#5"}
			}
		},
		{
			"from": [8.58422, 9.40439, 9.16563],
			"to": [9.56578, 10.00842, 10.27302],
			"rotation": {"angle": 0, "axis": "y", "origin": [8.94375, 8.87858, 10.03594]},
			"faces": {
				"north": {"uv": [13.33571, 8.67619, 14.45749, 9.36651], "texture": "#5"},
				"east": {"uv": [9.33571, 13.17619, 10.60131, 13.86651], "texture": "#5"},
				"south": {"uv": [13.33571, 9.17619, 14.45749, 9.86651], "texture": "#5"},
				"west": {"uv": [9.83571, 13.17619, 11.10131, 13.86651], "texture": "#5"},
				"up": {"uv": [14.45749, 10.94178, 13.33571, 9.67619], "texture": "#5"},
				"down": {"uv": [11.45749, 13.17619, 10.33571, 14.44178], "texture": "#5"}
			}
		},
		{
			"from": [8.73523, 9.38933, 9.82517],
			"to": [9.41477, 9.99336, 10.85706],
			"rotation": {"angle": 22.5, "axis": "x", "origin": [8.94375, 8.87858, 10.03594]},
			"faces": {
				"north": {"uv": [13.33571, 10.17619, 14.11233, 10.86651], "texture": "#5"},
				"east": {"uv": [10.83571, 13.17619, 12.01501, 13.86651], "texture": "#5"},
				"south": {"uv": [13.33571, 10.67619, 14.11233, 11.36651], "texture": "#5"},
				"west": {"uv": [11.33571, 13.17619, 12.51501, 13.86651], "texture": "#5"},
				"up": {"uv": [14.11233, 12.35549, 13.33571, 11.17619], "texture": "#5"},
				"down": {"uv": [12.61233, 13.17619, 11.83571, 14.35549], "texture": "#5"}
			}
		},
		{
			"from": [8.8359, 7.94151, 10.60889],
			"to": [9.3141, 8.8488, 11.21292],
			"rotation": {"angle": -45, "axis": "x", "origin": [8.94375, 8.87858, 10.03594]},
			"faces": {
				"north": {"uv": [13.33571, 11.67619, 13.88222, 12.7131], "texture": "#5"},
				"east": {"uv": [12.33571, 13.17619, 13.02604, 14.2131], "texture": "#5"},
				"south": {"uv": [13.33571, 12.17619, 13.88222, 13.2131], "texture": "#5"},
				"west": {"uv": [12.83571, 13.17619, 13.52604, 14.2131], "texture": "#5"},
				"up": {"uv": [13.88222, 13.36651, 13.33571, 12.67619], "texture": "#5"},
				"down": {"uv": [13.88222, 13.17619, 13.33571, 13.86651], "texture": "#5"}
			}
		},
		{
			"from": [8.96174, 7.5905, 9.79085],
			"to": [9.18826, 8.11902, 10.39488],
			"rotation": {"angle": -45, "axis": "x", "origin": [8.94375, 8.87858, 10.03594]},
			"faces": {
				"north": {"uv": [0.83571, 13.67619, 1.09459, 14.28022], "texture": "#5"},
				"east": {"uv": [13.83571, 0.67619, 14.52604, 1.28022], "texture": "#5"},
				"south": {"uv": [1.33571, 13.67619, 1.59459, 14.28022], "texture": "#5"},
				"west": {"uv": [13.83571, 1.17619, 14.52604, 1.78022], "texture": "#5"},
				"up": {"uv": [2.09459, 14.36651, 1.83571, 13.67619], "texture": "#5"},
				"down": {"uv": [14.09459, 1.67619, 13.83571, 2.36651], "texture": "#5"}
			}
		},
		{
			"from": [9.01292, 7.83633, 9.75271],
			"to": [9.13708, 8.11318, 10.35674],
			"rotation": {"angle": -22.5, "axis": "x", "origin": [8.94375, 8.87858, 10.03594]},
			"faces": {
				"north": {"uv": [2.33571, 13.67619, 2.47761, 13.99259], "texture": "#5"},
				"east": {"uv": [13.83571, 2.17619, 14.52604, 2.49259], "texture": "#5"},
				"south": {"uv": [2.83571, 13.67619, 2.97761, 13.99259], "texture": "#5"},
				"west": {"uv": [13.83571, 2.67619, 14.52604, 2.99259], "texture": "#5"},
				"up": {"uv": [3.47761, 14.36651, 3.33571, 13.67619], "texture": "#5"},
				"down": {"uv": [13.97761, 3.17619, 13.83571, 3.86651], "texture": "#5"}
			}
		},
		{
			"from": [6.75516, 8.21156, 10.80437],
			"to": [7.08234, 8.97325, 11.4084],
			"rotation": {"angle": 0, "axis": "y", "origin": [7.05, 8.87858, 10.03594]},
			"faces": {
				"north": {"uv": [3.83571, 13.67619, 4.20964, 14.5467], "texture": "#5"},
				"east": {"uv": [13.83571, 3.67619, 14.52604, 4.5467], "texture": "#5"},
				"south": {"uv": [4.33571, 13.67619, 4.70964, 14.5467], "texture": "#5"},
				"west": {"uv": [13.83571, 4.17619, 14.52604, 5.0467], "texture": "#5"},
				"up": {"uv": [5.20964, 14.36651, 4.83571, 13.67619], "texture": "#5"},
				"down": {"uv": [14.20964, 4.67619, 13.83571, 5.36651], "texture": "#5"}
			}
		},
		{
			"from": [6.70129, 9.70075, 9.10518],
			"to": [7.66121, 10.32995, 10.21257],
			"rotation": {"angle": -45, "axis": "x", "origin": [7.05, 8.87858, 10.03594]},
			"faces": {
				"north": {"uv": [5.33571, 13.67619, 6.43276, 14.39528], "texture": "#5"},
				"east": {"uv": [13.83571, 5.17619, 15.10131, 5.89528], "texture": "#5"},
				"south": {"uv": [5.83571, 13.67619, 6.93276, 14.39528], "texture": "#5"},
				"west": {"uv": [13.83571, 5.67619, 15.10131, 6.39528], "texture": "#5"},
				"up": {"uv": [7.43276, 14.94178, 6.33571, 13.67619], "texture": "#5"},
				"down": {"uv": [14.93276, 6.17619, 13.83571, 7.44178], "texture": "#5"}
			}
		},
		{
			"from": [6.42797, 9.40439, 9.16563],
			"to": [7.40953, 10.00842, 10.27302],
			"rotation": {"angle": 0, "axis": "y", "origin": [7.05, 8.87858, 10.03594]},
			"faces": {
				"north": {"uv": [6.83571, 13.67619, 7.95749, 14.36651], "texture": "#5"},
				"east": {"uv": [13.83571, 6.67619, 15.10131, 7.36651], "texture": "#5"},
				"south": {"uv": [7.33571, 13.67619, 8.45749, 14.36651], "texture": "#5"},
				"west": {"uv": [13.83571, 7.17619, 15.10131, 7.86651], "texture": "#5"},
				"up": {"uv": [8.95749, 14.94178, 7.83571, 13.67619], "texture": "#5"},
				"down": {"uv": [14.95749, 7.67619, 13.83571, 8.94178], "texture": "#5"}
			}
		},
		{
			"from": [6.57898, 9.38933, 9.82517],
			"to": [7.25852, 9.99336, 10.85706],
			"rotation": {"angle": 22.5, "axis": "x", "origin": [7.05, 8.87858, 10.03594]},
			"faces": {
				"north": {"uv": [8.33571, 13.67619, 9.11233, 14.36651], "texture": "#5"},
				"east": {"uv": [13.83571, 8.17619, 15.01501, 8.86651], "texture": "#5"},
				"south": {"uv": [8.83571, 13.67619, 9.61233, 14.36651], "texture": "#5"},
				"west": {"uv": [13.83571, 8.67619, 15.01501, 9.36651], "texture": "#5"},
				"up": {"uv": [10.11233, 14.85549, 9.33571, 13.67619], "texture": "#5"},
				"down": {"uv": [14.61233, 9.17619, 13.83571, 10.35549], "texture": "#5"}
			}
		},
		{
			"from": [6.67965, 7.94151, 10.60889],
			"to": [7.15785, 8.8488, 11.21292],
			"rotation": {"angle": -45, "axis": "x", "origin": [7.05, 8.87858, 10.03594]},
			"faces": {
				"north": {"uv": [9.83571, 13.67619, 10.38222, 14.7131], "texture": "#5"},
				"east": {"uv": [13.83571, 9.67619, 14.52604, 10.7131], "texture": "#5"},
				"south": {"uv": [10.33571, 13.67619, 10.88222, 14.7131], "texture": "#5"},
				"west": {"uv": [13.83571, 10.17619, 14.52604, 11.2131], "texture": "#5"},
				"up": {"uv": [11.38222, 14.36651, 10.83571, 13.67619], "texture": "#5"},
				"down": {"uv": [14.38222, 10.67619, 13.83571, 11.36651], "texture": "#5"}
			}
		},
		{
			"from": [6.80549, 7.5905, 9.79085],
			"to": [7.03201, 8.11902, 10.39488],
			"rotation": {"angle": -45, "axis": "x", "origin": [7.05, 8.87858, 10.03594]},
			"faces": {
				"north": {"uv": [11.33571, 13.67619, 11.59459, 14.28022], "texture": "#5"},
				"east": {"uv": [13.83571, 11.17619, 14.52604, 11.78022], "texture": "#5"},
				"south": {"uv": [11.83571, 13.67619, 12.09459, 14.28022], "texture": "#5"},
				"west": {"uv": [13.83571, 11.67619, 14.52604, 12.28022], "texture": "#5"},
				"up": {"uv": [12.59459, 14.36651, 12.33571, 13.67619], "texture": "#5"},
				"down": {"uv": [14.09459, 12.17619, 13.83571, 12.86651], "texture": "#5"}
			}
		},
		{
			"from": [6.85667, 7.83633, 9.75271],
			"to": [6.98083, 8.11318, 10.35674],
			"rotation": {"angle": -22.5, "axis": "x", "origin": [7.05, 8.87858, 10.03594]},
			"faces": {
				"north": {"uv": [12.83571, 13.67619, 12.97761, 13.99259], "texture": "#5"},
				"east": {"uv": [13.83571, 12.67619, 14.52604, 12.99259], "texture": "#5"},
				"south": {"uv": [13.33571, 13.67619, 13.47761, 13.99259], "texture": "#5"},
				"west": {"uv": [13.83571, 13.17619, 14.52604, 13.49259], "texture": "#5"},
				"up": {"uv": [13.97761, 14.36651, 13.83571, 13.67619], "texture": "#5"},
				"down": {"uv": [0.97761, 14.17619, 0.83571, 14.86651], "texture": "#5"}
			}
		}
	],
	"display": {
		"thirdperson_righthand": {
			"rotation": [67.5, 0, 0],
			"translation": [0, 5.25, 2]
		},
		"thirdperson_lefthand": {
			"rotation": [67.5, 0, 0],
			"translation": [0, 5.25, 2]
		},
		"firstperson_righthand": {
			"translation": [-2, 4.25, 0.25]
		},
		"firstperson_lefthand": {
			"translation": [-2, 4.25, 0.25]
		},
		"ground": {
			"translation": [0, 3, 0]
		},
		"gui": {
			"rotation": [159.34, -35.7, -177.05],
			"translation": [-1, -1, 0]
		},
		"fixed": {
			"rotation": [0, 90, 0],
			"translation": [0, 0, -1.25],
			"scale": [2, 2, 2]
		}
	},
	"groups": [
		{
			"name": "blood_drainer",
			"origin": [9.87724, 5.29716, 9.01666],
			"color": 0,
			"children": [
				{
					"name": "eyeball",
					"origin": [7.69817, 8.69325, -5.85487],
					"color": 0,
					"children": [0, 1, 2, 3]
				},
				{
					"name": "back_part",
					"origin": [8, 7.375, 7.61268],
					"color": 0,
					"children": [
						{
							"name": "body",
							"origin": [11.2, 6.93, 6.86165],
							"color": 0,
							"children": [4, 5, 6, 7]
						},
						{
							"name": "stock",
							"origin": [11.2, 4.185, 6.58165],
							"color": 0,
							"children": [8, 9, 10, 11, 12, 13, 14, 15, 16, 17, 18, 19, 20, 21, 22, 23]
						}
					]
				},
				{
					"name": "tentacles",
					"origin": [7.875, 7.15299, 21.74094],
					"color": 0,
					"children": [
						{
							"name": "tentacle",
							"origin": [6.83561, 3.56955, 16.56594],
							"color": 0,
							"children": [24, 25, 26, 27, 28, 29, 30]
						},
						{
							"name": "tentacle",
							"origin": [6.83561, 3.56955, 16.56594],
							"color": 0,
							"children": [31, 32, 33, 34, 35, 36, 37]
						},
						{
							"name": "tentacle",
							"origin": [6.6903, 3.56955, 16.56594],
							"color": 0,
							"children": [38, 39, 40, 41, 42, 43, 44]
						},
						{
							"name": "tentacle",
							"origin": [6.83561, 3.56955, 16.56594],
							"color": 0,
							"children": [45, 46, 47, 48, 49, 50, 51]
						},
						{
							"name": "tentacle",
							"origin": [6.83561, 3.56955, 16.56594],
							"color": 0,
							"children": [52, 53, 54, 55, 56]
						},
						{
							"name": "tentacle",
							"origin": [6.83561, 3.56955, 16.56594],
							"color": 0,
							"children": [57, 58, 59, 60]
						},
						{
							"name": "tentacle",
							"origin": [6.83561, 3.56955, 16.56594],
							"color": 8,
							"children": [61, 62, 63, 64, 65, 66]
						},
						{
							"name": "tentacle",
							"origin": [6.83561, 3.56955, 16.56594],
							"color": 8,
							"children": [67, 68, 69, 70, 71]
						},
						{
							"name": "tentacle",
							"origin": [6.6903, 3.56955, 16.56594],
							"color": 8,
							"children": [72, 73, 74, 75, 76]
						},
						{
							"name": "tentacle",
							"origin": [6.83561, 3.56955, 16.56594],
							"color": 8,
							"children": [77, 78, 79, 80, 81, 82]
						},
						{
							"name": "tentacle",
							"origin": [6.76174, 3.56955, 16.56594],
							"color": 3,
							"children": [83, 84, 85, 86, 87, 88, 89]
						},
						{
							"name": "tentacle",
							"origin": [6.83561, 3.56955, 16.56594],
							"color": 3,
							"children": [90, 91, 92, 93, 94, 95, 96]
						},
						{
							"name": "tentacle",
							"origin": [9.46078, 3.56955, 16.56594],
							"color": 3,
							"children": [97, 98, 99, 100, 101, 102, 103]
						},
						{
							"name": "tentacle",
							"origin": [9.46078, 3.56955, 16.56594],
							"color": 3,
							"children": [104, 105, 106, 107, 108, 109, 110]
						},
						{
							"name": "tentacle",
							"origin": [9.46078, 3.56955, 16.56594],
							"color": 3,
							"children": [111, 112, 113, 114, 115, 116, 117]
						},
						{
							"name": "tentacle",
							"origin": [9.46078, 3.56955, 16.56594],
							"color": 3,
							"children": [118, 119, 120, 121, 122, 123, 124]
						},
						{
							"name": "tentacle",
							"origin": [8.69203, 3.56955, 16.56594],
							"color": 3,
							"children": [125, 126, 127, 128, 129, 130, 131]
						}
					]
				}
			]
		}
	]
}