{
	"credit": "Made with Blockbench",
	"texture_size": [64, 64],
	"textures": {
		"0": "aoa3:item/abominator",
		"1": "aoa3:item/bomb_launcher",
		"2": "aoa3:item/bomb_launcher_parts",
		"particle": "aoa3:item/abominator"
	},
	"elements": [
		{
			"from": [7.05, 10.88125, 10.88125],
			"to": [8.95, 11.38125, 14.68125],
			"rotation": {"angle": 0, "axis": "y", "origin": [8, 8, 8]},
			"faces": {
				"north": {"uv": [8.75, 0.75, 9.25, 0.875], "texture": "#2"},
				"east": {"uv": [8.6875, 6.75, 7.75, 6.875], "texture": "#2"},
				"south": {"uv": [1, 8.75, 1.5, 8.875], "texture": "#2"},
				"west": {"uv": [7.75, 6.75, 8.6875, 6.875], "texture": "#2"},
				"up": {"uv": [4.5, 3.9375, 4, 3], "texture": "#2"},
				"down": {"uv": [4.5, 4, 4, 4.9375], "texture": "#2"}
			}
		},
		{
			"from": [7.05, 10.48125, 13.98125],
			"to": [8.95, 10.88125, 16.23125],
			"rotation": {"angle": 0, "axis": "y", "origin": [8, 8, 8]},
			"faces": {
				"north": {"uv": [8.75, 1.25, 9.25, 1.375], "texture": "#2"},
				"east": {"uv": [9.0625, 4, 8.5, 4.125], "texture": "#2"},
				"south": {"uv": [1.5, 8.75, 2, 8.875], "texture": "#2"},
				"west": {"uv": [8.5, 4, 9.0625, 4.125], "texture": "#2"},
				"up": {"uv": [7.25, 7.5625, 6.75, 7], "texture": "#2"},
				"down": {"uv": [0.5, 7.25, 0, 7.8125], "texture": "#2"}
			}
		},
		{
			"from": [7.05, 9.08125, 16.98125],
			"to": [8.95, 9.48125, 17.70625],
			"rotation": {"angle": 0, "axis": "y", "origin": [8, 8, 8]},
			"faces": {
				"north": {"uv": [8.75, 1.5, 9.25, 1.625], "texture": "#2"},
				"east": {"uv": [9.4375, 4, 9.25, 4.125], "texture": "#2"},
				"south": {"uv": [8.75, 1.75, 9.25, 1.875], "texture": "#2"},
				"west": {"uv": [9.25, 4, 9.4375, 4.125], "texture": "#2"},
				"up": {"uv": [8.75, 0.9375, 8.25, 0.75], "texture": "#2"},
				"down": {"uv": [8.75, 6.25, 8.25, 6.4375], "texture": "#2"}
			}
		},
		{
			"from": [7.05, 9.48125, 16.98125],
			"to": [8.95, 9.78125, 17.70625],
			"rotation": {"angle": 0, "axis": "y", "origin": [8, 8, 8]},
			"faces": {
				"north": {"uv": [3.5, 9.25, 4, 9.3125], "texture": "#2"},
				"east": {"uv": [6.9375, 9.75, 6.75, 9.8125], "texture": "#2"},
				"south": {"uv": [9.25, 3.75, 9.75, 3.8125], "texture": "#2"},
				"west": {"uv": [6.75, 9.75, 6.9375, 9.8125], "texture": "#2"},
				"up": {"uv": [7, 8.4375, 6.5, 8.25], "texture": "#2"},
				"down": {"uv": [8.75, 7, 8.25, 7.1875], "texture": "#2"}
			}
		},
		{
			"from": [7.05, 9.78125, 16.98125],
			"to": [8.95, 10.23125, 17.38125],
			"rotation": {"angle": 0, "axis": "y", "origin": [8, 8, 8]},
			"faces": {
				"north": {"uv": [2, 8.75, 2.5, 8.875], "texture": "#2"},
				"east": {"uv": [5.375, 9.75, 5.25, 9.875], "texture": "#2"},
				"south": {"uv": [8.75, 2, 9.25, 2.125], "texture": "#2"},
				"west": {"uv": [5.25, 9.75, 5.375, 9.875], "texture": "#2"},
				"up": {"uv": [9.25, 2.375, 8.75, 2.25], "texture": "#2"},
				"down": {"uv": [9.25, 2.5, 8.75, 2.625], "texture": "#2"}
			}
		},
		{
			"from": [7.05, 10.08125, 14.45625],
			"to": [8.95, 10.48125, 16.98125],
			"rotation": {"angle": 0, "axis": "y", "origin": [8, 8, 8]},
			"faces": {
				"north": {"uv": [2.75, 8.75, 3.25, 8.875], "texture": "#2"},
				"east": {"uv": [9.125, 1, 8.5, 1.125], "texture": "#2"},
				"south": {"uv": [3.25, 8.75, 3.75, 8.875], "texture": "#2"},
				"west": {"uv": [8.5, 1, 9.125, 1.125], "texture": "#2"},
				"up": {"uv": [5, 7.125, 4.5, 6.5], "texture": "#2"},
				"down": {"uv": [7.5, 1.5, 7, 2.125], "texture": "#2"}
			}
		},
		{
			"from": [7.05, 9.08125, 14.95625],
			"to": [8.95, 10.08125, 16.98125],
			"rotation": {"angle": 0, "axis": "y", "origin": [8, 8, 8]},
			"faces": {
				"north": {"uv": [4.5, 7.75, 5, 8], "texture": "#2"},
				"east": {"uv": [8.25, 6.25, 7.75, 6.5], "texture": "#2"},
				"south": {"uv": [7.75, 6, 8.25, 6.25], "texture": "#2"},
				"west": {"uv": [7.75, 6.25, 8.25, 6.5], "texture": "#2"},
				"up": {"uv": [6, 6.75, 5.5, 6.25], "texture": "#2"},
				"down": {"uv": [1.5, 7.25, 1, 7.75], "texture": "#2"}
			}
		},
		{
			"from": [7.2525, 5.68375, 16.12875],
			"to": [8.7475, 5.97625, 16.52875],
			"rotation": {"angle": 0, "axis": "y", "origin": [8, 8, 8]},
			"faces": {
				"north": {"uv": [4.25, 9.25, 4.625, 9.3125], "texture": "#2"},
				"east": {"uv": [10.125, 2, 10, 2.0625], "texture": "#2"},
				"south": {"uv": [4.75, 9.25, 5.125, 9.3125], "texture": "#2"},
				"west": {"uv": [10, 2, 10.125, 2.0625], "texture": "#2"},
				"up": {"uv": [7.875, 8.875, 7.5, 8.75], "texture": "#2"},
				"down": {"uv": [9.125, 7.5, 8.75, 7.625], "texture": "#2"}
			}
		},
		{
			"from": [7.2525, 5.97625, 15.62875],
			"to": [8.7475, 6.39375, 16.79875],
			"rotation": {"angle": 0, "axis": "y", "origin": [8, 8, 8]},
			"faces": {
				"north": {"uv": [8.75, 7.75, 9.125, 7.875], "texture": "#2"},
				"east": {"uv": [7.3125, 9, 7, 9.125], "texture": "#2"},
				"south": {"uv": [8, 8.75, 8.375, 8.875], "texture": "#2"},
				"west": {"uv": [7, 9, 7.3125, 9.125], "texture": "#2"},
				"up": {"uv": [7.125, 8.0625, 6.75, 7.75], "texture": "#2"},
				"down": {"uv": [8.125, 7, 7.75, 7.3125], "texture": "#2"}
			}
		},
		{
			"from": [7.2525, 6.39375, 15.62875],
			"to": [8.7475, 6.81125, 17.06875],
			"rotation": {"angle": 0, "axis": "y", "origin": [8, 8, 8]},
			"faces": {
				"north": {"uv": [8.75, 8, 9.125, 8.125], "texture": "#2"},
				"east": {"uv": [9.375, 0, 9, 0.125], "texture": "#2"},
				"south": {"uv": [0, 9, 0.375, 9.125], "texture": "#2"},
				"west": {"uv": [9, 0, 9.375, 0.125], "texture": "#2"},
				"up": {"uv": [7.875, 4.875, 7.5, 4.5], "texture": "#2"},
				"down": {"uv": [5.375, 7.5, 5, 7.875], "texture": "#2"}
			}
		},
		{
			"from": [7.2525, 6.81125, 15.29125],
			"to": [8.7475, 7.22875, 17.06875],
			"rotation": {"angle": 0, "axis": "y", "origin": [8, 8, 8]},
			"faces": {
				"north": {"uv": [9, 0.25, 9.375, 0.375], "texture": "#2"},
				"east": {"uv": [5.6875, 8.75, 5.25, 8.875], "texture": "#2"},
				"south": {"uv": [0.5, 9, 0.875, 9.125], "texture": "#2"},
				"west": {"uv": [5.25, 8.75, 5.6875, 8.875], "texture": "#2"},
				"up": {"uv": [7.625, 5.9375, 7.25, 5.5], "texture": "#2"},
				"down": {"uv": [7.625, 6, 7.25, 6.4375], "texture": "#2"}
			}
		},
		{
			"from": [7.2525, 7.22875, 15.02125],
			"to": [8.7475, 7.64625, 16.79875],
			"rotation": {"angle": 0, "axis": "y", "origin": [8, 8, 8]},
			"faces": {
				"north": {"uv": [1, 9, 1.375, 9.125], "texture": "#2"},
				"east": {"uv": [9.1875, 5.75, 8.75, 5.875], "texture": "#2"},
				"south": {"uv": [1.5, 9, 1.875, 9.125], "texture": "#2"},
				"west": {"uv": [8.75, 5.75, 9.1875, 5.875], "texture": "#2"},
				"up": {"uv": [7.625, 6.9375, 7.25, 6.5], "texture": "#2"},
				"down": {"uv": [7.625, 7, 7.25, 7.4375], "texture": "#2"}
			}
		},
		{
			"from": [7.2525, 7.64625, 15.02125],
			"to": [8.7475, 8.06375, 16.48375],
			"rotation": {"angle": 0, "axis": "y", "origin": [8, 8, 8]},
			"faces": {
				"north": {"uv": [2, 9, 2.375, 9.125], "texture": "#2"},
				"east": {"uv": [3.875, 9, 3.5, 9.125], "texture": "#2"},
				"south": {"uv": [3, 9, 3.375, 9.125], "texture": "#2"},
				"west": {"uv": [3.5, 9, 3.875, 9.125], "texture": "#2"},
				"up": {"uv": [7.625, 7.875, 7.25, 7.5], "texture": "#2"},
				"down": {"uv": [8.125, 0, 7.75, 0.375], "texture": "#2"}
			}
		},
		{
			"from": [7.2525, 8.06375, 14.70625],
			"to": [8.7475, 8.48125, 16.21375],
			"rotation": {"angle": 0, "axis": "y", "origin": [8, 8, 8]},
			"faces": {
				"north": {"uv": [4, 9, 4.375, 9.125], "texture": "#2"},
				"east": {"uv": [9.375, 4.5, 9, 4.625], "texture": "#2"},
				"south": {"uv": [4.5, 9, 4.875, 9.125], "texture": "#2"},
				"west": {"uv": [9, 4.5, 9.375, 4.625], "texture": "#2"},
				"up": {"uv": [1.375, 8.125, 1, 7.75], "texture": "#2"},
				"down": {"uv": [8.125, 1.25, 7.75, 1.625], "texture": "#2"}
			}
		},
		{
			"from": [7.24992, 8.48125, 13.95625],
			"to": [8.74992, 8.88125, 15.98125],
			"rotation": {"angle": 0, "axis": "y", "origin": [8, 8, 8]},
			"faces": {
				"north": {"uv": [9, 4.75, 9.375, 4.875], "texture": "#2"},
				"east": {"uv": [4.75, 8.75, 4.25, 8.875], "texture": "#2"},
				"south": {"uv": [5, 9, 5.375, 9.125], "texture": "#2"},
				"west": {"uv": [4.25, 8.75, 4.75, 8.875], "texture": "#2"},
				"up": {"uv": [3.875, 7.75, 3.5, 7.25], "texture": "#2"},
				"down": {"uv": [4.875, 7.25, 4.5, 7.75], "texture": "#2"}
			}
		},
		{
			"from": [7.25, 3.91625, 13.10125],
			"to": [8.75, 4.21125, 14.42125],
			"rotation": {"angle": 0, "axis": "y", "origin": [8, 8, 8]},
			"faces": {
				"north": {"uv": [9.25, 5, 9.625, 5.0625], "texture": "#2"},
				"east": {"uv": [3.25, 9.75, 3.5625, 9.8125], "texture": "#2"},
				"south": {"uv": [5.25, 9.25, 5.625, 9.3125], "texture": "#2"},
				"west": {"uv": [9.75, 3.5, 10.0625, 3.5625], "texture": "#2"},
				"up": {"uv": [8.125, 7.8125, 7.75, 7.5], "texture": "#2"},
				"down": {"uv": [0.375, 8, 0, 8.3125], "texture": "#2"}
			}
		},
		{
			"from": [7.25, 3.62125, 12.03125],
			"to": [8.75, 3.91625, 13.35125],
			"rotation": {"angle": 0, "axis": "y", "origin": [8, 8, 8]},
			"faces": {
				"north": {"uv": [9.25, 5.25, 9.625, 5.3125], "texture": "#2"},
				"east": {"uv": [3.75, 9.75, 4.0625, 9.8125], "texture": "#2"},
				"south": {"uv": [9.25, 5.5, 9.625, 5.5625], "texture": "#2"},
				"west": {"uv": [9.75, 3.75, 10.0625, 3.8125], "texture": "#2"},
				"up": {"uv": [0.875, 8.3125, 0.5, 8], "texture": "#2"},
				"down": {"uv": [3.375, 8, 3, 8.3125], "texture": "#2"}
			}
		},
		{
			"from": [7.25, 3.91625, 12.03125],
			"to": [8.75, 4.21125, 12.35125],
			"rotation": {"angle": 0, "axis": "y", "origin": [8, 8, 8]},
			"faces": {
				"north": {"uv": [9.25, 5.75, 9.625, 5.8125], "texture": "#2"},
				"east": {"uv": [5.75, 10, 5.8125, 10.0625], "texture": "#2"},
				"south": {"uv": [9.25, 6, 9.625, 6.0625], "texture": "#2"},
				"west": {"uv": [10, 5.75, 10.0625, 5.8125], "texture": "#2"},
				"up": {"uv": [9.625, 6.3125, 9.25, 6.25], "texture": "#2"},
				"down": {"uv": [6.875, 9.25, 6.5, 9.3125], "texture": "#2"}
			}
		},
		{
			"from": [7.25, 4.21125, 11.53125],
			"to": [8.75, 4.50625, 12.35125],
			"rotation": {"angle": 0, "axis": "y", "origin": [8, 8, 8]},
			"faces": {
				"north": {"uv": [9.25, 6.5, 9.625, 6.5625], "texture": "#2"},
				"east": {"uv": [9.75, 6.75, 9.9375, 6.8125], "texture": "#2"},
				"south": {"uv": [9.25, 6.75, 9.625, 6.8125], "texture": "#2"},
				"west": {"uv": [7, 9.75, 7.1875, 9.8125], "texture": "#2"},
				"up": {"uv": [8.875, 4.4375, 8.5, 4.25], "texture": "#2"},
				"down": {"uv": [8.875, 4.5, 8.5, 4.6875], "texture": "#2"}
			}
		},
		{
			"from": [7.25, 4.50625, 11.53125],
			"to": [8.75, 4.80125, 11.85125],
			"rotation": {"angle": 0, "axis": "y", "origin": [8, 8, 8]},
			"faces": {
				"north": {"uv": [7, 9.25, 7.375, 9.3125], "texture": "#2"},
				"east": {"uv": [6, 10, 6.0625, 10.0625], "texture": "#2"},
				"south": {"uv": [9.25, 7, 9.625, 7.0625], "texture": "#2"},
				"west": {"uv": [10, 6, 10.0625, 6.0625], "texture": "#2"},
				"up": {"uv": [9.625, 7.3125, 9.25, 7.25], "texture": "#2"},
				"down": {"uv": [9.625, 7.5, 9.25, 7.5625], "texture": "#2"}
			}
		},
		{
			"from": [7.25, 4.80125, 11.03125],
			"to": [8.75, 5.09625, 11.85125],
			"rotation": {"angle": 0, "axis": "y", "origin": [8, 8, 8]},
			"faces": {
				"north": {"uv": [9.25, 7.75, 9.625, 7.8125], "texture": "#2"},
				"east": {"uv": [9.75, 7, 9.9375, 7.0625], "texture": "#2"},
				"south": {"uv": [9.25, 8, 9.625, 8.0625], "texture": "#2"},
				"west": {"uv": [7.25, 9.75, 7.4375, 9.8125], "texture": "#2"},
				"up": {"uv": [5.125, 8.6875, 4.75, 8.5], "texture": "#2"},
				"down": {"uv": [8.875, 4.75, 8.5, 4.9375], "texture": "#2"}
			}
		},
		{
			"from": [7.25, 5.09625, 11.03125],
			"to": [8.75, 5.39125, 11.35125],
			"rotation": {"angle": 0, "axis": "y", "origin": [8, 8, 8]},
			"faces": {
				"north": {"uv": [9.25, 8.25, 9.625, 8.3125], "texture": "#2"},
				"east": {"uv": [6.25, 10, 6.3125, 10.0625], "texture": "#2"},
				"south": {"uv": [9.25, 8.5, 9.625, 8.5625], "texture": "#2"},
				"west": {"uv": [10, 6.25, 10.0625, 6.3125], "texture": "#2"},
				"up": {"uv": [9.125, 9.3125, 8.75, 9.25], "texture": "#2"},
				"down": {"uv": [9.625, 8.75, 9.25, 8.8125], "texture": "#2"}
			}
		},
		{
			"from": [7.25, 5.39125, 10.63125],
			"to": [8.75, 5.68625, 11.35125],
			"rotation": {"angle": 0, "axis": "y", "origin": [8, 8, 8]},
			"faces": {
				"north": {"uv": [9.25, 9, 9.625, 9.0625], "texture": "#2"},
				"east": {"uv": [9.75, 7.25, 9.9375, 7.3125], "texture": "#2"},
				"south": {"uv": [9.25, 9.25, 9.625, 9.3125], "texture": "#2"},
				"west": {"uv": [7.5, 9.75, 7.6875, 9.8125], "texture": "#2"},
				"up": {"uv": [8.875, 5.1875, 8.5, 5], "texture": "#2"},
				"down": {"uv": [5.625, 8.5, 5.25, 8.6875], "texture": "#2"}
			}
		},
		{
			"from": [7.25, 5.68625, 10.63125],
			"to": [8.75, 8.48125, 10.95125],
			"rotation": {"angle": 0, "axis": "y", "origin": [8, 8, 8]},
			"faces": {
				"north": {"uv": [7.25, 0, 7.625, 0.6875], "texture": "#2"},
				"east": {"uv": [6, 9, 6.0625, 9.6875], "texture": "#2"},
				"south": {"uv": [0.5, 7.25, 0.875, 7.9375], "texture": "#2"},
				"west": {"uv": [6.25, 9, 6.3125, 9.6875], "texture": "#2"},
				"up": {"uv": [0.375, 9.5625, 0, 9.5], "texture": "#2"},
				"down": {"uv": [9.875, 0, 9.5, 0.0625], "texture": "#2"}
			}
		},
		{
			"from": [7.25, 3.91625, 14.42125],
			"to": [8.75, 4.21125, 15.74125],
			"rotation": {"angle": 0, "axis": "y", "origin": [8, 8, 8]},
			"faces": {
				"north": {"uv": [9.5, 0.25, 9.875, 0.3125], "texture": "#2"},
				"east": {"uv": [4.25, 9.75, 4.5625, 9.8125], "texture": "#2"},
				"south": {"uv": [0.5, 9.5, 0.875, 9.5625], "texture": "#2"},
				"west": {"uv": [4.75, 9.75, 5.0625, 9.8125], "texture": "#2"},
				"up": {"uv": [8.375, 3.3125, 8, 3], "texture": "#2"},
				"down": {"uv": [8.375, 3.5, 8, 3.8125], "texture": "#2"}
			}
		},
		{
			"from": [7.25, 4.21125, 15.42125],
			"to": [8.75, 4.50625, 15.74125],
			"rotation": {"angle": 0, "axis": "y", "origin": [8, 8, 8]},
			"faces": {
				"north": {"uv": [9.5, 0.5, 9.875, 0.5625], "texture": "#2"},
				"east": {"uv": [6.5, 10, 6.5625, 10.0625], "texture": "#2"},
				"south": {"uv": [9.5, 0.75, 9.875, 0.8125], "texture": "#2"},
				"west": {"uv": [10, 6.5, 10.0625, 6.5625], "texture": "#2"},
				"up": {"uv": [1.375, 9.5625, 1, 9.5], "texture": "#2"},
				"down": {"uv": [9.875, 1, 9.5, 1.0625], "texture": "#2"}
			}
		},
		{
			"from": [7.25, 4.50625, 15.42125],
			"to": [8.75, 4.80125, 16.24125],
			"rotation": {"angle": 0, "axis": "y", "origin": [8, 8, 8]},
			"faces": {
				"north": {"uv": [9.5, 1.25, 9.875, 1.3125], "texture": "#2"},
				"east": {"uv": [9.75, 7.5, 9.9375, 7.5625], "texture": "#2"},
				"south": {"uv": [1.5, 9.5, 1.875, 9.5625], "texture": "#2"},
				"west": {"uv": [7.75, 9.75, 7.9375, 9.8125], "texture": "#2"},
				"up": {"uv": [8.875, 5.4375, 8.5, 5.25], "texture": "#2"},
				"down": {"uv": [8.875, 5.5, 8.5, 5.6875], "texture": "#2"}
			}
		},
		{
			"from": [7.25, 4.80125, 15.92125],
			"to": [8.75, 5.09625, 16.24125],
			"rotation": {"angle": 0, "axis": "y", "origin": [8, 8, 8]},
			"faces": {
				"north": {"uv": [9.5, 1.5, 9.875, 1.5625], "texture": "#2"},
				"east": {"uv": [6.75, 10, 6.8125, 10.0625], "texture": "#2"},
				"south": {"uv": [9.5, 1.75, 9.875, 1.8125], "texture": "#2"},
				"west": {"uv": [10, 6.75, 10.0625, 6.8125], "texture": "#2"},
				"up": {"uv": [2.375, 9.5625, 2, 9.5], "texture": "#2"},
				"down": {"uv": [9.875, 2, 9.5, 2.0625], "texture": "#2"}
			}
		},
		{
			"from": [7.25, 5.09625, 15.92125],
			"to": [8.75, 5.39125, 16.74125],
			"rotation": {"angle": 0, "axis": "y", "origin": [8, 8, 8]},
			"faces": {
				"north": {"uv": [9.5, 2.25, 9.875, 2.3125], "texture": "#2"},
				"east": {"uv": [9.75, 7.75, 9.9375, 7.8125], "texture": "#2"},
				"south": {"uv": [2.5, 9.5, 2.875, 9.5625], "texture": "#2"},
				"west": {"uv": [8, 9.75, 8.1875, 9.8125], "texture": "#2"},
				"up": {"uv": [6.125, 8.6875, 5.75, 8.5], "texture": "#2"},
				"down": {"uv": [6.625, 8.5, 6.25, 8.6875], "texture": "#2"}
			}
		},
		{
			"from": [7.25, 5.39125, 16.42125],
			"to": [8.75, 5.68625, 16.74125],
			"rotation": {"angle": 0, "axis": "y", "origin": [8, 8, 8]},
			"faces": {
				"north": {"uv": [9.5, 2.5, 9.875, 2.5625], "texture": "#2"},
				"east": {"uv": [7, 10, 7.0625, 10.0625], "texture": "#2"},
				"south": {"uv": [9.5, 2.75, 9.875, 2.8125], "texture": "#2"},
				"west": {"uv": [10, 7, 10.0625, 7.0625], "texture": "#2"},
				"up": {"uv": [3.375, 9.5625, 3, 9.5], "texture": "#2"},
				"down": {"uv": [9.875, 3, 9.5, 3.0625], "texture": "#2"}
			}
		},
		{
			"from": [7.25, 5.98125, 16.79625],
			"to": [8.75, 8.25125, 17.14125],
			"rotation": {"angle": 0, "axis": "y", "origin": [8, 8, 8]},
			"faces": {
				"north": {"uv": [7.25, 2.25, 7.625, 2.8125], "texture": "#2"},
				"east": {"uv": [9, 8.25, 9.0625, 8.8125], "texture": "#2"},
				"south": {"uv": [3, 7.25, 3.375, 7.8125], "texture": "#2"},
				"west": {"uv": [8.5, 9, 8.5625, 9.5625], "texture": "#2"},
				"up": {"uv": [9.875, 3.3125, 9.5, 3.25], "texture": "#2"},
				"down": {"uv": [3.875, 9.5, 3.5, 9.5625], "texture": "#2"}
			}
		},
		{
			"from": [7.25, 5.68625, 16.42125],
			"to": [8.75, 5.98125, 17.14125],
			"rotation": {"angle": 0, "axis": "y", "origin": [8, 8, 8]},
			"faces": {
				"north": {"uv": [4, 9.5, 4.375, 9.5625], "texture": "#2"},
				"east": {"uv": [9.75, 8, 9.9375, 8.0625], "texture": "#2"},
				"south": {"uv": [9.5, 4, 9.875, 4.0625], "texture": "#2"},
				"west": {"uv": [8.25, 9.75, 8.4375, 9.8125], "texture": "#2"},
				"up": {"uv": [7.625, 8.6875, 7.25, 8.5], "texture": "#2"},
				"down": {"uv": [8.125, 8.5, 7.75, 8.6875], "texture": "#2"}
			}
		},
		{
			"from": [7.25, 7.98125, 17.14125],
			"to": [8.75, 9.00125, 17.48625],
			"rotation": {"angle": 0, "axis": "y", "origin": [8, 8, 8]},
			"faces": {
				"north": {"uv": [8.25, 7.25, 8.625, 7.5], "texture": "#2"},
				"east": {"uv": [9.75, 5.25, 9.8125, 5.5], "texture": "#2"},
				"south": {"uv": [8.25, 7.5, 8.625, 7.75], "texture": "#2"},
				"west": {"uv": [5.5, 9.75, 5.5625, 10], "texture": "#2"},
				"up": {"uv": [9.875, 4.3125, 9.5, 4.25], "texture": "#2"},
				"down": {"uv": [4.875, 9.5, 4.5, 9.5625], "texture": "#2"}
			}
		},
		{
			"from": [7.25, 9.00125, 15.89125],
			"to": [8.75, 9.27125, 17.48625],
			"rotation": {"angle": 0, "axis": "y", "origin": [8, 8, 8]},
			"faces": {
				"north": {"uv": [9.5, 4.5, 9.875, 4.5625], "texture": "#2"},
				"east": {"uv": [9.5, 4.75, 9.875, 4.8125], "texture": "#2"},
				"south": {"uv": [5, 9.5, 5.375, 9.5625], "texture": "#2"},
				"west": {"uv": [5.5, 9.5, 5.875, 9.5625], "texture": "#2"},
				"up": {"uv": [1.875, 8.125, 1.5, 7.75], "texture": "#2"},
				"down": {"uv": [8.125, 1.75, 7.75, 2.125], "texture": "#2"}
			}
		},
		{
			"from": [6.99992, 8.88125, 10.63125],
			"to": [8.99992, 9.28125, 16.98125],
			"rotation": {"angle": 0, "axis": "y", "origin": [8, 8, 8]},
			"faces": {
				"north": {"uv": [9.25, 6.5, 9.75, 6.625], "texture": "#1"},
				"east": {"uv": [8.3125, 5, 6.75, 5.125], "texture": "#1"},
				"south": {"uv": [9.25, 7.5, 9.75, 7.625], "texture": "#1"},
				"west": {"uv": [6.75, 5, 8.3125, 5.125], "texture": "#1"},
				"up": {"uv": [3, 3.3125, 2.5, 1.75], "texture": "#1"},
				"down": {"uv": [3.5, 1.75, 3, 3.3125], "texture": "#1"}
			}
		},
		{
			"from": [6.99992, 8.48125, 10.63125],
			"to": [8.99992, 8.88125, 13.95625],
			"rotation": {"angle": 0, "axis": "y", "origin": [8, 8, 8]},
			"faces": {
				"north": {"uv": [9.25, 7.75, 9.75, 7.875], "texture": "#1"},
				"east": {"uv": [9.5625, 4.75, 8.75, 4.875], "texture": "#1"},
				"south": {"uv": [9.25, 8, 9.75, 8.125], "texture": "#1"},
				"west": {"uv": [8.75, 4.75, 9.5625, 4.875], "texture": "#1"},
				"up": {"uv": [6, 4.5625, 5.5, 3.75], "texture": "#1"},
				"down": {"uv": [6, 4.75, 5.5, 5.5625], "texture": "#1"}
			}
		},
		{
			"from": [6.99992, 9.28125, 10.63125],
			"to": [8.99992, 9.68125, 15.98125],
			"rotation": {"angle": 0, "axis": "y", "origin": [8, 8, 8]},
			"faces": {
				"north": {"uv": [9.25, 8.25, 9.75, 8.375], "texture": "#1"},
				"east": {"uv": [9.0625, 6.5, 7.75, 6.625], "texture": "#1"},
				"south": {"uv": [9.25, 8.5, 9.75, 8.625], "texture": "#1"},
				"west": {"uv": [7.75, 6.5, 9.0625, 6.625], "texture": "#1"},
				"up": {"uv": [3.75, 1.3125, 3.25, 0], "texture": "#1"},
				"down": {"uv": [0.5, 3.5, 0, 4.8125], "texture": "#1"}
			}
		},
		{
			"from": [6.99992, 9.68125, 10.63125],
			"to": [8.99992, 10.08125, 15.48125],
			"rotation": {"angle": 0, "axis": "y", "origin": [8, 8, 8]},
			"faces": {
				"north": {"uv": [9.25, 8.75, 9.75, 8.875], "texture": "#1"},
				"east": {"uv": [9.1875, 5.75, 8, 5.875], "texture": "#1"},
				"south": {"uv": [9.25, 9, 9.75, 9.125], "texture": "#1"},
				"west": {"uv": [8, 5.75, 9.1875, 5.875], "texture": "#1"},
				"up": {"uv": [3.25, 4.6875, 2.75, 3.5], "texture": "#1"},
				"down": {"uv": [3.75, 3.75, 3.25, 4.9375], "texture": "#1"}
			}
		},
		{
			"from": [6.99992, 10.08125, 10.63125],
			"to": [8.99992, 10.48125, 14.48125],
			"rotation": {"angle": 0, "axis": "y", "origin": [8, 8, 8]},
			"faces": {
				"north": {"uv": [9.25, 9.25, 9.75, 9.375], "texture": "#1"},
				"east": {"uv": [9.4375, 6, 8.5, 6.125], "texture": "#1"},
				"south": {"uv": [0.75, 9.5, 1.25, 9.625], "texture": "#1"},
				"west": {"uv": [8.5, 6, 9.4375, 6.125], "texture": "#1"},
				"up": {"uv": [4, 5.9375, 3.5, 5], "texture": "#1"},
				"down": {"uv": [5.5, 3.75, 5, 4.6875], "texture": "#1"}
			}
		},
		{
			"from": [6.99992, 10.48125, 10.63125],
			"to": [8.99992, 10.88125, 13.98125],
			"rotation": {"angle": 0, "axis": "y", "origin": [8, 8, 8]},
			"faces": {
				"north": {"uv": [9.5, 1, 10, 1.125], "texture": "#1"},
				"east": {"uv": [9.8125, 0, 9, 0.125], "texture": "#1"},
				"south": {"uv": [9.5, 1.25, 10, 1.375], "texture": "#1"},
				"west": {"uv": [9, 0, 9.8125, 0.125], "texture": "#1"},
				"up": {"uv": [6.25, 1.8125, 5.75, 1], "texture": "#1"},
				"down": {"uv": [4.5, 5.75, 4, 6.5625], "texture": "#1"}
			}
		},
		{
			"from": [7.74992, 7.65625, 13.15625],
			"to": [8.24992, 8.48125, 13.53125],
			"rotation": {"angle": 0, "axis": "y", "origin": [8, 8, 8]},
			"faces": {
				"north": {"uv": [10, 6, 10.125, 6.1875], "texture": "#1"},
				"east": {"uv": [10, 6, 10.125, 6.1875], "texture": "#1"},
				"south": {"uv": [10, 6, 10.125, 6.1875], "texture": "#1"},
				"west": {"uv": [10, 6, 10.125, 6.1875], "texture": "#1"},
				"up": {"uv": [10, 6, 10.125, 6.1875], "texture": "#1"},
				"down": {"uv": [10, 6, 10.125, 6.1875], "texture": "#1"}
			}
		},
		{
			"from": [7.74992, 7.50625, 12.78125],
			"to": [8.24992, 7.83125, 13.15625],
			"rotation": {"angle": 0, "axis": "y", "origin": [8, 8, 8]},
			"faces": {
				"north": {"uv": [10.25, 1.25, 10.375, 1.3125], "texture": "#1"},
				"east": {"uv": [10.25, 1.25, 10.375, 1.3125], "texture": "#1"},
				"south": {"uv": [10.25, 1.25, 10.375, 1.3125], "texture": "#1"},
				"west": {"uv": [10.25, 1.25, 10.375, 1.3125], "texture": "#1"},
				"up": {"uv": [10.25, 1.25, 10.375, 1.3125], "texture": "#1"},
				"down": {"uv": [10.25, 1.25, 10.375, 1.3125], "texture": "#1"}
			}
		},
		{
			"from": [6.74992, 8.23125, 9.53125],
			"to": [9.24992, 11.38125, 10.63125],
			"rotation": {"angle": 0, "axis": "y", "origin": [8, 8, 8]},
			"faces": {
				"north": {"uv": [4.25, 4.75, 4.875, 5.5625], "texture": "#1"},
				"east": {"uv": [2.25, 5, 2, 5.8125], "texture": "#1"},
				"south": {"uv": [1.25, 5, 1.875, 5.8125], "texture": "#1"},
				"west": {"uv": [2, 5, 2.25, 5.8125], "texture": "#1"},
				"up": {"uv": [8.375, 7, 7.75, 6.75], "texture": "#1"},
				"down": {"uv": [8.375, 7, 7.75, 7.25], "texture": "#1"}
			}
		},
		{
			"from": [6.49992, 7.98125, -1.06875],
			"to": [9.49992, 11.38125, 4.78125],
			"rotation": {"angle": 0, "axis": "y", "origin": [8, 8, 8]},
			"faces": {
				"north": {"uv": [0.5, 3.5, 1.25, 4.375], "texture": "#1"},
				"east": {"uv": [1.4375, 1, 0, 1.875], "texture": "#1"},
				"south": {"uv": [3.5, 1.5, 4.25, 2.375], "texture": "#1"},
				"west": {"uv": [0, 1, 1.4375, 1.875], "texture": "#1"},
				"up": {"uv": [0.75, 3.4375, 0, 2], "texture": "#1"},
				"down": {"uv": [1.5, 2, 0.75, 3.4375], "texture": "#1"}
			}
		},
		{
			"from": [5.99992, 7.48125, -1.76875],
			"to": [9.99992, 11.88125, -0.91875],
			"rotation": {"angle": 0, "axis": "y", "origin": [8, 8, 8]},
			"faces": {
				"north": {"uv": [1.5, 0, 2.5, 1.125], "texture": "#1"},
				"east": {"uv": [2.9375, 6.75, 2.75, 7.875], "texture": "#1"},
				"south": {"uv": [1.5, 1.25, 2.5, 2.375], "texture": "#1"},
				"west": {"uv": [2.75, 6.75, 2.9375, 7.875], "texture": "#1"},
				"up": {"uv": [7.75, 5.4375, 6.75, 5.25], "texture": "#1"},
				"down": {"uv": [8, 5.75, 7, 5.9375], "texture": "#1"}
			}
		},
		{
			"from": [6.74992, 8.23125, 4.78125],
			"to": [9.24992, 11.38125, 5.88125],
			"rotation": {"angle": 0, "axis": "y", "origin": [8, 8, 8]},
			"faces": {
				"north": {"uv": [5, 1.75, 5.625, 2.5625], "texture": "#1"},
				"east": {"uv": [5, 6.75, 4.75, 7.5625], "texture": "#1"},
				"south": {"uv": [2.75, 5, 3.375, 5.8125], "texture": "#1"},
				"west": {"uv": [4.75, 6.75, 5, 7.5625], "texture": "#1"},
				"up": {"uv": [8.375, 7.5, 7.75, 7.25], "texture": "#1"},
				"down": {"uv": [8.625, 1.75, 8, 2], "texture": "#1"}
			}
		},
		{
			"from": [6.74992, 8.23125, 5.88125],
			"to": [9.24992, 10.63125, 9.53125],
			"rotation": {"angle": 0, "axis": "y", "origin": [8, 8, 8]},
			"faces": {
				"north": {"uv": [6, 0, 6.625, 0.625], "texture": "#1"},
				"east": {"uv": [2.1875, 4.25, 1.25, 4.875], "texture": "#1"},
				"south": {"uv": [1, 6, 1.625, 6.625], "texture": "#1"},
				"west": {"uv": [1.25, 4.25, 2.1875, 4.875], "texture": "#1"},
				"up": {"uv": [4.875, 4.6875, 4.25, 3.75], "texture": "#1"},
				"down": {"uv": [1.125, 4.5, 0.5, 5.4375], "texture": "#1"}
			}
		},
		{
			"from": [7.5304, 6.98883, -1.06875],
			"to": [8.39901, 7.85743, 10.42439],
			"rotation": {"angle": -45, "axis": "z", "origin": [8, 8, 8]},
			"faces": {
				"north": {"uv": [8.75, 9, 8.9375, 9.1875], "texture": "#2"},
				"east": {"uv": [2.5, 1, 5.375, 1.1875], "texture": "#2"},
				"south": {"uv": [9, 9, 9.1875, 9.1875], "texture": "#2"},
				"west": {"uv": [2.5, 1.25, 5.375, 1.4375], "texture": "#2"},
				"up": {"uv": [1.6875, 5.375, 1.5, 2.5], "texture": "#2"},
				"down": {"uv": [2.6875, 1.5, 2.5, 4.375], "texture": "#2"}
			}
		},
		{
			"from": [6.95293, 6.74847, -1.06132],
			"to": [7.82154, 7.61707, 10.43182],
			"rotation": {"angle": 0, "axis": "y", "origin": [8, 8, 8]},
			"faces": {
				"north": {"uv": [0, 9.25, 0.1875, 9.4375], "texture": "#2"},
				"east": {"uv": [2.75, 1.5, 5.625, 1.6875], "texture": "#2"},
				"south": {"uv": [0.25, 9.25, 0.4375, 9.4375], "texture": "#2"},
				"west": {"uv": [2.75, 1.75, 5.625, 1.9375], "texture": "#2"},
				"up": {"uv": [1.9375, 5.375, 1.75, 2.5], "texture": "#2"},
				"down": {"uv": [2.1875, 2.5, 2, 5.375], "texture": "#2"}
			}
		},
		{
			"from": [6.37465, 6.9868, -1.06338],
			"to": [7.24326, 7.85541, 10.42976],
			"rotation": {"angle": 45, "axis": "z", "origin": [8, 8, 8]},
			"faces": {
				"north": {"uv": [0.5, 9.25, 0.6875, 9.4375], "texture": "#2"},
				"east": {"uv": [2.75, 2, 5.625, 2.1875], "texture": "#2"},
				"south": {"uv": [9.25, 0.5, 9.4375, 0.6875], "texture": "#2"},
				"west": {"uv": [2.75, 2.25, 5.625, 2.4375], "texture": "#2"},
				"up": {"uv": [2.4375, 5.375, 2.25, 2.5], "texture": "#2"},
				"down": {"uv": [2.9375, 2.5, 2.75, 5.375], "texture": "#2"}
			}
		},
		{
			"from": [7.56712, 6.13424, -1.06115],
			"to": [8.43573, 7.19005, 10.43199],
			"rotation": {"angle": 0, "axis": "y", "origin": [8, 8, 8]},
			"faces": {
				"north": {"uv": [7, 2.25, 7.1875, 2.5], "texture": "#2"},
				"east": {"uv": [0, 0, 2.875, 0.25], "texture": "#2"},
				"south": {"uv": [9, 5, 9.1875, 5.25], "texture": "#2"},
				"west": {"uv": [0, 0.25, 2.875, 0.5], "texture": "#2"},
				"up": {"uv": [0.1875, 5.875, 0, 3], "texture": "#2"},
				"down": {"uv": [0.4375, 3, 0.25, 5.875], "texture": "#2"}
			}
		},
		{
			"from": [8.7588, 6.98883, -1.07356],
			"to": [9.6274, 7.85744, 10.41958],
			"rotation": {"angle": -45, "axis": "z", "origin": [8, 8, 8]},
			"faces": {
				"north": {"uv": [0.75, 9.25, 0.9375, 9.4375], "texture": "#2"},
				"east": {"uv": [5.625, 2.25, 2.75, 2.4375], "texture": "#2"},
				"south": {"uv": [9.25, 0.75, 9.4375, 0.9375], "texture": "#2"},
				"west": {"uv": [3, 0.25, 5.875, 0.4375], "texture": "#2"},
				"up": {"uv": [0.6875, 5.875, 0.5, 3], "texture": "#2"},
				"down": {"uv": [0.9375, 3, 0.75, 5.875], "texture": "#2"}
			}
		},
		{
			"from": [8.18134, 6.74845, -1.06132],
			"to": [9.04995, 7.61705, 10.43182],
			"rotation": {"angle": 0, "axis": "y", "origin": [8, 8, 8]},
			"faces": {
				"north": {"uv": [1, 9.25, 1.1875, 9.4375], "texture": "#2"},
				"east": {"uv": [5.625, 1.75, 2.75, 1.9375], "texture": "#2"},
				"south": {"uv": [9.25, 1, 9.4375, 1.1875], "texture": "#2"},
				"west": {"uv": [3, 0.75, 5.875, 0.9375], "texture": "#2"},
				"up": {"uv": [1.1875, 5.875, 1, 3], "texture": "#2"},
				"down": {"uv": [1.4375, 3, 1.25, 5.875], "texture": "#2"}
			}
		},
		{
			"from": [7.60303, 6.98681, -1.06338],
			"to": [8.47164, 7.85542, 10.42976],
			"rotation": {"angle": 45, "axis": "z", "origin": [8, 8, 8]},
			"faces": {
				"north": {"uv": [1.25, 9.25, 1.4375, 9.4375], "texture": "#2"},
				"east": {"uv": [5.375, 1.25, 2.5, 1.4375], "texture": "#2"},
				"south": {"uv": [9.25, 1.25, 9.4375, 1.4375], "texture": "#2"},
				"west": {"uv": [3, 2.75, 5.875, 2.9375], "texture": "#2"},
				"up": {"uv": [3.1875, 5.875, 3, 3], "texture": "#2"},
				"down": {"uv": [3.4375, 3, 3.25, 5.875], "texture": "#2"}
			}
		},
		{
			"from": [7.56712, 7.17545, -1.06094],
			"to": [8.43573, 8.23126, 10.43219],
			"rotation": {"angle": 0, "axis": "y", "origin": [8, 8, 8]},
			"faces": {
				"north": {"uv": [9, 5.25, 9.1875, 5.5], "texture": "#2"},
				"east": {"uv": [0, 0.5, 2.875, 0.75], "texture": "#2"},
				"south": {"uv": [5.5, 9, 5.6875, 9.25], "texture": "#2"},
				"west": {"uv": [0, 0.75, 2.875, 1], "texture": "#2"},
				"up": {"uv": [3.6875, 5.875, 3.5, 3], "texture": "#2"},
				"down": {"uv": [3.9375, 3, 3.75, 5.875], "texture": "#2"}
			}
		},
		{
			"from": [7.28807, 6.42842, -0.15925],
			"to": [8.62573, 7.76608, 4.74926],
			"rotation": {"angle": -45, "axis": "z", "origin": [8, 8, 8]},
			"faces": {
				"north": {"uv": [4.5, 8, 4.8125, 8.3125], "texture": "#2"},
				"east": {"uv": [4.5, 3, 5.75, 3.3125], "texture": "#2"},
				"south": {"uv": [4.8125, 8, 4.5, 8.3125], "texture": "#2"},
				"west": {"uv": [4.5, 3.5, 5.75, 3.8125], "texture": "#2"},
				"up": {"uv": [4.8125, 5.25, 4.5, 4], "texture": "#2"},
				"down": {"uv": [4.3125, 5, 4, 6.25], "texture": "#2"}
			}
		},
		{
			"from": [6.38531, 6.05451, -0.14791],
			"to": [7.72296, 7.39216, 4.7606],
			"rotation": {"angle": 0, "axis": "y", "origin": [8, 8, 8]},
			"faces": {
				"north": {"uv": [5, 8, 5.3125, 8.3125], "texture": "#2"},
				"east": {"uv": [5, 4, 6.25, 4.3125], "texture": "#2"},
				"south": {"uv": [5.3125, 8, 5, 8.3125], "texture": "#2"},
				"west": {"uv": [5, 4.5, 6.25, 4.8125], "texture": "#2"},
				"up": {"uv": [5.3125, 6.25, 5, 5], "texture": "#2"},
				"down": {"uv": [4.8125, 5.25, 4.5, 6.5], "texture": "#2"}
			}
		},
		{
			"from": [5.48257, 6.42842, -0.14795],
			"to": [6.82022, 7.76608, 4.76056],
			"rotation": {"angle": 45, "axis": "z", "origin": [8, 8, 8]},
			"faces": {
				"north": {"uv": [5.5, 8, 5.8125, 8.3125], "texture": "#2"},
				"east": {"uv": [5.5, 1, 6.75, 1.3125], "texture": "#2"},
				"south": {"uv": [5.8125, 8, 5.5, 8.3125], "texture": "#2"},
				"west": {"uv": [1.5, 5.5, 2.75, 5.8125], "texture": "#2"},
				"up": {"uv": [5.8125, 6.25, 5.5, 5], "texture": "#2"},
				"down": {"uv": [0.3125, 6, 0, 7.25], "texture": "#2"}
			}
		},
		{
			"from": [7.33117, 5.10862, -0.14753],
			"to": [8.66883, 6.44628, 4.76098],
			"rotation": {"angle": 0, "axis": "y", "origin": [8, 8, 8]},
			"faces": {
				"north": {"uv": [7.25, 8, 7.5625, 8.3125], "texture": "#2"},
				"east": {"uv": [5.75, 1.5, 7, 1.8125], "texture": "#2"},
				"south": {"uv": [7.5625, 8, 7.25, 8.3125], "texture": "#2"},
				"west": {"uv": [5.75, 2, 7, 2.3125], "texture": "#2"},
				"up": {"uv": [0.8125, 7.25, 0.5, 6], "texture": "#2"},
				"down": {"uv": [1.3125, 6, 1, 7.25], "texture": "#2"}
			}
		},
		{
			"from": [9.17978, 6.42843, -0.16667],
			"to": [10.51743, 7.76609, 4.74184],
			"rotation": {"angle": -45, "axis": "z", "origin": [8, 8, 8]},
			"faces": {
				"north": {"uv": [8.25, 0, 8.5625, 0.3125], "texture": "#2"},
				"east": {"uv": [2.75, 5.5, 1.5, 5.8125], "texture": "#2"},
				"south": {"uv": [8.5625, 0, 8.25, 0.3125], "texture": "#2"},
				"west": {"uv": [5.75, 3.5, 7, 3.8125], "texture": "#2"},
				"up": {"uv": [1.8125, 7.25, 1.5, 6], "texture": "#2"},
				"down": {"uv": [2.3125, 6, 2, 7.25], "texture": "#2"}
			}
		},
		{
			"from": [8.27704, 6.05451, -0.14761],
			"to": [9.61469, 7.39216, 4.7609],
			"rotation": {"angle": 0, "axis": "y", "origin": [8, 8, 8]},
			"faces": {
				"north": {"uv": [8.25, 1.25, 8.5625, 1.5625], "texture": "#2"},
				"east": {"uv": [6.25, 4.5, 5, 4.8125], "texture": "#2"},
				"south": {"uv": [8.5625, 1.25, 8.25, 1.5625], "texture": "#2"},
				"west": {"uv": [6, 0.5, 7.25, 0.8125], "texture": "#2"},
				"up": {"uv": [2.8125, 7.25, 2.5, 6], "texture": "#2"},
				"down": {"uv": [3.3125, 6, 3, 7.25], "texture": "#2"}
			}
		},
		{
			"from": [7.3743, 6.42843, -0.14795],
			"to": [8.71195, 7.76608, 4.76056],
			"rotation": {"angle": 45, "axis": "z", "origin": [8, 8, 8]},
			"faces": {
				"north": {"uv": [8.25, 1.75, 8.5625, 2.0625], "texture": "#2"},
				"east": {"uv": [5.75, 3.5, 4.5, 3.8125], "texture": "#2"},
				"south": {"uv": [8.5625, 1.75, 8.25, 2.0625], "texture": "#2"},
				"west": {"uv": [6, 5, 7.25, 5.3125], "texture": "#2"},
				"up": {"uv": [3.8125, 7.25, 3.5, 6], "texture": "#2"},
				"down": {"uv": [6.3125, 5.5, 6, 6.75], "texture": "#2"}
			}
		},
		{
			"from": [7.33117, 7.00037, -0.14753],
			"to": [8.66883, 8.33803, 4.76098],
			"rotation": {"angle": 0, "axis": "y", "origin": [8, 8, 8]},
			"faces": {
				"north": {"uv": [8.25, 2.25, 8.5625, 2.5625], "texture": "#2"},
				"east": {"uv": [6.25, 4, 7.5, 4.3125], "texture": "#2"},
				"south": {"uv": [8.5625, 2.25, 8.25, 2.5625], "texture": "#2"},
				"west": {"uv": [6.25, 4.5, 7.5, 4.8125], "texture": "#2"},
				"up": {"uv": [4.3125, 7.5, 4, 6.25], "texture": "#2"},
				"down": {"uv": [5.3125, 6.25, 5, 7.5], "texture": "#2"}
			}
		},
		{
			"name": "body",
			"from": [6.75, 5.83125, 7.03125],
			"to": [9.25, 8.23125, 10.63125],
			"rotation": {"angle": 0, "axis": "y", "origin": [8, 8, 8]},
			"faces": {
				"north": {"uv": [6.5, 5.5, 7.125, 6.125], "texture": "#2"},
				"east": {"uv": [2.375, 1.75, 1.5, 2.375], "texture": "#2"},
				"south": {"uv": [6.5, 6.25, 7.125, 6.875], "texture": "#2"},
				"west": {"uv": [1.5, 1.75, 2.375, 2.375], "texture": "#2"},
				"up": {"uv": [0.625, 2.875, 0, 2], "texture": "#2"},
				"down": {"uv": [1.375, 2, 0.75, 2.875], "texture": "#2"}
			}
		},
		{
			"from": [5.87531, 8.24266, 0.9621],
			"to": [6.53531, 9.09316, 3.59235],
			"rotation": {"angle": 0, "axis": "y", "origin": [8, 8, 8]},
			"faces": {
				"north": {"uv": [2, 9.25, 2.1875, 9.4375], "texture": "#2"},
				"east": {"uv": [8.4375, 5.5, 7.75, 5.6875], "texture": "#2"},
				"south": {"uv": [9.25, 2, 9.4375, 2.1875], "texture": "#2"},
				"west": {"uv": [7.75, 5.5, 8.4375, 5.6875], "texture": "#2"},
				"up": {"uv": [3.6875, 8.4375, 3.5, 7.75], "texture": "#2"},
				"down": {"uv": [3.9375, 7.75, 3.75, 8.4375], "texture": "#2"}
			}
		},
		{
			"from": [5.87531, 9.09316, 1.41885],
			"to": [6.53531, 9.54991, 3.1356],
			"rotation": {"angle": 0, "axis": "y", "origin": [8, 8, 8]},
			"faces": {
				"north": {"uv": [7.25, 9.5, 7.4375, 9.625], "texture": "#2"},
				"east": {"uv": [7.4375, 8.75, 7, 8.875], "texture": "#2"},
				"south": {"uv": [8.75, 9.5, 8.9375, 9.625], "texture": "#2"},
				"west": {"uv": [7.4375, 8.75, 7, 8.875], "texture": "#2"},
				"up": {"uv": [0.4375, 8.9375, 0.25, 8.5], "texture": "#2"},
				"down": {"uv": [0.6875, 8.5, 0.5, 8.9375], "texture": "#2"}
			}
		},
		{
			"from": [5.87531, 7.39216, 0.5526],
			"to": [6.53531, 8.24266, 4.00185],
			"rotation": {"angle": 0, "axis": "y", "origin": [8, 8, 8]},
			"faces": {
				"north": {"uv": [2.25, 9.25, 2.4375, 9.4375], "texture": "#2"},
				"east": {"uv": [8.375, 4.25, 7.5, 4.4375], "texture": "#2"},
				"south": {"uv": [9.25, 2.25, 9.4375, 2.4375], "texture": "#2"},
				"west": {"uv": [7.5, 4.25, 8.375, 4.4375], "texture": "#2"},
				"up": {"uv": [4.1875, 8.375, 4, 7.5], "texture": "#2"},
				"down": {"uv": [4.4375, 7.5, 4.25, 8.375], "texture": "#2"}
			}
		},
		{
			"from": [5.87531, 6.95116, 1.41885],
			"to": [6.53531, 7.39216, 3.1356],
			"rotation": {"angle": 0, "axis": "y", "origin": [8, 8, 8]},
			"faces": {
				"north": {"uv": [9, 9.5, 9.1875, 9.625], "texture": "#2"},
				"east": {"uv": [9.1875, 7.25, 8.75, 7.375], "texture": "#2"},
				"south": {"uv": [9.25, 9.5, 9.4375, 9.625], "texture": "#2"},
				"west": {"uv": [8.75, 7.25, 9.1875, 7.375], "texture": "#2"},
				"up": {"uv": [0.9375, 8.9375, 0.75, 8.5], "texture": "#2"},
				"down": {"uv": [2.6875, 8.5, 2.5, 8.9375], "texture": "#2"}
			}
		},
		{
			"from": [9.46469, 8.24266, 0.9621],
			"to": [10.12469, 9.09316, 3.59235],
			"rotation": {"angle": 0, "axis": "y", "origin": [8, 8, 8]},
			"faces": {
				"north": {"uv": [2.1875, 9.25, 2, 9.4375], "texture": "#2"},
				"east": {"uv": [8.4375, 5.5, 7.75, 5.6875], "texture": "#2"},
				"south": {"uv": [9.4375, 2, 9.25, 2.1875], "texture": "#2"},
				"west": {"uv": [7.75, 5.5, 8.4375, 5.6875], "texture": "#2"},
				"up": {"uv": [3.5, 8.4375, 3.6875, 7.75], "texture": "#2"},
				"down": {"uv": [3.75, 7.75, 3.9375, 8.4375], "texture": "#2"}
			}
		},
		{
			"from": [9.46469, 9.09316, 1.41885],
			"to": [10.12469, 9.54991, 3.1356],
			"rotation": {"angle": 0, "axis": "y", "origin": [8, 8, 8]},
			"faces": {
				"north": {"uv": [7.4375, 9.5, 7.25, 9.625], "texture": "#2"},
				"east": {"uv": [7, 8.75, 7.4375, 8.875], "texture": "#2"},
				"south": {"uv": [8.9375, 9.5, 8.75, 9.625], "texture": "#2"},
				"west": {"uv": [7, 8.75, 7.4375, 8.875], "texture": "#2"},
				"up": {"uv": [0.25, 8.9375, 0.4375, 8.5], "texture": "#2"},
				"down": {"uv": [0.5, 8.5, 0.6875, 8.9375], "texture": "#2"}
			}
		},
		{
			"from": [9.46469, 7.39216, 0.5526],
			"to": [10.12469, 8.24266, 4.00185],
			"rotation": {"angle": 0, "axis": "y", "origin": [8, 8, 8]},
			"faces": {
				"north": {"uv": [2.4375, 9.25, 2.25, 9.4375], "texture": "#2"},
				"east": {"uv": [8.375, 4.25, 7.5, 4.4375], "texture": "#2"},
				"south": {"uv": [9.4375, 2.25, 9.25, 2.4375], "texture": "#2"},
				"west": {"uv": [7.5, 4.25, 8.375, 4.4375], "texture": "#2"},
				"up": {"uv": [4, 8.375, 4.1875, 7.5], "texture": "#2"},
				"down": {"uv": [4.25, 7.5, 4.4375, 8.375], "texture": "#2"}
			}
		},
		{
			"from": [9.46469, 6.95116, 1.41885],
			"to": [10.12469, 7.39216, 3.1356],
			"rotation": {"angle": 0, "axis": "y", "origin": [8, 8, 8]},
			"faces": {
				"north": {"uv": [9.1875, 9.5, 9, 9.625], "texture": "#2"},
				"east": {"uv": [9.1875, 7.25, 8.75, 7.375], "texture": "#2"},
				"south": {"uv": [9.4375, 9.5, 9.25, 9.625], "texture": "#2"},
				"west": {"uv": [8.75, 7.25, 9.1875, 7.375], "texture": "#2"},
				"up": {"uv": [0.75, 8.9375, 0.9375, 8.5], "texture": "#2"},
				"down": {"uv": [2.5, 8.5, 2.6875, 8.9375], "texture": "#2"}
			}
		},
		{
			"from": [7.65, 12.13125, 6.13125],
			"to": [8.35, 12.33125, 6.78557],
			"rotation": {"angle": 0, "axis": "y", "origin": [8, 8, 8]},
			"faces": {
				"north": {"uv": [10, 0.25, 10.1875, 0.3125], "texture": "#2"},
				"east": {"uv": [8.75, 9.75, 8.9375, 9.8125], "texture": "#2"},
				"south": {"uv": [10, 0.25, 10.1875, 0.3125], "texture": "#2"},
				"west": {"uv": [8.75, 9.75, 8.9375, 9.8125], "texture": "#2"},
				"up": {"uv": [2.6875, 9.4375, 2.5, 9.25], "texture": "#2"},
				"down": {"uv": [9.4375, 2.5, 9.25, 2.6875], "texture": "#2"}
			}
		},
		{
			"from": [7.65, 12.13125, 7.13125],
			"to": [8.35, 12.33125, 7.78557],
			"rotation": {"angle": 0, "axis": "y", "origin": [8, 8, 8]},
			"faces": {
				"north": {"uv": [10, 0.25, 10.1875, 0.3125], "texture": "#2"},
				"east": {"uv": [8.75, 9.75, 8.9375, 9.8125], "texture": "#2"},
				"south": {"uv": [10, 0.25, 10.1875, 0.3125], "texture": "#2"},
				"west": {"uv": [9.25, 9.75, 9.4375, 9.8125], "texture": "#2"},
				"up": {"uv": [2.6875, 9.4375, 2.5, 9.25], "texture": "#2"},
				"down": {"uv": [9.4375, 2.75, 9.25, 2.9375], "texture": "#2"}
			}
		},
		{
			"from": [7.5, 11.78125, 5.53125],
			"to": [8.5, 12.13125, 10.38557],
			"rotation": {"angle": 0, "axis": "y", "origin": [8, 8, 8]},
			"faces": {
				"north": {"uv": [9.75, 5.5, 10, 5.5625], "texture": "#2"},
				"east": {"uv": [9.6875, 3.5, 8.5, 3.5625], "texture": "#2"},
				"south": {"uv": [5.75, 9.75, 6, 9.8125], "texture": "#2"},
				"west": {"uv": [8.5, 3.5, 9.6875, 3.5625], "texture": "#2"},
				"up": {"uv": [6.5, 7.9375, 6.25, 6.75], "texture": "#2"},
				"down": {"uv": [6.75, 7, 6.5, 8.1875], "texture": "#2"}
			}
		},
		{
			"from": [7.65, 12.13125, 8.13125],
			"to": [8.35, 12.33125, 8.78557],
			"rotation": {"angle": 0, "axis": "y", "origin": [8, 8, 8]},
			"faces": {
				"north": {"uv": [10, 0.25, 10.1875, 0.3125], "texture": "#2"},
				"east": {"uv": [8.75, 9.75, 8.9375, 9.8125], "texture": "#2"},
				"south": {"uv": [10, 0.25, 10.1875, 0.3125], "texture": "#2"},
				"west": {"uv": [9.75, 9.75, 9.9375, 9.8125], "texture": "#2"},
				"up": {"uv": [2.6875, 9.4375, 2.5, 9.25], "texture": "#2"},
				"down": {"uv": [9.4375, 3, 9.25, 3.1875], "texture": "#2"}
			}
		},
		{
			"from": [7.65, 12.13125, 9.13125],
			"to": [8.35, 12.33125, 9.78557],
			"rotation": {"angle": 0, "axis": "y", "origin": [8, 8, 8]},
			"faces": {
				"north": {"uv": [10, 0.25, 10.1875, 0.3125], "texture": "#2"},
				"east": {"uv": [8.75, 9.75, 8.9375, 9.8125], "texture": "#2"},
				"south": {"uv": [10, 0.25, 10.1875, 0.3125], "texture": "#2"},
				"west": {"uv": [10, 0.25, 10.1875, 0.3125], "texture": "#2"},
				"up": {"uv": [2.6875, 9.4375, 2.5, 9.25], "texture": "#2"},
				"down": {"uv": [9.4375, 3.25, 9.25, 3.4375], "texture": "#2"}
			}
		},
		{
			"from": [6.49992, 10.13125, 9.53125],
			"to": [9.49992, 11.78125, 10.88125],
			"rotation": {"angle": 0, "axis": "y", "origin": [8, 8, 8]},
			"faces": {
				"north": {"uv": [6.75, 1, 7.5, 1.4375], "texture": "#2"},
				"east": {"uv": [8.0625, 2.25, 7.75, 2.6875], "texture": "#2"},
				"south": {"uv": [5.5, 6.75, 6.25, 7.1875], "texture": "#2"},
				"west": {"uv": [7.75, 2.25, 8.0625, 2.6875], "texture": "#2"},
				"up": {"uv": [2.25, 7.5625, 1.5, 7.25], "texture": "#2"},
				"down": {"uv": [3, 7.25, 2.25, 7.5625], "texture": "#2"}
			}
		},
		{
			"from": [7.24992, 11.13125, 4.78125],
			"to": [8.74992, 11.78125, 5.88125],
			"rotation": {"angle": 0, "axis": "y", "origin": [8, 8, 8]},
			"faces": {
				"north": {"uv": [8.5, 8.25, 8.875, 8.4375], "texture": "#2"},
				"east": {"uv": [6, 9, 5.75, 9.1875], "texture": "#2"},
				"south": {"uv": [8.5, 8.5, 8.875, 8.6875], "texture": "#2"},
				"west": {"uv": [5.75, 9, 6, 9.1875], "texture": "#2"},
				"up": {"uv": [8.625, 8, 8.25, 7.75], "texture": "#2"},
				"down": {"uv": [8.625, 8, 8.25, 8.25], "texture": "#2"}
			}
		},
		{
			"from": [6.74992, 10.63125, 5.88125],
			"to": [9.24992, 11.78125, 9.53125],
			"rotation": {"angle": 0, "axis": "y", "origin": [8, 8, 8]},
			"faces": {
				"north": {"uv": [7.25, 5, 7.875, 5.3125], "texture": "#2"},
				"east": {"uv": [7.9375, 3.5, 7, 3.8125], "texture": "#2"},
				"south": {"uv": [5.5, 7.25, 6.125, 7.5625], "texture": "#2"},
				"west": {"uv": [7, 3.5, 7.9375, 3.8125], "texture": "#2"},
				"up": {"uv": [0.625, 1.9375, 0, 1], "texture": "#2"},
				"down": {"uv": [1.375, 1, 0.75, 1.9375], "texture": "#2"}
			}
		},
		{
			"from": [7.3, 11.38125, -1.06875],
			"to": [7.58, 12.08125, -0.5027],
			"rotation": {"angle": 0, "axis": "y", "origin": [8, 8, 8]},
			"faces": {
				"north": {"uv": [0.5, 10, 0.5625, 10.1875], "texture": "#2"},
				"east": {"uv": [0.125, 9.75, 0, 9.9375], "texture": "#2"},
				"south": {"uv": [10, 0.5, 10.0625, 0.6875], "texture": "#2"},
				"west": {"uv": [0, 9.75, 0.125, 9.9375], "texture": "#2"},
				"up": {"uv": [2.3125, 10.125, 2.25, 10], "texture": "#2"},
				"down": {"uv": [10.0625, 2.25, 10, 2.375], "texture": "#2"}
			}
		},
		{
			"from": [8.42, 11.38125, -1.06875],
			"to": [8.7, 12.08125, -0.5027],
			"rotation": {"angle": 0, "axis": "y", "origin": [8, 8, 8]},
			"faces": {
				"north": {"uv": [0.75, 10, 0.8125, 10.1875], "texture": "#2"},
				"east": {"uv": [0.125, 9.75, 0, 9.9375], "texture": "#2"},
				"south": {"uv": [10, 0.75, 10.0625, 0.9375], "texture": "#2"},
				"west": {"uv": [0, 9.75, 0.125, 9.9375], "texture": "#2"},
				"up": {"uv": [2.5625, 10.125, 2.5, 10], "texture": "#2"},
				"down": {"uv": [10.0625, 2.5, 10, 2.625], "texture": "#2"}
			}
		},
		{
			"from": [7.3, 11.38125, -0.50875],
			"to": [7.58, 12.08125, 0.0573],
			"rotation": {"angle": 0, "axis": "y", "origin": [8, 8, 8]},
			"faces": {
				"north": {"uv": [1, 10, 1.0625, 10.1875], "texture": "#2"},
				"east": {"uv": [1.125, 9.75, 1, 9.9375], "texture": "#2"},
				"south": {"uv": [10, 1, 10.0625, 1.1875], "texture": "#2"},
				"west": {"uv": [1, 9.75, 1.125, 9.9375], "texture": "#2"},
				"up": {"uv": [2.8125, 10.125, 2.75, 10], "texture": "#2"},
				"down": {"uv": [10.0625, 2.75, 10, 2.875], "texture": "#2"}
			}
		},
		{
			"from": [8.42, 11.38125, -0.50875],
			"to": [8.7, 12.08125, 0.0573],
			"rotation": {"angle": 0, "axis": "y", "origin": [8, 8, 8]},
			"faces": {
				"north": {"uv": [1.25, 10, 1.3125, 10.1875], "texture": "#2"},
				"east": {"uv": [1.125, 9.75, 1, 9.9375], "texture": "#2"},
				"south": {"uv": [10, 1.25, 10.0625, 1.4375], "texture": "#2"},
				"west": {"uv": [1, 9.75, 1.125, 9.9375], "texture": "#2"},
				"up": {"uv": [3.0625, 10.125, 3, 10], "texture": "#2"},
				"down": {"uv": [10.0625, 3, 10, 3.125], "texture": "#2"}
			}
		},
		{
			"from": [7.58, 11.38125, -1.06875],
			"to": [8.42, 11.66125, 0.4773],
			"rotation": {"angle": 0, "axis": "y", "origin": [8, 8, 8]},
			"faces": {
				"north": {"uv": [1.5, 10, 1.6875, 10.0625], "texture": "#2"},
				"east": {"uv": [1.75, 9.75, 2.125, 9.8125], "texture": "#2"},
				"south": {"uv": [10, 1.5, 10.1875, 1.5625], "texture": "#2"},
				"west": {"uv": [2.25, 9.75, 2.625, 9.8125], "texture": "#2"},
				"up": {"uv": [6.9375, 8.875, 6.75, 8.5], "texture": "#2"},
				"down": {"uv": [8.9375, 0, 8.75, 0.375], "texture": "#2"}
			}
		},
		{
			"from": [7.72, 12.08125, -1.06875],
			"to": [8.28, 12.36125, -0.5027],
			"rotation": {"angle": 0, "axis": "y", "origin": [8, 13.27125, -0.78573]},
			"faces": {
				"north": {"uv": [3.625, 10.0625, 3.5, 10], "rotation": 180, "texture": "#2"},
				"east": {"uv": [3.25, 10, 3.3125, 10.125], "rotation": 90, "texture": "#2"},
				"south": {"uv": [3.875, 10, 3.75, 10.0625], "texture": "#2"},
				"west": {"uv": [10, 3.25, 10.0625, 3.375], "rotation": 270, "texture": "#2"},
				"up": {"uv": [6, 9.75, 6.125, 9.875], "texture": "#2"},
				"down": {"uv": [9.75, 5.75, 9.875, 5.875], "rotation": 180, "texture": "#2"}
			}
		},
		{
			"from": [7.72, 12.78125, -1.06875],
			"to": [8.28, 13.06125, -0.5027],
			"rotation": {"angle": 0, "axis": "y", "origin": [8, 13.27125, -0.78573]},
			"faces": {
				"north": {"uv": [4.375, 10.0625, 4.25, 10], "rotation": 180, "texture": "#2"},
				"east": {"uv": [4, 10, 4.0625, 10.125], "rotation": 90, "texture": "#2"},
				"south": {"uv": [10.125, 4.25, 10, 4.3125], "texture": "#2"},
				"west": {"uv": [10, 4, 10.0625, 4.125], "rotation": 270, "texture": "#2"},
				"up": {"uv": [6.25, 9.75, 6.375, 9.875], "texture": "#2"},
				"down": {"uv": [9.75, 6, 9.875, 6.125], "rotation": 180, "texture": "#2"}
			}
		},
		{
			"from": [7.72, 13.48125, -1.06875],
			"to": [8.28, 13.76125, -0.5027],
			"rotation": {"angle": 0, "axis": "y", "origin": [8, 13.27125, -0.78573]},
			"faces": {
				"north": {"uv": [4.875, 10.0625, 4.75, 10], "rotation": 180, "texture": "#2"},
				"east": {"uv": [4.5, 10, 4.5625, 10.125], "rotation": 90, "texture": "#2"},
				"south": {"uv": [10.125, 4.75, 10, 4.8125], "texture": "#2"},
				"west": {"uv": [10, 4.5, 10.0625, 4.625], "rotation": 270, "texture": "#2"},
				"up": {"uv": [6.5, 9.75, 6.625, 9.875], "texture": "#2"},
				"down": {"uv": [9.75, 6.25, 9.875, 6.375], "rotation": 180, "texture": "#2"}
			}
		},
		{
			"from": [7.58, 14.18125, -1.06875],
			"to": [8.42, 14.46125, -0.5027],
			"rotation": {"angle": 0, "axis": "y", "origin": [8, 13.27125, -0.78573]},
			"faces": {
				"north": {"uv": [1.9375, 10.0625, 1.75, 10], "rotation": 180, "texture": "#2"},
				"east": {"uv": [5, 10, 5.0625, 10.125], "rotation": 90, "texture": "#2"},
				"south": {"uv": [10.1875, 1.75, 10, 1.8125], "texture": "#2"},
				"west": {"uv": [10, 5, 10.0625, 5.125], "rotation": 270, "texture": "#2"},
				"up": {"uv": [3, 9.75, 3.1875, 9.875], "texture": "#2"},
				"down": {"uv": [2.75, 9.75, 2.9375, 9.875], "rotation": 180, "texture": "#2"}
			}
		},
		{
			"from": [8.28, 11.66125, -1.06875],
			"to": [8.42, 14.18125, -0.5027],
			"rotation": {"angle": 0, "axis": "y", "origin": [8, 13.27125, -0.78573]},
			"faces": {
				"north": {"uv": [7.5625, 9.625, 7.5, 9], "rotation": 180, "texture": "#2"},
				"east": {"uv": [2.75, 8.5, 3.375, 8.625], "rotation": 90, "texture": "#2"},
				"south": {"uv": [7.8125, 9, 7.75, 9.625], "texture": "#2"},
				"west": {"uv": [8.5, 2.75, 9.125, 2.875], "rotation": 270, "texture": "#2"},
				"up": {"uv": [10, 5.25, 10.0625, 5.375], "texture": "#2"},
				"down": {"uv": [5.25, 10, 5.3125, 10.125], "rotation": 180, "texture": "#2"}
			}
		},
		{
			"from": [7.58, 11.66125, -1.06875],
			"to": [7.72, 14.18125, -0.5027],
			"rotation": {"angle": 0, "axis": "y", "origin": [8, 13.27125, -0.78573]},
			"faces": {
				"north": {"uv": [8.0625, 9.625, 8, 9], "rotation": 180, "texture": "#2"},
				"east": {"uv": [8.5, 3, 9.125, 3.125], "rotation": 90, "texture": "#2"},
				"south": {"uv": [8.3125, 9, 8.25, 9.625], "texture": "#2"},
				"west": {"uv": [8.5, 3.25, 9.125, 3.375], "rotation": 270, "texture": "#2"},
				"up": {"uv": [10, 5.5, 10.0625, 5.625], "texture": "#2"},
				"down": {"uv": [5.5, 10, 5.5625, 10.125], "rotation": 180, "texture": "#2"}
			}
		},
		{
			"from": [8.35, 11.11567, 10.8625],
			"to": [8.75, 12.59067, 12.1375],
			"shade": false,
			"rotation": {"angle": 0, "axis": "y", "origin": [8.55, 4.94701, 5.0625]},
			"faces": {
				"north": {"uv": [4.25, 10, 4, 10.75], "texture": "#0"},
				"east": {"uv": [6.5, 4, 7.125, 4.75], "texture": "#0"},
				"south": {"uv": [10.25, 7, 10, 7.75], "texture": "#0"},
				"west": {"uv": [7.125, 4, 6.5, 4.75], "texture": "#0"},
				"up": {"uv": [0, 11.125, 0.25, 10.5], "texture": "#0"},
				"down": {"uv": [0.5, 10.5, 0.75, 11.125], "texture": "#0"}
			}
		},
		{
			"from": [8.35, 12.59067, 11.0375],
			"to": [8.75, 12.76567, 11.9625],
			"shade": false,
			"rotation": {"angle": 0, "axis": "y", "origin": [8.55, 4.94701, 5.0625]},
			"faces": {
				"north": {"uv": [10.75, 13, 10.5, 13.125], "texture": "#0"},
				"east": {"uv": [8, 12.5, 7.5, 12.625], "texture": "#0"},
				"south": {"uv": [11.25, 13, 11, 13.125], "texture": "#0"},
				"west": {"uv": [7.5, 12.5, 7, 12.625], "texture": "#0"},
				"up": {"uv": [10, 8.5, 10.25, 8], "texture": "#0"},
				"down": {"uv": [1, 11, 1.25, 11.5], "texture": "#0"}
			}
		},
		{
			"from": [8.35, 11.11567, 12.1375],
			"to": [8.75, 12.01567, 12.3125],
			"shade": false,
			"rotation": {"angle": 0, "axis": "y", "origin": [8.55, 4.94701, 5.0625]},
			"faces": {
				"north": {"uv": [1.75, 11, 1.5, 11.5], "texture": "#0"},
				"east": {"uv": [8.625, 12.5, 8.5, 13], "texture": "#0"},
				"south": {"uv": [3.25, 11, 3, 11.5], "texture": "#0"},
				"west": {"uv": [8.125, 12.5, 8, 13], "texture": "#0"},
				"up": {"uv": [13, 11.125, 13.25, 11], "texture": "#0"},
				"down": {"uv": [13, 11.5, 13.25, 11.625], "texture": "#0"}
			}
		},
		{
			"from": [8.35, 11.11567, 12.3125],
			"to": [8.75, 11.66567, 12.5125],
			"shade": false,
			"rotation": {"angle": 0, "axis": "y", "origin": [8.55, 4.94701, 5.0625]},
			"faces": {
				"north": {"uv": [12.75, 8.5, 12.5, 8.75], "texture": "#0"},
				"east": {"uv": [12.625, 13, 12.5, 13.25], "texture": "#0"},
				"south": {"uv": [9.25, 12.5, 9, 12.75], "texture": "#0"},
				"west": {"uv": [13.125, 12, 13, 12.25], "texture": "#0"},
				"up": {"uv": [13, 12.625, 13.25, 12.5], "texture": "#0"},
				"down": {"uv": [13, 13, 13.25, 13.125], "texture": "#0"}
			}
		},
		{
			"from": [7.25, 11.11567, 10.8625],
			"to": [7.65, 12.59067, 12.1375],
			"shade": false,
			"rotation": {"angle": 0, "axis": "y", "origin": [7.45, 4.94701, 5.0625]},
			"faces": {
				"north": {"uv": [4, 10, 4.25, 10.75], "texture": "#0"},
				"east": {"uv": [6.5, 4, 7.125, 4.75], "texture": "#0"},
				"south": {"uv": [10, 7, 10.25, 7.75], "texture": "#0"},
				"west": {"uv": [7.125, 4, 6.5, 4.75], "texture": "#0"},
				"up": {"uv": [0.25, 11.125, 0, 10.5], "texture": "#0"},
				"down": {"uv": [0.75, 10.5, 0.5, 11.125], "texture": "#0"}
			}
		},
		{
			"from": [7.25, 12.59067, 11.0375],
			"to": [7.65, 12.76567, 11.9625],
			"shade": false,
			"rotation": {"angle": 0, "axis": "y", "origin": [7.45, 4.94701, 5.0625]},
			"faces": {
				"north": {"uv": [10.5, 13, 10.75, 13.125], "texture": "#0"},
				"east": {"uv": [7, 12.5, 7.5, 12.625], "texture": "#0"},
				"south": {"uv": [11, 13, 11.25, 13.125], "texture": "#0"},
				"west": {"uv": [7.5, 12.5, 8, 12.625], "texture": "#0"},
				"up": {"uv": [10.25, 8.5, 10, 8], "texture": "#0"},
				"down": {"uv": [1.25, 11, 1, 11.5], "texture": "#0"}
			}
		},
		{
			"from": [7.25, 11.11567, 12.1375],
			"to": [7.65, 12.01567, 12.3125],
			"shade": false,
			"rotation": {"angle": 0, "axis": "y", "origin": [7.45, 4.94701, 5.0625]},
			"faces": {
				"north": {"uv": [1.5, 11, 1.75, 11.5], "texture": "#0"},
				"east": {"uv": [8, 12.5, 8.125, 13], "texture": "#0"},
				"south": {"uv": [3, 11, 3.25, 11.5], "texture": "#0"},
				"west": {"uv": [8.5, 12.5, 8.625, 13], "texture": "#0"},
				"up": {"uv": [13.25, 11.125, 13, 11], "texture": "#0"},
				"down": {"uv": [13.25, 11.5, 13, 11.625], "texture": "#0"}
			}
		},
		{
			"from": [7.25, 11.11567, 12.3125],
			"to": [7.65, 11.66567, 12.5125],
			"shade": false,
			"rotation": {"angle": 0, "axis": "y", "origin": [7.45, 4.94701, 5.0625]},
			"faces": {
				"north": {"uv": [12.5, 8.5, 12.75, 8.75], "texture": "#0"},
				"east": {"uv": [13, 12, 13.125, 12.25], "texture": "#0"},
				"south": {"uv": [9, 12.5, 9.25, 12.75], "texture": "#0"},
				"west": {"uv": [12.5, 13, 12.625, 13.25], "texture": "#0"},
				"up": {"uv": [13.25, 12.625, 13, 12.5], "texture": "#0"},
				"down": {"uv": [13.25, 13, 13, 13.125], "texture": "#0"}
			}
		}
	],
	"display": {
		"thirdperson_righthand": {
			"rotation": [67.5, 1, 2],
			"translation": [-1.75, 6, 0.75]
		},
		"thirdperson_lefthand": {
			"rotation": [67.5, 0, 0],
			"translation": [-1.75, 6, 0.75]
		},
		"firstperson_righthand": {
			"translation": [-1.75, 0.25, -0.75],
			"scale": [1.4, 1.4, 1.4]
		},
		"firstperson_lefthand": {
			"translation": [-1.75, 0.25, -0.75],
			"scale": [1.4, 1.4, 1.4]
		},
		"ground": {
			"translation": [0, 1.25, 0]
		},
		"gui": {
			"rotation": [163.34, -47.42, -178.07],
			"translation": [-0.5, 0, 0],
			"scale": [0.9, 0.9, 0.9]
		},
		"fixed": {
			"rotation": [0, 90, 0],
			"translation": [0, 0, -2],
			"scale": [2, 2, 2]
		}
	},
	"groups": [
		{
			"name": "bomb_launcher",
			"origin": [8, 15.29443, 6.23125],
			"color": 0,
			"children": [
				{
					"name": "stock_cover",
					"origin": [7.78561, 15.14546, 6.71063],
					"color": 9,
					"children": [0, 1, 2, 3, 4, 5, 6]
				},
				{
					"name": "grip",
					"origin": [7.69508, 14.04935, 6.34246],
					"color": 8,
					"children": [7, 8, 9, 10, 11, 12, 13, 14]
				},
				{
					"name": "handle_guard",
					"origin": [9.10266, 14.87685, 6.76747],
					"color": 0,
					"children": [15, 16, 17, 18, 19, 20, 21, 22, 23, 24, 25, 26, 27, 28, 29, 30, 31, 32, 33]
				},
				{
					"name": "barrel",
					"origin": [7.84984, 3.25624, 10.5646],
					"color": 0,
					"children": [
						{
							"name": "body",
							"origin": [7.84984, 15.16484, 10.5646],
							"color": 0,
							"children": [34, 35, 36, 37, 38, 39]
						},
						{
							"name": "trigger",
							"origin": [7.84984, 15.16484, 10.5646],
							"color": 0,
							"children": [40, 41]
						},
						{
							"name": "barrel",
							"origin": [7.84984, 15.16484, 10.5646],
							"color": 0,
							"children": [42, 43, 44, 45, 46]
						}
					]
				},
				{
					"name": "under_barrel",
					"origin": [10.27449, 15.77536, 39.71223],
					"color": 3,
					"children": [
						{
							"name": "mag",
							"origin": [8.23595, 6.36658, 0.64376],
							"color": 0,
							"children": [47, 48, 49, 50, 51, 52, 53, 54]
						},
						{
							"name": "pump",
							"origin": [10.27449, 15.77536, 39.71223],
							"color": 3,
							"children": [55, 56, 57, 58, 59, 60, 61, 62]
						},
						63,
						{
							"name": "pump_covers",
							"origin": [8, 7.6125, 8],
							"color": 0,
							"children": [
								{
									"name": "left_pump_cover",
									"origin": [6.50531, 9.6876, 6.90223],
									"color": 0,
									"children": [64, 65, 66, 67]
								},
								{
									"name": "left_pump_cover",
									"origin": [6.50531, 9.6876, 6.90223],
									"color": 0,
									"children": [68, 69, 70, 71]
								}
							]
						}
					]
				},
				{
					"name": "rail",
					"origin": [8, 7.6125, 8],
					"color": 0,
					"children": [
						{
							"name": "rail_top",
							"origin": [7.91553, 7.96647, 2.09325],
							"color": 0,
							"children": [72, 73, 74, 75, 76]
						},
						{
							"name": "rail_base",
							"origin": [8, 13.44443, 15.3146],
							"color": 0,
							"children": [77, 78, 79]
						}
					]
				},
				{
					"name": "iron_sight",
					"origin": [10.96569, 10.41647, 2.71394],
					"color": 0,
					"children": [
						80,
						81,
						82,
						83,
						84,
						{
							"name": "folding_part",
							"origin": [8, 12.92125, -0.50573],
							"color": 9,
							"children": [85, 86, 87, 88, 89, 90]
						}
					]
				},
				{
					"name": "iron_sight_back",
					"origin": [8, 8, 8],
					"color": 0,
					"children": [
						{
							"name": "iron_sight_right",
							"origin": [7.45, 6.57192, 7.7625],
							"color": 0,
							"children": [91, 92, 93, 94]
						},
						{
							"name": "iron_sight_left",
							"origin": [7.45, 6.57192, 7.7625],
							"color": 0,
							"children": [95, 96, 97, 98]
						}
					]
				}
			]
		}
	]
}