{
	"credit": "Made with Blockbench",
	"texture_size": [64, 64],
	"textures": {
		"0": "aoa3:item/boulder_bomber",
		"particle": "aoa3:item/boulder_bomber"
	},
	"elements": [
		{
			"from": [6.90235, 11.64254, -2.30773],
			"to": [9.09765, 12.16744, 6.66234],
			"rotation": {"angle": 0, "axis": "y", "origin": [8, 8, 8]},
			"faces": {
				"north": {"uv": [6.25, 9.5, 6.8125, 9.625], "texture": "#0"},
				"east": {"uv": [8, 6, 10.25, 6.125], "texture": "#0"},
				"south": {"uv": [7.75, 9.5, 8.3125, 9.625], "texture": "#0"},
				"west": {"uv": [10.25, 6, 8, 6.125], "texture": "#0"},
				"up": {"uv": [3.8125, 6.5, 3.25, 4.25], "texture": "#0"},
				"down": {"uv": [3.8125, 6.5, 3.25, 4.25], "texture": "#0"}
			}
		},
		{
			"from": [9.46645, 8.96732, -1.63273],
			"to": [10.13355, 11.11763, 6.66234],
			"rotation": {"angle": 0, "axis": "y", "origin": [8, 8, 8]},
			"faces": {
				"north": {"uv": [6, 5, 6.1875, 5.5625], "texture": "#0"},
				"east": {"uv": [2.5, 0, 4.5625, 0.5625], "texture": "#0"},
				"south": {"uv": [7, 9.25, 7.1875, 9.8125], "texture": "#0"},
				"west": {"uv": [4.5625, 0, 2.5, 0.5625], "texture": "#0"},
				"up": {"uv": [1.6875, 9.5625, 1.5, 7.5], "texture": "#0"},
				"down": {"uv": [6.1875, 7.75, 6, 9.8125], "texture": "#0"}
			}
		},
		{
			"from": [8.87065, 10.86763, -2.30773],
			"to": [9.82935, 11.64254, 6.66234],
			"rotation": {"angle": 0, "axis": "y", "origin": [8, 8, 8]},
			"faces": {
				"north": {"uv": [7.25, 4, 7.5, 4.1875], "texture": "#0"},
				"east": {"uv": [7, 0, 9.25, 0.1875], "texture": "#0"},
				"south": {"uv": [8.25, 9.75, 8.5, 9.9375], "texture": "#0"},
				"west": {"uv": [9.25, 0, 7, 0.1875], "texture": "#0"},
				"up": {"uv": [2.75, 9, 3, 6.75], "texture": "#0"},
				"down": {"uv": [4, 6.5, 3.75, 8.75], "texture": "#0"}
			}
		},
		{
			"from": [6.90235, 7.91751, -0.95773],
			"to": [9.09765, 8.44242, 6.66234],
			"rotation": {"angle": 0, "axis": "y", "origin": [8, 8, 8]},
			"faces": {
				"north": {"uv": [9, 9.5, 9.5625, 9.625], "texture": "#0"},
				"east": {"uv": [8.75, 4.5, 10.625, 4.625], "texture": "#0"},
				"south": {"uv": [9.5, 9, 10.0625, 9.125], "texture": "#0"},
				"west": {"uv": [10.625, 4.5, 8.75, 4.625], "texture": "#0"},
				"up": {"uv": [5.3125, 7.625, 4.75, 5.75], "texture": "#0"},
				"down": {"uv": [6.0625, 5.75, 5.5, 7.625], "texture": "#0"}
			}
		},
		{
			"from": [8.87065, 8.44242, -0.95773],
			"to": [9.82935, 8.96732, 6.66234],
			"rotation": {"angle": 0, "axis": "y", "origin": [8, 8, 8]},
			"faces": {
				"north": {"uv": [2, 10, 2.25, 10.125], "texture": "#0"},
				"east": {"uv": [8.75, 5, 10.625, 5.125], "texture": "#0"},
				"south": {"uv": [10, 3.5, 10.25, 3.625], "texture": "#0"},
				"west": {"uv": [8.75, 5.25, 10.625, 5.375], "texture": "#0"},
				"up": {"uv": [7, 8.125, 6.75, 6.25], "texture": "#0"},
				"down": {"uv": [7.25, 6.25, 7, 8.125], "texture": "#0"}
			}
		},
		{
			"from": [6.17065, 8.44242, -0.95773],
			"to": [7.12935, 8.96732, 6.66234],
			"rotation": {"angle": 0, "axis": "y", "origin": [8, 8, 8]},
			"faces": {
				"north": {"uv": [3.75, 10, 4, 10.125], "texture": "#0"},
				"east": {"uv": [8.75, 7.5, 10.625, 7.625], "texture": "#0"},
				"south": {"uv": [10, 3.75, 10.25, 3.875], "texture": "#0"},
				"west": {"uv": [10.625, 5, 8.75, 5.125], "texture": "#0"},
				"up": {"uv": [4.25, 9.125, 4, 7.25], "texture": "#0"},
				"down": {"uv": [7, 6.25, 7.25, 8.125], "texture": "#0"}
			}
		},
		{
			"from": [5.86645, 8.96732, -1.63273],
			"to": [6.53355, 11.11763, 6.66234],
			"rotation": {"angle": 0, "axis": "y", "origin": [8, 8, 8]},
			"faces": {
				"north": {"uv": [6.1875, 5, 6, 5.5625], "texture": "#0"},
				"east": {"uv": [2.5, 0, 4.5625, 0.5625], "texture": "#0"},
				"south": {"uv": [1.75, 9.5, 1.9375, 10.0625], "texture": "#0"},
				"west": {"uv": [4.5625, 0, 2.5, 0.5625], "texture": "#0"},
				"up": {"uv": [1.5, 9.5625, 1.6875, 7.5], "texture": "#0"},
				"down": {"uv": [6, 7.75, 6.1875, 9.8125], "texture": "#0"}
			}
		},
		{
			"from": [6.17065, 10.86763, -2.30773],
			"to": [7.12935, 11.64254, 6.66234],
			"rotation": {"angle": 0, "axis": "y", "origin": [8, 8, 8]},
			"faces": {
				"north": {"uv": [7.5, 4, 7.25, 4.1875], "texture": "#0"},
				"east": {"uv": [7, 0, 9.25, 0.1875], "texture": "#0"},
				"south": {"uv": [9, 9.75, 9.25, 9.9375], "texture": "#0"},
				"west": {"uv": [9.25, 0, 7, 0.1875], "texture": "#0"},
				"up": {"uv": [3, 9, 2.75, 6.75], "texture": "#0"},
				"down": {"uv": [3.75, 6.5, 4, 8.75], "texture": "#0"}
			}
		},
		{
			"from": [6.67184, 12.10225, -1.45639],
			"to": [9.32816, 12.73739, 4.89291],
			"rotation": {"angle": 0, "axis": "y", "origin": [8, 8, 8]},
			"faces": {
				"north": {"uv": [7.5, 4.5, 8.1875, 4.6875], "texture": "#0"},
				"east": {"uv": [8, 1.75, 9.5625, 1.9375], "texture": "#0"},
				"south": {"uv": [7.5, 4.5, 8.1875, 4.6875], "texture": "#0"},
				"west": {"uv": [9.5625, 1.75, 8, 1.9375], "texture": "#0"},
				"up": {"uv": [1.6875, 5.8125, 1, 4.25], "texture": "#0"},
				"down": {"uv": [5.9375, 2.5, 5.25, 4.0625], "texture": "#0"}
			}
		},
		{
			"from": [9.7744, 8.86525, 3.52336],
			"to": [10.5816, 10.96712, 4.89291],
			"rotation": {"angle": 0, "axis": "y", "origin": [8, 8, 8]},
			"faces": {
				"north": {"uv": [4.6875, 7.25, 4.5, 7.75], "texture": "#0"},
				"east": {"uv": [9.25, 0, 9.5625, 0.5], "texture": "#0"},
				"south": {"uv": [4.5, 7.25, 4.6875, 7.75], "texture": "#0"},
				"west": {"uv": [9.25, 2.75, 9.5625, 3.25], "texture": "#0"},
				"up": {"uv": [5.1875, 10.0625, 5, 9.75], "texture": "#0"},
				"down": {"uv": [5.1875, 10.0625, 5, 9.75], "texture": "#0"}
			}
		},
		{
			"from": [9.05348, 10.96712, -0.45639],
			"to": [10.21352, 12.10225, 4.89291],
			"rotation": {"angle": 0, "axis": "y", "origin": [8, 8, 8]},
			"faces": {
				"north": {"uv": [9.8125, 3.75, 9.5, 4.0625], "texture": "#0"},
				"east": {"uv": [7.5, 4, 8.8125, 4.3125], "texture": "#0"},
				"south": {"uv": [9.5, 3.75, 9.8125, 4.0625], "texture": "#0"},
				"west": {"uv": [7.25, 7.5, 8.5625, 7.8125], "texture": "#0"},
				"up": {"uv": [1.3125, 8.8125, 1, 7.5], "texture": "#0"},
				"down": {"uv": [4.8125, 7.75, 4.5, 9.0625], "texture": "#0"}
			}
		},
		{
			"from": [6.67184, 7.59498, 1.81061],
			"to": [9.32816, 8.23011, 4.89291],
			"rotation": {"angle": 0, "axis": "y", "origin": [8, 8, 8]},
			"faces": {
				"north": {"uv": [5.25, 9.25, 5.9375, 9.4375], "texture": "#0"},
				"east": {"uv": [2.5, 1.5, 3.25, 1.6875], "texture": "#0"},
				"south": {"uv": [6.25, 9.25, 6.9375, 9.4375], "texture": "#0"},
				"west": {"uv": [3.25, 1.5, 2.5, 1.6875], "texture": "#0"},
				"up": {"uv": [3.1875, 1.5, 2.5, 0.75], "texture": "#0"},
				"down": {"uv": [3.9375, 0.75, 3.25, 1.5], "texture": "#0"}
			}
		},
		{
			"from": [9.05348, 8.23011, 1.81061],
			"to": [10.21352, 8.86525, 4.89291],
			"rotation": {"angle": 0, "axis": "y", "origin": [8, 8, 8]},
			"faces": {
				"north": {"uv": [9.75, 5.75, 10.0625, 5.9375], "texture": "#0"},
				"east": {"uv": [4.5, 4, 5.25, 4.1875], "texture": "#0"},
				"south": {"uv": [6.25, 9.75, 6.5625, 9.9375], "texture": "#0"},
				"west": {"uv": [1, 6, 1.75, 6.1875], "texture": "#0"},
				"up": {"uv": [6.5625, 9.25, 6.25, 8.5], "texture": "#0"},
				"down": {"uv": [2.0625, 8.75, 1.75, 9.5], "texture": "#0"}
			}
		},
		{
			"from": [5.78648, 8.23011, 1.81061],
			"to": [6.94652, 8.86525, 4.89291],
			"rotation": {"angle": 0, "axis": "y", "origin": [8, 8, 8]},
			"faces": {
				"north": {"uv": [7.75, 9.75, 8.0625, 9.9375], "texture": "#0"},
				"east": {"uv": [6, 2.5, 6.75, 2.6875], "texture": "#0"},
				"south": {"uv": [9.75, 8.5, 10.0625, 8.6875], "texture": "#0"},
				"west": {"uv": [5.25, 4, 4.5, 4.1875], "texture": "#0"},
				"up": {"uv": [8.5625, 9.5, 8.25, 8.75], "texture": "#0"},
				"down": {"uv": [0.3125, 9, 0, 9.75], "texture": "#0"}
			}
		},
		{
			"from": [5.4184, 8.86525, 3.52336],
			"to": [6.2256, 10.96712, 4.89291],
			"rotation": {"angle": 0, "axis": "y", "origin": [8, 8, 8]},
			"faces": {
				"north": {"uv": [4.5, 7.25, 4.6875, 7.75], "texture": "#0"},
				"east": {"uv": [9.25, 3.25, 9.5625, 3.75], "texture": "#0"},
				"south": {"uv": [4.6875, 7.25, 4.5, 7.75], "texture": "#0"},
				"west": {"uv": [9.5625, 0, 9.25, 0.5], "texture": "#0"},
				"up": {"uv": [5, 10.0625, 5.1875, 9.75], "texture": "#0"},
				"down": {"uv": [5, 10.0625, 5.1875, 9.75], "texture": "#0"}
			}
		},
		{
			"from": [5.78648, 10.96712, -0.45639],
			"to": [6.94652, 12.10225, 4.89291],
			"rotation": {"angle": 0, "axis": "y", "origin": [8, 8, 8]},
			"faces": {
				"north": {"uv": [9.5, 3.75, 9.8125, 4.0625], "texture": "#0"},
				"east": {"uv": [7.75, 6.25, 9.0625, 6.5625], "texture": "#0"},
				"south": {"uv": [9.8125, 3.75, 9.5, 4.0625], "texture": "#0"},
				"west": {"uv": [8.8125, 4, 7.5, 4.3125], "texture": "#0"},
				"up": {"uv": [5.3125, 9.0625, 5, 7.75], "texture": "#0"},
				"down": {"uv": [5.8125, 7.75, 5.5, 9.0625], "texture": "#0"}
			}
		},
		{
			"from": [7.06137, 7.91751, 7.41234],
			"to": [8.93863, 8.37576, 8.81479],
			"rotation": {"angle": 0, "axis": "y", "origin": [8, 8, 8]},
			"faces": {
				"north": {"uv": [1.75, 6.75, 2.25, 6.875], "texture": "#0"},
				"east": {"uv": [9.25, 9.75, 9.625, 9.875], "texture": "#0"},
				"south": {"uv": [9.5, 9.25, 10, 9.375], "texture": "#0"},
				"west": {"uv": [9.75, 9.5, 10.125, 9.625], "texture": "#0"},
				"up": {"uv": [9.5, 1.125, 9, 0.75], "texture": "#0"},
				"down": {"uv": [9.5, 1.25, 9, 1.625], "texture": "#0"}
			}
		},
		{
			"from": [6.13737, 8.83402, 7.41234],
			"to": [9.86263, 10.71127, 8.81479],
			"rotation": {"angle": 0, "axis": "y", "origin": [8, 8, 8]},
			"faces": {
				"north": {"uv": [0, 4.25, 0.9375, 4.75], "texture": "#0"},
				"east": {"uv": [3, 9, 3.375, 9.5], "texture": "#0"},
				"south": {"uv": [0, 4.75, 0.9375, 5.25], "texture": "#0"},
				"west": {"uv": [3.375, 9, 3, 9.5], "texture": "#0"},
				"up": {"uv": [8.9375, 1.125, 8, 0.75], "texture": "#0"},
				"down": {"uv": [8.9375, 1.25, 8, 1.625], "texture": "#0"}
			}
		},
		{
			"from": [6.52437, 8.37576, 7.41234],
			"to": [9.47563, 8.83402, 8.81479],
			"rotation": {"angle": 0, "axis": "y", "origin": [8, 8, 8]},
			"faces": {
				"north": {"uv": [9.5, 1.5, 10.25, 1.625], "texture": "#0"},
				"east": {"uv": [9.75, 9.75, 10.125, 9.875], "texture": "#0"},
				"south": {"uv": [9.5, 4.25, 10.25, 4.375], "texture": "#0"},
				"west": {"uv": [10, 0, 10.375, 0.125], "texture": "#0"},
				"up": {"uv": [0.75, 7.875, 0, 7.5], "texture": "#0"},
				"down": {"uv": [9, 8.25, 8.25, 8.625], "texture": "#0"}
			}
		},
		{
			"from": [7.06137, 11.14452, 7.41234],
			"to": [8.93863, 11.65277, 8.81479],
			"rotation": {"angle": 0, "axis": "y", "origin": [8, 8, 8]},
			"faces": {
				"north": {"uv": [9.75, 1.25, 10.25, 1.375], "texture": "#0"},
				"east": {"uv": [10, 0.25, 10.375, 0.375], "texture": "#0"},
				"south": {"uv": [9.75, 1.75, 10.25, 1.875], "texture": "#0"},
				"west": {"uv": [10.375, 0.25, 10, 0.375], "texture": "#0"},
				"up": {"uv": [8.25, 9.375, 7.75, 9], "texture": "#0"},
				"down": {"uv": [9.5, 9, 9, 9.375], "texture": "#0"}
			}
		},
		{
			"from": [6.52437, 10.71127, 7.41234],
			"to": [9.47563, 11.16952, 8.81479],
			"rotation": {"angle": 0, "axis": "y", "origin": [8, 8, 8]},
			"faces": {
				"north": {"uv": [5, 9.5, 5.75, 9.625], "texture": "#0"},
				"east": {"uv": [10, 1, 10.375, 1.125], "texture": "#0"},
				"south": {"uv": [9.5, 5.5, 10.25, 5.625], "texture": "#0"},
				"west": {"uv": [10.375, 1, 10, 1.125], "texture": "#0"},
				"up": {"uv": [0.75, 8.875, 0, 8.5], "texture": "#0"},
				"down": {"uv": [9.25, 2.75, 8.5, 3.125], "texture": "#0"}
			}
		},
		{
			"from": [7.23971, 7.91751, 8.31479],
			"to": [8.76029, 8.2887, 17.85577],
			"rotation": {"angle": 0, "axis": "y", "origin": [8, 8, 8]},
			"faces": {
				"north": {"uv": [10, 4, 10.375, 4.0625], "texture": "#0"},
				"east": {"uv": [9, 8.25, 11.375, 8.3125], "texture": "#0"},
				"south": {"uv": [10, 2.625, 10.375, 2.5], "texture": "#0"},
				"west": {"uv": [11.375, 8.25, 9, 8.3125], "texture": "#0"},
				"up": {"uv": [2.625, 4.125, 2.25, 1.75], "texture": "#0"},
				"down": {"uv": [6.625, 4.75, 6.25, 7.125], "texture": "#0"}
			}
		},
		{
			"from": [6.49127, 8.65988, 8.31479],
			"to": [9.50873, 10.18045, 17.85577],
			"rotation": {"angle": 0, "axis": "y", "origin": [8, 8, 8]},
			"faces": {
				"north": {"uv": [8.5, 3.25, 9.25, 3.625], "texture": "#0"},
				"east": {"uv": [6, 2.75, 8.375, 3.125], "texture": "#0"},
				"south": {"uv": [8.75, 2.25, 9.5, 2.625], "texture": "#0"},
				"west": {"uv": [8.375, 2.75, 6, 3.125], "texture": "#0"},
				"up": {"uv": [0.75, 4.125, 0, 1.75], "texture": "#0"},
				"down": {"uv": [1.5, 1.75, 0.75, 4.125], "texture": "#0"}
			}
		},
		{
			"from": [6.80474, 8.2887, 8.31479],
			"to": [9.19526, 8.65988, 17.85577],
			"rotation": {"angle": 0, "axis": "y", "origin": [8, 8, 8]},
			"faces": {
				"north": {"uv": [10, 2.75, 10.625, 2.8125], "texture": "#0"},
				"east": {"uv": [9.25, 6.25, 11.625, 6.3125], "texture": "#0"},
				"south": {"uv": [11.45313, 3.4678, 12.05075, 3.375], "texture": "#0"},
				"west": {"uv": [11.625, 6.25, 9.25, 6.3125], "texture": "#0"},
				"up": {"uv": [2.125, 4.125, 1.5, 1.75], "texture": "#0"},
				"down": {"uv": [4.375, 1.75, 3.75, 4.125], "texture": "#0"}
			}
		},
		{
			"from": [7.23971, 10.55164, 8.31479],
			"to": [8.76029, 10.96332, 17.85577],
			"rotation": {"angle": 0, "axis": "y", "origin": [8, 8, 8]},
			"faces": {
				"north": {"uv": [10, 2.25, 10.375, 2.375], "texture": "#0"},
				"east": {"uv": [7.5, 2, 9.875, 2.125], "texture": "#0"},
				"south": {"uv": [10, 2.5, 10.375, 2.625], "texture": "#0"},
				"west": {"uv": [9.875, 2, 7.5, 2.125], "texture": "#0"},
				"up": {"uv": [3.625, 8.875, 3.25, 6.5], "texture": "#0"},
				"down": {"uv": [2.625, 6.75, 2.25, 9.125], "texture": "#0"}
			}
		},
		{
			"from": [6.80474, 10.18045, 8.31479],
			"to": [9.19526, 10.55164, 17.85577],
			"rotation": {"angle": 0, "axis": "y", "origin": [8, 8, 8]},
			"faces": {
				"north": {"uv": [10, 3, 10.625, 3.0625], "texture": "#0"},
				"east": {"uv": [9.25, 6.75, 11.625, 6.8125], "texture": "#0"},
				"south": {"uv": [11.45313, 3.375, 12.05075, 3.4678], "texture": "#0"},
				"west": {"uv": [11.625, 6.75, 9.25, 6.8125], "texture": "#0"},
				"up": {"uv": [2.375, 6.625, 1.75, 4.25], "texture": "#0"},
				"down": {"uv": [3.125, 4.25, 2.5, 6.625], "texture": "#0"}
			}
		},
		{
			"from": [7.12735, 8.44242, -0.38273],
			"to": [8.87265, 11.64232, 0.23734],
			"rotation": {"angle": 0, "axis": "y", "origin": [8, 8, 8]},
			"faces": {
				"north": {"uv": [6.75, 1.75, 7.1875, 2.5625], "texture": "#0"},
				"east": {"uv": [7.25, 1.75, 7.375, 2.5625], "texture": "#0"},
				"south": {"uv": [6.25, 7.5, 6.6875, 8.3125], "texture": "#0"},
				"west": {"uv": [7.5, 6.25, 7.625, 7.0625], "texture": "#0"},
				"up": {"uv": [3.6875, 1.625, 3.25, 1.5], "texture": "#0"},
				"down": {"uv": [5.6875, 2.25, 5.25, 2.375], "texture": "#0"}
			}
		},
		{
			"from": [8.87065, 8.96732, -0.38273],
			"to": [9.61595, 10.91723, 0.23734],
			"rotation": {"angle": 0, "axis": "y", "origin": [8, 8, 8]},
			"faces": {
				"north": {"uv": [5.25, 1.75, 5.4375, 2.25], "texture": "#0"},
				"east": {"uv": [6, 3.25, 6.125, 3.75], "texture": "#0"},
				"south": {"uv": [5.5, 1.75, 5.6875, 2.25], "texture": "#0"},
				"west": {"uv": [6.25, 1.75, 6.375, 2.25], "texture": "#0"},
				"up": {"uv": [3.9375, 1.625, 3.75, 1.5], "texture": "#0"},
				"down": {"uv": [5.9375, 2.25, 5.75, 2.375], "texture": "#0"}
			}
		},
		{
			"from": [6.38405, 8.96732, -0.38273],
			"to": [7.12935, 10.91723, 0.23734],
			"rotation": {"angle": 0, "axis": "y", "origin": [8, 8, 8]},
			"faces": {
				"north": {"uv": [5.75, 1.75, 5.9375, 2.25], "texture": "#0"},
				"east": {"uv": [6.25, 3.25, 6.375, 3.75], "texture": "#0"},
				"south": {"uv": [6, 1.75, 6.1875, 2.25], "texture": "#0"},
				"west": {"uv": [0.25, 6.5, 0.375, 7], "texture": "#0"},
				"up": {"uv": [6.1875, 2.375, 6, 2.25], "texture": "#0"},
				"down": {"uv": [6.1875, 4, 6, 4.125], "texture": "#0"}
			}
		},
		{
			"from": [6.90235, 2.16492, -2.30773],
			"to": [9.09765, 2.68983, 6.66234],
			"rotation": {"angle": 0, "axis": "y", "origin": [8, 8, 8]},
			"faces": {
				"north": {"uv": [6.25, 9.5, 6.8125, 9.625], "rotation": 180, "texture": "#0"},
				"east": {"uv": [10.25, 6, 8, 6.125], "rotation": 180, "texture": "#0"},
				"south": {"uv": [7.75, 9.5, 8.3125, 9.625], "rotation": 180, "texture": "#0"},
				"west": {"uv": [8, 6, 10.25, 6.125], "rotation": 180, "texture": "#0"},
				"up": {"uv": [3.8125, 6.5, 3.25, 4.25], "rotation": 180, "texture": "#0"},
				"down": {"uv": [3.8125, 6.5, 3.25, 4.25], "rotation": 180, "texture": "#0"}
			}
		},
		{
			"from": [5.86645, 3.21473, -1.63273],
			"to": [6.53355, 5.36504, 6.66234],
			"rotation": {"angle": 0, "axis": "y", "origin": [8, 8, 8]},
			"faces": {
				"north": {"uv": [6, 5, 6.1875, 5.5625], "rotation": 180, "texture": "#0"},
				"east": {"uv": [4.5625, 0, 2.5, 0.5625], "rotation": 180, "texture": "#0"},
				"south": {"uv": [7, 9.25, 7.1875, 9.8125], "rotation": 180, "texture": "#0"},
				"west": {"uv": [2.5, 0, 4.5625, 0.5625], "rotation": 180, "texture": "#0"},
				"up": {"uv": [6.1875, 7.75, 6, 9.8125], "rotation": 180, "texture": "#0"},
				"down": {"uv": [1.6875, 9.5625, 1.5, 7.5], "rotation": 180, "texture": "#0"}
			}
		},
		{
			"from": [6.17065, 2.68983, -2.30773],
			"to": [7.12935, 3.46473, 6.66234],
			"rotation": {"angle": 0, "axis": "y", "origin": [8, 8, 8]},
			"faces": {
				"north": {"uv": [7.25, 4, 7.5, 4.1875], "rotation": 180, "texture": "#0"},
				"east": {"uv": [9.25, 0, 7, 0.1875], "rotation": 180, "texture": "#0"},
				"south": {"uv": [8.25, 9.75, 8.5, 9.9375], "rotation": 180, "texture": "#0"},
				"west": {"uv": [7, 0, 9.25, 0.1875], "rotation": 180, "texture": "#0"},
				"up": {"uv": [4, 6.5, 3.75, 8.75], "rotation": 180, "texture": "#0"},
				"down": {"uv": [2.75, 9, 3, 6.75], "rotation": 180, "texture": "#0"}
			}
		},
		{
			"from": [6.90235, 5.88995, -0.95773],
			"to": [9.09765, 6.41485, 6.66234],
			"rotation": {"angle": 0, "axis": "y", "origin": [8, 8, 8]},
			"faces": {
				"north": {"uv": [9, 9.5, 9.5625, 9.625], "rotation": 180, "texture": "#0"},
				"east": {"uv": [10.625, 4.5, 8.75, 4.625], "rotation": 180, "texture": "#0"},
				"south": {"uv": [9.5, 9, 10.0625, 9.125], "rotation": 180, "texture": "#0"},
				"west": {"uv": [8.75, 4.5, 10.625, 4.625], "rotation": 180, "texture": "#0"},
				"up": {"uv": [6.0625, 5.75, 5.5, 7.625], "rotation": 180, "texture": "#0"},
				"down": {"uv": [5.3125, 7.625, 4.75, 5.75], "rotation": 180, "texture": "#0"}
			}
		},
		{
			"from": [6.17065, 5.36504, -0.95773],
			"to": [7.12935, 5.88995, 6.66234],
			"rotation": {"angle": 0, "axis": "y", "origin": [8, 8, 8]},
			"faces": {
				"north": {"uv": [2, 10, 2.25, 10.125], "rotation": 180, "texture": "#0"},
				"east": {"uv": [8.75, 5.25, 10.625, 5.375], "rotation": 180, "texture": "#0"},
				"south": {"uv": [10, 3.5, 10.25, 3.625], "rotation": 180, "texture": "#0"},
				"west": {"uv": [8.75, 5, 10.625, 5.125], "rotation": 180, "texture": "#0"},
				"up": {"uv": [7.25, 6.25, 7, 8.125], "rotation": 180, "texture": "#0"},
				"down": {"uv": [7, 8.125, 6.75, 6.25], "rotation": 180, "texture": "#0"}
			}
		},
		{
			"from": [8.87065, 5.36504, -0.95773],
			"to": [9.82935, 5.88995, 6.66234],
			"rotation": {"angle": 0, "axis": "y", "origin": [8, 8, 8]},
			"faces": {
				"north": {"uv": [3.75, 10, 4, 10.125], "rotation": 180, "texture": "#0"},
				"east": {"uv": [10.625, 5, 8.75, 5.125], "rotation": 180, "texture": "#0"},
				"south": {"uv": [10, 3.75, 10.25, 3.875], "rotation": 180, "texture": "#0"},
				"west": {"uv": [8.75, 7.5, 10.625, 7.625], "rotation": 180, "texture": "#0"},
				"up": {"uv": [7, 6.25, 7.25, 8.125], "rotation": 180, "texture": "#0"},
				"down": {"uv": [4.25, 9.125, 4, 7.25], "rotation": 180, "texture": "#0"}
			}
		},
		{
			"from": [9.46645, 3.21473, -1.63273],
			"to": [10.13355, 5.36504, 6.66234],
			"rotation": {"angle": 0, "axis": "y", "origin": [8, 8, 8]},
			"faces": {
				"north": {"uv": [6.1875, 5, 6, 5.5625], "rotation": 180, "texture": "#0"},
				"east": {"uv": [4.5625, 0, 2.5, 0.5625], "rotation": 180, "texture": "#0"},
				"south": {"uv": [1.75, 9.5, 1.9375, 10.0625], "rotation": 180, "texture": "#0"},
				"west": {"uv": [2.5, 0, 4.5625, 0.5625], "rotation": 180, "texture": "#0"},
				"up": {"uv": [6, 7.75, 6.1875, 9.8125], "rotation": 180, "texture": "#0"},
				"down": {"uv": [1.5, 9.5625, 1.6875, 7.5], "rotation": 180, "texture": "#0"}
			}
		},
		{
			"from": [8.87065, 2.68983, -2.30773],
			"to": [9.82935, 3.46473, 6.66234],
			"rotation": {"angle": 0, "axis": "y", "origin": [8, 8, 8]},
			"faces": {
				"north": {"uv": [7.5, 4, 7.25, 4.1875], "rotation": 180, "texture": "#0"},
				"east": {"uv": [9.25, 0, 7, 0.1875], "rotation": 180, "texture": "#0"},
				"south": {"uv": [9, 9.75, 9.25, 9.9375], "rotation": 180, "texture": "#0"},
				"west": {"uv": [7, 0, 9.25, 0.1875], "rotation": 180, "texture": "#0"},
				"up": {"uv": [3.75, 6.5, 4, 8.75], "rotation": 180, "texture": "#0"},
				"down": {"uv": [3, 9, 2.75, 6.75], "rotation": 180, "texture": "#0"}
			}
		},
		{
			"from": [6.67184, 1.59497, -1.45639],
			"to": [9.32816, 2.23011, 4.89291],
			"rotation": {"angle": 0, "axis": "y", "origin": [8, 8, 8]},
			"faces": {
				"north": {"uv": [7.5, 4.5, 8.1875, 4.6875], "rotation": 180, "texture": "#0"},
				"east": {"uv": [9.5625, 1.75, 8, 1.9375], "rotation": 180, "texture": "#0"},
				"south": {"uv": [7.5, 4.5, 8.1875, 4.6875], "rotation": 180, "texture": "#0"},
				"west": {"uv": [8, 1.75, 9.5625, 1.9375], "rotation": 180, "texture": "#0"},
				"up": {"uv": [5.9375, 2.5, 5.25, 4.0625], "rotation": 180, "texture": "#0"},
				"down": {"uv": [1.6875, 5.8125, 1, 4.25], "rotation": 180, "texture": "#0"}
			}
		},
		{
			"from": [5.4184, 3.36525, 3.52336],
			"to": [6.2256, 5.46712, 4.89291],
			"rotation": {"angle": 0, "axis": "y", "origin": [8, 8, 8]},
			"faces": {
				"north": {"uv": [4.6875, 7.25, 4.5, 7.75], "rotation": 180, "texture": "#0"},
				"east": {"uv": [9.25, 2.75, 9.5625, 3.25], "rotation": 180, "texture": "#0"},
				"south": {"uv": [4.5, 7.25, 4.6875, 7.75], "rotation": 180, "texture": "#0"},
				"west": {"uv": [9.25, 0, 9.5625, 0.5], "rotation": 180, "texture": "#0"},
				"up": {"uv": [5.1875, 10.0625, 5, 9.75], "rotation": 180, "texture": "#0"},
				"down": {"uv": [5.1875, 10.0625, 5, 9.75], "rotation": 180, "texture": "#0"}
			}
		},
		{
			"from": [5.78648, 2.23011, -0.45639],
			"to": [6.94652, 3.36525, 4.89291],
			"rotation": {"angle": 0, "axis": "y", "origin": [8, 8, 8]},
			"faces": {
				"north": {"uv": [9.8125, 3.75, 9.5, 4.0625], "rotation": 180, "texture": "#0"},
				"east": {"uv": [7.25, 7.5, 8.5625, 7.8125], "rotation": 180, "texture": "#0"},
				"south": {"uv": [9.5, 3.75, 9.8125, 4.0625], "rotation": 180, "texture": "#0"},
				"west": {"uv": [7.5, 4, 8.8125, 4.3125], "rotation": 180, "texture": "#0"},
				"up": {"uv": [4.8125, 7.75, 4.5, 9.0625], "rotation": 180, "texture": "#0"},
				"down": {"uv": [1.3125, 8.8125, 1, 7.5], "rotation": 180, "texture": "#0"}
			}
		},
		{
			"from": [6.67184, 6.10225, 1.81061],
			"to": [9.32816, 6.73739, 4.89291],
			"rotation": {"angle": 0, "axis": "y", "origin": [8, 8, 8]},
			"faces": {
				"north": {"uv": [5.25, 9.25, 5.9375, 9.4375], "rotation": 180, "texture": "#0"},
				"east": {"uv": [3.25, 1.5, 2.5, 1.6875], "rotation": 180, "texture": "#0"},
				"south": {"uv": [6.25, 9.25, 6.9375, 9.4375], "rotation": 180, "texture": "#0"},
				"west": {"uv": [2.5, 1.5, 3.25, 1.6875], "rotation": 180, "texture": "#0"},
				"up": {"uv": [3.9375, 0.75, 3.25, 1.5], "rotation": 180, "texture": "#0"},
				"down": {"uv": [3.1875, 1.5, 2.5, 0.75], "rotation": 180, "texture": "#0"}
			}
		},
		{
			"from": [5.78648, 5.46712, 1.81061],
			"to": [6.94652, 6.10225, 4.89291],
			"rotation": {"angle": 0, "axis": "y", "origin": [8, 8, 8]},
			"faces": {
				"north": {"uv": [9.75, 5.75, 10.0625, 5.9375], "rotation": 180, "texture": "#0"},
				"east": {"uv": [1, 6, 1.75, 6.1875], "rotation": 180, "texture": "#0"},
				"south": {"uv": [6.25, 9.75, 6.5625, 9.9375], "rotation": 180, "texture": "#0"},
				"west": {"uv": [4.5, 4, 5.25, 4.1875], "rotation": 180, "texture": "#0"},
				"up": {"uv": [2.0625, 8.75, 1.75, 9.5], "rotation": 180, "texture": "#0"},
				"down": {"uv": [6.5625, 9.25, 6.25, 8.5], "rotation": 180, "texture": "#0"}
			}
		},
		{
			"from": [9.05348, 5.46712, 1.81061],
			"to": [10.21352, 6.10225, 4.89291],
			"rotation": {"angle": 0, "axis": "y", "origin": [8, 8, 8]},
			"faces": {
				"north": {"uv": [7.75, 9.75, 8.0625, 9.9375], "rotation": 180, "texture": "#0"},
				"east": {"uv": [5.25, 4, 4.5, 4.1875], "rotation": 180, "texture": "#0"},
				"south": {"uv": [9.75, 8.5, 10.0625, 8.6875], "rotation": 180, "texture": "#0"},
				"west": {"uv": [6, 2.5, 6.75, 2.6875], "rotation": 180, "texture": "#0"},
				"up": {"uv": [0.3125, 9, 0, 9.75], "rotation": 180, "texture": "#0"},
				"down": {"uv": [8.5625, 9.5, 8.25, 8.75], "rotation": 180, "texture": "#0"}
			}
		},
		{
			"from": [9.7744, 3.36525, 3.52336],
			"to": [10.5816, 5.46712, 4.89291],
			"rotation": {"angle": 0, "axis": "y", "origin": [8, 8, 8]},
			"faces": {
				"north": {"uv": [4.5, 7.25, 4.6875, 7.75], "rotation": 180, "texture": "#0"},
				"east": {"uv": [9.5625, 0, 9.25, 0.5], "rotation": 180, "texture": "#0"},
				"south": {"uv": [4.6875, 7.25, 4.5, 7.75], "rotation": 180, "texture": "#0"},
				"west": {"uv": [9.25, 3.25, 9.5625, 3.75], "rotation": 180, "texture": "#0"},
				"up": {"uv": [5, 10.0625, 5.1875, 9.75], "rotation": 180, "texture": "#0"},
				"down": {"uv": [5, 10.0625, 5.1875, 9.75], "rotation": 180, "texture": "#0"}
			}
		},
		{
			"from": [9.05348, 2.23011, -0.45639],
			"to": [10.21352, 3.36525, 4.89291],
			"rotation": {"angle": 0, "axis": "y", "origin": [8, 8, 8]},
			"faces": {
				"north": {"uv": [9.5, 3.75, 9.8125, 4.0625], "rotation": 180, "texture": "#0"},
				"east": {"uv": [8.8125, 4, 7.5, 4.3125], "rotation": 180, "texture": "#0"},
				"south": {"uv": [9.8125, 3.75, 9.5, 4.0625], "rotation": 180, "texture": "#0"},
				"west": {"uv": [7.75, 6.25, 9.0625, 6.5625], "rotation": 180, "texture": "#0"},
				"up": {"uv": [5.8125, 7.75, 5.5, 9.0625], "rotation": 180, "texture": "#0"},
				"down": {"uv": [5.3125, 9.0625, 5, 7.75], "rotation": 180, "texture": "#0"}
			}
		},
		{
			"from": [7.06137, 5.9566, 7.41234],
			"to": [8.93863, 6.41485, 8.81479],
			"rotation": {"angle": 0, "axis": "y", "origin": [8, 8, 8]},
			"faces": {
				"north": {"uv": [1.75, 6.75, 2.25, 6.875], "rotation": 180, "texture": "#0"},
				"east": {"uv": [9.75, 9.5, 10.125, 9.625], "rotation": 180, "texture": "#0"},
				"south": {"uv": [9.5, 9.25, 10, 9.375], "rotation": 180, "texture": "#0"},
				"west": {"uv": [9.25, 9.75, 9.625, 9.875], "rotation": 180, "texture": "#0"},
				"up": {"uv": [9.5, 1.25, 9, 1.625], "rotation": 180, "texture": "#0"},
				"down": {"uv": [9.5, 1.125, 9, 0.75], "rotation": 180, "texture": "#0"}
			}
		},
		{
			"from": [6.13737, 3.6211, 7.41234],
			"to": [9.86263, 5.49835, 8.81479],
			"rotation": {"angle": 0, "axis": "y", "origin": [8, 8, 8]},
			"faces": {
				"north": {"uv": [0, 4.25, 0.9375, 4.75], "rotation": 180, "texture": "#0"},
				"east": {"uv": [3.375, 9, 3, 9.5], "rotation": 180, "texture": "#0"},
				"south": {"uv": [0, 4.75, 0.9375, 5.25], "rotation": 180, "texture": "#0"},
				"west": {"uv": [3, 9, 3.375, 9.5], "rotation": 180, "texture": "#0"},
				"up": {"uv": [8.9375, 1.25, 8, 1.625], "rotation": 180, "texture": "#0"},
				"down": {"uv": [8.9375, 1.125, 8, 0.75], "rotation": 180, "texture": "#0"}
			}
		},
		{
			"from": [6.52437, 5.49835, 7.41234],
			"to": [9.47563, 5.9566, 8.81479],
			"rotation": {"angle": 0, "axis": "y", "origin": [8, 8, 8]},
			"faces": {
				"north": {"uv": [9.5, 1.5, 10.25, 1.625], "rotation": 180, "texture": "#0"},
				"east": {"uv": [10, 0, 10.375, 0.125], "rotation": 180, "texture": "#0"},
				"south": {"uv": [9.5, 4.25, 10.25, 4.375], "rotation": 180, "texture": "#0"},
				"west": {"uv": [9.75, 9.75, 10.125, 9.875], "rotation": 180, "texture": "#0"},
				"up": {"uv": [9, 8.25, 8.25, 8.625], "rotation": 180, "texture": "#0"},
				"down": {"uv": [0.75, 7.875, 0, 7.5], "rotation": 180, "texture": "#0"}
			}
		},
		{
			"from": [7.06137, 2.6796, 7.41234],
			"to": [8.93863, 3.18785, 8.81479],
			"rotation": {"angle": 0, "axis": "y", "origin": [8, 8, 8]},
			"faces": {
				"north": {"uv": [9.75, 1.25, 10.25, 1.375], "rotation": 180, "texture": "#0"},
				"east": {"uv": [10.375, 0.25, 10, 0.375], "rotation": 180, "texture": "#0"},
				"south": {"uv": [9.75, 1.75, 10.25, 1.875], "rotation": 180, "texture": "#0"},
				"west": {"uv": [10, 0.25, 10.375, 0.375], "rotation": 180, "texture": "#0"},
				"up": {"uv": [9.5, 9, 9, 9.375], "rotation": 180, "texture": "#0"},
				"down": {"uv": [8.25, 9.375, 7.75, 9], "rotation": 180, "texture": "#0"}
			}
		},
		{
			"from": [6.52437, 3.16285, 7.41234],
			"to": [9.47563, 3.6211, 8.81479],
			"rotation": {"angle": 0, "axis": "y", "origin": [8, 8, 8]},
			"faces": {
				"north": {"uv": [5, 9.5, 5.75, 9.625], "rotation": 180, "texture": "#0"},
				"east": {"uv": [10.375, 1, 10, 1.125], "rotation": 180, "texture": "#0"},
				"south": {"uv": [9.5, 5.5, 10.25, 5.625], "rotation": 180, "texture": "#0"},
				"west": {"uv": [10, 1, 10.375, 1.125], "rotation": 180, "texture": "#0"},
				"up": {"uv": [9.25, 2.75, 8.5, 3.125], "rotation": 180, "texture": "#0"},
				"down": {"uv": [0.75, 8.875, 0, 8.5], "rotation": 180, "texture": "#0"}
			}
		},
		{
			"from": [7.23971, 6.04367, 8.31479],
			"to": [8.76029, 6.41485, 17.85577],
			"rotation": {"angle": 0, "axis": "y", "origin": [8, 8, 8]},
			"faces": {
				"north": {"uv": [10, 4, 10.375, 4.0625], "rotation": 180, "texture": "#0"},
				"east": {"uv": [11.375, 8.25, 9, 8.3125], "rotation": 180, "texture": "#0"},
				"south": {"uv": [10, 2.625, 10.375, 2.5], "rotation": 180, "texture": "#0"},
				"west": {"uv": [9, 8.25, 11.375, 8.3125], "rotation": 180, "texture": "#0"},
				"up": {"uv": [6.625, 4.75, 6.25, 7.125], "rotation": 180, "texture": "#0"},
				"down": {"uv": [2.625, 4.125, 2.25, 1.75], "rotation": 180, "texture": "#0"}
			}
		},
		{
			"from": [6.49127, 4.15191, 8.31479],
			"to": [9.50873, 5.67248, 17.85577],
			"rotation": {"angle": 0, "axis": "y", "origin": [8, 8, 8]},
			"faces": {
				"north": {"uv": [8.5, 3.25, 9.25, 3.625], "rotation": 180, "texture": "#0"},
				"east": {"uv": [8.375, 2.75, 6, 3.125], "rotation": 180, "texture": "#0"},
				"south": {"uv": [8.75, 2.25, 9.5, 2.625], "rotation": 180, "texture": "#0"},
				"west": {"uv": [6, 2.75, 8.375, 3.125], "rotation": 180, "texture": "#0"},
				"up": {"uv": [1.5, 1.75, 0.75, 4.125], "rotation": 180, "texture": "#0"},
				"down": {"uv": [0.75, 4.125, 0, 1.75], "rotation": 180, "texture": "#0"}
			}
		},
		{
			"from": [6.80474, 5.67248, 8.31479],
			"to": [9.19526, 6.04367, 17.85577],
			"rotation": {"angle": 0, "axis": "y", "origin": [8, 8, 8]},
			"faces": {
				"north": {"uv": [10, 2.75, 10.625, 2.8125], "rotation": 180, "texture": "#0"},
				"east": {"uv": [11.625, 6.25, 9.25, 6.3125], "rotation": 180, "texture": "#0"},
				"south": {"uv": [11.45313, 3.4678, 12.05075, 3.375], "rotation": 180, "texture": "#0"},
				"west": {"uv": [9.25, 6.25, 11.625, 6.3125], "rotation": 180, "texture": "#0"},
				"up": {"uv": [4.375, 1.75, 3.75, 4.125], "rotation": 180, "texture": "#0"},
				"down": {"uv": [2.125, 4.125, 1.5, 1.75], "rotation": 180, "texture": "#0"}
			}
		},
		{
			"from": [7.23971, 3.36904, 8.31479],
			"to": [8.76029, 3.78073, 17.85577],
			"rotation": {"angle": 0, "axis": "y", "origin": [8, 8, 8]},
			"faces": {
				"north": {"uv": [10, 2.25, 10.375, 2.375], "rotation": 180, "texture": "#0"},
				"east": {"uv": [9.875, 2, 7.5, 2.125], "rotation": 180, "texture": "#0"},
				"south": {"uv": [10, 2.5, 10.375, 2.625], "rotation": 180, "texture": "#0"},
				"west": {"uv": [7.5, 2, 9.875, 2.125], "rotation": 180, "texture": "#0"},
				"up": {"uv": [2.625, 6.75, 2.25, 9.125], "rotation": 180, "texture": "#0"},
				"down": {"uv": [3.625, 8.875, 3.25, 6.5], "rotation": 180, "texture": "#0"}
			}
		},
		{
			"from": [6.80474, 3.78073, 8.31479],
			"to": [9.19526, 4.15191, 17.85577],
			"rotation": {"angle": 0, "axis": "y", "origin": [8, 8, 8]},
			"faces": {
				"north": {"uv": [10, 3, 10.625, 3.0625], "rotation": 180, "texture": "#0"},
				"east": {"uv": [11.625, 6.75, 9.25, 6.8125], "rotation": 180, "texture": "#0"},
				"south": {"uv": [11.45313, 3.375, 12.05075, 3.4678], "rotation": 180, "texture": "#0"},
				"west": {"uv": [9.25, 6.75, 11.625, 6.8125], "rotation": 180, "texture": "#0"},
				"up": {"uv": [3.125, 4.25, 2.5, 6.625], "rotation": 180, "texture": "#0"},
				"down": {"uv": [2.375, 6.625, 1.75, 4.25], "rotation": 180, "texture": "#0"}
			}
		},
		{
			"from": [7.12735, 2.69004, -0.38273],
			"to": [8.87265, 5.88995, 0.23734],
			"rotation": {"angle": 0, "axis": "y", "origin": [8, 8, 8]},
			"faces": {
				"north": {"uv": [6.75, 1.75, 7.1875, 2.5625], "rotation": 180, "texture": "#0"},
				"east": {"uv": [7.5, 6.25, 7.625, 7.0625], "rotation": 180, "texture": "#0"},
				"south": {"uv": [6.25, 7.5, 6.6875, 8.3125], "rotation": 180, "texture": "#0"},
				"west": {"uv": [7.25, 1.75, 7.375, 2.5625], "rotation": 180, "texture": "#0"},
				"up": {"uv": [5.6875, 2.25, 5.25, 2.375], "rotation": 180, "texture": "#0"},
				"down": {"uv": [3.6875, 1.625, 3.25, 1.5], "rotation": 180, "texture": "#0"}
			}
		},
		{
			"from": [6.38405, 3.41513, -0.38273],
			"to": [7.12935, 5.36504, 0.23734],
			"rotation": {"angle": 0, "axis": "y", "origin": [8, 8, 8]},
			"faces": {
				"north": {"uv": [5.25, 1.75, 5.4375, 2.25], "rotation": 180, "texture": "#0"},
				"east": {"uv": [6.25, 1.75, 6.375, 2.25], "rotation": 180, "texture": "#0"},
				"south": {"uv": [5.5, 1.75, 5.6875, 2.25], "rotation": 180, "texture": "#0"},
				"west": {"uv": [6, 3.25, 6.125, 3.75], "rotation": 180, "texture": "#0"},
				"up": {"uv": [5.9375, 2.25, 5.75, 2.375], "rotation": 180, "texture": "#0"},
				"down": {"uv": [3.9375, 1.625, 3.75, 1.5], "rotation": 180, "texture": "#0"}
			}
		},
		{
			"from": [8.87065, 3.41513, -0.38273],
			"to": [9.61595, 5.36504, 0.23734],
			"rotation": {"angle": 0, "axis": "y", "origin": [8, 8, 8]},
			"faces": {
				"north": {"uv": [5.75, 1.75, 5.9375, 2.25], "rotation": 180, "texture": "#0"},
				"east": {"uv": [0.25, 6.5, 0.375, 7], "rotation": 180, "texture": "#0"},
				"south": {"uv": [6, 1.75, 6.1875, 2.25], "rotation": 180, "texture": "#0"},
				"west": {"uv": [6.25, 3.25, 6.375, 3.75], "rotation": 180, "texture": "#0"},
				"up": {"uv": [6.1875, 4, 6, 4.125], "rotation": 180, "texture": "#0"},
				"down": {"uv": [6.1875, 2.375, 6, 2.25], "rotation": 180, "texture": "#0"}
			}
		},
		{
			"from": [6.85587, 11.5986, 10.0616],
			"to": [9.12387, 12.36405, 14.5976],
			"rotation": {"angle": 0, "axis": "y", "origin": [8, 8, 8]},
			"faces": {
				"north": {"uv": [9, 8.5, 9.5625, 8.6875], "texture": "#0"},
				"east": {"uv": [8.25, 5.5, 9.375, 5.6875], "texture": "#0"},
				"south": {"uv": [9, 8.75, 9.5625, 8.9375], "texture": "#0"},
				"west": {"uv": [9.375, 5.5, 8.25, 5.6875], "texture": "#0"},
				"up": {"uv": [4.5625, 7.125, 4, 6], "texture": "#0"},
				"down": {"uv": [1.5625, 6.25, 1, 7.375], "texture": "#0"}
			}
		},
		{
			"from": [6.00537, 8.1966, 10.0616],
			"to": [9.97437, 11.5986, 15.1646],
			"rotation": {"angle": 0, "axis": "y", "origin": [8, 8, 8]},
			"faces": {
				"north": {"uv": [0, 5.25, 1, 6.125], "texture": "#0"},
				"east": {"uv": [4, 0.75, 5.25, 1.625], "texture": "#0"},
				"south": {"uv": [5.25, 0.75, 6.25, 1.625], "texture": "#0"},
				"west": {"uv": [5.25, 0.75, 4, 1.625], "texture": "#0"},
				"up": {"uv": [3.75, 3, 2.75, 1.75], "texture": "#0"},
				"down": {"uv": [3.75, 3, 2.75, 4.25], "texture": "#0"}
			}
		},
		{
			"from": [5.43837, 6.2121, 8.8142],
			"to": [10.54137, 13.0161, 10.175],
			"rotation": {"angle": 0, "axis": "y", "origin": [8, 8, 8]},
			"faces": {
				"north": {"uv": [0, 0, 1.25, 1.6875], "texture": "#0"},
				"east": {"uv": [1.75, 7, 2.0625, 8.6875], "texture": "#0"},
				"south": {"uv": [1.25, 0, 2.5, 1.6875], "texture": "#0"},
				"west": {"uv": [2.0625, 7, 1.75, 8.6875], "texture": "#0"},
				"up": {"uv": [8.25, 5.5625, 7, 5.25], "texture": "#0"},
				"down": {"uv": [8.75, 2.25, 7.5, 2.5625], "texture": "#0"}
			}
		},
		{
			"from": [6.85587, 2.99688, 8.8116],
			"to": [9.12387, 3.76233, 13.3476],
			"rotation": {"angle": 0, "axis": "y", "origin": [8, 8, 8]},
			"faces": {
				"north": {"uv": [9, 8.5, 9.5625, 8.6875], "rotation": 180, "texture": "#0"},
				"east": {"uv": [9.375, 5.5, 8.25, 5.6875], "rotation": 180, "texture": "#0"},
				"south": {"uv": [9, 8.75, 9.5625, 8.9375], "rotation": 180, "texture": "#0"},
				"west": {"uv": [8.25, 5.5, 9.375, 5.6875], "rotation": 180, "texture": "#0"},
				"up": {"uv": [1.5625, 6.25, 1, 7.375], "rotation": 180, "texture": "#0"},
				"down": {"uv": [4.5625, 7.125, 4, 6], "rotation": 180, "texture": "#0"}
			}
		},
		{
			"from": [6.00537, 3.76233, 8.8116],
			"to": [9.97437, 7.16433, 13.9146],
			"rotation": {"angle": 0, "axis": "y", "origin": [8, 8, 8]},
			"faces": {
				"north": {"uv": [0, 5.25, 1, 6.125], "rotation": 180, "texture": "#0"},
				"east": {"uv": [5.25, 0.75, 4, 1.625], "rotation": 180, "texture": "#0"},
				"south": {"uv": [5.25, 0.75, 6.25, 1.625], "rotation": 180, "texture": "#0"},
				"west": {"uv": [4, 0.75, 5.25, 1.625], "rotation": 180, "texture": "#0"},
				"up": {"uv": [3.75, 3, 2.75, 4.25], "rotation": 180, "texture": "#0"},
				"down": {"uv": [3.75, 3, 2.75, 1.75], "rotation": 180, "texture": "#0"}
			}
		},
		{
			"from": [6.50537, 6.08888, 9.30027],
			"to": [9.47437, 9.49088, 14.40327],
			"rotation": {"angle": 0, "axis": "y", "origin": [8, 8, 8]},
			"faces": {
				"north": {"uv": [0, 5.25, 1, 6.125], "rotation": 180, "texture": "#0"},
				"east": {"uv": [5.25, 0.75, 4, 1.625], "rotation": 180, "texture": "#0"},
				"south": {"uv": [5.375, 0.75, 6.11725, 1.6005], "rotation": 180, "texture": "#0"},
				"west": {"uv": [4, 0.75, 5.25, 1.625], "rotation": 180, "texture": "#0"},
				"up": {"uv": [3.75, 3, 2.75, 4.25], "rotation": 180, "texture": "#0"},
				"down": {"uv": [3.75, 3, 2.75, 1.75], "rotation": 180, "texture": "#0"}
			}
		},
		{
			"from": [5.97888, 3.5936, 8.474],
			"to": [10.04138, 6.2121, 10.175],
			"rotation": {"angle": 0, "axis": "y", "origin": [8, 8, 8]},
			"faces": {
				"north": {"uv": [6, 5, 4.75, 5.75], "texture": "#0"},
				"east": {"uv": [0.75, 8, 0, 8.4375], "rotation": 270, "texture": "#0"},
				"south": {"uv": [6, 5.75, 4.75, 5], "rotation": 180, "texture": "#0"},
				"west": {"uv": [0, 8, 0.75, 8.4375], "rotation": 90, "texture": "#0"},
				"up": {"uv": [6.75, 5.75, 8, 6.1875], "rotation": 180, "texture": "#0"},
				"down": {"uv": [6.25, 4.25, 7.5, 4.6875], "texture": "#0"}
			}
		},
		{
			"from": [5.57835, 10.6196, 6.66234],
			"to": [10.42165, 11.80188, 7.82066],
			"rotation": {"angle": 0, "axis": "y", "origin": [8, 8, 8]},
			"faces": {
				"north": {"uv": [10.5, 4.3125, 11.6875, 4], "texture": "#0"},
				"east": {"uv": [10.75, 7.25, 11.0625, 7.5625], "texture": "#0"},
				"south": {"uv": [10.5, 4.3125, 11.6875, 4], "texture": "#0"},
				"west": {"uv": [11.0625, 7.25, 10.75, 7.5625], "texture": "#0"},
				"up": {"uv": [11.6875, 1.0625, 10.5, 0.75], "texture": "#0"},
				"down": {"uv": [11.6875, 2, 10.5, 2.3125], "texture": "#0"}
			}
		},
		{
			"from": [5.94443, 4.594, 6.66234],
			"to": [10.05557, 9.43731, 8.82066],
			"rotation": {"angle": 0, "axis": "y", "origin": [8, 8, 8]},
			"faces": {
				"north": {"uv": [5.75, 10, 6.75, 11.1875], "texture": "#0"},
				"east": {"uv": [3, 10.25, 3.5625, 11.4375], "texture": "#0"},
				"south": {"uv": [7.75, 10, 8.75, 11.1875], "texture": "#0"},
				"west": {"uv": [3.5625, 10.25, 3, 11.4375], "texture": "#0"},
				"up": {"uv": [5.5, 10.8125, 4.5, 10.25], "texture": "#0"},
				"down": {"uv": [11.25, 5.5, 10.25, 6.0625], "texture": "#0"}
			}
		},
		{
			"from": [5.19289, 9.43731, 6.66234],
			"to": [10.80711, 10.6196, 8.82066],
			"rotation": {"angle": 0, "axis": "y", "origin": [8, 8, 8]},
			"faces": {
				"north": {"uv": [10.25, 9.3125, 11.625, 9], "texture": "#0"},
				"east": {"uv": [6.75, 10.25, 7.3125, 10.5625], "texture": "#0"},
				"south": {"uv": [10.25, 8.5, 11.625, 8.8125], "texture": "#0"},
				"west": {"uv": [7.3125, 10.25, 6.75, 10.5625], "texture": "#0"},
				"up": {"uv": [10.125, 10.5625, 8.75, 10], "texture": "#0"},
				"down": {"uv": [1.375, 10.25, 0, 10.8125], "texture": "#0"}
			}
		},
		{
			"from": [5.57835, 2.10042, 6.66234],
			"to": [10.42165, 3.41171, 7.82066],
			"rotation": {"angle": 0, "axis": "y", "origin": [8, 8, 8]},
			"faces": {
				"north": {"uv": [10.5, 4, 11.6875, 4.3125], "texture": "#0"},
				"east": {"uv": [8.75, 10.75, 9.0625, 11.0625], "texture": "#0"},
				"south": {"uv": [10.5, 4, 11.6875, 4.3125], "texture": "#0"},
				"west": {"uv": [9.0625, 10.75, 8.75, 11.0625], "texture": "#0"},
				"up": {"uv": [11.9375, 2.8125, 10.75, 2.5], "texture": "#0"},
				"down": {"uv": [11.6875, 0.75, 10.5, 1.0625], "texture": "#0"}
			}
		},
		{
			"from": [5.19289, 3.41171, 6.66234],
			"to": [10.80711, 4.594, 8.82066],
			"rotation": {"angle": 0, "axis": "y", "origin": [8, 8, 8]},
			"faces": {
				"north": {"uv": [10.25, 9, 11.625, 9.3125], "texture": "#0"},
				"east": {"uv": [10.75, 5, 11.3125, 5.3125], "texture": "#0"},
				"south": {"uv": [10.25, 9.5, 11.625, 9.8125], "texture": "#0"},
				"west": {"uv": [11.3125, 5, 10.75, 5.3125], "texture": "#0"},
				"up": {"uv": [11.625, 1.8125, 10.25, 1.25], "texture": "#0"},
				"down": {"uv": [2.875, 10.25, 1.5, 10.8125], "texture": "#0"}
			}
		},
		{
			"from": [7.5, 13.34996, 11.5727],
			"to": [8.5, 14.82496, 12.5727],
			"rotation": {"angle": 0, "axis": "y", "origin": [8, 8, 8]},
			"faces": {
				"north": {"uv": [0.5, 6.25, 0.75, 6.625], "texture": "#0"},
				"east": {"uv": [6.25, 1, 6.5, 1.375], "texture": "#0"},
				"south": {"uv": [0, 6.5, 0.25, 6.875], "texture": "#0"},
				"west": {"uv": [6.5, 1, 6.25, 1.375], "texture": "#0"},
				"up": {"uv": [6.5, 1.75, 6.25, 1.5], "texture": "#0"},
				"down": {"uv": [6.75, 1, 6.5, 1.25], "texture": "#0"}
			}
		},
		{
			"from": [7.5, 13.34996, 13.5727],
			"to": [8.5, 14.14996, 14.5727],
			"rotation": {"angle": 0, "axis": "y", "origin": [8, 8, 8]},
			"faces": {
				"north": {"uv": [7, 0.75, 7.25, 0.9375], "texture": "#0"},
				"east": {"uv": [7, 1, 7.25, 1.1875], "texture": "#0"},
				"south": {"uv": [7, 1.25, 7.25, 1.4375], "texture": "#0"},
				"west": {"uv": [7.25, 1, 7, 1.1875], "texture": "#0"},
				"up": {"uv": [6.75, 1.5, 6.5, 1.25], "texture": "#0"},
				"down": {"uv": [6.75, 1.5, 6.5, 1.75], "texture": "#0"}
			}
		},
		{
			"from": [7.5, 13.34996, 11.0727],
			"to": [8.5, 14.14996, 11.5727],
			"rotation": {"angle": 0, "axis": "y", "origin": [8, 8, 8]},
			"faces": {
				"north": {"uv": [7, 3.75, 7.25, 3.9375], "texture": "#0"},
				"east": {"uv": [7.5, 0.75, 7.625, 0.9375], "texture": "#0"},
				"south": {"uv": [7, 4, 7.25, 4.1875], "texture": "#0"},
				"west": {"uv": [7.625, 0.75, 7.5, 0.9375], "texture": "#0"},
				"up": {"uv": [0.75, 7.375, 0.5, 7.25], "texture": "#0"},
				"down": {"uv": [7.5, 0.75, 7.25, 0.875], "texture": "#0"}
			}
		},
		{
			"from": [7.5, 13.34996, 12.5727],
			"to": [8.5, 13.82496, 13.5727],
			"rotation": {"angle": 0, "axis": "y", "origin": [8, 8, 8]},
			"faces": {
				"north": {"uv": [7.25, 1, 7.5, 1.125], "texture": "#0"},
				"east": {"uv": [7.25, 1.25, 7.5, 1.375], "texture": "#0"},
				"south": {"uv": [7.25, 1.5, 7.5, 1.625], "texture": "#0"},
				"west": {"uv": [7.5, 1.25, 7.25, 1.375], "texture": "#0"},
				"up": {"uv": [0.75, 7, 0.5, 6.75], "texture": "#0"},
				"down": {"uv": [7, 0.75, 6.75, 1], "texture": "#0"}
			}
		},
		{
			"from": [7.5, 12.32496, 10.5727],
			"to": [8.5, 13.34996, 14.5727],
			"rotation": {"angle": 0, "axis": "y", "origin": [8, 8, 8]},
			"faces": {
				"north": {"uv": [6.75, 1, 7, 1.25], "texture": "#0"},
				"east": {"uv": [6, 3.75, 7, 4], "texture": "#0"},
				"south": {"uv": [6.75, 1.25, 7, 1.5], "texture": "#0"},
				"west": {"uv": [7, 3.75, 6, 4], "texture": "#0"},
				"up": {"uv": [4.25, 6, 4, 5], "texture": "#0"},
				"down": {"uv": [4.5, 5, 4.25, 6], "texture": "#0"}
			}
		},
		{
			"from": [7.5, 12.32496, 10.0727],
			"to": [8.5, 12.87496, 10.5727],
			"rotation": {"angle": 0, "axis": "y", "origin": [8, 8, 8]},
			"faces": {
				"north": {"uv": [7.25, 5, 7.5, 5.125], "texture": "#0"},
				"east": {"uv": [7.5, 1.25, 7.625, 1.375], "texture": "#0"},
				"south": {"uv": [6.25, 7.25, 6.5, 7.375], "texture": "#0"},
				"west": {"uv": [7.625, 1.25, 7.5, 1.375], "texture": "#0"},
				"up": {"uv": [7.5, 6.375, 7.25, 6.25], "texture": "#0"},
				"down": {"uv": [6.75, 7.25, 6.5, 7.375], "texture": "#0"}
			}
		},
		{
			"from": [7.5, 11.84996, 14.5727],
			"to": [8.5, 12.64996, 15.5727],
			"rotation": {"angle": 0, "axis": "y", "origin": [8, 8, 8]},
			"faces": {
				"north": {"uv": [7, 4.75, 7.25, 4.9375], "texture": "#0"},
				"east": {"uv": [7, 5, 7.25, 5.1875], "texture": "#0"},
				"south": {"uv": [0, 7.25, 0.25, 7.4375], "texture": "#0"},
				"west": {"uv": [7.25, 5, 7, 5.1875], "texture": "#0"},
				"up": {"uv": [7, 1.75, 6.75, 1.5], "texture": "#0"},
				"down": {"uv": [7, 4.75, 6.75, 5], "texture": "#0"}
			}
		},
		{
			"from": [7.5, 11.84996, 15.5727],
			"to": [8.5, 12.32496, 16.5727],
			"rotation": {"angle": 0, "axis": "y", "origin": [8, 8, 8]},
			"faces": {
				"north": {"uv": [7.25, 6.5, 7.5, 6.625], "texture": "#0"},
				"east": {"uv": [7.25, 6.75, 7.5, 6.875], "texture": "#0"},
				"south": {"uv": [7.25, 7, 7.5, 7.125], "texture": "#0"},
				"west": {"uv": [7.5, 6.75, 7.25, 6.875], "texture": "#0"},
				"up": {"uv": [7, 5.25, 6.75, 5], "texture": "#0"},
				"down": {"uv": [0.25, 7, 0, 7.25], "texture": "#0"}
			}
		},
		{
			"from": [7.5, 10.82496, 14.5727],
			"to": [8.5, 11.84996, 16.5727],
			"rotation": {"angle": 0, "axis": "y", "origin": [8, 8, 8]},
			"faces": {
				"north": {"uv": [0.25, 7, 0.5, 7.25], "texture": "#0"},
				"east": {"uv": [0, 6.25, 0.5, 6.5], "texture": "#0"},
				"south": {"uv": [0.5, 7, 0.75, 7.25], "texture": "#0"},
				"west": {"uv": [0.5, 6.25, 0, 6.5], "texture": "#0"},
				"up": {"uv": [4.75, 5.5, 4.5, 5], "texture": "#0"},
				"down": {"uv": [4.75, 5.5, 4.5, 6], "texture": "#0"}
			}
		},
		{
			"from": [7.5, 12.64996, 14.5727],
			"to": [8.5, 13.34996, 15.5727],
			"rotation": {"angle": 0, "axis": "y", "origin": [8, 7.8, 8]},
			"faces": {
				"north": {"uv": [7, 4.75, 7.25, 4.9375], "texture": "#0"},
				"east": {"uv": [4.5625, 11, 4.8125, 11.175], "texture": "#0"},
				"south": {"uv": [6, 11.25, 6.25, 11.425], "texture": "#0"},
				"west": {"uv": [4.8125, 11, 4.5625, 11.175], "texture": "#0"},
				"up": {"uv": [7, 1.75, 6.75, 1.5], "texture": "#0"},
				"down": {"uv": [7, 4.75, 6.75, 5], "texture": "#0"}
			}
		}
	],
	"display": {
		"thirdperson_righthand": {
			"rotation": [67.5, 0, 0],
			"translation": [1.5, 4, 14.5]
		},
		"thirdperson_lefthand": {
			"rotation": [67.5, 0, 0],
			"translation": [1.5, 4, 14.5]
		},
		"firstperson_righthand": {
			"translation": [1, 6.75, -0.25]
		},
		"firstperson_lefthand": {
			"translation": [1, 6.75, -0.25]
		},
		"ground": {
			"translation": [0, 4.5, 0],
			"scale": [1.3, 1.3, 1.3]
		},
		"gui": {
			"rotation": [159.34, -35.7, -177.05],
			"translation": [0, -0.75, 0],
			"scale": [0.9, 0.9, 0.9]
		},
		"fixed": {
			"rotation": [0, 90, 0],
			"translation": [0, 1.25, -2],
			"scale": [2, 2, 2]
		}
	},
	"groups": [
		{
			"name": "boulder_bomber",
			"origin": [9.27829, 2.06341, 0.62002],
			"color": 0,
			"children": [
				{
					"name": "barrels",
					"origin": [8, 6.38988, 11.40177],
					"color": 0,
					"children": [
						{
							"name": "upper_barrel",
							"origin": [8, 5.95039, 4.36938],
							"color": 0,
							"children": [
								{
									"name": "covers",
									"origin": [8, 5.95039, 4.36938],
									"color": 0,
									"children": [
										{
											"name": "front_cover",
											"origin": [8, 5.95039, 4.36938],
											"color": 1,
											"children": [0, 1, 2, 3, 4, 5, 6, 7]
										},
										{
											"name": "middle_cover",
											"origin": [8, 5.95039, 4.36938],
											"color": 2,
											"children": [8, 9, 10, 11, 12, 13, 14, 15]
										}
									]
								},
								{
									"name": "tube",
									"origin": [7.75564, 4.91192, -2.17857],
									"color": 0,
									"children": [16, 17, 18, 19, 20]
								},
								{
									"name": "back_tube",
									"origin": [7.93398, 4.91192, -2.17857],
									"color": 8,
									"children": [21, 22, 23, 24, 25]
								},
								{
									"name": "front_part",
									"origin": [7.2567, 5.21599, 8.02677],
									"color": 0,
									"children": [26, 27, 28]
								}
							]
						},
						{
							"name": "bottom_barrel",
							"origin": [8, 5.95039, 4.36938],
							"color": 0,
							"children": [
								{
									"name": "covers",
									"origin": [8, 5.95039, 4.36938],
									"color": 0,
									"children": [
										{
											"name": "front_cover",
											"origin": [8, 5.95039, 4.36938],
											"color": 1,
											"children": [29, 30, 31, 32, 33, 34, 35, 36]
										},
										{
											"name": "middle_cover",
											"origin": [8, 5.95039, 4.36938],
											"color": 2,
											"children": [37, 38, 39, 40, 41, 42, 43, 44]
										}
									]
								},
								{
									"name": "tube",
									"origin": [7.75564, 4.91192, -2.17857],
									"color": 0,
									"children": [45, 46, 47, 48, 49]
								},
								{
									"name": "back_tube",
									"origin": [7.93398, 4.91192, -2.17857],
									"color": 8,
									"children": [50, 51, 52, 53, 54]
								},
								{
									"name": "front_part",
									"origin": [7.2567, 5.21599, 8.02677],
									"color": 0,
									"children": [55, 56, 57]
								}
							]
						}
					]
				},
				{
					"name": "body",
					"origin": [7.98987, 6.38988, 11.40177],
					"color": 0,
					"children": [
						{
							"name": "upper_body",
							"origin": [1.14093, 12.09519, 3.18127],
							"color": 0,
							"children": [
								{
									"name": "up_and_down_covers",
									"origin": [1.14093, 12.09519, 3.18127],
									"color": 0,
									"children": [58]
								},
								{
									"name": "main_body",
									"origin": [0.34093, 7.41643, 17.21627],
									"color": 0,
									"children": [59]
								},
								{
									"name": "front",
									"origin": [1.14093, 12.02018, -1.31873],
									"color": 1,
									"children": [60]
								}
							]
						},
						{
							"name": "bottom_body",
							"origin": [1.14093, 12.09519, 3.18127],
							"color": 0,
							"children": [
								{
									"name": "up_and_down_covers",
									"origin": [1.14093, 12.09519, 3.18127],
									"color": 0,
									"children": [61]
								},
								{
									"name": "main_body",
									"origin": [0.34093, 7.41643, 17.21627],
									"color": 0,
									"children": [62]
								},
								{
									"name": "front",
									"origin": [1.14093, 12.02018, -1.31873],
									"color": 1,
									"children": []
								},
								63,
								64
							]
						},
						{
							"name": "barrel_connector",
							"origin": [8.69356, 5.07485, -7.92552],
							"color": 3,
							"children": [65, 66, 67, 68, 69]
						}
					]
				},
				{
					"name": "spike",
					"origin": [7.5, -1.75004, -0.7273],
					"color": 0,
					"children": [70, 71, 72, 73, 74, 75, 76, 77, 78, 79]
				}
			]
		}
	]
}