{
	"credit": "Made with Blockbench",
	"texture_size": [32, 32],
	"textures": {
		"0": "aoa3:item/brown_blaster",
		"particle": "aoa3:item/brown_blaster"
	},
	"elements": [
		{
			"from": [7.85, 10.22571, -5.25926],
			"to": [8.15, 10.68971, -3.78726],
			"rotation": {"angle": 0, "axis": "y", "origin": [7.98124, 8, 8]},
			"faces": {
				"north": {"uv": [10.25, 2.75, 10.3125, 2.875], "texture": "#0"},
				"east": {"uv": [10.125, 8, 9.75, 8.125], "texture": "#0"},
				"south": {"uv": [3, 10.25, 3.0625, 10.375], "texture": "#0"},
				"west": {"uv": [9.75, 8, 10.125, 8.125], "texture": "#0"},
				"up": {"uv": [10.0625, 4.375, 10, 4], "texture": "#0"},
				"down": {"uv": [4.3125, 10, 4.25, 10.375], "texture": "#0"}
			}
		},
		{
			"from": [7.85, 10.68971, -5.25926],
			"to": [8.15, 11.45371, -4.78726],
			"rotation": {"angle": 0, "axis": "y", "origin": [7.98124, 8, 8]},
			"faces": {
				"north": {"uv": [10.25, 1.75, 10.3125, 1.9375], "texture": "#0"},
				"east": {"uv": [10.125, 4.5, 10, 4.6875], "texture": "#0"},
				"south": {"uv": [2, 10.25, 2.0625, 10.4375], "texture": "#0"},
				"west": {"uv": [10, 4.5, 10.125, 4.6875], "texture": "#0"},
				"up": {"uv": [10.3125, 3.125, 10.25, 3], "texture": "#0"},
				"down": {"uv": [3.3125, 10.25, 3.25, 10.375], "texture": "#0"}
			}
		},
		{
			"from": [7.85, 10.68971, -4.78726],
			"to": [8.15, 11.05371, -4.31526],
			"rotation": {"angle": 0, "axis": "y", "origin": [7.98124, 8, 8]},
			"faces": {
				"north": {"uv": [10.25, 6, 10.3125, 6.0625], "texture": "#0"},
				"east": {"uv": [3.625, 10.25, 3.5, 10.3125], "texture": "#0"},
				"south": {"uv": [6.25, 10.25, 6.3125, 10.3125], "texture": "#0"},
				"west": {"uv": [3.5, 10.25, 3.625, 10.3125], "texture": "#0"},
				"up": {"uv": [10.3125, 3.625, 10.25, 3.5], "texture": "#0"},
				"down": {"uv": [3.8125, 10.25, 3.75, 10.375], "texture": "#0"}
			}
		},
		{
			"from": [7.15808, 8.94078, 8.93076],
			"to": [8.83808, 9.83078, 12.87076],
			"rotation": {"angle": 0, "axis": "y", "origin": [8, 8, 8]},
			"faces": {
				"north": {"uv": [9.5, 7, 9.9375, 7.25], "texture": "#0"},
				"east": {"uv": [10.25, 9, 9.25, 9.25], "texture": "#0"},
				"south": {"uv": [13.57063, 1.125, 13.99063, 1.3475], "texture": "#0"},
				"west": {"uv": [9.25, 9, 10, 9.25], "texture": "#0"},
				"up": {"uv": [13.57063, 0.875, 13.99063, 1.0975], "texture": "#0"},
				"down": {"uv": [4.6625, 2.81875, 2.5, 2.875], "rotation": 90, "texture": "#0"}
			}
		},
		{
			"from": [7.75808, 8.32578, 9.47576],
			"to": [8.23808, 8.61578, 9.91576],
			"rotation": {"angle": 0, "axis": "y", "origin": [8, 8, 8]},
			"faces": {
				"north": {"uv": [10.25, 5, 10.375, 5.0625], "texture": "#0"},
				"east": {"uv": [10.25, 5, 10.375, 5.0625], "texture": "#0"},
				"south": {"uv": [10.25, 5, 10.375, 5.0625], "texture": "#0"},
				"west": {"uv": [10.25, 5, 10.375, 5.0625], "texture": "#0"},
				"up": {"uv": [10.25, 5.0625, 10.375, 5], "texture": "#0"},
				"down": {"uv": [10.25, 5, 10.375, 5.0625], "texture": "#0"}
			}
		},
		{
			"from": [7.75808, 8.32578, 9.91576],
			"to": [8.23808, 9.06578, 10.20576],
			"rotation": {"angle": 0, "axis": "y", "origin": [8, 8, 8]},
			"faces": {
				"north": {"uv": [2.5, 10.25, 2.5625, 10.4375], "texture": "#0"},
				"east": {"uv": [2.5, 10.25, 2.5625, 10.4375], "texture": "#0"},
				"south": {"uv": [2.5, 10.25, 2.5625, 10.4375], "texture": "#0"},
				"west": {"uv": [2.5, 10.25, 2.5625, 10.4375], "texture": "#0"},
				"up": {"uv": [2.5, 10.25, 2.5625, 10.4375], "texture": "#0"},
				"down": {"uv": [10.25, 5, 10.375, 5.0625], "texture": "#0"}
			}
		},
		{
			"from": [7.45808, 8.63078, 7.89076],
			"to": [8.53808, 9.12078, 9.23076],
			"rotation": {"angle": 0, "axis": "y", "origin": [8, 8, 8]},
			"faces": {
				"north": {"uv": [10, 3, 10.25, 3.125], "texture": "#0"},
				"east": {"uv": [8.8125, 9.75, 8.5, 9.875], "texture": "#0"},
				"south": {"uv": [3.25, 10, 3.5, 10.125], "texture": "#0"},
				"west": {"uv": [8.5, 9.75, 8.8125, 9.875], "texture": "#0"},
				"up": {"uv": [0.25, 10.0625, 0, 9.75], "texture": "#0"},
				"down": {"uv": [2.5, 9.75, 2.25, 10.0625], "texture": "#0"}
			}
		},
		{
			"from": [7.45808, 8.14078, 8.89076],
			"to": [8.53808, 8.63078, 9.23076],
			"rotation": {"angle": 0, "axis": "y", "origin": [8, 8, 8]},
			"faces": {
				"north": {"uv": [5.75, 10.25, 5.8125, 10.375], "texture": "#0"},
				"east": {"uv": [5.75, 10.25, 5.8125, 10.375], "texture": "#0"},
				"south": {"uv": [5.75, 10.25, 5.8125, 10.375], "texture": "#0"},
				"west": {"uv": [5.75, 10.25, 5.8125, 10.375], "texture": "#0"},
				"up": {"uv": [5.75, 10.25, 5.8125, 10.375], "texture": "#0"},
				"down": {"uv": [5.75, 10.25, 5.8125, 10.375], "texture": "#0"}
			}
		},
		{
			"from": [7.45808, 7.85078, 8.89076],
			"to": [8.53808, 8.14078, 10.43076],
			"rotation": {"angle": 0, "axis": "y", "origin": [8, 8, 8]},
			"faces": {
				"north": {"uv": [10, 5.25, 10.375, 5.3125], "texture": "#0"},
				"east": {"uv": [10.385, 5.25, 10, 5.3225], "texture": "#0"},
				"south": {"uv": [7.5, 10, 7.75, 10.0625], "texture": "#0"},
				"west": {"uv": [10, 5.25, 10.375, 5.3125], "texture": "#0"},
				"up": {"uv": [13.66844, 8.14375, 13.39844, 8.52875], "texture": "#0"},
				"down": {"uv": [13.66844, 8.14375, 13.39844, 8.52875], "texture": "#0"}
			}
		},
		{
			"from": [7.15808, 9.83078, 9.43076],
			"to": [8.83808, 10.82078, 11.37076],
			"rotation": {"angle": 0, "axis": "y", "origin": [8, 8, 8]},
			"faces": {
				"north": {"uv": [7.75, 9.5, 8.1875, 9.75], "texture": "#0"},
				"east": {"uv": [10, 6.25, 9.5, 6.5], "texture": "#0"},
				"south": {"uv": [13.57063, 0.25, 13.99063, 0.4725], "texture": "#0"},
				"west": {"uv": [9.5, 6.25, 10, 6.5], "texture": "#0"},
				"up": {"uv": [12.81563, 4.94688, 13.30063, 5.36688], "rotation": 90, "texture": "#0"},
				"down": {"uv": [9.4375, 5, 9, 5.5], "texture": "#0"}
			}
		},
		{
			"from": [7.15808, 8.04078, 5.59076],
			"to": [8.83808, 9.83078, 8.93076],
			"rotation": {"angle": 0, "axis": "y", "origin": [8, 8, 8]},
			"faces": {
				"north": {"uv": [9.25, 1.5, 9.6875, 1.9375], "texture": "#0"},
				"east": {"uv": [4.8125, 5.75, 4, 6.1875], "texture": "#0"},
				"south": {"uv": [9.25, 2, 9.6875, 2.4375], "texture": "#0"},
				"west": {"uv": [4, 5.75, 4.8125, 6.1875], "texture": "#0"},
				"up": {"uv": [3.40312, 4.5625, 4.23812, 4.9825], "rotation": 90, "texture": "#0"},
				"down": {"uv": [0.4375, 6, 0, 6.8125], "texture": "#0"}
			}
		},
		{
			"from": [7.15808, 9.83078, 11.37076],
			"to": [8.83808, 10.34578, 12.13576],
			"rotation": {"angle": 0, "axis": "y", "origin": [8, 8, 7.89]},
			"faces": {
				"north": {"uv": [7.75, 9.5, 8.1875, 9.75], "texture": "#0"},
				"east": {"uv": [16, 15.7425, 15.6175, 16], "texture": "#0"},
				"south": {"uv": [13.57063, 0.625, 13.99063, 0.8475], "texture": "#0"},
				"west": {"uv": [15.6175, 15.7425, 16, 16], "texture": "#0"},
				"up": {"uv": [13.57063, 0.375, 13.99063, 0.5975], "texture": "#0"},
				"down": {"uv": [9.4375, 5, 9, 5.5], "texture": "#0"}
			}
		},
		{
			"from": [7.15808, 3.67079, 17.11576],
			"to": [8.83808, 5.18579, 19.38076],
			"rotation": {"angle": 0, "axis": "y", "origin": [8, 8, 8]},
			"faces": {
				"north": {"uv": [9.25, 9.25, 9.6875, 9.625], "texture": "#0"},
				"east": {"uv": [9.8125, 1, 9.25, 1.375], "texture": "#0"},
				"south": {"uv": [9.5, 2.5, 9.9375, 2.875], "texture": "#0"},
				"west": {"uv": [9.25, 1, 9.8125, 1.375], "texture": "#0"},
				"up": {"uv": [8.6875, 9.3125, 8.25, 8.75], "texture": "#0"},
				"down": {"uv": [9.1875, 8.75, 8.75, 9.3125], "texture": "#0"}
			}
		},
		{
			"from": [7.15808, 5.18578, 15.62576],
			"to": [8.83808, 8.22578, 19.39076],
			"rotation": {"angle": 0, "axis": "y", "origin": [8, 8, 8]},
			"faces": {
				"north": {"uv": [7, 7.25, 7.4375, 8], "texture": "#0"},
				"east": {"uv": [5.6875, 15.25, 4.75, 16], "texture": "#0"},
				"south": {"uv": [4.9375, 9, 4.5, 9.5625], "texture": "#0"},
				"west": {"uv": [4.75, 15.25, 5.6875, 16], "texture": "#0"},
				"up": {"uv": [3.4375, 9.5625, 3, 9], "texture": "#0"},
				"down": {"uv": [9.4375, 3.5, 9, 4.0625], "texture": "#0"}
			}
		},
		{
			"from": [7.15808, 5.95078, 14.13576],
			"to": [8.83808, 8.94078, 15.62576],
			"rotation": {"angle": 0, "axis": "y", "origin": [8, 8, 8]},
			"faces": {
				"north": {"uv": [7.5, 1.5, 7.9375, 2.25], "texture": "#0"},
				"east": {"uv": [2.375, 8, 2, 8.75], "texture": "#0"},
				"south": {"uv": [7.5, 6.5, 7.9375, 7.25], "texture": "#0"},
				"west": {"uv": [2, 8, 2.375, 8.75], "texture": "#0"},
				"up": {"uv": [3.9375, 9.875, 3.5, 9.5], "texture": "#0"},
				"down": {"uv": [9.9375, 3.5, 9.5, 3.875], "texture": "#0"}
			}
		},
		{
			"from": [7.15808, 4.47079, 16.37576],
			"to": [8.83808, 5.18579, 17.11576],
			"rotation": {"angle": 0, "axis": "y", "origin": [8, 8, 8]},
			"faces": {
				"north": {"uv": [9.75, 1.5, 10.1875, 1.6875], "texture": "#0"},
				"east": {"uv": [9.6875, 9.75, 9.5, 9.9375], "texture": "#0"},
				"south": {"uv": [9.75, 1.75, 10.1875, 1.9375], "texture": "#0"},
				"west": {"uv": [9.5, 9.75, 9.6875, 9.9375], "texture": "#0"},
				"up": {"uv": [10.1875, 2.1875, 9.75, 2], "texture": "#0"},
				"down": {"uv": [10.1875, 2.25, 9.75, 2.4375], "texture": "#0"}
			}
		},
		{
			"from": [7.15808, 8.22578, 15.62576],
			"to": [8.83808, 8.94078, 16.36576],
			"rotation": {"angle": 0, "axis": "y", "origin": [8, 8, 8]},
			"faces": {
				"north": {"uv": [3, 9.75, 3.4375, 9.9375], "texture": "#0"},
				"east": {"uv": [9.9375, 9.75, 9.75, 9.9375], "texture": "#0"},
				"south": {"uv": [4, 9.75, 4.4375, 9.9375], "texture": "#0"},
				"west": {"uv": [9.75, 9.75, 9.9375, 9.9375], "texture": "#0"},
				"up": {"uv": [4.9375, 9.9375, 4.5, 9.75], "texture": "#0"},
				"down": {"uv": [6.4375, 9.75, 6, 9.9375], "texture": "#0"}
			}
		},
		{
			"from": [7.15808, 6.70078, 11.87076],
			"to": [8.83808, 8.94078, 14.13576],
			"rotation": {"angle": 0, "axis": "y", "origin": [8, 8, 8]},
			"faces": {
				"north": {"uv": [4, 9, 4.4375, 9.5625], "texture": "#0"},
				"east": {"uv": [8.5625, 1.5, 8, 2.0625], "texture": "#0"},
				"south": {"uv": [9, 4.25, 9.4375, 4.8125], "texture": "#0"},
				"west": {"uv": [8, 1.5, 8.5625, 2.0625], "texture": "#0"},
				"up": {"uv": [4.9375, 9.5625, 4.5, 9], "texture": "#0"},
				"down": {"uv": [0.9375, 9.25, 0.5, 9.8125], "texture": "#0"}
			}
		},
		{
			"from": [7.15808, 7.50078, 10.40576],
			"to": [8.83808, 8.94078, 11.87076],
			"rotation": {"angle": 0, "axis": "y", "origin": [8, 8, 8]},
			"faces": {
				"north": {"uv": [9.5, 4, 9.9375, 4.375], "texture": "#0"},
				"east": {"uv": [9.875, 5.5, 9.5, 5.875], "texture": "#0"},
				"south": {"uv": [9.5, 4.5, 9.9375, 4.875], "texture": "#0"},
				"west": {"uv": [9.5, 5.5, 9.875, 5.875], "texture": "#0"},
				"up": {"uv": [4.9375, 9.375, 4.5, 9.5625], "texture": "#0"},
				"down": {"uv": [9.9375, 5, 9.5, 5.375], "texture": "#0"}
			}
		},
		{
			"from": [6.38291, 8.39726, -1.71386],
			"to": [7.09747, 9.11182, 3.89966],
			"rotation": {"angle": -45, "axis": "z", "origin": [8, 8, 8]},
			"faces": {
				"north": {"uv": [9.125, 2.5, 9.375, 2.6875], "texture": "#0"},
				"east": {"uv": [7.5, 2.25, 8.875, 2.4375], "texture": "#0"},
				"south": {"uv": [9.1875, 2.5, 9.375, 2.6875], "rotation": 180, "texture": "#0"},
				"west": {"uv": [8, 2.5, 9.375, 2.6875], "texture": "#0"},
				"up": {"uv": [0.4375, 8.375, 0.25, 7], "texture": "#0"},
				"down": {"uv": [7.1875, 8, 7, 9.375], "texture": "#0"}
			}
		},
		{
			"from": [7.13745, 8.70981, -1.7078],
			"to": [7.85201, 9.42437, 3.90572],
			"rotation": {"angle": 0, "axis": "y", "origin": [8, 8, 8]},
			"faces": {
				"north": {"uv": [9.125, 2.5, 9.375, 2.6875], "texture": "#0"},
				"east": {"uv": [8, 2.75, 9.375, 2.9375], "texture": "#0"},
				"south": {"uv": [9.1875, 2.5, 9.375, 2.6875], "rotation": 180, "texture": "#0"},
				"west": {"uv": [8, 6.5, 9.375, 6.6875], "texture": "#0"},
				"up": {"uv": [7.4375, 9.375, 7.25, 8], "texture": "#0"},
				"down": {"uv": [7.6875, 8, 7.5, 9.375], "texture": "#0"}
			}
		},
		{
			"from": [7.892, 8.39726, -1.70782],
			"to": [8.60656, 9.11182, 3.9057],
			"rotation": {"angle": 45, "axis": "z", "origin": [8, 8, 8]},
			"faces": {
				"north": {"uv": [9.125, 2.5, 9.375, 2.6875], "texture": "#0"},
				"east": {"uv": [8, 6.75, 9.375, 6.9375], "texture": "#0"},
				"south": {"uv": [9.1875, 2.5, 9.375, 2.6875], "rotation": 180, "texture": "#0"},
				"west": {"uv": [8, 7, 9.375, 7.1875], "texture": "#0"},
				"up": {"uv": [7.9375, 9.375, 7.75, 8], "texture": "#0"},
				"down": {"uv": [8.1875, 8, 8, 9.375], "texture": "#0"}
			}
		},
		{
			"from": [7.64272, 8.20453, -1.7076],
			"to": [8.35728, 8.91909, 3.90592],
			"rotation": {"angle": 0, "axis": "y", "origin": [8, 8, 8]},
			"faces": {
				"north": {"uv": [9.125, 2.5, 9.375, 2.6875], "rotation": 90, "texture": "#0"},
				"east": {"uv": [8.25, 7.25, 9.625, 7.4375], "texture": "#0"},
				"south": {"uv": [9.125, 2.5, 9.375, 2.6875], "rotation": 90, "texture": "#0"},
				"west": {"uv": [8.25, 7.5, 9.625, 7.6875], "texture": "#0"},
				"up": {"uv": [1.6875, 9.625, 1.5, 8.25], "texture": "#0"},
				"down": {"uv": [1.9375, 8.25, 1.75, 9.625], "texture": "#0"}
			}
		},
		{
			"from": [7.39344, 8.39727, -1.71782],
			"to": [8.108, 9.11183, 3.8957],
			"rotation": {"angle": -45, "axis": "z", "origin": [8, 8, 8]},
			"faces": {
				"north": {"uv": [9.1875, 2.5, 9.375, 2.6875], "rotation": 180, "texture": "#0"},
				"east": {"uv": [9.375, 7, 8, 7.1875], "texture": "#0"},
				"south": {"uv": [9.125, 2.5, 9.375, 2.6875], "texture": "#0"},
				"west": {"uv": [8.25, 8, 9.625, 8.1875], "texture": "#0"},
				"up": {"uv": [6.4375, 9.625, 6.25, 8.25], "texture": "#0"},
				"down": {"uv": [6.6875, 8.25, 6.5, 9.625], "texture": "#0"}
			}
		},
		{
			"from": [8.14799, 8.70981, -1.70764],
			"to": [8.86255, 9.42437, 3.90588],
			"rotation": {"angle": 0, "axis": "y", "origin": [8, 8, 8]},
			"faces": {
				"north": {"uv": [9.1875, 2.5, 9.375, 2.6875], "rotation": 180, "texture": "#0"},
				"east": {"uv": [9.375, 6.5, 8, 6.6875], "texture": "#0"},
				"south": {"uv": [9.125, 2.5, 9.375, 2.6875], "texture": "#0"},
				"west": {"uv": [8.5, 3, 9.875, 3.1875], "texture": "#0"},
				"up": {"uv": [0.4375, 9.875, 0.25, 8.5], "texture": "#0"},
				"down": {"uv": [1.1875, 8.5, 1, 9.875], "texture": "#0"}
			}
		},
		{
			"from": [8.90254, 8.39727, -1.70782],
			"to": [9.6171, 9.11183, 3.9057],
			"rotation": {"angle": 45, "axis": "z", "origin": [8, 8, 8]},
			"faces": {
				"north": {"uv": [9.1875, 2.5, 9.375, 2.6875], "rotation": 180, "texture": "#0"},
				"east": {"uv": [9.375, 2.5, 8, 2.6875], "texture": "#0"},
				"south": {"uv": [9.125, 2.5, 9.375, 2.6875], "texture": "#0"},
				"west": {"uv": [8.25, 8.5, 9.625, 8.6875], "texture": "#0"},
				"up": {"uv": [1.4375, 9.875, 1.25, 8.5], "texture": "#0"},
				"down": {"uv": [2.6875, 8.5, 2.5, 9.875], "texture": "#0"}
			}
		},
		{
			"from": [7.64272, 9.21508, -1.7076],
			"to": [8.35728, 9.92964, 3.90592],
			"rotation": {"angle": 0, "axis": "y", "origin": [8, 8, 8]},
			"faces": {
				"north": {"uv": [9.1875, 2.5, 9.375, 2.6875], "rotation": 270, "texture": "#0"},
				"east": {"uv": [8.75, 0.5, 10.125, 0.6875], "texture": "#0"},
				"south": {"uv": [9.1875, 2.5, 9.375, 2.6875], "rotation": 270, "texture": "#0"},
				"west": {"uv": [8.75, 0.75, 10.125, 0.9375], "texture": "#0"},
				"up": {"uv": [2.9375, 9.875, 2.75, 8.5], "texture": "#0"},
				"down": {"uv": [2.1875, 8.75, 2, 10.125], "texture": "#0"}
			}
		},
		{
			"from": [7.473, 10.82078, 10.03376],
			"to": [7.721, 11.22378, 10.87076],
			"shade": false,
			"rotation": {"angle": 0, "axis": "y", "origin": [8, 8, 8]},
			"faces": {
				"north": {"uv": [15.938, 14.29075, 16, 14.3915], "texture": "#0"},
				"east": {"uv": [8.14725, 15.79075, 7.938, 15.8915], "texture": "#0"},
				"south": {"uv": [14.688, 15.79075, 14.75, 15.8915], "texture": "#0"},
				"west": {"uv": [7.938, 15.79075, 8.14725, 15.8915], "texture": "#0"},
				"up": {"uv": [16, 8, 15.938, 7.79075], "texture": "#0"},
				"down": {"uv": [8.25, 15.79075, 8.188, 16], "texture": "#0"}
			}
		},
		{
			"from": [8.279, 10.82078, 10.03376],
			"to": [8.527, 11.22378, 10.87076],
			"shade": false,
			"rotation": {"angle": 0, "axis": "y", "origin": [8, 8, 8]},
			"faces": {
				"north": {"uv": [15.938, 14.54075, 16, 14.6415], "texture": "#0"},
				"east": {"uv": [8.14725, 15.79075, 7.938, 15.8915], "texture": "#0"},
				"south": {"uv": [14.938, 15.79075, 15, 15.8915], "texture": "#0"},
				"west": {"uv": [7.938, 15.79075, 8.14725, 15.8915], "texture": "#0"},
				"up": {"uv": [16, 8.5, 15.938, 8.29075], "texture": "#0"},
				"down": {"uv": [8.75, 15.79075, 8.688, 16], "texture": "#0"}
			}
		},
		{
			"from": [6.70123, 8.50776, -1.87919],
			"to": [7.16523, 8.97176, 8.90881],
			"rotation": {"angle": -45, "axis": "z", "origin": [8, 8, 8]},
			"faces": {
				"north": {"uv": [10, 10, 10.125, 10.125], "texture": "#0"},
				"east": {"uv": [6, 0.5, 8.6875, 0.625], "texture": "#0"},
				"south": {"uv": [0, 10.25, 0.125, 10.375], "texture": "#0"},
				"west": {"uv": [6, 0.75, 8.6875, 0.875], "texture": "#0"},
				"up": {"uv": [6.125, 6.6875, 6, 4], "texture": "#0"},
				"down": {"uv": [5.625, 6, 5.5, 8.6875], "texture": "#0"}
			}
		},
		{
			"from": [7.44067, 8.81342, -1.87522],
			"to": [7.90467, 9.27742, 8.91278],
			"rotation": {"angle": 0, "axis": "y", "origin": [8, 8, 8]},
			"faces": {
				"north": {"uv": [10.25, 0, 10.375, 0.125], "texture": "#0"},
				"east": {"uv": [6.25, 4, 8.9375, 4.125], "texture": "#0"},
				"south": {"uv": [0.25, 10.25, 0.375, 10.375], "texture": "#0"},
				"west": {"uv": [6.25, 4.25, 8.9375, 4.375], "texture": "#0"},
				"up": {"uv": [5.875, 8.6875, 5.75, 6], "texture": "#0"},
				"down": {"uv": [4.125, 6.25, 4, 8.9375], "texture": "#0"}
			}
		},
		{
			"from": [8.17967, 8.50668, -1.87632],
			"to": [8.64367, 8.97068, 8.91168],
			"rotation": {"angle": 45, "axis": "z", "origin": [8, 8, 8]},
			"faces": {
				"north": {"uv": [10.25, 0.25, 10.375, 0.375], "texture": "#0"},
				"east": {"uv": [6.25, 4.5, 8.9375, 4.625], "texture": "#0"},
				"south": {"uv": [0.5, 10.25, 0.625, 10.375], "texture": "#0"},
				"west": {"uv": [6.25, 4.75, 8.9375, 4.875], "texture": "#0"},
				"up": {"uv": [4.375, 8.9375, 4.25, 6.25], "texture": "#0"},
				"down": {"uv": [4.625, 6.25, 4.5, 8.9375], "texture": "#0"}
			}
		},
		{
			"from": [7.76876, 8.48531, -1.87513],
			"to": [8.23276, 9.04931, 8.91287],
			"rotation": {"angle": 0, "axis": "y", "origin": [8, 8, 8]},
			"faces": {
				"north": {"uv": [10.25, 0.5, 10.375, 0.625], "texture": "#0"},
				"east": {"uv": [6.25, 5, 8.9375, 5.125], "texture": "#0"},
				"south": {"uv": [0.75, 10.25, 0.875, 10.375], "texture": "#0"},
				"west": {"uv": [6.25, 5.25, 8.9375, 5.375], "texture": "#0"},
				"up": {"uv": [4.875, 8.9375, 4.75, 6.25], "texture": "#0"},
				"down": {"uv": [4.6625, 2.81875, 2.5, 2.875], "rotation": 90, "texture": "#0"}
			}
		},
		{
			"from": [7.35742, 8.50776, -1.88176],
			"to": [7.82142, 8.97176, 8.90624],
			"rotation": {"angle": -45, "axis": "z", "origin": [8, 8, 8]},
			"faces": {
				"north": {"uv": [10.25, 0.75, 10.375, 0.875], "texture": "#0"},
				"east": {"uv": [8.9375, 4.75, 6.25, 4.875], "texture": "#0"},
				"south": {"uv": [1, 10.25, 1.125, 10.375], "texture": "#0"},
				"west": {"uv": [6.5, 0.25, 9.1875, 0.375], "texture": "#0"},
				"up": {"uv": [0.625, 9.1875, 0.5, 6.5], "texture": "#0"},
				"down": {"uv": [0.875, 6.5, 0.75, 9.1875], "texture": "#0"}
			}
		},
		{
			"from": [8.09687, 8.81341, -1.87522],
			"to": [8.56087, 9.27741, 8.91278],
			"rotation": {"angle": 0, "axis": "y", "origin": [8, 8, 8]},
			"faces": {
				"north": {"uv": [10.25, 1, 10.375, 1.125], "texture": "#0"},
				"east": {"uv": [8.9375, 4.25, 6.25, 4.375], "texture": "#0"},
				"south": {"uv": [1.25, 10.25, 1.375, 10.375], "texture": "#0"},
				"west": {"uv": [6.5, 1.25, 9.1875, 1.375], "texture": "#0"},
				"up": {"uv": [6.625, 8.1875, 6.5, 5.5], "texture": "#0"},
				"down": {"uv": [5.125, 6.75, 5, 9.4375], "texture": "#0"}
			}
		},
		{
			"from": [8.83586, 8.50669, -1.87632],
			"to": [9.29986, 8.97069, 8.91168],
			"rotation": {"angle": 45, "axis": "z", "origin": [8, 8, 8]},
			"faces": {
				"north": {"uv": [10.25, 1.25, 10.375, 1.375], "texture": "#0"},
				"east": {"uv": [8.6875, 0.75, 6, 0.875], "texture": "#0"},
				"south": {"uv": [1.5, 10.25, 1.625, 10.375], "texture": "#0"},
				"west": {"uv": [6.75, 5.75, 9.4375, 5.875], "texture": "#0"},
				"up": {"uv": [5.375, 9.4375, 5.25, 6.75], "texture": "#0"},
				"down": {"uv": [6.125, 6.75, 6, 9.4375], "texture": "#0"}
			}
		},
		{
			"from": [7.76876, 9.04151, -1.87502],
			"to": [8.23276, 9.60551, 8.91298],
			"rotation": {"angle": 0, "axis": "y", "origin": [8, 8, 8]},
			"faces": {
				"north": {"uv": [10.25, 1.5, 10.375, 1.625], "texture": "#0"},
				"east": {"uv": [6.75, 6, 9.4375, 6.125], "texture": "#0"},
				"south": {"uv": [1.75, 10.25, 1.875, 10.375], "texture": "#0"},
				"west": {"uv": [6.75, 6.25, 9.4375, 6.375], "texture": "#0"},
				"up": {"uv": [6.875, 9.1875, 6.75, 6.5], "texture": "#0"},
				"down": {"uv": [0.125, 7, 0, 9.6875], "texture": "#0"}
			}
		},
		{
			"name": "barrel",
			"from": [7.4, 9.58078, -5.50924],
			"to": [8.6, 10.78078, 9.43076],
			"rotation": {"angle": 0, "axis": "y", "origin": [8, 8, 8]},
			"faces": {
				"north": {"uv": [11.55, 6.6875, 11.25, 6.9875], "texture": "#0"},
				"east": {"uv": [10.5475, 13.6875, 6.8125, 13.9875], "texture": "#0"},
				"south": {"uv": [10, 6.25, 9.5, 6.5], "texture": "#0"},
				"west": {"uv": [6.8125, 13.6875, 10.5475, 13.9875], "texture": "#0"},
				"up": {"uv": [12.925, 7.1875, 12.625, 10.5475], "texture": "#0"},
				"down": {"uv": [13.675, 7.1875, 13.375, 12.1725], "texture": "#0"}
			}
		}
	],
	"display": {
		"thirdperson_righthand": {
			"rotation": [67.5, 0, 0],
			"translation": [-1.5, 4.75, 0.25]
		},
		"thirdperson_lefthand": {
			"rotation": [67.5, 0, 0],
			"translation": [-1.5, 4.75, 0.25]
		},
		"firstperson_righthand": {
			"translation": [-3.5, 2.75, -2.5],
			"scale": [1.4, 1.4, 1.4]
		},
		"firstperson_lefthand": {
			"translation": [-3.5, 2.75, -2.5],
			"scale": [1.4, 1.4, 1.4]
		},
		"ground": {
			"translation": [0, 3, 0]
		},
		"gui": {
			"rotation": [159.34, -35.7, -177.05],
			"translation": [-0.5, 0, 0],
			"scale": [0.9, 0.9, 0.9]
		},
		"fixed": {
			"rotation": [0, 90, 0],
			"translation": [-0.5, -1.5, -0.75],
			"scale": [2, 2, 2]
		}
	},
	"groups": [
		{
			"name": "brown_blaster",
			"origin": [9.87724, 7.50778, 8.68798],
			"color": 0,
			"children": [
				{
					"name": "sight",
					"origin": [7.98343, 9.29935, 3.39998],
					"color": 0,
					"children": [0, 1, 2]
				},
				{
					"name": "body",
					"origin": [7.94808, 11.99078, 12.43576],
					"color": 0,
					"children": [3, 4, 5, 6, 7, 8, 9, 10, 11]
				},
				{
					"name": "stock",
					"origin": [7.99808, 8.66089, 1.92704],
					"color": 0,
					"children": [12, 13, 14, 15, 16, 17, 18]
				},
				{
					"name": "pump",
					"origin": [8.00219, 8.77935, 14.44798],
					"color": 2,
					"children": [19, 20, 21, 22, 23, 24, 25, 26]
				},
				{
					"name": "iron_sight",
					"origin": [8.33098, 7.525, 5.525],
					"color": 0,
					"children": [27, 28]
				},
				{
					"name": "barrels",
					"origin": [8, 8, 4.5],
					"color": 0,
					"children": [
						{
							"name": "under_barrel",
							"origin": [8.00219, 8.77935, 14.44798],
							"color": 3,
							"children": [29, 30, 31, 32, 33, 34, 35, 36]
						},
						37
					]
				}
			]
		}
	]
}