{
	"credit": "Made with Blockbench",
	"texture_size": [32, 32],
	"textures": {
		"0": "aoa3:item/camo_rifle",
		"particle": "aoa3:item/camo_rifle"
	},
	"elements": [
		{
			"from": [7.80094, 8.46405, 13.83648],
			"to": [8.19906, 8.73216, 14.36412],
			"rotation": {"angle": 0, "axis": "y", "origin": [8, 9.42479, 10.25]},
			"faces": {
				"north": {"uv": [15, 0, 15.25, 0.125], "texture": "#0"},
				"east": {"uv": [15, 0, 15.25, 0.125], "texture": "#0"},
				"south": {"uv": [15, 0, 15.25, 0.125], "texture": "#0"},
				"west": {"uv": [15.25, 0, 15, 0.125], "texture": "#0"},
				"up": {"uv": [15, 0, 15.25, 0.125], "texture": "#0"},
				"down": {"uv": [15, 0, 15.25, 0.125], "texture": "#0"}
			}
		},
		{
			"from": [7.80094, 8.22844, 13.77148],
			"to": [8.19906, 8.46405, 14.13662],
			"rotation": {"angle": 0, "axis": "y", "origin": [8, 9.42479, 10.25]},
			"faces": {
				"north": {"uv": [5.5, 15, 5.625, 15.125], "texture": "#0"},
				"east": {"uv": [5.5, 15, 5.625, 15.125], "texture": "#0"},
				"south": {"uv": [5.5, 15, 5.625, 15.125], "texture": "#0"},
				"west": {"uv": [5.625, 15, 5.5, 15.125], "texture": "#0"},
				"up": {"uv": [5.5, 15, 5.625, 15.125], "texture": "#0"},
				"down": {"uv": [5.5, 15, 5.625, 15.125], "texture": "#0"}
			}
		},
		{
			"from": [7.80094, 7.99283, 13.54398],
			"to": [8.19906, 8.22844, 13.97412],
			"rotation": {"angle": 0, "axis": "y", "origin": [8, 9.42479, 10.25]},
			"faces": {
				"north": {"uv": [15, 2, 15.25, 2.125], "texture": "#0"},
				"east": {"uv": [15, 2, 15.25, 2.125], "texture": "#0"},
				"south": {"uv": [15, 2, 15.25, 2.125], "texture": "#0"},
				"west": {"uv": [15.25, 2, 15, 2.125], "texture": "#0"},
				"up": {"uv": [15, 2, 15.25, 2.125], "texture": "#0"},
				"down": {"uv": [15, 2, 15.25, 2.125], "texture": "#0"}
			}
		},
		{
			"from": [7.54094, 7.57844, 13.18648],
			"to": [8.45906, 7.87905, 14.62412],
			"rotation": {"angle": 0, "axis": "y", "origin": [8, 7.72875, 13.9053]},
			"faces": {
				"north": {"uv": [4.5, 13.5, 5.25, 13.625], "texture": "#0"},
				"east": {"uv": [4.5, 13.5, 5.25, 13.625], "texture": "#0"},
				"south": {"uv": [4.5, 13.5, 5.25, 13.625], "texture": "#0"},
				"west": {"uv": [5.25, 13.5, 4.5, 13.625], "texture": "#0"},
				"up": {"uv": [4.5, 13.5, 5.25, 13.625], "texture": "#0"},
				"down": {"uv": [11.58437, 15.28118, 12.04343, 16], "texture": "#0"}
			}
		},
		{
			"from": [7.54094, 7.57844, 12.85384],
			"to": [8.45906, 8.17155, 13.18648],
			"rotation": {"angle": 0, "axis": "y", "origin": [8, 9.42479, 10.25]},
			"faces": {
				"north": {"uv": [3, 15, 3.125, 15.25], "texture": "#0"},
				"east": {"uv": [3, 15, 3.125, 15.25], "texture": "#0"},
				"south": {"uv": [3, 15, 3.125, 15.25], "texture": "#0"},
				"west": {"uv": [3.125, 15, 3, 15.25], "texture": "#0"},
				"up": {"uv": [3, 15, 3.125, 15.25], "texture": "#0"},
				"down": {"uv": [3, 15, 3.125, 15.25], "texture": "#0"}
			}
		},
		{
			"from": [7.48, 9.90216, 17.8397],
			"to": [8.52, 10.19466, 21.6097],
			"rotation": {"angle": 0, "axis": "y", "origin": [8, 9.42479, 10.25]},
			"faces": {
				"north": {"uv": [5.5, 14.5, 6, 14.625], "texture": "#0"},
				"east": {"uv": [12.5, 7, 14.375, 7.125], "texture": "#0"},
				"south": {"uv": [14.5, 5.5, 15, 5.625], "texture": "#0"},
				"west": {"uv": [14.375, 7, 12.5, 7.125], "texture": "#0"},
				"up": {"uv": [5.5, 8.375, 5, 6.5], "texture": "#0"},
				"down": {"uv": [6, 6.5, 5.5, 8.375], "texture": "#0"}
			}
		},
		{
			"from": [7.48, 9.60966, 17.8397],
			"to": [8.52, 9.90216, 21.9022],
			"rotation": {"angle": 0, "axis": "y", "origin": [8, 9.42479, 10.25]},
			"faces": {
				"north": {"uv": [6, 14.5, 6.5, 14.625], "texture": "#0"},
				"east": {"uv": [12.5, 2.5, 14.5, 2.625], "texture": "#0"},
				"south": {"uv": [6.5, 14.5, 7, 14.625], "texture": "#0"},
				"west": {"uv": [14.5, 2.5, 12.5, 2.625], "texture": "#0"},
				"up": {"uv": [4.5, 8.5, 4, 6.5], "texture": "#0"},
				"down": {"uv": [5, 6.5, 4.5, 8.5], "texture": "#0"}
			}
		},
		{
			"from": [7.48, 6.42466, 22.1947],
			"to": [8.52, 6.71716, 22.4872],
			"rotation": {"angle": 0, "axis": "y", "origin": [8, 9.42479, 10.25]},
			"faces": {
				"north": {"uv": [7, 14.5, 7.5, 14.625], "texture": "#0"},
				"east": {"uv": [6, 15, 6.125, 15.125], "texture": "#0"},
				"south": {"uv": [14.5, 7, 15, 7.125], "texture": "#0"},
				"west": {"uv": [6.625, 15, 6.5, 15.125], "texture": "#0"},
				"up": {"uv": [8, 14.625, 7.5, 14.5], "texture": "#0"},
				"down": {"uv": [15, 7.5, 14.5, 7.625], "texture": "#0"}
			}
		},
		{
			"from": [7.48, 6.42466, 22.7797],
			"to": [8.52, 6.71716, 23.0722],
			"rotation": {"angle": 0, "axis": "y", "origin": [8, 9.42479, 10.25]},
			"faces": {
				"north": {"uv": [8, 14.5, 8.5, 14.625], "texture": "#0"},
				"east": {"uv": [6.5, 15, 6.625, 15.125], "texture": "#0"},
				"south": {"uv": [14.5, 8, 15, 8.125], "texture": "#0"},
				"west": {"uv": [6.625, 15, 6.5, 15.125], "texture": "#0"},
				"up": {"uv": [9, 14.625, 8.5, 14.5], "texture": "#0"},
				"down": {"uv": [15, 8.5, 14.5, 8.625], "texture": "#0"}
			}
		},
		{
			"from": [7.48, 6.71716, 21.9022],
			"to": [8.52, 9.90216, 23.0722],
			"rotation": {"angle": 0, "axis": "y", "origin": [8, 9.42479, 10.25]},
			"faces": {
				"north": {"uv": [3.5, 8, 4, 9.625], "texture": "#0"},
				"east": {"uv": [6, 5, 6.625, 6.625], "texture": "#0"},
				"south": {"uv": [0, 8.5, 0.5, 10.125], "texture": "#0"},
				"west": {"uv": [6.625, 5, 6, 6.625], "texture": "#0"},
				"up": {"uv": [12.5, 3.125, 12, 2.5], "texture": "#0"},
				"down": {"uv": [4, 12, 3.5, 12.625], "texture": "#0"}
			}
		},
		{
			"from": [7.50844, 7.29405, 10.27105],
			"to": [8.49156, 8.14716, 12.58619],
			"rotation": {"angle": 0, "axis": "y", "origin": [8, 9.42479, 10.25]},
			"faces": {
				"north": {"uv": [6, 12.5, 6.5, 12.875], "texture": "#0"},
				"east": {"uv": [11, 7, 12.125, 7.375], "texture": "#0"},
				"south": {"uv": [9.5, 12.5, 10, 12.875], "texture": "#0"},
				"west": {"uv": [12.125, 7, 11, 7.375], "texture": "#0"},
				"up": {"uv": [1, 10.625, 0.5, 9.5], "texture": "#0"},
				"down": {"uv": [1.5, 9.5, 1, 10.625], "texture": "#0"}
			}
		},
		{
			"from": [7.50844, 6.99344, 11.40855],
			"to": [8.49156, 7.29405, 12.58619],
			"rotation": {"angle": 0, "axis": "y", "origin": [8, 9.42479, 10.25]},
			"faces": {
				"north": {"uv": [9, 14.5, 9.5, 14.625], "texture": "#0"},
				"east": {"uv": [12, 14, 12.625, 14.125], "texture": "#0"},
				"south": {"uv": [14.5, 9, 15, 9.125], "texture": "#0"},
				"west": {"uv": [12.625, 14, 12, 14.125], "texture": "#0"},
				"up": {"uv": [12.5, 4.125, 12, 3.5], "texture": "#0"},
				"down": {"uv": [4.5, 12, 4, 12.625], "texture": "#0"}
			}
		},
		{
			"from": [7.27892, 6.42472, 16.06941],
			"to": [8.71703, 7.60283, 16.66206],
			"rotation": {"angle": 0, "axis": "y", "origin": [8, 9.42479, 10.25]},
			"faces": {
				"north": {"uv": [10, 7, 10.75, 7.625], "texture": "#0"},
				"east": {"uv": [13, 4.5, 13.25, 5.125], "texture": "#0"},
				"south": {"uv": [10, 8, 10.75, 8.625], "texture": "#0"},
				"west": {"uv": [13.25, 4.5, 13, 5.125], "texture": "#0"},
				"up": {"uv": [13.25, 10.25, 12.5, 10], "texture": "#0"},
				"down": {"uv": [11.25, 12.5, 10.5, 12.75], "texture": "#0"}
			}
		},
		{
			"from": [7.27892, 6.71722, 16.66206],
			"to": [8.71703, 7.60283, 17.8072],
			"rotation": {"angle": 0, "axis": "y", "origin": [8, 9.42479, 10.25]},
			"faces": {
				"north": {"uv": [11, 11, 11.75, 11.5], "texture": "#0"},
				"east": {"uv": [4.5, 12, 5.125, 12.5], "texture": "#0"},
				"south": {"uv": [11.5, 1, 12.25, 1.5], "texture": "#0"},
				"west": {"uv": [5.125, 12, 4.5, 12.5], "texture": "#0"},
				"up": {"uv": [10.75, 9.625, 10, 9], "texture": "#0"},
				"down": {"uv": [10.75, 10, 10, 10.625], "texture": "#0"}
			}
		},
		{
			"from": [7.27892, 7.60283, 16.95456],
			"to": [8.71703, 7.90344, 17.8072],
			"rotation": {"angle": 0, "axis": "y", "origin": [8, 9.42479, 10.25]},
			"faces": {
				"north": {"uv": [13.5, 5, 14.25, 5.125], "texture": "#0"},
				"east": {"uv": [13.5, 14.5, 13.875, 14.625], "texture": "#0"},
				"south": {"uv": [13.5, 5.5, 14.25, 5.625], "texture": "#0"},
				"west": {"uv": [13.875, 14.5, 13.5, 14.625], "texture": "#0"},
				"up": {"uv": [12.75, 6.875, 12, 6.5], "texture": "#0"},
				"down": {"uv": [11.25, 12, 10.5, 12.375], "texture": "#0"}
			}
		},
		{
			"from": [7.27892, 7.90344, 17.24706],
			"to": [8.71703, 8.46405, 17.8072],
			"rotation": {"angle": 0, "axis": "y", "origin": [8, 9.42479, 10.25]},
			"faces": {
				"north": {"uv": [11.5, 12.5, 12.25, 12.75], "texture": "#0"},
				"east": {"uv": [9.5, 14.5, 9.75, 14.75], "texture": "#0"},
				"south": {"uv": [12.5, 12, 13.25, 12.25], "texture": "#0"},
				"west": {"uv": [9.75, 14.5, 9.5, 14.75], "texture": "#0"},
				"up": {"uv": [13.25, 12.75, 12.5, 12.5], "texture": "#0"},
				"down": {"uv": [0.75, 13, 0, 13.25], "texture": "#0"}
			}
		},
		{
			"from": [7.27892, 8.75655, 15.80941],
			"to": [8.71703, 9.60966, 16.95456],
			"rotation": {"angle": 0, "axis": "y", "origin": [8, 9.42479, 10.25]},
			"faces": {
				"north": {"uv": [11.5, 12, 12.25, 12.375], "texture": "#0"},
				"east": {"uv": [12.5, 8, 13.125, 8.375], "texture": "#0"},
				"south": {"uv": [12, 11.5, 12.75, 11.875], "texture": "#0"},
				"west": {"uv": [13.125, 8, 12.5, 8.375], "texture": "#0"},
				"up": {"uv": [11.25, 1.625, 10.5, 1], "texture": "#0"},
				"down": {"uv": [2.25, 10.5, 1.5, 11.125], "texture": "#0"}
			}
		},
		{
			"from": [7.28703, 7.00966, 17.8072],
			"to": [8.71703, 7.30216, 18.4247],
			"rotation": {"angle": 0, "axis": "y", "origin": [8, 9.42479, 10.25]},
			"faces": {
				"north": {"uv": [13.5, 8, 14.25, 8.125], "texture": "#0"},
				"east": {"uv": [3.5, 15, 3.75, 15.125], "texture": "#0"},
				"south": {"uv": [13.5, 8.5, 14.25, 8.625], "texture": "#0"},
				"west": {"uv": [3.75, 15, 3.5, 15.125], "texture": "#0"},
				"up": {"uv": [1.75, 13.25, 1, 13], "texture": "#0"},
				"down": {"uv": [2.75, 13, 2, 13.25], "texture": "#0"}
			}
		},
		{
			"from": [7.27892, 8.46655, 16.95456],
			"to": [8.71703, 9.60966, 17.8072],
			"rotation": {"angle": 0, "axis": "y", "origin": [8, 9.42479, 10.25]},
			"faces": {
				"north": {"uv": [13, 1.875, 13.71906, 2.44656], "texture": "#0"},
				"east": {"uv": [13.5, 10, 13.92632, 10.57156], "texture": "#0"},
				"south": {"uv": [3, 13, 3.71906, 13.57156], "texture": "#0"},
				"west": {"uv": [13.92632, 10, 13.5, 10.57156], "texture": "#0"},
				"up": {"uv": [1.21906, 12.92632, 0.5, 12.5], "texture": "#0"},
				"down": {"uv": [13.21906, 1, 12.5, 1.42632], "texture": "#0"}
			}
		},
		{
			"from": [7.28703, 7.59466, 18.6847],
			"to": [8.71703, 9.60966, 20.1472],
			"rotation": {"angle": 0, "axis": "y", "origin": [8, 9.42479, 10.25]},
			"faces": {
				"north": {"uv": [8.5, 1, 9.25, 2], "texture": "#0"},
				"east": {"uv": [1.5, 8.5, 2.25, 9.5], "texture": "#0"},
				"south": {"uv": [8.5, 2, 9.25, 3], "texture": "#0"},
				"west": {"uv": [2.25, 8.5, 1.5, 9.5], "texture": "#0"},
				"up": {"uv": [10.25, 1.75, 9.5, 1], "texture": "#0"},
				"down": {"uv": [2.25, 9.5, 1.5, 10.25], "texture": "#0"}
			}
		},
		{
			"from": [7.28703, 7.30216, 20.1472],
			"to": [8.71703, 9.60966, 21.0247],
			"rotation": {"angle": 0, "axis": "y", "origin": [8, 9.42479, 10.25]},
			"faces": {
				"north": {"uv": [8, 5, 8.75, 6.125], "texture": "#0"},
				"east": {"uv": [9.5, 2, 10, 3.125], "texture": "#0"},
				"south": {"uv": [8, 6.5, 8.75, 7.625], "texture": "#0"},
				"west": {"uv": [10, 2, 9.5, 3.125], "texture": "#0"},
				"up": {"uv": [2.25, 12, 1.5, 11.5], "texture": "#0"},
				"down": {"uv": [12.25, 1.5, 11.5, 2], "texture": "#0"}
			}
		},
		{
			"from": [7.28703, 6.71716, 21.0247],
			"to": [8.71703, 9.60966, 21.9022],
			"rotation": {"angle": 0, "axis": "y", "origin": [8, 9.42479, 10.25]},
			"faces": {
				"north": {"uv": [4, 5, 4.75, 6.5], "texture": "#0"},
				"east": {"uv": [2.5, 8.5, 3, 10], "texture": "#0"},
				"south": {"uv": [5, 5, 5.75, 6.5], "texture": "#0"},
				"west": {"uv": [3, 8.5, 2.5, 10], "texture": "#0"},
				"up": {"uv": [7.25, 12, 6.5, 11.5], "texture": "#0"},
				"down": {"uv": [8.25, 11.5, 7.5, 12], "texture": "#0"}
			}
		},
		{
			"from": [7.28703, 7.30216, 17.8072],
			"to": [8.71703, 9.60966, 18.6847],
			"rotation": {"angle": 0, "axis": "y", "origin": [8, 9.42479, 10.25]},
			"faces": {
				"north": {"uv": [7, 8, 7.75, 9.125], "texture": "#0"},
				"east": {"uv": [5, 9.5, 5.5, 10.625], "texture": "#0"},
				"south": {"uv": [8, 8, 8.75, 9.125], "texture": "#0"},
				"west": {"uv": [5.5, 9.5, 5, 10.625], "texture": "#0"},
				"up": {"uv": [9.25, 12, 8.5, 11.5], "texture": "#0"},
				"down": {"uv": [11.75, 11.5, 11, 12], "texture": "#0"}
			}
		},
		{
			"from": [7.41094, 7.87905, 14.63177],
			"to": [8.58906, 9.60966, 15.80941],
			"rotation": {"angle": 0, "axis": "y", "origin": [8, 9.42479, 10.25]},
			"faces": {
				"north": {"uv": [10, 2, 10.625, 2.875], "texture": "#0"},
				"east": {"uv": [2.5, 10, 3.125, 10.875], "texture": "#0"},
				"south": {"uv": [10, 3, 10.625, 3.875], "texture": "#0"},
				"west": {"uv": [3.125, 10, 2.5, 10.875], "texture": "#0"},
				"up": {"uv": [11.625, 8.625, 11, 8], "texture": "#0"},
				"down": {"uv": [11.625, 9, 11, 9.625], "texture": "#0"}
			}
		},
		{
			"from": [7.41094, 6.42472, 14.91662],
			"to": [8.58906, 7.89533, 15.80177],
			"rotation": {"angle": 0, "axis": "y", "origin": [8, 9.42479, 10.25]},
			"faces": {
				"north": {"uv": [7, 10.5, 7.625, 11.25], "texture": "#0"},
				"east": {"uv": [9.5, 11.5, 10, 12.25], "texture": "#0"},
				"south": {"uv": [8, 10.5, 8.625, 11.25], "texture": "#0"},
				"west": {"uv": [10, 11.5, 9.5, 12.25], "texture": "#0"},
				"up": {"uv": [12.625, 5.5, 12, 5], "texture": "#0"},
				"down": {"uv": [6.125, 12, 5.5, 12.5], "texture": "#0"}
			}
		},
		{
			"from": [7.41094, 6.42472, 15.80177],
			"to": [8.58906, 7.89533, 16.06941],
			"rotation": {"angle": 0, "axis": "y", "origin": [8, 9.42479, 10.25]},
			"faces": {
				"north": {"uv": [9, 10.5, 9.625, 11.25], "texture": "#0"},
				"east": {"uv": [11, 13.5, 11.125, 14.25], "texture": "#0"},
				"south": {"uv": [0, 11, 0.625, 11.75], "texture": "#0"},
				"west": {"uv": [11.125, 13.5, 11, 14.25], "texture": "#0"},
				"up": {"uv": [14.625, 14.125, 14, 14], "texture": "#0"},
				"down": {"uv": [0.625, 14.5, 0, 14.625], "texture": "#0"}
			}
		},
		{
			"from": [7.29527, 8.74839, 2.95855],
			"to": [8.73339, 9.9265, 8.16619],
			"rotation": {"angle": 0, "axis": "y", "origin": [8, 9.42479, 10.25]},
			"faces": {
				"north": {"uv": [11, 0, 11.75, 0.625], "texture": "#0"},
				"east": {"uv": [3, 1, 5.625, 1.625], "texture": "#0"},
				"south": {"uv": [11, 2, 11.75, 2.625], "texture": "#0"},
				"west": {"uv": [5.625, 1, 3, 1.625], "texture": "#0"},
				"up": {"uv": [1.75, 3.625, 1, 1], "texture": "#0"},
				"down": {"uv": [2.75, 1, 2, 3.625], "texture": "#0"}
			}
		},
		{
			"from": [7.29527, 8.74839, 8.16619],
			"to": [8.73339, 9.9265, 9.96134],
			"rotation": {"angle": 0, "axis": "y", "origin": [8, 9.42479, 10.25]},
			"faces": {
				"north": {"uv": [2.5, 11, 3.25, 11.625], "texture": "#0"},
				"east": {"uv": [10, 4, 10.875, 4.625], "texture": "#0"},
				"south": {"uv": [11, 3, 11.75, 3.625], "texture": "#0"},
				"west": {"uv": [10.875, 4, 10, 4.625], "texture": "#0"},
				"up": {"uv": [9.75, 0.875, 9, 0], "texture": "#0"},
				"down": {"uv": [9.75, 6.5, 9, 7.375], "texture": "#0"}
			}
		},
		{
			"from": [7.29527, 8.44777, 8.78369],
			"to": [8.73339, 8.74839, 9.96134],
			"rotation": {"angle": 0, "axis": "y", "origin": [8, 9.42479, 10.25]},
			"faces": {
				"north": {"uv": [11.5, 13.5, 12.25, 13.625], "texture": "#0"},
				"east": {"uv": [1, 14.5, 1.625, 14.625], "texture": "#0"},
				"south": {"uv": [13.5, 12, 14.25, 12.125], "texture": "#0"},
				"west": {"uv": [1.625, 14.5, 1, 14.625], "texture": "#0"},
				"up": {"uv": [4.25, 11.625, 3.5, 11], "texture": "#0"},
				"down": {"uv": [11.75, 4, 11, 4.625], "texture": "#0"}
			}
		},
		{
			"from": [7.29527, 8.14716, 9.66119],
			"to": [8.73339, 8.44778, 9.96134],
			"rotation": {"angle": 0, "axis": "y", "origin": [8, 9.42479, 10.25]},
			"faces": {
				"north": {"uv": [12.5, 13.5, 13.25, 13.625], "texture": "#0"},
				"east": {"uv": [7, 15, 7.125, 15.125], "texture": "#0"},
				"south": {"uv": [13.5, 12.5, 14.25, 12.625], "texture": "#0"},
				"west": {"uv": [7.125, 15, 7, 15.125], "texture": "#0"},
				"up": {"uv": [14.25, 13.125, 13.5, 13], "texture": "#0"},
				"down": {"uv": [14.25, 13.5, 13.5, 13.625], "texture": "#0"}
			}
		},
		{
			"from": [7.29527, 8.14716, 9.96134],
			"to": [8.73339, 9.61778, 12.56898],
			"rotation": {"angle": 0, "axis": "y", "origin": [8, 9.42479, 10.25]},
			"faces": {
				"north": {"uv": [7, 9.5, 7.75, 10.25], "texture": "#0"},
				"east": {"uv": [6, 2, 7.25, 2.75], "texture": "#0"},
				"south": {"uv": [8, 9.5, 8.75, 10.25], "texture": "#0"},
				"west": {"uv": [7.25, 2, 6, 2.75], "texture": "#0"},
				"up": {"uv": [2.75, 8.25, 2, 7], "texture": "#0"},
				"down": {"uv": [7.75, 3, 7, 4.25], "texture": "#0"}
			}
		},
		{
			"from": [7.29527, 7.84655, 10.83119],
			"to": [8.73339, 8.14716, 11.71634],
			"rotation": {"angle": 0, "axis": "y", "origin": [8, 9.42479, 10.25]},
			"faces": {
				"north": {"uv": [0, 14, 0.75, 14.125], "texture": "#0"},
				"east": {"uv": [10, 14.5, 10.5, 14.625], "texture": "#0"},
				"south": {"uv": [14, 0, 14.75, 0.125], "texture": "#0"},
				"west": {"uv": [10, 14.5, 10.5, 14.625], "texture": "#0"},
				"up": {"uv": [12.75, 0.5, 12, 0], "texture": "#0"},
				"down": {"uv": [1.25, 12, 0.5, 12.5], "texture": "#0"}
			}
		},
		{
			"from": [7.29527, 7.84655, 12.30134],
			"to": [8.73339, 8.14716, 12.56898],
			"rotation": {"angle": 0, "axis": "y", "origin": [8, 9.42479, 10.25]},
			"faces": {
				"north": {"uv": [14, 0.5, 14.75, 0.625], "texture": "#0"},
				"east": {"uv": [7.5, 15, 7.625, 15.125], "texture": "#0"},
				"south": {"uv": [1, 14, 1.75, 14.125], "texture": "#0"},
				"west": {"uv": [7.5, 15, 7.625, 15.125], "texture": "#0"},
				"up": {"uv": [14.75, 1.125, 14, 1], "texture": "#0"},
				"down": {"uv": [14.75, 1.5, 14, 1.625], "texture": "#0"}
			}
		},
		{
			"from": [7.29527, 7.30216, 12.56898],
			"to": [8.73339, 9.91028, 12.86912],
			"rotation": {"angle": 0, "axis": "y", "origin": [8, 9.42479, 10.25]},
			"faces": {
				"north": {"uv": [7, 4.5, 7.75, 5.75], "texture": "#0"},
				"east": {"uv": [13, 5.5, 13.125, 6.75], "texture": "#0"},
				"south": {"uv": [6, 7, 6.75, 8.25], "texture": "#0"},
				"west": {"uv": [13.125, 5.5, 13, 6.75], "texture": "#0"},
				"up": {"uv": [2.75, 14.125, 2, 14], "texture": "#0"},
				"down": {"uv": [14.75, 2, 14, 2.125], "texture": "#0"}
			}
		},
		{
			"from": [7.29527, 8.73216, 12.86912],
			"to": [8.73339, 9.91028, 14.63177],
			"rotation": {"angle": 0, "axis": "y", "origin": [8, 9.42479, 10.25]},
			"faces": {
				"north": {"uv": [4.5, 11, 5.25, 11.625], "texture": "#0"},
				"east": {"uv": [6, 10, 6.875, 10.625], "texture": "#0"},
				"south": {"uv": [11, 5, 11.75, 5.625], "texture": "#0"},
				"west": {"uv": [6.875, 10, 6, 10.625], "texture": "#0"},
				"up": {"uv": [9.75, 8.375, 9, 7.5], "texture": "#0"},
				"down": {"uv": [9.75, 8.5, 9, 9.375], "texture": "#0"}
			}
		},
		{
			"from": [7.29527, 7.87905, 14.36412],
			"to": [8.73339, 8.73216, 14.63177],
			"rotation": {"angle": 0, "axis": "y", "origin": [8, 9.42479, 10.25]},
			"faces": {
				"north": {"uv": [1.5, 12.5, 2.25, 12.875], "texture": "#0"},
				"east": {"uv": [14, 14.5, 14.125, 14.875], "texture": "#0"},
				"south": {"uv": [12.5, 1.5, 13.25, 1.875], "texture": "#0"},
				"west": {"uv": [14.125, 14.5, 14, 14.875], "texture": "#0"},
				"up": {"uv": [3.75, 14.125, 3, 14], "texture": "#0"},
				"down": {"uv": [14.75, 3.5, 14, 3.625], "texture": "#0"}
			}
		},
		{
			"from": [7.46567, 9.52028, 4.09412],
			"to": [8.50567, 10.56028, 9.69177],
			"rotation": {"angle": 0, "axis": "y", "origin": [8, 9.42479, 10.25]},
			"faces": {
				"north": {"uv": [9.5, 3.5, 10, 4], "texture": "#0"},
				"east": {"uv": [4, 3, 6.75, 3.5], "texture": "#0"},
				"south": {"uv": [0, 10.5, 0.5, 11], "texture": "#0"},
				"west": {"uv": [6.75, 3, 4, 3.5], "texture": "#0"},
				"up": {"uv": [2.5, 6.75, 2, 4], "texture": "#0"},
				"down": {"uv": [3, 4, 2.5, 6.75], "texture": "#0"}
			}
		},
		{
			"from": [7.41094, 11.064, 13.72941],
			"to": [8.58906, 12.24211, 16.07706],
			"rotation": {"angle": 0, "axis": "y", "origin": [8, 9.42479, 10.25]},
			"faces": {
				"north": {"uv": [10, 11, 10.625, 11.625], "texture": "#0"},
				"east": {"uv": [8.5, 4, 9.625, 4.625], "texture": "#0"},
				"south": {"uv": [7.9375, 15.3125, 8.5625, 15.9375], "texture": "#0"},
				"west": {"uv": [9.625, 4, 8.5, 4.625], "texture": "#0"},
				"up": {"uv": [6.625, 9.625, 6, 8.5], "texture": "#0"},
				"down": {"uv": [9.625, 5, 9, 6.125], "texture": "#0"}
			}
		},
		{
			"from": [7.15094, 10.79589, 6.75148],
			"to": [8.84906, 12.5265, 8.80662],
			"rotation": {"angle": 0, "axis": "y", "origin": [8, 9.42479, 10.25]},
			"faces": {
				"north": {"uv": [8.8125, 15.0625, 9.6875, 15.9375], "texture": "#0"},
				"east": {"uv": [7, 6, 8, 6.875], "texture": "#0"},
				"south": {"uv": [0.5, 8.5, 1.375, 9.375], "texture": "#0"},
				"west": {"uv": [8, 6, 7, 6.875], "texture": "#0"},
				"up": {"uv": [0.875, 8.5, 0, 7.5], "texture": "#0"},
				"down": {"uv": [8.375, 2, 7.5, 3], "texture": "#0"}
			}
		},
		{
			"from": [7.76844, 10.79589, 12.29177],
			"to": [8.23156, 11.064, 13.17691],
			"rotation": {"angle": 0, "axis": "y", "origin": [8, 9.42479, 10.25]},
			"faces": {
				"north": {"uv": [4.5, 15, 4.75, 15.125], "texture": "#0"},
				"east": {"uv": [11.5, 14.5, 12, 14.625], "texture": "#0"},
				"south": {"uv": [15, 4.5, 15.25, 4.625], "texture": "#0"},
				"west": {"uv": [12, 14.5, 11.5, 14.625], "texture": "#0"},
				"up": {"uv": [3.25, 14, 3, 13.5], "texture": "#0"},
				"down": {"uv": [3.75, 13.5, 3.5, 14], "texture": "#0"}
			}
		},
		{
			"from": [7.76844, 10.79589, 10.82927],
			"to": [8.23156, 11.064, 11.71441],
			"rotation": {"angle": 0, "axis": "y", "origin": [8, 9.42479, 10.25]},
			"faces": {
				"north": {"uv": [4, 15, 4.25, 15.125], "texture": "#0"},
				"east": {"uv": [10.5, 14.5, 11, 14.625], "texture": "#0"},
				"south": {"uv": [15, 4, 15.25, 4.125], "texture": "#0"},
				"west": {"uv": [11, 14.5, 10.5, 14.625], "texture": "#0"},
				"up": {"uv": [2.25, 14, 2, 13.5], "texture": "#0"},
				"down": {"uv": [2.75, 13.5, 2.5, 14], "texture": "#0"}
			}
		},
		{
			"from": [7.76844, 10.79589, 9.69177],
			"to": [8.23156, 11.064, 10.57691],
			"rotation": {"angle": 0, "axis": "y", "origin": [8, 9.42479, 10.25]},
			"faces": {
				"north": {"uv": [5, 15, 5.25, 15.125], "texture": "#0"},
				"east": {"uv": [12, 14.5, 12.5, 14.625], "texture": "#0"},
				"south": {"uv": [15, 5, 15.25, 5.125], "texture": "#0"},
				"west": {"uv": [12, 14.5, 11.5, 14.625], "texture": "#0"},
				"up": {"uv": [13.75, 4, 13.5, 3.5], "texture": "#0"},
				"down": {"uv": [4.25, 13.5, 4, 14], "texture": "#0"}
			}
		},
		{
			"from": [7.24844, 11.0315, 10.82927],
			"to": [8.75156, 12.01461, 11.71441],
			"rotation": {"angle": 0, "axis": "y", "origin": [8, 9.42479, 10.25]},
			"faces": {
				"north": {"uv": [12, 0.5, 12.75, 1], "texture": "#0"},
				"east": {"uv": [3, 12.5, 3.5, 13], "texture": "#0"},
				"south": {"uv": [1.5, 12, 2.25, 12.5], "texture": "#0"},
				"west": {"uv": [3.5, 12.5, 3, 13], "texture": "#0"},
				"up": {"uv": [12.75, 2.5, 12, 2], "texture": "#0"},
				"down": {"uv": [3.25, 12, 2.5, 12.5], "texture": "#0"}
			}
		},
		{
			"from": [7.50844, 11.064, 9.39927],
			"to": [8.49156, 11.94961, 13.72941],
			"rotation": {"angle": 0, "axis": "y", "origin": [8, 9.42479, 10.25]},
			"faces": {
				"north": {"uv": [6.5, 11, 7, 11.5], "texture": "#0"},
				"east": {"uv": [6, 1, 8.125, 1.5], "texture": "#0"},
				"south": {"uv": [2.5, 12.5, 3, 13], "texture": "#0"},
				"west": {"uv": [8.125, 1, 6, 1.5], "texture": "#0"},
				"up": {"uv": [3.5, 7.625, 3, 5.5], "texture": "#0"},
				"down": {"uv": [4, 5.5, 3.5, 7.625], "texture": "#0"}
			}
		},
		{
			"from": [7.50844, 12.01461, 10.86177],
			"to": [8.49156, 12.54272, 11.68191],
			"rotation": {"angle": 0, "axis": "y", "origin": [8, 9.42479, 10.25]},
			"faces": {
				"north": {"uv": [1.5, 13.5, 2, 13.75], "texture": "#0"},
				"east": {"uv": [4, 14, 4.375, 14.25], "texture": "#0"},
				"south": {"uv": [13.5, 1.5, 14, 1.75], "texture": "#0"},
				"west": {"uv": [4.375, 14, 4, 14.25], "texture": "#0"},
				"up": {"uv": [13.5, 3.875, 13, 3.5], "texture": "#0"},
				"down": {"uv": [4.5, 13, 4, 13.375], "texture": "#0"}
			}
		},
		{
			"from": [7.28094, 11.064, 8.80662],
			"to": [8.71906, 12.24211, 9.39927],
			"rotation": {"angle": 0, "axis": "y", "origin": [8, 9.42479, 10.25]},
			"faces": {
				"north": {"uv": [5.5, 11, 6.25, 11.625], "texture": "#0"},
				"east": {"uv": [9.5, 13, 9.75, 13.625], "texture": "#0"},
				"south": {"uv": [11, 6, 11.75, 6.625], "texture": "#0"},
				"west": {"uv": [9.75, 13, 9.5, 13.625], "texture": "#0"},
				"up": {"uv": [13.75, 4.25, 13, 4], "texture": "#0"},
				"down": {"uv": [5.25, 13, 4.5, 13.25], "texture": "#0"}
			}
		},
		{
			"from": [7.41094, 9.60966, 9.69177],
			"to": [8.58906, 10.56028, 14.63941],
			"rotation": {"angle": 0, "axis": "y", "origin": [8, 9.42479, 10.25]},
			"faces": {
				"north": {"uv": [12, 5.5, 12.625, 6], "texture": "#0"},
				"east": {"uv": [4, 4, 6.5, 4.5], "texture": "#0"},
				"south": {"uv": [12, 6, 12.625, 6.5], "texture": "#0"},
				"west": {"uv": [6.5, 4, 4, 4.5], "texture": "#0"},
				"up": {"uv": [3.625, 5.5, 3, 3], "texture": "#0"},
				"down": {"uv": [1.625, 4, 1, 6.5], "texture": "#0"}
			}
		},
		{
			"from": [7.54094, 10.56028, 9.69177],
			"to": [8.45906, 10.79589, 13.17691],
			"rotation": {"angle": 0, "axis": "y", "origin": [8, 9.42479, 10.25]},
			"faces": {
				"north": {"uv": [11, 14.5, 11.5, 14.625], "texture": "#0"},
				"east": {"uv": [12.5, 9, 14.25, 9.125], "texture": "#0"},
				"south": {"uv": [14.5, 11, 15, 11.125], "texture": "#0"},
				"west": {"uv": [14.25, 9, 12.5, 9.125], "texture": "#0"},
				"up": {"uv": [3.5, 9.75, 3, 8], "texture": "#0"},
				"down": {"uv": [8.5, 3, 8, 4.75], "texture": "#0"}
			}
		},
		{
			"from": [7.3875, 7.64839, 2.95855],
			"to": [8.6125, 8.74839, 4.05855],
			"rotation": {"angle": 0, "axis": "y", "origin": [7.9875, 5.03598, 3.50855]},
			"faces": {
				"north": {"uv": [11.125, 2.125, 11.625, 2.625], "texture": "#0"},
				"east": {"uv": [15.25, 9.125, 15.75, 9.625], "texture": "#0"},
				"south": {"uv": [11.125, 2.125, 11.625, 2.625], "texture": "#0"},
				"west": {"uv": [15.75, 9.125, 15.25, 9.625], "texture": "#0"},
				"up": {"uv": [11.625, 2.625, 11.125, 2.125], "texture": "#0"},
				"down": {"uv": [5.5, 15.375, 5, 15.875], "texture": "#0"}
			}
		},
		{
			"from": [6.4398, 3.37031, 3.25855],
			"to": [6.9398, 7.97031, 3.75855],
			"rotation": {"angle": -22.5, "axis": "z", "origin": [8, 5.03598, 3.50855]},
			"faces": {
				"north": {"uv": [15.625, 11, 15.875, 13.3], "texture": "#0"},
				"east": {"uv": [15.25, 10.25, 15.5, 13.55], "texture": "#0"},
				"south": {"uv": [15.875, 11, 15.625, 13.3], "texture": "#0"},
				"west": {"uv": [15.5, 10.25, 15.25, 13.55], "texture": "#0"},
				"up": {"uv": [12.75, 13.25, 12.5, 13], "texture": "#0"},
				"down": {"uv": [13.25, 13, 13, 13.25], "texture": "#0"}
			}
		},
		{
			"from": [9.0602, 3.37031, 3.25855],
			"to": [9.5602, 7.97031, 3.75855],
			"rotation": {"angle": 22.5, "axis": "z", "origin": [8, 5.03598, 3.50855]},
			"faces": {
				"north": {"uv": [15.875, 11, 15.625, 13.3], "texture": "#0"},
				"east": {"uv": [15.25, 10.25, 15.5, 13.55], "texture": "#0"},
				"south": {"uv": [15.625, 11, 15.875, 13.3], "texture": "#0"},
				"west": {"uv": [15.5, 10.25, 15.25, 13.55], "texture": "#0"},
				"up": {"uv": [0.25, 13.75, 0, 13.5], "texture": "#0"},
				"down": {"uv": [0.75, 13.5, 0.5, 13.75], "texture": "#0"}
			}
		},
		{
			"from": [6.2398, 2.77031, 3.05855],
			"to": [7.1398, 3.37031, 3.95855],
			"rotation": {"angle": -22.5, "axis": "z", "origin": [8, 5.03598, 3.50855]},
			"faces": {
				"north": {"uv": [12.5, 9.5, 13, 9.75], "texture": "#0"},
				"east": {"uv": [12.5, 9.5, 13, 9.75], "texture": "#0"},
				"south": {"uv": [12.5, 9.5, 13, 9.75], "texture": "#0"},
				"west": {"uv": [12.5, 9.5, 13, 9.75], "texture": "#0"},
				"up": {"uv": [4.5, 12, 4, 12.5], "texture": "#0"},
				"down": {"uv": [4.5, 12, 4, 12.5], "texture": "#0"}
			}
		},
		{
			"from": [8.8602, 2.77031, 3.05855],
			"to": [9.7602, 3.37031, 3.95855],
			"rotation": {"angle": 22.5, "axis": "z", "origin": [8, 5.03598, 3.50855]},
			"faces": {
				"north": {"uv": [12.5, 9.5, 13, 9.75], "texture": "#0"},
				"east": {"uv": [12.5, 9.5, 13, 9.75], "texture": "#0"},
				"south": {"uv": [12.5, 9.5, 13, 9.75], "texture": "#0"},
				"west": {"uv": [12.5, 9.5, 13, 9.75], "texture": "#0"},
				"up": {"uv": [4.5, 12, 4, 12.5], "texture": "#0"},
				"down": {"uv": [4.5, 12, 4, 12.5], "texture": "#0"}
			}
		},
		{
			"name": "barrel",
			"from": [7.48, 9.52028, -8.94602],
			"to": [8.52, 10.56028, 4.09412],
			"rotation": {"angle": 0, "axis": "y", "origin": [8, 9.42479, 10.25]},
			"faces": {
				"north": {"uv": [5, 12.5, 5.5, 13], "texture": "#0"},
				"east": {"uv": [0, 0, 6.5, 0.5], "texture": "#0"},
				"south": {"uv": [5.5, 12.5, 6, 13], "texture": "#0"},
				"west": {"uv": [6.5, 0, 0, 0.5], "texture": "#0"},
				"up": {"uv": [0.5, 7.5, 0, 1], "texture": "#0"},
				"down": {"uv": [1, 1, 0.5, 7.5], "texture": "#0"}
			}
		},
		{
			"name": "muzzle_break",
			"from": [7.23, 9.27028, -9.19602],
			"to": [8.77, 10.81028, -4.65588],
			"rotation": {"angle": 0, "axis": "y", "origin": [8, 9.42479, 10.25]},
			"faces": {
				"north": {"uv": [9.925, 15.18, 10.695, 15.95], "texture": "#0"},
				"east": {"uv": [13.72993, 15.23, 16, 16], "texture": "#0"},
				"south": {"uv": [9.925, 15.18, 10.695, 15.95], "texture": "#0"},
				"west": {"uv": [16, 15.23, 13.72993, 16], "texture": "#0"},
				"up": {"uv": [13.72993, 15.22993, 16, 16], "rotation": 90, "texture": "#0"},
				"down": {"uv": [13.72993, 15.22993, 16, 16], "rotation": 90, "texture": "#0"}
			}
		}
	],
	"display": {
		"thirdperson_righthand": {
			"rotation": [67.5, 0, 0],
			"translation": [-1.75, 6.75, -0.25]
		},
		"thirdperson_lefthand": {
			"rotation": [67.5, 0, 0],
			"translation": [-1.75, 6.75, -0.25]
		},
		"firstperson_righthand": {
			"translation": [2.5, -4.75, -28.25],
			"scale": [3.5, 3.5, 3.5]
		},
		"firstperson_lefthand": {
			"translation": [2.5, -4.75, -28.25],
			"scale": [3.5, 3.5, 3.5]
		},
		"ground": {
			"translation": [0, 1.75, 0]
		},
		"gui": {
			"rotation": [163.3, -47.2, -178],
			"translation": [-0.5, 0, 0],
			"scale": [0.6, 0.6, 0.6]
		},
		"fixed": {
			"rotation": [0, 90, 0],
			"translation": [0, 0, -0.25],
			"scale": [2, 2, 2]
		}
	},
	"groups": [
		{
			"name": "camo_rifle",
			"origin": [10.34241, 7.33816, 7.53642],
			"color": 0,
			"children": [
				{
					"name": "triger",
					"origin": [8.54056, 11.19265, 7.53542],
					"color": 0,
					"children": [0, 1, 2]
				},
				{
					"name": "guard",
					"origin": [8.54056, 11.65513, 7.30454],
					"color": 6,
					"children": [3, 4]
				},
				{
					"name": "stock_cover",
					"origin": [8.53744, 8.36451, 10.51497],
					"color": 0,
					"children": [5, 6, 7, 8, 9]
				},
				{
					"name": "mag",
					"origin": [8.54056, 7.70827, 9.15909],
					"color": 0,
					"children": [10, 11]
				},
				{
					"name": "frame",
					"origin": [10.32982, 7.33816, 7.53642],
					"color": 0,
					"children": [
						{
							"name": "stock",
							"origin": [8.539, 8.36451, 9.83997],
							"color": 0,
							"children": [12, 13, 14, 15, 16, 17, 18, 19, 20, 21, 22]
						},
						{
							"name": "handle",
							"origin": [8.54056, 8.36451, 9.83997],
							"color": 0,
							"children": [23, 24, 25]
						},
						{
							"name": "body_cover",
							"origin": [8.55158, 11.65513, 7.07366],
							"color": 0,
							"children": [26, 27, 28, 29, 30, 31, 32, 33, 34, 35, 36]
						}
					]
				},
				{
					"name": "scope",
					"origin": [10.32036, 7.33816, 7.53642],
					"color": 0,
					"children": [
						{
							"name": "scope",
							"origin": [8.54056, 10.15823, 14.58997],
							"color": 0,
							"children": [
								37,
								38,
								{
									"name": "scope_frame",
									"origin": [8, 9.42479, 10.25],
									"color": 0,
									"children": [39, 40, 41, 42, 43, 44, 45]
								}
							]
						},
						{
							"name": "scope_base",
							"origin": [8.54056, 9.95199, 10.32085],
							"color": 0,
							"children": [46, 47]
						}
					]
				},
				{
					"name": "bipod",
					"origin": [7.81661, 9.70734, -5.9],
					"color": 0,
					"children": [48, 49, 50, 51, 52]
				},
				{
					"name": "barrel",
					"origin": [8, 8.03859, 10.25],
					"color": 0,
					"children": [53, 54]
				}
			]
		}
	]
}