{
	"credit": "Made with Blockbench",
	"texture_size": [64, 64],
	"textures": {
		"0": "aoa3:item/chain_wrecker",
		"particle": "aoa3:item/chain_wrecker"
	},
	"elements": [
		{
			"name": "main_tube",
			"from": [7.625, 9.11875, -3.825],
			"to": [8.375, 9.84375, 2.875],
			"shade": false,
			"rotation": {"angle": 0, "axis": "y", "origin": [8, 6.37509, 5.3]},
			"faces": {
				"north": {"uv": [7.75, 3.25, 7.9375, 3.4375], "texture": "#0"},
				"east": {"uv": [6.4375, 1.25, 4.75, 1.4375], "texture": "#0"},
				"south": {"uv": [7.75, 4, 7.9375, 4.1875], "texture": "#0"},
				"west": {"uv": [4.75, 1.25, 6.4375, 1.4375], "texture": "#0"},
				"up": {"uv": [0.6875, 6.4375, 0.5, 4.75], "texture": "#0"},
				"down": {"uv": [0.6875, 4.75, 0.5, 6.4375], "texture": "#0"}
			}
		},
		{
			"name": "muzzle_break",
			"from": [7.45, 8.91875, -12.35],
			"to": [8.55, 10.04375, -5.1],
			"shade": false,
			"rotation": {"angle": 0, "axis": "y", "origin": [8, 6.37509, 5.3]},
			"faces": {
				"north": {"uv": [7.25, 6.25, 7.5, 6.5], "texture": "#0"},
				"east": {"uv": [6.3125, 3.25, 4.5, 3.5], "texture": "#0"},
				"south": {"uv": [6.5, 7.25, 6.75, 7.5], "texture": "#0"},
				"west": {"uv": [4.5, 3.25, 6.3125, 3.5], "texture": "#0"},
				"up": {"uv": [2.5, 4.8125, 2.25, 3], "texture": "#0"},
				"down": {"uv": [2.5, 3, 2.25, 4.8125], "texture": "#0"}
			}
		},
		{
			"name": "bottom_tube",
			"from": [7.725, 8.19375, -1.775],
			"to": [8.275, 8.74375, 1.2],
			"shade": false,
			"rotation": {"angle": 0, "axis": "y", "origin": [8, 6.37509, 5.3]},
			"faces": {
				"north": {"uv": [8.25, 3, 8.375, 3.125], "texture": "#0"},
				"east": {"uv": [7.25, 6.25, 6.5, 6.375], "texture": "#0"},
				"south": {"uv": [3.5, 8.25, 3.625, 8.375], "texture": "#0"},
				"west": {"uv": [6.5, 6.25, 7.25, 6.375], "texture": "#0"},
				"up": {"uv": [6.625, 7.25, 6.5, 6.5], "texture": "#0"},
				"down": {"uv": [6.875, 1, 6.75, 1.75], "texture": "#0"}
			}
		},
		{
			"name": "bottom_tube_base",
			"from": [7.4, 7.99375, 1.2],
			"to": [8.6, 8.94375, 4.025],
			"shade": false,
			"rotation": {"angle": 0, "axis": "y", "origin": [8, 6.37509, 5.3]},
			"faces": {
				"north": {"uv": [7, 1, 7.3125, 1.25], "texture": "#0"},
				"east": {"uv": [6.1875, 0, 5.5, 0.25], "texture": "#0"},
				"south": {"uv": [7, 1, 7.3125, 1.25], "texture": "#0"},
				"west": {"uv": [5.5, 0, 6.1875, 0.25], "texture": "#0"},
				"up": {"uv": [3.3125, 5, 3, 5.6875], "texture": "#0"},
				"down": {"uv": [3.3125, 5, 3, 5.6875], "texture": "#0"}
			}
		},
		{
			"from": [7.3, 8.01875, -4.75],
			"to": [8.7, 8.91875, -1.775],
			"shade": false,
			"rotation": {"angle": 0, "axis": "y", "origin": [8, 6.37509, 5.3]},
			"faces": {
				"north": {"uv": [1.25, 6.75, 1.625, 7], "texture": "#0"},
				"east": {"uv": [5.75, 0.75, 5, 1], "texture": "#0"},
				"south": {"uv": [1.75, 6.75, 2.125, 7], "texture": "#0"},
				"west": {"uv": [5, 0.75, 5.75, 1], "texture": "#0"},
				"up": {"uv": [5.125, 1.5, 4.75, 2.25], "texture": "#0"},
				"down": {"uv": [5.125, 1.5, 4.75, 2.25], "texture": "#0"}
			}
		},
		{
			"from": [7.3, 8.54375, -5.1],
			"to": [8.7, 8.91875, -4.925],
			"shade": false,
			"rotation": {"angle": 0, "axis": "y", "origin": [8, 6.37509, 5.3]},
			"faces": {
				"north": {"uv": [8, 5.25, 8.375, 5.3125], "texture": "#0"},
				"east": {"uv": [5.0625, 8.75, 5, 8.8125], "texture": "#0"},
				"south": {"uv": [6, 8, 6.375, 8.0625], "texture": "#0"},
				"west": {"uv": [5, 8.75, 5.0625, 8.8125], "texture": "#0"},
				"up": {"uv": [6.875, 8.0625, 6.5, 8], "texture": "#0"},
				"down": {"uv": [8.375, 7, 8, 7.0625], "texture": "#0"}
			}
		},
		{
			"from": [7.3, 8.16875, -4.925],
			"to": [8.7, 8.91875, -4.75],
			"shade": false,
			"rotation": {"angle": 0, "axis": "y", "origin": [8, 6.37509, 5.3]},
			"faces": {
				"north": {"uv": [3.5, 7.25, 3.875, 7.4375], "texture": "#0"},
				"east": {"uv": [8.5625, 7.5, 8.5, 7.6875], "texture": "#0"},
				"south": {"uv": [4, 7.25, 4.375, 7.4375], "texture": "#0"},
				"west": {"uv": [8.5, 7.5, 8.5625, 7.6875], "texture": "#0"},
				"up": {"uv": [8.375, 7.3125, 8, 7.25], "texture": "#0"},
				"down": {"uv": [7.875, 8, 7.5, 8.0625], "texture": "#0"}
			}
		},
		{
			"from": [7.3, 8.91875, -5.1],
			"to": [8.7, 10.21875, -4],
			"shade": false,
			"rotation": {"angle": 0, "axis": "y", "origin": [8, 6.37509, 5.3]},
			"faces": {
				"north": {"uv": [5.75, 4.5, 6.125, 4.8125], "texture": "#0"},
				"east": {"uv": [2, 7, 1.75, 7.3125], "texture": "#0"},
				"south": {"uv": [5.75, 5, 6.125, 5.3125], "texture": "#0"},
				"west": {"uv": [1.75, 7, 2, 7.3125], "texture": "#0"},
				"up": {"uv": [7.125, 2, 6.75, 1.75], "texture": "#0"},
				"down": {"uv": [3.625, 6.75, 3.25, 7], "texture": "#0"}
			}
		},
		{
			"from": [7.3, 9.11875, -4],
			"to": [8.7, 10.04375, -3.825],
			"shade": false,
			"rotation": {"angle": 0, "axis": "y", "origin": [8, 6.37509, 5.3]},
			"faces": {
				"north": {"uv": [3.75, 6.75, 4.125, 7], "texture": "#0"},
				"east": {"uv": [4.0625, 8.25, 4, 8.5], "texture": "#0"},
				"south": {"uv": [6.75, 4.5, 7.125, 4.75], "texture": "#0"},
				"west": {"uv": [4, 8.25, 4.0625, 8.5], "texture": "#0"},
				"up": {"uv": [8.375, 7.5625, 8, 7.5], "texture": "#0"},
				"down": {"uv": [8.375, 7.75, 8, 7.8125], "texture": "#0"}
			}
		},
		{
			"from": [7.8, 10.04375, -9.725],
			"to": [8.2, 11.51875, -8.45],
			"shade": false,
			"rotation": {"angle": 0, "axis": "y", "origin": [8, 6.37509, 5.3]},
			"faces": {
				"north": {"uv": [7.75, 0, 7.875, 0.375], "texture": "#0"},
				"east": {"uv": [6.3125, 1.5, 6, 1.875], "texture": "#0"},
				"south": {"uv": [0.25, 7.75, 0.375, 8.125], "texture": "#0"},
				"west": {"uv": [6, 1.5, 6.3125, 1.875], "texture": "#0"},
				"up": {"uv": [2.125, 8.0625, 2, 7.75], "texture": "#0"},
				"down": {"uv": [2.375, 7.75, 2.25, 8.0625], "texture": "#0"}
			}
		},
		{
			"from": [7.8, 11.51875, -9.55],
			"to": [8.2, 11.69375, -8.625],
			"shade": false,
			"rotation": {"angle": 0, "axis": "y", "origin": [8, 6.37509, 5.3]},
			"faces": {
				"north": {"uv": [8.75, 1.5, 8.875, 1.5625], "texture": "#0"},
				"east": {"uv": [5.25, 8.25, 5, 8.3125], "texture": "#0"},
				"south": {"uv": [1.75, 8.75, 1.875, 8.8125], "texture": "#0"},
				"west": {"uv": [5, 8.25, 5.25, 8.3125], "texture": "#0"},
				"up": {"uv": [7.875, 5.5, 7.75, 5.25], "texture": "#0"},
				"down": {"uv": [5.875, 7.75, 5.75, 8], "texture": "#0"}
			}
		},
		{
			"from": [7.8, 10.04375, -8.45],
			"to": [8.2, 10.94375, -8.275],
			"shade": false,
			"rotation": {"angle": 0, "axis": "y", "origin": [8, 6.37509, 5.3]},
			"faces": {
				"north": {"uv": [6, 7.75, 6.125, 8], "texture": "#0"},
				"east": {"uv": [8.3125, 6, 8.25, 6.25], "texture": "#0"},
				"south": {"uv": [6.25, 7.75, 6.375, 8], "texture": "#0"},
				"west": {"uv": [8.25, 6, 8.3125, 6.25], "texture": "#0"},
				"up": {"uv": [8.875, 1.8125, 8.75, 1.75], "texture": "#0"},
				"down": {"uv": [2.125, 8.75, 2, 8.8125], "texture": "#0"}
			}
		},
		{
			"from": [7.8, 10.04375, -8.275],
			"to": [8.2, 10.59375, -8.075],
			"shade": false,
			"rotation": {"angle": 0, "axis": "y", "origin": [8, 6.37509, 5.3]},
			"faces": {
				"north": {"uv": [6.25, 8.25, 6.375, 8.375], "texture": "#0"},
				"east": {"uv": [2.3125, 8.75, 2.25, 8.875], "texture": "#0"},
				"south": {"uv": [6.5, 8.25, 6.625, 8.375], "texture": "#0"},
				"west": {"uv": [2.25, 8.75, 2.3125, 8.875], "texture": "#0"},
				"up": {"uv": [8.875, 2.3125, 8.75, 2.25], "texture": "#0"},
				"down": {"uv": [2.625, 8.75, 2.5, 8.8125], "texture": "#0"}
			}
		},
		{
			"from": [7.45, 6.91875, -3.8],
			"to": [8.55, 8.01875, -2.7],
			"shade": false,
			"rotation": {"angle": 0, "axis": "y", "origin": [8, 6.37509, 5.3]},
			"faces": {
				"north": {"uv": [7.25, 7, 7.5, 7.25], "texture": "#0"},
				"east": {"uv": [7.5, 7, 7.25, 7.25], "texture": "#0"},
				"south": {"uv": [7.25, 7, 7.5, 7.25], "texture": "#0"},
				"west": {"uv": [7.25, 7, 7.5, 7.25], "texture": "#0"},
				"up": {"uv": [7.5, 7.5, 7.25, 7.25], "texture": "#0"},
				"down": {"uv": [0.25, 7.5, 0, 7.75], "texture": "#0"}
			}
		},
		{
			"from": [7.23148, 0.79815, -3.5],
			"to": [7.73148, 7.39815, -3],
			"shade": false,
			"rotation": {"angle": -22.5, "axis": "z", "origin": [8, 6.37509, 5.3]},
			"faces": {
				"north": {"uv": [4.125, 5, 4, 6.625], "texture": "#0"},
				"east": {"uv": [4.125, 5, 4, 6.625], "texture": "#0"},
				"south": {"uv": [4, 5, 4.125, 6.625], "texture": "#0"},
				"west": {"uv": [4, 5, 4.125, 6.625], "texture": "#0"},
				"up": {"uv": [8.375, 6.625, 8.25, 6.5], "texture": "#0"},
				"down": {"uv": [6.875, 8.25, 6.75, 8.375], "texture": "#0"}
			}
		},
		{
			"from": [8.26852, 0.79815, -3.5],
			"to": [8.76852, 7.39815, -3],
			"shade": false,
			"rotation": {"angle": 22.5, "axis": "z", "origin": [8, 6.37509, 5.3]},
			"faces": {
				"north": {"uv": [4, 5, 4.125, 6.625], "texture": "#0"},
				"east": {"uv": [4.125, 5, 4, 6.625], "texture": "#0"},
				"south": {"uv": [4.125, 5, 4, 6.625], "texture": "#0"},
				"west": {"uv": [4, 5, 4.125, 6.625], "texture": "#0"},
				"up": {"uv": [7.625, 8.375, 7.5, 8.25], "texture": "#0"},
				"down": {"uv": [7.875, 8.25, 7.75, 8.375], "texture": "#0"}
			}
		},
		{
			"from": [7.03148, 0.19815, -3.7],
			"to": [7.93148, 0.79815, -2.8],
			"shade": false,
			"rotation": {"angle": -22.5, "axis": "z", "origin": [8, 6.37509, 5.3]},
			"faces": {
				"north": {"uv": [7.75, 7.75, 8, 7.875], "texture": "#0"},
				"east": {"uv": [7.75, 7.75, 8, 7.875], "texture": "#0"},
				"south": {"uv": [7.75, 7.75, 8, 7.875], "texture": "#0"},
				"west": {"uv": [7.75, 7.75, 8, 7.875], "texture": "#0"},
				"up": {"uv": [7.75, 0.25, 7.5, 0.5], "texture": "#0"},
				"down": {"uv": [7.75, 0.25, 7.5, 0.5], "texture": "#0"}
			}
		},
		{
			"from": [8.06852, 0.19815, -3.7],
			"to": [8.96852, 0.79815, -2.8],
			"shade": false,
			"rotation": {"angle": 22.5, "axis": "z", "origin": [8, 6.37509, 5.3]},
			"faces": {
				"north": {"uv": [7.75, 7.75, 8, 7.875], "texture": "#0"},
				"east": {"uv": [7.75, 7.75, 8, 7.875], "texture": "#0"},
				"south": {"uv": [7.75, 7.75, 8, 7.875], "texture": "#0"},
				"west": {"uv": [7.75, 7.75, 8, 7.875], "texture": "#0"},
				"up": {"uv": [7.75, 0.25, 7.5, 0.5], "texture": "#0"},
				"down": {"uv": [7.75, 0.25, 7.5, 0.5], "texture": "#0"}
			}
		},
		{
			"from": [7.6, 4.64375, 11.225],
			"to": [8.4, 4.81875, 11.975],
			"shade": false,
			"rotation": {"angle": 0, "axis": "y", "origin": [8, 6.37509, 5.3]},
			"faces": {
				"north": {"uv": [8.5, 8, 8.6875, 8.0625], "texture": "#0"},
				"east": {"uv": [8.6875, 8, 8.5, 8.0625], "texture": "#0"},
				"south": {"uv": [8.5, 8, 8.6875, 8.0625], "texture": "#0"},
				"west": {"uv": [8.5, 8, 8.6875, 8.0625], "texture": "#0"},
				"up": {"uv": [8.5, 8, 8.6875, 8.0625], "texture": "#0"},
				"down": {"uv": [8.5, 8, 8.6875, 8.0625], "texture": "#0"}
			}
		},
		{
			"from": [7.6, 4.81875, 11.05],
			"to": [8.4, 4.99375, 12.35],
			"shade": false,
			"rotation": {"angle": 0, "axis": "y", "origin": [8, 6.37509, 5.3]},
			"faces": {
				"north": {"uv": [8.25, 8.5, 8.4375, 8.5625], "texture": "#0"},
				"east": {"uv": [8.5625, 1.5, 8.25, 1.5625], "texture": "#0"},
				"south": {"uv": [8.5, 8.25, 8.6875, 8.3125], "texture": "#0"},
				"west": {"uv": [8.25, 1.5, 8.5625, 1.5625], "texture": "#0"},
				"up": {"uv": [3.1875, 7.8125, 3, 7.5], "texture": "#0"},
				"down": {"uv": [7.6875, 3, 7.5, 3.3125], "texture": "#0"}
			}
		},
		{
			"from": [7.6, 7.04375, 10.875],
			"to": [8.4, 7.61875, 12.15],
			"shade": false,
			"rotation": {"angle": 0, "axis": "y", "origin": [8, 6.37509, 5.3]},
			"faces": {
				"north": {"uv": [8, 8, 8.1875, 8.125], "texture": "#0"},
				"east": {"uv": [8.0625, 2.25, 7.75, 2.375], "texture": "#0"},
				"south": {"uv": [8.25, 0, 8.4375, 0.125], "texture": "#0"},
				"west": {"uv": [7.75, 2.25, 8.0625, 2.375], "texture": "#0"},
				"up": {"uv": [3.6875, 7.8125, 3.5, 7.5], "texture": "#0"},
				"down": {"uv": [3.9375, 7.5, 3.75, 7.8125], "texture": "#0"}
			}
		},
		{
			"from": [7.6, 6.31875, 10.875],
			"to": [8.4, 7.04375, 12.35],
			"shade": false,
			"rotation": {"angle": 0, "axis": "y", "origin": [8, 6.37509, 5.3]},
			"faces": {
				"north": {"uv": [7.75, 4.75, 7.9375, 4.9375], "texture": "#0"},
				"east": {"uv": [7.625, 5.25, 7.25, 5.4375], "texture": "#0"},
				"south": {"uv": [5, 7.75, 5.1875, 7.9375], "texture": "#0"},
				"west": {"uv": [7.25, 5.25, 7.625, 5.4375], "texture": "#0"},
				"up": {"uv": [7.4375, 5.875, 7.25, 5.5], "texture": "#0"},
				"down": {"uv": [5.9375, 7.25, 5.75, 7.625], "texture": "#0"}
			}
		},
		{
			"from": [7.6, 5.94375, 10.875],
			"to": [8.4, 6.31875, 12.525],
			"shade": false,
			"rotation": {"angle": 0, "axis": "y", "origin": [8, 6.37509, 5.3]},
			"faces": {
				"north": {"uv": [8.5, 8.5, 8.6875, 8.5625], "texture": "#0"},
				"east": {"uv": [8.4375, 3.25, 8, 3.3125], "texture": "#0"},
				"south": {"uv": [0, 8.75, 0.1875, 8.8125], "texture": "#0"},
				"west": {"uv": [8, 3.25, 8.4375, 3.3125], "texture": "#0"},
				"up": {"uv": [6.4375, 7.1875, 6.25, 6.75], "texture": "#0"},
				"down": {"uv": [6.9375, 6.75, 6.75, 7.1875], "texture": "#0"}
			}
		},
		{
			"from": [7.6, 5.39375, 11.05],
			"to": [8.4, 5.94375, 12.725],
			"shade": false,
			"rotation": {"angle": 0, "axis": "y", "origin": [8, 6.37509, 5.3]},
			"faces": {
				"north": {"uv": [0.25, 8.25, 0.4375, 8.375], "texture": "#0"},
				"east": {"uv": [4.4375, 7.5, 4, 7.625], "texture": "#0"},
				"south": {"uv": [8.25, 0.25, 8.4375, 0.375], "texture": "#0"},
				"west": {"uv": [4, 7.5, 4.4375, 7.625], "texture": "#0"},
				"up": {"uv": [0.1875, 7.4375, 0, 7], "texture": "#0"},
				"down": {"uv": [0.4375, 7, 0.25, 7.4375], "texture": "#0"}
			}
		},
		{
			"from": [7.6, 4.99375, 11.05],
			"to": [8.4, 5.39375, 12.525],
			"shade": false,
			"rotation": {"angle": 0, "axis": "y", "origin": [8, 6.37509, 5.3]},
			"faces": {
				"north": {"uv": [0.5, 8.25, 0.6875, 8.375], "texture": "#0"},
				"east": {"uv": [8.125, 1, 7.75, 1.125], "texture": "#0"},
				"south": {"uv": [8.25, 0.5, 8.4375, 0.625], "texture": "#0"},
				"west": {"uv": [7.75, 1, 8.125, 1.125], "texture": "#0"},
				"up": {"uv": [6.1875, 7.625, 6, 7.25], "texture": "#0"},
				"down": {"uv": [6.4375, 7.25, 6.25, 7.625], "texture": "#0"}
			}
		},
		{
			"from": [7.775, 6.49375, 9.55],
			"to": [8.225, 6.91875, 10.875],
			"shade": false,
			"rotation": {"angle": 0, "axis": "y", "origin": [8, 6.37509, 5.3]},
			"faces": {
				"north": {"uv": [8, 8.25, 8.125, 8.375], "texture": "#0"},
				"east": {"uv": [8.0625, 3, 7.75, 3.125], "texture": "#0"},
				"south": {"uv": [8.25, 8, 8.375, 8.125], "texture": "#0"},
				"west": {"uv": [7.75, 3, 8.0625, 3.125], "texture": "#0"},
				"up": {"uv": [3.375, 8.0625, 3.25, 7.75], "texture": "#0"},
				"down": {"uv": [4.125, 7.75, 4, 8.0625], "texture": "#0"}
			}
		},
		{
			"from": [7.775, 6.91875, 9.55],
			"to": [8.225, 7.24375, 9.925],
			"shade": false,
			"rotation": {"angle": 0, "axis": "y", "origin": [8, 6.37509, 5.3]},
			"faces": {
				"north": {"uv": [8.75, 2.5, 8.875, 2.5625], "texture": "#0"},
				"east": {"uv": [5.3125, 8.75, 5.25, 8.8125], "texture": "#0"},
				"south": {"uv": [2.75, 8.75, 2.875, 8.8125], "texture": "#0"},
				"west": {"uv": [5.25, 8.75, 5.3125, 8.8125], "texture": "#0"},
				"up": {"uv": [8.875, 2.8125, 8.75, 2.75], "texture": "#0"},
				"down": {"uv": [3.125, 8.75, 3, 8.8125], "texture": "#0"}
			}
		},
		{
			"from": [7.775, 6.69375, 9.375],
			"to": [8.225, 7.24375, 9.55],
			"shade": false,
			"rotation": {"angle": 0, "axis": "y", "origin": [8, 6.37509, 5.3]},
			"faces": {
				"north": {"uv": [8.25, 8.25, 8.375, 8.375], "texture": "#0"},
				"east": {"uv": [3.3125, 8.75, 3.25, 8.875], "texture": "#0"},
				"south": {"uv": [8.5, 0, 8.625, 0.125], "texture": "#0"},
				"west": {"uv": [3.25, 8.75, 3.3125, 8.875], "texture": "#0"},
				"up": {"uv": [8.875, 3.3125, 8.75, 3.25], "texture": "#0"},
				"down": {"uv": [3.625, 8.75, 3.5, 8.8125], "texture": "#0"}
			}
		},
		{
			"from": [7.775, 7.24375, 9.2],
			"to": [8.225, 7.61875, 10.875],
			"shade": false,
			"rotation": {"angle": 0, "axis": "y", "origin": [8, 6.37509, 5.3]},
			"faces": {
				"north": {"uv": [0.25, 8.5, 0.375, 8.625], "texture": "#0"},
				"east": {"uv": [7.9375, 5, 7.5, 5.125], "texture": "#0"},
				"south": {"uv": [8.5, 0.25, 8.625, 0.375], "texture": "#0"},
				"west": {"uv": [7.5, 5, 7.9375, 5.125], "texture": "#0"},
				"up": {"uv": [5.375, 7.9375, 5.25, 7.5], "texture": "#0"},
				"down": {"uv": [5.625, 7.5, 5.5, 7.9375], "texture": "#0"}
			}
		},
		{
			"name": "trigger",
			"from": [7.85, 6.91875, 10.5],
			"to": [8.15, 7.24375, 10.875],
			"shade": false,
			"rotation": {"angle": 0, "axis": "y", "origin": [8, 6.37509, 5.3]},
			"faces": {
				"north": {"uv": [5.75, 8.75, 5.8125, 8.8125], "texture": "#0"},
				"east": {"uv": [5.8125, 8.75, 5.75, 8.8125], "texture": "#0"},
				"south": {"uv": [5.75, 8.75, 5.8125, 8.8125], "texture": "#0"},
				"west": {"uv": [5.75, 8.75, 5.8125, 8.8125], "texture": "#0"},
				"up": {"uv": [5.75, 8.75, 5.8125, 8.8125], "texture": "#0"},
				"down": {"uv": [5.75, 8.75, 5.8125, 8.8125], "texture": "#0"}
			}
		},
		{
			"from": [7.175, 7.79375, 4.025],
			"to": [8.825, 9.84375, 13.275],
			"shade": false,
			"rotation": {"angle": 0, "axis": "y", "origin": [8, 6.37509, 5.3]},
			"faces": {
				"north": {"uv": [5, 0, 5.4375, 0.5], "texture": "#0"},
				"east": {"uv": [2.3125, 0.5, 0, 1], "texture": "#0"},
				"south": {"uv": [5, 0, 5.4375, 0.5], "texture": "#0"},
				"west": {"uv": [0, 0.5, 2.3125, 1], "texture": "#0"},
				"up": {"uv": [2.9375, 2.3125, 2.5, 0], "texture": "#0"},
				"down": {"uv": [2.9375, 2.5, 2.5, 4.8125], "texture": "#0"}
			}
		},
		{
			"from": [7.175, 7.61875, 9.2],
			"to": [8.825, 7.79375, 12.35],
			"shade": false,
			"rotation": {"angle": 0, "axis": "y", "origin": [8, 6.37509, 5.3]},
			"faces": {
				"north": {"uv": [3.5, 8, 3.9375, 8.0625], "texture": "#0"},
				"east": {"uv": [8.3125, 6.75, 7.5, 6.8125], "texture": "#0"},
				"south": {"uv": [8, 3.5, 8.4375, 3.5625], "texture": "#0"},
				"west": {"uv": [7.5, 6.75, 8.3125, 6.8125], "texture": "#0"},
				"up": {"uv": [4.9375, 4.3125, 4.5, 3.5], "texture": "#0"},
				"down": {"uv": [4.9375, 4.5, 4.5, 5.3125], "texture": "#0"}
			}
		},
		{
			"from": [7.175, 9.84375, 4.2],
			"to": [8.825, 10.01875, 13.075],
			"shade": false,
			"rotation": {"angle": 0, "axis": "y", "origin": [8, 6.37509, 5.3]},
			"faces": {
				"north": {"uv": [8, 3.75, 8.4375, 3.8125], "texture": "#0"},
				"east": {"uv": [7.9375, 2.75, 5.75, 2.8125], "texture": "#0"},
				"south": {"uv": [8, 4, 8.4375, 4.0625], "texture": "#0"},
				"west": {"uv": [5.75, 2.75, 7.9375, 2.8125], "texture": "#0"},
				"up": {"uv": [0.4375, 5.1875, 0, 3], "texture": "#0"},
				"down": {"uv": [3.4375, 0, 3, 2.1875], "texture": "#0"}
			}
		},
		{
			"from": [7.175, 10.01875, 5.125],
			"to": [8.825, 10.21875, 12.9],
			"shade": false,
			"rotation": {"angle": 0, "axis": "y", "origin": [8, 6.37509, 5.3]},
			"faces": {
				"north": {"uv": [8, 4.25, 8.4375, 4.3125], "texture": "#0"},
				"east": {"uv": [7.6875, 4.25, 5.75, 4.3125], "texture": "#0"},
				"south": {"uv": [4.75, 8, 5.1875, 8.0625], "texture": "#0"},
				"west": {"uv": [5.75, 4.25, 7.6875, 4.3125], "texture": "#0"},
				"up": {"uv": [2.1875, 4.9375, 1.75, 3], "texture": "#0"},
				"down": {"uv": [3.4375, 3, 3, 4.9375], "texture": "#0"}
			}
		},
		{
			"from": [7.175, 10.21875, 5.125],
			"to": [8.825, 10.41875, 12.725],
			"shade": false,
			"rotation": {"angle": 0, "axis": "y", "origin": [8, 6.37509, 5.3]},
			"faces": {
				"north": {"uv": [8, 4.75, 8.4375, 4.8125], "texture": "#0"},
				"east": {"uv": [7.875, 2, 6, 2.0625], "texture": "#0"},
				"south": {"uv": [8, 5, 8.4375, 5.0625], "texture": "#0"},
				"west": {"uv": [6, 2, 7.875, 2.0625], "texture": "#0"},
				"up": {"uv": [3.9375, 1.875, 3.5, 0], "texture": "#0"},
				"down": {"uv": [3.9375, 3, 3.5, 4.875], "texture": "#0"}
			}
		},
		{
			"from": [7.375, 10.41875, 5.125],
			"to": [8.625, 10.61875, 12.525],
			"shade": false,
			"rotation": {"angle": 0, "axis": "y", "origin": [8, 6.37509, 5.3]},
			"faces": {
				"north": {"uv": [2, 8.25, 2.3125, 8.3125], "texture": "#0"},
				"east": {"uv": [7.875, 3.5, 6, 3.5625], "texture": "#0"},
				"south": {"uv": [8.25, 2, 8.5625, 2.0625], "texture": "#0"},
				"west": {"uv": [6, 3.5, 7.875, 3.5625], "texture": "#0"},
				"up": {"uv": [4.3125, 4.875, 4, 3], "texture": "#0"},
				"down": {"uv": [4.5625, 1, 4.25, 2.875], "texture": "#0"}
			}
		},
		{
			"from": [7.575, 10.61875, 5.125],
			"to": [8.425, 10.81875, 10.65],
			"shade": false,
			"rotation": {"angle": 0, "axis": "y", "origin": [8, 6.37509, 5.3]},
			"faces": {
				"north": {"uv": [8.75, 0, 8.9375, 0.0625], "texture": "#0"},
				"east": {"uv": [8.125, 6.5, 6.75, 6.5625], "texture": "#0"},
				"south": {"uv": [0.25, 8.75, 0.4375, 8.8125], "texture": "#0"},
				"west": {"uv": [6.75, 6.5, 8.125, 6.5625], "texture": "#0"},
				"up": {"uv": [1.9375, 6.375, 1.75, 5], "texture": "#0"},
				"down": {"uv": [2.1875, 5, 2, 6.375], "texture": "#0"}
			}
		},
		{
			"from": [7.575, 10.81875, 5.325],
			"to": [8.425, 11.01875, 8.8],
			"shade": false,
			"rotation": {"angle": 0, "axis": "y", "origin": [8, 6.37509, 5.3]},
			"faces": {
				"north": {"uv": [8.75, 0.25, 8.9375, 0.3125], "texture": "#0"},
				"east": {"uv": [8.375, 5.75, 7.5, 5.8125], "texture": "#0"},
				"south": {"uv": [0.5, 8.75, 0.6875, 8.8125], "texture": "#0"},
				"west": {"uv": [7.5, 5.75, 8.375, 5.8125], "texture": "#0"},
				"up": {"uv": [5.6875, 4.375, 5.5, 3.5], "texture": "#0"},
				"down": {"uv": [4.6875, 5.5, 4.5, 6.375], "texture": "#0"}
			}
		},
		{
			"from": [7.3, 8.94375, 2.875],
			"to": [8.7, 9.84375, 4.025],
			"shade": false,
			"rotation": {"angle": 0, "axis": "y", "origin": [8, 6.37509, 5.3]},
			"faces": {
				"north": {"uv": [4.75, 6.75, 5.125, 7], "texture": "#0"},
				"east": {"uv": [4.0625, 7, 3.75, 7.25], "texture": "#0"},
				"south": {"uv": [6.75, 4.75, 7.125, 5], "texture": "#0"},
				"west": {"uv": [3.75, 7, 4.0625, 7.25], "texture": "#0"},
				"up": {"uv": [5.875, 6.3125, 5.5, 6], "texture": "#0"},
				"down": {"uv": [6.375, 6, 6, 6.3125], "texture": "#0"}
			}
		},
		{
			"name": "bolt",
			"from": [8.825, 8.71875, 10.025],
			"to": [9.975, 9.16875, 10.475],
			"shade": false,
			"rotation": {"angle": 0, "axis": "y", "origin": [8, 6.37509, 5.3]},
			"faces": {
				"north": {"uv": [6.225, 9.9375, 5.9375, 10.05], "texture": "#0"},
				"east": {"uv": [1.05, 9.9375, 0.9375, 10.05], "texture": "#0"},
				"south": {"uv": [5.9375, 9.9375, 6.225, 10.05], "texture": "#0"},
				"west": {"uv": [0.9375, 10.4375, 1.05, 10.55], "texture": "#0"},
				"up": {"uv": [3.725, 10.05, 3.4375, 9.9375], "texture": "#0"},
				"down": {"uv": [6, 9.625, 6.2875, 9.7375], "texture": "#0"}
			}
		},
		{
			"from": [7.475, 7.79375, 13.275],
			"to": [8.525, 9.26875, 14.55],
			"shade": false,
			"rotation": {"angle": 0, "axis": "y", "origin": [8, 6.37509, 5.3]},
			"faces": {
				"north": {"uv": [2.25, 6.75, 2.5, 7.125], "texture": "#0"},
				"east": {"uv": [5.0625, 6.25, 4.75, 6.625], "texture": "#0"},
				"south": {"uv": [4.25, 6.75, 4.5, 7.125], "texture": "#0"},
				"west": {"uv": [4.75, 6.25, 5.0625, 6.625], "texture": "#0"},
				"up": {"uv": [2.25, 7.3125, 2, 7], "texture": "#0"},
				"down": {"uv": [5, 7, 4.75, 7.3125], "texture": "#0"}
			}
		},
		{
			"from": [7.475, 7.61875, 14.55],
			"to": [8.525, 9.26875, 14.75],
			"shade": false,
			"rotation": {"angle": 0, "axis": "y", "origin": [8, 6.37509, 5.3]},
			"faces": {
				"north": {"uv": [2.25, 6, 2.5, 6.4375], "texture": "#0"},
				"east": {"uv": [5.3125, 8, 5.25, 8.4375], "texture": "#0"},
				"south": {"uv": [1.25, 6.25, 1.5, 6.6875], "texture": "#0"},
				"west": {"uv": [5.25, 8, 5.3125, 8.4375], "texture": "#0"},
				"up": {"uv": [0.75, 8.5625, 0.5, 8.5], "texture": "#0"},
				"down": {"uv": [8.75, 0.5, 8.5, 0.5625], "texture": "#0"}
			}
		},
		{
			"from": [7.475, 7.44375, 14.75],
			"to": [8.525, 9.46875, 15.125],
			"shade": false,
			"rotation": {"angle": 0, "axis": "y", "origin": [8, 6.37509, 5.3]},
			"faces": {
				"north": {"uv": [3.25, 5.75, 3.5, 6.25], "texture": "#0"},
				"east": {"uv": [7.625, 1, 7.5, 1.5], "texture": "#0"},
				"south": {"uv": [5.75, 3.5, 6, 4], "texture": "#0"},
				"west": {"uv": [7.5, 1, 7.625, 1.5], "texture": "#0"},
				"up": {"uv": [1, 8.125, 0.75, 8], "texture": "#0"},
				"down": {"uv": [8.25, 0.75, 8, 0.875], "texture": "#0"}
			}
		},
		{
			"from": [7.475, 7.26875, 14.925],
			"to": [8.525, 7.44375, 15.125],
			"shade": false,
			"rotation": {"angle": 0, "axis": "y", "origin": [8, 6.37509, 5.3]},
			"faces": {
				"north": {"uv": [8.5, 0.75, 8.75, 0.8125], "texture": "#0"},
				"east": {"uv": [6.3125, 8.75, 6.25, 8.8125], "texture": "#0"},
				"south": {"uv": [1, 8.5, 1.25, 8.5625], "texture": "#0"},
				"west": {"uv": [6.25, 8.75, 6.3125, 8.8125], "texture": "#0"},
				"up": {"uv": [8.75, 1.0625, 8.5, 1], "texture": "#0"},
				"down": {"uv": [1.5, 8.5, 1.25, 8.5625], "texture": "#0"}
			}
		},
		{
			"from": [7.475, 7.06875, 15.125],
			"to": [8.525, 9.66875, 15.5],
			"shade": false,
			"rotation": {"angle": 0, "axis": "y", "origin": [8, 6.37509, 5.3]},
			"faces": {
				"north": {"uv": [5.5, 4.5, 5.75, 5.125], "texture": "#0"},
				"east": {"uv": [7.125, 5.25, 7, 5.875], "texture": "#0"},
				"south": {"uv": [4.75, 5.5, 5, 6.125], "texture": "#0"},
				"west": {"uv": [7, 5.25, 7.125, 5.875], "texture": "#0"},
				"up": {"uv": [1.25, 8.125, 1, 8], "texture": "#0"},
				"down": {"uv": [1.5, 8, 1.25, 8.125], "texture": "#0"}
			}
		},
		{
			"from": [7.475, 6.89375, 15.3],
			"to": [8.525, 7.06875, 15.5],
			"shade": false,
			"rotation": {"angle": 0, "axis": "y", "origin": [8, 6.37509, 5.3]},
			"faces": {
				"north": {"uv": [8.5, 1.25, 8.75, 1.3125], "texture": "#0"},
				"east": {"uv": [6.5625, 8.75, 6.5, 8.8125], "texture": "#0"},
				"south": {"uv": [1.5, 8.5, 1.75, 8.5625], "texture": "#0"},
				"west": {"uv": [6.5, 8.75, 6.5625, 8.8125], "texture": "#0"},
				"up": {"uv": [2, 8.5625, 1.75, 8.5], "texture": "#0"},
				"down": {"uv": [8.75, 1.75, 8.5, 1.8125], "texture": "#0"}
			}
		},
		{
			"from": [7.475, 6.69375, 15.5],
			"to": [8.525, 9.66875, 15.875],
			"shade": false,
			"rotation": {"angle": 0, "axis": "y", "origin": [8, 6.37509, 5.3]},
			"faces": {
				"north": {"uv": [1.25, 5.5, 1.5, 6.25], "texture": "#0"},
				"east": {"uv": [6.875, 5.25, 6.75, 6], "texture": "#0"},
				"south": {"uv": [5.5, 1.5, 5.75, 2.25], "texture": "#0"},
				"west": {"uv": [6.75, 5.25, 6.875, 6], "texture": "#0"},
				"up": {"uv": [1.75, 8.125, 1.5, 8], "texture": "#0"},
				"down": {"uv": [2, 8, 1.75, 8.125], "texture": "#0"}
			}
		},
		{
			"from": [7.475, 6.51875, 15.675],
			"to": [8.525, 6.69375, 15.875],
			"shade": false,
			"rotation": {"angle": 0, "axis": "y", "origin": [8, 6.37509, 5.3]},
			"faces": {
				"north": {"uv": [2, 8.5, 2.25, 8.5625], "texture": "#0"},
				"east": {"uv": [6.8125, 8.75, 6.75, 8.8125], "texture": "#0"},
				"south": {"uv": [2.25, 8.5, 2.5, 8.5625], "texture": "#0"},
				"west": {"uv": [6.75, 8.75, 6.8125, 8.8125], "texture": "#0"},
				"up": {"uv": [8.75, 2.3125, 8.5, 2.25], "texture": "#0"},
				"down": {"uv": [8.75, 2.5, 8.5, 2.5625], "texture": "#0"}
			}
		},
		{
			"from": [7.475, 6.34375, 15.875],
			"to": [8.525, 9.66875, 16.05],
			"shade": false,
			"rotation": {"angle": 0, "axis": "y", "origin": [8, 6.37509, 5.3]},
			"faces": {
				"north": {"uv": [5.25, 1.5, 5.5, 2.3125], "texture": "#0"},
				"east": {"uv": [7.5625, 7, 7.5, 7.8125], "texture": "#0"},
				"south": {"uv": [5, 5.25, 5.25, 6.0625], "texture": "#0"},
				"west": {"uv": [7.5, 7, 7.5625, 7.8125], "texture": "#0"},
				"up": {"uv": [8.75, 2.8125, 8.5, 2.75], "texture": "#0"},
				"down": {"uv": [3.25, 8.5, 3, 8.5625], "texture": "#0"}
			}
		},
		{
			"from": [7.475, 8.74375, 16.05],
			"to": [8.525, 9.66875, 19.6],
			"shade": false,
			"rotation": {"angle": 0, "axis": "y", "origin": [8, 6.37509, 5.3]},
			"faces": {
				"north": {"uv": [7.5, 1.5, 7.75, 1.75], "texture": "#0"},
				"east": {"uv": [5.875, 0.5, 5, 0.75], "texture": "#0"},
				"south": {"uv": [1.75, 7.5, 2, 7.75], "texture": "#0"},
				"west": {"uv": [5, 0.5, 5.875, 0.75], "texture": "#0"},
				"up": {"uv": [4.25, 1.875, 4, 1], "texture": "#0"},
				"down": {"uv": [2.5, 5, 2.25, 5.875], "texture": "#0"}
			}
		},
		{
			"from": [7.475, 7.99375, 16.05],
			"to": [8.525, 8.16875, 16.25],
			"shade": false,
			"rotation": {"angle": 0, "axis": "y", "origin": [8, 6.37509, 5.3]},
			"faces": {
				"north": {"uv": [8.5, 3, 8.75, 3.0625], "texture": "#0"},
				"east": {"uv": [7.0625, 8.75, 7, 8.8125], "texture": "#0"},
				"south": {"uv": [8.5, 3.25, 8.75, 3.3125], "texture": "#0"},
				"west": {"uv": [7, 8.75, 7.0625, 8.8125], "texture": "#0"},
				"up": {"uv": [3.75, 8.5625, 3.5, 8.5], "texture": "#0"},
				"down": {"uv": [8.75, 3.5, 8.5, 3.5625], "texture": "#0"}
			}
		},
		{
			"from": [7.475, 6.14375, 16.05],
			"to": [8.525, 7.99375, 16.425],
			"shade": false,
			"rotation": {"angle": 0, "axis": "y", "origin": [8, 6.37509, 5.3]},
			"faces": {
				"north": {"uv": [3.25, 6.25, 3.5, 6.6875], "texture": "#0"},
				"east": {"uv": [6.875, 7.5, 6.75, 7.9375], "texture": "#0"},
				"south": {"uv": [6.25, 5, 6.5, 5.4375], "texture": "#0"},
				"west": {"uv": [6.75, 7.5, 6.875, 7.9375], "texture": "#0"},
				"up": {"uv": [8.25, 2.125, 8, 2], "texture": "#0"},
				"down": {"uv": [2.75, 8, 2.5, 8.125], "texture": "#0"}
			}
		},
		{
			"from": [7.475, 6.14375, 16.425],
			"to": [8.525, 7.99375, 16.6],
			"shade": false,
			"rotation": {"angle": 0, "axis": "y", "origin": [8, 6.37509, 5.3]},
			"faces": {
				"north": {"uv": [5.25, 6.25, 5.5, 6.6875], "texture": "#0"},
				"east": {"uv": [5.8125, 8, 5.75, 8.4375], "texture": "#0"},
				"south": {"uv": [6.25, 5.5, 6.5, 5.9375], "texture": "#0"},
				"west": {"uv": [5.75, 8, 5.8125, 8.4375], "texture": "#0"},
				"up": {"uv": [4, 8.5625, 3.75, 8.5], "texture": "#0"},
				"down": {"uv": [8.75, 3.75, 8.5, 3.8125], "texture": "#0"}
			}
		},
		{
			"from": [7.475, 6.31875, 16.6],
			"to": [8.525, 7.79375, 16.775],
			"shade": false,
			"rotation": {"angle": 0, "axis": "y", "origin": [8, 6.37509, 5.3]},
			"faces": {
				"north": {"uv": [5.75, 6.75, 6, 7.125], "texture": "#0"},
				"east": {"uv": [8.3125, 0.75, 8.25, 1.125], "texture": "#0"},
				"south": {"uv": [6, 6.75, 6.25, 7.125], "texture": "#0"},
				"west": {"uv": [8.25, 0.75, 8.3125, 1.125], "texture": "#0"},
				"up": {"uv": [4.25, 8.5625, 4, 8.5], "texture": "#0"},
				"down": {"uv": [8.75, 4, 8.5, 4.0625], "texture": "#0"}
			}
		},
		{
			"from": [7.475, 6.51875, 16.775],
			"to": [8.525, 7.79375, 16.975],
			"shade": false,
			"rotation": {"angle": 0, "axis": "y", "origin": [8, 6.37509, 5.3]},
			"faces": {
				"north": {"uv": [7, 6.75, 7.25, 7.0625], "texture": "#0"},
				"east": {"uv": [2.5625, 8.25, 2.5, 8.5625], "texture": "#0"},
				"south": {"uv": [1.25, 7.25, 1.5, 7.5625], "texture": "#0"},
				"west": {"uv": [2.5, 8.25, 2.5625, 8.5625], "texture": "#0"},
				"up": {"uv": [4.5, 8.5625, 4.25, 8.5], "texture": "#0"},
				"down": {"uv": [8.75, 4.25, 8.5, 4.3125], "texture": "#0"}
			}
		},
		{
			"from": [7.475, 6.69375, 16.975],
			"to": [8.525, 7.79375, 18.275],
			"shade": false,
			"rotation": {"angle": 0, "axis": "y", "origin": [8, 6.37509, 5.3]},
			"faces": {
				"north": {"uv": [2, 7.5, 2.25, 7.75], "texture": "#0"},
				"east": {"uv": [7.5625, 0, 7.25, 0.25], "texture": "#0"},
				"south": {"uv": [7.5, 2.25, 7.75, 2.5], "texture": "#0"},
				"west": {"uv": [7.25, 0, 7.5625, 0.25], "texture": "#0"},
				"up": {"uv": [7.5, 1.5625, 7.25, 1.25], "texture": "#0"},
				"down": {"uv": [1.75, 7.25, 1.5, 7.5625], "texture": "#0"}
			}
		},
		{
			"from": [7.475, 6.51875, 18.275],
			"to": [8.525, 7.79375, 18.475],
			"shade": false,
			"rotation": {"angle": 0, "axis": "y", "origin": [8, 6.37509, 5.3]},
			"faces": {
				"north": {"uv": [2.25, 7.25, 2.5, 7.5625], "texture": "#0"},
				"east": {"uv": [3.3125, 8.25, 3.25, 8.5625], "texture": "#0"},
				"south": {"uv": [3.25, 7.25, 3.5, 7.5625], "texture": "#0"},
				"west": {"uv": [3.25, 8.25, 3.3125, 8.5625], "texture": "#0"},
				"up": {"uv": [4.75, 8.5625, 4.5, 8.5], "texture": "#0"},
				"down": {"uv": [8.75, 4.5, 8.5, 4.5625], "texture": "#0"}
			}
		},
		{
			"from": [7.475, 6.31875, 18.475],
			"to": [8.525, 8.74375, 18.65],
			"shade": false,
			"rotation": {"angle": 0, "axis": "y", "origin": [8, 6.37509, 5.3]},
			"faces": {
				"north": {"uv": [5.5, 5.25, 5.75, 5.875], "texture": "#0"},
				"east": {"uv": [4.5625, 7.75, 4.5, 8.375], "texture": "#0"},
				"south": {"uv": [1.5, 5.75, 1.75, 6.375], "texture": "#0"},
				"west": {"uv": [4.5, 7.75, 4.5625, 8.375], "texture": "#0"},
				"up": {"uv": [5, 8.5625, 4.75, 8.5], "texture": "#0"},
				"down": {"uv": [8.75, 4.75, 8.5, 4.8125], "texture": "#0"}
			}
		},
		{
			"from": [7.475, 8.36875, 18.3],
			"to": [8.525, 8.74375, 18.475],
			"shade": false,
			"rotation": {"angle": 0, "axis": "y", "origin": [8, 6.37509, 5.3]},
			"faces": {
				"north": {"uv": [8, 2.5, 8.25, 2.625], "texture": "#0"},
				"east": {"uv": [3.8125, 8.75, 3.75, 8.875], "texture": "#0"},
				"south": {"uv": [2.75, 8, 3, 8.125], "texture": "#0"},
				"west": {"uv": [3.75, 8.75, 3.8125, 8.875], "texture": "#0"},
				"up": {"uv": [5.25, 8.5625, 5, 8.5], "texture": "#0"},
				"down": {"uv": [8.75, 5, 8.5, 5.0625], "texture": "#0"}
			}
		},
		{
			"from": [7.475, 8.54375, 18.125],
			"to": [8.525, 8.74375, 18.3],
			"shade": false,
			"rotation": {"angle": 0, "axis": "y", "origin": [8, 6.37509, 5.3]},
			"faces": {
				"north": {"uv": [5.25, 8.5, 5.5, 8.5625], "texture": "#0"},
				"east": {"uv": [7.3125, 8.75, 7.25, 8.8125], "texture": "#0"},
				"south": {"uv": [8.5, 5.25, 8.75, 5.3125], "texture": "#0"},
				"west": {"uv": [7.25, 8.75, 7.3125, 8.8125], "texture": "#0"},
				"up": {"uv": [5.75, 8.5625, 5.5, 8.5], "texture": "#0"},
				"down": {"uv": [8.75, 5.5, 8.5, 5.5625], "texture": "#0"}
			}
		},
		{
			"from": [7.475, 6.14375, 18.65],
			"to": [8.525, 8.74375, 19.6],
			"shade": false,
			"rotation": {"angle": 0, "axis": "y", "origin": [8, 6.37509, 5.3]},
			"faces": {
				"north": {"uv": [5.75, 1.5, 6, 2.125], "texture": "#0"},
				"east": {"uv": [3.25, 5.75, 3, 6.375], "texture": "#0"},
				"south": {"uv": [2.75, 5.75, 3, 6.375], "texture": "#0"},
				"west": {"uv": [3, 5.75, 3.25, 6.375], "texture": "#0"},
				"up": {"uv": [2.75, 7.75, 2.5, 7.5], "texture": "#0"},
				"down": {"uv": [3, 7.5, 2.75, 7.75], "texture": "#0"}
			}
		},
		{
			"from": [7.475, 6.34375, 19.6],
			"to": [8.525, 9.49375, 19.775],
			"shade": false,
			"rotation": {"angle": 0, "axis": "y", "origin": [8, 6.37509, 5.3]},
			"faces": {
				"north": {"uv": [5.25, 5.25, 5.5, 6.0625], "texture": "#0"},
				"east": {"uv": [0.0625, 7.75, 0, 8.5625], "texture": "#0"},
				"south": {"uv": [1, 5.5, 1.25, 6.3125], "texture": "#0"},
				"west": {"uv": [0, 7.75, 0.0625, 8.5625], "texture": "#0"},
				"up": {"uv": [6, 8.5625, 5.75, 8.5], "texture": "#0"},
				"down": {"uv": [8.75, 5.75, 8.5, 5.8125], "texture": "#0"}
			}
		},
		{
			"from": [5.525, 4.44375, 5.425],
			"to": [10.475, 7.79375, 8.775],
			"shade": false,
			"rotation": {"angle": 0, "axis": "y", "origin": [8, 6.37509, 5.3]},
			"faces": {
				"north": {"uv": [2.5, 1, 1.25, 1.8125], "texture": "#0"},
				"east": {"uv": [1.3125, 3.75, 0.5, 4.5625], "texture": "#0"},
				"south": {"uv": [1.25, 1, 2.5, 1.8125], "texture": "#0"},
				"west": {"uv": [4, 0, 4.8125, 0.8125], "texture": "#0"},
				"up": {"uv": [1.25, 2.8125, 0, 2], "texture": "#0"},
				"down": {"uv": [2.5, 2, 1.25, 2.8125], "texture": "#0"}
			}
		},
		{
			"from": [5.525, 4.26875, 5.6],
			"to": [10.475, 4.44375, 8.6],
			"shade": false,
			"rotation": {"angle": 0, "axis": "y", "origin": [8, 6.37509, 5.3]},
			"faces": {
				"north": {"uv": [7.25, 1.75, 8.5, 1.8125], "texture": "#0"},
				"east": {"uv": [2, 7.75, 1.25, 7.8125], "texture": "#0"},
				"south": {"uv": [7.25, 4.5, 8.5, 4.5625], "texture": "#0"},
				"west": {"uv": [7.75, 1.25, 8.5, 1.3125], "texture": "#0"},
				"up": {"uv": [1.75, 3.75, 0.5, 3], "texture": "#0"},
				"down": {"uv": [4.25, 2.25, 3, 3], "texture": "#0"}
			}
		},
		{
			"from": [5.525, 7.79375, 5.425],
			"to": [5.925, 8.44375, 8.775],
			"shade": false,
			"rotation": {"angle": 0, "axis": "y", "origin": [8, 6.37509, 5.3]},
			"faces": {
				"north": {"uv": [1, 8.25, 1.125, 8.4375], "texture": "#0"},
				"east": {"uv": [6.3125, 0.25, 5.5, 0.4375], "texture": "#0"},
				"south": {"uv": [1.25, 8.25, 1.375, 8.4375], "texture": "#0"},
				"west": {"uv": [5.5, 2.25, 6.3125, 2.4375], "texture": "#0"},
				"up": {"uv": [0.625, 7.3125, 0.5, 6.5], "texture": "#0"},
				"down": {"uv": [0.875, 6.5, 0.75, 7.3125], "texture": "#0"}
			}
		},
		{
			"from": [5.925, 7.79375, 5.725],
			"to": [6.675, 8.54375, 8.475],
			"shade": false,
			"rotation": {"angle": 0, "axis": "y", "origin": [8, 6.37509, 5.3]},
			"faces": {
				"north": {"uv": [12.1875, 9.3125, 12.375, 9.5], "texture": "#0"},
				"east": {"uv": [9.9375, 3.3125, 10.625, 3.5], "texture": "#0"},
				"south": {"uv": [9.6875, 11.8125, 9.875, 12], "texture": "#0"},
				"west": {"uv": [9.9375, 3.3125, 10.625, 3.5], "texture": "#0"},
				"up": {"uv": [4.875, 9.8125, 4.6875, 10.5], "rotation": 180, "texture": "#0"},
				"down": {"uv": [4.875, 10.5, 4.6875, 9.8125], "rotation": 180, "texture": "#0"}
			}
		},
		{
			"from": [6.175, 8.54375, 5.725],
			"to": [6.925, 9.29375, 8.475],
			"shade": false,
			"rotation": {"angle": 0, "axis": "y", "origin": [8, 6.37509, 5.3]},
			"faces": {
				"north": {"uv": [12.1875, 9.3125, 12.375, 9.5], "texture": "#0"},
				"east": {"uv": [9.9375, 3.3125, 10.625, 3.5], "texture": "#0"},
				"south": {"uv": [9.6875, 11.8125, 9.875, 12], "texture": "#0"},
				"west": {"uv": [9.9375, 3.3125, 10.625, 3.5], "texture": "#0"},
				"up": {"uv": [4.875, 9.8125, 4.6875, 10.5], "rotation": 180, "texture": "#0"},
				"down": {"uv": [4.875, 10.5, 4.6875, 9.8125], "rotation": 180, "texture": "#0"}
			}
		},
		{
			"from": [6.425, 9.29375, 5.725],
			"to": [7.175, 10.04375, 8.475],
			"shade": false,
			"rotation": {"angle": 0, "axis": "y", "origin": [8, 6.37509, 5.3]},
			"faces": {
				"north": {"uv": [12.1875, 9.3125, 12.375, 9.5], "texture": "#0"},
				"east": {"uv": [9.9375, 3.3125, 10.625, 3.5], "texture": "#0"},
				"south": {"uv": [9.6875, 11.8125, 9.875, 12], "texture": "#0"},
				"west": {"uv": [9.9375, 3.3125, 10.625, 3.5], "texture": "#0"},
				"up": {"uv": [4.6875, 9.8125, 4.875, 10.5], "rotation": 180, "texture": "#0"},
				"down": {"uv": [4.875, 10.5, 4.6875, 9.8125], "rotation": 180, "texture": "#0"}
			}
		},
		{
			"from": [7.575, 10.81875, 9.225],
			"to": [7.775, 11.14375, 9.9],
			"shade": false,
			"rotation": {"angle": 0, "axis": "y", "origin": [8, 6.37509, 5.3]},
			"faces": {
				"north": {"uv": [8.75, 7.25, 8.8125, 7.3125], "texture": "#0"},
				"east": {"uv": [0.9375, 8.75, 0.75, 8.8125], "texture": "#0"},
				"south": {"uv": [7.5, 8.75, 7.5625, 8.8125], "texture": "#0"},
				"west": {"uv": [0.75, 8.75, 0.9375, 8.8125], "texture": "#0"},
				"up": {"uv": [8.8125, 0.9375, 8.75, 0.75], "texture": "#0"},
				"down": {"uv": [1.0625, 8.75, 1, 8.9375], "texture": "#0"}
			}
		},
		{
			"from": [8.225, 10.81875, 9.225],
			"to": [8.425, 11.14375, 9.9],
			"shade": false,
			"rotation": {"angle": 0, "axis": "y", "origin": [8, 6.37509, 5.3]},
			"faces": {
				"north": {"uv": [8.75, 7.5, 8.8125, 7.5625], "texture": "#0"},
				"east": {"uv": [0.9375, 8.75, 0.75, 8.8125], "texture": "#0"},
				"south": {"uv": [7.75, 8.75, 7.8125, 8.8125], "texture": "#0"},
				"west": {"uv": [0.75, 8.75, 0.9375, 8.8125], "texture": "#0"},
				"up": {"uv": [8.8125, 1.4375, 8.75, 1.25], "texture": "#0"},
				"down": {"uv": [1.5625, 8.75, 1.5, 8.9375], "texture": "#0"}
			}
		},
		{
			"from": [8.225, 10.81875, 8.8],
			"to": [8.425, 11.39375, 9.225],
			"shade": false,
			"rotation": {"angle": 0, "axis": "y", "origin": [8, 6.37509, 5.3]},
			"faces": {
				"north": {"uv": [8.75, 3.75, 8.8125, 3.875], "texture": "#0"},
				"east": {"uv": [8.625, 7.25, 8.5, 7.375], "texture": "#0"},
				"south": {"uv": [4, 8.75, 4.0625, 8.875], "texture": "#0"},
				"west": {"uv": [0.9375, 8.75, 0.75, 8.8125], "texture": "#0"},
				"up": {"uv": [8.8125, 4.125, 8.75, 4], "texture": "#0"},
				"down": {"uv": [4.3125, 8.75, 4.25, 8.875], "texture": "#0"}
			}
		},
		{
			"from": [7.575, 10.81875, 8.8],
			"to": [7.775, 11.39375, 9.225],
			"shade": false,
			"rotation": {"angle": 0, "axis": "y", "origin": [8, 6.37509, 5.3]},
			"faces": {
				"north": {"uv": [8.75, 4.25, 8.8125, 4.375], "texture": "#0"},
				"east": {"uv": [0.9375, 8.75, 0.75, 8.8125], "texture": "#0"},
				"south": {"uv": [4.5, 8.75, 4.5625, 8.875], "texture": "#0"},
				"west": {"uv": [8.5, 7.25, 8.625, 7.375], "texture": "#0"},
				"up": {"uv": [8.8125, 4.625, 8.75, 4.5], "texture": "#0"},
				"down": {"uv": [4.8125, 8.75, 4.75, 8.875], "texture": "#0"}
			}
		}
	],
	"display": {
		"thirdperson_righthand": {
			"rotation": [67.5, 0, 0],
			"translation": [-1.75, 4.5, 1.75]
		},
		"thirdperson_lefthand": {
			"rotation": [67.5, 0, 0],
			"translation": [-1.75, 4.5, 1.75]
		},
		"firstperson_righthand": {
			"translation": [-1.5, 2, -6.5],
			"scale": [2, 2, 2]
		},
		"firstperson_lefthand": {
			"translation": [-1.5, 2, -6.5],
			"scale": [2, 2, 2]
		},
		"ground": {
			"translation": [0, 4.5, 2.75]
		},
		"gui": {
			"rotation": [163.34, -47.42, -178.07],
			"translation": [-2, -0.25, 0],
			"scale": [0.62, 0.62, 0.62]
		},
		"fixed": {
			"rotation": [0, 90, 0],
			"translation": [3.5, 0, -1.25],
			"scale": [2, 2, 2]
		}
	},
	"groups": [
		{
			"name": "chain_wrecker",
			"origin": [7.48553, 7.85103, 8.47938],
			"color": 0,
			"children": [
				{
					"name": "barrel",
					"origin": [8, 9.66875, -8.15],
					"color": 1,
					"children": [
						0,
						1,
						2,
						3,
						{
							"name": "barrel_cover",
							"origin": [8, 8, 8],
							"color": 0,
							"children": [4, 5, 6, 7, 8]
						},
						{
							"name": "iron_sight",
							"origin": [8, 8, 8],
							"color": 0,
							"children": [9, 10, 11, 12]
						}
					]
				},
				{
					"name": "bipod",
					"origin": [8, 9.66875, -8.15],
					"color": 4,
					"children": [13, 14, 15, 16, 17]
				},
				{
					"name": "handle",
					"origin": [8, 7.89375, 1.35],
					"color": 8,
					"children": [18, 19, 20, 21, 22, 23, 24]
				},
				{
					"name": "handle_guard",
					"origin": [8, 8, 8],
					"color": 0,
					"children": [25, 26, 27, 28, 29]
				},
				{
					"name": "body",
					"origin": [8, 8, 8],
					"color": 0,
					"children": [
						30,
						31,
						32,
						{
							"name": "reload_mechanism",
							"origin": [8, 7.425, 9.025],
							"color": 4,
							"children": [33, 34, 35, 36, 37]
						},
						38,
						39
					]
				},
				{
					"name": "stock",
					"origin": [8, 7.55, 8.1],
					"color": 0,
					"children": [40, 41, 42, 43, 44, 45, 46, 47, 48, 49, 50, 51, 52, 53, 54, 55, 56, 57, 58, 59, 60, 61]
				},
				{
					"name": "ammo_box",
					"origin": [8, 7.55, 8.1],
					"color": 0,
					"children": [
						{
							"name": "box",
							"origin": [8, 7.4, 8.1],
							"color": 0,
							"children": [62, 63, 64]
						},
						{
							"name": "bullets",
							"origin": [8, 7.4, 8.1],
							"color": 0,
							"children": [65, 66, 67]
						}
					]
				},
				{
					"name": "iron_sight",
					"origin": [8, 7.525, 9.025],
					"color": 0,
					"children": [68, 69, 70, 71]
				}
			]
		}
	]
}