{
	"credit": "Made with Blockbench",
	"texture_size": [64, 64],
	"textures": {
		"2": "aoa3:item/dark_destroyer"
	},
	"elements": [
		{
			"from": [6.85587, 8.99388, 10.46841],
			"to": [9.12387, 9.75933, 15.00441],
			"rotation": {"angle": 0, "axis": "y", "origin": [8, 8, 8]},
			"faces": {
				"north": {"uv": [11.75, 2.5, 12.3125, 2.6875], "texture": "#2"},
				"east": {"uv": [11, 10.5, 12.125, 10.6875], "texture": "#2"},
				"south": {"uv": [11.75, 2.75, 12.3125, 2.9375], "texture": "#2"},
				"west": {"uv": [11, 10.75, 12.125, 10.9375], "texture": "#2"},
				"up": {"uv": [2.0625, 8.625, 1.5, 7.5], "texture": "#2"},
				"down": {"uv": [0.5625, 7.75, 0, 8.875], "texture": "#2"}
			}
		},
		{
			"from": [6.85587, 4.82643, 11.60241],
			"to": [9.12387, 5.59188, 14.43741],
			"rotation": {"angle": 0, "axis": "y", "origin": [8, 8, 8]},
			"faces": {
				"north": {"uv": [3.25, 11.75, 3.8125, 11.9375], "texture": "#2"},
				"east": {"uv": [6.5, 11.5, 7.1875, 11.6875], "texture": "#2"},
				"south": {"uv": [11.75, 4.5, 12.3125, 4.6875], "texture": "#2"},
				"west": {"uv": [7.25, 11.5, 7.9375, 11.6875], "texture": "#2"},
				"up": {"uv": [8.8125, 10.4375, 8.25, 9.75], "texture": "#2"},
				"down": {"uv": [9.5625, 9.75, 9, 10.4375], "texture": "#2"}
			}
		},
		{
			"from": [7.42287, 4.06098, 12.16941],
			"to": [8.55687, 4.82643, 13.87041],
			"rotation": {"angle": 0, "axis": "y", "origin": [8, 8, 8]},
			"faces": {
				"north": {"uv": [10.25, 12.25, 10.5625, 12.4375], "texture": "#2"},
				"east": {"uv": [6, 12, 6.4375, 12.1875], "texture": "#2"},
				"south": {"uv": [12.25, 10.5, 12.5625, 10.6875], "texture": "#2"},
				"west": {"uv": [12.25, 1.25, 12.6875, 1.4375], "texture": "#2"},
				"up": {"uv": [4.8125, 11.9375, 4.5, 11.5], "texture": "#2"},
				"down": {"uv": [5.3125, 11.5, 5, 11.9375], "texture": "#2"}
			}
		},
		{
			"from": [6.00537, 5.59188, 10.46841],
			"to": [9.97437, 8.99388, 15.57141],
			"rotation": {"angle": 0, "axis": "y", "origin": [8, 8, 8]},
			"faces": {
				"north": {"uv": [7, 0.5, 8, 1.375], "texture": "#2"},
				"east": {"uv": [6.25, 4.25, 5, 5.125], "texture": "#2"},
				"south": {"uv": [7, 6.25, 8, 7.125], "texture": "#2"},
				"west": {"uv": [5, 4.25, 6.25, 5.125], "texture": "#2"},
				"up": {"uv": [5, 3.5, 4, 2.25], "texture": "#2"},
				"down": {"uv": [5, 3.5, 4, 4.75], "texture": "#2"}
			}
		},
		{
			"from": [6.62907, 6.83361, 15.5714],
			"to": [9.35067, 7.3836, 17.38013],
			"rotation": {"angle": 0, "axis": "y", "origin": [8, 8, 8]},
			"faces": {
				"north": {"uv": [12, 4.25, 12.6875, 4.375], "texture": "#2"},
				"east": {"uv": [11.5, 12.25, 11.9375, 12.375], "texture": "#2"},
				"south": {"uv": [4.5, 12, 5.1875, 12.125], "texture": "#2"},
				"west": {"uv": [12, 12.25, 12.4375, 12.375], "texture": "#2"},
				"up": {"uv": [10.9375, 10.9375, 10.25, 10.5], "texture": "#2"},
				"down": {"uv": [2.6875, 10.75, 2, 11.1875], "texture": "#2"}
			}
		},
		{
			"from": [6.62907, 7.3836, 15.54305],
			"to": [9.35067, 7.8939, 16.13273],
			"rotation": {"angle": 0, "axis": "y", "origin": [8, 8, 8]},
			"faces": {
				"north": {"uv": [5.25, 12, 5.9375, 12.125], "texture": "#2"},
				"east": {"uv": [9, 12.5, 9.125, 12.625], "texture": "#2"},
				"south": {"uv": [12, 5.5, 12.6875, 5.625], "texture": "#2"},
				"west": {"uv": [10.25, 12.5, 10.375, 12.625], "texture": "#2"},
				"up": {"uv": [12.6875, 7.625, 12, 7.5], "texture": "#2"},
				"down": {"uv": [12.6875, 11.25, 12, 11.375], "texture": "#2"}
			}
		},
		{
			"from": [6.62907, 5.20632, 14.4374],
			"to": [9.35067, 6.28362, 16.13273],
			"rotation": {"angle": 0, "axis": "y", "origin": [8, 8, 8]},
			"faces": {
				"north": {"uv": [2.25, 9, 2.9375, 9.25], "texture": "#2"},
				"east": {"uv": [11.75, 2, 12.1875, 2.25], "texture": "#2"},
				"south": {"uv": [11.25, 5.5, 11.9375, 5.75], "texture": "#2"},
				"west": {"uv": [11.75, 2.25, 12.1875, 2.5], "texture": "#2"},
				"up": {"uv": [3.4375, 11.1875, 2.75, 10.75], "texture": "#2"},
				"down": {"uv": [11.4375, 3, 10.75, 3.4375], "texture": "#2"}
			}
		},
		{
			"from": [6.62907, 6.28362, 15.5714],
			"to": [9.35067, 6.83361, 18.71258],
			"rotation": {"angle": 0, "axis": "y", "origin": [8, 8, 8]},
			"faces": {
				"north": {"uv": [12, 11.5, 12.6875, 11.625], "texture": "#2"},
				"east": {"uv": [11.75, 5.25, 12.5625, 5.375], "texture": "#2"},
				"south": {"uv": [12, 11.75, 12.6875, 11.875], "texture": "#2"},
				"west": {"uv": [5.5, 11.75, 6.3125, 11.875], "texture": "#2"},
				"up": {"uv": [8.6875, 1.3125, 8, 0.5], "texture": "#2"},
				"down": {"uv": [7.4375, 8, 6.75, 8.8125], "texture": "#2"}
			}
		},
		{
			"from": [6.62907, 5.77332, 16.13273],
			"to": [9.35067, 6.28362, 17.82806],
			"rotation": {"angle": 0, "axis": "y", "origin": [8, 8, 8]},
			"faces": {
				"north": {"uv": [12, 12, 12.6875, 12.125], "texture": "#2"},
				"east": {"uv": [0, 12.5, 0.4375, 12.625], "texture": "#2"},
				"south": {"uv": [1, 12.25, 1.6875, 12.375], "texture": "#2"},
				"west": {"uv": [0.5, 12.5, 0.9375, 12.625], "texture": "#2"},
				"up": {"uv": [11.4375, 6.9375, 10.75, 6.5], "texture": "#2"},
				"down": {"uv": [11.4375, 7, 10.75, 7.4375], "texture": "#2"}
			}
		},
		{
			"from": [5.45862, 4.17438, 6.21591],
			"to": [10.52112, 5.87538, 9.33441],
			"rotation": {"angle": 0, "axis": "y", "origin": [8, 8, 8]},
			"faces": {
				"north": {"uv": [8.25, 1.5, 9.5, 1.9375], "texture": "#2"},
				"east": {"uv": [10.5, 4.5, 11.25, 4.9375], "texture": "#2"},
				"south": {"uv": [8.25, 2, 9.5, 2.4375], "texture": "#2"},
				"west": {"uv": [10.5, 5, 11.25, 5.4375], "texture": "#2"},
				"up": {"uv": [7.5, 5, 6.25, 4.25], "texture": "#2"},
				"down": {"uv": [5.75, 6.25, 4.5, 7], "texture": "#2"}
			}
		},
		{
			"from": [5.43837, 3.60738, 9.22101],
			"to": [10.54137, 10.41138, 10.58181],
			"rotation": {"angle": 0, "axis": "y", "origin": [8, 8, 8]},
			"faces": {
				"north": {"uv": [0, 0, 1.25, 1.6875], "texture": "#2"},
				"east": {"uv": [8.25, 7.5, 8.5625, 9.1875], "texture": "#2"},
				"south": {"uv": [1.25, 0, 2.5, 1.6875], "texture": "#2"},
				"west": {"uv": [1.5, 8.75, 1.8125, 10.4375], "texture": "#2"},
				"up": {"uv": [10.75, 3.3125, 9.5, 3], "texture": "#2"},
				"down": {"uv": [11, 0.5, 9.75, 0.8125], "texture": "#2"}
			}
		},
		{
			"from": [5.45862, 4.17438, 3.09741],
			"to": [10.52112, 5.87538, 6.21591],
			"rotation": {"angle": 0, "axis": "y", "origin": [8, 8, 8]},
			"faces": {
				"north": {"uv": [8.25, 2.5, 9.5, 2.9375], "texture": "#2"},
				"east": {"uv": [6.5, 10.5, 7.25, 10.9375], "texture": "#2"},
				"south": {"uv": [8.25, 3, 9.5, 3.4375], "texture": "#2"},
				"west": {"uv": [8, 10.5, 8.75, 10.9375], "texture": "#2"},
				"up": {"uv": [7.5, 5.75, 6.25, 5], "texture": "#2"},
				"down": {"uv": [7, 6.25, 5.75, 7], "texture": "#2"}
			}
		},
		{
			"from": [7.02597, 14.14291, 14.50518],
			"to": [8.95377, 15.16351, 19.15458],
			"rotation": {"angle": 22.5, "axis": "x", "origin": [8, 8, 8]},
			"faces": {
				"north": {"uv": [4.5, 6, 5, 6.25], "texture": "#2"},
				"east": {"uv": [5.75, 1, 6.9375, 1.25], "texture": "#2"},
				"south": {"uv": [6.5, 7, 7, 7.25], "texture": "#2"},
				"west": {"uv": [10.75, 7.5, 11.9375, 7.75], "texture": "#2"},
				"up": {"uv": [3.5, 9.1875, 3, 8], "texture": "#2"},
				"down": {"uv": [4, 8, 3.5, 9.1875], "texture": "#2"}
			}
		},
		{
			"from": [7.02597, 11.53471, 13.48458],
			"to": [8.95377, 14.14291, 14.73198],
			"rotation": {"angle": 22.5, "axis": "x", "origin": [8, 8, 8]},
			"faces": {
				"north": {"uv": [1.5, 10.5, 2, 11.125], "texture": "#2"},
				"east": {"uv": [7.25, 10.75, 7.5625, 11.375], "texture": "#2"},
				"south": {"uv": [8.75, 10.5, 9.25, 11.125], "texture": "#2"},
				"west": {"uv": [8, 11, 8.3125, 11.625], "texture": "#2"},
				"up": {"uv": [0.5, 11.8125, 0, 11.5], "texture": "#2"},
				"down": {"uv": [1, 11.5, 0.5, 11.8125], "texture": "#2"}
			}
		},
		{
			"from": [7.02597, 14.14291, 13.93818],
			"to": [8.95377, 14.70991, 14.50518],
			"rotation": {"angle": 22.5, "axis": "x", "origin": [8, 8, 8]},
			"faces": {
				"north": {"uv": [12.25, 3.25, 12.75, 3.375], "texture": "#2"},
				"east": {"uv": [10.5, 12.5, 10.625, 12.625], "texture": "#2"},
				"south": {"uv": [12.25, 3.5, 12.75, 3.625], "texture": "#2"},
				"west": {"uv": [12.5, 10.75, 12.625, 10.875], "texture": "#2"},
				"up": {"uv": [12.75, 3.875, 12.25, 3.75], "texture": "#2"},
				"down": {"uv": [12.75, 4, 12.25, 4.125], "texture": "#2"}
			}
		},
		{
			"from": [7.02597, 14.14291, 19.15458],
			"to": [8.95377, 14.70991, 19.72158],
			"rotation": {"angle": 22.5, "axis": "x", "origin": [8, 8, 8]},
			"faces": {
				"north": {"uv": [4.25, 12.25, 4.75, 12.375], "texture": "#2"},
				"east": {"uv": [12.5, 11, 12.625, 11.125], "texture": "#2"},
				"south": {"uv": [4.75, 12.25, 5.25, 12.375], "texture": "#2"},
				"west": {"uv": [11.5, 12.5, 11.625, 12.625], "texture": "#2"},
				"up": {"uv": [5.75, 12.375, 5.25, 12.25], "texture": "#2"},
				"down": {"uv": [6.25, 12.25, 5.75, 12.375], "texture": "#2"}
			}
		},
		{
			"from": [7.02597, 11.53471, 19.04118],
			"to": [8.95377, 14.14291, 20.28858],
			"rotation": {"angle": 22.5, "axis": "x", "origin": [8, 8, 8]},
			"faces": {
				"north": {"uv": [9.25, 10.5, 9.75, 11.125], "texture": "#2"},
				"east": {"uv": [11.25, 1.75, 11.5625, 2.375], "texture": "#2"},
				"south": {"uv": [9.75, 10.5, 10.25, 11.125], "texture": "#2"},
				"west": {"uv": [2.75, 11.25, 3.0625, 11.875], "texture": "#2"},
				"up": {"uv": [1.5, 11.8125, 1, 11.5], "texture": "#2"},
				"down": {"uv": [2, 11.5, 1.5, 11.8125], "texture": "#2"}
			}
		},
		{
			"from": [7.02597, 10.96771, 19.04118],
			"to": [8.95377, 11.53471, 19.60818],
			"rotation": {"angle": 22.5, "axis": "x", "origin": [8, 8, 8]},
			"faces": {
				"north": {"uv": [6.25, 12.25, 6.75, 12.375], "texture": "#2"},
				"east": {"uv": [11.75, 12.5, 11.875, 12.625], "texture": "#2"},
				"south": {"uv": [6.75, 12.25, 7.25, 12.375], "texture": "#2"},
				"west": {"uv": [12, 12.5, 12.125, 12.625], "texture": "#2"},
				"up": {"uv": [7.75, 12.375, 7.25, 12.25], "texture": "#2"},
				"down": {"uv": [12.75, 7.25, 12.25, 7.375], "texture": "#2"}
			}
		},
		{
			"from": [7.02597, 10.51411, 14.73198],
			"to": [8.95377, 11.53471, 19.04118],
			"rotation": {"angle": 22.5, "axis": "x", "origin": [8, 8, 8]},
			"faces": {
				"north": {"uv": [9.25, 9, 9.75, 9.25], "texture": "#2"},
				"east": {"uv": [11, 1.25, 12.0625, 1.5], "texture": "#2"},
				"south": {"uv": [5.5, 11.5, 6, 11.75], "texture": "#2"},
				"west": {"uv": [11, 9, 12.0625, 9.25], "texture": "#2"},
				"up": {"uv": [8, 9.0625, 7.5, 8], "texture": "#2"},
				"down": {"uv": [8.75, 6.25, 8.25, 7.3125], "texture": "#2"}
			}
		},
		{
			"from": [7.84297, 13.68931, 14.73198],
			"to": [8.13677, 14.14291, 16.26288],
			"rotation": {"angle": 22.5, "axis": "x", "origin": [8, 8, 8]},
			"faces": {
				"north": {"uv": [12.5, 12.5, 12.5625, 12.625], "texture": "#2"},
				"east": {"uv": [12.5, 1, 12.875, 1.125], "texture": "#2"},
				"south": {"uv": [0, 12.75, 0.0625, 12.875], "texture": "#2"},
				"west": {"uv": [1.5, 12.5, 1.875, 12.625], "texture": "#2"},
				"up": {"uv": [6.8125, 12.875, 6.75, 12.5], "texture": "#2"},
				"down": {"uv": [7.0625, 12.5, 7, 12.875], "texture": "#2"}
			}
		},
		{
			"from": [7.84297, 13.23571, 14.73198],
			"to": [8.13677, 13.68931, 15.41238],
			"rotation": {"angle": 22.5, "axis": "x", "origin": [8, 8, 8]},
			"faces": {
				"north": {"uv": [12.75, 0, 12.8125, 0.125], "texture": "#2"},
				"east": {"uv": [7.25, 12.5, 7.4375, 12.625], "texture": "#2"},
				"south": {"uv": [0.25, 12.75, 0.3125, 12.875], "texture": "#2"},
				"west": {"uv": [7.5, 12.5, 7.6875, 12.625], "texture": "#2"},
				"up": {"uv": [12.3125, 12.6875, 12.25, 12.5], "texture": "#2"},
				"down": {"uv": [12.5625, 12.25, 12.5, 12.4375], "texture": "#2"}
			}
		},
		{
			"from": [6.90235, 9.03781, -7.26173],
			"to": [9.09765, 9.56272, 1.70835],
			"rotation": {"angle": 0, "axis": "y", "origin": [8, 8, 8]},
			"faces": {
				"north": {"uv": [1.75, 12.25, 2.3125, 12.375], "texture": "#2"},
				"east": {"uv": [11, 0.25, 13.25, 0.375], "texture": "#2"},
				"south": {"uv": [12.25, 2, 12.8125, 2.125], "texture": "#2"},
				"west": {"uv": [11, 0.5, 13.25, 0.625], "texture": "#2"},
				"up": {"uv": [2.0625, 5.75, 1.5, 3.5], "texture": "#2"},
				"down": {"uv": [4.5625, 0, 4, 2.25], "texture": "#2"}
			}
		},
		{
			"from": [9.46645, 6.3626, -6.58673],
			"to": [10.13355, 8.5129, 1.70835],
			"rotation": {"angle": 0, "axis": "y", "origin": [8, 8, 8]},
			"faces": {
				"north": {"uv": [2.25, 3.5, 2.4375, 4.0625], "texture": "#2"},
				"east": {"uv": [4.75, 1.25, 6.8125, 1.8125], "texture": "#2"},
				"south": {"uv": [2.25, 4.25, 2.4375, 4.8125], "texture": "#2"},
				"west": {"uv": [5, 2, 7.0625, 2.5625], "texture": "#2"},
				"up": {"uv": [3.9375, 11.3125, 3.75, 9.25], "texture": "#2"},
				"down": {"uv": [7.9375, 9.25, 7.75, 11.3125], "texture": "#2"}
			}
		},
		{
			"from": [8.87065, 8.26291, -7.26173],
			"to": [9.82935, 9.03781, 1.70835],
			"rotation": {"angle": 0, "axis": "y", "origin": [8, 8, 8]},
			"faces": {
				"north": {"uv": [4.75, 2, 5, 2.1875], "texture": "#2"},
				"east": {"uv": [9, 5.5, 11.25, 5.6875], "texture": "#2"},
				"south": {"uv": [8.75, 4, 9, 4.1875], "texture": "#2"},
				"west": {"uv": [9.25, 5.75, 11.5, 5.9375], "texture": "#2"},
				"up": {"uv": [4.25, 10.25, 4, 8], "texture": "#2"},
				"down": {"uv": [4.5, 8, 4.25, 10.25], "texture": "#2"}
			}
		},
		{
			"from": [6.90235, 5.31279, -5.91173],
			"to": [9.09765, 5.83769, 1.70835],
			"rotation": {"angle": 0, "axis": "y", "origin": [8, 8, 8]},
			"faces": {
				"north": {"uv": [12.25, 2.25, 12.8125, 2.375], "texture": "#2"},
				"east": {"uv": [11, 9.25, 12.875, 9.375], "texture": "#2"},
				"south": {"uv": [2.75, 12.25, 3.3125, 12.375], "texture": "#2"},
				"west": {"uv": [11, 9.5, 12.875, 9.625], "texture": "#2"},
				"up": {"uv": [3.5625, 7.875, 3, 6], "texture": "#2"},
				"down": {"uv": [4.3125, 6, 3.75, 7.875], "texture": "#2"}
			}
		},
		{
			"from": [8.87065, 5.83769, -5.91173],
			"to": [9.82935, 6.3626, 1.70835],
			"rotation": {"angle": 0, "axis": "y", "origin": [8, 8, 8]},
			"faces": {
				"north": {"uv": [8.5, 11, 8.75, 11.125], "texture": "#2"},
				"east": {"uv": [11, 9.75, 12.875, 9.875], "texture": "#2"},
				"south": {"uv": [3.75, 11.5, 4, 11.625], "texture": "#2"},
				"west": {"uv": [11, 10, 12.875, 10.125], "texture": "#2"},
				"up": {"uv": [8.25, 10.375, 8, 8.5], "texture": "#2"},
				"down": {"uv": [2.25, 8.75, 2, 10.625], "texture": "#2"}
			}
		},
		{
			"from": [6.17065, 5.83769, -5.91173],
			"to": [7.12935, 6.3626, 1.70835],
			"rotation": {"angle": 0, "axis": "y", "origin": [8, 8, 8]},
			"faces": {
				"north": {"uv": [6.25, 12.5, 6.5, 12.625], "texture": "#2"},
				"east": {"uv": [10.25, 11, 12.125, 11.125], "texture": "#2"},
				"south": {"uv": [6.5, 12.5, 6.75, 12.625], "texture": "#2"},
				"west": {"uv": [11, 10.25, 12.875, 10.375], "texture": "#2"},
				"up": {"uv": [0.25, 10.875, 0, 9], "texture": "#2"},
				"down": {"uv": [0.5, 9, 0.25, 10.875], "texture": "#2"}
			}
		},
		{
			"from": [5.86645, 6.3626, -6.58673],
			"to": [6.53355, 8.5129, 1.70835],
			"rotation": {"angle": 0, "axis": "y", "origin": [8, 8, 8]},
			"faces": {
				"north": {"uv": [3.5, 9.75, 3.6875, 10.3125], "texture": "#2"},
				"east": {"uv": [5, 2.75, 7.0625, 3.3125], "texture": "#2"},
				"south": {"uv": [3.5, 10.5, 3.6875, 11.0625], "texture": "#2"},
				"west": {"uv": [5, 3.5, 7.0625, 4.0625], "texture": "#2"},
				"up": {"uv": [6.1875, 11.5625, 6, 9.5], "texture": "#2"},
				"down": {"uv": [6.4375, 9.5, 6.25, 11.5625], "texture": "#2"}
			}
		},
		{
			"from": [6.17065, 8.26291, -7.26173],
			"to": [7.12935, 9.03781, 1.70835],
			"rotation": {"angle": 0, "axis": "y", "origin": [8, 8, 8]},
			"faces": {
				"north": {"uv": [7.25, 9, 7.5, 9.1875], "texture": "#2"},
				"east": {"uv": [9.25, 6, 11.5, 6.1875], "texture": "#2"},
				"south": {"uv": [6.5, 10.25, 6.75, 10.4375], "texture": "#2"},
				"west": {"uv": [9.25, 6.25, 11.5, 6.4375], "texture": "#2"},
				"up": {"uv": [8.25, 8.5, 8, 6.25], "texture": "#2"},
				"down": {"uv": [6.75, 8, 6.5, 10.25], "texture": "#2"}
			}
		},
		{
			"from": [6.67184, 9.49753, -6.41038],
			"to": [9.32816, 10.13266, -0.06109],
			"rotation": {"angle": 0, "axis": "y", "origin": [8, 8, 8]},
			"faces": {
				"north": {"uv": [11.5, 7.25, 12.1875, 7.4375], "texture": "#2"},
				"east": {"uv": [10.75, 8.25, 12.3125, 8.4375], "texture": "#2"},
				"south": {"uv": [11.75, 0.75, 12.4375, 0.9375], "texture": "#2"},
				"west": {"uv": [10.75, 8.5, 12.3125, 8.6875], "texture": "#2"},
				"up": {"uv": [2.1875, 7.3125, 1.5, 5.75], "texture": "#2"},
				"down": {"uv": [0.6875, 6, 0, 7.5625], "texture": "#2"}
			}
		},
		{
			"from": [9.7744, 6.26052, -1.43063],
			"to": [10.5816, 8.36239, -0.06109],
			"rotation": {"angle": 0, "axis": "y", "origin": [8, 8, 8]},
			"faces": {
				"north": {"uv": [7, 1.5, 7.1875, 2], "texture": "#2"},
				"east": {"uv": [2, 11.5, 2.3125, 12], "texture": "#2"},
				"south": {"uv": [4.25, 11.75, 4.4375, 12.25], "texture": "#2"},
				"west": {"uv": [11.5, 3, 11.8125, 3.5], "texture": "#2"},
				"up": {"uv": [10.9375, 12.5625, 10.75, 12.25], "texture": "#2"},
				"down": {"uv": [12.4375, 10.75, 12.25, 11.0625], "texture": "#2"}
			}
		},
		{
			"from": [9.05348, 8.36239, -5.41038],
			"to": [10.21352, 9.49753, -0.06109],
			"rotation": {"angle": 0, "axis": "y", "origin": [8, 8, 8]},
			"faces": {
				"north": {"uv": [6.5, 11.75, 6.8125, 12.0625], "texture": "#2"},
				"east": {"uv": [2.25, 9.25, 3.5625, 9.5625], "texture": "#2"},
				"south": {"uv": [7, 11.75, 7.3125, 12.0625], "texture": "#2"},
				"west": {"uv": [9.25, 6.5, 10.5625, 6.8125], "texture": "#2"},
				"up": {"uv": [0.8125, 10.3125, 0.5, 9], "texture": "#2"},
				"down": {"uv": [1.3125, 9, 1, 10.3125], "texture": "#2"}
			}
		},
		{
			"from": [5.4184, 6.26052, -1.43063],
			"to": [6.2256, 8.36239, -0.06109],
			"rotation": {"angle": 0, "axis": "y", "origin": [8, 8, 8]},
			"faces": {
				"north": {"uv": [0.5, 12, 0.6875, 12.5], "texture": "#2"},
				"east": {"uv": [11.5, 3.5, 11.8125, 4], "texture": "#2"},
				"south": {"uv": [0.75, 12, 0.9375, 12.5], "texture": "#2"},
				"west": {"uv": [11.5, 4, 11.8125, 4.5], "texture": "#2"},
				"up": {"uv": [11.1875, 12.5625, 11, 12.25], "texture": "#2"},
				"down": {"uv": [11.4375, 12.25, 11.25, 12.5625], "texture": "#2"}
			}
		},
		{
			"from": [5.78648, 8.36239, -5.41038],
			"to": [6.94652, 9.49753, -0.06109],
			"rotation": {"angle": 0, "axis": "y", "origin": [8, 8, 8]},
			"faces": {
				"north": {"uv": [7.5, 11.75, 7.8125, 12.0625], "texture": "#2"},
				"east": {"uv": [9.25, 7, 10.5625, 7.3125], "texture": "#2"},
				"south": {"uv": [8, 11.75, 8.3125, 12.0625], "texture": "#2"},
				"west": {"uv": [9.25, 7.5, 10.5625, 7.8125], "texture": "#2"},
				"up": {"uv": [0.5, 10.3125, 0.8125, 9], "texture": "#2"},
				"down": {"uv": [7.5625, 9.25, 7.25, 10.5625], "texture": "#2"}
			}
		},
		{
			"from": [6.66171, 4.49025, -6.41038],
			"to": [9.31803, 5.12539, -0.06109],
			"rotation": {"angle": 0, "axis": "y", "origin": [8, 8, 8]},
			"faces": {
				"north": {"uv": [11.75, 1, 12.4375, 1.1875], "texture": "#2"},
				"east": {"uv": [10.75, 8.75, 12.3125, 8.9375], "texture": "#2"},
				"south": {"uv": [11.75, 1.75, 12.4375, 1.9375], "texture": "#2"},
				"west": {"uv": [11, 0, 12.5625, 0.1875], "texture": "#2"},
				"up": {"uv": [1.4375, 7.5625, 0.75, 6], "texture": "#2"},
				"down": {"uv": [2.1875, 5.75, 1.5, 7.3125], "texture": "#2"}
			}
		},
		{
			"from": [9.04336, 5.12539, -5.41038],
			"to": [10.20339, 6.26052, -0.06109],
			"rotation": {"angle": 0, "axis": "y", "origin": [8, 8, 8]},
			"faces": {
				"north": {"uv": [8.5, 11.75, 8.8125, 12.0625], "texture": "#2"},
				"east": {"uv": [9.25, 8, 10.5625, 8.3125], "texture": "#2"},
				"south": {"uv": [9, 11.75, 9.3125, 12.0625], "texture": "#2"},
				"west": {"uv": [8.25, 9.25, 9.5625, 9.5625], "texture": "#2"},
				"up": {"uv": [9.8125, 2.8125, 9.5, 1.5], "texture": "#2"},
				"down": {"uv": [4.8125, 9.5, 4.5, 10.8125], "texture": "#2"}
			}
		},
		{
			"from": [5.77636, 5.12539, -5.41038],
			"to": [6.93639, 6.26052, -0.06109],
			"rotation": {"angle": 0, "axis": "y", "origin": [8, 8, 8]},
			"faces": {
				"north": {"uv": [9.5, 11.75, 9.8125, 12.0625], "texture": "#2"},
				"east": {"uv": [9.25, 8.5, 10.5625, 8.8125], "texture": "#2"},
				"south": {"uv": [10, 11.75, 10.3125, 12.0625], "texture": "#2"},
				"west": {"uv": [9.5, 0, 10.8125, 0.3125], "texture": "#2"},
				"up": {"uv": [5.3125, 10.8125, 5, 9.5], "texture": "#2"},
				"down": {"uv": [0.5, 9, 0.8125, 10.3125], "texture": "#2"}
			}
		},
		{
			"from": [7.06137, 5.31279, 2.45835],
			"to": [8.93863, 5.77104, 3.86079],
			"rotation": {"angle": 0, "axis": "y", "origin": [8, 8, 8]},
			"faces": {
				"north": {"uv": [7.75, 12.25, 8.25, 12.375], "texture": "#2"},
				"east": {"uv": [12.5, 1.5, 12.875, 1.625], "texture": "#2"},
				"south": {"uv": [8.25, 12.25, 8.75, 12.375], "texture": "#2"},
				"west": {"uv": [12.5, 1.75, 12.875, 1.875], "texture": "#2"},
				"up": {"uv": [11.75, 2.875, 11.25, 2.5], "texture": "#2"},
				"down": {"uv": [3.75, 11.25, 3.25, 11.625], "texture": "#2"}
			}
		},
		{
			"from": [6.13737, 6.22929, 2.45835],
			"to": [9.86263, 8.10654, 3.86079],
			"rotation": {"angle": 0, "axis": "y", "origin": [8, 8, 8]},
			"faces": {
				"north": {"uv": [8.75, 0.5, 9.6875, 1], "texture": "#2"},
				"east": {"uv": [4, 11.25, 4.375, 11.75], "texture": "#2"},
				"south": {"uv": [8.75, 1, 9.6875, 1.5], "texture": "#2"},
				"west": {"uv": [11.25, 4.5, 11.625, 5], "texture": "#2"},
				"up": {"uv": [1.4375, 10.875, 0.5, 10.5], "texture": "#2"},
				"down": {"uv": [11.4375, 4, 10.5, 4.375], "texture": "#2"}
			}
		},
		{
			"from": [6.52437, 5.77104, 2.45835],
			"to": [9.47563, 6.22929, 3.86079],
			"rotation": {"angle": 0, "axis": "y", "origin": [8, 8, 8]},
			"faces": {
				"north": {"uv": [1, 12, 1.75, 12.125], "texture": "#2"},
				"east": {"uv": [2, 12.5, 2.375, 12.625], "texture": "#2"},
				"south": {"uv": [1.75, 12, 2.5, 12.125], "texture": "#2"},
				"west": {"uv": [2.5, 12.5, 2.875, 12.625], "texture": "#2"},
				"up": {"uv": [0.75, 11.375, 0, 11], "texture": "#2"},
				"down": {"uv": [1.5, 11, 0.75, 11.375], "texture": "#2"}
			}
		},
		{
			"from": [7.06137, 8.53979, 2.45835],
			"to": [8.93863, 9.04804, 3.86079],
			"rotation": {"angle": 0, "axis": "y", "origin": [8, 8, 8]},
			"faces": {
				"north": {"uv": [8.75, 12.25, 9.25, 12.375], "texture": "#2"},
				"east": {"uv": [12.5, 2.5, 12.875, 2.625], "texture": "#2"},
				"south": {"uv": [12.25, 9, 12.75, 9.125], "texture": "#2"},
				"west": {"uv": [12.5, 2.75, 12.875, 2.875], "texture": "#2"},
				"up": {"uv": [11.75, 5.375, 11.25, 5], "texture": "#2"},
				"down": {"uv": [9, 11.25, 8.5, 11.625], "texture": "#2"}
			}
		},
		{
			"from": [6.52437, 8.10654, 2.45835],
			"to": [9.47563, 8.56479, 3.86079],
			"rotation": {"angle": 0, "axis": "y", "origin": [8, 8, 8]},
			"faces": {
				"north": {"uv": [2.75, 12, 3.5, 12.125], "texture": "#2"},
				"east": {"uv": [3, 12.5, 3.375, 12.625], "texture": "#2"},
				"south": {"uv": [12, 3, 12.75, 3.125], "texture": "#2"},
				"west": {"uv": [3.5, 12.5, 3.875, 12.625], "texture": "#2"},
				"up": {"uv": [11.75, 1.125, 11, 0.75], "texture": "#2"},
				"down": {"uv": [5.25, 11, 4.5, 11.375], "texture": "#2"}
			}
		},
		{
			"from": [7.23971, 5.31279, 3.36079],
			"to": [8.76029, 5.68397, 12.90178],
			"rotation": {"angle": 0, "axis": "y", "origin": [8, 8, 8]},
			"faces": {
				"north": {"uv": [7.75, 12.5, 8.125, 12.5625], "texture": "#2"},
				"east": {"uv": [11.5, 5.75, 13.875, 5.8125], "texture": "#2"},
				"south": {"uv": [8.25, 12.5, 8.625, 12.5625], "texture": "#2"},
				"west": {"uv": [11.5, 6, 13.875, 6.0625], "texture": "#2"},
				"up": {"uv": [4.875, 9.375, 4.5, 7], "texture": "#2"},
				"down": {"uv": [5.375, 7, 5, 9.375], "texture": "#2"}
			}
		},
		{
			"from": [6.49127, 6.05515, 3.36079],
			"to": [9.50873, 7.57573, 12.90178],
			"rotation": {"angle": 0, "axis": "y", "origin": [8, 8, 8]},
			"faces": {
				"north": {"uv": [5.25, 11, 6, 11.375], "texture": "#2"},
				"east": {"uv": [6.25, 5.75, 8.625, 6.125], "texture": "#2"},
				"south": {"uv": [6.5, 11, 7.25, 11.375], "texture": "#2"},
				"west": {"uv": [7, 0, 9.375, 0.375], "texture": "#2"},
				"up": {"uv": [3.25, 2.375, 2.5, 0], "texture": "#2"},
				"down": {"uv": [3.25, 2.5, 2.5, 4.875], "texture": "#2"}
			}
		},
		{
			"from": [6.80474, 5.68397, 3.36079],
			"to": [9.19526, 6.05515, 12.90178],
			"rotation": {"angle": 0, "axis": "y", "origin": [8, 8, 8]},
			"faces": {
				"north": {"uv": [4.75, 12.5, 5.375, 12.5625], "texture": "#2"},
				"east": {"uv": [11.5, 6.25, 13.875, 6.3125], "texture": "#2"},
				"south": {"uv": [12.5, 4.75, 13.125, 4.8125], "texture": "#2"},
				"west": {"uv": [11.5, 6.5, 13.875, 6.5625], "texture": "#2"},
				"up": {"uv": [3.875, 2.375, 3.25, 0], "texture": "#2"},
				"down": {"uv": [3.875, 2.5, 3.25, 4.875], "texture": "#2"}
			}
		},
		{
			"from": [7.23971, 7.94691, 3.36079],
			"to": [8.76029, 8.35859, 12.90178],
			"rotation": {"angle": 0, "axis": "y", "origin": [8, 8, 8]},
			"faces": {
				"north": {"uv": [4.25, 12.5, 4.625, 12.625], "texture": "#2"},
				"east": {"uv": [10.75, 7.75, 13.125, 7.875], "texture": "#2"},
				"south": {"uv": [12.5, 4.5, 12.875, 4.625], "texture": "#2"},
				"west": {"uv": [10.75, 8, 13.125, 8.125], "texture": "#2"},
				"up": {"uv": [5.875, 9.375, 5.5, 7], "texture": "#2"},
				"down": {"uv": [6.375, 7, 6, 9.375], "texture": "#2"}
			}
		},
		{
			"from": [6.80474, 7.57573, 3.36079],
			"to": [9.19526, 7.94691, 12.90178],
			"rotation": {"angle": 0, "axis": "y", "origin": [8, 8, 8]},
			"faces": {
				"north": {"uv": [12.5, 5, 13.125, 5.0625], "texture": "#2"},
				"east": {"uv": [11.5, 6.75, 13.875, 6.8125], "texture": "#2"},
				"south": {"uv": [5.5, 12.5, 6.125, 12.5625], "texture": "#2"},
				"west": {"uv": [11.5, 7, 13.875, 7.0625], "texture": "#2"},
				"up": {"uv": [0.625, 5.875, 0, 3.5], "texture": "#2"},
				"down": {"uv": [1.375, 3.5, 0.75, 5.875], "texture": "#2"}
			}
		},
		{
			"from": [7.12735, 5.83769, -5.33673],
			"to": [8.87265, 9.0376, -4.71665],
			"rotation": {"angle": 0, "axis": "y", "origin": [8, 8, 8]},
			"faces": {
				"north": {"uv": [3.5, 5, 3.9375, 5.8125], "texture": "#2"},
				"east": {"uv": [2.5, 11.5, 2.625, 12.3125], "texture": "#2"},
				"south": {"uv": [4, 10.25, 4.4375, 11.0625], "texture": "#2"},
				"west": {"uv": [4, 11.75, 4.125, 12.5625], "texture": "#2"},
				"up": {"uv": [12.9375, 0.875, 12.5, 0.75], "texture": "#2"},
				"down": {"uv": [1.4375, 12.5, 1, 12.625], "texture": "#2"}
			}
		},
		{
			"from": [8.87065, 6.3626, -5.33673],
			"to": [9.61595, 8.3125, -4.71665],
			"rotation": {"angle": 0, "axis": "y", "origin": [8, 8, 8]},
			"faces": {
				"north": {"uv": [12, 3.25, 12.1875, 3.75], "texture": "#2"},
				"east": {"uv": [9.25, 12.25, 9.375, 12.75], "texture": "#2"},
				"south": {"uv": [3.5, 12, 3.6875, 12.5], "texture": "#2"},
				"west": {"uv": [9.5, 12.25, 9.625, 12.75], "texture": "#2"},
				"up": {"uv": [12.6875, 8.375, 12.5, 8.25], "texture": "#2"},
				"down": {"uv": [12.6875, 8.5, 12.5, 8.625], "texture": "#2"}
			}
		},
		{
			"from": [6.38405, 6.3626, -5.33673],
			"to": [7.12935, 8.3125, -4.71665],
			"rotation": {"angle": 0, "axis": "y", "origin": [8, 8, 8]},
			"faces": {
				"north": {"uv": [3.75, 12, 3.9375, 12.5], "texture": "#2"},
				"east": {"uv": [9.75, 12.25, 9.875, 12.75], "texture": "#2"},
				"south": {"uv": [12, 3.75, 12.1875, 4.25], "texture": "#2"},
				"west": {"uv": [10, 12.25, 10.125, 12.75], "texture": "#2"},
				"up": {"uv": [8.9375, 12.625, 8.75, 12.5], "texture": "#2"},
				"down": {"uv": [12.6875, 8.75, 12.5, 8.875], "texture": "#2"}
			}
		},
		{
			"from": [6.85587, 8.99388, 5.10761],
			"to": [9.12387, 9.75933, 9.64361],
			"rotation": {"angle": 0, "axis": "y", "origin": [8, 8, 8]},
			"faces": {
				"north": {"uv": [11.75, 4.75, 12.3125, 4.9375], "texture": "#2"},
				"east": {"uv": [1.5, 11.25, 2.625, 11.4375], "texture": "#2"},
				"south": {"uv": [11.75, 5, 12.3125, 5.1875], "texture": "#2"},
				"west": {"uv": [2.625, 11.25, 1.5, 11.4375], "texture": "#2"},
				"up": {"uv": [1.3125, 8.875, 0.75, 7.75], "texture": "#2"},
				"down": {"uv": [2.8125, 7.75, 2.25, 8.875], "texture": "#2"}
			}
		},
		{
			"from": [6.00537, 5.59188, 5.10761],
			"to": [9.97437, 8.99388, 10.21061],
			"rotation": {"angle": 0, "axis": "y", "origin": [8, 8, 8]},
			"faces": {
				"north": {"uv": [7.25, 1.5, 8.25, 2.375], "texture": "#2"},
				"east": {"uv": [5, 5.25, 6.25, 6.125], "texture": "#2"},
				"south": {"uv": [7.25, 2.5, 8.25, 3.375], "texture": "#2"},
				"west": {"uv": [6.25, 5.25, 5, 6.125], "texture": "#2"},
				"up": {"uv": [5.75, 1.25, 4.75, 0], "texture": "#2"},
				"down": {"uv": [5, 4.75, 4, 6], "texture": "#2"}
			}
		},
		{
			"from": [5.43837, 3.60738, 3.86021],
			"to": [10.54137, 10.41138, 5.22101],
			"rotation": {"angle": 0, "axis": "y", "origin": [8, 8, 8]},
			"faces": {
				"north": {"uv": [0, 1.75, 1.25, 3.4375], "texture": "#2"},
				"east": {"uv": [8.75, 5.75, 9.0625, 7.4375], "texture": "#2"},
				"south": {"uv": [1.25, 1.75, 2.5, 3.4375], "texture": "#2"},
				"west": {"uv": [8.75, 7.5, 9.0625, 9.1875], "texture": "#2"},
				"up": {"uv": [11, 1.3125, 9.75, 1], "texture": "#2"},
				"down": {"uv": [3.5, 9.75, 2.25, 10.0625], "texture": "#2"}
			}
		},
		{
			"from": [5.57835, 8.01487, 1.70835],
			"to": [10.42165, 9.19716, 2.86666],
			"rotation": {"angle": 0, "axis": "y", "origin": [8, 8, 8]},
			"faces": {
				"north": {"uv": [9.75, 9, 10.9375, 9.3125], "texture": "#2"},
				"east": {"uv": [10.5, 11.75, 10.8125, 12.0625], "texture": "#2"},
				"south": {"uv": [9.75, 9.5, 10.9375, 9.8125], "texture": "#2"},
				"west": {"uv": [11, 11.75, 11.3125, 12.0625], "texture": "#2"},
				"up": {"uv": [11.1875, 1.8125, 10, 1.5], "texture": "#2"},
				"down": {"uv": [11.1875, 2, 10, 2.3125], "texture": "#2"}
			}
		},
		{
			"from": [5.19289, 6.83258, 1.70835],
			"to": [10.80711, 8.01487, 3.86666],
			"rotation": {"angle": 0, "axis": "y", "origin": [8, 8, 8]},
			"faces": {
				"north": {"uv": [8.75, 3.5, 10.125, 3.8125], "texture": "#2"},
				"east": {"uv": [9, 11.25, 9.5625, 11.5625], "texture": "#2"},
				"south": {"uv": [9, 4, 10.375, 4.3125], "texture": "#2"},
				"west": {"uv": [9.75, 11.25, 10.3125, 11.5625], "texture": "#2"},
				"up": {"uv": [8.625, 4.0625, 7.25, 3.5], "texture": "#2"},
				"down": {"uv": [7.875, 7.25, 6.5, 7.8125], "texture": "#2"}
			}
		},
		{
			"from": [5.56822, 4.42438, 1.93909],
			"to": [10.41153, 5.73566, 3.0974],
			"rotation": {"angle": 0, "axis": "y", "origin": [8, 8, 8]},
			"faces": {
				"north": {"uv": [10, 2.5, 11.1875, 2.8125], "texture": "#2"},
				"east": {"uv": [11.5, 11.75, 11.8125, 12.0625], "texture": "#2"},
				"south": {"uv": [9.75, 10, 10.9375, 10.3125], "texture": "#2"},
				"west": {"uv": [0, 12, 0.3125, 12.3125], "texture": "#2"},
				"up": {"uv": [3.4375, 10.5625, 2.25, 10.25], "texture": "#2"},
				"down": {"uv": [11.4375, 3.5, 10.25, 3.8125], "texture": "#2"}
			}
		},
		{
			"from": [5.19289, 5.65699, 1.70835],
			"to": [10.80711, 6.83927, 3.86666],
			"rotation": {"angle": 0, "axis": "y", "origin": [8, 8, 8]},
			"faces": {
				"north": {"uv": [9, 4.5, 10.375, 4.8125], "texture": "#2"},
				"east": {"uv": [10.5, 11.25, 11.0625, 11.5625], "texture": "#2"},
				"south": {"uv": [9, 5, 10.375, 5.3125], "texture": "#2"},
				"west": {"uv": [11.25, 11.25, 11.8125, 11.5625], "texture": "#2"},
				"up": {"uv": [8.875, 4.8125, 7.5, 4.25], "texture": "#2"},
				"down": {"uv": [8.875, 5, 7.5, 5.5625], "texture": "#2"}
			}
		}
	],
	"display": {
		"thirdperson_righthand": {
			"rotation": [67.5, -1, 0],
			"translation": [-1.25, 6.75, -3.5]
		},
		"thirdperson_lefthand": {
			"rotation": [67.5, -1, 0],
			"translation": [-1.25, 6.75, -3.5]
		},
		"firstperson_righthand": {
			"translation": [-2.75, 2.25, -0.75]
		},
		"firstperson_lefthand": {
			"translation": [-2.75, 2.25, -0.75]
		},
		"ground": {
			"translation": [0, 1.75, 0]
		},
		"gui": {
			"rotation": [159.34, -35.7, -177.05],
			"translation": [-0.75, -0.25, 0],
			"scale": [0.8, 0.8, 0.8]
		},
		"fixed": {
			"rotation": [0, 90, 0],
			"translation": [0, 0, -3.75],
			"scale": [2, 2, 2]
		}
	},
	"groups": [
		{
			"name": "dark_destroyer",
			"origin": [9.26816, 5.89723, 10.21173],
			"color": 0,
			"children": [
				{
					"name": "body",
					"origin": [8.14092, 12.61546, 4.23808],
					"color": 0,
					"children": [
						{
							"name": "up_and_down_covers",
							"origin": [8.14092, 12.61546, 4.23808],
							"color": 0,
							"children": [0, 1, 2]
						},
						{
							"name": "main_body",
							"origin": [7.34092, 7.93671, 18.27308],
							"color": 0,
							"children": [3, 4, 5, 6, 7, 8]
						},
						{
							"name": "front",
							"origin": [8.14092, 12.54046, -0.26192],
							"color": 1,
							"children": [9, 10, 11]
						}
					]
				},
				{
					"name": "handles",
					"origin": [8.14092, 8.94486, 11.42277],
					"color": 0,
					"children": [
						{
							"name": "main_handle",
							"origin": [8.14092, 12.26817, 12.22277],
							"color": 2,
							"children": [12, 13, 14, 15, 16, 17, 18]
						}
					]
				},
				{
					"name": "trigger",
					"origin": [8.14092, 9.90438, 16.17402],
					"color": 0,
					"children": [19, 20]
				},
				{
					"name": "barrel",
					"origin": [9.26816, 2.06341, 4.04993],
					"color": 0,
					"children": [
						{
							"name": "barrels",
							"origin": [7.98987, 6.38988, 14.83168],
							"color": 0,
							"children": [
								{
									"name": "upper_barrel",
									"origin": [7.98987, 5.95039, 7.79929],
									"color": 0,
									"children": [
										{
											"name": "covers",
											"origin": [7.98987, 5.95039, 7.79929],
											"color": 0,
											"children": [
												{
													"name": "front_cover",
													"origin": [7.98987, 5.95039, 7.79929],
													"color": 1,
													"children": [21, 22, 23, 24, 25, 26, 27, 28]
												},
												{
													"name": "middle_cover",
													"origin": [7.98987, 5.95039, 7.79929],
													"color": 2,
													"children": [29, 30, 31, 32, 33, 34, 35, 36]
												}
											]
										},
										{
											"name": "tube",
											"origin": [7.74552, 4.91192, 1.25134],
											"color": 0,
											"children": [37, 38, 39, 40, 41]
										},
										{
											"name": "back_tube",
											"origin": [7.92386, 4.91192, 1.25134],
											"color": 8,
											"children": [42, 43, 44, 45, 46]
										},
										{
											"name": "front_part",
											"origin": [7.24657, 5.21599, 11.45668],
											"color": 0,
											"children": [47, 48, 49]
										}
									]
								}
							]
						},
						{
							"name": "body",
							"origin": [7.97975, 6.38988, 14.83168],
							"color": 0,
							"children": [
								{
									"name": "upper_body",
									"origin": [1.1308, 12.09519, 6.61118],
									"color": 0,
									"children": [
										{
											"name": "up_and_down_covers",
											"origin": [1.1308, 12.09519, 6.61118],
											"color": 0,
											"children": [50]
										},
										{
											"name": "main_body",
											"origin": [0.3308, 7.41643, 20.64618],
											"color": 0,
											"children": [51]
										},
										{
											"name": "front",
											"origin": [1.1308, 12.02018, 2.11118],
											"color": 1,
											"children": [52]
										}
									]
								},
								{
									"name": "barrel_connector",
									"origin": [8.68344, 5.07485, -4.49561],
									"color": 3,
									"children": [53, 54, 55, 56]
								}
							]
						}
					]
				}
			]
		}
	]
}