{
	"credit": "Made with Blockbench",
	"texture_size": [64, 64],
	"textures": {
		"3": "aoa3:item/dark_beast",
		"particle": "aoa3:item/dark_beast"
	},
	"elements": [
		{
			"from": [7.6, 7.99375, 12.85],
			"to": [8.4, 10.29375, 15.85],
			"rotation": {"angle": 0, "axis": "y", "origin": [8, 8, 8]},
			"faces": {
				"north": {"uv": [4, 7.25, 4.1875, 7.8125], "texture": "#3"},
				"east": {"uv": [2, 3.5, 2.75, 4.0625], "texture": "#3"},
				"south": {"uv": [4.25, 7.25, 4.4375, 7.8125], "texture": "#3"},
				"west": {"uv": [2.75, 3.5, 2, 4.0625], "texture": "#3"},
				"up": {"uv": [6.9375, 6.75, 6.75, 6], "texture": "#3"},
				"down": {"uv": [6.4375, 6.75, 6.25, 7.5], "texture": "#3"}
			}
		},
		{
			"from": [7.6, 6.29375, 17.95],
			"to": [8.4, 7.29375, 19.5],
			"rotation": {"angle": 0, "axis": "y", "origin": [8, 8, 8]},
			"faces": {
				"north": {"uv": [8, 3.25, 8.1875, 3.5], "texture": "#3"},
				"east": {"uv": [7.25, 7, 7.625, 7.25], "texture": "#3"},
				"south": {"uv": [3.5, 8, 3.6875, 8.25], "texture": "#3"},
				"west": {"uv": [7.625, 7, 7.25, 7.25], "texture": "#3"},
				"up": {"uv": [3.9375, 8.125, 3.75, 7.75], "texture": "#3"},
				"down": {"uv": [5.1875, 7.75, 5, 8.125], "texture": "#3"}
			}
		},
		{
			"from": [7.6, 7.29375, 17.55],
			"to": [8.4, 7.89375, 19.5],
			"rotation": {"angle": 0, "axis": "y", "origin": [8, 8, 8]},
			"faces": {
				"north": {"uv": [8.25, 6.5, 8.4375, 6.625], "texture": "#3"},
				"east": {"uv": [8, 0.5, 8.5, 0.625], "texture": "#3"},
				"south": {"uv": [6.75, 8.25, 6.9375, 8.375], "texture": "#3"},
				"west": {"uv": [8.5, 0.5, 8, 0.625], "texture": "#3"},
				"up": {"uv": [7.6875, 1, 7.5, 0.5], "texture": "#3"},
				"down": {"uv": [7.6875, 1, 7.5, 1.5], "texture": "#3"}
			}
		},
		{
			"from": [7.6, 7.89375, 17.25],
			"to": [8.4, 8.29375, 19.5],
			"rotation": {"angle": 0, "axis": "y", "origin": [8, 8, 8]},
			"faces": {
				"north": {"uv": [8.25, 6.75, 8.4375, 6.875], "texture": "#3"},
				"east": {"uv": [5.25, 7.75, 5.8125, 7.875], "texture": "#3"},
				"south": {"uv": [7, 8.25, 7.1875, 8.375], "texture": "#3"},
				"west": {"uv": [5.8125, 7.75, 5.25, 7.875], "texture": "#3"},
				"up": {"uv": [4.6875, 7.8125, 4.5, 7.25], "texture": "#3"},
				"down": {"uv": [4.9375, 7.25, 4.75, 7.8125], "texture": "#3"}
			}
		},
		{
			"from": [7.6, 8.29375, 15.85],
			"to": [8.4, 10.29375, 19.5],
			"rotation": {"angle": 0, "axis": "y", "origin": [8, 8, 8]},
			"faces": {
				"north": {"uv": [1.25, 7.5, 1.4375, 8], "texture": "#3"},
				"east": {"uv": [2, 3, 2.9375, 3.5], "texture": "#3"},
				"south": {"uv": [1.5, 7.5, 1.6875, 8], "texture": "#3"},
				"west": {"uv": [2.9375, 3, 2, 3.5], "texture": "#3"},
				"up": {"uv": [1.4375, 7.4375, 1.25, 6.5], "texture": "#3"},
				"down": {"uv": [6.6875, 1.75, 6.5, 2.6875], "texture": "#3"}
			}
		},
		{
			"from": [7.3, 10.69375, 14.35],
			"to": [8.7, 11.19375, 15.85],
			"rotation": {"angle": 0, "axis": "y", "origin": [8, 8, 8]},
			"faces": {
				"north": {"uv": [8, 3.5, 8.375, 3.625], "texture": "#3"},
				"east": {"uv": [8, 3.75, 8.375, 3.875], "texture": "#3"},
				"south": {"uv": [4, 8, 4.375, 8.125], "texture": "#3"},
				"west": {"uv": [8.375, 3.75, 8, 3.875], "texture": "#3"},
				"up": {"uv": [6.875, 7.125, 6.5, 6.75], "texture": "#3"},
				"down": {"uv": [0.375, 7, 0, 7.375], "texture": "#3"}
			}
		},
		{
			"from": [7.3, 10.29375, 12.85],
			"to": [8.7, 10.69375, 15.85],
			"rotation": {"angle": 0, "axis": "y", "origin": [8, 8, 8]},
			"faces": {
				"north": {"uv": [8, 4.25, 8.375, 4.375], "texture": "#3"},
				"east": {"uv": [7.5, 1.5, 8.25, 1.625], "texture": "#3"},
				"south": {"uv": [4.5, 8, 4.875, 8.125], "texture": "#3"},
				"west": {"uv": [8.25, 1.5, 7.5, 1.625], "texture": "#3"},
				"up": {"uv": [2.875, 5.75, 2.5, 5], "texture": "#3"},
				"down": {"uv": [5.375, 2.5, 5, 3.25], "texture": "#3"}
			}
		},
		{
			"from": [7.3, 8.99375, 17.85],
			"to": [8.7, 9.29375, 19.575],
			"rotation": {"angle": 0, "axis": "y", "origin": [8, 8, 8]},
			"faces": {
				"north": {"uv": [8.25, 7, 8.625, 7.0625], "texture": "#3"},
				"east": {"uv": [3.25, 8.25, 3.6875, 8.3125], "texture": "#3"},
				"south": {"uv": [7.25, 8.25, 7.625, 8.3125], "texture": "#3"},
				"west": {"uv": [3.6875, 8.25, 3.25, 8.3125], "texture": "#3"},
				"up": {"uv": [6.875, 5.4375, 6.5, 5], "texture": "#3"},
				"down": {"uv": [6.125, 6.5, 5.75, 6.9375], "texture": "#3"}
			}
		},
		{
			"from": [7.3, 9.29375, 17.6],
			"to": [8.7, 9.59375, 19.875],
			"rotation": {"angle": 0, "axis": "y", "origin": [8, 8, 8]},
			"faces": {
				"north": {"uv": [8.25, 7.25, 8.625, 7.3125], "texture": "#3"},
				"east": {"uv": [8, 6, 8.5625, 6.0625], "texture": "#3"},
				"south": {"uv": [8.25, 7.5, 8.625, 7.5625], "texture": "#3"},
				"west": {"uv": [8.5625, 6, 8, 6.0625], "texture": "#3"},
				"up": {"uv": [5.625, 6.5625, 5.25, 6], "texture": "#3"},
				"down": {"uv": [2.625, 6.25, 2.25, 6.8125], "texture": "#3"}
			}
		},
		{
			"from": [7.3, 9.59375, 15.85],
			"to": [8.7, 11.19375, 19.875],
			"rotation": {"angle": 0, "axis": "y", "origin": [8, 8, 8]},
			"faces": {
				"north": {"uv": [7, 0, 7.375, 0.375], "texture": "#3"},
				"east": {"uv": [4, 3, 5, 3.375], "texture": "#3"},
				"south": {"uv": [7, 0.5, 7.375, 0.875], "texture": "#3"},
				"west": {"uv": [5, 3, 4, 3.375], "texture": "#3"},
				"up": {"uv": [3.375, 5.25, 3, 4.25], "texture": "#3"},
				"down": {"uv": [1.375, 4.5, 1, 5.5], "texture": "#3"}
			}
		},
		{
			"from": [7.3, 9.89375, 13.45],
			"to": [8.7, 10.29375, 15.85],
			"rotation": {"angle": 0, "axis": "y", "origin": [8, 8, 8]},
			"faces": {
				"north": {"uv": [8, 4.75, 8.375, 4.875], "texture": "#3"},
				"east": {"uv": [7.75, 1, 8.375, 1.125], "texture": "#3"},
				"south": {"uv": [8, 5, 8.375, 5.125], "texture": "#3"},
				"west": {"uv": [8.375, 1, 7.75, 1.125], "texture": "#3"},
				"up": {"uv": [3.375, 6.375, 3, 5.75], "texture": "#3"},
				"down": {"uv": [6.125, 5.75, 5.75, 6.375], "texture": "#3"}
			}
		},
		{
			"from": [7.3, 8.99375, 13.85],
			"to": [8.7, 9.89375, 15.85],
			"rotation": {"angle": 0, "axis": "y", "origin": [8, 8, 8]},
			"faces": {
				"north": {"uv": [2.5, 7.5, 2.875, 7.75], "texture": "#3"},
				"east": {"uv": [7, 5.25, 7.5, 5.5], "texture": "#3"},
				"south": {"uv": [7.5, 3, 7.875, 3.25], "texture": "#3"},
				"west": {"uv": [7.5, 5.25, 7, 5.5], "texture": "#3"},
				"up": {"uv": [6.875, 1.75, 6.5, 1.25], "texture": "#3"},
				"down": {"uv": [2.125, 6.5, 1.75, 7], "texture": "#3"}
			}
		},
		{
			"from": [7.3, 7.99375, 11.45],
			"to": [8.7, 8.66875, 12.85],
			"rotation": {"angle": 0, "axis": "y", "origin": [8, 8, 8]},
			"faces": {
				"north": {"uv": [2.75, 7.75, 3.125, 7.9375], "texture": "#3"},
				"east": {"uv": [7.75, 2.75, 8.125, 2.9375], "texture": "#3"},
				"south": {"uv": [3.25, 7.75, 3.625, 7.9375], "texture": "#3"},
				"west": {"uv": [7.75, 2.75, 8.125, 2.9375], "texture": "#3"},
				"up": {"uv": [5.625, 7.125, 5.25, 6.75], "texture": "#3"},
				"down": {"uv": [7.125, 5.5, 6.75, 5.875], "texture": "#3"}
			}
		},
		{
			"from": [7.1, 8.66875, 3.35],
			"to": [8.9, 10.46875, 12.85],
			"rotation": {"angle": 0, "axis": "y", "origin": [8, 8, 8]},
			"faces": {
				"north": {"uv": [6.25, 5.75, 6.6875, 6.1875], "texture": "#3"},
				"east": {"uv": [2.5, 1, 4.875, 1.4375], "texture": "#3"},
				"south": {"uv": [6.25, 6.25, 6.6875, 6.6875], "texture": "#3"},
				"west": {"uv": [4.875, 1, 2.5, 1.4375], "texture": "#3"},
				"up": {"uv": [0.4375, 5.125, 0, 2.75], "texture": "#3"},
				"down": {"uv": [0.9375, 2.75, 0.5, 5.125], "texture": "#3"}
			}
		},
		{
			"from": [7.45, 7.29375, 5.4],
			"to": [8.55, 8.66875, 8.425],
			"rotation": {"angle": 0, "axis": "y", "origin": [8, 8, 8]},
			"faces": {
				"north": {"uv": [7.75, 0, 8, 0.3125], "texture": "#3"},
				"east": {"uv": [5.75, 0.5, 6.5, 0.8125], "texture": "#3"},
				"south": {"uv": [0.5, 7.75, 0.75, 8.0625], "texture": "#3"},
				"west": {"uv": [5.75, 0.5, 6.5, 0.8125], "texture": "#3"},
				"up": {"uv": [0.75, 7.25, 0.5, 6.5], "texture": "#3"},
				"down": {"uv": [6.75, 0.5, 6.5, 1.25], "texture": "#3"}
			}
		},
		{
			"from": [7.45, 7.29375, 8.425],
			"to": [8.55, 8.66875, 11.45],
			"rotation": {"angle": 0, "axis": "y", "origin": [8, 8, 8]},
			"faces": {
				"north": {"uv": [7.75, 0.5, 8, 0.8125], "texture": "#3"},
				"east": {"uv": [5.75, 3, 6.5, 3.3125], "texture": "#3"},
				"south": {"uv": [0.75, 7.75, 1, 8.0625], "texture": "#3"},
				"west": {"uv": [6.5, 3, 5.75, 3.3125], "texture": "#3"},
				"up": {"uv": [1, 7.25, 0.75, 6.5], "texture": "#3"},
				"down": {"uv": [1.25, 6.5, 1, 7.25], "texture": "#3"}
			}
		},
		{
			"from": [7.45, 6.54375, 3.6],
			"to": [8.55, 8.66875, 5.4],
			"rotation": {"angle": 0, "axis": "y", "origin": [8, 8, 8.975]},
			"faces": {
				"north": {"uv": [5.75, 7, 6, 7.5], "texture": "#3"},
				"east": {"uv": [6, 3.5, 6.4375, 4], "texture": "#3"},
				"south": {"uv": [6, 7, 6.25, 7.5], "texture": "#3"},
				"west": {"uv": [6.4375, 3.5, 6, 4], "texture": "#3"},
				"up": {"uv": [3.75, 7.6875, 3.5, 7.25], "texture": "#3"},
				"down": {"uv": [4, 7.25, 3.75, 7.6875], "texture": "#3"}
			}
		},
		{
			"from": [6.975, 9.26875, 3.35],
			"to": [9.025, 10.51875, 13.1],
			"rotation": {"angle": 0, "axis": "y", "origin": [8, 8, 8]},
			"faces": {
				"north": {"uv": [6.75, 2.75, 7.25, 3.0625], "texture": "#3"},
				"east": {"uv": [2.5, 1.5, 4.9375, 1.8125], "texture": "#3"},
				"south": {"uv": [6.75, 4, 7.25, 4.3125], "texture": "#3"},
				"west": {"uv": [4.9375, 1.5, 2.5, 1.8125], "texture": "#3"},
				"up": {"uv": [2, 2.4375, 1.5, 0], "texture": "#3"},
				"down": {"uv": [2.5, 0, 2, 2.4375], "texture": "#3"}
			}
		},
		{
			"from": [6.975, 10.51875, 6.35],
			"to": [9.025, 11.01875, 12.85],
			"rotation": {"angle": 0, "axis": "y", "origin": [8, 7.25, 8]},
			"faces": {
				"north": {"uv": [8, 0, 8.5, 0.125], "texture": "#3"},
				"east": {"uv": [6, 4.5, 7.625, 4.625], "texture": "#3"},
				"south": {"uv": [8, 0.25, 8.5, 0.375], "texture": "#3"},
				"west": {"uv": [7.625, 4.5, 6, 4.625], "texture": "#3"},
				"up": {"uv": [1.5, 4.375, 1, 2.75], "texture": "#3"},
				"down": {"uv": [2, 3, 1.5, 4.625], "texture": "#3"}
			}
		},
		{
			"name": "trigger",
			"from": [7.8, 6.89375, 9.475],
			"to": [8.2, 7.29375, 9.8],
			"rotation": {"angle": 0, "axis": "y", "origin": [8, 8, 8]},
			"faces": {
				"north": {"uv": [8.5, 5.25, 8.5625, 5.375], "texture": "#3"},
				"east": {"uv": [8.5, 5.25, 8.5625, 5.375], "texture": "#3"},
				"south": {"uv": [8.5, 5.25, 8.5625, 5.375], "texture": "#3"},
				"west": {"uv": [8.5, 5.25, 8.5625, 5.375], "texture": "#3"},
				"up": {"uv": [8.5, 5.25, 8.5625, 5.375], "texture": "#3"},
				"down": {"uv": [8.5, 5.25, 8.5625, 5.375], "texture": "#3"}
			}
		},
		{
			"from": [7.8, 6.56875, 8.425],
			"to": [8.2, 7.29375, 8.75],
			"rotation": {"angle": 0, "axis": "y", "origin": [8, 8, 8]},
			"faces": {
				"north": {"uv": [8.5, 4, 8.5625, 4.1875], "texture": "#3"},
				"east": {"uv": [8.5, 4, 8.5625, 4.1875], "texture": "#3"},
				"south": {"uv": [8.5, 4, 8.5625, 4.1875], "texture": "#3"},
				"west": {"uv": [8.5, 4, 8.5625, 4.1875], "texture": "#3"},
				"up": {"uv": [8.5, 4, 8.5625, 4.1875], "texture": "#3"},
				"down": {"uv": [8.5, 4, 8.5625, 4.1875], "texture": "#3"}
			}
		},
		{
			"from": [7.8, 6.29375, 8.425],
			"to": [8.2, 6.56875, 10.5],
			"rotation": {"angle": 0, "axis": "y", "origin": [8, 8, 8]},
			"faces": {
				"north": {"uv": [8.25, 1.5, 8.75, 1.5625], "texture": "#3"},
				"east": {"uv": [8.25, 1.5, 8.75, 1.5625], "texture": "#3"},
				"south": {"uv": [8.25, 1.5, 8.75, 1.5625], "texture": "#3"},
				"west": {"uv": [8.25, 1.5, 8.75, 1.5625], "texture": "#3"},
				"up": {"uv": [8.25, 1.5, 8.75, 1.5625], "texture": "#3"},
				"down": {"uv": [8.25, 1.5, 8.75, 1.5625], "texture": "#3"}
			}
		},
		{
			"from": [7.6, 4.61875, 11.175],
			"to": [8.4, 4.94375, 12.175],
			"rotation": {"angle": 0, "axis": "y", "origin": [8, 8, 8]},
			"faces": {
				"north": {"uv": [8.5, 1.25, 8.6875, 1.3125], "texture": "#3"},
				"east": {"uv": [8.5, 0.75, 8.75, 0.8125], "texture": "#3"},
				"south": {"uv": [1.5, 8.5, 1.6875, 8.5625], "texture": "#3"},
				"west": {"uv": [8.75, 0.75, 8.5, 0.8125], "texture": "#3"},
				"up": {"uv": [8.1875, 3.25, 8, 3], "texture": "#3"},
				"down": {"uv": [3.4375, 8, 3.25, 8.25], "texture": "#3"}
			}
		},
		{
			"from": [7.6, 4.94375, 11.175],
			"to": [8.4, 5.26875, 12.475],
			"rotation": {"angle": 0, "axis": "y", "origin": [8, 8, 8]},
			"faces": {
				"north": {"uv": [1.75, 8.5, 1.9375, 8.5625], "texture": "#3"},
				"east": {"uv": [7.75, 8.25, 8.0625, 8.3125], "texture": "#3"},
				"south": {"uv": [2, 8.5, 2.1875, 8.5625], "texture": "#3"},
				"west": {"uv": [8.0625, 8.25, 7.75, 8.3125], "texture": "#3"},
				"up": {"uv": [0.4375, 8.3125, 0.25, 8], "texture": "#3"},
				"down": {"uv": [1.4375, 8, 1.25, 8.3125], "texture": "#3"}
			}
		},
		{
			"from": [7.6, 5.26875, 11.175],
			"to": [8.4, 5.59375, 12.775],
			"rotation": {"angle": 0, "axis": "y", "origin": [8, 8, 8]},
			"faces": {
				"north": {"uv": [2.25, 8.5, 2.4375, 8.5625], "texture": "#3"},
				"east": {"uv": [5.25, 8.25, 5.625, 8.3125], "texture": "#3"},
				"south": {"uv": [2.5, 8.5, 2.6875, 8.5625], "texture": "#3"},
				"west": {"uv": [5.625, 8.25, 5.25, 8.3125], "texture": "#3"},
				"up": {"uv": [1.1875, 8.125, 1, 7.75], "texture": "#3"},
				"down": {"uv": [7.9375, 2.25, 7.75, 2.625], "texture": "#3"}
			}
		},
		{
			"from": [7.6, 5.59375, 10.8],
			"to": [8.4, 5.91875, 12.775],
			"rotation": {"angle": 0, "axis": "y", "origin": [8, 8, 8]},
			"faces": {
				"north": {"uv": [2.75, 8.5, 2.9375, 8.5625], "texture": "#3"},
				"east": {"uv": [7.25, 8, 7.75, 8.0625], "texture": "#3"},
				"south": {"uv": [3, 8.5, 3.1875, 8.5625], "texture": "#3"},
				"west": {"uv": [7.75, 8, 7.25, 8.0625], "texture": "#3"},
				"up": {"uv": [5.6875, 7.75, 5.5, 7.25], "texture": "#3"},
				"down": {"uv": [0.1875, 7.5, 0, 8], "texture": "#3"}
			}
		},
		{
			"from": [7.6, 5.91875, 10.5],
			"to": [8.4, 6.24375, 12.475],
			"rotation": {"angle": 0, "axis": "y", "origin": [8, 8, 8]},
			"faces": {
				"north": {"uv": [3.25, 8.5, 3.4375, 8.5625], "texture": "#3"},
				"east": {"uv": [8, 7.75, 8.5, 7.8125], "texture": "#3"},
				"south": {"uv": [3.5, 8.5, 3.6875, 8.5625], "texture": "#3"},
				"west": {"uv": [8.5, 7.75, 8, 7.8125], "texture": "#3"},
				"up": {"uv": [7.6875, 0.5, 7.5, 0], "texture": "#3"},
				"down": {"uv": [0.4375, 7.5, 0.25, 8], "texture": "#3"}
			}
		},
		{
			"from": [7.6, 6.24375, 10.5],
			"to": [8.4, 6.56875, 12.125],
			"rotation": {"angle": 0, "axis": "y", "origin": [8, 8, 8]},
			"faces": {
				"north": {"uv": [8.5, 3.5, 8.6875, 3.5625], "texture": "#3"},
				"east": {"uv": [8.25, 2.5, 8.6875, 2.5625], "texture": "#3"},
				"south": {"uv": [3.75, 8.5, 3.9375, 8.5625], "texture": "#3"},
				"west": {"uv": [8.6875, 2.5, 8.25, 2.5625], "texture": "#3"},
				"up": {"uv": [6.4375, 7.9375, 6.25, 7.5], "texture": "#3"},
				"down": {"uv": [6.6875, 7.5, 6.5, 7.9375], "texture": "#3"}
			}
		},
		{
			"from": [7.6, 6.56875, 10.15],
			"to": [8.4, 6.89375, 11.825],
			"rotation": {"angle": 0, "axis": "y", "origin": [8, 8, 8]},
			"faces": {
				"north": {"uv": [8.5, 3.75, 8.6875, 3.8125], "texture": "#3"},
				"east": {"uv": [8.25, 2.75, 8.6875, 2.8125], "texture": "#3"},
				"south": {"uv": [4, 8.5, 4.1875, 8.5625], "texture": "#3"},
				"west": {"uv": [8.6875, 2.75, 8.25, 2.8125], "texture": "#3"},
				"up": {"uv": [6.9375, 7.9375, 6.75, 7.5], "texture": "#3"},
				"down": {"uv": [7.1875, 7.5, 7, 7.9375], "texture": "#3"}
			}
		},
		{
			"from": [7.6, 6.89375, 10.15],
			"to": [8.4, 7.29375, 11.45],
			"rotation": {"angle": 0, "axis": "y", "origin": [8, 8, 8]},
			"faces": {
				"north": {"uv": [8.25, 5.75, 8.4375, 5.875], "texture": "#3"},
				"east": {"uv": [5.25, 8, 5.5625, 8.125], "texture": "#3"},
				"south": {"uv": [6.25, 8.25, 6.4375, 8.375], "texture": "#3"},
				"west": {"uv": [5.5625, 8, 5.25, 8.125], "texture": "#3"},
				"up": {"uv": [1.6875, 8.3125, 1.5, 8], "texture": "#3"},
				"down": {"uv": [1.9375, 8, 1.75, 8.3125], "texture": "#3"}
			}
		},
		{
			"from": [6.725, 9.26875, -7.65],
			"to": [9.275, 11.01875, 3.35],
			"rotation": {"angle": 0, "axis": "y", "origin": [8, 8, 7.25]},
			"faces": {
				"north": {"uv": [0, 5.25, 0.625, 5.6875], "texture": "#3"},
				"east": {"uv": [2.5, 0, 5.25, 0.4375], "texture": "#3"},
				"south": {"uv": [5.25, 0, 5.875, 0.4375], "texture": "#3"},
				"west": {"uv": [5.25, 0, 2.5, 0.4375], "texture": "#3"},
				"up": {"uv": [0.625, 2.75, 0, 0], "texture": "#3"},
				"down": {"uv": [1.375, 0, 0.75, 2.75], "texture": "#3"}
			}
		},
		{
			"from": [6.975, 8.51875, -8.65],
			"to": [9.025, 10.26875, -7.65],
			"rotation": {"angle": 0, "axis": "y", "origin": [8, 8, 8.25]},
			"faces": {
				"north": {"uv": [1, 6, 1.5, 6.4375], "texture": "#3"},
				"east": {"uv": [7, 6.25, 7.25, 6.6875], "texture": "#3"},
				"south": {"uv": [6, 1, 6.5, 1.4375], "texture": "#3"},
				"west": {"uv": [7.25, 6.25, 7, 6.6875], "texture": "#3"},
				"up": {"uv": [7.25, 3.5, 6.75, 3.25], "texture": "#3"},
				"down": {"uv": [7.5, 1, 7, 1.25], "texture": "#3"}
			}
		},
		{
			"from": [6.975, 10.26875, -8.15],
			"to": [9.025, 10.76875, -7.65],
			"rotation": {"angle": 0, "axis": "y", "origin": [8, 7.75, 8.25]},
			"faces": {
				"north": {"uv": [7.75, 5.75, 8.25, 5.875], "texture": "#3"},
				"east": {"uv": [8.5, 0.25, 8.625, 0.375], "texture": "#3"},
				"south": {"uv": [7.75, 6.25, 8.25, 6.375], "texture": "#3"},
				"west": {"uv": [8.625, 0.25, 8.5, 0.375], "texture": "#3"},
				"up": {"uv": [8.25, 6.625, 7.75, 6.5], "texture": "#3"},
				"down": {"uv": [8.25, 6.75, 7.75, 6.875], "texture": "#3"}
			}
		},
		{
			"from": [7.175, 8.51875, -6.65],
			"to": [8.825, 9.26875, -5.65],
			"rotation": {"angle": 0, "axis": "y", "origin": [8, 8, 8.25]},
			"faces": {
				"north": {"uv": [7.5, 6, 7.9375, 6.1875], "texture": "#3"},
				"east": {"uv": [5, 3.25, 5.25, 3.4375], "texture": "#3"},
				"south": {"uv": [7.5, 6, 7.9375, 6.1875], "texture": "#3"},
				"west": {"uv": [5, 3.25, 5.25, 3.4375], "texture": "#3"},
				"up": {"uv": [0.9375, 7.5, 0.5, 7.25], "texture": "#3"},
				"down": {"uv": [6.875, 7.25, 6.5, 7.5], "texture": "#3"}
			}
		},
		{
			"from": [7.175, 8.51875, -4.65],
			"to": [8.825, 9.26875, -3.65],
			"rotation": {"angle": 0, "axis": "y", "origin": [8, 8, 8.25]},
			"faces": {
				"north": {"uv": [7.5, 6, 7.9375, 6.1875], "texture": "#3"},
				"east": {"uv": [5.25, 3.75, 5.5, 3.9375], "texture": "#3"},
				"south": {"uv": [7.5, 6, 7.9375, 6.1875], "texture": "#3"},
				"west": {"uv": [5, 3.25, 5.25, 3.4375], "texture": "#3"},
				"up": {"uv": [7.6875, 2, 7.25, 1.75], "texture": "#3"},
				"down": {"uv": [6.875, 7.25, 6.5, 7.5], "texture": "#3"}
			}
		},
		{
			"from": [7.175, 8.51875, -2.65],
			"to": [8.825, 9.26875, -1.65],
			"rotation": {"angle": 0, "axis": "y", "origin": [8, 8, 8.25]},
			"faces": {
				"north": {"uv": [7.5, 6, 7.9375, 6.1875], "texture": "#3"},
				"east": {"uv": [5.5, 3, 5.75, 3.1875], "texture": "#3"},
				"south": {"uv": [7.5, 6, 7.9375, 6.1875], "texture": "#3"},
				"west": {"uv": [5, 3.25, 5.25, 3.4375], "texture": "#3"},
				"up": {"uv": [2.6875, 7.5, 2.25, 7.25], "texture": "#3"},
				"down": {"uv": [6.875, 7.25, 6.5, 7.5], "texture": "#3"}
			}
		},
		{
			"from": [7.175, 8.51875, -0.65],
			"to": [8.825, 9.26875, 0.35],
			"rotation": {"angle": 0, "axis": "y", "origin": [8, 8, 8.25]},
			"faces": {
				"north": {"uv": [7.5, 6, 7.9375, 6.1875], "texture": "#3"},
				"east": {"uv": [0.5, 5.75, 0.75, 5.9375], "texture": "#3"},
				"south": {"uv": [7.5, 6, 7.9375, 6.1875], "texture": "#3"},
				"west": {"uv": [5, 3.25, 5.25, 3.4375], "texture": "#3"},
				"up": {"uv": [7.6875, 2.75, 7.25, 2.5], "texture": "#3"},
				"down": {"uv": [6.875, 7.25, 6.5, 7.5], "texture": "#3"}
			}
		},
		{
			"from": [6.975, 8.51875, 1.35],
			"to": [9.025, 9.26875, 3.35],
			"rotation": {"angle": 0, "axis": "y", "origin": [8, 8, 8.25]},
			"faces": {
				"north": {"uv": [5, 7.25, 5.5, 7.4375], "texture": "#3"},
				"east": {"uv": [7.25, 5.5, 7.75, 5.6875], "texture": "#3"},
				"south": {"uv": [7.25, 5.75, 7.75, 5.9375], "texture": "#3"},
				"west": {"uv": [7.75, 5.5, 7.25, 5.6875], "texture": "#3"},
				"up": {"uv": [5.75, 1, 5.25, 0.5], "texture": "#3"},
				"down": {"uv": [3.5, 5.25, 3, 5.75], "texture": "#3"}
			}
		},
		{
			"from": [6.975, 5.79375, 1.35],
			"to": [9.025, 7.79375, 3.35],
			"rotation": {"angle": 0, "axis": "y", "origin": [8, 8.16875, -2.025]},
			"faces": {
				"north": {"uv": [5.25, 3.25, 5.75, 3.75], "texture": "#3"},
				"east": {"uv": [0.75, 5.5, 1.25, 6], "texture": "#3"},
				"south": {"uv": [5.5, 1, 6, 1.5], "texture": "#3"},
				"west": {"uv": [1.25, 5.5, 0.75, 6], "texture": "#3"},
				"up": {"uv": [6, 2, 5.5, 1.5], "texture": "#3"},
				"down": {"uv": [6, 2, 5.5, 2.5], "texture": "#3"}
			}
		},
		{
			"from": [6.975, 5.04375, -0.65],
			"to": [9.025, 7.29375, 1.35],
			"rotation": {"angle": 0, "axis": "y", "origin": [8, 8.16875, -2.025]},
			"faces": {
				"north": {"uv": [4.5, 4.75, 5, 5.3125], "texture": "#3"},
				"east": {"uv": [5, 1, 5.5, 1.5625], "texture": "#3"},
				"south": {"uv": [5, 1.75, 5.5, 2.3125], "texture": "#3"},
				"west": {"uv": [5.5, 1, 5, 1.5625], "texture": "#3"},
				"up": {"uv": [6, 3, 5.5, 2.5], "texture": "#3"},
				"down": {"uv": [4, 5.5, 3.5, 6], "texture": "#3"}
			}
		},
		{
			"from": [6.975, 3.79375, -3.65],
			"to": [9.025, 6.54375, -2.65],
			"rotation": {"angle": 0, "axis": "y", "origin": [8, 8.16875, -2.025]},
			"faces": {
				"north": {"uv": [4.5, 4, 5, 4.6875], "texture": "#3"},
				"east": {"uv": [3.25, 6.5, 3.5, 7.1875], "texture": "#3"},
				"south": {"uv": [1.5, 4.75, 2, 5.4375], "texture": "#3"},
				"west": {"uv": [3.5, 6.5, 3.25, 7.1875], "texture": "#3"},
				"up": {"uv": [6.875, 7.5, 6.5, 7.25], "texture": "#3"},
				"down": {"uv": [7.5, 1.5, 7, 1.75], "texture": "#3"}
			}
		},
		{
			"from": [6.975, 3.29375, -7.65],
			"to": [9.025, 5.29375, -4.65],
			"rotation": {"angle": 0, "axis": "y", "origin": [8, 8.16875, -2.025]},
			"faces": {
				"north": {"uv": [5.5, 3.75, 6, 4.25], "texture": "#3"},
				"east": {"uv": [3.5, 3.5, 4.25, 4], "texture": "#3"},
				"south": {"uv": [4, 5.5, 4.5, 6], "texture": "#3"},
				"west": {"uv": [4.25, 3.5, 3.5, 4], "texture": "#3"},
				"up": {"uv": [4, 4.75, 3.5, 4], "texture": "#3"},
				"down": {"uv": [4.5, 4, 4, 4.75], "texture": "#3"}
			}
		},
		{
			"from": [7.275, 5.29375, -7.65],
			"to": [8.725, 6.04375, -6.65],
			"rotation": {"angle": 0, "axis": "y", "origin": [8, 11.225, 8.25]},
			"faces": {
				"north": {"uv": [7.75, 1.75, 8.125, 1.9375], "texture": "#3"},
				"east": {"uv": [6.25, 5, 6.5, 5.1875], "texture": "#3"},
				"south": {"uv": [7.75, 1.75, 8.125, 1.9375], "texture": "#3"},
				"west": {"uv": [2.75, 8, 3, 8.1875], "texture": "#3"},
				"up": {"uv": [6.875, 7.5, 6.5, 7.25], "texture": "#3"},
				"down": {"uv": [7.625, 6.5, 7.25, 6.75], "texture": "#3"}
			}
		},
		{
			"from": [7.275, 5.29375, -5.65],
			"to": [8.725, 6.04375, -4.65],
			"rotation": {"angle": 0, "axis": "y", "origin": [8, 11.45, 8.25]},
			"faces": {
				"north": {"uv": [7.75, 1.75, 8.125, 1.9375], "texture": "#3"},
				"east": {"uv": [2.75, 8, 3, 8.1875], "texture": "#3"},
				"south": {"uv": [7.75, 1.75, 8.125, 1.9375], "texture": "#3"},
				"west": {"uv": [2.75, 8, 3, 8.1875], "texture": "#3"},
				"up": {"uv": [6.875, 7.5, 6.5, 7.25], "texture": "#3"},
				"down": {"uv": [7.375, 7.25, 7, 7.5], "texture": "#3"}
			}
		},
		{
			"from": [6.975, 4.29375, -2.65],
			"to": [9.025, 6.04375, -1.65],
			"rotation": {"angle": 0, "axis": "y", "origin": [8, 8.16875, -2.025]},
			"faces": {
				"north": {"uv": [6, 1.5, 6.5, 1.9375], "texture": "#3"},
				"east": {"uv": [1, 7.25, 1.25, 7.6875], "texture": "#3"},
				"south": {"uv": [6, 2, 6.5, 2.4375], "texture": "#3"},
				"west": {"uv": [1.25, 7.25, 1, 7.6875], "texture": "#3"},
				"up": {"uv": [2.25, 7.25, 1.75, 7], "texture": "#3"},
				"down": {"uv": [2.75, 7, 2.25, 7.25], "texture": "#3"}
			}
		},
		{
			"from": [6.975, 3.79375, -4.65],
			"to": [9.025, 5.79375, -3.65],
			"rotation": {"angle": 0, "axis": "y", "origin": [8, 8.16875, -2.025]},
			"faces": {
				"north": {"uv": [5.5, 4.25, 6, 4.75], "texture": "#3"},
				"east": {"uv": [4.75, 2.5, 5, 3], "texture": "#3"},
				"south": {"uv": [4.5, 5.5, 5, 6], "texture": "#3"},
				"west": {"uv": [5, 2.5, 4.75, 3], "texture": "#3"},
				"up": {"uv": [7.5, 3.75, 7, 3.5], "texture": "#3"},
				"down": {"uv": [4.25, 7, 3.75, 7.25], "texture": "#3"}
			}
		},
		{
			"from": [6.975, 4.29375, -1.65],
			"to": [9.025, 6.79375, -0.65],
			"rotation": {"angle": 0, "axis": "y", "origin": [8, 8.16875, -2.025]},
			"faces": {
				"north": {"uv": [3.5, 4.75, 4, 5.375], "texture": "#3"},
				"east": {"uv": [6.75, 0.5, 7, 1.125], "texture": "#3"},
				"south": {"uv": [4, 4.75, 4.5, 5.375], "texture": "#3"},
				"west": {"uv": [7, 0.5, 6.75, 1.125], "texture": "#3"},
				"up": {"uv": [7.5, 4, 7, 3.75], "texture": "#3"},
				"down": {"uv": [4.75, 7, 4.25, 7.25], "texture": "#3"}
			}
		},
		{
			"from": [6.975, 4.01875, -8.65],
			"to": [9.025, 5.76875, -7.65],
			"rotation": {"angle": 0, "axis": "y", "origin": [8, 8, 8.25]},
			"faces": {
				"north": {"uv": [6, 2.5, 6.5, 2.9375], "texture": "#3"},
				"east": {"uv": [7.25, 3, 7.5, 3.4375], "texture": "#3"},
				"south": {"uv": [3.5, 6, 4, 6.4375], "texture": "#3"},
				"west": {"uv": [7.5, 3, 7.25, 3.4375], "texture": "#3"},
				"up": {"uv": [7.5, 1.25, 7, 1], "texture": "#3"},
				"down": {"uv": [7.5, 5, 7, 5.25], "texture": "#3"}
			}
		},
		{
			"from": [6.975, 3.51875, -8.15],
			"to": [9.025, 4.01875, -7.65],
			"rotation": {"angle": 0, "axis": "y", "origin": [8, 7.75, 8.25]},
			"faces": {
				"north": {"uv": [7.75, 7, 8.25, 7.125], "texture": "#3"},
				"east": {"uv": [8.5, 0.5, 8.625, 0.625], "texture": "#3"},
				"south": {"uv": [7.75, 7.25, 8.25, 7.375], "texture": "#3"},
				"west": {"uv": [8.625, 0.5, 8.5, 0.625], "texture": "#3"},
				"up": {"uv": [8, 7.875, 7.5, 7.75], "texture": "#3"},
				"down": {"uv": [8.25, 7.5, 7.75, 7.625], "texture": "#3"}
			}
		},
		{
			"from": [6.975, 6.29375, 3.35],
			"to": [9.025, 9.29375, 4.6],
			"rotation": {"angle": 0, "axis": "y", "origin": [8, 8.16875, -2.025]},
			"faces": {
				"north": {"uv": [2, 4.25, 2.5, 5], "texture": "#3"},
				"east": {"uv": [0, 5.75, 0.3125, 6.5], "texture": "#3"},
				"south": {"uv": [2.5, 4.25, 3, 5], "texture": "#3"},
				"west": {"uv": [0.3125, 5.75, 0, 6.5], "texture": "#3"},
				"up": {"uv": [7.25, 2.0625, 6.75, 1.75], "texture": "#3"},
				"down": {"uv": [7.25, 2.25, 6.75, 2.5625], "texture": "#3"}
			}
		},
		{
			"name": "scope",
			"from": [7.21685, 11.80261, 6.19624],
			"to": [8.78315, 13.63961, 8.19724],
			"rotation": {"angle": 0, "axis": "y", "origin": [16.925, 5.24861, 9.65182]},
			"faces": {
				"north": {"uv": [13.70938, 9.08438, 14.10095, 9.54362], "texture": "#3"},
				"east": {"uv": [6, 0, 6.5, 0.4375], "texture": "#3"},
				"south": {"uv": [6.5, 3.5, 6.875, 3.9375], "texture": "#3"},
				"west": {"uv": [6.5, 0, 6, 0.4375], "texture": "#3"},
				"up": {"uv": [0.375, 7, 0, 6.5], "texture": "#3"},
				"down": {"uv": [0.375, 6.5, 0, 7], "texture": "#3"}
			}
		},
		{
			"name": "scope",
			"from": [7.45835, 11.80261, 8.19724],
			"to": [8.54165, 13.04461, 10.95724],
			"rotation": {"angle": 0, "axis": "y", "origin": [16.925, 5.24861, 9.65182]},
			"faces": {
				"north": {"uv": [7.25, 7.5, 7.5, 7.8125], "texture": "#3"},
				"east": {"uv": [6, 4, 6.6875, 4.3125], "texture": "#3"},
				"south": {"uv": [7.5, 7.25, 7.75, 7.5625], "texture": "#3"},
				"west": {"uv": [6.6875, 4, 6, 4.3125], "texture": "#3"},
				"up": {"uv": [6.75, 3.4375, 6.5, 2.75], "texture": "#3"},
				"down": {"uv": [6.75, 2.75, 6.5, 3.4375], "texture": "#3"}
			}
		},
		{
			"name": "scope",
			"from": [7.56185, 11.00061, 8.02424],
			"to": [8.43815, 11.80261, 11.03824],
			"rotation": {"angle": 0, "axis": "y", "origin": [8, 11.40161, 9.53124]},
			"faces": {
				"north": {"uv": [5.75, 8, 5.96908, 8.2005], "texture": "#3"},
				"east": {"uv": [7.25, 4, 8.0035, 4.2005], "texture": "#3"},
				"south": {"uv": [5.75, 8, 5.96908, 8.2005], "texture": "#3"},
				"west": {"uv": [8.0035, 4, 7.25, 4.2005], "texture": "#3"},
				"up": {"uv": [1.75, 6.75, 1.5, 6], "texture": "#3"},
				"down": {"uv": [3, 6.25, 2.75, 7], "texture": "#3"}
			}
		},
		{
			"name": "scope",
			"from": [7.15835, 11.80261, 10.95724],
			"to": [8.84165, 13.31961, 13.46724],
			"rotation": {"angle": 0, "axis": "y", "origin": [8, 12.56111, 12.21224]},
			"faces": {
				"north": {"uv": [4.75, 6.5, 5.1875, 6.875], "texture": "#3"},
				"east": {"uv": [5.5, 4.75, 6.125, 5.125], "texture": "#3"},
				"south": {"uv": [4.75938, 12.1875, 5.1802, 12.56675], "texture": "#3"},
				"west": {"uv": [6.125, 4.75, 5.5, 5.125], "texture": "#3"},
				"up": {"uv": [5.4375, 4.625, 5, 4], "texture": "#3"},
				"down": {"uv": [5.4375, 4, 5, 4.625], "texture": "#3"}
			}
		},
		{
			"from": [7.45, 14.13961, 5.74624],
			"to": [8.55, 14.43961, 6.74624],
			"rotation": {"angle": 0, "axis": "y", "origin": [8.003, -0.81039, 4.37302]},
			"faces": {
				"north": {"uv": [10.35313, 9.75, 10.07813, 9.375], "texture": "#3"},
				"east": {"uv": [6.8125, 9.625, 7.0625, 9.7], "texture": "#3"},
				"south": {"uv": [10.35313, 9.75, 10.07813, 9.375], "texture": "#3"},
				"west": {"uv": [7.0625, 9.625, 6.8125, 9.7], "texture": "#3"},
				"up": {"uv": [10.35313, 9.75, 10.07813, 9.375], "texture": "#3"},
				"down": {"uv": [10.35313, 9.75, 10.07813, 9.375], "texture": "#3"}
			}
		},
		{
			"from": [7.45, 13.63961, 5.74624],
			"to": [8.55, 14.13961, 6.94624],
			"rotation": {"angle": 0, "axis": "y", "origin": [8.003, -0.81039, 4.37302]},
			"faces": {
				"north": {"uv": [10.35313, 9.75, 10.07813, 9.375], "texture": "#3"},
				"east": {"uv": [2.8125, 9.375, 3.1125, 9.5], "texture": "#3"},
				"south": {"uv": [10.35313, 9.75, 10.07813, 9.375], "texture": "#3"},
				"west": {"uv": [3.1125, 9.375, 2.8125, 9.5], "texture": "#3"},
				"up": {"uv": [10.35313, 9.75, 10.07813, 9.375], "texture": "#3"},
				"down": {"uv": [10.35313, 9.75, 10.07813, 9.375], "texture": "#3"}
			}
		},
		{
			"from": [7.67635, 13.32339, 11.47871],
			"to": [8.27635, 13.57339, 13.17871],
			"rotation": {"angle": 0, "axis": "y", "origin": [7.97935, -0.80161, 3.93048]},
			"faces": {
				"north": {"uv": [8.5, 4.5, 8.625, 4.5625], "texture": "#3"},
				"east": {"uv": [8.25, 2, 8.6875, 2.0625], "texture": "#3"},
				"south": {"uv": [4.75, 8.5, 4.875, 8.5625], "texture": "#3"},
				"west": {"uv": [8.25, 2, 8.6875, 2.0625], "texture": "#3"},
				"up": {"uv": [2.125, 8.4375, 2, 8], "texture": "#3"},
				"down": {"uv": [2.375, 8, 2.25, 8.4375], "texture": "#3"}
			}
		},
		{
			"from": [6.975, 11.01875, -5.9],
			"to": [9.025, 11.51875, -5.4],
			"rotation": {"angle": 0, "axis": "y", "origin": [8, 11.39375, -6.2125]},
			"faces": {
				"north": {"uv": [8.25, 6.75, 7.75, 6.875], "rotation": 180, "texture": "#3"},
				"east": {"uv": [8.5, 0.25, 8.625, 0.375], "rotation": 270, "texture": "#3"},
				"south": {"uv": [8.25, 6.625, 7.75, 6.5], "texture": "#3"},
				"west": {"uv": [8.625, 0.25, 8.5, 0.375], "rotation": 90, "texture": "#3"},
				"up": {"uv": [7.75, 5.75, 8.25, 5.875], "rotation": 180, "texture": "#3"},
				"down": {"uv": [7.75, 6.25, 8.25, 6.375], "texture": "#3"}
			}
		},
		{
			"from": [6.975, 11.01875, -7.65],
			"to": [9.025, 12.01875, -5.9],
			"rotation": {"angle": 0, "axis": "y", "origin": [8, 11.39375, -6.2125]},
			"faces": {
				"north": {"uv": [7.25, 3.5, 6.75, 3.25], "texture": "#3"},
				"east": {"uv": [7, 6.25, 7.25, 6.6875], "rotation": 270, "texture": "#3"},
				"south": {"uv": [7.25, 3.5, 6.75, 3.25], "texture": "#3"},
				"west": {"uv": [7.25, 6.25, 7, 6.6875], "rotation": 90, "texture": "#3"},
				"up": {"uv": [1, 6, 1.5, 6.4375], "rotation": 180, "texture": "#3"},
				"down": {"uv": [6, 1, 6.5, 1.4375], "texture": "#3"}
			}
		},
		{
			"from": [6.975, 2.79375, -4.65],
			"to": [9.025, 3.79375, -2.65],
			"rotation": {"angle": 0, "axis": "y", "origin": [8, 2.79375, -3.6875]},
			"faces": {
				"north": {"uv": [6, 2.5, 6.5, 2.9375], "texture": "#3"},
				"east": {"uv": [3.75, 3.5, 3.5, 4], "rotation": 270, "texture": "#3"},
				"south": {"uv": [4.0125, 4.25, 3.5, 4], "rotation": 180, "texture": "#3"},
				"west": {"uv": [3.5, 3.5, 3.75, 4], "rotation": 90, "texture": "#3"},
				"up": {"uv": [4, 5.5, 4.5, 6], "rotation": 180, "texture": "#3"},
				"down": {"uv": [5.5, 3.75, 6, 4.25], "texture": "#3"}
			}
		},
		{
			"from": [6.975, 2.29375, -4.425],
			"to": [9.025, 2.79375, -3.925],
			"rotation": {"angle": 0, "axis": "y", "origin": [8, 2.79375, -3.6875]},
			"faces": {
				"north": {"uv": [8.25, 7.5, 7.75, 7.625], "texture": "#3"},
				"east": {"uv": [8.625, 0.5, 8.5, 0.625], "rotation": 270, "texture": "#3"},
				"south": {"uv": [8, 7.875, 7.5, 7.75], "rotation": 180, "texture": "#3"},
				"west": {"uv": [8.5, 0.5, 8.625, 0.625], "rotation": 90, "texture": "#3"},
				"up": {"uv": [7.75, 7.25, 8.25, 7.375], "rotation": 180, "texture": "#3"},
				"down": {"uv": [7.75, 7, 8.25, 7.125], "texture": "#3"}
			}
		},
		{
			"from": [6.975, 1.79375, -3.925],
			"to": [9.025, 2.79375, -2.175],
			"rotation": {"angle": 0, "axis": "y", "origin": [8, 2.79375, -3.6875]},
			"faces": {
				"north": {"uv": [7.5, 5, 7, 5.25], "texture": "#3"},
				"east": {"uv": [7.5, 3, 7.25, 3.4375], "rotation": 270, "texture": "#3"},
				"south": {"uv": [7.5, 1.25, 7, 1], "rotation": 180, "texture": "#3"},
				"west": {"uv": [7.25, 3, 7.5, 3.4375], "rotation": 90, "texture": "#3"},
				"up": {"uv": [3.5, 6, 4, 6.4375], "rotation": 180, "texture": "#3"},
				"down": {"uv": [6, 2.5, 6.5, 2.9375], "texture": "#3"}
			}
		},
		{
			"from": [7.3, 11.19375, 18.6],
			"to": [8.7, 11.94375, 19.6],
			"rotation": {"angle": 0, "axis": "y", "origin": [8, 11.89375, -2.15]},
			"faces": {
				"north": {"uv": [12.375, 0.875, 12.8125, 1.0625], "rotation": 180, "texture": "#3"},
				"east": {"uv": [9, 4.875, 9.25, 5.0625], "rotation": 180, "texture": "#3"},
				"south": {"uv": [12.375, 0.875, 12.8125, 1.0625], "rotation": 180, "texture": "#3"},
				"west": {"uv": [9, 4.875, 9.25, 5.0625], "rotation": 180, "texture": "#3"},
				"up": {"uv": [11.25, 0.625, 10.875, 0.875], "rotation": 180, "texture": "#3"},
				"down": {"uv": [7.6875, 2.75, 7.25, 2.5], "rotation": 180, "texture": "#3"}
			}
		},
		{
			"from": [7.3, 11.19375, 16.6],
			"to": [8.7, 11.94375, 17.6],
			"rotation": {"angle": 0, "axis": "y", "origin": [8, 11.89375, -2.15]},
			"faces": {
				"north": {"uv": [12.375, 0.875, 12.8125, 1.0625], "rotation": 180, "texture": "#3"},
				"east": {"uv": [9.0625, 2.3125, 9.3125, 2.5], "rotation": 180, "texture": "#3"},
				"south": {"uv": [12.375, 0.875, 12.8125, 1.0625], "rotation": 180, "texture": "#3"},
				"west": {"uv": [9.0625, 2.3125, 9.3125, 2.5], "rotation": 180, "texture": "#3"},
				"up": {"uv": [11.25, 0.625, 10.875, 0.875], "rotation": 180, "texture": "#3"},
				"down": {"uv": [2.6875, 7.5, 2.25, 7.25], "rotation": 180, "texture": "#3"}
			}
		},
		{
			"from": [7.3, 11.19375, 14.6],
			"to": [8.7, 11.94375, 15.6],
			"rotation": {"angle": 0, "axis": "y", "origin": [8, 11.89375, -2.15]},
			"faces": {
				"north": {"uv": [12.375, 0.875, 12.8125, 1.0625], "rotation": 180, "texture": "#3"},
				"east": {"uv": [9, 4.875, 9.25, 5.0625], "rotation": 180, "texture": "#3"},
				"south": {"uv": [12.375, 0.875, 12.8125, 1.0625], "rotation": 180, "texture": "#3"},
				"west": {"uv": [9, 4.875, 9.25, 5.0625], "rotation": 180, "texture": "#3"},
				"up": {"uv": [11.25, 0.625, 10.875, 0.875], "rotation": 180, "texture": "#3"},
				"down": {"uv": [7.6875, 2, 7.25, 1.75], "rotation": 180, "texture": "#3"}
			}
		},
		{
			"from": [7.175, 11.01875, -2.4],
			"to": [8.825, 11.76875, -1.4],
			"rotation": {"angle": 0, "axis": "y", "origin": [8, 11.89375, -2.15]},
			"faces": {
				"north": {"uv": [1.375, 13.1875, 1.8125, 13.375], "rotation": 180, "texture": "#3"},
				"east": {"uv": [9.4375, 1.3125, 9.6875, 1.5], "rotation": 180, "texture": "#3"},
				"south": {"uv": [1.375, 13.1875, 1.8125, 13.375], "rotation": 180, "texture": "#3"},
				"west": {"uv": [9.4375, 1.3125, 9.6875, 1.5], "rotation": 180, "texture": "#3"},
				"up": {"uv": [0.9375, 14.4375, 1.3125, 14.6875], "rotation": 180, "texture": "#3"},
				"down": {"uv": [2.6875, 7.5, 2.25, 7.25], "rotation": 180, "texture": "#3"}
			}
		},
		{
			"from": [7.175, 11.01875, -4.4],
			"to": [8.825, 11.76875, -3.4],
			"rotation": {"angle": 0, "axis": "y", "origin": [8, 11.89375, -2.15]},
			"faces": {
				"north": {"uv": [1.375, 13.1875, 1.8125, 13.375], "rotation": 180, "texture": "#3"},
				"east": {"uv": [9.4375, 1.3125, 9.6875, 1.5], "rotation": 180, "texture": "#3"},
				"south": {"uv": [1.375, 13.1875, 1.8125, 13.375], "rotation": 180, "texture": "#3"},
				"west": {"uv": [9.4375, 1.3125, 9.6875, 1.5], "rotation": 180, "texture": "#3"},
				"up": {"uv": [0.9375, 14.4375, 1.3125, 14.6875], "rotation": 180, "texture": "#3"},
				"down": {"uv": [7.6875, 2, 7.25, 1.75], "rotation": 180, "texture": "#3"}
			}
		}
	],
	"display": {
		"thirdperson_righthand": {
			"rotation": [67.5, 0, 0],
			"translation": [-1.75, 4.5, 1]
		},
		"thirdperson_lefthand": {
			"rotation": [67.5, 0, 0],
			"translation": [-1.75, 4.5, 1]
		},
		"firstperson_righthand": {
			"translation": [3.75, -9.75, -21.5],
			"scale": [3.5, 3.5, 3.5]
		},
		"firstperson_lefthand": {
			"translation": [3.75, -9.75, -21.5],
			"scale": [3.5, 3.5, 3.5]
		},
		"ground": {
			"translation": [0, 1.75, 3.5]
		},
		"gui": {
			"rotation": [159.34, -35.7, -177.05],
			"translation": [-1.25, -0.75, 0],
			"scale": [0.8, 0.8, 0.8]
		},
		"fixed": {
			"rotation": [0, 90, 0],
			"translation": [2.75, -0.75, -1.5],
			"scale": [2, 2, 2]
		}
	},
	"groups": [
		{
			"name": "dark_beast",
			"origin": [7.48553, 7.85103, 8.47938],
			"color": 0,
			"children": [
				{
					"name": "stock",
					"origin": [7.48553, 7.85103, 8.47938],
					"color": 0,
					"children": [
						{
							"name": "stock_in",
							"origin": [8, 8.19375, 1.85],
							"color": 0,
							"children": [0, 1, 2, 3, 4]
						},
						{
							"name": "stock_cover",
							"origin": [7.48553, 7.85103, 8.47938],
							"color": 9,
							"children": [5, 6, 7, 8, 9, 10, 11]
						}
					]
				},
				{
					"name": "body",
					"origin": [8, 8.29375, 1.35],
					"color": 0,
					"children": [12, 13, 14, 15, 16, 17, 18]
				},
				{
					"name": "trigger_guard",
					"origin": [8, 7.24375, 1.725],
					"color": 0,
					"children": [19, 20, 21]
				},
				{
					"name": "handle",
					"origin": [8, 7.89375, 1.35],
					"color": 8,
					"children": [22, 23, 24, 25, 26, 27, 28, 29]
				},
				{
					"name": "mouth",
					"origin": [8, 7.75, 8.25],
					"color": 0,
					"children": [
						30,
						31,
						32,
						33,
						34,
						35,
						36,
						37,
						{
							"name": "jaw",
							"origin": [8, 7.75, 8.25],
							"color": 0,
							"children": [38, 39, 40, 41, 42, 43, 44, 45, 46, 47, 48]
						},
						49
					]
				},
				{
					"name": "scope",
					"origin": [8.87615, 2.55761, 6.77424],
					"color": 0,
					"children": [
						{
							"name": "scope_frame",
							"origin": [10.42427, 3.20761, 8.72424],
							"color": 0,
							"children": [50, 51, 52, 53]
						},
						{
							"name": "scope_spikes",
							"origin": [7.74621, -0.80161, 3.93048],
							"color": 0,
							"children": [54, 55]
						},
						{
							"name": "scope_spikes",
							"origin": [7.97935, -0.80161, 3.93048],
							"color": 0,
							"children": [56]
						},
						{
							"name": "glass",
							"origin": [16.925, 5.24861, 9.65182],
							"color": 0,
							"children": []
						}
					]
				},
				{
					"name": "dark_beast_details",
					"origin": [8, 12.94375, -8.0375],
					"color": 0,
					"children": [
						{
							"name": "nose_details",
							"origin": [8, 12.94375, -8.0375],
							"color": 0,
							"children": [57, 58]
						},
						{
							"name": "jaw_details",
							"origin": [8, 8, 8.25],
							"color": 0,
							"children": [59, 60, 61]
						},
						{
							"name": "back_spikes",
							"origin": [8, 8, 8.25],
							"color": 0,
							"children": [62, 63, 64]
						},
						{
							"name": "front_spikes",
							"origin": [8, 8, 8.25],
							"color": 0,
							"children": [65, 66]
						}
					]
				}
			]
		}
	]
}