{
	"credit": "Made with Blockbench",
	"texture_size": [32, 32],
	"textures": {
		"0": "aoa3:item/selyan_stickler",
		"1": "aoa3:item/drum_mag_wrecker",
		"2": "aoa3:item/darkener",
		"3": "aoa3:item/darkener_skull",
		"particle": "aoa3:item/selyan_stickler"
	},
	"elements": [
		{
			"from": [7.45, 8.96875, -6.45],
			"to": [8.55, 10.06875, -0.25],
			"rotation": {"angle": 0, "axis": "y", "origin": [8, 8.32969, 8.5]},
			"faces": {
				"north": {"uv": [5, 2.5, 5.5, 3], "texture": "#2"},
				"east": {"uv": [6, 0, 9.125, 0.5], "texture": "#2"},
				"south": {"uv": [8.5, 7.5, 9, 8], "texture": "#2"},
				"west": {"uv": [9.125, 0, 6, 0.5], "texture": "#2"},
				"up": {"uv": [9.125, 0.5, 6, 0], "rotation": 90, "texture": "#2"},
				"down": {"uv": [6, 0.5, 9.125, 0], "rotation": 90, "texture": "#2"}
			}
		},
		{
			"from": [7.6, 10.06875, -4.95],
			"to": [8.4, 12.36875, -4.05],
			"rotation": {"angle": 0, "axis": "y", "origin": [8, 8.32969, 8.5]},
			"faces": {
				"north": {"uv": [6, 9, 6.5, 10.125], "texture": "#2"},
				"east": {"uv": [6, 9, 6.5, 10.125], "texture": "#2"},
				"south": {"uv": [6, 9, 6.5, 10.125], "texture": "#2"},
				"west": {"uv": [6, 9, 6.5, 10.125], "texture": "#2"},
				"up": {"uv": [6.875, 12.5, 6.5, 12], "texture": "#2"},
				"down": {"uv": [7.375, 12, 7, 12.5], "texture": "#2"}
			}
		},
		{
			"from": [7.6, 7.99375, 12.85],
			"to": [8.4, 10.29375, 15.85],
			"rotation": {"angle": 0, "axis": "y", "origin": [8, 8.32969, 8.5]},
			"faces": {
				"north": {"uv": [8, 10, 8.375, 11.125], "texture": "#2"},
				"east": {"uv": [2, 5, 3.5, 6.125], "texture": "#2"},
				"south": {"uv": [8.5, 10, 8.875, 11.125], "texture": "#2"},
				"west": {"uv": [3.5, 5, 2, 6.125], "texture": "#2"},
				"up": {"uv": [7.375, 10.5, 7, 9], "texture": "#2"},
				"down": {"uv": [7.875, 9, 7.5, 10.5], "texture": "#2"}
			}
		},
		{
			"from": [7.6, 6.29375, 18.95],
			"to": [8.4, 7.29375, 20.5],
			"rotation": {"angle": 0, "axis": "y", "origin": [8, 8.32969, 8.5]},
			"faces": {
				"north": {"uv": [12, 7, 12.375, 7.5], "texture": "#2"},
				"east": {"uv": [10.5, 0, 11.25, 0.5], "texture": "#2"},
				"south": {"uv": [7.5, 12, 7.875, 12.5], "texture": "#2"},
				"west": {"uv": [11.25, 0, 10.5, 0.5], "texture": "#2"},
				"up": {"uv": [11.875, 6.75, 11.5, 6], "texture": "#2"},
				"down": {"uv": [11.875, 7, 11.5, 7.75], "texture": "#2"}
			}
		},
		{
			"from": [7.6, 7.29375, 18.55],
			"to": [8.4, 7.89375, 20.5],
			"rotation": {"angle": 0, "axis": "y", "origin": [8, 8.32969, 8.5]},
			"faces": {
				"north": {"uv": [3.5, 13, 3.875, 13.25], "texture": "#2"},
				"east": {"uv": [0, 12, 1, 12.25], "texture": "#2"},
				"south": {"uv": [13, 5, 13.375, 5.25], "texture": "#2"},
				"west": {"uv": [1, 12, 0, 12.25], "texture": "#2"},
				"up": {"uv": [3.375, 7.5, 3, 6.5], "texture": "#2"},
				"down": {"uv": [10.875, 1, 10.5, 2], "texture": "#2"}
			}
		},
		{
			"from": [7.6, 7.89375, 18.25],
			"to": [8.4, 8.29375, 20.5],
			"rotation": {"angle": 0, "axis": "y", "origin": [8, 8.32969, 8.5]},
			"faces": {
				"north": {"uv": [5.5, 13, 5.875, 13.25], "texture": "#2"},
				"east": {"uv": [11.5, 8, 12.625, 8.25], "texture": "#2"},
				"south": {"uv": [13, 5.5, 13.375, 5.75], "texture": "#2"},
				"west": {"uv": [12.625, 8, 11.5, 8.25], "texture": "#2"},
				"up": {"uv": [10.375, 9.625, 10, 8.5], "texture": "#2"},
				"down": {"uv": [10.375, 10, 10, 11.125], "texture": "#2"}
			}
		},
		{
			"from": [7.6, 8.29375, 15.85],
			"to": [8.4, 10.29375, 20.5],
			"rotation": {"angle": 0, "axis": "y", "origin": [8, 8.32969, 8.5]},
			"faces": {
				"north": {"uv": [2.5, 10.5, 2.875, 11.5], "texture": "#2"},
				"east": {"uv": [2, 3, 4.375, 4], "texture": "#2"},
				"south": {"uv": [4.5, 10.5, 4.875, 11.5], "texture": "#2"},
				"west": {"uv": [4.375, 3, 2, 4], "texture": "#2"},
				"up": {"uv": [4.375, 9.875, 4, 7.5], "texture": "#2"},
				"down": {"uv": [2.375, 9, 2, 11.375], "texture": "#2"}
			}
		},
		{
			"from": [7.3, 10.69375, 12.85],
			"to": [8.7, 10.94375, 15.55],
			"rotation": {"angle": 0, "axis": "y", "origin": [8, 8.32969, 8.5]},
			"faces": {
				"north": {"uv": [6, 13, 6.75, 13.125], "texture": "#2"},
				"east": {"uv": [12.5, 1, 13.875, 1.125], "texture": "#2"},
				"south": {"uv": [13, 6, 13.75, 6.125], "texture": "#2"},
				"west": {"uv": [13.875, 1, 12.5, 1.125], "texture": "#2"},
				"up": {"uv": [7.25, 8.875, 6.5, 7.5], "texture": "#2"},
				"down": {"uv": [8.25, 6.5, 7.5, 7.875], "texture": "#2"}
			}
		},
		{
			"from": [7.3, 10.29375, 12.85],
			"to": [8.7, 10.69375, 15.85],
			"rotation": {"angle": 0, "axis": "y", "origin": [8, 8.32969, 8.5]},
			"faces": {
				"north": {"uv": [12, 7.5, 12.75, 7.75], "texture": "#2"},
				"east": {"uv": [5, 10.5, 6.5, 10.75], "texture": "#2"},
				"south": {"uv": [8, 12, 8.75, 12.25], "texture": "#2"},
				"west": {"uv": [6.5, 10.5, 5, 10.75], "texture": "#2"},
				"up": {"uv": [8.25, 5.5, 7.5, 4], "texture": "#2"},
				"down": {"uv": [6.25, 7.5, 5.5, 9], "texture": "#2"}
			}
		},
		{
			"from": [7.3, 8.99375, 15.85],
			"to": [8.7, 9.29375, 16.575],
			"rotation": {"angle": 0, "axis": "y", "origin": [8, 8.32969, 8.5]},
			"faces": {
				"north": {"uv": [13, 6.5, 13.75, 6.625], "texture": "#2"},
				"east": {"uv": [2.5, 13.5, 2.875, 13.625], "texture": "#2"},
				"south": {"uv": [7, 13, 7.75, 13.125], "texture": "#2"},
				"west": {"uv": [2.875, 13.5, 2.5, 13.625], "texture": "#2"},
				"up": {"uv": [8.75, 11.875, 8, 11.5], "texture": "#2"},
				"down": {"uv": [12.25, 9, 11.5, 9.375], "texture": "#2"}
			}
		},
		{
			"from": [7.3, 9.29375, 15.85],
			"to": [8.7, 9.59375, 16.875],
			"rotation": {"angle": 0, "axis": "y", "origin": [8, 8.32969, 8.5]},
			"faces": {
				"north": {"uv": [13, 7, 13.75, 7.125], "texture": "#2"},
				"east": {"uv": [11.5, 13, 12, 13.125], "texture": "#2"},
				"south": {"uv": [13, 7.5, 13.75, 7.625], "texture": "#2"},
				"west": {"uv": [12, 13, 11.5, 13.125], "texture": "#2"},
				"up": {"uv": [11.25, 7.5, 10.5, 7], "texture": "#2"},
				"down": {"uv": [11.25, 7.5, 10.5, 8], "texture": "#2"}
			}
		},
		{
			"from": [7.3, 9.59375, 15.85],
			"to": [8.7, 10.69375, 17.25],
			"rotation": {"angle": 0, "axis": "y", "origin": [8, 8.32969, 8.5]},
			"faces": {
				"north": {"uv": [10.5, 8, 11.25, 8.5], "texture": "#2"},
				"east": {"uv": [10.5, 8.5, 11.25, 9], "texture": "#2"},
				"south": {"uv": [10.5, 9, 11.25, 9.5], "texture": "#2"},
				"west": {"uv": [11.25, 8.5, 10.5, 9], "texture": "#2"},
				"up": {"uv": [9.75, 8.25, 9, 7.5], "texture": "#2"},
				"down": {"uv": [8.75, 9, 8, 9.75], "texture": "#2"}
			}
		},
		{
			"from": [7.3, 9.89375, 13.45],
			"to": [8.7, 10.29375, 15.85],
			"rotation": {"angle": 0, "axis": "y", "origin": [8, 8.32969, 8.5]},
			"faces": {
				"north": {"uv": [9, 12, 9.75, 12.25], "texture": "#2"},
				"east": {"uv": [10.5, 11, 11.75, 11.25], "texture": "#2"},
				"south": {"uv": [10, 12, 10.75, 12.25], "texture": "#2"},
				"west": {"uv": [11.75, 11, 10.5, 11.25], "texture": "#2"},
				"up": {"uv": [8.75, 2.25, 8, 1], "texture": "#2"},
				"down": {"uv": [8.75, 2.5, 8, 3.75], "texture": "#2"}
			}
		},
		{
			"from": [7.3, 8.99375, 13.85],
			"to": [8.7, 9.89375, 15.85],
			"rotation": {"angle": 0, "axis": "y", "origin": [8, 8.32969, 8.5]},
			"faces": {
				"north": {"uv": [10.5, 10, 11.25, 10.5], "texture": "#2"},
				"east": {"uv": [6, 2, 7, 2.5], "texture": "#2"},
				"south": {"uv": [10.5, 10.5, 11.25, 11], "texture": "#2"},
				"west": {"uv": [7, 2, 6, 2.5], "texture": "#2"},
				"up": {"uv": [9.75, 3, 9, 2], "texture": "#2"},
				"down": {"uv": [9.75, 3, 9, 4], "texture": "#2"}
			}
		},
		{
			"from": [7.3, 5.59375, 19.25],
			"to": [8.7, 10.69375, 20.55],
			"rotation": {"angle": 0, "axis": "y", "origin": [8, 8.32969, 8.5]},
			"faces": {
				"north": {"uv": [4.5, 3, 5.25, 5.5], "texture": "#2"},
				"east": {"uv": [2, 6.5, 2.625, 9], "texture": "#2"},
				"south": {"uv": [5, 0, 5.75, 2.5], "texture": "#2"},
				"west": {"uv": [2.625, 6.5, 2, 9], "texture": "#2"},
				"up": {"uv": [10.75, 5.625, 10, 5], "texture": "#2"},
				"down": {"uv": [10.75, 6, 10, 6.625], "texture": "#2"}
			}
		},
		{
			"from": [7.3, 9.29375, 20.55],
			"to": [8.7, 10.29375, 20.95],
			"rotation": {"angle": 0, "axis": "y", "origin": [8, 8.32969, 8.5]},
			"faces": {
				"north": {"uv": [11, 1, 11.75, 1.5], "texture": "#2"},
				"east": {"uv": [6.5, 12.5, 6.75, 13], "texture": "#2"},
				"south": {"uv": [11, 1.5, 11.75, 2], "texture": "#2"},
				"west": {"uv": [6.75, 12.5, 6.5, 13], "texture": "#2"},
				"up": {"uv": [12.75, 11.25, 12, 11], "texture": "#2"},
				"down": {"uv": [12.75, 11.5, 12, 11.75], "texture": "#2"}
			}
		},
		{
			"from": [7.3, 5.59375, 20.55],
			"to": [8.7, 6.59375, 20.95],
			"rotation": {"angle": 0, "axis": "y", "origin": [8, 8.32969, 8.5]},
			"faces": {
				"north": {"uv": [11, 2, 11.75, 2.5], "texture": "#2"},
				"east": {"uv": [12.5, 7, 12.75, 7.5], "texture": "#2"},
				"south": {"uv": [11, 2.5, 11.75, 3], "texture": "#2"},
				"west": {"uv": [12.75, 7, 12.5, 7.5], "texture": "#2"},
				"up": {"uv": [12.75, 12.25, 12, 12], "texture": "#2"},
				"down": {"uv": [0.75, 12.5, 0, 12.75], "texture": "#2"}
			}
		},
		{
			"from": [7.3, 5.29375, 19.65],
			"to": [8.7, 5.59375, 20.55],
			"rotation": {"angle": 0, "axis": "y", "origin": [8, 8.32969, 8.5]},
			"faces": {
				"north": {"uv": [8, 13, 8.75, 13.125], "texture": "#2"},
				"east": {"uv": [12, 13, 12.5, 13.125], "texture": "#2"},
				"south": {"uv": [13, 8, 13.75, 8.125], "texture": "#2"},
				"west": {"uv": [12, 13, 12.5, 13.125], "texture": "#2"},
				"up": {"uv": [11.75, 3.5, 11, 3], "texture": "#2"},
				"down": {"uv": [11.75, 3.5, 11, 4], "texture": "#2"}
			}
		},
		{
			"from": [7.45, 7.26875, 1.35],
			"to": [8.55, 8.36875, 2.45],
			"rotation": {"angle": 0, "axis": "y", "origin": [8, 8.32969, 8.5]},
			"faces": {
				"north": {"uv": [12, 1, 12.5, 1.5], "texture": "#2"},
				"east": {"uv": [12, 1, 12.5, 1.5], "texture": "#2"},
				"south": {"uv": [12, 1, 12.5, 1.5], "texture": "#2"},
				"west": {"uv": [12, 1, 12.5, 1.5], "texture": "#2"},
				"up": {"uv": [12.5, 3, 12, 2.5], "texture": "#2"},
				"down": {"uv": [4.5, 14.25, 4, 14.75], "texture": "#2"}
			}
		},
		{
			"from": [7.3, 8.36875, -0.25],
			"to": [8.7, 9.46875, 4.05],
			"rotation": {"angle": 0, "axis": "y", "origin": [8, 8.32969, 8.5]},
			"faces": {
				"north": {"uv": [11, 4, 11.75, 4.5], "texture": "#2"},
				"east": {"uv": [7.5, 5.5, 9.625, 6], "texture": "#2"},
				"south": {"uv": [11, 4, 11.75, 4.5], "texture": "#2"},
				"west": {"uv": [9.625, 5.5, 7.5, 6], "texture": "#2"},
				"up": {"uv": [4.25, 7.125, 3.5, 5], "texture": "#2"},
				"down": {"uv": [6.25, 4, 5.5, 6.125], "texture": "#2"}
			}
		},
		{
			"from": [7.84553, 1.27029, 1.65],
			"to": [8.34553, 7.87029, 2.15],
			"rotation": {"angle": -22.5, "axis": "z", "origin": [8, 8.32969, 8.5]},
			"faces": {
				"north": {"uv": [3, 9.5, 3.25, 12.8], "texture": "#2"},
				"east": {"uv": [3, 9.5, 3.25, 12.8], "texture": "#2"},
				"south": {"uv": [3, 9.5, 3.25, 12.8], "texture": "#2"},
				"west": {"uv": [3, 9.5, 3.25, 12.8], "texture": "#2"},
				"up": {"uv": [12.75, 13.25, 12.5, 13], "texture": "#2"},
				"down": {"uv": [13.25, 13, 13, 13.25], "texture": "#2"}
			}
		},
		{
			"from": [7.65447, 1.27029, 1.65],
			"to": [8.15447, 7.87029, 2.15],
			"rotation": {"angle": 22.5, "axis": "z", "origin": [8, 8.32969, 8.5]},
			"faces": {
				"north": {"uv": [3, 9.5, 3.25, 12.8], "texture": "#2"},
				"east": {"uv": [3, 9.5, 3.25, 12.8], "texture": "#2"},
				"south": {"uv": [3, 9.5, 3.25, 12.8], "texture": "#2"},
				"west": {"uv": [3, 9.5, 3.25, 12.8], "texture": "#2"},
				"up": {"uv": [0.25, 13.75, 0, 13.5], "texture": "#2"},
				"down": {"uv": [0.75, 13.5, 0.5, 13.75], "texture": "#2"}
			}
		},
		{
			"from": [7.64553, 0.67029, 1.45],
			"to": [8.54553, 1.27029, 2.35],
			"rotation": {"angle": -22.5, "axis": "z", "origin": [8, 8.32969, 8.5]},
			"faces": {
				"north": {"uv": [12.5, 9.5, 13, 9.75], "texture": "#2"},
				"east": {"uv": [12.5, 9.5, 13, 9.75], "texture": "#2"},
				"south": {"uv": [12.5, 9.5, 13, 9.75], "texture": "#2"},
				"west": {"uv": [12.5, 9.5, 13, 9.75], "texture": "#2"},
				"up": {"uv": [12.5, 4, 12, 3.5], "texture": "#2"},
				"down": {"uv": [4, 12, 3.5, 12.5], "texture": "#2"}
			}
		},
		{
			"from": [7.45447, 0.67029, 1.45],
			"to": [8.35447, 1.27029, 2.35],
			"rotation": {"angle": 22.5, "axis": "z", "origin": [8, 8.32969, 8.5]},
			"faces": {
				"north": {"uv": [12.5, 9.5, 13, 9.75], "texture": "#2"},
				"east": {"uv": [12.5, 9.5, 13, 9.75], "texture": "#2"},
				"south": {"uv": [12.5, 9.5, 13, 9.75], "texture": "#2"},
				"west": {"uv": [12.5, 9.5, 13, 9.75], "texture": "#2"},
				"up": {"uv": [12.5, 4, 12, 3.5], "texture": "#2"},
				"down": {"uv": [4.5, 12, 4, 12.5], "texture": "#2"}
			}
		},
		{
			"from": [7.3, 7.99375, 11.45],
			"to": [8.7, 8.66875, 12.85],
			"rotation": {"angle": 0, "axis": "y", "origin": [8, 8.32969, 8.5]},
			"faces": {
				"north": {"uv": [11.5, 10, 12.25, 10.375], "texture": "#2"},
				"east": {"uv": [10, 11.5, 10.75, 11.875], "texture": "#2"},
				"south": {"uv": [11.5, 10, 12.25, 10.375], "texture": "#2"},
				"west": {"uv": [10.75, 11.5, 10, 11.875], "texture": "#2"},
				"up": {"uv": [10.25, 0.75, 9.5, 0], "texture": "#2"},
				"down": {"uv": [10.75, 2, 10, 2.75], "texture": "#2"}
			}
		},
		{
			"from": [7.3, 9.46875, -0.25],
			"to": [8.7, 10.96875, 3.35],
			"rotation": {"angle": 0, "axis": "y", "origin": [8, 8.32969, 8.5]},
			"faces": {
				"north": {"uv": [10, 3, 10.75, 3.75], "texture": "#2"},
				"east": {"uv": [6, 1, 7.75, 1.75], "texture": "#2"},
				"south": {"uv": [10, 4, 10.75, 4.75], "texture": "#2"},
				"west": {"uv": [7.75, 1, 6, 1.75], "texture": "#2"},
				"up": {"uv": [7.75, 3.75, 7, 2], "texture": "#2"},
				"down": {"uv": [3.75, 7.5, 3, 9.25], "texture": "#2"}
			}
		},
		{
			"from": [7.1, 8.66875, 3.35],
			"to": [8.9, 10.96875, 12.85],
			"rotation": {"angle": 0, "axis": "y", "origin": [8, 8.32969, 8.5]},
			"faces": {
				"north": {"uv": [0, 8, 0.875, 9.125], "texture": "#2"},
				"east": {"uv": [0, 0, 4.75, 1.125], "texture": "#2"},
				"south": {"uv": [1, 8, 1.875, 9.125], "texture": "#2"},
				"west": {"uv": [4.75, 0, 0, 1.125], "texture": "#2"},
				"up": {"uv": [0.875, 7.75, 0, 3], "texture": "#2"},
				"down": {"uv": [1.875, 3, 1, 7.75], "texture": "#2"}
			}
		},
		{
			"from": [7.45, 7.29375, 5.4],
			"to": [8.55, 8.66875, 8.425],
			"rotation": {"angle": 0, "axis": "y", "origin": [8, 8.32969, 8.5]},
			"faces": {
				"north": {"uv": [9, 11, 9.5, 11.625], "texture": "#2"},
				"east": {"uv": [7.5, 8, 9, 8.625], "texture": "#2"},
				"south": {"uv": [9.5, 11, 10, 11.625], "texture": "#2"},
				"west": {"uv": [9, 8, 7.5, 8.625], "texture": "#2"},
				"up": {"uv": [3, 10.5, 2.5, 9], "texture": "#2"},
				"down": {"uv": [5, 9, 4.5, 10.5], "texture": "#2"}
			}
		},
		{
			"from": [7.45, 7.29375, 8.425],
			"to": [8.55, 8.66875, 11.45],
			"rotation": {"angle": 0, "axis": "y", "origin": [8, 8.32969, 8.5]},
			"faces": {
				"north": {"uv": [2, 11.5, 2.5, 12.125], "texture": "#2"},
				"east": {"uv": [8.5, 6.5, 10, 7.125], "texture": "#2"},
				"south": {"uv": [9, 11, 9.5, 11.625], "texture": "#2"},
				"west": {"uv": [10, 6.5, 8.5, 7.125], "texture": "#2"},
				"up": {"uv": [5.5, 10.5, 5, 9], "texture": "#2"},
				"down": {"uv": [6, 9, 5.5, 10.5], "texture": "#2"}
			}
		},
		{
			"name": "bolt",
			"from": [8.9, 9.56875, 6.85],
			"to": [10.2, 10.06875, 7.35],
			"rotation": {"angle": 0, "axis": "y", "origin": [8, 8.32969, 8.5]},
			"faces": {
				"north": {"uv": [13.5, 0.5, 13.75, 0.75], "texture": "#2"},
				"east": {"uv": [13.5, 0.5, 13.75, 0.75], "texture": "#2"},
				"south": {"uv": [13.5, 0.5, 13.75, 0.75], "texture": "#2"},
				"west": {"uv": [13.5, 0.5, 13.75, 0.75], "texture": "#2"},
				"up": {"uv": [13.5, 0.5, 13.75, 0.75], "texture": "#2"},
				"down": {"uv": [13.5, 0.5, 13.75, 0.75], "texture": "#2"}
			}
		},
		{
			"name": "trigger",
			"from": [7.8, 6.89375, 9.475],
			"to": [8.2, 7.29375, 9.8],
			"rotation": {"angle": 0, "axis": "y", "origin": [8, 8.32969, 8.5]},
			"faces": {
				"north": {"uv": [13.5, 8.5, 13.625, 8.75], "texture": "#2"},
				"east": {"uv": [13.5, 8.5, 13.625, 8.75], "texture": "#2"},
				"south": {"uv": [13.5, 8.5, 13.625, 8.75], "texture": "#2"},
				"west": {"uv": [13.5, 8.5, 13.625, 8.75], "texture": "#2"},
				"up": {"uv": [13.5, 8.5, 13.625, 8.75], "texture": "#2"},
				"down": {"uv": [13.5, 8.5, 13.625, 8.75], "texture": "#2"}
			}
		},
		{
			"from": [7.8, 6.56875, 8.425],
			"to": [8.2, 7.29375, 8.75],
			"rotation": {"angle": 0, "axis": "y", "origin": [8, 8.32969, 8.5]},
			"faces": {
				"north": {"uv": [3, 13.5, 3.125, 13.875], "texture": "#2"},
				"east": {"uv": [3, 13.5, 3.125, 13.875], "texture": "#2"},
				"south": {"uv": [3, 13.5, 3.125, 13.875], "texture": "#2"},
				"west": {"uv": [3, 13.5, 3.125, 13.875], "texture": "#2"},
				"up": {"uv": [3, 13.5, 3.125, 13.875], "texture": "#2"},
				"down": {"uv": [3, 13.5, 3.125, 13.875], "texture": "#2"}
			}
		},
		{
			"from": [7.8, 6.29375, 8.425],
			"to": [8.2, 6.56875, 10.5],
			"rotation": {"angle": 0, "axis": "y", "origin": [8, 8.32969, 8.5]},
			"faces": {
				"north": {"uv": [10.5, 12.5, 11.5, 12.625], "texture": "#2"},
				"east": {"uv": [10.5, 12.5, 11.5, 12.625], "texture": "#2"},
				"south": {"uv": [10.5, 12.5, 11.5, 12.625], "texture": "#2"},
				"west": {"uv": [10.5, 12.5, 11.5, 12.625], "texture": "#2"},
				"up": {"uv": [10.5, 12.5, 11.5, 12.625], "texture": "#2"},
				"down": {"uv": [10.5, 12.5, 11.5, 12.625], "texture": "#2"}
			}
		},
		{
			"from": [7.6, 4.61875, 11.175],
			"to": [8.4, 4.94375, 12.175],
			"rotation": {"angle": 0, "axis": "y", "origin": [8, 8.32969, 8.5]},
			"faces": {
				"north": {"uv": [2, 13.5, 2.5, 13.625], "texture": "#2"},
				"east": {"uv": [2, 13.5, 2.5, 13.625], "texture": "#2"},
				"south": {"uv": [2, 13.5, 2.5, 13.625], "texture": "#2"},
				"west": {"uv": [2, 13.5, 2.5, 13.625], "texture": "#2"},
				"up": {"uv": [12.875, 1, 12.5, 0.5], "texture": "#2"},
				"down": {"uv": [1.375, 12.5, 1, 13], "texture": "#2"}
			}
		},
		{
			"from": [7.6, 4.94375, 11.175],
			"to": [8.4, 5.26875, 12.475],
			"rotation": {"angle": 0, "axis": "y", "origin": [8, 8.32969, 8.5]},
			"faces": {
				"north": {"uv": [4, 13.5, 4.375, 13.625], "texture": "#2"},
				"east": {"uv": [10.5, 13, 11.125, 13.125], "texture": "#2"},
				"south": {"uv": [4.5, 13.5, 4.875, 13.625], "texture": "#2"},
				"west": {"uv": [11.125, 13, 10.5, 13.125], "texture": "#2"},
				"up": {"uv": [5.375, 12.625, 5, 12], "texture": "#2"},
				"down": {"uv": [5.875, 12, 5.5, 12.625], "texture": "#2"}
			}
		},
		{
			"from": [7.6, 5.26875, 11.175],
			"to": [8.4, 5.59375, 12.775],
			"rotation": {"angle": 0, "axis": "y", "origin": [8, 8.32969, 8.5]},
			"faces": {
				"north": {"uv": [5, 13.5, 5.375, 13.625], "texture": "#2"},
				"east": {"uv": [13, 9, 13.75, 9.125], "texture": "#2"},
				"south": {"uv": [13.5, 5, 13.875, 5.125], "texture": "#2"},
				"west": {"uv": [13.75, 9, 13, 9.125], "texture": "#2"},
				"up": {"uv": [11.375, 12.25, 11, 11.5], "texture": "#2"},
				"down": {"uv": [11.875, 11.5, 11.5, 12.25], "texture": "#2"}
			}
		},
		{
			"from": [7.6, 5.59375, 10.8],
			"to": [8.4, 5.91875, 12.775],
			"rotation": {"angle": 0, "axis": "y", "origin": [8, 8.32969, 8.5]},
			"faces": {
				"north": {"uv": [5.5, 13.5, 5.875, 13.625], "texture": "#2"},
				"east": {"uv": [11.5, 12.5, 12.5, 12.625], "texture": "#2"},
				"south": {"uv": [13.5, 5.5, 13.875, 5.625], "texture": "#2"},
				"west": {"uv": [12.5, 12.5, 11.5, 12.625], "texture": "#2"},
				"up": {"uv": [5.375, 12, 5, 11], "texture": "#2"},
				"down": {"uv": [11.375, 5, 11, 6], "texture": "#2"}
			}
		},
		{
			"from": [7.6, 5.91875, 10.5],
			"to": [8.4, 6.24375, 12.475],
			"rotation": {"angle": 0, "axis": "y", "origin": [8, 8.32969, 8.5]},
			"faces": {
				"north": {"uv": [6, 13.5, 6.375, 13.625], "texture": "#2"},
				"east": {"uv": [0, 13, 1, 13.125], "texture": "#2"},
				"south": {"uv": [6.5, 13.5, 6.875, 13.625], "texture": "#2"},
				"west": {"uv": [1, 13, 0, 13.125], "texture": "#2"},
				"up": {"uv": [5.875, 12, 5.5, 11], "texture": "#2"},
				"down": {"uv": [6.375, 11, 6, 12], "texture": "#2"}
			}
		},
		{
			"from": [7.6, 6.24375, 10.5],
			"to": [8.4, 6.56875, 12.125],
			"rotation": {"angle": 0, "axis": "y", "origin": [8, 8.32969, 8.5]},
			"faces": {
				"north": {"uv": [7, 13.5, 7.375, 13.625], "texture": "#2"},
				"east": {"uv": [2.5, 13, 3.375, 13.125], "texture": "#2"},
				"south": {"uv": [7.5, 13.5, 7.875, 13.625], "texture": "#2"},
				"west": {"uv": [3.375, 13, 2.5, 13.125], "texture": "#2"},
				"up": {"uv": [11.375, 6.875, 11, 6], "texture": "#2"},
				"down": {"uv": [6.875, 11, 6.5, 11.875], "texture": "#2"}
			}
		},
		{
			"from": [7.6, 6.56875, 10.15],
			"to": [8.4, 6.89375, 11.825],
			"rotation": {"angle": 0, "axis": "y", "origin": [8, 8.32969, 8.5]},
			"faces": {
				"north": {"uv": [8, 13.5, 8.375, 13.625], "texture": "#2"},
				"east": {"uv": [4.5, 13, 5.375, 13.125], "texture": "#2"},
				"south": {"uv": [8.5, 13.5, 8.875, 13.625], "texture": "#2"},
				"west": {"uv": [5.375, 13, 4.5, 13.125], "texture": "#2"},
				"up": {"uv": [7.375, 11.875, 7, 11], "texture": "#2"},
				"down": {"uv": [7.875, 11, 7.5, 11.875], "texture": "#2"}
			}
		},
		{
			"from": [7.6, 6.89375, 10.15],
			"to": [8.4, 7.29375, 11.45],
			"rotation": {"angle": 0, "axis": "y", "origin": [8, 8.32969, 8.5]},
			"faces": {
				"north": {"uv": [13, 9.5, 13.375, 9.75], "texture": "#2"},
				"east": {"uv": [12.5, 3, 13.125, 3.25], "texture": "#2"},
				"south": {"uv": [13, 10, 13.375, 10.25], "texture": "#2"},
				"west": {"uv": [13.125, 3, 12.5, 3.25], "texture": "#2"},
				"up": {"uv": [6.375, 12.625, 6, 12], "texture": "#2"},
				"down": {"uv": [12.375, 6, 12, 6.625], "texture": "#2"}
			}
		},
		{
			"from": [8.25, 10.96875, 10.85],
			"to": [8.65, 11.96875, 12.15],
			"rotation": {"angle": 0, "axis": "y", "origin": [8, 8.32969, 8.5]},
			"faces": {
				"north": {"uv": [2, 13, 2.25, 13.5], "texture": "#2"},
				"east": {"uv": [11.5, 0.5, 12.125, 1], "texture": "#2"},
				"south": {"uv": [2.25, 13, 2, 13.5], "texture": "#2"},
				"west": {"uv": [12.125, 0.5, 11.5, 1], "texture": "#2"},
				"up": {"uv": [12.5, 5.625, 12.75, 5], "texture": "#2"},
				"down": {"uv": [12.75, 4, 12.5, 4.625], "texture": "#2"}
			}
		},
		{
			"from": [7.35, 10.96875, 10.85],
			"to": [7.75, 11.96875, 12.15],
			"rotation": {"angle": 0, "axis": "y", "origin": [8, 8.32969, 8.5]},
			"faces": {
				"north": {"uv": [2.25, 13, 2, 13.5], "texture": "#2"},
				"east": {"uv": [11.5, 0.5, 12.125, 1], "texture": "#2"},
				"south": {"uv": [2, 13, 2.25, 13.5], "texture": "#2"},
				"west": {"uv": [12.125, 0.5, 11.5, 1], "texture": "#2"},
				"up": {"uv": [12.75, 5.625, 12.5, 5], "texture": "#2"},
				"down": {"uv": [12.75, 6, 12.5, 6.625], "texture": "#2"}
			}
		},
		{
			"from": [5.31658, 3.49978, 5.73459],
			"to": [10.6837, 5.72305, 8.00973],
			"rotation": {"angle": 0, "axis": "y", "origin": [8, 8.32969, 8.5]},
			"faces": {
				"north": {"uv": [0, 0, 2.625, 1.125], "texture": "#1"},
				"east": {"uv": [8.625, 3, 7.5, 4.125], "texture": "#1"},
				"south": {"uv": [0, 0, 2.625, 1.125], "texture": "#1"},
				"west": {"uv": [7.5, 3, 8.625, 4.125], "texture": "#1"},
				"up": {"uv": [2.625, 4.125, 0, 3], "texture": "#1"},
				"down": {"uv": [5.625, 0, 3, 1.125], "texture": "#1"}
			}
		},
		{
			"from": [7.94581, 4.58882, 5.73579],
			"to": [13.31294, 6.8121, 8.00683],
			"rotation": {"angle": -45, "axis": "z", "origin": [8, 8.32969, 8.5]},
			"faces": {
				"north": {"uv": [5.625, 1.5, 3, 2.625], "texture": "#1"},
				"east": {"uv": [8.625, 7.5, 7.5, 8.625], "texture": "#1"},
				"south": {"uv": [3, 1.5, 5.625, 2.625], "texture": "#1"},
				"west": {"uv": [7.5, 4.5, 8.625, 5.625], "texture": "#1"},
				"up": {"uv": [2.625, 5.625, 0, 4.5], "texture": "#1"},
				"down": {"uv": [5.625, 4.5, 3, 5.625], "texture": "#1"}
			}
		},
		{
			"from": [2.68704, 4.58885, 5.73786],
			"to": [8.05416, 6.81213, 8.0089],
			"rotation": {"angle": 45, "axis": "z", "origin": [8, 8.32969, 8.5]},
			"faces": {
				"north": {"uv": [2.625, 6, 0, 7.125], "texture": "#1"},
				"east": {"uv": [8.625, 4.5, 7.5, 5.625], "texture": "#1"},
				"south": {"uv": [0, 6, 2.625, 7.125], "texture": "#1"},
				"west": {"uv": [7.5, 7.5, 8.625, 8.625], "texture": "#1"},
				"up": {"uv": [8.625, 2.625, 6, 1.5], "texture": "#1"},
				"down": {"uv": [5.625, 6, 3, 7.125], "texture": "#1"}
			}
		},
		{
			"from": [6.88834, 1.92769, 5.73024],
			"to": [9.11162, 7.29481, 8.02714],
			"rotation": {"angle": 0, "axis": "y", "origin": [8, 8.32969, 8.5]},
			"faces": {
				"north": {"uv": [6, 3, 7.125, 5.625], "texture": "#1"},
				"east": {"uv": [6, 6, 7.125, 8.625], "texture": "#1"},
				"south": {"uv": [6, 3, 7.125, 5.625], "texture": "#1"},
				"west": {"uv": [1.5, 7.5, 2.625, 10.125], "texture": "#1"},
				"up": {"uv": [10.125, 1.125, 9, 0], "texture": "#1"},
				"down": {"uv": [10.125, 1.5, 9, 2.625], "texture": "#1"}
			}
		},
		{
			"from": [7.66484, 7.29869, 5.73024],
			"to": [8.33512, 8.27881, 8.02714],
			"rotation": {"angle": 0, "axis": "y", "origin": [8, 8.32969, 8.5]},
			"faces": {
				"north": {"uv": [5, 9, 5.375, 9.5], "texture": "#1"},
				"east": {"uv": [10.125, 3, 9, 3.5], "texture": "#1"},
				"south": {"uv": [9, 5, 9.375, 5.5], "texture": "#1"},
				"west": {"uv": [9, 3, 10.125, 3.5], "texture": "#1"},
				"up": {"uv": [9.375, 4.625, 9, 3.5], "texture": "#1"},
				"down": {"uv": [4.875, 9, 4.5, 10.125], "texture": "#1"}
			}
		},
		{
			"from": [7.05554, 10.02555, -3.12567],
			"to": [8.95634, 10.97595, -0.28635],
			"rotation": {"angle": 0, "axis": "y", "origin": [8, 8.32969, 8.5]},
			"faces": {
				"north": {"uv": [3.5, 1.875, 3.75, 2], "texture": "#3"},
				"east": {"uv": [5.21875, 0.25, 4.875, 0.375], "texture": "#3"},
				"south": {"uv": [4.5, 2.375, 4.75, 2.5], "texture": "#3"},
				"west": {"uv": [4.875, 0.25, 5.21875, 0.375], "texture": "#3"},
				"up": {"uv": [5.75, 3.09375, 5.5, 2.75], "texture": "#3"},
				"down": {"uv": [3.25, 5.5, 3, 5.84375], "texture": "#3"}
			}
		},
		{
			"from": [7.29314, 14.13691, -0.80265],
			"to": [8.71874, 15.03979, 1.39515],
			"rotation": {"angle": -22.5, "axis": "x", "origin": [8, 8.32969, 8.5]},
			"faces": {
				"north": {"uv": [6.375, 0.375, 6.5625, 0.5], "texture": "#3"},
				"east": {"uv": [6.53125, 2, 6.25, 2.125], "texture": "#3"},
				"south": {"uv": [6.375, 0.5, 6.5625, 0.625], "texture": "#3"},
				"west": {"uv": [6.25, 2, 6.53125, 2.125], "texture": "#3"},
				"up": {"uv": [1.6875, 6.28125, 1.5, 6], "texture": "#3"},
				"down": {"uv": [2.4375, 6, 2.25, 6.28125], "texture": "#3"}
			}
		},
		{
			"from": [6.6041, 9.66915, -0.28635],
			"to": [9.40778, 10.98783, 2.07777],
			"rotation": {"angle": 0, "axis": "y", "origin": [8, 8.32969, 8.5]},
			"faces": {
				"north": {"uv": [5.875, 4.625, 6.21875, 4.78125], "texture": "#3"},
				"east": {"uv": [6.40625, 2.75, 6.125, 2.90625], "texture": "#3"},
				"south": {"uv": [6, 0.375, 6.34375, 0.53125], "texture": "#3"},
				"west": {"uv": [6.125, 2.75, 6.40625, 2.90625], "texture": "#3"},
				"up": {"uv": [0.34375, 5.53125, 0, 5.25], "texture": "#3"},
				"down": {"uv": [1.46875, 5.25, 1.125, 5.53125], "texture": "#3"}
			}
		},
		{
			"from": [7.05554, 14.44579, 1.39515],
			"to": [8.95634, 15.22987, 3.54543],
			"rotation": {"angle": -22.5, "axis": "x", "origin": [8, 8.32969, 8.5]},
			"faces": {
				"north": {"uv": [0.625, 6.375, 0.875, 6.46875], "texture": "#3"},
				"east": {"uv": [6.53125, 3.75, 6.25, 3.84375], "texture": "#3"},
				"south": {"uv": [6.375, 0.625, 6.625, 0.71875], "texture": "#3"},
				"west": {"uv": [6.25, 3.75, 6.53125, 3.84375], "texture": "#3"},
				"up": {"uv": [1.75, 5.90625, 1.5, 5.625], "texture": "#3"},
				"down": {"uv": [5.875, 1.5, 5.625, 1.78125], "texture": "#3"}
			}
		},
		{
			"from": [6.58034, 10.98367, 1.26945],
			"to": [9.43154, 12.81319, 4.99581],
			"rotation": {"angle": 0, "axis": "y", "origin": [8, 8.32969, 8.5]},
			"faces": {
				"north": {"uv": [1.125, 5.625, 1.46875, 5.84375], "texture": "#3"},
				"east": {"uv": [5.71875, 0.5, 5.25, 0.71875], "texture": "#3"},
				"south": {"uv": [5.625, 1.25, 5.96875, 1.46875], "texture": "#3"},
				"west": {"uv": [5.25, 0.5, 5.71875, 0.71875], "texture": "#3"},
				"up": {"uv": [0.34375, 5.21875, 0, 4.75], "texture": "#3"},
				"down": {"uv": [5.09375, 0.75, 4.75, 1.21875], "texture": "#3"}
			}
		},
		{
			"from": [7.30502, 6.32556, -3.2534],
			"to": [8.70686, 6.93144, -2.37428],
			"rotation": {"angle": 22.5, "axis": "x", "origin": [8, 8.32969, 8.5]},
			"faces": {
				"north": {"uv": [6.75, 0, 6.9375, 0.0625], "texture": "#3"},
				"east": {"uv": [7.375, 2.125, 7.25, 2.1875], "texture": "#3"},
				"south": {"uv": [0.125, 6.75, 0.3125, 6.8125], "texture": "#3"},
				"west": {"uv": [7.25, 2.125, 7.375, 2.1875], "texture": "#3"},
				"up": {"uv": [1.0625, 6.5, 0.875, 6.375], "texture": "#3"},
				"down": {"uv": [6.5625, 1, 6.375, 1.125], "texture": "#3"}
			}
		},
		{
			"from": [6.57242, 12.02487, 3.07922],
			"to": [9.43946, 13.47423, 6.71054],
			"rotation": {"angle": -22.5, "axis": "x", "origin": [8, 8.32969, 8.5]},
			"faces": {
				"north": {"uv": [5.625, 3.75, 5.96875, 3.9375], "texture": "#3"},
				"east": {"uv": [2.96875, 5.5, 2.5, 5.6875], "texture": "#3"},
				"south": {"uv": [5.625, 4.875, 5.96875, 5.0625], "texture": "#3"},
				"west": {"uv": [2.5, 5.5, 2.96875, 5.6875], "texture": "#3"},
				"up": {"uv": [1.46875, 5.21875, 1.125, 4.75], "texture": "#3"},
				"down": {"uv": [5.09375, 1.25, 4.75, 1.71875], "texture": "#3"}
			}
		},
		{
			"from": [7.41194, 13.55083, 1.32387],
			"to": [8.59994, 14.44579, 3.20487],
			"rotation": {"angle": -22.5, "axis": "x", "origin": [8, 8.32969, 8.5]},
			"faces": {
				"north": {"uv": [1.5, 6.375, 1.65625, 6.5], "texture": "#3"},
				"east": {"uv": [5.625, 1.625, 5.375, 1.75], "texture": "#3"},
				"south": {"uv": [2.25, 6.375, 2.40625, 6.5], "texture": "#3"},
				"west": {"uv": [5.375, 1.625, 5.625, 1.75], "texture": "#3"},
				"up": {"uv": [5.65625, 6.375, 5.5, 6.125], "texture": "#3"},
				"down": {"uv": [6.28125, 6, 6.125, 6.25], "texture": "#3"}
			}
		},
		{
			"from": [7.02188, 9.67724, 3.54861],
			"to": [8.97812, 11.13056, 4.62177],
			"rotation": {"angle": 22.5, "axis": "x", "origin": [8, 8.32969, 8.5]},
			"faces": {
				"north": {"uv": [0, 3.625, 0.25, 3.8125], "texture": "#3"},
				"east": {"uv": [3.875, 4.75, 3.75, 4.9375], "texture": "#3"},
				"south": {"uv": [6.125, 1, 6.375, 1.1875], "texture": "#3"},
				"west": {"uv": [3.75, 4.75, 3.875, 4.9375], "texture": "#3"},
				"up": {"uv": [5.625, 3.875, 5.375, 3.75], "texture": "#3"},
				"down": {"uv": [5.875, 5.125, 5.625, 5.25], "texture": "#3"}
			}
		},
		{
			"from": [7.05554, 8.70687, -0.28635],
			"to": [8.95634, 9.66915, 2.07777],
			"rotation": {"angle": 0, "axis": "y", "origin": [8, 8.32969, 8.5]},
			"faces": {
				"north": {"uv": [6.25, 2.625, 6.5, 2.75], "texture": "#3"},
				"east": {"uv": [6.53125, 2.5, 6.25, 2.625], "texture": "#3"},
				"south": {"uv": [2.875, 6.25, 3.125, 6.375], "texture": "#3"},
				"west": {"uv": [6.25, 2.5, 6.53125, 2.625], "texture": "#3"},
				"up": {"uv": [5.875, 2.15625, 5.625, 1.875], "texture": "#3"},
				"down": {"uv": [2.5, 5.625, 2.25, 5.90625], "texture": "#3"}
			}
		},
		{
			"from": [7.18622, 11.9673, -1.46906],
			"to": [8.82566, 12.69198, 0.89506],
			"rotation": {"angle": -22.5, "axis": "x", "origin": [8, 8.32969, 8.5]},
			"faces": {
				"north": {"uv": [1.125, 6.375, 1.34375, 6.46875], "texture": "#3"},
				"east": {"uv": [6.53125, 4, 6.25, 4.09375], "texture": "#3"},
				"south": {"uv": [6.375, 1.375, 6.59375, 1.46875], "texture": "#3"},
				"west": {"uv": [6.25, 4, 6.53125, 4.09375], "texture": "#3"},
				"up": {"uv": [3.46875, 5.90625, 3.25, 5.625], "texture": "#3"},
				"down": {"uv": [4.46875, 5.625, 4.25, 5.90625], "texture": "#3"}
			}
		},
		{
			"from": [7.03178, 6.22048, 2.04213],
			"to": [8.9801, 7.53916, 2.42229],
			"rotation": {"angle": 22.5, "axis": "x", "origin": [8, 8.32969, 8.5]},
			"faces": {
				"north": {"uv": [6.25, 0, 6.5, 0.15625], "texture": "#3"},
				"east": {"uv": [6.1875, 6.875, 6.125, 7.03125], "texture": "#3"},
				"south": {"uv": [6.25, 0.75, 6.5, 0.90625], "texture": "#3"},
				"west": {"uv": [6.125, 6.875, 6.1875, 7.03125], "texture": "#3"},
				"up": {"uv": [3.25, 6.4375, 3, 6.375], "texture": "#3"},
				"down": {"uv": [3.5, 6.375, 3.25, 6.4375], "texture": "#3"}
			}
		},
		{
			"from": [7.18622, 12.69198, -1.35026],
			"to": [7.30502, 13.28598, -1.12454],
			"rotation": {"angle": -22.5, "axis": "x", "origin": [8, 8.32969, 8.5]},
			"faces": {
				"north": {"uv": [1.375, 7.75, 1.40625, 7.8125], "texture": "#3"},
				"east": {"uv": [7.75, 1.375, 7.78125, 1.4375], "texture": "#3"},
				"south": {"uv": [1.5, 7.75, 1.53125, 7.8125], "texture": "#3"},
				"west": {"uv": [7.75, 1.5, 7.78125, 1.5625], "texture": "#3"},
				"up": {"uv": [4.40625, 7.78125, 4.375, 7.75], "texture": "#3"},
				"down": {"uv": [7.78125, 4.375, 7.75, 4.40625], "texture": "#3"}
			}
		},
		{
			"from": [7.18622, 12.69198, -1.12454],
			"to": [7.30502, 12.92958, -0.89882],
			"rotation": {"angle": -22.5, "axis": "x", "origin": [8, 8.32969, 8.5]},
			"faces": {
				"north": {"uv": [4.5, 7.75, 4.53125, 7.78125], "texture": "#3"},
				"east": {"uv": [7.75, 4.5, 7.78125, 4.53125], "texture": "#3"},
				"south": {"uv": [4.625, 7.75, 4.65625, 7.78125], "texture": "#3"},
				"west": {"uv": [7.75, 4.625, 7.78125, 4.65625], "texture": "#3"},
				"up": {"uv": [4.78125, 7.78125, 4.75, 7.75], "texture": "#3"},
				"down": {"uv": [7.78125, 4.75, 7.75, 4.78125], "texture": "#3"}
			}
		},
		{
			"from": [7.18622, 12.69198, -0.63746],
			"to": [7.30502, 13.04838, -0.41174],
			"rotation": {"angle": -22.5, "axis": "x", "origin": [8, 8.32969, 8.5]},
			"faces": {
				"north": {"uv": [4.875, 7.75, 4.90625, 7.78125], "texture": "#3"},
				"east": {"uv": [7.75, 4.875, 7.78125, 4.90625], "texture": "#3"},
				"south": {"uv": [5, 7.75, 5.03125, 7.78125], "texture": "#3"},
				"west": {"uv": [7.75, 5, 7.78125, 5.03125], "texture": "#3"},
				"up": {"uv": [5.15625, 7.78125, 5.125, 7.75], "texture": "#3"},
				"down": {"uv": [7.78125, 5.125, 7.75, 5.15625], "texture": "#3"}
			}
		},
		{
			"from": [7.18622, 12.69198, -0.16226],
			"to": [7.30502, 13.16718, 0.06346],
			"rotation": {"angle": -22.5, "axis": "x", "origin": [8, 8.32969, 8.5]},
			"faces": {
				"north": {"uv": [1.625, 7.75, 1.65625, 7.8125], "texture": "#3"},
				"east": {"uv": [7.75, 1.625, 7.78125, 1.6875], "texture": "#3"},
				"south": {"uv": [1.75, 7.75, 1.78125, 7.8125], "texture": "#3"},
				"west": {"uv": [7.75, 1.75, 7.78125, 1.8125], "texture": "#3"},
				"up": {"uv": [5.28125, 7.78125, 5.25, 7.75], "texture": "#3"},
				"down": {"uv": [7.78125, 5.25, 7.75, 5.28125], "texture": "#3"}
			}
		},
		{
			"from": [7.18622, 12.69198, 0.06346],
			"to": [7.30502, 12.92958, 0.28918],
			"rotation": {"angle": -22.5, "axis": "x", "origin": [8, 8.32969, 8.5]},
			"faces": {
				"north": {"uv": [5.375, 7.75, 5.40625, 7.78125], "texture": "#3"},
				"east": {"uv": [7.75, 5.375, 7.78125, 5.40625], "texture": "#3"},
				"south": {"uv": [5.5, 7.75, 5.53125, 7.78125], "texture": "#3"},
				"west": {"uv": [7.75, 5.5, 7.78125, 5.53125], "texture": "#3"},
				"up": {"uv": [5.65625, 7.78125, 5.625, 7.75], "texture": "#3"},
				"down": {"uv": [7.78125, 5.625, 7.75, 5.65625], "texture": "#3"}
			}
		},
		{
			"from": [8.70686, 12.69198, -1.35026],
			"to": [8.82566, 13.28598, -1.12454],
			"rotation": {"angle": -22.5, "axis": "x", "origin": [8, 8.32969, 8.5]},
			"faces": {
				"north": {"uv": [1.875, 7.75, 1.90625, 7.8125], "texture": "#3"},
				"east": {"uv": [7.75, 1.875, 7.78125, 1.9375], "texture": "#3"},
				"south": {"uv": [2, 7.75, 2.03125, 7.8125], "texture": "#3"},
				"west": {"uv": [7.75, 2, 7.78125, 2.0625], "texture": "#3"},
				"up": {"uv": [5.78125, 7.78125, 5.75, 7.75], "texture": "#3"},
				"down": {"uv": [7.78125, 5.75, 7.75, 5.78125], "texture": "#3"}
			}
		},
		{
			"from": [8.70686, 12.69198, -1.12454],
			"to": [8.82566, 12.92958, -0.89882],
			"rotation": {"angle": -22.5, "axis": "x", "origin": [8, 8.32969, 8.5]},
			"faces": {
				"north": {"uv": [5.875, 7.75, 5.90625, 7.78125], "texture": "#3"},
				"east": {"uv": [7.75, 5.875, 7.78125, 5.90625], "texture": "#3"},
				"south": {"uv": [6, 7.75, 6.03125, 7.78125], "texture": "#3"},
				"west": {"uv": [7.75, 6, 7.78125, 6.03125], "texture": "#3"},
				"up": {"uv": [6.15625, 7.78125, 6.125, 7.75], "texture": "#3"},
				"down": {"uv": [7.78125, 6.125, 7.75, 6.15625], "texture": "#3"}
			}
		},
		{
			"from": [8.70686, 12.69198, -0.63746],
			"to": [8.82566, 13.04838, -0.41174],
			"rotation": {"angle": -22.5, "axis": "x", "origin": [8, 8.32969, 8.5]},
			"faces": {
				"north": {"uv": [6.25, 7.75, 6.28125, 7.78125], "texture": "#3"},
				"east": {"uv": [7.75, 6.25, 7.78125, 6.28125], "texture": "#3"},
				"south": {"uv": [6.375, 7.75, 6.40625, 7.78125], "texture": "#3"},
				"west": {"uv": [7.75, 6.375, 7.78125, 6.40625], "texture": "#3"},
				"up": {"uv": [6.53125, 7.78125, 6.5, 7.75], "texture": "#3"},
				"down": {"uv": [7.78125, 6.5, 7.75, 6.53125], "texture": "#3"}
			}
		},
		{
			"from": [8.70686, 12.69198, -0.16226],
			"to": [8.82566, 13.16718, 0.06346],
			"rotation": {"angle": -22.5, "axis": "x", "origin": [8, 8.32969, 8.5]},
			"faces": {
				"north": {"uv": [2.125, 7.75, 2.15625, 7.8125], "texture": "#3"},
				"east": {"uv": [7.75, 2.125, 7.78125, 2.1875], "texture": "#3"},
				"south": {"uv": [2.25, 7.75, 2.28125, 7.8125], "texture": "#3"},
				"west": {"uv": [7.75, 2.25, 7.78125, 2.3125], "texture": "#3"},
				"up": {"uv": [6.65625, 7.78125, 6.625, 7.75], "texture": "#3"},
				"down": {"uv": [7.78125, 6.625, 7.75, 6.65625], "texture": "#3"}
			}
		},
		{
			"from": [8.70686, 12.69198, 0.06346],
			"to": [8.82566, 12.92958, 0.28918],
			"rotation": {"angle": -22.5, "axis": "x", "origin": [8, 8.32969, 8.5]},
			"faces": {
				"north": {"uv": [6.75, 7.75, 6.78125, 7.78125], "texture": "#3"},
				"east": {"uv": [7.75, 6.75, 7.78125, 6.78125], "texture": "#3"},
				"south": {"uv": [6.875, 7.75, 6.90625, 7.78125], "texture": "#3"},
				"west": {"uv": [7.75, 6.875, 7.78125, 6.90625], "texture": "#3"},
				"up": {"uv": [7.03125, 7.78125, 7, 7.75], "texture": "#3"},
				"down": {"uv": [7.78125, 7, 7.75, 7.03125], "texture": "#3"}
			}
		},
		{
			"from": [8.3267, 12.69198, -1.46906],
			"to": [8.55242, 13.40478, -1.35026],
			"rotation": {"angle": -22.5, "axis": "x", "origin": [8, 8.32969, 8.5]},
			"faces": {
				"north": {"uv": [7.625, 7, 7.65625, 7.09375], "texture": "#3"},
				"east": {"uv": [7.125, 7.625, 7.15625, 7.71875], "texture": "#3"},
				"south": {"uv": [7.625, 7.125, 7.65625, 7.21875], "texture": "#3"},
				"west": {"uv": [7.25, 7.625, 7.28125, 7.71875], "texture": "#3"},
				"up": {"uv": [7.15625, 7.78125, 7.125, 7.75], "texture": "#3"},
				"down": {"uv": [7.78125, 7.125, 7.75, 7.15625], "texture": "#3"}
			}
		},
		{
			"from": [7.4357, 12.69198, -1.46906],
			"to": [7.66142, 12.92958, -1.35026],
			"rotation": {"angle": -22.5, "axis": "x", "origin": [8, 8.32969, 8.5]},
			"faces": {
				"north": {"uv": [7.25, 7.75, 7.28125, 7.78125], "texture": "#3"},
				"east": {"uv": [7.75, 7.25, 7.78125, 7.28125], "texture": "#3"},
				"south": {"uv": [7.375, 7.75, 7.40625, 7.78125], "texture": "#3"},
				"west": {"uv": [7.75, 7.375, 7.78125, 7.40625], "texture": "#3"},
				"up": {"uv": [7.53125, 7.78125, 7.5, 7.75], "texture": "#3"},
				"down": {"uv": [7.78125, 7.5, 7.75, 7.53125], "texture": "#3"}
			}
		},
		{
			"from": [8.00594, 12.69198, -1.46906],
			"to": [8.23166, 13.16718, -1.35026],
			"rotation": {"angle": -22.5, "axis": "x", "origin": [8, 8.32969, 8.5]},
			"faces": {
				"north": {"uv": [2.375, 7.75, 2.40625, 7.8125], "texture": "#3"},
				"east": {"uv": [7.75, 2.375, 7.78125, 2.4375], "texture": "#3"},
				"south": {"uv": [2.5, 7.75, 2.53125, 7.8125], "texture": "#3"},
				"west": {"uv": [7.75, 2.5, 7.78125, 2.5625], "texture": "#3"},
				"up": {"uv": [7.65625, 7.78125, 7.625, 7.75], "texture": "#3"},
				"down": {"uv": [7.78125, 7.625, 7.75, 7.65625], "texture": "#3"}
			}
		},
		{
			"from": [7.66142, 12.69198, -1.46906],
			"to": [7.88714, 13.40478, -1.35026],
			"rotation": {"angle": -22.5, "axis": "x", "origin": [8, 8.32969, 8.5]},
			"faces": {
				"north": {"uv": [7.625, 7.25, 7.65625, 7.34375], "texture": "#3"},
				"east": {"uv": [7.375, 7.625, 7.40625, 7.71875], "texture": "#3"},
				"south": {"uv": [7.625, 7.375, 7.65625, 7.46875], "texture": "#3"},
				"west": {"uv": [7.5, 7.625, 7.53125, 7.71875], "texture": "#3"},
				"up": {"uv": [7.78125, 7.78125, 7.75, 7.75], "texture": "#3"},
				"down": {"uv": [0.03125, 7.875, 0, 7.90625], "texture": "#3"}
			}
		},
		{
			"from": [7.17434, 9.78795, -0.76155],
			"to": [7.29314, 10.02555, -0.53583],
			"rotation": {"angle": 0, "axis": "y", "origin": [8, 8.32969, 8.5]},
			"faces": {
				"north": {"uv": [7.875, 0, 7.90625, 0.03125], "texture": "#3"},
				"east": {"uv": [0.125, 7.875, 0.15625, 7.90625], "texture": "#3"},
				"south": {"uv": [7.875, 0.125, 7.90625, 0.15625], "texture": "#3"},
				"west": {"uv": [0.25, 7.875, 0.28125, 7.90625], "texture": "#3"},
				"up": {"uv": [7.90625, 0.28125, 7.875, 0.25], "texture": "#3"},
				"down": {"uv": [0.40625, 7.875, 0.375, 7.90625], "texture": "#3"}
			}
		},
		{
			"from": [7.17434, 9.55035, -0.98727],
			"to": [7.29314, 10.02555, -0.76155],
			"rotation": {"angle": 0, "axis": "y", "origin": [8, 8.32969, 8.5]},
			"faces": {
				"north": {"uv": [2.625, 7.75, 2.65625, 7.8125], "texture": "#3"},
				"east": {"uv": [7.75, 2.625, 7.78125, 2.6875], "texture": "#3"},
				"south": {"uv": [2.75, 7.75, 2.78125, 7.8125], "texture": "#3"},
				"west": {"uv": [7.75, 2.75, 7.78125, 2.8125], "texture": "#3"},
				"up": {"uv": [7.90625, 0.40625, 7.875, 0.375], "texture": "#3"},
				"down": {"uv": [0.53125, 7.875, 0.5, 7.90625], "texture": "#3"}
			}
		},
		{
			"from": [7.17434, 9.78795, -1.94955],
			"to": [7.29314, 10.02555, -1.72383],
			"rotation": {"angle": 0, "axis": "y", "origin": [8, 8.32969, 8.5]},
			"faces": {
				"north": {"uv": [7.875, 0.5, 7.90625, 0.53125], "texture": "#3"},
				"east": {"uv": [0.625, 7.875, 0.65625, 7.90625], "texture": "#3"},
				"south": {"uv": [7.875, 0.625, 7.90625, 0.65625], "texture": "#3"},
				"west": {"uv": [0.75, 7.875, 0.78125, 7.90625], "texture": "#3"},
				"up": {"uv": [7.90625, 0.78125, 7.875, 0.75], "texture": "#3"},
				"down": {"uv": [0.90625, 7.875, 0.875, 7.90625], "texture": "#3"}
			}
		},
		{
			"from": [7.17434, 9.43155, -2.17527],
			"to": [7.29314, 10.02555, -1.94955],
			"rotation": {"angle": 0, "axis": "y", "origin": [8, 8.32969, 8.5]},
			"faces": {
				"north": {"uv": [2.875, 7.75, 2.90625, 7.8125], "texture": "#3"},
				"east": {"uv": [7.75, 2.875, 7.78125, 2.9375], "texture": "#3"},
				"south": {"uv": [3, 7.75, 3.03125, 7.8125], "texture": "#3"},
				"west": {"uv": [7.75, 3, 7.78125, 3.0625], "texture": "#3"},
				"up": {"uv": [7.90625, 0.90625, 7.875, 0.875], "texture": "#3"},
				"down": {"uv": [1.03125, 7.875, 1, 7.90625], "texture": "#3"}
			}
		},
		{
			"from": [7.17434, 9.78795, -2.66235],
			"to": [7.29314, 10.02555, -2.43663],
			"rotation": {"angle": 0, "axis": "y", "origin": [8, 8.32969, 8.5]},
			"faces": {
				"north": {"uv": [7.875, 1, 7.90625, 1.03125], "texture": "#3"},
				"east": {"uv": [1.125, 7.875, 1.15625, 7.90625], "texture": "#3"},
				"south": {"uv": [7.875, 1.125, 7.90625, 1.15625], "texture": "#3"},
				"west": {"uv": [1.25, 7.875, 1.28125, 7.90625], "texture": "#3"},
				"up": {"uv": [7.90625, 1.28125, 7.875, 1.25], "texture": "#3"},
				"down": {"uv": [1.40625, 7.875, 1.375, 7.90625], "texture": "#3"}
			}
		},
		{
			"from": [7.17434, 9.43155, -2.88807],
			"to": [7.29314, 10.02555, -2.66235],
			"rotation": {"angle": 0, "axis": "y", "origin": [8, 8.32969, 8.5]},
			"faces": {
				"north": {"uv": [3.125, 7.75, 3.15625, 7.8125], "texture": "#3"},
				"east": {"uv": [7.75, 3.125, 7.78125, 3.1875], "texture": "#3"},
				"south": {"uv": [3.25, 7.75, 3.28125, 7.8125], "texture": "#3"},
				"west": {"uv": [7.75, 3.25, 7.78125, 3.3125], "texture": "#3"},
				"up": {"uv": [7.90625, 1.40625, 7.875, 1.375], "texture": "#3"},
				"down": {"uv": [1.53125, 7.875, 1.5, 7.90625], "texture": "#3"}
			}
		},
		{
			"from": [7.38224, 9.31275, -3.13161],
			"to": [7.60796, 10.02555, -3.01281],
			"rotation": {"angle": 0, "axis": "y", "origin": [8, 8.32969, 8.5]},
			"faces": {
				"north": {"uv": [7.625, 7.5, 7.65625, 7.59375], "texture": "#3"},
				"east": {"uv": [7.625, 7.625, 7.65625, 7.71875], "texture": "#3"},
				"south": {"uv": [0, 7.75, 0.03125, 7.84375], "texture": "#3"},
				"west": {"uv": [7.75, 0, 7.78125, 0.09375], "texture": "#3"},
				"up": {"uv": [7.90625, 1.53125, 7.875, 1.5], "texture": "#3"},
				"down": {"uv": [1.65625, 7.875, 1.625, 7.90625], "texture": "#3"}
			}
		},
		{
			"from": [7.72676, 9.55035, -3.13161],
			"to": [7.95248, 10.02555, -3.01281],
			"rotation": {"angle": 0, "axis": "y", "origin": [8, 8.32969, 8.5]},
			"faces": {
				"north": {"uv": [3.375, 7.75, 3.40625, 7.8125], "texture": "#3"},
				"east": {"uv": [7.75, 3.375, 7.78125, 3.4375], "texture": "#3"},
				"south": {"uv": [3.5, 7.75, 3.53125, 7.8125], "texture": "#3"},
				"west": {"uv": [7.75, 3.5, 7.78125, 3.5625], "texture": "#3"},
				"up": {"uv": [7.90625, 1.65625, 7.875, 1.625], "texture": "#3"},
				"down": {"uv": [1.78125, 7.875, 1.75, 7.90625], "texture": "#3"}
			}
		},
		{
			"from": [8.0594, 9.78795, -3.13161],
			"to": [8.28512, 10.02555, -3.01281],
			"rotation": {"angle": 0, "axis": "y", "origin": [8, 8.32969, 8.5]},
			"faces": {
				"north": {"uv": [7.875, 1.75, 7.90625, 1.78125], "texture": "#3"},
				"east": {"uv": [1.875, 7.875, 1.90625, 7.90625], "texture": "#3"},
				"south": {"uv": [7.875, 1.875, 7.90625, 1.90625], "texture": "#3"},
				"west": {"uv": [2, 7.875, 2.03125, 7.90625], "texture": "#3"},
				"up": {"uv": [7.90625, 2.03125, 7.875, 2], "texture": "#3"},
				"down": {"uv": [2.15625, 7.875, 2.125, 7.90625], "texture": "#3"}
			}
		},
		{
			"from": [8.28512, 9.31275, -3.13161],
			"to": [8.51084, 10.02555, -3.01281],
			"rotation": {"angle": 0, "axis": "y", "origin": [8, 8.32969, 8.5]},
			"faces": {
				"north": {"uv": [0.125, 7.75, 0.15625, 7.84375], "texture": "#3"},
				"east": {"uv": [7.75, 0.125, 7.78125, 0.21875], "texture": "#3"},
				"south": {"uv": [0.25, 7.75, 0.28125, 7.84375], "texture": "#3"},
				"west": {"uv": [7.75, 0.25, 7.78125, 0.34375], "texture": "#3"},
				"up": {"uv": [7.90625, 2.15625, 7.875, 2.125], "texture": "#3"},
				"down": {"uv": [2.28125, 7.875, 2.25, 7.90625], "texture": "#3"}
			}
		},
		{
			"from": [8.69498, 9.43155, -2.88807],
			"to": [8.81378, 10.02555, -2.66235],
			"rotation": {"angle": 0, "axis": "y", "origin": [8, 8.32969, 8.5]},
			"faces": {
				"north": {"uv": [3.625, 7.75, 3.65625, 7.8125], "texture": "#3"},
				"east": {"uv": [7.75, 3.625, 7.78125, 3.6875], "texture": "#3"},
				"south": {"uv": [3.75, 7.75, 3.78125, 7.8125], "texture": "#3"},
				"west": {"uv": [7.75, 3.75, 7.78125, 3.8125], "texture": "#3"},
				"up": {"uv": [7.90625, 2.28125, 7.875, 2.25], "texture": "#3"},
				"down": {"uv": [2.40625, 7.875, 2.375, 7.90625], "texture": "#3"}
			}
		},
		{
			"from": [8.69498, 9.78795, -2.66235],
			"to": [8.81378, 10.02555, -2.43663],
			"rotation": {"angle": 0, "axis": "y", "origin": [8, 8.32969, 8.5]},
			"faces": {
				"north": {"uv": [7.875, 2.375, 7.90625, 2.40625], "texture": "#3"},
				"east": {"uv": [2.5, 7.875, 2.53125, 7.90625], "texture": "#3"},
				"south": {"uv": [7.875, 2.5, 7.90625, 2.53125], "texture": "#3"},
				"west": {"uv": [2.625, 7.875, 2.65625, 7.90625], "texture": "#3"},
				"up": {"uv": [7.90625, 2.65625, 7.875, 2.625], "texture": "#3"},
				"down": {"uv": [2.78125, 7.875, 2.75, 7.90625], "texture": "#3"}
			}
		},
		{
			"from": [8.69498, 9.78795, -1.94955],
			"to": [8.81378, 10.02555, -1.72383],
			"rotation": {"angle": 0, "axis": "y", "origin": [8, 8.32969, 8.5]},
			"faces": {
				"north": {"uv": [7.875, 2.75, 7.90625, 2.78125], "texture": "#3"},
				"east": {"uv": [2.875, 7.875, 2.90625, 7.90625], "texture": "#3"},
				"south": {"uv": [7.875, 2.875, 7.90625, 2.90625], "texture": "#3"},
				"west": {"uv": [3, 7.875, 3.03125, 7.90625], "texture": "#3"},
				"up": {"uv": [7.90625, 3.03125, 7.875, 3], "texture": "#3"},
				"down": {"uv": [3.15625, 7.875, 3.125, 7.90625], "texture": "#3"}
			}
		},
		{
			"from": [8.69498, 9.43155, -2.17527],
			"to": [8.81378, 10.02555, -1.94955],
			"rotation": {"angle": 0, "axis": "y", "origin": [8, 8.32969, 8.5]},
			"faces": {
				"north": {"uv": [3.875, 7.75, 3.90625, 7.8125], "texture": "#3"},
				"east": {"uv": [7.75, 3.875, 7.78125, 3.9375], "texture": "#3"},
				"south": {"uv": [4, 7.75, 4.03125, 7.8125], "texture": "#3"},
				"west": {"uv": [7.75, 4, 7.78125, 4.0625], "texture": "#3"},
				"up": {"uv": [7.90625, 3.15625, 7.875, 3.125], "texture": "#3"},
				"down": {"uv": [3.28125, 7.875, 3.25, 7.90625], "texture": "#3"}
			}
		},
		{
			"from": [8.69498, 9.66915, -1.46247],
			"to": [8.81378, 10.02555, -1.23675],
			"rotation": {"angle": 0, "axis": "y", "origin": [8, 8.32969, 8.5]},
			"faces": {
				"north": {"uv": [7.875, 3.25, 7.90625, 3.28125], "texture": "#3"},
				"east": {"uv": [3.375, 7.875, 3.40625, 7.90625], "texture": "#3"},
				"south": {"uv": [7.875, 3.375, 7.90625, 3.40625], "texture": "#3"},
				"west": {"uv": [3.5, 7.875, 3.53125, 7.90625], "texture": "#3"},
				"up": {"uv": [7.90625, 3.53125, 7.875, 3.5], "texture": "#3"},
				"down": {"uv": [3.65625, 7.875, 3.625, 7.90625], "texture": "#3"}
			}
		},
		{
			"from": [8.69498, 9.55035, -0.98727],
			"to": [8.81378, 10.02555, -0.76155],
			"rotation": {"angle": 0, "axis": "y", "origin": [8, 8.32969, 8.5]},
			"faces": {
				"north": {"uv": [4.125, 7.75, 4.15625, 7.8125], "texture": "#3"},
				"east": {"uv": [7.75, 4.125, 7.78125, 4.1875], "texture": "#3"},
				"south": {"uv": [4.25, 7.75, 4.28125, 7.8125], "texture": "#3"},
				"west": {"uv": [7.75, 4.25, 7.78125, 4.3125], "texture": "#3"},
				"up": {"uv": [7.90625, 3.65625, 7.875, 3.625], "texture": "#3"},
				"down": {"uv": [3.78125, 7.875, 3.75, 7.90625], "texture": "#3"}
			}
		},
		{
			"from": [8.69498, 9.78795, -0.76155],
			"to": [8.81378, 10.02555, -0.53583],
			"rotation": {"angle": 0, "axis": "y", "origin": [8, 8.32969, 8.5]},
			"faces": {
				"north": {"uv": [7.875, 3.75, 7.90625, 3.78125], "texture": "#3"},
				"east": {"uv": [3.875, 7.875, 3.90625, 7.90625], "texture": "#3"},
				"south": {"uv": [7.875, 3.875, 7.90625, 3.90625], "texture": "#3"},
				"west": {"uv": [4, 7.875, 4.03125, 7.90625], "texture": "#3"},
				"up": {"uv": [7.90625, 4.03125, 7.875, 4], "texture": "#3"},
				"down": {"uv": [4.15625, 7.875, 4.125, 7.90625], "texture": "#3"}
			}
		},
		{
			"from": [7.17434, 9.66915, -1.46247],
			"to": [7.29314, 10.02555, -1.23675],
			"rotation": {"angle": 0, "axis": "y", "origin": [8, 8.32969, 8.5]},
			"faces": {
				"north": {"uv": [7.875, 4.125, 7.90625, 4.15625], "texture": "#3"},
				"east": {"uv": [4.25, 7.875, 4.28125, 7.90625], "texture": "#3"},
				"south": {"uv": [7.875, 4.25, 7.90625, 4.28125], "texture": "#3"},
				"west": {"uv": [4.375, 7.875, 4.40625, 7.90625], "texture": "#3"},
				"up": {"uv": [7.90625, 4.40625, 7.875, 4.375], "texture": "#3"},
				"down": {"uv": [4.53125, 7.875, 4.5, 7.90625], "texture": "#3"}
			}
		},
		{
			"from": [6.52278, 14.73435, 8.78839],
			"to": [6.92767, 15.48184, 9.47359],
			"rotation": {"angle": -22.5, "axis": "x", "origin": [8, 8.32969, 8.5]},
			"faces": {
				"north": {"uv": [4.125, 7.25, 4.1875, 7.34375], "texture": "#3"},
				"east": {"uv": [7.34375, 1, 7.25, 1.09375], "texture": "#3"},
				"south": {"uv": [7.25, 4.375, 7.3125, 4.46875], "texture": "#3"},
				"west": {"uv": [7.25, 1, 7.34375, 1.09375], "texture": "#3"},
				"up": {"uv": [4.5625, 7.34375, 4.5, 7.25], "texture": "#3"},
				"down": {"uv": [4.5, 7.34375, 4.5625, 7.25], "texture": "#3"}
			}
		},
		{
			"from": [6.30644, 6.83365, 1.01938],
			"to": [7.64402, 8.20405, 1.79802],
			"rotation": {"angle": 45, "axis": "x", "origin": [8, 8.32969, 8.5]},
			"faces": {
				"north": {"uv": [5.75, 6.25, 5.90625, 6.40625], "texture": "#3"},
				"east": {"uv": [6.71875, 5.625, 6.625, 5.78125], "texture": "#3"},
				"south": {"uv": [5.90625, 6.25, 5.75, 6.40625], "texture": "#3"},
				"west": {"uv": [6.625, 5.625, 6.71875, 5.78125], "texture": "#3"},
				"up": {"uv": [5.90625, 6.71875, 5.75, 6.625], "texture": "#3"},
				"down": {"uv": [6.78125, 5.875, 6.625, 5.96875], "texture": "#3"}
			}
		},
		{
			"from": [6.11789, 8.20405, 1.11282],
			"to": [7.33256, 9.57445, 1.86031],
			"rotation": {"angle": 45, "axis": "x", "origin": [8, 8.32969, 8.5]},
			"faces": {
				"north": {"uv": [6.25, 6.25, 6.40625, 6.40625], "texture": "#3"},
				"east": {"uv": [6.71875, 6, 6.625, 6.15625], "texture": "#3"},
				"south": {"uv": [6.40625, 6.25, 6.25, 6.40625], "texture": "#3"},
				"west": {"uv": [6.625, 6, 6.71875, 6.15625], "texture": "#3"},
				"up": {"uv": [6.28125, 6.71875, 6.125, 6.625], "texture": "#3"},
				"down": {"uv": [6.78125, 6.25, 6.625, 6.34375], "texture": "#3"}
			}
		},
		{
			"from": [6.30476, 14.85893, 6.82623],
			"to": [7.14569, 15.60642, 8.10319],
			"rotation": {"angle": -22.5, "axis": "x", "origin": [8, 8.32969, 8.5]},
			"faces": {
				"north": {"uv": [7.25, 1.125, 7.34375, 1.21875], "texture": "#3"},
				"east": {"uv": [6.78125, 6.375, 6.625, 6.46875], "texture": "#3"},
				"south": {"uv": [1.375, 7.25, 1.46875, 7.34375], "texture": "#3"},
				"west": {"uv": [6.625, 6.375, 6.78125, 6.46875], "texture": "#3"},
				"up": {"uv": [6.71875, 6.65625, 6.625, 6.5], "texture": "#3"},
				"down": {"uv": [6.625, 6.65625, 6.71875, 6.5], "texture": "#3"}
			}
		},
		{
			"from": [6.42935, 14.79664, 8.10319],
			"to": [7.02111, 15.54413, 8.78839],
			"rotation": {"angle": -22.5, "axis": "x", "origin": [8, 8.32969, 8.5]},
			"faces": {
				"north": {"uv": [7.25, 5.125, 7.3125, 5.21875], "texture": "#3"},
				"east": {"uv": [1.71875, 7.25, 1.625, 7.34375], "texture": "#3"},
				"south": {"uv": [5.25, 7.25, 5.3125, 7.34375], "texture": "#3"},
				"west": {"uv": [1.625, 7.25, 1.71875, 7.34375], "texture": "#3"},
				"up": {"uv": [7.3125, 5.34375, 7.25, 5.25], "texture": "#3"},
				"down": {"uv": [7.25, 5.34375, 7.3125, 5.25], "texture": "#3"}
			}
		},
		{
			"from": [6.58507, 14.67206, 9.47359],
			"to": [6.86538, 15.41955, 10.12764],
			"rotation": {"angle": -22.5, "axis": "x", "origin": [8, 8.32969, 8.5]},
			"faces": {
				"north": {"uv": [0.875, 7.75, 0.90625, 7.84375], "texture": "#3"},
				"east": {"uv": [7.34375, 1.875, 7.25, 1.96875], "texture": "#3"},
				"south": {"uv": [7.75, 0.875, 7.78125, 0.96875], "texture": "#3"},
				"west": {"uv": [7.25, 1.875, 7.34375, 1.96875], "texture": "#3"},
				"up": {"uv": [1.03125, 7.84375, 1, 7.75], "texture": "#3"},
				"down": {"uv": [1.03125, 7.84375, 1, 7.75], "texture": "#3"}
			}
		},
		{
			"from": [6.64865, 14.60976, 10.12764],
			"to": [6.8018, 15.35725, 10.47024],
			"rotation": {"angle": -22.5, "axis": "x", "origin": [8, 8.32969, 8.5]},
			"faces": {
				"north": {"uv": [1.125, 7.75, 1.15625, 7.84375], "texture": "#3"},
				"east": {"uv": [7.78125, 1.25, 7.75, 1.34375], "texture": "#3"},
				"south": {"uv": [1.25, 7.75, 1.28125, 7.84375], "texture": "#3"},
				"west": {"uv": [7.75, 1.25, 7.78125, 1.34375], "texture": "#3"},
				"up": {"uv": [7.90625, 4.65625, 7.875, 4.625], "texture": "#3"},
				"down": {"uv": [7.90625, 4.65625, 7.875, 4.625], "texture": "#3"}
			}
		},
		{
			"from": [9.07233, 14.73435, 8.78839],
			"to": [9.47722, 15.48184, 9.47359],
			"rotation": {"angle": -22.5, "axis": "x", "origin": [8, 8.32969, 8.5]},
			"faces": {
				"north": {"uv": [4.1875, 7.25, 4.125, 7.34375], "texture": "#3"},
				"east": {"uv": [7.34375, 1, 7.25, 1.09375], "texture": "#3"},
				"south": {"uv": [7.3125, 4.375, 7.25, 4.46875], "texture": "#3"},
				"west": {"uv": [7.25, 1, 7.34375, 1.09375], "texture": "#3"},
				"up": {"uv": [4.5, 7.34375, 4.5625, 7.25], "texture": "#3"},
				"down": {"uv": [4.5625, 7.34375, 4.5, 7.25], "texture": "#3"}
			}
		},
		{
			"from": [8.35598, 6.83365, 1.01938],
			"to": [9.69356, 8.20405, 1.79802],
			"rotation": {"angle": 45, "axis": "x", "origin": [8, 8.32969, 8.5]},
			"faces": {
				"north": {"uv": [5.90625, 6.25, 5.75, 6.40625], "texture": "#3"},
				"east": {"uv": [6.71875, 5.625, 6.625, 5.78125], "texture": "#3"},
				"south": {"uv": [5.75, 6.25, 5.90625, 6.40625], "texture": "#3"},
				"west": {"uv": [6.625, 5.625, 6.71875, 5.78125], "texture": "#3"},
				"up": {"uv": [5.75, 6.71875, 5.90625, 6.625], "texture": "#3"},
				"down": {"uv": [6.625, 5.875, 6.78125, 5.96875], "texture": "#3"}
			}
		},
		{
			"from": [8.66744, 8.20405, 1.11282],
			"to": [9.88211, 9.57445, 1.86031],
			"rotation": {"angle": 45, "axis": "x", "origin": [8, 8.32969, 8.5]},
			"faces": {
				"north": {"uv": [6.40625, 6.25, 6.25, 6.40625], "texture": "#3"},
				"east": {"uv": [6.71875, 6, 6.625, 6.15625], "texture": "#3"},
				"south": {"uv": [6.25, 6.25, 6.40625, 6.40625], "texture": "#3"},
				"west": {"uv": [6.625, 6, 6.71875, 6.15625], "texture": "#3"},
				"up": {"uv": [6.125, 6.71875, 6.28125, 6.625], "texture": "#3"},
				"down": {"uv": [6.625, 6.25, 6.78125, 6.34375], "texture": "#3"}
			}
		},
		{
			"from": [8.85431, 14.85893, 6.82623],
			"to": [9.69524, 15.60642, 8.10319],
			"rotation": {"angle": -22.5, "axis": "x", "origin": [8, 8.32969, 8.5]},
			"faces": {
				"north": {"uv": [7.34375, 1.125, 7.25, 1.21875], "texture": "#3"},
				"east": {"uv": [6.78125, 6.375, 6.625, 6.46875], "texture": "#3"},
				"south": {"uv": [1.46875, 7.25, 1.375, 7.34375], "texture": "#3"},
				"west": {"uv": [6.625, 6.375, 6.78125, 6.46875], "texture": "#3"},
				"up": {"uv": [6.625, 6.65625, 6.71875, 6.5], "texture": "#3"},
				"down": {"uv": [6.71875, 6.65625, 6.625, 6.5], "texture": "#3"}
			}
		},
		{
			"from": [8.97889, 14.79664, 8.10319],
			"to": [9.57065, 15.54413, 8.78839],
			"rotation": {"angle": -22.5, "axis": "x", "origin": [8, 8.32969, 8.5]},
			"faces": {
				"north": {"uv": [7.3125, 5.125, 7.25, 5.21875], "texture": "#3"},
				"east": {"uv": [1.71875, 7.25, 1.625, 7.34375], "texture": "#3"},
				"south": {"uv": [5.3125, 7.25, 5.25, 7.34375], "texture": "#3"},
				"west": {"uv": [1.625, 7.25, 1.71875, 7.34375], "texture": "#3"},
				"up": {"uv": [7.25, 5.34375, 7.3125, 5.25], "texture": "#3"},
				"down": {"uv": [7.3125, 5.34375, 7.25, 5.25], "texture": "#3"}
			}
		},
		{
			"from": [9.13462, 14.67206, 9.47359],
			"to": [9.41493, 15.41955, 10.12764],
			"rotation": {"angle": -22.5, "axis": "x", "origin": [8, 8.32969, 8.5]},
			"faces": {
				"north": {"uv": [0.90625, 7.75, 0.875, 7.84375], "texture": "#3"},
				"east": {"uv": [7.34375, 1.875, 7.25, 1.96875], "texture": "#3"},
				"south": {"uv": [7.78125, 0.875, 7.75, 0.96875], "texture": "#3"},
				"west": {"uv": [7.25, 1.875, 7.34375, 1.96875], "texture": "#3"},
				"up": {"uv": [1, 7.84375, 1.03125, 7.75], "texture": "#3"},
				"down": {"uv": [1, 7.84375, 1.03125, 7.75], "texture": "#3"}
			}
		},
		{
			"from": [9.1982, 14.60976, 10.12764],
			"to": [9.35135, 15.35725, 10.47024],
			"rotation": {"angle": -22.5, "axis": "x", "origin": [8, 8.32969, 8.5]},
			"faces": {
				"north": {"uv": [1.15625, 7.75, 1.125, 7.84375], "texture": "#3"},
				"east": {"uv": [7.78125, 1.25, 7.75, 1.34375], "texture": "#3"},
				"south": {"uv": [1.28125, 7.75, 1.25, 7.84375], "texture": "#3"},
				"west": {"uv": [7.75, 1.25, 7.78125, 1.34375], "texture": "#3"},
				"up": {"uv": [7.875, 4.65625, 7.90625, 4.625], "texture": "#3"},
				"down": {"uv": [7.875, 4.65625, 7.90625, 4.625], "texture": "#3"}
			}
		},
		{
			"from": [7.65, 11.31875, 4.67068],
			"to": [8.35, 11.51875, 5.325],
			"rotation": {"angle": 0, "axis": "y", "origin": [8, 8.32969, 8.5]},
			"faces": {
				"north": {"uv": [11.75, 2.25, 11.9375, 2.3125], "texture": "#0"},
				"east": {"uv": [11.75, 2.5, 11.9375, 2.5625], "texture": "#0"},
				"south": {"uv": [11.75, 2.25, 11.9375, 2.3125], "texture": "#0"},
				"west": {"uv": [11.75, 2.5, 11.9375, 2.5625], "texture": "#0"},
				"up": {"uv": [4.9375, 11.4375, 4.75, 11.25], "texture": "#0"},
				"down": {"uv": [11.4375, 4.75, 11.25, 4.9375], "texture": "#0"}
			}
		},
		{
			"from": [7.65, 11.31875, 5.67068],
			"to": [8.35, 11.51875, 6.325],
			"rotation": {"angle": 0, "axis": "y", "origin": [8, 8.32969, 8.5]},
			"faces": {
				"north": {"uv": [11.75, 2.25, 11.9375, 2.3125], "texture": "#0"},
				"east": {"uv": [11.75, 2.5, 11.9375, 2.5625], "texture": "#0"},
				"south": {"uv": [11.75, 2.25, 11.9375, 2.3125], "texture": "#0"},
				"west": {"uv": [11.75, 2.5, 11.9375, 2.5625], "texture": "#0"},
				"up": {"uv": [4.9375, 11.4375, 4.75, 11.25], "texture": "#0"},
				"down": {"uv": [11.4375, 5, 11.25, 5.1875], "texture": "#0"}
			}
		},
		{
			"from": [7.65, 11.31875, 6.67068],
			"to": [8.35, 11.51875, 7.325],
			"rotation": {"angle": 0, "axis": "y", "origin": [8, 8.32969, 8.5]},
			"faces": {
				"north": {"uv": [11.75, 2.25, 11.9375, 2.3125], "texture": "#0"},
				"east": {"uv": [11.75, 2.5, 11.9375, 2.5625], "texture": "#0"},
				"south": {"uv": [11.75, 2.25, 11.9375, 2.3125], "texture": "#0"},
				"west": {"uv": [11.75, 2.5, 11.9375, 2.5625], "texture": "#0"},
				"up": {"uv": [4.9375, 11.4375, 4.75, 11.25], "texture": "#0"},
				"down": {"uv": [11.4375, 5.25, 11.25, 5.4375], "texture": "#0"}
			}
		},
		{
			"from": [7.65, 11.31875, 9.67068],
			"to": [8.35, 11.51875, 10.325],
			"rotation": {"angle": 0, "axis": "y", "origin": [8, 8.32969, 8.5]},
			"faces": {
				"north": {"uv": [11.75, 2.25, 11.9375, 2.3125], "texture": "#0"},
				"east": {"uv": [11.75, 2.5, 11.9375, 2.5625], "texture": "#0"},
				"south": {"uv": [11.75, 2.25, 11.9375, 2.3125], "texture": "#0"},
				"west": {"uv": [11.75, 2.5, 11.9375, 2.5625], "texture": "#0"},
				"up": {"uv": [4.9375, 11.4375, 4.75, 11.25], "texture": "#0"},
				"down": {"uv": [6.1875, 11.25, 6, 11.4375], "texture": "#0"}
			}
		},
		{
			"from": [7.5, 10.96875, 4.07068],
			"to": [8.5, 11.31875, 10.925],
			"rotation": {"angle": 0, "axis": "y", "origin": [8, 8.32969, 8.5]},
			"faces": {
				"north": {"uv": [1, 11.75, 1.25, 11.8125], "texture": "#0"},
				"east": {"uv": [10.25, 6.25, 11.9375, 6.3125], "texture": "#0"},
				"south": {"uv": [1.25, 11.75, 1.5, 11.8125], "texture": "#0"},
				"west": {"uv": [10.25, 6.5, 11.9375, 6.5625], "texture": "#0"},
				"up": {"uv": [0.75, 8.9375, 0.5, 7.25], "texture": "#0"},
				"down": {"uv": [6.25, 7.25, 6, 8.9375], "texture": "#0"}
			}
		},
		{
			"from": [7.65, 11.31875, 7.67068],
			"to": [8.35, 11.51875, 8.325],
			"rotation": {"angle": 0, "axis": "y", "origin": [8, 8.32969, 8.5]},
			"faces": {
				"north": {"uv": [11.75, 2.25, 11.9375, 2.3125], "texture": "#0"},
				"east": {"uv": [11.75, 2.5, 11.9375, 2.5625], "texture": "#0"},
				"south": {"uv": [11.75, 2.25, 11.9375, 2.3125], "texture": "#0"},
				"west": {"uv": [11.75, 2.5, 11.9375, 2.5625], "texture": "#0"},
				"up": {"uv": [4.9375, 11.4375, 4.75, 11.25], "texture": "#0"},
				"down": {"uv": [11.4375, 5.25, 11.25, 5.4375], "texture": "#0"}
			}
		},
		{
			"from": [7.65, 11.31875, 8.67068],
			"to": [8.35, 11.51875, 9.325],
			"rotation": {"angle": 0, "axis": "y", "origin": [8, 8.32969, 8.5]},
			"faces": {
				"north": {"uv": [11.75, 2.25, 11.9375, 2.3125], "texture": "#0"},
				"east": {"uv": [11.75, 2.5, 11.9375, 2.5625], "texture": "#0"},
				"south": {"uv": [11.75, 2.25, 11.9375, 2.3125], "texture": "#0"},
				"west": {"uv": [11.75, 2.5, 11.9375, 2.5625], "texture": "#0"},
				"up": {"uv": [4.9375, 11.4375, 4.75, 11.25], "texture": "#0"},
				"down": {"uv": [11.4375, 5.25, 11.25, 5.4375], "texture": "#0"}
			}
		}
	],
	"display": {
		"thirdperson_righthand": {
			"rotation": [67.5, 0, 0],
			"translation": [-1.75, 4.5, 1.75]
		},
		"thirdperson_lefthand": {
			"rotation": [67.5, 0, 0],
			"translation": [-1.75, 4.5, 1.75]
		},
		"firstperson_righthand": {
			"translation": [-1.75, 0.25, -5.25],
			"scale": [1.4, 1.4, 1.4]
		},
		"firstperson_lefthand": {
			"translation": [-1.75, 0.25, -5.25],
			"scale": [1.4, 1.4, 1.4]
		},
		"ground": {
			"translation": [0, 3.5, 0]
		},
		"gui": {
			"rotation": [163.34, -47.42, -178.07],
			"translation": [-0.25, -0.25, 0],
			"scale": [0.7, 0.7, 0.7]
		},
		"fixed": {
			"rotation": [0, 90, 0],
			"translation": [0, 0, -1.75],
			"scale": [2, 2, 2]
		}
	},
	"groups": [
		{
			"name": "darkener",
			"origin": [7.48553, 7.85103, 8.47938],
			"color": 0,
			"children": [
				{
					"name": "barrel",
					"origin": [8, 9.66875, -8.15],
					"color": 1,
					"children": [0, 1]
				},
				{
					"name": "stock",
					"origin": [7.48553, 7.85103, 8.47938],
					"color": 0,
					"children": [
						{
							"name": "stock_in",
							"origin": [8, 8.19375, 1.85],
							"color": 0,
							"children": [2, 3, 4, 5, 6]
						},
						{
							"name": "stock_cover",
							"origin": [7.48553, 7.85103, 8.47938],
							"color": 9,
							"children": [7, 8, 9, 10, 11, 12, 13, 14, 15, 16, 17]
						}
					]
				},
				{
					"name": "bipod",
					"origin": [8, 9.66875, -8.15],
					"color": 0,
					"children": [18, 19, 20, 21, 22, 23]
				},
				{
					"name": "body",
					"origin": [8, 8.29375, 1.35],
					"color": 0,
					"children": [24, 25, 26, 27, 28, 29]
				},
				{
					"name": "trigger_guard",
					"origin": [8, 7.24375, 1.725],
					"color": 0,
					"children": [30, 31, 32]
				},
				{
					"name": "handle",
					"origin": [8, 7.89375, 1.35],
					"color": 8,
					"children": [33, 34, 35, 36, 37, 38, 39, 40]
				},
				{
					"name": "iron_sight",
					"origin": [8, 10.3, 8],
					"color": 0,
					"children": [41, 42]
				},
				{
					"name": "mag",
					"origin": [5.44959, 15.62169, 26.2582],
					"color": 9,
					"children": [43, 44, 45, 46, 47]
				},
				{
					"name": "dragon_skull",
					"origin": [11.33234, 7.00764, 8],
					"color": 0,
					"children": [
						{
							"name": "skull",
							"origin": [4.33234, 25.65953, 0.09718],
							"color": 0,
							"children": [48, 49, 50, 51, 52, 53, 54, 55, 56]
						},
						{
							"name": "jaw",
							"origin": [4.33234, 24.50687, 4.99833],
							"color": 0,
							"children": [
								{
									"name": "bone",
									"origin": [4.33234, 24.50687, 4.99833],
									"color": 0,
									"children": [57, 58, 59]
								},
								{
									"name": "jaw_teeth",
									"origin": [3.79484, 21.99024, -4.47399],
									"color": 0,
									"children": [60, 61, 62, 63, 64, 65, 66, 67, 68, 69, 70, 71, 72, 73]
								}
							]
						},
						{
							"name": "skull_teeth",
							"origin": [7.53234, 23.59626, -2.01817],
							"color": 0,
							"children": [74, 75, 76, 77, 78, 79, 80, 81, 82, 83, 84, 85, 86, 87, 88, 89, 90, 91]
						},
						{
							"name": "horns",
							"origin": [6.86229, 7.00764, 8],
							"color": 0,
							"children": [
								{
									"name": "left_horn",
									"origin": [5.6979, 2.57719, 16.56594],
									"color": 0,
									"children": [92, 93, 94, 95, 96, 97, 98]
								},
								{
									"name": "right_horn",
									"origin": [5.6979, 2.57719, 16.56594],
									"color": 0,
									"children": [99, 100, 101, 102, 103, 104, 105]
								}
							]
						}
					]
				},
				{
					"name": "rail",
					"origin": [7.66545, 8.35397, 2.09325],
					"color": 0,
					"children": [106, 107, 108, 109, 110, 111, 112]
				}
			]
		}
	]
}