{
	"credit": "Made with Blockbench",
	"texture_size": [64, 64],
	"textures": {
		"1": "aoa3:item/discharge_energy",
		"2": "aoa3:item/discharge_shotgun",
		"particle": "aoa3:item/discharge_shotgun"
	},
	"elements": [
		{
			"from": [6.875, 7.33867, 7.70996],
			"to": [9.125, 9.85867, 14.55385],
			"rotation": {"angle": 0, "axis": "y", "origin": [8, 8.45043, 19.35437]},
			"faces": {
				"north": {"uv": [2.5, 5.5, 3.0625, 6.125], "texture": "#2"},
				"east": {"uv": [0, 0, 1.6875, 0.625], "texture": "#2"},
				"south": {"uv": [3.25, 5.5, 3.8125, 6.125], "texture": "#2"},
				"west": {"uv": [1.6875, 0, 0, 0.625], "texture": "#2"},
				"up": {"uv": [0.5625, 3.1875, 0, 1.5], "texture": "#2"},
				"down": {"uv": [0.5625, 1.5, 0, 3.1875], "texture": "#2"}
			}
		},
		{
			"from": [6.875, 6.44367, 7.70996],
			"to": [9.125, 7.33867, 11.15385],
			"rotation": {"angle": 0, "axis": "y", "origin": [8, 5.93043, 19.35437]},
			"faces": {
				"north": {"uv": [2.5, 5.27344, 3.0625, 5.49719], "texture": "#2"},
				"east": {"uv": [0.82656, 0.39844, 1.68753, 0.62219], "texture": "#2"},
				"south": {"uv": [2.5, 5.27344, 3.0625, 5.49719], "texture": "#2"},
				"west": {"uv": [1.68753, 0.39844, 0.82656, 0.62219], "texture": "#2"},
				"up": {"uv": [0.5625, 3.1875, 0, 1.5], "texture": "#2"},
				"down": {"uv": [0.5625, 2.3125, 0, 3.17347], "texture": "#2"}
			}
		},
		{
			"name": "trigger",
			"from": [7.82, 6.85367, 12.09747],
			"to": [8.18, 7.33867, 12.38997],
			"rotation": {"angle": 0, "axis": "y", "origin": [8, 8.60067, 11.79501]},
			"faces": {
				"north": {"uv": [8, 4.5, 8.0625, 4.5625], "texture": "#2"},
				"east": {"uv": [8, 4.5, 8.0625, 4.5625], "texture": "#2"},
				"south": {"uv": [8, 4.5, 8.0625, 4.5625], "texture": "#2"},
				"west": {"uv": [8, 4.5, 8.0625, 4.5625], "texture": "#2"},
				"up": {"uv": [8, 4.5, 8.0625, 4.5625], "texture": "#2"},
				"down": {"uv": [8, 4.5, 8.0625, 4.5625], "texture": "#2"}
			}
		},
		{
			"from": [7.82, 6.68617, 11.15247],
			"to": [8.18, 7.33867, 11.44497],
			"rotation": {"angle": 0, "axis": "y", "origin": [8, 8.60067, 11.79501]},
			"faces": {
				"north": {"uv": [7, 7.75, 7.0625, 7.9375], "texture": "#2"},
				"east": {"uv": [7, 7.75, 7.0625, 7.9375], "texture": "#2"},
				"south": {"uv": [7, 7.75, 7.0625, 7.9375], "texture": "#2"},
				"west": {"uv": [7, 7.75, 7.0625, 7.9375], "texture": "#2"},
				"up": {"uv": [7, 7.75, 7.0625, 7.9375], "texture": "#2"},
				"down": {"uv": [7, 7.75, 7.0625, 7.9375], "texture": "#2"}
			}
		},
		{
			"from": [7.82, 6.43867, 11.15247],
			"to": [8.18, 6.68617, 13.01997],
			"rotation": {"angle": 0, "axis": "y", "origin": [8, 8.60067, 11.79501]},
			"faces": {
				"north": {"uv": [1, 7.75, 1.4375, 7.8125], "texture": "#2"},
				"east": {"uv": [1, 7.75, 1.4375, 7.8125], "texture": "#2"},
				"south": {"uv": [1, 7.75, 1.4375, 7.8125], "texture": "#2"},
				"west": {"uv": [1, 7.75, 1.4375, 7.8125], "texture": "#2"},
				"up": {"uv": [1, 7.75, 1.4375, 7.8125], "texture": "#2"},
				"down": {"uv": [1, 7.75, 1.4375, 7.8125], "texture": "#2"}
			}
		},
		{
			"from": [7.39, 4.93117, 13.62747],
			"to": [8.61, 5.22367, 14.52747],
			"rotation": {"angle": 0, "axis": "y", "origin": [8, 8.60067, 11.79501]},
			"faces": {
				"north": {"uv": [4.25, 7.75, 4.5625, 7.8125], "texture": "#2"},
				"east": {"uv": [6.5, 7.75, 6.75, 7.8125], "texture": "#2"},
				"south": {"uv": [4.25, 7.75, 4.5625, 7.8125], "texture": "#2"},
				"west": {"uv": [6.75, 7.75, 6.5, 7.8125], "texture": "#2"},
				"up": {"uv": [5.6875, 7.75, 5.5, 7.5], "texture": "#2"},
				"down": {"uv": [4.25, 7.75, 4.5625, 7.8125], "texture": "#2"}
			}
		},
		{
			"from": [7.39, 5.22367, 13.62747],
			"to": [8.61, 5.51617, 14.79747],
			"rotation": {"angle": 0, "axis": "y", "origin": [8, 8.60067, 11.79501]},
			"faces": {
				"north": {"uv": [4.25, 7.75, 4.5625, 7.8125], "texture": "#2"},
				"east": {"uv": [4.25, 7.75, 4.5625, 7.8125], "texture": "#2"},
				"south": {"uv": [4.25, 7.75, 4.5625, 7.8125], "texture": "#2"},
				"west": {"uv": [4.5625, 7.75, 4.25, 7.8125], "texture": "#2"},
				"up": {"uv": [6.1875, 7.5625, 6, 7.25], "texture": "#2"},
				"down": {"uv": [4.25, 7.75, 4.5625, 7.8125], "texture": "#2"}
			}
		},
		{
			"from": [7.39, 5.51617, 13.62747],
			"to": [8.61, 5.80867, 15.06747],
			"rotation": {"angle": 0, "axis": "y", "origin": [8, 8.60067, 11.79501]},
			"faces": {
				"north": {"uv": [4.25, 7.75, 4.5625, 7.8125], "texture": "#2"},
				"east": {"uv": [7.75, 2.75, 8.125, 2.8125], "texture": "#2"},
				"south": {"uv": [4.25, 7.75, 4.5625, 7.8125], "texture": "#2"},
				"west": {"uv": [8.125, 2.75, 7.75, 2.8125], "texture": "#2"},
				"up": {"uv": [4.6875, 6.625, 4.5, 6.25], "texture": "#2"},
				"down": {"uv": [4.25, 7.75, 4.5625, 7.8125], "texture": "#2"}
			}
		},
		{
			"from": [7.39, 5.80867, 13.28997],
			"to": [8.61, 6.10117, 15.06747],
			"rotation": {"angle": 0, "axis": "y", "origin": [8, 8.60067, 11.79501]},
			"faces": {
				"north": {"uv": [4.25, 7.75, 4.5625, 7.8125], "texture": "#2"},
				"east": {"uv": [2.25, 7.75, 2.6875, 7.8125], "texture": "#2"},
				"south": {"uv": [4.25, 7.75, 4.5625, 7.8125], "texture": "#2"},
				"west": {"uv": [2.6875, 7.75, 2.25, 7.8125], "texture": "#2"},
				"up": {"uv": [4.25, 7.75, 4.5625, 7.8125], "texture": "#2"},
				"down": {"uv": [4.25, 7.75, 4.5625, 7.8125], "texture": "#2"}
			}
		},
		{
			"from": [7.39, 6.10117, 13.01997],
			"to": [8.61, 6.39367, 14.79747],
			"rotation": {"angle": 0, "axis": "y", "origin": [8, 8.60067, 11.79501]},
			"faces": {
				"north": {"uv": [4.25, 7.75, 4.5625, 7.8125], "texture": "#2"},
				"east": {"uv": [7.75, 2.5, 8.1875, 2.5625], "texture": "#2"},
				"south": {"uv": [4.25, 7.75, 4.5625, 7.8125], "texture": "#2"},
				"west": {"uv": [8.1875, 2.5, 7.75, 2.5625], "texture": "#2"},
				"up": {"uv": [4.25, 7.75, 4.5625, 7.8125], "texture": "#2"},
				"down": {"uv": [4.25, 7.75, 4.5625, 7.8125], "texture": "#2"}
			}
		},
		{
			"from": [7.39, 6.39367, 13.01997],
			"to": [8.61, 6.68617, 14.48247],
			"rotation": {"angle": 0, "axis": "y", "origin": [8, 8.60067, 11.79501]},
			"faces": {
				"north": {"uv": [4.25, 7.75, 4.5625, 7.8125], "texture": "#2"},
				"east": {"uv": [3.25, 7.75, 3.625, 7.8125], "texture": "#2"},
				"south": {"uv": [4.25, 7.75, 4.5625, 7.8125], "texture": "#2"},
				"west": {"uv": [3.625, 7.75, 3.25, 7.8125], "texture": "#2"},
				"up": {"uv": [4.25, 7.75, 4.5625, 7.8125], "texture": "#2"},
				"down": {"uv": [7.1875, 7, 7, 7.375], "texture": "#2"}
			}
		},
		{
			"from": [7.39, 6.68617, 12.70497],
			"to": [8.61, 6.97867, 14.21247],
			"rotation": {"angle": 0, "axis": "y", "origin": [8, 8.60067, 11.79501]},
			"faces": {
				"north": {"uv": [4.25, 7.75, 4.5625, 7.8125], "texture": "#2"},
				"east": {"uv": [7.75, 3.5, 8.125, 3.5625], "texture": "#2"},
				"south": {"uv": [4.25, 7.75, 4.5625, 7.8125], "texture": "#2"},
				"west": {"uv": [8.125, 3.5, 7.75, 3.5625], "texture": "#2"},
				"up": {"uv": [7.4375, 1.625, 7.25, 1.25], "texture": "#2"},
				"down": {"uv": [4.25, 7.75, 4.5625, 7.8125], "texture": "#2"}
			}
		},
		{
			"from": [7.39, 6.97867, 12.70497],
			"to": [8.61, 7.33867, 14.21247],
			"rotation": {"angle": 0, "axis": "y", "origin": [8, 8.60067, 11.79501]},
			"faces": {
				"north": {"uv": [4.25, 7.75, 4.5625, 7.8125], "texture": "#2"},
				"east": {"uv": [7.75, 3.75, 8.125, 3.8125], "texture": "#2"},
				"south": {"uv": [4.25, 7.75, 4.5625, 7.8125], "texture": "#2"},
				"west": {"uv": [8.125, 3.75, 7.75, 3.8125], "texture": "#2"},
				"up": {"uv": [1.9375, 7.625, 1.75, 7.25], "texture": "#2"},
				"down": {"uv": [2.1875, 7.25, 2, 7.625], "texture": "#2"}
			}
		},
		{
			"from": [6.69817, 8.68459, 11.44884],
			"to": [9.30183, 10.43889, 15.8121],
			"rotation": {"angle": 0, "axis": "y", "origin": [8, 10.10902, 13.29685]},
			"faces": {
				"north": {"uv": [4.25, 7.5, 9.5636, 11.0802], "texture": "#1"},
				"east": {"uv": [4.75, 6.25, 13.6546, 9.8302], "texture": "#1"},
				"south": {"uv": [6, 6, 11.3136, 9.5802], "texture": "#1"},
				"west": {"uv": [5, 3, 13.9046, 6.5802], "texture": "#1"},
				"up": {"uv": [8.8136, 11.1546, 3.5, 2.25], "texture": "#1"},
				"down": {"uv": [6.3136, 5, 1, 13.9046], "texture": "#1"}
			}
		},
		{
			"from": [6.67317, 10.43889, 11.88367],
			"to": [9.32683, 10.87372, 14.04281],
			"rotation": {"angle": 0, "axis": "y", "origin": [8, 10.10902, 13.29685]},
			"faces": {
				"north": {"uv": [7.25, 7.25, 12.5636, 8.1374], "texture": "#1"},
				"east": {"uv": [7.5, 8.75, 11.9064, 9.6374], "texture": "#1"},
				"south": {"uv": [7.25, 8.5, 12.5636, 9.3874], "texture": "#1"},
				"west": {"uv": [7.5, 9, 11.9064, 9.8874], "texture": "#1"},
				"up": {"uv": [10.8136, 11.1564, 5.5, 6.75], "texture": "#1"},
				"down": {"uv": [11.0636, 3.5, 5.75, 7.9064], "texture": "#1"}
			}
		},
		{
			"from": [9.0966, 10.90987, 11.84727],
			"to": [9.3284, 10.90987, 14.05047],
			"rotation": {"angle": 0, "axis": "y", "origin": [8, 8.89927, 13.78272]},
			"faces": {
				"north": {"uv": [0, 0, 0.6875, 0], "texture": "#2"},
				"east": {"uv": [0, 0, 0.5625, 0], "texture": "#2"},
				"south": {"uv": [0, 0, 0.6875, 0], "texture": "#2"},
				"west": {"uv": [0, 0, 0.5625, 0], "texture": "#2"},
				"up": {"uv": [5.4375, 2.3125, 4.75, 1.75], "texture": "#2"},
				"down": {"uv": [5.4375, 1.75, 4.75, 2.3125], "texture": "#2"}
			}
		},
		{
			"from": [6.6716, 10.46617, 14.02857],
			"to": [6.9034, 10.46617, 15.85587],
			"rotation": {"angle": 0, "axis": "y", "origin": [8, 8.89927, 13.78272]},
			"faces": {
				"north": {"uv": [0, 0, 0.6875, 0], "texture": "#2"},
				"east": {"uv": [0, 0, 1.125, 0], "texture": "#2"},
				"south": {"uv": [0, 0, 0.6875, 0], "texture": "#2"},
				"west": {"uv": [0, 0, 1.125, 0], "texture": "#2"},
				"up": {"uv": [2.1875, 3.125, 1.5, 2], "texture": "#2"},
				"down": {"uv": [2.1875, 2, 1.5, 3.125], "texture": "#2"}
			}
		},
		{
			"from": [6.6716, 8.67607, 11.40357],
			"to": [6.9034, 10.46617, 11.40357],
			"rotation": {"angle": 0, "axis": "y", "origin": [8, 8.89927, 13.78272]},
			"faces": {
				"north": {"uv": [5.75, 3.25, 6.4375, 3.6875], "texture": "#2"},
				"east": {"uv": [0, 0, 0, 0.4375], "texture": "#2"},
				"south": {"uv": [5.75, 3.25, 6.4375, 3.6875], "texture": "#2"},
				"west": {"uv": [0, 0, 0, 0.4375], "texture": "#2"},
				"up": {"uv": [0.6875, 0, 0, 0], "texture": "#2"},
				"down": {"uv": [0.6875, 0, 0, 0], "texture": "#2"}
			}
		},
		{
			"from": [6.6716, 8.67607, 15.85587],
			"to": [6.9034, 10.46617, 15.85587],
			"rotation": {"angle": 0, "axis": "y", "origin": [8, 8.89927, 13.78272]},
			"faces": {
				"north": {"uv": [5.75, 0.75, 6.4375, 1.1875], "texture": "#2"},
				"east": {"uv": [0, 0, 0, 0.4375], "texture": "#2"},
				"south": {"uv": [5.75, 0.75, 6.4375, 1.1875], "texture": "#2"},
				"west": {"uv": [0, 0, 0, 0.4375], "texture": "#2"},
				"up": {"uv": [0.6875, 0, 0, 0], "texture": "#2"},
				"down": {"uv": [0.6875, 0, 0, 0], "texture": "#2"}
			}
		},
		{
			"from": [9.0966, 10.46617, 14.05047],
			"to": [9.3284, 10.90987, 14.05047],
			"rotation": {"angle": 0, "axis": "y", "origin": [8, 8.89927, 13.78272]},
			"faces": {
				"north": {"uv": [2.75, 7, 3.4375, 7.125], "texture": "#2"},
				"east": {"uv": [0, 0, 0, 0.125], "texture": "#2"},
				"south": {"uv": [2.75, 7, 3.4375, 7.125], "texture": "#2"},
				"west": {"uv": [0, 0, 0, 0.125], "texture": "#2"},
				"up": {"uv": [0.6875, 0, 0, 0], "texture": "#2"},
				"down": {"uv": [0.6875, 0, 0, 0], "texture": "#2"}
			}
		},
		{
			"from": [6.6716, 10.46617, 11.84727],
			"to": [6.9034, 10.90987, 11.84727],
			"rotation": {"angle": 0, "axis": "y", "origin": [8, 8.89927, 13.78272]},
			"faces": {
				"north": {"uv": [7, 0.5, 7.6875, 0.625], "texture": "#2"},
				"east": {"uv": [0, 0, 0, 0.125], "texture": "#2"},
				"south": {"uv": [7, 0.5, 7.6875, 0.625], "texture": "#2"},
				"west": {"uv": [0, 0, 0, 0.125], "texture": "#2"},
				"up": {"uv": [0.6875, 0, 0, 0], "texture": "#2"},
				"down": {"uv": [0.6875, 0, 0, 0], "texture": "#2"}
			}
		},
		{
			"from": [9.0966, 10.46617, 14.02857],
			"to": [9.3284, 10.46617, 15.85587],
			"rotation": {"angle": 0, "axis": "y", "origin": [8, 8.89927, 13.78272]},
			"faces": {
				"north": {"uv": [0, 0, 0.6875, 0], "texture": "#2"},
				"east": {"uv": [0, 0, 1.125, 0], "texture": "#2"},
				"south": {"uv": [0, 0, 0.6875, 0], "texture": "#2"},
				"west": {"uv": [0, 0, 1.125, 0], "texture": "#2"},
				"up": {"uv": [2.1875, 3.125, 1.5, 2], "texture": "#2"},
				"down": {"uv": [2.1875, 2, 1.5, 3.125], "texture": "#2"}
			}
		},
		{
			"from": [9.0966, 8.67607, 15.85587],
			"to": [9.3284, 10.46617, 15.85587],
			"rotation": {"angle": 0, "axis": "y", "origin": [8, 8.89927, 13.78272]},
			"faces": {
				"north": {"uv": [5.75, 0.75, 6.4375, 1.1875], "texture": "#2"},
				"east": {"uv": [0, 0, 0, 0.4375], "texture": "#2"},
				"south": {"uv": [5.75, 0.75, 6.4375, 1.1875], "texture": "#2"},
				"west": {"uv": [0, 0, 0, 0.4375], "texture": "#2"},
				"up": {"uv": [0.6875, 0, 0, 0], "texture": "#2"},
				"down": {"uv": [0.6875, 0, 0, 0], "texture": "#2"}
			}
		},
		{
			"from": [6.6716, 10.46617, 14.05047],
			"to": [6.9034, 10.90987, 14.05047],
			"rotation": {"angle": 0, "axis": "y", "origin": [8, 8.89927, 13.78272]},
			"faces": {
				"north": {"uv": [2.75, 7, 3.4375, 7.125], "texture": "#2"},
				"east": {"uv": [0, 0, 0, 0.125], "texture": "#2"},
				"south": {"uv": [2.75, 7, 3.4375, 7.125], "texture": "#2"},
				"west": {"uv": [0, 0, 0, 0.125], "texture": "#2"},
				"up": {"uv": [0.6875, 0, 0, 0], "texture": "#2"},
				"down": {"uv": [0.6875, 0, 0, 0], "texture": "#2"}
			}
		},
		{
			"from": [6.6716, 10.90987, 11.84727],
			"to": [6.9034, 10.90987, 14.05047],
			"rotation": {"angle": 0, "axis": "y", "origin": [8, 8.89927, 13.78272]},
			"faces": {
				"north": {"uv": [0, 0, 0.6875, 0], "texture": "#2"},
				"east": {"uv": [0, 0, 0.5625, 0], "texture": "#2"},
				"south": {"uv": [0, 0, 0.6875, 0], "texture": "#2"},
				"west": {"uv": [0, 0, 0.5625, 0], "texture": "#2"},
				"up": {"uv": [5.4375, 2.3125, 4.75, 1.75], "texture": "#2"},
				"down": {"uv": [5.4375, 1.75, 4.75, 2.3125], "texture": "#2"}
			}
		},
		{
			"from": [9.0966, 10.46617, 11.84727],
			"to": [9.3284, 10.90987, 11.84727],
			"rotation": {"angle": 0, "axis": "y", "origin": [8, 8.89927, 13.78272]},
			"faces": {
				"north": {"uv": [7, 0.5, 7.6875, 0.625], "texture": "#2"},
				"east": {"uv": [0, 0, 0, 0.125], "texture": "#2"},
				"south": {"uv": [7, 0.5, 7.6875, 0.625], "texture": "#2"},
				"west": {"uv": [0, 0, 0, 0.125], "texture": "#2"},
				"up": {"uv": [0.6875, 0, 0, 0], "texture": "#2"},
				"down": {"uv": [0.6875, 0, 0, 0], "texture": "#2"}
			}
		},
		{
			"from": [9.0966, 8.67607, 11.40357],
			"to": [9.3284, 10.46617, 11.40357],
			"rotation": {"angle": 0, "axis": "y", "origin": [8, 8.89927, 13.78272]},
			"faces": {
				"north": {"uv": [5.75, 3.25, 6.4375, 3.6875], "texture": "#2"},
				"east": {"uv": [0, 0, 0, 0.4375], "texture": "#2"},
				"south": {"uv": [5.75, 3.25, 6.4375, 3.6875], "texture": "#2"},
				"west": {"uv": [0, 0, 0, 0.4375], "texture": "#2"},
				"up": {"uv": [0.6875, 0, 0, 0], "texture": "#2"},
				"down": {"uv": [0.6875, 0, 0, 0], "texture": "#2"}
			}
		},
		{
			"from": [9.3284, 10.20737, 13.79727],
			"to": [9.3284, 10.47247, 15.84957],
			"rotation": {"angle": 0, "axis": "y", "origin": [8, 8.90557, 13.77642]},
			"faces": {
				"north": {"uv": [0, 0, 0, 0.4375], "texture": "#2"},
				"east": {"uv": [4.5, 3.5, 5.625, 3.9375], "texture": "#2"},
				"south": {"uv": [0, 0, 0, 0.4375], "texture": "#2"},
				"west": {"uv": [5.625, 3.5, 4.5, 3.9375], "texture": "#2"},
				"up": {"uv": [0, 1.125, 0, 0], "texture": "#2"},
				"down": {"uv": [0, 0, 0, 1.125], "texture": "#2"}
			}
		},
		{
			"from": [9.3284, 10.20807, 11.40127],
			"to": [9.3284, 10.47317, 12.07857],
			"rotation": {"angle": 0, "axis": "y", "origin": [8, 8.90627, 13.78042]},
			"faces": {
				"north": {"uv": [0, 0, 0, 0.4375], "texture": "#2"},
				"east": {"uv": [4.5, 3.5, 5.625, 3.9375], "texture": "#2"},
				"south": {"uv": [0, 0, 0, 0.4375], "texture": "#2"},
				"west": {"uv": [5.625, 3.5, 4.5, 3.9375], "texture": "#2"},
				"up": {"uv": [0, 1.125, 0, 0], "texture": "#2"},
				"down": {"uv": [0, 0, 0, 1.125], "texture": "#2"}
			}
		},
		{
			"from": [9.3284, 10.69117, 11.84727],
			"to": [9.3284, 10.90987, 14.05047],
			"rotation": {"angle": 0, "axis": "y", "origin": [8, 8.89927, 13.78272]},
			"faces": {
				"north": {"uv": [0, 0, 0, 0.125], "texture": "#2"},
				"east": {"uv": [4.5, 7.25, 5.0625, 7.375], "texture": "#2"},
				"south": {"uv": [0, 0, 0, 0.125], "texture": "#2"},
				"west": {"uv": [5.0625, 7.25, 4.5, 7.375], "texture": "#2"},
				"up": {"uv": [0, 0.5625, 0, 0], "texture": "#2"},
				"down": {"uv": [0, 0, 0, 0.5625], "texture": "#2"}
			}
		},
		{
			"from": [9.3284, 10.47247, 11.84727],
			"to": [9.3284, 10.69117, 12.10047],
			"rotation": {"angle": 0, "axis": "y", "origin": [8, 8.90557, 13.78272]},
			"faces": {
				"north": {"uv": [0, 0, 0, 0.125], "texture": "#2"},
				"east": {"uv": [4.5, 7.25, 5.0625, 7.375], "texture": "#2"},
				"south": {"uv": [0, 0, 0, 0.125], "texture": "#2"},
				"west": {"uv": [5.0625, 7.25, 4.5, 7.375], "texture": "#2"},
				"up": {"uv": [0, 0.5625, 0, 0], "texture": "#2"},
				"down": {"uv": [0, 0, 0, 0.5625], "texture": "#2"}
			}
		},
		{
			"from": [9.3284, 10.47247, 13.79727],
			"to": [9.3284, 10.69117, 14.05047],
			"rotation": {"angle": 0, "axis": "y", "origin": [8, 8.90557, 13.78272]},
			"faces": {
				"north": {"uv": [0, 0, 0, 0.125], "texture": "#2"},
				"east": {"uv": [4.5, 7.25, 5.0625, 7.375], "texture": "#2"},
				"south": {"uv": [0, 0, 0, 0.125], "texture": "#2"},
				"west": {"uv": [5.0625, 7.25, 4.5, 7.375], "texture": "#2"},
				"up": {"uv": [0, 0.5625, 0, 0], "texture": "#2"},
				"down": {"uv": [0, 0, 0, 0.5625], "texture": "#2"}
			}
		},
		{
			"from": [9.3284, 8.67607, 11.40127],
			"to": [9.3284, 10.21007, 11.65357],
			"rotation": {"angle": 0, "axis": "y", "origin": [8, 8.89927, 13.78042]},
			"faces": {
				"north": {"uv": [0, 0, 0, 0.4375], "texture": "#2"},
				"east": {"uv": [4.5, 3.5, 5.625, 3.9375], "texture": "#2"},
				"south": {"uv": [0, 0, 0, 0.4375], "texture": "#2"},
				"west": {"uv": [5.625, 3.5, 4.5, 3.9375], "texture": "#2"},
				"up": {"uv": [0, 1.125, 0, 0], "texture": "#2"},
				"down": {"uv": [0, 0, 0, 1.125], "texture": "#2"}
			}
		},
		{
			"from": [9.3284, 8.66727, 15.59727],
			"to": [9.3284, 10.20827, 15.84957],
			"rotation": {"angle": 0, "axis": "y", "origin": [8, 8.89047, 13.77642]},
			"faces": {
				"north": {"uv": [0, 0, 0, 0.4375], "texture": "#2"},
				"east": {"uv": [4.5, 3.5, 5.625, 3.9375], "texture": "#2"},
				"south": {"uv": [0, 0, 0, 0.4375], "texture": "#2"},
				"west": {"uv": [5.625, 3.5, 4.5, 3.9375], "texture": "#2"},
				"up": {"uv": [0, 1.125, 0, 0], "texture": "#2"},
				"down": {"uv": [0, 0, 0, 1.125], "texture": "#2"}
			}
		},
		{
			"from": [9.3284, 8.66727, 14.34497],
			"to": [9.3284, 8.93237, 15.59727],
			"rotation": {"angle": 0, "axis": "y", "origin": [8, 8.91547, 13.74912]},
			"faces": {
				"north": {"uv": [0, 0, 0, 0.4375], "texture": "#2"},
				"east": {"uv": [4.5, 3.5, 5.625, 3.9375], "texture": "#2"},
				"south": {"uv": [0, 0, 0, 0.4375], "texture": "#2"},
				"west": {"uv": [5.625, 3.5, 4.5, 3.9375], "texture": "#2"},
				"up": {"uv": [0, 1.125, 0, 0], "texture": "#2"},
				"down": {"uv": [0, 0, 0, 1.125], "texture": "#2"}
			}
		},
		{
			"from": [9.3284, 8.67607, 11.65357],
			"to": [9.3284, 8.94117, 13.38087],
			"rotation": {"angle": 0, "axis": "y", "origin": [8, 8.89927, 13.78272]},
			"faces": {
				"north": {"uv": [0, 0, 0, 0.4375], "texture": "#2"},
				"east": {"uv": [4.5, 3.5, 5.625, 3.9375], "texture": "#2"},
				"south": {"uv": [0, 0, 0, 0.4375], "texture": "#2"},
				"west": {"uv": [5.625, 3.5, 4.5, 3.9375], "texture": "#2"},
				"up": {"uv": [0, 1.125, 0, 0], "texture": "#2"},
				"down": {"uv": [0, 0, 0, 1.125], "texture": "#2"}
			}
		},
		{
			"from": [6.6716, 8.67607, 11.65357],
			"to": [6.6716, 8.94117, 13.38087],
			"rotation": {"angle": 0, "axis": "y", "origin": [8, 8.89927, 13.78272]},
			"faces": {
				"north": {"uv": [0, 0, 0, 0.4375], "texture": "#2"},
				"east": {"uv": [4.5, 3.5, 5.625, 3.9375], "texture": "#2"},
				"south": {"uv": [0, 0, 0, 0.4375], "texture": "#2"},
				"west": {"uv": [5.625, 3.5, 4.5, 3.9375], "texture": "#2"},
				"up": {"uv": [0, 1.125, 0, 0], "texture": "#2"},
				"down": {"uv": [0, 0, 0, 1.125], "texture": "#2"}
			}
		},
		{
			"from": [6.6716, 8.66727, 14.34497],
			"to": [6.6716, 8.93237, 15.59727],
			"rotation": {"angle": 0, "axis": "y", "origin": [8, 8.91547, 13.74912]},
			"faces": {
				"north": {"uv": [0, 0, 0, 0.4375], "texture": "#2"},
				"east": {"uv": [4.5, 3.5, 5.625, 3.9375], "texture": "#2"},
				"south": {"uv": [0, 0, 0, 0.4375], "texture": "#2"},
				"west": {"uv": [5.625, 3.5, 4.5, 3.9375], "texture": "#2"},
				"up": {"uv": [0, 1.125, 0, 0], "texture": "#2"},
				"down": {"uv": [0, 0, 0, 1.125], "texture": "#2"}
			}
		},
		{
			"from": [6.6716, 8.66727, 15.59727],
			"to": [6.6716, 10.20827, 15.84957],
			"rotation": {"angle": 0, "axis": "y", "origin": [8, 8.89047, 13.77642]},
			"faces": {
				"north": {"uv": [0, 0, 0, 0.4375], "texture": "#2"},
				"east": {"uv": [4.5, 3.5, 5.625, 3.9375], "texture": "#2"},
				"south": {"uv": [0, 0, 0, 0.4375], "texture": "#2"},
				"west": {"uv": [5.625, 3.5, 4.5, 3.9375], "texture": "#2"},
				"up": {"uv": [0, 1.125, 0, 0], "texture": "#2"},
				"down": {"uv": [0, 0, 0, 1.125], "texture": "#2"}
			}
		},
		{
			"from": [6.6716, 10.20737, 13.79727],
			"to": [6.6716, 10.47247, 15.84957],
			"rotation": {"angle": 0, "axis": "y", "origin": [8, 8.90557, 13.77642]},
			"faces": {
				"north": {"uv": [0, 0, 0, 0.4375], "texture": "#2"},
				"east": {"uv": [4.5, 3.5, 5.625, 3.9375], "texture": "#2"},
				"south": {"uv": [0, 0, 0, 0.4375], "texture": "#2"},
				"west": {"uv": [5.625, 3.5, 4.5, 3.9375], "texture": "#2"},
				"up": {"uv": [0, 1.125, 0, 0], "texture": "#2"},
				"down": {"uv": [0, 0, 0, 1.125], "texture": "#2"}
			}
		},
		{
			"from": [6.6716, 10.69117, 11.84727],
			"to": [6.6716, 10.90987, 14.05047],
			"rotation": {"angle": 0, "axis": "y", "origin": [8, 8.89927, 13.78272]},
			"faces": {
				"north": {"uv": [0, 0, 0, 0.125], "texture": "#2"},
				"east": {"uv": [4.5, 7.25, 5.0625, 7.375], "texture": "#2"},
				"south": {"uv": [0, 0, 0, 0.125], "texture": "#2"},
				"west": {"uv": [5.0625, 7.25, 4.5, 7.375], "texture": "#2"},
				"up": {"uv": [0, 0.5625, 0, 0], "texture": "#2"},
				"down": {"uv": [0, 0, 0, 0.5625], "texture": "#2"}
			}
		},
		{
			"from": [6.6716, 10.47247, 13.79727],
			"to": [6.6716, 10.69117, 14.05047],
			"rotation": {"angle": 0, "axis": "y", "origin": [8, 8.90557, 13.78272]},
			"faces": {
				"north": {"uv": [0, 0, 0, 0.125], "texture": "#2"},
				"east": {"uv": [4.5, 7.25, 5.0625, 7.375], "texture": "#2"},
				"south": {"uv": [0, 0, 0, 0.125], "texture": "#2"},
				"west": {"uv": [5.0625, 7.25, 4.5, 7.375], "texture": "#2"},
				"up": {"uv": [0, 0.5625, 0, 0], "texture": "#2"},
				"down": {"uv": [0, 0, 0, 0.5625], "texture": "#2"}
			}
		},
		{
			"from": [6.6716, 10.47247, 11.84727],
			"to": [6.6716, 10.69117, 12.10047],
			"rotation": {"angle": 0, "axis": "y", "origin": [8, 8.90557, 13.78272]},
			"faces": {
				"north": {"uv": [0, 0, 0, 0.125], "texture": "#2"},
				"east": {"uv": [4.5, 7.25, 5.0625, 7.375], "texture": "#2"},
				"south": {"uv": [0, 0, 0, 0.125], "texture": "#2"},
				"west": {"uv": [5.0625, 7.25, 4.5, 7.375], "texture": "#2"},
				"up": {"uv": [0, 0.5625, 0, 0], "texture": "#2"},
				"down": {"uv": [0, 0, 0, 0.5625], "texture": "#2"}
			}
		},
		{
			"from": [6.6716, 10.20807, 11.40127],
			"to": [6.6716, 10.47317, 12.07857],
			"rotation": {"angle": 0, "axis": "y", "origin": [8, 8.90627, 13.78042]},
			"faces": {
				"north": {"uv": [0, 0, 0, 0.4375], "texture": "#2"},
				"east": {"uv": [4.5, 3.5, 5.625, 3.9375], "texture": "#2"},
				"south": {"uv": [0, 0, 0, 0.4375], "texture": "#2"},
				"west": {"uv": [5.625, 3.5, 4.5, 3.9375], "texture": "#2"},
				"up": {"uv": [0, 1.125, 0, 0], "texture": "#2"},
				"down": {"uv": [0, 0, 0, 1.125], "texture": "#2"}
			}
		},
		{
			"from": [6.6716, 8.67607, 11.40127],
			"to": [6.6716, 10.21007, 11.65357],
			"rotation": {"angle": 0, "axis": "y", "origin": [8, 8.89927, 13.78042]},
			"faces": {
				"north": {"uv": [0, 0, 0, 0.4375], "texture": "#2"},
				"east": {"uv": [4.5, 3.5, 5.625, 3.9375], "texture": "#2"},
				"south": {"uv": [0, 0, 0, 0.4375], "texture": "#2"},
				"west": {"uv": [5.625, 3.5, 4.5, 3.9375], "texture": "#2"},
				"up": {"uv": [0, 1.125, 0, 0], "texture": "#2"},
				"down": {"uv": [0, 0, 0, 1.125], "texture": "#2"}
			}
		},
		{
			"from": [9.0966, 10.46617, 11.40357],
			"to": [9.3284, 10.46617, 11.85587],
			"rotation": {"angle": 0, "axis": "y", "origin": [8, 8.89927, 13.78272]},
			"faces": {
				"north": {"uv": [0, 0, 0.6875, 0], "texture": "#2"},
				"east": {"uv": [0, 0, 1.125, 0], "texture": "#2"},
				"south": {"uv": [0, 0, 0.6875, 0], "texture": "#2"},
				"west": {"uv": [0, 0, 1.125, 0], "texture": "#2"},
				"up": {"uv": [2.1875, 3.125, 1.5, 2], "texture": "#2"},
				"down": {"uv": [2.1875, 2, 1.5, 3.125], "texture": "#2"}
			}
		},
		{
			"from": [6.6716, 10.46617, 11.40357],
			"to": [6.9034, 10.46617, 11.85587],
			"rotation": {"angle": 0, "axis": "y", "origin": [8, 8.89927, 13.78272]},
			"faces": {
				"north": {"uv": [0, 0, 0.6875, 0], "texture": "#2"},
				"east": {"uv": [0, 0, 1.125, 0], "texture": "#2"},
				"south": {"uv": [0, 0, 0.6875, 0], "texture": "#2"},
				"west": {"uv": [0, 0, 1.125, 0], "texture": "#2"},
				"up": {"uv": [2.1875, 3.125, 1.5, 2], "texture": "#2"},
				"down": {"uv": [2.1875, 2, 1.5, 3.125], "texture": "#2"}
			}
		},
		{
			"from": [6.6716, 8.67607, 11.40357],
			"to": [6.9034, 8.67607, 15.85587],
			"rotation": {"angle": 0, "axis": "y", "origin": [8, 8.89927, 13.78272]},
			"faces": {
				"north": {"uv": [0, 0, 0.6875, 0], "texture": "#2"},
				"east": {"uv": [0, 0, 1.125, 0], "texture": "#2"},
				"south": {"uv": [0, 0, 0.6875, 0], "texture": "#2"},
				"west": {"uv": [0, 0, 1.125, 0], "texture": "#2"},
				"up": {"uv": [0.6875, 4.375, 0, 3.25], "texture": "#2"},
				"down": {"uv": [0.6875, 3.25, 0, 4.375], "texture": "#2"}
			}
		},
		{
			"from": [9.0966, 8.67607, 11.40357],
			"to": [9.3284, 8.67607, 15.85587],
			"rotation": {"angle": 0, "axis": "y", "origin": [8, 8.89927, 13.78272]},
			"faces": {
				"north": {"uv": [0, 0, 0.6875, 0], "texture": "#2"},
				"east": {"uv": [0, 0, 1.125, 0], "texture": "#2"},
				"south": {"uv": [0, 0, 0.6875, 0], "texture": "#2"},
				"west": {"uv": [0, 0, 1.125, 0], "texture": "#2"},
				"up": {"uv": [0.6875, 4.375, 0, 3.25], "texture": "#2"},
				"down": {"uv": [0.6875, 3.25, 0, 4.375], "texture": "#2"}
			}
		},
		{
			"from": [6.6716, 8.23237, 11.84727],
			"to": [9.3284, 8.67607, 15.41217],
			"rotation": {"angle": 0, "axis": "y", "origin": [8, 8.89927, 13.78272]},
			"faces": {
				"north": {"uv": [7, 2.75, 7.6875, 2.875], "texture": "#2"},
				"east": {"uv": [5.5, 6.75, 6.375, 6.875], "texture": "#2"},
				"south": {"uv": [3.5, 7, 4.1875, 7.125], "texture": "#2"},
				"west": {"uv": [6.375, 6.75, 5.5, 6.875], "texture": "#2"},
				"up": {"uv": [2.4375, 1.375, 1.75, 0.5], "texture": "#2"},
				"down": {"uv": [3.1875, 0.5, 2.5, 1.375], "texture": "#2"}
			}
		},
		{
			"from": [6.6716, 7.74367, 12.74997],
			"to": [9.3284, 8.23237, 14.95317],
			"rotation": {"angle": 0, "axis": "y", "origin": [8, 8.89927, 13.78272]},
			"faces": {
				"north": {"uv": [7, 5.25, 7.6875, 5.375], "texture": "#2"},
				"east": {"uv": [7.25, 6.25, 7.8125, 6.375], "texture": "#2"},
				"south": {"uv": [5.5, 7, 6.1875, 7.125], "texture": "#2"},
				"west": {"uv": [7.8125, 6.25, 7.25, 6.375], "texture": "#2"},
				"up": {"uv": [5.6875, 0.5625, 5, 0], "texture": "#2"},
				"down": {"uv": [5.1875, 5, 4.5, 5.5625], "texture": "#2"}
			}
		},
		{
			"from": [6.2876, 10.40344, 7.07285],
			"to": [6.9686, 10.65344, 7.07285],
			"rotation": {"angle": 45, "axis": "z", "origin": [6.6291, 10.03019, 6.44091]},
			"faces": {
				"north": {"uv": [3.3125, 6.25, 3, 6.8125], "texture": "#2"},
				"east": {"uv": [1.8125, 6.5, 1.5, 7.0625], "texture": "#2"},
				"south": {"uv": [3.3125, 6.25, 3, 6.8125], "texture": "#2"},
				"west": {"uv": [6.5625, 6, 6.25, 6.5625], "texture": "#2"},
				"up": {"uv": [0.5, 7.3125, 0.8125, 7], "texture": "#2"},
				"down": {"uv": [1, 7, 1.3125, 7.3125], "texture": "#2"}
			}
		},
		{
			"from": [6.0436, 8.40344, 7.07285],
			"to": [6.2886, 10.65344, 7.07285],
			"rotation": {"angle": 45, "axis": "z", "origin": [6.6291, 10.03019, 6.44091]},
			"faces": {
				"north": {"uv": [3.3125, 6.25, 3, 6.8125], "texture": "#2"},
				"east": {"uv": [1.8125, 6.5, 1.5, 7.0625], "texture": "#2"},
				"south": {"uv": [3.3125, 6.25, 3, 6.8125], "texture": "#2"},
				"west": {"uv": [6.5625, 6, 6.25, 6.5625], "texture": "#2"},
				"up": {"uv": [0.5, 7.3125, 0.8125, 7], "texture": "#2"},
				"down": {"uv": [1, 7, 1.3125, 7.3125], "texture": "#2"}
			}
		},
		{
			"from": [6.9686, 8.40344, 7.07285],
			"to": [7.2136, 10.65344, 7.07285],
			"rotation": {"angle": 45, "axis": "z", "origin": [6.6291, 10.03019, 6.44091]},
			"faces": {
				"north": {"uv": [3.3125, 6.25, 3, 6.8125], "texture": "#2"},
				"east": {"uv": [1.8125, 6.5, 1.5, 7.0625], "texture": "#2"},
				"south": {"uv": [3.3125, 6.25, 3, 6.8125], "texture": "#2"},
				"west": {"uv": [6.5625, 6, 6.25, 6.5625], "texture": "#2"},
				"up": {"uv": [0.5, 7.3125, 0.8125, 7], "texture": "#2"},
				"down": {"uv": [1, 7, 1.3125, 7.3125], "texture": "#2"}
			}
		},
		{
			"from": [6.04389, 8.40373, 6.82785],
			"to": [6.04389, 10.65373, 7.07285],
			"rotation": {"angle": 45, "axis": "z", "origin": [6.62839, 10.02948, 6.4348]},
			"faces": {
				"north": {"uv": [6.5625, 6, 6.25, 6.5625], "texture": "#2"},
				"east": {"uv": [3.3125, 6.25, 3, 6.8125], "texture": "#2"},
				"south": {"uv": [1.8125, 6.5, 1.5, 7.0625], "texture": "#2"},
				"west": {"uv": [3.3125, 6.25, 3, 6.8125], "texture": "#2"},
				"up": {"uv": [0.8125, 7, 0.5, 7.3125], "rotation": 270, "texture": "#2"},
				"down": {"uv": [1.3125, 7.3125, 1, 7], "rotation": 90, "texture": "#2"}
			}
		},
		{
			"from": [6.04389, 10.40373, 6.05396],
			"to": [6.04389, 10.65373, 6.83496],
			"rotation": {"angle": 45, "axis": "z", "origin": [6.62839, 10.02948, 6.44191]},
			"faces": {
				"north": {"uv": [6.5625, 6, 6.25, 6.5625], "texture": "#2"},
				"east": {"uv": [3.3125, 6.25, 3, 6.8125], "texture": "#2"},
				"south": {"uv": [1.8125, 6.5, 1.5, 7.0625], "texture": "#2"},
				"west": {"uv": [3.3125, 6.25, 3, 6.8125], "texture": "#2"},
				"up": {"uv": [0.8125, 7, 0.5, 7.3125], "rotation": 270, "texture": "#2"},
				"down": {"uv": [1.3125, 7.3125, 1, 7], "rotation": 90, "texture": "#2"}
			}
		},
		{
			"from": [6.04389, 8.40373, 5.80896],
			"to": [6.04389, 10.65373, 6.05396],
			"rotation": {"angle": 45, "axis": "z", "origin": [6.62839, 10.02948, 6.44091]},
			"faces": {
				"north": {"uv": [6.5625, 6, 6.25, 6.5625], "texture": "#2"},
				"east": {"uv": [3.3125, 6.25, 3, 6.8125], "texture": "#2"},
				"south": {"uv": [1.8125, 6.5, 1.5, 7.0625], "texture": "#2"},
				"west": {"uv": [3.3125, 6.25, 3, 6.8125], "texture": "#2"},
				"up": {"uv": [0.8125, 7, 0.5, 7.3125], "rotation": 270, "texture": "#2"},
				"down": {"uv": [1.3125, 7.3125, 1, 7], "rotation": 90, "texture": "#2"}
			}
		},
		{
			"from": [7.2136, 8.40344, 6.82885],
			"to": [7.2136, 10.65344, 7.07385],
			"rotation": {"angle": 45, "axis": "z", "origin": [6.6291, 10.03019, 6.44091]},
			"faces": {
				"north": {"uv": [6.5625, 6, 6.25, 6.5625], "texture": "#2"},
				"east": {"uv": [3.3125, 6.25, 3, 6.8125], "texture": "#2"},
				"south": {"uv": [1.8125, 6.5, 1.5, 7.0625], "texture": "#2"},
				"west": {"uv": [3.3125, 6.25, 3, 6.8125], "texture": "#2"},
				"up": {"uv": [0.8125, 7, 0.5, 7.3125], "rotation": 270, "texture": "#2"},
				"down": {"uv": [1.3125, 7.3125, 1, 7], "rotation": 90, "texture": "#2"}
			}
		},
		{
			"from": [7.2136, 10.40344, 6.04785],
			"to": [7.2136, 10.65344, 6.82885],
			"rotation": {"angle": 45, "axis": "z", "origin": [6.6291, 10.03019, 6.44091]},
			"faces": {
				"north": {"uv": [6.5625, 6, 6.25, 6.5625], "texture": "#2"},
				"east": {"uv": [3.3125, 6.25, 3, 6.8125], "texture": "#2"},
				"south": {"uv": [1.8125, 6.5, 1.5, 7.0625], "texture": "#2"},
				"west": {"uv": [3.3125, 6.25, 3, 6.8125], "texture": "#2"},
				"up": {"uv": [0.8125, 7, 0.5, 7.3125], "rotation": 270, "texture": "#2"},
				"down": {"uv": [1.3125, 7.3125, 1, 7], "rotation": 90, "texture": "#2"}
			}
		},
		{
			"from": [7.2136, 8.40344, 5.80385],
			"to": [7.2136, 10.65344, 6.04885],
			"rotation": {"angle": 45, "axis": "z", "origin": [6.6291, 10.03019, 6.44091]},
			"faces": {
				"north": {"uv": [6.5625, 6, 6.25, 6.5625], "texture": "#2"},
				"east": {"uv": [3.3125, 6.25, 3, 6.8125], "texture": "#2"},
				"south": {"uv": [1.8125, 6.5, 1.5, 7.0625], "texture": "#2"},
				"west": {"uv": [3.3125, 6.25, 3, 6.8125], "texture": "#2"},
				"up": {"uv": [0.8125, 7, 0.5, 7.3125], "rotation": 270, "texture": "#2"},
				"down": {"uv": [1.3125, 7.3125, 1, 7], "rotation": 90, "texture": "#2"}
			}
		},
		{
			"from": [6.2876, 10.40444, 5.80896],
			"to": [6.9686, 10.65444, 5.80896],
			"rotation": {"angle": 45, "axis": "z", "origin": [6.6291, 10.03019, 6.44091]},
			"faces": {
				"north": {"uv": [3.3125, 6.25, 3, 6.8125], "texture": "#2"},
				"east": {"uv": [1.8125, 6.5, 1.5, 7.0625], "texture": "#2"},
				"south": {"uv": [3.3125, 6.25, 3, 6.8125], "texture": "#2"},
				"west": {"uv": [6.5625, 6, 6.25, 6.5625], "texture": "#2"},
				"up": {"uv": [0.5, 7.3125, 0.8125, 7], "texture": "#2"},
				"down": {"uv": [1, 7, 1.3125, 7.3125], "texture": "#2"}
			}
		},
		{
			"from": [6.9686, 8.40444, 5.80896],
			"to": [7.2136, 10.65444, 5.80896],
			"rotation": {"angle": 45, "axis": "z", "origin": [6.6291, 10.03019, 6.44091]},
			"faces": {
				"north": {"uv": [3.3125, 6.25, 3, 6.8125], "texture": "#2"},
				"east": {"uv": [1.8125, 6.5, 1.5, 7.0625], "texture": "#2"},
				"south": {"uv": [3.3125, 6.25, 3, 6.8125], "texture": "#2"},
				"west": {"uv": [6.5625, 6, 6.25, 6.5625], "texture": "#2"},
				"up": {"uv": [0.5, 7.3125, 0.8125, 7], "texture": "#2"},
				"down": {"uv": [1, 7, 1.3125, 7.3125], "texture": "#2"}
			}
		},
		{
			"from": [6.0436, 8.40444, 5.80896],
			"to": [6.2886, 10.65444, 5.80896],
			"rotation": {"angle": 45, "axis": "z", "origin": [6.6291, 10.03019, 6.44091]},
			"faces": {
				"north": {"uv": [3.3125, 6.25, 3, 6.8125], "texture": "#2"},
				"east": {"uv": [1.8125, 6.5, 1.5, 7.0625], "texture": "#2"},
				"south": {"uv": [3.3125, 6.25, 3, 6.8125], "texture": "#2"},
				"west": {"uv": [6.5625, 6, 6.25, 6.5625], "texture": "#2"},
				"up": {"uv": [0.5, 7.3125, 0.8125, 7], "texture": "#2"},
				"down": {"uv": [1, 7, 1.3125, 7.3125], "texture": "#2"}
			}
		},
		{
			"from": [6.0436, 10.65344, 6.83396],
			"to": [7.2136, 10.65344, 7.07285],
			"rotation": {"angle": 45, "axis": "z", "origin": [6.6291, 10.03019, 6.44091]},
			"faces": {
				"north": {"uv": [4.3125, 6.25, 4, 6.8125], "texture": "#2"},
				"east": {"uv": [1.8125, 6.5, 1.5, 7.0625], "texture": "#2"},
				"south": {"uv": [6.8125, 0, 6.5, 0.5625], "texture": "#2"},
				"west": {"uv": [6.5625, 6, 6.25, 6.5625], "texture": "#2"},
				"up": {"uv": [0.3125, 7.3125, 0, 7], "texture": "#2"},
				"down": {"uv": [0.3125, 7, 0, 7.3125], "texture": "#2"}
			}
		},
		{
			"from": [6.0436, 10.65344, 5.80896],
			"to": [7.2136, 10.65344, 6.04785],
			"rotation": {"angle": 45, "axis": "z", "origin": [6.6291, 10.03019, 6.44091]},
			"faces": {
				"north": {"uv": [4.3125, 6.25, 4, 6.8125], "texture": "#2"},
				"east": {"uv": [1.8125, 6.5, 1.5, 7.0625], "texture": "#2"},
				"south": {"uv": [6.8125, 0, 6.5, 0.5625], "texture": "#2"},
				"west": {"uv": [6.5625, 6, 6.25, 6.5625], "texture": "#2"},
				"up": {"uv": [0.3125, 7.3125, 0, 7], "texture": "#2"},
				"down": {"uv": [0.3125, 7, 0, 7.3125], "texture": "#2"}
			}
		},
		{
			"from": [6.0436, 10.65344, 6.04785],
			"to": [6.2886, 10.65344, 6.83485],
			"rotation": {"angle": 45, "axis": "z", "origin": [6.6291, 10.03019, 6.44091]},
			"faces": {
				"north": {"uv": [4.3125, 6.25, 4, 6.8125], "texture": "#2"},
				"east": {"uv": [1.8125, 6.5, 1.5, 7.0625], "texture": "#2"},
				"south": {"uv": [6.8125, 0, 6.5, 0.5625], "texture": "#2"},
				"west": {"uv": [6.5625, 6, 6.25, 6.5625], "texture": "#2"},
				"up": {"uv": [0.3125, 7.3125, 0, 7], "texture": "#2"},
				"down": {"uv": [0.3125, 7, 0, 7.3125], "texture": "#2"}
			}
		},
		{
			"from": [6.9686, 10.65344, 6.04785],
			"to": [7.2136, 10.65344, 6.83485],
			"rotation": {"angle": 45, "axis": "z", "origin": [6.6291, 10.03019, 6.44091]},
			"faces": {
				"north": {"uv": [4.3125, 6.25, 4, 6.8125], "texture": "#2"},
				"east": {"uv": [1.8125, 6.5, 1.5, 7.0625], "texture": "#2"},
				"south": {"uv": [6.8125, 0, 6.5, 0.5625], "texture": "#2"},
				"west": {"uv": [6.5625, 6, 6.25, 6.5625], "texture": "#2"},
				"up": {"uv": [0.3125, 7.3125, 0, 7], "texture": "#2"},
				"down": {"uv": [0.3125, 7, 0, 7.3125], "texture": "#2"}
			}
		},
		{
			"name": "liquid",
			"from": [6.04467, 8.41156, 5.8226],
			"to": [7.19127, 10.61656, 7.06121],
			"rotation": {"angle": 45, "axis": "z", "origin": [6.6291, 10.03019, 6.44091]},
			"faces": {
				"north": {"uv": [6.59, 8, 4.25, 12.5], "texture": "#1"},
				"east": {"uv": [4.27777, 8.25, 1.75, 12.75], "texture": "#1"},
				"south": {"uv": [9.09, 1.75, 6.75, 6.25], "texture": "#1"},
				"west": {"uv": [9.02777, 7.75, 6.5, 12.25], "texture": "#1"},
				"up": {"uv": [0.75, 11.27777, 3.09, 8.75], "texture": "#1"},
				"down": {"uv": [1.25, 8.75, 3.59, 11.27777], "texture": "#1"}
			}
		},
		{
			"from": [8.67793, 10.55358, 7.07285],
			"to": [9.35893, 10.80358, 7.07285],
			"rotation": {"angle": -45, "axis": "z", "origin": [9.01293, 9.67858, 6.49091]},
			"faces": {
				"north": {"uv": [3, 6.25, 3.3125, 6.8125], "texture": "#2"},
				"east": {"uv": [6.25, 6, 6.5625, 6.5625], "texture": "#2"},
				"south": {"uv": [3, 6.25, 3.3125, 6.8125], "texture": "#2"},
				"west": {"uv": [1.5, 6.5, 1.8125, 7.0625], "texture": "#2"},
				"up": {"uv": [0.8125, 7.3125, 0.5, 7], "texture": "#2"},
				"down": {"uv": [1.3125, 7, 1, 7.3125], "texture": "#2"}
			}
		},
		{
			"from": [9.35647, 8.55004, 7.07285],
			"to": [9.60147, 10.80004, 7.07285],
			"rotation": {"angle": -45, "axis": "z", "origin": [9.01647, 9.67504, 6.49091]},
			"faces": {
				"north": {"uv": [3, 6.25, 3.3125, 6.8125], "texture": "#2"},
				"east": {"uv": [6.25, 6, 6.5625, 6.5625], "texture": "#2"},
				"south": {"uv": [3, 6.25, 3.3125, 6.8125], "texture": "#2"},
				"west": {"uv": [1.5, 6.5, 1.8125, 7.0625], "texture": "#2"},
				"up": {"uv": [0.8125, 7.3125, 0.5, 7], "texture": "#2"},
				"down": {"uv": [1.3125, 7, 1, 7.3125], "texture": "#2"}
			}
		},
		{
			"from": [8.43147, 8.55004, 7.07285],
			"to": [8.67647, 10.80004, 7.07285],
			"rotation": {"angle": -45, "axis": "z", "origin": [9.01647, 9.67504, 6.49091]},
			"faces": {
				"north": {"uv": [3, 6.25, 3.3125, 6.8125], "texture": "#2"},
				"east": {"uv": [6.25, 6, 6.5625, 6.5625], "texture": "#2"},
				"south": {"uv": [3, 6.25, 3.3125, 6.8125], "texture": "#2"},
				"west": {"uv": [1.5, 6.5, 1.8125, 7.0625], "texture": "#2"},
				"up": {"uv": [0.8125, 7.3125, 0.5, 7], "texture": "#2"},
				"down": {"uv": [1.3125, 7, 1, 7.3125], "texture": "#2"}
			}
		},
		{
			"from": [9.623, 8.05908, 6.83397],
			"to": [9.623, 10.30908, 7.07897],
			"rotation": {"angle": -45, "axis": "z", "origin": [9.62016, 9.45283, 6.49372]},
			"faces": {
				"north": {"uv": [6.25, 6, 6.5625, 6.5625], "texture": "#2"},
				"east": {"uv": [3, 6.25, 3.3125, 6.8125], "texture": "#2"},
				"south": {"uv": [1.5, 6.5, 1.8125, 7.0625], "texture": "#2"},
				"west": {"uv": [3, 6.25, 3.3125, 6.8125], "texture": "#2"},
				"up": {"uv": [0.8125, 7.3125, 0.5, 7], "rotation": 270, "texture": "#2"},
				"down": {"uv": [1.3125, 7, 1, 7.3125], "rotation": 90, "texture": "#2"}
			}
		},
		{
			"from": [9.623, 10.05908, 6.05297],
			"to": [9.623, 10.30908, 6.83397],
			"rotation": {"angle": -45, "axis": "z", "origin": [9.62016, 9.45283, 6.49372]},
			"faces": {
				"north": {"uv": [6.25, 6, 6.5625, 6.5625], "texture": "#2"},
				"east": {"uv": [3, 6.25, 3.3125, 6.8125], "texture": "#2"},
				"south": {"uv": [1.5, 6.5, 1.8125, 7.0625], "texture": "#2"},
				"west": {"uv": [3, 6.25, 3.3125, 6.8125], "texture": "#2"},
				"up": {"uv": [0.8125, 7.3125, 0.5, 7], "rotation": 270, "texture": "#2"},
				"down": {"uv": [1.3125, 7, 1, 7.3125], "rotation": 90, "texture": "#2"}
			}
		},
		{
			"from": [9.623, 8.05908, 5.80897],
			"to": [9.623, 10.30908, 6.05397],
			"rotation": {"angle": -45, "axis": "z", "origin": [9.62016, 9.45283, 6.49372]},
			"faces": {
				"north": {"uv": [6.25, 6, 6.5625, 6.5625], "texture": "#2"},
				"east": {"uv": [3, 6.25, 3.3125, 6.8125], "texture": "#2"},
				"south": {"uv": [1.5, 6.5, 1.8125, 7.0625], "texture": "#2"},
				"west": {"uv": [3, 6.25, 3.3125, 6.8125], "texture": "#2"},
				"up": {"uv": [0.8125, 7.3125, 0.5, 7], "rotation": 270, "texture": "#2"},
				"down": {"uv": [1.3125, 7, 1, 7.3125], "rotation": 90, "texture": "#2"}
			}
		},
		{
			"from": [8.42673, 8.0011, 6.82885],
			"to": [8.42673, 10.2511, 7.07385],
			"rotation": {"angle": -45, "axis": "z", "origin": [9.67673, 9.39485, 6.4886]},
			"faces": {
				"north": {"uv": [6.25, 6, 6.5625, 6.5625], "texture": "#2"},
				"east": {"uv": [3, 6.25, 3.3125, 6.8125], "texture": "#2"},
				"south": {"uv": [1.5, 6.5, 1.8125, 7.0625], "texture": "#2"},
				"west": {"uv": [3, 6.25, 3.3125, 6.8125], "texture": "#2"},
				"up": {"uv": [0.8125, 7.3125, 0.5, 7], "rotation": 270, "texture": "#2"},
				"down": {"uv": [1.3125, 7, 1, 7.3125], "rotation": 90, "texture": "#2"}
			}
		},
		{
			"from": [8.42673, 10.0011, 6.04785],
			"to": [8.42673, 10.2511, 6.82885],
			"rotation": {"angle": -45, "axis": "z", "origin": [9.67673, 9.39485, 6.4886]},
			"faces": {
				"north": {"uv": [6.25, 6, 6.5625, 6.5625], "texture": "#2"},
				"east": {"uv": [3, 6.25, 3.3125, 6.8125], "texture": "#2"},
				"south": {"uv": [1.5, 6.5, 1.8125, 7.0625], "texture": "#2"},
				"west": {"uv": [3, 6.25, 3.3125, 6.8125], "texture": "#2"},
				"up": {"uv": [0.8125, 7.3125, 0.5, 7], "rotation": 270, "texture": "#2"},
				"down": {"uv": [1.3125, 7, 1, 7.3125], "rotation": 90, "texture": "#2"}
			}
		},
		{
			"from": [8.42673, 8.0011, 5.80385],
			"to": [8.42673, 10.2511, 6.04885],
			"rotation": {"angle": -45, "axis": "z", "origin": [9.67673, 9.39485, 6.4886]},
			"faces": {
				"north": {"uv": [6.25, 6, 6.5625, 6.5625], "texture": "#2"},
				"east": {"uv": [3, 6.25, 3.3125, 6.8125], "texture": "#2"},
				"south": {"uv": [1.5, 6.5, 1.8125, 7.0625], "texture": "#2"},
				"west": {"uv": [3, 6.25, 3.3125, 6.8125], "texture": "#2"},
				"up": {"uv": [0.8125, 7.3125, 0.5, 7], "rotation": 270, "texture": "#2"},
				"down": {"uv": [1.3125, 7, 1, 7.3125], "rotation": 90, "texture": "#2"}
			}
		},
		{
			"from": [8.67864, 10.55429, 5.80896],
			"to": [9.35964, 10.80429, 5.80896],
			"rotation": {"angle": -45, "axis": "z", "origin": [9.01364, 9.67929, 5.22702]},
			"faces": {
				"north": {"uv": [3, 6.25, 3.3125, 6.8125], "texture": "#2"},
				"east": {"uv": [6.25, 6, 6.5625, 6.5625], "texture": "#2"},
				"south": {"uv": [3, 6.25, 3.3125, 6.8125], "texture": "#2"},
				"west": {"uv": [1.5, 6.5, 1.8125, 7.0625], "texture": "#2"},
				"up": {"uv": [0.8125, 7.3125, 0.5, 7], "texture": "#2"},
				"down": {"uv": [1.3125, 7, 1, 7.3125], "texture": "#2"}
			}
		},
		{
			"from": [8.43217, 8.55075, 5.80896],
			"to": [8.67717, 10.80075, 5.80896],
			"rotation": {"angle": -45, "axis": "z", "origin": [9.01717, 9.67575, 5.22702]},
			"faces": {
				"north": {"uv": [3, 6.25, 3.3125, 6.8125], "texture": "#2"},
				"east": {"uv": [6.25, 6, 6.5625, 6.5625], "texture": "#2"},
				"south": {"uv": [3, 6.25, 3.3125, 6.8125], "texture": "#2"},
				"west": {"uv": [1.5, 6.5, 1.8125, 7.0625], "texture": "#2"},
				"up": {"uv": [0.8125, 7.3125, 0.5, 7], "texture": "#2"},
				"down": {"uv": [1.3125, 7, 1, 7.3125], "texture": "#2"}
			}
		},
		{
			"from": [9.35717, 8.55075, 5.80896],
			"to": [9.60217, 10.80075, 5.80896],
			"rotation": {"angle": -45, "axis": "z", "origin": [9.01717, 9.67575, 5.22702]},
			"faces": {
				"north": {"uv": [3, 6.25, 3.3125, 6.8125], "texture": "#2"},
				"east": {"uv": [6.25, 6, 6.5625, 6.5625], "texture": "#2"},
				"south": {"uv": [3, 6.25, 3.3125, 6.8125], "texture": "#2"},
				"west": {"uv": [1.5, 6.5, 1.8125, 7.0625], "texture": "#2"},
				"up": {"uv": [0.8125, 7.3125, 0.5, 7], "texture": "#2"},
				"down": {"uv": [1.3125, 7, 1, 7.3125], "texture": "#2"}
			}
		},
		{
			"from": [8.43147, 10.80004, 6.83396],
			"to": [9.60147, 10.80004, 7.07285],
			"rotation": {"angle": -45, "axis": "z", "origin": [9.01647, 9.67504, 6.49091]},
			"faces": {
				"north": {"uv": [4, 6.25, 4.3125, 6.8125], "texture": "#2"},
				"east": {"uv": [6.25, 6, 6.5625, 6.5625], "texture": "#2"},
				"south": {"uv": [6.5, 0, 6.8125, 0.5625], "texture": "#2"},
				"west": {"uv": [1.5, 6.5, 1.8125, 7.0625], "texture": "#2"},
				"up": {"uv": [0, 7.3125, 0.3125, 7], "texture": "#2"},
				"down": {"uv": [0, 7, 0.3125, 7.3125], "texture": "#2"}
			}
		},
		{
			"from": [8.43147, 10.80004, 5.80896],
			"to": [9.60147, 10.80004, 6.04785],
			"rotation": {"angle": -45, "axis": "z", "origin": [9.01647, 9.67504, 6.49091]},
			"faces": {
				"north": {"uv": [4, 6.25, 4.3125, 6.8125], "texture": "#2"},
				"east": {"uv": [6.25, 6, 6.5625, 6.5625], "texture": "#2"},
				"south": {"uv": [6.5, 0, 6.8125, 0.5625], "texture": "#2"},
				"west": {"uv": [1.5, 6.5, 1.8125, 7.0625], "texture": "#2"},
				"up": {"uv": [0, 7.3125, 0.3125, 7], "texture": "#2"},
				"down": {"uv": [0, 7, 0.3125, 7.3125], "texture": "#2"}
			}
		},
		{
			"from": [9.35647, 10.80004, 6.04785],
			"to": [9.60147, 10.80004, 6.83485],
			"rotation": {"angle": -45, "axis": "z", "origin": [9.01647, 9.67504, 6.4798]},
			"faces": {
				"north": {"uv": [4, 6.25, 4.3125, 6.8125], "texture": "#2"},
				"east": {"uv": [6.25, 6, 6.5625, 6.5625], "texture": "#2"},
				"south": {"uv": [6.5, 0, 6.8125, 0.5625], "texture": "#2"},
				"west": {"uv": [1.5, 6.5, 1.8125, 7.0625], "texture": "#2"},
				"up": {"uv": [0, 7.3125, 0.3125, 7], "texture": "#2"},
				"down": {"uv": [0, 7, 0.3125, 7.3125], "texture": "#2"}
			}
		},
		{
			"from": [8.70239, 11.45412, 6.04785],
			"to": [8.94739, 11.45412, 6.83485],
			"rotation": {"angle": -45, "axis": "z", "origin": [8.36239, 10.32912, 6.4798]},
			"faces": {
				"north": {"uv": [4, 6.25, 4.3125, 6.8125], "texture": "#2"},
				"east": {"uv": [6.25, 6, 6.5625, 6.5625], "texture": "#2"},
				"south": {"uv": [6.5, 0, 6.8125, 0.5625], "texture": "#2"},
				"west": {"uv": [1.5, 6.5, 1.8125, 7.0625], "texture": "#2"},
				"up": {"uv": [0, 7.3125, 0.3125, 7], "texture": "#2"},
				"down": {"uv": [0, 7, 0.3125, 7.3125], "texture": "#2"}
			}
		},
		{
			"name": "liquid",
			"from": [8.15607, 9.27692, 5.8226],
			"to": [9.30267, 11.48192, 7.06121],
			"rotation": {"angle": -45, "axis": "z", "origin": [8, 9.67504, 6.44191]},
			"faces": {
				"north": {"uv": [4.25, 8, 6.59, 12.5], "texture": "#1"},
				"east": {"uv": [6.5, 7.75, 9.02777, 12.25], "texture": "#1"},
				"south": {"uv": [6.75, 1.75, 9.09, 6.25], "texture": "#1"},
				"west": {"uv": [1.75, 8.25, 4.27777, 12.75], "texture": "#1"},
				"up": {"uv": [3.09, 11.27777, 0.75, 8.75], "texture": "#1"},
				"down": {"uv": [3.59, 8.75, 1.25, 11.27777], "texture": "#1"}
			}
		},
		{
			"from": [6.2876, 10.52844, 9.84785],
			"to": [6.9686, 10.77844, 9.84785],
			"rotation": {"angle": 45, "axis": "z", "origin": [6.6291, 10.15519, 9.21591]},
			"faces": {
				"north": {"uv": [3.3125, 6.25, 3, 6.8125], "texture": "#2"},
				"east": {"uv": [1.8125, 6.5, 1.5, 7.0625], "texture": "#2"},
				"south": {"uv": [3.3125, 6.25, 3, 6.8125], "texture": "#2"},
				"west": {"uv": [6.5625, 6, 6.25, 6.5625], "texture": "#2"},
				"up": {"uv": [0.5, 7.3125, 0.8125, 7], "texture": "#2"},
				"down": {"uv": [1, 7, 1.3125, 7.3125], "texture": "#2"}
			}
		},
		{
			"from": [6.0436, 8.52844, 9.84785],
			"to": [6.2886, 10.77844, 9.84785],
			"rotation": {"angle": 45, "axis": "z", "origin": [6.6291, 10.15519, 9.21591]},
			"faces": {
				"north": {"uv": [3.3125, 6.25, 3, 6.8125], "texture": "#2"},
				"east": {"uv": [1.8125, 6.5, 1.5, 7.0625], "texture": "#2"},
				"south": {"uv": [3.3125, 6.25, 3, 6.8125], "texture": "#2"},
				"west": {"uv": [6.5625, 6, 6.25, 6.5625], "texture": "#2"},
				"up": {"uv": [0.5, 7.3125, 0.8125, 7], "texture": "#2"},
				"down": {"uv": [1, 7, 1.3125, 7.3125], "texture": "#2"}
			}
		},
		{
			"from": [6.9686, 8.52844, 9.84785],
			"to": [7.2136, 10.77844, 9.84785],
			"rotation": {"angle": 45, "axis": "z", "origin": [6.6291, 10.15519, 9.21591]},
			"faces": {
				"north": {"uv": [3.3125, 6.25, 3, 6.8125], "texture": "#2"},
				"east": {"uv": [1.8125, 6.5, 1.5, 7.0625], "texture": "#2"},
				"south": {"uv": [3.3125, 6.25, 3, 6.8125], "texture": "#2"},
				"west": {"uv": [6.5625, 6, 6.25, 6.5625], "texture": "#2"},
				"up": {"uv": [0.5, 7.3125, 0.8125, 7], "texture": "#2"},
				"down": {"uv": [1, 7, 1.3125, 7.3125], "texture": "#2"}
			}
		},
		{
			"from": [6.04389, 8.52873, 9.60285],
			"to": [6.04389, 10.77873, 9.84785],
			"rotation": {"angle": 45, "axis": "z", "origin": [6.62839, 10.15448, 9.2098]},
			"faces": {
				"north": {"uv": [6.5625, 6, 6.25, 6.5625], "texture": "#2"},
				"east": {"uv": [3.3125, 6.25, 3, 6.8125], "texture": "#2"},
				"south": {"uv": [1.8125, 6.5, 1.5, 7.0625], "texture": "#2"},
				"west": {"uv": [3.3125, 6.25, 3, 6.8125], "texture": "#2"},
				"up": {"uv": [0.8125, 7, 0.5, 7.3125], "rotation": 270, "texture": "#2"},
				"down": {"uv": [1.3125, 7.3125, 1, 7], "rotation": 90, "texture": "#2"}
			}
		},
		{
			"from": [6.04389, 10.52873, 8.82896],
			"to": [6.04389, 10.77873, 9.60996],
			"rotation": {"angle": 45, "axis": "z", "origin": [6.62839, 10.15448, 9.21691]},
			"faces": {
				"north": {"uv": [6.5625, 6, 6.25, 6.5625], "texture": "#2"},
				"east": {"uv": [3.3125, 6.25, 3, 6.8125], "texture": "#2"},
				"south": {"uv": [1.8125, 6.5, 1.5, 7.0625], "texture": "#2"},
				"west": {"uv": [3.3125, 6.25, 3, 6.8125], "texture": "#2"},
				"up": {"uv": [0.8125, 7, 0.5, 7.3125], "rotation": 270, "texture": "#2"},
				"down": {"uv": [1.3125, 7.3125, 1, 7], "rotation": 90, "texture": "#2"}
			}
		},
		{
			"from": [6.04389, 8.52873, 8.58396],
			"to": [6.04389, 10.77873, 8.82896],
			"rotation": {"angle": 45, "axis": "z", "origin": [6.62839, 10.15448, 9.21591]},
			"faces": {
				"north": {"uv": [6.5625, 6, 6.25, 6.5625], "texture": "#2"},
				"east": {"uv": [3.3125, 6.25, 3, 6.8125], "texture": "#2"},
				"south": {"uv": [1.8125, 6.5, 1.5, 7.0625], "texture": "#2"},
				"west": {"uv": [3.3125, 6.25, 3, 6.8125], "texture": "#2"},
				"up": {"uv": [0.8125, 7, 0.5, 7.3125], "rotation": 270, "texture": "#2"},
				"down": {"uv": [1.3125, 7.3125, 1, 7], "rotation": 90, "texture": "#2"}
			}
		},
		{
			"from": [7.2136, 8.52844, 9.60385],
			"to": [7.2136, 10.77844, 9.84885],
			"rotation": {"angle": 45, "axis": "z", "origin": [6.6291, 10.15519, 9.21591]},
			"faces": {
				"north": {"uv": [6.5625, 6, 6.25, 6.5625], "texture": "#2"},
				"east": {"uv": [3.3125, 6.25, 3, 6.8125], "texture": "#2"},
				"south": {"uv": [1.8125, 6.5, 1.5, 7.0625], "texture": "#2"},
				"west": {"uv": [3.3125, 6.25, 3, 6.8125], "texture": "#2"},
				"up": {"uv": [0.8125, 7, 0.5, 7.3125], "rotation": 270, "texture": "#2"},
				"down": {"uv": [1.3125, 7.3125, 1, 7], "rotation": 90, "texture": "#2"}
			}
		},
		{
			"from": [7.2136, 10.52844, 8.82285],
			"to": [7.2136, 10.77844, 9.60385],
			"rotation": {"angle": 45, "axis": "z", "origin": [6.6291, 10.15519, 9.21591]},
			"faces": {
				"north": {"uv": [6.5625, 6, 6.25, 6.5625], "texture": "#2"},
				"east": {"uv": [3.3125, 6.25, 3, 6.8125], "texture": "#2"},
				"south": {"uv": [1.8125, 6.5, 1.5, 7.0625], "texture": "#2"},
				"west": {"uv": [3.3125, 6.25, 3, 6.8125], "texture": "#2"},
				"up": {"uv": [0.8125, 7, 0.5, 7.3125], "rotation": 270, "texture": "#2"},
				"down": {"uv": [1.3125, 7.3125, 1, 7], "rotation": 90, "texture": "#2"}
			}
		},
		{
			"from": [7.2136, 8.52844, 8.57885],
			"to": [7.2136, 10.77844, 8.82385],
			"rotation": {"angle": 45, "axis": "z", "origin": [6.6291, 10.15519, 9.21591]},
			"faces": {
				"north": {"uv": [6.5625, 6, 6.25, 6.5625], "texture": "#2"},
				"east": {"uv": [3.3125, 6.25, 3, 6.8125], "texture": "#2"},
				"south": {"uv": [1.8125, 6.5, 1.5, 7.0625], "texture": "#2"},
				"west": {"uv": [3.3125, 6.25, 3, 6.8125], "texture": "#2"},
				"up": {"uv": [0.8125, 7, 0.5, 7.3125], "rotation": 270, "texture": "#2"},
				"down": {"uv": [1.3125, 7.3125, 1, 7], "rotation": 90, "texture": "#2"}
			}
		},
		{
			"from": [6.2876, 10.52944, 8.58396],
			"to": [6.9686, 10.77944, 8.58396],
			"rotation": {"angle": 45, "axis": "z", "origin": [6.6291, 10.15519, 9.21591]},
			"faces": {
				"north": {"uv": [3.3125, 6.25, 3, 6.8125], "texture": "#2"},
				"east": {"uv": [1.8125, 6.5, 1.5, 7.0625], "texture": "#2"},
				"south": {"uv": [3.3125, 6.25, 3, 6.8125], "texture": "#2"},
				"west": {"uv": [6.5625, 6, 6.25, 6.5625], "texture": "#2"},
				"up": {"uv": [0.5, 7.3125, 0.8125, 7], "texture": "#2"},
				"down": {"uv": [1, 7, 1.3125, 7.3125], "texture": "#2"}
			}
		},
		{
			"from": [6.9686, 8.52944, 8.58396],
			"to": [7.2136, 10.77944, 8.58396],
			"rotation": {"angle": 45, "axis": "z", "origin": [6.6291, 10.15519, 9.21591]},
			"faces": {
				"north": {"uv": [3.3125, 6.25, 3, 6.8125], "texture": "#2"},
				"east": {"uv": [1.8125, 6.5, 1.5, 7.0625], "texture": "#2"},
				"south": {"uv": [3.3125, 6.25, 3, 6.8125], "texture": "#2"},
				"west": {"uv": [6.5625, 6, 6.25, 6.5625], "texture": "#2"},
				"up": {"uv": [0.5, 7.3125, 0.8125, 7], "texture": "#2"},
				"down": {"uv": [1, 7, 1.3125, 7.3125], "texture": "#2"}
			}
		},
		{
			"from": [6.0436, 8.52944, 8.58396],
			"to": [6.2886, 10.77944, 8.58396],
			"rotation": {"angle": 45, "axis": "z", "origin": [6.6291, 10.15519, 9.21591]},
			"faces": {
				"north": {"uv": [3.3125, 6.25, 3, 6.8125], "texture": "#2"},
				"east": {"uv": [1.8125, 6.5, 1.5, 7.0625], "texture": "#2"},
				"south": {"uv": [3.3125, 6.25, 3, 6.8125], "texture": "#2"},
				"west": {"uv": [6.5625, 6, 6.25, 6.5625], "texture": "#2"},
				"up": {"uv": [0.5, 7.3125, 0.8125, 7], "texture": "#2"},
				"down": {"uv": [1, 7, 1.3125, 7.3125], "texture": "#2"}
			}
		},
		{
			"from": [6.0436, 10.77844, 9.60896],
			"to": [7.2136, 10.77844, 9.84785],
			"rotation": {"angle": 45, "axis": "z", "origin": [6.6291, 10.15519, 9.21591]},
			"faces": {
				"north": {"uv": [4.3125, 6.25, 4, 6.8125], "texture": "#2"},
				"east": {"uv": [1.8125, 6.5, 1.5, 7.0625], "texture": "#2"},
				"south": {"uv": [6.8125, 0, 6.5, 0.5625], "texture": "#2"},
				"west": {"uv": [6.5625, 6, 6.25, 6.5625], "texture": "#2"},
				"up": {"uv": [0.3125, 7.3125, 0, 7], "texture": "#2"},
				"down": {"uv": [0.3125, 7, 0, 7.3125], "texture": "#2"}
			}
		},
		{
			"from": [6.0436, 10.77844, 8.58396],
			"to": [7.2136, 10.77844, 8.82285],
			"rotation": {"angle": 45, "axis": "z", "origin": [6.6291, 10.15519, 9.21591]},
			"faces": {
				"north": {"uv": [4.3125, 6.25, 4, 6.8125], "texture": "#2"},
				"east": {"uv": [1.8125, 6.5, 1.5, 7.0625], "texture": "#2"},
				"south": {"uv": [6.8125, 0, 6.5, 0.5625], "texture": "#2"},
				"west": {"uv": [6.5625, 6, 6.25, 6.5625], "texture": "#2"},
				"up": {"uv": [0.3125, 7.3125, 0, 7], "texture": "#2"},
				"down": {"uv": [0.3125, 7, 0, 7.3125], "texture": "#2"}
			}
		},
		{
			"from": [6.0436, 10.77844, 8.82285],
			"to": [6.2886, 10.77844, 9.60985],
			"rotation": {"angle": 45, "axis": "z", "origin": [6.6291, 10.15519, 9.21591]},
			"faces": {
				"north": {"uv": [4.3125, 6.25, 4, 6.8125], "texture": "#2"},
				"east": {"uv": [1.8125, 6.5, 1.5, 7.0625], "texture": "#2"},
				"south": {"uv": [6.8125, 0, 6.5, 0.5625], "texture": "#2"},
				"west": {"uv": [6.5625, 6, 6.25, 6.5625], "texture": "#2"},
				"up": {"uv": [0.3125, 7.3125, 0, 7], "texture": "#2"},
				"down": {"uv": [0.3125, 7, 0, 7.3125], "texture": "#2"}
			}
		},
		{
			"from": [6.9686, 10.77844, 8.82285],
			"to": [7.2136, 10.77844, 9.60985],
			"rotation": {"angle": 45, "axis": "z", "origin": [6.6291, 10.15519, 9.21591]},
			"faces": {
				"north": {"uv": [4.3125, 6.25, 4, 6.8125], "texture": "#2"},
				"east": {"uv": [1.8125, 6.5, 1.5, 7.0625], "texture": "#2"},
				"south": {"uv": [6.8125, 0, 6.5, 0.5625], "texture": "#2"},
				"west": {"uv": [6.5625, 6, 6.25, 6.5625], "texture": "#2"},
				"up": {"uv": [0.3125, 7.3125, 0, 7], "texture": "#2"},
				"down": {"uv": [0.3125, 7, 0, 7.3125], "texture": "#2"}
			}
		},
		{
			"name": "liquid",
			"from": [6.04467, 8.53656, 8.5976],
			"to": [7.19127, 10.74156, 9.83621],
			"rotation": {"angle": 45, "axis": "z", "origin": [6.6291, 10.15519, 9.21591]},
			"faces": {
				"north": {"uv": [6.59, 8, 4.25, 12.5], "texture": "#1"},
				"east": {"uv": [4.27777, 8.25, 1.75, 12.75], "texture": "#1"},
				"south": {"uv": [9.09, 1.75, 6.75, 6.25], "texture": "#1"},
				"west": {"uv": [9.02777, 7.75, 6.5, 12.25], "texture": "#1"},
				"up": {"uv": [0.75, 11.27777, 3.09, 8.75], "texture": "#1"},
				"down": {"uv": [1.25, 8.75, 3.59, 11.27777], "texture": "#1"}
			}
		},
		{
			"from": [8.67793, 10.67858, 9.84785],
			"to": [9.35893, 10.92858, 9.84785],
			"rotation": {"angle": -45, "axis": "z", "origin": [9.01293, 9.80358, 9.26591]},
			"faces": {
				"north": {"uv": [3, 6.25, 3.3125, 6.8125], "texture": "#2"},
				"east": {"uv": [6.25, 6, 6.5625, 6.5625], "texture": "#2"},
				"south": {"uv": [3, 6.25, 3.3125, 6.8125], "texture": "#2"},
				"west": {"uv": [1.5, 6.5, 1.8125, 7.0625], "texture": "#2"},
				"up": {"uv": [0.8125, 7.3125, 0.5, 7], "texture": "#2"},
				"down": {"uv": [1.3125, 7, 1, 7.3125], "texture": "#2"}
			}
		},
		{
			"from": [9.35647, 8.67504, 9.84785],
			"to": [9.60147, 10.92504, 9.84785],
			"rotation": {"angle": -45, "axis": "z", "origin": [9.01647, 9.80004, 9.26591]},
			"faces": {
				"north": {"uv": [3, 6.25, 3.3125, 6.8125], "texture": "#2"},
				"east": {"uv": [6.25, 6, 6.5625, 6.5625], "texture": "#2"},
				"south": {"uv": [3, 6.25, 3.3125, 6.8125], "texture": "#2"},
				"west": {"uv": [1.5, 6.5, 1.8125, 7.0625], "texture": "#2"},
				"up": {"uv": [0.8125, 7.3125, 0.5, 7], "texture": "#2"},
				"down": {"uv": [1.3125, 7, 1, 7.3125], "texture": "#2"}
			}
		},
		{
			"from": [8.43147, 8.67504, 9.84785],
			"to": [8.67647, 10.92504, 9.84785],
			"rotation": {"angle": -45, "axis": "z", "origin": [9.01647, 9.80004, 9.26591]},
			"faces": {
				"north": {"uv": [3, 6.25, 3.3125, 6.8125], "texture": "#2"},
				"east": {"uv": [6.25, 6, 6.5625, 6.5625], "texture": "#2"},
				"south": {"uv": [3, 6.25, 3.3125, 6.8125], "texture": "#2"},
				"west": {"uv": [1.5, 6.5, 1.8125, 7.0625], "texture": "#2"},
				"up": {"uv": [0.8125, 7.3125, 0.5, 7], "texture": "#2"},
				"down": {"uv": [1.3125, 7, 1, 7.3125], "texture": "#2"}
			}
		},
		{
			"from": [9.623, 8.18408, 9.60897],
			"to": [9.623, 10.43408, 9.85397],
			"rotation": {"angle": -45, "axis": "z", "origin": [9.62016, 9.57783, 9.26872]},
			"faces": {
				"north": {"uv": [6.25, 6, 6.5625, 6.5625], "texture": "#2"},
				"east": {"uv": [3, 6.25, 3.3125, 6.8125], "texture": "#2"},
				"south": {"uv": [1.5, 6.5, 1.8125, 7.0625], "texture": "#2"},
				"west": {"uv": [3, 6.25, 3.3125, 6.8125], "texture": "#2"},
				"up": {"uv": [0.8125, 7.3125, 0.5, 7], "rotation": 270, "texture": "#2"},
				"down": {"uv": [1.3125, 7, 1, 7.3125], "rotation": 90, "texture": "#2"}
			}
		},
		{
			"from": [9.623, 10.18408, 8.82797],
			"to": [9.623, 10.43408, 9.60897],
			"rotation": {"angle": -45, "axis": "z", "origin": [9.62016, 9.57783, 9.26872]},
			"faces": {
				"north": {"uv": [6.25, 6, 6.5625, 6.5625], "texture": "#2"},
				"east": {"uv": [3, 6.25, 3.3125, 6.8125], "texture": "#2"},
				"south": {"uv": [1.5, 6.5, 1.8125, 7.0625], "texture": "#2"},
				"west": {"uv": [3, 6.25, 3.3125, 6.8125], "texture": "#2"},
				"up": {"uv": [0.8125, 7.3125, 0.5, 7], "rotation": 270, "texture": "#2"},
				"down": {"uv": [1.3125, 7, 1, 7.3125], "rotation": 90, "texture": "#2"}
			}
		},
		{
			"from": [9.623, 8.18408, 8.58397],
			"to": [9.623, 10.43408, 8.82897],
			"rotation": {"angle": -45, "axis": "z", "origin": [9.62016, 9.57783, 9.26872]},
			"faces": {
				"north": {"uv": [6.25, 6, 6.5625, 6.5625], "texture": "#2"},
				"east": {"uv": [3, 6.25, 3.3125, 6.8125], "texture": "#2"},
				"south": {"uv": [1.5, 6.5, 1.8125, 7.0625], "texture": "#2"},
				"west": {"uv": [3, 6.25, 3.3125, 6.8125], "texture": "#2"},
				"up": {"uv": [0.8125, 7.3125, 0.5, 7], "rotation": 270, "texture": "#2"},
				"down": {"uv": [1.3125, 7, 1, 7.3125], "rotation": 90, "texture": "#2"}
			}
		},
		{
			"from": [8.42673, 8.1261, 9.60385],
			"to": [8.42673, 10.3761, 9.84885],
			"rotation": {"angle": -45, "axis": "z", "origin": [9.67673, 9.51985, 9.2636]},
			"faces": {
				"north": {"uv": [6.25, 6, 6.5625, 6.5625], "texture": "#2"},
				"east": {"uv": [3, 6.25, 3.3125, 6.8125], "texture": "#2"},
				"south": {"uv": [1.5, 6.5, 1.8125, 7.0625], "texture": "#2"},
				"west": {"uv": [3, 6.25, 3.3125, 6.8125], "texture": "#2"},
				"up": {"uv": [0.8125, 7.3125, 0.5, 7], "rotation": 270, "texture": "#2"},
				"down": {"uv": [1.3125, 7, 1, 7.3125], "rotation": 90, "texture": "#2"}
			}
		},
		{
			"from": [8.42673, 10.1261, 8.82285],
			"to": [8.42673, 10.3761, 9.60385],
			"rotation": {"angle": -45, "axis": "z", "origin": [9.67673, 9.51985, 9.2636]},
			"faces": {
				"north": {"uv": [6.25, 6, 6.5625, 6.5625], "texture": "#2"},
				"east": {"uv": [3, 6.25, 3.3125, 6.8125], "texture": "#2"},
				"south": {"uv": [1.5, 6.5, 1.8125, 7.0625], "texture": "#2"},
				"west": {"uv": [3, 6.25, 3.3125, 6.8125], "texture": "#2"},
				"up": {"uv": [0.8125, 7.3125, 0.5, 7], "rotation": 270, "texture": "#2"},
				"down": {"uv": [1.3125, 7, 1, 7.3125], "rotation": 90, "texture": "#2"}
			}
		},
		{
			"from": [8.42673, 8.1261, 8.57885],
			"to": [8.42673, 10.3761, 8.82385],
			"rotation": {"angle": -45, "axis": "z", "origin": [9.67673, 9.51985, 9.2636]},
			"faces": {
				"north": {"uv": [6.25, 6, 6.5625, 6.5625], "texture": "#2"},
				"east": {"uv": [3, 6.25, 3.3125, 6.8125], "texture": "#2"},
				"south": {"uv": [1.5, 6.5, 1.8125, 7.0625], "texture": "#2"},
				"west": {"uv": [3, 6.25, 3.3125, 6.8125], "texture": "#2"},
				"up": {"uv": [0.8125, 7.3125, 0.5, 7], "rotation": 270, "texture": "#2"},
				"down": {"uv": [1.3125, 7, 1, 7.3125], "rotation": 90, "texture": "#2"}
			}
		},
		{
			"from": [8.67864, 10.67929, 8.58396],
			"to": [9.35964, 10.92929, 8.58396],
			"rotation": {"angle": -45, "axis": "z", "origin": [9.01364, 9.80429, 8.00202]},
			"faces": {
				"north": {"uv": [3, 6.25, 3.3125, 6.8125], "texture": "#2"},
				"east": {"uv": [6.25, 6, 6.5625, 6.5625], "texture": "#2"},
				"south": {"uv": [3, 6.25, 3.3125, 6.8125], "texture": "#2"},
				"west": {"uv": [1.5, 6.5, 1.8125, 7.0625], "texture": "#2"},
				"up": {"uv": [0.8125, 7.3125, 0.5, 7], "texture": "#2"},
				"down": {"uv": [1.3125, 7, 1, 7.3125], "texture": "#2"}
			}
		},
		{
			"from": [8.43217, 8.67575, 8.58396],
			"to": [8.67717, 10.92575, 8.58396],
			"rotation": {"angle": -45, "axis": "z", "origin": [9.01717, 9.80075, 8.00202]},
			"faces": {
				"north": {"uv": [3, 6.25, 3.3125, 6.8125], "texture": "#2"},
				"east": {"uv": [6.25, 6, 6.5625, 6.5625], "texture": "#2"},
				"south": {"uv": [3, 6.25, 3.3125, 6.8125], "texture": "#2"},
				"west": {"uv": [1.5, 6.5, 1.8125, 7.0625], "texture": "#2"},
				"up": {"uv": [0.8125, 7.3125, 0.5, 7], "texture": "#2"},
				"down": {"uv": [1.3125, 7, 1, 7.3125], "texture": "#2"}
			}
		},
		{
			"from": [9.35717, 8.67575, 8.58396],
			"to": [9.60217, 10.92575, 8.58396],
			"rotation": {"angle": -45, "axis": "z", "origin": [9.01717, 9.80075, 8.00202]},
			"faces": {
				"north": {"uv": [3, 6.25, 3.3125, 6.8125], "texture": "#2"},
				"east": {"uv": [6.25, 6, 6.5625, 6.5625], "texture": "#2"},
				"south": {"uv": [3, 6.25, 3.3125, 6.8125], "texture": "#2"},
				"west": {"uv": [1.5, 6.5, 1.8125, 7.0625], "texture": "#2"},
				"up": {"uv": [0.8125, 7.3125, 0.5, 7], "texture": "#2"},
				"down": {"uv": [1.3125, 7, 1, 7.3125], "texture": "#2"}
			}
		},
		{
			"from": [8.43147, 10.92504, 9.60896],
			"to": [9.60147, 10.92504, 9.84785],
			"rotation": {"angle": -45, "axis": "z", "origin": [9.01647, 9.80004, 9.26591]},
			"faces": {
				"north": {"uv": [4, 6.25, 4.3125, 6.8125], "texture": "#2"},
				"east": {"uv": [6.25, 6, 6.5625, 6.5625], "texture": "#2"},
				"south": {"uv": [6.5, 0, 6.8125, 0.5625], "texture": "#2"},
				"west": {"uv": [1.5, 6.5, 1.8125, 7.0625], "texture": "#2"},
				"up": {"uv": [0, 7.3125, 0.3125, 7], "texture": "#2"},
				"down": {"uv": [0, 7, 0.3125, 7.3125], "texture": "#2"}
			}
		},
		{
			"from": [8.43147, 10.92504, 8.58396],
			"to": [9.60147, 10.92504, 8.82285],
			"rotation": {"angle": -45, "axis": "z", "origin": [9.01647, 9.80004, 9.26591]},
			"faces": {
				"north": {"uv": [4, 6.25, 4.3125, 6.8125], "texture": "#2"},
				"east": {"uv": [6.25, 6, 6.5625, 6.5625], "texture": "#2"},
				"south": {"uv": [6.5, 0, 6.8125, 0.5625], "texture": "#2"},
				"west": {"uv": [1.5, 6.5, 1.8125, 7.0625], "texture": "#2"},
				"up": {"uv": [0, 7.3125, 0.3125, 7], "texture": "#2"},
				"down": {"uv": [0, 7, 0.3125, 7.3125], "texture": "#2"}
			}
		},
		{
			"from": [9.35647, 10.92504, 8.82285],
			"to": [9.60147, 10.92504, 9.60985],
			"rotation": {"angle": -45, "axis": "z", "origin": [9.01647, 9.80004, 9.2548]},
			"faces": {
				"north": {"uv": [4, 6.25, 4.3125, 6.8125], "texture": "#2"},
				"east": {"uv": [6.25, 6, 6.5625, 6.5625], "texture": "#2"},
				"south": {"uv": [6.5, 0, 6.8125, 0.5625], "texture": "#2"},
				"west": {"uv": [1.5, 6.5, 1.8125, 7.0625], "texture": "#2"},
				"up": {"uv": [0, 7.3125, 0.3125, 7], "texture": "#2"},
				"down": {"uv": [0, 7, 0.3125, 7.3125], "texture": "#2"}
			}
		},
		{
			"from": [8.70239, 11.57912, 8.82285],
			"to": [8.94739, 11.57912, 9.60985],
			"rotation": {"angle": -45, "axis": "z", "origin": [8.36239, 10.45412, 9.2548]},
			"faces": {
				"north": {"uv": [4, 6.25, 4.3125, 6.8125], "texture": "#2"},
				"east": {"uv": [6.25, 6, 6.5625, 6.5625], "texture": "#2"},
				"south": {"uv": [6.5, 0, 6.8125, 0.5625], "texture": "#2"},
				"west": {"uv": [1.5, 6.5, 1.8125, 7.0625], "texture": "#2"},
				"up": {"uv": [0, 7.3125, 0.3125, 7], "texture": "#2"},
				"down": {"uv": [0, 7, 0.3125, 7.3125], "texture": "#2"}
			}
		},
		{
			"name": "liquid",
			"from": [8.15607, 9.40192, 8.5976],
			"to": [9.30267, 11.60692, 9.83621],
			"rotation": {"angle": -45, "axis": "z", "origin": [8, 9.80004, 9.21691]},
			"faces": {
				"north": {"uv": [4.25, 8, 6.59, 12.5], "texture": "#1"},
				"east": {"uv": [6.5, 7.75, 9.02777, 12.25], "texture": "#1"},
				"south": {"uv": [6.75, 1.75, 9.09, 6.25], "texture": "#1"},
				"west": {"uv": [1.75, 8.25, 4.27777, 12.75], "texture": "#1"},
				"up": {"uv": [3.09, 11.27777, 0.75, 8.75], "texture": "#1"},
				"down": {"uv": [3.59, 8.75, 1.25, 11.27777], "texture": "#1"}
			}
		},
		{
			"from": [6.70123, 6.68276, 0.69581],
			"to": [7.16523, 7.14676, 11.13381],
			"rotation": {"angle": -45, "axis": "z", "origin": [8, 6.175, 10.575]},
			"faces": {
				"north": {"uv": [4, 1.5, 4.125, 1.625], "texture": "#2"},
				"east": {"uv": [4.5, 4.25, 7.1875, 4.375], "texture": "#2"},
				"south": {"uv": [4.125, 1.5, 4, 1.625], "texture": "#2"},
				"west": {"uv": [10.1875, 5.75, 7.5, 5.875], "texture": "#2"},
				"up": {"uv": [0.875, 3.4375, 0.75, 0.75], "texture": "#2"},
				"down": {"uv": [1.125, 0.75, 1, 3.4375], "texture": "#2"}
			}
		},
		{
			"from": [7.44067, 6.98842, 0.69978],
			"to": [7.90467, 7.45242, 11.13778],
			"rotation": {"angle": 0, "axis": "y", "origin": [8, 6.175, 10.575]},
			"faces": {
				"north": {"uv": [1, 4.25, 1.125, 4.375], "texture": "#2"},
				"east": {"uv": [5.25, 5, 7.9375, 5.125], "texture": "#2"},
				"south": {"uv": [1.125, 4.25, 1, 4.375], "texture": "#2"},
				"west": {"uv": [9.9375, 4.25, 7.25, 4.375], "texture": "#2"},
				"up": {"uv": [1.375, 3.4375, 1.25, 0.75], "texture": "#2"},
				"down": {"uv": [6.375, 7, 6.25, 9.6875], "texture": "#2"}
			}
		},
		{
			"from": [8.17967, 6.68168, 0.69868],
			"to": [8.64367, 7.14568, 11.13668],
			"rotation": {"angle": 45, "axis": "z", "origin": [8, 6.175, 10.575]},
			"faces": {
				"north": {"uv": [4.5, 3.25, 4.625, 3.375], "texture": "#2"},
				"east": {"uv": [5.5, 2.25, 8.1875, 2.375], "texture": "#2"},
				"south": {"uv": [4.625, 3.25, 4.5, 3.375], "texture": "#2"},
				"west": {"uv": [9.4375, 6, 6.75, 6.125], "texture": "#2"},
				"up": {"uv": [1.625, 9.9375, 1.5, 7.25], "texture": "#2"},
				"down": {"uv": [5.375, 7.25, 5.25, 9.9375], "texture": "#2"}
			}
		},
		{
			"from": [7.76876, 6.66031, 0.69987],
			"to": [8.23276, 7.22431, 11.13787],
			"rotation": {"angle": 0, "axis": "y", "origin": [8, 6.175, 10.575]},
			"faces": {
				"north": {"uv": [2.75, 4.75, 2.875, 4.875], "texture": "#2"},
				"east": {"uv": [6.5, 1, 9.1875, 1.125], "texture": "#2"},
				"south": {"uv": [2.875, 4.75, 2.75, 4.875], "texture": "#2"},
				"west": {"uv": [6.5, 3.25, 9.1875, 3.375], "texture": "#2"},
				"up": {"uv": [5.875, 9.9375, 5.75, 7.25], "texture": "#2"},
				"down": {"uv": [7.375, 6.5, 7.25, 9.1875], "texture": "#2"}
			}
		},
		{
			"from": [7.35742, 6.68276, 0.69324],
			"to": [7.82142, 7.14676, 11.13124],
			"rotation": {"angle": -45, "axis": "z", "origin": [8, 6.175, 10.575]},
			"faces": {
				"north": {"uv": [3.25, 4.75, 3.375, 4.875], "texture": "#2"},
				"east": {"uv": [6.75, 6, 9.4375, 6.125], "texture": "#2"},
				"south": {"uv": [3.375, 4.75, 3.25, 4.875], "texture": "#2"},
				"west": {"uv": [7, 5.5, 9.6875, 5.625], "texture": "#2"},
				"up": {"uv": [7.625, 9.1875, 7.5, 6.5], "texture": "#2"},
				"down": {"uv": [6.875, 7.5, 6.75, 10.1875], "texture": "#2"}
			}
		},
		{
			"from": [8.09687, 6.98841, 0.69978],
			"to": [8.56087, 7.45241, 11.13778],
			"rotation": {"angle": 0, "axis": "y", "origin": [8, 6.175, 10.575]},
			"faces": {
				"north": {"uv": [5, 0.75, 5.125, 0.875], "texture": "#2"},
				"east": {"uv": [7.25, 4.25, 9.9375, 4.375], "texture": "#2"},
				"south": {"uv": [5.125, 0.75, 5, 0.875], "texture": "#2"},
				"west": {"uv": [7.25, 4.75, 9.9375, 4.875], "texture": "#2"},
				"up": {"uv": [0.125, 10.4375, 0, 7.75], "texture": "#2"},
				"down": {"uv": [0.375, 7.75, 0.25, 10.4375], "texture": "#2"}
			}
		},
		{
			"from": [8.83586, 6.68169, 0.69868],
			"to": [9.29986, 7.14569, 11.13668],
			"rotation": {"angle": 45, "axis": "z", "origin": [8, 6.175, 10.575]},
			"faces": {
				"north": {"uv": [2.5, 5, 2.625, 5.125], "texture": "#2"},
				"east": {"uv": [7.5, 5.75, 10.1875, 5.875], "texture": "#2"},
				"south": {"uv": [2.625, 5, 2.5, 5.125], "texture": "#2"},
				"west": {"uv": [7.75, 0.5, 10.4375, 0.625], "texture": "#2"},
				"up": {"uv": [0.625, 10.4375, 0.5, 7.75], "texture": "#2"},
				"down": {"uv": [0.875, 7.75, 0.75, 10.4375], "texture": "#2"}
			}
		},
		{
			"from": [7.76876, 7.21651, 0.69998],
			"to": [8.23276, 7.78051, 11.13798],
			"rotation": {"angle": 0, "axis": "y", "origin": [8, 6.175, 10.575]},
			"faces": {
				"north": {"uv": [3, 5, 3.125, 5.125], "texture": "#2"},
				"east": {"uv": [7.75, 2, 10.4375, 2.125], "texture": "#2"},
				"south": {"uv": [3.125, 5, 3, 5.125], "texture": "#2"},
				"west": {"uv": [7.75, 3, 10.4375, 3.125], "texture": "#2"},
				"up": {"uv": [7.25, 6.5, 7.375, 9.1875], "texture": "#2"},
				"down": {"uv": [2.125, 7.75, 2, 10.4375], "texture": "#2"}
			}
		},
		{
			"from": [6.38291, 6.57226, 0.86114],
			"to": [7.09747, 7.28682, 6.47466],
			"rotation": {"angle": -45, "axis": "z", "origin": [8, 6.175, 10.575]},
			"faces": {
				"north": {"uv": [0, 1.25, 0.1875, 1.4375], "texture": "#2"},
				"east": {"uv": [1.75, 0, 3.125, 0.1875], "texture": "#2"},
				"south": {"uv": [0.25, 1.25, 0.4375, 1.4375], "texture": "#2"},
				"west": {"uv": [1.75, 0.25, 3.125, 0.4375], "texture": "#2"},
				"up": {"uv": [3.4375, 1.375, 3.25, 0], "texture": "#2"},
				"down": {"uv": [2.1875, 4.75, 2, 6.125], "texture": "#2"}
			}
		},
		{
			"from": [7.13745, 6.88481, 0.8672],
			"to": [7.85201, 7.59937, 6.48072],
			"rotation": {"angle": 0, "axis": "y", "origin": [8, 6.175, 10.575]},
			"faces": {
				"north": {"uv": [0.5, 1.25, 0.6875, 1.4375], "texture": "#2"},
				"east": {"uv": [2.25, 2, 3.625, 2.1875], "texture": "#2"},
				"south": {"uv": [1.5, 0.75, 1.6875, 0.9375], "texture": "#2"},
				"west": {"uv": [2.25, 2.25, 3.625, 2.4375], "texture": "#2"},
				"up": {"uv": [2.4375, 6.125, 2.25, 4.75], "texture": "#2"},
				"down": {"uv": [5.4375, 5.25, 5.25, 6.625], "texture": "#2"}
			}
		},
		{
			"from": [7.892, 6.57226, 0.86718],
			"to": [8.60656, 7.28682, 6.4807],
			"rotation": {"angle": 45, "axis": "z", "origin": [8, 6.175, 10.575]},
			"faces": {
				"north": {"uv": [1.5, 1, 1.6875, 1.1875], "texture": "#2"},
				"east": {"uv": [2.25, 2.5, 3.625, 2.6875], "texture": "#2"},
				"south": {"uv": [1.5, 1.25, 1.6875, 1.4375], "texture": "#2"},
				"west": {"uv": [2.25, 2.75, 3.625, 2.9375], "texture": "#2"},
				"up": {"uv": [5.6875, 6.625, 5.5, 5.25], "texture": "#2"},
				"down": {"uv": [5.9375, 5.25, 5.75, 6.625], "texture": "#2"}
			}
		},
		{
			"from": [7.64272, 6.37953, 0.8674],
			"to": [8.35728, 7.09409, 6.48092],
			"rotation": {"angle": 0, "axis": "y", "origin": [8, 6.175, 10.575]},
			"faces": {
				"north": {"uv": [3.25, 1.5, 3.4375, 1.6875], "texture": "#2"},
				"east": {"uv": [2.25, 3, 3.625, 3.1875], "texture": "#2"},
				"south": {"uv": [3.5, 0.5, 3.6875, 0.6875], "texture": "#2"},
				"west": {"uv": [4.25, 2.5, 5.625, 2.6875], "texture": "#2"},
				"up": {"uv": [6.1875, 6.625, 6, 5.25], "texture": "#2"},
				"down": {"uv": [2.9375, 7.75, 2.75, 9.125], "texture": "#2"}
			}
		},
		{
			"from": [7.39344, 6.57227, 0.85718],
			"to": [8.108, 7.28683, 6.4707],
			"rotation": {"angle": -45, "axis": "z", "origin": [8, 6.175, 10.575]},
			"faces": {
				"north": {"uv": [0.75, 3.5, 0.9375, 3.6875], "texture": "#2"},
				"east": {"uv": [4.25, 2.75, 5.625, 2.9375], "texture": "#2"},
				"south": {"uv": [3.5, 0.75, 3.6875, 0.9375], "texture": "#2"},
				"west": {"uv": [4.5, 3, 5.875, 3.1875], "texture": "#2"},
				"up": {"uv": [3.1875, 9.125, 3, 7.75], "texture": "#2"},
				"down": {"uv": [3.9375, 7.75, 3.75, 9.125], "texture": "#2"}
			}
		},
		{
			"from": [8.14799, 6.88481, 0.86736],
			"to": [8.86255, 7.59937, 6.48088],
			"rotation": {"angle": 0, "axis": "y", "origin": [8, 6.175, 10.575]},
			"faces": {
				"north": {"uv": [1, 3.5, 1.1875, 3.6875], "texture": "#2"},
				"east": {"uv": [4.5, 4, 5.875, 4.1875], "texture": "#2"},
				"south": {"uv": [3.5, 1, 3.6875, 1.1875], "texture": "#2"},
				"west": {"uv": [4.5, 4.5, 5.875, 4.6875], "texture": "#2"},
				"up": {"uv": [4.1875, 9.125, 4, 7.75], "texture": "#2"},
				"down": {"uv": [4.9375, 7.75, 4.75, 9.125], "texture": "#2"}
			}
		},
		{
			"from": [8.90254, 6.57227, 0.86718],
			"to": [9.6171, 7.28683, 6.4807],
			"rotation": {"angle": 45, "axis": "z", "origin": [8, 6.175, 10.575]},
			"faces": {
				"north": {"uv": [1.25, 3.5, 1.4375, 3.6875], "texture": "#2"},
				"east": {"uv": [4.75, 1.25, 6.125, 1.4375], "texture": "#2"},
				"south": {"uv": [3.5, 1.25, 3.6875, 1.4375], "texture": "#2"},
				"west": {"uv": [4.75, 1.5, 6.125, 1.6875], "texture": "#2"},
				"up": {"uv": [5.1875, 9.125, 5, 7.75], "texture": "#2"},
				"down": {"uv": [5.6875, 7.75, 5.5, 9.125], "texture": "#2"}
			}
		},
		{
			"from": [7.64272, 7.39008, 0.8674],
			"to": [8.35728, 8.10464, 6.48092],
			"rotation": {"angle": 0, "axis": "y", "origin": [8, 6.175, 10.575]},
			"faces": {
				"north": {"uv": [3.5, 1.5, 3.6875, 1.6875], "texture": "#2"},
				"east": {"uv": [5.75, 3.75, 7.125, 3.9375], "texture": "#2"},
				"south": {"uv": [3.75, 0.5, 3.9375, 0.6875], "texture": "#2"},
				"west": {"uv": [0, 6.5, 1.375, 6.6875], "texture": "#2"},
				"up": {"uv": [6.1875, 9.125, 6, 7.75], "texture": "#2"},
				"down": {"uv": [7.9375, 6.5, 7.75, 7.875], "texture": "#2"}
			}
		},
		{
			"from": [7.64272, 5.91497, 3.1424],
			"to": [8.35728, 6.37953, 4.18092],
			"rotation": {"angle": 0, "axis": "y", "origin": [8, 6.21044, 10.575]},
			"faces": {
				"north": {"uv": [3.75, 1.5, 3.9375, 1.625], "texture": "#2"},
				"east": {"uv": [0.75, 3.75, 1, 3.875], "texture": "#2"},
				"south": {"uv": [3.75, 3, 3.9375, 3.125], "texture": "#2"},
				"west": {"uv": [3.75, 0.75, 4, 0.875], "texture": "#2"},
				"up": {"uv": [0.1875, 1, 0, 0.75], "texture": "#2"},
				"down": {"uv": [0.4375, 0.75, 0.25, 1], "texture": "#2"}
			}
		},
		{
			"from": [7.64272, 5.91497, 0.8674],
			"to": [8.35728, 6.37953, 1.90592],
			"rotation": {"angle": 0, "axis": "y", "origin": [8, 6.21044, 10.575]},
			"faces": {
				"north": {"uv": [0.75, 4, 0.9375, 4.125], "texture": "#2"},
				"east": {"uv": [1, 3.75, 1.25, 3.875], "texture": "#2"},
				"south": {"uv": [1, 4, 1.1875, 4.125], "texture": "#2"},
				"west": {"uv": [3.75, 1, 4, 1.125], "texture": "#2"},
				"up": {"uv": [0.6875, 1, 0.5, 0.75], "texture": "#2"},
				"down": {"uv": [0.1875, 1, 0, 1.25], "texture": "#2"}
			}
		},
		{
			"from": [7.64272, 5.91497, 5.4424],
			"to": [8.35728, 6.37953, 6.48092],
			"rotation": {"angle": 0, "axis": "y", "origin": [8, 6.21044, 10.575]},
			"faces": {
				"north": {"uv": [1.25, 4, 1.4375, 4.125], "texture": "#2"},
				"east": {"uv": [1.25, 3.75, 1.5, 3.875], "texture": "#2"},
				"south": {"uv": [4, 1.25, 4.1875, 1.375], "texture": "#2"},
				"west": {"uv": [3.75, 1.25, 4, 1.375], "texture": "#2"},
				"up": {"uv": [0.4375, 1.25, 0.25, 1], "texture": "#2"},
				"down": {"uv": [0.6875, 1, 0.5, 1.25], "texture": "#2"}
			}
		},
		{
			"from": [7.325, 7.78867, 0.86608],
			"to": [8.675, 9.85867, 7.70996],
			"rotation": {"angle": 0, "axis": "y", "origin": [8, 8.45043, 12.51048]},
			"faces": {
				"north": {"uv": [2, 6.5, 2.3125, 7], "texture": "#2"},
				"east": {"uv": [1.5, 1.5, 3.1875, 2], "texture": "#2"},
				"south": {"uv": [6.5, 2.5, 6.8125, 3], "texture": "#2"},
				"west": {"uv": [3.1875, 1.5, 1.5, 2], "texture": "#2"},
				"up": {"uv": [0.8125, 6.1875, 0.5, 4.5], "texture": "#2"},
				"down": {"uv": [1.3125, 4.5, 1, 6.1875], "texture": "#2"}
			}
		},
		{
			"from": [7.325, 7.16367, -0.57781],
			"to": [8.675, 8.51367, 0.86608],
			"rotation": {"angle": 0, "axis": "y", "origin": [8, 8.45043, 5.66659]},
			"faces": {
				"north": {"uv": [6.75, 6.25, 7.0625, 6.5625], "texture": "#2"},
				"east": {"uv": [6.5, 5.25, 6.875, 5.5625], "texture": "#2"},
				"south": {"uv": [6.5, 6.75, 6.8125, 7.0625], "texture": "#2"},
				"west": {"uv": [6.875, 5.25, 6.5, 5.5625], "texture": "#2"},
				"up": {"uv": [4.8125, 7.125, 4.5, 6.75], "texture": "#2"},
				"down": {"uv": [4.8125, 6.75, 4.5, 7.125], "texture": "#2"}
			}
		},
		{
			"from": [7.325, 8.51367, -0.57781],
			"to": [8.675, 9.86367, 0.86608],
			"rotation": {"angle": 0, "axis": "y", "origin": [8, 8.45043, 5.66659]},
			"faces": {
				"north": {"uv": [6.75, 6.25, 7.0625, 6.5625], "texture": "#2"},
				"east": {"uv": [6.5, 5.25, 6.875, 5.5625], "texture": "#2"},
				"south": {"uv": [6.5, 6.75, 6.8125, 7.0625], "texture": "#2"},
				"west": {"uv": [6.875, 5.25, 6.5, 5.5625], "texture": "#2"},
				"up": {"uv": [4.8125, 7.125, 4.5, 6.75], "texture": "#2"},
				"down": {"uv": [5.3125, 6.75, 5, 7.125], "texture": "#2"}
			}
		}
	],
	"display": {
		"thirdperson_righthand": {
			"rotation": [67.5, 0, 0],
			"translation": [-1.5, 6.5, 0.5]
		},
		"thirdperson_lefthand": {
			"rotation": [67.5, 0, 0],
			"translation": [-1.5, 6.5, 0.5]
		},
		"firstperson_righthand": {
			"translation": [-4.25, 4, -1.25]
		},
		"firstperson_lefthand": {
			"translation": [-4.25, 4, -1.25]
		},
		"gui": {
			"rotation": [163.34, -47.42, -178.07],
			"scale": [1.1, 1.1, 1.1]
		},
		"fixed": {
			"rotation": [0, 90, 0],
			"translation": [0, 0, -1.5],
			"scale": [2, 2, 2]
		}
	},
	"groups": [
		{
			"name": "discharge_shotgun",
			"origin": [8, 7.0743, 14.81997],
			"color": 0,
			"children": [
				{
					"name": "body",
					"origin": [7.66545, 8.69924, 6.92284],
					"color": 0,
					"children": [0, 1]
				},
				{
					"name": "trigger_guard",
					"origin": [8, 6.31805, 8.54497],
					"color": 0,
					"children": [2, 3, 4]
				},
				{
					"name": "handle",
					"origin": [8, 6.96805, 8.16997],
					"color": 8,
					"children": [5, 6, 7, 8, 9, 10, 11, 12]
				},
				{
					"name": "discharge_capsules",
					"origin": [8, 7.99365, 8],
					"color": 0,
					"children": [
						{
							"name": "back_main_discharge_capsule",
							"origin": [7.776, 8.77027, 11.4589],
							"color": 3,
							"children": [
								{
									"name": "back_main_discharge_capsule_liquid",
									"origin": [8, 9.10205, 13.66747],
									"color": 0,
									"children": [
										13,
										14,
										{
											"name": "back_discharge_capsule_frames",
											"origin": [8, 8.89927, 13.78042],
											"color": 0,
											"children": [15, 16, 17, 18, 19, 20, 21, 22, 23, 24, 25, 26, 27, 28, 29, 30, 31, 32, 33, 34, 35, 36, 37, 38, 39, 40, 41, 42, 43, 44, 45, 46, 47, 48, 49, 50]
										}
									]
								}
							]
						},
						{
							"name": "small_capsules",
							"origin": [8, 7.99365, 8],
							"color": 0,
							"children": [
								{
									"name": "small_capsule",
									"origin": [8, 7.99365, 8],
									"color": 0,
									"children": [
										{
											"name": "small_capsule_frames",
											"origin": [8.36239, 10.32912, 6.3548],
											"color": 0,
											"children": [51, 52, 53, 54, 55, 56, 57, 58, 59, 60, 61, 62, 63, 64, 65, 66]
										},
										67
									]
								},
								{
									"name": "small_capsule",
									"origin": [8, 7.99365, 8],
									"color": 0,
									"children": [
										{
											"name": "small_capsule_frames",
											"origin": [8.36239, 10.32912, 6.3548],
											"color": 0,
											"children": [68, 69, 70, 71, 72, 73, 74, 75, 76, 77, 78, 79, 80, 81, 82, 83]
										},
										84
									]
								}
							]
						},
						{
							"name": "small_capsules",
							"origin": [8, 7.99365, 8],
							"color": 0,
							"children": [
								{
									"name": "small_capsule",
									"origin": [8, 7.99365, 8],
									"color": 0,
									"children": [
										{
											"name": "small_capsule_frames",
											"origin": [8.36239, 10.32912, 6.3548],
											"color": 0,
											"children": [85, 86, 87, 88, 89, 90, 91, 92, 93, 94, 95, 96, 97, 98, 99, 100]
										},
										101
									]
								},
								{
									"name": "small_capsule",
									"origin": [8, 7.99365, 8],
									"color": 0,
									"children": [
										{
											"name": "small_capsule_frames",
											"origin": [8.36239, 10.32912, 6.3548],
											"color": 0,
											"children": [102, 103, 104, 105, 106, 107, 108, 109, 110, 111, 112, 113, 114, 115, 116, 117]
										},
										118
									]
								}
							]
						}
					]
				},
				{
					"name": "barrels",
					"origin": [8, 8, 4.5],
					"color": 0,
					"children": [
						{
							"name": "under_barrel",
							"origin": [8.00219, 8.77935, 14.44798],
							"color": 3,
							"children": [
								119,
								120,
								121,
								122,
								123,
								124,
								125,
								126,
								{
									"name": "pump",
									"origin": [8.00219, 8.77935, 14.44798],
									"color": 2,
									"children": [
										127,
										128,
										129,
										130,
										131,
										132,
										133,
										134,
										{
											"name": "pump_details",
											"origin": [8, 8.03544, 8],
											"color": 0,
											"children": [135, 136, 137]
										}
									]
								}
							]
						},
						{
							"name": "barrel",
							"origin": [8, 7.0743, 14.81997],
							"color": 0,
							"children": [138, 139, 140]
						}
					]
				}
			]
		}
	]
}