{
	"credit": "Made with Blockbench",
	"texture_size": [64, 64],
	"textures": {
		"2": "aoa3:item/duster"
	},
	"elements": [
		{
			"from": [7.52063, 7.34356, 15.46687],
			"to": [8.49563, 7.50606, 21.90187],
			"rotation": {"angle": 0, "axis": "y", "origin": [8.65, 7.92856, 8]},
			"faces": {
				"north": {"uv": [9.25, 4.75, 9.5, 4.8125], "texture": "#2"},
				"east": {"uv": [8, 3.5, 9.625, 3.5625], "texture": "#2"},
				"south": {"uv": [9.25, 5, 9.5, 5.0625], "texture": "#2"},
				"west": {"uv": [9.625, 3.5, 8, 3.5625], "texture": "#2"},
				"up": {"uv": [6.75, 2.875, 6.5, 1.25], "texture": "#2"},
				"down": {"uv": [2.75, 6.5, 2.5, 8.125], "texture": "#2"}
			}
		},
		{
			"from": [7.52063, 7.50606, 15.46687],
			"to": [8.49563, 8.93606, 19.04187],
			"rotation": {"angle": 0, "axis": "y", "origin": [8.65, 7.92856, 8]},
			"faces": {
				"north": {"uv": [8, 6.5, 8.25, 6.875], "texture": "#2"},
				"east": {"uv": [6.5, 3.5, 7.375, 3.875], "texture": "#2"},
				"south": {"uv": [8, 7, 8.25, 7.375], "texture": "#2"},
				"west": {"uv": [7.375, 3.5, 6.5, 3.875], "texture": "#2"},
				"up": {"uv": [4.5, 7.875, 4.25, 7], "texture": "#2"},
				"down": {"uv": [7.25, 5, 7, 5.875], "texture": "#2"}
			}
		},
		{
			"from": [7.52063, 8.93606, 15.46688],
			"to": [8.49563, 9.13106, 15.66188],
			"rotation": {"angle": 0, "axis": "y", "origin": [8.65, 7.92856, 8]},
			"faces": {
				"north": {"uv": [5.25, 9.25, 5.5, 9.3125], "texture": "#2"},
				"east": {"uv": [9.75, 1.5, 9.8125, 1.5625], "texture": "#2"},
				"south": {"uv": [5.5, 9.25, 5.75, 9.3125], "texture": "#2"},
				"west": {"uv": [9.8125, 1.5, 9.75, 1.5625], "texture": "#2"},
				"up": {"uv": [9.5, 5.5625, 9.25, 5.5], "texture": "#2"},
				"down": {"uv": [6, 9.25, 5.75, 9.3125], "texture": "#2"}
			}
		},
		{
			"from": [7.52063, 8.93606, 15.66188],
			"to": [8.49563, 9.32606, 16.01938],
			"rotation": {"angle": 0, "axis": "y", "origin": [8.65, 7.92856, 8]},
			"faces": {
				"north": {"uv": [9, 0, 9.25, 0.125], "texture": "#2"},
				"east": {"uv": [8, 9.5, 8.0625, 9.625], "texture": "#2"},
				"south": {"uv": [9, 0.25, 9.25, 0.375], "texture": "#2"},
				"west": {"uv": [8.0625, 9.5, 8, 9.625], "texture": "#2"},
				"up": {"uv": [9.5, 5.8125, 9.25, 5.75], "texture": "#2"},
				"down": {"uv": [6.25, 9.25, 6, 9.3125], "texture": "#2"}
			}
		},
		{
			"from": [7.52063, 8.93606, 16.01937],
			"to": [8.49563, 9.48856, 17.09187],
			"rotation": {"angle": 0, "axis": "y", "origin": [8.65, 7.92856, 8]},
			"faces": {
				"north": {"uv": [9, 0.75, 9.25, 0.875], "texture": "#2"},
				"east": {"uv": [9, 1, 9.25, 1.125], "texture": "#2"},
				"south": {"uv": [9, 1.5, 9.25, 1.625], "texture": "#2"},
				"west": {"uv": [9.25, 1, 9, 1.125], "texture": "#2"},
				"up": {"uv": [8.75, 3.25, 8.5, 3], "texture": "#2"},
				"down": {"uv": [3.5, 8.5, 3.25, 8.75], "texture": "#2"}
			}
		},
		{
			"from": [7.52063, 8.93606, 17.09187],
			"to": [8.49563, 9.32606, 19.04187],
			"rotation": {"angle": 0, "axis": "y", "origin": [8.65, 7.92856, 8]},
			"faces": {
				"north": {"uv": [9, 1.75, 9.25, 1.875], "texture": "#2"},
				"east": {"uv": [8.5, 3.25, 9, 3.375], "texture": "#2"},
				"south": {"uv": [2, 9, 2.25, 9.125], "texture": "#2"},
				"west": {"uv": [9, 3.25, 8.5, 3.375], "texture": "#2"},
				"up": {"uv": [6.75, 6.5, 6.5, 6], "texture": "#2"},
				"down": {"uv": [7.75, 2.5, 7.5, 3], "texture": "#2"}
			}
		},
		{
			"from": [7.52063, 8.93606, 19.04187],
			"to": [8.49563, 9.13106, 21.25187],
			"rotation": {"angle": 0, "axis": "y", "origin": [8.65, 7.92856, 8]},
			"faces": {
				"north": {"uv": [9.25, 6, 9.5, 6.0625], "texture": "#2"},
				"east": {"uv": [7.75, 8.75, 8.3125, 8.8125], "texture": "#2"},
				"south": {"uv": [6.25, 9.25, 6.5, 9.3125], "texture": "#2"},
				"west": {"uv": [8.3125, 8.75, 7.75, 8.8125], "texture": "#2"},
				"up": {"uv": [7.75, 5.5625, 7.5, 5], "texture": "#2"},
				"down": {"uv": [8, 3, 7.75, 3.5625], "texture": "#2"}
			}
		},
		{
			"from": [7.52063, 7.50606, 19.04187],
			"to": [8.49563, 8.93606, 21.90187],
			"rotation": {"angle": 0, "axis": "y", "origin": [8.65, 7.92856, 8]},
			"faces": {
				"north": {"uv": [7.25, 8, 7.5, 8.375], "texture": "#2"},
				"east": {"uv": [6.75, 0, 7.4375, 0.375], "texture": "#2"},
				"south": {"uv": [8, 7.5, 8.25, 7.875], "texture": "#2"},
				"west": {"uv": [7.4375, 0, 6.75, 0.375], "texture": "#2"},
				"up": {"uv": [7.5, 5.6875, 7.25, 5], "texture": "#2"},
				"down": {"uv": [5.5, 7.25, 5.25, 7.9375], "texture": "#2"}
			}
		},
		{
			"from": [7.52063, 5.55606, 21.21937],
			"to": [8.49563, 5.75106, 21.90187],
			"rotation": {"angle": 0, "axis": "y", "origin": [8.65, 7.92856, 8]},
			"faces": {
				"north": {"uv": [9.25, 6.25, 9.5, 6.3125], "texture": "#2"},
				"east": {"uv": [7.5, 9.5, 7.6875, 9.5625], "texture": "#2"},
				"south": {"uv": [6.5, 9.25, 6.75, 9.3125], "texture": "#2"},
				"west": {"uv": [7.6875, 9.5, 7.5, 9.5625], "texture": "#2"},
				"up": {"uv": [7.5, 8.6875, 7.25, 8.5], "texture": "#2"},
				"down": {"uv": [8.75, 7.5, 8.5, 7.6875], "texture": "#2"}
			}
		},
		{
			"from": [7.52063, 5.75106, 20.66687],
			"to": [8.49563, 5.94606, 21.90187],
			"rotation": {"angle": 0, "axis": "y", "origin": [8.65, 7.92856, 8]},
			"faces": {
				"north": {"uv": [6.75, 9.25, 7, 9.3125], "texture": "#2"},
				"east": {"uv": [3.75, 9.25, 4.0625, 9.3125], "texture": "#2"},
				"south": {"uv": [7, 9.25, 7.25, 9.3125], "texture": "#2"},
				"west": {"uv": [4.0625, 9.25, 3.75, 9.3125], "texture": "#2"},
				"up": {"uv": [5.75, 8.5625, 5.5, 8.25], "texture": "#2"},
				"down": {"uv": [8.5, 5.5, 8.25, 5.8125], "texture": "#2"}
			}
		},
		{
			"from": [7.52063, 5.94606, 20.17937],
			"to": [8.49563, 6.10856, 21.90187],
			"rotation": {"angle": 0, "axis": "y", "origin": [8.65, 7.92856, 8]},
			"faces": {
				"north": {"uv": [7.25, 9.25, 7.5, 9.3125], "texture": "#2"},
				"east": {"uv": [7, 9, 7.4375, 9.0625], "texture": "#2"},
				"south": {"uv": [7.5, 9.25, 7.75, 9.3125], "texture": "#2"},
				"west": {"uv": [7.4375, 9, 7, 9.0625], "texture": "#2"},
				"up": {"uv": [8.25, 2.4375, 8, 2], "texture": "#2"},
				"down": {"uv": [8.25, 2.5, 8, 2.9375], "texture": "#2"}
			}
		},
		{
			"from": [7.52063, 6.10856, 19.43187],
			"to": [8.49563, 6.23856, 21.90187],
			"rotation": {"angle": 0, "axis": "y", "origin": [8.65, 7.92856, 8]},
			"faces": {
				"north": {"uv": [9.25, 7.5, 9.5, 7.5625], "texture": "#2"},
				"east": {"uv": [3.25, 8.75, 3.875, 8.8125], "texture": "#2"},
				"south": {"uv": [7.75, 9.25, 8, 9.3125], "texture": "#2"},
				"west": {"uv": [3.875, 8.75, 3.25, 8.8125], "texture": "#2"},
				"up": {"uv": [7.5, 7.875, 7.25, 7.25], "texture": "#2"},
				"down": {"uv": [7.75, 3.5, 7.5, 4.125], "texture": "#2"}
			}
		},
		{
			"from": [7.52063, 6.23856, 18.91187],
			"to": [8.49563, 6.43356, 21.90187],
			"rotation": {"angle": 0, "axis": "y", "origin": [8.65, 7.92856, 8]},
			"faces": {
				"north": {"uv": [9.25, 7.75, 9.5, 7.8125], "texture": "#2"},
				"east": {"uv": [8.5, 7.75, 9.25, 7.8125], "texture": "#2"},
				"south": {"uv": [9.25, 8.5, 9.5, 8.5625], "texture": "#2"},
				"west": {"uv": [9.25, 7.75, 8.5, 7.8125], "texture": "#2"},
				"up": {"uv": [6.5, 7.75, 6.25, 7], "texture": "#2"},
				"down": {"uv": [6.75, 7, 6.5, 7.75], "texture": "#2"}
			}
		},
		{
			"from": [7.52063, 6.43356, 18.35937],
			"to": [8.49563, 6.62856, 21.90187],
			"rotation": {"angle": 0, "axis": "y", "origin": [8.65, 7.92856, 8]},
			"faces": {
				"north": {"uv": [9.25, 8.75, 9.5, 8.8125], "texture": "#2"},
				"east": {"uv": [8.5, 6.5, 9.375, 6.5625], "texture": "#2"},
				"south": {"uv": [9.25, 9, 9.5, 9.0625], "texture": "#2"},
				"west": {"uv": [9.375, 6.5, 8.5, 6.5625], "texture": "#2"},
				"up": {"uv": [6.25, 7.875, 6, 7], "texture": "#2"},
				"down": {"uv": [7.25, 6, 7, 6.875], "texture": "#2"}
			}
		},
		{
			"from": [7.52063, 6.62856, 17.67687],
			"to": [8.49563, 6.82356, 21.90187],
			"rotation": {"angle": 0, "axis": "y", "origin": [8.65, 7.92856, 8]},
			"faces": {
				"north": {"uv": [9.25, 9.25, 9.5, 9.3125], "texture": "#2"},
				"east": {"uv": [8.5, 2.5, 9.5625, 2.5625], "texture": "#2"},
				"south": {"uv": [9.5, 0, 9.75, 0.0625], "texture": "#2"},
				"west": {"uv": [9.5625, 2.5, 8.5, 2.5625], "texture": "#2"},
				"up": {"uv": [7.25, 2.3125, 7, 1.25], "texture": "#2"},
				"down": {"uv": [2, 7, 1.75, 8.0625], "texture": "#2"}
			}
		},
		{
			"from": [7.52063, 6.82356, 17.09187],
			"to": [8.49563, 7.01856, 21.90187],
			"rotation": {"angle": 0, "axis": "y", "origin": [8.65, 7.92856, 8]},
			"faces": {
				"north": {"uv": [9.5, 0.25, 9.75, 0.3125], "texture": "#2"},
				"east": {"uv": [8.5, 2, 9.6875, 2.0625], "texture": "#2"},
				"south": {"uv": [9.5, 0.75, 9.75, 0.8125], "texture": "#2"},
				"west": {"uv": [9.6875, 2, 8.5, 2.0625], "texture": "#2"},
				"up": {"uv": [0.75, 7.9375, 0.5, 6.75], "texture": "#2"},
				"down": {"uv": [7, 1.25, 6.75, 2.4375], "texture": "#2"}
			}
		},
		{
			"from": [7.52063, 7.01856, 16.53937],
			"to": [8.49563, 7.18106, 21.90187],
			"rotation": {"angle": 0, "axis": "y", "origin": [8.65, 7.92856, 8]},
			"faces": {
				"north": {"uv": [9.5, 1, 9.75, 1.0625], "texture": "#2"},
				"east": {"uv": [8.25, 1.25, 9.5625, 1.3125], "texture": "#2"},
				"south": {"uv": [9.5, 1.5, 9.75, 1.5625], "texture": "#2"},
				"west": {"uv": [9.5625, 1.25, 8.25, 1.3125], "texture": "#2"},
				"up": {"uv": [4.75, 7.8125, 4.5, 6.5], "texture": "#2"},
				"down": {"uv": [6.75, 4.5, 6.5, 5.8125], "texture": "#2"}
			}
		},
		{
			"from": [7.52063, 7.18106, 15.85687],
			"to": [8.49563, 7.34356, 21.90187],
			"rotation": {"angle": 0, "axis": "y", "origin": [8.65, 7.92856, 8]},
			"faces": {
				"north": {"uv": [1.75, 9.5, 2, 9.5625], "texture": "#2"},
				"east": {"uv": [8, 8, 9.5, 8.0625], "texture": "#2"},
				"south": {"uv": [9.5, 1.75, 9.75, 1.8125], "texture": "#2"},
				"west": {"uv": [9.5, 8, 8, 8.0625], "texture": "#2"},
				"up": {"uv": [3, 8, 2.75, 6.5], "texture": "#2"},
				"down": {"uv": [3.25, 6.5, 3, 8], "texture": "#2"}
			}
		},
		{
			"from": [7.35813, 5.36106, 21.90187],
			"to": [8.65813, 8.93606, 22.29187],
			"rotation": {"angle": 0, "axis": "y", "origin": [8.65, 7.92856, 8]},
			"faces": {
				"north": {"uv": [0.75, 7, 1.0625, 7.875], "texture": "#2"},
				"east": {"uv": [2.75, 8, 2.875, 8.875], "texture": "#2"},
				"south": {"uv": [1.25, 7, 1.5625, 7.875], "texture": "#2"},
				"west": {"uv": [2.875, 8, 2.75, 8.875], "texture": "#2"},
				"up": {"uv": [9.0625, 4.125, 8.75, 4], "texture": "#2"},
				"down": {"uv": [9.0625, 4.5, 8.75, 4.625], "texture": "#2"}
			}
		},
		{
			"from": [7.35813, 6.04356, 22.29187],
			"to": [8.65813, 7.86356, 22.48688],
			"rotation": {"angle": 0, "axis": "y", "origin": [8.65, 7.92856, 8]},
			"faces": {
				"north": {"uv": [8, 0, 8.3125, 0.4375], "texture": "#2"},
				"east": {"uv": [8, 9, 8.0625, 9.4375], "texture": "#2"},
				"south": {"uv": [0.75, 8, 1.0625, 8.4375], "texture": "#2"},
				"west": {"uv": [8.0625, 9, 8, 9.4375], "texture": "#2"},
				"up": {"uv": [9.5625, 4.0625, 9.25, 4], "texture": "#2"},
				"down": {"uv": [4.5625, 9.25, 4.25, 9.3125], "texture": "#2"}
			}
		},
		{
			"from": [7.52063, 7.18106, 15.14187],
			"to": [8.49563, 8.93606, 15.46687],
			"rotation": {"angle": 0, "axis": "y", "origin": [8.65, 7.92856, 8]},
			"faces": {
				"north": {"uv": [8, 3, 8.25, 3.4375], "texture": "#2"},
				"east": {"uv": [8.5, 9, 8.5625, 9.4375], "texture": "#2"},
				"south": {"uv": [3.25, 8, 3.5, 8.4375], "texture": "#2"},
				"west": {"uv": [8.5625, 9, 8.5, 9.4375], "texture": "#2"},
				"up": {"uv": [2.25, 9.5625, 2, 9.5], "texture": "#2"},
				"down": {"uv": [2.5, 9.5, 2.25, 9.5625], "texture": "#2"}
			}
		},
		{
			"from": [7.52063, 6.98606, 14.78437],
			"to": [8.49563, 8.74106, 15.14187],
			"rotation": {"angle": 0, "axis": "y", "origin": [8.65, 7.92856, 8]},
			"faces": {
				"north": {"uv": [3.5, 8, 3.75, 8.4375], "texture": "#2"},
				"east": {"uv": [8.75, 9, 8.8125, 9.4375], "texture": "#2"},
				"south": {"uv": [4.25, 8, 4.5, 8.4375], "texture": "#2"},
				"west": {"uv": [8.8125, 9, 8.75, 9.4375], "texture": "#2"},
				"up": {"uv": [2.75, 9.5625, 2.5, 9.5], "texture": "#2"},
				"down": {"uv": [3, 9.5, 2.75, 9.5625], "texture": "#2"}
			}
		},
		{
			"from": [7.52063, 7.18106, 14.39437],
			"to": [8.49563, 8.93606, 14.58937],
			"rotation": {"angle": 0, "axis": "y", "origin": [8.65, 7.92856, 8]},
			"faces": {
				"north": {"uv": [4.5, 8, 4.75, 8.4375], "texture": "#2"},
				"east": {"uv": [0, 9.25, 0.0625, 9.6875], "texture": "#2"},
				"south": {"uv": [8, 5, 8.25, 5.4375], "texture": "#2"},
				"west": {"uv": [0.0625, 9.25, 0, 9.6875], "texture": "#2"},
				"up": {"uv": [3.25, 9.5625, 3, 9.5], "texture": "#2"},
				"down": {"uv": [9.75, 3, 9.5, 3.0625], "texture": "#2"}
			}
		},
		{
			"from": [7.52063, 7.18106, 14.58937],
			"to": [8.49563, 8.74106, 14.78437],
			"rotation": {"angle": 0, "axis": "y", "origin": [8.65, 7.92856, 8]},
			"faces": {
				"north": {"uv": [8.25, 0.75, 8.5, 1.125], "texture": "#2"},
				"east": {"uv": [1, 9.25, 1.0625, 9.625], "texture": "#2"},
				"south": {"uv": [1.75, 8.25, 2, 8.625], "texture": "#2"},
				"west": {"uv": [1.0625, 9.25, 1, 9.625], "texture": "#2"},
				"up": {"uv": [3.5, 9.5625, 3.25, 9.5], "texture": "#2"},
				"down": {"uv": [9.75, 3.25, 9.5, 3.3125], "texture": "#2"}
			}
		},
		{
			"from": [7.52063, 7.31106, 14.03687],
			"to": [8.49563, 8.93606, 14.39437],
			"rotation": {"angle": 0, "axis": "y", "origin": [8.65, 7.92856, 8]},
			"faces": {
				"north": {"uv": [5.25, 8, 5.5, 8.4375], "texture": "#2"},
				"east": {"uv": [0.25, 9.25, 0.3125, 9.6875], "texture": "#2"},
				"south": {"uv": [8, 5.5, 8.25, 5.9375], "texture": "#2"},
				"west": {"uv": [0.3125, 9.25, 0.25, 9.6875], "texture": "#2"},
				"up": {"uv": [3.75, 9.5625, 3.5, 9.5], "texture": "#2"},
				"down": {"uv": [4, 9.5, 3.75, 9.5625], "texture": "#2"}
			}
		},
		{
			"from": [7.52063, 7.50606, 13.90688],
			"to": [8.49563, 9.13106, 14.03687],
			"rotation": {"angle": 0, "axis": "y", "origin": [8.65, 7.92856, 8]},
			"faces": {
				"north": {"uv": [6, 8, 6.25, 8.4375], "texture": "#2"},
				"east": {"uv": [0.75, 9.25, 0.8125, 9.6875], "texture": "#2"},
				"south": {"uv": [8, 6, 8.25, 6.4375], "texture": "#2"},
				"west": {"uv": [0.8125, 9.25, 0.75, 9.6875], "texture": "#2"},
				"up": {"uv": [4.25, 9.5625, 4, 9.5], "texture": "#2"},
				"down": {"uv": [4.5, 9.5, 4.25, 9.5625], "texture": "#2"}
			}
		},
		{
			"from": [7.52063, 7.70106, 13.51688],
			"to": [8.49563, 9.13106, 13.90687],
			"rotation": {"angle": 0, "axis": "y", "origin": [8.65, 7.92856, 8]},
			"faces": {
				"north": {"uv": [8.25, 2, 8.5, 2.375], "texture": "#2"},
				"east": {"uv": [0, 8.75, 0.125, 9.125], "texture": "#2"},
				"south": {"uv": [2.5, 8.25, 2.75, 8.625], "texture": "#2"},
				"west": {"uv": [0.125, 8.75, 0, 9.125], "texture": "#2"},
				"up": {"uv": [2.5, 9.125, 2.25, 9], "texture": "#2"},
				"down": {"uv": [2.75, 9, 2.5, 9.125], "texture": "#2"}
			}
		},
		{
			"from": [7.52063, 7.86356, 13.15938],
			"to": [8.49563, 9.29356, 13.51687],
			"rotation": {"angle": 0, "axis": "y", "origin": [8.65, 7.92856, 8]},
			"faces": {
				"north": {"uv": [8.25, 2.5, 8.5, 2.875], "texture": "#2"},
				"east": {"uv": [1.5, 9.25, 1.5625, 9.625], "texture": "#2"},
				"south": {"uv": [8.25, 3, 8.5, 3.375], "texture": "#2"},
				"west": {"uv": [1.5625, 9.25, 1.5, 9.625], "texture": "#2"},
				"up": {"uv": [4.75, 9.5625, 4.5, 9.5], "texture": "#2"},
				"down": {"uv": [5, 9.5, 4.75, 9.5625], "texture": "#2"}
			}
		},
		{
			"from": [7.52063, 8.05856, 12.76938],
			"to": [8.49563, 9.48856, 13.15937],
			"rotation": {"angle": 0, "axis": "y", "origin": [8.65, 7.92856, 8]},
			"faces": {
				"north": {"uv": [3.75, 8.25, 4, 8.625], "texture": "#2"},
				"east": {"uv": [0.75, 8.75, 0.875, 9.125], "texture": "#2"},
				"south": {"uv": [8.25, 3.75, 8.5, 4.125], "texture": "#2"},
				"west": {"uv": [0.875, 8.75, 0.75, 9.125], "texture": "#2"},
				"up": {"uv": [3, 9.125, 2.75, 9], "texture": "#2"},
				"down": {"uv": [3.25, 9, 3, 9.125], "texture": "#2"}
			}
		},
		{
			"from": [7.52063, 8.25356, 12.28188],
			"to": [8.49563, 9.68356, 12.76937],
			"rotation": {"angle": 0, "axis": "y", "origin": [8.65, 7.92856, 8]},
			"faces": {
				"north": {"uv": [4, 8.25, 4.25, 8.625], "texture": "#2"},
				"east": {"uv": [1.25, 8.75, 1.375, 9.125], "texture": "#2"},
				"south": {"uv": [8.25, 4.75, 8.5, 5.125], "texture": "#2"},
				"west": {"uv": [1.375, 8.75, 1.25, 9.125], "texture": "#2"},
				"up": {"uv": [9.25, 3.125, 9, 3], "texture": "#2"},
				"down": {"uv": [3.5, 9, 3.25, 9.125], "texture": "#2"}
			}
		},
		{
			"from": [7.52063, 8.44856, 11.89188],
			"to": [8.49563, 9.68356, 12.28187],
			"rotation": {"angle": 0, "axis": "y", "origin": [8.65, 7.92856, 8]},
			"faces": {
				"north": {"uv": [5.75, 8.25, 6, 8.5625], "texture": "#2"},
				"east": {"uv": [4.75, 8.75, 4.875, 9.0625], "texture": "#2"},
				"south": {"uv": [8.25, 6, 8.5, 6.3125], "texture": "#2"},
				"west": {"uv": [4.875, 8.75, 4.75, 9.0625], "texture": "#2"},
				"up": {"uv": [9.25, 3.375, 9, 3.25], "texture": "#2"},
				"down": {"uv": [3.75, 9, 3.5, 9.125], "texture": "#2"}
			}
		},
		{
			"from": [7.52063, 8.44856, 11.33938],
			"to": [8.49563, 9.81356, 11.89187],
			"rotation": {"angle": 0, "axis": "y", "origin": [8.65, 7.92856, 8]},
			"faces": {
				"north": {"uv": [8.25, 6.5, 8.5, 6.8125], "texture": "#2"},
				"east": {"uv": [5, 8.75, 5.125, 9.0625], "texture": "#2"},
				"south": {"uv": [8.25, 7, 8.5, 7.3125], "texture": "#2"},
				"west": {"uv": [5.125, 8.75, 5, 9.0625], "texture": "#2"},
				"up": {"uv": [4, 9.125, 3.75, 9], "texture": "#2"},
				"down": {"uv": [9.25, 3.75, 9, 3.875], "texture": "#2"}
			}
		},
		{
			"from": [7.52063, 8.64356, 6.69188],
			"to": [8.49563, 9.81356, 11.33937],
			"rotation": {"angle": 0, "axis": "y", "origin": [8.65, 7.92856, 8]},
			"faces": {
				"north": {"uv": [7.5, 8.25, 7.75, 8.5625], "texture": "#2"},
				"east": {"uv": [6.5, 3, 7.6875, 3.3125], "texture": "#2"},
				"south": {"uv": [8.25, 7.5, 8.5, 7.8125], "texture": "#2"},
				"west": {"uv": [7.6875, 3, 6.5, 3.3125], "texture": "#2"},
				"up": {"uv": [7, 5.6875, 6.75, 4.5], "texture": "#2"},
				"down": {"uv": [7, 5.75, 6.75, 6.9375], "texture": "#2"}
			}
		},
		{
			"from": [7.61813, 8.77356, 3.11688],
			"to": [8.39813, 10.36606, 6.69187],
			"rotation": {"angle": 0, "axis": "y", "origin": [8.65, 7.92856, 8]},
			"faces": {
				"north": {"uv": [2, 8.5, 2.1875, 8.875], "texture": "#2"},
				"east": {"uv": [4.75, 6.5, 5.625, 6.875], "texture": "#2"},
				"south": {"uv": [2.25, 8.5, 2.4375, 8.875], "texture": "#2"},
				"west": {"uv": [5.625, 6.5, 4.75, 6.875], "texture": "#2"},
				"up": {"uv": [5.6875, 8.125, 5.5, 7.25], "texture": "#2"},
				"down": {"uv": [5.9375, 7.25, 5.75, 8.125], "texture": "#2"}
			}
		},
		{
			"from": [7.68313, 8.96856, -3.57812],
			"to": [8.33313, 10.17106, 3.11687],
			"rotation": {"angle": 0, "axis": "y", "origin": [8.65, 7.92856, 8]},
			"faces": {
				"north": {"uv": [8.5, 5.5, 8.6875, 5.8125], "texture": "#2"},
				"east": {"uv": [0.75, 6.5, 2.4375, 6.8125], "texture": "#2"},
				"south": {"uv": [6, 8.5, 6.1875, 8.8125], "texture": "#2"},
				"west": {"uv": [2.4375, 6.5, 0.75, 6.8125], "texture": "#2"},
				"up": {"uv": [0.1875, 8.4375, 0, 6.75], "texture": "#2"},
				"down": {"uv": [0.4375, 6.75, 0.25, 8.4375], "texture": "#2"}
			}
		},
		{
			"from": [7.74813, 8.05856, 11.50188],
			"to": [8.26813, 8.44856, 11.72937],
			"rotation": {"angle": 0, "axis": "y", "origin": [8.65, 7.92856, 8]},
			"faces": {
				"north": {"uv": [8.25, 9.5, 8.3125, 9.625], "texture": "#2"},
				"east": {"uv": [8.25, 9.5, 8.3125, 9.625], "texture": "#2"},
				"south": {"uv": [8.25, 9.5, 8.3125, 9.625], "texture": "#2"},
				"west": {"uv": [8.3125, 9.5, 8.25, 9.625], "texture": "#2"},
				"up": {"uv": [8.25, 9.5, 8.3125, 9.625], "texture": "#2"},
				"down": {"uv": [8.25, 9.5, 8.3125, 9.625], "texture": "#2"}
			}
		},
		{
			"from": [7.74813, 7.86356, 10.36438],
			"to": [8.26813, 8.05856, 11.53437],
			"rotation": {"angle": 0, "axis": "y", "origin": [8.65, 7.92856, 8]},
			"faces": {
				"north": {"uv": [9.25, 4.5, 9.5625, 4.5625], "texture": "#2"},
				"east": {"uv": [9.25, 4.5, 9.5625, 4.5625], "texture": "#2"},
				"south": {"uv": [9.25, 4.5, 9.5625, 4.5625], "texture": "#2"},
				"west": {"uv": [9.5625, 4.5, 9.25, 4.5625], "texture": "#2"},
				"up": {"uv": [9.25, 4.5, 9.5625, 4.5625], "texture": "#2"},
				"down": {"uv": [9.25, 4.5, 9.5625, 4.5625], "texture": "#2"}
			}
		},
		{
			"from": [7.74813, 8.05856, 10.23438],
			"to": [8.26813, 8.64356, 10.46187],
			"rotation": {"angle": 0, "axis": "y", "origin": [8.65, 7.92856, 8]},
			"faces": {
				"north": {"uv": [9, 9.5, 9.0625, 9.625], "texture": "#2"},
				"east": {"uv": [9, 9.5, 9.0625, 9.625], "texture": "#2"},
				"south": {"uv": [9, 9.5, 9.0625, 9.625], "texture": "#2"},
				"west": {"uv": [9.0625, 9.5, 9, 9.625], "texture": "#2"},
				"up": {"uv": [9, 9.5, 9.0625, 9.625], "texture": "#2"},
				"down": {"uv": [9, 9.5, 9.0625, 9.625], "texture": "#2"}
			}
		},
		{
			"from": [7.74813, 8.22106, 11.01438],
			"to": [8.26813, 8.64356, 11.24187],
			"rotation": {"angle": 0, "axis": "y", "origin": [8.65, 7.92856, 8]},
			"faces": {
				"north": {"uv": [9.5, 9.5, 9.5625, 9.625], "texture": "#2"},
				"east": {"uv": [9.5, 9.5, 9.5625, 9.625], "texture": "#2"},
				"south": {"uv": [9.5, 9.5, 9.5625, 9.625], "texture": "#2"},
				"west": {"uv": [9.5625, 9.5, 9.5, 9.625], "texture": "#2"},
				"up": {"uv": [9.5, 9.5, 9.5625, 9.625], "texture": "#2"},
				"down": {"uv": [9.5, 9.5, 9.5625, 9.625], "texture": "#2"}
			}
		},
		{
			"from": [7.74813, 8.15606, 10.72188],
			"to": [8.26813, 8.35106, 11.01437],
			"rotation": {"angle": 0, "axis": "y", "origin": [8.65, 7.92856, 8]},
			"faces": {
				"north": {"uv": [9.75, 1.75, 9.8125, 1.8125], "texture": "#2"},
				"east": {"uv": [9.75, 1.75, 9.8125, 1.8125], "texture": "#2"},
				"south": {"uv": [9.75, 1.75, 9.8125, 1.8125], "texture": "#2"},
				"west": {"uv": [9.8125, 1.75, 9.75, 1.8125], "texture": "#2"},
				"up": {"uv": [9.75, 1.75, 9.8125, 1.8125], "texture": "#2"},
				"down": {"uv": [9.75, 1.75, 9.8125, 1.8125], "texture": "#2"}
			}
		},
		{
			"from": [8.26812, 9.94356, 11.72938],
			"to": [9.21062, 10.23606, 12.15188],
			"rotation": {"angle": 0, "axis": "y", "origin": [8.65, 10.08981, 10.73813]},
			"faces": {
				"north": {"uv": [9.5, 5.75, 9.75, 5.8125], "texture": "#2"},
				"east": {"uv": [9.5, 5.75, 9.75, 5.8125], "texture": "#2"},
				"south": {"uv": [9.5, 5.75, 9.75, 5.8125], "texture": "#2"},
				"west": {"uv": [9.75, 5.75, 9.5, 5.8125], "texture": "#2"},
				"up": {"uv": [9.5, 5.75, 9.75, 5.8125], "texture": "#2"},
				"down": {"uv": [9.5, 5.75, 9.75, 5.8125], "texture": "#2"}
			}
		},
		{
			"from": [9.21062, 9.87856, 11.66438],
			"to": [9.37312, 10.30106, 12.21688],
			"rotation": {"angle": 0, "axis": "y", "origin": [8.65, 10.08981, 10.73813]},
			"faces": {
				"north": {"uv": [6, 9.5, 6.125, 9.625], "texture": "#2"},
				"east": {"uv": [6, 9.5, 6.125, 9.625], "texture": "#2"},
				"south": {"uv": [6, 9.5, 6.125, 9.625], "texture": "#2"},
				"west": {"uv": [6.125, 9.5, 6, 9.625], "texture": "#2"},
				"up": {"uv": [6, 9.5, 6.125, 9.625], "texture": "#2"},
				"down": {"uv": [6, 9.5, 6.125, 9.625], "texture": "#2"}
			}
		},
		{
			"from": [7.74813, 9.81356, 6.69188],
			"to": [8.26813, 10.36606, 12.37938],
			"rotation": {"angle": 0, "axis": "y", "origin": [8.65, 10.08981, 10.73813]},
			"faces": {
				"north": {"uv": [9.625, 6.25, 9.5, 6.375], "texture": "#2"},
				"east": {"uv": [7.25, 1.5, 8.6875, 1.625], "texture": "#2"},
				"south": {"uv": [9.5, 6.25, 9.625, 6.375], "texture": "#2"},
				"west": {"uv": [8.6875, 1.5, 7.25, 1.625], "texture": "#2"},
				"up": {"uv": [4.875, 8.6875, 4.75, 7.25], "texture": "#2"},
				"down": {"uv": [4.875, 7.25, 4.75, 8.6875], "texture": "#2"}
			}
		},
		{
			"from": [7.68313, 9.52106, -9.20062],
			"to": [8.33313, 10.17106, -3.57813],
			"rotation": {"angle": 0, "axis": "y", "origin": [8.65, 7.92856, 8]},
			"faces": {
				"north": {"uv": [5.75, 8.75, 5.9375, 8.9375], "texture": "#2"},
				"east": {"uv": [6.75, 0.5, 8.125, 0.6875], "texture": "#2"},
				"south": {"uv": [5.75, 8.75, 5.9375, 8.9375], "texture": "#2"},
				"west": {"uv": [8.125, 0.5, 6.75, 0.6875], "texture": "#2"},
				"up": {"uv": [8.125, 0.6875, 6.75, 0.5], "rotation": 90, "texture": "#2"},
				"down": {"uv": [6.75, 0.6875, 8.125, 0.5], "rotation": 90, "texture": "#2"}
			}
		},
		{
			"from": [7.61813, 9.81356, 6.69188],
			"to": [8.39813, 10.59356, 11.33937],
			"rotation": {"angle": 0, "axis": "y", "origin": [8.65, 7.92856, 8]},
			"faces": {
				"north": {"uv": [8.75, 8.5, 8.9375, 8.6875], "texture": "#2"},
				"east": {"uv": [4.75, 7, 5.9375, 7.1875], "texture": "#2"},
				"south": {"uv": [8.75, 8.75, 8.9375, 8.9375], "texture": "#2"},
				"west": {"uv": [5.9375, 7, 4.75, 7.1875], "texture": "#2"},
				"up": {"uv": [3.9375, 8.1875, 3.75, 7], "texture": "#2"},
				"down": {"uv": [4.1875, 7, 4, 8.1875], "texture": "#2"}
			}
		},
		{
			"from": [7.3875, 7.87694, 2.03355],
			"to": [8.6125, 8.97694, 3.13355],
			"rotation": {"angle": 0, "axis": "y", "origin": [7.9875, 5.26454, 2.58355]},
			"faces": {
				"north": {"uv": [0.75, 8.5, 1.0625, 8.75], "texture": "#2"},
				"east": {"uv": [4.25, 8.5, 4.5, 8.75], "texture": "#2"},
				"south": {"uv": [8.5, 0.75, 8.8125, 1], "texture": "#2"},
				"west": {"uv": [4.5, 8.5, 4.75, 8.75], "texture": "#2"},
				"up": {"uv": [8.8125, 1.25, 8.5, 1], "texture": "#2"},
				"down": {"uv": [1.5625, 8.5, 1.25, 8.75], "texture": "#2"}
			}
		},
		{
			"from": [6.4398, 3.59887, 2.33355],
			"to": [6.9398, 8.19887, 2.83355],
			"rotation": {"angle": -22.5, "axis": "z", "origin": [8, 5.26454, 2.58355]},
			"faces": {
				"north": {"uv": [7.75, 5, 7.875, 6.125], "texture": "#2"},
				"east": {"uv": [6.25, 7.75, 6.375, 8.875], "texture": "#2"},
				"south": {"uv": [7.75, 6.25, 7.875, 7.375], "texture": "#2"},
				"west": {"uv": [6.5, 7.75, 6.625, 8.875], "texture": "#2"},
				"up": {"uv": [7.125, 9.625, 7, 9.5], "texture": "#2"},
				"down": {"uv": [9.625, 7, 9.5, 7.125], "texture": "#2"}
			}
		},
		{
			"from": [9.0602, 3.59887, 2.33355],
			"to": [9.5602, 8.19887, 2.83355],
			"rotation": {"angle": 22.5, "axis": "z", "origin": [8, 5.26454, 2.58355]},
			"faces": {
				"north": {"uv": [6.75, 7.75, 6.875, 8.875], "texture": "#2"},
				"east": {"uv": [7, 7.75, 7.125, 8.875], "texture": "#2"},
				"south": {"uv": [7.75, 7.5, 7.875, 8.625], "texture": "#2"},
				"west": {"uv": [0.5, 8, 0.625, 9.125], "texture": "#2"},
				"up": {"uv": [7.375, 9.625, 7.25, 9.5], "texture": "#2"},
				"down": {"uv": [9.625, 7.25, 9.5, 7.375], "texture": "#2"}
			}
		},
		{
			"from": [6.2398, 2.99887, 2.13355],
			"to": [7.1398, 3.59887, 3.03355],
			"rotation": {"angle": -22.5, "axis": "z", "origin": [8, 5.26454, 2.58355]},
			"faces": {
				"north": {"uv": [5.75, 9, 6, 9.125], "texture": "#2"},
				"east": {"uv": [9, 5.75, 9.25, 5.875], "texture": "#2"},
				"south": {"uv": [6, 9, 6.25, 9.125], "texture": "#2"},
				"west": {"uv": [9, 6, 9.25, 6.125], "texture": "#2"},
				"up": {"uv": [8.75, 4.75, 8.5, 4.5], "texture": "#2"},
				"down": {"uv": [8.75, 4.75, 8.5, 5], "texture": "#2"}
			}
		},
		{
			"from": [8.8602, 2.99887, 2.13355],
			"to": [9.7602, 3.59887, 3.03355],
			"rotation": {"angle": 22.5, "axis": "z", "origin": [8, 5.26454, 2.58355]},
			"faces": {
				"north": {"uv": [6.25, 9, 6.5, 9.125], "texture": "#2"},
				"east": {"uv": [9, 6.25, 9.25, 6.375], "texture": "#2"},
				"south": {"uv": [6.5, 9, 6.75, 9.125], "texture": "#2"},
				"west": {"uv": [6.75, 9, 7, 9.125], "texture": "#2"},
				"up": {"uv": [8.75, 5.25, 8.5, 5], "texture": "#2"},
				"down": {"uv": [5.5, 8.5, 5.25, 8.75], "texture": "#2"}
			}
		},
		{
			"from": [7.45482, 10.82191, 10.83662],
			"to": [8.51513, 11.88221, 12.9495],
			"rotation": {"angle": 0, "axis": "y", "origin": [7.80703, 7.89477, 6.98015]},
			"faces": {
				"north": {"uv": [3.5, 8.5, 3.75, 8.75], "texture": "#2"},
				"east": {"uv": [7.25, 6.75, 7.75, 7], "texture": "#2"},
				"south": {"uv": [8.5, 4, 8.75, 4.25], "texture": "#2"},
				"west": {"uv": [7.5, 4.25, 8, 4.5], "texture": "#2"},
				"up": {"uv": [1.5, 8.5, 1.25, 8], "texture": "#2"},
				"down": {"uv": [1.75, 8, 1.5, 8.5], "texture": "#2"}
			}
		},
		{
			"from": [7.22082, 10.58061, 4.55649],
			"to": [8.74913, 12.13816, 6.40612],
			"rotation": {"angle": 0, "axis": "y", "origin": [7.80703, 7.89477, 6.98015]},
			"faces": {
				"north": {"uv": [7.5, 0, 7.875, 0.375], "texture": "#2"},
				"east": {"uv": [7.25, 2, 7.6875, 2.375], "texture": "#2"},
				"south": {"uv": [7.75, 3.75, 8.125, 4.125], "texture": "#2"},
				"west": {"uv": [7.25, 5.75, 7.6875, 6.125], "texture": "#2"},
				"up": {"uv": [7.625, 6.6875, 7.25, 6.25], "texture": "#2"},
				"down": {"uv": [7.125, 7.25, 6.75, 7.6875], "texture": "#2"}
			}
		},
		{
			"from": [7.30857, 10.92766, 8.2265],
			"to": [8.66138, 11.81246, 9.02312],
			"rotation": {"angle": 0, "axis": "y", "origin": [7.80703, 7.89477, 6.98015]},
			"faces": {
				"north": {"uv": [8, 8.25, 8.3125, 8.5], "texture": "#2"},
				"east": {"uv": [8.5, 8.25, 8.6875, 8.5], "texture": "#2"},
				"south": {"uv": [0, 8.5, 0.3125, 8.75], "texture": "#2"},
				"west": {"uv": [8.75, 1.5, 8.9375, 1.75], "texture": "#2"},
				"up": {"uv": [8.8125, 6.1875, 8.5, 6], "texture": "#2"},
				"down": {"uv": [8.8125, 6.25, 8.5, 6.4375], "texture": "#2"}
			}
		},
		{
			"from": [7.54257, 10.95691, 6.9395],
			"to": [8.42738, 11.75396, 10.83662],
			"rotation": {"angle": 0, "axis": "y", "origin": [7.80703, 7.89477, 6.98015]},
			"faces": {
				"north": {"uv": [1.75, 8.75, 2, 8.9375], "texture": "#2"},
				"east": {"uv": [6.75, 7, 7.75, 7.1875], "texture": "#2"},
				"south": {"uv": [8.75, 1.75, 9, 1.9375], "texture": "#2"},
				"west": {"uv": [7.25, 1.25, 8.25, 1.4375], "texture": "#2"},
				"up": {"uv": [3.5, 8, 3.25, 7], "texture": "#2"},
				"down": {"uv": [3.5, 8, 3.25, 7], "texture": "#2"}
			}
		},
		{
			"from": [7.54257, 11.81246, 8.25575],
			"to": [8.42738, 12.28776, 8.99387],
			"rotation": {"angle": 0, "axis": "y", "origin": [7.80703, 7.89477, 6.98015]},
			"faces": {
				"north": {"uv": [4.5, 9, 4.75, 9.125], "texture": "#2"},
				"east": {"uv": [1.75, 9.25, 1.9375, 9.375], "texture": "#2"},
				"south": {"uv": [9, 4.75, 9.25, 4.875], "texture": "#2"},
				"west": {"uv": [2, 9.25, 2.1875, 9.375], "texture": "#2"},
				"up": {"uv": [2.75, 8.9375, 2.5, 8.75], "texture": "#2"},
				"down": {"uv": [9, 3, 8.75, 3.1875], "texture": "#2"}
			}
		},
		{
			"from": [7.33782, 10.82191, 6.40612],
			"to": [8.63213, 11.88221, 6.9395],
			"rotation": {"angle": 0, "axis": "y", "origin": [7.80703, 7.89477, 6.98015]},
			"faces": {
				"north": {"uv": [8.5, 0, 8.8125, 0.25], "texture": "#2"},
				"east": {"uv": [9, 5, 9.125, 5.25], "texture": "#2"},
				"south": {"uv": [8.5, 0.25, 8.8125, 0.5], "texture": "#2"},
				"west": {"uv": [9, 5.5, 9.125, 5.75], "texture": "#2"},
				"up": {"uv": [7.5625, 8.875, 7.25, 8.75], "texture": "#2"},
				"down": {"uv": [9.0625, 7.5, 8.75, 7.625], "texture": "#2"}
			}
		},
		{
			"from": [7.77657, 10.58061, 7.20275],
			"to": [8.19338, 10.95691, 7.99937],
			"rotation": {"angle": 0, "axis": "y", "origin": [7.80703, 7.89477, 6.98015]},
			"faces": {
				"north": {"uv": [6.5, 9.5, 6.625, 9.625], "texture": "#2"},
				"east": {"uv": [2.25, 9.25, 2.4375, 9.375], "texture": "#2"},
				"south": {"uv": [9.5, 6.5, 9.625, 6.625], "texture": "#2"},
				"west": {"uv": [2.5, 9.25, 2.6875, 9.375], "texture": "#2"},
				"up": {"uv": [2.875, 9.4375, 2.75, 9.25], "texture": "#2"},
				"down": {"uv": [3.125, 9.25, 3, 9.4375], "texture": "#2"}
			}
		},
		{
			"from": [7.77657, 10.58061, 9.54275],
			"to": [8.19338, 10.95691, 10.33937],
			"rotation": {"angle": 0, "axis": "y", "origin": [7.80703, 7.89477, 6.98015]},
			"faces": {
				"north": {"uv": [6.75, 9.5, 6.875, 9.625], "texture": "#2"},
				"east": {"uv": [9.25, 3, 9.4375, 3.125], "texture": "#2"},
				"south": {"uv": [9.5, 6.75, 9.625, 6.875], "texture": "#2"},
				"west": {"uv": [3.25, 9.25, 3.4375, 9.375], "texture": "#2"},
				"up": {"uv": [9.375, 3.4375, 9.25, 3.25], "texture": "#2"},
				"down": {"uv": [3.625, 9.25, 3.5, 9.4375], "texture": "#2"}
			}
		}
	],
	"display": {
		"thirdperson_righthand": {
			"rotation": [67.5, 0, 0],
			"translation": [-1.75, 4.75, -1]
		},
		"thirdperson_lefthand": {
			"rotation": [67.5, 0, 0],
			"translation": [-1.75, 4.75, -1]
		},
		"firstperson_righthand": {
			"translation": [-1, 0.25, -7.5],
			"scale": [2, 2, 2]
		},
		"firstperson_lefthand": {
			"translation": [-1, 0.25, -7.5],
			"scale": [2, 2, 2]
		},
		"ground": {
			"translation": [0, 1, 0]
		},
		"gui": {
			"rotation": [163.3, -47.2, -178],
			"translation": [-0.5, 0, 0],
			"scale": [0.6, 0.6, 0.6]
		},
		"fixed": {
			"rotation": [0, 90, 0],
			"translation": [0, 0, -0.5],
			"scale": [2, 2, 2]
		}
	},
	"groups": [
		{
			"name": "duster",
			"origin": [6.96813, 8.54606, 2.92187],
			"color": 0,
			"children": [
				{
					"name": "wood",
					"origin": [7.76813, 8.74606, 4.97187],
					"color": 0,
					"children": [
						{
							"name": "stock",
							"origin": [7.76813, 8.74606, 4.97187],
							"color": 0,
							"children": [
								0,
								1,
								2,
								3,
								4,
								5,
								6,
								7,
								8,
								9,
								10,
								11,
								12,
								13,
								14,
								15,
								16,
								17,
								{
									"name": "stock_metal",
									"origin": [7.76813, 8.74606, 4.97187],
									"color": 0,
									"children": [18, 19]
								}
							]
						},
						{
							"name": "handle",
							"origin": [7.76813, 8.74606, 4.97187],
							"color": 0,
							"children": [20, 21, 22, 23, 24, 25, 26, 27, 28, 29, 30, 31]
						},
						{
							"name": "body",
							"origin": [7.76813, 8.74606, 4.97187],
							"color": 0,
							"children": [32, 33, 34]
						}
					]
				},
				{
					"name": "metal",
					"origin": [7.76813, 8.74606, 4.97187],
					"color": 0,
					"children": [
						{
							"name": "trigger",
							"origin": [7.76813, 8.74606, 4.97187],
							"color": 0,
							"children": [35, 36, 37, 38, 39]
						},
						{
							"name": "bolt",
							"origin": [7.76813, 8.74606, 4.97187],
							"color": 0,
							"children": [40, 41, 42]
						},
						{
							"name": "barrel",
							"origin": [7.76813, 8.54606, 7.46562],
							"color": 0,
							"children": [43]
						},
						{
							"name": "body",
							"origin": [7.76813, 9.64606, 4.97187],
							"color": 0,
							"children": [44]
						}
					]
				},
				{
					"name": "attachments",
					"origin": [8.65, 7.9625, 8],
					"color": 0,
					"children": [
						{
							"name": "bipod",
							"origin": [8.46661, 9.6359, -5.9],
							"color": 9,
							"children": [45, 46, 47, 48, 49]
						},
						{
							"name": "scope",
							"origin": [12.66101, 6.43725, 7.1628],
							"color": 0,
							"children": [
								{
									"name": "scope",
									"origin": [10.88121, 9.25733, 14.21634],
									"color": 0,
									"children": [
										50,
										51,
										{
											"name": "scope_frame",
											"origin": [10.34065, 8.52388, 9.87638],
											"color": 0,
											"children": [52, 53, 54, 55]
										}
									]
								},
								{
									"name": "scope_base",
									"origin": [10.88121, 9.05109, 9.94722],
									"color": 0,
									"children": [56, 57]
								}
							]
						}
					]
				}
			]
		}
	]
}