{
	"credit": "Made with Blockbench",
	"textures": {
		"0": "aoa3:item/erebon_stickler",
		"2": "aoa3:item/erebon_stickler_laser",
		"3": "aoa3:item/laser_sight",
		"4": "aoa3:item/holo_sight",
		"particle": "aoa3:item/erebon_stickler"
	},
	"elements": [
		{
			"from": [7, 7.93972, -1.63822],
			"to": [9, 9.93972, 5.9661],
			"rotation": {"angle": 0, "axis": "y", "origin": [7.66545, 8.80397, 2.71394]},
			"faces": {
				"north": {"uv": [9.25, 7.75, 9.75, 8.25], "texture": "#0"},
				"east": {"uv": [1.875, 3, 0, 3.5], "texture": "#0"},
				"south": {"uv": [9.25, 7.75, 9.75, 8.25], "texture": "#0"},
				"west": {"uv": [0, 3, 1.875, 3.5], "texture": "#0"},
				"up": {"uv": [2.5, 4.875, 2, 3], "texture": "#0"},
				"down": {"uv": [3, 3, 2.5, 4.875], "texture": "#0"}
			}
		},
		{
			"from": [7.5, 9.93972, -1.03822],
			"to": [7.7, 10.43972, -0.6339],
			"rotation": {"angle": 0, "axis": "y", "origin": [7.66545, 10.80397, 2.71394]},
			"faces": {
				"north": {"uv": [2.75, 12, 2.8125, 12.125], "texture": "#0"},
				"east": {"uv": [7.75, 11.5, 7.875, 11.625], "texture": "#0"},
				"south": {"uv": [12, 2.75, 12.0625, 2.875], "texture": "#0"},
				"west": {"uv": [8.25, 11.5, 8.375, 11.625], "texture": "#0"},
				"up": {"uv": [3.0625, 12.125, 3, 12], "texture": "#0"},
				"down": {"uv": [12.0625, 3, 12, 3.125], "texture": "#0"}
			}
		},
		{
			"from": [8.3, 9.93972, -1.03822],
			"to": [8.5, 10.43972, -0.6339],
			"rotation": {"angle": 0, "axis": "y", "origin": [7.66545, 10.80397, 2.71394]},
			"faces": {
				"north": {"uv": [3.25, 12, 3.3125, 12.125], "texture": "#0"},
				"east": {"uv": [8.375, 11.5, 8.25, 11.625], "texture": "#0"},
				"south": {"uv": [12, 3.25, 12.0625, 3.375], "texture": "#0"},
				"west": {"uv": [11.5, 9, 11.625, 9.125], "texture": "#0"},
				"up": {"uv": [3.5625, 12.125, 3.5, 12], "texture": "#0"},
				"down": {"uv": [12.0625, 3.5, 12, 3.625], "texture": "#0"}
			}
		},
		{
			"from": [7.5, 9.93972, -0.63822],
			"to": [7.7, 10.43972, -0.2339],
			"rotation": {"angle": 0, "axis": "y", "origin": [7.66545, 10.80397, 2.71394]},
			"faces": {
				"north": {"uv": [3.75, 12, 3.8125, 12.125], "texture": "#0"},
				"east": {"uv": [11.625, 9.25, 11.5, 9.375], "texture": "#0"},
				"south": {"uv": [12, 3.75, 12.0625, 3.875], "texture": "#0"},
				"west": {"uv": [11.5, 9.25, 11.625, 9.375], "texture": "#0"},
				"up": {"uv": [4.0625, 12.125, 4, 12], "texture": "#0"},
				"down": {"uv": [12.0625, 4, 12, 4.125], "texture": "#0"}
			}
		},
		{
			"from": [8.3, 9.93972, -0.63822],
			"to": [8.5, 10.43972, -0.2339],
			"rotation": {"angle": 0, "axis": "y", "origin": [7.66545, 10.80397, 2.71394]},
			"faces": {
				"north": {"uv": [4.25, 12, 4.3125, 12.125], "texture": "#0"},
				"east": {"uv": [11.625, 9.25, 11.5, 9.375], "texture": "#0"},
				"south": {"uv": [12, 4.25, 12.0625, 4.375], "texture": "#0"},
				"west": {"uv": [11.5, 9.25, 11.625, 9.375], "texture": "#0"},
				"up": {"uv": [4.5625, 12.125, 4.5, 12], "texture": "#0"},
				"down": {"uv": [12.0625, 4.5, 12, 4.625], "texture": "#0"}
			}
		},
		{
			"from": [7.7, 9.93972, -1.03822],
			"to": [8.3, 10.13972, 0.0661],
			"rotation": {"angle": 0, "axis": "y", "origin": [7.66545, 10.80397, 2.71394]},
			"faces": {
				"north": {"uv": [4.75, 12, 4.875, 12.0625], "texture": "#0"},
				"east": {"uv": [10.5, 11.5, 10.75, 11.5625], "texture": "#0"},
				"south": {"uv": [12, 4.75, 12.125, 4.8125], "texture": "#0"},
				"west": {"uv": [11.5, 10.5, 11.75, 10.5625], "texture": "#0"},
				"up": {"uv": [9.375, 11.5, 9.25, 11.25], "texture": "#0"},
				"down": {"uv": [11.375, 9.25, 11.25, 9.5], "texture": "#0"}
			}
		},
		{
			"from": [7.8, 10.43972, -1.03822],
			"to": [8.2, 10.63972, -0.6339],
			"rotation": {"angle": 0, "axis": "y", "origin": [7.66545, 10.80397, 2.71394]},
			"faces": {
				"north": {"uv": [5, 12, 5.125, 12.0625], "texture": "#0"},
				"east": {"uv": [12, 5, 12.125, 5.0625], "texture": "#0"},
				"south": {"uv": [5.25, 12, 5.375, 12.0625], "texture": "#0"},
				"west": {"uv": [12, 5.25, 12.125, 5.3125], "texture": "#0"},
				"up": {"uv": [10.875, 11.625, 10.75, 11.5], "texture": "#0"},
				"down": {"uv": [11.125, 11.5, 11, 11.625], "texture": "#0"}
			}
		},
		{
			"from": [7.8, 10.93972, -1.03822],
			"to": [8.2, 11.13972, -0.6339],
			"rotation": {"angle": 0, "axis": "y", "origin": [7.66545, 10.80397, 2.71394]},
			"faces": {
				"north": {"uv": [5.5, 12, 5.625, 12.0625], "texture": "#0"},
				"east": {"uv": [12, 5.5, 12.125, 5.5625], "texture": "#0"},
				"south": {"uv": [5.75, 12, 5.875, 12.0625], "texture": "#0"},
				"west": {"uv": [12, 5.75, 12.125, 5.8125], "texture": "#0"},
				"up": {"uv": [11.375, 11.625, 11.25, 11.5], "texture": "#0"},
				"down": {"uv": [11.625, 11.5, 11.5, 11.625], "texture": "#0"}
			}
		},
		{
			"from": [7.8, 11.43972, -1.03822],
			"to": [8.2, 11.63972, -0.6339],
			"rotation": {"angle": 0, "axis": "y", "origin": [7.66545, 10.80397, 2.71394]},
			"faces": {
				"north": {"uv": [6, 12, 6.125, 12.0625], "texture": "#0"},
				"east": {"uv": [12, 6, 12.125, 6.0625], "texture": "#0"},
				"south": {"uv": [6.25, 12, 6.375, 12.0625], "texture": "#0"},
				"west": {"uv": [12, 6.25, 12.125, 6.3125], "texture": "#0"},
				"up": {"uv": [0.125, 11.875, 0, 11.75], "texture": "#0"},
				"down": {"uv": [0.375, 11.75, 0.25, 11.875], "texture": "#0"}
			}
		},
		{
			"from": [7.7, 11.93972, -1.03822],
			"to": [8.3, 12.13972, -0.6339],
			"rotation": {"angle": 0, "axis": "y", "origin": [7.66545, 10.80397, 2.71394]},
			"faces": {
				"north": {"uv": [6.5, 12, 6.625, 12.0625], "texture": "#0"},
				"east": {"uv": [12, 6.5, 12.125, 6.5625], "texture": "#0"},
				"south": {"uv": [6.75, 12, 6.875, 12.0625], "texture": "#0"},
				"west": {"uv": [12, 6.75, 12.125, 6.8125], "texture": "#0"},
				"up": {"uv": [0.625, 11.875, 0.5, 11.75], "texture": "#0"},
				"down": {"uv": [0.875, 11.75, 0.75, 11.875], "texture": "#0"}
			}
		},
		{
			"from": [8.2, 10.13972, -1.03822],
			"to": [8.3, 11.93972, -0.6339],
			"rotation": {"angle": 0, "axis": "y", "origin": [7.66545, 10.80397, 2.71394]},
			"faces": {
				"north": {"uv": [11.5, 1.75, 11.5625, 2.1875], "texture": "#0"},
				"east": {"uv": [3.25, 11, 3.375, 11.4375], "texture": "#0"},
				"south": {"uv": [11.5, 2.25, 11.5625, 2.6875], "texture": "#0"},
				"west": {"uv": [11, 5.25, 11.125, 5.6875], "texture": "#0"},
				"up": {"uv": [7.0625, 12.125, 7, 12], "texture": "#0"},
				"down": {"uv": [12.0625, 7, 12, 7.125], "texture": "#0"}
			}
		},
		{
			"from": [7.7, 10.13972, -1.03822],
			"to": [7.8, 11.93972, -0.6339],
			"rotation": {"angle": 0, "axis": "y", "origin": [7.66545, 10.80397, 2.71394]},
			"faces": {
				"north": {"uv": [2.5, 11.5, 2.5625, 11.9375], "texture": "#0"},
				"east": {"uv": [5.75, 11, 5.875, 11.4375], "texture": "#0"},
				"south": {"uv": [2.75, 11.5, 2.8125, 11.9375], "texture": "#0"},
				"west": {"uv": [6.25, 11, 6.375, 11.4375], "texture": "#0"},
				"up": {"uv": [7.3125, 12.125, 7.25, 12], "texture": "#0"},
				"down": {"uv": [12.0625, 7.25, 12, 7.375], "texture": "#0"}
			}
		},
		{
			"from": [7.3, 8.77278, 12.96106],
			"to": [8.7, 9.82278, 14.06106],
			"rotation": {"angle": 0, "axis": "y", "origin": [8, 4.07903, 10.61106]},
			"faces": {
				"north": {"uv": [10.5, 2.75, 10.875, 3], "texture": "#0"},
				"east": {"uv": [6.75, 3.75, 6.5, 4], "texture": "#0"},
				"south": {"uv": [10.5, 3, 10.875, 3.25], "texture": "#0"},
				"west": {"uv": [6.5, 3.75, 6.75, 4], "texture": "#0"},
				"up": {"uv": [3.625, 10.75, 3.25, 10.5], "texture": "#0"},
				"down": {"uv": [10.875, 3.25, 10.5, 3.5], "texture": "#0"}
			}
		},
		{
			"from": [7.3, 6.47278, 10.46106],
			"to": [8.7, 8.77278, 14.06106],
			"rotation": {"angle": 0, "axis": "y", "origin": [8, 6.77903, 10.61106]},
			"faces": {
				"north": {"uv": [0, 9.75, 0.375, 10.3125], "texture": "#0"},
				"east": {"uv": [7.875, 1.25, 7, 1.8125], "texture": "#0"},
				"south": {"uv": [2.25, 9.75, 2.625, 10.3125], "texture": "#0"},
				"west": {"uv": [7, 1.25, 7.875, 1.8125], "texture": "#0"},
				"up": {"uv": [2.125, 10.125, 1.75, 9.25], "texture": "#0"},
				"down": {"uv": [6.125, 9.25, 5.75, 10.125], "texture": "#0"}
			}
		},
		{
			"from": [6.5, 8.33972, 1.36178],
			"to": [9.5, 10.33972, 5.2411],
			"rotation": {"angle": 0, "axis": "y", "origin": [7.66545, 8.80397, 2.71394]},
			"faces": {
				"north": {"uv": [9, 8.25, 9.75, 8.75], "texture": "#0"},
				"east": {"uv": [6.25, 4.75, 5.25, 5.25], "texture": "#0"},
				"south": {"uv": [1, 9.25, 1.75, 9.75], "texture": "#0"},
				"west": {"uv": [5.25, 4.75, 6.25, 5.25], "texture": "#0"},
				"up": {"uv": [2.5, 6, 1.75, 5], "texture": "#0"},
				"down": {"uv": [3.25, 5, 2.5, 6], "texture": "#0"}
			}
		},
		{
			"from": [6.9, 9.78972, 5.2411],
			"to": [9.1, 10.33972, 11.17041],
			"rotation": {"angle": 0, "axis": "y", "origin": [7.66545, 8.80397, 2.09325]},
			"faces": {
				"north": {"uv": [9, 10.75, 9.5625, 10.875], "texture": "#0"},
				"east": {"uv": [11.25, 5, 9.75, 5.125], "texture": "#0"},
				"south": {"uv": [10.25, 10.75, 10.8125, 10.875], "texture": "#0"},
				"west": {"uv": [9.75, 5, 11.25, 5.125], "texture": "#0"},
				"up": {"uv": [5.3125, 3, 4.75, 1.5], "texture": "#0"},
				"down": {"uv": [1.5625, 5, 1, 6.5], "texture": "#0"}
			}
		},
		{
			"from": [6.5, 7.93972, 11.16178],
			"to": [9.5, 10.33972, 12.3411],
			"rotation": {"angle": 0, "axis": "y", "origin": [7.66545, 8.80397, 2.71394]},
			"faces": {
				"north": {"uv": [7, 5.5, 7.75, 6.125], "texture": "#0"},
				"east": {"uv": [4.8125, 9.75, 4.5, 10.375], "texture": "#0"},
				"south": {"uv": [6.25, 7, 7, 7.625], "texture": "#0"},
				"west": {"uv": [4.5, 9.75, 4.8125, 10.375], "texture": "#0"},
				"up": {"uv": [10.5, 0.3125, 9.75, 0], "texture": "#0"},
				"down": {"uv": [1.75, 9.75, 1, 10.0625], "texture": "#0"}
			}
		},
		{
			"from": [6.5, 7.23972, 11.16178],
			"to": [9.5, 7.93972, 11.8411],
			"rotation": {"angle": 0, "axis": "y", "origin": [7.66545, 9.30397, 2.71394]},
			"faces": {
				"north": {"uv": [6.75, 4.5, 7.5, 4.6875], "texture": "#0"},
				"east": {"uv": [11.4375, 4.5, 11.25, 4.6875], "texture": "#0"},
				"south": {"uv": [7, 2, 7.75, 2.1875], "texture": "#0"},
				"west": {"uv": [11.25, 4.5, 11.4375, 4.6875], "texture": "#0"},
				"up": {"uv": [8.5, 3.6875, 7.75, 3.5], "texture": "#0"},
				"down": {"uv": [1.5, 8, 0.75, 8.1875], "texture": "#0"}
			}
		},
		{
			"from": [7.2, 10.33972, 10.86178],
			"to": [7.6, 11.43972, 12.3411],
			"rotation": {"angle": 0, "axis": "y", "origin": [7.66545, 8.80397, 2.71394]},
			"faces": {
				"north": {"uv": [10, 11.25, 10.125, 11.5], "texture": "#0"},
				"east": {"uv": [5.375, 10.5, 5, 10.75], "texture": "#0"},
				"south": {"uv": [10.25, 11.25, 10.375, 11.5], "texture": "#0"},
				"west": {"uv": [5, 10.5, 5.375, 10.75], "texture": "#0"},
				"up": {"uv": [11.375, 1.625, 11.25, 1.25], "texture": "#0"},
				"down": {"uv": [11.375, 2.75, 11.25, 3.125], "texture": "#0"}
			}
		},
		{
			"from": [8.4, 10.33972, 10.86178],
			"to": [8.8, 11.43972, 12.3411],
			"rotation": {"angle": 0, "axis": "y", "origin": [7.66545, 8.80397, 2.71394]},
			"faces": {
				"north": {"uv": [10.5, 11.25, 10.625, 11.5], "texture": "#0"},
				"east": {"uv": [5.375, 10.5, 5, 10.75], "texture": "#0"},
				"south": {"uv": [11.25, 10.5, 11.375, 10.75], "texture": "#0"},
				"west": {"uv": [5, 10.5, 5.375, 10.75], "texture": "#0"},
				"up": {"uv": [3.625, 11.625, 3.5, 11.25], "texture": "#0"},
				"down": {"uv": [11.375, 3.5, 11.25, 3.875], "texture": "#0"}
			}
		},
		{
			"from": [6.5, 7.53972, 2.36178],
			"to": [9.5, 7.93972, 5.2411],
			"rotation": {"angle": 0, "axis": "y", "origin": [7.66545, 6.40397, 2.71394]},
			"faces": {
				"north": {"uv": [10.5, 5.75, 11.25, 5.875], "texture": "#0"},
				"east": {"uv": [7.75, 10.5, 7, 10.625], "texture": "#0"},
				"south": {"uv": [6.25, 10.5, 7, 10.625], "texture": "#0"},
				"west": {"uv": [7, 10.5, 7.75, 10.625], "texture": "#0"},
				"up": {"uv": [7.5, 4.5, 6.75, 3.75], "texture": "#0"},
				"down": {"uv": [4.75, 6.75, 4, 7.5], "texture": "#0"}
			}
		},
		{
			"from": [6.5, 7.13972, 2.86178],
			"to": [9.5, 7.53972, 5.2411],
			"rotation": {"angle": 0, "axis": "y", "origin": [7.66545, 6.00397, 2.71394]},
			"faces": {
				"north": {"uv": [7.75, 10.5, 8.5, 10.625], "texture": "#0"},
				"east": {"uv": [8.125, 10.75, 7.5, 10.875], "texture": "#0"},
				"south": {"uv": [10.5, 8.5, 11.25, 8.625], "texture": "#0"},
				"west": {"uv": [7.5, 10.75, 8.125, 10.875], "texture": "#0"},
				"up": {"uv": [7.75, 6.875, 7, 6.25], "texture": "#0"},
				"down": {"uv": [7.75, 7, 7, 7.625], "texture": "#0"}
			}
		},
		{
			"from": [6.5, 6.76472, 3.36178],
			"to": [9.5, 7.13972, 5.2411],
			"rotation": {"angle": 0, "axis": "y", "origin": [7.66545, 5.60397, 2.71394]},
			"faces": {
				"north": {"uv": [10.5, 8.75, 11.25, 8.875], "texture": "#0"},
				"east": {"uv": [1, 11, 0.5, 11.125], "texture": "#0"},
				"south": {"uv": [9, 10.5, 9.75, 10.625], "texture": "#0"},
				"west": {"uv": [0.5, 11, 1, 11.125], "texture": "#0"},
				"up": {"uv": [10, 3.5, 9.25, 3], "texture": "#0"},
				"down": {"uv": [5.75, 9.25, 5, 9.75], "texture": "#0"}
			}
		},
		{
			"from": [6.5, 7.93972, 1.86178],
			"to": [9.5, 8.33972, 5.2411],
			"rotation": {"angle": 0, "axis": "y", "origin": [7.66545, 8.80397, 2.71394]},
			"faces": {
				"north": {"uv": [10.5, 9, 11.25, 9.125], "texture": "#0"},
				"east": {"uv": [11.125, 4.5, 10.25, 4.625], "texture": "#0"},
				"south": {"uv": [10.5, 9.25, 11.25, 9.375], "texture": "#0"},
				"west": {"uv": [10.25, 4.5, 11.125, 4.625], "texture": "#0"},
				"up": {"uv": [2.25, 7.625, 1.5, 6.75], "texture": "#0"},
				"down": {"uv": [3, 6.75, 2.25, 7.625], "texture": "#0"}
			}
		},
		{
			"from": [7.3, 8.77278, 12.33606],
			"to": [8.7, 9.82278, 12.96106],
			"rotation": {"angle": 0, "axis": "y", "origin": [8, 4.07903, 9.51106]},
			"faces": {
				"north": {"uv": [10.5, 9.5, 10.875, 9.75], "texture": "#0"},
				"east": {"uv": [8.6875, 3.5, 8.5, 3.75], "texture": "#0"},
				"south": {"uv": [10.5, 9.75, 10.875, 10], "texture": "#0"},
				"west": {"uv": [8.5, 3.5, 8.6875, 3.75], "texture": "#0"},
				"up": {"uv": [11.125, 10.6875, 10.75, 10.5], "texture": "#0"},
				"down": {"uv": [11.375, 0, 11, 0.1875], "texture": "#0"}
			}
		},
		{
			"from": [7.65, 10.68972, 4.1661],
			"to": [8.35, 10.88972, 4.82041],
			"rotation": {"angle": 0, "axis": "y", "origin": [7.66545, 7.90397, 2.09325]},
			"faces": {
				"north": {"uv": [11.75, 2.25, 11.9375, 2.3125], "texture": "#0"},
				"east": {"uv": [11.75, 2.5, 11.9375, 2.5625], "texture": "#0"},
				"south": {"uv": [11.75, 2.25, 11.9375, 2.3125], "texture": "#0"},
				"west": {"uv": [11.75, 2.5, 11.9375, 2.5625], "texture": "#0"},
				"up": {"uv": [4.9375, 11.4375, 4.75, 11.25], "texture": "#0"},
				"down": {"uv": [11.4375, 4.75, 11.25, 4.9375], "texture": "#0"}
			}
		},
		{
			"from": [7.65, 10.68972, 5.1661],
			"to": [8.35, 10.88972, 5.82041],
			"rotation": {"angle": 0, "axis": "y", "origin": [7.66545, 7.90397, 2.09325]},
			"faces": {
				"north": {"uv": [11.75, 2.25, 11.9375, 2.3125], "texture": "#0"},
				"east": {"uv": [11.75, 2.5, 11.9375, 2.5625], "texture": "#0"},
				"south": {"uv": [11.75, 2.25, 11.9375, 2.3125], "texture": "#0"},
				"west": {"uv": [11.75, 2.5, 11.9375, 2.5625], "texture": "#0"},
				"up": {"uv": [4.9375, 11.4375, 4.75, 11.25], "texture": "#0"},
				"down": {"uv": [11.4375, 5, 11.25, 5.1875], "texture": "#0"}
			}
		},
		{
			"from": [7.65, 10.68972, 6.1661],
			"to": [8.35, 10.88972, 6.82041],
			"rotation": {"angle": 0, "axis": "y", "origin": [7.66545, 7.90397, 2.09325]},
			"faces": {
				"north": {"uv": [11.75, 2.25, 11.9375, 2.3125], "texture": "#0"},
				"east": {"uv": [11.75, 2.5, 11.9375, 2.5625], "texture": "#0"},
				"south": {"uv": [11.75, 2.25, 11.9375, 2.3125], "texture": "#0"},
				"west": {"uv": [11.75, 2.5, 11.9375, 2.5625], "texture": "#0"},
				"up": {"uv": [4.9375, 11.4375, 4.75, 11.25], "texture": "#0"},
				"down": {"uv": [11.4375, 5.25, 11.25, 5.4375], "texture": "#0"}
			}
		},
		{
			"from": [7.65, 10.68972, 9.1661],
			"to": [8.35, 10.88972, 9.82041],
			"rotation": {"angle": 0, "axis": "y", "origin": [7.66545, 7.90397, 2.09325]},
			"faces": {
				"north": {"uv": [11.75, 2.25, 11.9375, 2.3125], "texture": "#0"},
				"east": {"uv": [11.75, 2.5, 11.9375, 2.5625], "texture": "#0"},
				"south": {"uv": [11.75, 2.25, 11.9375, 2.3125], "texture": "#0"},
				"west": {"uv": [11.75, 2.5, 11.9375, 2.5625], "texture": "#0"},
				"up": {"uv": [4.9375, 11.4375, 4.75, 11.25], "texture": "#0"},
				"down": {"uv": [6.1875, 11.25, 6, 11.4375], "texture": "#0"}
			}
		},
		{
			"from": [7.5, 10.33972, 3.5661],
			"to": [8.5, 10.68972, 10.42041],
			"rotation": {"angle": 0, "axis": "y", "origin": [7.66545, 8.35397, 2.09325]},
			"faces": {
				"north": {"uv": [1, 11.75, 1.25, 11.8125], "texture": "#0"},
				"east": {"uv": [10.25, 6.25, 11.9375, 6.3125], "texture": "#0"},
				"south": {"uv": [1.25, 11.75, 1.5, 11.8125], "texture": "#0"},
				"west": {"uv": [10.25, 6.5, 11.9375, 6.5625], "texture": "#0"},
				"up": {"uv": [0.75, 8.9375, 0.5, 7.25], "texture": "#0"},
				"down": {"uv": [6.25, 7.25, 6, 8.9375], "texture": "#0"}
			}
		},
		{
			"from": [7.65, 10.68972, 7.1661],
			"to": [8.35, 10.88972, 7.82041],
			"rotation": {"angle": 0, "axis": "y", "origin": [7.66545, 7.90397, 2.09325]},
			"faces": {
				"north": {"uv": [11.75, 2.25, 11.9375, 2.3125], "texture": "#0"},
				"east": {"uv": [11.75, 2.5, 11.9375, 2.5625], "texture": "#0"},
				"south": {"uv": [11.75, 2.25, 11.9375, 2.3125], "texture": "#0"},
				"west": {"uv": [11.75, 2.5, 11.9375, 2.5625], "texture": "#0"},
				"up": {"uv": [4.9375, 11.4375, 4.75, 11.25], "texture": "#0"},
				"down": {"uv": [11.4375, 5.25, 11.25, 5.4375], "texture": "#0"}
			}
		},
		{
			"from": [7.65, 10.68972, 8.1661],
			"to": [8.35, 10.88972, 8.82041],
			"rotation": {"angle": 0, "axis": "y", "origin": [7.66545, 7.90397, 2.09325]},
			"faces": {
				"north": {"uv": [11.75, 2.25, 11.9375, 2.3125], "texture": "#0"},
				"east": {"uv": [11.75, 2.5, 11.9375, 2.5625], "texture": "#0"},
				"south": {"uv": [11.75, 2.25, 11.9375, 2.3125], "texture": "#0"},
				"west": {"uv": [11.75, 2.5, 11.9375, 2.5625], "texture": "#0"},
				"up": {"uv": [4.9375, 11.4375, 4.75, 11.25], "texture": "#0"},
				"down": {"uv": [11.4375, 5.25, 11.25, 5.4375], "texture": "#0"}
			}
		},
		{
			"from": [5.91086, 6.31365, 6.46517],
			"to": [10.08936, 8.04455, 9.95254],
			"rotation": {"angle": 0, "axis": "y", "origin": [8, 7.17903, 9.96106]},
			"faces": {
				"north": {"uv": [4.75, 7.25, 5.8125, 7.6875], "texture": "#0"},
				"east": {"uv": [8.75, 4, 9.625, 4.4375], "texture": "#0"},
				"south": {"uv": [7.5, 3.75, 8.5625, 4.1875], "texture": "#0"},
				"west": {"uv": [7.75, 8.75, 8.625, 9.1875], "texture": "#0"},
				"up": {"uv": [4.0625, 3.875, 3, 3], "texture": "#0"},
				"down": {"uv": [1.0625, 3.5, 0, 4.375], "texture": "#0"}
			}
		},
		{
			"from": [5.91083, 6.31362, 6.4661],
			"to": [10.08933, 8.04452, 9.95029],
			"rotation": {"angle": -45, "axis": "z", "origin": [8, 7.17903, 9.96106]},
			"faces": {
				"north": {"uv": [7.5, 4.25, 8.5625, 4.6875], "texture": "#0"},
				"east": {"uv": [8.75, 8.75, 9.625, 9.1875], "texture": "#0"},
				"south": {"uv": [1.5, 7.75, 2.5625, 8.1875], "texture": "#0"},
				"west": {"uv": [9, 2, 9.875, 2.4375], "texture": "#0"},
				"up": {"uv": [4.5625, 0.875, 3.5, 0], "texture": "#0"},
				"down": {"uv": [4.5625, 1, 3.5, 1.875], "texture": "#0"}
			}
		},
		{
			"from": [5.91065, 6.31364, 6.46771],
			"to": [10.08915, 8.04454, 9.9519],
			"rotation": {"angle": 45, "axis": "z", "origin": [8, 7.17903, 9.96106]},
			"faces": {
				"north": {"uv": [7.75, 2, 8.8125, 2.4375], "texture": "#0"},
				"east": {"uv": [9, 2.5, 9.875, 2.9375], "texture": "#0"},
				"south": {"uv": [7.75, 2.5, 8.8125, 2.9375], "texture": "#0"},
				"west": {"uv": [2.75, 9, 3.625, 9.4375], "texture": "#0"},
				"up": {"uv": [4.0625, 4.875, 3, 4], "texture": "#0"},
				"down": {"uv": [5.3125, 3, 4.25, 3.875], "texture": "#0"}
			}
		},
		{
			"from": [7.13453, 5.08972, 6.46178],
			"to": [8.86543, 9.26822, 9.9661],
			"rotation": {"angle": 0, "axis": "y", "origin": [8, 7.17903, 9.96106]},
			"faces": {
				"north": {"uv": [0, 7.25, 0.4375, 8.3125], "texture": "#0"},
				"east": {"uv": [4.25, 4, 5.125, 5.0625], "texture": "#0"},
				"south": {"uv": [4, 7.5, 4.4375, 8.5625], "texture": "#0"},
				"west": {"uv": [0, 4.5, 0.875, 5.5625], "texture": "#0"},
				"up": {"uv": [4.9375, 9.625, 4.5, 8.75], "texture": "#0"},
				"down": {"uv": [0.9375, 9.25, 0.5, 10.125], "texture": "#0"}
			}
		},
		{
			"from": [5.51086, 6.51365, 6.46517],
			"to": [10.48936, 7.84455, 9.95254],
			"rotation": {"angle": 0, "axis": "y", "origin": [8, 7.17903, 9.96106]},
			"faces": {
				"north": {"uv": [8.25, 5.25, 9.5, 5.5625], "texture": "#0"},
				"east": {"uv": [9.25, 6.25, 10.125, 6.5625], "texture": "#0"},
				"south": {"uv": [7.75, 8.25, 9, 8.5625], "texture": "#0"},
				"west": {"uv": [9.25, 6.25, 10.125, 6.5625], "texture": "#0"},
				"up": {"uv": [0, 0.875, 1.25, 0], "texture": "#0"},
				"down": {"uv": [0, 0.875, 1.25, 0], "texture": "#0"}
			}
		},
		{
			"from": [5.51083, 6.51362, 6.4661],
			"to": [10.48933, 7.84452, 9.95029],
			"rotation": {"angle": -45, "axis": "z", "origin": [8, 7.17903, 9.96106]},
			"faces": {
				"north": {"uv": [8.5, 0, 9.75, 0.3125], "texture": "#0"},
				"east": {"uv": [9.25, 6.25, 10.125, 6.5625], "texture": "#0"},
				"south": {"uv": [2.75, 8.5, 4, 8.8125], "texture": "#0"},
				"west": {"uv": [9.25, 6.25, 10.125, 6.5625], "texture": "#0"},
				"up": {"uv": [0, 0.875, 1.25, 0], "texture": "#0"},
				"down": {"uv": [1.25, 0.875, 0, 0], "texture": "#0"}
			}
		},
		{
			"from": [5.51065, 6.51364, 6.46771],
			"to": [10.48915, 7.84454, 9.9519],
			"rotation": {"angle": 45, "axis": "z", "origin": [8, 7.17903, 9.96106]},
			"faces": {
				"north": {"uv": [0.75, 8.75, 2, 9.0625], "texture": "#0"},
				"east": {"uv": [9.25, 6.25, 10.125, 6.5625], "texture": "#0"},
				"south": {"uv": [8.75, 3.5, 10, 3.8125], "texture": "#0"},
				"west": {"uv": [9.25, 6.25, 10.125, 6.5625], "texture": "#0"},
				"up": {"uv": [0, 0.875, 1.25, 0], "texture": "#0"},
				"down": {"uv": [0, 0.875, 1.25, 0], "texture": "#0"}
			}
		},
		{
			"from": [7.33453, 4.68972, 6.46178],
			"to": [8.66543, 9.66822, 9.9661],
			"rotation": {"angle": 0, "axis": "y", "origin": [8, 7.17903, 9.96106]},
			"faces": {
				"north": {"uv": [0, 8.5, 0.3125, 9.75], "texture": "#0"},
				"east": {"uv": [0, 0.875, 1.25, 0], "rotation": 90, "texture": "#0"},
				"south": {"uv": [4, 8.75, 4.3125, 10], "texture": "#0"},
				"west": {"uv": [0, 0.875, 1.25, 0], "rotation": 90, "texture": "#0"},
				"up": {"uv": [9.25, 6.25, 10.125, 6.5625], "rotation": 90, "texture": "#0"},
				"down": {"uv": [9.25, 6.25, 10.125, 6.5625], "rotation": 90, "texture": "#0"}
			}
		},
		{
			"from": [5.38273, 6.09488, 9.93112],
			"to": [10.61755, 8.26335, 11.16346],
			"rotation": {"angle": 0, "axis": "y", "origin": [8, 7.17903, 10.55006]},
			"faces": {
				"north": {"uv": [1.75, 6, 3.0625, 6.5625], "texture": "#0"},
				"east": {"uv": [9.75, 9.5, 10.0625, 10.0625], "texture": "#0"},
				"south": {"uv": [3.0625, 6, 1.75, 6.5625], "texture": "#0"},
				"west": {"uv": [10.0625, 9.5, 9.75, 10.0625], "texture": "#0"},
				"up": {"uv": [9.0625, 3.3125, 7.75, 3], "texture": "#0"},
				"down": {"uv": [9.0625, 5.75, 7.75, 6.0625], "texture": "#0"}
			}
		},
		{
			"from": [5.38268, 6.09484, 9.93229],
			"to": [10.61751, 8.26331, 11.16064],
			"rotation": {"angle": -45, "axis": "z", "origin": [8, 7.17903, 10.55006]},
			"faces": {
				"north": {"uv": [4.75, 6, 6.0625, 6.5625], "texture": "#0"},
				"east": {"uv": [10, 2.75, 10.3125, 3.3125], "texture": "#0"},
				"south": {"uv": [6.0625, 6, 4.75, 6.5625], "texture": "#0"},
				"west": {"uv": [10.3125, 1.25, 10, 1.8125], "texture": "#0"},
				"up": {"uv": [7.5625, 8.0625, 6.25, 7.75], "texture": "#0"},
				"down": {"uv": [9.0625, 6.25, 7.75, 6.5625], "texture": "#0"}
			}
		},
		{
			"from": [5.38246, 6.09487, 9.93431],
			"to": [10.61729, 8.26334, 11.16266],
			"rotation": {"angle": 45, "axis": "z", "origin": [8, 7.17903, 10.55006]},
			"faces": {
				"north": {"uv": [6.25, 3, 7.5625, 3.5625], "texture": "#0"},
				"east": {"uv": [10, 1.25, 10.3125, 1.8125], "texture": "#0"},
				"south": {"uv": [7.5625, 3, 6.25, 3.5625], "texture": "#0"},
				"west": {"uv": [10.3125, 2.75, 10, 3.3125], "texture": "#0"},
				"up": {"uv": [9.0625, 7.0625, 7.75, 6.75], "texture": "#0"},
				"down": {"uv": [9.0625, 7.25, 7.75, 7.5625], "texture": "#0"}
			}
		},
		{
			"from": [6.91574, 4.56154, 9.92688],
			"to": [9.08422, 9.79637, 11.18045],
			"rotation": {"angle": 0, "axis": "y", "origin": [8, 7.17903, 10.55006]},
			"faces": {
				"north": {"uv": [6.25, 5.5, 6.8125, 6.8125], "texture": "#0"},
				"east": {"uv": [5, 7.75, 5.3125, 9.0625], "texture": "#0"},
				"south": {"uv": [6.8125, 5.5, 6.25, 6.8125], "texture": "#0"},
				"west": {"uv": [5.5, 7.75, 5.8125, 9.0625], "texture": "#0"},
				"up": {"uv": [3.8125, 10.3125, 3.25, 10], "texture": "#0"},
				"down": {"uv": [10.5625, 3.5, 10, 3.8125], "texture": "#0"}
			}
		},
		{
			"from": [5.38273, 6.09488, 5.25312],
			"to": [10.61755, 8.26335, 6.48546],
			"rotation": {"angle": 0, "axis": "y", "origin": [8, 7.17903, 5.87206]},
			"faces": {
				"north": {"uv": [1.75, 6, 3.0625, 6.5625], "texture": "#0"},
				"east": {"uv": [10.0625, 9.5, 9.75, 10.0625], "texture": "#0"},
				"south": {"uv": [3.0625, 6, 1.75, 6.5625], "texture": "#0"},
				"west": {"uv": [9.75, 9.5, 10.0625, 10.0625], "texture": "#0"},
				"up": {"uv": [9.0625, 8.0625, 7.75, 7.75], "texture": "#0"},
				"down": {"uv": [9.3125, 0.5, 8, 0.8125], "texture": "#0"}
			}
		},
		{
			"from": [5.38268, 6.09484, 5.25429],
			"to": [10.61751, 8.26331, 6.48264],
			"rotation": {"angle": -45, "axis": "z", "origin": [8, 7.17903, 5.87206]},
			"faces": {
				"north": {"uv": [4.75, 6, 6.0625, 6.5625], "texture": "#0"},
				"east": {"uv": [10.3125, 2.75, 10, 3.3125], "texture": "#0"},
				"south": {"uv": [6.0625, 6, 4.75, 6.5625], "texture": "#0"},
				"west": {"uv": [10, 1.25, 10.3125, 1.8125], "texture": "#0"},
				"up": {"uv": [9.3125, 1.3125, 8, 1], "texture": "#0"},
				"down": {"uv": [9.3125, 1.5, 8, 1.8125], "texture": "#0"}
			}
		},
		{
			"from": [5.38246, 6.09487, 5.25631],
			"to": [10.61729, 8.26334, 6.48466],
			"rotation": {"angle": 45, "axis": "z", "origin": [8, 7.17903, 5.87206]},
			"faces": {
				"north": {"uv": [6.25, 3, 7.5625, 3.5625], "texture": "#0"},
				"east": {"uv": [10.3125, 1.25, 10, 1.8125], "texture": "#0"},
				"south": {"uv": [7.5625, 3, 6.25, 3.5625], "texture": "#0"},
				"west": {"uv": [10, 2.75, 10.3125, 3.3125], "texture": "#0"},
				"up": {"uv": [2.0625, 8.5625, 0.75, 8.25], "texture": "#0"},
				"down": {"uv": [9.5625, 4.75, 8.25, 5.0625], "texture": "#0"}
			}
		},
		{
			"from": [6.91574, 4.56154, 5.24888],
			"to": [9.08422, 9.79637, 6.50245],
			"rotation": {"angle": 0, "axis": "y", "origin": [8, 7.17903, 5.87206]},
			"faces": {
				"north": {"uv": [6.25, 5.5, 6.8125, 6.8125], "texture": "#0"},
				"east": {"uv": [2.25, 8.25, 2.5625, 9.5625], "texture": "#0"},
				"south": {"uv": [6.8125, 5.5, 6.25, 6.8125], "texture": "#0"},
				"west": {"uv": [6.25, 8.25, 6.5625, 9.5625], "texture": "#0"},
				"up": {"uv": [3.8125, 10.3125, 3.25, 10], "texture": "#0"},
				"down": {"uv": [10.5625, 3.5, 10, 3.8125], "texture": "#0"}
			}
		},
		{
			"from": [7, 6.07278, 15.86106],
			"to": [9, 9.27278, 16.53606],
			"rotation": {"angle": 0, "axis": "y", "origin": [8, 6.37903, 10.58606]},
			"faces": {
				"north": {"uv": [6.75, 8.25, 7.25, 9.0625], "texture": "#0"},
				"east": {"uv": [5.6875, 9.75, 5.5, 10.5625], "texture": "#0"},
				"south": {"uv": [7.25, 8.25, 7.75, 9.0625], "texture": "#0"},
				"west": {"uv": [5.5, 9.75, 5.6875, 10.5625], "texture": "#0"},
				"up": {"uv": [11, 10.1875, 10.5, 10], "texture": "#0"},
				"down": {"uv": [10.75, 10.5, 10.25, 10.6875], "texture": "#0"}
			}
		},
		{
			"from": [7, 5.42278, 16.53606],
			"to": [9, 8.82278, 17.13606],
			"rotation": {"angle": 0, "axis": "y", "origin": [8, 6.92903, 10.28606]},
			"faces": {
				"north": {"uv": [4.5, 7.75, 5, 8.625], "texture": "#0"},
				"east": {"uv": [10.375, 5.25, 10.25, 6.125], "texture": "#0"},
				"south": {"uv": [7.75, 4.75, 8.25, 5.625], "texture": "#0"},
				"west": {"uv": [10.25, 5.25, 10.375, 6.125], "texture": "#0"},
				"up": {"uv": [11.5, 0.625, 11, 0.5], "texture": "#0"},
				"down": {"uv": [11.5, 0.75, 11, 0.875], "texture": "#0"}
			}
		},
		{
			"from": [7, 5.74778, 16.23606],
			"to": [9, 6.07278, 16.53606],
			"rotation": {"angle": 0, "axis": "y", "origin": [8, 6.65403, 8.38606]},
			"faces": {
				"north": {"uv": [10.75, 11.25, 11.25, 11.3125], "texture": "#0"},
				"east": {"uv": [10.5, 12, 10.5625, 12.0625], "texture": "#0"},
				"south": {"uv": [11.25, 11, 11.75, 11.0625], "texture": "#0"},
				"west": {"uv": [12, 10.5, 12.0625, 10.5625], "texture": "#0"},
				"up": {"uv": [11.75, 11.3125, 11.25, 11.25], "texture": "#0"},
				"down": {"uv": [0.5, 11.5, 0, 11.5625], "texture": "#0"}
			}
		},
		{
			"from": [7.6, 6.87278, 14.06106],
			"to": [8.4, 7.37278, 15.86106],
			"rotation": {"angle": 0, "axis": "y", "origin": [8, 6.77903, 9.21106]},
			"faces": {
				"north": {"uv": [11.5, 5.25, 11.6875, 5.375], "texture": "#0"},
				"east": {"uv": [7, 11, 7.4375, 11.125], "texture": "#0"},
				"south": {"uv": [5.5, 11.5, 5.6875, 11.625], "texture": "#0"},
				"west": {"uv": [7, 11, 7.4375, 11.125], "texture": "#0"},
				"up": {"uv": [10.9375, 0.9375, 10.75, 0.5], "texture": "#0"},
				"down": {"uv": [1.1875, 10.75, 1, 11.1875], "texture": "#0"}
			}
		},
		{
			"from": [7.6, 7.87278, 14.06106],
			"to": [8.4, 8.37278, 15.86106],
			"rotation": {"angle": 0, "axis": "y", "origin": [8, 6.77903, 9.21106]},
			"faces": {
				"north": {"uv": [11.5, 5.5, 11.6875, 5.625], "texture": "#0"},
				"east": {"uv": [7, 11, 7.4375, 11.125], "texture": "#0"},
				"south": {"uv": [5.75, 11.5, 5.9375, 11.625], "texture": "#0"},
				"west": {"uv": [7.5, 11, 7.9375, 11.125], "texture": "#0"},
				"up": {"uv": [10.9375, 1.4375, 10.75, 1], "texture": "#0"},
				"down": {"uv": [1.4375, 10.75, 1.25, 11.1875], "texture": "#0"}
			}
		},
		{
			"name": "trigger",
			"from": [7.8, 6.07278, 12.08606],
			"to": [8.2, 6.47278, 12.41106],
			"rotation": {"angle": 0, "axis": "y", "origin": [8, 7.17903, 10.61106]},
			"faces": {
				"north": {"uv": [12, 7.5, 12.0625, 7.625], "texture": "#0"},
				"east": {"uv": [12, 7.5, 12.0625, 7.625], "texture": "#0"},
				"south": {"uv": [12, 7.5, 12.0625, 7.625], "texture": "#0"},
				"west": {"uv": [12, 7.5, 12.0625, 7.625], "texture": "#0"},
				"up": {"uv": [12, 7.5, 12.0625, 7.625], "texture": "#0"},
				"down": {"uv": [12, 7.5, 12.0625, 7.625], "texture": "#0"}
			}
		},
		{
			"from": [7.8, 5.74778, 11.03606],
			"to": [8.2, 6.47278, 11.36106],
			"rotation": {"angle": 0, "axis": "y", "origin": [8, 7.17903, 10.61106]},
			"faces": {
				"north": {"uv": [6.75, 11.75, 6.8125, 11.9375], "texture": "#0"},
				"east": {"uv": [6.75, 11.75, 6.8125, 11.9375], "texture": "#0"},
				"south": {"uv": [6.75, 11.75, 6.8125, 11.9375], "texture": "#0"},
				"west": {"uv": [6.75, 11.75, 6.8125, 11.9375], "texture": "#0"},
				"up": {"uv": [6.75, 11.75, 6.8125, 11.9375], "texture": "#0"},
				"down": {"uv": [6.75, 11.75, 6.8125, 11.9375], "texture": "#0"}
			}
		},
		{
			"from": [7.8, 5.47278, 11.03606],
			"to": [8.2, 5.74778, 13.11106],
			"rotation": {"angle": 0, "axis": "y", "origin": [8, 7.17903, 10.61106]},
			"faces": {
				"north": {"uv": [11.5, 0.25, 12, 0.3125], "texture": "#0"},
				"east": {"uv": [11.5, 0.25, 12, 0.3125], "texture": "#0"},
				"south": {"uv": [11.5, 0.25, 12, 0.3125], "texture": "#0"},
				"west": {"uv": [11.5, 0.25, 12, 0.3125], "texture": "#0"},
				"up": {"uv": [11.5, 0.25, 12, 0.3125], "texture": "#0"},
				"down": {"uv": [11.5, 0.25, 12, 0.3125], "texture": "#0"}
			}
		},
		{
			"from": [7.6, 3.79778, 13.78606],
			"to": [8.4, 4.12278, 14.78606],
			"rotation": {"angle": 0, "axis": "y", "origin": [8, 7.17903, 10.61106]},
			"faces": {
				"north": {"uv": [7, 11.75, 7.1875, 11.8125], "texture": "#0"},
				"east": {"uv": [11.75, 2, 12, 2.0625], "texture": "#0"},
				"south": {"uv": [7.25, 11.75, 7.4375, 11.8125], "texture": "#0"},
				"west": {"uv": [11.75, 2, 12, 2.0625], "texture": "#0"},
				"up": {"uv": [0.6875, 9.25, 0.5, 9], "texture": "#0"},
				"down": {"uv": [6.1875, 9, 6, 9.25], "texture": "#0"}
			}
		},
		{
			"from": [7.6, 4.12278, 13.78606],
			"to": [8.4, 4.44778, 15.08606],
			"rotation": {"angle": 0, "axis": "y", "origin": [8, 7.17903, 10.61106]},
			"faces": {
				"north": {"uv": [7.5, 11.75, 7.6875, 11.8125], "texture": "#0"},
				"east": {"uv": [11.8125, 8.25, 11.5, 8.3125], "texture": "#0"},
				"south": {"uv": [7.75, 11.75, 7.9375, 11.8125], "texture": "#0"},
				"west": {"uv": [11.5, 8.25, 11.8125, 8.3125], "texture": "#0"},
				"up": {"uv": [2.6875, 11.3125, 2.5, 11], "texture": "#0"},
				"down": {"uv": [2.9375, 11, 2.75, 11.3125], "texture": "#0"}
			}
		},
		{
			"from": [7.6, 4.44778, 13.78606],
			"to": [8.4, 4.77278, 15.38606],
			"rotation": {"angle": 0, "axis": "y", "origin": [8, 7.17903, 10.61106]},
			"faces": {
				"north": {"uv": [8.25, 11.75, 8.4375, 11.8125], "texture": "#0"},
				"east": {"uv": [6.625, 11.5, 6.25, 11.5625], "texture": "#0"},
				"south": {"uv": [8.75, 11.75, 8.9375, 11.8125], "texture": "#0"},
				"west": {"uv": [6.25, 11.5, 6.625, 11.5625], "texture": "#0"},
				"up": {"uv": [3.6875, 11.125, 3.5, 10.75], "texture": "#0"},
				"down": {"uv": [8.4375, 10.75, 8.25, 11.125], "texture": "#0"}
			}
		},
		{
			"from": [7.6, 4.77278, 13.41106],
			"to": [8.4, 5.09778, 15.38606],
			"rotation": {"angle": 0, "axis": "y", "origin": [8, 7.17903, 10.61106]},
			"faces": {
				"north": {"uv": [11.75, 8.75, 11.9375, 8.8125], "texture": "#0"},
				"east": {"uv": [12, 0.5, 11.5, 0.5625], "texture": "#0"},
				"south": {"uv": [9, 11.75, 9.1875, 11.8125], "texture": "#0"},
				"west": {"uv": [11.5, 0.5, 12, 0.5625], "texture": "#0"},
				"up": {"uv": [3.9375, 11, 3.75, 10.5], "texture": "#0"},
				"down": {"uv": [8.6875, 10.5, 8.5, 11], "texture": "#0"}
			}
		},
		{
			"from": [7.6, 5.09778, 13.11106],
			"to": [8.4, 5.42278, 15.08606],
			"rotation": {"angle": 0, "axis": "y", "origin": [8, 7.17903, 10.61106]},
			"faces": {
				"north": {"uv": [11.75, 9, 11.9375, 9.0625], "texture": "#0"},
				"east": {"uv": [1.5, 11.5, 1, 11.5625], "texture": "#0"},
				"south": {"uv": [9.25, 11.75, 9.4375, 11.8125], "texture": "#0"},
				"west": {"uv": [1, 11.5, 1.5, 11.5625], "texture": "#0"},
				"up": {"uv": [9.9375, 11, 9.75, 10.5], "texture": "#0"},
				"down": {"uv": [10.9375, 0, 10.75, 0.5], "texture": "#0"}
			}
		},
		{
			"from": [7.6, 5.42278, 13.11106],
			"to": [8.4, 5.74778, 14.73606],
			"rotation": {"angle": 0, "axis": "y", "origin": [8, 7.17903, 10.61106]},
			"faces": {
				"north": {"uv": [11.75, 9.25, 11.9375, 9.3125], "texture": "#0"},
				"east": {"uv": [3.4375, 11.5, 3, 11.5625], "texture": "#0"},
				"south": {"uv": [10, 11.75, 10.1875, 11.8125], "texture": "#0"},
				"west": {"uv": [3, 11.5, 3.4375, 11.5625], "texture": "#0"},
				"up": {"uv": [1.6875, 11.1875, 1.5, 10.75], "texture": "#0"},
				"down": {"uv": [10.9375, 1.5, 10.75, 1.9375], "texture": "#0"}
			}
		},
		{
			"from": [7.6, 5.74778, 12.76106],
			"to": [8.4, 6.07278, 14.43606],
			"rotation": {"angle": 0, "axis": "y", "origin": [8, 7.17903, 10.61106]},
			"faces": {
				"north": {"uv": [10.25, 11.75, 10.4375, 11.8125], "texture": "#0"},
				"east": {"uv": [11.9375, 3.25, 11.5, 3.3125], "texture": "#0"},
				"south": {"uv": [10.5, 11.75, 10.6875, 11.8125], "texture": "#0"},
				"west": {"uv": [11.5, 3.25, 11.9375, 3.3125], "texture": "#0"},
				"up": {"uv": [1.9375, 11.1875, 1.75, 10.75], "texture": "#0"},
				"down": {"uv": [2.4375, 10.75, 2.25, 11.1875], "texture": "#0"}
			}
		},
		{
			"from": [7.6, 6.07278, 12.76106],
			"to": [8.4, 6.47278, 14.06106],
			"rotation": {"angle": 0, "axis": "y", "origin": [8, 7.17903, 10.61106]},
			"faces": {
				"north": {"uv": [6.75, 11.5, 6.9375, 11.625], "texture": "#0"},
				"east": {"uv": [4.5625, 11.25, 4.25, 11.375], "texture": "#0"},
				"south": {"uv": [7, 11.5, 7.1875, 11.625], "texture": "#0"},
				"west": {"uv": [4.25, 11.25, 4.5625, 11.375], "texture": "#0"},
				"up": {"uv": [11.1875, 3.0625, 11, 2.75], "texture": "#0"},
				"down": {"uv": [3.1875, 11, 3, 11.3125], "texture": "#0"}
			}
		},
		{
			"from": [7, 5.51472, -2.19254],
			"to": [9, 7.51472, 2.16178],
			"rotation": {"angle": 0, "axis": "y", "origin": [8, -0.73528, -1.32779]},
			"faces": {
				"north": {"uv": [3.25, 2.5, 3.75, 3], "texture": "#2"},
				"east": {"uv": [6.875, 0.75, 7.875, 1.25], "texture": "#2"},
				"south": {"uv": [0, 4.75, 0.5, 5.25], "texture": "#2"},
				"west": {"uv": [7.875, 0.75, 6.875, 1.25], "texture": "#2"},
				"up": {"uv": [7.875, 0.75, 6.875, 1.25], "rotation": 90, "texture": "#2"},
				"down": {"uv": [6.875, 0.75, 7.875, 1.25], "rotation": 90, "texture": "#2"}
			}
		},
		{
			"from": [7.3, 5.04778, 2.10674],
			"to": [8.7, 7.34778, 5.70674],
			"rotation": {"angle": 0, "axis": "y", "origin": [8, -0.73528, -1.32779]},
			"faces": {
				"north": {"uv": [0.5, 4.75, 0.875, 5.3125], "texture": "#2"},
				"east": {"uv": [7, 4, 7.875, 4.5625], "texture": "#2"},
				"south": {"uv": [7, 3, 7.375, 3.5625], "texture": "#2"},
				"west": {"uv": [7.875, 4, 7, 4.5625], "texture": "#2"},
				"up": {"uv": [8.125, 6.625, 7.75, 5.75], "texture": "#2"},
				"down": {"uv": [8.125, 6.75, 7.75, 7.625], "texture": "#2"}
			}
		},
		{
			"from": [6.9, 7.36472, -0.21322],
			"to": [9.1, 7.91472, 5.7161],
			"rotation": {"angle": 0, "axis": "y", "origin": [8, -0.73528, -1.32779]},
			"faces": {
				"north": {"uv": [5.25, 4.75, 5.8125, 4.875], "texture": "#2"},
				"east": {"uv": [1.25, 6, 2.75, 6.125], "texture": "#2"},
				"south": {"uv": [5.75, 8, 6.3125, 8.125], "texture": "#2"},
				"west": {"uv": [8, 0.75, 9.5, 0.875], "texture": "#2"},
				"up": {"uv": [7.3125, 6.25, 6.75, 4.75], "texture": "#2"},
				"down": {"uv": [5.5625, 6.75, 5, 8.25], "texture": "#2"}
			}
		},
		{
			"from": [6.5, 5.53972, -1.01754],
			"to": [9.5, 7.93972, 2.36178],
			"rotation": {"angle": 0, "axis": "y", "origin": [8, -0.73528, -1.32779]},
			"faces": {
				"north": {"uv": [0.75, 0.75, 1.5, 1.375], "texture": "#2"},
				"east": {"uv": [6.75, 2.25, 7.625, 2.875], "texture": "#2"},
				"south": {"uv": [4, 7, 4.75, 7.625], "texture": "#2"},
				"west": {"uv": [7.625, 2.25, 6.75, 2.875], "texture": "#2"},
				"up": {"uv": [0.75, 7.875, 0, 7], "texture": "#2"},
				"down": {"uv": [3, 7, 2.25, 7.875], "texture": "#2"}
			}
		},
		{
			"from": [6.8, 4.68972, -1.96754],
			"to": [9.2, 6.28972, 2.33678],
			"rotation": {"angle": 0, "axis": "y", "origin": [8, -0.73528, -1.32779]},
			"faces": {
				"north": {"uv": [7.75, 7.75, 8.375, 8.125], "texture": "#2"},
				"east": {"uv": [6.75, 1.25, 7.8125, 1.625], "texture": "#2"},
				"south": {"uv": [0, 8, 0.625, 8.375], "texture": "#2"},
				"west": {"uv": [3, 7.75, 4.0625, 8.125], "texture": "#2"},
				"up": {"uv": [6.375, 7.8125, 5.75, 6.75], "texture": "#2"},
				"down": {"uv": [7.375, 6.25, 6.75, 7.3125], "texture": "#2"}
			}
		},
		{
			"from": [7.1, 4.18972, -1.06754],
			"to": [8.9, 4.68972, 2.33678],
			"rotation": {"angle": 0, "axis": "y", "origin": [8, -0.73528, -1.32779]},
			"faces": {
				"north": {"uv": [8.25, 6, 8.6875, 6.125], "texture": "#2"},
				"east": {"uv": [5.75, 5.25, 6.625, 5.375], "texture": "#2"},
				"south": {"uv": [8.25, 6.25, 8.6875, 6.375], "texture": "#2"},
				"west": {"uv": [8, 1, 8.875, 1.125], "texture": "#2"},
				"up": {"uv": [4.6875, 8.625, 4.25, 7.75], "texture": "#2"},
				"down": {"uv": [8.1875, 4.75, 7.75, 5.625], "texture": "#2"}
			}
		},
		{
			"from": [7.8, 6.3125, -2.40232],
			"to": [8.2, 6.7125, -2.08232],
			"rotation": {"angle": 0, "axis": "y", "origin": [8, 0.8375, -4.40232]},
			"faces": {
				"north": {"uv": [7.25, 7, 7, 7.5], "rotation": 270, "texture": "#3"},
				"east": {"uv": [7.25, 7, 7, 7.5], "rotation": 90, "texture": "#3"},
				"south": {"uv": [7.25, 7, 7, 7.5], "rotation": 90, "texture": "#3"},
				"west": {"uv": [7.25, 7, 7, 7.5], "rotation": 90, "texture": "#3"},
				"up": {"uv": [7.25, 7, 7, 7.5], "rotation": 90, "texture": "#3"},
				"down": {"uv": [7.25, 7, 7, 7.5], "rotation": 90, "texture": "#3"}
			}
		},
		{
			"name": "laser",
			"from": [7.925, 6.4375, -14.72232],
			"to": [8.075, 6.5875, -2.40232],
			"rotation": {"angle": 0, "axis": "y", "origin": [8, 0.8375, -4.40232]},
			"faces": {
				"north": {"uv": [3.25, 8, 3, 8.25], "rotation": 270, "texture": "#3"},
				"east": {"uv": [0, 1, 12.25, 1.25], "rotation": 180, "texture": "#3"},
				"south": {"uv": [8.25, 3, 8, 3.25], "rotation": 90, "texture": "#3"},
				"west": {"uv": [12.25, 1, 0, 1.25], "rotation": 180, "texture": "#3"},
				"up": {"uv": [0, 1, 12.25, 1.25], "rotation": 90, "texture": "#3"},
				"down": {"uv": [12.25, 1, 0, 1.25], "rotation": 90, "texture": "#3"}
			}
		},
		{
			"from": [7.29162, 11.13972, 6.2411],
			"to": [8.70838, 11.48822, 8.03835],
			"rotation": {"angle": 0, "axis": "y", "origin": [8, 11.20972, 7.13972]},
			"faces": {
				"north": {"uv": [5, 9, 6.5, 9.25], "texture": "#4"},
				"east": {"uv": [7.75, 3, 6, 3.25], "texture": "#4"},
				"south": {"uv": [9, 5, 10.5, 5.25], "texture": "#4"},
				"west": {"uv": [6, 3, 7.75, 3.25], "texture": "#4"},
				"up": {"uv": [1.5, 4.75, 0, 3], "texture": "#4"},
				"down": {"uv": [3.5, 3, 2, 4.75], "texture": "#4"}
			}
		},
		{
			"from": [7.04162, 11.48822, 6.2411],
			"to": [7.31838, 12.39022, 8.03835],
			"rotation": {"angle": 0, "axis": "y", "origin": [8, 11.20972, 7.13972]},
			"faces": {
				"north": {"uv": [9, 7, 9.25, 8], "texture": "#4"},
				"east": {"uv": [7.75, 0, 6, 1], "texture": "#4"},
				"south": {"uv": [9, 9, 9.25, 10], "texture": "#4"},
				"west": {"uv": [5, 5, 6.75, 6], "texture": "#4"},
				"up": {"uv": [4.25, 7.75, 4, 6], "texture": "#4"},
				"down": {"uv": [5.25, 6, 5, 7.75], "texture": "#4"}
			}
		},
		{
			"from": [8.68162, 11.48822, 6.2411],
			"to": [8.95838, 12.39022, 8.03835],
			"rotation": {"angle": 0, "axis": "y", "origin": [8, 11.20972, 7.13972]},
			"faces": {
				"north": {"uv": [10, 0, 10.25, 1], "texture": "#4"},
				"east": {"uv": [6.75, 5, 5, 6], "texture": "#4"},
				"south": {"uv": [1, 10, 1.25, 11], "texture": "#4"},
				"west": {"uv": [6, 0, 7.75, 1], "texture": "#4"},
				"up": {"uv": [6.25, 7.75, 6, 6], "texture": "#4"},
				"down": {"uv": [0.25, 7, 0, 8.75], "texture": "#4"}
			}
		},
		{
			"from": [8.50737, 11.48822, 6.2411],
			"to": [8.68162, 11.67272, 8.03835],
			"rotation": {"angle": 0, "axis": "y", "origin": [8, 11.20972, 7.13972]},
			"faces": {
				"north": {"uv": [10, 1, 10.25, 1.25], "texture": "#4"},
				"east": {"uv": [1, 7, 2.75, 7.25], "texture": "#4"},
				"south": {"uv": [2, 10, 2.25, 10.25], "texture": "#4"},
				"west": {"uv": [7, 4, 8.75, 4.25], "texture": "#4"},
				"up": {"uv": [9.25, 1, 9, 2.75], "texture": "#4"},
				"down": {"uv": [7.25, 5, 7, 6.75], "texture": "#4"}
			}
		},
		{
			"from": [7.31838, 12.20572, 6.2411],
			"to": [7.49263, 12.39022, 8.03835],
			"rotation": {"angle": 0, "axis": "y", "origin": [8, 11.20972, 7.13972]},
			"faces": {
				"north": {"uv": [10, 2, 10.25, 2.25], "texture": "#4"},
				"east": {"uv": [8, 3, 9.75, 3.25], "texture": "#4"},
				"south": {"uv": [3, 10, 3.25, 10.25], "texture": "#4"},
				"west": {"uv": [8, 0, 9.75, 0.25], "texture": "#4"},
				"up": {"uv": [1.25, 9.75, 1, 8], "texture": "#4"},
				"down": {"uv": [9.25, 1, 9, 2.75], "texture": "#4"}
			}
		},
		{
			"from": [7.31838, 11.48822, 6.2411],
			"to": [7.49263, 11.67272, 8.03835],
			"rotation": {"angle": 0, "axis": "y", "origin": [8, 11.20972, 7.13972]},
			"faces": {
				"north": {"uv": [10, 3, 10.25, 3.25], "texture": "#4"},
				"east": {"uv": [8, 3, 9.75, 3.25], "texture": "#4"},
				"south": {"uv": [4, 10, 4.25, 10.25], "texture": "#4"},
				"west": {"uv": [4, 8, 5.75, 8.25], "texture": "#4"},
				"up": {"uv": [9.25, 1, 9, 2.75], "texture": "#4"},
				"down": {"uv": [8.25, 5, 8, 6.75], "texture": "#4"}
			}
		},
		{
			"from": [8.50737, 12.20572, 6.2411],
			"to": [8.68162, 12.39022, 8.03835],
			"rotation": {"angle": 0, "axis": "y", "origin": [8, 11.20972, 7.13972]},
			"faces": {
				"north": {"uv": [5, 10, 5.25, 10.25], "texture": "#4"},
				"east": {"uv": [6, 8, 7.75, 8.25], "texture": "#4"},
				"south": {"uv": [6, 10, 6.25, 10.25], "texture": "#4"},
				"west": {"uv": [8, 3, 9.75, 3.25], "texture": "#4"},
				"up": {"uv": [0.25, 10.75, 0, 9], "texture": "#4"},
				"down": {"uv": [9.25, 1, 9, 2.75], "texture": "#4"}
			}
		},
		{
			"from": [7.29162, 12.39022, 6.2411],
			"to": [8.70838, 12.73872, 8.03835],
			"rotation": {"angle": 0, "axis": "y", "origin": [8, 12.46022, 7.13972]},
			"faces": {
				"north": {"uv": [9, 6, 10.5, 6.25], "texture": "#4"},
				"east": {"uv": [10.75, 4, 9, 4.25], "texture": "#4"},
				"south": {"uv": [7, 9, 8.5, 9.25], "texture": "#4"},
				"west": {"uv": [9, 4, 10.75, 4.25], "texture": "#4"},
				"up": {"uv": [5.5, 1.75, 4, 0], "texture": "#4"},
				"down": {"uv": [0, 4.75, 1.5, 3], "texture": "#4"}
			}
		},
		{
			"from": [7.29162, 10.31622, 6.2411],
			"to": [8.70838, 11.13972, 9.03835],
			"rotation": {"angle": 0, "axis": "y", "origin": [8, 10.86122, 7.13972]},
			"faces": {
				"north": {"uv": [6, 1, 7.5, 1.75], "texture": "#4"},
				"east": {"uv": [2.75, 5, 0, 5.75], "texture": "#4"},
				"south": {"uv": [2, 6, 3.5, 6.75], "texture": "#4"},
				"west": {"uv": [0, 5, 2.75, 5.75], "texture": "#4"},
				"up": {"uv": [1.5, 2.75, 0, 0], "texture": "#4"},
				"down": {"uv": [3.5, 0, 2, 2.75], "texture": "#4"}
			}
		},
		{
			"from": [7.96412, 12.00072, 7.0936],
			"to": [8.03588, 12.18522, 7.18585],
			"rotation": {"angle": 0, "axis": "y", "origin": [8, 11.20972, 7.13972]},
			"faces": {
				"north": {"uv": [8, 10, 8.25, 10.25], "texture": "#4"},
				"east": {"uv": [8, 10, 8.25, 10.25], "texture": "#4"},
				"south": {"uv": [8, 10, 8.25, 10.25], "texture": "#4"},
				"west": {"uv": [8, 10, 8.25, 10.25], "texture": "#4"},
				"up": {"uv": [8, 10, 8.25, 10.25], "texture": "#4"},
				"down": {"uv": [8, 10, 8.25, 10.25], "texture": "#4"}
			}
		},
		{
			"from": [8.0615, 11.90334, 7.0936],
			"to": [8.246, 11.97509, 7.18585],
			"rotation": {"angle": 0, "axis": "y", "origin": [8, 11.20972, 7.13972]},
			"faces": {
				"north": {"uv": [11, 0, 11.25, 0.25], "texture": "#4"},
				"east": {"uv": [11, 0, 11.25, 0.25], "texture": "#4"},
				"south": {"uv": [11, 0, 11.25, 0.25], "texture": "#4"},
				"west": {"uv": [11, 0, 11.25, 0.25], "texture": "#4"},
				"up": {"uv": [11, 0, 11.25, 0.25], "texture": "#4"},
				"down": {"uv": [11, 0, 11.25, 0.25], "texture": "#4"}
			}
		},
		{
			"from": [7.96412, 11.69322, 7.0936],
			"to": [8.03588, 11.87772, 7.18585],
			"rotation": {"angle": 0, "axis": "y", "origin": [8, 11.20972, 7.13972]},
			"faces": {
				"north": {"uv": [11, 3, 11.25, 3.25], "texture": "#4"},
				"east": {"uv": [11, 3, 11.25, 3.25], "texture": "#4"},
				"south": {"uv": [11, 3, 11.25, 3.25], "texture": "#4"},
				"west": {"uv": [11, 3, 11.25, 3.25], "texture": "#4"},
				"up": {"uv": [11, 3, 11.25, 3.25], "texture": "#4"},
				"down": {"uv": [11, 3, 11.25, 3.25], "texture": "#4"}
			}
		},
		{
			"from": [7.754, 11.90334, 7.0936],
			"to": [7.9385, 11.97509, 7.18585],
			"rotation": {"angle": 0, "axis": "y", "origin": [8, 11.20972, 7.13972]},
			"faces": {
				"north": {"uv": [11, 6, 11.25, 6.25], "texture": "#4"},
				"east": {"uv": [11, 6, 11.25, 6.25], "texture": "#4"},
				"south": {"uv": [11, 6, 11.25, 6.25], "texture": "#4"},
				"west": {"uv": [11, 6, 11.25, 6.25], "texture": "#4"},
				"up": {"uv": [11, 6, 11.25, 6.25], "texture": "#4"},
				"down": {"uv": [11, 6, 11.25, 6.25], "texture": "#4"}
			}
		}
	],
	"display": {
		"thirdperson_righthand": {
			"rotation": [67.5, 0, 0],
			"translation": [-1.75, 6, 1.5]
		},
		"thirdperson_lefthand": {
			"rotation": [67.5, 0, 0],
			"translation": [-1.75, 6, 1.5]
		},
		"firstperson_righthand": {
			"translation": [-3, 2, -1.75],
			"scale": [1.4, 1.4, 1.4]
		},
		"firstperson_lefthand": {
			"translation": [-3, 2, -1.75],
			"scale": [1.4, 1.4, 1.4]
		},
		"ground": {
			"translation": [0, 1.25, 0]
		},
		"gui": {
			"rotation": [163.34, -47.42, -178.07],
			"scale": [0.5, 0.5, 0.5]
		},
		"fixed": {
			"rotation": [0, 90, 0],
			"translation": [0, 0, -2],
			"scale": [2, 2, 2]
		}
	},
	"groups": [
		{
			"name": "erebon_stickler",
			"origin": [8, 7.17903, 10.61106],
			"color": 0,
			"children": [
				{
					"name": "barrel",
					"origin": [8, 7.17903, 10.61106],
					"color": 0,
					"children": [
						0,
						{
							"name": "iron_sight",
							"origin": [7.66545, 10.80397, 2.71394],
							"color": 0,
							"children": [1, 2, 3, 4, 5, 6, 7, 8, 9, 10, 11]
						}
					]
				},
				{
					"name": "inner_body",
					"origin": [8, 6.77903, 10.61106],
					"color": 0,
					"children": [12, 13]
				},
				{
					"name": "body_cover",
					"origin": [7.66545, 8.80397, 2.71394],
					"color": 0,
					"children": [14, 15, 16, 17, 18, 19, 20, 21, 22, 23, 24]
				},
				{
					"name": "rail",
					"origin": [7.66545, 8.35397, 2.09325],
					"color": 0,
					"children": [25, 26, 27, 28, 29, 30, 31]
				},
				{
					"name": "mag",
					"origin": [8, 7.17903, 10.61106],
					"color": 0,
					"children": [
						{
							"name": "cylinder",
							"origin": [4.88975, 14.43617, 31.87716],
							"color": 1,
							"children": [32, 33, 34, 35, 36, 37, 38, 39]
						},
						{
							"name": "cover",
							"origin": [4.64093, 15.01674, 34.81845],
							"color": 1,
							"children": [40, 41, 42, 43]
						},
						{
							"name": "cover",
							"origin": [4.10348, 16.27078, 41.47563],
							"color": 1,
							"children": [44, 45, 46, 47]
						}
					]
				},
				{
					"name": "stock",
					"origin": [7.7, 6.77903, 10.61106],
					"color": 0,
					"children": [48, 49, 50, 51, 52]
				},
				{
					"name": "trigger_guard",
					"origin": [8, 6.42278, 4.33606],
					"color": 0,
					"children": [53, 54, 55]
				},
				{
					"name": "handle",
					"origin": [8, 7.07278, 3.96106],
					"color": 8,
					"children": [56, 57, 58, 59, 60, 61, 62, 63]
				},
				{
					"name": "attachments",
					"origin": [8, 8, 8],
					"color": 0,
					"children": [
						{
							"name": "laser_sight",
							"origin": [2.75, 8.51653, 34.36106],
							"color": 0,
							"children": [
								{
									"name": "barrel",
									"origin": [2.75, 8.51653, 34.36106],
									"color": 0,
									"children": [64]
								},
								{
									"name": "inner_body",
									"origin": [2.75, 8.11653, 34.36106],
									"color": 0,
									"children": [65]
								},
								{
									"name": "body_cover",
									"origin": [2.41545, 10.14147, 26.46394],
									"color": 0,
									"children": [66, 67]
								},
								{
									"name": "grip",
									"origin": [2.41545, 8.54147, 26.46394],
									"color": 0,
									"children": [68, 69]
								},
								{
									"name": "laser_sight",
									"origin": [5.46732, 9.34046, 8],
									"color": 0,
									"children": [
										{
											"name": "body",
											"origin": [5.7436, 6.90339, 8],
											"color": 0,
											"children": [70]
										},
										71
									]
								}
							]
						},
						{
							"name": "sight",
							"origin": [6.92137, 7.03338, 9.42692],
							"color": 8,
							"children": [
								{
									"name": "sight_frame",
									"origin": [8.57276, 2.05625, 8.33125],
									"color": 8,
									"children": [72, 73, 74, 75, 76, 77, 78, 79, 80]
								},
								{
									"name": "holo_sight",
									"origin": [7.23526, 12.06875, 10.09375],
									"color": 4,
									"children": [81, 82, 83, 84]
								}
							]
						}
					]
				}
			]
		}
	]
}