{
	"credit": "Made with Blockbench",
	"texture_size": [32, 32],
	"textures": {
		"1": "aoa3:item/toxic_gas",
		"2": "aoa3:item/gas_blaster",
		"particle": "aoa3:item/toxic_gas"
	},
	"elements": [
		{
			"from": [6.3375, 8.12, -0.226],
			"to": [9.6575, 11.44, 0.77],
			"rotation": {"angle": 0, "axis": "y", "origin": [8, 8, 8]},
			"faces": {
				"north": {"uv": [3, 2, 4.625, 3.625], "texture": "#2"},
				"east": {"uv": [5.5, 7, 6, 8.625], "texture": "#2"},
				"south": {"uv": [3, 4, 4.625, 5.625], "texture": "#2"},
				"west": {"uv": [6, 7, 5.5, 8.625], "texture": "#2"},
				"up": {"uv": [9.625, 6, 8, 5.5], "texture": "#2"},
				"down": {"uv": [9.625, 6, 8, 6.5], "texture": "#2"}
			}
		},
		{
			"from": [6.6745, 8.452, 0.77],
			"to": [9.3305, 11.108, 1.932],
			"rotation": {"angle": 0, "axis": "y", "origin": [8, 8, 8]},
			"faces": {
				"north": {"uv": [6, 2, 7.375, 3.375], "texture": "#2"},
				"east": {"uv": [3, 7.5, 3.625, 8.875], "texture": "#2"},
				"south": {"uv": [3, 6, 4.375, 7.375], "texture": "#2"},
				"west": {"uv": [3.625, 7.5, 3, 8.875], "texture": "#2"},
				"up": {"uv": [9.375, 4.125, 8, 3.5], "texture": "#2"},
				"down": {"uv": [9.375, 4.5, 8, 5.125], "texture": "#2"}
			}
		},
		{
			"from": [7.0725, 8.725, 5.082],
			"to": [8.9325, 11.01, 5.803],
			"rotation": {"angle": 0, "axis": "y", "origin": [8, 8, 8]},
			"faces": {
				"north": {"uv": [2, 7.5, 2.875, 8.625], "texture": "#2"},
				"east": {"uv": [10, 9.5, 10.375, 10.625], "texture": "#2"},
				"south": {"uv": [2.875, 7.5, 2, 8.625], "texture": "#2"},
				"west": {"uv": [10.375, 9.5, 10, 10.625], "texture": "#2"},
				"up": {"uv": [11.875, 0.375, 11, 0], "texture": "#2"},
				"down": {"uv": [11.875, 0.5, 11, 0.875], "texture": "#2"}
			}
		},
		{
			"from": [7.1725, 8.95, 1.932],
			"to": [8.8325, 10.61, 8.228],
			"rotation": {"angle": 0, "axis": "y", "origin": [8, 8, 8]},
			"faces": {
				"north": {"uv": [1, 8, 1.875, 8.875], "texture": "#2"},
				"east": {"uv": [2, 0, 5.125, 0.875], "texture": "#2"},
				"south": {"uv": [8, 6.5, 8.875, 7.375], "texture": "#2"},
				"west": {"uv": [5.125, 0, 2, 0.875], "texture": "#2"},
				"up": {"uv": [2.875, 5.125, 2, 2], "texture": "#2"},
				"down": {"uv": [0.875, 3, 0, 6.125], "texture": "#2"}
			}
		},
		{
			"from": [7.05, 8.385, 12.128],
			"to": [8.95, 8.96, 14.528],
			"rotation": {"angle": 0, "axis": "y", "origin": [8, 8, 8]},
			"faces": {
				"north": {"uv": [11, 7.5, 12, 7.75], "texture": "#2"},
				"east": {"uv": [11, 1, 12.25, 1.25], "texture": "#2"},
				"south": {"uv": [11, 8.5, 12, 8.75], "texture": "#2"},
				"west": {"uv": [12.25, 1, 11, 1.25], "texture": "#2"},
				"up": {"uv": [5.5, 8.25, 4.5, 7], "texture": "#2"},
				"down": {"uv": [8, 6, 7, 7.25], "texture": "#2"}
			}
		},
		{
			"from": [7.05, 7.885, 6.203],
			"to": [8.95, 8.96, 12.128],
			"rotation": {"angle": 0, "axis": "y", "origin": [8, 8, 8]},
			"faces": {
				"north": {"uv": [6, 8.5, 7, 9], "texture": "#2"},
				"east": {"uv": [6.5, 0, 9.5, 0.5], "texture": "#2"},
				"south": {"uv": [9.5, 2.5, 10.5, 3], "texture": "#2"},
				"west": {"uv": [9.5, 0, 6.5, 0.5], "texture": "#2"},
				"up": {"uv": [1, 3, 0, 0], "texture": "#2"},
				"down": {"uv": [2, 0, 1, 3], "texture": "#2"}
			}
		},
		{
			"from": [7.05, 7.385, 6.203],
			"to": [8.95, 7.885, 10.328],
			"rotation": {"angle": 0, "axis": "y", "origin": [8, 8, 8]},
			"faces": {
				"north": {"uv": [11, 10, 12, 10.25], "texture": "#2"},
				"east": {"uv": [5, 9.5, 7, 9.75], "texture": "#2"},
				"south": {"uv": [11, 10.5, 12, 10.75], "texture": "#2"},
				"west": {"uv": [7, 9.5, 5, 9.75], "texture": "#2"},
				"up": {"uv": [6.5, 2, 5.5, 0], "texture": "#2"},
				"down": {"uv": [3, 5.5, 2, 7.5], "texture": "#2"}
			}
		},
		{
			"from": [7.5, 5.71, 13.728],
			"to": [8.5, 5.885, 14.428],
			"rotation": {"angle": 0, "axis": "y", "origin": [8, 8, 8]},
			"faces": {
				"north": {"uv": [5.5, 13.5, 6, 13.625], "texture": "#2"},
				"east": {"uv": [14.5, 0, 14.875, 0.125], "texture": "#2"},
				"south": {"uv": [13.5, 9.5, 14, 9.625], "texture": "#2"},
				"west": {"uv": [14.875, 0, 14.5, 0.125], "texture": "#2"},
				"up": {"uv": [12.5, 10.375, 12, 10], "texture": "#2"},
				"down": {"uv": [12.5, 10.5, 12, 10.875], "texture": "#2"}
			}
		},
		{
			"from": [7.5, 5.885, 13.528],
			"to": [8.5, 6.185, 14.628],
			"rotation": {"angle": 0, "axis": "y", "origin": [8, 8, 8]},
			"faces": {
				"north": {"uv": [13.5, 10, 14, 10.125], "texture": "#2"},
				"east": {"uv": [13.5, 10.5, 14, 10.625], "texture": "#2"},
				"south": {"uv": [11, 13.5, 11.5, 13.625], "texture": "#2"},
				"west": {"uv": [14, 10.5, 13.5, 10.625], "texture": "#2"},
				"up": {"uv": [10.5, 11.5, 10, 11], "texture": "#2"},
				"down": {"uv": [11.5, 11, 11, 11.5], "texture": "#2"}
			}
		},
		{
			"from": [7.5, 6.185, 13.328],
			"to": [8.5, 6.485, 14.828],
			"rotation": {"angle": 0, "axis": "y", "origin": [8, 8, 8]},
			"faces": {
				"north": {"uv": [11.5, 13.5, 12, 13.625], "texture": "#2"},
				"east": {"uv": [13.5, 2, 14.25, 2.125], "texture": "#2"},
				"south": {"uv": [13.5, 11.5, 14, 11.625], "texture": "#2"},
				"west": {"uv": [14.25, 2, 13.5, 2.125], "texture": "#2"},
				"up": {"uv": [2, 11.25, 1.5, 10.5], "texture": "#2"},
				"down": {"uv": [2.5, 10.5, 2, 11.25], "texture": "#2"}
			}
		},
		{
			"from": [7.5, 6.685, 12.928],
			"to": [8.5, 6.885, 14.628],
			"rotation": {"angle": 0, "axis": "y", "origin": [8, 8, 8]},
			"faces": {
				"north": {"uv": [12, 13.5, 12.5, 13.625], "texture": "#2"},
				"east": {"uv": [12, 13, 12.875, 13.125], "texture": "#2"},
				"south": {"uv": [12.5, 13.5, 13, 13.625], "texture": "#2"},
				"west": {"uv": [12.875, 13, 12, 13.125], "texture": "#2"},
				"up": {"uv": [8.5, 10.375, 8, 9.5], "texture": "#2"},
				"down": {"uv": [10, 9.5, 9.5, 10.375], "texture": "#2"}
			}
		},
		{
			"from": [7.5, 6.485, 13.128],
			"to": [8.5, 6.685, 14.828],
			"rotation": {"angle": 0, "axis": "y", "origin": [8, 8, 8]},
			"faces": {
				"north": {"uv": [13, 13.5, 13.5, 13.625], "texture": "#2"},
				"east": {"uv": [13, 12.5, 13.875, 12.625], "texture": "#2"},
				"south": {"uv": [13.5, 13.5, 14, 13.625], "texture": "#2"},
				"west": {"uv": [13.875, 12.5, 13, 12.625], "texture": "#2"},
				"up": {"uv": [10.5, 0.875, 10, 0], "texture": "#2"},
				"down": {"uv": [10.5, 1, 10, 1.875], "texture": "#2"}
			}
		},
		{
			"from": [7.5, 6.885, 12.628],
			"to": [8.5, 7.085, 14.328],
			"rotation": {"angle": 0, "axis": "y", "origin": [8, 8, 8]},
			"faces": {
				"north": {"uv": [0, 14, 0.5, 14.125], "texture": "#2"},
				"east": {"uv": [13.5, 0, 14.375, 0.125], "texture": "#2"},
				"south": {"uv": [0.5, 14, 1, 14.125], "texture": "#2"},
				"west": {"uv": [14.375, 0, 13.5, 0.125], "texture": "#2"},
				"up": {"uv": [5.5, 10.875, 5, 10], "texture": "#2"},
				"down": {"uv": [6, 10, 5.5, 10.875], "texture": "#2"}
			}
		},
		{
			"from": [7.5, 7.085, 12.628],
			"to": [8.5, 7.385, 14.128],
			"rotation": {"angle": 0, "axis": "y", "origin": [8, 8, 8]},
			"faces": {
				"north": {"uv": [1, 14, 1.5, 14.125], "texture": "#2"},
				"east": {"uv": [13.5, 3, 14.25, 3.125], "texture": "#2"},
				"south": {"uv": [1.5, 14, 2, 14.125], "texture": "#2"},
				"west": {"uv": [14.25, 3, 13.5, 3.125], "texture": "#2"},
				"up": {"uv": [3, 11.25, 2.5, 10.5], "texture": "#2"},
				"down": {"uv": [11, 3.5, 10.5, 4.25], "texture": "#2"}
			}
		},
		{
			"from": [7.5, 7.385, 12.428],
			"to": [8.5, 7.885, 14.128],
			"rotation": {"angle": 0, "axis": "y", "origin": [8, 8, 8]},
			"faces": {
				"north": {"uv": [10, 12.5, 10.5, 12.75], "texture": "#2"},
				"east": {"uv": [0.5, 12, 1.375, 12.25], "texture": "#2"},
				"south": {"uv": [12, 12.5, 12.5, 12.75], "texture": "#2"},
				"west": {"uv": [1.375, 12, 0.5, 12.25], "texture": "#2"},
				"up": {"uv": [10.5, 6.375, 10, 5.5], "texture": "#2"},
				"down": {"uv": [6.5, 10, 6, 10.875], "texture": "#2"}
			}
		},
		{
			"from": [7.5, 7.885, 12.128],
			"to": [8.5, 8.385, 13.928],
			"rotation": {"angle": 0, "axis": "y", "origin": [8, 8, 8]},
			"faces": {
				"north": {"uv": [12.5, 12, 13, 12.25], "texture": "#2"},
				"east": {"uv": [12, 7.5, 12.875, 7.75], "texture": "#2"},
				"south": {"uv": [12.5, 12.5, 13, 12.75], "texture": "#2"},
				"west": {"uv": [12.875, 7.5, 12, 7.75], "texture": "#2"},
				"up": {"uv": [7, 10.875, 6.5, 10], "texture": "#2"},
				"down": {"uv": [10.5, 6.5, 10, 7.375], "texture": "#2"}
			}
		},
		{
			"from": [7.9, 6.985, 11.728],
			"to": [8.1, 8.385, 12.028],
			"rotation": {"angle": 0, "axis": "y", "origin": [8, 8, 8]},
			"faces": {
				"north": {"uv": [13.5, 4, 13.625, 4.75], "texture": "#2"},
				"east": {"uv": [13.5, 4, 13.625, 4.75], "texture": "#2"},
				"south": {"uv": [13.5, 4, 13.625, 4.75], "texture": "#2"},
				"west": {"uv": [13.5, 4, 13.625, 4.75], "texture": "#2"},
				"up": {"uv": [13.5, 4, 13.625, 4.75], "texture": "#2"},
				"down": {"uv": [13.5, 4, 13.625, 4.75], "texture": "#2"}
			}
		},
		{
			"from": [7.9, 6.985, 11.228],
			"to": [8.1, 7.285, 11.728],
			"rotation": {"angle": 0, "axis": "y", "origin": [8, 8, 8]},
			"faces": {
				"north": {"uv": [14.5, 1.5, 14.75, 1.625], "texture": "#2"},
				"east": {"uv": [14.5, 1.5, 14.75, 1.625], "texture": "#2"},
				"south": {"uv": [14.5, 1.5, 14.75, 1.625], "texture": "#2"},
				"west": {"uv": [14.5, 1.5, 14.75, 1.625], "texture": "#2"},
				"up": {"uv": [14.5, 1.5, 14.75, 1.625], "texture": "#2"},
				"down": {"uv": [14.5, 1.5, 14.75, 1.625], "texture": "#2"}
			}
		},
		{
			"from": [6.6, 11.06, 8.828],
			"to": [7, 11.26, 13.828],
			"rotation": {"angle": 0, "axis": "y", "origin": [8, 8, 8]},
			"faces": {
				"north": {"uv": [14.5, 2.5, 14.75, 2.625], "texture": "#2"},
				"east": {"uv": [11, 3.5, 13.5, 3.625], "texture": "#2"},
				"south": {"uv": [3, 14.5, 3.25, 14.625], "texture": "#2"},
				"west": {"uv": [11, 4, 13.5, 4.125], "texture": "#2"},
				"up": {"uv": [3.25, 11.5, 3, 9], "texture": "#2"},
				"down": {"uv": [3.75, 9, 3.5, 11.5], "texture": "#2"}
			}
		},
		{
			"from": [6.6, 9.26, 8.828],
			"to": [7, 9.46, 13.828],
			"rotation": {"angle": 0, "axis": "y", "origin": [8, 8, 8]},
			"faces": {
				"north": {"uv": [14.5, 3, 14.75, 3.125], "texture": "#2"},
				"east": {"uv": [11, 4.5, 13.5, 4.625], "texture": "#2"},
				"south": {"uv": [3.5, 14.5, 3.75, 14.625], "texture": "#2"},
				"west": {"uv": [11, 5, 13.5, 5.125], "texture": "#2"},
				"up": {"uv": [8.75, 11.5, 8.5, 9], "texture": "#2"},
				"down": {"uv": [9.25, 9, 9, 11.5], "texture": "#2"}
			}
		},
		{
			"from": [9, 9.26, 8.828],
			"to": [9.4, 9.46, 13.828],
			"rotation": {"angle": 0, "axis": "y", "origin": [8, 8, 8]},
			"faces": {
				"north": {"uv": [14.5, 3.5, 14.75, 3.625], "texture": "#2"},
				"east": {"uv": [11, 5.5, 13.5, 5.625], "texture": "#2"},
				"south": {"uv": [4, 14.5, 4.25, 14.625], "texture": "#2"},
				"west": {"uv": [11, 6, 13.5, 6.125], "texture": "#2"},
				"up": {"uv": [0.25, 12, 0, 9.5], "texture": "#2"},
				"down": {"uv": [9.75, 0, 9.5, 2.5], "texture": "#2"}
			}
		},
		{
			"from": [9, 11.06, 8.828],
			"to": [9.4, 11.26, 13.828],
			"rotation": {"angle": 0, "axis": "y", "origin": [8, 8, 8]},
			"faces": {
				"north": {"uv": [14.5, 4, 14.75, 4.125], "texture": "#2"},
				"east": {"uv": [11, 6.5, 13.5, 6.625], "texture": "#2"},
				"south": {"uv": [4.5, 14.5, 4.75, 14.625], "texture": "#2"},
				"west": {"uv": [11, 7, 13.5, 7.125], "texture": "#2"},
				"up": {"uv": [0.75, 12, 0.5, 9.5], "texture": "#2"},
				"down": {"uv": [1.25, 9.5, 1, 12], "texture": "#2"}
			}
		},
		{
			"from": [7.3, 8.86, 8.628],
			"to": [8.7, 9.26, 8.828],
			"rotation": {"angle": 0, "axis": "y", "origin": [8, 8, 8]},
			"faces": {
				"north": {"uv": [12, 11, 12.75, 11.25], "texture": "#2"},
				"east": {"uv": [14.5, 4.5, 14.625, 4.75], "texture": "#2"},
				"south": {"uv": [11.5, 12, 12.25, 12.25], "texture": "#2"},
				"west": {"uv": [5, 14.5, 5.125, 14.75], "texture": "#2"},
				"up": {"uv": [14.25, 5.125, 13.5, 5], "texture": "#2"},
				"down": {"uv": [14.25, 5.5, 13.5, 5.625], "texture": "#2"}
			}
		},
		{
			"from": [7.3, 8.86, 13.828],
			"to": [8.7, 9.26, 14.028],
			"rotation": {"angle": 0, "axis": "y", "origin": [8, 8, 8]},
			"faces": {
				"north": {"uv": [12, 11.5, 12.75, 11.75], "texture": "#2"},
				"east": {"uv": [14.5, 5, 14.625, 5.25], "texture": "#2"},
				"south": {"uv": [0, 12.5, 0.75, 12.75], "texture": "#2"},
				"west": {"uv": [5.5, 14.5, 5.625, 14.75], "texture": "#2"},
				"up": {"uv": [14.25, 6.125, 13.5, 6], "texture": "#2"},
				"down": {"uv": [14.25, 6.5, 13.5, 6.625], "texture": "#2"}
			}
		},
		{
			"from": [6.6, 9.26, 8.628],
			"to": [7, 11.26, 8.828],
			"rotation": {"angle": 0, "axis": "y", "origin": [8, 8, 8]},
			"faces": {
				"north": {"uv": [1.5, 11.5, 1.75, 12.5], "texture": "#2"},
				"east": {"uv": [0, 13, 0.125, 14], "texture": "#2"},
				"south": {"uv": [2, 11.5, 2.25, 12.5], "texture": "#2"},
				"west": {"uv": [0.5, 13, 0.625, 14], "texture": "#2"},
				"up": {"uv": [14.75, 5.625, 14.5, 5.5], "texture": "#2"},
				"down": {"uv": [6.25, 14.5, 6, 14.625], "texture": "#2"}
			}
		},
		{
			"from": [9, 9.26, 8.628],
			"to": [9.4, 11.26, 8.828],
			"rotation": {"angle": 0, "axis": "y", "origin": [8, 8, 8]},
			"faces": {
				"north": {"uv": [2.5, 11.5, 2.75, 12.5], "texture": "#2"},
				"east": {"uv": [1, 13, 1.125, 14], "texture": "#2"},
				"south": {"uv": [3, 11.5, 3.25, 12.5], "texture": "#2"},
				"west": {"uv": [1.5, 13, 1.625, 14], "texture": "#2"},
				"up": {"uv": [14.75, 6.125, 14.5, 6], "texture": "#2"},
				"down": {"uv": [6.75, 14.5, 6.5, 14.625], "texture": "#2"}
			}
		},
		{
			"from": [9, 9.26, 13.828],
			"to": [9.4, 11.26, 14.028],
			"rotation": {"angle": 0, "axis": "y", "origin": [8, 8, 8]},
			"faces": {
				"north": {"uv": [3.5, 11.5, 3.75, 12.5], "texture": "#2"},
				"east": {"uv": [2, 13, 2.125, 14], "texture": "#2"},
				"south": {"uv": [8.5, 11.5, 8.75, 12.5], "texture": "#2"},
				"west": {"uv": [2.5, 13, 2.625, 14], "texture": "#2"},
				"up": {"uv": [14.75, 6.625, 14.5, 6.5], "texture": "#2"},
				"down": {"uv": [7.25, 14.5, 7, 14.625], "texture": "#2"}
			}
		},
		{
			"from": [6.6, 9.26, 13.828],
			"to": [7, 11.26, 14.028],
			"rotation": {"angle": 0, "axis": "y", "origin": [8, 8, 8]},
			"faces": {
				"north": {"uv": [9, 11.5, 9.25, 12.5], "texture": "#2"},
				"east": {"uv": [3, 13, 3.125, 14], "texture": "#2"},
				"south": {"uv": [10, 11.5, 10.25, 12.5], "texture": "#2"},
				"west": {"uv": [3.5, 13, 3.625, 14], "texture": "#2"},
				"up": {"uv": [14.75, 7.125, 14.5, 7], "texture": "#2"},
				"down": {"uv": [7.75, 14.5, 7.5, 14.625], "texture": "#2"}
			}
		},
		{
			"from": [8.8, 11.26, 8.628],
			"to": [8.9, 11.66, 14.028],
			"rotation": {"angle": 0, "axis": "y", "origin": [8, 8, 8]},
			"faces": {
				"north": {"uv": [14.5, 7.5, 14.625, 7.75], "texture": "#2"},
				"east": {"uv": [8.5, 3, 11.25, 3.25], "texture": "#2"},
				"south": {"uv": [8, 14.5, 8.125, 14.75], "texture": "#2"},
				"west": {"uv": [8, 8.5, 10.75, 8.75], "texture": "#2"},
				"up": {"uv": [4.125, 13.25, 4, 10.5], "texture": "#2"},
				"down": {"uv": [4.625, 10.5, 4.5, 13.25], "texture": "#2"}
			}
		},
		{
			"from": [7.1, 11.26, 8.628],
			"to": [7.2, 11.66, 14.028],
			"rotation": {"angle": 0, "axis": "y", "origin": [8, 8, 8]},
			"faces": {
				"north": {"uv": [14.5, 8, 14.625, 8.25], "texture": "#2"},
				"east": {"uv": [0, 9, 2.75, 9.25], "texture": "#2"},
				"south": {"uv": [8.5, 14.5, 8.625, 14.75], "texture": "#2"},
				"west": {"uv": [5.5, 9, 8.25, 9.25], "texture": "#2"},
				"up": {"uv": [10.625, 7.25, 10.5, 4.5], "texture": "#2"},
				"down": {"uv": [7.125, 10.5, 7, 13.25], "texture": "#2"}
			}
		},
		{
			"from": [7.2, 11.26, 13.828],
			"to": [8.8, 11.66, 14.028],
			"rotation": {"angle": 0, "axis": "y", "origin": [8, 8, 8]},
			"faces": {
				"north": {"uv": [12.5, 0, 13.25, 0.25], "texture": "#2"},
				"east": {"uv": [14.5, 8.5, 14.625, 8.75], "texture": "#2"},
				"south": {"uv": [1, 12.5, 1.75, 12.75], "texture": "#2"},
				"west": {"uv": [9, 14.5, 9.125, 14.75], "texture": "#2"},
				"up": {"uv": [7.75, 13.625, 7, 13.5], "texture": "#2"},
				"down": {"uv": [14.25, 7, 13.5, 7.125], "texture": "#2"}
			}
		},
		{
			"from": [7.2, 11.26, 8.628],
			"to": [8.8, 11.66, 8.828],
			"rotation": {"angle": 0, "axis": "y", "origin": [8, 8, 8]},
			"faces": {
				"north": {"uv": [12.5, 1, 13.25, 1.25], "texture": "#2"},
				"east": {"uv": [14.5, 9, 14.625, 9.25], "texture": "#2"},
				"south": {"uv": [2, 12.5, 2.75, 12.75], "texture": "#2"},
				"west": {"uv": [9.5, 14.5, 9.625, 14.75], "texture": "#2"},
				"up": {"uv": [14.25, 7.625, 13.5, 7.5], "texture": "#2"},
				"down": {"uv": [8.75, 13.5, 8, 13.625], "texture": "#2"}
			}
		},
		{
			"from": [7.2, 8.96, 8.628],
			"to": [7.3, 9.26, 14.028],
			"rotation": {"angle": 0, "axis": "y", "origin": [8, 8, 8]},
			"faces": {
				"north": {"uv": [14.5, 12.5, 14.625, 12.625], "texture": "#2"},
				"east": {"uv": [10, 8, 12.75, 8.125], "texture": "#2"},
				"south": {"uv": [13, 14.5, 13.125, 14.625], "texture": "#2"},
				"west": {"uv": [10.5, 1.5, 13.25, 1.625], "texture": "#2"},
				"up": {"uv": [7.625, 13.25, 7.5, 10.5], "texture": "#2"},
				"down": {"uv": [8.125, 10.5, 8, 13.25], "texture": "#2"}
			}
		},
		{
			"from": [8.7, 8.96, 8.628],
			"to": [8.8, 9.26, 14.028],
			"rotation": {"angle": 0, "axis": "y", "origin": [8, 8, 8]},
			"faces": {
				"north": {"uv": [14.5, 13, 14.625, 13.125], "texture": "#2"},
				"east": {"uv": [10.5, 2.5, 13.25, 2.625], "texture": "#2"},
				"south": {"uv": [13.5, 14.5, 13.625, 14.625], "texture": "#2"},
				"west": {"uv": [10.5, 9.5, 13.25, 9.625], "texture": "#2"},
				"up": {"uv": [9.625, 13.25, 9.5, 10.5], "texture": "#2"},
				"down": {"uv": [10.625, 10, 10.5, 12.75], "texture": "#2"}
			}
		},
		{
			"from": [7, 11.26, 10.828],
			"to": [7.1, 11.66, 11.828],
			"rotation": {"angle": 0, "axis": "y", "origin": [8, 8, 8]},
			"faces": {
				"north": {"uv": [14.5, 9.5, 14.625, 9.75], "texture": "#2"},
				"east": {"uv": [13, 0.5, 13.5, 0.75], "texture": "#2"},
				"south": {"uv": [10, 14.5, 10.125, 14.75], "texture": "#2"},
				"west": {"uv": [13.5, 8, 13, 8.25], "texture": "#2"},
				"up": {"uv": [7.5, 14.5, 7.625, 14], "texture": "#2"},
				"down": {"uv": [2.625, 14, 2.5, 14.5], "texture": "#2"}
			}
		},
		{
			"from": [6.5, 9.26, 10.828],
			"to": [6.6, 11.26, 11.828],
			"rotation": {"angle": 0, "axis": "y", "origin": [8, 8, 8]},
			"faces": {
				"north": {"uv": [6, 13, 6.125, 14], "texture": "#2"},
				"east": {"uv": [7, 9.5, 7.5, 10.5], "texture": "#2"},
				"south": {"uv": [6.5, 13, 6.625, 14], "texture": "#2"},
				"west": {"uv": [7.5, 9.5, 7, 10.5], "texture": "#2"},
				"up": {"uv": [3.125, 14.5, 3, 14], "texture": "#2"},
				"down": {"uv": [3.625, 14, 3.5, 14.5], "texture": "#2"}
			}
		},
		{
			"from": [6.5, 11.26, 10.828],
			"to": [7, 11.36, 11.828],
			"rotation": {"angle": 0, "axis": "y", "origin": [8, 8, 8]},
			"faces": {
				"north": {"uv": [14.5, 10, 14.75, 10.125], "texture": "#2"},
				"east": {"uv": [14, 4, 14.5, 4.125], "texture": "#2"},
				"south": {"uv": [10.5, 14.5, 10.75, 14.625], "texture": "#2"},
				"west": {"uv": [9, 14, 8.5, 14.125], "texture": "#2"},
				"up": {"uv": [13, 9, 13.25, 8.5], "texture": "#2"},
				"down": {"uv": [13.25, 7.5, 13, 8], "texture": "#2"}
			}
		},
		{
			"from": [6.5, 9.16, 10.828],
			"to": [7.2, 9.26, 11.828],
			"rotation": {"angle": 0, "axis": "y", "origin": [8, 8, 8]},
			"faces": {
				"north": {"uv": [14.5, 0.5, 14.875, 0.625], "texture": "#2"},
				"east": {"uv": [5.5, 14, 6, 14.125], "texture": "#2"},
				"south": {"uv": [1, 14.5, 1.375, 14.625], "texture": "#2"},
				"west": {"uv": [10.5, 14, 10, 14.125], "texture": "#2"},
				"up": {"uv": [12.875, 2.5, 12.5, 2], "texture": "#2"},
				"down": {"uv": [3.5, 12.5, 3.875, 13], "texture": "#2"}
			}
		},
		{
			"from": [7.1, 11.66, 10.828],
			"to": [8.9, 11.76, 11.828],
			"rotation": {"angle": 0, "axis": "y", "origin": [8, 8, 8]},
			"faces": {
				"north": {"uv": [13.5, 1, 14.375, 1.125], "texture": "#2"},
				"east": {"uv": [6.5, 14, 7, 14.125], "texture": "#2"},
				"south": {"uv": [13.5, 1.5, 14.375, 1.625], "texture": "#2"},
				"west": {"uv": [7, 14, 6.5, 14.125], "texture": "#2"},
				"up": {"uv": [10.875, 2.5, 10, 2], "texture": "#2"},
				"down": {"uv": [10.875, 7.5, 10, 8], "texture": "#2"}
			}
		},
		{
			"from": [8.9, 11.26, 10.828],
			"to": [9, 11.66, 11.828],
			"rotation": {"angle": 0, "axis": "y", "origin": [8, 8, 8]},
			"faces": {
				"north": {"uv": [14.5, 10.5, 14.625, 10.75], "texture": "#2"},
				"east": {"uv": [13, 8, 13.5, 8.25], "texture": "#2"},
				"south": {"uv": [11, 14.5, 11.125, 14.75], "texture": "#2"},
				"west": {"uv": [8.5, 13, 9, 13.25], "texture": "#2"},
				"up": {"uv": [7.625, 14.5, 7.5, 14], "texture": "#2"},
				"down": {"uv": [8.125, 14, 8, 14.5], "texture": "#2"}
			}
		},
		{
			"from": [9, 11.26, 10.828],
			"to": [9.5, 11.36, 11.828],
			"rotation": {"angle": 0, "axis": "y", "origin": [8, 8, 8]},
			"faces": {
				"north": {"uv": [14.5, 11, 14.75, 11.125], "texture": "#2"},
				"east": {"uv": [8.5, 14, 9, 14.125], "texture": "#2"},
				"south": {"uv": [11.5, 14.5, 11.75, 14.625], "texture": "#2"},
				"west": {"uv": [9, 14, 9.5, 14.125], "texture": "#2"},
				"up": {"uv": [13.25, 9, 13, 8.5], "texture": "#2"},
				"down": {"uv": [9.25, 13, 9, 13.5], "texture": "#2"}
			}
		},
		{
			"from": [9.4, 9.26, 10.828],
			"to": [9.5, 11.26, 11.828],
			"rotation": {"angle": 0, "axis": "y", "origin": [8, 8, 8]},
			"faces": {
				"north": {"uv": [10, 13, 10.125, 14], "texture": "#2"},
				"east": {"uv": [7, 9.5, 7.5, 10.5], "texture": "#2"},
				"south": {"uv": [10.5, 13, 10.625, 14], "texture": "#2"},
				"west": {"uv": [7.5, 9.5, 7, 10.5], "texture": "#2"},
				"up": {"uv": [9.625, 14.5, 9.5, 14], "texture": "#2"},
				"down": {"uv": [14.125, 9.5, 14, 10], "texture": "#2"}
			}
		},
		{
			"from": [8.8, 9.16, 10.828],
			"to": [9.5, 9.26, 11.828],
			"rotation": {"angle": 0, "axis": "y", "origin": [8, 8, 8]},
			"faces": {
				"north": {"uv": [14.5, 1, 14.875, 1.125], "texture": "#2"},
				"east": {"uv": [10, 14, 10.5, 14.125], "texture": "#2"},
				"south": {"uv": [1.5, 14.5, 1.875, 14.625], "texture": "#2"},
				"west": {"uv": [14, 10, 14.5, 10.125], "texture": "#2"},
				"up": {"uv": [12.875, 3.5, 12.5, 3], "texture": "#2"},
				"down": {"uv": [3.875, 12.5, 3.5, 13], "texture": "#2"}
			}
		},
		{
			"from": [7.1, 8.86, 10.828],
			"to": [7.2, 9.16, 11.828],
			"rotation": {"angle": 0, "axis": "y", "origin": [8, 8, 8]},
			"faces": {
				"north": {"uv": [14.5, 13.5, 14.625, 13.625], "texture": "#2"},
				"east": {"uv": [10.5, 14, 11, 14.125], "texture": "#2"},
				"south": {"uv": [14, 14.5, 14.125, 14.625], "texture": "#2"},
				"west": {"uv": [14, 10.5, 14.5, 10.625], "texture": "#2"},
				"up": {"uv": [11.125, 14.5, 11, 14], "texture": "#2"},
				"down": {"uv": [14.125, 11, 14, 11.5], "texture": "#2"}
			}
		},
		{
			"from": [8.8, 8.86, 10.828],
			"to": [8.9, 9.16, 11.828],
			"rotation": {"angle": 0, "axis": "y", "origin": [8, 8, 8]},
			"faces": {
				"north": {"uv": [14.5, 14, 14.625, 14.125], "texture": "#2"},
				"east": {"uv": [11.5, 14, 12, 14.125], "texture": "#2"},
				"south": {"uv": [14.5, 14.5, 14.625, 14.625], "texture": "#2"},
				"west": {"uv": [14, 11.5, 14.5, 11.625], "texture": "#2"},
				"up": {"uv": [12.125, 14.5, 12, 14], "texture": "#2"},
				"down": {"uv": [14.125, 12, 14, 12.5], "texture": "#2"}
			}
		},
		{
			"from": [6.9875, 8.96, 8.228],
			"to": [9.0125, 11.06, 8.628],
			"rotation": {"angle": 0, "axis": "y", "origin": [8, 8, 8]},
			"faces": {
				"north": {"uv": [6.5, 1, 7.5, 2], "texture": "#2"},
				"east": {"uv": [11, 11.5, 11.25, 12.5], "texture": "#2"},
				"south": {"uv": [7.5, 1, 8.5, 2], "texture": "#2"},
				"west": {"uv": [11.25, 11.5, 11, 12.5], "texture": "#2"},
				"up": {"uv": [12.5, 3.25, 11.5, 3], "texture": "#2"},
				"down": {"uv": [12.5, 3, 11.5, 3.25], "texture": "#2"}
			}
		},
		{
			"from": [7.2, 9.46, 14.028],
			"to": [8.8, 11.06, 14.428],
			"rotation": {"angle": 0, "axis": "y", "origin": [8, 8, 8]},
			"faces": {
				"north": {"uv": [9, 6.5, 9.75, 7.25], "texture": "#2"},
				"east": {"uv": [5, 12.5, 5.25, 13.25], "texture": "#2"},
				"south": {"uv": [9, 7.5, 9.75, 8.25], "texture": "#2"},
				"west": {"uv": [5.25, 12.5, 5, 13.25], "texture": "#2"},
				"up": {"uv": [6.75, 12.75, 6, 12.5], "texture": "#2"},
				"down": {"uv": [9.25, 12.5, 8.5, 12.75], "texture": "#2"}
			}
		},
		{
			"from": [7.5, 9.76, 14.428],
			"to": [8.5, 10.76, 14.828],
			"rotation": {"angle": 0, "axis": "y", "origin": [8, 8, 8]},
			"faces": {
				"north": {"uv": [0, 12, 0.5, 12.5], "texture": "#2"},
				"east": {"uv": [11, 13, 11.25, 13.5], "texture": "#2"},
				"south": {"uv": [12, 0, 12.5, 0.5], "texture": "#2"},
				"west": {"uv": [11.25, 13, 11, 13.5], "texture": "#2"},
				"up": {"uv": [12, 13.25, 11.5, 13], "texture": "#2"},
				"down": {"uv": [13.5, 11.5, 13, 11.75], "texture": "#2"}
			}
		},
		{
			"from": [7, 9.26, 8.628],
			"to": [9, 11.26, 14.028],
			"rotation": {"angle": 0, "axis": "y", "origin": [8, 8, 8]},
			"faces": {
				"north": {"uv": [4.475, 2, 8.475, 6], "rotation": 180, "texture": "#1"},
				"east": {"uv": [0, 2, 10.8, 6], "texture": "#1"},
				"south": {"uv": [4.475, 2, 8.475, 6], "rotation": 180, "texture": "#1"},
				"west": {"uv": [0, 2, 10.8, 6], "texture": "#1"},
				"up": {"uv": [4.475, 2, 15.275, 6], "rotation": 270, "texture": "#1"},
				"down": {"uv": [0, 2, 4, 12.8], "texture": "#1"}
			}
		},
		{
			"from": [7.2, 11.26, 8.828],
			"to": [8.8, 11.66, 13.828],
			"rotation": {"angle": 0, "axis": "y", "origin": [8, 8, 8]},
			"faces": {
				"north": {"uv": [0, 2, 3.2, 2.8], "texture": "#1"},
				"east": {"uv": [0, 2, 10, 2.8], "texture": "#1"},
				"south": {"uv": [0, 2, 3.2, 2.8], "texture": "#1"},
				"west": {"uv": [0, 2, 10, 2.8], "texture": "#1"},
				"up": {"uv": [4.475, 2, 14.475, 5.2], "rotation": 270, "texture": "#1"},
				"down": {"uv": [0, 2, 3.2, 12], "texture": "#1"}
			}
		},
		{
			"from": [6.6, 9.46, 8.828],
			"to": [7, 11.06, 13.828],
			"rotation": {"angle": 0, "axis": "y", "origin": [8, 8, 8]},
			"faces": {
				"north": {"uv": [0, 2, 3.2, 2.8], "rotation": 90, "texture": "#1"},
				"east": {"uv": [8.875, 8.875, 18.875, 12.075], "texture": "#1"},
				"south": {"uv": [0, 2, 3.2, 2.8], "rotation": 90, "texture": "#1"},
				"west": {"uv": [11.625, 2, 14.825, 12], "rotation": 270, "texture": "#1"},
				"up": {"uv": [0, 2, 10, 2.8], "rotation": 270, "texture": "#1"},
				"down": {"uv": [0, 2, 10, 2.8], "rotation": 270, "texture": "#1"}
			}
		},
		{
			"from": [9, 9.46, 8.828],
			"to": [9.4, 11.06, 13.828],
			"rotation": {"angle": 0, "axis": "y", "origin": [8, 8, 8]},
			"faces": {
				"north": {"uv": [0, 2, 3.2, 2.8], "rotation": 90, "texture": "#1"},
				"east": {"uv": [11.625, 2, 14.825, 12], "rotation": 270, "texture": "#1"},
				"south": {"uv": [0, 2, 3.2, 2.8], "rotation": 270, "texture": "#1"},
				"west": {"uv": [0, 2, 3.2, 12], "rotation": 270, "texture": "#1"},
				"up": {"uv": [0, 2, 10, 2.8], "rotation": 270, "texture": "#1"},
				"down": {"uv": [0, 2, 10, 2.8], "rotation": 270, "texture": "#1"}
			}
		},
		{
			"from": [7.7, 10.06, 14.828],
			"to": [8.3, 10.46, 15.428],
			"rotation": {"angle": 0, "axis": "y", "origin": [8, 8, 8]},
			"faces": {
				"north": {"uv": [14, 12.5, 14.25, 12.75], "texture": "#2"},
				"east": {"uv": [14, 12.5, 14.25, 12.75], "texture": "#2"},
				"south": {"uv": [14, 12.5, 14.25, 12.75], "texture": "#2"},
				"west": {"uv": [14, 12.5, 14.25, 12.75], "texture": "#2"},
				"up": {"uv": [14, 12.5, 14.25, 12.75], "texture": "#2"},
				"down": {"uv": [14, 12.75, 14.25, 12.5], "texture": "#2"}
			}
		},
		{
			"from": [7.7, 8.96, 15.428],
			"to": [8.3, 11.56, 16.028],
			"rotation": {"angle": 0, "axis": "y", "origin": [8, 8, 8]},
			"faces": {
				"north": {"uv": [5, 11, 5.25, 12.25], "texture": "#2"},
				"east": {"uv": [5.5, 11, 5.75, 12.25], "texture": "#2"},
				"south": {"uv": [6, 11, 6.25, 12.25], "texture": "#2"},
				"west": {"uv": [5.75, 11, 5.5, 12.25], "texture": "#2"},
				"up": {"uv": [14.25, 14.25, 14, 14], "texture": "#2"},
				"down": {"uv": [0.25, 14.5, 0, 14.75], "texture": "#2"}
			}
		},
		{
			"from": [7.22, 4.521, 4.398],
			"to": [8.78, 8.733, 6.458],
			"rotation": {"angle": 0, "axis": "y", "origin": [8, 8, 8]},
			"faces": {
				"north": {"uv": [0.75, 6.5, 0, 8.625], "texture": "#2"},
				"east": {"uv": [1, 3, 2, 5.125], "texture": "#2"},
				"south": {"uv": [0.75, 6.5, 0, 8.625], "texture": "#2"},
				"west": {"uv": [5, 2, 6, 4.125], "texture": "#2"},
				"up": {"uv": [8.75, 8.5, 8, 7.5], "texture": "#2"},
				"down": {"uv": [9.25, 1, 8.5, 2], "texture": "#2"}
			}
		},
		{
			"from": [6.97, 4.521, 4.648],
			"to": [9.03, 8.733, 6.208],
			"rotation": {"angle": 0, "axis": "y", "origin": [8, 8, 8]},
			"faces": {
				"north": {"uv": [5, 4.5, 6, 6.625], "texture": "#2"},
				"east": {"uv": [0, 6.5, 0.75, 8.625], "texture": "#2"},
				"south": {"uv": [1, 5.5, 2, 7.625], "texture": "#2"},
				"west": {"uv": [0.75, 6.5, 0, 8.625], "texture": "#2"},
				"up": {"uv": [9.5, 2.75, 8.5, 2], "texture": "#2"},
				"down": {"uv": [5.5, 8.5, 4.5, 9.25], "texture": "#2"}
			}
		},
		{
			"from": [7.22, 4.059, 4.648],
			"to": [8.78, 4.521, 6.208],
			"rotation": {"angle": 0, "axis": "y", "origin": [8, 8, 8]},
			"faces": {
				"north": {"uv": [12.5, 10, 13.25, 10.25], "texture": "#2"},
				"east": {"uv": [12.5, 10, 13.25, 10.25], "texture": "#2"},
				"south": {"uv": [12.5, 10, 13.25, 10.25], "texture": "#2"},
				"west": {"uv": [12.5, 10, 13.25, 10.25], "texture": "#2"},
				"up": {"uv": [2.25, 10.25, 1.5, 9.5], "texture": "#2"},
				"down": {"uv": [10.25, 3.5, 9.5, 4.25], "texture": "#2"}
			}
		},
		{
			"from": [7.22, 8.733, 4.648],
			"to": [8.78, 8.97, 6.208],
			"rotation": {"angle": 0, "axis": "y", "origin": [8, 8, 8]},
			"faces": {
				"north": {"uv": [13.5, 8, 14.25, 8.125], "texture": "#2"},
				"east": {"uv": [13.5, 8.5, 14.25, 8.625], "texture": "#2"},
				"south": {"uv": [9, 13.5, 9.75, 13.625], "texture": "#2"},
				"west": {"uv": [13.5, 8.5, 14.25, 8.625], "texture": "#2"},
				"up": {"uv": [4.75, 10.25, 4, 9.5], "texture": "#2"},
				"down": {"uv": [10.25, 4.5, 9.5, 5.25], "texture": "#2"}
			}
		}
	],
	"display": {
		"thirdperson_righthand": {
			"rotation": [67.5, 0, 0],
			"translation": [-1.75, 5.75, -0.5]
		},
		"thirdperson_lefthand": {
			"rotation": [67.5, 0, 0],
			"translation": [-1.75, 5.75, -0.5]
		},
		"firstperson_righthand": {
			"translation": [-0.75, -2, -12.25],
			"scale": [2, 2, 2]
		},
		"firstperson_lefthand": {
			"translation": [-0.75, -2, -12.25],
			"scale": [2, 2, 2]
		},
		"ground": {
			"translation": [0, 0.25, 0]
		},
		"gui": {
			"rotation": [159.18, -42.16, -176.01],
			"translation": [-0.75, -1, 0],
			"scale": [1.15, 1.15, 1.15]
		},
		"fixed": {
			"rotation": [0, 90, 0],
			"translation": [0, 0, -1.5],
			"scale": [2, 2, 2]
		}
	},
	"groups": [
		{
			"name": "gas_blaster",
			"origin": [7.5, 8.46, 10.328],
			"color": 0,
			"children": [
				{
					"name": "barrel",
					"origin": [-0.4975, 0.36, 1.528],
					"color": 0,
					"children": [0, 1, 2, 3]
				},
				{
					"name": "body",
					"origin": [-0.5, 0.36, 1.528],
					"color": 0,
					"children": [4, 5, 6]
				},
				{
					"name": "handle",
					"origin": [-0.5, 0.36, 1.528],
					"color": 0,
					"children": [7, 8, 9, 10, 11, 12, 13, 14, 15]
				},
				{
					"name": "trigger",
					"origin": [15.5, 6.51, 13.453],
					"color": 0,
					"children": [16, 17]
				},
				{
					"name": "tanks",
					"origin": [8, 8, 8],
					"color": 0,
					"children": [
						{
							"name": "tank",
							"origin": [7.5, 8.46, 10.328],
							"color": 0,
							"children": [
								{
									"name": "gas_tank_cover",
									"origin": [6.7, 9.06, 13.628],
									"color": 0,
									"children": [18, 19, 20, 21, 22, 23, 24, 25, 26, 27, 28, 29, 30, 31, 32, 33, 34, 35, 36, 37, 38, 39, 40, 41, 42, 43, 44, 45, 46, 47]
								},
								{
									"name": "gas_tank",
									"origin": [8, 11.46, 13.428],
									"color": 0,
									"children": [48, 49, 50, 51]
								},
								{
									"name": "valve",
									"origin": [-0.5, 0.46, 3.128],
									"color": 0,
									"children": [52, 53]
								}
							]
						},
						{
							"name": "small_tank",
							"origin": [7.51, 8.46, 10.328],
							"color": 0,
							"children": [
								{
									"name": "gas_tank",
									"origin": [8.01, 11.46, 13.428],
									"color": 0,
									"children": [54, 55, 56, 57]
								}
							]
						}
					]
				}
			]
		}
	]
}