{
	"credit": "Made with Blockbench",
	"texture_size": [32, 32],
	"textures": {
		"0": "aoa3:item/ghast_blaster",
		"1": "aoa3:item/ghast_blaster_parts",
		"particle": "aoa3:item/ghast_blaster"
	},
	"elements": [
		{
			"from": [6.99994, 8.04544, 10.38125],
			"to": [8.99994, 8.44544, 16.73125],
			"rotation": {"angle": 0, "axis": "y", "origin": [8, 8, 8]},
			"faces": {
				"north": {"uv": [9.25, 6.5, 9.75, 6.625], "texture": "#0"},
				"east": {"uv": [8.3125, 5, 6.75, 5.125], "texture": "#0"},
				"south": {"uv": [9.25, 7.5, 9.75, 7.625], "texture": "#0"},
				"west": {"uv": [6.75, 5, 8.3125, 5.125], "texture": "#0"},
				"up": {"uv": [3, 3.3125, 2.5, 1.75], "texture": "#0"},
				"down": {"uv": [3.5, 1.75, 3, 3.3125], "texture": "#0"}
			}
		},
		{
			"from": [6.99994, 7.64544, 10.38125],
			"to": [8.99994, 8.04544, 13.70625],
			"rotation": {"angle": 0, "axis": "y", "origin": [8, 8, 8]},
			"faces": {
				"north": {"uv": [9.25, 7.75, 9.75, 7.875], "texture": "#0"},
				"east": {"uv": [9.5625, 4.75, 8.75, 4.875], "texture": "#0"},
				"south": {"uv": [9.25, 8, 9.75, 8.125], "texture": "#0"},
				"west": {"uv": [8.75, 4.75, 9.5625, 4.875], "texture": "#0"},
				"up": {"uv": [6, 4.5625, 5.5, 3.75], "texture": "#0"},
				"down": {"uv": [6, 4.75, 5.5, 5.5625], "texture": "#0"}
			}
		},
		{
			"from": [6.99994, 8.44544, 10.38125],
			"to": [8.99994, 8.84544, 15.73125],
			"rotation": {"angle": 0, "axis": "y", "origin": [8, 8, 8]},
			"faces": {
				"north": {"uv": [9.25, 8.25, 9.75, 8.375], "texture": "#0"},
				"east": {"uv": [9.0625, 6.5, 7.75, 6.625], "texture": "#0"},
				"south": {"uv": [9.25, 8.5, 9.75, 8.625], "texture": "#0"},
				"west": {"uv": [7.75, 6.5, 9.0625, 6.625], "texture": "#0"},
				"up": {"uv": [3.75, 1.3125, 3.25, 0], "texture": "#0"},
				"down": {"uv": [0.5, 3.5, 0, 4.8125], "texture": "#0"}
			}
		},
		{
			"from": [6.99994, 8.84544, 10.38125],
			"to": [8.99994, 9.24544, 15.23125],
			"rotation": {"angle": 0, "axis": "y", "origin": [8, 8, 8]},
			"faces": {
				"north": {"uv": [9.25, 8.75, 9.75, 8.875], "texture": "#0"},
				"east": {"uv": [9.1875, 5.75, 8, 5.875], "texture": "#0"},
				"south": {"uv": [9.25, 9, 9.75, 9.125], "texture": "#0"},
				"west": {"uv": [8, 5.75, 9.1875, 5.875], "texture": "#0"},
				"up": {"uv": [3.25, 4.6875, 2.75, 3.5], "texture": "#0"},
				"down": {"uv": [3.75, 3.75, 3.25, 4.9375], "texture": "#0"}
			}
		},
		{
			"from": [6.99994, 9.24544, 10.38125],
			"to": [8.99994, 9.64544, 14.23125],
			"rotation": {"angle": 0, "axis": "y", "origin": [8, 8, 8]},
			"faces": {
				"north": {"uv": [9.25, 9.25, 9.75, 9.375], "texture": "#0"},
				"east": {"uv": [9.4375, 6, 8.5, 6.125], "texture": "#0"},
				"south": {"uv": [0.75, 9.5, 1.25, 9.625], "texture": "#0"},
				"west": {"uv": [8.5, 6, 9.4375, 6.125], "texture": "#0"},
				"up": {"uv": [4, 5.9375, 3.5, 5], "texture": "#0"},
				"down": {"uv": [5.5, 3.75, 5, 4.6875], "texture": "#0"}
			}
		},
		{
			"from": [6.99994, 9.64544, 10.38125],
			"to": [8.99994, 10.04544, 13.73125],
			"rotation": {"angle": 0, "axis": "y", "origin": [8, 8, 8]},
			"faces": {
				"north": {"uv": [9.5, 1, 10, 1.125], "texture": "#0"},
				"east": {"uv": [9.8125, 0, 9, 0.125], "texture": "#0"},
				"south": {"uv": [9.5, 1.25, 10, 1.375], "texture": "#0"},
				"west": {"uv": [9, 0, 9.8125, 0.125], "texture": "#0"},
				"up": {"uv": [6.25, 1.8125, 5.75, 1], "texture": "#0"},
				"down": {"uv": [4.5, 5.75, 4, 6.5625], "texture": "#0"}
			}
		},
		{
			"from": [6.74994, 7.39544, 9.28125],
			"to": [9.24994, 10.54544, 10.38125],
			"rotation": {"angle": 0, "axis": "y", "origin": [8, 8, 8]},
			"faces": {
				"north": {"uv": [4.25, 4.75, 4.875, 5.5625], "texture": "#0"},
				"east": {"uv": [2.25, 5, 2, 5.8125], "texture": "#0"},
				"south": {"uv": [1.25, 5, 1.875, 5.8125], "texture": "#0"},
				"west": {"uv": [2, 5, 2.25, 5.8125], "texture": "#0"},
				"up": {"uv": [8.375, 7, 7.75, 6.75], "texture": "#0"},
				"down": {"uv": [8.375, 7, 7.75, 7.25], "texture": "#0"}
			}
		},
		{
			"from": [6.49994, 7.14544, -1.31875],
			"to": [9.49994, 10.54544, 4.53125],
			"rotation": {"angle": 0, "axis": "y", "origin": [8, 8, 8]},
			"faces": {
				"north": {"uv": [0.5, 3.5, 1.25, 4.375], "texture": "#0"},
				"east": {"uv": [1.4375, 1, 0, 1.875], "texture": "#0"},
				"south": {"uv": [3.5, 1.5, 4.25, 2.375], "texture": "#0"},
				"west": {"uv": [0, 1, 1.4375, 1.875], "texture": "#0"},
				"up": {"uv": [0.75, 3.4375, 0, 2], "texture": "#0"},
				"down": {"uv": [1.5, 2, 0.75, 3.4375], "texture": "#0"}
			}
		},
		{
			"from": [5.99994, 6.64544, -2.01875],
			"to": [9.99994, 11.04544, -1.16875],
			"rotation": {"angle": 0, "axis": "y", "origin": [8, 8, 8]},
			"faces": {
				"north": {"uv": [1.5, 0, 2.5, 1.125], "texture": "#0"},
				"east": {"uv": [2.9375, 6.75, 2.75, 7.875], "texture": "#0"},
				"south": {"uv": [1.5, 1.25, 2.5, 2.375], "texture": "#0"},
				"west": {"uv": [2.75, 6.75, 2.9375, 7.875], "texture": "#0"},
				"up": {"uv": [7.75, 5.4375, 6.75, 5.25], "texture": "#0"},
				"down": {"uv": [8, 5.75, 7, 5.9375], "texture": "#0"}
			}
		},
		{
			"from": [6.74994, 7.39544, 4.53125],
			"to": [9.24994, 10.54544, 5.63125],
			"rotation": {"angle": 0, "axis": "y", "origin": [8, 8, 8]},
			"faces": {
				"north": {"uv": [5, 1.75, 5.625, 2.5625], "texture": "#0"},
				"east": {"uv": [5, 6.75, 4.75, 7.5625], "texture": "#0"},
				"south": {"uv": [2.75, 5, 3.375, 5.8125], "texture": "#0"},
				"west": {"uv": [4.75, 6.75, 5, 7.5625], "texture": "#0"},
				"up": {"uv": [8.375, 7.5, 7.75, 7.25], "texture": "#0"},
				"down": {"uv": [8.625, 1.75, 8, 2], "texture": "#0"}
			}
		},
		{
			"from": [6.74994, 7.39544, 5.63125],
			"to": [9.24994, 9.79544, 9.28125],
			"rotation": {"angle": 0, "axis": "y", "origin": [8, 8, 8]},
			"faces": {
				"north": {"uv": [6, 0, 6.625, 0.625], "texture": "#0"},
				"east": {"uv": [2.1875, 4.25, 1.25, 4.875], "texture": "#0"},
				"south": {"uv": [1, 6, 1.625, 6.625], "texture": "#0"},
				"west": {"uv": [1.25, 4.25, 2.1875, 4.875], "texture": "#0"},
				"up": {"uv": [4.875, 4.6875, 4.25, 3.75], "texture": "#0"},
				"down": {"uv": [1.125, 4.5, 0.5, 5.4375], "texture": "#0"}
			}
		},
		{
			"from": [6.49994, 10.54544, 0.18125],
			"to": [9.49994, 10.94544, 2.53125],
			"rotation": {"angle": 0, "axis": "y", "origin": [8, 8, 8]},
			"faces": {
				"north": {"uv": [6, 7, 7.5, 7.25], "texture": "#1"},
				"east": {"uv": [4.625, 7.5, 3.5, 7.75], "texture": "#1"},
				"south": {"uv": [7, 6, 8.5, 6.25], "texture": "#1"},
				"west": {"uv": [3.5, 7.5, 4.625, 7.75], "texture": "#1"},
				"up": {"uv": [1.5, 1.125, 0, 0], "texture": "#1"},
				"down": {"uv": [1.5, 1.5, 0, 2.625], "texture": "#1"}
			}
		},
		{
			"from": [6.49994, 6.74544, 0.18125],
			"to": [9.49994, 7.14544, 2.53125],
			"rotation": {"angle": 0, "axis": "y", "origin": [8, 8, 8]},
			"faces": {
				"north": {"uv": [7, 6.5, 8.5, 6.75], "texture": "#1"},
				"east": {"uv": [8.625, 4, 7.5, 4.25], "texture": "#1"},
				"south": {"uv": [0, 7.5, 1.5, 7.75], "texture": "#1"},
				"west": {"uv": [7.5, 4, 8.625, 4.25], "texture": "#1"},
				"up": {"uv": [3, 1.125, 1.5, 0], "texture": "#1"},
				"down": {"uv": [3, 1.5, 1.5, 2.625], "texture": "#1"}
			}
		},
		{
			"from": [6.75002, 10.54544, 4.28125],
			"to": [9.25002, 10.94544, 5.63125],
			"rotation": {"angle": 0, "axis": "y", "origin": [8, 8, 8]},
			"faces": {
				"north": {"uv": [8.75, 0.5, 7.5, 0.7], "texture": "#1"},
				"east": {"uv": [8.125, 7.5, 7.5, 7.75], "texture": "#1"},
				"south": {"uv": [7.5, 0.5, 8.75, 0.7], "texture": "#1"},
				"west": {"uv": [7.5, 7.5, 8.125, 7.75], "texture": "#1"},
				"up": {"uv": [16, 0.74688, 14.75, 0], "texture": "#1"},
				"down": {"uv": [6, 3, 4.5, 3.625], "texture": "#1"}
			}
		},
		{
			"from": [6.91002, 5.65044, 16.96125],
			"to": [9.09002, 6.91544, 18.22625],
			"rotation": {"angle": 0, "axis": "y", "origin": [8, 8, 8]},
			"faces": {
				"north": {"uv": [4.5, 4, 5.625, 4.625], "texture": "#1"},
				"east": {"uv": [0.625, 6.5, 0, 7.125], "texture": "#1"},
				"south": {"uv": [3, 5, 4.125, 5.625], "texture": "#1"},
				"west": {"uv": [0, 6.5, 0.625, 7.125], "texture": "#1"},
				"up": {"uv": [5.625, 5.625, 4.5, 5], "texture": "#1"},
				"down": {"uv": [1.125, 5.5, 0, 6.125], "texture": "#1"}
			}
		},
		{
			"from": [6.91002, 6.91544, 15.47125],
			"to": [9.09002, 8.95544, 18.23625],
			"rotation": {"angle": 0, "axis": "y", "origin": [8, 8, 8]},
			"faces": {
				"north": {"uv": [3, 4, 4.125, 5], "texture": "#1"},
				"east": {"uv": [4.375, 1.5, 3, 2.5], "texture": "#1"},
				"south": {"uv": [0, 4.5, 1.125, 5.5], "texture": "#1"},
				"west": {"uv": [3, 1.5, 4.375, 2.5], "texture": "#1"},
				"up": {"uv": [1.125, 4.375, 0, 3], "texture": "#1"},
				"down": {"uv": [4.125, 0, 3, 1.375], "texture": "#1"}
			}
		},
		{
			"from": [6.91002, 7.43044, 14.45625],
			"to": [9.09002, 9.67044, 15.47125],
			"rotation": {"angle": 0, "axis": "y", "origin": [8, 8, 8]},
			"faces": {
				"north": {"uv": [3, 2.5, 4.125, 3.625], "texture": "#1"},
				"east": {"uv": [2.5, 5.5, 2, 6.625], "texture": "#1"},
				"south": {"uv": [1.5, 4, 2.625, 5.125], "texture": "#1"},
				"west": {"uv": [2, 5.5, 2.5, 6.625], "texture": "#1"},
				"up": {"uv": [7.125, 0.5, 6, 0], "texture": "#1"},
				"down": {"uv": [7.125, 0.5, 6, 1], "texture": "#1"}
			}
		},
		{
			"from": [6.91002, 6.20044, 16.22125],
			"to": [9.09002, 6.91544, 16.96125],
			"rotation": {"angle": 0, "axis": "y", "origin": [8, 8, 8]},
			"faces": {
				"north": {"uv": [6, 2, 7.125, 2.375], "texture": "#1"},
				"east": {"uv": [0.875, 8, 0.5, 8.375], "texture": "#1"},
				"south": {"uv": [6, 2.5, 7.125, 2.875], "texture": "#1"},
				"west": {"uv": [0.5, 8, 0.875, 8.375], "texture": "#1"},
				"up": {"uv": [4.125, 6.375, 3, 6], "texture": "#1"},
				"down": {"uv": [7.125, 3, 6, 3.375], "texture": "#1"}
			}
		},
		{
			"from": [6.91002, 8.95544, 15.47125],
			"to": [9.09002, 9.67044, 16.21125],
			"rotation": {"angle": 0, "axis": "y", "origin": [8, 8, 8]},
			"faces": {
				"north": {"uv": [6, 3.5, 7.125, 3.875], "texture": "#1"},
				"east": {"uv": [8.375, 1, 8, 1.375], "texture": "#1"},
				"south": {"uv": [6, 4, 7.125, 4.375], "texture": "#1"},
				"west": {"uv": [8, 1, 8.375, 1.375], "texture": "#1"},
				"up": {"uv": [5.625, 6.375, 4.5, 6], "texture": "#1"},
				"down": {"uv": [7.125, 4.5, 6, 4.875], "texture": "#1"}
			}
		},
		{
			"from": [6.91002, 7.93044, 13.70625],
			"to": [9.09002, 9.67044, 14.47125],
			"rotation": {"angle": 0, "axis": "y", "origin": [8, 8, 8]},
			"faces": {
				"north": {"uv": [4.5, 0, 5.625, 0.875], "texture": "#1"},
				"east": {"uv": [7.875, 2, 7.5, 2.875], "texture": "#1"},
				"south": {"uv": [4.5, 1, 5.625, 1.875], "texture": "#1"},
				"west": {"uv": [7.5, 2, 7.875, 2.875], "texture": "#1"},
				"up": {"uv": [7.125, 5.375, 6, 5], "texture": "#1"},
				"down": {"uv": [7.125, 5.5, 6, 5.875], "texture": "#1"}
			}
		},
		{
			"from": [7.50506, 5.16794, 11.495],
			"to": [8.49506, 5.34119, 12.4355],
			"rotation": {"angle": 0, "axis": "y", "origin": [8, 8, 8]},
			"faces": {
				"north": {"uv": [5, 8.5, 5.5, 8.625], "texture": "#1"},
				"east": {"uv": [9, 5.5, 8.5, 5.625], "texture": "#1"},
				"south": {"uv": [5.5, 8.5, 6, 8.625], "texture": "#1"},
				"west": {"uv": [8.5, 5.5, 9, 5.625], "texture": "#1"},
				"up": {"uv": [8, 5, 7.5, 4.5], "texture": "#1"},
				"down": {"uv": [5.5, 7.5, 5, 8], "texture": "#1"}
			}
		},
		{
			"from": [7.50506, 5.51444, 11.297],
			"to": [8.49506, 5.68769, 12.80675],
			"rotation": {"angle": 0, "axis": "y", "origin": [8, 8, 8]},
			"faces": {
				"north": {"uv": [6, 8.5, 6.5, 8.625], "texture": "#1"},
				"east": {"uv": [8.75, 4.5, 8, 4.625], "texture": "#1"},
				"south": {"uv": [8.5, 6, 9, 6.125], "texture": "#1"},
				"west": {"uv": [8, 4.5, 8.75, 4.625], "texture": "#1"},
				"up": {"uv": [1.5, 7.25, 1, 6.5], "texture": "#1"},
				"down": {"uv": [7, 1, 6.5, 1.75], "texture": "#1"}
			}
		},
		{
			"from": [7.50506, 5.34119, 11.297],
			"to": [8.49506, 5.51444, 12.60875],
			"rotation": {"angle": 0, "axis": "y", "origin": [8, 8, 8]},
			"faces": {
				"north": {"uv": [6.5, 8.5, 7, 8.625], "texture": "#1"},
				"east": {"uv": [4.625, 8.5, 4, 8.625], "texture": "#1"},
				"south": {"uv": [8.5, 6.5, 9, 6.625], "texture": "#1"},
				"west": {"uv": [4, 8.5, 4.625, 8.625], "texture": "#1"},
				"up": {"uv": [3, 8.125, 2.5, 7.5], "texture": "#1"},
				"down": {"uv": [3.5, 7.5, 3, 8.125], "texture": "#1"}
			}
		},
		{
			"from": [7.50506, 5.68769, 11.099],
			"to": [8.49506, 6.03419, 12.80675],
			"rotation": {"angle": 0, "axis": "y", "origin": [8, 8, 8]},
			"faces": {
				"north": {"uv": [7, 8.5, 7.5, 8.625], "texture": "#1"},
				"east": {"uv": [4.375, 8, 3.5, 8.125], "texture": "#1"},
				"south": {"uv": [8.5, 7, 9, 7.125], "texture": "#1"},
				"west": {"uv": [3.5, 8, 4.375, 8.125], "texture": "#1"},
				"up": {"uv": [3, 6.375, 2.5, 5.5], "texture": "#1"},
				"down": {"uv": [6.5, 1, 6, 1.875], "texture": "#1"}
			}
		},
		{
			"from": [7.50506, 6.03419, 11.10075],
			"to": [8.49506, 6.28169, 12.6335],
			"rotation": {"angle": 0, "axis": "y", "origin": [8, 8, 8]},
			"faces": {
				"north": {"uv": [7.5, 8.5, 8, 8.625], "texture": "#1"},
				"east": {"uv": [7.25, 8, 6.5, 8.125], "texture": "#1"},
				"south": {"uv": [8.5, 7.5, 9, 7.625], "texture": "#1"},
				"west": {"uv": [6.5, 8, 7.25, 8.125], "texture": "#1"},
				"up": {"uv": [3, 7.25, 2.5, 6.5], "texture": "#1"},
				"down": {"uv": [3.5, 6.5, 3, 7.25], "texture": "#1"}
			}
		},
		{
			"from": [7.50506, 6.28169, 10.92925],
			"to": [8.49506, 6.65294, 12.41075],
			"rotation": {"angle": 0, "axis": "y", "origin": [8, 8, 8]},
			"faces": {
				"north": {"uv": [8, 8.5, 8.5, 8.625], "texture": "#1"},
				"east": {"uv": [0.75, 8.5, 0, 8.625], "texture": "#1"},
				"south": {"uv": [8.5, 8, 9, 8.125], "texture": "#1"},
				"west": {"uv": [0, 8.5, 0.75, 8.625], "texture": "#1"},
				"up": {"uv": [4, 7.25, 3.5, 6.5], "texture": "#1"},
				"down": {"uv": [4.5, 6.5, 4, 7.25], "texture": "#1"}
			}
		},
		{
			"from": [7.50506, 6.65294, 10.72925],
			"to": [8.49506, 6.82619, 12.21275],
			"rotation": {"angle": 0, "axis": "y", "origin": [8, 8, 8]},
			"faces": {
				"north": {"uv": [8.5, 8.5, 9, 8.625], "texture": "#1"},
				"east": {"uv": [9.25, 1, 8.5, 1.125], "texture": "#1"},
				"south": {"uv": [0, 9, 0.5, 9.125], "texture": "#1"},
				"west": {"uv": [8.5, 1, 9.25, 1.125], "texture": "#1"},
				"up": {"uv": [5, 7.25, 4.5, 6.5], "texture": "#1"},
				"down": {"uv": [5.5, 6.5, 5, 7.25], "texture": "#1"}
			}
		},
		{
			"from": [7.50506, 6.82619, 10.57925],
			"to": [8.49506, 7.22219, 12.0395],
			"rotation": {"angle": 0, "axis": "y", "origin": [8, 8, 8]},
			"faces": {
				"north": {"uv": [1.5, 8, 2, 8.25], "texture": "#1"},
				"east": {"uv": [6.25, 7.5, 5.5, 7.75], "texture": "#1"},
				"south": {"uv": [8, 1.5, 8.5, 1.75], "texture": "#1"},
				"west": {"uv": [5.5, 7.5, 6.25, 7.75], "texture": "#1"},
				"up": {"uv": [6, 7.25, 5.5, 6.5], "texture": "#1"},
				"down": {"uv": [7.5, 1, 7, 1.75], "texture": "#1"}
			}
		},
		{
			"from": [7.50506, 7.22219, 10.38125],
			"to": [8.49506, 7.64544, 11.86625],
			"rotation": {"angle": 0, "axis": "y", "origin": [8, 8, 8]},
			"faces": {
				"north": {"uv": [2, 8, 2.5, 8.25], "texture": "#1"},
				"east": {"uv": [7.25, 7.5, 6.5, 7.75], "texture": "#1"},
				"south": {"uv": [8, 2, 8.5, 2.25], "texture": "#1"},
				"west": {"uv": [6.5, 7.5, 7.25, 7.75], "texture": "#1"},
				"up": {"uv": [2, 7.75, 1.5, 7], "texture": "#1"},
				"down": {"uv": [2.5, 7, 2, 7.75], "texture": "#1"}
			}
		},
		{
			"from": [7.74998, 6.67044, 9.58125],
			"to": [8.24998, 7.49544, 9.95625],
			"rotation": {"angle": 0, "axis": "y", "origin": [8, 8, 8]},
			"faces": {
				"north": {"uv": [2.5, 8.5, 2.75, 8.875], "texture": "#1"},
				"east": {"uv": [2.5, 8.5, 2.75, 8.875], "texture": "#1"},
				"south": {"uv": [2.5, 8.5, 2.75, 8.875], "texture": "#1"},
				"west": {"uv": [2.5, 8.5, 2.75, 8.875], "texture": "#1"},
				"up": {"uv": [2.5, 8.5, 2.75, 8.875], "texture": "#1"},
				"down": {"uv": [2.5, 8.5, 2.75, 8.875], "texture": "#1"}
			}
		},
		{
			"from": [7.74998, 6.52044, 9.20625],
			"to": [8.24998, 6.84544, 9.58125],
			"rotation": {"angle": 0, "axis": "y", "origin": [8, 8, 8]},
			"faces": {
				"north": {"uv": [9, 2, 9.25, 2.125], "texture": "#1"},
				"east": {"uv": [9, 2, 9.25, 2.125], "texture": "#1"},
				"south": {"uv": [9, 2, 9.25, 2.125], "texture": "#1"},
				"west": {"uv": [9, 2, 9.25, 2.125], "texture": "#1"},
				"up": {"uv": [9, 2, 9.25, 2.125], "texture": "#1"},
				"down": {"uv": [9, 2, 9.25, 2.125], "texture": "#1"}
			}
		}
	],
	"display": {
		"thirdperson_righthand": {
			"rotation": [67.5, 0, 0],
			"translation": [-1.75, 3.5, 1.75]
		},
		"thirdperson_lefthand": {
			"rotation": [67.5, 0, 0],
			"translation": [-1.75, 3.5, 1.75]
		},
		"firstperson_righthand": {
			"translation": [-1.5, -0.75, -6.5],
			"scale": [2, 2, 2]
		},
		"firstperson_lefthand": {
			"translation": [-1.5, -0.75, -6.5],
			"scale": [2, 2, 2]
		},
		"gui": {
			"rotation": [159.34, -35.7, -177.05],
			"translation": [-0.25, 0, 0]
		},
		"fixed": {
			"rotation": [0, 90, 0],
			"scale": [2, 2, 2]
		}
	},
	"groups": [
		{
			"name": "ghast_blaster",
			"origin": [8.00002, 14.45862, 5.98125],
			"color": 0,
			"children": [
				{
					"name": "barrel",
					"origin": [7.84986, 2.42043, 10.3146],
					"color": 0,
					"children": [
						{
							"name": "body",
							"origin": [7.84986, 14.32902, 10.3146],
							"color": 0,
							"children": [0, 1, 2, 3, 4, 5]
						},
						{
							"name": "barrel",
							"origin": [7.84986, 14.32902, 10.3146],
							"color": 0,
							"children": [6, 7, 8, 9, 10]
						}
					]
				},
				{
					"name": "covers",
					"origin": [8.25002, 10.56419, 10.35],
					"color": 0,
					"children": [11, 12, 13]
				},
				{
					"name": "stock",
					"origin": [8.31826, 7.82508, 1.67704],
					"color": 0,
					"children": [14, 15, 16, 17, 18, 19]
				},
				{
					"name": "handle",
					"origin": [8.67746, 5.67472, 10.11262],
					"color": 0,
					"children": [
						{
							"name": "grip",
							"origin": [8.68254, -2.32528, 2.11262],
							"color": 0,
							"children": [20, 21, 22, 23, 24, 25, 26, 27, 28]
						},
						{
							"name": "trigger",
							"origin": [8.35498, 14.32902, 10.3146],
							"color": 0,
							"children": [29, 30]
						}
					]
				}
			]
		}
	]
}