{
	"credit": "Made with Blockbench",
	"texture_size": [32, 32],
	"textures": {
		"0": "aoa3:item/ghoul_gasser",
		"particle": "aoa3:item/ghoul_gasser"
	},
	"elements": [
		{
			"from": [7.5, 5.075, 11.95],
			"to": [8.5, 5.775, 13.55],
			"rotation": {"angle": 0, "axis": "y", "origin": [8, 8, 8]},
			"faces": {
				"north": {"uv": [12.5, 6, 13, 6.375], "texture": "#0"},
				"east": {"uv": [12, 1.5, 12.75, 1.875], "texture": "#0"},
				"south": {"uv": [7, 12.5, 7.5, 12.875], "texture": "#0"},
				"west": {"uv": [12.75, 1.5, 12, 1.875], "texture": "#0"},
				"up": {"uv": [11.5, 10.75, 11, 10], "texture": "#0"},
				"down": {"uv": [11.5, 11, 11, 11.75], "texture": "#0"}
			}
		},
		{
			"from": [7.3, 4.675, 13.55],
			"to": [8.7, 5.775, 16.75],
			"rotation": {"angle": 0, "axis": "y", "origin": [8, 8, 8]},
			"faces": {
				"north": {"uv": [11.5, 0, 12.25, 0.5], "texture": "#0"},
				"east": {"uv": [9, 6.5, 10.625, 7], "texture": "#0"},
				"south": {"uv": [11.5, 0.5, 12.25, 1], "texture": "#0"},
				"west": {"uv": [10.625, 6.5, 9, 7], "texture": "#0"},
				"up": {"uv": [3.75, 9.125, 3, 7.5], "texture": "#0"},
				"down": {"uv": [8.25, 4, 7.5, 5.625], "texture": "#0"}
			}
		},
		{
			"from": [7.3, 5.075, 16.75],
			"to": [8.7, 6.375, 17.55],
			"rotation": {"angle": 0, "axis": "y", "origin": [8, 8, 8]},
			"faces": {
				"north": {"uv": [0, 11, 0.75, 11.625], "texture": "#0"},
				"east": {"uv": [1.5, 12.5, 1.875, 13.125], "texture": "#0"},
				"south": {"uv": [1, 11, 1.75, 11.625], "texture": "#0"},
				"west": {"uv": [1.875, 12.5, 1.5, 13.125], "texture": "#0"},
				"up": {"uv": [12.75, 2.875, 12, 2.5], "texture": "#0"},
				"down": {"uv": [3.75, 12, 3, 12.375], "texture": "#0"}
			}
		},
		{
			"from": [7.3, 6.375, 17.15],
			"to": [8.7, 8.275, 17.95],
			"rotation": {"angle": 0, "axis": "y", "origin": [8, 8, 8]},
			"faces": {
				"north": {"uv": [8, 9, 8.75, 10], "texture": "#0"},
				"east": {"uv": [11.5, 1, 11.875, 2], "texture": "#0"},
				"south": {"uv": [9, 8, 9.75, 9], "texture": "#0"},
				"west": {"uv": [11.875, 1, 11.5, 2], "texture": "#0"},
				"up": {"uv": [12.75, 3.375, 12, 3], "texture": "#0"},
				"down": {"uv": [12.75, 3.5, 12, 3.875], "texture": "#0"}
			}
		},
		{
			"from": [7.3, 6.375, 16.75],
			"to": [8.7, 6.775, 17.15],
			"rotation": {"angle": 0, "axis": "y", "origin": [8, 8, 8]},
			"faces": {
				"north": {"uv": [7.5, 12.5, 8.25, 12.75], "texture": "#0"},
				"east": {"uv": [9, 14, 9.25, 14.25], "texture": "#0"},
				"south": {"uv": [8.5, 12.5, 9.25, 12.75], "texture": "#0"},
				"west": {"uv": [9.25, 14, 9, 14.25], "texture": "#0"},
				"up": {"uv": [10.25, 12.75, 9.5, 12.5], "texture": "#0"},
				"down": {"uv": [13.25, 9.5, 12.5, 9.75], "texture": "#0"}
			}
		},
		{
			"from": [7.5, 4.375, 10.35],
			"to": [8.5, 5.075, 11.75],
			"rotation": {"angle": 0, "axis": "y", "origin": [8, 8, 8]},
			"faces": {
				"north": {"uv": [12.5, 10, 13, 10.375], "texture": "#0"},
				"east": {"uv": [12, 4, 12.75, 4.375], "texture": "#0"},
				"south": {"uv": [10.5, 12.5, 11, 12.875], "texture": "#0"},
				"west": {"uv": [12.75, 4, 12, 4.375], "texture": "#0"},
				"up": {"uv": [4.5, 12.25, 4, 11.5], "texture": "#0"},
				"down": {"uv": [5, 11.5, 4.5, 12.25], "texture": "#0"}
			}
		},
		{
			"from": [7.5, 5.075, 10.85],
			"to": [8.5, 5.775, 11.95],
			"rotation": {"angle": 0, "axis": "y", "origin": [8, 8, 8]},
			"faces": {
				"north": {"uv": [12.5, 10.5, 13, 10.875], "texture": "#0"},
				"east": {"uv": [11, 12.5, 11.5, 12.875], "texture": "#0"},
				"south": {"uv": [12.5, 11, 13, 11.375], "texture": "#0"},
				"west": {"uv": [11.5, 12.5, 11, 12.875], "texture": "#0"},
				"up": {"uv": [6.5, 5.5, 6, 5], "texture": "#0"},
				"down": {"uv": [10, 7.5, 9.5, 8], "texture": "#0"}
			}
		},
		{
			"from": [7.5, 5.775, 11.15],
			"to": [8.5, 6.275, 12.25],
			"rotation": {"angle": 0, "axis": "y", "origin": [8, 8, 8]},
			"faces": {
				"north": {"uv": [13.5, 8, 14, 8.25], "texture": "#0"},
				"east": {"uv": [8.5, 13.5, 9, 13.75], "texture": "#0"},
				"south": {"uv": [9, 13.5, 9.5, 13.75], "texture": "#0"},
				"west": {"uv": [9, 13.5, 8.5, 13.75], "texture": "#0"},
				"up": {"uv": [11, 12, 10.5, 11.5], "texture": "#0"},
				"down": {"uv": [2.5, 12, 2, 12.5], "texture": "#0"}
			}
		},
		{
			"from": [7.5, 6.275, 11.15],
			"to": [8.5, 6.775, 12.65],
			"rotation": {"angle": 0, "axis": "y", "origin": [8, 8, 8]},
			"faces": {
				"north": {"uv": [13.5, 9.5, 14, 9.75], "texture": "#0"},
				"east": {"uv": [12.5, 11.5, 13.25, 11.75], "texture": "#0"},
				"south": {"uv": [10, 13.5, 10.5, 13.75], "texture": "#0"},
				"west": {"uv": [13.25, 11.5, 12.5, 11.75], "texture": "#0"},
				"up": {"uv": [5.5, 12.25, 5, 11.5], "texture": "#0"},
				"down": {"uv": [6, 11.5, 5.5, 12.25], "texture": "#0"}
			}
		},
		{
			"from": [7.5, 6.775, 11.45],
			"to": [8.5, 7.275, 13.25],
			"rotation": {"angle": 0, "axis": "y", "origin": [8, 8, 8]},
			"faces": {
				"north": {"uv": [10.5, 13.5, 11, 13.75], "texture": "#0"},
				"east": {"uv": [5, 12.5, 5.875, 12.75], "texture": "#0"},
				"south": {"uv": [13.5, 10.5, 14, 10.75], "texture": "#0"},
				"west": {"uv": [5.875, 12.5, 5, 12.75], "texture": "#0"},
				"up": {"uv": [6.5, 4.875, 6, 4], "texture": "#0"},
				"down": {"uv": [2.5, 11, 2, 11.875], "texture": "#0"}
			}
		},
		{
			"from": [7.3, 6.375, 7.25],
			"to": [8.7, 7.075, 8.45],
			"rotation": {"angle": 0, "axis": "y", "origin": [8, 8, 8]},
			"faces": {
				"north": {"uv": [12, 5, 12.75, 5.375], "texture": "#0"},
				"east": {"uv": [3, 12.5, 3.625, 12.875], "texture": "#0"},
				"south": {"uv": [12, 5.5, 12.75, 5.875], "texture": "#0"},
				"west": {"uv": [3.625, 12.5, 3, 12.875], "texture": "#0"},
				"up": {"uv": [11.75, 5.625, 11, 5], "texture": "#0"},
				"down": {"uv": [11.75, 6.5, 11, 7.125], "texture": "#0"}
			}
		},
		{
			"from": [7.3, 7.075, 5.65],
			"to": [8.7, 7.775, 7.95],
			"rotation": {"angle": 0, "axis": "y", "origin": [8, 8, 8]},
			"faces": {
				"north": {"uv": [6, 12, 6.75, 12.375], "texture": "#0"},
				"east": {"uv": [9.5, 11, 10.625, 11.375], "texture": "#0"},
				"south": {"uv": [12, 6.5, 12.75, 6.875], "texture": "#0"},
				"west": {"uv": [10.625, 11, 9.5, 11.375], "texture": "#0"},
				"up": {"uv": [9.25, 4.125, 8.5, 3], "texture": "#0"},
				"down": {"uv": [9.25, 4.5, 8.5, 5.625], "texture": "#0"}
			}
		},
		{
			"from": [7.3, 7.375, 4.65],
			"to": [8.7, 8.275, 5.65],
			"rotation": {"angle": 0, "axis": "y", "origin": [8, 8, 8]},
			"faces": {
				"north": {"uv": [6, 11.5, 6.75, 12], "texture": "#0"},
				"east": {"uv": [11, 12, 11.5, 12.5], "texture": "#0"},
				"south": {"uv": [7, 11.5, 7.75, 12], "texture": "#0"},
				"west": {"uv": [11.5, 12, 11, 12.5], "texture": "#0"},
				"up": {"uv": [10.25, 12, 9.5, 11.5], "texture": "#0"},
				"down": {"uv": [12.25, 10, 11.5, 10.5], "texture": "#0"}
			}
		},
		{
			"from": [7.3, 7.075, 7.95],
			"to": [8.7, 7.275, 8.45],
			"rotation": {"angle": 0, "axis": "y", "origin": [8, 8, 8]},
			"faces": {
				"north": {"uv": [14, 3, 14.75, 3.125], "texture": "#0"},
				"east": {"uv": [14.5, 0, 14.75, 0.125], "texture": "#0"},
				"south": {"uv": [3.5, 14, 4.25, 14.125], "texture": "#0"},
				"west": {"uv": [14.75, 0, 14.5, 0.125], "texture": "#0"},
				"up": {"uv": [13.25, 12.25, 12.5, 12], "texture": "#0"},
				"down": {"uv": [0.75, 13, 0, 13.25], "texture": "#0"}
			}
		},
		{
			"from": [7, 7.675, -2.25],
			"to": [9, 9.675, -0.95],
			"rotation": {"angle": 0, "axis": "y", "origin": [8, 8, 8]},
			"faces": {
				"north": {"uv": [7, 8, 8, 9], "texture": "#0"},
				"east": {"uv": [9, 9, 9.625, 10], "texture": "#0"},
				"south": {"uv": [8, 8, 9, 9], "texture": "#0"},
				"west": {"uv": [9.625, 9, 9, 10], "texture": "#0"},
				"up": {"uv": [10.5, 0.625, 9.5, 0], "texture": "#0"},
				"down": {"uv": [3, 9.5, 2, 10.125], "texture": "#0"}
			}
		},
		{
			"from": [7.5, 8.175, -0.95],
			"to": [8.5, 9.175, 2.65],
			"rotation": {"angle": 0, "axis": "y", "origin": [8, 8, 8]},
			"faces": {
				"north": {"uv": [12, 12, 12.5, 12.5], "texture": "#0"},
				"east": {"uv": [8.5, 1, 10.25, 1.5], "texture": "#0"},
				"south": {"uv": [0, 12.5, 0.5, 13], "texture": "#0"},
				"west": {"uv": [10.25, 1, 8.5, 1.5], "texture": "#0"},
				"up": {"uv": [1.5, 10.25, 1, 8.5], "texture": "#0"},
				"down": {"uv": [1, 10.25, 1.5, 8.5], "texture": "#0"}
			}
		},
		{
			"from": [7.3, 8.275, 2.35],
			"to": [8.7, 8.675, 17.35],
			"rotation": {"angle": 0, "axis": "y", "origin": [8, 8, 8]},
			"faces": {
				"north": {"uv": [13, 0, 13.75, 0.25], "texture": "#0"},
				"east": {"uv": [4, 2, 11.5, 2.25], "texture": "#0"},
				"south": {"uv": [13, 0.5, 13.75, 0.75], "texture": "#0"},
				"west": {"uv": [11.5, 2, 4, 2.25], "texture": "#0"},
				"up": {"uv": [0.75, 7.5, 0, 0], "texture": "#0"},
				"down": {"uv": [1.75, 0, 1, 7.5], "texture": "#0"}
			}
		},
		{
			"from": [7.3, 7.375, 2.35],
			"to": [8.7, 8.275, 4.65],
			"rotation": {"angle": 0, "axis": "y", "origin": [8, 8, 8]},
			"faces": {
				"north": {"uv": [11.5, 10.5, 12.25, 11], "texture": "#0"},
				"east": {"uv": [9.5, 5, 10.625, 5.5], "texture": "#0"},
				"south": {"uv": [11.5, 11, 12.25, 11.5], "texture": "#0"},
				"west": {"uv": [10.625, 5, 9.5, 5.5], "texture": "#0"},
				"up": {"uv": [4.75, 10.125, 4, 9], "texture": "#0"},
				"down": {"uv": [5.75, 9, 5, 10.125], "texture": "#0"}
			}
		},
		{
			"from": [7.3, 8.675, 3.15],
			"to": [8.7, 9.675, 3.65],
			"rotation": {"angle": 0, "axis": "y", "origin": [8, 8, 8]},
			"faces": {
				"north": {"uv": [11.5, 11.5, 12.25, 12], "texture": "#0"},
				"east": {"uv": [13.5, 11, 13.75, 11.5], "texture": "#0"},
				"south": {"uv": [0, 12, 0.75, 12.5], "texture": "#0"},
				"west": {"uv": [13.75, 11, 13.5, 11.5], "texture": "#0"},
				"up": {"uv": [13.75, 1.25, 13, 1], "texture": "#0"},
				"down": {"uv": [13.75, 1.5, 13, 1.75], "texture": "#0"}
			}
		},
		{
			"from": [7.3, 8.675, 2.65],
			"to": [8.7, 9.175, 3.15],
			"rotation": {"angle": 0, "axis": "y", "origin": [8, 8, 8]},
			"faces": {
				"north": {"uv": [13, 2, 13.75, 2.25], "texture": "#0"},
				"east": {"uv": [9.5, 14, 9.75, 14.25], "texture": "#0"},
				"south": {"uv": [2.5, 13, 3.25, 13.25], "texture": "#0"},
				"west": {"uv": [9.75, 14, 9.5, 14.25], "texture": "#0"},
				"up": {"uv": [13.75, 2.75, 13, 2.5], "texture": "#0"},
				"down": {"uv": [13.75, 3, 13, 3.25], "texture": "#0"}
			}
		},
		{
			"from": [7.3, 8.675, 3.65],
			"to": [8.7, 10.075, 7.25],
			"rotation": {"angle": 0, "axis": "y", "origin": [8, 8, 8]},
			"faces": {
				"north": {"uv": [8.5, 10, 9.25, 10.75], "texture": "#0"},
				"east": {"uv": [7, 6.5, 8.75, 7.25], "texture": "#0"},
				"south": {"uv": [9.5, 10, 10.25, 10.75], "texture": "#0"},
				"west": {"uv": [8.75, 6.5, 7, 7.25], "texture": "#0"},
				"up": {"uv": [8.25, 1.75, 7.5, 0], "texture": "#0"},
				"down": {"uv": [2.75, 7.5, 2, 9.25], "texture": "#0"}
			}
		},
		{
			"from": [7.3, 7.775, 12.75],
			"to": [8.7, 8.275, 17.15],
			"rotation": {"angle": 0, "axis": "y", "origin": [8, 8, 8]},
			"faces": {
				"north": {"uv": [3.5, 13, 4.25, 13.25], "texture": "#0"},
				"east": {"uv": [10, 6, 12.25, 6.25], "texture": "#0"},
				"south": {"uv": [13, 3.5, 13.75, 3.75], "texture": "#0"},
				"west": {"uv": [12.25, 6, 10, 6.25], "texture": "#0"},
				"up": {"uv": [5.75, 8.75, 5, 6.5], "texture": "#0"},
				"down": {"uv": [6.75, 6.5, 6, 8.75], "texture": "#0"}
			}
		},
		{
			"from": [7.3, 7.275, 7.95],
			"to": [8.7, 8.275, 12.75],
			"rotation": {"angle": 0, "axis": "y", "origin": [8, 8, 8]},
			"faces": {
				"north": {"uv": [1, 12, 1.75, 12.5], "texture": "#0"},
				"east": {"uv": [7.5, 6, 9.875, 6.5], "texture": "#0"},
				"south": {"uv": [12, 1, 12.75, 1.5], "texture": "#0"},
				"west": {"uv": [9.875, 6, 7.5, 6.5], "texture": "#0"},
				"up": {"uv": [4.75, 8.875, 4, 6.5], "texture": "#0"},
				"down": {"uv": [7.25, 4, 6.5, 6.375], "texture": "#0"}
			}
		},
		{
			"from": [7.3, 7.275, 12.75],
			"to": [8.7, 7.775, 14.05],
			"rotation": {"angle": 0, "axis": "y", "origin": [8, 8, 8]},
			"faces": {
				"north": {"uv": [13, 4, 13.75, 4.25], "texture": "#0"},
				"east": {"uv": [12.5, 13, 13.125, 13.25], "texture": "#0"},
				"south": {"uv": [4.5, 13, 5.25, 13.25], "texture": "#0"},
				"west": {"uv": [13.125, 13, 12.5, 13.25], "texture": "#0"},
				"up": {"uv": [9.25, 11.625, 8.5, 11], "texture": "#0"},
				"down": {"uv": [11.75, 8.5, 11, 9.125], "texture": "#0"}
			}
		},
		{
			"from": [7.7, 6.775, 8.45],
			"to": [8.3, 7.275, 12.65],
			"rotation": {"angle": 0, "axis": "y", "origin": [8, 8, 8]},
			"faces": {
				"north": {"uv": [10, 14, 10.25, 14.25], "texture": "#0"},
				"east": {"uv": [10.5, 7.5, 12.625, 7.75], "texture": "#0"},
				"south": {"uv": [14, 10, 14.25, 10.25], "texture": "#0"},
				"west": {"uv": [12.625, 7.5, 10.5, 7.75], "texture": "#0"},
				"up": {"uv": [2.75, 12.625, 2.5, 10.5], "texture": "#0"},
				"down": {"uv": [10.75, 8.5, 10.5, 10.625], "texture": "#0"}
			}
		},
		{
			"from": [7.3, 7.775, 5.65],
			"to": [8.7, 8.275, 7.95],
			"rotation": {"angle": 0, "axis": "y", "origin": [8, 8, 8]},
			"faces": {
				"north": {"uv": [13, 4.5, 13.75, 4.75], "texture": "#0"},
				"east": {"uv": [12, 7, 13.125, 7.25], "texture": "#0"},
				"south": {"uv": [13, 5, 13.75, 5.25], "texture": "#0"},
				"west": {"uv": [13.125, 7, 12, 7.25], "texture": "#0"},
				"up": {"uv": [6.75, 10.125, 6, 9], "texture": "#0"},
				"down": {"uv": [7.75, 9, 7, 10.125], "texture": "#0"}
			}
		},
		{
			"from": [7.3, 8.675, 7.25],
			"to": [8.7, 9.375, 8.75],
			"rotation": {"angle": 0, "axis": "y", "origin": [8, 8, 8]},
			"faces": {
				"north": {"uv": [7, 12, 7.75, 12.375], "texture": "#0"},
				"east": {"uv": [12, 8.5, 12.75, 8.875], "texture": "#0"},
				"south": {"uv": [12, 9, 12.75, 9.375], "texture": "#0"},
				"west": {"uv": [12.75, 8.5, 12, 8.875], "texture": "#0"},
				"up": {"uv": [11.25, 0.75, 10.5, 0], "texture": "#0"},
				"down": {"uv": [11.25, 1, 10.5, 1.75], "texture": "#0"}
			}
		},
		{
			"from": [7.9, 6.65379, 14.93515],
			"to": [8.1, 7.85379, 15.33515],
			"rotation": {"angle": 0, "axis": "y", "origin": [8, 8, 8]},
			"faces": {
				"north": {"uv": [1, 13, 1.25, 13.75], "texture": "#0"},
				"east": {"uv": [1, 13, 1.25, 13.75], "texture": "#0"},
				"south": {"uv": [1, 13, 1.25, 13.75], "texture": "#0"},
				"west": {"uv": [1, 13, 1.25, 13.75], "texture": "#0"},
				"up": {"uv": [1, 13, 1.25, 13.75], "texture": "#0"},
				"down": {"uv": [1, 13, 1.25, 13.75], "texture": "#0"}
			}
		},
		{
			"from": [7.5, 9.575, 9.05],
			"to": [8.5, 10.575, 9.45],
			"rotation": {"angle": 0, "axis": "y", "origin": [8, 8, 8]},
			"faces": {
				"north": {"uv": [12.5, 0, 13, 0.5], "texture": "#0"},
				"east": {"uv": [13.5, 12, 13.75, 12.5], "texture": "#0"},
				"south": {"uv": [0.5, 12.5, 1, 13], "texture": "#0"},
				"west": {"uv": [13.75, 12, 13.5, 12.5], "texture": "#0"},
				"up": {"uv": [13.5, 13.75, 13, 13.5], "texture": "#0"},
				"down": {"uv": [14, 13, 13.5, 13.25], "texture": "#0"}
			}
		},
		{
			"from": [7.2, 9.275, 9.45],
			"to": [8.8, 10.875, 9.85],
			"rotation": {"angle": 0, "axis": "y", "origin": [8, 8, 8]},
			"faces": {
				"north": {"uv": [7.75, 10.5, 7, 11.25], "texture": "#0"},
				"east": {"uv": [13, 5.5, 13.25, 6.25], "texture": "#0"},
				"south": {"uv": [5, 10.5, 5.75, 11.25], "texture": "#0"},
				"west": {"uv": [13.25, 5.5, 13, 6.25], "texture": "#0"},
				"up": {"uv": [7.25, 13.25, 6.5, 13], "texture": "#0"},
				"down": {"uv": [13.75, 6.5, 13, 6.75], "texture": "#0"}
			}
		},
		{
			"from": [7.2, 9.275, 15.25],
			"to": [8.8, 10.875, 15.65],
			"rotation": {"angle": 0, "axis": "y", "origin": [8, 8, 8]},
			"faces": {
				"north": {"uv": [6, 10.5, 6.75, 11.25], "texture": "#0"},
				"east": {"uv": [7.5, 13, 7.75, 13.75], "texture": "#0"},
				"south": {"uv": [7, 10.5, 7.75, 11.25], "texture": "#0"},
				"west": {"uv": [7.75, 13, 7.5, 13.75], "texture": "#0"},
				"up": {"uv": [8.75, 13.25, 8, 13], "texture": "#0"},
				"down": {"uv": [13.75, 8.5, 13, 8.75], "texture": "#0"}
			}
		},
		{
			"from": [7.5, 9.575, 15.65],
			"to": [8.5, 10.575, 16.05],
			"rotation": {"angle": 0, "axis": "y", "origin": [8, 8, 8]},
			"faces": {
				"north": {"uv": [12.5, 0.5, 13, 1], "texture": "#0"},
				"east": {"uv": [13.75, 12, 13.5, 12.5], "texture": "#0"},
				"south": {"uv": [13, 0, 12.5, 0.5], "texture": "#0"},
				"west": {"uv": [13.5, 12, 13.75, 12.5], "texture": "#0"},
				"up": {"uv": [14.5, 0.25, 14, 0], "texture": "#0"},
				"down": {"uv": [1, 14, 0.5, 14.25], "texture": "#0"}
			}
		},
		{
			"from": [7, 9.075, 9.85],
			"to": [9, 11.075, 15.25],
			"rotation": {"angle": 0, "axis": "y", "origin": [8, 8, 8]},
			"faces": {
				"north": {"uv": [0, 8.5, 1, 9.5], "texture": "#0"},
				"east": {"uv": [2, 0, 4.75, 1], "texture": "#0"},
				"south": {"uv": [1, 8.5, 0, 9.5], "texture": "#0"},
				"west": {"uv": [4.75, 0, 2, 1], "texture": "#0"},
				"up": {"uv": [3, 4.75, 2, 2], "texture": "#0"},
				"down": {"uv": [4, 2, 3, 4.75], "texture": "#0"}
			}
		},
		{
			"from": [7.2, 11.075, 10.05],
			"to": [8.8, 11.475, 15.05],
			"rotation": {"angle": 0, "axis": "y", "origin": [8, 8, 8]},
			"faces": {
				"north": {"uv": [9, 13, 9.75, 13.25], "texture": "#0"},
				"east": {"uv": [9.5, 3, 12, 3.25], "texture": "#0"},
				"south": {"uv": [13, 9, 13.75, 9.25], "texture": "#0"},
				"west": {"uv": [12, 3, 9.5, 3.25], "texture": "#0"},
				"up": {"uv": [4.75, 5.5, 4, 3], "texture": "#0"},
				"down": {"uv": [2.75, 5, 2, 7.5], "texture": "#0"}
			}
		},
		{
			"from": [7.3, 8.675, 10.05],
			"to": [8.7, 9.075, 15.05],
			"rotation": {"angle": 0, "axis": "y", "origin": [8, 8, 8]},
			"faces": {
				"north": {"uv": [10, 13, 10.75, 13.25], "texture": "#0"},
				"east": {"uv": [9.5, 4, 12, 4.25], "texture": "#0"},
				"south": {"uv": [10.75, 13, 10, 13.25], "texture": "#0"},
				"west": {"uv": [12, 4, 9.5, 4.25], "texture": "#0"},
				"up": {"uv": [3.75, 7.5, 3, 5], "texture": "#0"},
				"down": {"uv": [5.75, 3, 5, 5.5], "texture": "#0"}
			}
		},
		{
			"from": [6.6, 9.275, 10.05],
			"to": [7, 10.875, 15.05],
			"rotation": {"angle": 0, "axis": "y", "origin": [8, 8, 8]},
			"faces": {
				"north": {"uv": [11.25, 13, 11, 13.75], "texture": "#0"},
				"east": {"uv": [5, 0, 7.5, 0.75], "texture": "#0"},
				"south": {"uv": [11, 13, 11.25, 13.75], "texture": "#0"},
				"west": {"uv": [6.5, 5.5, 4, 6.25], "texture": "#0"},
				"up": {"uv": [3.25, 12, 3, 9.5], "texture": "#0"},
				"down": {"uv": [3.75, 9.5, 3.5, 12], "texture": "#0"}
			}
		},
		{
			"from": [9, 9.275, 10.05],
			"to": [9.4, 10.875, 15.05],
			"rotation": {"angle": 0, "axis": "y", "origin": [8, 8, 8]},
			"faces": {
				"north": {"uv": [11, 13, 11.25, 13.75], "texture": "#0"},
				"east": {"uv": [4, 5.5, 6.5, 6.25], "texture": "#0"},
				"south": {"uv": [11.25, 13, 11, 13.75], "texture": "#0"},
				"west": {"uv": [6, 3, 8.5, 3.75], "texture": "#0"},
				"up": {"uv": [10.25, 10, 10, 7.5], "texture": "#0"},
				"down": {"uv": [8.25, 10, 8, 12.5], "texture": "#0"}
			}
		},
		{
			"from": [7.7, 8.675, 15.75],
			"to": [8.3, 9.075, 16.45],
			"rotation": {"angle": 0, "axis": "y", "origin": [8, 8, 8]},
			"faces": {
				"north": {"uv": [10.5, 14, 10.75, 14.25], "texture": "#0"},
				"east": {"uv": [14, 4.5, 14.375, 4.75], "texture": "#0"},
				"south": {"uv": [14, 10.5, 14.25, 10.75], "texture": "#0"},
				"west": {"uv": [5, 14, 5.375, 14.25], "texture": "#0"},
				"up": {"uv": [14.25, 5.375, 14, 5], "texture": "#0"},
				"down": {"uv": [5.75, 14, 5.5, 14.375], "texture": "#0"}
			}
		},
		{
			"from": [7.7, 9.075, 16.15],
			"to": [8.3, 9.475, 17.35],
			"rotation": {"angle": 0, "axis": "y", "origin": [8, 8, 8]},
			"faces": {
				"north": {"uv": [11, 14, 11.25, 14.25], "texture": "#0"},
				"east": {"uv": [0, 13.5, 0.625, 13.75], "texture": "#0"},
				"south": {"uv": [14, 11, 14.25, 11.25], "texture": "#0"},
				"west": {"uv": [1.5, 13.5, 2.125, 13.75], "texture": "#0"},
				"up": {"uv": [2.75, 14.125, 2.5, 13.5], "texture": "#0"},
				"down": {"uv": [3.25, 13.5, 3, 14.125], "texture": "#0"}
			}
		},
		{
			"from": [7.7, 9.375, 17.35],
			"to": [8.3, 10.375, 17.85],
			"rotation": {"angle": 0, "axis": "y", "origin": [8, 8, 8]},
			"faces": {
				"north": {"uv": [14, 0.5, 14.25, 1], "texture": "#0"},
				"east": {"uv": [1, 14, 1.25, 14.5], "texture": "#0"},
				"south": {"uv": [14, 1, 14.25, 1.5], "texture": "#0"},
				"west": {"uv": [1.5, 14, 1.75, 14.5], "texture": "#0"},
				"up": {"uv": [11.75, 14.25, 11.5, 14], "texture": "#0"},
				"down": {"uv": [14.25, 11.5, 14, 11.75], "texture": "#0"}
			}
		},
		{
			"from": [7.7, 10.375, 16.45],
			"to": [8.3, 10.775, 17.65],
			"rotation": {"angle": 0, "axis": "y", "origin": [8, 8, 8]},
			"faces": {
				"north": {"uv": [12, 14, 12.25, 14.25], "texture": "#0"},
				"east": {"uv": [3.5, 13.5, 4.125, 13.75], "texture": "#0"},
				"south": {"uv": [14, 12, 14.25, 12.25], "texture": "#0"},
				"west": {"uv": [4.5, 13.5, 5.125, 13.75], "texture": "#0"},
				"up": {"uv": [13.75, 6.125, 13.5, 5.5], "texture": "#0"},
				"down": {"uv": [6.75, 13.5, 6.5, 14.125], "texture": "#0"}
			}
		},
		{
			"from": [7.7, 9.775, 16.05],
			"to": [8.3, 10.375, 16.75],
			"rotation": {"angle": 0, "axis": "y", "origin": [8, 8, 8]},
			"faces": {
				"north": {"uv": [12.5, 14, 12.75, 14.25], "texture": "#0"},
				"east": {"uv": [14, 5.5, 14.375, 5.75], "texture": "#0"},
				"south": {"uv": [14, 12.5, 14.25, 12.75], "texture": "#0"},
				"west": {"uv": [6, 14, 6.375, 14.25], "texture": "#0"},
				"up": {"uv": [14.25, 6.375, 14, 6], "texture": "#0"},
				"down": {"uv": [14.25, 6.5, 14, 6.875], "texture": "#0"}
			}
		},
		{
			"from": [7.7, 9.375, 7.25],
			"to": [8.3, 10.375, 7.75],
			"rotation": {"angle": 0, "axis": "y", "origin": [8, 8, 8]},
			"faces": {
				"north": {"uv": [14, 1.5, 14.25, 2], "texture": "#0"},
				"east": {"uv": [2, 14, 2.25, 14.5], "texture": "#0"},
				"south": {"uv": [14, 2, 14.25, 2.5], "texture": "#0"},
				"west": {"uv": [14, 2.5, 14.25, 3], "texture": "#0"},
				"up": {"uv": [13.25, 14.25, 13, 14], "texture": "#0"},
				"down": {"uv": [14.25, 13, 14, 13.25], "texture": "#0"}
			}
		},
		{
			"from": [7.7, 10.375, 7.45],
			"to": [8.3, 10.775, 8.65],
			"rotation": {"angle": 0, "axis": "y", "origin": [8, 8, 8]},
			"faces": {
				"north": {"uv": [13.5, 14, 13.75, 14.25], "texture": "#0"},
				"east": {"uv": [13.5, 7, 14.125, 7.25], "texture": "#0"},
				"south": {"uv": [14, 13.5, 14.25, 13.75], "texture": "#0"},
				"west": {"uv": [13.5, 7.5, 14.125, 7.75], "texture": "#0"},
				"up": {"uv": [7.25, 14.125, 7, 13.5], "texture": "#0"},
				"down": {"uv": [8.25, 13.5, 8, 14.125], "texture": "#0"}
			}
		},
		{
			"from": [7.7, 9.775, 8.35],
			"to": [8.3, 10.375, 9.05],
			"rotation": {"angle": 0, "axis": "y", "origin": [8, 8, 8]},
			"faces": {
				"north": {"uv": [14, 14, 14.25, 14.25], "texture": "#0"},
				"east": {"uv": [7.5, 14, 7.875, 14.25], "texture": "#0"},
				"south": {"uv": [0, 14.5, 0.25, 14.75], "texture": "#0"},
				"west": {"uv": [14, 8, 14.375, 8.25], "texture": "#0"},
				"up": {"uv": [8.75, 14.375, 8.5, 14], "texture": "#0"},
				"down": {"uv": [14.25, 8.5, 14, 8.875], "texture": "#0"}
			}
		}
	],
	"display": {
		"thirdperson_righthand": {
			"rotation": [67.5, 0, 0],
			"translation": [-1.5, 7, -0.25]
		},
		"thirdperson_lefthand": {
			"rotation": [67.5, 0, 0],
			"translation": [-1.5, 7, -0.25]
		},
		"firstperson_righthand": {
			"translation": [-1.5, 0.25, -11.25],
			"scale": [2, 2, 2]
		},
		"firstperson_lefthand": {
			"translation": [-1.5, 0.25, -11.25],
			"scale": [2, 2, 2]
		},
		"ground": {
			"translation": [0, 0.25, 0]
		},
		"gui": {
			"rotation": [159.18, -42.16, -176.01],
			"translation": [-0.25, 0, 0]
		},
		"fixed": {
			"rotation": [0, 90, 0],
			"translation": [0, 0, -1.5],
			"scale": [2, 2, 2]
		}
	},
	"groups": [
		{
			"name": "ghoul_gasser",
			"origin": [7.5, 8.275, 11.55],
			"color": 0,
			"children": [
				{
					"name": "stock",
					"origin": [-0.5, 0.175, 3.55],
					"color": 0,
					"children": [0, 1, 2, 3, 4]
				},
				{
					"name": "handle",
					"origin": [-0.4, 0.175, 3.75],
					"color": 0,
					"children": [5, 6, 7, 8, 9]
				},
				{
					"name": "foregrip",
					"origin": [-0.4, 0.175, 4.05],
					"color": 0,
					"children": [10, 11, 12, 13]
				},
				{
					"name": "barrel",
					"origin": [-0.7, 0.175, 2.75],
					"color": 0,
					"children": [14, 15]
				},
				{
					"name": "body",
					"origin": [-0.5, 0.175, 2.75],
					"color": 0,
					"children": [16, 17, 18, 19, 20, 21, 22, 23, 24, 25, 26]
				},
				{
					"name": "trigger",
					"origin": [8, 7.37879, 15.23515],
					"color": 0,
					"children": [27]
				},
				{
					"name": "tank",
					"origin": [7.5, 8.275, 11.55],
					"color": 0,
					"children": [
						{
							"name": "gas_tank_cover",
							"origin": [6.7, 8.875, 14.85],
							"color": 0,
							"children": [28, 29, 30, 31]
						},
						{
							"name": "gas_tank",
							"origin": [8, 11.275, 14.65],
							"color": 0,
							"children": [32, 33, 34, 35, 36]
						},
						{
							"name": "back_tube",
							"origin": [-0.5, 0.275, 4.85],
							"color": 0,
							"children": [37, 38, 39, 40, 41]
						},
						{
							"name": "front_tube",
							"origin": [8, 9.735, 6.32],
							"color": 0,
							"children": [42, 43, 44]
						}
					]
				}
			]
		}
	]
}