{
	"credit": "Made with Blockbench",
	"texture_size": [64, 64],
	"textures": {
		"0": "aoa3:item/hunters_rifle",
		"particle": "aoa3:item/hunters_rifle"
	},
	"elements": [
		{
			"from": [7.28094, 8.15836, 17.44323],
			"to": [8.71906, 9.56147, 21.98088],
			"rotation": {"angle": 0, "axis": "y", "origin": [7.98567, 9.67599, 9.89911]},
			"faces": {
				"north": {"uv": [1.75, 7.25, 2.125, 7.625], "texture": "#0"},
				"east": {"uv": [3, 1.25, 4.125, 1.625], "texture": "#0"},
				"south": {"uv": [7.25, 2, 7.625, 2.375], "texture": "#0"},
				"west": {"uv": [4.125, 1.25, 3, 1.625], "texture": "#0"},
				"up": {"uv": [3.875, 4.125, 3.5, 3], "texture": "#0"},
				"down": {"uv": [2.875, 3.75, 2.5, 4.875], "texture": "#0"}
			}
		},
		{
			"from": [7.28094, 9.55836, 18.09323],
			"to": [8.71906, 10.01147, 22.23088],
			"rotation": {"angle": 0, "axis": "y", "origin": [7.98567, 9.67599, 9.89911]},
			"faces": {
				"north": {"uv": [0.5, 8.25, 0.875, 8.375], "texture": "#0"},
				"east": {"uv": [7.25, 1, 8.3125, 1.125], "texture": "#0"},
				"south": {"uv": [1.75, 8.25, 2.125, 8.375], "texture": "#0"},
				"west": {"uv": [8.3125, 1, 7.25, 1.125], "texture": "#0"},
				"up": {"uv": [0.875, 5.0625, 0.5, 4], "texture": "#0"},
				"down": {"uv": [1.375, 4, 1, 5.0625], "texture": "#0"}
			}
		},
		{
			"from": [7.28094, 10.01147, 18.54323],
			"to": [8.71906, 10.21459, 21.30588],
			"rotation": {"angle": 0, "axis": "y", "origin": [7.98567, 9.6791, 9.89911]},
			"faces": {
				"north": {"uv": [8.75, 4.75, 9.125, 4.8125], "texture": "#0"},
				"east": {"uv": [0, 8.5, 0.6875, 8.5625], "texture": "#0"},
				"south": {"uv": [5, 8.75, 5.375, 8.8125], "texture": "#0"},
				"west": {"uv": [0.6875, 8.5, 0, 8.5625], "texture": "#0"},
				"up": {"uv": [5.875, 5.4375, 5.5, 4.75], "texture": "#0"},
				"down": {"uv": [5.875, 5.5, 5.5, 6.1875], "texture": "#0"}
			}
		},
		{
			"from": [7.28094, 7.05836, 15.41823],
			"to": [8.71906, 8.16147, 21.78088],
			"rotation": {"angle": 0, "axis": "y", "origin": [7.98567, 9.67599, 9.89911]},
			"faces": {
				"north": {"uv": [1.75, 7.75, 2.125, 8], "texture": "#0"},
				"east": {"uv": [2.5, 1.75, 4.0625, 2], "texture": "#0"},
				"south": {"uv": [7.75, 1.75, 8.125, 2], "texture": "#0"},
				"west": {"uv": [4.0625, 1.75, 2.5, 2], "texture": "#0"},
				"up": {"uv": [0.875, 3.8125, 0.5, 2.25], "texture": "#0"},
				"down": {"uv": [2.875, 0, 2.5, 1.5625], "texture": "#0"}
			}
		},
		{
			"from": [7.28094, 6.80836, 15.41823],
			"to": [8.71906, 7.06147, 21.48088],
			"rotation": {"angle": 0, "axis": "y", "origin": [7.98567, 9.67599, 9.89911]},
			"faces": {
				"north": {"uv": [5.5, 8.75, 5.875, 8.8125], "texture": "#0"},
				"east": {"uv": [7.75, 2, 9.25, 2.0625], "texture": "#0"},
				"south": {"uv": [8.75, 5.75, 9.125, 5.8125], "texture": "#0"},
				"west": {"uv": [9.25, 2, 7.75, 2.0625], "texture": "#0"},
				"up": {"uv": [1.875, 4, 1.5, 2.5], "texture": "#0"},
				"down": {"uv": [2.375, 2.5, 2, 4], "texture": "#0"}
			}
		},
		{
			"from": [7.28094, 6.55836, 17.89323],
			"to": [8.71906, 6.81147, 21.48088],
			"rotation": {"angle": 0, "axis": "y", "origin": [7.98567, 9.67599, 9.89911]},
			"faces": {
				"north": {"uv": [6, 8.75, 6.375, 8.8125], "texture": "#0"},
				"east": {"uv": [8.25, 1.25, 9.125, 1.3125], "texture": "#0"},
				"south": {"uv": [8.75, 6.25, 9.125, 6.3125], "texture": "#0"},
				"west": {"uv": [9.125, 1.25, 8.25, 1.3125], "texture": "#0"},
				"up": {"uv": [5.375, 5.625, 5, 4.75], "texture": "#0"},
				"down": {"uv": [0.875, 5.25, 0.5, 6.125], "texture": "#0"}
			}
		},
		{
			"from": [7.28094, 6.13336, 18.81823],
			"to": [8.71906, 6.56147, 21.48088],
			"rotation": {"angle": 0, "axis": "y", "origin": [7.98567, 9.67599, 9.89911]},
			"faces": {
				"north": {"uv": [8.25, 1.75, 8.625, 1.875], "texture": "#0"},
				"east": {"uv": [7.75, 2.75, 8.4375, 2.875], "texture": "#0"},
				"south": {"uv": [2.5, 8.25, 2.875, 8.375], "texture": "#0"},
				"west": {"uv": [8.4375, 2.75, 7.75, 2.875], "texture": "#0"},
				"up": {"uv": [5.375, 6.4375, 5, 5.75], "texture": "#0"},
				"down": {"uv": [6.375, 4.75, 6, 5.4375], "texture": "#0"}
			}
		},
		{
			"from": [7.28094, 5.85836, 19.46823],
			"to": [8.71906, 6.13647, 21.78088],
			"rotation": {"angle": 0, "axis": "y", "origin": [7.98567, 9.67599, 9.89911]},
			"faces": {
				"north": {"uv": [6.5, 8.75, 6.875, 8.8125], "texture": "#0"},
				"east": {"uv": [3.25, 8.5, 3.8125, 8.5625], "texture": "#0"},
				"south": {"uv": [8.75, 6.5, 9.125, 6.5625], "texture": "#0"},
				"west": {"uv": [3.8125, 8.5, 3.25, 8.5625], "texture": "#0"},
				"up": {"uv": [6.875, 7.0625, 6.5, 6.5], "texture": "#0"},
				"down": {"uv": [5.875, 6.75, 5.5, 7.3125], "texture": "#0"}
			}
		},
		{
			"from": [7.28094, 5.58336, 19.74323],
			"to": [8.71906, 5.86147, 21.78088],
			"rotation": {"angle": 0, "axis": "y", "origin": [7.98567, 9.67599, 9.89911]},
			"faces": {
				"north": {"uv": [8.75, 6.75, 9.125, 6.8125], "texture": "#0"},
				"east": {"uv": [5.5, 8.5, 6, 8.5625], "texture": "#0"},
				"south": {"uv": [7, 8.75, 7.375, 8.8125], "texture": "#0"},
				"west": {"uv": [6, 8.5, 5.5, 8.5625], "texture": "#0"},
				"up": {"uv": [7.125, 2.5, 6.75, 2], "texture": "#0"},
				"down": {"uv": [7.375, 4.5, 7, 5], "texture": "#0"}
			}
		},
		{
			"from": [7.28094, 8.83336, 17.15559],
			"to": [8.71906, 9.08647, 17.44323],
			"rotation": {"angle": 0, "axis": "y", "origin": [7.98567, 9.67599, 10.53647]},
			"faces": {
				"north": {"uv": [8.75, 7.25, 9.125, 7.3125], "texture": "#0"},
				"east": {"uv": [9.75, 9, 9.8125, 9.0625], "texture": "#0"},
				"south": {"uv": [7.5, 8.75, 7.875, 8.8125], "texture": "#0"},
				"west": {"uv": [9.8125, 9, 9.75, 9.0625], "texture": "#0"},
				"up": {"uv": [9.125, 7.5625, 8.75, 7.5], "texture": "#0"},
				"down": {"uv": [9.125, 7.75, 8.75, 7.8125], "texture": "#0"}
			}
		},
		{
			"from": [7.28094, 8.63336, 16.95559],
			"to": [8.71906, 8.83647, 17.44323],
			"rotation": {"angle": 0, "axis": "y", "origin": [7.98567, 9.67599, 10.53647]},
			"faces": {
				"north": {"uv": [8, 8.75, 8.375, 8.8125], "texture": "#0"},
				"east": {"uv": [9.75, 1.25, 9.875, 1.3125], "texture": "#0"},
				"south": {"uv": [8.75, 8, 9.125, 8.0625], "texture": "#0"},
				"west": {"uv": [9.875, 1.25, 9.75, 1.3125], "texture": "#0"},
				"up": {"uv": [8.625, 2.625, 8.25, 2.5], "texture": "#0"},
				"down": {"uv": [3.375, 8.25, 3, 8.375], "texture": "#0"}
			}
		},
		{
			"from": [7.28094, 8.43336, 14.83059],
			"to": [8.71906, 8.63647, 17.44323],
			"rotation": {"angle": 0, "axis": "y", "origin": [7.98567, 9.67599, 10.53647]},
			"faces": {
				"north": {"uv": [8.5, 8.75, 8.875, 8.8125], "texture": "#0"},
				"east": {"uv": [2.5, 8.5, 3.125, 8.5625], "texture": "#0"},
				"south": {"uv": [8.75, 8.5, 9.125, 8.5625], "texture": "#0"},
				"west": {"uv": [3.125, 8.5, 2.5, 8.5625], "texture": "#0"},
				"up": {"uv": [1.375, 7.125, 1, 6.5], "texture": "#0"},
				"down": {"uv": [6.875, 4.75, 6.5, 5.375], "texture": "#0"}
			}
		},
		{
			"from": [7.28094, 8.15836, 15.10559],
			"to": [8.71906, 8.43647, 17.44323],
			"rotation": {"angle": 0, "axis": "y", "origin": [7.98567, 9.67599, 10.53647]},
			"faces": {
				"north": {"uv": [0, 9, 0.375, 9.0625], "texture": "#0"},
				"east": {"uv": [8.5, 3.75, 9.0625, 3.8125], "texture": "#0"},
				"south": {"uv": [0.5, 9, 0.875, 9.0625], "texture": "#0"},
				"west": {"uv": [9.0625, 3.75, 8.5, 3.8125], "texture": "#0"},
				"up": {"uv": [0.875, 7.5625, 0.5, 7], "texture": "#0"},
				"down": {"uv": [3.875, 7, 3.5, 7.5625], "texture": "#0"}
			}
		},
		{
			"from": [7.28094, 9.55836, 17.63059],
			"to": [8.71906, 9.76147, 18.09323],
			"rotation": {"angle": 0, "axis": "y", "origin": [7.98567, 9.67599, 9.91147]},
			"faces": {
				"north": {"uv": [1.75, 9, 2.125, 9.0625], "texture": "#0"},
				"east": {"uv": [9.75, 1.5, 9.875, 1.5625], "texture": "#0"},
				"south": {"uv": [9, 1.75, 9.375, 1.8125], "texture": "#0"},
				"west": {"uv": [9.875, 1.5, 9.75, 1.5625], "texture": "#0"},
				"up": {"uv": [8.625, 3.125, 8.25, 3], "texture": "#0"},
				"down": {"uv": [3.875, 8.25, 3.5, 8.375], "texture": "#0"}
			}
		},
		{
			"from": [7.28094, 9.75836, 22.23088],
			"to": [8.71906, 10.01147, 22.71852],
			"rotation": {"angle": 0, "axis": "y", "origin": [7.98567, 9.67599, 9.78675]},
			"faces": {
				"north": {"uv": [2.5, 9, 2.875, 9.0625], "texture": "#0"},
				"east": {"uv": [9.75, 1.75, 9.875, 1.8125], "texture": "#0"},
				"south": {"uv": [9, 2.5, 9.375, 2.5625], "texture": "#0"},
				"west": {"uv": [9.875, 1.75, 9.75, 1.8125], "texture": "#0"},
				"up": {"uv": [4.375, 8.375, 4, 8.25], "texture": "#0"},
				"down": {"uv": [4.875, 8.25, 4.5, 8.375], "texture": "#0"}
			}
		},
		{
			"from": [7.28094, 9.83647, 14.28059],
			"to": [8.71906, 10.08959, 14.64323],
			"rotation": {"angle": 0, "axis": "y", "origin": [7.98567, 9.6541, 10.53647]},
			"faces": {
				"north": {"uv": [3, 9, 3.375, 9.0625], "texture": "#0"},
				"east": {"uv": [9.75, 9.25, 9.8125, 9.3125], "texture": "#0"},
				"south": {"uv": [9, 3, 9.375, 3.0625], "texture": "#0"},
				"west": {"uv": [9.8125, 9.25, 9.75, 9.3125], "texture": "#0"},
				"up": {"uv": [3.875, 9.0625, 3.5, 9], "texture": "#0"},
				"down": {"uv": [4.375, 9, 4, 9.0625], "texture": "#0"}
			}
		},
		{
			"from": [7.28094, 9.58647, 14.28059],
			"to": [8.71906, 9.83959, 14.99323],
			"rotation": {"angle": 0, "axis": "y", "origin": [7.98567, 9.6541, 10.53647]},
			"faces": {
				"north": {"uv": [9, 4, 9.375, 4.0625], "texture": "#0"},
				"east": {"uv": [8, 9.5, 8.1875, 9.5625], "texture": "#0"},
				"south": {"uv": [9, 4.25, 9.375, 4.3125], "texture": "#0"},
				"west": {"uv": [8.1875, 9.5, 8, 9.5625], "texture": "#0"},
				"up": {"uv": [8.125, 5.9375, 7.75, 5.75], "texture": "#0"},
				"down": {"uv": [8.125, 7.75, 7.75, 7.9375], "texture": "#0"}
			}
		},
		{
			"from": [7.28094, 9.33647, 14.28059],
			"to": [8.71906, 9.58959, 15.29323],
			"rotation": {"angle": 0, "axis": "y", "origin": [7.98567, 9.6541, 10.53647]},
			"faces": {
				"north": {"uv": [4.5, 9, 4.875, 9.0625], "texture": "#0"},
				"east": {"uv": [4.75, 9.25, 5, 9.3125], "texture": "#0"},
				"south": {"uv": [5, 9, 5.375, 9.0625], "texture": "#0"},
				"west": {"uv": [5, 9.25, 4.75, 9.3125], "texture": "#0"},
				"up": {"uv": [2.875, 8, 2.5, 7.75], "texture": "#0"},
				"down": {"uv": [8.125, 2.5, 7.75, 2.75], "texture": "#0"}
			}
		},
		{
			"from": [7.28094, 9.08647, 14.28059],
			"to": [8.71906, 9.33959, 15.46823],
			"rotation": {"angle": 0, "axis": "y", "origin": [7.98567, 9.6541, 10.53647]},
			"faces": {
				"north": {"uv": [5.5, 9, 5.875, 9.0625], "texture": "#0"},
				"east": {"uv": [3.75, 9.25, 4.0625, 9.3125], "texture": "#0"},
				"south": {"uv": [9, 5.5, 9.375, 5.5625], "texture": "#0"},
				"west": {"uv": [4.0625, 9.25, 3.75, 9.3125], "texture": "#0"},
				"up": {"uv": [7.875, 5.0625, 7.5, 4.75], "texture": "#0"},
				"down": {"uv": [5.375, 7.5, 5, 7.8125], "texture": "#0"}
			}
		},
		{
			"from": [7.28094, 8.83647, 14.28059],
			"to": [8.71906, 9.08959, 15.94323],
			"rotation": {"angle": 0, "axis": "y", "origin": [7.98567, 9.6541, 10.53647]},
			"faces": {
				"north": {"uv": [6, 9, 6.375, 9.0625], "texture": "#0"},
				"east": {"uv": [3.5, 8.75, 3.9375, 8.8125], "texture": "#0"},
				"south": {"uv": [9, 6, 9.375, 6.0625], "texture": "#0"},
				"west": {"uv": [3.9375, 8.75, 3.5, 8.8125], "texture": "#0"},
				"up": {"uv": [5.375, 7.4375, 5, 7], "texture": "#0"},
				"down": {"uv": [7.375, 5, 7, 5.4375], "texture": "#0"}
			}
		},
		{
			"from": [7.28094, 8.63647, 14.38059],
			"to": [8.71906, 8.83959, 16.21823],
			"rotation": {"angle": 0, "axis": "y", "origin": [7.98567, 9.6541, 10.53647]},
			"faces": {
				"north": {"uv": [6.5, 9, 6.875, 9.0625], "texture": "#0"},
				"east": {"uv": [4.5, 8.75, 4.9375, 8.8125], "texture": "#0"},
				"south": {"uv": [7, 9, 7.375, 9.0625], "texture": "#0"},
				"west": {"uv": [4.9375, 8.75, 4.5, 8.8125], "texture": "#0"},
				"up": {"uv": [6.375, 7.4375, 6, 7], "texture": "#0"},
				"down": {"uv": [7.375, 6.5, 7, 6.9375], "texture": "#0"}
			}
		},
		{
			"from": [7.53095, 6.80836, 13.90559],
			"to": [8.46905, 7.05897, 15.41823],
			"rotation": {"angle": 0, "axis": "y", "origin": [8, 9.63304, 10.92412]},
			"faces": {
				"north": {"uv": [5, 9.25, 5.25, 9.3125], "texture": "#0"},
				"east": {"uv": [7.5, 9, 7.875, 9.0625], "texture": "#0"},
				"south": {"uv": [9.25, 5, 9.5, 5.0625], "texture": "#0"},
				"west": {"uv": [7.875, 9, 7.5, 9.0625], "texture": "#0"},
				"up": {"uv": [1, 8.125, 0.75, 7.75], "texture": "#0"},
				"down": {"uv": [3.25, 7.75, 3, 8.125], "texture": "#0"}
			}
		},
		{
			"from": [7.53095, 7.05836, 13.70559],
			"to": [8.46905, 7.40897, 14.09323],
			"rotation": {"angle": 0, "axis": "y", "origin": [8, 9.63304, 10.92412]},
			"faces": {
				"north": {"uv": [5.25, 9.25, 5.5, 9.3125], "texture": "#0"},
				"east": {"uv": [9.75, 2, 9.875, 2.0625], "texture": "#0"},
				"south": {"uv": [5.5, 9.25, 5.75, 9.3125], "texture": "#0"},
				"west": {"uv": [9.875, 2, 9.75, 2.0625], "texture": "#0"},
				"up": {"uv": [8.75, 5.875, 8.5, 5.75], "texture": "#0"},
				"down": {"uv": [6.25, 8.5, 6, 8.625], "texture": "#0"}
			}
		},
		{
			"from": [7.53095, 7.40836, 13.43059],
			"to": [8.46905, 7.70897, 13.89323],
			"rotation": {"angle": 0, "axis": "y", "origin": [8, 9.63304, 10.92412]},
			"faces": {
				"north": {"uv": [5.75, 9.25, 6, 9.3125], "texture": "#0"},
				"east": {"uv": [9.75, 2.25, 9.875, 2.3125], "texture": "#0"},
				"south": {"uv": [9.25, 5.75, 9.5, 5.8125], "texture": "#0"},
				"west": {"uv": [9.875, 2.25, 9.75, 2.3125], "texture": "#0"},
				"up": {"uv": [6.5, 8.625, 6.25, 8.5], "texture": "#0"},
				"down": {"uv": [8.75, 6.25, 8.5, 6.375], "texture": "#0"}
			}
		},
		{
			"from": [7.53095, 7.70836, 13.73059],
			"to": [8.46905, 8.00897, 14.36823],
			"rotation": {"angle": 0, "axis": "y", "origin": [8, 9.63304, 10.92412]},
			"faces": {
				"north": {"uv": [6, 9.25, 6.25, 9.3125], "texture": "#0"},
				"east": {"uv": [8.25, 9.5, 8.4375, 9.5625], "texture": "#0"},
				"south": {"uv": [6.25, 9.25, 6.5, 9.3125], "texture": "#0"},
				"west": {"uv": [8.4375, 9.5, 8.25, 9.5625], "texture": "#0"},
				"up": {"uv": [8.5, 4.6875, 8.25, 4.5], "texture": "#0"},
				"down": {"uv": [5.25, 8.25, 5, 8.4375], "texture": "#0"}
			}
		},
		{
			"from": [7.53095, 8.00836, 14.08059],
			"to": [8.46905, 8.30897, 14.71823],
			"rotation": {"angle": 0, "axis": "y", "origin": [8, 9.63304, 10.92412]},
			"faces": {
				"north": {"uv": [9.25, 6.25, 9.5, 6.3125], "texture": "#0"},
				"east": {"uv": [8.5, 9.5, 8.6875, 9.5625], "texture": "#0"},
				"south": {"uv": [6.5, 9.25, 6.75, 9.3125], "texture": "#0"},
				"west": {"uv": [8.6875, 9.5, 8.5, 9.5625], "texture": "#0"},
				"up": {"uv": [5.5, 8.4375, 5.25, 8.25], "texture": "#0"},
				"down": {"uv": [5.75, 8.25, 5.5, 8.4375], "texture": "#0"}
			}
		},
		{
			"from": [7.53095, 7.55836, 12.96795],
			"to": [8.46905, 7.88397, 13.43059],
			"rotation": {"angle": 0, "axis": "y", "origin": [8, 9.63304, 10.92412]},
			"faces": {
				"north": {"uv": [9.25, 6.5, 9.5, 6.5625], "texture": "#0"},
				"east": {"uv": [9.75, 2.5, 9.875, 2.5625], "texture": "#0"},
				"south": {"uv": [6.75, 9.25, 7, 9.3125], "texture": "#0"},
				"west": {"uv": [9.875, 2.5, 9.75, 2.5625], "texture": "#0"},
				"up": {"uv": [6.75, 8.625, 6.5, 8.5], "texture": "#0"},
				"down": {"uv": [7, 8.5, 6.75, 8.625], "texture": "#0"}
			}
		},
		{
			"from": [7.53095, 7.88336, 12.79295],
			"to": [8.46905, 8.23397, 13.15559],
			"rotation": {"angle": 0, "axis": "y", "origin": [8, 9.63304, 10.92412]},
			"faces": {
				"north": {"uv": [9.25, 6.75, 9.5, 6.8125], "texture": "#0"},
				"east": {"uv": [9.75, 9.5, 9.8125, 9.5625], "texture": "#0"},
				"south": {"uv": [7, 9.25, 7.25, 9.3125], "texture": "#0"},
				"west": {"uv": [9.8125, 9.5, 9.75, 9.5625], "texture": "#0"},
				"up": {"uv": [7.5, 9.3125, 7.25, 9.25], "texture": "#0"},
				"down": {"uv": [9.5, 7.25, 9.25, 7.3125], "texture": "#0"}
			}
		},
		{
			"from": [7.53095, 7.88336, 12.4303],
			"to": [8.46905, 8.90897, 12.79295],
			"rotation": {"angle": 0, "axis": "y", "origin": [8, 9.63304, 10.92412]},
			"faces": {
				"north": {"uv": [6.75, 8, 7, 8.25], "texture": "#0"},
				"east": {"uv": [7.5, 9.25, 7.5625, 9.5], "texture": "#0"},
				"south": {"uv": [8, 6.75, 8.25, 7], "texture": "#0"},
				"west": {"uv": [7.5625, 9.25, 7.5, 9.5], "texture": "#0"},
				"up": {"uv": [8, 9.3125, 7.75, 9.25], "texture": "#0"},
				"down": {"uv": [9.5, 7.75, 9.25, 7.8125], "texture": "#0"}
			}
		},
		{
			"from": [7.53095, 8.13336, 11.76766],
			"to": [8.46905, 8.45897, 12.4303],
			"rotation": {"angle": 0, "axis": "y", "origin": [8, 9.63304, 10.92412]},
			"faces": {
				"north": {"uv": [8, 9.25, 8.25, 9.3125], "texture": "#0"},
				"east": {"uv": [8.75, 9.5, 8.9375, 9.5625], "texture": "#0"},
				"south": {"uv": [9.25, 8, 9.5, 8.0625], "texture": "#0"},
				"west": {"uv": [8.9375, 9.5, 8.75, 9.5625], "texture": "#0"},
				"up": {"uv": [8.5, 5.6875, 8.25, 5.5], "texture": "#0"},
				"down": {"uv": [6, 8.25, 5.75, 8.4375], "texture": "#0"}
			}
		},
		{
			"from": [7.53095, 8.90897, 12.4303],
			"to": [8.46905, 9.10958, 12.64295],
			"rotation": {"angle": 0, "axis": "y", "origin": [8, 9.63304, 10.92412]},
			"faces": {
				"north": {"uv": [8.25, 9.25, 8.5, 9.3125], "texture": "#0"},
				"east": {"uv": [0, 10, 0.0625, 10.0625], "texture": "#0"},
				"south": {"uv": [8.5, 9.25, 8.75, 9.3125], "texture": "#0"},
				"west": {"uv": [0.0625, 10, 0, 10.0625], "texture": "#0"},
				"up": {"uv": [9.5, 8.5625, 9.25, 8.5], "texture": "#0"},
				"down": {"uv": [9, 9.25, 8.75, 9.3125], "texture": "#0"}
			}
		},
		{
			"from": [7.53095, 8.70897, 11.51766],
			"to": [8.46905, 9.30958, 12.4303],
			"rotation": {"angle": 0, "axis": "y", "origin": [8, 9.63304, 10.92412]},
			"faces": {
				"north": {"uv": [7, 8.5, 7.25, 8.625], "texture": "#0"},
				"east": {"uv": [7.25, 8.5, 7.5, 8.625], "texture": "#0"},
				"south": {"uv": [7.5, 8.5, 7.75, 8.625], "texture": "#0"},
				"west": {"uv": [7.5, 8.5, 7.25, 8.625], "texture": "#0"},
				"up": {"uv": [7.25, 8.25, 7, 8], "texture": "#0"},
				"down": {"uv": [7.5, 8, 7.25, 8.25], "texture": "#0"}
			}
		},
		{
			"from": [7.53095, 8.45836, 11.36766],
			"to": [8.46905, 8.70897, 12.4303],
			"rotation": {"angle": 0, "axis": "y", "origin": [8, 9.63304, 10.92412]},
			"faces": {
				"north": {"uv": [9, 9.25, 9.25, 9.3125], "texture": "#0"},
				"east": {"uv": [9.25, 9.25, 9.5, 9.3125], "texture": "#0"},
				"south": {"uv": [0, 9.5, 0.25, 9.5625], "texture": "#0"},
				"west": {"uv": [9.5, 9.25, 9.25, 9.3125], "texture": "#0"},
				"up": {"uv": [8.25, 7.5, 8, 7.25], "texture": "#0"},
				"down": {"uv": [8.25, 7.5, 8, 7.75], "texture": "#0"}
			}
		},
		{
			"from": [7.53095, 6.55525, 14.16823],
			"to": [8.46906, 6.80836, 16.23088],
			"rotation": {"angle": 0, "axis": "y", "origin": [8, 9.63304, 10.92412]},
			"faces": {
				"north": {"uv": [0.5, 9.5, 0.75, 9.5625], "texture": "#0"},
				"east": {"uv": [8, 8.5, 8.5, 8.5625], "texture": "#0"},
				"south": {"uv": [0.75, 9.5, 1, 9.5625], "texture": "#0"},
				"west": {"uv": [8.5, 8.5, 8, 8.5625], "texture": "#0"},
				"up": {"uv": [7.5, 4.5, 7.25, 4], "texture": "#0"},
				"down": {"uv": [7.75, 2.5, 7.5, 3], "texture": "#0"}
			}
		},
		{
			"from": [7.53095, 6.30525, 14.36823],
			"to": [8.46906, 6.55836, 15.45588],
			"rotation": {"angle": 0, "axis": "y", "origin": [8, 9.63304, 10.92412]},
			"faces": {
				"north": {"uv": [1.75, 9.5, 2, 9.5625], "texture": "#0"},
				"east": {"uv": [9.5, 1.75, 9.75, 1.8125], "texture": "#0"},
				"south": {"uv": [2, 9.5, 2.25, 9.5625], "texture": "#0"},
				"west": {"uv": [9.75, 1.75, 9.5, 1.8125], "texture": "#0"},
				"up": {"uv": [8, 8.25, 7.75, 8], "texture": "#0"},
				"down": {"uv": [8.25, 8, 8, 8.25], "texture": "#0"}
			}
		},
		{
			"from": [7.53095, 6.05525, 14.36823],
			"to": [8.46906, 6.30836, 15.28088],
			"rotation": {"angle": 0, "axis": "y", "origin": [8, 9.63304, 10.92412]},
			"faces": {
				"north": {"uv": [2.25, 9.5, 2.5, 9.5625], "texture": "#0"},
				"east": {"uv": [9.5, 2.25, 9.75, 2.3125], "texture": "#0"},
				"south": {"uv": [2.5, 9.5, 2.75, 9.5625], "texture": "#0"},
				"west": {"uv": [9.75, 2.25, 9.5, 2.3125], "texture": "#0"},
				"up": {"uv": [0.25, 8.5, 0, 8.25], "texture": "#0"},
				"down": {"uv": [0.5, 8.25, 0.25, 8.5], "texture": "#0"}
			}
		},
		{
			"from": [7.53095, 5.80525, 14.36823],
			"to": [8.46906, 6.05836, 15.00588],
			"rotation": {"angle": 0, "axis": "y", "origin": [8, 9.63304, 10.92412]},
			"faces": {
				"north": {"uv": [2.75, 9.5, 3, 9.5625], "texture": "#0"},
				"east": {"uv": [9, 9.5, 9.1875, 9.5625], "texture": "#0"},
				"south": {"uv": [9.5, 2.75, 9.75, 2.8125], "texture": "#0"},
				"west": {"uv": [9.1875, 9.5, 9, 9.5625], "texture": "#0"},
				"up": {"uv": [8.5, 5.9375, 8.25, 5.75], "texture": "#0"},
				"down": {"uv": [6.25, 8.25, 6, 8.4375], "texture": "#0"}
			}
		},
		{
			"from": [7.53095, 5.55525, 14.36823],
			"to": [8.46906, 5.80836, 14.83088],
			"rotation": {"angle": 0, "axis": "y", "origin": [8, 9.63304, 10.92412]},
			"faces": {
				"north": {"uv": [3, 9.5, 3.25, 9.5625], "texture": "#0"},
				"east": {"uv": [9.75, 2.75, 9.875, 2.8125], "texture": "#0"},
				"south": {"uv": [9.5, 3, 9.75, 3.0625], "texture": "#0"},
				"west": {"uv": [9.875, 2.75, 9.75, 2.8125], "texture": "#0"},
				"up": {"uv": [8.75, 8.625, 8.5, 8.5], "texture": "#0"},
				"down": {"uv": [0.25, 8.75, 0, 8.875], "texture": "#0"}
			}
		},
		{
			"from": [7.53095, 5.38025, 14.21823],
			"to": [8.46906, 5.55836, 14.83088],
			"rotation": {"angle": 0, "axis": "y", "origin": [8, 9.63304, 10.92412]},
			"faces": {
				"north": {"uv": [3.25, 9.5, 3.5, 9.5625], "texture": "#0"},
				"east": {"uv": [9.75, 3, 9.875, 3.0625], "texture": "#0"},
				"south": {"uv": [9.5, 3.25, 9.75, 3.3125], "texture": "#0"},
				"west": {"uv": [9.875, 3, 9.75, 3.0625], "texture": "#0"},
				"up": {"uv": [0.5, 8.875, 0.25, 8.75], "texture": "#0"},
				"down": {"uv": [0.75, 8.75, 0.5, 8.875], "texture": "#0"}
			}
		},
		{
			"from": [7.53095, 5.20525, 14.09323],
			"to": [8.46906, 5.38336, 14.63088],
			"rotation": {"angle": 0, "axis": "y", "origin": [8, 9.63304, 10.92412]},
			"faces": {
				"north": {"uv": [3.5, 9.5, 3.75, 9.5625], "texture": "#0"},
				"east": {"uv": [9.75, 3.25, 9.875, 3.3125], "texture": "#0"},
				"south": {"uv": [9.5, 3.5, 9.75, 3.5625], "texture": "#0"},
				"west": {"uv": [9.875, 3.25, 9.75, 3.3125], "texture": "#0"},
				"up": {"uv": [1, 8.875, 0.75, 8.75], "texture": "#0"},
				"down": {"uv": [2, 8.75, 1.75, 8.875], "texture": "#0"}
			}
		},
		{
			"from": [7.53095, 5.00525, 13.81823],
			"to": [8.46906, 5.20836, 14.35588],
			"rotation": {"angle": 0, "axis": "y", "origin": [8, 9.63304, 10.92412]},
			"faces": {
				"north": {"uv": [3.75, 9.5, 4, 9.5625], "texture": "#0"},
				"east": {"uv": [9.75, 3.5, 9.875, 3.5625], "texture": "#0"},
				"south": {"uv": [4, 9.5, 4.25, 9.5625], "texture": "#0"},
				"west": {"uv": [9.875, 3.5, 9.75, 3.5625], "texture": "#0"},
				"up": {"uv": [9, 1.875, 8.75, 1.75], "texture": "#0"},
				"down": {"uv": [2.25, 8.75, 2, 8.875], "texture": "#0"}
			}
		},
		{
			"from": [7.53095, 8.15836, 14.71794],
			"to": [8.46905, 8.43397, 15.10559],
			"rotation": {"angle": 0, "axis": "y", "origin": [8, 9.63304, 10.92412]},
			"faces": {
				"north": {"uv": [9.5, 4, 9.75, 4.0625], "texture": "#0"},
				"east": {"uv": [9.75, 3.75, 9.875, 3.8125], "texture": "#0"},
				"south": {"uv": [4.25, 9.5, 4.5, 9.5625], "texture": "#0"},
				"west": {"uv": [9.875, 3.75, 9.75, 3.8125], "texture": "#0"},
				"up": {"uv": [2.75, 8.875, 2.5, 8.75], "texture": "#0"},
				"down": {"uv": [9, 2.5, 8.75, 2.625], "texture": "#0"}
			}
		},
		{
			"from": [7.53095, 7.05836, 15.03059],
			"to": [8.46905, 7.30897, 15.41823],
			"rotation": {"angle": 0, "axis": "y", "origin": [8, 9.63304, 10.92412]},
			"faces": {
				"north": {"uv": [9.5, 4.25, 9.75, 4.3125], "texture": "#0"},
				"east": {"uv": [9.75, 4, 9.875, 4.0625], "texture": "#0"},
				"south": {"uv": [4.5, 9.5, 4.75, 9.5625], "texture": "#0"},
				"west": {"uv": [9.875, 4, 9.75, 4.0625], "texture": "#0"},
				"up": {"uv": [3, 8.875, 2.75, 8.75], "texture": "#0"},
				"down": {"uv": [3.25, 8.75, 3, 8.875], "texture": "#0"}
			}
		},
		{
			"from": [7.53095, 9.00897, 10.73001],
			"to": [8.46905, 9.30958, 11.51766],
			"rotation": {"angle": 0, "axis": "y", "origin": [8, 9.63304, 10.92412]},
			"faces": {
				"north": {"uv": [4.75, 9.5, 5, 9.5625], "texture": "#0"},
				"east": {"uv": [9.25, 9.5, 9.4375, 9.5625], "texture": "#0"},
				"south": {"uv": [9.5, 4.75, 9.75, 4.8125], "texture": "#0"},
				"west": {"uv": [9.4375, 9.5, 9.25, 9.5625], "texture": "#0"},
				"up": {"uv": [6.5, 8.4375, 6.25, 8.25], "texture": "#0"},
				"down": {"uv": [8.5, 6.25, 8.25, 6.4375], "texture": "#0"}
			}
		},
		{
			"from": [7.53095, 8.70897, 11.10501],
			"to": [8.46905, 9.00958, 11.51766],
			"rotation": {"angle": 0, "axis": "y", "origin": [8, 9.63304, 10.92412]},
			"faces": {
				"north": {"uv": [5, 9.5, 5.25, 9.5625], "texture": "#0"},
				"east": {"uv": [9.75, 4.25, 9.875, 4.3125], "texture": "#0"},
				"south": {"uv": [9.5, 5, 9.75, 5.0625], "texture": "#0"},
				"west": {"uv": [9.875, 4.25, 9.75, 4.3125], "texture": "#0"},
				"up": {"uv": [9, 3.125, 8.75, 3], "texture": "#0"},
				"down": {"uv": [3.5, 8.75, 3.25, 8.875], "texture": "#0"}
			}
		},
		{
			"from": [7.80094, 9.06525, 13.51059],
			"to": [8.19906, 9.33336, 13.81323],
			"rotation": {"angle": 0, "axis": "y", "origin": [8, 9.67599, 9.89911]},
			"faces": {
				"north": {"uv": [0.25, 10, 0.3125, 10.0625], "texture": "#0"},
				"east": {"uv": [0.25, 10, 0.3125, 10.0625], "texture": "#0"},
				"south": {"uv": [0.25, 10, 0.3125, 10.0625], "texture": "#0"},
				"west": {"uv": [0.25, 10, 0.3125, 10.0625], "texture": "#0"},
				"up": {"uv": [0.25, 10, 0.3125, 10.0625], "texture": "#0"},
				"down": {"uv": [0.25, 10, 0.3125, 10.0625], "texture": "#0"}
			}
		},
		{
			"from": [7.80094, 8.82964, 13.37059],
			"to": [8.19906, 9.06525, 13.73573],
			"rotation": {"angle": 0, "axis": "y", "origin": [8, 9.67599, 9.89911]},
			"faces": {
				"north": {"uv": [0.5, 10, 0.5625, 10.0625], "texture": "#0"},
				"east": {"uv": [0.5, 10, 0.5625, 10.0625], "texture": "#0"},
				"south": {"uv": [0.5, 10, 0.5625, 10.0625], "texture": "#0"},
				"west": {"uv": [0.5, 10, 0.5625, 10.0625], "texture": "#0"},
				"up": {"uv": [0.5, 10, 0.5625, 10.0625], "texture": "#0"},
				"down": {"uv": [0.5, 10, 0.5625, 10.0625], "texture": "#0"}
			}
		},
		{
			"from": [7.80094, 8.59402, 13.14309],
			"to": [8.19906, 8.82964, 13.57323],
			"rotation": {"angle": 0, "axis": "y", "origin": [8, 9.67599, 9.89911]},
			"faces": {
				"north": {"uv": [5.75, 9.75, 5.875, 9.8125], "texture": "#0"},
				"east": {"uv": [5.75, 9.75, 5.875, 9.8125], "texture": "#0"},
				"south": {"uv": [5.75, 9.75, 5.875, 9.8125], "texture": "#0"},
				"west": {"uv": [5.75, 9.75, 5.875, 9.8125], "texture": "#0"},
				"up": {"uv": [5.75, 9.75, 5.875, 9.8125], "texture": "#0"},
				"down": {"uv": [5.75, 9.75, 5.875, 9.8125], "texture": "#0"}
			}
		},
		{
			"from": [7.53, 10.66959, 6.01544],
			"to": [8.47, 10.95959, 11.10559],
			"rotation": {"angle": 0, "axis": "y", "origin": [8, 9.3241, 12.16147]},
			"faces": {
				"north": {"uv": [5.5, 9.5, 5.75, 9.5625], "texture": "#0"},
				"east": {"uv": [7.75, 4, 9, 4.0625], "texture": "#0"},
				"south": {"uv": [9.5, 5.5, 9.75, 5.5625], "texture": "#0"},
				"west": {"uv": [9, 4, 7.75, 4.0625], "texture": "#0"},
				"up": {"uv": [1.25, 6.5, 1, 5.25], "texture": "#0"},
				"down": {"uv": [1.5, 5.25, 1.25, 6.5], "texture": "#0"}
			}
		},
		{
			"from": [7.28, 10.47959, 6.01544],
			"to": [8.72, 10.66959, 13.15559],
			"rotation": {"angle": 0, "axis": "y", "origin": [8, 9.3341, 12.16147]},
			"faces": {
				"north": {"uv": [9, 8.25, 9.375, 8.3125], "texture": "#0"},
				"east": {"uv": [7.5, 3.5, 9.3125, 3.5625], "texture": "#0"},
				"south": {"uv": [8.5, 9, 8.875, 9.0625], "texture": "#0"},
				"west": {"uv": [9.3125, 3.5, 7.5, 3.5625], "texture": "#0"},
				"up": {"uv": [2.375, 1.8125, 2, 0], "texture": "#0"},
				"down": {"uv": [1.375, 2, 1, 3.8125], "texture": "#0"}
			}
		},
		{
			"from": [7.28, 10.08959, 6.01544],
			"to": [8.72, 10.47959, 13.68059],
			"rotation": {"angle": 0, "axis": "y", "origin": [8, 8.9441, 12.16147]},
			"faces": {
				"north": {"uv": [6.5, 8.25, 6.875, 8.375], "texture": "#0"},
				"east": {"uv": [6.25, 3, 8.1875, 3.125], "texture": "#0"},
				"south": {"uv": [8.25, 6.5, 8.625, 6.625], "texture": "#0"},
				"west": {"uv": [8.1875, 3, 6.25, 3.125], "texture": "#0"},
				"up": {"uv": [1.375, 1.9375, 1, 0], "texture": "#0"},
				"down": {"uv": [1.875, 0, 1.5, 1.9375], "texture": "#0"}
			}
		},
		{
			"from": [7.28, 9.29959, 6.01544],
			"to": [8.72, 10.08959, 14.28059],
			"rotation": {"angle": 0, "axis": "y", "origin": [8, 8.9541, 11.53647]},
			"faces": {
				"north": {"uv": [1.75, 8, 2.125, 8.1875], "texture": "#0"},
				"east": {"uv": [4, 2.25, 6.0625, 2.4375], "texture": "#0"},
				"south": {"uv": [2.5, 8, 2.875, 8.1875], "texture": "#0"},
				"west": {"uv": [6.0625, 2.25, 4, 2.4375], "texture": "#0"},
				"up": {"uv": [0.375, 2.0625, 0, 0], "texture": "#0"},
				"down": {"uv": [0.875, 0, 0.5, 2.0625], "texture": "#0"}
			}
		},
		{
			"from": [7.28, 8.71958, 10.18987],
			"to": [8.72, 9.30958, 10.73001],
			"rotation": {"angle": 0, "axis": "y", "origin": [8, 8.9741, 11.56089]},
			"faces": {
				"north": {"uv": [8.25, 6.75, 8.625, 6.875], "texture": "#0"},
				"east": {"uv": [5.75, 9.5, 5.875, 9.625], "texture": "#0"},
				"south": {"uv": [7, 8.25, 7.375, 8.375], "texture": "#0"},
				"west": {"uv": [5.875, 9.5, 5.75, 9.625], "texture": "#0"},
				"up": {"uv": [8.625, 7.375, 8.25, 7.25], "texture": "#0"},
				"down": {"uv": [7.875, 8.25, 7.5, 8.375], "texture": "#0"}
			}
		},
		{
			"from": [7.28, 8.12958, 10.46487],
			"to": [8.72, 8.71958, 10.73001],
			"rotation": {"angle": 0, "axis": "y", "origin": [8, 8.9591, 11.56089]},
			"faces": {
				"north": {"uv": [8.25, 7.5, 8.625, 7.625], "texture": "#0"},
				"east": {"uv": [9.75, 6, 9.8125, 6.125], "texture": "#0"},
				"south": {"uv": [8.25, 7.75, 8.625, 7.875], "texture": "#0"},
				"west": {"uv": [9.8125, 6, 9.75, 6.125], "texture": "#0"},
				"up": {"uv": [9.375, 8.8125, 9, 8.75], "texture": "#0"},
				"down": {"uv": [9.375, 9, 9, 9.0625], "texture": "#0"}
			}
		},
		{
			"name": "barrel",
			"from": [7.23, 8.17147, 7.40309],
			"to": [8.77, 8.43647, 10.19323],
			"rotation": {"angle": 0, "axis": "y", "origin": [8, 9.67599, 9.89911]},
			"faces": {
				"north": {"uv": [0, 9.25, 0.375, 9.3125], "texture": "#0"},
				"east": {"uv": [8.5, 0.75, 9.1875, 0.8125], "texture": "#0"},
				"south": {"uv": [0.5, 9.25, 0.875, 9.3125], "texture": "#0"},
				"west": {"uv": [9.1875, 0.75, 8.5, 0.8125], "texture": "#0"},
				"up": {"uv": [6.375, 6.1875, 6, 5.5], "texture": "#0"},
				"down": {"uv": [0.875, 6.25, 0.5, 6.9375], "texture": "#0"}
			}
		},
		{
			"name": "barrel",
			"from": [7.23, 7.90647, 8.60309],
			"to": [8.77, 8.17147, 9.91823],
			"rotation": {"angle": 0, "axis": "y", "origin": [8, 9.73599, 9.89911]},
			"faces": {
				"north": {"uv": [9.25, 0.5, 9.625, 0.5625], "texture": "#0"},
				"east": {"uv": [4.25, 9.25, 4.5625, 9.3125], "texture": "#0"},
				"south": {"uv": [9.25, 0.75, 9.625, 0.8125], "texture": "#0"},
				"west": {"uv": [4.5625, 9.25, 4.25, 9.3125], "texture": "#0"},
				"up": {"uv": [5.875, 7.8125, 5.5, 7.5], "texture": "#0"},
				"down": {"uv": [6.375, 7.5, 6, 7.8125], "texture": "#0"}
			}
		},
		{
			"name": "barrel",
			"from": [7.23, 7.64147, 9.15309],
			"to": [8.77, 7.90647, 9.91823],
			"rotation": {"angle": 0, "axis": "y", "origin": [8, 9.72099, 9.89911]},
			"faces": {
				"north": {"uv": [9.25, 1, 9.625, 1.0625], "texture": "#0"},
				"east": {"uv": [9.5, 9.5, 9.6875, 9.5625], "texture": "#0"},
				"south": {"uv": [9.25, 1.25, 9.625, 1.3125], "texture": "#0"},
				"west": {"uv": [9.6875, 9.5, 9.5, 9.5625], "texture": "#0"},
				"up": {"uv": [3.625, 8.1875, 3.25, 8], "texture": "#0"},
				"down": {"uv": [8.375, 3.25, 8, 3.4375], "texture": "#0"}
			}
		},
		{
			"name": "barrel",
			"from": [7.23, 8.43647, 5.37809],
			"to": [8.77, 8.90147, 10.19323],
			"rotation": {"angle": 0, "axis": "y", "origin": [8, 9.94099, 9.89911]},
			"faces": {
				"north": {"uv": [8, 8.25, 8.375, 8.375], "texture": "#0"},
				"east": {"uv": [7.25, 0.5, 8.4375, 0.625], "texture": "#0"},
				"south": {"uv": [8.25, 8, 8.625, 8.125], "texture": "#0"},
				"west": {"uv": [8.4375, 0.5, 7.25, 0.625], "texture": "#0"},
				"up": {"uv": [3.375, 3.6875, 3, 2.5], "texture": "#0"},
				"down": {"uv": [3.875, 0, 3.5, 1.1875], "texture": "#0"}
			}
		},
		{
			"name": "barrel",
			"from": [7.23, 8.90147, 5.10309],
			"to": [8.77, 9.56647, 10.19323],
			"rotation": {"angle": 0, "axis": "y", "origin": [8, 9.93099, 9.89911]},
			"faces": {
				"north": {"uv": [8, 4.75, 8.375, 4.9375], "texture": "#0"},
				"east": {"uv": [6.5, 5.5, 7.75, 5.6875], "texture": "#0"},
				"south": {"uv": [5, 8, 5.375, 8.1875], "texture": "#0"},
				"west": {"uv": [7.75, 5.5, 6.5, 5.6875], "texture": "#0"},
				"up": {"uv": [2.875, 3.75, 2.5, 2.5], "texture": "#0"},
				"down": {"uv": [3.375, 0, 3, 1.25], "texture": "#0"}
			}
		},
		{
			"name": "barrel",
			"from": [7.23, 9.56647, 5.10309],
			"to": [8.77, 9.83147, 9.69323],
			"rotation": {"angle": 0, "axis": "y", "origin": [8, 9.94599, 9.89911]},
			"faces": {
				"north": {"uv": [9.25, 1.5, 9.625, 1.5625], "texture": "#0"},
				"east": {"uv": [8, 5, 9.125, 5.0625], "texture": "#0"},
				"south": {"uv": [1.75, 9.25, 2.125, 9.3125], "texture": "#0"},
				"west": {"uv": [9.125, 5, 8, 5.0625], "texture": "#0"},
				"up": {"uv": [3.375, 4.875, 3, 3.75], "texture": "#0"},
				"down": {"uv": [4.375, 0, 4, 1.125], "texture": "#0"}
			}
		},
		{
			"from": [7.81, 10.5482, 13.94893],
			"to": [8.19, 11.2382, 14.28893],
			"rotation": {"angle": 0, "axis": "y", "origin": [8, 9.2932, 9.49393]},
			"faces": {
				"north": {"uv": [0.25, 9.75, 0.3125, 9.9375], "texture": "#0"},
				"east": {"uv": [0.25, 9.75, 0.3125, 9.9375], "texture": "#0"},
				"south": {"uv": [0.25, 9.75, 0.3125, 9.9375], "texture": "#0"},
				"west": {"uv": [0.25, 9.75, 0.3125, 9.9375], "texture": "#0"},
				"up": {"uv": [0.25, 9.75, 0.3125, 9.9375], "texture": "#0"},
				"down": {"uv": [0.25, 9.75, 0.3125, 9.9375], "texture": "#0"}
			}
		},
		{
			"from": [7.81, 10.2082, 13.15893],
			"to": [8.19, 10.5482, 13.94893],
			"rotation": {"angle": 0, "axis": "y", "origin": [8, 8.9782, 8.77893]},
			"faces": {
				"north": {"uv": [0.25, 9.75, 0.3125, 9.9375], "texture": "#0"},
				"east": {"uv": [0.25, 9.75, 0.3125, 9.9375], "texture": "#0"},
				"south": {"uv": [0.25, 9.75, 0.3125, 9.9375], "texture": "#0"},
				"west": {"uv": [0.25, 9.75, 0.3125, 9.9375], "texture": "#0"},
				"up": {"uv": [0.25, 9.75, 0.3125, 9.9375], "texture": "#0"},
				"down": {"uv": [0.25, 9.75, 0.3125, 9.9375], "texture": "#0"}
			}
		},
		{
			"from": [7.81, 10.5482, 13.60893],
			"to": [8.19, 10.8382, 13.94893],
			"rotation": {"angle": 0, "axis": "y", "origin": [8, 9.2932, 9.45393]},
			"faces": {
				"north": {"uv": [0.25, 9.75, 0.3125, 9.9375], "texture": "#0"},
				"east": {"uv": [0.25, 9.75, 0.3125, 9.9375], "texture": "#0"},
				"south": {"uv": [0.25, 9.75, 0.3125, 9.9375], "texture": "#0"},
				"west": {"uv": [0.25, 9.75, 0.3125, 9.9375], "texture": "#0"},
				"up": {"uv": [0.25, 9.75, 0.3125, 9.9375], "texture": "#0"},
				"down": {"uv": [0.25, 9.75, 0.3125, 9.9375], "texture": "#0"}
			}
		},
		{
			"from": [7.85, 10.68971, -3.48426],
			"to": [8.15, 11.45371, -3.01226],
			"rotation": {"angle": 0, "axis": "y", "origin": [7.98124, 8, 8]},
			"faces": {
				"north": {"uv": [2.75, 9.25, 2.875, 9.4375], "texture": "#0"},
				"east": {"uv": [2.75, 9.25, 2.875, 9.4375], "texture": "#0"},
				"south": {"uv": [2.75, 9.25, 2.875, 9.4375], "texture": "#0"},
				"west": {"uv": [2.75, 9.25, 2.875, 9.4375], "texture": "#0"},
				"up": {"uv": [2.75, 9.25, 2.875, 9.4375], "texture": "#0"},
				"down": {"uv": [2.75, 9.25, 2.875, 9.4375], "texture": "#0"}
			}
		},
		{
			"from": [7.85, 10.68971, -3.01226],
			"to": [8.15, 11.05371, -2.54026],
			"rotation": {"angle": 0, "axis": "y", "origin": [7.98124, 8, 8]},
			"faces": {
				"north": {"uv": [9.75, 7.5, 9.875, 7.5625], "texture": "#0"},
				"east": {"uv": [9.75, 7.5, 9.875, 7.5625], "texture": "#0"},
				"south": {"uv": [9.75, 7.5, 9.875, 7.5625], "texture": "#0"},
				"west": {"uv": [9.75, 7.5, 9.875, 7.5625], "texture": "#0"},
				"up": {"uv": [9.75, 7.5, 9.875, 7.5625], "texture": "#0"},
				"down": {"uv": [9.75, 7.5, 9.875, 7.5625], "texture": "#0"}
			}
		},
		{
			"from": [7.53, 10.95958, 7.01859],
			"to": [7.778, 11.36258, 7.85559],
			"shade": false,
			"rotation": {"angle": 0, "axis": "y", "origin": [8.057, 0.63945, 12.38159]},
			"faces": {
				"north": {"uv": [9.75, 8, 9.8125, 8.125], "texture": "#0"},
				"east": {"uv": [9.25, 3.25, 9.4375, 3.375], "texture": "#0"},
				"south": {"uv": [8.25, 9.75, 8.3125, 9.875], "texture": "#0"},
				"west": {"uv": [9.25, 3.25, 9.4375, 3.375], "texture": "#0"},
				"up": {"uv": [9.8125, 0.9375, 9.75, 0.75], "texture": "#0"},
				"down": {"uv": [1.0625, 9.75, 1, 9.9375], "texture": "#0"}
			}
		},
		{
			"from": [8.222, 10.95958, 7.01859],
			"to": [8.47, 11.36258, 7.85559],
			"shade": false,
			"rotation": {"angle": 0, "axis": "y", "origin": [7.943, 0.63945, 12.38159]},
			"faces": {
				"north": {"uv": [9.75, 8.25, 9.8125, 8.375], "texture": "#0"},
				"east": {"uv": [9.25, 3.25, 9.4375, 3.375], "texture": "#0"},
				"south": {"uv": [8.5, 9.75, 8.5625, 9.875], "texture": "#0"},
				"west": {"uv": [9.25, 3.25, 9.4375, 3.375], "texture": "#0"},
				"up": {"uv": [9.8125, 1.1875, 9.75, 1], "texture": "#0"},
				"down": {"uv": [1.3125, 9.75, 1.25, 9.9375], "texture": "#0"}
			}
		},
		{
			"name": "main_barrel",
			"from": [7.5, 9.68959, -4.0247],
			"to": [8.5, 10.68959, 6.01545],
			"rotation": {"angle": 0, "axis": "y", "origin": [8.02, 9.5941, 9.84632]},
			"faces": {
				"north": {"uv": [6.75, 4.5, 7, 4.75], "texture": "#0"},
				"east": {"uv": [1.5, 2, 4, 2.25], "texture": "#0"},
				"south": {"uv": [3.75, 8, 4, 8.25], "texture": "#0"},
				"west": {"uv": [4, 2, 1.5, 2.25], "texture": "#0"},
				"up": {"uv": [4, 2, 1.5, 2.25], "rotation": 90, "texture": "#0"},
				"down": {"uv": [0.5, 2.25, 0.25, 4.75], "texture": "#0"}
			}
		},
		{
			"name": "inner_barrel",
			"from": [7.6, 9.78959, -5.5747],
			"to": [8.4, 10.58959, -4.00955],
			"rotation": {"angle": 0, "axis": "y", "origin": [8.12, 9.5941, 9.84632]},
			"faces": {
				"north": {"uv": [0.75, 8.5, 0.9375, 8.6875], "texture": "#0"},
				"east": {"uv": [7.75, 4.5, 8.125, 4.6875], "texture": "#0"},
				"south": {"uv": [1.75, 8.5, 1.9375, 8.6875], "texture": "#0"},
				"west": {"uv": [8.125, 4.5, 7.75, 4.6875], "texture": "#0"},
				"up": {"uv": [8.125, 4.6875, 7.75, 4.5], "rotation": 90, "texture": "#0"},
				"down": {"uv": [7.6875, 7.75, 7.5, 8.125], "texture": "#0"}
			}
		},
		{
			"name": "muzzle",
			"from": [7.5, 9.68959, -7.3747],
			"to": [8.5, 10.68959, -5.5747],
			"rotation": {"angle": 0, "axis": "y", "origin": [8.02, 9.5941, 9.84632]},
			"faces": {
				"north": {"uv": [8, 6.25, 8.25, 6.5], "texture": "#0"},
				"east": {"uv": [7.5, 6.5, 7.9375, 6.75], "texture": "#0"},
				"south": {"uv": [8, 6.5, 8.25, 6.75], "texture": "#0"},
				"west": {"uv": [7.9375, 6.5, 7.5, 6.75], "texture": "#0"},
				"up": {"uv": [7.75, 7.6875, 7.5, 7.25], "texture": "#0"},
				"down": {"uv": [0.75, 7.75, 0.5, 8.1875], "texture": "#0"}
			}
		},
		{
			"name": "main_barrel",
			"from": [7.35, 9.83959, -4.0247],
			"to": [7.5, 10.03959, 6.01545],
			"rotation": {"angle": 0, "axis": "y", "origin": [9.02, 9.5941, 9.84632]},
			"faces": {
				"north": {"uv": [9.75, 8.5, 9.8125, 8.5625], "texture": "#0"},
				"east": {"uv": [6.5, 6, 9, 6.0625], "texture": "#0"},
				"south": {"uv": [8.75, 9.75, 8.8125, 9.8125], "texture": "#0"},
				"west": {"uv": [9.75, 0, 7.25, 0.0625], "texture": "#0"},
				"up": {"uv": [1.3125, 9.75, 1.25, 7.25], "texture": "#0"},
				"down": {"uv": [1.5625, 7.25, 1.5, 9.75], "texture": "#0"}
			}
		},
		{
			"name": "main_barrel",
			"from": [8.5, 9.83959, -4.0247],
			"to": [8.65, 10.03959, 6.01545],
			"rotation": {"angle": 0, "axis": "y", "origin": [6.98, 9.5941, 9.84632]},
			"faces": {
				"north": {"uv": [9.75, 8.75, 9.8125, 8.8125], "texture": "#0"},
				"east": {"uv": [7.25, 0, 9.75, 0.0625], "texture": "#0"},
				"south": {"uv": [9, 9.75, 9.0625, 9.8125], "texture": "#0"},
				"west": {"uv": [7.25, 0.25, 9.75, 0.3125], "texture": "#0"},
				"up": {"uv": [1.3125, 9.75, 1.25, 7.25], "texture": "#0"},
				"down": {"uv": [1.5625, 7.25, 1.5, 9.75], "texture": "#0"}
			}
		},
		{
			"from": [6.70046, 9.14755, -2.50508],
			"to": [7.16446, 9.61155, 8.28292],
			"rotation": {"angle": -45, "axis": "z", "origin": [7.99923, 8.63979, 7.37411]},
			"faces": {
				"north": {"uv": [6, 9.5, 6.125, 9.625], "texture": "#0"},
				"east": {"uv": [4.5, 0, 7.1875, 0.125], "texture": "#0"},
				"south": {"uv": [9.5, 6, 9.625, 6.125], "texture": "#0"},
				"west": {"uv": [7.4375, 2.5, 4.75, 2.625], "texture": "#0"},
				"up": {"uv": [2.375, 6.6875, 2.25, 4], "texture": "#0"},
				"down": {"uv": [3.625, 4.25, 3.5, 6.9375], "texture": "#0"}
			}
		},
		{
			"from": [7.4399, 9.45322, -2.50111],
			"to": [7.9039, 9.91722, 8.28689],
			"rotation": {"angle": 0, "axis": "y", "origin": [7.99923, 8.63979, 7.37411]},
			"faces": {
				"north": {"uv": [6.25, 9.5, 6.375, 9.625], "texture": "#0"},
				"east": {"uv": [4.5, 0.5, 7.1875, 0.625], "texture": "#0"},
				"south": {"uv": [9.5, 6.25, 9.625, 6.375], "texture": "#0"},
				"west": {"uv": [7.4375, 1.5, 4.75, 1.625], "texture": "#0"},
				"up": {"uv": [3.875, 6.9375, 3.75, 4.25], "texture": "#0"},
				"down": {"uv": [1.625, 4.5, 1.5, 7.1875], "texture": "#0"}
			}
		},
		{
			"from": [8.1789, 9.14647, -2.50221],
			"to": [8.6429, 9.61047, 8.28579],
			"rotation": {"angle": 45, "axis": "z", "origin": [7.99923, 8.63979, 7.37411]},
			"faces": {
				"north": {"uv": [6.5, 9.5, 6.625, 9.625], "texture": "#0"},
				"east": {"uv": [4.5, 1, 7.1875, 1.125], "texture": "#0"},
				"south": {"uv": [9.5, 6.5, 9.625, 6.625], "texture": "#0"},
				"west": {"uv": [7.1875, 4.25, 4.5, 4.375], "texture": "#0"},
				"up": {"uv": [1.875, 7.1875, 1.75, 4.5], "texture": "#0"},
				"down": {"uv": [2.125, 4.5, 2, 7.1875], "texture": "#0"}
			}
		},
		{
			"from": [7.76799, 9.12511, -2.50102],
			"to": [8.23199, 9.68911, 8.28698],
			"rotation": {"angle": 0, "axis": "y", "origin": [7.99923, 8.63979, 7.37411]},
			"faces": {
				"north": {"uv": [6.75, 9.5, 6.875, 9.625], "texture": "#0"},
				"east": {"uv": [4, 4.5, 6.6875, 4.625], "texture": "#0"},
				"south": {"uv": [9.5, 6.75, 9.625, 6.875], "texture": "#0"},
				"west": {"uv": [4.5, 4, 7.1875, 4.125], "texture": "#0"},
				"up": {"uv": [0.125, 7.4375, 0, 4.75], "texture": "#0"},
				"down": {"uv": [0.375, 4.75, 0.25, 7.4375], "texture": "#0"}
			}
		},
		{
			"from": [7.35665, 9.14756, -2.50765],
			"to": [7.82065, 9.61156, 8.28035],
			"rotation": {"angle": -45, "axis": "z", "origin": [7.99923, 8.63979, 7.37411]},
			"faces": {
				"north": {"uv": [7, 9.5, 7.125, 9.625], "texture": "#0"},
				"east": {"uv": [4.5, 4.25, 7.1875, 4.375], "texture": "#0"},
				"south": {"uv": [9.5, 7, 9.625, 7.125], "texture": "#0"},
				"west": {"uv": [4.75, 1.25, 7.4375, 1.375], "texture": "#0"},
				"up": {"uv": [4.125, 7.4375, 4, 4.75], "texture": "#0"},
				"down": {"uv": [4.375, 4.75, 4.25, 7.4375], "texture": "#0"}
			}
		},
		{
			"from": [8.0961, 9.45321, -2.50111],
			"to": [8.5601, 9.91721, 8.28689],
			"rotation": {"angle": 0, "axis": "y", "origin": [7.99923, 8.63979, 7.37411]},
			"faces": {
				"north": {"uv": [7.25, 9.5, 7.375, 9.625], "texture": "#0"},
				"east": {"uv": [4.75, 1.5, 7.4375, 1.625], "texture": "#0"},
				"south": {"uv": [9.5, 7.25, 9.625, 7.375], "texture": "#0"},
				"west": {"uv": [4.75, 1.75, 7.4375, 1.875], "texture": "#0"},
				"up": {"uv": [4.625, 7.4375, 4.5, 4.75], "texture": "#0"},
				"down": {"uv": [4.875, 4.75, 4.75, 7.4375], "texture": "#0"}
			}
		},
		{
			"from": [8.83509, 9.14648, -2.50221],
			"to": [9.29909, 9.61048, 8.28579],
			"rotation": {"angle": 45, "axis": "z", "origin": [7.99923, 8.63979, 7.37411]},
			"faces": {
				"north": {"uv": [7.5, 9.5, 7.625, 9.625], "texture": "#0"},
				"east": {"uv": [4.75, 2.5, 7.4375, 2.625], "texture": "#0"},
				"south": {"uv": [9.5, 7.5, 9.625, 7.625], "texture": "#0"},
				"west": {"uv": [4.75, 2.75, 7.4375, 2.875], "texture": "#0"},
				"up": {"uv": [2.625, 7.6875, 2.5, 5], "texture": "#0"},
				"down": {"uv": [2.875, 5, 2.75, 7.6875], "texture": "#0"}
			}
		},
		{
			"from": [7.76799, 9.68131, -2.50091],
			"to": [8.23199, 10.24531, 8.28709],
			"rotation": {"angle": 0, "axis": "y", "origin": [7.99923, 8.63979, 7.37411]},
			"faces": {
				"north": {"uv": [7.75, 9.5, 7.875, 9.625], "texture": "#0"},
				"east": {"uv": [4.75, 3.25, 7.4375, 3.375], "texture": "#0"},
				"south": {"uv": [9.5, 7.75, 9.625, 7.875], "texture": "#0"},
				"west": {"uv": [4.75, 3.5, 7.4375, 3.625], "texture": "#0"},
				"up": {"uv": [3.125, 7.6875, 3, 5], "texture": "#0"},
				"down": {"uv": [3.375, 5, 3.25, 7.6875], "texture": "#0"}
			}
		}
	],
	"display": {
		"thirdperson_righthand": {
			"rotation": [67.5, 0, 0],
			"translation": [-1.75, 5.5, -0.75]
		},
		"thirdperson_lefthand": {
			"rotation": [67.5, 0, 0],
			"translation": [-1.75, 5.5, -0.75]
		},
		"firstperson_righthand": {
			"translation": [-3.5, 2.75, -4],
			"scale": [1.4, 1.4, 1.4]
		},
		"firstperson_lefthand": {
			"translation": [-3.5, 2.75, -4],
			"scale": [1.4, 1.4, 1.4]
		},
		"gui": {
			"rotation": [163.3, -47.2, -178],
			"translation": [-0.25, 0, 0],
			"scale": [0.65, 0.65, 0.65]
		},
		"fixed": {
			"rotation": [0, 90, 0],
			"translation": [0, 0, -1],
			"scale": [2, 2, 2]
		}
	},
	"groups": [
		{
			"name": "hunters_rifle",
			"origin": [10.34164, 7.58936, 7.18553],
			"color": 0,
			"children": [
				{
					"name": "stock",
					"origin": [7.98375, 8.95069, 3.82615],
					"color": 2,
					"children": [0, 1, 2, 3, 4, 5, 6, 7, 8, 9, 10, 11, 12, 13, 14, 15, 16, 17, 18, 19, 20]
				},
				{
					"name": "handle",
					"origin": [7.99923, 8.28979, 9.89911],
					"color": 0,
					"children": [
						{
							"name": "handle_reload_mechanism",
							"origin": [7.74, 7.53367, 14.07384],
							"color": 0,
							"children": [21, 22, 23, 24, 25, 26, 27, 28, 29, 30, 31, 32, 33, 34, 35, 36, 37, 38, 39, 40, 41, 42, 43, 44]
						},
						{
							"name": "triger",
							"origin": [8.54056, 11.44385, 7.18453],
							"color": 8,
							"children": [45, 46, 47]
						}
					]
				},
				{
					"name": "body",
					"origin": [8, 8.9541, 11.53647],
					"color": 0,
					"children": [48, 49, 50, 51, 52, 53]
				},
				{
					"name": "grip",
					"origin": [8, 9.94599, 9.89911],
					"color": 0,
					"children": [54, 55, 56, 57, 58, 59]
				},
				{
					"name": "flint",
					"origin": [8, 9.2932, 9.45393],
					"color": 1,
					"children": [60, 61, 62]
				},
				{
					"name": "iron_sight_barrel",
					"origin": [7.98343, 9.29935, 3.39998],
					"color": 0,
					"children": [63, 64]
				},
				{
					"name": "iron_sight",
					"origin": [8.33098, 7.525, 9.025],
					"color": 0,
					"children": [65, 66]
				},
				{
					"name": "barrels",
					"origin": [8, 8, 8],
					"color": 0,
					"children": [
						{
							"name": "barrel",
							"origin": [8, 8.28979, 9.89911],
							"color": 0,
							"children": [
								67,
								68,
								69,
								{
									"name": "barrel_decor",
									"origin": [6.98, 9.5941, 9.84632],
									"color": 0,
									"children": [70, 71]
								}
							]
						},
						{
							"name": "under_barrel",
							"origin": [8.00142, 9.06915, 16.34709],
							"color": 3,
							"children": [72, 73, 74, 75, 76, 77, 78, 79]
						}
					]
				}
			]
		}
	]
}