{
	"credit": "Made with Blockbench",
	"texture_size": [32, 32],
	"textures": {
		"0": "aoa3:item/iro_miner",
		"particle": "aoa3:item/iro_miner"
	},
	"elements": [
		{
			"from": [7.28, 7.6256, 1.3868],
			"to": [8.72, 8.2016, 9.1628],
			"rotation": {"angle": 0, "axis": "y", "origin": [8, 8, 8]},
			"faces": {
				"north": {"uv": [0, 10.5, 0.75, 10.75], "texture": "#0"},
				"east": {"uv": [9.875, 5.5, 6, 5.75], "texture": "#0"},
				"south": {"uv": [10.5, 0, 11.25, 0.25], "texture": "#0"},
				"west": {"uv": [6, 5.5, 9.875, 5.75], "texture": "#0"},
				"up": {"uv": [2.75, 5.875, 2, 2], "texture": "#0"},
				"down": {"uv": [3.75, 2, 3, 5.875], "texture": "#0"}
			}
		},
		{
			"from": [7.28, 7.352, 1.3868],
			"to": [8.72, 7.6256, 2.2508],
			"rotation": {"angle": 0, "axis": "y", "origin": [8, 8, 8]},
			"faces": {
				"north": {"uv": [0, 11, 0.75, 11.125], "texture": "#0"},
				"east": {"uv": [1, 12, 1.375, 12.125], "texture": "#0"},
				"south": {"uv": [1, 11, 1.75, 11.125], "texture": "#0"},
				"west": {"uv": [12, 1, 12.375, 1.125], "texture": "#0"},
				"up": {"uv": [10.25, 0.375, 9.5, 0], "texture": "#0"},
				"down": {"uv": [10.25, 0.5, 9.5, 0.875], "texture": "#0"}
			}
		},
		{
			"from": [7.28, 7.352, 3.1148],
			"to": [8.72, 7.6256, 3.9788],
			"rotation": {"angle": 0, "axis": "y", "origin": [8, 8, 8]},
			"faces": {
				"north": {"uv": [2, 11, 2.75, 11.125], "texture": "#0"},
				"east": {"uv": [1.5, 12, 1.875, 12.125], "texture": "#0"},
				"south": {"uv": [3, 11, 3.75, 11.125], "texture": "#0"},
				"west": {"uv": [12, 1.5, 12.375, 1.625], "texture": "#0"},
				"up": {"uv": [10.25, 1.375, 9.5, 1], "texture": "#0"},
				"down": {"uv": [10.25, 1.5, 9.5, 1.875], "texture": "#0"}
			}
		},
		{
			"from": [7.28, 7.352, 4.8428],
			"to": [8.72, 7.6256, 5.7068],
			"rotation": {"angle": 0, "axis": "y", "origin": [8, 8, 8]},
			"faces": {
				"north": {"uv": [4, 11, 4.75, 11.125], "texture": "#0"},
				"east": {"uv": [2, 12, 2.375, 12.125], "texture": "#0"},
				"south": {"uv": [11, 4, 11.75, 4.125], "texture": "#0"},
				"west": {"uv": [12, 2, 12.375, 2.125], "texture": "#0"},
				"up": {"uv": [10.25, 2.375, 9.5, 2], "texture": "#0"},
				"down": {"uv": [10.25, 2.5, 9.5, 2.875], "texture": "#0"}
			}
		},
		{
			"from": [7.28, 7.352, 6.5708],
			"to": [8.72, 7.6256, 7.4348],
			"rotation": {"angle": 0, "axis": "y", "origin": [8, 8, 8]},
			"faces": {
				"north": {"uv": [11, 4.5, 11.75, 4.625], "texture": "#0"},
				"east": {"uv": [2.5, 12, 2.875, 12.125], "texture": "#0"},
				"south": {"uv": [5, 11, 5.75, 11.125], "texture": "#0"},
				"west": {"uv": [12, 2.5, 12.375, 2.625], "texture": "#0"},
				"up": {"uv": [3.75, 9.875, 3, 9.5], "texture": "#0"},
				"down": {"uv": [10.25, 3, 9.5, 3.375], "texture": "#0"}
			}
		},
		{
			"from": [7.28, 7.352, 8.2988],
			"to": [8.72, 7.6256, 9.1628],
			"rotation": {"angle": 0, "axis": "y", "origin": [8, 8, 8]},
			"faces": {
				"north": {"uv": [11, 5, 11.75, 5.125], "texture": "#0"},
				"east": {"uv": [3, 12, 3.375, 12.125], "texture": "#0"},
				"south": {"uv": [11, 5.5, 11.75, 5.625], "texture": "#0"},
				"west": {"uv": [12, 3, 12.375, 3.125], "texture": "#0"},
				"up": {"uv": [10.25, 3.875, 9.5, 3.5], "texture": "#0"},
				"down": {"uv": [4.75, 9.5, 4, 9.875], "texture": "#0"}
			}
		},
		{
			"from": [7.568, 7.352, 12.734],
			"to": [8.432, 7.568, 13.9868],
			"rotation": {"angle": 0, "axis": "y", "origin": [8, 8, 8]},
			"faces": {
				"north": {"uv": [3.5, 12, 3.875, 12.125], "texture": "#0"},
				"east": {"uv": [12.125, 11.5, 11.5, 11.625], "texture": "#0"},
				"south": {"uv": [12, 3.5, 12.375, 3.625], "texture": "#0"},
				"west": {"uv": [11.5, 11.5, 12.125, 11.625], "texture": "#0"},
				"up": {"uv": [6.375, 10.625, 6, 10], "texture": "#0"},
				"down": {"uv": [6.875, 10, 6.5, 10.625], "texture": "#0"}
			}
		},
		{
			"from": [7.568, 7.352, 12.518],
			"to": [8.432, 8.2016, 12.734],
			"rotation": {"angle": 0, "axis": "y", "origin": [8, 8, 8]},
			"faces": {
				"north": {"uv": [10.5, 7, 10.875, 7.375], "texture": "#0"},
				"east": {"uv": [12.125, 4, 12, 4.375], "texture": "#0"},
				"south": {"uv": [10.5, 7.5, 10.875, 7.875], "texture": "#0"},
				"west": {"uv": [12, 4, 12.125, 4.375], "texture": "#0"},
				"up": {"uv": [4.875, 12.125, 4.5, 12], "texture": "#0"},
				"down": {"uv": [12.375, 4.5, 12, 4.625], "texture": "#0"}
			}
		},
		{
			"from": [7.856, 7.784, 13.382],
			"to": [8.144, 8.2016, 13.598],
			"rotation": {"angle": 0, "axis": "y", "origin": [8, 8, 8]},
			"faces": {
				"north": {"uv": [12.5, 2, 12.625, 2.25], "texture": "#0"},
				"east": {"uv": [2.5, 12.5, 2.625, 12.75], "texture": "#0"},
				"south": {"uv": [12.5, 2.5, 12.625, 2.75], "texture": "#0"},
				"west": {"uv": [3, 12.5, 3.125, 12.75], "texture": "#0"},
				"up": {"uv": [12.625, 4.125, 12.5, 4], "texture": "#0"},
				"down": {"uv": [4.625, 12.5, 4.5, 12.625], "texture": "#0"}
			}
		},
		{
			"from": [7.28, 8.1872, 14.6204],
			"to": [8.72, 8.8352, 16.3196],
			"rotation": {"angle": 0, "axis": "y", "origin": [8, 8, 8]},
			"faces": {
				"north": {"uv": [5, 9.5, 5.75, 9.875], "texture": "#0"},
				"east": {"uv": [8.875, 9, 8, 9.375], "texture": "#0"},
				"south": {"uv": [6, 9.5, 6.75, 9.875], "texture": "#0"},
				"west": {"uv": [8, 9, 8.875, 9.375], "texture": "#0"},
				"up": {"uv": [7.75, 7.875, 7, 7], "texture": "#0"},
				"down": {"uv": [8.25, 1, 7.5, 1.875], "texture": "#0"}
			}
		},
		{
			"from": [7.28, 8.8352, 14.6204],
			"to": [8.72, 9.0512, 16.1036],
			"rotation": {"angle": 0, "axis": "y", "origin": [8, 8, 8]},
			"faces": {
				"north": {"uv": [6, 11, 6.75, 11.125], "texture": "#0"},
				"east": {"uv": [11.75, 7.5, 11, 7.625], "texture": "#0"},
				"south": {"uv": [11, 7, 11.75, 7.125], "texture": "#0"},
				"west": {"uv": [11, 7.5, 11.75, 7.625], "texture": "#0"},
				"up": {"uv": [4.75, 8.75, 4, 8], "texture": "#0"},
				"down": {"uv": [8.75, 4, 8, 4.75], "texture": "#0"}
			}
		},
		{
			"from": [7.28, 9.0512, 14.6204],
			"to": [8.72, 9.2672, 15.8876],
			"rotation": {"angle": 0, "axis": "y", "origin": [8, 8, 8]},
			"faces": {
				"north": {"uv": [11, 8, 11.75, 8.125], "texture": "#0"},
				"east": {"uv": [12.625, 0.5, 12, 0.625], "texture": "#0"},
				"south": {"uv": [11, 8.5, 11.75, 8.625], "texture": "#0"},
				"west": {"uv": [12, 0.5, 12.625, 0.625], "texture": "#0"},
				"up": {"uv": [9.25, 0.625, 8.5, 0], "texture": "#0"},
				"down": {"uv": [9.25, 1, 8.5, 1.625], "texture": "#0"}
			}
		},
		{
			"from": [7.28, 9.2672, 14.6204],
			"to": [8.72, 9.4832, 15.47],
			"rotation": {"angle": 0, "axis": "y", "origin": [8, 8, 8]},
			"faces": {
				"north": {"uv": [11, 9, 11.75, 9.125], "texture": "#0"},
				"east": {"uv": [12.375, 5, 12, 5.125], "texture": "#0"},
				"south": {"uv": [9.5, 11, 10.25, 11.125], "texture": "#0"},
				"west": {"uv": [12, 5, 12.375, 5.125], "texture": "#0"},
				"up": {"uv": [10.25, 6.375, 9.5, 6], "texture": "#0"},
				"down": {"uv": [10.25, 6.5, 9.5, 6.875], "texture": "#0"}
			}
		},
		{
			"from": [7.28, 9.4832, 14.6204],
			"to": [8.72, 9.6992, 14.8364],
			"rotation": {"angle": 0, "axis": "y", "origin": [8, 8, 8]},
			"faces": {
				"north": {"uv": [11, 9.5, 11.75, 9.625], "texture": "#0"},
				"east": {"uv": [5.125, 12.5, 5, 12.625], "texture": "#0"},
				"south": {"uv": [11, 10, 11.75, 10.125], "texture": "#0"},
				"west": {"uv": [5, 12.5, 5.125, 12.625], "texture": "#0"},
				"up": {"uv": [11.25, 11.125, 10.5, 11], "texture": "#0"},
				"down": {"uv": [11.75, 10.5, 11, 10.625], "texture": "#0"}
			}
		},
		{
			"from": [7.28, 7.7696, 13.9868],
			"to": [8.72, 9.6992, 14.6204],
			"rotation": {"angle": 0, "axis": "y", "origin": [8, 8, 8]},
			"faces": {
				"north": {"uv": [6.5, 1, 7.25, 2], "texture": "#0"},
				"east": {"uv": [1.875, 9, 1.5, 10], "texture": "#0"},
				"south": {"uv": [6.5, 2, 7.25, 3], "texture": "#0"},
				"west": {"uv": [1.5, 9, 1.875, 10], "texture": "#0"},
				"up": {"uv": [10.25, 7.375, 9.5, 7], "texture": "#0"},
				"down": {"uv": [10.25, 7.5, 9.5, 7.875], "texture": "#0"}
			}
		},
		{
			"from": [7.28, 9.6992, 13.9868],
			"to": [8.72, 9.9152, 14.4188],
			"rotation": {"angle": 0, "axis": "y", "origin": [8, 8, 8]},
			"faces": {
				"north": {"uv": [0, 11.5, 0.75, 11.625], "texture": "#0"},
				"east": {"uv": [3.75, 12.5, 3.5, 12.625], "texture": "#0"},
				"south": {"uv": [11.5, 0, 12.25, 0.125], "texture": "#0"},
				"west": {"uv": [3.5, 12.5, 3.75, 12.625], "texture": "#0"},
				"up": {"uv": [11.25, 0.75, 10.5, 0.5], "texture": "#0"},
				"down": {"uv": [11.25, 1, 10.5, 1.25], "texture": "#0"}
			}
		},
		{
			"from": [7.28, 8.2016, 9.1628],
			"to": [8.72, 9.9152, 13.9868],
			"rotation": {"angle": 0, "axis": "y", "origin": [8, 8, 8]},
			"faces": {
				"north": {"uv": [7.5, 2, 8.25, 2.875], "texture": "#0"},
				"east": {"uv": [6.375, 3, 4, 3.875], "texture": "#0"},
				"south": {"uv": [3, 7.5, 3.75, 8.375], "texture": "#0"},
				"west": {"uv": [4, 3, 6.375, 3.875], "texture": "#0"},
				"up": {"uv": [4.75, 6.375, 4, 4], "texture": "#0"},
				"down": {"uv": [5.75, 4, 5, 6.375], "texture": "#0"}
			}
		},
		{
			"from": [7.28, 7.7696, 14.6204],
			"to": [8.72, 8.1872, 16.1036],
			"rotation": {"angle": 0, "axis": "y", "origin": [8, 8, 8]},
			"faces": {
				"north": {"uv": [10.5, 1.5, 11.25, 1.75], "texture": "#0"},
				"east": {"uv": [3.75, 10.5, 3, 10.75], "texture": "#0"},
				"south": {"uv": [10.5, 2.5, 11.25, 2.75], "texture": "#0"},
				"west": {"uv": [3, 10.5, 3.75, 10.75], "texture": "#0"},
				"up": {"uv": [5.75, 8.75, 5, 8], "texture": "#0"},
				"down": {"uv": [7.75, 8, 7, 8.75], "texture": "#0"}
			}
		},
		{
			"from": [7.568, 8.2016, 0.9548],
			"to": [8.432, 9.9152, 9.1628],
			"rotation": {"angle": 0, "axis": "y", "origin": [8, 9.0584, 5.0588]},
			"faces": {
				"north": {"uv": [9, 8, 9.375, 8.875], "texture": "#0"},
				"east": {"uv": [4.125, 1, 0, 1.875], "texture": "#0"},
				"south": {"uv": [9, 9, 9.375, 9.875], "texture": "#0"},
				"west": {"uv": [0, 1, 4.125, 1.875], "texture": "#0"},
				"up": {"uv": [0.375, 10.125, 0, 6], "texture": "#0"},
				"down": {"uv": [0.875, 6, 0.5, 10.125], "texture": "#0"}
			}
		},
		{
			"from": [7.28, 7.6256, 9.1628],
			"to": [8.72, 8.2016, 12.518],
			"rotation": {"angle": 0, "axis": "y", "origin": [8, 8, 8]},
			"faces": {
				"north": {"uv": [10.5, 3, 11.25, 3.25], "texture": "#0"},
				"east": {"uv": [10.625, 4, 9, 4.25], "texture": "#0"},
				"south": {"uv": [10.5, 3.5, 11.25, 3.75], "texture": "#0"},
				"west": {"uv": [9, 4, 10.625, 4.25], "texture": "#0"},
				"up": {"uv": [1.75, 7.625, 1, 6], "texture": "#0"},
				"down": {"uv": [2.75, 6, 2, 7.625], "texture": "#0"}
			}
		},
		{
			"from": [7.568, 8.6336, -2.2132],
			"to": [8.432, 9.9152, 0.9548],
			"rotation": {"angle": 0, "axis": "y", "origin": [8, 8, 8]},
			"faces": {
				"north": {"uv": [7, 10, 7.375, 10.625], "texture": "#0"},
				"east": {"uv": [7.625, 4, 6, 4.625], "texture": "#0"},
				"south": {"uv": [7.5, 10, 7.875, 10.625], "texture": "#0"},
				"west": {"uv": [6, 4, 7.625, 4.625], "texture": "#0"},
				"up": {"uv": [2.375, 9.625, 2, 8], "texture": "#0"},
				"down": {"uv": [2.875, 8, 2.5, 9.625], "texture": "#0"}
			}
		},
		{
			"from": [7.568, 5.048, 15.686],
			"to": [8.432, 5.264, 16.5212],
			"rotation": {"angle": 0, "axis": "y", "origin": [8, 8, 8]},
			"faces": {
				"north": {"uv": [5.5, 12, 5.875, 12.125], "texture": "#0"},
				"east": {"uv": [12.375, 6, 12, 6.125], "texture": "#0"},
				"south": {"uv": [6, 12, 6.375, 12.125], "texture": "#0"},
				"west": {"uv": [12, 6, 12.375, 6.125], "texture": "#0"},
				"up": {"uv": [10.875, 8.375, 10.5, 8], "texture": "#0"},
				"down": {"uv": [10.875, 8.5, 10.5, 8.875], "texture": "#0"}
			}
		},
		{
			"from": [7.568, 5.264, 15.686],
			"to": [8.432, 6.0992, 17.1548],
			"rotation": {"angle": 0, "axis": "y", "origin": [8, 8, 8]},
			"faces": {
				"north": {"uv": [10.5, 9, 10.875, 9.375], "texture": "#0"},
				"east": {"uv": [10.25, 8, 9.5, 8.375], "texture": "#0"},
				"south": {"uv": [9.5, 10.5, 9.875, 10.875], "texture": "#0"},
				"west": {"uv": [9.5, 8, 10.25, 8.375], "texture": "#0"},
				"up": {"uv": [9.875, 9.25, 9.5, 8.5], "texture": "#0"},
				"down": {"uv": [9.875, 9.5, 9.5, 10.25], "texture": "#0"}
			}
		},
		{
			"from": [7.568, 5.4656, 15.47],
			"to": [8.432, 5.6816, 15.686],
			"rotation": {"angle": 0, "axis": "y", "origin": [8, 8, 8]},
			"faces": {
				"north": {"uv": [12, 6.5, 12.375, 6.625], "texture": "#0"},
				"east": {"uv": [5.625, 12.5, 5.5, 12.625], "texture": "#0"},
				"south": {"uv": [7, 12, 7.375, 12.125], "texture": "#0"},
				"west": {"uv": [5.5, 12.5, 5.625, 12.625], "texture": "#0"},
				"up": {"uv": [12.375, 7.125, 12, 7], "texture": "#0"},
				"down": {"uv": [7.875, 12, 7.5, 12.125], "texture": "#0"}
			}
		},
		{
			"from": [7.568, 5.6816, 15.254],
			"to": [8.432, 5.8976, 15.686],
			"rotation": {"angle": 0, "axis": "y", "origin": [8, 8, 8]},
			"faces": {
				"north": {"uv": [12, 7.5, 12.375, 7.625], "texture": "#0"},
				"east": {"uv": [4.25, 12.5, 4, 12.625], "texture": "#0"},
				"south": {"uv": [8, 12, 8.375, 12.125], "texture": "#0"},
				"west": {"uv": [4, 12.5, 4.25, 12.625], "texture": "#0"},
				"up": {"uv": [11.875, 0.75, 11.5, 0.5], "texture": "#0"},
				"down": {"uv": [1.375, 11.5, 1, 11.75], "texture": "#0"}
			}
		},
		{
			"from": [7.568, 5.8976, 15.038],
			"to": [8.432, 6.0992, 15.686],
			"rotation": {"angle": 0, "axis": "y", "origin": [8, 8, 8]},
			"faces": {
				"north": {"uv": [12, 8, 12.375, 8.125], "texture": "#0"},
				"east": {"uv": [9.375, 12, 9, 12.125], "texture": "#0"},
				"south": {"uv": [12, 8.5, 12.375, 8.625], "texture": "#0"},
				"west": {"uv": [9, 12, 9.375, 12.125], "texture": "#0"},
				"up": {"uv": [10.875, 9.875, 10.5, 9.5], "texture": "#0"},
				"down": {"uv": [10.375, 10.5, 10, 10.875], "texture": "#0"}
			}
		},
		{
			"from": [7.568, 6.0992, 15.038],
			"to": [8.432, 6.5168, 16.9388],
			"rotation": {"angle": 0, "axis": "y", "origin": [8, 8, 8]},
			"faces": {
				"north": {"uv": [11.5, 1, 11.875, 1.25], "texture": "#0"},
				"east": {"uv": [6, 10, 5, 10.25], "texture": "#0"},
				"south": {"uv": [1.5, 11.5, 1.875, 11.75], "texture": "#0"},
				"west": {"uv": [5, 10, 6, 10.25], "texture": "#0"},
				"up": {"uv": [9.375, 7, 9, 6], "texture": "#0"},
				"down": {"uv": [7.375, 9, 7, 10], "texture": "#0"}
			}
		},
		{
			"from": [7.568, 6.5168, 14.6204],
			"to": [8.432, 6.9344, 16.5212],
			"rotation": {"angle": 0, "axis": "y", "origin": [8, 8, 8]},
			"faces": {
				"north": {"uv": [11.5, 1.5, 11.875, 1.75], "texture": "#0"},
				"east": {"uv": [11, 5.5, 10, 5.75], "texture": "#0"},
				"south": {"uv": [2, 11.5, 2.375, 11.75], "texture": "#0"},
				"west": {"uv": [10, 5.5, 11, 5.75], "texture": "#0"},
				"up": {"uv": [9.375, 8, 9, 7], "texture": "#0"},
				"down": {"uv": [7.875, 9, 7.5, 10], "texture": "#0"}
			}
		},
		{
			"from": [7.568, 6.5168, 16.5212],
			"to": [8.432, 6.7328, 16.7372],
			"rotation": {"angle": 0, "axis": "y", "origin": [8, 8, 8]},
			"faces": {
				"north": {"uv": [12, 9, 12.375, 9.125], "texture": "#0"},
				"east": {"uv": [6.125, 12.5, 6, 12.625], "texture": "#0"},
				"south": {"uv": [9.5, 12, 9.875, 12.125], "texture": "#0"},
				"west": {"uv": [6, 12.5, 6.125, 12.625], "texture": "#0"},
				"up": {"uv": [12.375, 9.625, 12, 9.5], "texture": "#0"},
				"down": {"uv": [10.375, 12, 10, 12.125], "texture": "#0"}
			}
		},
		{
			"from": [7.568, 6.9344, 14.6204],
			"to": [8.432, 7.352, 16.1036],
			"rotation": {"angle": 0, "axis": "y", "origin": [8, 8, 8]},
			"faces": {
				"north": {"uv": [11.5, 2, 11.875, 2.25], "texture": "#0"},
				"east": {"uv": [5.75, 10.5, 5, 10.75], "texture": "#0"},
				"south": {"uv": [2.5, 11.5, 2.875, 11.75], "texture": "#0"},
				"west": {"uv": [5, 10.5, 5.75, 10.75], "texture": "#0"},
				"up": {"uv": [1.375, 10.75, 1, 10], "texture": "#0"},
				"down": {"uv": [1.875, 10, 1.5, 10.75], "texture": "#0"}
			}
		},
		{
			"from": [7.568, 6.9344, 16.1036],
			"to": [8.432, 7.1504, 16.3196],
			"rotation": {"angle": 0, "axis": "y", "origin": [8, 8, 8]},
			"faces": {
				"north": {"uv": [12, 10, 12.375, 10.125], "texture": "#0"},
				"east": {"uv": [6.625, 12.5, 6.5, 12.625], "texture": "#0"},
				"south": {"uv": [12, 10.5, 12.375, 10.625], "texture": "#0"},
				"west": {"uv": [6.5, 12.5, 6.625, 12.625], "texture": "#0"},
				"up": {"uv": [11.875, 12.125, 11.5, 12], "texture": "#0"},
				"down": {"uv": [12.375, 12, 12, 12.125], "texture": "#0"}
			}
		},
		{
			"from": [7.568, 7.136, 14.4044],
			"to": [8.432, 7.352, 14.6204],
			"rotation": {"angle": 0, "axis": "y", "origin": [8, 8, 8]},
			"faces": {
				"north": {"uv": [0, 12.5, 0.375, 12.625], "texture": "#0"},
				"east": {"uv": [7.125, 12.5, 7, 12.625], "texture": "#0"},
				"south": {"uv": [12.5, 0, 12.875, 0.125], "texture": "#0"},
				"west": {"uv": [7, 12.5, 7.125, 12.625], "texture": "#0"},
				"up": {"uv": [0.875, 12.625, 0.5, 12.5], "texture": "#0"},
				"down": {"uv": [1.375, 12.5, 1, 12.625], "texture": "#0"}
			}
		},
		{
			"from": [7.568, 7.352, 14.6204],
			"to": [8.432, 7.7696, 16.1036],
			"rotation": {"angle": 0, "axis": "y", "origin": [8, 8, 8]},
			"faces": {
				"north": {"uv": [11.5, 2.5, 11.875, 2.75], "texture": "#0"},
				"east": {"uv": [11.25, 6.5, 10.5, 6.75], "texture": "#0"},
				"south": {"uv": [3, 11.5, 3.375, 11.75], "texture": "#0"},
				"west": {"uv": [10.5, 6.5, 11.25, 6.75], "texture": "#0"},
				"up": {"uv": [2.375, 10.75, 2, 10], "texture": "#0"},
				"down": {"uv": [2.875, 10, 2.5, 10.75], "texture": "#0"}
			}
		},
		{
			"from": [7.568, 7.352, 13.9868],
			"to": [8.432, 7.7696, 14.6204],
			"rotation": {"angle": 0, "axis": "y", "origin": [8, 8, 8]},
			"faces": {
				"north": {"uv": [11.5, 3, 11.875, 3.25], "texture": "#0"},
				"east": {"uv": [4.375, 11.5, 4, 11.75], "texture": "#0"},
				"south": {"uv": [11.5, 3.5, 11.875, 3.75], "texture": "#0"},
				"west": {"uv": [4, 11.5, 4.375, 11.75], "texture": "#0"},
				"up": {"uv": [10.875, 10.375, 10.5, 10], "texture": "#0"},
				"down": {"uv": [10.875, 10.5, 10.5, 10.875], "texture": "#0"}
			}
		},
		{
			"from": [7.28, 7.352, -0.3412],
			"to": [8.72, 8.6336, 1.3868],
			"rotation": {"angle": 0, "axis": "y", "origin": [8, 8, 8]},
			"faces": {
				"north": {"uv": [8.5, 2, 9.25, 2.625], "texture": "#0"},
				"east": {"uv": [8.875, 8, 8, 8.625], "texture": "#0"},
				"south": {"uv": [3, 8.5, 3.75, 9.125], "texture": "#0"},
				"west": {"uv": [8, 8, 8.875, 8.625], "texture": "#0"},
				"up": {"uv": [6.75, 8.375, 6, 7.5], "texture": "#0"},
				"down": {"uv": [1.75, 8, 1, 8.875], "texture": "#0"}
			}
		},
		{
			"from": [7.28, 9.38859, 1.27779],
			"to": [8.72, 10.25259, 9.16899],
			"rotation": {"angle": 0, "axis": "y", "origin": [8, 8, 8]},
			"faces": {
				"north": {"uv": [3, 10, 3.75, 10.375], "texture": "#0"},
				"east": {"uv": [8.5, 0.5, 4.5, 0.875], "texture": "#0"},
				"south": {"uv": [4, 10, 4.75, 10.375], "texture": "#0"},
				"west": {"uv": [4.5, 0.5, 8.5, 0.875], "texture": "#0"},
				"up": {"uv": [0.75, 6, 0, 2], "texture": "#0"},
				"down": {"uv": [1.75, 2, 1, 6], "texture": "#0"}
			}
		},
		{
			"from": [7.2944, 2.5499, 1.65386],
			"to": [8.7056, 4.8395, 2.87786],
			"rotation": {"angle": 45, "axis": "x", "origin": [8, 8, 8]},
			"faces": {
				"north": {"uv": [3, 6, 3.75, 7.125], "texture": "#0"},
				"east": {"uv": [5.625, 6.5, 5, 7.625], "texture": "#0"},
				"south": {"uv": [6, 6, 6.75, 7.125], "texture": "#0"},
				"west": {"uv": [5, 6.5, 5.625, 7.625], "texture": "#0"},
				"up": {"uv": [9.25, 3.625, 8.5, 3], "texture": "#0"},
				"down": {"uv": [6.75, 8.5, 6, 9.125], "texture": "#0"}
			}
		},
		{
			"from": [8.432, 9.9152, 9.1628],
			"to": [8.72, 10.6784, 13.022],
			"rotation": {"angle": 0, "axis": "y", "origin": [8, 8, 8]},
			"faces": {
				"north": {"uv": [12.5, 1, 12.625, 1.375], "texture": "#0"},
				"east": {"uv": [8.875, 6.5, 7, 6.875], "texture": "#0"},
				"south": {"uv": [1.5, 12.5, 1.625, 12.875], "texture": "#0"},
				"west": {"uv": [7, 6.5, 8.875, 6.875], "texture": "#0"},
				"up": {"uv": [8.125, 11.875, 8, 10], "texture": "#0"},
				"down": {"uv": [8.625, 10, 8.5, 11.875], "texture": "#0"}
			}
		},
		{
			"from": [7.28, 9.9152, 9.1628],
			"to": [7.568, 10.6784, 13.022],
			"rotation": {"angle": 0, "axis": "y", "origin": [8, 8, 8]},
			"faces": {
				"north": {"uv": [12.5, 1.5, 12.625, 1.875], "texture": "#0"},
				"east": {"uv": [8.875, 6.5, 7, 6.875], "texture": "#0"},
				"south": {"uv": [2, 12.5, 2.125, 12.875], "texture": "#0"},
				"west": {"uv": [7, 6.5, 8.875, 6.875], "texture": "#0"},
				"up": {"uv": [10.125, 10.375, 10, 8.5], "texture": "#0"},
				"down": {"uv": [9.125, 10, 9, 11.875], "texture": "#0"}
			}
		},
		{
			"from": [7.28, 10.6784, 12.0428],
			"to": [7.568, 11.0096, 13.598],
			"rotation": {"angle": 0, "axis": "y", "origin": [8, 8, 8]},
			"faces": {
				"north": {"uv": [12.5, 7, 12.625, 7.125], "texture": "#0"},
				"east": {"uv": [4.5, 11.5, 5.25, 11.625], "texture": "#0"},
				"south": {"uv": [7.5, 12.5, 7.625, 12.625], "texture": "#0"},
				"west": {"uv": [5.5, 11.5, 6.25, 11.625], "texture": "#0"},
				"up": {"uv": [11.625, 6.75, 11.5, 6], "texture": "#0"},
				"down": {"uv": [6.625, 11.5, 6.5, 12.25], "texture": "#0"}
			}
		},
		{
			"from": [8.432, 10.6784, 12.0428],
			"to": [8.72, 11.0096, 13.598],
			"rotation": {"angle": 0, "axis": "y", "origin": [8, 8, 8]},
			"faces": {
				"north": {"uv": [12.5, 7.5, 12.625, 7.625], "texture": "#0"},
				"east": {"uv": [7, 11.5, 7.75, 11.625], "texture": "#0"},
				"south": {"uv": [8, 12.5, 8.125, 12.625], "texture": "#0"},
				"west": {"uv": [9.5, 11.5, 10.25, 11.625], "texture": "#0"},
				"up": {"uv": [10.625, 12.25, 10.5, 11.5], "texture": "#0"},
				"down": {"uv": [11.125, 11.5, 11, 12.25], "texture": "#0"}
			}
		},
		{
			"from": [7.28, 10.3472, 13.022],
			"to": [7.568, 10.6784, 13.31],
			"rotation": {"angle": 0, "axis": "y", "origin": [8, 8, 8]},
			"faces": {
				"north": {"uv": [12.5, 8, 12.625, 8.125], "texture": "#0"},
				"east": {"uv": [8.5, 12.5, 8.625, 12.625], "texture": "#0"},
				"south": {"uv": [12.5, 8.5, 12.625, 8.625], "texture": "#0"},
				"west": {"uv": [9, 12.5, 9.125, 12.625], "texture": "#0"},
				"up": {"uv": [12.625, 9.125, 12.5, 9], "texture": "#0"},
				"down": {"uv": [9.625, 12.5, 9.5, 12.625], "texture": "#0"}
			}
		},
		{
			"from": [8.432, 10.3472, 13.022],
			"to": [8.72, 10.6784, 13.31],
			"rotation": {"angle": 0, "axis": "y", "origin": [8, 8, 8]},
			"faces": {
				"north": {"uv": [12.5, 9.5, 12.625, 9.625], "texture": "#0"},
				"east": {"uv": [10, 12.5, 10.125, 12.625], "texture": "#0"},
				"south": {"uv": [12.5, 10, 12.625, 10.125], "texture": "#0"},
				"west": {"uv": [10.5, 12.5, 10.625, 12.625], "texture": "#0"},
				"up": {"uv": [12.625, 10.625, 12.5, 10.5], "texture": "#0"},
				"down": {"uv": [11.125, 12.5, 11, 12.625], "texture": "#0"}
			}
		}
	],
	"display": {
		"thirdperson_righthand": {
			"rotation": [67.5, 0, 0],
			"translation": [-1.75, 6.5, 0.5]
		},
		"thirdperson_lefthand": {
			"rotation": [67.5, 0, 0],
			"translation": [-1.75, 6.5, 0.5]
		},
		"firstperson_righthand": {
			"translation": [-1.5, -1, -7.5],
			"scale": [2, 2, 2]
		},
		"firstperson_lefthand": {
			"translation": [-1.5, -1, -7.5],
			"scale": [2, 2, 2]
		},
		"ground": {
			"translation": [0, 0.25, 0]
		},
		"gui": {
			"rotation": [163.34, -47.42, -178.07],
			"translation": [-0.5, 0, 0]
		},
		"fixed": {
			"rotation": [0, 90, 0],
			"translation": [0, 0, -0.5],
			"scale": [2, 2, 2]
		}
	},
	"groups": [
		{
			"name": "iro_miner",
			"origin": [8, 5.9408, 6.9452],
			"color": 0,
			"children": [
				{
					"name": "barrel_grip",
					"origin": [8, 10.4158, 21.8702],
					"color": 0,
					"children": [0, 1, 2, 3, 4, 5]
				},
				{
					"name": "trigger",
					"origin": [8, 10.4158, 18.2452],
					"color": 0,
					"children": [6, 7, 8]
				},
				{
					"name": "barrel",
					"origin": [8, 13.3908, 21.9202],
					"color": 0,
					"children": [9, 10, 11, 12, 13, 14, 15, 16, 17, 18, 19, 20]
				},
				{
					"name": "handle",
					"origin": [7, 1.9408, -2.1798],
					"color": 0,
					"children": [21, 22, 23, 24, 25, 26, 27, 28, 29, 30, 31, 32, 33]
				},
				{
					"name": "yellow_cover",
					"origin": [8, 11.13729, -3.06199],
					"color": 0,
					"children": [34, 35, 36, 37, 38, 39, 40, 41, 42]
				}
			]
		}
	]
}