{
	"credit": "Made with Blockbench",
	"texture_size": [64, 64],
	"textures": {
		"0": "aoa3:item/laser_blaster",
		"particle": "aoa3:item/laser_blaster"
	},
	"elements": [
		{
			"name": "trigger",
			"from": [7.8, 7.84375, 13.575],
			"to": [8.2, 8.49375, 13.9],
			"rotation": {"angle": 0, "axis": "y", "origin": [8, 8, 8]},
			"faces": {
				"north": {"uv": [2.5, 12.25, 2.625, 12.4375], "texture": "#0"},
				"east": {"uv": [12.5, 12, 12.5625, 12.1875], "texture": "#0"},
				"south": {"uv": [2.75, 12.25, 2.875, 12.4375], "texture": "#0"},
				"west": {"uv": [12.5625, 12, 12.5, 12.1875], "texture": "#0"},
				"up": {"uv": [12.875, 8.0625, 12.75, 8], "texture": "#0"},
				"down": {"uv": [8.375, 12.75, 8.25, 12.8125], "texture": "#0"}
			}
		},
		{
			"from": [7.8, 7.66875, 12.3],
			"to": [8.2, 7.94375, 13.15],
			"rotation": {"angle": 0, "axis": "y", "origin": [8, 8, 8]},
			"faces": {
				"north": {"uv": [12.75, 8.25, 12.875, 8.3125], "texture": "#0"},
				"east": {"uv": [12.5, 12.25, 12.6875, 12.3125], "texture": "#0"},
				"south": {"uv": [8.5, 12.75, 8.625, 12.8125], "texture": "#0"},
				"west": {"uv": [12.6875, 12.25, 12.5, 12.3125], "texture": "#0"},
				"up": {"uv": [3.125, 12.4375, 3, 12.25], "texture": "#0"},
				"down": {"uv": [12.375, 3, 12.25, 3.1875], "texture": "#0"}
			}
		},
		{
			"from": [7.8, 7.39375, 12.9],
			"to": [8.2, 7.66875, 13.9],
			"rotation": {"angle": 0, "axis": "y", "origin": [8, 8, 8]},
			"faces": {
				"north": {"uv": [12.75, 8.5, 12.875, 8.5625], "texture": "#0"},
				"east": {"uv": [7, 12.5, 7.25, 12.5625], "texture": "#0"},
				"south": {"uv": [8.75, 12.75, 8.875, 12.8125], "texture": "#0"},
				"west": {"uv": [7.25, 12.5, 7, 12.5625], "texture": "#0"},
				"up": {"uv": [11.375, 12, 11.25, 11.75], "texture": "#0"},
				"down": {"uv": [11.625, 11.75, 11.5, 12], "texture": "#0"}
			}
		},
		{
			"from": [7.8, 7.94375, 12.3],
			"to": [8.2, 8.49375, 12.575],
			"rotation": {"angle": 0, "axis": "y", "origin": [8, 8, 8]},
			"faces": {
				"north": {"uv": [12.5, 7.25, 12.625, 7.375], "texture": "#0"},
				"east": {"uv": [12.75, 8.75, 12.8125, 8.875], "texture": "#0"},
				"south": {"uv": [7.5, 12.5, 7.625, 12.625], "texture": "#0"},
				"west": {"uv": [12.8125, 8.75, 12.75, 8.875], "texture": "#0"},
				"up": {"uv": [12.875, 9.0625, 12.75, 9], "texture": "#0"},
				"down": {"uv": [9.375, 12.75, 9.25, 12.8125], "texture": "#0"}
			}
		},
		{
			"from": [7.6, 5.21875, 14.775],
			"to": [8.4, 5.44375, 15.475],
			"rotation": {"angle": 0, "axis": "y", "origin": [8, 8, 8]},
			"faces": {
				"north": {"uv": [0, 12.75, 0.1875, 12.8125], "texture": "#0"},
				"east": {"uv": [12.75, 0, 12.9375, 0.0625], "texture": "#0"},
				"south": {"uv": [0.25, 12.75, 0.4375, 12.8125], "texture": "#0"},
				"west": {"uv": [12.9375, 0, 12.75, 0.0625], "texture": "#0"},
				"up": {"uv": [4.4375, 11.9375, 4.25, 11.75], "texture": "#0"},
				"down": {"uv": [4.6875, 11.75, 4.5, 11.9375], "texture": "#0"}
			}
		},
		{
			"from": [7.6, 5.44375, 14.525],
			"to": [8.4, 5.66875, 15.95],
			"rotation": {"angle": 0, "axis": "y", "origin": [8, 8, 8]},
			"faces": {
				"north": {"uv": [0.5, 12.75, 0.6875, 12.8125], "texture": "#0"},
				"east": {"uv": [3.25, 12.25, 3.625, 12.3125], "texture": "#0"},
				"south": {"uv": [12.75, 0.5, 12.9375, 0.5625], "texture": "#0"},
				"west": {"uv": [3.625, 12.25, 3.25, 12.3125], "texture": "#0"},
				"up": {"uv": [0.1875, 11.375, 0, 11], "texture": "#0"},
				"down": {"uv": [0.4375, 11, 0.25, 11.375], "texture": "#0"}
			}
		},
		{
			"from": [7.6, 5.66875, 14.525],
			"to": [8.4, 5.89375, 16.1],
			"rotation": {"angle": 0, "axis": "y", "origin": [8, 8, 8]},
			"faces": {
				"north": {"uv": [0.75, 12.75, 0.9375, 12.8125], "texture": "#0"},
				"east": {"uv": [4.25, 12.25, 4.625, 12.3125], "texture": "#0"},
				"south": {"uv": [12.75, 0.75, 12.9375, 0.8125], "texture": "#0"},
				"west": {"uv": [4.625, 12.25, 4.25, 12.3125], "texture": "#0"},
				"up": {"uv": [0.6875, 11.375, 0.5, 11], "texture": "#0"},
				"down": {"uv": [0.9375, 11, 0.75, 11.375], "texture": "#0"}
			}
		},
		{
			"from": [7.6, 5.89375, 14.525],
			"to": [8.4, 6.34375, 16.325],
			"rotation": {"angle": 0, "axis": "y", "origin": [8, 8, 8]},
			"faces": {
				"north": {"uv": [5.25, 12.25, 5.4375, 12.375], "texture": "#0"},
				"east": {"uv": [7.5, 11.25, 7.9375, 11.375], "texture": "#0"},
				"south": {"uv": [5.5, 12.25, 5.6875, 12.375], "texture": "#0"},
				"west": {"uv": [7.9375, 11.25, 7.5, 11.375], "texture": "#0"},
				"up": {"uv": [5.4375, 11.1875, 5.25, 10.75], "texture": "#0"},
				"down": {"uv": [5.6875, 10.75, 5.5, 11.1875], "texture": "#0"}
			}
		},
		{
			"from": [7.6, 6.34375, 14.35],
			"to": [8.4, 6.69375, 16.1],
			"rotation": {"angle": 0, "axis": "y", "origin": [8, 8, 8]},
			"faces": {
				"north": {"uv": [1, 12.75, 1.1875, 12.8125], "texture": "#0"},
				"east": {"uv": [12, 11.25, 12.4375, 11.3125], "texture": "#0"},
				"south": {"uv": [12.75, 1, 12.9375, 1.0625], "texture": "#0"},
				"west": {"uv": [12.4375, 11.25, 12, 11.3125], "texture": "#0"},
				"up": {"uv": [5.9375, 11.1875, 5.75, 10.75], "texture": "#0"},
				"down": {"uv": [6.1875, 10.75, 6, 11.1875], "texture": "#0"}
			}
		},
		{
			"from": [7.6, 6.69375, 14.275],
			"to": [8.4, 7.04375, 15.95],
			"rotation": {"angle": 0, "axis": "y", "origin": [8, 8, 8]},
			"faces": {
				"north": {"uv": [1.25, 12.75, 1.4375, 12.8125], "texture": "#0"},
				"east": {"uv": [12, 12, 12.4375, 12.0625], "texture": "#0"},
				"south": {"uv": [12.75, 1.25, 12.9375, 1.3125], "texture": "#0"},
				"west": {"uv": [12.4375, 12, 12, 12.0625], "texture": "#0"},
				"up": {"uv": [10.9375, 6.6875, 10.75, 6.25], "texture": "#0"},
				"down": {"uv": [6.9375, 10.75, 6.75, 11.1875], "texture": "#0"}
			}
		},
		{
			"from": [7.6, 7.39375, 13.9],
			"to": [8.4, 7.74375, 15.45],
			"rotation": {"angle": 0, "axis": "y", "origin": [8, 8, 8]},
			"faces": {
				"north": {"uv": [1.5, 12.75, 1.6875, 12.8125], "texture": "#0"},
				"east": {"uv": [5.75, 12.25, 6.125, 12.3125], "texture": "#0"},
				"south": {"uv": [1.75, 12.75, 1.9375, 12.8125], "texture": "#0"},
				"west": {"uv": [6.125, 12.25, 5.75, 12.3125], "texture": "#0"},
				"up": {"uv": [1.1875, 11.375, 1, 11], "texture": "#0"},
				"down": {"uv": [3.4375, 11, 3.25, 11.375], "texture": "#0"}
			}
		},
		{
			"from": [7.6, 7.04375, 14.025],
			"to": [8.4, 7.39375, 15.725],
			"rotation": {"angle": 0, "axis": "y", "origin": [8, 8, 8]},
			"faces": {
				"north": {"uv": [2, 12.75, 2.1875, 12.8125], "texture": "#0"},
				"east": {"uv": [12.25, 0, 12.6875, 0.0625], "texture": "#0"},
				"south": {"uv": [2.25, 12.75, 2.4375, 12.8125], "texture": "#0"},
				"west": {"uv": [12.6875, 0, 12.25, 0.0625], "texture": "#0"},
				"up": {"uv": [10.9375, 7.1875, 10.75, 6.75], "texture": "#0"},
				"down": {"uv": [7.1875, 10.75, 7, 11.1875], "texture": "#0"}
			}
		},
		{
			"from": [7.6, 7.74375, 13.9],
			"to": [8.4, 7.94375, 15.25],
			"rotation": {"angle": 0, "axis": "y", "origin": [8, 8, 8]},
			"faces": {
				"north": {"uv": [2.5, 12.75, 2.6875, 12.8125], "texture": "#0"},
				"east": {"uv": [1.5, 12.5, 1.8125, 12.5625], "texture": "#0"},
				"south": {"uv": [2.75, 12.75, 2.9375, 12.8125], "texture": "#0"},
				"west": {"uv": [1.8125, 12.5, 1.5, 12.5625], "texture": "#0"},
				"up": {"uv": [6.6875, 11.5625, 6.5, 11.25], "texture": "#0"},
				"down": {"uv": [6.9375, 11.25, 6.75, 11.5625], "texture": "#0"}
			}
		},
		{
			"from": [7.6, 7.94375, 13.9],
			"to": [8.4, 8.49375, 15.1],
			"rotation": {"angle": 0, "axis": "y", "origin": [8, 8, 8]},
			"faces": {
				"north": {"uv": [12.25, 6.25, 12.4375, 6.375], "texture": "#0"},
				"east": {"uv": [11.5, 11.25, 11.8125, 11.375], "texture": "#0"},
				"south": {"uv": [12.25, 6.5, 12.4375, 6.625], "texture": "#0"},
				"west": {"uv": [11.8125, 11.25, 11.5, 11.375], "texture": "#0"},
				"up": {"uv": [7.1875, 11.5625, 7, 11.25], "texture": "#0"},
				"down": {"uv": [7.4375, 11.25, 7.25, 11.5625], "texture": "#0"}
			}
		},
		{
			"from": [7.35, 5.34375, 19.7],
			"to": [8.65, 5.56875, 20.575],
			"rotation": {"angle": 0, "axis": "y", "origin": [8, 8, 8]},
			"faces": {
				"north": {"uv": [12.5, 1.75, 12.8125, 1.8125], "texture": "#0"},
				"east": {"uv": [12.5, 7.5, 12.75, 7.5625], "texture": "#0"},
				"south": {"uv": [2, 12.5, 2.3125, 12.5625], "texture": "#0"},
				"west": {"uv": [12.75, 7.5, 12.5, 7.5625], "texture": "#0"},
				"up": {"uv": [11.0625, 7.75, 10.75, 7.5], "texture": "#0"},
				"down": {"uv": [11.0625, 7.75, 10.75, 8], "texture": "#0"}
			}
		},
		{
			"from": [7.35, 5.56875, 19.525],
			"to": [8.65, 5.79375, 20.75],
			"rotation": {"angle": 0, "axis": "y", "origin": [8, 8, 8]},
			"faces": {
				"north": {"uv": [12.5, 2, 12.8125, 2.0625], "texture": "#0"},
				"east": {"uv": [12.5, 2.25, 12.8125, 2.3125], "texture": "#0"},
				"south": {"uv": [2.5, 12.5, 2.8125, 12.5625], "texture": "#0"},
				"west": {"uv": [12.8125, 2.25, 12.5, 2.3125], "texture": "#0"},
				"up": {"uv": [0.8125, 10.8125, 0.5, 10.5], "texture": "#0"},
				"down": {"uv": [6.5625, 10.5, 6.25, 10.8125], "texture": "#0"}
			}
		},
		{
			"from": [7.35, 5.79375, 19.15],
			"to": [8.65, 6.01875, 20.925],
			"rotation": {"angle": 0, "axis": "y", "origin": [8, 8, 8]},
			"faces": {
				"north": {"uv": [12.5, 2.75, 12.8125, 2.8125], "texture": "#0"},
				"east": {"uv": [0.5, 12.25, 0.9375, 12.3125], "texture": "#0"},
				"south": {"uv": [3, 12.5, 3.3125, 12.5625], "texture": "#0"},
				"west": {"uv": [0.9375, 12.25, 0.5, 12.3125], "texture": "#0"},
				"up": {"uv": [2.8125, 10.4375, 2.5, 10], "texture": "#0"},
				"down": {"uv": [7.5625, 10, 7.25, 10.4375], "texture": "#0"}
			}
		},
		{
			"from": [7.35, 6.01875, 18.725],
			"to": [8.65, 6.24375, 20.925],
			"rotation": {"angle": 0, "axis": "y", "origin": [8, 8, 8]},
			"faces": {
				"north": {"uv": [12.5, 3, 12.8125, 3.0625], "texture": "#0"},
				"east": {"uv": [4.75, 11.75, 5.3125, 11.8125], "texture": "#0"},
				"south": {"uv": [12.5, 3.25, 12.8125, 3.3125], "texture": "#0"},
				"west": {"uv": [5.3125, 11.75, 4.75, 11.8125], "texture": "#0"},
				"up": {"uv": [4.8125, 10.3125, 4.5, 9.75], "texture": "#0"},
				"down": {"uv": [10.0625, 6, 9.75, 6.5625], "texture": "#0"}
			}
		},
		{
			"from": [7.35, 6.24375, 18.5],
			"to": [8.65, 6.46875, 21.15],
			"rotation": {"angle": 0, "axis": "y", "origin": [8, 8, 8]},
			"faces": {
				"north": {"uv": [3.5, 12.5, 3.8125, 12.5625], "texture": "#0"},
				"east": {"uv": [11.5, 7, 12.1875, 7.0625], "texture": "#0"},
				"south": {"uv": [12.5, 3.5, 12.8125, 3.5625], "texture": "#0"},
				"west": {"uv": [12.1875, 7, 11.5, 7.0625], "texture": "#0"},
				"up": {"uv": [9.8125, 3.9375, 9.5, 3.25], "texture": "#0"},
				"down": {"uv": [8.8125, 9.5, 8.5, 10.1875], "texture": "#0"}
			}
		},
		{
			"from": [7.35, 6.46875, 18.175],
			"to": [8.65, 6.69375, 21.15],
			"rotation": {"angle": 0, "axis": "y", "origin": [8, 8, 8]},
			"faces": {
				"north": {"uv": [12.5, 3.75, 12.8125, 3.8125], "texture": "#0"},
				"east": {"uv": [0.5, 11.5, 1.25, 11.5625], "texture": "#0"},
				"south": {"uv": [4, 12.5, 4.3125, 12.5625], "texture": "#0"},
				"west": {"uv": [1.25, 11.5, 0.5, 11.5625], "texture": "#0"},
				"up": {"uv": [8.5625, 6.75, 8.25, 6], "texture": "#0"},
				"down": {"uv": [8.5625, 6.75, 8.25, 7.5], "texture": "#0"}
			}
		},
		{
			"from": [7.35, 6.69375, 17.925],
			"to": [8.65, 6.91875, 21.325],
			"rotation": {"angle": 0, "axis": "y", "origin": [8, 8, 8]},
			"faces": {
				"north": {"uv": [12.5, 4, 12.8125, 4.0625], "texture": "#0"},
				"east": {"uv": [11.25, 10.5, 12.125, 10.5625], "texture": "#0"},
				"south": {"uv": [12.5, 4.25, 12.8125, 4.3125], "texture": "#0"},
				"west": {"uv": [12.125, 10.5, 11.25, 10.5625], "texture": "#0"},
				"up": {"uv": [8.0625, 6.875, 7.75, 6], "texture": "#0"},
				"down": {"uv": [8.0625, 7, 7.75, 7.875], "texture": "#0"}
			}
		},
		{
			"from": [7.35, 7.19375, 16.975],
			"to": [8.65, 7.56875, 21.55],
			"rotation": {"angle": 0, "axis": "y", "origin": [8, 8, 8]},
			"faces": {
				"north": {"uv": [4.5, 12.5, 4.8125, 12.5625], "texture": "#0"},
				"east": {"uv": [10.75, 9.5, 11.875, 9.5625], "texture": "#0"},
				"south": {"uv": [12.5, 4.5, 12.8125, 4.5625], "texture": "#0"},
				"west": {"uv": [11.875, 9.5, 10.75, 9.5625], "texture": "#0"},
				"up": {"uv": [1.3125, 7.125, 1, 6], "texture": "#0"},
				"down": {"uv": [6.5625, 4.5, 6.25, 5.625], "texture": "#0"}
			}
		},
		{
			"from": [7.35, 6.91875, 17.525],
			"to": [8.65, 7.19375, 21.325],
			"rotation": {"angle": 0, "axis": "y", "origin": [8, 8, 8]},
			"faces": {
				"north": {"uv": [12.5, 4.75, 12.8125, 4.8125], "texture": "#0"},
				"east": {"uv": [11.25, 7.25, 12.1875, 7.3125], "texture": "#0"},
				"south": {"uv": [5, 12.5, 5.3125, 12.5625], "texture": "#0"},
				"west": {"uv": [12.1875, 7.25, 11.25, 7.3125], "texture": "#0"},
				"up": {"uv": [8.0625, 5.4375, 7.75, 4.5], "texture": "#0"},
				"down": {"uv": [5.0625, 7.75, 4.75, 8.6875], "texture": "#0"}
			}
		},
		{
			"from": [7.35, 7.56875, 16.725],
			"to": [8.65, 7.94375, 21.725],
			"rotation": {"angle": 0, "axis": "y", "origin": [8, 8, 8]},
			"faces": {
				"north": {"uv": [11.75, 0.75, 12.0625, 0.875], "texture": "#0"},
				"east": {"uv": [9.5, 7.75, 10.75, 7.875], "texture": "#0"},
				"south": {"uv": [1, 11.75, 1.3125, 11.875], "texture": "#0"},
				"west": {"uv": [10.75, 7.75, 9.5, 7.875], "texture": "#0"},
				"up": {"uv": [5.0625, 6.75, 4.75, 5.5], "texture": "#0"},
				"down": {"uv": [0.3125, 5.75, 0, 7], "texture": "#0"}
			}
		},
		{
			"from": [7.35, 7.94375, 15.1],
			"to": [8.65, 8.94375, 21.725],
			"rotation": {"angle": 0, "axis": "y", "origin": [8, 8, 8]},
			"faces": {
				"north": {"uv": [8.5, 10.75, 8.8125, 11], "texture": "#0"},
				"east": {"uv": [5.25, 1.5, 6.9375, 1.75], "texture": "#0"},
				"south": {"uv": [10.75, 8.5, 11.0625, 8.75], "texture": "#0"},
				"west": {"uv": [6.9375, 1.5, 5.25, 1.75], "texture": "#0"},
				"up": {"uv": [0.8125, 5.9375, 0.5, 4.25], "texture": "#0"},
				"down": {"uv": [1.3125, 4.25, 1, 5.9375], "texture": "#0"}
			}
		},
		{
			"from": [7.05, 8.94375, 14.1],
			"to": [8.95, 9.76875, 21.975],
			"rotation": {"angle": 0, "axis": "y", "origin": [8, 8, 8]},
			"faces": {
				"north": {"uv": [6.75, 10.5, 7.25, 10.6875], "texture": "#0"},
				"east": {"uv": [5.75, 3, 7.75, 3.1875], "texture": "#0"},
				"south": {"uv": [7.25, 10.5, 7.75, 10.6875], "texture": "#0"},
				"west": {"uv": [7.75, 3, 5.75, 3.1875], "texture": "#0"},
				"up": {"uv": [2.5, 2, 2, 0], "texture": "#0"},
				"down": {"uv": [2.5, 2, 2, 4], "texture": "#0"}
			}
		},
		{
			"from": [7.05, 10.01875, 13.1],
			"to": [8.95, 10.26875, 19.325],
			"rotation": {"angle": 0, "axis": "y", "origin": [8, 8, 8]},
			"faces": {
				"north": {"uv": [11.75, 11.5, 12.25, 11.5625], "texture": "#0"},
				"east": {"uv": [10.5, 8.75, 12.0625, 8.8125], "texture": "#0"},
				"south": {"uv": [11.75, 11.75, 12.25, 11.8125], "texture": "#0"},
				"west": {"uv": [12.0625, 8.75, 10.5, 8.8125], "texture": "#0"},
				"up": {"uv": [3.5, 2.0625, 3, 0.5], "texture": "#0"},
				"down": {"uv": [3.5, 2.25, 3, 3.8125], "texture": "#0"}
			}
		},
		{
			"from": [7.05, 10.26875, 13.1],
			"to": [8.95, 10.51875, 18.1],
			"rotation": {"angle": 0, "axis": "y", "origin": [8, 8, 8]},
			"faces": {
				"north": {"uv": [0, 12, 0.5, 12.0625], "texture": "#0"},
				"east": {"uv": [9.25, 10.75, 10.5, 10.8125], "texture": "#0"},
				"south": {"uv": [0.5, 12, 1, 12.0625], "texture": "#0"},
				"west": {"uv": [10.5, 10.75, 9.25, 10.8125], "texture": "#0"},
				"up": {"uv": [4.25, 2.75, 3.75, 1.5], "texture": "#0"},
				"down": {"uv": [4.25, 2.75, 3.75, 4], "texture": "#0"}
			}
		},
		{
			"from": [7.05, 10.51875, 13.1],
			"to": [8.95, 10.76875, 16.875],
			"rotation": {"angle": 0, "axis": "y", "origin": [8, 8, 8]},
			"faces": {
				"north": {"uv": [1, 12, 1.5, 12.0625], "texture": "#0"},
				"east": {"uv": [11.25, 7.75, 12.1875, 7.8125], "texture": "#0"},
				"south": {"uv": [1.5, 12, 2, 12.0625], "texture": "#0"},
				"west": {"uv": [12.1875, 7.75, 11.25, 7.8125], "texture": "#0"},
				"up": {"uv": [2, 5.1875, 1.5, 4.25], "texture": "#0"},
				"down": {"uv": [4.75, 1.5, 4.25, 2.4375], "texture": "#0"}
			}
		},
		{
			"from": [7.05, 9.76875, 13.6],
			"to": [8.95, 10.01875, 20.525],
			"rotation": {"angle": 0, "axis": "y", "origin": [8, 8, 8]},
			"faces": {
				"north": {"uv": [2, 12, 2.5, 12.0625], "texture": "#0"},
				"east": {"uv": [10.25, 9.75, 12, 9.8125], "texture": "#0"},
				"south": {"uv": [12, 4, 12.5, 4.0625], "texture": "#0"},
				"west": {"uv": [12, 9.75, 10.25, 9.8125], "texture": "#0"},
				"up": {"uv": [3, 1.75, 2.5, 0], "texture": "#0"},
				"down": {"uv": [3, 1.75, 2.5, 3.5], "texture": "#0"}
			}
		},
		{
			"from": [7.05, 8.61875, 19.275],
			"to": [8.95, 8.94375, 21.975],
			"rotation": {"angle": 0, "axis": "y", "origin": [8, 8, 8]},
			"faces": {
				"north": {"uv": [4.25, 12, 4.75, 12.0625], "texture": "#0"},
				"east": {"uv": [11, 11.5, 11.6875, 11.5625], "texture": "#0"},
				"south": {"uv": [12, 4.25, 12.5, 4.3125], "texture": "#0"},
				"west": {"uv": [11.6875, 11.5, 11, 11.5625], "texture": "#0"},
				"up": {"uv": [3.5, 7.9375, 3, 7.25], "texture": "#0"},
				"down": {"uv": [4, 7.25, 3.5, 7.9375], "texture": "#0"}
			}
		},
		{
			"from": [7.05, 7.96875, 21.025],
			"to": [8.95, 8.29375, 21.975],
			"rotation": {"angle": 0, "axis": "y", "origin": [8, 8, 8]},
			"faces": {
				"north": {"uv": [4.75, 12, 5.25, 12.0625], "texture": "#0"},
				"east": {"uv": [12.5, 7.75, 12.75, 7.8125], "texture": "#0"},
				"south": {"uv": [5.25, 12, 5.75, 12.0625], "texture": "#0"},
				"west": {"uv": [12.75, 7.75, 12.5, 7.8125], "texture": "#0"},
				"up": {"uv": [7.25, 6.75, 6.75, 6.5], "texture": "#0"},
				"down": {"uv": [3.5, 10.25, 3, 10.5], "texture": "#0"}
			}
		},
		{
			"from": [7.05, 8.29375, 20.025],
			"to": [8.95, 8.61875, 21.975],
			"rotation": {"angle": 0, "axis": "y", "origin": [8, 8, 8]},
			"faces": {
				"north": {"uv": [5.75, 12, 6.25, 12.0625], "texture": "#0"},
				"east": {"uv": [12, 5.75, 12.5, 5.8125], "texture": "#0"},
				"south": {"uv": [12, 6, 12.5, 6.0625], "texture": "#0"},
				"west": {"uv": [12.5, 5.75, 12, 5.8125], "texture": "#0"},
				"up": {"uv": [8.5, 2, 8, 1.5], "texture": "#0"},
				"down": {"uv": [8.5, 2, 8, 2.5], "texture": "#0"}
			}
		},
		{
			"from": [7.55, 4.29375, 5.65],
			"to": [8.45, 4.59375, 6.5],
			"rotation": {"angle": 0, "axis": "y", "origin": [8, 8, 8]},
			"faces": {
				"north": {"uv": [12.5, 8, 12.75, 8.0625], "texture": "#0"},
				"east": {"uv": [3, 12.75, 3.1875, 12.8125], "texture": "#0"},
				"south": {"uv": [8.25, 12.5, 8.5, 12.5625], "texture": "#0"},
				"west": {"uv": [3.1875, 12.75, 3, 12.8125], "texture": "#0"},
				"up": {"uv": [1, 10.1875, 0.75, 10], "texture": "#0"},
				"down": {"uv": [11.75, 0.75, 11.5, 0.9375], "texture": "#0"}
			}
		},
		{
			"from": [7.55, 4.59375, 5.475],
			"to": [8.45, 4.84375, 6.675],
			"rotation": {"angle": 0, "axis": "y", "origin": [8, 8, 8]},
			"faces": {
				"north": {"uv": [12.5, 8.25, 12.75, 8.3125], "texture": "#0"},
				"east": {"uv": [12.5, 5, 12.8125, 5.0625], "texture": "#0"},
				"south": {"uv": [8.5, 12.5, 8.75, 12.5625], "texture": "#0"},
				"west": {"uv": [12.8125, 5, 12.5, 5.0625], "texture": "#0"},
				"up": {"uv": [8, 11.0625, 7.75, 10.75], "texture": "#0"},
				"down": {"uv": [11, 10.5, 10.75, 10.8125], "texture": "#0"}
			}
		},
		{
			"from": [7.55, 4.84375, 5.3],
			"to": [8.45, 5.24375, 6.85],
			"rotation": {"angle": 0, "axis": "y", "origin": [8, 8, 8]},
			"faces": {
				"north": {"uv": [12, 6.25, 12.25, 6.375], "texture": "#0"},
				"east": {"uv": [2.25, 11.5, 2.625, 11.625], "texture": "#0"},
				"south": {"uv": [12, 6.5, 12.25, 6.625], "texture": "#0"},
				"west": {"uv": [2.625, 11.5, 2.25, 11.625], "texture": "#0"},
				"up": {"uv": [1.25, 10.875, 1, 10.5], "texture": "#0"},
				"down": {"uv": [3.5, 10.5, 3.25, 10.875], "texture": "#0"}
			}
		},
		{
			"from": [7.55, 5.24375, 5.075],
			"to": [8.45, 5.79375, 7.075],
			"rotation": {"angle": 0, "axis": "y", "origin": [8, 8, 8]},
			"faces": {
				"north": {"uv": [6.75, 12, 7, 12.125], "texture": "#0"},
				"east": {"uv": [2.25, 11.25, 2.75, 11.375], "texture": "#0"},
				"south": {"uv": [12, 6.75, 12.25, 6.875], "texture": "#0"},
				"west": {"uv": [2.75, 11.25, 2.25, 11.375], "texture": "#0"},
				"up": {"uv": [3, 4, 2.75, 3.5], "texture": "#0"},
				"down": {"uv": [3.5, 4, 3.25, 4.5], "texture": "#0"}
			}
		},
		{
			"from": [7.55, 5.79375, 4.775],
			"to": [8.45, 6.44375, 6.825],
			"rotation": {"angle": 0, "axis": "y", "origin": [8, 8, 8]},
			"faces": {
				"north": {"uv": [3.25, 11.5, 3.5, 11.6875], "texture": "#0"},
				"east": {"uv": [8.5, 10.5, 9, 10.6875], "texture": "#0"},
				"south": {"uv": [11.5, 4, 11.75, 4.1875], "texture": "#0"},
				"west": {"uv": [9, 10.5, 8.5, 10.6875], "texture": "#0"},
				"up": {"uv": [3.25, 7, 3, 6.5], "texture": "#0"},
				"down": {"uv": [9, 7, 8.75, 7.5], "texture": "#0"}
			}
		},
		{
			"from": [7.55, 6.44375, 4.625],
			"to": [8.45, 6.81875, 6.575],
			"rotation": {"angle": 0, "axis": "y", "origin": [8, 8, 8]},
			"faces": {
				"north": {"uv": [8.75, 12.5, 9, 12.5625], "texture": "#0"},
				"east": {"uv": [7, 12, 7.5, 12.0625], "texture": "#0"},
				"south": {"uv": [12.5, 8.75, 12.75, 8.8125], "texture": "#0"},
				"west": {"uv": [7.5, 12, 7, 12.0625], "texture": "#0"},
				"up": {"uv": [8.25, 10.5, 8, 10], "texture": "#0"},
				"down": {"uv": [9.25, 10, 9, 10.5], "texture": "#0"}
			}
		},
		{
			"from": [7.55, 6.81875, 4.425],
			"to": [8.45, 7.19375, 6.325],
			"rotation": {"angle": 0, "axis": "y", "origin": [8, 8, 8]},
			"faces": {
				"north": {"uv": [9, 12.5, 9.25, 12.5625], "texture": "#0"},
				"east": {"uv": [8, 12, 8.5, 12.0625], "texture": "#0"},
				"south": {"uv": [12.5, 9, 12.75, 9.0625], "texture": "#0"},
				"west": {"uv": [8.5, 12, 8, 12.0625], "texture": "#0"},
				"up": {"uv": [1.5, 10.75, 1.25, 10.25], "texture": "#0"},
				"down": {"uv": [3.75, 10.25, 3.5, 10.75], "texture": "#0"}
			}
		},
		{
			"from": [7.55, 7.19375, 4.225],
			"to": [8.45, 7.86875, 6.075],
			"rotation": {"angle": 0, "axis": "y", "origin": [8, 8, 8]},
			"faces": {
				"north": {"uv": [11.5, 4.25, 11.75, 4.4375], "texture": "#0"},
				"east": {"uv": [7.25, 10.75, 7.6875, 10.9375], "texture": "#0"},
				"south": {"uv": [4.5, 11.5, 4.75, 11.6875], "texture": "#0"},
				"west": {"uv": [7.6875, 10.75, 7.25, 10.9375], "texture": "#0"},
				"up": {"uv": [0.25, 10.9375, 0, 10.5], "texture": "#0"},
				"down": {"uv": [0.5, 10.5, 0.25, 10.9375], "texture": "#0"}
			}
		},
		{
			"from": [7.3, 7.86875, 4.975],
			"to": [8.7, 8.49375, 6.35],
			"rotation": {"angle": 0, "axis": "y", "origin": [8, 8, 8]},
			"faces": {
				"north": {"uv": [4.75, 11.5, 5.125, 11.625], "texture": "#0"},
				"east": {"uv": [1.5, 11.75, 1.8125, 11.875], "texture": "#0"},
				"south": {"uv": [5.25, 11.5, 5.625, 11.625], "texture": "#0"},
				"west": {"uv": [1.8125, 11.75, 1.5, 11.875], "texture": "#0"},
				"up": {"uv": [10.625, 9.5625, 10.25, 9.25], "texture": "#0"},
				"down": {"uv": [9.875, 10.25, 9.5, 10.5625], "texture": "#0"}
			}
		},
		{
			"from": [7.3, 8.49375, -1.15],
			"to": [8.7, 9.29375, 15.125],
			"rotation": {"angle": 0, "axis": "y", "origin": [8, 8, 8]},
			"faces": {
				"north": {"uv": [11, 4, 11.375, 4.1875], "texture": "#0"},
				"east": {"uv": [3.5, 0.5, 7.5625, 0.6875], "texture": "#0"},
				"south": {"uv": [11, 4.25, 11.375, 4.4375], "texture": "#0"},
				"west": {"uv": [7.5625, 0.5, 3.5, 0.6875], "texture": "#0"},
				"up": {"uv": [1.375, 4.0625, 1, 0], "texture": "#0"},
				"down": {"uv": [1.875, 0, 1.5, 4.0625], "texture": "#0"}
			}
		},
		{
			"from": [7.3, 9.29375, -1.75],
			"to": [8.7, 10.01875, 15.1],
			"rotation": {"angle": 0, "axis": "y", "origin": [8, 8, 8]},
			"faces": {
				"north": {"uv": [6.25, 11, 6.625, 11.1875], "texture": "#0"},
				"east": {"uv": [3, 0, 7.1875, 0.1875], "texture": "#0"},
				"south": {"uv": [11, 6.25, 11.375, 6.4375], "texture": "#0"},
				"west": {"uv": [7.1875, 0, 3, 0.1875], "texture": "#0"},
				"up": {"uv": [0.375, 4.1875, 0, 0], "texture": "#0"},
				"down": {"uv": [0.875, 0, 0.5, 4.1875], "texture": "#0"}
			}
		},
		{
			"from": [7.3, 10.01875, 6.875],
			"to": [8.7, 10.76875, 13.1],
			"rotation": {"angle": 0, "axis": "y", "origin": [8, 8, 8]},
			"faces": {
				"north": {"uv": [11, 6.5, 11.375, 6.6875], "texture": "#0"},
				"east": {"uv": [7.75, 0.5, 9.3125, 0.6875], "texture": "#0"},
				"south": {"uv": [11, 6.75, 11.375, 6.9375], "texture": "#0"},
				"west": {"uv": [9.3125, 0.5, 7.75, 0.6875], "texture": "#0"},
				"up": {"uv": [2.375, 5.5625, 2, 4], "texture": "#0"},
				"down": {"uv": [3.125, 4, 2.75, 5.5625], "texture": "#0"}
			}
		},
		{
			"from": [7.3, 7.66875, 10.7],
			"to": [8.7, 8.49375, 12.3],
			"rotation": {"angle": 0, "axis": "y", "origin": [8, 8, 8]},
			"faces": {
				"north": {"uv": [11, 7, 11.375, 7.1875], "texture": "#0"},
				"east": {"uv": [7.25, 11, 7.625, 11.1875], "texture": "#0"},
				"south": {"uv": [11, 8, 11.375, 8.1875], "texture": "#0"},
				"west": {"uv": [7.625, 11, 7.25, 11.1875], "texture": "#0"},
				"up": {"uv": [1.875, 10.375, 1.5, 10], "texture": "#0"},
				"down": {"uv": [2.375, 10, 2, 10.375], "texture": "#0"}
			}
		},
		{
			"from": [7.3, 7.86875, 6.35],
			"to": [8.7, 8.49375, 10.7],
			"rotation": {"angle": 0, "axis": "y", "origin": [8, 8, 8]},
			"faces": {
				"north": {"uv": [5.75, 11.5, 6.125, 11.625], "texture": "#0"},
				"east": {"uv": [10.25, 5.75, 11.3125, 5.875], "texture": "#0"},
				"south": {"uv": [11.5, 5.75, 11.875, 5.875], "texture": "#0"},
				"west": {"uv": [11.3125, 5.75, 10.25, 5.875], "texture": "#0"},
				"up": {"uv": [4.125, 6.5625, 3.75, 5.5], "texture": "#0"},
				"down": {"uv": [4.625, 5.5, 4.25, 6.5625], "texture": "#0"}
			}
		},
		{
			"from": [7.3, 7.44375, 6.075],
			"to": [8.7, 7.86875, 10.7],
			"rotation": {"angle": 0, "axis": "y", "origin": [8, 8, 8]},
			"faces": {
				"north": {"uv": [11.5, 6, 11.875, 6.125], "texture": "#0"},
				"east": {"uv": [5, 10, 6.125, 10.125], "texture": "#0"},
				"south": {"uv": [11.5, 6.25, 11.875, 6.375], "texture": "#0"},
				"west": {"uv": [6.125, 10, 5, 10.125], "texture": "#0"},
				"up": {"uv": [1.875, 6.375, 1.5, 5.25], "texture": "#0"},
				"down": {"uv": [5.625, 2, 5.25, 3.125], "texture": "#0"}
			}
		},
		{
			"from": [7.3, 6.81875, 6.325],
			"to": [8.7, 7.19375, 10.15],
			"rotation": {"angle": 0, "axis": "y", "origin": [8, 8, 8]},
			"faces": {
				"north": {"uv": [6.75, 12.25, 7.125, 12.3125], "texture": "#0"},
				"east": {"uv": [11.25, 8.5, 12.1875, 8.5625], "texture": "#0"},
				"south": {"uv": [12.25, 6.75, 12.625, 6.8125], "texture": "#0"},
				"west": {"uv": [12.1875, 8.5, 11.25, 8.5625], "texture": "#0"},
				"up": {"uv": [6.625, 6.6875, 6.25, 5.75], "texture": "#0"},
				"down": {"uv": [1.875, 6.5, 1.5, 7.4375], "texture": "#0"}
			}
		},
		{
			"from": [7.3, 7.19375, 6.075],
			"to": [8.7, 7.44375, 10.575],
			"rotation": {"angle": 0, "axis": "y", "origin": [8, 8, 8]},
			"faces": {
				"north": {"uv": [12.25, 7, 12.625, 7.0625], "texture": "#0"},
				"east": {"uv": [8.5, 11, 9.625, 11.0625], "texture": "#0"},
				"south": {"uv": [7.25, 12.25, 7.625, 12.3125], "texture": "#0"},
				"west": {"uv": [9.625, 11, 8.5, 11.0625], "texture": "#0"},
				"up": {"uv": [5.625, 4.375, 5.25, 3.25], "texture": "#0"},
				"down": {"uv": [5.625, 4.5, 5.25, 5.625], "texture": "#0"}
			}
		},
		{
			"from": [7.3, 7.89375, -0.775],
			"to": [8.7, 8.49375, 4.975],
			"rotation": {"angle": 0, "axis": "y", "origin": [8, 8, 8]},
			"faces": {
				"north": {"uv": [11.5, 6.5, 11.875, 6.625], "texture": "#0"},
				"east": {"uv": [9.5, 4, 10.9375, 4.125], "texture": "#0"},
				"south": {"uv": [11.5, 6.75, 11.875, 6.875], "texture": "#0"},
				"west": {"uv": [9.5, 4.25, 10.9375, 4.375], "texture": "#0"},
				"up": {"uv": [4.125, 5.4375, 3.75, 4], "texture": "#0"},
				"down": {"uv": [0.375, 4.25, 0, 5.6875], "texture": "#0"}
			}
		},
		{
			"from": [7.65, 11.12097, 6.8411],
			"to": [8.35, 11.47097, 7.49541],
			"rotation": {"angle": 0, "axis": "y", "origin": [8, 8, 8]},
			"faces": {
				"north": {"uv": [4, 12.75, 4.1875, 12.8125], "texture": "#0"},
				"east": {"uv": [7.75, 12.75, 7.9375, 12.8125], "texture": "#0"},
				"south": {"uv": [4, 12.75, 4.1875, 12.8125], "texture": "#0"},
				"west": {"uv": [7.9375, 12.75, 7.75, 12.8125], "texture": "#0"},
				"up": {"uv": [6.6875, 11.9375, 6.5, 11.75], "texture": "#0"},
				"down": {"uv": [6.9375, 11.75, 6.75, 11.9375], "texture": "#0"}
			}
		},
		{
			"from": [7.65, 11.12097, 7.8411],
			"to": [8.35, 11.47097, 8.49541],
			"rotation": {"angle": 0, "axis": "y", "origin": [8, 8, 8]},
			"faces": {
				"north": {"uv": [4, 12.75, 4.1875, 12.8125], "texture": "#0"},
				"east": {"uv": [7.75, 12.75, 7.9375, 12.8125], "texture": "#0"},
				"south": {"uv": [4, 12.75, 4.1875, 12.8125], "texture": "#0"},
				"west": {"uv": [7.9375, 12.75, 7.75, 12.8125], "texture": "#0"},
				"up": {"uv": [6.6875, 11.9375, 6.5, 11.75], "texture": "#0"},
				"down": {"uv": [7.4375, 11.75, 7.25, 11.9375], "texture": "#0"}
			}
		},
		{
			"from": [7.65, 11.12097, 8.8411],
			"to": [8.35, 11.47097, 9.49541],
			"rotation": {"angle": 0, "axis": "y", "origin": [8, 8, 8]},
			"faces": {
				"north": {"uv": [4, 12.75, 4.1875, 12.8125], "texture": "#0"},
				"east": {"uv": [7.75, 12.75, 7.9375, 12.8125], "texture": "#0"},
				"south": {"uv": [4, 12.75, 4.1875, 12.8125], "texture": "#0"},
				"west": {"uv": [7.9375, 12.75, 7.75, 12.8125], "texture": "#0"},
				"up": {"uv": [6.6875, 11.9375, 6.5, 11.75], "texture": "#0"},
				"down": {"uv": [11.9375, 8.25, 11.75, 8.4375], "texture": "#0"}
			}
		},
		{
			"from": [7.65, 11.12097, 9.8411],
			"to": [8.35, 11.47097, 10.49541],
			"rotation": {"angle": 0, "axis": "y", "origin": [8, 8, 8]},
			"faces": {
				"north": {"uv": [4, 12.75, 4.1875, 12.8125], "texture": "#0"},
				"east": {"uv": [7.75, 12.75, 7.9375, 12.8125], "texture": "#0"},
				"south": {"uv": [4, 12.75, 4.1875, 12.8125], "texture": "#0"},
				"west": {"uv": [7.9375, 12.75, 7.75, 12.8125], "texture": "#0"},
				"up": {"uv": [6.6875, 11.9375, 6.5, 11.75], "texture": "#0"},
				"down": {"uv": [10.4375, 11.75, 10.25, 11.9375], "texture": "#0"}
			}
		},
		{
			"from": [7.65, 11.12097, 10.8411],
			"to": [8.35, 11.47097, 11.49541],
			"rotation": {"angle": 0, "axis": "y", "origin": [8, 8, 8]},
			"faces": {
				"north": {"uv": [4, 12.75, 4.1875, 12.8125], "texture": "#0"},
				"east": {"uv": [7.75, 12.75, 7.9375, 12.8125], "texture": "#0"},
				"south": {"uv": [4, 12.75, 4.1875, 12.8125], "texture": "#0"},
				"west": {"uv": [7.9375, 12.75, 7.75, 12.8125], "texture": "#0"},
				"up": {"uv": [6.6875, 11.9375, 6.5, 11.75], "texture": "#0"},
				"down": {"uv": [10.6875, 11.75, 10.5, 11.9375], "texture": "#0"}
			}
		},
		{
			"from": [7.65, 11.12097, 11.8411],
			"to": [8.35, 11.47097, 12.49541],
			"rotation": {"angle": 0, "axis": "y", "origin": [8, 8, 8]},
			"faces": {
				"north": {"uv": [4, 12.75, 4.1875, 12.8125], "texture": "#0"},
				"east": {"uv": [7.75, 12.75, 7.9375, 12.8125], "texture": "#0"},
				"south": {"uv": [4, 12.75, 4.1875, 12.8125], "texture": "#0"},
				"west": {"uv": [7.9375, 12.75, 7.75, 12.8125], "texture": "#0"},
				"up": {"uv": [6.6875, 11.9375, 6.5, 11.75], "texture": "#0"},
				"down": {"uv": [11.1875, 11.75, 11, 11.9375], "texture": "#0"}
			}
		},
		{
			"from": [7.5, 10.77097, 6.2411],
			"to": [8.5, 11.12097, 13.09541],
			"rotation": {"angle": 0, "axis": "y", "origin": [8, 8, 8]},
			"faces": {
				"north": {"uv": [9.25, 12.5, 9.5, 12.5625], "texture": "#0"},
				"east": {"uv": [1.5, 10.5, 3.1875, 10.5625], "texture": "#0"},
				"south": {"uv": [12.5, 9.25, 12.75, 9.3125], "texture": "#0"},
				"west": {"uv": [3.1875, 10.5, 1.5, 10.5625], "texture": "#0"},
				"up": {"uv": [3.5, 7.1875, 3.25, 5.5], "texture": "#0"},
				"down": {"uv": [3.5, 5.5, 3.25, 7.1875], "texture": "#0"}
			}
		},
		{
			"from": [6.99614, 6.92067, 8.62082],
			"to": [9.00705, 8.16692, 11.62934],
			"rotation": {"angle": 0, "axis": "y", "origin": [8, 8, 8]},
			"faces": {
				"north": {"uv": [8.75, 2.5, 9.25, 2.8125], "texture": "#0"},
				"east": {"uv": [8, 2.5, 8.75, 2.8125], "texture": "#0"},
				"south": {"uv": [6.25, 9.75, 6.75, 10.0625], "texture": "#0"},
				"west": {"uv": [8.25, 7.5, 9, 7.8125], "texture": "#0"},
				"up": {"uv": [2.5, 6.5, 2, 5.75], "texture": "#0"},
				"down": {"uv": [3.25, 5.75, 2.75, 6.5], "texture": "#0"}
			}
		},
		{
			"from": [6.99776, 8.55689, 8.32101],
			"to": [9.00638, 9.80313, 11.32953],
			"rotation": {"angle": 45, "axis": "x", "origin": [8, 8, 8]},
			"faces": {
				"north": {"uv": [6.75, 9.75, 7.25, 10.0625], "texture": "#0"},
				"east": {"uv": [8.25, 8, 9, 8.3125], "texture": "#0"},
				"south": {"uv": [9.75, 6.75, 10.25, 7.0625], "texture": "#0"},
				"west": {"uv": [8.5, 1.5, 9.25, 1.8125], "texture": "#0"},
				"up": {"uv": [6.25, 4.25, 5.75, 3.5], "texture": "#0"},
				"down": {"uv": [6.25, 4.25, 5.75, 5], "texture": "#0"}
			}
		},
		{
			"from": [6.9966, 5.5517, 7.67565],
			"to": [9.00522, 6.79795, 10.68417],
			"rotation": {"angle": -45, "axis": "x", "origin": [8, 8, 8]},
			"faces": {
				"north": {"uv": [9.75, 7.25, 10.25, 7.5625], "texture": "#0"},
				"east": {"uv": [8.5, 2, 9.25, 2.3125], "texture": "#0"},
				"south": {"uv": [9.75, 8.5, 10.25, 8.8125], "texture": "#0"},
				"west": {"uv": [8.5, 3.5, 9.25, 3.8125], "texture": "#0"},
				"up": {"uv": [6.25, 5.75, 5.75, 5], "texture": "#0"},
				"down": {"uv": [5.75, 5.75, 5.25, 6.5], "texture": "#0"}
			}
		},
		{
			"from": [6.98638, 6.03944, 9.50186],
			"to": [9.00949, 9.04797, 10.74811],
			"rotation": {"angle": 0, "axis": "y", "origin": [8, 8, 8]},
			"faces": {
				"north": {"uv": [5.75, 5.75, 6.25, 6.5], "texture": "#0"},
				"east": {"uv": [8.5, 4, 8.8125, 4.75], "texture": "#0"},
				"south": {"uv": [0.5, 6, 1, 6.75], "texture": "#0"},
				"west": {"uv": [8.5, 4.75, 8.8125, 5.5], "texture": "#0"},
				"up": {"uv": [10.25, 9.3125, 9.75, 9], "texture": "#0"},
				"down": {"uv": [10.25, 9.5, 9.75, 9.8125], "texture": "#0"}
			}
		},
		{
			"from": [6.99614, 7.06467, 8.33282],
			"to": [9.00705, 8.02292, 11.91734],
			"rotation": {"angle": 0, "axis": "y", "origin": [8, 8, 8]},
			"faces": {
				"north": {"uv": [10.25, 7.5, 10.75, 7.75], "texture": "#0"},
				"east": {"uv": [9, 5, 9.875, 5.25], "texture": "#0"},
				"south": {"uv": [10.25, 7.5, 10.75, 7.75], "texture": "#0"},
				"west": {"uv": [9, 5.25, 9.875, 5.5], "texture": "#0"},
				"up": {"uv": [4.75, 3.375, 4.25, 2.5], "texture": "#0"},
				"down": {"uv": [4.75, 3.5, 4.25, 4.375], "texture": "#0"}
			}
		},
		{
			"from": [6.99776, 8.70089, 8.03301],
			"to": [9.00638, 9.65913, 11.61753],
			"rotation": {"angle": 45, "axis": "x", "origin": [8, 8, 8]},
			"faces": {
				"north": {"uv": [10.25, 7.5, 10.75, 7.75], "texture": "#0"},
				"east": {"uv": [9.25, 4.5, 10.125, 4.75], "texture": "#0"},
				"south": {"uv": [10.25, 7.5, 10.75, 7.75], "texture": "#0"},
				"west": {"uv": [9.25, 4.75, 10.125, 5], "texture": "#0"},
				"up": {"uv": [3.75, 5.375, 3.25, 4.5], "texture": "#0"},
				"down": {"uv": [4.75, 4.5, 4.25, 5.375], "texture": "#0"}
			}
		},
		{
			"from": [6.9966, 5.6957, 7.38765],
			"to": [9.00522, 6.65395, 10.97217],
			"rotation": {"angle": -45, "axis": "x", "origin": [8, 8, 8]},
			"faces": {
				"north": {"uv": [10.25, 7.5, 10.75, 7.75], "texture": "#0"},
				"east": {"uv": [9.25, 5.5, 10.125, 5.75], "texture": "#0"},
				"south": {"uv": [10.25, 7.5, 10.75, 7.75], "texture": "#0"},
				"west": {"uv": [9.25, 5.75, 10.125, 6], "texture": "#0"},
				"up": {"uv": [5.25, 2.375, 4.75, 1.5], "texture": "#0"},
				"down": {"uv": [5.25, 2.5, 4.75, 3.375], "texture": "#0"}
			}
		},
		{
			"from": [6.98638, 5.75144, 9.64586],
			"to": [9.00949, 9.33597, 10.60411],
			"rotation": {"angle": 0, "axis": "y", "origin": [8, 8, 8]},
			"faces": {
				"north": {"uv": [4.75, 3.5, 5.25, 4.375], "texture": "#0"},
				"east": {"uv": [9.25, 6, 9.5, 6.875], "texture": "#0"},
				"south": {"uv": [4.75, 4.5, 5.25, 5.375], "texture": "#0"},
				"west": {"uv": [9.25, 7, 9.5, 7.875], "texture": "#0"},
				"up": {"uv": [10.25, 7.5, 10.75, 7.75], "texture": "#0"},
				"down": {"uv": [10.25, 7.5, 10.75, 7.75], "texture": "#0"}
			}
		},
		{
			"from": [6.12427, 6.76316, 8.24056],
			"to": [7.01156, 8.32446, 12.00964],
			"rotation": {"angle": 0, "axis": "y", "origin": [8, 8, 8]},
			"faces": {
				"north": {"uv": [2.75, 10.75, 2.5, 11.125], "texture": "#0"},
				"east": {"uv": [6.75, 5.5, 7.6875, 5.875], "texture": "#0"},
				"south": {"uv": [3, 10.75, 2.75, 11.125], "texture": "#0"},
				"west": {"uv": [7.6875, 5.5, 6.75, 5.875], "texture": "#0"},
				"up": {"uv": [8.5, 9.4375, 8.25, 8.5], "texture": "#0"},
				"down": {"uv": [8.75, 8.5, 8.5, 9.4375], "texture": "#0"}
			}
		},
		{
			"from": [6.1263, 8.39937, 7.94075],
			"to": [7.01072, 9.96067, 11.70983],
			"rotation": {"angle": 45, "axis": "x", "origin": [8, 8, 8]},
			"faces": {
				"north": {"uv": [3.25, 10.75, 3, 11.125], "texture": "#0"},
				"east": {"uv": [6.25, 6.75, 7.1875, 7.125], "texture": "#0"},
				"south": {"uv": [3.75, 10.75, 3.5, 11.125], "texture": "#0"},
				"west": {"uv": [7.1875, 6.75, 6.25, 7.125], "texture": "#0"},
				"up": {"uv": [5, 9.6875, 4.75, 8.75], "texture": "#0"},
				"down": {"uv": [5.25, 8.75, 5, 9.6875], "texture": "#0"}
			}
		},
		{
			"from": [6.12485, 5.39418, 7.29536],
			"to": [7.00926, 6.95548, 11.06443],
			"rotation": {"angle": -45, "axis": "x", "origin": [8, 8, 8]},
			"faces": {
				"north": {"uv": [4, 10.75, 3.75, 11.125], "texture": "#0"},
				"east": {"uv": [2, 7, 2.9375, 7.375], "texture": "#0"},
				"south": {"uv": [4.75, 10.75, 4.5, 11.125], "texture": "#0"},
				"west": {"uv": [2.9375, 7, 2, 7.375], "texture": "#0"},
				"up": {"uv": [9, 6.9375, 8.75, 6], "texture": "#0"},
				"down": {"uv": [9, 8.5, 8.75, 9.4375], "texture": "#0"}
			}
		},
		{
			"from": [6.11204, 5.65915, 9.34434],
			"to": [7.01461, 9.42823, 10.90563],
			"rotation": {"angle": 0, "axis": "y", "origin": [8, 8, 8]},
			"faces": {
				"north": {"uv": [9, 4, 9.25, 4.9375], "texture": "#0"},
				"east": {"uv": [0, 7, 0.375, 7.9375], "texture": "#0"},
				"south": {"uv": [9, 6, 9.25, 6.9375], "texture": "#0"},
				"west": {"uv": [0.375, 7, 0, 7.9375], "texture": "#0"},
				"up": {"uv": [4.75, 11.125, 5, 10.75], "texture": "#0"},
				"down": {"uv": [5, 10.75, 5.25, 11.125], "texture": "#0"}
			}
		},
		{
			"from": [8.99243, 6.76316, 8.24056],
			"to": [9.87972, 8.32446, 12.00964],
			"rotation": {"angle": 0, "axis": "y", "origin": [8, 8, 8]},
			"faces": {
				"north": {"uv": [2.5, 10.75, 2.75, 11.125], "texture": "#0"},
				"east": {"uv": [6.75, 5.5, 7.6875, 5.875], "texture": "#0"},
				"south": {"uv": [2.75, 10.75, 3, 11.125], "texture": "#0"},
				"west": {"uv": [7.6875, 5.5, 6.75, 5.875], "texture": "#0"},
				"up": {"uv": [9.25, 7.9375, 9, 7], "texture": "#0"},
				"down": {"uv": [7.5, 9, 7.25, 9.9375], "texture": "#0"}
			}
		},
		{
			"from": [8.99446, 8.39937, 7.94075],
			"to": [9.87888, 9.96067, 11.70983],
			"rotation": {"angle": 45, "axis": "x", "origin": [8, 8, 8]},
			"faces": {
				"north": {"uv": [3, 10.75, 3.25, 11.125], "texture": "#0"},
				"east": {"uv": [6.25, 6.75, 7.1875, 7.125], "texture": "#0"},
				"south": {"uv": [3.5, 10.75, 3.75, 11.125], "texture": "#0"},
				"west": {"uv": [7.1875, 6.75, 6.25, 7.125], "texture": "#0"},
				"up": {"uv": [7.75, 9.9375, 7.5, 9], "texture": "#0"},
				"down": {"uv": [9.25, 8, 9, 8.9375], "texture": "#0"}
			}
		},
		{
			"from": [8.99301, 5.39418, 7.29536],
			"to": [9.87742, 6.95548, 11.06443],
			"rotation": {"angle": -45, "axis": "x", "origin": [8, 8, 8]},
			"faces": {
				"north": {"uv": [3.75, 10.75, 4, 11.125], "texture": "#0"},
				"east": {"uv": [2, 7, 2.9375, 7.375], "texture": "#0"},
				"south": {"uv": [4.5, 10.75, 4.75, 11.125], "texture": "#0"},
				"west": {"uv": [2.9375, 7, 2, 7.375], "texture": "#0"},
				"up": {"uv": [9.25, 9.9375, 9, 9], "texture": "#0"},
				"down": {"uv": [9.5, 1.5, 9.25, 2.4375], "texture": "#0"}
			}
		},
		{
			"from": [8.9802, 5.65915, 9.34434],
			"to": [9.88277, 9.42823, 10.90563],
			"rotation": {"angle": 0, "axis": "y", "origin": [8, 8, 8]},
			"faces": {
				"north": {"uv": [9.25, 2.5, 9.5, 3.4375], "texture": "#0"},
				"east": {"uv": [0, 7, 0.375, 7.9375], "texture": "#0"},
				"south": {"uv": [9.25, 3.5, 9.5, 4.4375], "texture": "#0"},
				"west": {"uv": [0.375, 7, 0, 7.9375], "texture": "#0"},
				"up": {"uv": [5, 11.125, 4.75, 10.75], "texture": "#0"},
				"down": {"uv": [5.25, 10.75, 5, 11.125], "texture": "#0"}
			}
		},
		{
			"from": [7.05, 10.76875, -3.175],
			"to": [7.55, 10.99375, 6.875],
			"rotation": {"angle": 0, "axis": "y", "origin": [8, 8, 8]},
			"faces": {
				"north": {"uv": [12.875, 11.75, 12.75, 11.8125], "texture": "#0"},
				"east": {"uv": [10, 1, 12.5, 1.0625], "texture": "#0"},
				"south": {"uv": [12.125, 12.75, 12, 12.8125], "texture": "#0"},
				"west": {"uv": [12.5, 1, 10, 1.0625], "texture": "#0"},
				"up": {"uv": [4.5, 9.75, 4.625, 7.25], "texture": "#0"},
				"down": {"uv": [6.25, 7.25, 6.375, 9.75], "texture": "#0"}
			}
		},
		{
			"from": [7.05, 10.99375, -3.175],
			"to": [7.55, 11.21875, 6.7],
			"rotation": {"angle": 0, "axis": "y", "origin": [8, 8, 8]},
			"faces": {
				"north": {"uv": [12.875, 12, 12.75, 12.0625], "texture": "#0"},
				"east": {"uv": [10, 2.5, 12.4375, 2.5625], "texture": "#0"},
				"south": {"uv": [12.375, 12.75, 12.25, 12.8125], "texture": "#0"},
				"west": {"uv": [12.4375, 2.5, 10, 2.5625], "texture": "#0"},
				"up": {"uv": [1.5, 9.9375, 1.625, 7.5], "texture": "#0"},
				"down": {"uv": [7.375, 6.5, 7.25, 8.9375], "texture": "#0"}
			}
		},
		{
			"from": [7.05, 11.21875, -2.925],
			"to": [7.55, 11.44375, 6.5],
			"rotation": {"angle": 0, "axis": "y", "origin": [8, 8, 8]},
			"faces": {
				"north": {"uv": [12.875, 12.25, 12.75, 12.3125], "texture": "#0"},
				"east": {"uv": [10, 5.25, 12.375, 5.3125], "texture": "#0"},
				"south": {"uv": [12.625, 12.75, 12.5, 12.8125], "texture": "#0"},
				"west": {"uv": [12.375, 5.25, 10, 5.3125], "texture": "#0"},
				"up": {"uv": [5.75, 9.875, 5.875, 7.5], "texture": "#0"},
				"down": {"uv": [2.875, 7.5, 2.75, 9.875], "texture": "#0"}
			}
		},
		{
			"from": [7.05, 11.44375, -2.525],
			"to": [7.55, 11.66875, 6.275],
			"rotation": {"angle": 0, "axis": "y", "origin": [8, 8, 8]},
			"faces": {
				"north": {"uv": [12.875, 12.5, 12.75, 12.5625], "texture": "#0"},
				"east": {"uv": [5, 10.25, 7.1875, 10.3125], "texture": "#0"},
				"south": {"uv": [12.875, 12.75, 12.75, 12.8125], "texture": "#0"},
				"west": {"uv": [7.1875, 10.25, 5, 10.3125], "texture": "#0"},
				"up": {"uv": [3.25, 10.1875, 3.375, 8], "texture": "#0"},
				"down": {"uv": [0.125, 8, 0, 10.1875], "texture": "#0"}
			}
		},
		{
			"from": [7.05, 10.54375, -2.925],
			"to": [7.55, 10.76875, 6.875],
			"rotation": {"angle": 0, "axis": "y", "origin": [8, 8, 8]},
			"faces": {
				"north": {"uv": [0.125, 13, 0, 13.0625], "texture": "#0"},
				"east": {"uv": [10, 3.25, 12.4375, 3.3125], "texture": "#0"},
				"south": {"uv": [13.125, 0, 13, 0.0625], "texture": "#0"},
				"west": {"uv": [12.4375, 3.25, 10, 3.3125], "texture": "#0"},
				"up": {"uv": [6.875, 9.6875, 6.75, 7.25], "texture": "#0"},
				"down": {"uv": [2.25, 7.5, 2.375, 9.9375], "texture": "#0"}
			}
		},
		{
			"from": [7.05, 10.01875, -2.675],
			"to": [7.55, 10.54375, 6.875],
			"rotation": {"angle": 0, "axis": "y", "origin": [8, 8, 8]},
			"faces": {
				"north": {"uv": [12.625, 10, 12.5, 10.125], "texture": "#0"},
				"east": {"uv": [7.5, 1, 9.875, 1.125], "texture": "#0"},
				"south": {"uv": [10.375, 12.5, 10.25, 12.625], "texture": "#0"},
				"west": {"uv": [9.875, 1, 7.5, 1.125], "texture": "#0"},
				"up": {"uv": [5.375, 9.875, 5.25, 7.5], "texture": "#0"},
				"down": {"uv": [0.5, 7.75, 0.625, 10.125], "texture": "#0"}
			}
		},
		{
			"from": [7.05, 9.29375, -2.425],
			"to": [7.55, 10.01875, 6.25],
			"rotation": {"angle": 0, "axis": "y", "origin": [8, 8, 8]},
			"faces": {
				"north": {"uv": [12.375, 8.75, 12.25, 8.9375], "texture": "#0"},
				"east": {"uv": [5.75, 2.5, 7.9375, 2.6875], "texture": "#0"},
				"south": {"uv": [9.125, 12.25, 9, 12.4375], "texture": "#0"},
				"west": {"uv": [7.9375, 2.5, 5.75, 2.6875], "texture": "#0"},
				"up": {"uv": [0.375, 10.1875, 0.25, 8], "texture": "#0"},
				"down": {"uv": [7.75, 8, 7.875, 10.1875], "texture": "#0"}
			}
		},
		{
			"from": [7.05, 8.49375, -2.175],
			"to": [7.55, 9.29375, 5.6],
			"rotation": {"angle": 0, "axis": "y", "origin": [8, 8, 8]},
			"faces": {
				"north": {"uv": [12.375, 9, 12.25, 9.1875], "texture": "#0"},
				"east": {"uv": [6.25, 4, 8.1875, 4.1875], "texture": "#0"},
				"south": {"uv": [9.375, 12.25, 9.25, 12.4375], "texture": "#0"},
				"west": {"uv": [8.1875, 4, 6.25, 4.1875], "texture": "#0"},
				"up": {"uv": [8.125, 9.9375, 8, 8], "texture": "#0"},
				"down": {"uv": [8.25, 3.5, 8.375, 5.4375], "texture": "#0"}
			}
		},
		{
			"from": [7.05, 7.86875, -1.925],
			"to": [7.55, 8.49375, 4.975],
			"rotation": {"angle": 0, "axis": "y", "origin": [8, 8, 8]},
			"faces": {
				"north": {"uv": [12.625, 10.25, 12.5, 10.375], "texture": "#0"},
				"east": {"uv": [9.5, 0.5, 11.25, 0.625], "texture": "#0"},
				"south": {"uv": [10.625, 12.5, 10.5, 12.625], "texture": "#0"},
				"west": {"uv": [11.25, 0.5, 9.5, 0.625], "texture": "#0"},
				"up": {"uv": [9.375, 10.25, 9.25, 8.5], "texture": "#0"},
				"down": {"uv": [8.25, 9.5, 8.375, 11.25], "texture": "#0"}
			}
		},
		{
			"from": [7.05, 7.19375, -1.675],
			"to": [7.55, 7.86875, 4.225],
			"rotation": {"angle": 0, "axis": "y", "origin": [8, 8, 8]},
			"faces": {
				"north": {"uv": [9.625, 12.25, 9.5, 12.4375], "texture": "#0"},
				"east": {"uv": [7.75, 5.5, 9.25, 5.6875], "texture": "#0"},
				"south": {"uv": [12.375, 9.5, 12.25, 9.6875], "texture": "#0"},
				"west": {"uv": [9.25, 5.5, 7.75, 5.6875], "texture": "#0"},
				"up": {"uv": [9.625, 10, 9.5, 8.5], "texture": "#0"},
				"down": {"uv": [4.25, 9.75, 4.375, 11.25], "texture": "#0"}
			}
		},
		{
			"from": [7.05, 6.81875, 2.525],
			"to": [7.55, 7.19375, 4.425],
			"rotation": {"angle": 0, "axis": "y", "origin": [8, 8, 8]},
			"faces": {
				"north": {"uv": [0.375, 13, 0.25, 13.0625], "texture": "#0"},
				"east": {"uv": [9, 12, 9.5, 12.0625], "texture": "#0"},
				"south": {"uv": [13.125, 0.25, 13, 0.3125], "texture": "#0"},
				"west": {"uv": [9.5, 12, 9, 12.0625], "texture": "#0"},
				"up": {"uv": [4, 11.75, 4.125, 11.25], "texture": "#0"},
				"down": {"uv": [4.25, 11.25, 4.375, 11.75], "texture": "#0"}
			}
		},
		{
			"from": [7.05, 6.44375, 2.975],
			"to": [7.55, 6.81875, 4.625],
			"rotation": {"angle": 0, "axis": "y", "origin": [8, 8, 8]},
			"faces": {
				"north": {"uv": [0.625, 13, 0.5, 13.0625], "texture": "#0"},
				"east": {"uv": [1.5, 12.25, 1.9375, 12.3125], "texture": "#0"},
				"south": {"uv": [13.125, 0.5, 13, 0.5625], "texture": "#0"},
				"west": {"uv": [1.9375, 12.25, 1.5, 12.3125], "texture": "#0"},
				"up": {"uv": [0, 11.9375, 0.125, 11.5], "texture": "#0"},
				"down": {"uv": [0.25, 11.5, 0.375, 11.9375], "texture": "#0"}
			}
		},
		{
			"from": [7.05, 6.06875, 3.375],
			"to": [7.55, 6.44375, 4.775],
			"rotation": {"angle": 0, "axis": "y", "origin": [8, 8, 8]},
			"faces": {
				"north": {"uv": [0.875, 13, 0.75, 13.0625], "texture": "#0"},
				"east": {"uv": [9.75, 12.25, 10.125, 12.3125], "texture": "#0"},
				"south": {"uv": [13.125, 0.75, 13, 0.8125], "texture": "#0"},
				"west": {"uv": [10.125, 12.25, 9.75, 12.3125], "texture": "#0"},
				"up": {"uv": [7.75, 11.875, 7.875, 11.5], "texture": "#0"},
				"down": {"uv": [8, 11.5, 8.125, 11.875], "texture": "#0"}
			}
		},
		{
			"from": [7.05, 5.79375, 3.625],
			"to": [7.55, 6.06875, 4.775],
			"rotation": {"angle": 0, "axis": "y", "origin": [8, 8, 8]},
			"faces": {
				"north": {"uv": [1.125, 13, 1, 13.0625], "texture": "#0"},
				"east": {"uv": [12.5, 6, 12.8125, 6.0625], "texture": "#0"},
				"south": {"uv": [13.125, 1, 13, 1.0625], "texture": "#0"},
				"west": {"uv": [12.8125, 6, 12.5, 6.0625], "texture": "#0"},
				"up": {"uv": [2.625, 12.0625, 2.5, 11.75], "texture": "#0"},
				"down": {"uv": [3.75, 11.75, 3.875, 12.0625], "texture": "#0"}
			}
		},
		{
			"from": [7.05, 5.51875, 3.925],
			"to": [7.55, 5.79375, 5.075],
			"rotation": {"angle": 0, "axis": "y", "origin": [8, 8, 8]},
			"faces": {
				"north": {"uv": [1.375, 13, 1.25, 13.0625], "texture": "#0"},
				"east": {"uv": [6.5, 12.5, 6.8125, 12.5625], "texture": "#0"},
				"south": {"uv": [13.125, 1.25, 13, 1.3125], "texture": "#0"},
				"west": {"uv": [6.8125, 12.5, 6.5, 12.5625], "texture": "#0"},
				"up": {"uv": [4, 12.0625, 4.125, 11.75], "texture": "#0"},
				"down": {"uv": [11.75, 4, 11.875, 4.3125], "texture": "#0"}
			}
		},
		{
			"from": [8.45, 10.76875, -3.175],
			"to": [8.95, 10.99375, 6.875],
			"rotation": {"angle": 0, "axis": "y", "origin": [8, 8, 8]},
			"faces": {
				"north": {"uv": [12.75, 11.75, 12.875, 11.8125], "texture": "#0"},
				"east": {"uv": [10, 1, 12.5, 1.0625], "texture": "#0"},
				"south": {"uv": [12, 12.75, 12.125, 12.8125], "texture": "#0"},
				"west": {"uv": [12.5, 1, 10, 1.0625], "texture": "#0"},
				"up": {"uv": [4.625, 9.75, 4.5, 7.25], "texture": "#0"},
				"down": {"uv": [6.375, 7.25, 6.25, 9.75], "texture": "#0"}
			}
		},
		{
			"from": [8.45, 10.99375, -3.175],
			"to": [8.95, 11.21875, 6.7],
			"rotation": {"angle": 0, "axis": "y", "origin": [8, 8, 8]},
			"faces": {
				"north": {"uv": [12.75, 12, 12.875, 12.0625], "texture": "#0"},
				"east": {"uv": [10, 2.5, 12.4375, 2.5625], "texture": "#0"},
				"south": {"uv": [12.25, 12.75, 12.375, 12.8125], "texture": "#0"},
				"west": {"uv": [12.4375, 2.5, 10, 2.5625], "texture": "#0"},
				"up": {"uv": [1.625, 9.9375, 1.5, 7.5], "texture": "#0"},
				"down": {"uv": [1.875, 7.5, 1.75, 9.9375], "texture": "#0"}
			}
		},
		{
			"from": [8.45, 11.21875, -2.925],
			"to": [8.95, 11.44375, 6.5],
			"rotation": {"angle": 0, "axis": "y", "origin": [8, 8, 8]},
			"faces": {
				"north": {"uv": [12.75, 12.25, 12.875, 12.3125], "texture": "#0"},
				"east": {"uv": [10, 5.25, 12.375, 5.3125], "texture": "#0"},
				"south": {"uv": [12.5, 12.75, 12.625, 12.8125], "texture": "#0"},
				"west": {"uv": [12.375, 5.25, 10, 5.3125], "texture": "#0"},
				"up": {"uv": [5.875, 9.875, 5.75, 7.5], "texture": "#0"},
				"down": {"uv": [6.125, 7.5, 6, 9.875], "texture": "#0"}
			}
		},
		{
			"from": [8.45, 11.44375, -2.525],
			"to": [8.95, 11.66875, 6.275],
			"rotation": {"angle": 0, "axis": "y", "origin": [8, 8, 8]},
			"faces": {
				"north": {"uv": [12.75, 12.5, 12.875, 12.5625], "texture": "#0"},
				"east": {"uv": [5, 10.25, 7.1875, 10.3125], "texture": "#0"},
				"south": {"uv": [12.75, 12.75, 12.875, 12.8125], "texture": "#0"},
				"west": {"uv": [7.1875, 10.25, 5, 10.3125], "texture": "#0"},
				"up": {"uv": [3.375, 10.1875, 3.25, 8], "texture": "#0"},
				"down": {"uv": [3.625, 8, 3.5, 10.1875], "texture": "#0"}
			}
		},
		{
			"from": [8.45, 10.54375, -2.925],
			"to": [8.95, 10.76875, 6.875],
			"rotation": {"angle": 0, "axis": "y", "origin": [8, 8, 8]},
			"faces": {
				"north": {"uv": [0, 13, 0.125, 13.0625], "texture": "#0"},
				"east": {"uv": [10, 3.25, 12.4375, 3.3125], "texture": "#0"},
				"south": {"uv": [13, 0, 13.125, 0.0625], "texture": "#0"},
				"west": {"uv": [12.4375, 3.25, 10, 3.3125], "texture": "#0"},
				"up": {"uv": [2.125, 9.9375, 2, 7.5], "texture": "#0"},
				"down": {"uv": [2.375, 7.5, 2.25, 9.9375], "texture": "#0"}
			}
		},
		{
			"from": [8.45, 10.01875, -2.675],
			"to": [8.95, 10.54375, 6.875],
			"rotation": {"angle": 0, "axis": "y", "origin": [8, 8, 8]},
			"faces": {
				"north": {"uv": [12.5, 10, 12.625, 10.125], "texture": "#0"},
				"east": {"uv": [7.5, 1, 9.875, 1.125], "texture": "#0"},
				"south": {"uv": [10.25, 12.5, 10.375, 12.625], "texture": "#0"},
				"west": {"uv": [9.875, 1, 7.5, 1.125], "texture": "#0"},
				"up": {"uv": [7.625, 8.875, 7.5, 6.5], "texture": "#0"},
				"down": {"uv": [0.625, 7.75, 0.5, 10.125], "texture": "#0"}
			}
		},
		{
			"from": [8.45, 9.29375, -2.425],
			"to": [8.95, 10.01875, 6.25],
			"rotation": {"angle": 0, "axis": "y", "origin": [8, 8, 8]},
			"faces": {
				"north": {"uv": [12.25, 8.75, 12.375, 8.9375], "texture": "#0"},
				"east": {"uv": [5.75, 2.5, 7.9375, 2.6875], "texture": "#0"},
				"south": {"uv": [9, 12.25, 9.125, 12.4375], "texture": "#0"},
				"west": {"uv": [7.9375, 2.5, 5.75, 2.6875], "texture": "#0"},
				"up": {"uv": [3.875, 10.1875, 3.75, 8], "texture": "#0"},
				"down": {"uv": [7.875, 8, 7.75, 10.1875], "texture": "#0"}
			}
		},
		{
			"from": [8.45, 8.49375, -2.175],
			"to": [8.95, 9.29375, 5.6],
			"rotation": {"angle": 0, "axis": "y", "origin": [8, 8, 8]},
			"faces": {
				"north": {"uv": [12.25, 9, 12.375, 9.1875], "texture": "#0"},
				"east": {"uv": [6.25, 4, 8.1875, 4.1875], "texture": "#0"},
				"south": {"uv": [9.25, 12.25, 9.375, 12.4375], "texture": "#0"},
				"west": {"uv": [8.1875, 4, 6.25, 4.1875], "texture": "#0"},
				"up": {"uv": [1.375, 10.1875, 1.25, 8.25], "texture": "#0"},
				"down": {"uv": [8.375, 3.5, 8.25, 5.4375], "texture": "#0"}
			}
		},
		{
			"from": [8.45, 7.86875, -1.925],
			"to": [8.95, 8.49375, 4.975],
			"rotation": {"angle": 0, "axis": "y", "origin": [8, 8, 8]},
			"faces": {
				"north": {"uv": [12.5, 10.25, 12.625, 10.375], "texture": "#0"},
				"east": {"uv": [9.5, 0.5, 11.25, 0.625], "texture": "#0"},
				"south": {"uv": [10.5, 12.5, 10.625, 12.625], "texture": "#0"},
				"west": {"uv": [11.25, 0.5, 9.5, 0.625], "texture": "#0"},
				"up": {"uv": [9.625, 7.75, 9.5, 6], "texture": "#0"},
				"down": {"uv": [8.375, 9.5, 8.25, 11.25], "texture": "#0"}
			}
		},
		{
			"from": [8.45, 7.19375, -1.675],
			"to": [8.95, 7.86875, 4.225],
			"rotation": {"angle": 0, "axis": "y", "origin": [8, 8, 8]},
			"faces": {
				"north": {"uv": [9.5, 12.25, 9.625, 12.4375], "texture": "#0"},
				"east": {"uv": [7.75, 5.5, 9.25, 5.6875], "texture": "#0"},
				"south": {"uv": [12.25, 9.5, 12.375, 9.6875], "texture": "#0"},
				"west": {"uv": [9.25, 5.5, 7.75, 5.6875], "texture": "#0"},
				"up": {"uv": [4.125, 11.25, 4, 9.75], "texture": "#0"},
				"down": {"uv": [4.375, 9.75, 4.25, 11.25], "texture": "#0"}
			}
		},
		{
			"from": [8.45, 6.81875, 2.525],
			"to": [8.95, 7.19375, 4.425],
			"rotation": {"angle": 0, "axis": "y", "origin": [8, 8, 8]},
			"faces": {
				"north": {"uv": [0.25, 13, 0.375, 13.0625], "texture": "#0"},
				"east": {"uv": [9, 12, 9.5, 12.0625], "texture": "#0"},
				"south": {"uv": [13, 0.25, 13.125, 0.3125], "texture": "#0"},
				"west": {"uv": [9.5, 12, 9, 12.0625], "texture": "#0"},
				"up": {"uv": [4.125, 11.75, 4, 11.25], "texture": "#0"},
				"down": {"uv": [4.375, 11.25, 4.25, 11.75], "texture": "#0"}
			}
		},
		{
			"from": [8.45, 6.44375, 2.975],
			"to": [8.95, 6.81875, 4.625],
			"rotation": {"angle": 0, "axis": "y", "origin": [8, 8, 8]},
			"faces": {
				"north": {"uv": [0.5, 13, 0.625, 13.0625], "texture": "#0"},
				"east": {"uv": [1.5, 12.25, 1.9375, 12.3125], "texture": "#0"},
				"south": {"uv": [13, 0.5, 13.125, 0.5625], "texture": "#0"},
				"west": {"uv": [1.9375, 12.25, 1.5, 12.3125], "texture": "#0"},
				"up": {"uv": [0.125, 11.9375, 0, 11.5], "texture": "#0"},
				"down": {"uv": [0.375, 11.5, 0.25, 11.9375], "texture": "#0"}
			}
		},
		{
			"from": [8.45, 6.06875, 3.375],
			"to": [8.95, 6.44375, 4.775],
			"rotation": {"angle": 0, "axis": "y", "origin": [8, 8, 8]},
			"faces": {
				"north": {"uv": [0.75, 13, 0.875, 13.0625], "texture": "#0"},
				"east": {"uv": [9.75, 12.25, 10.125, 12.3125], "texture": "#0"},
				"south": {"uv": [13, 0.75, 13.125, 0.8125], "texture": "#0"},
				"west": {"uv": [10.125, 12.25, 9.75, 12.3125], "texture": "#0"},
				"up": {"uv": [7.875, 11.875, 7.75, 11.5], "texture": "#0"},
				"down": {"uv": [8.125, 11.5, 8, 11.875], "texture": "#0"}
			}
		},
		{
			"from": [8.45, 5.79375, 3.625],
			"to": [8.95, 6.06875, 4.775],
			"rotation": {"angle": 0, "axis": "y", "origin": [8, 8, 8]},
			"faces": {
				"north": {"uv": [1, 13, 1.125, 13.0625], "texture": "#0"},
				"east": {"uv": [12.5, 6, 12.8125, 6.0625], "texture": "#0"},
				"south": {"uv": [13, 1, 13.125, 1.0625], "texture": "#0"},
				"west": {"uv": [12.8125, 6, 12.5, 6.0625], "texture": "#0"},
				"up": {"uv": [3.625, 12.0625, 3.5, 11.75], "texture": "#0"},
				"down": {"uv": [3.875, 11.75, 3.75, 12.0625], "texture": "#0"}
			}
		},
		{
			"from": [8.45, 5.51875, 3.925],
			"to": [8.95, 5.79375, 5.075],
			"rotation": {"angle": 0, "axis": "y", "origin": [8, 8, 8]},
			"faces": {
				"north": {"uv": [1.25, 13, 1.375, 13.0625], "texture": "#0"},
				"east": {"uv": [6.5, 12.5, 6.8125, 12.5625], "texture": "#0"},
				"south": {"uv": [13, 1.25, 13.125, 1.3125], "texture": "#0"},
				"west": {"uv": [6.8125, 12.5, 6.5, 12.5625], "texture": "#0"},
				"up": {"uv": [4.125, 12.0625, 4, 11.75], "texture": "#0"},
				"down": {"uv": [11.875, 4, 11.75, 4.3125], "texture": "#0"}
			}
		},
		{
			"from": [8.45, 10.61875, -5.175],
			"to": [8.85, 11.01875, -4.425],
			"rotation": {"angle": 0, "axis": "y", "origin": [8, 8, 8]},
			"faces": {
				"north": {"uv": [12.5, 10.5, 12.625, 10.625], "texture": "#0"},
				"east": {"uv": [12.25, 10, 12.4375, 10.125], "texture": "#0"},
				"south": {"uv": [10.75, 12.5, 10.875, 12.625], "texture": "#0"},
				"west": {"uv": [10.25, 12.25, 10.4375, 12.375], "texture": "#0"},
				"up": {"uv": [12.375, 10.4375, 12.25, 10.25], "texture": "#0"},
				"down": {"uv": [10.625, 12.25, 10.5, 12.4375], "texture": "#0"}
			}
		},
		{
			"from": [7.15, 10.61875, -5.175],
			"to": [7.55, 11.01875, -4.425],
			"rotation": {"angle": 0, "axis": "y", "origin": [8, 8, 8]},
			"faces": {
				"north": {"uv": [12.5, 10.75, 12.625, 10.875], "texture": "#0"},
				"east": {"uv": [12.25, 10.5, 12.4375, 10.625], "texture": "#0"},
				"south": {"uv": [11, 12.5, 11.125, 12.625], "texture": "#0"},
				"west": {"uv": [12.4375, 10, 12.25, 10.125], "texture": "#0"},
				"up": {"uv": [12.375, 10.9375, 12.25, 10.75], "texture": "#0"},
				"down": {"uv": [11.125, 12.25, 11, 12.4375], "texture": "#0"}
			}
		},
		{
			"from": [8.45, 10.09375, -3.775],
			"to": [8.85, 10.54375, -2.675],
			"rotation": {"angle": 0, "axis": "y", "origin": [8, 8, 8]},
			"faces": {
				"north": {"uv": [12.5, 11, 12.625, 11.125], "texture": "#0"},
				"east": {"uv": [9.5, 12, 9.75, 12.125], "texture": "#0"},
				"south": {"uv": [11.25, 12.5, 11.375, 12.625], "texture": "#0"},
				"west": {"uv": [12, 9.5, 12.25, 9.625], "texture": "#0"},
				"up": {"uv": [10.25, 12.25, 10.375, 12], "texture": "#0"},
				"down": {"uv": [12.125, 9.75, 12, 10], "texture": "#0"}
			}
		},
		{
			"from": [7.15, 10.09375, -3.775],
			"to": [7.55, 10.54375, -2.675],
			"rotation": {"angle": 0, "axis": "y", "origin": [8, 8, 8]},
			"faces": {
				"north": {"uv": [12.5, 11.25, 12.625, 11.375], "texture": "#0"},
				"east": {"uv": [10, 12, 10.25, 12.125], "texture": "#0"},
				"south": {"uv": [11.5, 12.5, 11.625, 12.625], "texture": "#0"},
				"west": {"uv": [9.75, 12, 9.5, 12.125], "texture": "#0"},
				"up": {"uv": [10.375, 12.25, 10.25, 12], "texture": "#0"},
				"down": {"uv": [12, 9.75, 12.125, 10], "texture": "#0"}
			}
		},
		{
			"from": [7.15, 9.61875, -4.425],
			"to": [7.55, 11.01875, -3.775],
			"rotation": {"angle": 0, "axis": "y", "origin": [8, 8, 8]},
			"faces": {
				"north": {"uv": [9.25, 11.5, 9.375, 11.875], "texture": "#0"},
				"east": {"uv": [1.5, 11.25, 1.6875, 11.625], "texture": "#0"},
				"south": {"uv": [9.625, 11.5, 9.5, 11.875], "texture": "#0"},
				"west": {"uv": [11.1875, 11, 11, 11.375], "texture": "#0"},
				"up": {"uv": [12.375, 11.1875, 12.25, 11], "texture": "#0"},
				"down": {"uv": [11.375, 12.25, 11.25, 12.4375], "texture": "#0"}
			}
		},
		{
			"from": [8.45, 9.61875, -4.425],
			"to": [8.85, 11.01875, -3.775],
			"rotation": {"angle": 0, "axis": "y", "origin": [8, 8, 8]},
			"faces": {
				"north": {"uv": [9.25, 11.5, 9.375, 11.875], "texture": "#0"},
				"east": {"uv": [11, 11, 11.1875, 11.375], "texture": "#0"},
				"south": {"uv": [9.125, 11.5, 9, 11.875], "texture": "#0"},
				"west": {"uv": [1.5, 11.25, 1.6875, 11.625], "texture": "#0"},
				"up": {"uv": [11.625, 12.4375, 11.5, 12.25], "texture": "#0"},
				"down": {"uv": [12.375, 11.5, 12.25, 11.6875], "texture": "#0"}
			}
		},
		{
			"from": [8.45, 9.61875, -5.175],
			"to": [8.85, 10.01875, -4.425],
			"rotation": {"angle": 0, "axis": "y", "origin": [8, 8, 8]},
			"faces": {
				"north": {"uv": [12.5, 11.5, 12.625, 11.625], "texture": "#0"},
				"east": {"uv": [11.75, 12.25, 11.9375, 12.375], "texture": "#0"},
				"south": {"uv": [11.75, 12.5, 11.875, 12.625], "texture": "#0"},
				"west": {"uv": [12.25, 11.75, 12.4375, 11.875], "texture": "#0"},
				"up": {"uv": [12.125, 12.4375, 12, 12.25], "texture": "#0"},
				"down": {"uv": [12.375, 12.25, 12.25, 12.4375], "texture": "#0"}
			}
		},
		{
			"from": [7.15, 9.61875, -5.175],
			"to": [7.55, 10.01875, -4.425],
			"rotation": {"angle": 0, "axis": "y", "origin": [8, 8, 8]},
			"faces": {
				"north": {"uv": [12.5, 11.75, 12.625, 11.875], "texture": "#0"},
				"east": {"uv": [0, 12.5, 0.1875, 12.625], "texture": "#0"},
				"south": {"uv": [12, 12.5, 12.125, 12.625], "texture": "#0"},
				"west": {"uv": [11.9375, 12.25, 11.75, 12.375], "texture": "#0"},
				"up": {"uv": [0.625, 12.6875, 0.5, 12.5], "texture": "#0"},
				"down": {"uv": [0.875, 12.5, 0.75, 12.6875], "texture": "#0"}
			}
		},
		{
			"from": [8.45, 9.61875, -5.825],
			"to": [8.85, 11.01875, -5.175],
			"rotation": {"angle": 0, "axis": "y", "origin": [8, 8, 8]},
			"faces": {
				"north": {"uv": [9, 11.5, 9.125, 11.875], "texture": "#0"},
				"east": {"uv": [1.25, 11.25, 1.4375, 11.625], "texture": "#0"},
				"south": {"uv": [9.25, 11.5, 9.375, 11.875], "texture": "#0"},
				"west": {"uv": [1.5, 11.25, 1.6875, 11.625], "texture": "#0"},
				"up": {"uv": [1.125, 12.6875, 1, 12.5], "texture": "#0"},
				"down": {"uv": [12.625, 1, 12.5, 1.1875], "texture": "#0"}
			}
		},
		{
			"from": [7.15, 9.61875, -5.825],
			"to": [7.55, 11.01875, -5.175],
			"rotation": {"angle": 0, "axis": "y", "origin": [8, 8, 8]},
			"faces": {
				"north": {"uv": [9.5, 11.5, 9.625, 11.875], "texture": "#0"},
				"east": {"uv": [1.75, 11.25, 1.9375, 11.625], "texture": "#0"},
				"south": {"uv": [9.25, 11.5, 9.375, 11.875], "texture": "#0"},
				"west": {"uv": [1.4375, 11.25, 1.25, 11.625], "texture": "#0"},
				"up": {"uv": [1.375, 12.6875, 1.25, 12.5], "texture": "#0"},
				"down": {"uv": [12.625, 1.25, 12.5, 1.4375], "texture": "#0"}
			}
		},
		{
			"from": [7.55, 9.61875, -5.825],
			"to": [8.45, 10.01875, -3.775],
			"rotation": {"angle": 0, "axis": "y", "origin": [8, 8, 8]},
			"faces": {
				"north": {"uv": [10.5, 12, 10.75, 12.125], "texture": "#0"},
				"east": {"uv": [4.5, 11.25, 5, 11.375], "texture": "#0"},
				"south": {"uv": [10.75, 12, 10.5, 12.125], "texture": "#0"},
				"west": {"uv": [5, 11.25, 5.5, 11.375], "texture": "#0"},
				"up": {"uv": [8, 10.25, 7.75, 10.75], "texture": "#0"},
				"down": {"uv": [8, 10.25, 7.75, 10.75], "texture": "#0"}
			}
		},
		{
			"from": [7.55, 10.61875, -5.825],
			"to": [8.45, 11.01875, -3.775],
			"rotation": {"angle": 0, "axis": "y", "origin": [8, 8, 8]},
			"faces": {
				"north": {"uv": [11, 12, 11.25, 12.125], "texture": "#0"},
				"east": {"uv": [5.5, 11.25, 6, 11.375], "texture": "#0"},
				"south": {"uv": [11.25, 12, 11, 12.125], "texture": "#0"},
				"west": {"uv": [6, 11.25, 6.5, 11.375], "texture": "#0"},
				"up": {"uv": [10.5, 9.25, 10.25, 8.75], "texture": "#0"},
				"down": {"uv": [8, 10.25, 7.75, 10.75], "texture": "#0"}
			}
		},
		{
			"name": "barrel",
			"from": [7.55, 9.86875, -4.275],
			"to": [8.45, 10.76875, 6.875],
			"rotation": {"angle": 0, "axis": "y", "origin": [8, 8, 8]},
			"faces": {
				"north": {"uv": [3, 7, 3.25, 7.25], "texture": "#0"},
				"east": {"uv": [3.5, 1, 6.3125, 1.25], "texture": "#0"},
				"south": {"uv": [5, 9.75, 5.25, 10], "texture": "#0"},
				"west": {"uv": [6.3125, 1, 3.5, 1.25], "texture": "#0"},
				"up": {"uv": [13.3125, 5.375, 13.0625, 2.5625], "texture": "#0"},
				"down": {"uv": [3.75, 1.5, 3.5, 4.3125], "texture": "#0"}
			}
		}
	],
	"display": {
		"thirdperson_righthand": {
			"rotation": [67.5, 0, 0],
			"translation": [-1.75, 6.5, 0.5]
		},
		"thirdperson_lefthand": {
			"rotation": [67.5, 0, 0],
			"translation": [-1.75, 6.5, 0.5]
		},
		"firstperson_righthand": {
			"translation": [-1.5, -1, -7.5],
			"scale": [2, 2, 2]
		},
		"firstperson_lefthand": {
			"translation": [-1.5, -1, -7.5],
			"scale": [2, 2, 2]
		},
		"ground": {
			"translation": [0, 0.25, 0]
		},
		"gui": {
			"rotation": [163.34, -47.42, -178.07],
			"scale": [0.7, 0.7, 0.7]
		},
		"fixed": {
			"rotation": [0, 90, 0],
			"translation": [0, 0, -0.75],
			"scale": [2, 2, 2]
		}
	},
	"groups": [
		{
			"name": "laser_blaster",
			"origin": [7.38553, 8.10103, 11.40439],
			"color": 0,
			"children": [
				{
					"name": "trigger_guard",
					"origin": [7.9, 7.49375, 4.65],
					"color": 0,
					"children": [0, 1, 2, 3]
				},
				{
					"name": "handle",
					"origin": [8, 8.14375, 4.275],
					"color": 7,
					"children": [4, 5, 6, 7, 8, 9, 10, 11, 12, 13]
				},
				{
					"name": "stock",
					"origin": [8.55, 8.15942, 11.8625],
					"color": 0,
					"children": [
						{
							"name": "inner_part",
							"origin": [8, 11.075, 10.925],
							"color": 0,
							"children": [14, 15, 16, 17, 18, 19, 20, 21, 22, 23, 24]
						},
						{
							"name": "outer_cover",
							"origin": [8, 12.9, 10.925],
							"color": 0,
							"children": [25, 26, 27, 28, 29, 30, 31, 32]
						}
					]
				},
				{
					"name": "foregrip",
					"origin": [8, 8.4, 10.425],
					"color": 0,
					"children": [33, 34, 35, 36, 37, 38, 39, 40]
				},
				{
					"name": "inner_body",
					"origin": [8, 8.7375, 8.6125],
					"color": 0,
					"children": [41, 42, 43, 44, 45, 46, 47, 48, 49, 50]
				},
				{
					"name": "rail",
					"origin": [2.66545, 9.23522, 31.16825],
					"color": 0,
					"children": [51, 52, 53, 54, 55, 56, 57]
				},
				{
					"name": "mag",
					"origin": [8, 8.897, 13.27497],
					"color": 0,
					"children": [
						{
							"name": "cylinder",
							"origin": [4.88975, 16.15414, 34.54107],
							"color": 1,
							"children": [58, 59, 60, 61, 62, 63, 64, 65]
						},
						{
							"name": "cover",
							"origin": [4.64093, 16.73471, 37.48236],
							"color": 1,
							"children": [66, 67, 68, 69]
						},
						{
							"name": "cover",
							"origin": [4.10348, 17.98874, 44.13954],
							"color": 1,
							"children": [70, 71, 72, 73]
						}
					]
				},
				{
					"name": "barrel_covers",
					"origin": [8, 7.54375, 13.325],
					"color": 0,
					"children": [
						{
							"name": "left_barrel_cover",
							"origin": [8, 7.54375, 13.325],
							"color": 0,
							"children": [74, 75, 76, 77, 78, 79, 80, 81, 82, 83, 84, 85, 86, 87, 88]
						},
						{
							"name": "right_barrel_cover",
							"origin": [8, 7.54375, 13.325],
							"color": 0,
							"children": [89, 90, 91, 92, 93, 94, 95, 96, 97, 98, 99, 100, 101, 102, 103]
						}
					]
				},
				{
					"name": "barrel",
					"origin": [8, 7.54375, 13.325],
					"color": 0,
					"children": [
						{
							"name": "muzzle",
							"origin": [8, 10.31875, 0.75],
							"color": 0,
							"children": [104, 105, 106, 107, 108, 109, 110, 111, 112, 113, 114, 115]
						},
						116
					]
				}
			]
		}
	]
}