{
	"credit": "Made with Blockbench",
	"texture_size": [64, 64],
	"textures": {
		"0": "aoa3:item/long_shot",
		"particle": "aoa3:item/long_shot"
	},
	"elements": [
		{
			"from": [7.96876, 10.72571, -6.75926],
			"to": [8.06876, 11.18971, -5.28726],
			"rotation": {"angle": 0, "axis": "y", "origin": [8.00567, 10.47509, 2.59137]},
			"faces": {
				"north": {"uv": [10.25, 2.75, 10.3125, 2.875], "texture": "#0"},
				"east": {"uv": [10.125, 8, 9.75, 8.125], "texture": "#0"},
				"south": {"uv": [3, 10.25, 3.0625, 10.375], "texture": "#0"},
				"west": {"uv": [9.75, 8, 10.125, 8.125], "texture": "#0"},
				"up": {"uv": [10.0625, 4.375, 10, 4], "texture": "#0"},
				"down": {"uv": [4.3125, 10, 4.25, 10.375], "texture": "#0"}
			}
		},
		{
			"from": [7.96876, 11.18971, -6.75926],
			"to": [8.06876, 11.95371, -6.28726],
			"rotation": {"angle": 0, "axis": "y", "origin": [8.00567, 10.47509, 2.59137]},
			"faces": {
				"north": {"uv": [10.25, 1.75, 10.3125, 1.9375], "texture": "#0"},
				"east": {"uv": [10.125, 4.5, 10, 4.6875], "texture": "#0"},
				"south": {"uv": [2, 10.25, 2.0625, 10.4375], "texture": "#0"},
				"west": {"uv": [10, 4.5, 10.125, 4.6875], "texture": "#0"},
				"up": {"uv": [10.3125, 3.125, 10.25, 3], "texture": "#0"},
				"down": {"uv": [3.3125, 10.25, 3.25, 10.375], "texture": "#0"}
			}
		},
		{
			"from": [7.96876, 11.18971, -6.28726],
			"to": [8.06876, 11.55371, -5.81526],
			"rotation": {"angle": 0, "axis": "y", "origin": [8.00567, 10.47509, 2.59137]},
			"faces": {
				"north": {"uv": [10.25, 6, 10.3125, 6.0625], "texture": "#0"},
				"east": {"uv": [3.625, 10.25, 3.5, 10.3125], "texture": "#0"},
				"south": {"uv": [6.25, 10.25, 6.3125, 10.3125], "texture": "#0"},
				"west": {"uv": [3.5, 10.25, 3.625, 10.3125], "texture": "#0"},
				"up": {"uv": [10.3125, 3.625, 10.25, 3.5], "texture": "#0"},
				"down": {"uv": [3.8125, 10.25, 3.75, 10.375], "texture": "#0"}
			}
		},
		{
			"from": [7.15808, 8.94078, 12.43076],
			"to": [8.83808, 9.83078, 15.37076],
			"rotation": {"angle": 0, "axis": "y", "origin": [7.99808, 8.69589, 4.84704]},
			"faces": {
				"north": {"uv": [9.5, 7, 9.9375, 7.25], "texture": "#0"},
				"east": {"uv": [10, 9, 9.25, 9.25], "texture": "#0"},
				"south": {"uv": [10.32187, 8.70313, 10.74187, 8.92563], "texture": "#0"},
				"west": {"uv": [9.25, 9, 10, 9.25], "texture": "#0"},
				"up": {"uv": [8.575, 11.1875, 9.31, 11.6075], "rotation": 90, "texture": "#0"},
				"down": {"uv": [4.6625, 2.81875, 2.5, 2.875], "rotation": 90, "texture": "#0"}
			}
		},
		{
			"from": [7.75808, 10.23078, 16.01576],
			"to": [8.13808, 10.57078, 16.80576],
			"rotation": {"angle": 0, "axis": "y", "origin": [7.94808, 11.67578, 14.46076]},
			"faces": {
				"north": {"uv": [2.25, 10.25, 2.4375, 10.3125], "texture": "#0"},
				"east": {"uv": [2.25, 10.25, 2.4375, 10.3125], "texture": "#0"},
				"south": {"uv": [2.25, 10.25, 2.4375, 10.3125], "texture": "#0"},
				"west": {"uv": [2.25, 10.25, 2.4375, 10.3125], "texture": "#0"},
				"up": {"uv": [2.25, 10.25, 2.4375, 10.3125], "texture": "#0"},
				"down": {"uv": [2.25, 10.25, 2.4375, 10.3125], "texture": "#0"}
			}
		},
		{
			"from": [7.75808, 10.57078, 16.46576],
			"to": [8.13808, 10.86078, 16.80576],
			"rotation": {"angle": 0, "axis": "y", "origin": [7.94808, 11.99078, 15.13576]},
			"faces": {
				"north": {"uv": [6.5, 10.25, 6.5625, 10.3125], "texture": "#0"},
				"east": {"uv": [6.5, 10.25, 6.5625, 10.3125], "texture": "#0"},
				"south": {"uv": [6.5, 10.25, 6.5625, 10.3125], "texture": "#0"},
				"west": {"uv": [6.5, 10.25, 6.5625, 10.3125], "texture": "#0"},
				"up": {"uv": [6.5, 10.25, 6.5625, 10.3125], "texture": "#0"},
				"down": {"uv": [6.5, 10.25, 6.5625, 10.3125], "texture": "#0"}
			}
		},
		{
			"from": [7.75808, 8.32578, 12.97576],
			"to": [8.23808, 8.61578, 13.41576],
			"rotation": {"angle": 0, "axis": "y", "origin": [7.99808, 8.47078, 13.49576]},
			"faces": {
				"north": {"uv": [10.25, 5, 10.375, 5.0625], "texture": "#0"},
				"east": {"uv": [10.25, 5, 10.375, 5.0625], "texture": "#0"},
				"south": {"uv": [10.25, 5, 10.375, 5.0625], "texture": "#0"},
				"west": {"uv": [10.25, 5, 10.375, 5.0625], "texture": "#0"},
				"up": {"uv": [10.25, 5.0625, 10.375, 5], "texture": "#0"},
				"down": {"uv": [10.25, 5, 10.375, 5.0625], "texture": "#0"}
			}
		},
		{
			"from": [7.75808, 8.32578, 13.41576],
			"to": [8.23808, 9.06578, 13.70576],
			"rotation": {"angle": 0, "axis": "y", "origin": [7.99808, 8.29578, 13.16076]},
			"faces": {
				"north": {"uv": [2.5, 10.25, 2.5625, 10.4375], "texture": "#0"},
				"east": {"uv": [2.5, 10.25, 2.5625, 10.4375], "texture": "#0"},
				"south": {"uv": [2.5, 10.25, 2.5625, 10.4375], "texture": "#0"},
				"west": {"uv": [2.5, 10.25, 2.5625, 10.4375], "texture": "#0"},
				"up": {"uv": [2.5, 10.25, 2.5625, 10.4375], "texture": "#0"},
				"down": {"uv": [10.25, 5, 10.375, 5.0625], "texture": "#0"}
			}
		},
		{
			"from": [7.45808, 8.63078, 11.39076],
			"to": [8.53808, 9.12078, 12.73076],
			"rotation": {"angle": 0, "axis": "y", "origin": [7.99808, 8.58589, 5.80704]},
			"faces": {
				"north": {"uv": [10, 3, 10.25, 3.125], "texture": "#0"},
				"east": {"uv": [8.8125, 9.75, 8.5, 9.875], "texture": "#0"},
				"south": {"uv": [3.25, 10, 3.5, 10.125], "texture": "#0"},
				"west": {"uv": [8.5, 9.75, 8.8125, 9.875], "texture": "#0"},
				"up": {"uv": [0.25, 10.0625, 0, 9.75], "texture": "#0"},
				"down": {"uv": [2.5, 9.75, 2.25, 10.0625], "texture": "#0"}
			}
		},
		{
			"from": [7.45808, 8.14078, 12.39076],
			"to": [8.53808, 8.63078, 12.73076],
			"rotation": {"angle": 0, "axis": "y", "origin": [7.99808, 8.59589, 5.80704]},
			"faces": {
				"north": {"uv": [5.75, 10.25, 5.8125, 10.375], "texture": "#0"},
				"east": {"uv": [5.75, 10.25, 5.8125, 10.375], "texture": "#0"},
				"south": {"uv": [5.75, 10.25, 5.8125, 10.375], "texture": "#0"},
				"west": {"uv": [5.75, 10.25, 5.8125, 10.375], "texture": "#0"},
				"up": {"uv": [5.75, 10.25, 5.8125, 10.375], "texture": "#0"},
				"down": {"uv": [5.75, 10.25, 5.8125, 10.375], "texture": "#0"}
			}
		},
		{
			"from": [7.45808, 7.85078, 12.39076],
			"to": [8.53808, 8.14078, 13.93076],
			"rotation": {"angle": 0, "axis": "y", "origin": [7.99808, 8.70589, 5.80704]},
			"faces": {
				"north": {"uv": [10, 5.25, 10.375, 5.3125], "texture": "#0"},
				"east": {"uv": [10.385, 5.25, 10, 5.3225], "texture": "#0"},
				"south": {"uv": [7.5, 10, 7.75, 10.0625], "texture": "#0"},
				"west": {"uv": [10, 5.25, 10.375, 5.3125], "texture": "#0"},
				"up": {"uv": [13.66844, 8.14375, 13.39844, 8.52875], "texture": "#0"},
				"down": {"uv": [13.66844, 8.14375, 13.39844, 8.52875], "texture": "#0"}
			}
		},
		{
			"from": [7.75808, 10.57078, 16.80576],
			"to": [8.13808, 11.26078, 17.14576],
			"rotation": {"angle": 0, "axis": "y", "origin": [7.94808, 11.99078, 15.17576]},
			"faces": {
				"north": {"uv": [2.75, 10.25, 2.8125, 10.4375], "texture": "#0"},
				"east": {"uv": [2.75, 10.25, 2.8125, 10.4375], "texture": "#0"},
				"south": {"uv": [2.75, 10.25, 2.8125, 10.4375], "texture": "#0"},
				"west": {"uv": [2.75, 10.25, 2.8125, 10.4375], "texture": "#0"},
				"up": {"uv": [6.5, 10.25, 6.5625, 10.3125], "texture": "#0"},
				"down": {"uv": [2.75, 10.25, 2.8125, 10.4375], "texture": "#0"}
			}
		},
		{
			"from": [7.15808, 9.83078, 12.93076],
			"to": [8.83808, 10.82078, 14.87076],
			"rotation": {"angle": 0, "axis": "y", "origin": [7.99808, 9.58589, 4.84704]},
			"faces": {
				"north": {"uv": [7.75, 9.5, 8.1875, 9.75], "texture": "#0"},
				"east": {"uv": [10, 6.25, 9.5, 6.5], "texture": "#0"},
				"south": {"uv": [10.125, 10.8125, 10.5625, 11.0625], "texture": "#0"},
				"west": {"uv": [9.5, 6.25, 10, 6.5], "texture": "#0"},
				"up": {"uv": [12.81563, 4.94688, 13.30063, 5.36688], "rotation": 90, "texture": "#0"},
				"down": {"uv": [9.4375, 5, 9, 5.5], "texture": "#0"}
			}
		},
		{
			"from": [7.30808, 9.83078, 14.87076],
			"to": [8.68808, 10.82078, 16.11076],
			"rotation": {"angle": 0, "axis": "y", "origin": [7.99808, 9.58589, 4.58704]},
			"faces": {
				"north": {"uv": [8.75, 9.5, 9.125, 9.75], "texture": "#0"},
				"east": {"uv": [10.0625, 7.25, 9.75, 7.5], "texture": "#0"},
				"south": {"uv": [7.5, 10.5625, 7.9375, 10.8125], "texture": "#0"},
				"west": {"uv": [9.75, 7.25, 10.0625, 7.5], "texture": "#0"},
				"up": {"uv": [12.4375, 4.57813, 12.7475, 4.92313], "rotation": 90, "texture": "#0"},
				"down": {"uv": [10.32187, 8.70313, 10.74187, 8.92563], "texture": "#0"}
			}
		},
		{
			"from": [7.15808, 8.04078, 9.09076],
			"to": [8.83808, 9.83078, 12.43076],
			"rotation": {"angle": 0, "axis": "y", "origin": [7.99808, 7.79589, 1.80704]},
			"faces": {
				"north": {"uv": [9.25, 1.5, 9.6875, 1.9375], "texture": "#0"},
				"east": {"uv": [4.8125, 5.75, 4, 6.1875], "texture": "#0"},
				"south": {"uv": [9.25, 2, 9.6875, 2.4375], "texture": "#0"},
				"west": {"uv": [4, 5.75, 4.8125, 6.1875], "texture": "#0"},
				"up": {"uv": [3.40312, 4.5625, 4.23812, 4.9825], "rotation": 90, "texture": "#0"},
				"down": {"uv": [0.4375, 6, 0, 6.8125], "texture": "#0"}
			}
		},
		{
			"from": [7.15808, 5.18578, 21.39076],
			"to": [8.83808, 8.97578, 23.65576],
			"rotation": {"angle": 0, "axis": "y", "origin": [7.99808, 9.84089, 5.93204]},
			"faces": {
				"north": {"uv": [5.5, 4, 5.9375, 4.9375], "texture": "#0"},
				"east": {"uv": [5.3125, 4, 4.75, 4.9375], "texture": "#0"},
				"south": {"uv": [4.9375, 9, 4.5, 9.5625], "texture": "#0"},
				"west": {"uv": [4.75, 4, 5.3125, 4.9375], "texture": "#0"},
				"up": {"uv": [9.1875, 2.0625, 8.75, 1.5], "texture": "#0"},
				"down": {"uv": [5.9375, 8.75, 5.5, 9.3125], "texture": "#0"}
			}
		},
		{
			"from": [7.15808, 3.67079, 20.61576],
			"to": [8.83808, 5.18579, 22.88076],
			"rotation": {"angle": 0, "axis": "y", "origin": [7.99808, 9.8509, 6.68204]},
			"faces": {
				"north": {"uv": [9.25, 9.25, 9.6875, 9.625], "texture": "#0"},
				"east": {"uv": [9.8125, 1, 9.25, 1.375], "texture": "#0"},
				"south": {"uv": [9.5, 2.5, 9.9375, 2.875], "texture": "#0"},
				"west": {"uv": [9.25, 1, 9.8125, 1.375], "texture": "#0"},
				"up": {"uv": [8.6875, 9.3125, 8.25, 8.75], "texture": "#0"},
				"down": {"uv": [9.1875, 8.75, 8.75, 9.3125], "texture": "#0"}
			}
		},
		{
			"from": [7.15808, 5.18578, 19.12576],
			"to": [8.83808, 8.22578, 21.39076],
			"rotation": {"angle": 0, "axis": "y", "origin": [7.99808, 9.84089, 5.96704]},
			"faces": {
				"north": {"uv": [7, 7.25, 7.4375, 8], "texture": "#0"},
				"east": {"uv": [5.3125, 5, 4.75, 5.75], "texture": "#0"},
				"south": {"uv": [1.5, 7.5, 1.9375, 8.25], "texture": "#0"},
				"west": {"uv": [4.75, 5, 5.3125, 5.75], "texture": "#0"},
				"up": {"uv": [3.4375, 9.5625, 3, 9], "texture": "#0"},
				"down": {"uv": [9.4375, 3.5, 9, 4.0625], "texture": "#0"}
			}
		},
		{
			"from": [7.15808, 5.95078, 17.63576],
			"to": [8.83808, 8.94078, 19.12576],
			"rotation": {"angle": 0, "axis": "y", "origin": [7.99808, 9.80589, 6.20204]},
			"faces": {
				"north": {"uv": [7.5, 1.5, 7.9375, 2.25], "texture": "#0"},
				"east": {"uv": [2.375, 8, 2, 8.75], "texture": "#0"},
				"south": {"uv": [7.5, 6.5, 7.9375, 7.25], "texture": "#0"},
				"west": {"uv": [2, 8, 2.375, 8.75], "texture": "#0"},
				"up": {"uv": [3.9375, 9.875, 3.5, 9.5], "texture": "#0"},
				"down": {"uv": [9.9375, 3.5, 9.5, 3.875], "texture": "#0"}
			}
		},
		{
			"from": [7.15808, 4.47079, 19.87576],
			"to": [8.83808, 5.18579, 20.61576],
			"rotation": {"angle": 0, "axis": "y", "origin": [7.99808, 9.8509, 6.69204]},
			"faces": {
				"north": {"uv": [9.75, 1.5, 10.1875, 1.6875], "texture": "#0"},
				"east": {"uv": [9.6875, 9.75, 9.5, 9.9375], "texture": "#0"},
				"south": {"uv": [9.75, 1.75, 10.1875, 1.9375], "texture": "#0"},
				"west": {"uv": [9.5, 9.75, 9.6875, 9.9375], "texture": "#0"},
				"up": {"uv": [10.1875, 2.1875, 9.75, 2], "texture": "#0"},
				"down": {"uv": [10.1875, 2.25, 9.75, 2.4375], "texture": "#0"}
			}
		},
		{
			"from": [7.15808, 8.22578, 19.12576],
			"to": [8.83808, 8.94078, 19.86576],
			"rotation": {"angle": 0, "axis": "y", "origin": [7.99808, 9.80589, 5.94204]},
			"faces": {
				"north": {"uv": [3, 9.75, 3.4375, 9.9375], "texture": "#0"},
				"east": {"uv": [9.9375, 9.75, 9.75, 9.9375], "texture": "#0"},
				"south": {"uv": [4, 9.75, 4.4375, 9.9375], "texture": "#0"},
				"west": {"uv": [9.75, 9.75, 9.9375, 9.9375], "texture": "#0"},
				"up": {"uv": [4.9375, 9.9375, 4.5, 9.75], "texture": "#0"},
				"down": {"uv": [6.4375, 9.75, 6, 9.9375], "texture": "#0"}
			}
		},
		{
			"from": [7.15808, 6.70078, 15.37076],
			"to": [8.83808, 8.94078, 17.63576],
			"rotation": {"angle": 0, "axis": "y", "origin": [7.99808, 9.80589, 6.51204]},
			"faces": {
				"north": {"uv": [4, 9, 4.4375, 9.5625], "texture": "#0"},
				"east": {"uv": [8.5625, 1.5, 8, 2.0625], "texture": "#0"},
				"south": {"uv": [9, 4.25, 9.4375, 4.8125], "texture": "#0"},
				"west": {"uv": [8, 1.5, 8.5625, 2.0625], "texture": "#0"},
				"up": {"uv": [4.9375, 9.5625, 4.5, 9], "texture": "#0"},
				"down": {"uv": [0.9375, 9.25, 0.5, 9.8125], "texture": "#0"}
			}
		},
		{
			"from": [7.15808, 7.50078, 13.90576],
			"to": [8.83808, 8.94078, 15.37076],
			"rotation": {"angle": 0, "axis": "y", "origin": [7.99808, 9.80589, 5.64704]},
			"faces": {
				"north": {"uv": [9.5, 4, 9.9375, 4.375], "texture": "#0"},
				"east": {"uv": [9.875, 5.5, 9.5, 5.875], "texture": "#0"},
				"south": {"uv": [9.5, 4.5, 9.9375, 4.875], "texture": "#0"},
				"west": {"uv": [9.5, 5.5, 9.875, 5.875], "texture": "#0"},
				"up": {"uv": [4.9375, 9.375, 4.5, 9.5625], "texture": "#0"},
				"down": {"uv": [9.9375, 5, 9.5, 5.375], "texture": "#0"}
			}
		},
		{
			"from": [6.1643, 8.30489, 1.78614],
			"to": [6.87886, 9.01945, 7.39966],
			"rotation": {"angle": -45, "axis": "z", "origin": [8.00219, 7.68992, 1.2774]},
			"faces": {
				"north": {"uv": [9.125, 2.5, 9.375, 2.6875], "texture": "#0"},
				"east": {"uv": [7.5, 2.25, 8.875, 2.4375], "texture": "#0"},
				"south": {"uv": [9.1875, 2.5, 9.375, 2.6875], "rotation": 180, "texture": "#0"},
				"west": {"uv": [8, 2.5, 9.375, 2.6875], "texture": "#0"},
				"up": {"uv": [0.4375, 8.375, 0.25, 7], "texture": "#0"},
				"down": {"uv": [7.1875, 8, 7, 9.375], "texture": "#0"}
			}
		},
		{
			"from": [7.13745, 8.70981, 1.7926],
			"to": [7.85201, 9.42437, 7.40612],
			"rotation": {"angle": 0, "axis": "y", "origin": [8.00219, 7.68992, 1.2774]},
			"faces": {
				"north": {"uv": [9.125, 2.5, 9.375, 2.6875], "texture": "#0"},
				"east": {"uv": [8, 2.75, 9.375, 2.9375], "texture": "#0"},
				"south": {"uv": [9.1875, 2.5, 9.375, 2.6875], "rotation": 180, "texture": "#0"},
				"west": {"uv": [8, 6.5, 9.375, 6.6875], "texture": "#0"},
				"up": {"uv": [7.4375, 9.375, 7.25, 8], "texture": "#0"},
				"down": {"uv": [7.6875, 8, 7.5, 9.375], "texture": "#0"}
			}
		},
		{
			"from": [4.38014, 7.14911, 1.79218],
			"to": [5.0947, 7.86367, 7.4057],
			"rotation": {"angle": 45, "axis": "z", "origin": [4.73742, 11.61511, -6.56004]},
			"faces": {
				"north": {"uv": [9.125, 2.5, 9.375, 2.6875], "texture": "#0"},
				"east": {"uv": [8, 6.75, 9.375, 6.9375], "texture": "#0"},
				"south": {"uv": [9.1875, 2.5, 9.375, 2.6875], "rotation": 180, "texture": "#0"},
				"west": {"uv": [8, 7, 9.375, 7.1875], "texture": "#0"},
				"up": {"uv": [7.9375, 9.375, 7.75, 8], "texture": "#0"},
				"down": {"uv": [8.1875, 8, 8, 9.375], "texture": "#0"}
			}
		},
		{
			"from": [7.64272, 8.20453, 1.7924],
			"to": [8.35728, 8.91909, 7.40592],
			"rotation": {"angle": 0, "axis": "y", "origin": [8.00219, 7.68992, 1.2774]},
			"faces": {
				"north": {"uv": [9.125, 2.5, 9.375, 2.6875], "rotation": 90, "texture": "#0"},
				"east": {"uv": [8.25, 7.25, 9.625, 7.4375], "texture": "#0"},
				"south": {"uv": [9.125, 2.5, 9.375, 2.6875], "rotation": 90, "texture": "#0"},
				"west": {"uv": [8.25, 7.5, 9.625, 7.6875], "texture": "#0"},
				"up": {"uv": [1.6875, 9.625, 1.5, 8.25], "texture": "#0"},
				"down": {"uv": [1.9375, 8.25, 1.75, 9.625], "texture": "#0"}
			}
		},
		{
			"from": [8, 8.35253, 1.78218],
			"to": [8.71456, 9.06709, 7.3957],
			"rotation": {"angle": -45, "axis": "z", "origin": [8.35728, 8.70981, -6.56897]},
			"faces": {
				"north": {"uv": [9.1875, 2.5, 9.375, 2.6875], "rotation": 180, "texture": "#0"},
				"east": {"uv": [9.375, 7, 8, 7.1875], "texture": "#0"},
				"south": {"uv": [9.125, 2.5, 9.375, 2.6875], "texture": "#0"},
				"west": {"uv": [8.25, 8, 9.625, 8.1875], "texture": "#0"},
				"up": {"uv": [6.4375, 9.625, 6.25, 8.25], "texture": "#0"},
				"down": {"uv": [6.6875, 8.25, 6.5, 9.625], "texture": "#0"}
			}
		},
		{
			"from": [8.14799, 8.70981, 1.79236],
			"to": [8.86255, 9.42437, 7.40588],
			"rotation": {"angle": 0, "axis": "y", "origin": [7.99782, 7.68992, 1.26846]},
			"faces": {
				"north": {"uv": [9.1875, 2.5, 9.375, 2.6875], "rotation": 180, "texture": "#0"},
				"east": {"uv": [9.375, 6.5, 8, 6.6875], "texture": "#0"},
				"south": {"uv": [9.125, 2.5, 9.375, 2.6875], "texture": "#0"},
				"west": {"uv": [8.5, 3, 9.875, 3.1875], "texture": "#0"},
				"up": {"uv": [0.4375, 9.875, 0.25, 8.5], "texture": "#0"},
				"down": {"uv": [1.1875, 8.5, 1, 9.875], "texture": "#0"}
			}
		},
		{
			"from": [9.12114, 8.3049, 1.79218],
			"to": [9.8357, 9.01946, 7.4057],
			"rotation": {"angle": 45, "axis": "z", "origin": [7.99781, 7.68994, 1.28365]},
			"faces": {
				"north": {"uv": [9.1875, 2.5, 9.375, 2.6875], "rotation": 180, "texture": "#0"},
				"east": {"uv": [9.375, 2.5, 8, 2.6875], "texture": "#0"},
				"south": {"uv": [9.125, 2.5, 9.375, 2.6875], "texture": "#0"},
				"west": {"uv": [8.25, 8.5, 9.625, 8.6875], "texture": "#0"},
				"up": {"uv": [1.4375, 9.875, 1.25, 8.5], "texture": "#0"},
				"down": {"uv": [2.6875, 8.5, 2.5, 9.875], "texture": "#0"}
			}
		},
		{
			"from": [7.64272, 9.21508, 1.7924],
			"to": [8.35728, 9.92964, 7.40592],
			"rotation": {"angle": 0, "axis": "y", "origin": [8.00219, 7.68992, 1.2774]},
			"faces": {
				"north": {"uv": [9.1875, 2.5, 9.375, 2.6875], "rotation": 270, "texture": "#0"},
				"east": {"uv": [8.75, 0.5, 10.125, 0.6875], "texture": "#0"},
				"south": {"uv": [9.1875, 2.5, 9.375, 2.6875], "rotation": 270, "texture": "#0"},
				"west": {"uv": [8.75, 0.75, 10.125, 0.9375], "texture": "#0"},
				"up": {"uv": [2.9375, 9.875, 2.75, 8.5], "texture": "#0"},
				"down": {"uv": [2.1875, 8.75, 2, 10.125], "texture": "#0"}
			}
		},
		{
			"from": [6.80875, 8.55048, 1.62081],
			"to": [7.27275, 9.01448, 12.40881],
			"rotation": {"angle": -45, "axis": "z", "origin": [8.00219, 8.15115, 8.62812]},
			"faces": {
				"north": {"uv": [10, 10, 10.125, 10.125], "texture": "#0"},
				"east": {"uv": [6, 0.5, 8.6875, 0.625], "texture": "#0"},
				"south": {"uv": [0, 10.25, 0.125, 10.375], "texture": "#0"},
				"west": {"uv": [6, 0.75, 8.6875, 0.875], "texture": "#0"},
				"up": {"uv": [6.125, 6.6875, 6, 4], "texture": "#0"},
				"down": {"uv": [5.625, 6, 5.5, 8.6875], "texture": "#0"}
			}
		},
		{
			"from": [7.44067, 8.81342, 1.62478],
			"to": [7.90467, 9.27742, 12.41278],
			"rotation": {"angle": 0, "axis": "y", "origin": [8.00219, 8.15115, 8.62812]},
			"faces": {
				"north": {"uv": [10.25, 0, 10.375, 0.125], "texture": "#0"},
				"east": {"uv": [6.25, 4, 8.9375, 4.125], "texture": "#0"},
				"south": {"uv": [0.25, 10.25, 0.375, 10.375], "texture": "#0"},
				"west": {"uv": [6.25, 4.25, 8.9375, 4.375], "texture": "#0"},
				"up": {"uv": [5.875, 8.6875, 5.75, 6], "texture": "#0"},
				"down": {"uv": [4.125, 6.25, 4, 8.9375], "texture": "#0"}
			}
		},
		{
			"from": [5.65021, 7.79998, 1.62368],
			"to": [6.11421, 8.26398, 12.41168],
			"rotation": {"angle": 45, "axis": "z", "origin": [5.88221, 10.69998, 3.53887]},
			"faces": {
				"north": {"uv": [10.25, 0.25, 10.375, 0.375], "texture": "#0"},
				"east": {"uv": [6.25, 4.5, 8.9375, 4.625], "texture": "#0"},
				"south": {"uv": [0.5, 10.25, 0.625, 10.375], "texture": "#0"},
				"west": {"uv": [6.25, 4.75, 8.9375, 4.875], "texture": "#0"},
				"up": {"uv": [4.375, 8.9375, 4.25, 6.25], "texture": "#0"},
				"down": {"uv": [4.625, 6.25, 4.5, 8.9375], "texture": "#0"}
			}
		},
		{
			"from": [7.76876, 8.48531, 1.62487],
			"to": [8.23276, 9.04931, 12.41287],
			"rotation": {"angle": 0, "axis": "y", "origin": [8.00219, 8.15115, 8.62812]},
			"faces": {
				"north": {"uv": [10.25, 0.5, 10.375, 0.625], "texture": "#0"},
				"east": {"uv": [6.25, 5, 8.9375, 5.125], "texture": "#0"},
				"south": {"uv": [0.75, 10.25, 0.875, 10.375], "texture": "#0"},
				"west": {"uv": [6.25, 5.25, 8.9375, 5.375], "texture": "#0"},
				"up": {"uv": [4.875, 8.9375, 4.75, 6.25], "texture": "#0"},
				"down": {"uv": [4.6625, 2.81875, 2.5, 2.875], "rotation": 90, "texture": "#0"}
			}
		},
		{
			"from": [8.00077, 8.58141, 1.61824],
			"to": [8.46477, 9.04541, 12.40624],
			"rotation": {"angle": -45, "axis": "z", "origin": [8.23277, 8.81341, 3.53307]},
			"faces": {
				"north": {"uv": [10.25, 0.75, 10.375, 0.875], "texture": "#0"},
				"east": {"uv": [8.9375, 4.75, 6.25, 4.875], "texture": "#0"},
				"south": {"uv": [1, 10.25, 1.125, 10.375], "texture": "#0"},
				"west": {"uv": [6.5, 0.25, 9.1875, 0.375], "texture": "#0"},
				"up": {"uv": [0.625, 9.1875, 0.5, 6.5], "texture": "#0"},
				"down": {"uv": [0.875, 6.5, 0.75, 9.1875], "texture": "#0"}
			}
		},
		{
			"from": [8.09687, 8.81341, 1.62478],
			"to": [8.56087, 9.27741, 12.41278],
			"rotation": {"angle": 0, "axis": "y", "origin": [7.99935, 8.15115, 8.62232]},
			"faces": {
				"north": {"uv": [10.25, 1, 10.375, 1.125], "texture": "#0"},
				"east": {"uv": [8.9375, 4.25, 6.25, 4.375], "texture": "#0"},
				"south": {"uv": [1.25, 10.25, 1.375, 10.375], "texture": "#0"},
				"west": {"uv": [6.5, 1.25, 9.1875, 1.375], "texture": "#0"},
				"up": {"uv": [6.625, 8.1875, 6.5, 5.5], "texture": "#0"},
				"down": {"uv": [5.125, 6.75, 5, 9.4375], "texture": "#0"}
			}
		},
		{
			"from": [8.72878, 8.55049, 1.62368],
			"to": [9.19278, 9.01449, 12.41168],
			"rotation": {"angle": 45, "axis": "z", "origin": [7.99934, 8.15116, 8.63218]},
			"faces": {
				"north": {"uv": [10.25, 1.25, 10.375, 1.375], "texture": "#0"},
				"east": {"uv": [8.6875, 0.75, 6, 0.875], "texture": "#0"},
				"south": {"uv": [1.5, 10.25, 1.625, 10.375], "texture": "#0"},
				"west": {"uv": [6.75, 5.75, 9.4375, 5.875], "texture": "#0"},
				"up": {"uv": [5.375, 9.4375, 5.25, 6.75], "texture": "#0"},
				"down": {"uv": [6.125, 6.75, 6, 9.4375], "texture": "#0"}
			}
		},
		{
			"from": [7.76876, 9.04151, 1.62498],
			"to": [8.23276, 9.60551, 12.41298],
			"rotation": {"angle": 0, "axis": "y", "origin": [8.00219, 8.15115, 8.62812]},
			"faces": {
				"north": {"uv": [10.25, 1.5, 10.375, 1.625], "texture": "#0"},
				"east": {"uv": [6.75, 6, 9.4375, 6.125], "texture": "#0"},
				"south": {"uv": [1.75, 10.25, 1.875, 10.375], "texture": "#0"},
				"west": {"uv": [6.75, 6.25, 9.4375, 6.375], "texture": "#0"},
				"up": {"uv": [6.875, 9.1875, 6.75, 6.5], "texture": "#0"},
				"down": {"uv": [0.125, 7, 0, 9.6875], "texture": "#0"}
			}
		},
		{
			"name": "barrel",
			"from": [7.4, 9.58078, -7.00924],
			"to": [8.6, 10.78078, 12.93076],
			"rotation": {"angle": 0, "axis": "y", "origin": [7.915, 9.58589, 2.90704]},
			"faces": {
				"north": {"uv": [11.55, 6.6875, 11.25, 6.9875], "texture": "#0"},
				"east": {"uv": [10.5475, 13.6875, 5.5625, 13.9875], "texture": "#0"},
				"south": {"uv": [10, 6.25, 9.5, 6.5], "texture": "#0"},
				"west": {"uv": [5.5625, 13.6875, 10.5475, 13.9875], "texture": "#0"},
				"up": {"uv": [12.925, 7.1875, 12.625, 12.1725], "texture": "#0"},
				"down": {"uv": [13.675, 7.1875, 13.375, 12.1725], "texture": "#0"}
			}
		},
		{
			"from": [7.473, 10.82078, 14.03376],
			"to": [7.721, 11.22378, 14.87076],
			"shade": false,
			"rotation": {"angle": 0, "axis": "y", "origin": [8, 0.35065, 11.64676]},
			"faces": {
				"north": {"uv": [15.938, 14.29075, 16, 14.3915], "texture": "#0"},
				"east": {"uv": [8.14725, 15.79075, 7.938, 15.8915], "texture": "#0"},
				"south": {"uv": [14.688, 15.79075, 14.75, 15.8915], "texture": "#0"},
				"west": {"uv": [7.938, 15.79075, 8.14725, 15.8915], "texture": "#0"},
				"up": {"uv": [16, 8, 15.938, 7.79075], "texture": "#0"},
				"down": {"uv": [8.25, 15.79075, 8.188, 16], "texture": "#0"}
			}
		},
		{
			"from": [8.279, 10.82078, 14.03376],
			"to": [8.527, 11.22378, 14.87076],
			"shade": false,
			"rotation": {"angle": 0, "axis": "y", "origin": [8, 0.35065, 11.64676]},
			"faces": {
				"north": {"uv": [15.938, 14.54075, 16, 14.6415], "texture": "#0"},
				"east": {"uv": [8.14725, 15.79075, 7.938, 15.8915], "texture": "#0"},
				"south": {"uv": [14.938, 15.79075, 15, 15.8915], "texture": "#0"},
				"west": {"uv": [7.938, 15.79075, 8.14725, 15.8915], "texture": "#0"},
				"up": {"uv": [16, 8.5, 15.938, 8.29075], "texture": "#0"},
				"down": {"uv": [8.75, 15.79075, 8.688, 16], "texture": "#0"}
			}
		},
		{
			"from": [8.279, 10.82078, 13.50676],
			"to": [8.527, 11.53378, 14.03376],
			"shade": false,
			"rotation": {"angle": 0, "axis": "y", "origin": [8, 0.35065, 11.64676]},
			"faces": {
				"north": {"uv": [15.938, 10.79075, 16, 10.969], "texture": "#0"},
				"east": {"uv": [15.81975, 14.29075, 15.688, 14.469], "texture": "#0"},
				"south": {"uv": [11.188, 15.79075, 11.25, 15.969], "texture": "#0"},
				"west": {"uv": [15.688, 14.29075, 15.81975, 14.469], "texture": "#0"},
				"up": {"uv": [16, 11.1725, 15.938, 11.04075], "texture": "#0"},
				"down": {"uv": [11.5, 15.79075, 11.438, 15.9225], "texture": "#0"}
			}
		},
		{
			"from": [7.473, 10.82078, 13.50676],
			"to": [7.721, 11.53378, 14.03376],
			"shade": false,
			"rotation": {"angle": 0, "axis": "y", "origin": [8, 0.35065, 11.64676]},
			"faces": {
				"north": {"uv": [15.938, 11.29075, 16, 11.469], "texture": "#0"},
				"east": {"uv": [15.81975, 14.29075, 15.688, 14.469], "texture": "#0"},
				"south": {"uv": [11.688, 15.79075, 11.75, 15.969], "texture": "#0"},
				"west": {"uv": [15.688, 14.29075, 15.81975, 14.469], "texture": "#0"},
				"up": {"uv": [16, 11.6725, 15.938, 11.54075], "texture": "#0"},
				"down": {"uv": [12, 15.79075, 11.938, 15.9225], "texture": "#0"}
			}
		}
	],
	"display": {
		"thirdperson_righthand": {
			"rotation": [67.5, 0, 0],
			"translation": [-1.5, 6.5, -0.75]
		},
		"thirdperson_lefthand": {
			"rotation": [67.5, 0, 0],
			"translation": [-1.5, 6.5, -0.75]
		},
		"firstperson_righthand": {
			"translation": [-2.5, 2.75, -6.75],
			"scale": [1.4, 1.4, 1.4]
		},
		"firstperson_lefthand": {
			"translation": [-2.5, 2.75, -6.75],
			"scale": [1.4, 1.4, 1.4]
		},
		"ground": {
			"translation": [0, 3, 0]
		},
		"gui": {
			"rotation": [159.34, -35.7, -177.05],
			"translation": [0.25, 0, 0],
			"scale": [0.8, 0.8, 0.8]
		},
		"fixed": {
			"rotation": [0, 90, 0],
			"translation": [0, -1.5, -0.75],
			"scale": [2, 2, 2]
		}
	},
	"groups": [
		{
			"name": "long_shot",
			"origin": [9.87724, 7.50778, 12.18798],
			"color": 0,
			"children": [
				{
					"name": "sight",
					"origin": [8.00219, 9.29935, 6.89998],
					"color": 0,
					"children": [0, 1, 2]
				},
				{
					"name": "body",
					"origin": [7.94808, 11.99078, 15.93576],
					"color": 0,
					"children": [3, 4, 5, 6, 7, 8, 9, 10, 11, 12, 13, 14]
				},
				{
					"name": "stock",
					"origin": [7.99808, 8.66089, 5.42704],
					"color": 0,
					"children": [15, 16, 17, 18, 19, 20, 21, 22]
				},
				{
					"name": "pump",
					"origin": [8.00219, 8.77935, 17.94798],
					"color": 2,
					"children": [23, 24, 25, 26, 27, 28, 29, 30]
				},
				{
					"name": "under_barrel",
					"origin": [8.00219, 8.77935, 17.94798],
					"color": 3,
					"children": [31, 32, 33, 34, 35, 36, 37, 38]
				},
				39,
				{
					"name": "iron_sight",
					"origin": [8.33098, 7.525, 9.025],
					"color": 0,
					"children": [40, 41, 42, 43]
				}
			]
		}
	]
}