{
	"credit": "Made with Blockbench",
	"texture_size": [32, 32],
	"textures": {
		"0": "aoa3:item/luna_blaster",
		"particle": "aoa3:item/luna_blaster"
	},
	"elements": [
		{
			"from": [7, 7.06042, 2.03466],
			"to": [9, 7.44042, 4.43466],
			"rotation": {"angle": 0, "axis": "y", "origin": [8, 8, 8]},
			"faces": {
				"north": {"uv": [7, 12, 8, 12.25], "texture": "#0"},
				"east": {"uv": [12.75, 10, 11.5, 10.25], "texture": "#0"},
				"south": {"uv": [12, 7.5, 13, 7.75], "texture": "#0"},
				"west": {"uv": [11.5, 10, 12.75, 10.25], "texture": "#0"},
				"up": {"uv": [1, 6.25, 0, 5], "texture": "#0"},
				"down": {"uv": [6, 0, 5, 1.25], "texture": "#0"}
			}
		},
		{
			"from": [7, 7.44042, 2.03466],
			"to": [9, 7.82042, 5.03466],
			"rotation": {"angle": 0, "axis": "y", "origin": [8, 8, 8]},
			"faces": {
				"north": {"uv": [8, 12, 9, 12.25], "texture": "#0"},
				"east": {"uv": [12, 11, 10.5, 11.25], "texture": "#0"},
				"south": {"uv": [12, 8, 13, 8.25], "texture": "#0"},
				"west": {"uv": [10.5, 11, 12, 11.25], "texture": "#0"},
				"up": {"uv": [5, 1.5, 4, 0], "texture": "#0"},
				"down": {"uv": [5, 1.5, 4, 3], "texture": "#0"}
			}
		},
		{
			"from": [7, 7.82042, 2.43466],
			"to": [9, 8.60042, 6.03466],
			"rotation": {"angle": 0, "axis": "y", "origin": [8, 8, 8]},
			"faces": {
				"north": {"uv": [11, 10.5, 12, 10.875], "texture": "#0"},
				"east": {"uv": [8.25, 8, 6.5, 8.375], "texture": "#0"},
				"south": {"uv": [0, 11.5, 1, 11.875], "texture": "#0"},
				"west": {"uv": [6.5, 8, 8.25, 8.375], "texture": "#0"},
				"up": {"uv": [1, 4.75, 0, 3], "texture": "#0"},
				"down": {"uv": [4, 0, 3, 1.75], "texture": "#0"}
			}
		},
		{
			"from": [7, 8.60042, 2.83466],
			"to": [9, 10.32042, 4.23466],
			"rotation": {"angle": 0, "axis": "y", "origin": [8, 8, 8]},
			"faces": {
				"north": {"uv": [4.5, 7, 5.5, 7.875], "texture": "#0"},
				"east": {"uv": [0.75, 8.5, 0, 9.375], "texture": "#0"},
				"south": {"uv": [7, 6, 8, 6.875], "texture": "#0"},
				"west": {"uv": [0, 8.5, 0.75, 9.375], "texture": "#0"},
				"up": {"uv": [9, 3.75, 8, 3], "texture": "#0"},
				"down": {"uv": [5, 8, 4, 8.75], "texture": "#0"}
			}
		},
		{
			"from": [7, 10.32042, 3.23466],
			"to": [9, 10.70042, 4.23466],
			"rotation": {"angle": 0, "axis": "y", "origin": [8, 8, 8]},
			"faces": {
				"north": {"uv": [12, 8.5, 13, 8.75], "texture": "#0"},
				"east": {"uv": [13.5, 9, 13, 9.25], "texture": "#0"},
				"south": {"uv": [9, 12, 10, 12.25], "texture": "#0"},
				"west": {"uv": [13, 9, 13.5, 9.25], "texture": "#0"},
				"up": {"uv": [3, 5.5, 2, 5], "texture": "#0"},
				"down": {"uv": [4, 6.5, 3, 7], "texture": "#0"}
			}
		},
		{
			"from": [7.6, 9.14042, 2.03466],
			"to": [8.4, 9.94042, 2.83466],
			"rotation": {"angle": 0, "axis": "y", "origin": [8, 8, 8]},
			"faces": {
				"north": {"uv": [5, 4.5, 5.375, 4.875], "texture": "#0"},
				"east": {"uv": [6.875, 7.5, 6.5, 7.875], "texture": "#0"},
				"south": {"uv": [6.5, 4, 6.875, 4.375], "texture": "#0"},
				"west": {"uv": [6.5, 7.5, 6.875, 7.875], "texture": "#0"},
				"up": {"uv": [8.375, 7.875, 8, 7.5], "texture": "#0"},
				"down": {"uv": [6.375, 9, 6, 9.375], "texture": "#0"}
			}
		},
		{
			"from": [7, 8.60042, 4.23466],
			"to": [9, 8.80042, 6.03466],
			"rotation": {"angle": 0, "axis": "y", "origin": [8, 8, 8]},
			"faces": {
				"north": {"uv": [9.5, 13, 10.5, 13.125], "texture": "#0"},
				"east": {"uv": [13.875, 11.5, 13, 11.625], "texture": "#0"},
				"south": {"uv": [13, 9.5, 14, 9.625], "texture": "#0"},
				"west": {"uv": [13, 11.5, 13.875, 11.625], "texture": "#0"},
				"up": {"uv": [8, 7.875, 7, 7], "texture": "#0"},
				"down": {"uv": [1, 7.5, 0, 8.375], "texture": "#0"}
			}
		},
		{
			"from": [6.77602, 9.28026, 13.15619],
			"to": [9.22781, 10.77911, 13.9745],
			"rotation": {"angle": 0, "axis": "y", "origin": [8, 8, 8]},
			"faces": {
				"north": {"uv": [5.25, 5, 4, 5.75], "texture": "#0"},
				"east": {"uv": [7.875, 0, 7.5, 0.75], "texture": "#0"},
				"south": {"uv": [4, 5, 5.25, 5.75], "texture": "#0"},
				"west": {"uv": [7.5, 0, 7.875, 0.75], "texture": "#0"},
				"up": {"uv": [11.25, 6.875, 10, 6.5], "texture": "#0"},
				"down": {"uv": [11.25, 7, 10, 7.375], "texture": "#0"}
			}
		},
		{
			"from": [6.77797, 11.63105, 7.70102],
			"to": [9.227, 13.1299, 8.51933],
			"rotation": {"angle": 45, "axis": "x", "origin": [8, 8, 8]},
			"faces": {
				"north": {"uv": [1, 5.5, 2.25, 6.25], "texture": "#0"},
				"east": {"uv": [12.375, 0, 12, 0.75], "texture": "#0"},
				"south": {"uv": [4.25, 7, 3, 7.75], "texture": "#0"},
				"west": {"uv": [12, 0, 12.375, 0.75], "texture": "#0"},
				"up": {"uv": [11.25, 9.875, 10, 9.5], "texture": "#0"},
				"down": {"uv": [11.25, 10, 10, 10.375], "texture": "#0"}
			}
		},
		{
			"from": [6.77658, 5.74052, 10.5712],
			"to": [9.22561, 7.23937, 11.38951],
			"rotation": {"angle": -45, "axis": "x", "origin": [8, 8, 8]},
			"faces": {
				"north": {"uv": [5.5, 5.5, 6.75, 6.25], "texture": "#0"},
				"east": {"uv": [1.875, 12, 1.5, 12.75], "texture": "#0"},
				"south": {"uv": [6.75, 5.5, 5.5, 6.25], "texture": "#0"},
				"west": {"uv": [1.5, 12, 1.875, 12.75], "texture": "#0"},
				"up": {"uv": [3.25, 10.875, 2, 10.5], "texture": "#0"},
				"down": {"uv": [4.75, 10.5, 3.5, 10.875], "texture": "#0"}
			}
		},
		{
			"from": [6.76428, 8.22042, 11.41581],
			"to": [9.23075, 9.03873, 12.91466],
			"rotation": {"angle": 0, "axis": "y", "origin": [8, 8, 8]},
			"faces": {
				"north": {"uv": [5, 10.5, 6.25, 10.875], "texture": "#0"},
				"east": {"uv": [12.75, 2, 12, 2.375], "texture": "#0"},
				"south": {"uv": [10.5, 5, 11.75, 5.375], "texture": "#0"},
				"west": {"uv": [12, 2, 12.75, 2.375], "texture": "#0"},
				"up": {"uv": [0, 6.5, 1.25, 7.25], "texture": "#0"},
				"down": {"uv": [1.25, 6.5, 0, 7.25], "texture": "#0"}
			}
		},
		{
			"from": [6.76428, 11.02042, 11.41581],
			"to": [9.23075, 11.83873, 12.91466],
			"rotation": {"angle": 0, "axis": "y", "origin": [8, 8, 8]},
			"faces": {
				"north": {"uv": [10.5, 5.5, 11.75, 5.875], "texture": "#0"},
				"east": {"uv": [3.75, 12, 3, 12.375], "texture": "#0"},
				"south": {"uv": [6.5, 10.5, 7.75, 10.875], "texture": "#0"},
				"west": {"uv": [3, 12, 3.75, 12.375], "texture": "#0"},
				"up": {"uv": [7.75, 1.75, 6.5, 1], "texture": "#0"},
				"down": {"uv": [6, 0.75, 7.25, 0], "texture": "#0"}
			}
		},
		{
			"from": [6.77602, 9.28026, 10.35619],
			"to": [9.22781, 10.77911, 11.1745],
			"rotation": {"angle": 0, "axis": "y", "origin": [8, 8, 8]},
			"faces": {
				"north": {"uv": [6.5, 2, 7.75, 2.75], "texture": "#0"},
				"east": {"uv": [12.375, 4, 12, 4.75], "texture": "#0"},
				"south": {"uv": [7.75, 2, 6.5, 2.75], "texture": "#0"},
				"west": {"uv": [12, 4, 12.375, 4.75], "texture": "#0"},
				"up": {"uv": [11.75, 7.875, 10.5, 7.5], "texture": "#0"},
				"down": {"uv": [9.25, 10.5, 8, 10.875], "texture": "#0"}
			}
		},
		{
			"from": [6.77658, 5.74052, 13.3712],
			"to": [9.22561, 7.23937, 14.18951],
			"rotation": {"angle": -45, "axis": "x", "origin": [8, 8, 8]},
			"faces": {
				"north": {"uv": [4.25, 7, 3, 7.75], "texture": "#0"},
				"east": {"uv": [5.375, 12, 5, 12.75], "texture": "#0"},
				"south": {"uv": [3, 7, 4.25, 7.75], "texture": "#0"},
				"west": {"uv": [5, 12, 5.375, 12.75], "texture": "#0"},
				"up": {"uv": [11.75, 8.375, 10.5, 8], "texture": "#0"},
				"down": {"uv": [11.75, 8.5, 10.5, 8.875], "texture": "#0"}
			}
		},
		{
			"from": [6.77797, 11.63105, 10.50102],
			"to": [9.227, 13.1299, 11.31933],
			"rotation": {"angle": 45, "axis": "x", "origin": [8, 8, 8]},
			"faces": {
				"north": {"uv": [8.25, 5, 7, 5.75], "texture": "#0"},
				"east": {"uv": [5.875, 12, 5.5, 12.75], "texture": "#0"},
				"south": {"uv": [7, 5, 8.25, 5.75], "texture": "#0"},
				"west": {"uv": [5.5, 12, 5.875, 12.75], "texture": "#0"},
				"up": {"uv": [11.75, 9.375, 10.5, 9], "texture": "#0"},
				"down": {"uv": [10.75, 10.5, 9.5, 10.875], "texture": "#0"}
			}
		},
		{
			"from": [7.17602, 8.88026, 9.95619],
			"to": [8.82781, 10.37911, 10.5745],
			"rotation": {"angle": 0, "axis": "y", "origin": [8, 8, 8]},
			"faces": {
				"north": {"uv": [8.5, 4, 9.375, 4.75], "texture": "#0"},
				"east": {"uv": [12.75, 3, 12.5, 3.75], "texture": "#0"},
				"south": {"uv": [8.5, 5, 9.375, 5.75], "texture": "#0"},
				"west": {"uv": [12.5, 3, 12.75, 3.75], "texture": "#0"},
				"up": {"uv": [12.875, 12.25, 12, 12], "texture": "#0"},
				"down": {"uv": [0.875, 12.5, 0, 12.75], "texture": "#0"}
			}
		},
		{
			"from": [7.17658, 5.74052, 10.00551],
			"to": [8.82561, 7.23937, 10.62383],
			"rotation": {"angle": -45, "axis": "x", "origin": [8, 8, 8]},
			"faces": {
				"north": {"uv": [6.5, 8.5, 7.375, 9.25], "texture": "#0"},
				"east": {"uv": [12.75, 5, 12.5, 5.75], "texture": "#0"},
				"south": {"uv": [7.5, 8.5, 8.375, 9.25], "texture": "#0"},
				"west": {"uv": [12.5, 5, 12.75, 5.75], "texture": "#0"},
				"up": {"uv": [13.375, 0.25, 12.5, 0], "texture": "#0"},
				"down": {"uv": [13.375, 0.5, 12.5, 0.75], "texture": "#0"}
			}
		},
		{
			"from": [7.16428, 7.82042, 11.01581],
			"to": [8.83075, 8.43873, 12.51466],
			"rotation": {"angle": 0, "axis": "y", "origin": [8, 8, 8]},
			"faces": {
				"north": {"uv": [12.5, 1, 13.375, 1.25], "texture": "#0"},
				"east": {"uv": [13.25, 6.5, 12.5, 6.75], "texture": "#0"},
				"south": {"uv": [12.5, 1.5, 13.375, 1.75], "texture": "#0"},
				"west": {"uv": [12.5, 6.5, 13.25, 6.75], "texture": "#0"},
				"up": {"uv": [9.375, 8.25, 8.5, 7.5], "texture": "#0"},
				"down": {"uv": [9.375, 8.5, 8.5, 9.25], "texture": "#0"}
			}
		},
		{
			"from": [7.2, 7.42042, 5.63466],
			"to": [8.8, 7.82042, 7.41466],
			"rotation": {"angle": 0, "axis": "y", "origin": [8, 8, 8]},
			"faces": {
				"north": {"uv": [7, 12.5, 7.75, 12.75], "texture": "#0"},
				"east": {"uv": [3.875, 12.5, 3, 12.75], "texture": "#0"},
				"south": {"uv": [8, 12.5, 8.75, 12.75], "texture": "#0"},
				"west": {"uv": [3, 12.5, 3.875, 12.75], "texture": "#0"},
				"up": {"uv": [9.75, 0.875, 9, 0], "texture": "#0"},
				"down": {"uv": [1.75, 9, 1, 9.875], "texture": "#0"}
			}
		},
		{
			"from": [7.2, 7.82042, 6.03466],
			"to": [8.8, 8.80042, 7.77466],
			"rotation": {"angle": 0, "axis": "y", "origin": [8, 8, 8]},
			"faces": {
				"north": {"uv": [4, 11.5, 4.75, 12], "texture": "#0"},
				"east": {"uv": [4.875, 11, 4, 11.5], "texture": "#0"},
				"south": {"uv": [11.5, 6.5, 12.25, 7], "texture": "#0"},
				"west": {"uv": [4, 11, 4.875, 11.5], "texture": "#0"},
				"up": {"uv": [9.75, 1.875, 9, 1], "texture": "#0"},
				"down": {"uv": [2.75, 9, 2, 9.875], "texture": "#0"}
			}
		},
		{
			"from": [7.2, 10.32042, 7.77466],
			"to": [8.8, 10.70042, 9.37466],
			"rotation": {"angle": 0, "axis": "y", "origin": [8, 8, 8]},
			"faces": {
				"north": {"uv": [9, 12.5, 9.75, 12.75], "texture": "#0"},
				"east": {"uv": [12.75, 12.5, 12, 12.75], "texture": "#0"},
				"south": {"uv": [11, 12.5, 11.75, 12.75], "texture": "#0"},
				"west": {"uv": [12, 12.5, 12.75, 12.75], "texture": "#0"},
				"up": {"uv": [0.75, 10.25, 0, 9.5], "texture": "#0"},
				"down": {"uv": [3.75, 9.5, 3, 10.25], "texture": "#0"}
			}
		},
		{
			"from": [7.2, 9.94042, 4.23466],
			"to": [8.8, 10.32042, 9.37466],
			"rotation": {"angle": 0, "axis": "y", "origin": [8, 8, 8]},
			"faces": {
				"north": {"uv": [0, 13, 0.75, 13.25], "texture": "#0"},
				"east": {"uv": [11.625, 2.5, 9, 2.75], "texture": "#0"},
				"south": {"uv": [1.5, 13, 2.25, 13.25], "texture": "#0"},
				"west": {"uv": [9, 2.5, 11.625, 2.75], "texture": "#0"},
				"up": {"uv": [0.75, 2.625, 0, 0], "texture": "#0"},
				"down": {"uv": [1.75, 0, 1, 2.625], "texture": "#0"}
			}
		},
		{
			"from": [7.2, 9.56042, 4.23466],
			"to": [8.8, 9.94042, 8.97466],
			"rotation": {"angle": 0, "axis": "y", "origin": [8, 8, 8]},
			"faces": {
				"north": {"uv": [13, 2, 13.75, 2.25], "texture": "#0"},
				"east": {"uv": [11.875, 4.5, 9.5, 4.75], "texture": "#0"},
				"south": {"uv": [2.5, 13, 3.25, 13.25], "texture": "#0"},
				"west": {"uv": [9.5, 4.5, 11.875, 4.75], "texture": "#0"},
				"up": {"uv": [2.75, 2.375, 2, 0], "texture": "#0"},
				"down": {"uv": [2.75, 2.5, 2, 4.875], "texture": "#0"}
			}
		},
		{
			"from": [7.2, 9.18042, 4.23466],
			"to": [8.8, 9.56042, 8.57466],
			"rotation": {"angle": 0, "axis": "y", "origin": [8, 8, 8]},
			"faces": {
				"north": {"uv": [13, 2.5, 13.75, 2.75], "texture": "#0"},
				"east": {"uv": [12.125, 3.5, 10, 3.75], "texture": "#0"},
				"south": {"uv": [13, 3, 13.75, 3.25], "texture": "#0"},
				"west": {"uv": [10, 3.5, 12.125, 3.75], "texture": "#0"},
				"up": {"uv": [1.75, 5.125, 1, 3], "texture": "#0"},
				"down": {"uv": [3.75, 2, 3, 4.125], "texture": "#0"}
			}
		},
		{
			"from": [7.2, 8.80042, 4.23466],
			"to": [8.8, 9.18042, 8.17466],
			"rotation": {"angle": 0, "axis": "y", "origin": [8, 8, 8]},
			"faces": {
				"north": {"uv": [3.5, 13, 4.25, 13.25], "texture": "#0"},
				"east": {"uv": [12, 6, 10, 6.25], "texture": "#0"},
				"south": {"uv": [13, 3.5, 13.75, 3.75], "texture": "#0"},
				"west": {"uv": [10, 6, 12, 6.25], "texture": "#0"},
				"up": {"uv": [4.75, 5, 4, 3], "texture": "#0"},
				"down": {"uv": [3.75, 4.5, 3, 6.5], "texture": "#0"}
			}
		},
		{
			"from": [7.4, 8.22042, 7.77466],
			"to": [8.6, 9.94042, 10.63466],
			"rotation": {"angle": 0, "axis": "y", "origin": [8, 8, 8]},
			"faces": {
				"north": {"uv": [9.5, 5, 10.125, 5.875], "texture": "#0"},
				"east": {"uv": [6.375, 2.5, 5, 3.375], "texture": "#0"},
				"south": {"uv": [6, 9.5, 6.625, 10.375], "texture": "#0"},
				"west": {"uv": [5, 2.5, 6.375, 3.375], "texture": "#0"},
				"up": {"uv": [1.625, 8.875, 1, 7.5], "texture": "#0"},
				"down": {"uv": [2.625, 7.5, 2, 8.875], "texture": "#0"}
			}
		},
		{
			"from": [7.4, 7.82042, 8.57466],
			"to": [8.6, 8.22042, 11.03466],
			"rotation": {"angle": 0, "axis": "y", "origin": [8, 8, 8]},
			"faces": {
				"north": {"uv": [13, 4.5, 13.625, 4.75], "texture": "#0"},
				"east": {"uv": [1.25, 12, 0, 12.25], "texture": "#0"},
				"south": {"uv": [13, 5, 13.625, 5.25], "texture": "#0"},
				"west": {"uv": [0, 12, 1.25, 12.25], "texture": "#0"},
				"up": {"uv": [8.625, 2.75, 8, 1.5], "texture": "#0"},
				"down": {"uv": [3.625, 8, 3, 9.25], "texture": "#0"}
			}
		},
		{
			"from": [7.65, 7.26042, 9.03466],
			"to": [8.35, 7.82042, 9.21466],
			"rotation": {"angle": 0, "axis": "y", "origin": [8, 8, 8]},
			"faces": {
				"north": {"uv": [13.5, 1.5, 13.875, 1.75], "texture": "#0"},
				"east": {"uv": [10.625, 14, 10.5, 14.25], "texture": "#0"},
				"south": {"uv": [2, 13.5, 2.375, 13.75], "texture": "#0"},
				"west": {"uv": [10.5, 14, 10.625, 14.25], "texture": "#0"},
				"up": {"uv": [14.375, 5.125, 14, 5], "texture": "#0"},
				"down": {"uv": [14.375, 5.5, 14, 5.625], "texture": "#0"}
			}
		},
		{
			"from": [7.65, 7.08042, 9.03466],
			"to": [8.35, 7.26042, 9.57466],
			"rotation": {"angle": 0, "axis": "y", "origin": [8, 8, 8]},
			"faces": {
				"north": {"uv": [6, 14, 6.375, 14.125], "texture": "#0"},
				"east": {"uv": [11.25, 14, 11, 14.125], "texture": "#0"},
				"south": {"uv": [14, 6, 14.375, 6.125], "texture": "#0"},
				"west": {"uv": [11, 14, 11.25, 14.125], "texture": "#0"},
				"up": {"uv": [2.875, 13.75, 2.5, 13.5], "texture": "#0"},
				"down": {"uv": [3.375, 13.5, 3, 13.75], "texture": "#0"}
			}
		},
		{
			"from": [7.65, 6.72042, 9.39466],
			"to": [8.35, 6.90042, 10.17466],
			"rotation": {"angle": 0, "axis": "y", "origin": [8, 8, 8]},
			"faces": {
				"north": {"uv": [6.5, 14, 6.875, 14.125], "texture": "#0"},
				"east": {"uv": [7.875, 14, 7.5, 14.125], "texture": "#0"},
				"south": {"uv": [14, 7, 14.375, 7.125], "texture": "#0"},
				"west": {"uv": [7.5, 14, 7.875, 14.125], "texture": "#0"},
				"up": {"uv": [8.875, 13.375, 8.5, 13], "texture": "#0"},
				"down": {"uv": [13.375, 8.5, 13, 8.875], "texture": "#0"}
			}
		},
		{
			"from": [7.65, 6.90042, 9.39466],
			"to": [8.35, 7.08042, 9.57466],
			"rotation": {"angle": 0, "axis": "y", "origin": [8, 8, 8]},
			"faces": {
				"north": {"uv": [14, 7.5, 14.375, 7.625], "texture": "#0"},
				"east": {"uv": [12.625, 14, 12.5, 14.125], "texture": "#0"},
				"south": {"uv": [8, 14, 8.375, 14.125], "texture": "#0"},
				"west": {"uv": [12.5, 14, 12.625, 14.125], "texture": "#0"},
				"up": {"uv": [14.375, 8.125, 14, 8], "texture": "#0"},
				"down": {"uv": [8.875, 14, 8.5, 14.125], "texture": "#0"}
			}
		},
		{
			"from": [7.86, 7.54042, 9.77466],
			"to": [8.14, 7.82042, 9.95466],
			"rotation": {"angle": 0, "axis": "y", "origin": [8, 8, 8]},
			"faces": {
				"north": {"uv": [14, 14, 14.125, 14.125], "texture": "#0"},
				"east": {"uv": [14.125, 14, 14, 14.125], "texture": "#0"},
				"south": {"uv": [14, 14, 14.125, 14.125], "texture": "#0"},
				"west": {"uv": [14, 14, 14.125, 14.125], "texture": "#0"},
				"up": {"uv": [14, 14, 14.125, 14.125], "texture": "#0"},
				"down": {"uv": [14, 14, 14.125, 14.125], "texture": "#0"}
			}
		},
		{
			"from": [7.86, 7.38042, 9.57466],
			"to": [8.14, 7.54042, 9.95466],
			"rotation": {"angle": 0, "axis": "y", "origin": [8, 8, 8]},
			"faces": {
				"north": {"uv": [11.5, 14, 11.75, 14.125], "texture": "#0"},
				"east": {"uv": [11.75, 14, 11.5, 14.125], "texture": "#0"},
				"south": {"uv": [11.5, 14, 11.75, 14.125], "texture": "#0"},
				"west": {"uv": [11.5, 14, 11.75, 14.125], "texture": "#0"},
				"up": {"uv": [11.5, 14, 11.75, 14.125], "texture": "#0"},
				"down": {"uv": [11.5, 14, 11.75, 14.125], "texture": "#0"}
			}
		},
		{
			"from": [7.4, 4.76042, 9.01466],
			"to": [8.6, 5.54042, 9.37466],
			"rotation": {"angle": 0, "axis": "y", "origin": [8, 8, 8]},
			"faces": {
				"north": {"uv": [12, 9, 12.625, 9.375], "texture": "#0"},
				"east": {"uv": [9.625, 14, 9.5, 14.375], "texture": "#0"},
				"south": {"uv": [10, 12, 10.625, 12.375], "texture": "#0"},
				"west": {"uv": [9.5, 14, 9.625, 14.375], "texture": "#0"},
				"up": {"uv": [6.125, 13.625, 5.5, 13.5], "texture": "#0"},
				"down": {"uv": [7.125, 13.5, 6.5, 13.625], "texture": "#0"}
			}
		},
		{
			"from": [7.4, 5.54042, 8.21466],
			"to": [8.6, 5.92042, 9.37466],
			"rotation": {"angle": 0, "axis": "y", "origin": [8, 8, 8]},
			"faces": {
				"north": {"uv": [5.5, 13, 6.125, 13.25], "texture": "#0"},
				"east": {"uv": [7.125, 13, 6.5, 13.25], "texture": "#0"},
				"south": {"uv": [13, 6, 13.625, 6.25], "texture": "#0"},
				"west": {"uv": [6.5, 13, 7.125, 13.25], "texture": "#0"},
				"up": {"uv": [5.625, 11.625, 5, 11], "texture": "#0"},
				"down": {"uv": [6.625, 11, 6, 11.625], "texture": "#0"}
			}
		},
		{
			"from": [7.4, 5.92042, 8.21466],
			"to": [8.6, 6.70042, 8.57466],
			"rotation": {"angle": 0, "axis": "y", "origin": [8, 8, 8]},
			"faces": {
				"north": {"uv": [12, 10.5, 12.625, 10.875], "texture": "#0"},
				"east": {"uv": [10.125, 14, 10, 14.375], "texture": "#0"},
				"south": {"uv": [11, 12, 11.625, 12.375], "texture": "#0"},
				"west": {"uv": [10, 14, 10.125, 14.375], "texture": "#0"},
				"up": {"uv": [14.125, 6.625, 13.5, 6.5], "texture": "#0"},
				"down": {"uv": [8.125, 13.5, 7.5, 13.625], "texture": "#0"}
			}
		},
		{
			"from": [7.4, 6.70042, 7.05466],
			"to": [8.6, 7.08042, 8.57466],
			"rotation": {"angle": 0, "axis": "y", "origin": [8, 8, 8]},
			"faces": {
				"north": {"uv": [13, 7, 13.625, 7.25], "texture": "#0"},
				"east": {"uv": [5.25, 13, 4.5, 13.25], "texture": "#0"},
				"south": {"uv": [7.5, 13, 8.125, 13.25], "texture": "#0"},
				"west": {"uv": [4.5, 13, 5.25, 13.25], "texture": "#0"},
				"up": {"uv": [0.625, 11.25, 0, 10.5], "texture": "#0"},
				"down": {"uv": [11.625, 0, 11, 0.75], "texture": "#0"}
			}
		},
		{
			"from": [7.4, 7.08042, 7.05466],
			"to": [8.6, 7.42042, 7.41466],
			"rotation": {"angle": 0, "axis": "y", "origin": [8, 8, 8]},
			"faces": {
				"north": {"uv": [8.5, 13.5, 9.125, 13.625], "texture": "#0"},
				"east": {"uv": [14.625, 1, 14.5, 1.125], "texture": "#0"},
				"south": {"uv": [13.5, 8.5, 14.125, 8.625], "texture": "#0"},
				"west": {"uv": [14.5, 1, 14.625, 1.125], "texture": "#0"},
				"up": {"uv": [14.125, 9.125, 13.5, 9], "texture": "#0"},
				"down": {"uv": [10.125, 13.5, 9.5, 13.625], "texture": "#0"}
			}
		},
		{
			"from": [7.4, 4.38042, 9.01466],
			"to": [8.6, 4.76042, 11.77466],
			"rotation": {"angle": 0, "axis": "y", "origin": [8, 8, 8]},
			"faces": {
				"north": {"uv": [13, 7.5, 13.625, 7.75], "texture": "#0"},
				"east": {"uv": [10.375, 11.5, 9, 11.75], "texture": "#0"},
				"south": {"uv": [13, 8, 13.625, 8.25], "texture": "#0"},
				"west": {"uv": [9, 11.5, 10.375, 11.75], "texture": "#0"},
				"up": {"uv": [6.125, 8.875, 5.5, 7.5], "texture": "#0"},
				"down": {"uv": [8.625, 0, 8, 1.375], "texture": "#0"}
			}
		},
		{
			"from": [7.4, 4.76042, 10.85466],
			"to": [8.6, 4.94042, 12.09466],
			"rotation": {"angle": 0, "axis": "y", "origin": [8, 8, 8]},
			"faces": {
				"north": {"uv": [10.5, 13.5, 11.125, 13.625], "texture": "#0"},
				"east": {"uv": [14.125, 13, 13.5, 13.125], "texture": "#0"},
				"south": {"uv": [12.5, 13.5, 13.125, 13.625], "texture": "#0"},
				"west": {"uv": [13.5, 13, 14.125, 13.125], "texture": "#0"},
				"up": {"uv": [7.625, 11.625, 7, 11], "texture": "#0"},
				"down": {"uv": [8.625, 11, 8, 11.625], "texture": "#0"}
			}
		},
		{
			"from": [7.4, 4.94042, 10.85466],
			"to": [8.6, 5.12042, 12.43466],
			"rotation": {"angle": 0, "axis": "y", "origin": [8, 8, 8]},
			"faces": {
				"north": {"uv": [13.5, 13.5, 14.125, 13.625], "texture": "#0"},
				"east": {"uv": [5.25, 13.5, 4.5, 13.625], "texture": "#0"},
				"south": {"uv": [0, 14, 0.625, 14.125], "texture": "#0"},
				"west": {"uv": [4.5, 13.5, 5.25, 13.625], "texture": "#0"},
				"up": {"uv": [1.625, 11.75, 1, 11], "texture": "#0"},
				"down": {"uv": [11.625, 1, 11, 1.75], "texture": "#0"}
			}
		},
		{
			"from": [7.4, 5.44042, 10.69466],
			"to": [8.6, 5.76042, 12.61466],
			"rotation": {"angle": 0, "axis": "y", "origin": [8, 8, 8]},
			"faces": {
				"north": {"uv": [1, 14, 1.625, 14.125], "texture": "#0"},
				"east": {"uv": [11.5, 13, 10.5, 13.125], "texture": "#0"},
				"south": {"uv": [14, 1.5, 14.625, 1.625], "texture": "#0"},
				"west": {"uv": [10.5, 13, 11.5, 13.125], "texture": "#0"},
				"up": {"uv": [9.625, 4, 9, 3], "texture": "#0"},
				"down": {"uv": [4.625, 9, 4, 10], "texture": "#0"}
			}
		},
		{
			"from": [7.4, 5.12042, 10.85466],
			"to": [8.6, 5.44042, 12.61466],
			"rotation": {"angle": 0, "axis": "y", "origin": [8, 8, 8]},
			"faces": {
				"north": {"uv": [2, 14, 2.625, 14.125], "texture": "#0"},
				"east": {"uv": [13.375, 13, 12.5, 13.125], "texture": "#0"},
				"south": {"uv": [14, 2, 14.625, 2.125], "texture": "#0"},
				"west": {"uv": [12.5, 13, 13.375, 13.125], "texture": "#0"},
				"up": {"uv": [7.625, 10.375, 7, 9.5], "texture": "#0"},
				"down": {"uv": [10.125, 7.5, 9.5, 8.375], "texture": "#0"}
			}
		},
		{
			"from": [7.4, 5.76042, 10.51466],
			"to": [8.6, 6.08042, 12.43466],
			"rotation": {"angle": 0, "axis": "y", "origin": [8, 8, 8]},
			"faces": {
				"north": {"uv": [14, 2.5, 14.625, 2.625], "texture": "#0"},
				"east": {"uv": [14, 11, 13, 11.125], "texture": "#0"},
				"south": {"uv": [3, 14, 3.625, 14.125], "texture": "#0"},
				"west": {"uv": [13, 11, 14, 11.125], "texture": "#0"},
				"up": {"uv": [5.625, 10, 5, 9], "texture": "#0"},
				"down": {"uv": [9.625, 6.5, 9, 7.5], "texture": "#0"}
			}
		},
		{
			"from": [7.4, 6.08042, 10.51466],
			"to": [8.6, 6.40042, 12.25466],
			"rotation": {"angle": 0, "axis": "y", "origin": [8, 8, 8]},
			"faces": {
				"north": {"uv": [14, 3, 14.625, 3.125], "texture": "#0"},
				"east": {"uv": [0.875, 13.5, 0, 13.625], "texture": "#0"},
				"south": {"uv": [14, 3.5, 14.625, 3.625], "texture": "#0"},
				"west": {"uv": [0, 13.5, 0.875, 13.625], "texture": "#0"},
				"up": {"uv": [8.625, 10.375, 8, 9.5], "texture": "#0"},
				"down": {"uv": [10.125, 8.5, 9.5, 9.375], "texture": "#0"}
			}
		},
		{
			"from": [7.4, 6.40042, 10.33466],
			"to": [8.6, 6.72042, 12.09466],
			"rotation": {"angle": 0, "axis": "y", "origin": [8, 8, 8]},
			"faces": {
				"north": {"uv": [4, 14, 4.625, 14.125], "texture": "#0"},
				"east": {"uv": [14.375, 0.5, 13.5, 0.625], "texture": "#0"},
				"south": {"uv": [14, 4, 14.625, 4.125], "texture": "#0"},
				"west": {"uv": [13.5, 0.5, 14.375, 0.625], "texture": "#0"},
				"up": {"uv": [9.625, 10.375, 9, 9.5], "texture": "#0"},
				"down": {"uv": [10.625, 0, 10, 0.875], "texture": "#0"}
			}
		},
		{
			"from": [7.4, 6.72042, 10.17466],
			"to": [8.6, 7.04042, 11.91466],
			"rotation": {"angle": 0, "axis": "y", "origin": [8, 8, 8]},
			"faces": {
				"north": {"uv": [14, 4.5, 14.625, 4.625], "texture": "#0"},
				"east": {"uv": [14.375, 1, 13.5, 1.125], "texture": "#0"},
				"south": {"uv": [5, 14, 5.625, 14.125], "texture": "#0"},
				"west": {"uv": [13.5, 1, 14.375, 1.125], "texture": "#0"},
				"up": {"uv": [1.625, 10.875, 1, 10], "texture": "#0"},
				"down": {"uv": [10.625, 1, 10, 1.875], "texture": "#0"}
			}
		},
		{
			"from": [7.4, 7.04042, 10.17466],
			"to": [8.6, 7.82042, 11.71466],
			"rotation": {"angle": 0, "axis": "y", "origin": [8, 8, 8]},
			"faces": {
				"north": {"uv": [12, 11, 12.625, 11.375], "texture": "#0"},
				"east": {"uv": [12.75, 6, 12, 6.375], "texture": "#0"},
				"south": {"uv": [12, 11.5, 12.625, 11.875], "texture": "#0"},
				"west": {"uv": [12, 6, 12.75, 6.375], "texture": "#0"},
				"up": {"uv": [2.625, 11.75, 2, 11], "texture": "#0"},
				"down": {"uv": [3.625, 11, 3, 11.75], "texture": "#0"}
			}
		}
	],
	"display": {
		"thirdperson_righthand": {
			"rotation": [67.5, 0, 0],
			"translation": [-1.5, 4.25, 1.25]
		},
		"thirdperson_lefthand": {
			"rotation": [67.5, 0, 0],
			"translation": [-1.5, 4.25, 1.25]
		},
		"firstperson_righthand": {
			"translation": [-4.25, 3.75, 0.75]
		},
		"firstperson_lefthand": {
			"translation": [-4.25, 3.75, 0.75]
		},
		"ground": {
			"translation": [0, 0.5, 0]
		},
		"gui": {
			"rotation": [169.68, -42.99, -170.51],
			"scale": [1.45, 1.45, 1.45]
		},
		"fixed": {
			"rotation": [0, 90, 0],
			"translation": [0, 0, -1.25],
			"scale": [2, 2, 2]
		}
	},
	"groups": [
		{
			"name": "luna_blaster",
			"origin": [8, 7.34042, 8.535],
			"color": 0,
			"children": [
				{
					"name": "barrel_cover",
					"origin": [8, 12.62167, 3.86582],
					"color": 8,
					"children": [0, 1, 2, 3, 4, 5, 6]
				},
				{
					"name": "back_part",
					"origin": [8, 8.69367, 8.48497],
					"color": 0,
					"children": [
						{
							"name": "cylinder",
							"origin": [6.66182, 16.53138, 32.69236],
							"color": 1,
							"children": [7, 8, 9, 10, 11, 12, 13, 14]
						},
						{
							"name": "base",
							"origin": [8, 8.69367, 8.48497],
							"color": 9,
							"children": [
								{
									"name": "cover",
									"origin": [6.66182, 16.53138, 32.69236],
									"color": 3,
									"children": [15, 16, 17]
								}
							]
						}
					]
				},
				{
					"name": "body_cover",
					"origin": [1.56555, 3.39042, 12.11],
					"color": 6,
					"children": [18, 19, 20, 21, 22, 23, 24]
				},
				{
					"name": "inner_body",
					"origin": [1.56555, 3.39042, 16.535],
					"color": 0,
					"children": [25, 26]
				},
				{
					"name": "handle",
					"origin": [9.56555, 7.34042, 8.535],
					"color": 0,
					"children": [
						{
							"name": "trigger_guard",
							"origin": [1.56555, 2.24042, 14.61],
							"color": 0,
							"children": [27, 28, 29, 30]
						},
						{
							"name": "trigger",
							"origin": [1.56555, 2.34042, 14.11],
							"color": 0,
							"children": [31, 32]
						},
						{
							"name": "handle_guard",
							"origin": [1.56555, 2.71542, 15.535],
							"color": 0,
							"children": [33, 34, 35, 36, 37, 38]
						},
						{
							"name": "grip",
							"origin": [1.56555, 2.41542, 0.535],
							"color": 0,
							"children": [39, 40, 41, 42, 43, 44, 45, 46, 47]
						}
					]
				}
			]
		}
	]
}