{
	"credit": "Made with Blockbench",
	"texture_size": [64, 64],
	"textures": {
		"0": "aoa3:item/mini_cannon",
		"particle": "aoa3:item/mini_cannon"
	},
	"elements": [
		{
			"from": [7, 7.06472, -0.88822],
			"to": [9, 9.06472, 6.7161],
			"rotation": {"angle": 0, "axis": "y", "origin": [8, 8, 8]},
			"faces": {
				"north": {"uv": [9.25, 0.9375, 9.75, 1.4375], "texture": "#0"},
				"east": {"uv": [1.875, 3, 0, 3.5], "texture": "#0"},
				"south": {"uv": [9.25, 0.5, 9.75, 1], "texture": "#0"},
				"west": {"uv": [0, 3, 1.875, 3.5], "texture": "#0"},
				"up": {"uv": [0, 3.5, 1.875, 3], "rotation": 90, "texture": "#0"},
				"down": {"uv": [1.875, 3.5, 0, 3], "rotation": 90, "texture": "#0"}
			}
		},
		{
			"from": [7.3, 6.59778, 6.71106],
			"to": [8.7, 8.89778, 10.31106],
			"rotation": {"angle": 0, "axis": "y", "origin": [8, 8, 8]},
			"faces": {
				"north": {"uv": [4, 9.25, 4.375, 9.8125], "texture": "#0"},
				"east": {"uv": [7.625, 6.25, 6.75, 6.8125], "texture": "#0"},
				"south": {"uv": [5, 9.25, 5.375, 9.8125], "texture": "#0"},
				"west": {"uv": [6.75, 6.25, 7.625, 6.8125], "texture": "#0"},
				"up": {"uv": [3.875, 9.875, 3.5, 9], "texture": "#0"},
				"down": {"uv": [3.875, 9, 3.5, 9.875], "texture": "#0"}
			}
		},
		{
			"from": [7.5, 6.81472, 0.1161],
			"to": [8.5, 7.16472, 6.97041],
			"rotation": {"angle": 0, "axis": "y", "origin": [8, 8, 8]},
			"faces": {
				"north": {"uv": [10.5, 2.75, 10.8125, 2.8125], "rotation": 180, "texture": "#0"},
				"east": {"uv": [9.75, 8.5, 11.4375, 8.5625], "rotation": 180, "texture": "#0"},
				"south": {"uv": [10.5, 2.75, 10.8125, 2.8125], "rotation": 180, "texture": "#0"},
				"west": {"uv": [11.4375, 8.5, 9.75, 8.5625], "rotation": 180, "texture": "#0"},
				"up": {"uv": [5.25, 8.4375, 5, 6.75], "rotation": 180, "texture": "#0"},
				"down": {"uv": [5.25, 8.4375, 5, 6.75], "rotation": 180, "texture": "#0"}
			}
		},
		{
			"from": [6.9, 8.89778, 4.38174],
			"to": [9.1, 9.44778, 10.31106],
			"rotation": {"angle": 0, "axis": "y", "origin": [8, 7.98306, 7.99065]},
			"faces": {
				"north": {"uv": [10, 4, 10.5625, 4.125], "texture": "#0"},
				"east": {"uv": [10.75, 4.75, 9.25, 4.875], "texture": "#0"},
				"south": {"uv": [10, 4, 10.5625, 4.125], "texture": "#0"},
				"west": {"uv": [9.25, 4.75, 10.75, 4.875], "texture": "#0"},
				"up": {"uv": [5.3125, 1.5, 4.75, 0], "texture": "#0"},
				"down": {"uv": [5.3125, 0, 4.75, 1.5], "texture": "#0"}
			}
		},
		{
			"from": [6.5, 7.08972, 2.61178],
			"to": [9.5, 9.48972, 5.9911],
			"rotation": {"angle": 0, "axis": "y", "origin": [8, 8, 8]},
			"faces": {
				"north": {"uv": [7, 0.75, 7.75, 1.375], "texture": "#0"},
				"east": {"uv": [7.625, 3.5, 6.75, 4.125], "texture": "#0"},
				"south": {"uv": [7, 0.75, 7.75, 1.375], "texture": "#0"},
				"west": {"uv": [6.75, 3.5, 7.625, 4.125], "texture": "#0"},
				"up": {"uv": [2.25, 7.375, 1.5, 6.5], "texture": "#0"},
				"down": {"uv": [3, 6.5, 2.25, 7.375], "texture": "#0"}
			}
		},
		{
			"from": [7.4, 9.78972, 3.6661],
			"to": [8.6, 10.13972, 4.32041],
			"rotation": {"angle": 0, "axis": "y", "origin": [8, 8, 8]},
			"faces": {
				"north": {"uv": [10.5, 2.75, 10.8125, 2.8125], "texture": "#0"},
				"east": {"uv": [10.9375, 0.75, 10.75, 0.8125], "texture": "#0"},
				"south": {"uv": [10.5, 2.75, 10.8125, 2.8125], "texture": "#0"},
				"west": {"uv": [10.75, 0.75, 10.9375, 0.8125], "texture": "#0"},
				"up": {"uv": [10.3125, 6.1875, 10, 6], "texture": "#0"},
				"down": {"uv": [10.3125, 6.1875, 10, 6], "texture": "#0"}
			}
		},
		{
			"from": [7.4, 9.78972, 4.6661],
			"to": [8.6, 10.13972, 5.32041],
			"rotation": {"angle": 0, "axis": "y", "origin": [8, 8, 8]},
			"faces": {
				"north": {"uv": [10.5, 2.75, 10.8125, 2.8125], "texture": "#0"},
				"east": {"uv": [10.9375, 1, 10.75, 1.0625], "texture": "#0"},
				"south": {"uv": [10.5, 2.75, 10.8125, 2.8125], "texture": "#0"},
				"west": {"uv": [10.75, 1, 10.9375, 1.0625], "texture": "#0"},
				"up": {"uv": [10.3125, 6.1875, 10, 6], "texture": "#0"},
				"down": {"uv": [10.3125, 6.1875, 10, 6], "texture": "#0"}
			}
		},
		{
			"from": [7.4, 9.78972, 5.6661],
			"to": [8.6, 10.13972, 6.32041],
			"rotation": {"angle": 0, "axis": "y", "origin": [8, 8, 8]},
			"faces": {
				"north": {"uv": [10.5, 2.75, 10.8125, 2.8125], "texture": "#0"},
				"east": {"uv": [10.9375, 1.25, 10.75, 1.3125], "texture": "#0"},
				"south": {"uv": [10.5, 2.75, 10.8125, 2.8125], "texture": "#0"},
				"west": {"uv": [10.75, 1.25, 10.9375, 1.3125], "texture": "#0"},
				"up": {"uv": [10.3125, 6.1875, 10, 6], "texture": "#0"},
				"down": {"uv": [10.3125, 6.1875, 10, 6], "texture": "#0"}
			}
		},
		{
			"from": [7.4, 9.78972, 6.6661],
			"to": [8.6, 10.13972, 7.32041],
			"rotation": {"angle": 0, "axis": "y", "origin": [8, 8, 8]},
			"faces": {
				"north": {"uv": [10.5, 2.75, 10.8125, 2.8125], "texture": "#0"},
				"east": {"uv": [10.9375, 1.5, 10.75, 1.5625], "texture": "#0"},
				"south": {"uv": [10.5, 2.75, 10.8125, 2.8125], "texture": "#0"},
				"west": {"uv": [10.75, 1.5, 10.9375, 1.5625], "texture": "#0"},
				"up": {"uv": [10.3125, 6.1875, 10, 6], "texture": "#0"},
				"down": {"uv": [10.3125, 6.1875, 10, 6], "texture": "#0"}
			}
		},
		{
			"from": [7.4, 9.78972, 7.6661],
			"to": [8.6, 10.13972, 8.32041],
			"rotation": {"angle": 0, "axis": "y", "origin": [8, 8, 8]},
			"faces": {
				"north": {"uv": [10.5, 2.75, 10.8125, 2.8125], "texture": "#0"},
				"east": {"uv": [10.9375, 1.75, 10.75, 1.8125], "texture": "#0"},
				"south": {"uv": [10.5, 2.75, 10.8125, 2.8125], "texture": "#0"},
				"west": {"uv": [10.75, 1.75, 10.9375, 1.8125], "texture": "#0"},
				"up": {"uv": [10.3125, 6.1875, 10, 6], "texture": "#0"},
				"down": {"uv": [10.3125, 6.1875, 10, 6], "texture": "#0"}
			}
		},
		{
			"from": [7.4, 9.78972, 8.6661],
			"to": [8.6, 10.13972, 9.32041],
			"rotation": {"angle": 0, "axis": "y", "origin": [8, 8, 8]},
			"faces": {
				"north": {"uv": [10.5, 2.75, 10.8125, 2.8125], "texture": "#0"},
				"east": {"uv": [10.9375, 1.75, 10.75, 1.8125], "texture": "#0"},
				"south": {"uv": [10.5, 2.75, 10.8125, 2.8125], "texture": "#0"},
				"west": {"uv": [2.25, 10.75, 2.4375, 10.8125], "texture": "#0"},
				"up": {"uv": [10.3125, 6.1875, 10, 6], "texture": "#0"},
				"down": {"uv": [10.3125, 6.1875, 10, 6], "texture": "#0"}
			}
		},
		{
			"from": [7.5, 9.43972, 3.0661],
			"to": [8.5, 9.78972, 9.92041],
			"rotation": {"angle": 0, "axis": "y", "origin": [8, 8, 8]},
			"faces": {
				"north": {"uv": [10.5, 2.75, 10.8125, 2.8125], "texture": "#0"},
				"east": {"uv": [11.4375, 8.5, 9.75, 8.5625], "texture": "#0"},
				"south": {"uv": [10.5, 2.75, 10.8125, 2.8125], "texture": "#0"},
				"west": {"uv": [9.75, 8.5, 11.4375, 8.5625], "texture": "#0"},
				"up": {"uv": [5.25, 8.4375, 5, 6.75], "texture": "#0"},
				"down": {"uv": [5.25, 8.4375, 5, 6.75], "texture": "#0"}
			}
		},
		{
			"from": [7, 6.19778, 12.11106],
			"to": [9, 9.39778, 12.78606],
			"rotation": {"angle": 0, "axis": "y", "origin": [8, 8, 8]},
			"faces": {
				"north": {"uv": [7.75, 6, 8.25, 6.8125], "texture": "#0"},
				"east": {"uv": [1.1875, 9.25, 1, 10.0625], "texture": "#0"},
				"south": {"uv": [3.5, 8, 4, 8.8125], "texture": "#0"},
				"west": {"uv": [1, 9.25, 1.1875, 10.0625], "texture": "#0"},
				"up": {"uv": [10.25, 9.6875, 9.75, 9.5], "texture": "#0"},
				"down": {"uv": [10.25, 9.75, 9.75, 9.9375], "texture": "#0"}
			}
		},
		{
			"from": [7, 5.54778, 12.78606],
			"to": [9, 8.94778, 13.38606],
			"rotation": {"angle": 0, "axis": "y", "origin": [8, 8, 8]},
			"faces": {
				"north": {"uv": [2, 7.5, 2.5, 8.375], "texture": "#0"},
				"east": {"uv": [8.125, 9.5, 8, 10.375], "texture": "#0"},
				"south": {"uv": [2.5, 7.5, 3, 8.375], "texture": "#0"},
				"west": {"uv": [8, 9.5, 8.125, 10.375], "texture": "#0"},
				"up": {"uv": [10.5, 4.375, 10, 4.25], "texture": "#0"},
				"down": {"uv": [5.5, 10, 5, 10.125], "texture": "#0"}
			}
		},
		{
			"from": [7, 5.87278, 12.48606],
			"to": [9, 6.19778, 12.78606],
			"rotation": {"angle": 0, "axis": "y", "origin": [8, 8, 8]},
			"faces": {
				"north": {"uv": [6.25, 10.25, 6.75, 10.3125], "texture": "#0"},
				"east": {"uv": [11.0625, 0.75, 11, 0.8125], "texture": "#0"},
				"south": {"uv": [10.25, 6.5, 10.75, 6.5625], "texture": "#0"},
				"west": {"uv": [11, 0.75, 11.0625, 0.8125], "texture": "#0"},
				"up": {"uv": [7.25, 10.3125, 6.75, 10.25], "texture": "#0"},
				"down": {"uv": [10.75, 6.75, 10.25, 6.8125], "texture": "#0"}
			}
		},
		{
			"from": [7.6, 6.99778, 10.31106],
			"to": [8.4, 7.49778, 12.11106],
			"rotation": {"angle": 0, "axis": "y", "origin": [8, 8, 8]},
			"faces": {
				"north": {"uv": [10.5, 0.75, 10.6875, 0.875], "texture": "#0"},
				"east": {"uv": [10.6875, 3.5, 10.25, 3.625], "texture": "#0"},
				"south": {"uv": [10.5, 1, 10.6875, 1.125], "texture": "#0"},
				"west": {"uv": [10.25, 3.5, 10.6875, 3.625], "texture": "#0"},
				"up": {"uv": [10.25, 3.75, 10.6875, 3.875], "rotation": 90, "texture": "#0"},
				"down": {"uv": [10.25, 3.75, 10.6875, 3.875], "rotation": 90, "texture": "#0"}
			}
		},
		{
			"from": [7.6, 7.99778, 10.31106],
			"to": [8.4, 8.49778, 12.11106],
			"rotation": {"angle": 0, "axis": "y", "origin": [8, 8, 8]},
			"faces": {
				"north": {"uv": [1.25, 10.5, 1.4375, 10.625], "texture": "#0"},
				"east": {"uv": [10.6875, 3.75, 10.25, 3.875], "texture": "#0"},
				"south": {"uv": [1.5, 10.5, 1.6875, 10.625], "texture": "#0"},
				"west": {"uv": [10.25, 3.75, 10.6875, 3.875], "texture": "#0"},
				"up": {"uv": [10.25, 3.75, 10.6875, 3.875], "rotation": 90, "texture": "#0"},
				"down": {"uv": [10.25, 3.75, 10.6875, 3.875], "rotation": 90, "texture": "#0"}
			}
		},
		{
			"name": "trigger",
			"from": [7.8, 6.19778, 8.33606],
			"to": [8.2, 6.59778, 8.66106],
			"rotation": {"angle": 0, "axis": "y", "origin": [8, 8, 8]},
			"faces": {
				"north": {"uv": [10.75, 10.75, 10.8125, 10.875], "texture": "#0"},
				"east": {"uv": [10.8125, 10.75, 10.75, 10.875], "texture": "#0"},
				"south": {"uv": [10.75, 10.75, 10.8125, 10.875], "texture": "#0"},
				"west": {"uv": [10.75, 10.75, 10.8125, 10.875], "texture": "#0"},
				"up": {"uv": [10.75, 10.75, 10.8125, 10.875], "texture": "#0"},
				"down": {"uv": [10.75, 10.75, 10.8125, 10.875], "texture": "#0"}
			}
		},
		{
			"from": [7.8, 5.87278, 7.28606],
			"to": [8.2, 6.59778, 7.61106],
			"rotation": {"angle": 0, "axis": "y", "origin": [8, 8, 8]},
			"faces": {
				"north": {"uv": [10.75, 2.5, 10.8125, 2.6875], "texture": "#0"},
				"east": {"uv": [10.8125, 2.5, 10.75, 2.6875], "texture": "#0"},
				"south": {"uv": [10.75, 2.5, 10.8125, 2.6875], "texture": "#0"},
				"west": {"uv": [10.75, 2.5, 10.8125, 2.6875], "texture": "#0"},
				"up": {"uv": [10.75, 2.5, 10.8125, 2.6875], "texture": "#0"},
				"down": {"uv": [10.75, 2.5, 10.8125, 2.6875], "texture": "#0"}
			}
		},
		{
			"from": [7.8, 5.59778, 7.28606],
			"to": [8.2, 5.87278, 9.36106],
			"rotation": {"angle": 0, "axis": "y", "origin": [8, 8, 8]},
			"faces": {
				"north": {"uv": [8.25, 10.25, 8.75, 10.3125], "texture": "#0"},
				"east": {"uv": [8.75, 10.25, 8.25, 10.3125], "texture": "#0"},
				"south": {"uv": [8.25, 10.25, 8.75, 10.3125], "texture": "#0"},
				"west": {"uv": [8.25, 10.25, 8.75, 10.3125], "texture": "#0"},
				"up": {"uv": [8.25, 10.25, 8.75, 10.3125], "texture": "#0"},
				"down": {"uv": [8.25, 10.25, 8.75, 10.3125], "texture": "#0"}
			}
		},
		{
			"from": [7.6, 3.92278, 10.03606],
			"to": [8.4, 4.24778, 11.03606],
			"rotation": {"angle": 0, "axis": "y", "origin": [8, 8, 8]},
			"faces": {
				"north": {"uv": [0.5, 10.75, 0.75, 10.8125], "texture": "#0"},
				"east": {"uv": [0.75, 10.75, 0.5, 10.8125], "texture": "#0"},
				"south": {"uv": [0.5, 10.75, 0.75, 10.8125], "texture": "#0"},
				"west": {"uv": [0.5, 10.75, 0.75, 10.8125], "texture": "#0"},
				"up": {"uv": [0.5, 10.75, 0.75, 10.8125], "texture": "#0"},
				"down": {"uv": [0.5, 10.75, 0.75, 10.8125], "texture": "#0"}
			}
		},
		{
			"from": [7.6, 4.24778, 10.03606],
			"to": [8.4, 4.57278, 11.33606],
			"rotation": {"angle": 0, "axis": "y", "origin": [8, 8, 8]},
			"faces": {
				"north": {"uv": [10.75, 3, 10.9375, 3.0625], "texture": "#0"},
				"east": {"uv": [7.3125, 10.5, 7, 10.5625], "texture": "#0"},
				"south": {"uv": [3.25, 10.75, 3.4375, 10.8125], "texture": "#0"},
				"west": {"uv": [7, 10.5, 7.3125, 10.5625], "texture": "#0"},
				"up": {"uv": [1.1875, 10.5625, 1, 10.25], "texture": "#0"},
				"down": {"uv": [10.4375, 1.5, 10.25, 1.8125], "texture": "#0"}
			}
		},
		{
			"from": [7.6, 4.57278, 10.03606],
			"to": [8.4, 4.89778, 11.63606],
			"rotation": {"angle": 0, "axis": "y", "origin": [8, 8, 8]},
			"faces": {
				"north": {"uv": [10.75, 3.25, 10.9375, 3.3125], "texture": "#0"},
				"east": {"uv": [10.875, 2.25, 10.5, 2.3125], "texture": "#0"},
				"south": {"uv": [3.5, 10.75, 3.6875, 10.8125], "texture": "#0"},
				"west": {"uv": [10.5, 2.25, 10.875, 2.3125], "texture": "#0"},
				"up": {"uv": [4.6875, 10.375, 4.5, 10], "texture": "#0"},
				"down": {"uv": [4.9375, 10, 4.75, 10.375], "texture": "#0"}
			}
		},
		{
			"from": [7.6, 4.89778, 9.66106],
			"to": [8.4, 5.22278, 11.63606],
			"rotation": {"angle": 0, "axis": "y", "origin": [8, 8, 8]},
			"faces": {
				"north": {"uv": [10.75, 3.5, 10.9375, 3.5625], "texture": "#0"},
				"east": {"uv": [10.75, 8.75, 10.25, 8.8125], "texture": "#0"},
				"south": {"uv": [3.75, 10.75, 3.9375, 10.8125], "texture": "#0"},
				"west": {"uv": [10.25, 8.75, 10.75, 8.8125], "texture": "#0"},
				"up": {"uv": [1.1875, 5, 1, 4.5], "texture": "#0"},
				"down": {"uv": [5.4375, 4.75, 5.25, 5.25], "texture": "#0"}
			}
		},
		{
			"from": [7.6, 5.22278, 9.36106],
			"to": [8.4, 5.54778, 11.33606],
			"rotation": {"angle": 0, "axis": "y", "origin": [8, 8, 8]},
			"faces": {
				"north": {"uv": [10.75, 3.75, 10.9375, 3.8125], "texture": "#0"},
				"east": {"uv": [9.75, 10.25, 9.25, 10.3125], "texture": "#0"},
				"south": {"uv": [4, 10.75, 4.1875, 10.8125], "texture": "#0"},
				"west": {"uv": [9.25, 10.25, 9.75, 10.3125], "texture": "#0"},
				"up": {"uv": [6.9375, 4.75, 6.75, 4.25], "texture": "#0"},
				"down": {"uv": [5.1875, 8.5, 5, 9], "texture": "#0"}
			}
		},
		{
			"from": [7.6, 5.54778, 9.36106],
			"to": [8.4, 5.87278, 10.98606],
			"rotation": {"angle": 0, "axis": "y", "origin": [8, 8, 8]},
			"faces": {
				"north": {"uv": [10.75, 4, 10.9375, 4.0625], "texture": "#0"},
				"east": {"uv": [0.4375, 10.5, 0, 10.5625], "texture": "#0"},
				"south": {"uv": [4.25, 10.75, 4.4375, 10.8125], "texture": "#0"},
				"west": {"uv": [0, 10.5, 0.4375, 10.5625], "texture": "#0"},
				"up": {"uv": [10.1875, 2.4375, 10, 2], "texture": "#0"},
				"down": {"uv": [10.1875, 2.5, 10, 2.9375], "texture": "#0"}
			}
		},
		{
			"from": [7.6, 5.87278, 9.01106],
			"to": [8.4, 6.19778, 10.68606],
			"rotation": {"angle": 0, "axis": "y", "origin": [8, 8, 8]},
			"faces": {
				"north": {"uv": [4.5, 10.75, 4.6875, 10.8125], "texture": "#0"},
				"east": {"uv": [10.9375, 0.5, 10.5, 0.5625], "texture": "#0"},
				"south": {"uv": [10.75, 4.5, 10.9375, 4.5625], "texture": "#0"},
				"west": {"uv": [10.5, 0.5, 10.9375, 0.5625], "texture": "#0"},
				"up": {"uv": [3.6875, 10.4375, 3.5, 10], "texture": "#0"},
				"down": {"uv": [10.1875, 3.5, 10, 3.9375], "texture": "#0"}
			}
		},
		{
			"from": [7.6, 6.19778, 9.01106],
			"to": [8.4, 6.59778, 10.31106],
			"rotation": {"angle": 0, "axis": "y", "origin": [8, 8, 8]},
			"faces": {
				"north": {"uv": [10.5, 2.5, 10.6875, 2.625], "texture": "#0"},
				"east": {"uv": [10.5625, 5.5, 10.25, 5.625], "texture": "#0"},
				"south": {"uv": [2.75, 10.5, 2.9375, 10.625], "texture": "#0"},
				"west": {"uv": [10.25, 5.5, 10.5625, 5.625], "texture": "#0"},
				"up": {"uv": [1.9375, 10.5625, 1.75, 10.25], "texture": "#0"},
				"down": {"uv": [2.1875, 10.25, 2, 10.5625], "texture": "#0"}
			}
		},
		{
			"from": [6.8, 6.23972, 2.63678],
			"to": [9.2, 7.83972, 6.9411],
			"rotation": {"angle": 0, "axis": "y", "origin": [8, 8, 8]},
			"faces": {
				"north": {"uv": [9.25, 2, 9.875, 2.375], "texture": "#0"},
				"east": {"uv": [8.0625, 8, 7, 8.375], "texture": "#0"},
				"south": {"uv": [9.25, 2.5, 9.875, 2.875], "texture": "#0"},
				"west": {"uv": [7, 8, 8.0625, 8.375], "texture": "#0"},
				"up": {"uv": [1.375, 6.5, 0.75, 7.5625], "texture": "#0"},
				"down": {"uv": [2.4375, 11.0625, 1.8125, 12.125], "texture": "#0"}
			}
		},
		{
			"from": [7.1, 5.73972, 3.53678],
			"to": [8.9, 6.23972, 6.9411],
			"rotation": {"angle": 0, "axis": "y", "origin": [8, 8, 8]},
			"faces": {
				"north": {"uv": [2.75, 10.25, 3.1875, 10.375], "texture": "#0"},
				"east": {"uv": [10.625, 8, 9.75, 8.125], "texture": "#0"},
				"south": {"uv": [10.25, 3, 10.6875, 3.125], "texture": "#0"},
				"west": {"uv": [9.75, 8, 10.625, 8.125], "texture": "#0"},
				"up": {"uv": [0.4375, 9.375, 0, 8.5], "texture": "#0"},
				"down": {"uv": [2.4375, 8.5, 2, 9.375], "texture": "#0"}
			}
		},
		{
			"from": [7.5, 9.78972, 3.51178],
			"to": [7.7, 10.28972, 3.9161],
			"rotation": {"angle": 0, "axis": "y", "origin": [8, 8, 8]},
			"faces": {
				"north": {"uv": [4.75, 10.75, 4.8125, 10.875], "texture": "#0"},
				"east": {"uv": [4.125, 10.5, 4, 10.625], "texture": "#0"},
				"south": {"uv": [10.75, 4.75, 10.8125, 4.875], "texture": "#0"},
				"west": {"uv": [10.5, 7, 10.625, 7.125], "texture": "#0"},
				"up": {"uv": [5.0625, 10.875, 5, 10.75], "texture": "#0"},
				"down": {"uv": [5.3125, 10.75, 5.25, 10.875], "texture": "#0"}
			}
		},
		{
			"from": [8.3, 9.78972, 3.51178],
			"to": [8.5, 10.28972, 3.9161],
			"rotation": {"angle": 0, "axis": "y", "origin": [8, 8, 8]},
			"faces": {
				"north": {"uv": [5.5, 10.75, 5.5625, 10.875], "texture": "#0"},
				"east": {"uv": [10.5, 7, 10.625, 7.125], "texture": "#0"},
				"south": {"uv": [10.75, 5.5, 10.8125, 5.625], "texture": "#0"},
				"west": {"uv": [7.5, 10.5, 7.625, 10.625], "texture": "#0"},
				"up": {"uv": [5.8125, 10.875, 5.75, 10.75], "texture": "#0"},
				"down": {"uv": [6.0625, 10.75, 6, 10.875], "texture": "#0"}
			}
		},
		{
			"from": [7.5, 9.78972, 3.91178],
			"to": [7.7, 10.28972, 4.3161],
			"rotation": {"angle": 0, "axis": "y", "origin": [8, 8, 8]},
			"faces": {
				"north": {"uv": [6.25, 10.75, 6.3125, 10.875], "texture": "#0"},
				"east": {"uv": [10.5, 7.75, 10.625, 7.875], "texture": "#0"},
				"south": {"uv": [6.5, 10.75, 6.5625, 10.875], "texture": "#0"},
				"west": {"uv": [10.5, 7.75, 10.625, 7.875], "texture": "#0"},
				"up": {"uv": [10.8125, 6.625, 10.75, 6.5], "texture": "#0"},
				"down": {"uv": [6.8125, 10.75, 6.75, 10.875], "texture": "#0"}
			}
		},
		{
			"from": [8.3, 9.78972, 3.91178],
			"to": [8.5, 10.28972, 4.3161],
			"rotation": {"angle": 0, "axis": "y", "origin": [8, 8, 8]},
			"faces": {
				"north": {"uv": [10.75, 6.75, 10.8125, 6.875], "texture": "#0"},
				"east": {"uv": [10.5, 7.75, 10.625, 7.875], "texture": "#0"},
				"south": {"uv": [7, 10.75, 7.0625, 10.875], "texture": "#0"},
				"west": {"uv": [10.5, 7, 10.625, 7.125], "texture": "#0"},
				"up": {"uv": [10.8125, 7.125, 10.75, 7], "texture": "#0"},
				"down": {"uv": [7.3125, 10.75, 7.25, 10.875], "texture": "#0"}
			}
		},
		{
			"from": [7.7, 9.78972, 3.51178],
			"to": [8.3, 9.98972, 4.6161],
			"rotation": {"angle": 0, "axis": "y", "origin": [8, 8, 8]},
			"faces": {
				"north": {"uv": [7.75, 10.75, 7.875, 10.8125], "texture": "#0"},
				"east": {"uv": [7.75, 10.75, 7.875, 10.8125], "texture": "#0"},
				"south": {"uv": [7.75, 10.75, 7.875, 10.8125], "texture": "#0"},
				"west": {"uv": [7.75, 10.75, 7.875, 10.8125], "texture": "#0"},
				"up": {"uv": [7.75, 10.75, 7.875, 10.8125], "texture": "#0"},
				"down": {"uv": [7.75, 10.75, 7.875, 10.8125], "texture": "#0"}
			}
		},
		{
			"from": [7.8, 10.28972, 3.51178],
			"to": [8.2, 10.48972, 3.9161],
			"rotation": {"angle": 0, "axis": "y", "origin": [8, 8, 8]},
			"faces": {
				"north": {"uv": [10.75, 7.75, 10.875, 7.8125], "texture": "#0"},
				"east": {"uv": [10.75, 7.75, 10.875, 7.8125], "texture": "#0"},
				"south": {"uv": [10.75, 7.75, 10.875, 7.8125], "texture": "#0"},
				"west": {"uv": [10.75, 7.75, 10.875, 7.8125], "texture": "#0"},
				"up": {"uv": [10.75, 7.75, 10.875, 7.8125], "texture": "#0"},
				"down": {"uv": [10.75, 7.75, 10.875, 7.8125], "texture": "#0"}
			}
		},
		{
			"from": [7.8, 10.78972, 3.51178],
			"to": [8.2, 10.98972, 3.9161],
			"rotation": {"angle": 0, "axis": "y", "origin": [8, 8, 8]},
			"faces": {
				"north": {"uv": [8.5, 10.75, 8.625, 10.8125], "texture": "#0"},
				"east": {"uv": [8.5, 10.75, 8.625, 10.8125], "texture": "#0"},
				"south": {"uv": [8.5, 10.75, 8.625, 10.8125], "texture": "#0"},
				"west": {"uv": [8.5, 10.75, 8.625, 10.8125], "texture": "#0"},
				"up": {"uv": [8.5, 10.75, 8.625, 10.8125], "texture": "#0"},
				"down": {"uv": [8.5, 10.75, 8.625, 10.8125], "texture": "#0"}
			}
		},
		{
			"from": [7.8, 11.28972, 3.51178],
			"to": [8.2, 11.48972, 3.9161],
			"rotation": {"angle": 0, "axis": "y", "origin": [8, 8, 8]},
			"faces": {
				"north": {"uv": [10.75, 9, 10.875, 9.0625], "texture": "#0"},
				"east": {"uv": [10.75, 9, 10.875, 9.0625], "texture": "#0"},
				"south": {"uv": [10.75, 9, 10.875, 9.0625], "texture": "#0"},
				"west": {"uv": [10.75, 9, 10.875, 9.0625], "texture": "#0"},
				"up": {"uv": [10.75, 9, 10.875, 9.0625], "texture": "#0"},
				"down": {"uv": [10.75, 9, 10.875, 9.0625], "texture": "#0"}
			}
		},
		{
			"from": [7.7, 11.78972, 3.51178],
			"to": [8.3, 11.98972, 3.9161],
			"rotation": {"angle": 0, "axis": "y", "origin": [8, 8, 8]},
			"faces": {
				"north": {"uv": [10, 10.75, 10.125, 10.8125], "texture": "#0"},
				"east": {"uv": [10, 10.75, 10.125, 10.8125], "texture": "#0"},
				"south": {"uv": [10, 10.75, 10.125, 10.8125], "texture": "#0"},
				"west": {"uv": [10, 10.75, 10.125, 10.8125], "texture": "#0"},
				"up": {"uv": [10, 10.75, 10.125, 10.8125], "texture": "#0"},
				"down": {"uv": [10, 10.75, 10.125, 10.8125], "texture": "#0"}
			}
		},
		{
			"from": [8.2, 9.98972, 3.51178],
			"to": [8.3, 11.78972, 3.9161],
			"rotation": {"angle": 0, "axis": "y", "origin": [8, 8, 8]},
			"faces": {
				"north": {"uv": [10.25, 2.5, 10.375, 2.9375], "texture": "#0"},
				"east": {"uv": [10.25, 2.5, 10.375, 2.9375], "texture": "#0"},
				"south": {"uv": [10.25, 2.5, 10.375, 2.9375], "texture": "#0"},
				"west": {"uv": [10.25, 2.5, 10.375, 2.9375], "texture": "#0"},
				"up": {"uv": [10.25, 2.5, 10.375, 2.9375], "texture": "#0"},
				"down": {"uv": [10.25, 2.5, 10.375, 2.9375], "texture": "#0"}
			}
		},
		{
			"from": [7.7, 9.98972, 3.51178],
			"to": [7.8, 11.78972, 3.9161],
			"rotation": {"angle": 0, "axis": "y", "origin": [8, 8, 8]},
			"faces": {
				"north": {"uv": [10.25, 2.5, 10.375, 2.9375], "texture": "#0"},
				"east": {"uv": [10.25, 2.5, 10.375, 2.9375], "texture": "#0"},
				"south": {"uv": [10.25, 2.5, 10.375, 2.9375], "texture": "#0"},
				"west": {"uv": [10.25, 2.5, 10.375, 2.9375], "texture": "#0"},
				"up": {"uv": [10.25, 2.5, 10.375, 2.9375], "texture": "#0"},
				"down": {"uv": [10.25, 2.5, 10.375, 2.9375], "texture": "#0"}
			}
		}
	],
	"display": {
		"thirdperson_righthand": {
			"rotation": [67.5, 0, 0],
			"translation": [-1.75, 3.25, 2.5]
		},
		"thirdperson_lefthand": {
			"rotation": [67.5, 0, 0],
			"translation": [-1.75, 3.25, 2.5]
		},
		"firstperson_righthand": {
			"translation": [-3, 2, 0.75],
			"scale": [1.4, 1.4, 1.4]
		},
		"firstperson_lefthand": {
			"translation": [-3, 2, 0.75],
			"scale": [1.4, 1.4, 1.4]
		},
		"ground": {
			"translation": [0, 1.25, 0]
		},
		"gui": {
			"rotation": [159.18, -42.16, -176.01],
			"translation": [-1.25, 0, 0],
			"scale": [1.05, 1.05, 1.05]
		},
		"fixed": {
			"rotation": [0, 90, 0],
			"translation": [2.25, 0, -1.25],
			"scale": [2, 2, 2]
		}
	},
	"groups": [
		{
			"name": "mini_cannon",
			"origin": [8, 6.30403, 11.36106],
			"color": 0,
			"children": [
				{
					"name": "barrel",
					"origin": [8, 6.30403, 11.36106],
					"color": 0,
					"children": [0]
				},
				{
					"name": "inner_body",
					"origin": [8, 5.90403, 11.36106],
					"color": 0,
					"children": [1, 2]
				},
				{
					"name": "body_cover",
					"origin": [7.66545, 7.92897, 3.46394],
					"color": 0,
					"children": [3, 4]
				},
				{
					"name": "rail",
					"origin": [7.66545, 7.47897, 2.84325],
					"color": 0,
					"children": [5, 6, 7, 8, 9, 10, 11]
				},
				{
					"name": "stock",
					"origin": [7.7, 5.90403, 11.36106],
					"color": 0,
					"children": [12, 13, 14, 15, 16]
				},
				{
					"name": "trigger_guard",
					"origin": [8, 5.54778, 5.08606],
					"color": 0,
					"children": [17, 18, 19]
				},
				{
					"name": "handle",
					"origin": [8, 6.19778, 4.71106],
					"color": 8,
					"children": [20, 21, 22, 23, 24, 25, 26, 27]
				},
				{
					"name": "grip",
					"origin": [7.66545, 6.32897, 3.46394],
					"color": 0,
					"children": [28, 29]
				},
				{
					"name": "iron_sight",
					"origin": [7.66545, 9.92897, 3.46394],
					"color": 0,
					"children": [30, 31, 32, 33, 34, 35, 36, 37, 38, 39, 40]
				}
			]
		}
	]
}