{
	"credit": "Made with Blockbench",
	"texture_size": [64, 64],
	"textures": {
		"1": "aoa3:item/missile_maker"
	},
	"elements": [
		{
			"from": [8.525, 5.00625, 4.625],
			"to": [9.325, 5.33125, 11.225],
			"rotation": {"angle": 0, "axis": "y", "origin": [8, 8, 8]},
			"faces": {
				"north": {"uv": [5, 9.75, 5.1875, 9.8125], "texture": "#1"},
				"east": {"uv": [9, 8.5, 10.625, 8.5625], "texture": "#1"},
				"south": {"uv": [9.75, 5, 9.9375, 5.0625], "texture": "#1"},
				"west": {"uv": [9, 8.5, 10.625, 8.5625], "texture": "#1"},
				"up": {"uv": [4.1875, 9.375, 4, 7.75], "texture": "#1"},
				"down": {"uv": [4.4375, 7.75, 4.25, 9.375], "texture": "#1"}
			}
		},
		{
			"from": [8.525, 5.33125, 4.225],
			"to": [9.325, 5.65625, 11.225],
			"rotation": {"angle": 0, "axis": "y", "origin": [8, 8, 8]},
			"faces": {
				"north": {"uv": [5.25, 9.75, 5.4375, 9.8125], "texture": "#1"},
				"east": {"uv": [10.75, 8, 9, 8.0625], "texture": "#1"},
				"south": {"uv": [9.75, 5.25, 9.9375, 5.3125], "texture": "#1"},
				"west": {"uv": [9, 8, 10.75, 8.0625], "texture": "#1"},
				"up": {"uv": [4.25, 9.375, 4.4375, 7.75], "texture": "#1"},
				"down": {"uv": [3.9375, 7.75, 3.75, 9.5], "texture": "#1"}
			}
		},
		{
			"from": [8.525, 5.65625, 4.225],
			"to": [9.325, 5.98125, 5.825],
			"rotation": {"angle": 0, "axis": "y", "origin": [8, 8, 8]},
			"faces": {
				"north": {"uv": [5.5, 9.75, 5.6875, 9.8125], "texture": "#1"},
				"east": {"uv": [2.875, 9.75, 2.5, 9.8125], "texture": "#1"},
				"south": {"uv": [9.75, 5.5, 9.9375, 5.5625], "texture": "#1"},
				"west": {"uv": [2.5, 9.75, 2.875, 9.8125], "texture": "#1"},
				"up": {"uv": [9.6875, 3.875, 9.5, 3.5], "texture": "#1"},
				"down": {"uv": [3.9375, 9.5, 3.75, 9.875], "texture": "#1"}
			}
		},
		{
			"from": [8.525, 5.98125, 3.85],
			"to": [9.325, 6.30625, 5.825],
			"rotation": {"angle": 0, "axis": "y", "origin": [8, 8, 8]},
			"faces": {
				"north": {"uv": [5.75, 9.75, 5.9375, 9.8125], "texture": "#1"},
				"east": {"uv": [10, 7.25, 9.5, 7.3125], "texture": "#1"},
				"south": {"uv": [9.75, 5.75, 9.9375, 5.8125], "texture": "#1"},
				"west": {"uv": [9.5, 7.25, 10, 7.3125], "texture": "#1"},
				"up": {"uv": [5.9375, 4, 5.75, 3.5], "texture": "#1"},
				"down": {"uv": [6.4375, 1.5, 6.25, 2], "texture": "#1"}
			}
		},
		{
			"from": [8.525, 6.30625, 3.55],
			"to": [9.325, 6.63125, 5.525],
			"rotation": {"angle": 0, "axis": "y", "origin": [8, 8, 8]},
			"faces": {
				"north": {"uv": [9.75, 6, 9.9375, 6.0625], "texture": "#1"},
				"east": {"uv": [10, 7.75, 9.5, 7.8125], "texture": "#1"},
				"south": {"uv": [9.75, 6.25, 9.9375, 6.3125], "texture": "#1"},
				"west": {"uv": [9.5, 7.75, 10, 7.8125], "texture": "#1"},
				"up": {"uv": [6.4375, 2.5, 6.25, 2], "texture": "#1"},
				"down": {"uv": [5.4375, 7.75, 5.25, 8.25], "texture": "#1"}
			}
		},
		{
			"from": [8.525, 6.63125, 3.55],
			"to": [9.325, 6.95625, 5.175],
			"rotation": {"angle": 0, "axis": "y", "origin": [8, 8, 8]},
			"faces": {
				"north": {"uv": [6.75, 9.75, 6.9375, 9.8125], "texture": "#1"},
				"east": {"uv": [10.1875, 0.5, 9.75, 0.5625], "texture": "#1"},
				"south": {"uv": [7, 9.75, 7.1875, 9.8125], "texture": "#1"},
				"west": {"uv": [9.75, 0.5, 10.1875, 0.5625], "texture": "#1"},
				"up": {"uv": [9.6875, 1.9375, 9.5, 1.5], "texture": "#1"},
				"down": {"uv": [1.9375, 9.5, 1.75, 9.9375], "texture": "#1"}
			}
		},
		{
			"from": [8.525, 6.95625, 3.2],
			"to": [9.325, 7.28125, 4.875],
			"rotation": {"angle": 0, "axis": "y", "origin": [8, 8, 8]},
			"faces": {
				"north": {"uv": [7.25, 9.75, 7.4375, 9.8125], "texture": "#1"},
				"east": {"uv": [10.1875, 1, 9.75, 1.0625], "texture": "#1"},
				"south": {"uv": [7.5, 9.75, 7.6875, 9.8125], "texture": "#1"},
				"west": {"uv": [9.75, 1, 10.1875, 1.0625], "texture": "#1"},
				"up": {"uv": [2.1875, 9.9375, 2, 9.5], "texture": "#1"},
				"down": {"uv": [9.6875, 2, 9.5, 2.4375], "texture": "#1"}
			}
		},
		{
			"from": [8.525, 7.28125, 3.2],
			"to": [9.325, 7.68125, 4.5],
			"rotation": {"angle": 0, "axis": "y", "origin": [8, 8, 8]},
			"faces": {
				"north": {"uv": [7.75, 9.5, 7.9375, 9.625], "texture": "#1"},
				"east": {"uv": [7.0625, 9.5, 6.75, 9.625], "texture": "#1"},
				"south": {"uv": [9.75, 2.5, 9.9375, 2.625], "texture": "#1"},
				"west": {"uv": [6.75, 9.5, 7.0625, 9.625], "texture": "#1"},
				"up": {"uv": [9.6875, 5.3125, 9.5, 5], "texture": "#1"},
				"down": {"uv": [9.6875, 5.5, 9.5, 5.8125], "texture": "#1"}
			}
		},
		{
			"from": [8.525, 5.00625, 11.225],
			"to": [9.325, 5.33125, 12.225],
			"rotation": {"angle": 0, "axis": "y", "origin": [8, 8, 8]},
			"faces": {
				"north": {"uv": [7.75, 9.75, 7.9375, 9.8125], "texture": "#1"},
				"east": {"uv": [9.75, 4.5, 10, 4.5625], "texture": "#1"},
				"south": {"uv": [8, 9.75, 8.1875, 9.8125], "texture": "#1"},
				"west": {"uv": [9.75, 4.5, 10, 4.5625], "texture": "#1"},
				"up": {"uv": [9.1875, 9, 9, 8.75], "texture": "#1"},
				"down": {"uv": [9.4375, 8.75, 9.25, 9], "texture": "#1"}
			}
		},
		{
			"from": [8.525, 5.33125, 11.225],
			"to": [9.325, 5.65625, 12.525],
			"rotation": {"angle": 0, "axis": "y", "origin": [8, 8, 8]},
			"faces": {
				"north": {"uv": [8.25, 9.75, 8.4375, 9.8125], "texture": "#1"},
				"east": {"uv": [10.0625, 4.25, 9.75, 4.3125], "texture": "#1"},
				"south": {"uv": [8.5, 9.75, 8.6875, 9.8125], "texture": "#1"},
				"west": {"uv": [9.75, 4.25, 10.0625, 4.3125], "texture": "#1"},
				"up": {"uv": [6.1875, 9.8125, 6, 9.5], "texture": "#1"},
				"down": {"uv": [9.6875, 6, 9.5, 6.3125], "texture": "#1"}
			}
		},
		{
			"from": [8.525, 5.65625, 11.225],
			"to": [9.325, 5.98125, 12.825],
			"rotation": {"angle": 0, "axis": "y", "origin": [8, 8, 8]},
			"faces": {
				"north": {"uv": [8.75, 9.75, 8.9375, 9.8125], "texture": "#1"},
				"east": {"uv": [3.375, 9.75, 3, 9.8125], "texture": "#1"},
				"south": {"uv": [9, 9.75, 9.1875, 9.8125], "texture": "#1"},
				"west": {"uv": [3, 9.75, 3.375, 9.8125], "texture": "#1"},
				"up": {"uv": [4.1875, 9.875, 4, 9.5], "texture": "#1"},
				"down": {"uv": [9.6875, 4, 9.5, 4.375], "texture": "#1"}
			}
		},
		{
			"from": [8.525, 5.98125, 10.85],
			"to": [9.325, 6.30625, 12.825],
			"rotation": {"angle": 0, "axis": "y", "origin": [8, 8, 8]},
			"faces": {
				"north": {"uv": [9.75, 9, 9.9375, 9.0625], "texture": "#1"},
				"east": {"uv": [10, 9.25, 9.5, 9.3125], "texture": "#1"},
				"south": {"uv": [9.25, 9.75, 9.4375, 9.8125], "texture": "#1"},
				"west": {"uv": [9.5, 9.25, 10, 9.3125], "texture": "#1"},
				"up": {"uv": [1.1875, 10, 1, 9.5], "texture": "#1"},
				"down": {"uv": [9.6875, 1, 9.5, 1.5], "texture": "#1"}
			}
		},
		{
			"from": [8.525, 6.30625, 10.55],
			"to": [9.325, 6.63125, 12.525],
			"rotation": {"angle": 0, "axis": "y", "origin": [8, 8, 8]},
			"faces": {
				"north": {"uv": [9.5, 9.75, 9.6875, 9.8125], "texture": "#1"},
				"east": {"uv": [0.5, 9.75, 0, 9.8125], "texture": "#1"},
				"south": {"uv": [9.75, 9.75, 9.9375, 9.8125], "texture": "#1"},
				"west": {"uv": [0, 9.75, 0.5, 9.8125], "texture": "#1"},
				"up": {"uv": [1.4375, 10, 1.25, 9.5], "texture": "#1"},
				"down": {"uv": [1.6875, 9.5, 1.5, 10], "texture": "#1"}
			}
		},
		{
			"from": [8.525, 6.63125, 10.55],
			"to": [9.325, 6.95625, 12.175],
			"rotation": {"angle": 0, "axis": "y", "origin": [8, 8, 8]},
			"faces": {
				"north": {"uv": [0, 10, 0.1875, 10.0625], "texture": "#1"},
				"east": {"uv": [10.1875, 1.5, 9.75, 1.5625], "texture": "#1"},
				"south": {"uv": [0.25, 10, 0.4375, 10.0625], "texture": "#1"},
				"west": {"uv": [9.75, 1.5, 10.1875, 1.5625], "texture": "#1"},
				"up": {"uv": [2.4375, 9.9375, 2.25, 9.5], "texture": "#1"},
				"down": {"uv": [9.6875, 2.5, 9.5, 2.9375], "texture": "#1"}
			}
		},
		{
			"from": [8.525, 6.95625, 10.2],
			"to": [9.325, 7.28125, 11.875],
			"rotation": {"angle": 0, "axis": "y", "origin": [8, 8, 8]},
			"faces": {
				"north": {"uv": [0.5, 10, 0.6875, 10.0625], "texture": "#1"},
				"east": {"uv": [10.1875, 2, 9.75, 2.0625], "texture": "#1"},
				"south": {"uv": [0.75, 10, 0.9375, 10.0625], "texture": "#1"},
				"west": {"uv": [9.75, 2, 10.1875, 2.0625], "texture": "#1"},
				"up": {"uv": [9.6875, 3.4375, 9.5, 3], "texture": "#1"},
				"down": {"uv": [3.6875, 9.5, 3.5, 9.9375], "texture": "#1"}
			}
		},
		{
			"from": [8.525, 7.28125, 10.2],
			"to": [9.325, 8.00625, 11.5],
			"rotation": {"angle": 0, "axis": "y", "origin": [8, 8, 8]},
			"faces": {
				"north": {"uv": [9.75, 3, 9.9375, 3.125], "texture": "#1"},
				"east": {"uv": [9.825, 7, 9.5, 7.18125], "texture": "#1"},
				"south": {"uv": [9.75, 3.25, 9.9375, 3.375], "texture": "#1"},
				"west": {"uv": [9.5, 7, 9.825, 7.18125], "texture": "#1"},
				"up": {"uv": [6.4375, 9.8125, 6.25, 9.5], "texture": "#1"},
				"down": {"uv": [6.6875, 9.5, 6.5, 9.8125], "texture": "#1"}
			}
		},
		{
			"name": "trigger",
			"from": [8.725, 6.99375, 2.9375],
			"to": [9.125, 7.59375, 3.2625],
			"rotation": {"angle": 0, "axis": "y", "origin": [8, 8, 8]},
			"faces": {
				"north": {"uv": [4.75, 9.75, 4.875, 9.875], "texture": "#1"},
				"east": {"uv": [1.5, 10, 1.5625, 10.125], "texture": "#1"},
				"south": {"uv": [9.75, 4.75, 9.875, 4.875], "texture": "#1"},
				"west": {"uv": [1.75, 10, 1.8125, 10.125], "texture": "#1"},
				"up": {"uv": [2.125, 10.0625, 2, 10], "texture": "#1"},
				"down": {"uv": [2.375, 10, 2.25, 10.0625], "texture": "#1"}
			}
		},
		{
			"from": [8.725, 6.76875, 1.4875],
			"to": [9.125, 7.49375, 1.8125],
			"rotation": {"angle": 0, "axis": "y", "origin": [8, 8, 8]},
			"faces": {
				"north": {"uv": [1.25, 10, 1.3125, 10.1875], "texture": "#1"},
				"east": {"uv": [1.25, 10, 1.3125, 10.1875], "texture": "#1"},
				"south": {"uv": [1.25, 10, 1.3125, 10.1875], "texture": "#1"},
				"west": {"uv": [1.25, 10, 1.3125, 10.1875], "texture": "#1"},
				"up": {"uv": [1.25, 10, 1.3125, 10.1875], "texture": "#1"},
				"down": {"uv": [1.25, 10, 1.3125, 10.1875], "texture": "#1"}
			}
		},
		{
			"from": [8.725, 6.49375, 1.4875],
			"to": [9.125, 6.76875, 3.5625],
			"rotation": {"angle": 0, "axis": "y", "origin": [8, 8, 8]},
			"faces": {
				"north": {"uv": [2.75, 10, 2.875, 10.0625], "texture": "#1"},
				"east": {"uv": [9.75, 0.25, 10.25, 0.3125], "texture": "#1"},
				"south": {"uv": [3, 10, 3.125, 10.0625], "texture": "#1"},
				"west": {"uv": [9.75, 0.25, 10.25, 0.3125], "texture": "#1"},
				"up": {"uv": [9.625, 4.5, 9.5, 5], "texture": "#1"},
				"down": {"uv": [9.625, 4.5, 9.5, 5], "texture": "#1"}
			}
		},
		{
			"from": [6.025, 7.275, 8.4125],
			"to": [11.825, 12.175, 10.2125],
			"rotation": {"angle": 0, "axis": "y", "origin": [8, 8, 8]},
			"faces": {
				"north": {"uv": [3.4375, 0, 2, 1.25], "texture": "#1"},
				"east": {"uv": [6.9375, 2.75, 6.5, 4], "texture": "#1"},
				"south": {"uv": [2, 0, 3.4375, 1.25], "texture": "#1"},
				"west": {"uv": [6.5, 2.75, 6.9375, 4], "texture": "#1"},
				"up": {"uv": [1.4375, 3.6875, 0, 3.25], "texture": "#1"},
				"down": {"uv": [0, 3.6875, 1.4375, 3.25], "texture": "#1"}
			}
		},
		{
			"from": [6.025, 7.275, 4.4875],
			"to": [11.825, 12.175, 6.2875],
			"rotation": {"angle": 0, "axis": "y", "origin": [8, 8, 8]},
			"faces": {
				"north": {"uv": [3.4375, 0, 2, 1.25], "texture": "#1"},
				"east": {"uv": [6.9375, 2.75, 6.5, 4], "texture": "#1"},
				"south": {"uv": [2, 0, 3.4375, 1.25], "texture": "#1"},
				"west": {"uv": [6.5, 2.75, 6.9375, 4], "texture": "#1"},
				"up": {"uv": [1.4375, 3.6875, 0, 3.25], "texture": "#1"},
				"down": {"uv": [0, 3.6875, 1.4375, 3.25], "texture": "#1"}
			}
		},
		{
			"from": [7.925, 7.375, 0.9875],
			"to": [9.925, 11.475, 8.7875],
			"rotation": {"angle": 0, "axis": "y", "origin": [8, 8, 8]},
			"faces": {
				"north": {"uv": [6, 6.5, 6.5, 7.5], "texture": "#1"},
				"east": {"uv": [0, 1, 1.9375, 2], "texture": "#1"},
				"south": {"uv": [6, 6.5, 6.5, 7.5], "texture": "#1"},
				"west": {"uv": [0, 1, 1.9375, 2], "texture": "#1"},
				"up": {"uv": [6.5, 4.4375, 6, 2.5], "texture": "#1"},
				"down": {"uv": [6.5, 4.5, 6, 6.4375], "texture": "#1"}
			}
		},
		{
			"from": [4.825, 9.175, 3.3875],
			"to": [5.725, 10.075, 5.4875],
			"rotation": {"angle": 0, "axis": "y", "origin": [8, 8, 8]},
			"faces": {
				"north": {"uv": [2.75, 3.75, 3, 4], "texture": "#1"},
				"east": {"uv": [9.5, 7.75, 9, 8], "texture": "#1"},
				"south": {"uv": [2.5, 4.75, 2.75, 5], "texture": "#1"},
				"west": {"uv": [9, 7.75, 9.5, 8], "texture": "#1"},
				"up": {"uv": [9, 7.75, 9.5, 8], "rotation": 90, "texture": "#1"},
				"down": {"uv": [9.5, 8, 9, 7.75], "rotation": 90, "texture": "#1"}
			}
		},
		{
			"from": [4.525, 8.875, 3.8875],
			"to": [6.025, 10.375, 6.2875],
			"rotation": {"angle": 0, "axis": "y", "origin": [8, 8, 8]},
			"faces": {
				"north": {"uv": [9, 7, 9.375, 7.375], "texture": "#1"},
				"east": {"uv": [4.5, 7.75, 5.125, 8.125], "texture": "#1"},
				"south": {"uv": [7.5, 9, 7.875, 9.375], "texture": "#1"},
				"west": {"uv": [4.5, 7.75, 5.125, 8.125], "texture": "#1"},
				"up": {"uv": [4.5, 8.125, 5.125, 8.5], "rotation": 90, "texture": "#1"},
				"down": {"uv": [4.5, 8.125, 5.125, 8.5], "rotation": 90, "texture": "#1"}
			}
		},
		{
			"from": [9.925, 9.98125, -2.5],
			"to": [11.525, 11.68125, 7.9],
			"rotation": {"angle": 0, "axis": "y", "origin": [8, 8, 8]},
			"faces": {
				"north": {"uv": [1.5, 9, 1.875, 9.4375], "texture": "#1"},
				"east": {"uv": [3, 2.5, 5.625, 2.9375], "texture": "#1"},
				"south": {"uv": [8.5, 8.5, 8.875, 8.9375], "texture": "#1"},
				"west": {"uv": [5.625, 2.5, 3, 2.9375], "texture": "#1"},
				"up": {"uv": [5.625, 2.9375, 3, 2.5], "rotation": 90, "texture": "#1"},
				"down": {"uv": [3, 2.9375, 5.625, 2.5], "rotation": 90, "texture": "#1"}
			}
		},
		{
			"from": [10.125, 10.18125, 7.9],
			"to": [11.325, 11.48125, 13.4],
			"rotation": {"angle": 0, "axis": "y", "origin": [8, 8, 8]},
			"faces": {
				"north": {"uv": [0, 9.25, 0.3125, 9.5625], "texture": "#1"},
				"east": {"uv": [7, 1.5, 8.375, 1.8125], "texture": "#1"},
				"south": {"uv": [9.25, 0, 9.5625, 0.3125], "texture": "#1"},
				"west": {"uv": [8.375, 1.5, 7, 1.8125], "texture": "#1"},
				"up": {"uv": [5.8125, 8.125, 5.5, 6.75], "texture": "#1"},
				"down": {"uv": [5.8125, 8.125, 5.5, 6.75], "texture": "#1"}
			}
		},
		{
			"from": [9.925, 9.98125, 13.4],
			"to": [11.525, 11.68125, 15.3],
			"rotation": {"angle": 0, "axis": "y", "origin": [8, 8, 8]},
			"faces": {
				"north": {"uv": [8.5, 8.5, 8.875, 8.9375], "texture": "#1"},
				"east": {"uv": [1.5, 2, 2, 2.4375], "texture": "#1"},
				"south": {"uv": [8.5, 8.5, 8.875, 8.9375], "texture": "#1"},
				"west": {"uv": [2, 2, 1.5, 2.4375], "texture": "#1"},
				"up": {"uv": [8.875, 1.5, 8.5, 1], "texture": "#1"},
				"down": {"uv": [8.875, 1.5, 8.5, 1], "texture": "#1"}
			}
		},
		{
			"from": [6.325, 9.98125, -2.5],
			"to": [7.925, 11.68125, 7.9],
			"rotation": {"angle": 0, "axis": "y", "origin": [8, 8, 8]},
			"faces": {
				"north": {"uv": [1.5, 9, 1.875, 9.4375], "texture": "#1"},
				"east": {"uv": [3, 2.5, 5.625, 2.9375], "texture": "#1"},
				"south": {"uv": [8.5, 8.5, 8.875, 8.9375], "texture": "#1"},
				"west": {"uv": [5.625, 2.5, 3, 2.9375], "texture": "#1"},
				"up": {"uv": [5.625, 2.9375, 3, 2.5], "rotation": 90, "texture": "#1"},
				"down": {"uv": [3, 2.9375, 5.625, 2.5], "rotation": 90, "texture": "#1"}
			}
		},
		{
			"from": [6.525, 10.18125, 7.9],
			"to": [7.725, 11.48125, 13.4],
			"rotation": {"angle": 0, "axis": "y", "origin": [8, 8, 8]},
			"faces": {
				"north": {"uv": [0, 9.25, 0.3125, 9.5625], "texture": "#1"},
				"east": {"uv": [7, 1.5, 8.375, 1.8125], "texture": "#1"},
				"south": {"uv": [9.25, 0, 9.5625, 0.3125], "texture": "#1"},
				"west": {"uv": [8.375, 1.5, 7, 1.8125], "texture": "#1"},
				"up": {"uv": [5.8125, 8.125, 5.5, 6.75], "texture": "#1"},
				"down": {"uv": [5.8125, 8.125, 5.5, 6.75], "texture": "#1"}
			}
		},
		{
			"from": [6.325, 9.98125, 13.4],
			"to": [7.925, 11.68125, 15.3],
			"rotation": {"angle": 0, "axis": "y", "origin": [8, 8, 8]},
			"faces": {
				"north": {"uv": [8.5, 8.5, 8.875, 8.9375], "texture": "#1"},
				"east": {"uv": [1.5, 2, 2, 2.4375], "texture": "#1"},
				"south": {"uv": [8.5, 8.5, 8.875, 8.9375], "texture": "#1"},
				"west": {"uv": [2, 2, 1.5, 2.4375], "texture": "#1"},
				"up": {"uv": [8.875, 1.5, 8.5, 1], "texture": "#1"},
				"down": {"uv": [8.875, 1.5, 8.5, 1], "texture": "#1"}
			}
		},
		{
			"from": [8.125, 9.98125, -2.5],
			"to": [9.725, 11.68125, 7.9],
			"rotation": {"angle": 0, "axis": "y", "origin": [8, 8, 8]},
			"faces": {
				"north": {"uv": [1.5, 9, 1.875, 9.4375], "texture": "#1"},
				"east": {"uv": [3, 2.5, 5.625, 2.9375], "texture": "#1"},
				"south": {"uv": [8.5, 8.5, 8.875, 8.9375], "texture": "#1"},
				"west": {"uv": [5.625, 2.5, 3, 2.9375], "texture": "#1"},
				"up": {"uv": [5.625, 2.9375, 3, 2.5], "rotation": 90, "texture": "#1"},
				"down": {"uv": [3, 2.9375, 5.625, 2.5], "rotation": 90, "texture": "#1"}
			}
		},
		{
			"from": [8.325, 10.18125, 7.9],
			"to": [9.525, 11.48125, 13.4],
			"rotation": {"angle": 0, "axis": "y", "origin": [8, 8, 8]},
			"faces": {
				"north": {"uv": [0, 9.25, 0.3125, 9.5625], "texture": "#1"},
				"east": {"uv": [7, 1.5, 8.375, 1.8125], "texture": "#1"},
				"south": {"uv": [9.25, 0, 9.5625, 0.3125], "texture": "#1"},
				"west": {"uv": [8.375, 1.5, 7, 1.8125], "texture": "#1"},
				"up": {"uv": [5.8125, 8.125, 5.5, 6.75], "texture": "#1"},
				"down": {"uv": [5.8125, 8.125, 5.5, 6.75], "texture": "#1"}
			}
		},
		{
			"from": [8.125, 9.98125, 13.4],
			"to": [9.725, 11.68125, 15.3],
			"rotation": {"angle": 0, "axis": "y", "origin": [8, 8, 8]},
			"faces": {
				"north": {"uv": [8.5, 8.5, 8.875, 8.9375], "texture": "#1"},
				"east": {"uv": [1.5, 2, 2, 2.4375], "texture": "#1"},
				"south": {"uv": [8.5, 8.5, 8.875, 8.9375], "texture": "#1"},
				"west": {"uv": [2, 2, 1.5, 2.4375], "texture": "#1"},
				"up": {"uv": [8.875, 1.5, 8.5, 1], "texture": "#1"},
				"down": {"uv": [8.875, 1.5, 8.5, 1], "texture": "#1"}
			}
		},
		{
			"from": [9.925, 7.78125, -2.5],
			"to": [11.525, 9.48125, 7.9],
			"rotation": {"angle": 0, "axis": "y", "origin": [8, 8, 8]},
			"faces": {
				"north": {"uv": [1.5, 9, 1.875, 9.4375], "texture": "#1"},
				"east": {"uv": [3, 2.5, 5.625, 2.9375], "texture": "#1"},
				"south": {"uv": [8.5, 8.5, 8.875, 8.9375], "texture": "#1"},
				"west": {"uv": [5.625, 2.5, 3, 2.9375], "texture": "#1"},
				"up": {"uv": [5.625, 2.9375, 3, 2.5], "rotation": 90, "texture": "#1"},
				"down": {"uv": [3, 2.9375, 5.625, 2.5], "rotation": 90, "texture": "#1"}
			}
		},
		{
			"from": [10.125, 7.98125, 7.9],
			"to": [11.325, 9.28125, 13.4],
			"rotation": {"angle": 0, "axis": "y", "origin": [8, 8, 8]},
			"faces": {
				"north": {"uv": [0, 9.25, 0.3125, 9.5625], "texture": "#1"},
				"east": {"uv": [7, 1.5, 8.375, 1.8125], "texture": "#1"},
				"south": {"uv": [9.25, 0, 9.5625, 0.3125], "texture": "#1"},
				"west": {"uv": [8.375, 1.5, 7, 1.8125], "texture": "#1"},
				"up": {"uv": [5.8125, 8.125, 5.5, 6.75], "texture": "#1"},
				"down": {"uv": [5.8125, 8.125, 5.5, 6.75], "texture": "#1"}
			}
		},
		{
			"from": [9.925, 7.78125, 13.4],
			"to": [11.525, 9.48125, 15.3],
			"rotation": {"angle": 0, "axis": "y", "origin": [8, 8, 8]},
			"faces": {
				"north": {"uv": [8.5, 8.5, 8.875, 8.9375], "texture": "#1"},
				"east": {"uv": [1.5, 2, 2, 2.4375], "texture": "#1"},
				"south": {"uv": [8.5, 8.5, 8.875, 8.9375], "texture": "#1"},
				"west": {"uv": [2, 2, 1.5, 2.4375], "texture": "#1"},
				"up": {"uv": [8.875, 1.5, 8.5, 1], "texture": "#1"},
				"down": {"uv": [8.875, 1.5, 8.5, 1], "texture": "#1"}
			}
		},
		{
			"from": [6.325, 7.78125, -2.5],
			"to": [7.925, 9.48125, 7.9],
			"rotation": {"angle": 0, "axis": "y", "origin": [8, 8, 8]},
			"faces": {
				"north": {"uv": [1.5, 9, 1.875, 9.4375], "texture": "#1"},
				"east": {"uv": [3, 2.5, 5.625, 2.9375], "texture": "#1"},
				"south": {"uv": [8.5, 8.5, 8.875, 8.9375], "texture": "#1"},
				"west": {"uv": [5.625, 2.5, 3, 2.9375], "texture": "#1"},
				"up": {"uv": [5.625, 2.9375, 3, 2.5], "rotation": 90, "texture": "#1"},
				"down": {"uv": [3, 2.9375, 5.625, 2.5], "rotation": 90, "texture": "#1"}
			}
		},
		{
			"from": [6.525, 7.98125, 7.9],
			"to": [7.725, 9.28125, 13.4],
			"rotation": {"angle": 0, "axis": "y", "origin": [8, 8, 8]},
			"faces": {
				"north": {"uv": [0, 9.25, 0.3125, 9.5625], "texture": "#1"},
				"east": {"uv": [7, 1.5, 8.375, 1.8125], "texture": "#1"},
				"south": {"uv": [9.25, 0, 9.5625, 0.3125], "texture": "#1"},
				"west": {"uv": [8.375, 1.5, 7, 1.8125], "texture": "#1"},
				"up": {"uv": [5.8125, 8.125, 5.5, 6.75], "texture": "#1"},
				"down": {"uv": [5.8125, 8.125, 5.5, 6.75], "texture": "#1"}
			}
		},
		{
			"from": [6.325, 7.78125, 13.4],
			"to": [7.925, 9.48125, 15.3],
			"rotation": {"angle": 0, "axis": "y", "origin": [8, 8, 8]},
			"faces": {
				"north": {"uv": [8.5, 8.5, 8.875, 8.9375], "texture": "#1"},
				"east": {"uv": [1.5, 2, 2, 2.4375], "texture": "#1"},
				"south": {"uv": [8.5, 8.5, 8.875, 8.9375], "texture": "#1"},
				"west": {"uv": [2, 2, 1.5, 2.4375], "texture": "#1"},
				"up": {"uv": [8.875, 1.5, 8.5, 1], "texture": "#1"},
				"down": {"uv": [8.875, 1.5, 8.5, 1], "texture": "#1"}
			}
		},
		{
			"from": [8.125, 7.78125, -2.5],
			"to": [9.725, 9.48125, 7.9],
			"rotation": {"angle": 0, "axis": "y", "origin": [8, 8, 8]},
			"faces": {
				"north": {"uv": [1.5, 9, 1.875, 9.4375], "texture": "#1"},
				"east": {"uv": [3, 2.5, 5.625, 2.9375], "texture": "#1"},
				"south": {"uv": [8.5, 8.5, 8.875, 8.9375], "texture": "#1"},
				"west": {"uv": [5.625, 2.5, 3, 2.9375], "texture": "#1"},
				"up": {"uv": [5.625, 2.9375, 3, 2.5], "rotation": 90, "texture": "#1"},
				"down": {"uv": [3, 2.9375, 5.625, 2.5], "rotation": 90, "texture": "#1"}
			}
		},
		{
			"from": [8.325, 7.98125, 7.9],
			"to": [9.525, 9.28125, 13.4],
			"rotation": {"angle": 0, "axis": "y", "origin": [8, 8, 8]},
			"faces": {
				"north": {"uv": [0, 9.25, 0.3125, 9.5625], "texture": "#1"},
				"east": {"uv": [7, 1.5, 8.375, 1.8125], "texture": "#1"},
				"south": {"uv": [9.25, 0, 9.5625, 0.3125], "texture": "#1"},
				"west": {"uv": [8.375, 1.5, 7, 1.8125], "texture": "#1"},
				"up": {"uv": [5.8125, 8.125, 5.5, 6.75], "texture": "#1"},
				"down": {"uv": [5.8125, 8.125, 5.5, 6.75], "texture": "#1"}
			}
		},
		{
			"from": [8.125, 7.78125, 13.4],
			"to": [9.725, 9.48125, 15.3],
			"rotation": {"angle": 0, "axis": "y", "origin": [8, 8, 8]},
			"faces": {
				"north": {"uv": [8.5, 8.5, 8.875, 8.9375], "texture": "#1"},
				"east": {"uv": [1.5, 2, 2, 2.4375], "texture": "#1"},
				"south": {"uv": [8.5, 8.5, 8.875, 8.9375], "texture": "#1"},
				"west": {"uv": [2, 2, 1.5, 2.4375], "texture": "#1"},
				"up": {"uv": [8.875, 1.5, 8.5, 1], "texture": "#1"},
				"down": {"uv": [8.875, 1.5, 8.5, 1], "texture": "#1"}
			}
		}
	],
	"display": {
		"thirdperson_righthand": {
			"rotation": [67.5, 0, 0],
			"translation": [0.75, 2.25, 12.25]
		},
		"thirdperson_lefthand": {
			"rotation": [67.5, 0, 0],
			"translation": [2.75, 2, 12.25]
		},
		"firstperson_righthand": {
			"translation": [-2.75, 5.75, 7.75]
		},
		"firstperson_lefthand": {
			"translation": [-1, 5.75, 7.75]
		},
		"ground": {
			"translation": [0, 0, 2]
		},
		"gui": {
			"rotation": [161.83, -32.26, -171.6],
			"translation": [0, -1.25, 0]
		},
		"fixed": {
			"rotation": [0, 90, 0],
			"translation": [0, 0, -2.25],
			"scale": [2, 2, 2]
		}
	},
	"groups": [
		{
			"name": "missile_maker",
			"origin": [8.925, 6.325, 4.4375],
			"color": 0,
			"children": [
				{
					"name": "handles",
					"origin": [8.925, 6.325, 4.4375],
					"color": 0,
					"children": [
						{
							"name": "handle",
							"origin": [8.925, 6.28125, -1.6],
							"color": 8,
							"children": [0, 1, 2, 3, 4, 5, 6, 7]
						},
						{
							"name": "handle",
							"origin": [8.925, 6.28125, -1.6],
							"color": 8,
							"children": [8, 9, 10, 11, 12, 13, 14, 15]
						},
						{
							"name": "trigger_guard",
							"origin": [8.925, 5.56875, -1.8375],
							"color": 0,
							"children": [16, 17, 18]
						}
					]
				},
				{
					"name": "cover",
					"origin": [10.725, 2.73125, 3.7875],
					"color": 0,
					"children": [19, 20, 21]
				},
				{
					"name": "scope",
					"origin": [10.925, 2.73125, 3.7875],
					"color": 0,
					"children": [22, 23]
				},
				{
					"name": "tubes",
					"origin": [8.925, 6.325, 4.4375],
					"color": 0,
					"children": [
						{
							"name": "upper_tubes",
							"origin": [8.925, 6.325, 4.4375],
							"color": 0,
							"children": [
								{
									"name": "tube",
									"origin": [8.525, 6.3875, 5.05],
									"color": 0,
									"children": [24, 25, 26]
								},
								{
									"name": "tube",
									"origin": [8.525, 6.3875, 5.05],
									"color": 0,
									"children": [27, 28, 29]
								},
								{
									"name": "tube",
									"origin": [8.525, 6.3875, 5.05],
									"color": 0,
									"children": [30, 31, 32]
								}
							]
						},
						{
							"name": "bottom_tubes",
							"origin": [8.925, 6.325, 4.4375],
							"color": 0,
							"children": [
								{
									"name": "tube",
									"origin": [8.525, 6.3875, 5.05],
									"color": 0,
									"children": [33, 34, 35]
								},
								{
									"name": "tube",
									"origin": [8.525, 6.3875, 5.05],
									"color": 0,
									"children": [36, 37, 38]
								},
								{
									"name": "tube",
									"origin": [8.525, 6.3875, 5.05],
									"color": 0,
									"children": [39, 40, 41]
								}
							]
						}
					]
				}
			]
		}
	]
}