{
	"credit": "Made with Blockbench",
	"texture_size": [64, 64],
	"textures": {
		"0": "aoa3:item/mk",
		"particle": "aoa3:item/mk"
	},
	"elements": [
		{
			"from": [7.36819, 7.83959, 12.12509],
			"to": [8.63181, 8.77357, 13.71835],
			"rotation": {"angle": 0, "axis": "y", "origin": [8, 7.90751, 8]},
			"faces": {
				"north": {"uv": [5.75, 3.25, 6.0625, 3.5], "texture": "#0"},
				"east": {"uv": [5.75, 0.5, 6.125, 0.75], "texture": "#0"},
				"south": {"uv": [5.75, 3.5, 6.0625, 3.75], "texture": "#0"},
				"west": {"uv": [6.125, 0.5, 5.75, 0.75], "texture": "#0"},
				"up": {"uv": [5.8125, 2.125, 5.5, 1.75], "texture": "#0"},
				"down": {"uv": [2.8125, 5.5, 2.5, 5.875], "texture": "#0"}
			}
		},
		{
			"from": [7.36819, 6.21886, 13.08654],
			"to": [8.63181, 6.5485, 14.04799],
			"rotation": {"angle": 0, "axis": "y", "origin": [8, 7.90751, 8]},
			"faces": {
				"north": {"uv": [3.5, 7, 3.8125, 7.0625], "texture": "#0"},
				"east": {"uv": [7.5, 2.5, 7.75, 2.5625], "texture": "#0"},
				"south": {"uv": [4, 7, 4.3125, 7.0625], "texture": "#0"},
				"west": {"uv": [7.75, 2.5, 7.5, 2.5625], "texture": "#0"},
				"up": {"uv": [6.0625, 4, 5.75, 3.75], "texture": "#0"},
				"down": {"uv": [6.0625, 4, 5.75, 4.25], "texture": "#0"}
			}
		},
		{
			"from": [7.36819, 6.5485, 13.08654],
			"to": [8.63181, 6.87814, 14.37763],
			"rotation": {"angle": 0, "axis": "y", "origin": [8, 7.90751, 8]},
			"faces": {
				"north": {"uv": [4.5, 7, 4.8125, 7.0625], "texture": "#0"},
				"east": {"uv": [5, 7, 5.3125, 7.0625], "texture": "#0"},
				"south": {"uv": [5.5, 7, 5.8125, 7.0625], "texture": "#0"},
				"west": {"uv": [5.3125, 7, 5, 7.0625], "texture": "#0"},
				"up": {"uv": [0.3125, 6.0625, 0, 5.75], "texture": "#0"},
				"down": {"uv": [6.0625, 0, 5.75, 0.3125], "texture": "#0"}
			}
		},
		{
			"from": [7.36819, 6.87814, 12.78437],
			"to": [8.63181, 7.50995, 14.37763],
			"rotation": {"angle": 0, "axis": "y", "origin": [8, 7.90751, 8]},
			"faces": {
				"north": {"uv": [6.25, 0.5, 6.5625, 0.6875], "texture": "#0"},
				"east": {"uv": [4, 6, 4.375, 6.1875], "texture": "#0"},
				"south": {"uv": [6.25, 1, 6.5625, 1.1875], "texture": "#0"},
				"west": {"uv": [4.375, 6, 4, 6.1875], "texture": "#0"},
				"up": {"uv": [3.3125, 5.875, 3, 5.5], "texture": "#0"},
				"down": {"uv": [3.8125, 5.5, 3.5, 5.875], "texture": "#0"}
			}
		},
		{
			"from": [7.36819, 7.50995, 12.45473],
			"to": [8.63181, 7.83959, 14.04799],
			"rotation": {"angle": 0, "axis": "y", "origin": [8, 7.90751, 8]},
			"faces": {
				"north": {"uv": [7, 6, 7.3125, 6.0625], "texture": "#0"},
				"east": {"uv": [1.5, 7, 1.875, 7.0625], "texture": "#0"},
				"south": {"uv": [6.5, 7, 6.8125, 7.0625], "texture": "#0"},
				"west": {"uv": [1.875, 7, 1.5, 7.0625], "texture": "#0"},
				"up": {"uv": [4.3125, 5.875, 4, 5.5], "texture": "#0"},
				"down": {"uv": [5.8125, 4.25, 5.5, 4.625], "texture": "#0"}
			}
		},
		{
			"from": [7.83518, 8.44393, 11.46581],
			"to": [8.16482, 8.77357, 11.76798],
			"rotation": {"angle": 0, "axis": "y", "origin": [8, 7.90751, 8]},
			"faces": {
				"north": {"uv": [7.75, 7.75, 7.8125, 7.8125], "texture": "#0"},
				"east": {"uv": [7.75, 7.75, 7.8125, 7.8125], "texture": "#0"},
				"south": {"uv": [7.75, 7.75, 7.8125, 7.8125], "texture": "#0"},
				"west": {"uv": [7.75, 7.75, 7.8125, 7.8125], "texture": "#0"},
				"up": {"uv": [7.75, 7.75, 7.8125, 7.8125], "texture": "#0"},
				"down": {"uv": [7.75, 7.75, 7.8125, 7.8125], "texture": "#0"}
			}
		},
		{
			"from": [7.83518, 8.14176, 11.16364],
			"to": [8.16482, 8.44393, 11.46581],
			"rotation": {"angle": 0, "axis": "y", "origin": [8, 7.90751, 8]},
			"faces": {
				"north": {"uv": [8, 0.5, 8.0625, 0.5625], "texture": "#0"},
				"east": {"uv": [8, 0.5, 8.0625, 0.5625], "texture": "#0"},
				"south": {"uv": [8, 0.5, 8.0625, 0.5625], "texture": "#0"},
				"west": {"uv": [8, 0.5, 8.0625, 0.5625], "texture": "#0"},
				"up": {"uv": [8, 0.5, 8.0625, 0.5625], "texture": "#0"},
				"down": {"uv": [8, 0.5, 8.0625, 0.5625], "texture": "#0"}
			}
		},
		{
			"from": [7.83518, 8.14176, 9.87255],
			"to": [8.16482, 8.4714, 10.834],
			"rotation": {"angle": 0, "axis": "y", "origin": [8, 7.90751, 8]},
			"faces": {
				"north": {"uv": [3.25, 7.5, 3.5, 7.5625], "texture": "#0"},
				"east": {"uv": [3.25, 7.5, 3.5, 7.5625], "texture": "#0"},
				"south": {"uv": [3.25, 7.5, 3.5, 7.5625], "texture": "#0"},
				"west": {"uv": [3.25, 7.5, 3.5, 7.5625], "texture": "#0"},
				"up": {"uv": [3.25, 7.5, 3.5, 7.5625], "texture": "#0"},
				"down": {"uv": [3.25, 7.5, 3.5, 7.5625], "texture": "#0"}
			}
		},
		{
			"from": [7.83518, 7.83959, 10.834],
			"to": [8.16482, 8.14176, 12.12509],
			"rotation": {"angle": 0, "axis": "y", "origin": [8, 7.90751, 8]},
			"faces": {
				"north": {"uv": [7, 6.5, 7.3125, 6.5625], "texture": "#0"},
				"east": {"uv": [7, 6.5, 7.3125, 6.5625], "texture": "#0"},
				"south": {"uv": [7, 6.5, 7.3125, 6.5625], "texture": "#0"},
				"west": {"uv": [7, 6.5, 7.3125, 6.5625], "texture": "#0"},
				"up": {"uv": [7, 6.5, 7.3125, 6.5625], "texture": "#0"},
				"down": {"uv": [7, 6.5, 7.3125, 6.5625], "texture": "#0"}
			}
		},
		{
			"from": [7.35446, 7.50995, 7.94965],
			"to": [8.64555, 8.4714, 9.87255],
			"rotation": {"angle": 0, "axis": "y", "origin": [8, 7.90751, 8]},
			"faces": {
				"north": {"uv": [5.75, 4.75, 6.0625, 5], "texture": "#0"},
				"east": {"uv": [3.25, 5, 3.75, 5.25], "texture": "#0"},
				"south": {"uv": [5.75, 5, 6.0625, 5.25], "texture": "#0"},
				"west": {"uv": [3.75, 5, 3.25, 5.25], "texture": "#0"},
				"up": {"uv": [0.3125, 5.75, 0, 5.25], "texture": "#0"},
				"down": {"uv": [0.8125, 5.25, 0.5, 5.75], "texture": "#0"}
			}
		},
		{
			"from": [7.35446, 7.18031, 7.64748],
			"to": [8.64555, 7.50995, 9.87255],
			"rotation": {"angle": 0, "axis": "y", "origin": [8, 7.90751, 8]},
			"faces": {
				"north": {"uv": [0.25, 7.25, 0.5625, 7.3125], "texture": "#0"},
				"east": {"uv": [6.75, 1, 7.3125, 1.0625], "texture": "#0"},
				"south": {"uv": [0.75, 7.25, 1.0625, 7.3125], "texture": "#0"},
				"west": {"uv": [7.3125, 1, 6.75, 1.0625], "texture": "#0"},
				"up": {"uv": [5.0625, 3.5625, 4.75, 3], "texture": "#0"},
				"down": {"uv": [5.0625, 3.75, 4.75, 4.3125], "texture": "#0"}
			}
		},
		{
			"from": [7.35446, 6.85067, 7.64748],
			"to": [8.64555, 7.18031, 9.54291],
			"rotation": {"angle": 0, "axis": "y", "origin": [8, 7.90751, 8]},
			"faces": {
				"north": {"uv": [7.25, 0.75, 7.5625, 0.8125], "texture": "#0"},
				"east": {"uv": [6.75, 3.75, 7.25, 3.8125], "texture": "#0"},
				"south": {"uv": [1.25, 7.25, 1.5625, 7.3125], "texture": "#0"},
				"west": {"uv": [7.25, 3.75, 6.75, 3.8125], "texture": "#0"},
				"up": {"uv": [1.3125, 5.75, 1, 5.25], "texture": "#0"},
				"down": {"uv": [5.5625, 2.75, 5.25, 3.25], "texture": "#0"}
			}
		},
		{
			"from": [7.35446, 6.52103, 7.31784],
			"to": [8.64555, 6.85067, 9.54291],
			"rotation": {"angle": 0, "axis": "y", "origin": [8, 7.90751, 8]},
			"faces": {
				"north": {"uv": [7.25, 1.25, 7.5625, 1.3125], "texture": "#0"},
				"east": {"uv": [6.75, 1.5, 7.3125, 1.5625], "texture": "#0"},
				"south": {"uv": [1.75, 7.25, 2.0625, 7.3125], "texture": "#0"},
				"west": {"uv": [7.3125, 1.5, 6.75, 1.5625], "texture": "#0"},
				"up": {"uv": [5.0625, 5.0625, 4.75, 4.5], "texture": "#0"},
				"down": {"uv": [5.3125, 0, 5, 0.5625], "texture": "#0"}
			}
		},
		{
			"from": [7.35446, 6.19139, 6.9882],
			"to": [8.64555, 6.52103, 9.21327],
			"rotation": {"angle": 0, "axis": "y", "origin": [8, 7.90751, 8]},
			"faces": {
				"north": {"uv": [2.25, 7.25, 2.5625, 7.3125], "texture": "#0"},
				"east": {"uv": [6.75, 2, 7.3125, 2.0625], "texture": "#0"},
				"south": {"uv": [2.75, 7.25, 3.0625, 7.3125], "texture": "#0"},
				"west": {"uv": [7.3125, 2, 6.75, 2.0625], "texture": "#0"},
				"up": {"uv": [1.8125, 5.5625, 1.5, 5], "texture": "#0"},
				"down": {"uv": [5.3125, 1.5, 5, 2.0625], "texture": "#0"}
			}
		},
		{
			"from": [7.35446, 5.86175, 6.65856],
			"to": [8.64555, 6.19139, 9.21327],
			"rotation": {"angle": 0, "axis": "y", "origin": [8, 7.90751, 8]},
			"faces": {
				"north": {"uv": [7.25, 2.75, 7.5625, 2.8125], "texture": "#0"},
				"east": {"uv": [6.5, 4.25, 7.125, 4.3125], "texture": "#0"},
				"south": {"uv": [7.25, 3, 7.5625, 3.0625], "texture": "#0"},
				"west": {"uv": [7.125, 4.25, 6.5, 4.3125], "texture": "#0"},
				"up": {"uv": [4.5625, 3.625, 4.25, 3], "texture": "#0"},
				"down": {"uv": [3.5625, 4.25, 3.25, 4.875], "texture": "#0"}
			}
		},
		{
			"from": [7.35446, 5.53211, 6.35639],
			"to": [8.64555, 5.86175, 8.9111],
			"rotation": {"angle": 0, "axis": "y", "origin": [8, 7.90751, 8]},
			"faces": {
				"north": {"uv": [3.25, 7.25, 3.5625, 7.3125], "texture": "#0"},
				"east": {"uv": [5.5, 6.5, 6.125, 6.5625], "texture": "#0"},
				"south": {"uv": [3.75, 7.25, 4.0625, 7.3125], "texture": "#0"},
				"west": {"uv": [6.125, 6.5, 5.5, 6.5625], "texture": "#0"},
				"up": {"uv": [4.5625, 4.375, 4.25, 3.75], "texture": "#0"},
				"down": {"uv": [4.8125, 0, 4.5, 0.625], "texture": "#0"}
			}
		},
		{
			"from": [7.35446, 5.20247, 6.02675],
			"to": [8.64555, 5.53211, 8.58146],
			"rotation": {"angle": 0, "axis": "y", "origin": [8, 7.90751, 8]},
			"faces": {
				"north": {"uv": [7.25, 3.75, 7.5625, 3.8125], "texture": "#0"},
				"east": {"uv": [6.25, 6.5, 6.875, 6.5625], "texture": "#0"},
				"south": {"uv": [7.25, 4, 7.5625, 4.0625], "texture": "#0"},
				"west": {"uv": [6.875, 6.5, 6.25, 6.5625], "texture": "#0"},
				"up": {"uv": [4.8125, 2.125, 4.5, 1.5], "texture": "#0"},
				"down": {"uv": [4.5625, 4.5, 4.25, 5.125], "texture": "#0"}
			}
		},
		{
			"from": [7.35446, 4.87283, 6.35639],
			"to": [8.64555, 5.20247, 8.25182],
			"rotation": {"angle": 0, "axis": "y", "origin": [8, 7.90751, 8]},
			"faces": {
				"north": {"uv": [4.25, 7.25, 4.5625, 7.3125], "texture": "#0"},
				"east": {"uv": [4.5, 6.75, 5, 6.8125], "texture": "#0"},
				"south": {"uv": [7.25, 4.25, 7.5625, 4.3125], "texture": "#0"},
				"west": {"uv": [5, 6.75, 4.5, 6.8125], "texture": "#0"},
				"up": {"uv": [5.5625, 3.75, 5.25, 3.25], "texture": "#0"},
				"down": {"uv": [5.5625, 3.75, 5.25, 4.25], "texture": "#0"}
			}
		},
		{
			"from": [7.35446, 4.54319, 6.65856],
			"to": [8.64555, 4.87283, 7.94965],
			"rotation": {"angle": 0, "axis": "y", "origin": [8, 7.90751, 8]},
			"faces": {
				"north": {"uv": [7.25, 4.5, 7.5625, 4.5625], "texture": "#0"},
				"east": {"uv": [4.75, 7.25, 5.0625, 7.3125], "texture": "#0"},
				"south": {"uv": [7.25, 4.75, 7.5625, 4.8125], "texture": "#0"},
				"west": {"uv": [5.0625, 7.25, 4.75, 7.3125], "texture": "#0"},
				"up": {"uv": [0.8125, 6.0625, 0.5, 5.75], "texture": "#0"},
				"down": {"uv": [1.3125, 5.75, 1, 6.0625], "texture": "#0"}
			}
		},
		{
			"from": [7.35446, 4.21355, 6.9882],
			"to": [8.64555, 4.54319, 7.62001],
			"rotation": {"angle": 0, "axis": "y", "origin": [8, 7.90751, 8]},
			"faces": {
				"north": {"uv": [5.25, 7.25, 5.5625, 7.3125], "texture": "#0"},
				"east": {"uv": [7.75, 3.25, 7.9375, 3.3125], "texture": "#0"},
				"south": {"uv": [7.25, 5.25, 7.5625, 5.3125], "texture": "#0"},
				"west": {"uv": [7.9375, 3.25, 7.75, 3.3125], "texture": "#0"},
				"up": {"uv": [1.5625, 6.4375, 1.25, 6.25], "texture": "#0"},
				"down": {"uv": [2.0625, 6.25, 1.75, 6.4375], "texture": "#0"}
			}
		},
		{
			"from": [7.36819, 10.36684, 2.81276],
			"to": [8.63181, 10.69648, 13.38871],
			"rotation": {"angle": 0, "axis": "y", "origin": [8, 7.90751, 8]},
			"faces": {
				"north": {"uv": [7.25, 5.5, 7.5625, 5.5625], "texture": "#0"},
				"east": {"uv": [4.5, 0.75, 7.125, 0.8125], "texture": "#0"},
				"south": {"uv": [5.75, 7.25, 6.0625, 7.3125], "texture": "#0"},
				"west": {"uv": [7.125, 0.75, 4.5, 0.8125], "texture": "#0"},
				"up": {"uv": [1.3125, 2.625, 1, 0], "texture": "#0"},
				"down": {"uv": [1.8125, 0, 1.5, 2.625], "texture": "#0"}
			}
		},
		{
			"from": [7.01108, 8.77358, 5.94434],
			"to": [8.98892, 10.36684, 13.71835],
			"rotation": {"angle": 0, "axis": "y", "origin": [8, 7.90751, 8]},
			"faces": {
				"north": {"uv": [4, 1.5, 4.5, 1.875], "texture": "#0"},
				"east": {"uv": [2.5, 0, 4.4375, 0.375], "texture": "#0"},
				"south": {"uv": [4.25, 2.25, 4.75, 2.625], "texture": "#0"},
				"west": {"uv": [4.4375, 0, 2.5, 0.375], "texture": "#0"},
				"up": {"uv": [0.5, 1.9375, 0, 0], "texture": "#0"},
				"down": {"uv": [1, 0, 0.5, 1.9375], "texture": "#0"}
			}
		},
		{
			"from": [7.01108, 8.4714, 5.94434],
			"to": [8.98892, 8.77357, 10.834],
			"rotation": {"angle": 0, "axis": "y", "origin": [8, 7.90751, 8]},
			"faces": {
				"north": {"uv": [5, 6.75, 5.5, 6.8125], "texture": "#0"},
				"east": {"uv": [5.25, 5.75, 6.5, 5.8125], "texture": "#0"},
				"south": {"uv": [6.75, 5, 7.25, 5.0625], "texture": "#0"},
				"west": {"uv": [6.5, 5.75, 5.25, 5.8125], "texture": "#0"},
				"up": {"uv": [1, 3.25, 0.5, 2], "texture": "#0"},
				"down": {"uv": [3, 1, 2.5, 2.25], "texture": "#0"}
			}
		},
		{
			"from": [7.36819, 10.69648, 2.81276],
			"to": [8.63181, 11.02612, 13.08654],
			"rotation": {"angle": 0, "axis": "y", "origin": [8, 7.90751, 8]},
			"faces": {
				"north": {"uv": [7.25, 5.75, 7.5625, 5.8125], "texture": "#0"},
				"east": {"uv": [4.75, 2.5, 7.3125, 2.5625], "texture": "#0"},
				"south": {"uv": [6.5625, 7.25, 6.25, 7.3125], "texture": "#0"},
				"west": {"uv": [4.75, 2.5, 7.3125, 2.5625], "texture": "#0"},
				"up": {"uv": [0.3125, 4.5625, 0, 2], "texture": "#0"},
				"down": {"uv": [2.3125, 0, 2, 2.5625], "texture": "#0"}
			}
		},
		{
			"from": [7.01108, 8.77358, 2.81276],
			"to": [8.98892, 10.36684, 5.94434],
			"rotation": {"angle": 0, "axis": "y", "origin": [8, 7.90751, 8]},
			"faces": {
				"north": {"uv": [0, 4.75, 0.5, 5.125], "texture": "#0"},
				"east": {"uv": [3, 1, 3.8125, 1.375], "texture": "#0"},
				"south": {"uv": [0.5, 4.75, 1, 5.125], "texture": "#0"},
				"west": {"uv": [3.8125, 1, 3, 1.375], "texture": "#0"},
				"up": {"uv": [1.75, 3.5625, 1.25, 2.75], "texture": "#0"},
				"down": {"uv": [2.25, 2.75, 1.75, 3.5625], "texture": "#0"}
			}
		},
		{
			"from": [7.50554, 10.44925, 0.25805],
			"to": [8.49446, 10.83383, 2.81276],
			"rotation": {"angle": 0, "axis": "y", "origin": [8, 7.90751, 8]},
			"faces": {
				"north": {"uv": [5.5, 6.75, 5.75, 6.875], "texture": "#0"},
				"east": {"uv": [6, 1.5, 6.625, 1.625], "texture": "#0"},
				"south": {"uv": [5.75, 6.75, 6, 6.875], "texture": "#0"},
				"west": {"uv": [6, 1.75, 6.625, 1.875], "texture": "#0"},
				"up": {"uv": [5.5, 4.875, 5.25, 4.25], "texture": "#0"},
				"down": {"uv": [5, 5.25, 4.75, 5.875], "texture": "#0"}
			}
		},
		{
			"from": [7.50554, 10.06467, -0.07159],
			"to": [8.49446, 10.44925, 0.88986],
			"rotation": {"angle": 0, "axis": "y", "origin": [8, 7.90751, 8]},
			"faces": {
				"north": {"uv": [6, 6.75, 6.25, 6.875], "texture": "#0"},
				"east": {"uv": [6.25, 6.75, 6.5, 6.875], "texture": "#0"},
				"south": {"uv": [6.5, 6.75, 6.75, 6.875], "texture": "#0"},
				"west": {"uv": [6.75, 6.75, 7, 6.875], "texture": "#0"},
				"up": {"uv": [2.25, 5.25, 2, 5], "texture": "#0"},
				"down": {"uv": [2.75, 5, 2.5, 5.25], "texture": "#0"}
			}
		},
		{
			"from": [7.50554, 9.07575, -3.25811],
			"to": [8.49446, 10.06467, 2.81276],
			"rotation": {"angle": 0, "axis": "y", "origin": [8, 7.90751, 8]},
			"faces": {
				"north": {"uv": [1.75, 5.75, 2, 6], "texture": "#0"},
				"east": {"uv": [2.75, 2.25, 4.25, 2.5], "texture": "#0"},
				"south": {"uv": [1.75, 6, 2, 6.25], "texture": "#0"},
				"west": {"uv": [4.25, 2.25, 2.75, 2.5], "texture": "#0"},
				"up": {"uv": [2.5, 4.25, 2.25, 2.75], "texture": "#0"},
				"down": {"uv": [3, 2.75, 2.75, 4.25], "texture": "#0"}
			}
		},
		{
			"from": [7.75554, 10.97118, -2.95594],
			"to": [8.24446, 11.27335, -2.65377],
			"rotation": {"angle": 0, "axis": "y", "origin": [8, 7.90751, 8]},
			"faces": {
				"north": {"uv": [1.75, 8, 1.8125, 8.0625], "texture": "#0"},
				"east": {"uv": [1.75, 8, 1.8125, 8.0625], "texture": "#0"},
				"south": {"uv": [1.75, 8, 1.8125, 8.0625], "texture": "#0"},
				"west": {"uv": [1.75, 8, 1.8125, 8.0625], "texture": "#0"},
				"up": {"uv": [1.75, 8, 1.8125, 8.0625], "texture": "#0"},
				"down": {"uv": [1.75, 8, 1.8125, 8.0625], "texture": "#0"}
			}
		},
		{
			"from": [7.75554, 10.36684, -2.95594],
			"to": [8.24446, 10.66901, -1.99449],
			"rotation": {"angle": 0, "axis": "y", "origin": [8, 7.90751, 8]},
			"faces": {
				"north": {"uv": [3.75, 7.5, 4, 7.5625], "texture": "#0"},
				"east": {"uv": [3.75, 7.5, 4, 7.5625], "texture": "#0"},
				"south": {"uv": [3.75, 7.5, 4, 7.5625], "texture": "#0"},
				"west": {"uv": [3.75, 7.5, 4, 7.5625], "texture": "#0"},
				"up": {"uv": [3.75, 7.5, 4, 7.5625], "texture": "#0"},
				"down": {"uv": [3.75, 7.5, 4, 7.5625], "texture": "#0"}
			}
		},
		{
			"from": [7.75554, 10.66901, -2.95594],
			"to": [8.24446, 10.97118, -2.3516],
			"rotation": {"angle": 0, "axis": "y", "origin": [8, 7.90751, 8]},
			"faces": {
				"north": {"uv": [6.25, 7.75, 6.375, 7.8125], "texture": "#0"},
				"east": {"uv": [6.25, 7.75, 6.375, 7.8125], "texture": "#0"},
				"south": {"uv": [6.25, 7.75, 6.375, 7.8125], "texture": "#0"},
				"west": {"uv": [6.25, 7.75, 6.375, 7.8125], "texture": "#0"},
				"up": {"uv": [6.25, 7.75, 6.375, 7.8125], "texture": "#0"},
				"down": {"uv": [6.25, 7.75, 6.375, 7.8125], "texture": "#0"}
			}
		},
		{
			"from": [7.75554, 10.06467, -2.95594],
			"to": [8.24446, 10.36684, -2.65377],
			"rotation": {"angle": 0, "axis": "y", "origin": [8, 7.90751, 8]},
			"faces": {
				"north": {"uv": [2, 8, 2.0625, 8.0625], "texture": "#0"},
				"east": {"uv": [2, 8, 2.0625, 8.0625], "texture": "#0"},
				"south": {"uv": [2, 8, 2.0625, 8.0625], "texture": "#0"},
				"west": {"uv": [2, 8, 2.0625, 8.0625], "texture": "#0"},
				"up": {"uv": [2, 8, 2.0625, 8.0625], "texture": "#0"},
				"down": {"uv": [2, 8, 2.0625, 8.0625], "texture": "#0"}
			}
		},
		{
			"from": [7.75554, 10.06467, -1.99449],
			"to": [8.24446, 10.36684, -1.69232],
			"rotation": {"angle": 0, "axis": "y", "origin": [8, 7.90751, 8]},
			"faces": {
				"north": {"uv": [2.25, 8, 2.3125, 8.0625], "texture": "#0"},
				"east": {"uv": [2.25, 8, 2.3125, 8.0625], "texture": "#0"},
				"south": {"uv": [2.25, 8, 2.3125, 8.0625], "texture": "#0"},
				"west": {"uv": [2.25, 8, 2.3125, 8.0625], "texture": "#0"},
				"up": {"uv": [2.25, 8, 2.3125, 8.0625], "texture": "#0"},
				"down": {"uv": [2.25, 8, 2.3125, 8.0625], "texture": "#0"}
			}
		},
		{
			"from": [8.25, 10.93433, 10.78741],
			"to": [8.625, 11.93433, 12.08741],
			"rotation": {"angle": 0, "axis": "y", "origin": [8, 7.90751, 8]},
			"faces": {
				"north": {"uv": [4.75, 7.5, 4.8125, 7.75], "texture": "#0"},
				"east": {"uv": [6, 2, 6.3125, 2.25], "texture": "#0"},
				"south": {"uv": [5, 7.5, 5.0625, 7.75], "texture": "#0"},
				"west": {"uv": [6.3125, 2, 6, 2.25], "texture": "#0"},
				"up": {"uv": [6.8125, 7.5625, 6.75, 7.25], "texture": "#0"},
				"down": {"uv": [7.3125, 7, 7.25, 7.3125], "texture": "#0"}
			}
		},
		{
			"from": [7.375, 10.93433, 10.78741],
			"to": [7.75, 11.93433, 12.08741],
			"rotation": {"angle": 0, "axis": "y", "origin": [8, 7.90751, 8]},
			"faces": {
				"north": {"uv": [5.25, 7.5, 5.3125, 7.75], "texture": "#0"},
				"east": {"uv": [6, 2, 6.3125, 2.25], "texture": "#0"},
				"south": {"uv": [5.5, 7.5, 5.5625, 7.75], "texture": "#0"},
				"west": {"uv": [6.3125, 2, 6, 2.25], "texture": "#0"},
				"up": {"uv": [7.5625, 0.3125, 7.5, 0], "texture": "#0"},
				"down": {"uv": [0.3125, 7.5, 0.25, 7.8125], "texture": "#0"}
			}
		},
		{
			"from": [7.4, 11.26164, 5.8035],
			"to": [8.6, 11.61164, 6.45782],
			"rotation": {"angle": 0, "axis": "y", "origin": [8, 7.90751, 8]},
			"faces": {
				"north": {"uv": [7.25, 6.25, 7.5625, 6.3125], "texture": "#0"},
				"east": {"uv": [7.75, 3.5, 7.9375, 3.5625], "texture": "#0"},
				"south": {"uv": [7.25, 6.25, 7.5625, 6.3125], "texture": "#0"},
				"west": {"uv": [3.75, 7.75, 3.9375, 7.8125], "texture": "#0"},
				"up": {"uv": [2.5625, 6.4375, 2.25, 6.25], "texture": "#0"},
				"down": {"uv": [3.0625, 6.25, 2.75, 6.4375], "texture": "#0"}
			}
		},
		{
			"from": [7.4, 11.26164, 6.8035],
			"to": [8.6, 11.61164, 7.45782],
			"rotation": {"angle": 0, "axis": "y", "origin": [8, 7.90751, 8]},
			"faces": {
				"north": {"uv": [7.5, 0.5, 7.8125, 0.5625], "texture": "#0"},
				"east": {"uv": [7.75, 3.75, 7.9375, 3.8125], "texture": "#0"},
				"south": {"uv": [7.25, 6.25, 7.5625, 6.3125], "texture": "#0"},
				"west": {"uv": [4, 7.75, 4.1875, 7.8125], "texture": "#0"},
				"up": {"uv": [2.5625, 6.4375, 2.25, 6.25], "texture": "#0"},
				"down": {"uv": [6.5625, 3.25, 6.25, 3.4375], "texture": "#0"}
			}
		},
		{
			"from": [7.4, 11.26164, 7.8035],
			"to": [8.6, 11.61164, 8.45782],
			"rotation": {"angle": 0, "axis": "y", "origin": [8, 7.90751, 8]},
			"faces": {
				"north": {"uv": [7.25, 6.25, 7.5625, 6.3125], "texture": "#0"},
				"east": {"uv": [7.75, 4, 7.9375, 4.0625], "texture": "#0"},
				"south": {"uv": [7.25, 6.25, 7.5625, 6.3125], "texture": "#0"},
				"west": {"uv": [4.25, 7.75, 4.4375, 7.8125], "texture": "#0"},
				"up": {"uv": [2.5625, 6.4375, 2.25, 6.25], "texture": "#0"},
				"down": {"uv": [4.0625, 6.25, 3.75, 6.4375], "texture": "#0"}
			}
		},
		{
			"from": [7.4, 11.26164, 8.8035],
			"to": [8.6, 11.61164, 9.45782],
			"rotation": {"angle": 0, "axis": "y", "origin": [8, 7.90751, 8]},
			"faces": {
				"north": {"uv": [7.25, 6.25, 7.5625, 6.3125], "texture": "#0"},
				"east": {"uv": [7.75, 4.25, 7.9375, 4.3125], "texture": "#0"},
				"south": {"uv": [7.25, 6.25, 7.5625, 6.3125], "texture": "#0"},
				"west": {"uv": [4.5, 7.75, 4.6875, 7.8125], "texture": "#0"},
				"up": {"uv": [2.5625, 6.4375, 2.25, 6.25], "texture": "#0"},
				"down": {"uv": [6.5625, 4, 6.25, 4.1875], "texture": "#0"}
			}
		},
		{
			"from": [7.4, 11.26164, 9.8035],
			"to": [8.6, 11.61164, 10.45782],
			"rotation": {"angle": 0, "axis": "y", "origin": [8, 7.90751, 8]},
			"faces": {
				"north": {"uv": [7.25, 6.25, 7.5625, 6.3125], "texture": "#0"},
				"east": {"uv": [7.75, 4.5, 7.9375, 4.5625], "texture": "#0"},
				"south": {"uv": [7.25, 6.25, 7.5625, 6.3125], "texture": "#0"},
				"west": {"uv": [4.75, 7.75, 4.9375, 7.8125], "texture": "#0"},
				"up": {"uv": [2.5625, 6.4375, 2.25, 6.25], "texture": "#0"},
				"down": {"uv": [5.0625, 6.25, 4.75, 6.4375], "texture": "#0"}
			}
		},
		{
			"from": [7.4, 11.26164, 10.8035],
			"to": [8.6, 11.61164, 11.45782],
			"rotation": {"angle": 0, "axis": "y", "origin": [8, 7.90751, 8]},
			"faces": {
				"north": {"uv": [7.25, 6.25, 7.5625, 6.3125], "texture": "#0"},
				"east": {"uv": [7.75, 4.75, 7.9375, 4.8125], "texture": "#0"},
				"south": {"uv": [7.25, 6.25, 7.5625, 6.3125], "texture": "#0"},
				"west": {"uv": [5, 7.75, 5.1875, 7.8125], "texture": "#0"},
				"up": {"uv": [2.5625, 6.4375, 2.25, 6.25], "texture": "#0"},
				"down": {"uv": [6.5625, 5, 6.25, 5.1875], "texture": "#0"}
			}
		},
		{
			"from": [7.5, 10.91164, 5.2035],
			"to": [8.5, 11.26164, 12.05782],
			"rotation": {"angle": 0, "axis": "y", "origin": [8, 7.90751, 8]},
			"faces": {
				"north": {"uv": [5.75, 7.5, 6, 7.5625], "texture": "#0"},
				"east": {"uv": [5.5, 5.25, 7.1875, 5.3125], "texture": "#0"},
				"south": {"uv": [6, 7.5, 6.25, 7.5625], "texture": "#0"},
				"west": {"uv": [5.5, 5.25, 7.1875, 5.3125], "texture": "#0"},
				"up": {"uv": [2.75, 3.9375, 2.5, 2.25], "texture": "#0"},
				"down": {"uv": [1.25, 2.75, 1, 4.4375], "texture": "#0"}
			}
		},
		{
			"from": [7.454, 6.30983, 18.43735],
			"to": [8.546, 6.49883, 19.17235],
			"rotation": {"angle": 0, "axis": "y", "origin": [8, 7.90751, 8]},
			"faces": {
				"north": {"uv": [7.5, 6, 7.75, 6.0625], "texture": "#0"},
				"east": {"uv": [7.75, 5, 7.9375, 5.0625], "texture": "#0"},
				"south": {"uv": [6.25, 7.5, 6.5, 7.5625], "texture": "#0"},
				"west": {"uv": [7.9375, 5, 7.75, 5.0625], "texture": "#0"},
				"up": {"uv": [2.25, 6.6875, 2, 6.5], "texture": "#0"},
				"down": {"uv": [6.75, 2, 6.5, 2.1875], "texture": "#0"}
			}
		},
		{
			"from": [7.454, 6.49883, 18.29035],
			"to": [8.546, 6.68783, 19.31935],
			"rotation": {"angle": 0, "axis": "y", "origin": [8, 7.90751, 8]},
			"faces": {
				"north": {"uv": [6.5, 7.5, 6.75, 7.5625], "texture": "#0"},
				"east": {"uv": [7.5, 6.5, 7.75, 6.5625], "texture": "#0"},
				"south": {"uv": [7.5, 6.75, 7.75, 6.8125], "texture": "#0"},
				"west": {"uv": [7.75, 6.5, 7.5, 6.5625], "texture": "#0"},
				"up": {"uv": [6.5, 0.25, 6.25, 0], "texture": "#0"},
				"down": {"uv": [6.5, 0.25, 6.25, 0.5], "texture": "#0"}
			}
		},
		{
			"from": [7.454, 6.68783, 17.97535],
			"to": [8.546, 6.87683, 19.46635],
			"rotation": {"angle": 0, "axis": "y", "origin": [8, 7.90751, 8]},
			"faces": {
				"north": {"uv": [7.5, 7, 7.75, 7.0625], "texture": "#0"},
				"east": {"uv": [2.5, 7, 2.875, 7.0625], "texture": "#0"},
				"south": {"uv": [7.25, 7.5, 7.5, 7.5625], "texture": "#0"},
				"west": {"uv": [2.875, 7, 2.5, 7.0625], "texture": "#0"},
				"up": {"uv": [6, 1.625, 5.75, 1.25], "texture": "#0"},
				"down": {"uv": [1.75, 5.75, 1.5, 6.125], "texture": "#0"}
			}
		},
		{
			"from": [7.454, 6.87683, 17.61835],
			"to": [8.546, 7.06583, 19.46635],
			"rotation": {"angle": 0, "axis": "y", "origin": [8, 7.90751, 8]},
			"faces": {
				"north": {"uv": [7.5, 7.25, 7.75, 7.3125], "texture": "#0"},
				"east": {"uv": [0.5, 7, 0.9375, 7.0625], "texture": "#0"},
				"south": {"uv": [7.5, 7.5, 7.75, 7.5625], "texture": "#0"},
				"west": {"uv": [0.9375, 7, 0.5, 7.0625], "texture": "#0"},
				"up": {"uv": [4.75, 5.9375, 4.5, 5.5], "texture": "#0"},
				"down": {"uv": [5.75, 4.75, 5.5, 5.1875], "texture": "#0"}
			}
		},
		{
			"from": [7.454, 7.06583, 17.42935],
			"to": [8.546, 7.25483, 19.65535],
			"rotation": {"angle": 0, "axis": "y", "origin": [8, 7.90751, 8]},
			"faces": {
				"north": {"uv": [0, 7.75, 0.25, 7.8125], "texture": "#0"},
				"east": {"uv": [3, 6.75, 3.5625, 6.8125], "texture": "#0"},
				"south": {"uv": [7.75, 0, 8, 0.0625], "texture": "#0"},
				"west": {"uv": [3.5625, 6.75, 3, 6.8125], "texture": "#0"},
				"up": {"uv": [5.75, 0.5625, 5.5, 0], "texture": "#0"},
				"down": {"uv": [5.75, 1, 5.5, 1.5625], "texture": "#0"}
			}
		},
		{
			"from": [7.454, 7.25483, 17.15635],
			"to": [8.546, 7.44383, 19.65535],
			"rotation": {"angle": 0, "axis": "y", "origin": [8, 7.90751, 8]},
			"faces": {
				"north": {"uv": [7.75, 0.25, 8, 0.3125], "texture": "#0"},
				"east": {"uv": [6.75, 0.5, 7.375, 0.5625], "texture": "#0"},
				"south": {"uv": [0.5, 7.75, 0.75, 7.8125], "texture": "#0"},
				"west": {"uv": [7.375, 0.5, 6.75, 0.5625], "texture": "#0"},
				"up": {"uv": [5.25, 5.875, 5, 5.25], "texture": "#0"},
				"down": {"uv": [5.5, 5, 5.25, 5.625], "texture": "#0"}
			}
		},
		{
			"from": [7.454, 7.44383, 16.94635],
			"to": [8.546, 7.63283, 19.80235],
			"rotation": {"angle": 0, "axis": "y", "origin": [8, 7.90751, 8]},
			"faces": {
				"north": {"uv": [0.75, 7.75, 1, 7.8125], "texture": "#0"},
				"east": {"uv": [3.25, 6.5, 3.9375, 6.5625], "texture": "#0"},
				"south": {"uv": [7.75, 0.75, 8, 0.8125], "texture": "#0"},
				"west": {"uv": [3.9375, 6.5, 3.25, 6.5625], "texture": "#0"},
				"up": {"uv": [4, 4.9375, 3.75, 4.25], "texture": "#0"},
				"down": {"uv": [1.25, 4.5, 1, 5.1875], "texture": "#0"}
			}
		},
		{
			"from": [7.454, 7.86384, 16.14835],
			"to": [8.546, 8.17884, 19.99135],
			"rotation": {"angle": 0, "axis": "y", "origin": [8, 7.90751, 8]},
			"faces": {
				"north": {"uv": [1, 7.75, 1.25, 7.8125], "texture": "#0"},
				"east": {"uv": [5.25, 6.25, 6.1875, 6.3125], "texture": "#0"},
				"south": {"uv": [1.25, 7.75, 1.5, 7.8125], "texture": "#0"},
				"west": {"uv": [6.1875, 6.25, 5.25, 6.3125], "texture": "#0"},
				"up": {"uv": [2.75, 4.9375, 2.5, 4], "texture": "#0"},
				"down": {"uv": [4.25, 3, 4, 3.9375], "texture": "#0"}
			}
		},
		{
			"from": [7.454, 7.63283, 16.61035],
			"to": [8.546, 7.86383, 19.80235],
			"rotation": {"angle": 0, "axis": "y", "origin": [8, 7.90751, 8]},
			"faces": {
				"north": {"uv": [7.75, 1.25, 8, 1.3125], "texture": "#0"},
				"east": {"uv": [6.5, 0.25, 7.3125, 0.3125], "texture": "#0"},
				"south": {"uv": [1.5, 7.75, 1.75, 7.8125], "texture": "#0"},
				"west": {"uv": [7.3125, 0.25, 6.5, 0.3125], "texture": "#0"},
				"up": {"uv": [3, 5.0625, 2.75, 4.25], "texture": "#0"},
				"down": {"uv": [3.25, 4.25, 3, 5.0625], "texture": "#0"}
			}
		},
		{
			"from": [7.454, 8.17884, 15.93835],
			"to": [8.546, 8.49384, 20.13835],
			"rotation": {"angle": 0, "axis": "y", "origin": [8, 7.90751, 8]},
			"faces": {
				"north": {"uv": [1.75, 7.75, 2, 7.8125], "texture": "#0"},
				"east": {"uv": [5.75, 6, 6.8125, 6.0625], "texture": "#0"},
				"south": {"uv": [2, 7.75, 2.25, 7.8125], "texture": "#0"},
				"west": {"uv": [6.8125, 6, 5.75, 6.0625], "texture": "#0"},
				"up": {"uv": [2.25, 4.8125, 2, 3.75], "texture": "#0"},
				"down": {"uv": [4, 3, 3.75, 4.0625], "texture": "#0"}
			}
		},
		{
			"from": [7.454, 8.49384, 14.57335],
			"to": [8.546, 9.33384, 20.13835],
			"rotation": {"angle": 0, "axis": "y", "origin": [8, 7.90751, 8]},
			"faces": {
				"north": {"uv": [2.25, 6.5, 2.5, 6.6875], "texture": "#0"},
				"east": {"uv": [4, 1, 5.375, 1.1875], "texture": "#0"},
				"south": {"uv": [2.5, 6.5, 2.75, 6.6875], "texture": "#0"},
				"west": {"uv": [5.375, 1, 4, 1.1875], "texture": "#0"},
				"up": {"uv": [1, 4.625, 0.75, 3.25], "texture": "#0"},
				"down": {"uv": [3.5, 2.75, 3.25, 4.125], "texture": "#0"}
			}
		},
		{
			"from": [7.452, 8.83384, 13.70835],
			"to": [8.548, 9.52684, 19.67335],
			"rotation": {"angle": 0, "axis": "y", "origin": [8, 7.90751, 8]},
			"faces": {
				"north": {"uv": [2.75, 6.5, 3, 6.6875], "texture": "#0"},
				"east": {"uv": [3, 2, 4.5, 2.1875], "texture": "#0"},
				"south": {"uv": [3, 6.5, 3.25, 6.6875], "texture": "#0"},
				"west": {"uv": [4.5, 2, 3, 2.1875], "texture": "#0"},
				"up": {"uv": [3.25, 4.25, 3, 2.75], "texture": "#0"},
				"down": {"uv": [0.75, 3.25, 0.5, 4.75], "texture": "#0"}
			}
		},
		{
			"from": [7.452, 9.73684, 13.71835],
			"to": [8.548, 9.94684, 18.12235],
			"rotation": {"angle": 0, "axis": "y", "origin": [8, 7.90751, 8]},
			"faces": {
				"north": {"uv": [2.25, 7.75, 2.5, 7.8125], "texture": "#0"},
				"east": {"uv": [4.5, 6, 5.625, 6.0625], "texture": "#0"},
				"south": {"uv": [2.5, 7.75, 2.75, 7.8125], "texture": "#0"},
				"west": {"uv": [5.625, 6, 4.5, 6.0625], "texture": "#0"},
				"up": {"uv": [1.75, 4.875, 1.5, 3.75], "texture": "#0"},
				"down": {"uv": [2, 3.75, 1.75, 4.875], "texture": "#0"}
			}
		},
		{
			"from": [7.452, 9.94684, 13.71835],
			"to": [8.548, 10.15684, 17.09335],
			"rotation": {"angle": 0, "axis": "y", "origin": [8, 7.90751, 8]},
			"faces": {
				"north": {"uv": [7.75, 2.5, 8, 2.5625], "texture": "#0"},
				"east": {"uv": [0, 6.5, 0.875, 6.5625], "texture": "#0"},
				"south": {"uv": [2.75, 7.75, 3, 7.8125], "texture": "#0"},
				"west": {"uv": [0.875, 6.5, 0, 6.5625], "texture": "#0"},
				"up": {"uv": [4.25, 4.875, 4, 4], "texture": "#0"},
				"down": {"uv": [2.5, 4.25, 2.25, 5.125], "texture": "#0"}
			}
		},
		{
			"from": [7.452, 10.15684, 13.71835],
			"to": [8.548, 10.36684, 16.06435],
			"rotation": {"angle": 0, "axis": "y", "origin": [8, 7.90751, 8]},
			"faces": {
				"north": {"uv": [7.75, 2.75, 8, 2.8125], "texture": "#0"},
				"east": {"uv": [6.75, 3.5, 7.3125, 3.5625], "texture": "#0"},
				"south": {"uv": [3, 7.75, 3.25, 7.8125], "texture": "#0"},
				"west": {"uv": [7.3125, 3.5, 6.75, 3.5625], "texture": "#0"},
				"up": {"uv": [2.25, 6.0625, 2, 5.5], "texture": "#0"},
				"down": {"uv": [2.5, 5.5, 2.25, 6.0625], "texture": "#0"}
			}
		},
		{
			"from": [7.452, 9.52684, 13.71335],
			"to": [8.548, 9.73684, 19.13035],
			"rotation": {"angle": 0, "axis": "y", "origin": [8, 7.90751, 8]},
			"faces": {
				"north": {"uv": [7.75, 3, 8, 3.0625], "texture": "#0"},
				"east": {"uv": [5.75, 2.75, 7.125, 2.8125], "texture": "#0"},
				"south": {"uv": [3.25, 7.75, 3.5, 7.8125], "texture": "#0"},
				"west": {"uv": [7.125, 2.75, 5.75, 2.8125], "texture": "#0"},
				"up": {"uv": [3.75, 4.125, 3.5, 2.75], "texture": "#0"},
				"down": {"uv": [1.5, 3.75, 1.25, 5.125], "texture": "#0"}
			}
		}
	],
	"display": {
		"thirdperson_righthand": {
			"rotation": [67.5, 0, 0],
			"translation": [-1.5, 3.75, 0.25]
		},
		"thirdperson_lefthand": {
			"rotation": [67.5, 0, 0],
			"translation": [-1.5, 3.75, 0.25]
		},
		"firstperson_righthand": {
			"translation": [-2.25, -1.5, -6.5],
			"scale": [2, 2, 2]
		},
		"firstperson_lefthand": {
			"translation": [-2.25, -1.5, -6.5],
			"scale": [2, 2, 2]
		},
		"ground": {
			"translation": [0, 0.25, 0]
		},
		"gui": {
			"rotation": [163.34, -47.42, -178.07],
			"translation": [0.25, 0, 0],
			"scale": [0.85, 0.85, 0.85]
		},
		"fixed": {
			"rotation": [0, 90, 0],
			"translation": [-1.75, -0.5, 0.75],
			"scale": [2, 2, 2]
		}
	},
	"groups": [
		{
			"name": "mk",
			"origin": [8.63868, 0, 0.87491],
			"color": 0,
			"children": [
				{
					"name": "handle",
					"origin": [8.64555, 0, 0.87491],
					"color": 0,
					"children": [
						{
							"name": "grip",
							"origin": [8.22055, 5.61211, 5.63991],
							"color": 0,
							"children": [0, 1, 2, 3, 4]
						},
						{
							"name": "trigger",
							"origin": [8.22055, 1.84461, 0.76991],
							"color": 0,
							"children": [5, 6]
						},
						{
							"name": "trigger_guard",
							"origin": [8.22055, 1.56961, 0.76991],
							"color": 0,
							"children": [7, 8]
						}
					]
				},
				{
					"name": "mag",
					"origin": [8.20681, -2.88039, 2.21991],
					"color": 0,
					"children": [9, 10, 11, 12, 13, 14, 15, 16, 17, 18, 19]
				},
				{
					"name": "body",
					"origin": [8.22055, 0.96961, 2.21991],
					"color": 0,
					"children": [20, 21, 22, 23, 24]
				},
				{
					"name": "barrel",
					"origin": [8.22055, 2.41961, -4.20509],
					"color": 0,
					"children": [25, 26, 27]
				},
				{
					"name": "front_sight",
					"origin": [8.22055, 3.31961, -7.10509],
					"color": 1,
					"children": [28, 29, 30, 31, 32]
				},
				{
					"name": "iron_sight",
					"origin": [8, 10.39058, 7.93741],
					"color": 0,
					"children": [33, 34]
				},
				{
					"name": "rail",
					"origin": [7.11545, 6.92589, 2.73066],
					"color": 0,
					"children": [35, 36, 37, 38, 39, 40, 41]
				},
				{
					"name": "stock",
					"origin": [8.27795, 8.15942, 12.73741],
					"color": 0,
					"children": [
						{
							"name": "inner_part",
							"origin": [7.72795, 11.075, 11.79991],
							"color": 0,
							"children": [42, 43, 44, 45, 46, 47, 48, 49, 50, 51, 52]
						},
						{
							"name": "outer_cover",
							"origin": [7.72795, 12.9, 11.79991],
							"color": 0,
							"children": [53, 54, 55, 56, 57]
						}
					]
				}
			]
		}
	]
}