{
	"credit": "Made with Blockbench",
	"texture_size": [4, 4],
	"textures": {
		"1": "aoa3:item/moon_shiner",
		"2": "aoa3:item/moon_energy"
	},
	"elements": [
		{
			"from": [7.6, 4.76875, 10.2875],
			"to": [8.4, 4.96875, 11.4875],
			"rotation": {"angle": 0, "axis": "y", "origin": [8, 8, 8]},
			"faces": {
				"north": {"uv": [12, 3, 12.375, 3.125], "texture": "#1"},
				"east": {"uv": [12.125, 2.5, 11.5, 2.625], "texture": "#1"},
				"south": {"uv": [3.5, 12, 3.875, 12.125], "texture": "#1"},
				"west": {"uv": [11.5, 2.5, 12.125, 2.625], "texture": "#1"},
				"up": {"uv": [6.375, 10.125, 6, 9.5], "texture": "#1"},
				"down": {"uv": [6.875, 9.5, 6.5, 10.125], "texture": "#1"}
			}
		},
		{
			"from": [7.4, 4.96875, 10.0875],
			"to": [8.6, 6.06875, 11.6875],
			"rotation": {"angle": 0, "axis": "y", "origin": [8, 8, 8]},
			"faces": {
				"north": {"uv": [3, 8.5, 3.625, 9], "texture": "#1"},
				"east": {"uv": [8.75, 3.5, 8, 4], "texture": "#1"},
				"south": {"uv": [3, 8.5, 3.625, 9], "texture": "#1"},
				"west": {"uv": [8, 3.5, 8.75, 4], "texture": "#1"},
				"up": {"uv": [3.125, 8.25, 2.5, 7.5], "texture": "#1"},
				"down": {"uv": [6.875, 9.5, 6.5, 10.125], "texture": "#1"}
			}
		},
		{
			"from": [7.4, 6.06875, 9.7875],
			"to": [8.6, 6.86875, 11.6875],
			"rotation": {"angle": 0, "axis": "y", "origin": [8, 8, 8]},
			"faces": {
				"north": {"uv": [5, 9.5, 5.625, 9.875], "texture": "#1"},
				"east": {"uv": [1, 8, 0, 8.375], "texture": "#1"},
				"south": {"uv": [5, 9.5, 5.625, 9.875], "texture": "#1"},
				"west": {"uv": [0, 8, 1, 8.375], "texture": "#1"},
				"up": {"uv": [7.125, 7, 6.5, 6], "texture": "#1"},
				"down": {"uv": [0.625, 7, 0, 8], "texture": "#1"}
			}
		},
		{
			"from": [7.4, 6.86875, 9.4875],
			"to": [8.6, 7.56875, 11.0875],
			"rotation": {"angle": 0, "axis": "y", "origin": [8, 8, 8]},
			"faces": {
				"north": {"uv": [5, 9, 5.625, 8.5], "texture": "#1"},
				"east": {"uv": [3.75, 9, 3, 9.375], "texture": "#1"},
				"south": {"uv": [3, 9.5, 3.625, 9.875], "texture": "#1"},
				"west": {"uv": [3, 9, 3.75, 9.375], "texture": "#1"},
				"up": {"uv": [2.125, 8.25, 1.5, 7.5], "texture": "#1"},
				"down": {"uv": [8.125, 1.5, 7.5, 2.25], "texture": "#1"}
			}
		},
		{
			"from": [7.4, 7.16875, 11.0875],
			"to": [8.6, 7.46875, 11.2875],
			"rotation": {"angle": 0, "axis": "y", "origin": [8, 8, 8]},
			"faces": {
				"north": {"uv": [4.5, 11.5, 5.125, 11.625], "texture": "#1"},
				"east": {"uv": [12.125, 10, 12, 10.125], "texture": "#1"},
				"south": {"uv": [11.5, 4.5, 12.125, 4.625], "texture": "#1"},
				"west": {"uv": [12, 10, 12.125, 10.125], "texture": "#1"},
				"up": {"uv": [12.125, 5.125, 11.5, 5], "texture": "#1"},
				"down": {"uv": [6.125, 11.5, 5.5, 11.625], "texture": "#1"}
			}
		},
		{
			"from": [7.4, 6.86875, 11.0875],
			"to": [8.6, 7.16875, 11.4875],
			"rotation": {"angle": 0, "axis": "y", "origin": [8, 8, 8]},
			"faces": {
				"north": {"uv": [3.5, 11.5, 4.125, 11.625], "texture": "#1"},
				"east": {"uv": [6.25, 12, 6, 12.125], "texture": "#1"},
				"south": {"uv": [11.5, 4, 12.125, 4.125], "texture": "#1"},
				"west": {"uv": [6, 12, 6.25, 12.125], "texture": "#1"},
				"up": {"uv": [10.625, 7.75, 10, 7.5], "texture": "#1"},
				"down": {"uv": [8.625, 10, 8, 10.25], "texture": "#1"}
			}
		},
		{
			"from": [7.4, 5.26875, 11.6875],
			"to": [8.6, 6.26875, 11.8875],
			"rotation": {"angle": 0, "axis": "y", "origin": [8, 8, 8]},
			"faces": {
				"north": {"uv": [4, 8.5, 4.625, 9], "texture": "#1"},
				"east": {"uv": [11.125, 11.5, 11, 12], "texture": "#1"},
				"south": {"uv": [5, 8.5, 5.625, 9], "texture": "#1"},
				"west": {"uv": [11, 11.5, 11.125, 12], "texture": "#1"},
				"up": {"uv": [12.125, 0.625, 11.5, 0.5], "texture": "#1"},
				"down": {"uv": [2.125, 11.5, 1.5, 11.625], "texture": "#1"}
			}
		},
		{
			"from": [7.4, 7.56875, 9.4875],
			"to": [8.6, 7.71875, 10.9875],
			"rotation": {"angle": 0, "axis": "y", "origin": [8, 8, 8]},
			"faces": {
				"north": {"uv": [2, 10.5, 3.125, 10.625], "texture": "#1"},
				"east": {"uv": [11.75, 1, 11, 1.125], "texture": "#1"},
				"south": {"uv": [2, 10.5, 3.125, 10.625], "texture": "#1"},
				"west": {"uv": [11, 1, 11.75, 1.125], "texture": "#1"},
				"up": {"uv": [6.625, 5.75, 5.5, 5], "texture": "#1"},
				"down": {"uv": [1.125, 6, 0, 6.75], "texture": "#1"}
			}
		},
		{
			"from": [7.9, 7.19375, 9.1625],
			"to": [8.1, 7.71875, 9.5375],
			"rotation": {"angle": 0, "axis": "y", "origin": [8, 8, 8]},
			"faces": {
				"north": {"uv": [12, 6.5, 12.25, 6.625], "texture": "#1"},
				"east": {"uv": [12, 6.5, 12.25, 6.625], "texture": "#1"},
				"south": {"uv": [12, 6.5, 12.25, 6.625], "texture": "#1"},
				"west": {"uv": [12, 6.5, 12.25, 6.625], "texture": "#1"},
				"up": {"uv": [12, 6.5, 12.25, 6.625], "texture": "#1"},
				"down": {"uv": [12, 6.5, 12.25, 6.625], "texture": "#1"}
			}
		},
		{
			"from": [7.9, 6.61875, 8.1125],
			"to": [8.1, 7.01875, 9.4875],
			"rotation": {"angle": 0, "axis": "y", "origin": [8, 8, 8]},
			"faces": {
				"north": {"uv": [9.5, 12, 9.625, 12.25], "texture": "#1"},
				"east": {"uv": [10.75, 7, 10, 7.25], "texture": "#1"},
				"south": {"uv": [12, 9.5, 12.125, 9.75], "texture": "#1"},
				"west": {"uv": [10, 7, 10.75, 7.25], "texture": "#1"},
				"up": {"uv": [1.125, 11.5, 1, 12.25], "texture": "#1"},
				"down": {"uv": [1.125, 11.5, 1, 12.25], "texture": "#1"}
			}
		},
		{
			"from": [7.2, 5.94375, 5.9375],
			"to": [8.8, 6.29375, 7.3875],
			"rotation": {"angle": 0, "axis": "y", "origin": [8, 8, 8]},
			"faces": {
				"north": {"uv": [9, 11, 9.75, 11.125], "texture": "#1"},
				"east": {"uv": [11.75, 9.5, 11, 9.625], "texture": "#1"},
				"south": {"uv": [9, 11, 9.75, 11.125], "texture": "#1"},
				"west": {"uv": [11, 9.5, 11.75, 9.625], "texture": "#1"},
				"up": {"uv": [7.75, 3.75, 7, 3], "texture": "#1"},
				"down": {"uv": [7.75, 4, 7, 4.75], "texture": "#1"}
			}
		},
		{
			"from": [7.2, 6.29375, 5.8375],
			"to": [8.8, 6.64375, 7.7625],
			"rotation": {"angle": 0, "axis": "y", "origin": [8, 8, 8]},
			"faces": {
				"north": {"uv": [11, 7.5, 11.75, 7.625], "texture": "#1"},
				"east": {"uv": [7.5, 10.5, 6.5, 10.625], "texture": "#1"},
				"south": {"uv": [11, 7.5, 11.75, 7.625], "texture": "#1"},
				"west": {"uv": [6.5, 10.5, 7.5, 10.625], "texture": "#1"},
				"up": {"uv": [6.75, 4.5, 6, 3.5], "texture": "#1"},
				"down": {"uv": [5.25, 6, 4.5, 7], "texture": "#1"}
			}
		},
		{
			"from": [7.2, 7.36875, 6.6625],
			"to": [8.8, 7.74375, 7.3875],
			"rotation": {"angle": 0, "axis": "y", "origin": [8, 8, 8]},
			"faces": {
				"north": {"uv": [11, 6.5, 11.75, 6.625], "texture": "#1"},
				"east": {"uv": [4.375, 12, 4, 12.125], "texture": "#1"},
				"south": {"uv": [7, 11, 7.75, 11.125], "texture": "#1"},
				"west": {"uv": [4, 12, 4.375, 12.125], "texture": "#1"},
				"up": {"uv": [6.25, 9.375, 5.5, 9], "texture": "#1"},
				"down": {"uv": [9.75, 5.5, 9, 5.875], "texture": "#1"}
			}
		},
		{
			"from": [7.2, 6.64375, 5.8375],
			"to": [8.8, 7.36875, 8.1125],
			"rotation": {"angle": 0, "axis": "y", "origin": [8, 8, 8]},
			"faces": {
				"north": {"uv": [9, 5, 9.75, 5.375], "texture": "#1"},
				"east": {"uv": [8.625, 7, 7.5, 7.375], "texture": "#1"},
				"south": {"uv": [9, 5, 9.75, 5.375], "texture": "#1"},
				"west": {"uv": [7.5, 7, 8.625, 7.375], "texture": "#1"},
				"up": {"uv": [2.25, 7.125, 1.5, 6], "texture": "#1"},
				"down": {"uv": [6.75, 2, 6, 3.125], "texture": "#1"}
			}
		},
		{
			"from": [7.2, 7.36875, 7.3875],
			"to": [8.8, 8.44375, 8.4625],
			"rotation": {"angle": 0, "axis": "y", "origin": [8, 8, 8]},
			"faces": {
				"north": {"uv": [7.5, 8, 8.25, 8.5], "texture": "#1"},
				"east": {"uv": [10, 1, 9.5, 1.5], "texture": "#1"},
				"south": {"uv": [0, 8.5, 0.75, 9], "texture": "#1"},
				"west": {"uv": [9.5, 1, 10, 1.5], "texture": "#1"},
				"up": {"uv": [9.25, 0.5, 8.5, 0], "texture": "#1"},
				"down": {"uv": [9.25, 0.5, 8.5, 1], "texture": "#1"}
			}
		},
		{
			"from": [6.9, 7.71875, 8.4625],
			"to": [9.1, 8.09375, 11.3375],
			"rotation": {"angle": 0, "axis": "y", "origin": [8, 8, 8]},
			"faces": {
				"north": {"uv": [10.5, 2, 11.625, 2.125], "texture": "#1"},
				"east": {"uv": [4.5, 10, 3, 10.125], "texture": "#1"},
				"south": {"uv": [10.5, 3, 11.625, 3.125], "texture": "#1"},
				"west": {"uv": [3, 10, 4.5, 10.125], "texture": "#1"},
				"up": {"uv": [1.125, 3.5, 0, 2], "texture": "#1"},
				"down": {"uv": [2.625, 2, 1.5, 3.5], "texture": "#1"}
			}
		},
		{
			"from": [6.9, 8.09375, 8.0875],
			"to": [9.1, 9.89375, 11.6875],
			"rotation": {"angle": 0, "axis": "y", "origin": [8, 8, 8]},
			"faces": {
				"north": {"uv": [4.5, 2, 5.625, 2.875], "texture": "#1"},
				"east": {"uv": [4.75, 1, 3, 1.875], "texture": "#1"},
				"south": {"uv": [4.5, 3, 5.625, 3.875], "texture": "#1"},
				"west": {"uv": [3, 1, 4.75, 1.875], "texture": "#1"},
				"up": {"uv": [1.125, 1.75, 0, 0], "texture": "#1"},
				"down": {"uv": [2.625, 0, 1.5, 1.75], "texture": "#1"}
			}
		},
		{
			"from": [6.9, 9.89375, 9.5375],
			"to": [9.1, 10.24375, 11.3625],
			"rotation": {"angle": 0, "axis": "y", "origin": [8, 8, 8]},
			"faces": {
				"north": {"uv": [3.5, 10.5, 4.625, 10.625], "texture": "#1"},
				"east": {"uv": [11.375, 9, 10.5, 9.125], "texture": "#1"},
				"south": {"uv": [3.5, 10.5, 4.625, 10.625], "texture": "#1"},
				"west": {"uv": [10.5, 9, 11.375, 9.125], "texture": "#1"},
				"up": {"uv": [5.625, 4.875, 4.5, 4], "texture": "#1"},
				"down": {"uv": [1.125, 5, 0, 5.875], "texture": "#1"}
			}
		},
		{
			"from": [7.4, 6.96875, 5.5625],
			"to": [8.6, 7.34375, 5.9375],
			"rotation": {"angle": 0, "axis": "y", "origin": [8, 8, 8]},
			"faces": {
				"north": {"uv": [0, 8.5, 0.75, 9], "texture": "#1"},
				"east": {"uv": [9.25, 12, 9, 12.125], "texture": "#1"},
				"south": {"uv": [11.5, 8.5, 12.125, 8.625], "texture": "#1"},
				"west": {"uv": [9, 12, 9.25, 12.125], "texture": "#1"},
				"up": {"uv": [10.625, 8.25, 10, 8], "texture": "#1"},
				"down": {"uv": [9.625, 10, 9, 10.25], "texture": "#1"}
			}
		},
		{
			"from": [7.4, 7.34375, 5.5625],
			"to": [8.6, 7.71875, 6.6625],
			"rotation": {"angle": 0, "axis": "y", "origin": [8, 8, 8]},
			"faces": {
				"north": {"uv": [6.5, 11.5, 7.125, 11.625], "texture": "#1"},
				"east": {"uv": [12.5, 1, 12, 1.125], "texture": "#1"},
				"south": {"uv": [7.5, 11.5, 8.125, 11.625], "texture": "#1"},
				"west": {"uv": [12, 1, 12.5, 1.125], "texture": "#1"},
				"up": {"uv": [6.625, 9, 6, 8.5], "texture": "#1"},
				"down": {"uv": [9.125, 6, 8.5, 6.5], "texture": "#1"}
			}
		},
		{
			"from": [7.4, 7.71875, 5.5625],
			"to": [8.6, 8.09375, 7.3875],
			"rotation": {"angle": 0, "axis": "y", "origin": [8, 8, 8]},
			"faces": {
				"north": {"uv": [11.5, 5.5, 12.125, 5.625], "texture": "#1"},
				"east": {"uv": [0.875, 11, 0, 11.125], "texture": "#1"},
				"south": {"uv": [11.5, 6, 12.125, 6.125], "texture": "#1"},
				"west": {"uv": [0, 11, 0.875, 11.125], "texture": "#1"},
				"up": {"uv": [7.125, 7.875, 6.5, 7], "texture": "#1"},
				"down": {"uv": [8.125, 0, 7.5, 0.875], "texture": "#1"}
			}
		},
		{
			"from": [7.4, 8.09375, 5.5625],
			"to": [8.6, 9.51875, 8.0875],
			"rotation": {"angle": 0, "axis": "y", "origin": [8, 8, 8]},
			"faces": {
				"north": {"uv": [5.5, 7.5, 6.125, 8.25], "texture": "#1"},
				"east": {"uv": [6.25, 1, 5, 1.75], "texture": "#1"},
				"south": {"uv": [7.5, 6, 8.125, 6.75], "texture": "#1"},
				"west": {"uv": [5, 1, 6.25, 1.75], "texture": "#1"},
				"up": {"uv": [3.125, 7.25, 2.5, 6], "texture": "#1"},
				"down": {"uv": [4.125, 6, 3.5, 7.25], "texture": "#1"}
			}
		},
		{
			"from": [7, 9.8814, 3.05487],
			"to": [9, 10.2564, 4.85487],
			"rotation": {"angle": 0, "axis": "y", "origin": [8, 8, 8]},
			"faces": {
				"north": {"uv": [7.5, 9, 8.5, 9.25], "texture": "#1"},
				"east": {"uv": [1.875, 10, 1, 10.25], "texture": "#1"},
				"south": {"uv": [8.5, 9, 9.5, 9.25], "texture": "#1"},
				"west": {"uv": [1, 10, 1.875, 10.25], "texture": "#1"},
				"up": {"uv": [2.5, 5.875, 1.5, 5], "texture": "#1"},
				"down": {"uv": [3.5, 5, 2.5, 5.875], "texture": "#1"}
			}
		},
		{
			"from": [7.3, 10.2564, 3.40487],
			"to": [8.7, 10.6314, 4.50487],
			"rotation": {"angle": 0, "axis": "y", "origin": [8, 8, 8]},
			"faces": {
				"north": {"uv": [4.5, 10, 5.25, 10.25], "texture": "#1"},
				"east": {"uv": [5.5, 10.5, 5, 10.75], "texture": "#1"},
				"south": {"uv": [10, 4.5, 10.75, 4.75], "texture": "#1"},
				"west": {"uv": [5, 10.5, 5.5, 10.75], "texture": "#1"},
				"up": {"uv": [8.75, 4.5, 8, 4], "texture": "#1"},
				"down": {"uv": [5.25, 8, 4.5, 8.5], "texture": "#1"}
			}
		},
		{
			"from": [6.7, 9.5064, 3.05487],
			"to": [9.3, 9.8814, 5.22987],
			"rotation": {"angle": 0, "axis": "y", "origin": [8, 8, 8]},
			"faces": {
				"north": {"uv": [8.5, 7.75, 9.75, 7.5], "texture": "#1"},
				"east": {"uv": [10.125, 3.5, 9, 3.75], "texture": "#1"},
				"south": {"uv": [7, 8.5, 8.25, 8.75], "texture": "#1"},
				"west": {"uv": [9, 3.5, 10.125, 3.75], "texture": "#1"},
				"up": {"uv": [4.25, 3.125, 3, 2], "texture": "#1"},
				"down": {"uv": [2.75, 3.5, 1.5, 4.625], "texture": "#1"}
			}
		},
		{
			"from": [7.4, 7.36875, 4.5125],
			"to": [8.6, 9.51875, 5.5625],
			"rotation": {"angle": 0, "axis": "y", "origin": [8, 8, 8]},
			"faces": {
				"north": {"uv": [5.5, 6, 6.125, 7.125], "texture": "#1"},
				"east": {"uv": [7.5, 1.5, 7, 2.625], "texture": "#1"},
				"south": {"uv": [6.5, 0, 7.125, 1.125], "texture": "#1"},
				"west": {"uv": [7, 1.5, 7.5, 2.625], "texture": "#1"},
				"up": {"uv": [9.125, 9, 8.5, 8.5], "texture": "#1"},
				"down": {"uv": [0.625, 9, 0, 9.5], "texture": "#1"}
			}
		},
		{
			"from": [6.7, 6.99375, 3.0625],
			"to": [9.3, 7.36875, 5.2375],
			"rotation": {"angle": 0, "axis": "y", "origin": [8, 8, 8]},
			"faces": {
				"north": {"uv": [8.5, 7.5, 9.75, 7.75], "texture": "#1"},
				"east": {"uv": [10.125, 4, 9, 4.25], "texture": "#1"},
				"south": {"uv": [8.5, 8, 9.75, 8.25], "texture": "#1"},
				"west": {"uv": [9, 4, 10.125, 4.25], "texture": "#1"},
				"up": {"uv": [2.75, 4.625, 1.5, 3.5], "texture": "#1"},
				"down": {"uv": [4.25, 3.5, 3, 4.625], "texture": "#1"}
			}
		},
		{
			"from": [7, 6.61875, 3.0625],
			"to": [9, 6.99375, 4.8625],
			"rotation": {"angle": 0, "axis": "y", "origin": [8, 8, 8]},
			"faces": {
				"north": {"uv": [0, 9.5, 1, 9.75], "texture": "#1"},
				"east": {"uv": [2.875, 10, 2, 10.25], "texture": "#1"},
				"south": {"uv": [9.5, 0, 10.5, 0.25], "texture": "#1"},
				"west": {"uv": [2, 10, 2.875, 10.25], "texture": "#1"},
				"up": {"uv": [4.5, 5.875, 3.5, 5], "texture": "#1"},
				"down": {"uv": [5.5, 5, 4.5, 5.875], "texture": "#1"}
			}
		},
		{
			"from": [7.3, 6.24375, 3.4125],
			"to": [8.7, 6.61875, 4.5125],
			"rotation": {"angle": 0, "axis": "y", "origin": [8, 8, 8]},
			"faces": {
				"north": {"uv": [10, 5, 10.75, 5.25], "texture": "#1"},
				"east": {"uv": [6.5, 10.5, 6, 10.75], "texture": "#1"},
				"south": {"uv": [10, 5.5, 10.75, 5.75], "texture": "#1"},
				"west": {"uv": [6, 10.5, 6.5, 10.75], "texture": "#1"},
				"up": {"uv": [8.75, 5, 8, 4.5], "texture": "#1"},
				"down": {"uv": [8.75, 5, 8, 5.5], "texture": "#1"}
			}
		},
		{
			"from": [7.4, 7.36875, 4.1125],
			"to": [8.6, 8.09375, 4.5125],
			"rotation": {"angle": 0, "axis": "y", "origin": [8, 8, 8]},
			"faces": {
				"north": {"uv": [9.5, 6, 10.125, 6.375], "texture": "#1"},
				"east": {"uv": [2.5, 11, 2.75, 11.375], "texture": "#1"},
				"south": {"uv": [7, 9.5, 7.625, 9.875], "texture": "#1"},
				"west": {"uv": [2.5, 11, 2.75, 11.375], "texture": "#1"},
				"up": {"uv": [10.625, 9.75, 10, 9.5], "texture": "#1"},
				"down": {"uv": [10.625, 10, 10, 10.25], "texture": "#1"}
			}
		},
		{
			"from": [7.4, 8.7814, 4.11478],
			"to": [8.6, 9.5064, 4.51478],
			"rotation": {"angle": 0, "axis": "y", "origin": [8, 8, 8]},
			"faces": {
				"north": {"uv": [8, 9.5, 8.625, 9.875], "texture": "#1"},
				"east": {"uv": [3.75, 11, 3.5, 11.375], "texture": "#1"},
				"south": {"uv": [9.5, 8.5, 10.125, 8.875], "texture": "#1"},
				"west": {"uv": [3.5, 11, 3.75, 11.375], "texture": "#1"},
				"up": {"uv": [0.625, 10.75, 0, 10.5], "texture": "#1"},
				"down": {"uv": [11.125, 0, 10.5, 0.25], "texture": "#1"}
			}
		},
		{
			"from": [7, 8.06875, 4.1375],
			"to": [9, 8.79375, 4.5375],
			"rotation": {"angle": 0, "axis": "y", "origin": [8, 8, 8]},
			"faces": {
				"north": {"uv": [8, 5.5, 9, 5.875], "texture": "#1"},
				"east": {"uv": [11.25, 4, 11, 4.375], "texture": "#1"},
				"south": {"uv": [6.5, 8, 7.5, 8.375], "texture": "#1"},
				"west": {"uv": [11, 4, 11.25, 4.375], "texture": "#1"},
				"up": {"uv": [10.5, 0.75, 9.5, 0.5], "texture": "#1"},
				"down": {"uv": [2, 9.5, 1, 9.75], "texture": "#1"}
			}
		},
		{
			"from": [7.8, 8.7814, 3.71478],
			"to": [8.2, 9.5064, 4.11478],
			"rotation": {"angle": 0, "axis": "y", "origin": [8, 8, 8]},
			"faces": {
				"north": {"uv": [4.5, 11, 4.75, 11.375], "texture": "#1"},
				"east": {"uv": [11.25, 5, 11, 5.375], "texture": "#1"},
				"south": {"uv": [5, 11, 5.25, 11.375], "texture": "#1"},
				"west": {"uv": [11, 5, 11.25, 5.375], "texture": "#1"},
				"up": {"uv": [1.75, 12.25, 1.5, 12], "texture": "#1"},
				"down": {"uv": [2.25, 12.25, 2, 12], "texture": "#1"}
			}
		},
		{
			"from": [7.8, 7.36875, 3.7125],
			"to": [8.2, 8.09375, 4.1125],
			"rotation": {"angle": 0, "axis": "y", "origin": [8, 8, 8]},
			"faces": {
				"north": {"uv": [5.5, 11, 5.75, 11.375], "texture": "#1"},
				"east": {"uv": [6.75, 11, 6.5, 11.375], "texture": "#1"},
				"south": {"uv": [6, 11, 6.25, 11.375], "texture": "#1"},
				"west": {"uv": [6.5, 11, 6.75, 11.375], "texture": "#1"},
				"up": {"uv": [2.25, 12.25, 2, 12], "texture": "#1"},
				"down": {"uv": [12.25, 2, 12, 2.25], "texture": "#1"}
			}
		},
		{
			"from": [7, 9.54375, 12.0625],
			"to": [9, 9.89375, 12.7875],
			"rotation": {"angle": 0, "axis": "y", "origin": [8, 8, 8]},
			"faces": {
				"north": {"uv": [10.5, 8.5, 11.5, 8.625], "texture": "#1"},
				"east": {"uv": [5.375, 12, 5, 12.125], "texture": "#1"},
				"south": {"uv": [10.5, 8.5, 11.5, 8.625], "texture": "#1"},
				"west": {"uv": [5, 12, 5.375, 12.125], "texture": "#1"},
				"up": {"uv": [9.5, 1.875, 8.5, 1.5], "texture": "#1"},
				"down": {"uv": [3, 8.5, 2, 8.875], "texture": "#1"}
			}
		},
		{
			"from": [7.2, 8.81875, 11.6875],
			"to": [8.8, 9.54375, 12.7875],
			"rotation": {"angle": 0, "axis": "y", "origin": [8, 8, 8]},
			"faces": {
				"north": {"uv": [6.5, 9, 7.25, 9.375], "texture": "#1"},
				"east": {"uv": [10.5, 6.5, 10, 6.875], "texture": "#1"},
				"south": {"uv": [9, 7, 9.75, 7.375], "texture": "#1"},
				"west": {"uv": [10, 6.5, 10.5, 6.875], "texture": "#1"},
				"up": {"uv": [10.5, 8.5, 11.5, 8.625], "texture": "#1"},
				"down": {"uv": [9.25, 1, 8.5, 1.5], "texture": "#1"}
			}
		},
		{
			"from": [7.4, 8.44375, 11.6875],
			"to": [8.6, 8.81875, 12.4375],
			"rotation": {"angle": 0, "axis": "y", "origin": [8, 8, 8]},
			"faces": {
				"north": {"uv": [10.5, 0.5, 11.125, 0.75], "texture": "#1"},
				"east": {"uv": [11.875, 0, 11.5, 0.25], "texture": "#1"},
				"south": {"uv": [1, 10.5, 1.625, 10.75], "texture": "#1"},
				"west": {"uv": [11.5, 0, 11.875, 0.25], "texture": "#1"},
				"up": {"uv": [9.625, 9.875, 9, 9.5], "texture": "#1"},
				"down": {"uv": [10.125, 9, 9.5, 9.375], "texture": "#1"}
			}
		},
		{
			"from": [7, 10.94375, 10.2625],
			"to": [9, 11.31875, 11.3375],
			"rotation": {"angle": 0, "axis": "y", "origin": [8, 8, 8]},
			"faces": {
				"north": {"uv": [9.5, 1.5, 10.5, 1.75], "texture": "#1"},
				"east": {"uv": [8, 10.5, 7.5, 10.75], "texture": "#1"},
				"south": {"uv": [9.5, 1.5, 10.5, 1.75], "texture": "#1"},
				"west": {"uv": [7.5, 10.5, 8, 10.75], "texture": "#1"},
				"up": {"uv": [7, 5, 6, 4.5], "texture": "#1"},
				"down": {"uv": [1.125, 1.75, 0, 0], "texture": "#1"}
			}
		},
		{
			"from": [7.2, 10.59375, 9.8875],
			"to": [8.8, 10.94375, 11.3375],
			"rotation": {"angle": 0, "axis": "y", "origin": [8, 8, 8]},
			"faces": {
				"north": {"uv": [10, 11, 10.75, 11.125], "texture": "#1"},
				"east": {"uv": [11.75, 11, 11, 11.125], "texture": "#1"},
				"south": {"uv": [10, 11, 10.75, 11.125], "texture": "#1"},
				"west": {"uv": [11, 11, 11.75, 11.125], "texture": "#1"},
				"up": {"uv": [5.25, 7.75, 4.5, 7], "texture": "#1"},
				"down": {"uv": [1.125, 1.75, 0, 0], "texture": "#1"}
			}
		},
		{
			"from": [7.4, 10.24375, 9.8875],
			"to": [8.6, 10.59375, 10.9875],
			"rotation": {"angle": 0, "axis": "y", "origin": [8, 8, 8]},
			"faces": {
				"north": {"uv": [11.5, 9, 12.125, 9.125], "texture": "#1"},
				"east": {"uv": [3.5, 12, 3, 12.125], "texture": "#1"},
				"south": {"uv": [11.5, 9, 12.125, 9.125], "texture": "#1"},
				"west": {"uv": [3, 12, 3.5, 12.125], "texture": "#1"},
				"up": {"uv": [1.625, 9.5, 1, 9], "texture": "#1"},
				"down": {"uv": [2.625, 9, 2, 9.5], "texture": "#1"}
			}
		},
		{
			"from": [7.825, 7.71875, 3.3875],
			"to": [8.175, 9.16875, 3.7625],
			"rotation": {"angle": 0, "axis": "y", "origin": [8, 8, 8]},
			"faces": {
				"north": {"uv": [3.5, 0, 15.1, 2.8], "rotation": 90, "texture": "#2"},
				"east": {"uv": [3.5, 0, 15.1, 3], "rotation": 90, "texture": "#2"},
				"south": {"uv": [3.5, 0, 15.1, 2.8], "rotation": 90, "texture": "#2"},
				"west": {"uv": [3.5, 0, 15.1, 3], "rotation": 90, "texture": "#2"},
				"up": {"uv": [3.5, 0, 6.5, 2.8], "rotation": 90, "texture": "#2"},
				"down": {"uv": [3.5, 0, 6.5, 2.8], "rotation": 90, "texture": "#2"}
			}
		},
		{
			"from": [7.875, 8.09375, 3.0375],
			"to": [8.125, 8.79375, 4.1125],
			"rotation": {"angle": 0, "axis": "y", "origin": [8, 8, 8]},
			"faces": {
				"north": {"uv": [3.5, 0, 9.1, 2], "rotation": 90, "texture": "#2"},
				"east": {"uv": [3.5, 0, 12.1, 5.6], "texture": "#2"},
				"south": {"uv": [3.5, 0, 5.5, 5.6], "texture": "#2"},
				"west": {"uv": [3.5, 0, 12.1, 5.6], "texture": "#2"},
				"up": {"uv": [3.5, 0, 5.5, 8.6], "texture": "#2"},
				"down": {"uv": [3.5, 0, 5.5, 8.6], "texture": "#2"}
			}
		},
		{
			"from": [7.4625, 8.26875, 3.375],
			"to": [8.5375, 8.61875, 3.775],
			"rotation": {"angle": 0, "axis": "y", "origin": [8, 8, 8]},
			"faces": {
				"north": {"uv": [3.5, 0, 6.3, 8.6], "rotation": 90, "texture": "#2"},
				"east": {"uv": [3.5, 0, 6.3, 3.2], "rotation": 90, "texture": "#2"},
				"south": {"uv": [3.5, 0, 6.3, 8.6], "rotation": 90, "texture": "#2"},
				"west": {"uv": [3.5, 0, 6.3, 3.2], "rotation": 90, "texture": "#2"},
				"up": {"uv": [3.5, 0, 6.7, 8.6], "rotation": 90, "texture": "#2"},
				"down": {"uv": [3.5, 0, 6.7, 8.6], "rotation": 90, "texture": "#2"}
			}
		},
		{
			"from": [7.8, 10.24375, 12.0625],
			"to": [8.2, 11.34375, 12.4375],
			"rotation": {"angle": 0, "axis": "y", "origin": [8, 8, 8]},
			"faces": {
				"north": {"uv": [0, 0, 8.8, 3.2], "rotation": 90, "texture": "#2"},
				"east": {"uv": [0, 0, 8.8, 3], "rotation": 90, "texture": "#2"},
				"south": {"uv": [0, 0, 8.8, 3.2], "rotation": 90, "texture": "#2"},
				"west": {"uv": [0, 0, 8.8, 3], "rotation": 90, "texture": "#2"},
				"up": {"uv": [0, 0, 3, 3.2], "rotation": 90, "texture": "#2"},
				"down": {"uv": [0, 0, 3, 3.2], "rotation": 90, "texture": "#2"}
			}
		},
		{
			"from": [7.8, 10.61875, 11.7125],
			"to": [8.2, 10.96875, 12.7875],
			"rotation": {"angle": 0, "axis": "y", "origin": [8, 8, 8]},
			"faces": {
				"north": {"uv": [0, 0, 2.8, 3.2], "rotation": 90, "texture": "#2"},
				"east": {"uv": [0, 0, 8.6, 2.8], "texture": "#2"},
				"south": {"uv": [0, 0, 2.8, 3.2], "rotation": 90, "texture": "#2"},
				"west": {"uv": [0, 0, 8.6, 2.8], "texture": "#2"},
				"up": {"uv": [0, 0, 8.6, 3.2], "rotation": 90, "texture": "#2"},
				"down": {"uv": [0, 0, 8.6, 3.2], "rotation": 90, "texture": "#2"}
			}
		},
		{
			"from": [7.4625, 10.61875, 12.05],
			"to": [8.5375, 10.96875, 12.45],
			"rotation": {"angle": 0, "axis": "y", "origin": [8, 8, 8]},
			"faces": {
				"north": {"uv": [0, 0, 8.6, 2.8], "texture": "#2"},
				"east": {"uv": [0, 0, 2.8, 3.2], "rotation": 90, "texture": "#2"},
				"south": {"uv": [0, 0, 8.6, 2.8], "texture": "#2"},
				"west": {"uv": [0, 0, 2.8, 3.2], "rotation": 90, "texture": "#2"},
				"up": {"uv": [0, 0, 8.6, 3.2], "texture": "#2"},
				"down": {"uv": [0, 0, 8.6, 3.2], "texture": "#2"}
			}
		}
	],
	"display": {
		"thirdperson_righthand": {
			"rotation": [67.5, 0, 0],
			"translation": [-1.5, 4, 1]
		},
		"thirdperson_lefthand": {
			"rotation": [67.5, 0, 0],
			"translation": [-1.5, 4, 1]
		},
		"firstperson_righthand": {
			"translation": [-4.25, 4.75, 0.75]
		},
		"firstperson_lefthand": {
			"translation": [-4.25, 4.75, 0.75]
		},
		"ground": {
			"translation": [0, 0.5, 0]
		},
		"gui": {
			"rotation": [169.68, -42.99, -170.51],
			"translation": [-0.75, 0, 0],
			"scale": [1.75, 1.75, 1.75]
		},
		"fixed": {
			"rotation": [0, 90, 0],
			"translation": [0, 0, -1.25],
			"scale": [2, 2, 2]
		}
	},
	"groups": [
		{
			"name": "moon_shiner",
			"origin": [11.75256, 8.86875, 10.3875],
			"color": 0,
			"children": [
				{
					"name": "handle",
					"origin": [8.00123, 8.01499, 7.62478],
					"color": 0,
					"children": [0, 1, 2, 3, 4, 5, 6, 7]
				},
				{
					"name": "trigger",
					"origin": [8.00123, 8.01499, 7.62478],
					"color": 0,
					"children": [8, 9]
				},
				{
					"name": "mag",
					"origin": [11.75256, 11.08591, 1.03594],
					"color": 0,
					"children": [10, 11, 12, 13, 14]
				},
				{
					"name": "body",
					"origin": [8.00123, 7.96499, 7.62478],
					"color": 0,
					"children": [15, 16, 17, 18, 19, 20, 21]
				},
				{
					"name": "barrel",
					"origin": [8, 10.08125, 3.68125],
					"color": 0,
					"children": [
						{
							"name": "front part",
							"origin": [8, 10.08125, 3.68125],
							"color": 0,
							"children": [22, 23, 24, 25, 26, 27, 28]
						},
						29,
						30,
						31,
						32,
						33,
						{
							"name": "front part",
							"origin": [8, 10.08125, 3.68125],
							"color": 0,
							"children": []
						}
					]
				},
				{
					"name": "energy holder",
					"origin": [8.00123, 7.96499, 7.62478],
					"color": 0,
					"children": [34, 35, 36, 37, 38, 39]
				},
				{
					"name": "energy",
					"origin": [9.87628, 8.64342, 4.86478],
					"color": 0,
					"children": [
						{
							"name": "barrel energy",
							"origin": [8, 10.79375, 12.25],
							"color": 0,
							"children": [40, 41, 42]
						},
						{
							"name": "mag energy",
							"origin": [8.00123, 7.96499, 7.62478],
							"color": 7,
							"children": []
						},
						{
							"name": "body energy",
							"origin": [8.00123, 7.96499, 7.62478],
							"color": 0,
							"children": []
						},
						{
							"name": "energy",
							"origin": [8, 10.79375, 12.25],
							"color": 0,
							"children": [43, 44, 45]
						}
					]
				}
			]
		}
	]
}