{
	"credit": "Made with Blockbench",
	"textures": {
		"0": "aoa3:item/moon_maker_parts",
		"1": "aoa3:item/moon_maker",
		"4": "aoa3:item/moon_maker_barrel_cover",
		"5": "aoa3:item/moon_maker_scope",
		"6": "aoa3:item/laser_sight_green",
		"particle": "aoa3:item/moon_maker"
	},
	"elements": [
		{
			"from": [7.2, 5.52956, 11.13125],
			"to": [8.8, 6.20456, 12.50625],
			"rotation": {"angle": 0, "axis": "y", "origin": [8.2, 13.52956, 11.50625]},
			"faces": {
				"north": {"uv": [7, 1.25, 7.375, 1.4375], "texture": "#1"},
				"east": {"uv": [3.75, 7, 4.125, 7.1875], "texture": "#1"},
				"south": {"uv": [7, 4, 7.375, 4.1875], "texture": "#1"},
				"west": {"uv": [4.125, 7, 3.75, 7.1875], "texture": "#1"},
				"up": {"uv": [3.625, 6.625, 3.25, 6.25], "texture": "#1"},
				"down": {"uv": [6.625, 3.75, 6.25, 4.125], "texture": "#1"}
			}
		},
		{
			"from": [7.2, 6.67956, 1.70625],
			"to": [8.8, 9.42956, 6.53125],
			"rotation": {"angle": 0, "axis": "y", "origin": [8.2, 14.20456, 11.50625]},
			"faces": {
				"north": {"uv": [0, 5.5, 0.375, 6.1875], "texture": "#1"},
				"east": {"uv": [2, 0, 3.1875, 0.6875], "texture": "#1"},
				"south": {"uv": [0.5, 5.5, 0.875, 6.1875], "texture": "#1"},
				"west": {"uv": [3.1875, 0, 2, 0.6875], "texture": "#1"},
				"up": {"uv": [2.125, 5.1875, 1.75, 4], "texture": "#1"},
				"down": {"uv": [0.375, 4.25, 0, 5.4375], "texture": "#1"}
			}
		},
		{
			"from": [7.2, 6.20456, 4.73125],
			"to": [8.8, 6.67956, 12.28125],
			"rotation": {"angle": 0, "axis": "y", "origin": [8.2, 14.20456, 11.50625]},
			"faces": {
				"north": {"uv": [5.75, 7.5, 6.125, 7.625], "texture": "#1"},
				"east": {"uv": [5.5, 4.75, 7.375, 4.875], "texture": "#1"},
				"south": {"uv": [0, 7.75, 0.375, 7.875], "texture": "#1"},
				"west": {"uv": [7.375, 4.75, 5.5, 4.875], "texture": "#1"},
				"up": {"uv": [2.125, 3.875, 1.75, 2], "texture": "#1"},
				"down": {"uv": [2.625, 1.75, 2.25, 3.625], "texture": "#1"}
			}
		},
		{
			"from": [8.525, 6.92956, -3.94375],
			"to": [9.475, 9.67956, 1.70625],
			"rotation": {"angle": 0, "axis": "y", "origin": [8.2, 14.20456, 0.70625]},
			"faces": {
				"north": {"uv": [12, 6, 11, 8.75], "texture": "#4"},
				"east": {"uv": [5.75, 3, 0, 5.75], "texture": "#4"},
				"south": {"uv": [12, 9, 11, 11.75], "texture": "#4"},
				"west": {"uv": [0, 3, 5.75, 5.75], "texture": "#4"},
				"up": {"uv": [6, 8.75, 7, 3], "texture": "#4"},
				"down": {"uv": [7, 3, 8, 8.75], "texture": "#4"}
			}
		},
		{
			"from": [6.725, 5.52956, 4.70625],
			"to": [9.275, 7.15456, 7.68125],
			"rotation": {"angle": 0, "axis": "y", "origin": [8.2, 13.52956, 11.50625]},
			"faces": {
				"north": {"uv": [5.25, 2, 5.875, 2.4375], "texture": "#1"},
				"east": {"uv": [0.5, 1.5, 1.25, 1.9375], "texture": "#1"},
				"south": {"uv": [5.875, 2, 5.25, 2.4375], "texture": "#1"},
				"west": {"uv": [1.25, 1.5, 0.5, 1.9375], "texture": "#1"},
				"up": {"uv": [4.625, 2.5, 4, 1.75], "texture": "#1"},
				"down": {"uv": [4.625, 1.75, 4, 2.5], "texture": "#1"}
			}
		},
		{
			"from": [6.75, 7.35456, 6.53125],
			"to": [9.25, 9.42956, 12.28125],
			"rotation": {"angle": 0, "axis": "y", "origin": [8.2, 14.20456, 16.55625]},
			"faces": {
				"north": {"uv": [4.625, 5, 4, 5.5], "texture": "#1"},
				"east": {"uv": [2, 0.75, 3.4375, 1.25], "texture": "#1"},
				"south": {"uv": [4, 5, 4.625, 5.5], "texture": "#1"},
				"west": {"uv": [3.4375, 0.75, 2, 1.25], "texture": "#1"},
				"up": {"uv": [0.625, 1.4375, 0, 0], "texture": "#1"},
				"down": {"uv": [0.625, 0, 0, 1.4375], "texture": "#1"}
			}
		},
		{
			"from": [7.2, 6.67956, 6.53125],
			"to": [8.8, 7.35456, 12.28125],
			"rotation": {"angle": 0, "axis": "y", "origin": [8.2, 14.67956, 11.50625]},
			"faces": {
				"north": {"uv": [7, 4.5, 7.375, 4.6875], "texture": "#1"},
				"east": {"uv": [5.25, 3, 6.6875, 3.1875], "texture": "#1"},
				"south": {"uv": [4.75, 7, 5.125, 7.1875], "texture": "#1"},
				"west": {"uv": [6.6875, 3, 5.25, 3.1875], "texture": "#1"},
				"up": {"uv": [1.125, 4.9375, 0.75, 3.5], "texture": "#1"},
				"down": {"uv": [1.625, 3.5, 1.25, 4.9375], "texture": "#1"}
			}
		},
		{
			"from": [7.175, 9.42956, 11.13125],
			"to": [8.825, 9.87956, 14.55625],
			"rotation": {"angle": 0, "axis": "y", "origin": [8.2, 14.20456, 16.55625]},
			"faces": {
				"north": {"uv": [7.5, 0.75, 7.9375, 0.875], "texture": "#1"},
				"east": {"uv": [6.5, 1.5, 7.375, 1.625], "texture": "#1"},
				"south": {"uv": [7.5, 1, 7.9375, 1.125], "texture": "#1"},
				"west": {"uv": [7.375, 1.5, 6.5, 1.625], "texture": "#1"},
				"up": {"uv": [5.1875, 0.875, 4.75, 0], "texture": "#1"},
				"down": {"uv": [5.1875, 1, 4.75, 1.875], "texture": "#1"}
			}
		},
		{
			"from": [7.2, 6.67956, 12.28125],
			"to": [8.8, 9.42956, 14.55625],
			"rotation": {"angle": 0, "axis": "y", "origin": [8.2, 14.42956, 16.55625]},
			"faces": {
				"north": {"uv": [5.25, 0, 5.6875, 0.6875], "texture": "#1"},
				"east": {"uv": [4.25, 3.5, 4.8125, 4.1875], "texture": "#1"},
				"south": {"uv": [5.25, 0.75, 5.6875, 1.4375], "texture": "#1"},
				"west": {"uv": [4.8125, 3.5, 4.25, 4.1875], "texture": "#1"},
				"up": {"uv": [5.6875, 6.0625, 5.25, 5.5], "texture": "#1"},
				"down": {"uv": [6.1875, 0, 5.75, 0.5625], "texture": "#1"}
			}
		},
		{
			"from": [7.2, 6.67956, 14.55625],
			"to": [8.8, 8.95456, 15.48125],
			"rotation": {"angle": 0, "axis": "y", "origin": [8.2, 14.42956, 18.83125]},
			"faces": {
				"north": {"uv": [5.75, 0.75, 6.1875, 1.3125], "texture": "#1"},
				"east": {"uv": [5, 6.25, 5.25, 6.8125], "texture": "#1"},
				"south": {"uv": [1.5, 5.75, 1.9375, 6.3125], "texture": "#1"},
				"west": {"uv": [5.25, 6.25, 5, 6.8125], "texture": "#1"},
				"up": {"uv": [6.9375, 2.25, 6.5, 2], "texture": "#1"},
				"down": {"uv": [6.9375, 2.25, 6.5, 2.5], "texture": "#1"}
			}
		},
		{
			"from": [6.525, 9.42956, 1.70625],
			"to": [9.475, 9.67956, 3.10625],
			"rotation": {"angle": 0, "axis": "y", "origin": [8.2, 14.20456, 0.60625]},
			"faces": {
				"north": {"uv": [7.75, 0.25, 8.5, 0.3125], "texture": "#1"},
				"east": {"uv": [3.75, 8, 4.125, 8.0625], "texture": "#1"},
				"south": {"uv": [7.75, 0.5, 8.5, 0.5625], "texture": "#1"},
				"west": {"uv": [4.125, 8, 3.75, 8.0625], "texture": "#1"},
				"up": {"uv": [2.25, 5.625, 1.5, 5.25], "texture": "#1"},
				"down": {"uv": [6, 1.5, 5.25, 1.875], "texture": "#1"}
			}
		},
		{
			"from": [8.525, 7.42956, -6.99375],
			"to": [9.475, 9.67956, -5.59375],
			"rotation": {"angle": 0, "axis": "y", "origin": [8.2, 14.20456, -6.59375]},
			"faces": {
				"north": {"uv": [7, 12, 6, 14.25], "texture": "#4"},
				"east": {"uv": [8.5, 9, 7, 11.25], "texture": "#4"},
				"south": {"uv": [8, 12, 9, 14.25], "texture": "#4"},
				"west": {"uv": [7, 9, 8.5, 11.25], "texture": "#4"},
				"up": {"uv": [12, 12.5, 13, 11], "texture": "#4"},
				"down": {"uv": [13, 0, 14, 1.5], "texture": "#4"}
			}
		},
		{
			"from": [8.525, 7.17956, -5.59375],
			"to": [9.475, 9.67956, -3.94375],
			"rotation": {"angle": 0, "axis": "y", "origin": [8.2, 14.20456, -4.94375]},
			"faces": {
				"north": {"uv": [3, 12, 2, 14.5], "texture": "#4"},
				"east": {"uv": [4.75, 9, 3, 11.5], "texture": "#4"},
				"south": {"uv": [5, 12, 6, 14.5], "texture": "#4"},
				"west": {"uv": [3, 9, 4.75, 11.5], "texture": "#4"},
				"up": {"uv": [9, 13.75, 10, 12], "texture": "#4"},
				"down": {"uv": [12, 9, 13, 10.75], "texture": "#4"}
			}
		},
		{
			"from": [6.525, 7.17956, -5.59375],
			"to": [7.475, 9.67956, -3.94375],
			"rotation": {"angle": 0, "axis": "y", "origin": [8.2, 14.20456, -4.94375]},
			"faces": {
				"north": {"uv": [2, 12, 3, 14.5], "texture": "#4"},
				"east": {"uv": [4.75, 9, 3, 11.5], "texture": "#4"},
				"south": {"uv": [3, 12, 4, 14.5], "texture": "#4"},
				"west": {"uv": [3, 9, 4.75, 11.5], "texture": "#4"},
				"up": {"uv": [10, 13.75, 9, 12], "texture": "#4"},
				"down": {"uv": [13, 9, 12, 10.75], "texture": "#4"}
			}
		},
		{
			"from": [6.525, 7.42956, -6.99375],
			"to": [7.475, 9.67956, -5.59375],
			"rotation": {"angle": 0, "axis": "y", "origin": [8.2, 14.20456, -6.59375]},
			"faces": {
				"north": {"uv": [6, 12, 7, 14.25], "texture": "#4"},
				"east": {"uv": [8.5, 9, 7, 11.25], "texture": "#4"},
				"south": {"uv": [12, 6, 13, 8.25], "texture": "#4"},
				"west": {"uv": [7, 9, 8.5, 11.25], "texture": "#4"},
				"up": {"uv": [13, 12.5, 12, 11], "texture": "#4"},
				"down": {"uv": [14, 0, 13, 1.5], "texture": "#4"}
			}
		},
		{
			"from": [6.525, 6.92956, -3.94375],
			"to": [7.475, 9.67956, 1.70625],
			"rotation": {"angle": 0, "axis": "y", "origin": [8.2, 14.20456, 0.70625]},
			"faces": {
				"north": {"uv": [11, 6, 12, 8.75], "texture": "#4"},
				"east": {"uv": [5.75, 3, 0, 5.75], "texture": "#4"},
				"south": {"uv": [11, 9, 12, 11.75], "texture": "#4"},
				"west": {"uv": [0, 3, 5.75, 5.75], "texture": "#4"},
				"up": {"uv": [7, 8.75, 6, 3], "texture": "#4"},
				"down": {"uv": [8, 3, 7, 8.75], "texture": "#4"}
			}
		},
		{
			"name": "barrel_base",
			"from": [7.2, 7.75456, 0.98125],
			"to": [8.8, 9.35456, 1.70625],
			"rotation": {"angle": 0, "axis": "y", "origin": [8.2, 14.20456, 0.28125]},
			"faces": {
				"north": {"uv": [5.5, 6.25, 5.875, 6.625], "texture": "#1"},
				"east": {"uv": [4.25, 7, 4.4375, 7.375], "texture": "#1"},
				"south": {"uv": [6.25, 5.5, 6.625, 5.875], "texture": "#1"},
				"west": {"uv": [4.4375, 7, 4.25, 7.375], "texture": "#1"},
				"up": {"uv": [4.4375, 7, 4.25, 7.375], "rotation": 90, "texture": "#1"},
				"down": {"uv": [4.25, 7, 4.4375, 7.375], "rotation": 90, "texture": "#1"}
			}
		},
		{
			"from": [7.4555, 8.01556, -9.04975],
			"to": [8.5445, 9.10456, -0.41875],
			"rotation": {"angle": 0, "axis": "y", "origin": [8, 8.43506, -7.34237]},
			"faces": {
				"north": {"uv": [5, 0.75, 5.25, 1], "texture": "#0"},
				"east": {"uv": [3.25, 2, 5.4375, 2.25], "texture": "#0"},
				"south": {"uv": [2.25, 7.25, 2.5, 7.5], "texture": "#0"},
				"west": {"uv": [5.4375, 2, 3.25, 2.25], "texture": "#0"},
				"up": {"uv": [5.4375, 2, 3.25, 2.25], "rotation": 90, "texture": "#0"},
				"down": {"uv": [3.25, 2, 5.4375, 2.25], "rotation": 90, "texture": "#0"}
			}
		},
		{
			"from": [7.4555, 8.01556, -0.41875],
			"to": [8.5445, 9.10456, 8.21225],
			"rotation": {"angle": 0, "axis": "y", "origin": [8, 8.56006, -11.10325]},
			"faces": {
				"north": {"uv": [2.5, 7.25, 2.25, 7.5], "texture": "#0"},
				"east": {"uv": [5.4375, 2, 3.25, 2.25], "texture": "#0"},
				"south": {"uv": [5.25, 0.75, 5, 1], "texture": "#0"},
				"west": {"uv": [3.25, 2, 5.4375, 2.25], "texture": "#0"},
				"up": {"uv": [3.25, 2, 5.4375, 2.25], "rotation": 90, "texture": "#0"},
				"down": {"uv": [5.4375, 2, 3.25, 2.25], "rotation": 90, "texture": "#0"}
			}
		},
		{
			"from": [6.525, 6.22956, 3.33125],
			"to": [7.2, 6.67956, 4.70625],
			"rotation": {"angle": 0, "axis": "y", "origin": [7.6, 13.52956, 8.53125]},
			"faces": {
				"north": {"uv": [5.5, 8, 5.6875, 8.125], "texture": "#1"},
				"east": {"uv": [1.75, 7.75, 2.125, 7.875], "texture": "#1"},
				"south": {"uv": [8.1875, 5.5, 8, 5.625], "texture": "#1"},
				"west": {"uv": [2.125, 7.75, 1.75, 7.875], "texture": "#1"},
				"up": {"uv": [7.1875, 6.625, 7, 6.25], "texture": "#1"},
				"down": {"uv": [1.1875, 7.25, 1, 7.625], "texture": "#1"}
			}
		},
		{
			"from": [6.525, 6.67956, 2.85625],
			"to": [7.2, 7.15456, 4.70625],
			"rotation": {"angle": 0, "axis": "y", "origin": [7.6, 13.97956, 8.53125]},
			"faces": {
				"north": {"uv": [5.75, 8, 5.9375, 8.125], "texture": "#1"},
				"east": {"uv": [7.5, 1.25, 7.9375, 1.375], "texture": "#1"},
				"south": {"uv": [6.1875, 8, 6, 8.125], "texture": "#1"},
				"west": {"uv": [2.9375, 7.5, 2.5, 7.625], "texture": "#1"},
				"up": {"uv": [2.5, 7.4375, 2.6875, 7], "texture": "#1"},
				"down": {"uv": [2.9375, 7, 2.75, 7.4375], "texture": "#1"}
			}
		},
		{
			"from": [6.525, 7.15456, 2.40625],
			"to": [7.2, 7.60456, 4.45625],
			"rotation": {"angle": 0, "axis": "y", "origin": [7.6, 14.45456, 8.53125]},
			"faces": {
				"north": {"uv": [6.25, 8, 6.4375, 8.125], "texture": "#1"},
				"east": {"uv": [5.5, 7.25, 6, 7.375], "texture": "#1"},
				"south": {"uv": [6.6875, 8, 6.5, 8.125], "texture": "#1"},
				"west": {"uv": [7.75, 6.5, 7.25, 6.625], "texture": "#1"},
				"up": {"uv": [2.25, 7.25, 2.4375, 6.75], "texture": "#1"},
				"down": {"uv": [3.4375, 6.75, 3.25, 7.25], "texture": "#1"}
			}
		},
		{
			"from": [6.525, 7.60456, 1.95625],
			"to": [7.2, 8.05456, 4.00625],
			"rotation": {"angle": 0, "axis": "y", "origin": [7.6, 14.90456, 8.53125]},
			"faces": {
				"north": {"uv": [6.75, 8, 6.9375, 8.125], "texture": "#1"},
				"east": {"uv": [7.25, 6, 7.75, 6.125], "texture": "#1"},
				"south": {"uv": [7.1875, 8, 7, 8.125], "texture": "#1"},
				"west": {"uv": [7.75, 7, 7.25, 7.125], "texture": "#1"},
				"up": {"uv": [3.5, 7.25, 3.6875, 6.75], "texture": "#1"},
				"down": {"uv": [6.9375, 3.75, 6.75, 4.25], "texture": "#1"}
			}
		},
		{
			"from": [6.525, 8.05456, 1.70625],
			"to": [7.2, 8.50456, 3.55625],
			"rotation": {"angle": 0, "axis": "y", "origin": [7.6, 14.90456, 8.53125]},
			"faces": {
				"north": {"uv": [5.25, 8, 5.4375, 8.125], "texture": "#1"},
				"east": {"uv": [7.5, 1.5, 7.9375, 1.625], "texture": "#1"},
				"south": {"uv": [7.6875, 8, 7.5, 8.125], "texture": "#1"},
				"west": {"uv": [7.9375, 2.75, 7.5, 2.875], "texture": "#1"},
				"up": {"uv": [3, 7.4375, 3.1875, 7], "texture": "#1"},
				"down": {"uv": [7.1875, 3.5, 7, 3.9375], "texture": "#1"}
			}
		},
		{
			"from": [6.525, 8.50456, 1.70625],
			"to": [7.2, 9.42956, 3.10625],
			"rotation": {"angle": 0, "axis": "y", "origin": [7.6, 15.35456, 8.53125]},
			"faces": {
				"north": {"uv": [2, 1.75, 2.1875, 2], "texture": "#1"},
				"east": {"uv": [6.5, 3.5, 6.875, 3.75], "texture": "#1"},
				"south": {"uv": [1.6875, 5, 1.5, 5.25], "texture": "#1"},
				"west": {"uv": [7.125, 3, 6.75, 3.25], "texture": "#1"},
				"up": {"uv": [7.1875, 7.375, 7, 7], "texture": "#1"},
				"down": {"uv": [7.4375, 0, 7.25, 0.375], "texture": "#1"}
			}
		},
		{
			"from": [8.8, 6.22956, 3.33125],
			"to": [9.475, 6.67956, 4.70625],
			"rotation": {"angle": 0, "axis": "y", "origin": [8.4, 13.52956, 8.53125]},
			"faces": {
				"north": {"uv": [5.5, 8, 5.6875, 8.125], "texture": "#1"},
				"east": {"uv": [1.75, 7.75, 2.125, 7.875], "texture": "#1"},
				"south": {"uv": [8, 5.5, 8.1875, 5.625], "texture": "#1"},
				"west": {"uv": [2.125, 7.75, 1.75, 7.875], "texture": "#1"},
				"up": {"uv": [7.4375, 1.125, 7.25, 0.75], "texture": "#1"},
				"down": {"uv": [1.1875, 7.25, 1, 7.625], "texture": "#1"}
			}
		},
		{
			"from": [8.8, 6.67956, 2.85625],
			"to": [9.475, 7.15456, 4.70625],
			"rotation": {"angle": 0, "axis": "y", "origin": [8.4, 13.97956, 8.53125]},
			"faces": {
				"north": {"uv": [5.75, 8, 5.9375, 8.125], "texture": "#1"},
				"east": {"uv": [2.5, 7.5, 2.9375, 7.625], "texture": "#1"},
				"south": {"uv": [6, 8, 6.1875, 8.125], "texture": "#1"},
				"west": {"uv": [7.9375, 2.5, 7.5, 2.625], "texture": "#1"},
				"up": {"uv": [2.6875, 7.4375, 2.5, 7], "texture": "#1"},
				"down": {"uv": [2.9375, 7, 2.75, 7.4375], "texture": "#1"}
			}
		},
		{
			"from": [8.8, 7.15456, 2.40625],
			"to": [9.475, 7.60456, 4.45625],
			"rotation": {"angle": 0, "axis": "y", "origin": [8.4, 14.45456, 8.53125]},
			"faces": {
				"north": {"uv": [6.25, 8, 6.4375, 8.125], "texture": "#1"},
				"east": {"uv": [7.25, 6.5, 7.75, 6.625], "texture": "#1"},
				"south": {"uv": [6.5, 8, 6.6875, 8.125], "texture": "#1"},
				"west": {"uv": [7.75, 6.75, 7.25, 6.875], "texture": "#1"},
				"up": {"uv": [2.4375, 7.25, 2.25, 6.75], "texture": "#1"},
				"down": {"uv": [3.4375, 6.75, 3.25, 7.25], "texture": "#1"}
			}
		},
		{
			"from": [8.8, 7.60456, 1.95625],
			"to": [9.475, 8.05456, 4.00625],
			"rotation": {"angle": 0, "axis": "y", "origin": [8.4, 14.90456, 8.53125]},
			"faces": {
				"north": {"uv": [6.75, 8, 6.9375, 8.125], "texture": "#1"},
				"east": {"uv": [7.25, 7, 7.75, 7.125], "texture": "#1"},
				"south": {"uv": [7, 8, 7.1875, 8.125], "texture": "#1"},
				"west": {"uv": [7.75, 7.25, 7.25, 7.375], "texture": "#1"},
				"up": {"uv": [3.6875, 7.25, 3.5, 6.75], "texture": "#1"},
				"down": {"uv": [6.9375, 3.75, 6.75, 4.25], "texture": "#1"}
			}
		},
		{
			"from": [8.8, 8.05456, 1.70625],
			"to": [9.475, 8.50456, 3.55625],
			"rotation": {"angle": 0, "axis": "y", "origin": [8.4, 14.90456, 8.53125]},
			"faces": {
				"north": {"uv": [7.25, 8, 7.4375, 8.125], "texture": "#1"},
				"east": {"uv": [7.5, 2.75, 7.9375, 2.875], "texture": "#1"},
				"south": {"uv": [7.5, 8, 7.6875, 8.125], "texture": "#1"},
				"west": {"uv": [7.9375, 3, 7.5, 3.125], "texture": "#1"},
				"up": {"uv": [3.1875, 7.4375, 3, 7], "texture": "#1"},
				"down": {"uv": [7.1875, 3.5, 7, 3.9375], "texture": "#1"}
			}
		},
		{
			"from": [8.8, 8.50456, 1.70625],
			"to": [9.475, 9.42956, 3.10625],
			"rotation": {"angle": 0, "axis": "y", "origin": [8.4, 15.35456, 8.53125]},
			"faces": {
				"north": {"uv": [4, 4.75, 4.1875, 5], "texture": "#1"},
				"east": {"uv": [6.75, 3, 7.125, 3.25], "texture": "#1"},
				"south": {"uv": [1.5, 5, 1.6875, 5.25], "texture": "#1"},
				"west": {"uv": [4.375, 6.75, 4, 7], "texture": "#1"},
				"up": {"uv": [1.4375, 7.625, 1.25, 7.25], "texture": "#1"},
				"down": {"uv": [2.1875, 7.25, 2, 7.625], "texture": "#1"}
			}
		},
		{
			"from": [7.4, 5.32956, 16.88125],
			"to": [8.6, 5.77956, 19.85625],
			"rotation": {"angle": 0, "axis": "y", "origin": [8.2, 11.67956, 16.55625]},
			"faces": {
				"north": {"uv": [4.75, 7.75, 5.0625, 7.875], "texture": "#1"},
				"east": {"uv": [6.75, 5.5, 7.5, 5.625], "texture": "#1"},
				"south": {"uv": [5.25, 7.75, 5.5625, 7.875], "texture": "#1"},
				"west": {"uv": [7.5, 5.5, 6.75, 5.625], "texture": "#1"},
				"up": {"uv": [6.3125, 2.25, 6, 1.5], "texture": "#1"},
				"down": {"uv": [2.3125, 6, 2, 6.75], "texture": "#1"}
			}
		},
		{
			"from": [7.4, 5.77956, 16.43125],
			"to": [8.6, 6.22956, 19.85625],
			"rotation": {"angle": 0, "axis": "y", "origin": [8.2, 11.67956, 16.55625]},
			"faces": {
				"north": {"uv": [5.75, 7.75, 6.0625, 7.875], "texture": "#1"},
				"east": {"uv": [6.5, 2.5, 7.375, 2.625], "texture": "#1"},
				"south": {"uv": [7.75, 6, 8.0625, 6.125], "texture": "#1"},
				"west": {"uv": [7.375, 2.5, 6.5, 2.625], "texture": "#1"},
				"up": {"uv": [3.5625, 6.125, 3.25, 5.25], "texture": "#1"},
				"down": {"uv": [5.0625, 5.25, 4.75, 6.125], "texture": "#1"}
			}
		},
		{
			"from": [7.4, 6.22956, 15.95625],
			"to": [8.6, 6.67956, 19.85625],
			"rotation": {"angle": 0, "axis": "y", "origin": [8.2, 11.67956, 16.55625]},
			"faces": {
				"north": {"uv": [6.25, 7.75, 6.5625, 7.875], "texture": "#1"},
				"east": {"uv": [6.25, 6, 7.25, 6.125], "texture": "#1"},
				"south": {"uv": [7.75, 6.25, 8.0625, 6.375], "texture": "#1"},
				"west": {"uv": [7.25, 6, 6.25, 6.125], "texture": "#1"},
				"up": {"uv": [2.5625, 6, 2.25, 5], "texture": "#1"},
				"down": {"uv": [5.3125, 4.25, 5, 5.25], "texture": "#1"}
			}
		},
		{
			"from": [7.4, 6.67956, 15.48125],
			"to": [8.6, 9.20456, 19.85625],
			"rotation": {"angle": 0, "axis": "y", "origin": [8.2, 14.20456, 16.55625]},
			"faces": {
				"north": {"uv": [4, 6, 4.3125, 6.625], "texture": "#1"},
				"east": {"uv": [0.5, 2.75, 1.625, 3.375], "texture": "#1"},
				"south": {"uv": [0, 6.25, 0.3125, 6.875], "texture": "#1"},
				"west": {"uv": [1.625, 2.75, 0.5, 3.375], "texture": "#1"},
				"up": {"uv": [5.0625, 3.125, 4.75, 2], "texture": "#1"},
				"down": {"uv": [3.0625, 4.75, 2.75, 5.875], "texture": "#1"}
			}
		},
		{
			"from": [7.51202, 4.07131, 10.56925],
			"to": [8.50202, 4.24456, 11.13125],
			"rotation": {"angle": 0, "axis": "y", "origin": [8.00702, 3.57119, 12.28994]},
			"faces": {
				"north": {"uv": [8.25, 4.25, 8.5, 4.3125], "texture": "#1"},
				"east": {"uv": [1.5, 8.5, 1.625, 8.5625], "texture": "#1"},
				"south": {"uv": [4.5, 8.25, 4.75, 8.3125], "texture": "#1"},
				"west": {"uv": [1.625, 8.5, 1.5, 8.5625], "texture": "#1"},
				"up": {"uv": [8.25, 1.125, 8, 1], "texture": "#1"},
				"down": {"uv": [8.25, 1.25, 8, 1.375], "texture": "#1"}
			}
		},
		{
			"from": [7.51202, 4.24456, 9.604],
			"to": [8.50202, 4.41781, 11.13125],
			"rotation": {"angle": 0, "axis": "y", "origin": [8.00702, 3.57119, 12.28994]},
			"faces": {
				"north": {"uv": [8.25, 4.5, 8.5, 4.5625], "texture": "#1"},
				"east": {"uv": [8.25, 1, 8.625, 1.0625], "texture": "#1"},
				"south": {"uv": [4.75, 8.25, 5, 8.3125], "texture": "#1"},
				"west": {"uv": [8.625, 1, 8.25, 1.0625], "texture": "#1"},
				"up": {"uv": [0.25, 7.375, 0, 7], "texture": "#1"},
				"down": {"uv": [7.25, 0, 7, 0.375], "texture": "#1"}
			}
		},
		{
			"from": [7.51202, 4.41781, 8.63875],
			"to": [8.50202, 4.59106, 11.13125],
			"rotation": {"angle": 0, "axis": "y", "origin": [8.00702, 3.57119, 12.28994]},
			"faces": {
				"north": {"uv": [8.25, 4.75, 8.5, 4.8125], "texture": "#1"},
				"east": {"uv": [7.25, 7.75, 7.875, 7.8125], "texture": "#1"},
				"south": {"uv": [5, 8.25, 5.25, 8.3125], "texture": "#1"},
				"west": {"uv": [7.875, 7.75, 7.25, 7.8125], "texture": "#1"},
				"up": {"uv": [0.75, 4.875, 0.5, 4.25], "texture": "#1"},
				"down": {"uv": [4.75, 6, 4.5, 6.625], "texture": "#1"}
			}
		},
		{
			"from": [7.51202, 4.59106, 7.8715],
			"to": [8.50202, 4.76431, 11.13125],
			"rotation": {"angle": 0, "axis": "y", "origin": [8.00702, 3.57119, 12.28994]},
			"faces": {
				"north": {"uv": [8.25, 5, 8.5, 5.0625], "texture": "#1"},
				"east": {"uv": [7.5, 5.75, 8.3125, 5.8125], "texture": "#1"},
				"south": {"uv": [5.25, 8.25, 5.5, 8.3125], "texture": "#1"},
				"west": {"uv": [8.3125, 5.75, 7.5, 5.8125], "texture": "#1"},
				"up": {"uv": [3.25, 6.8125, 3, 6], "texture": "#1"},
				"down": {"uv": [4, 6, 3.75, 6.8125], "texture": "#1"}
			}
		},
		{
			"from": [7.51202, 4.76431, 7.678],
			"to": [8.50202, 6.20456, 11.13125],
			"rotation": {"angle": 0, "axis": "y", "origin": [8.00702, 3.57119, 12.28994]},
			"faces": {
				"north": {"uv": [0.25, 7, 0.5, 7.375], "texture": "#1"},
				"east": {"uv": [0.5, 5, 1.375, 5.375], "texture": "#1"},
				"south": {"uv": [0.75, 7, 1, 7.375], "texture": "#1"},
				"west": {"uv": [1.375, 5, 0.5, 5.375], "texture": "#1"},
				"up": {"uv": [2.75, 6.875, 2.5, 6], "texture": "#1"},
				"down": {"uv": [3, 6, 2.75, 6.875], "texture": "#1"}
			}
		},
		{
			"from": [8.61782, 8.24154, 8.3825],
			"to": [9.85532, 8.66229, 8.828],
			"rotation": {"angle": 0, "axis": "y", "origin": [8, 8, 7]},
			"faces": {
				"north": {"uv": [8.5, 7.5, 8.8125, 7.625], "texture": "#1"},
				"east": {"uv": [8.5, 7.5, 8.8125, 7.625], "texture": "#1"},
				"south": {"uv": [8.5, 7.5, 8.8125, 7.625], "texture": "#1"},
				"west": {"uv": [8.5, 7.5, 8.8125, 7.625], "texture": "#1"},
				"up": {"uv": [8.5, 7.5, 8.8125, 7.625], "texture": "#1"},
				"down": {"uv": [8.5, 7.5, 8.8125, 7.625], "texture": "#1"}
			}
		},
		{
			"from": [9.45932, 8.66229, 8.3825],
			"to": [9.85532, 9.08304, 8.828],
			"rotation": {"angle": 0, "axis": "y", "origin": [8, 8, 7]},
			"faces": {
				"north": {"uv": [9.75, 9.75, 9.875, 9.875], "texture": "#1"},
				"east": {"uv": [9.75, 9.75, 9.875, 9.875], "texture": "#1"},
				"south": {"uv": [9.75, 9.75, 9.875, 9.875], "texture": "#1"},
				"west": {"uv": [9.75, 9.75, 9.875, 9.875], "texture": "#1"},
				"up": {"uv": [9.75, 9.75, 9.875, 9.875], "texture": "#1"},
				"down": {"uv": [9.75, 9.75, 9.875, 9.875], "texture": "#1"}
			}
		},
		{
			"from": [9.45932, 9.08304, 8.3825],
			"to": [10.59782, 9.50379, 8.828],
			"rotation": {"angle": 0, "axis": "y", "origin": [8, 8, 7]},
			"faces": {
				"north": {"uv": [8.25, 8.5, 8.5625, 8.625], "texture": "#1"},
				"east": {"uv": [8.25, 8.5, 8.5625, 8.625], "texture": "#1"},
				"south": {"uv": [8.25, 8.5, 8.5625, 8.625], "texture": "#1"},
				"west": {"uv": [8.25, 8.5, 8.5625, 8.625], "texture": "#1"},
				"up": {"uv": [8.25, 8.5, 8.5625, 8.625], "texture": "#1"},
				"down": {"uv": [8.25, 8.5, 8.5625, 8.625], "texture": "#1"}
			}
		},
		{
			"from": [7.505, 3.64856, 14.78325],
			"to": [8.495, 3.82181, 15.72375],
			"rotation": {"angle": 0, "axis": "y", "origin": [8, 5.15119, 14.016]},
			"faces": {
				"north": {"uv": [9.75, 3.75, 10, 3.8125], "texture": "#0"},
				"east": {"uv": [9.75, 4, 10, 4.0625], "texture": "#0"},
				"south": {"uv": [4.25, 9.75, 4.5, 9.8125], "texture": "#0"},
				"west": {"uv": [10, 4, 9.75, 4.0625], "texture": "#0"},
				"up": {"uv": [0.25, 8.25, 0, 8], "texture": "#0"},
				"down": {"uv": [0.5, 8, 0.25, 8.25], "texture": "#0"}
			}
		},
		{
			"from": [7.505, 3.99506, 14.58525],
			"to": [8.495, 4.16831, 16.095],
			"rotation": {"angle": 0, "axis": "y", "origin": [8, 5.15119, 14.016]},
			"faces": {
				"north": {"uv": [4.5, 9.75, 4.75, 9.8125], "texture": "#0"},
				"east": {"uv": [7.5, 9.25, 7.875, 9.3125], "texture": "#0"},
				"south": {"uv": [9.75, 4.5, 10, 4.5625], "texture": "#0"},
				"west": {"uv": [7.875, 9.25, 7.5, 9.3125], "texture": "#0"},
				"up": {"uv": [5.25, 7.625, 5, 7.25], "texture": "#0"},
				"down": {"uv": [4, 7.5, 3.75, 7.875], "texture": "#0"}
			}
		},
		{
			"from": [7.505, 3.82181, 14.58525],
			"to": [8.495, 3.99506, 15.897],
			"rotation": {"angle": 0, "axis": "y", "origin": [8, 5.15119, 14.016]},
			"faces": {
				"north": {"uv": [9.75, 4.75, 10, 4.8125], "texture": "#0"},
				"east": {"uv": [9.5, 8.25, 9.8125, 8.3125], "texture": "#0"},
				"south": {"uv": [9.75, 5, 10, 5.0625], "texture": "#0"},
				"west": {"uv": [9.8125, 8.25, 9.5, 8.3125], "texture": "#0"},
				"up": {"uv": [7.5, 7.8125, 7.25, 7.5], "texture": "#0"},
				"down": {"uv": [7.75, 7.25, 7.5, 7.5625], "texture": "#0"}
			}
		},
		{
			"from": [7.505, 4.16831, 14.38725],
			"to": [8.495, 4.51481, 16.095],
			"rotation": {"angle": 0, "axis": "y", "origin": [8, 5.15119, 14.016]},
			"faces": {
				"north": {"uv": [5.25, 9.75, 5.5, 9.8125], "texture": "#0"},
				"east": {"uv": [9, 7.5, 9.4375, 7.5625], "texture": "#0"},
				"south": {"uv": [9.75, 5.25, 10, 5.3125], "texture": "#0"},
				"west": {"uv": [9.4375, 7.5, 9, 7.5625], "texture": "#0"},
				"up": {"uv": [2.75, 7.4375, 2.5, 7], "texture": "#0"},
				"down": {"uv": [4, 7, 3.75, 7.4375], "texture": "#0"}
			}
		},
		{
			"from": [7.505, 4.51481, 14.214],
			"to": [8.495, 4.76231, 15.92175],
			"rotation": {"angle": 0, "axis": "y", "origin": [8, 5.15119, 14.016]},
			"faces": {
				"north": {"uv": [5.5, 9.75, 5.75, 9.8125], "texture": "#0"},
				"east": {"uv": [9, 7.75, 9.4375, 7.8125], "texture": "#0"},
				"south": {"uv": [9.75, 5.5, 10, 5.5625], "texture": "#0"},
				"west": {"uv": [9.4375, 7.75, 9, 7.8125], "texture": "#0"},
				"up": {"uv": [5.5, 7.4375, 5.25, 7], "texture": "#0"},
				"down": {"uv": [7.5, 0, 7.25, 0.4375], "texture": "#0"}
			}
		},
		{
			"from": [7.505, 4.76231, 13.8675],
			"to": [8.495, 5.13356, 15.699],
			"rotation": {"angle": 0, "axis": "y", "origin": [8, 5.15119, 14.016]},
			"faces": {
				"north": {"uv": [5.75, 9.75, 6, 9.8125], "texture": "#0"},
				"east": {"uv": [8.25, 9, 8.6875, 9.0625], "texture": "#0"},
				"south": {"uv": [9.75, 5.75, 10, 5.8125], "texture": "#0"},
				"west": {"uv": [8.6875, 9, 8.25, 9.0625], "texture": "#0"},
				"up": {"uv": [7.5, 0.9375, 7.25, 0.5], "texture": "#0"},
				"down": {"uv": [1.75, 7.25, 1.5, 7.6875], "texture": "#0"}
			}
		},
		{
			"from": [7.505, 5.13356, 13.8675],
			"to": [8.495, 5.30681, 15.501],
			"rotation": {"angle": 0, "axis": "y", "origin": [8, 5.15119, 14.016]},
			"faces": {
				"north": {"uv": [6, 9.75, 6.25, 9.8125], "texture": "#0"},
				"east": {"uv": [8.75, 9, 9.1875, 9.0625], "texture": "#0"},
				"south": {"uv": [9.75, 6, 10, 6.0625], "texture": "#0"},
				"west": {"uv": [9.1875, 9, 8.75, 9.0625], "texture": "#0"},
				"up": {"uv": [2, 7.6875, 1.75, 7.25], "texture": "#0"},
				"down": {"uv": [7.5, 2, 7.25, 2.4375], "texture": "#0"}
			}
		},
		{
			"from": [7.505, 5.30681, 13.8675],
			"to": [8.495, 5.70281, 15.32775],
			"rotation": {"angle": 0, "axis": "y", "origin": [8, 5.15119, 14.016]},
			"faces": {
				"north": {"uv": [3.5, 9, 3.75, 9.125], "texture": "#0"},
				"east": {"uv": [8.25, 7, 8.625, 7.125], "texture": "#0"},
				"south": {"uv": [3.75, 9, 4, 9.125], "texture": "#0"},
				"west": {"uv": [8.625, 7, 8.25, 7.125], "texture": "#0"},
				"up": {"uv": [7.75, 4.875, 7.5, 4.5], "texture": "#0"},
				"down": {"uv": [7.75, 5, 7.5, 5.375], "texture": "#0"}
			}
		},
		{
			"from": [7.505, 5.70281, 13.6695],
			"to": [8.495, 5.87606, 15.1545],
			"rotation": {"angle": 0, "axis": "y", "origin": [8, 5.15119, 14.016]},
			"faces": {
				"north": {"uv": [6.25, 9.75, 6.5, 9.8125], "texture": "#0"},
				"east": {"uv": [8.5, 9.25, 8.875, 9.3125], "texture": "#0"},
				"south": {"uv": [9.75, 6.25, 10, 6.3125], "texture": "#0"},
				"west": {"uv": [8.875, 9.25, 8.5, 9.3125], "texture": "#0"},
				"up": {"uv": [5.5, 7.875, 5.25, 7.5], "texture": "#0"},
				"down": {"uv": [5.75, 7.5, 5.5, 7.875], "texture": "#0"}
			}
		},
		{
			"from": [7.505, 5.87606, 13.6695],
			"to": [8.495, 6.69281, 14.9565],
			"rotation": {"angle": 0, "axis": "y", "origin": [8, 5.15119, 14.016]},
			"faces": {
				"north": {"uv": [8.25, 7.5, 8.5, 7.6875], "texture": "#0"},
				"east": {"uv": [7.5, 8, 7.8125, 8.1875], "texture": "#0"},
				"south": {"uv": [7.75, 8.25, 8, 8.4375], "texture": "#0"},
				"west": {"uv": [7.8125, 8, 7.5, 8.1875], "texture": "#0"},
				"up": {"uv": [0.75, 8.0625, 0.5, 7.75], "texture": "#0"},
				"down": {"uv": [1, 7.75, 0.75, 8.0625], "texture": "#0"}
			}
		},
		{
			"from": [7.505, 5.52956, 13.422],
			"to": [8.495, 5.70281, 13.8675],
			"rotation": {"angle": 0, "axis": "y", "origin": [8, 5.15119, 14.016]},
			"faces": {
				"north": {"uv": [7, 10, 7.125, 10.0625], "texture": "#0"},
				"east": {"uv": [7, 10, 7.125, 10.0625], "texture": "#0"},
				"south": {"uv": [7, 10, 7.125, 10.0625], "texture": "#0"},
				"west": {"uv": [7, 10, 7.125, 10.0625], "texture": "#0"},
				"up": {"uv": [7, 10, 7.125, 10.0625], "texture": "#0"},
				"down": {"uv": [7, 10, 7.125, 10.0625], "texture": "#0"}
			}
		},
		{
			"from": [7.505, 5.35631, 12.729],
			"to": [8.495, 5.52956, 13.6695],
			"rotation": {"angle": 0, "axis": "y", "origin": [8, 5.15119, 14.016]},
			"faces": {
				"north": {"uv": [9.75, 6.75, 10, 6.8125], "texture": "#0"},
				"east": {"uv": [9.75, 6.75, 10, 6.8125], "texture": "#0"},
				"south": {"uv": [9.75, 6.75, 10, 6.8125], "texture": "#0"},
				"west": {"uv": [9.75, 6.75, 10, 6.8125], "texture": "#0"},
				"up": {"uv": [9.75, 6.75, 10, 6.8125], "texture": "#0"},
				"down": {"uv": [9.75, 6.75, 10, 6.8125], "texture": "#0"}
			}
		},
		{
			"from": [7.505, 5.52956, 12.50625],
			"to": [8.495, 5.70281, 12.8775],
			"rotation": {"angle": 0, "axis": "y", "origin": [8, 5.15119, 14.016]},
			"faces": {
				"north": {"uv": [10.75, 7.25, 10.8125, 7.3125], "texture": "#0"},
				"east": {"uv": [10.75, 7.25, 10.8125, 7.3125], "texture": "#0"},
				"south": {"uv": [10.75, 7.25, 10.8125, 7.3125], "texture": "#0"},
				"west": {"uv": [10.75, 7.25, 10.8125, 7.3125], "texture": "#0"},
				"up": {"uv": [10.75, 7.25, 10.8125, 7.3125], "texture": "#0"},
				"down": {"uv": [10.75, 7.25, 10.8125, 7.3125], "texture": "#0"}
			}
		},
		{
			"from": [7.80293, 6.43447, 13.00024],
			"to": [8.19707, 6.6999, 13.52261],
			"rotation": {"angle": 0, "axis": "y", "origin": [8, 5.15119, 14.016]},
			"faces": {
				"north": {"uv": [10, 7.25, 10.125, 7.3125], "texture": "#0"},
				"east": {"uv": [10, 7.25, 10.125, 7.3125], "texture": "#0"},
				"south": {"uv": [10, 7.25, 10.125, 7.3125], "texture": "#0"},
				"west": {"uv": [10, 7.25, 10.125, 7.3125], "texture": "#0"},
				"up": {"uv": [10, 7.25, 10.125, 7.3125], "texture": "#0"},
				"down": {"uv": [10, 7.25, 10.125, 7.3125], "texture": "#0"}
			}
		},
		{
			"from": [7.80293, 6.20122, 12.93589],
			"to": [8.19707, 6.43447, 13.29738],
			"rotation": {"angle": 0, "axis": "y", "origin": [8, 5.15119, 14.016]},
			"faces": {
				"north": {"uv": [10.75, 7.5, 10.8125, 7.5625], "texture": "#0"},
				"east": {"uv": [10.75, 7.5, 10.8125, 7.5625], "texture": "#0"},
				"south": {"uv": [10.75, 7.5, 10.8125, 7.5625], "texture": "#0"},
				"west": {"uv": [10.75, 7.5, 10.8125, 7.5625], "texture": "#0"},
				"up": {"uv": [10.75, 7.5, 10.8125, 7.5625], "texture": "#0"},
				"down": {"uv": [10.75, 7.5, 10.8125, 7.5625], "texture": "#0"}
			}
		},
		{
			"from": [7.80293, 5.96796, 12.71066],
			"to": [8.19707, 6.20122, 13.13651],
			"rotation": {"angle": 0, "axis": "y", "origin": [8, 5.15119, 14.016]},
			"faces": {
				"north": {"uv": [10, 8.25, 10.125, 8.3125], "texture": "#0"},
				"east": {"uv": [10, 8.25, 10.125, 8.3125], "texture": "#0"},
				"south": {"uv": [10, 8.25, 10.125, 8.3125], "texture": "#0"},
				"west": {"uv": [10, 8.25, 10.125, 8.3125], "texture": "#0"},
				"up": {"uv": [10, 8.25, 10.125, 8.3125], "texture": "#0"},
				"down": {"uv": [10, 8.25, 10.125, 8.3125], "texture": "#0"}
			}
		},
		{
			"from": [6.975, 7.52956, -12.04375],
			"to": [9.025, 9.57956, -7.91875],
			"rotation": {"angle": 0, "axis": "y", "origin": [8.2, 14.20456, -0.44375]},
			"faces": {
				"north": {"uv": [1, 5.5, 1.5, 6], "texture": "#1"},
				"east": {"uv": [3.5, 0.75, 4.5625, 1.25], "texture": "#1"},
				"south": {"uv": [1.5, 5.5, 1, 6], "texture": "#1"},
				"west": {"uv": [4.5625, 0.75, 3.5, 1.25], "texture": "#1"},
				"up": {"uv": [3.5, 1.25, 4.5625, 0.75], "rotation": 90, "texture": "#1"},
				"down": {"uv": [3.5, 0.75, 4.5625, 1.25], "rotation": 90, "texture": "#1"}
			}
		},
		{
			"from": [7.425, 7.97956, -12.74375],
			"to": [8.575, 9.12956, -12.04375],
			"rotation": {"angle": 0, "axis": "y", "origin": [8.2, 14.20456, 0.28125]},
			"faces": {
				"north": {"uv": [6.5, 4.25, 6.8125, 4.5625], "texture": "#1"},
				"east": {"uv": [4, 7.25, 4.1875, 7.5625], "texture": "#1"},
				"south": {"uv": [6.5, 6.25, 6.8125, 6.5625], "texture": "#1"},
				"west": {"uv": [4.1875, 7.25, 4, 7.5625], "texture": "#1"},
				"up": {"uv": [4.1875, 7.25, 4, 7.5625], "rotation": 90, "texture": "#1"},
				"down": {"uv": [4, 7.25, 4.1875, 7.5625], "rotation": 90, "texture": "#1"}
			}
		},
		{
			"from": [7.505, 5.93706, 3.1965],
			"to": [8.495, 6.13506, 4.11225],
			"rotation": {"angle": 0, "axis": "y", "origin": [8, 6.05744, -0.47835]},
			"faces": {
				"north": {"uv": [2, 10, 2.25, 10.0625], "texture": "#0"},
				"east": {"uv": [10, 2.25, 10.25, 2.3125], "texture": "#0"},
				"south": {"uv": [2.25, 10, 2.5, 10.0625], "texture": "#0"},
				"west": {"uv": [10, 2.25, 10.25, 2.3125], "texture": "#0"},
				"up": {"uv": [4.75, 8.25, 4.5, 8], "texture": "#0"},
				"down": {"uv": [5, 8, 4.75, 8.25], "texture": "#0"}
			}
		},
		{
			"from": [7.505, 6.13506, 3.02325],
			"to": [8.495, 6.33306, 4.2855],
			"rotation": {"angle": 0, "axis": "y", "origin": [8, 6.05744, -0.47835]},
			"faces": {
				"north": {"uv": [2.5, 10, 2.75, 10.0625], "texture": "#0"},
				"east": {"uv": [9.8125, 8.75, 9.5, 8.8125], "texture": "#0"},
				"south": {"uv": [10, 2.5, 10.25, 2.5625], "texture": "#0"},
				"west": {"uv": [9.5, 8.75, 9.8125, 8.8125], "texture": "#0"},
				"up": {"uv": [1.25, 8.0625, 1, 7.75], "texture": "#0"},
				"down": {"uv": [1.5, 7.75, 1.25, 8.0625], "texture": "#0"}
			}
		},
		{
			"from": [7.505, 6.33306, 2.6025],
			"to": [8.495, 6.67956, 4.70625],
			"rotation": {"angle": 0, "axis": "y", "origin": [8, 6.05744, -0.47835]},
			"faces": {
				"north": {"uv": [2.75, 10, 3, 10.0625], "texture": "#0"},
				"east": {"uv": [9, 6.25, 9.5, 6.3125], "texture": "#0"},
				"south": {"uv": [10, 2.75, 10.25, 2.8125], "texture": "#0"},
				"west": {"uv": [9.5, 6.25, 9, 6.3125], "texture": "#0"},
				"up": {"uv": [2.25, 4.75, 2, 4.25], "texture": "#0"},
				"down": {"uv": [2.25, 4.25, 2, 4.75], "texture": "#0"}
			}
		},
		{
			"from": [8.585, 6.43656, -3.5895],
			"to": [8.99, 6.49056, 2.94675],
			"rotation": {"angle": 0, "axis": "y", "origin": [8, 6.05744, -0.47835]},
			"faces": {
				"north": {"uv": [5.875, 3.625, 5.75, 2], "texture": "#0"},
				"east": {"uv": [5.875, 3.625, 5.75, 2], "texture": "#0"},
				"south": {"uv": [5.875, 3.625, 5.75, 2], "texture": "#0"},
				"west": {"uv": [5.875, 3.625, 5.75, 2], "texture": "#0"},
				"up": {"uv": [5.875, 3.625, 5.75, 2], "texture": "#0"},
				"down": {"uv": [5.875, 3.625, 5.75, 2], "texture": "#0"}
			}
		},
		{
			"from": [8.585, 6.18906, -3.5895],
			"to": [8.99, 6.24306, 2.94675],
			"rotation": {"angle": 0, "axis": "y", "origin": [8, 6.05744, -0.47835]},
			"faces": {
				"north": {"uv": [7.5, 0.75, 9.125, 0.8125], "texture": "#0"},
				"east": {"uv": [7.5, 0.75, 9.125, 0.8125], "texture": "#0"},
				"south": {"uv": [7.5, 0.75, 9.125, 0.8125], "texture": "#0"},
				"west": {"uv": [7.5, 0.75, 9.125, 0.8125], "texture": "#0"},
				"up": {"uv": [7.5, 0.75, 9.125, 0.8125], "texture": "#0"},
				"down": {"uv": [7.5, 0.75, 9.125, 0.8125], "texture": "#0"}
			}
		},
		{
			"from": [8.585, 6.24306, -3.5895],
			"to": [8.99, 6.43656, -3.30825],
			"rotation": {"angle": 0, "axis": "y", "origin": [8, 6.05744, -0.47835]},
			"faces": {
				"north": {"uv": [3, 11, 3.0625, 11.0625], "texture": "#0"},
				"east": {"uv": [3, 11, 3.0625, 11.0625], "texture": "#0"},
				"south": {"uv": [3, 11, 3.0625, 11.0625], "texture": "#0"},
				"west": {"uv": [3, 11, 3.0625, 11.0625], "texture": "#0"},
				"up": {"uv": [3, 11, 3.0625, 11.0625], "texture": "#0"},
				"down": {"uv": [3, 11, 3.0625, 11.0625], "texture": "#0"}
			}
		},
		{
			"from": [8.585, 6.24306, -3.027],
			"to": [8.99, 6.43656, -2.74575],
			"rotation": {"angle": 0, "axis": "y", "origin": [8, 6.05744, -0.47835]},
			"faces": {
				"north": {"uv": [3.25, 11, 3.3125, 11.0625], "texture": "#0"},
				"east": {"uv": [3.25, 11, 3.3125, 11.0625], "texture": "#0"},
				"south": {"uv": [3.25, 11, 3.3125, 11.0625], "texture": "#0"},
				"west": {"uv": [3.25, 11, 3.3125, 11.0625], "texture": "#0"},
				"up": {"uv": [3.25, 11, 3.3125, 11.0625], "texture": "#0"},
				"down": {"uv": [3.25, 11, 3.3125, 11.0625], "texture": "#0"}
			}
		},
		{
			"from": [8.585, 6.24306, -2.4645],
			"to": [8.99, 6.43656, -2.18325],
			"rotation": {"angle": 0, "axis": "y", "origin": [8, 6.05744, -0.47835]},
			"faces": {
				"north": {"uv": [3.5, 11, 3.5625, 11.0625], "texture": "#0"},
				"east": {"uv": [3.5, 11, 3.5625, 11.0625], "texture": "#0"},
				"south": {"uv": [3.5, 11, 3.5625, 11.0625], "texture": "#0"},
				"west": {"uv": [3.5, 11, 3.5625, 11.0625], "texture": "#0"},
				"up": {"uv": [3.5, 11, 3.5625, 11.0625], "texture": "#0"},
				"down": {"uv": [3.5, 11, 3.5625, 11.0625], "texture": "#0"}
			}
		},
		{
			"from": [8.585, 6.24306, -1.902],
			"to": [8.99, 6.43656, -1.62075],
			"rotation": {"angle": 0, "axis": "y", "origin": [8, 6.05744, -0.47835]},
			"faces": {
				"north": {"uv": [3.75, 11, 3.8125, 11.0625], "texture": "#0"},
				"east": {"uv": [3.75, 11, 3.8125, 11.0625], "texture": "#0"},
				"south": {"uv": [3.75, 11, 3.8125, 11.0625], "texture": "#0"},
				"west": {"uv": [3.75, 11, 3.8125, 11.0625], "texture": "#0"},
				"up": {"uv": [3.75, 11, 3.8125, 11.0625], "texture": "#0"},
				"down": {"uv": [3.75, 11, 3.8125, 11.0625], "texture": "#0"}
			}
		},
		{
			"from": [8.585, 6.24306, -1.3395],
			"to": [8.99, 6.43656, -1.05825],
			"rotation": {"angle": 0, "axis": "y", "origin": [8, 6.05744, -0.47835]},
			"faces": {
				"north": {"uv": [4, 11, 4.0625, 11.0625], "texture": "#0"},
				"east": {"uv": [4, 11, 4.0625, 11.0625], "texture": "#0"},
				"south": {"uv": [4, 11, 4.0625, 11.0625], "texture": "#0"},
				"west": {"uv": [4, 11, 4.0625, 11.0625], "texture": "#0"},
				"up": {"uv": [4, 11, 4.0625, 11.0625], "texture": "#0"},
				"down": {"uv": [4, 11, 4.0625, 11.0625], "texture": "#0"}
			}
		},
		{
			"from": [8.585, 6.24306, -0.777],
			"to": [8.99, 6.43656, -0.49575],
			"rotation": {"angle": 0, "axis": "y", "origin": [8, 6.05744, -0.47835]},
			"faces": {
				"north": {"uv": [4.25, 11, 4.3125, 11.0625], "texture": "#0"},
				"east": {"uv": [4.25, 11, 4.3125, 11.0625], "texture": "#0"},
				"south": {"uv": [4.25, 11, 4.3125, 11.0625], "texture": "#0"},
				"west": {"uv": [4.25, 11, 4.3125, 11.0625], "texture": "#0"},
				"up": {"uv": [4.25, 11, 4.3125, 11.0625], "texture": "#0"},
				"down": {"uv": [4.25, 11, 4.3125, 11.0625], "texture": "#0"}
			}
		},
		{
			"from": [8.585, 6.24306, -0.2145],
			"to": [8.99, 6.43656, 0.06675],
			"rotation": {"angle": 0, "axis": "y", "origin": [8, 6.05744, -0.47835]},
			"faces": {
				"north": {"uv": [4.5, 11, 4.5625, 11.0625], "texture": "#0"},
				"east": {"uv": [4.5, 11, 4.5625, 11.0625], "texture": "#0"},
				"south": {"uv": [4.5, 11, 4.5625, 11.0625], "texture": "#0"},
				"west": {"uv": [4.5, 11, 4.5625, 11.0625], "texture": "#0"},
				"up": {"uv": [4.5, 11, 4.5625, 11.0625], "texture": "#0"},
				"down": {"uv": [4.5, 11, 4.5625, 11.0625], "texture": "#0"}
			}
		},
		{
			"from": [8.585, 6.24306, 0.348],
			"to": [8.99, 6.43656, 0.62925],
			"rotation": {"angle": 0, "axis": "y", "origin": [8, 6.05744, -0.47835]},
			"faces": {
				"north": {"uv": [4.75, 11, 4.8125, 11.0625], "texture": "#0"},
				"east": {"uv": [4.75, 11, 4.8125, 11.0625], "texture": "#0"},
				"south": {"uv": [4.75, 11, 4.8125, 11.0625], "texture": "#0"},
				"west": {"uv": [4.75, 11, 4.8125, 11.0625], "texture": "#0"},
				"up": {"uv": [4.75, 11, 4.8125, 11.0625], "texture": "#0"},
				"down": {"uv": [4.75, 11, 4.8125, 11.0625], "texture": "#0"}
			}
		},
		{
			"from": [8.585, 6.24306, 1.473],
			"to": [8.99, 6.43656, 1.75425],
			"rotation": {"angle": 0, "axis": "y", "origin": [8, 6.05744, -0.47835]},
			"faces": {
				"north": {"uv": [5, 11, 5.0625, 11.0625], "texture": "#0"},
				"east": {"uv": [5, 11, 5.0625, 11.0625], "texture": "#0"},
				"south": {"uv": [5, 11, 5.0625, 11.0625], "texture": "#0"},
				"west": {"uv": [5, 11, 5.0625, 11.0625], "texture": "#0"},
				"up": {"uv": [5, 11, 5.0625, 11.0625], "texture": "#0"},
				"down": {"uv": [5, 11, 5.0625, 11.0625], "texture": "#0"}
			}
		},
		{
			"from": [8.585, 6.24306, 0.9105],
			"to": [8.99, 6.43656, 1.19175],
			"rotation": {"angle": 0, "axis": "y", "origin": [8, 6.05744, -0.47835]},
			"faces": {
				"north": {"uv": [5.25, 11, 5.3125, 11.0625], "texture": "#0"},
				"east": {"uv": [5.25, 11, 5.3125, 11.0625], "texture": "#0"},
				"south": {"uv": [5.25, 11, 5.3125, 11.0625], "texture": "#0"},
				"west": {"uv": [5.25, 11, 5.3125, 11.0625], "texture": "#0"},
				"up": {"uv": [5.25, 11, 5.3125, 11.0625], "texture": "#0"},
				"down": {"uv": [5.25, 11, 5.3125, 11.0625], "texture": "#0"}
			}
		},
		{
			"from": [8.585, 6.24306, 2.0355],
			"to": [8.99, 6.43656, 2.31675],
			"rotation": {"angle": 0, "axis": "y", "origin": [8, 6.05744, -0.47835]},
			"faces": {
				"north": {"uv": [5.5, 11, 5.5625, 11.0625], "texture": "#0"},
				"east": {"uv": [5.5, 11, 5.5625, 11.0625], "texture": "#0"},
				"south": {"uv": [5.5, 11, 5.5625, 11.0625], "texture": "#0"},
				"west": {"uv": [5.5, 11, 5.5625, 11.0625], "texture": "#0"},
				"up": {"uv": [5.5, 11, 5.5625, 11.0625], "texture": "#0"},
				"down": {"uv": [5.5, 11, 5.5625, 11.0625], "texture": "#0"}
			}
		},
		{
			"from": [8.585, 6.24306, 2.598],
			"to": [8.99, 6.43656, 2.94675],
			"rotation": {"angle": 0, "axis": "y", "origin": [8, 6.05744, -0.47835]},
			"faces": {
				"north": {"uv": [5.75, 11, 5.8125, 11.0625], "texture": "#0"},
				"east": {"uv": [5.75, 11, 5.8125, 11.0625], "texture": "#0"},
				"south": {"uv": [5.75, 11, 5.8125, 11.0625], "texture": "#0"},
				"west": {"uv": [5.75, 11, 5.8125, 11.0625], "texture": "#0"},
				"up": {"uv": [5.75, 11, 5.8125, 11.0625], "texture": "#0"},
				"down": {"uv": [5.75, 11, 5.8125, 11.0625], "texture": "#0"}
			}
		},
		{
			"from": [8.585, 6.18906, -4.05075],
			"to": [8.99, 6.49056, -3.5895],
			"rotation": {"angle": 0, "axis": "y", "origin": [8, 6.05744, -0.47835]},
			"faces": {
				"north": {"uv": [10.5, 10, 10.625, 10.0625], "texture": "#0"},
				"east": {"uv": [10.5, 10, 10.625, 10.0625], "texture": "#0"},
				"south": {"uv": [10.5, 10, 10.625, 10.0625], "texture": "#0"},
				"west": {"uv": [10.5, 10, 10.625, 10.0625], "texture": "#0"},
				"up": {"uv": [10.5, 10, 10.625, 10.0625], "texture": "#0"},
				"down": {"uv": [10.5, 10, 10.625, 10.0625], "texture": "#0"}
			}
		},
		{
			"from": [8.495, 5.87406, -4.242],
			"to": [9.08, 6.19806, 2.94675],
			"rotation": {"angle": 0, "axis": "y", "origin": [8, 6.05744, -0.47835]},
			"faces": {
				"north": {"uv": [10.5, 10.5, 10.625, 10.5625], "texture": "#0"},
				"east": {"uv": [7, 6.25, 8.8125, 6.3125], "texture": "#0"},
				"south": {"uv": [0, 10.75, 0.125, 10.8125], "texture": "#0"},
				"west": {"uv": [8.8125, 6.25, 7, 6.3125], "texture": "#0"},
				"up": {"uv": [8.8125, 6.25, 7, 6.3125], "rotation": 90, "texture": "#0"},
				"down": {"uv": [7, 6.25, 8.8125, 6.3125], "rotation": 90, "texture": "#0"}
			}
		},
		{
			"from": [8.45, 5.73906, -4.52325],
			"to": [9.125, 6.33306, -4.242],
			"rotation": {"angle": 0, "axis": "y", "origin": [8, 6.05744, -0.47835]},
			"faces": {
				"north": {"uv": [10.75, 0, 10.8125, 0.125], "texture": "#0"},
				"east": {"uv": [10.75, 0, 10.8125, 0.125], "texture": "#0"},
				"south": {"uv": [10.75, 0, 10.8125, 0.125], "texture": "#0"},
				"west": {"uv": [10.75, 0, 10.8125, 0.125], "texture": "#0"},
				"up": {"uv": [10.75, 0, 10.8125, 0.125], "texture": "#0"},
				"down": {"uv": [10.75, 0, 10.8125, 0.125], "texture": "#0"}
			}
		},
		{
			"from": [8.495, 5.73906, 2.94675],
			"to": [9.08, 6.33306, 4.2855],
			"rotation": {"angle": 0, "axis": "y", "origin": [8, 6.05744, -0.47835]},
			"faces": {
				"north": {"uv": [4, 10, 4.125, 10.125], "texture": "#0"},
				"east": {"uv": [8.75, 4.5, 9.0625, 4.625], "texture": "#0"},
				"south": {"uv": [10, 4, 10.125, 4.125], "texture": "#0"},
				"west": {"uv": [9.0625, 4.5, 8.75, 4.625], "texture": "#0"},
				"up": {"uv": [5.375, 9.0625, 5.25, 8.75], "texture": "#0"},
				"down": {"uv": [5.375, 9.0625, 5.25, 8.75], "texture": "#0"}
			}
		},
		{
			"from": [9.85289, 5.26656, -4.04181],
			"to": [11.19164, 6.76056, -3.77181],
			"rotation": {"angle": 22.5, "axis": "y", "origin": [8, 6.05744, -0.47835]},
			"faces": {
				"north": {"uv": [7.3125, 5.75, 7, 6.125], "texture": "#0"},
				"east": {"uv": [4.75, 9.5, 4.8125, 9.875], "texture": "#0"},
				"south": {"uv": [7, 5.75, 7.3125, 6.125], "texture": "#0"},
				"west": {"uv": [5, 9.5, 5.0625, 9.875], "texture": "#0"},
				"up": {"uv": [9.8125, 9.3125, 9.5, 9.25], "texture": "#0"},
				"down": {"uv": [0.3125, 9.75, 0, 9.8125], "texture": "#0"}
			}
		},
		{
			"from": [8.585, 5.82906, -3.5895],
			"to": [8.99, 5.88306, 2.94675],
			"rotation": {"angle": 0, "axis": "y", "origin": [8, 6.05744, -0.47835]},
			"faces": {
				"north": {"uv": [7.5, 2, 9.125, 2.0625], "texture": "#0"},
				"east": {"uv": [7.5, 2, 9.125, 2.0625], "texture": "#0"},
				"south": {"uv": [7.5, 2, 9.125, 2.0625], "texture": "#0"},
				"west": {"uv": [7.5, 2, 9.125, 2.0625], "texture": "#0"},
				"up": {"uv": [7.5, 2, 9.125, 2.0625], "texture": "#0"},
				"down": {"uv": [7.5, 2, 9.125, 2.0625], "texture": "#0"}
			}
		},
		{
			"from": [8.585, 5.58156, -3.5895],
			"to": [8.99, 5.63556, 2.94675],
			"rotation": {"angle": 0, "axis": "y", "origin": [8, 6.05744, -0.47835]},
			"faces": {
				"north": {"uv": [7.5, 3, 9.125, 3.0625], "texture": "#0"},
				"east": {"uv": [7.5, 3, 9.125, 3.0625], "texture": "#0"},
				"south": {"uv": [7.5, 3, 9.125, 3.0625], "texture": "#0"},
				"west": {"uv": [7.5, 3, 9.125, 3.0625], "texture": "#0"},
				"up": {"uv": [7.5, 3, 9.125, 3.0625], "texture": "#0"},
				"down": {"uv": [7.5, 3, 9.125, 3.0625], "texture": "#0"}
			}
		},
		{
			"from": [8.585, 5.63556, -3.5895],
			"to": [8.99, 5.82906, -3.30825],
			"rotation": {"angle": 0, "axis": "y", "origin": [8, 6.05744, -0.47835]},
			"faces": {
				"north": {"uv": [6, 11, 6.0625, 11.0625], "texture": "#0"},
				"east": {"uv": [6, 11, 6.0625, 11.0625], "texture": "#0"},
				"south": {"uv": [6, 11, 6.0625, 11.0625], "texture": "#0"},
				"west": {"uv": [6, 11, 6.0625, 11.0625], "texture": "#0"},
				"up": {"uv": [6, 11, 6.0625, 11.0625], "texture": "#0"},
				"down": {"uv": [6, 11, 6.0625, 11.0625], "texture": "#0"}
			}
		},
		{
			"from": [8.585, 5.63556, -3.027],
			"to": [8.99, 5.82906, -2.74575],
			"rotation": {"angle": 0, "axis": "y", "origin": [8, 6.05744, -0.47835]},
			"faces": {
				"north": {"uv": [6.25, 11, 6.3125, 11.0625], "texture": "#0"},
				"east": {"uv": [6.25, 11, 6.3125, 11.0625], "texture": "#0"},
				"south": {"uv": [6.25, 11, 6.3125, 11.0625], "texture": "#0"},
				"west": {"uv": [6.25, 11, 6.3125, 11.0625], "texture": "#0"},
				"up": {"uv": [6.25, 11, 6.3125, 11.0625], "texture": "#0"},
				"down": {"uv": [6.25, 11, 6.3125, 11.0625], "texture": "#0"}
			}
		},
		{
			"from": [8.585, 5.63556, -2.4645],
			"to": [8.99, 5.82906, -2.18325],
			"rotation": {"angle": 0, "axis": "y", "origin": [8, 6.05744, -0.47835]},
			"faces": {
				"north": {"uv": [6.5, 11, 6.5625, 11.0625], "texture": "#0"},
				"east": {"uv": [6.5, 11, 6.5625, 11.0625], "texture": "#0"},
				"south": {"uv": [6.5, 11, 6.5625, 11.0625], "texture": "#0"},
				"west": {"uv": [6.5, 11, 6.5625, 11.0625], "texture": "#0"},
				"up": {"uv": [6.5, 11, 6.5625, 11.0625], "texture": "#0"},
				"down": {"uv": [6.5, 11, 6.5625, 11.0625], "texture": "#0"}
			}
		},
		{
			"from": [8.585, 5.63556, -1.902],
			"to": [8.99, 5.82906, -1.62075],
			"rotation": {"angle": 0, "axis": "y", "origin": [8, 6.05744, -0.47835]},
			"faces": {
				"north": {"uv": [6.75, 11, 6.8125, 11.0625], "texture": "#0"},
				"east": {"uv": [6.75, 11, 6.8125, 11.0625], "texture": "#0"},
				"south": {"uv": [6.75, 11, 6.8125, 11.0625], "texture": "#0"},
				"west": {"uv": [6.75, 11, 6.8125, 11.0625], "texture": "#0"},
				"up": {"uv": [6.75, 11, 6.8125, 11.0625], "texture": "#0"},
				"down": {"uv": [6.75, 11, 6.8125, 11.0625], "texture": "#0"}
			}
		},
		{
			"from": [8.585, 5.63556, -1.3395],
			"to": [8.99, 5.82906, -1.05825],
			"rotation": {"angle": 0, "axis": "y", "origin": [8, 6.05744, -0.47835]},
			"faces": {
				"north": {"uv": [7, 11, 7.0625, 11.0625], "texture": "#0"},
				"east": {"uv": [7, 11, 7.0625, 11.0625], "texture": "#0"},
				"south": {"uv": [7, 11, 7.0625, 11.0625], "texture": "#0"},
				"west": {"uv": [7, 11, 7.0625, 11.0625], "texture": "#0"},
				"up": {"uv": [7, 11, 7.0625, 11.0625], "texture": "#0"},
				"down": {"uv": [7, 11, 7.0625, 11.0625], "texture": "#0"}
			}
		},
		{
			"from": [8.585, 5.63556, -0.777],
			"to": [8.99, 5.82906, -0.49575],
			"rotation": {"angle": 0, "axis": "y", "origin": [8, 6.05744, -0.47835]},
			"faces": {
				"north": {"uv": [7.25, 11, 7.3125, 11.0625], "texture": "#0"},
				"east": {"uv": [7.25, 11, 7.3125, 11.0625], "texture": "#0"},
				"south": {"uv": [7.25, 11, 7.3125, 11.0625], "texture": "#0"},
				"west": {"uv": [7.25, 11, 7.3125, 11.0625], "texture": "#0"},
				"up": {"uv": [7.25, 11, 7.3125, 11.0625], "texture": "#0"},
				"down": {"uv": [7.25, 11, 7.3125, 11.0625], "texture": "#0"}
			}
		},
		{
			"from": [8.585, 5.63556, -0.2145],
			"to": [8.99, 5.82906, 0.06675],
			"rotation": {"angle": 0, "axis": "y", "origin": [8, 6.05744, -0.47835]},
			"faces": {
				"north": {"uv": [7.5, 11, 7.5625, 11.0625], "texture": "#0"},
				"east": {"uv": [7.5, 11, 7.5625, 11.0625], "texture": "#0"},
				"south": {"uv": [7.5, 11, 7.5625, 11.0625], "texture": "#0"},
				"west": {"uv": [7.5, 11, 7.5625, 11.0625], "texture": "#0"},
				"up": {"uv": [7.5, 11, 7.5625, 11.0625], "texture": "#0"},
				"down": {"uv": [7.5, 11, 7.5625, 11.0625], "texture": "#0"}
			}
		},
		{
			"from": [8.585, 5.63556, 0.348],
			"to": [8.99, 5.82906, 0.62925],
			"rotation": {"angle": 0, "axis": "y", "origin": [8, 6.05744, -0.47835]},
			"faces": {
				"north": {"uv": [7.75, 11, 7.8125, 11.0625], "texture": "#0"},
				"east": {"uv": [7.75, 11, 7.8125, 11.0625], "texture": "#0"},
				"south": {"uv": [7.75, 11, 7.8125, 11.0625], "texture": "#0"},
				"west": {"uv": [7.75, 11, 7.8125, 11.0625], "texture": "#0"},
				"up": {"uv": [7.75, 11, 7.8125, 11.0625], "texture": "#0"},
				"down": {"uv": [7.75, 11, 7.8125, 11.0625], "texture": "#0"}
			}
		},
		{
			"from": [8.585, 5.63556, 1.473],
			"to": [8.99, 5.82906, 1.75425],
			"rotation": {"angle": 0, "axis": "y", "origin": [8, 6.05744, -0.47835]},
			"faces": {
				"north": {"uv": [8, 11, 8.0625, 11.0625], "texture": "#0"},
				"east": {"uv": [8, 11, 8.0625, 11.0625], "texture": "#0"},
				"south": {"uv": [8, 11, 8.0625, 11.0625], "texture": "#0"},
				"west": {"uv": [8, 11, 8.0625, 11.0625], "texture": "#0"},
				"up": {"uv": [8, 11, 8.0625, 11.0625], "texture": "#0"},
				"down": {"uv": [8, 11, 8.0625, 11.0625], "texture": "#0"}
			}
		},
		{
			"from": [8.585, 5.63556, 0.9105],
			"to": [8.99, 5.82906, 1.19175],
			"rotation": {"angle": 0, "axis": "y", "origin": [8, 6.05744, -0.47835]},
			"faces": {
				"north": {"uv": [8.25, 11, 8.3125, 11.0625], "texture": "#0"},
				"east": {"uv": [8.25, 11, 8.3125, 11.0625], "texture": "#0"},
				"south": {"uv": [8.25, 11, 8.3125, 11.0625], "texture": "#0"},
				"west": {"uv": [8.25, 11, 8.3125, 11.0625], "texture": "#0"},
				"up": {"uv": [8.25, 11, 8.3125, 11.0625], "texture": "#0"},
				"down": {"uv": [8.25, 11, 8.3125, 11.0625], "texture": "#0"}
			}
		},
		{
			"from": [8.585, 5.63556, 2.0355],
			"to": [8.99, 5.82906, 2.31675],
			"rotation": {"angle": 0, "axis": "y", "origin": [8, 6.05744, -0.47835]},
			"faces": {
				"north": {"uv": [8.5, 11, 8.5625, 11.0625], "texture": "#0"},
				"east": {"uv": [8.5, 11, 8.5625, 11.0625], "texture": "#0"},
				"south": {"uv": [8.5, 11, 8.5625, 11.0625], "texture": "#0"},
				"west": {"uv": [8.5, 11, 8.5625, 11.0625], "texture": "#0"},
				"up": {"uv": [8.5, 11, 8.5625, 11.0625], "texture": "#0"},
				"down": {"uv": [8.5, 11, 8.5625, 11.0625], "texture": "#0"}
			}
		},
		{
			"from": [8.585, 5.63556, 2.598],
			"to": [8.99, 5.82906, 2.94675],
			"rotation": {"angle": 0, "axis": "y", "origin": [8, 6.05744, -0.47835]},
			"faces": {
				"north": {"uv": [8.75, 11, 8.8125, 11.0625], "texture": "#0"},
				"east": {"uv": [8.75, 11, 8.8125, 11.0625], "texture": "#0"},
				"south": {"uv": [8.75, 11, 8.8125, 11.0625], "texture": "#0"},
				"west": {"uv": [8.75, 11, 8.8125, 11.0625], "texture": "#0"},
				"up": {"uv": [8.75, 11, 8.8125, 11.0625], "texture": "#0"},
				"down": {"uv": [8.75, 11, 8.8125, 11.0625], "texture": "#0"}
			}
		},
		{
			"from": [8.585, 5.58156, -4.05075],
			"to": [8.99, 5.88306, -3.5895],
			"rotation": {"angle": 0, "axis": "y", "origin": [8, 6.05744, -0.47835]},
			"faces": {
				"north": {"uv": [7, 10.75, 7.125, 10.8125], "texture": "#0"},
				"east": {"uv": [7, 10.75, 7.125, 10.8125], "texture": "#0"},
				"south": {"uv": [7, 10.75, 7.125, 10.8125], "texture": "#0"},
				"west": {"uv": [7, 10.75, 7.125, 10.8125], "texture": "#0"},
				"up": {"uv": [7, 10.75, 7.125, 10.8125], "texture": "#0"},
				"down": {"uv": [7, 10.75, 7.125, 10.8125], "texture": "#0"}
			}
		},
		{
			"from": [7.01, 6.43656, -3.5895],
			"to": [7.415, 6.49056, 2.94675],
			"rotation": {"angle": 0, "axis": "y", "origin": [8, 6.05744, -0.47835]},
			"faces": {
				"north": {"uv": [5.75, 3.625, 5.875, 2], "texture": "#0"},
				"east": {"uv": [5.75, 3.625, 5.875, 2], "texture": "#0"},
				"south": {"uv": [5.75, 3.625, 5.875, 2], "texture": "#0"},
				"west": {"uv": [5.75, 3.625, 5.875, 2], "texture": "#0"},
				"up": {"uv": [5.75, 3.625, 5.875, 2], "texture": "#0"},
				"down": {"uv": [5.75, 3.625, 5.875, 2], "texture": "#0"}
			}
		},
		{
			"from": [7.01, 6.18906, -3.5895],
			"to": [7.415, 6.24306, 2.94675],
			"rotation": {"angle": 0, "axis": "y", "origin": [8, 6.05744, -0.47835]},
			"faces": {
				"north": {"uv": [9.125, 0.75, 7.5, 0.8125], "texture": "#0"},
				"east": {"uv": [9.125, 0.75, 7.5, 0.8125], "texture": "#0"},
				"south": {"uv": [9.125, 0.75, 7.5, 0.8125], "texture": "#0"},
				"west": {"uv": [9.125, 0.75, 7.5, 0.8125], "texture": "#0"},
				"up": {"uv": [9.125, 0.75, 7.5, 0.8125], "texture": "#0"},
				"down": {"uv": [9.125, 0.75, 7.5, 0.8125], "texture": "#0"}
			}
		},
		{
			"from": [7.01, 6.24306, -3.5895],
			"to": [7.415, 6.43656, -3.30825],
			"rotation": {"angle": 0, "axis": "y", "origin": [8, 6.05744, -0.47835]},
			"faces": {
				"north": {"uv": [3.0625, 11, 3, 11.0625], "texture": "#0"},
				"east": {"uv": [3.0625, 11, 3, 11.0625], "texture": "#0"},
				"south": {"uv": [3.0625, 11, 3, 11.0625], "texture": "#0"},
				"west": {"uv": [3.0625, 11, 3, 11.0625], "texture": "#0"},
				"up": {"uv": [3.0625, 11, 3, 11.0625], "texture": "#0"},
				"down": {"uv": [3.0625, 11, 3, 11.0625], "texture": "#0"}
			}
		},
		{
			"from": [7.01, 6.24306, -3.027],
			"to": [7.415, 6.43656, -2.74575],
			"rotation": {"angle": 0, "axis": "y", "origin": [8, 6.05744, -0.47835]},
			"faces": {
				"north": {"uv": [3.3125, 11, 3.25, 11.0625], "texture": "#0"},
				"east": {"uv": [3.3125, 11, 3.25, 11.0625], "texture": "#0"},
				"south": {"uv": [3.3125, 11, 3.25, 11.0625], "texture": "#0"},
				"west": {"uv": [3.3125, 11, 3.25, 11.0625], "texture": "#0"},
				"up": {"uv": [3.3125, 11, 3.25, 11.0625], "texture": "#0"},
				"down": {"uv": [3.3125, 11, 3.25, 11.0625], "texture": "#0"}
			}
		},
		{
			"from": [7.01, 6.24306, -2.4645],
			"to": [7.415, 6.43656, -2.18325],
			"rotation": {"angle": 0, "axis": "y", "origin": [8, 6.05744, -0.47835]},
			"faces": {
				"north": {"uv": [3.5625, 11, 3.5, 11.0625], "texture": "#0"},
				"east": {"uv": [3.5625, 11, 3.5, 11.0625], "texture": "#0"},
				"south": {"uv": [3.5625, 11, 3.5, 11.0625], "texture": "#0"},
				"west": {"uv": [3.5625, 11, 3.5, 11.0625], "texture": "#0"},
				"up": {"uv": [3.5625, 11, 3.5, 11.0625], "texture": "#0"},
				"down": {"uv": [3.5625, 11, 3.5, 11.0625], "texture": "#0"}
			}
		},
		{
			"from": [7.01, 6.24306, -1.902],
			"to": [7.415, 6.43656, -1.62075],
			"rotation": {"angle": 0, "axis": "y", "origin": [8, 6.05744, -0.47835]},
			"faces": {
				"north": {"uv": [3.8125, 11, 3.75, 11.0625], "texture": "#0"},
				"east": {"uv": [3.8125, 11, 3.75, 11.0625], "texture": "#0"},
				"south": {"uv": [3.8125, 11, 3.75, 11.0625], "texture": "#0"},
				"west": {"uv": [3.8125, 11, 3.75, 11.0625], "texture": "#0"},
				"up": {"uv": [3.8125, 11, 3.75, 11.0625], "texture": "#0"},
				"down": {"uv": [3.8125, 11, 3.75, 11.0625], "texture": "#0"}
			}
		},
		{
			"from": [7.01, 6.24306, -1.3395],
			"to": [7.415, 6.43656, -1.05825],
			"rotation": {"angle": 0, "axis": "y", "origin": [8, 6.05744, -0.47835]},
			"faces": {
				"north": {"uv": [4.0625, 11, 4, 11.0625], "texture": "#0"},
				"east": {"uv": [4.0625, 11, 4, 11.0625], "texture": "#0"},
				"south": {"uv": [4.0625, 11, 4, 11.0625], "texture": "#0"},
				"west": {"uv": [4.0625, 11, 4, 11.0625], "texture": "#0"},
				"up": {"uv": [4.0625, 11, 4, 11.0625], "texture": "#0"},
				"down": {"uv": [4.0625, 11, 4, 11.0625], "texture": "#0"}
			}
		},
		{
			"from": [7.01, 6.24306, -0.777],
			"to": [7.415, 6.43656, -0.49575],
			"rotation": {"angle": 0, "axis": "y", "origin": [8, 6.05744, -0.47835]},
			"faces": {
				"north": {"uv": [4.3125, 11, 4.25, 11.0625], "texture": "#0"},
				"east": {"uv": [4.3125, 11, 4.25, 11.0625], "texture": "#0"},
				"south": {"uv": [4.3125, 11, 4.25, 11.0625], "texture": "#0"},
				"west": {"uv": [4.3125, 11, 4.25, 11.0625], "texture": "#0"},
				"up": {"uv": [4.3125, 11, 4.25, 11.0625], "texture": "#0"},
				"down": {"uv": [4.3125, 11, 4.25, 11.0625], "texture": "#0"}
			}
		},
		{
			"from": [7.01, 6.24306, -0.2145],
			"to": [7.415, 6.43656, 0.06675],
			"rotation": {"angle": 0, "axis": "y", "origin": [8, 6.05744, -0.47835]},
			"faces": {
				"north": {"uv": [4.5625, 11, 4.5, 11.0625], "texture": "#0"},
				"east": {"uv": [4.5625, 11, 4.5, 11.0625], "texture": "#0"},
				"south": {"uv": [4.5625, 11, 4.5, 11.0625], "texture": "#0"},
				"west": {"uv": [4.5625, 11, 4.5, 11.0625], "texture": "#0"},
				"up": {"uv": [4.5625, 11, 4.5, 11.0625], "texture": "#0"},
				"down": {"uv": [4.5625, 11, 4.5, 11.0625], "texture": "#0"}
			}
		},
		{
			"from": [7.01, 6.24306, 0.348],
			"to": [7.415, 6.43656, 0.62925],
			"rotation": {"angle": 0, "axis": "y", "origin": [8, 6.05744, -0.47835]},
			"faces": {
				"north": {"uv": [4.8125, 11, 4.75, 11.0625], "texture": "#0"},
				"east": {"uv": [4.8125, 11, 4.75, 11.0625], "texture": "#0"},
				"south": {"uv": [4.8125, 11, 4.75, 11.0625], "texture": "#0"},
				"west": {"uv": [4.8125, 11, 4.75, 11.0625], "texture": "#0"},
				"up": {"uv": [4.8125, 11, 4.75, 11.0625], "texture": "#0"},
				"down": {"uv": [4.8125, 11, 4.75, 11.0625], "texture": "#0"}
			}
		},
		{
			"from": [7.01, 6.24306, 1.473],
			"to": [7.415, 6.43656, 1.75425],
			"rotation": {"angle": 0, "axis": "y", "origin": [8, 6.05744, -0.47835]},
			"faces": {
				"north": {"uv": [5.0625, 11, 5, 11.0625], "texture": "#0"},
				"east": {"uv": [5.0625, 11, 5, 11.0625], "texture": "#0"},
				"south": {"uv": [5.0625, 11, 5, 11.0625], "texture": "#0"},
				"west": {"uv": [5.0625, 11, 5, 11.0625], "texture": "#0"},
				"up": {"uv": [5.0625, 11, 5, 11.0625], "texture": "#0"},
				"down": {"uv": [5.0625, 11, 5, 11.0625], "texture": "#0"}
			}
		},
		{
			"from": [7.01, 6.24306, 0.9105],
			"to": [7.415, 6.43656, 1.19175],
			"rotation": {"angle": 0, "axis": "y", "origin": [8, 6.05744, -0.47835]},
			"faces": {
				"north": {"uv": [5.3125, 11, 5.25, 11.0625], "texture": "#0"},
				"east": {"uv": [5.3125, 11, 5.25, 11.0625], "texture": "#0"},
				"south": {"uv": [5.3125, 11, 5.25, 11.0625], "texture": "#0"},
				"west": {"uv": [5.3125, 11, 5.25, 11.0625], "texture": "#0"},
				"up": {"uv": [5.3125, 11, 5.25, 11.0625], "texture": "#0"},
				"down": {"uv": [5.3125, 11, 5.25, 11.0625], "texture": "#0"}
			}
		},
		{
			"from": [7.01, 6.24306, 2.0355],
			"to": [7.415, 6.43656, 2.31675],
			"rotation": {"angle": 0, "axis": "y", "origin": [8, 6.05744, -0.47835]},
			"faces": {
				"north": {"uv": [5.5625, 11, 5.5, 11.0625], "texture": "#0"},
				"east": {"uv": [5.5625, 11, 5.5, 11.0625], "texture": "#0"},
				"south": {"uv": [5.5625, 11, 5.5, 11.0625], "texture": "#0"},
				"west": {"uv": [5.5625, 11, 5.5, 11.0625], "texture": "#0"},
				"up": {"uv": [5.5625, 11, 5.5, 11.0625], "texture": "#0"},
				"down": {"uv": [5.5625, 11, 5.5, 11.0625], "texture": "#0"}
			}
		},
		{
			"from": [7.01, 6.24306, 2.598],
			"to": [7.415, 6.43656, 2.94675],
			"rotation": {"angle": 0, "axis": "y", "origin": [8, 6.05744, -0.47835]},
			"faces": {
				"north": {"uv": [5.8125, 11, 5.75, 11.0625], "texture": "#0"},
				"east": {"uv": [5.8125, 11, 5.75, 11.0625], "texture": "#0"},
				"south": {"uv": [5.8125, 11, 5.75, 11.0625], "texture": "#0"},
				"west": {"uv": [5.8125, 11, 5.75, 11.0625], "texture": "#0"},
				"up": {"uv": [5.8125, 11, 5.75, 11.0625], "texture": "#0"},
				"down": {"uv": [5.8125, 11, 5.75, 11.0625], "texture": "#0"}
			}
		},
		{
			"from": [7.01, 6.18906, -4.05075],
			"to": [7.415, 6.49056, -3.5895],
			"rotation": {"angle": 0, "axis": "y", "origin": [8, 6.05744, -0.47835]},
			"faces": {
				"north": {"uv": [10.625, 10, 10.5, 10.0625], "texture": "#0"},
				"east": {"uv": [10.625, 10, 10.5, 10.0625], "texture": "#0"},
				"south": {"uv": [10.625, 10, 10.5, 10.0625], "texture": "#0"},
				"west": {"uv": [10.625, 10, 10.5, 10.0625], "texture": "#0"},
				"up": {"uv": [10.625, 10, 10.5, 10.0625], "texture": "#0"},
				"down": {"uv": [10.625, 10, 10.5, 10.0625], "texture": "#0"}
			}
		},
		{
			"from": [6.92, 5.87406, -4.242],
			"to": [7.505, 6.19806, 2.94675],
			"rotation": {"angle": 0, "axis": "y", "origin": [8, 6.05744, -0.47835]},
			"faces": {
				"north": {"uv": [10.625, 10.5, 10.5, 10.5625], "texture": "#0"},
				"east": {"uv": [7, 6.25, 8.8125, 6.3125], "texture": "#0"},
				"south": {"uv": [0.125, 10.75, 0, 10.8125], "texture": "#0"},
				"west": {"uv": [8.8125, 6.25, 7, 6.3125], "texture": "#0"},
				"up": {"uv": [8.8125, 6.3125, 7, 6.25], "rotation": 90, "texture": "#0"},
				"down": {"uv": [7, 6.3125, 8.8125, 6.25], "rotation": 90, "texture": "#0"}
			}
		},
		{
			"from": [6.875, 5.73906, -4.52325],
			"to": [7.55, 6.33306, -4.242],
			"rotation": {"angle": 0, "axis": "y", "origin": [8, 6.05744, -0.47835]},
			"faces": {
				"north": {"uv": [10.8125, 0, 10.75, 0.125], "texture": "#0"},
				"east": {"uv": [10.8125, 0, 10.75, 0.125], "texture": "#0"},
				"south": {"uv": [10.8125, 0, 10.75, 0.125], "texture": "#0"},
				"west": {"uv": [10.8125, 0, 10.75, 0.125], "texture": "#0"},
				"up": {"uv": [10.8125, 0, 10.75, 0.125], "texture": "#0"},
				"down": {"uv": [10.8125, 0, 10.75, 0.125], "texture": "#0"}
			}
		},
		{
			"from": [6.92, 5.73906, 2.94675],
			"to": [7.505, 6.33306, 4.2855],
			"rotation": {"angle": 0, "axis": "y", "origin": [8, 6.05744, -0.47835]},
			"faces": {
				"north": {"uv": [4.125, 10, 4, 10.125], "texture": "#0"},
				"east": {"uv": [8.75, 4.5, 9.0625, 4.625], "texture": "#0"},
				"south": {"uv": [10.125, 4, 10, 4.125], "texture": "#0"},
				"west": {"uv": [9.0625, 4.5, 8.75, 4.625], "texture": "#0"},
				"up": {"uv": [5.25, 9.0625, 5.375, 8.75], "texture": "#0"},
				"down": {"uv": [5.25, 9.0625, 5.375, 8.75], "texture": "#0"}
			}
		},
		{
			"from": [4.80836, 5.26656, -4.04181],
			"to": [6.14711, 6.76056, -3.77181],
			"rotation": {"angle": -22.5, "axis": "y", "origin": [8, 6.05744, -0.47835]},
			"faces": {
				"north": {"uv": [7, 5.75, 7.3125, 6.125], "texture": "#0"},
				"east": {"uv": [5.0625, 9.5, 5, 9.875], "texture": "#0"},
				"south": {"uv": [7.3125, 5.75, 7, 6.125], "texture": "#0"},
				"west": {"uv": [4.8125, 9.5, 4.75, 9.875], "texture": "#0"},
				"up": {"uv": [9.5, 9.3125, 9.8125, 9.25], "texture": "#0"},
				"down": {"uv": [0, 9.75, 0.3125, 9.8125], "texture": "#0"}
			}
		},
		{
			"from": [7.01, 5.82906, -3.5895],
			"to": [7.415, 5.88306, 2.94675],
			"rotation": {"angle": 0, "axis": "y", "origin": [8, 6.05744, -0.47835]},
			"faces": {
				"north": {"uv": [9.125, 2, 7.5, 2.0625], "texture": "#0"},
				"east": {"uv": [9.125, 2, 7.5, 2.0625], "texture": "#0"},
				"south": {"uv": [9.125, 2, 7.5, 2.0625], "texture": "#0"},
				"west": {"uv": [9.125, 2, 7.5, 2.0625], "texture": "#0"},
				"up": {"uv": [9.125, 2, 7.5, 2.0625], "texture": "#0"},
				"down": {"uv": [9.125, 2, 7.5, 2.0625], "texture": "#0"}
			}
		},
		{
			"from": [7.01, 5.58156, -3.5895],
			"to": [7.415, 5.63556, 2.94675],
			"rotation": {"angle": 0, "axis": "y", "origin": [8, 6.05744, -0.47835]},
			"faces": {
				"north": {"uv": [9.125, 3, 7.5, 3.0625], "texture": "#0"},
				"east": {"uv": [9.125, 3, 7.5, 3.0625], "texture": "#0"},
				"south": {"uv": [9.125, 3, 7.5, 3.0625], "texture": "#0"},
				"west": {"uv": [9.125, 3, 7.5, 3.0625], "texture": "#0"},
				"up": {"uv": [9.125, 3, 7.5, 3.0625], "texture": "#0"},
				"down": {"uv": [9.125, 3, 7.5, 3.0625], "texture": "#0"}
			}
		},
		{
			"from": [7.01, 5.63556, -3.5895],
			"to": [7.415, 5.82906, -3.30825],
			"rotation": {"angle": 0, "axis": "y", "origin": [8, 6.05744, -0.47835]},
			"faces": {
				"north": {"uv": [6.0625, 11, 6, 11.0625], "texture": "#0"},
				"east": {"uv": [6.0625, 11, 6, 11.0625], "texture": "#0"},
				"south": {"uv": [6.0625, 11, 6, 11.0625], "texture": "#0"},
				"west": {"uv": [6.0625, 11, 6, 11.0625], "texture": "#0"},
				"up": {"uv": [6.0625, 11, 6, 11.0625], "texture": "#0"},
				"down": {"uv": [6.0625, 11, 6, 11.0625], "texture": "#0"}
			}
		},
		{
			"from": [7.01, 5.63556, -3.027],
			"to": [7.415, 5.82906, -2.74575],
			"rotation": {"angle": 0, "axis": "y", "origin": [8, 6.05744, -0.47835]},
			"faces": {
				"north": {"uv": [6.3125, 11, 6.25, 11.0625], "texture": "#0"},
				"east": {"uv": [6.3125, 11, 6.25, 11.0625], "texture": "#0"},
				"south": {"uv": [6.3125, 11, 6.25, 11.0625], "texture": "#0"},
				"west": {"uv": [6.3125, 11, 6.25, 11.0625], "texture": "#0"},
				"up": {"uv": [6.3125, 11, 6.25, 11.0625], "texture": "#0"},
				"down": {"uv": [6.3125, 11, 6.25, 11.0625], "texture": "#0"}
			}
		},
		{
			"from": [7.01, 5.63556, -2.4645],
			"to": [7.415, 5.82906, -2.18325],
			"rotation": {"angle": 0, "axis": "y", "origin": [8, 6.05744, -0.47835]},
			"faces": {
				"north": {"uv": [6.5625, 11, 6.5, 11.0625], "texture": "#0"},
				"east": {"uv": [6.5625, 11, 6.5, 11.0625], "texture": "#0"},
				"south": {"uv": [6.5625, 11, 6.5, 11.0625], "texture": "#0"},
				"west": {"uv": [6.5625, 11, 6.5, 11.0625], "texture": "#0"},
				"up": {"uv": [6.5625, 11, 6.5, 11.0625], "texture": "#0"},
				"down": {"uv": [6.5625, 11, 6.5, 11.0625], "texture": "#0"}
			}
		},
		{
			"from": [7.01, 5.63556, -1.902],
			"to": [7.415, 5.82906, -1.62075],
			"rotation": {"angle": 0, "axis": "y", "origin": [8, 6.05744, -0.47835]},
			"faces": {
				"north": {"uv": [6.8125, 11, 6.75, 11.0625], "texture": "#0"},
				"east": {"uv": [6.8125, 11, 6.75, 11.0625], "texture": "#0"},
				"south": {"uv": [6.8125, 11, 6.75, 11.0625], "texture": "#0"},
				"west": {"uv": [6.8125, 11, 6.75, 11.0625], "texture": "#0"},
				"up": {"uv": [6.8125, 11, 6.75, 11.0625], "texture": "#0"},
				"down": {"uv": [6.8125, 11, 6.75, 11.0625], "texture": "#0"}
			}
		},
		{
			"from": [7.01, 5.63556, -1.3395],
			"to": [7.415, 5.82906, -1.05825],
			"rotation": {"angle": 0, "axis": "y", "origin": [8, 6.05744, -0.47835]},
			"faces": {
				"north": {"uv": [7.0625, 11, 7, 11.0625], "texture": "#0"},
				"east": {"uv": [7.0625, 11, 7, 11.0625], "texture": "#0"},
				"south": {"uv": [7.0625, 11, 7, 11.0625], "texture": "#0"},
				"west": {"uv": [7.0625, 11, 7, 11.0625], "texture": "#0"},
				"up": {"uv": [7.0625, 11, 7, 11.0625], "texture": "#0"},
				"down": {"uv": [7.0625, 11, 7, 11.0625], "texture": "#0"}
			}
		},
		{
			"from": [7.01, 5.63556, -0.777],
			"to": [7.415, 5.82906, -0.49575],
			"rotation": {"angle": 0, "axis": "y", "origin": [8, 6.05744, -0.47835]},
			"faces": {
				"north": {"uv": [7.3125, 11, 7.25, 11.0625], "texture": "#0"},
				"east": {"uv": [7.3125, 11, 7.25, 11.0625], "texture": "#0"},
				"south": {"uv": [7.3125, 11, 7.25, 11.0625], "texture": "#0"},
				"west": {"uv": [7.3125, 11, 7.25, 11.0625], "texture": "#0"},
				"up": {"uv": [7.3125, 11, 7.25, 11.0625], "texture": "#0"},
				"down": {"uv": [7.3125, 11, 7.25, 11.0625], "texture": "#0"}
			}
		},
		{
			"from": [7.01, 5.63556, -0.2145],
			"to": [7.415, 5.82906, 0.06675],
			"rotation": {"angle": 0, "axis": "y", "origin": [8, 6.05744, -0.47835]},
			"faces": {
				"north": {"uv": [7.5625, 11, 7.5, 11.0625], "texture": "#0"},
				"east": {"uv": [7.5625, 11, 7.5, 11.0625], "texture": "#0"},
				"south": {"uv": [7.5625, 11, 7.5, 11.0625], "texture": "#0"},
				"west": {"uv": [7.5625, 11, 7.5, 11.0625], "texture": "#0"},
				"up": {"uv": [7.5625, 11, 7.5, 11.0625], "texture": "#0"},
				"down": {"uv": [7.5625, 11, 7.5, 11.0625], "texture": "#0"}
			}
		},
		{
			"from": [7.01, 5.63556, 0.348],
			"to": [7.415, 5.82906, 0.62925],
			"rotation": {"angle": 0, "axis": "y", "origin": [8, 6.05744, -0.47835]},
			"faces": {
				"north": {"uv": [7.8125, 11, 7.75, 11.0625], "texture": "#0"},
				"east": {"uv": [7.8125, 11, 7.75, 11.0625], "texture": "#0"},
				"south": {"uv": [7.8125, 11, 7.75, 11.0625], "texture": "#0"},
				"west": {"uv": [7.8125, 11, 7.75, 11.0625], "texture": "#0"},
				"up": {"uv": [7.8125, 11, 7.75, 11.0625], "texture": "#0"},
				"down": {"uv": [7.8125, 11, 7.75, 11.0625], "texture": "#0"}
			}
		},
		{
			"from": [7.01, 5.63556, 1.473],
			"to": [7.415, 5.82906, 1.75425],
			"rotation": {"angle": 0, "axis": "y", "origin": [8, 6.05744, -0.47835]},
			"faces": {
				"north": {"uv": [8.0625, 11, 8, 11.0625], "texture": "#0"},
				"east": {"uv": [8.0625, 11, 8, 11.0625], "texture": "#0"},
				"south": {"uv": [8.0625, 11, 8, 11.0625], "texture": "#0"},
				"west": {"uv": [8.0625, 11, 8, 11.0625], "texture": "#0"},
				"up": {"uv": [8.0625, 11, 8, 11.0625], "texture": "#0"},
				"down": {"uv": [8.0625, 11, 8, 11.0625], "texture": "#0"}
			}
		},
		{
			"from": [7.01, 5.63556, 0.9105],
			"to": [7.415, 5.82906, 1.19175],
			"rotation": {"angle": 0, "axis": "y", "origin": [8, 6.05744, -0.47835]},
			"faces": {
				"north": {"uv": [8.3125, 11, 8.25, 11.0625], "texture": "#0"},
				"east": {"uv": [8.3125, 11, 8.25, 11.0625], "texture": "#0"},
				"south": {"uv": [8.3125, 11, 8.25, 11.0625], "texture": "#0"},
				"west": {"uv": [8.3125, 11, 8.25, 11.0625], "texture": "#0"},
				"up": {"uv": [8.3125, 11, 8.25, 11.0625], "texture": "#0"},
				"down": {"uv": [8.3125, 11, 8.25, 11.0625], "texture": "#0"}
			}
		},
		{
			"from": [7.01, 5.63556, 2.0355],
			"to": [7.415, 5.82906, 2.31675],
			"rotation": {"angle": 0, "axis": "y", "origin": [8, 6.05744, -0.47835]},
			"faces": {
				"north": {"uv": [8.5625, 11, 8.5, 11.0625], "texture": "#0"},
				"east": {"uv": [8.5625, 11, 8.5, 11.0625], "texture": "#0"},
				"south": {"uv": [8.5625, 11, 8.5, 11.0625], "texture": "#0"},
				"west": {"uv": [8.5625, 11, 8.5, 11.0625], "texture": "#0"},
				"up": {"uv": [8.5625, 11, 8.5, 11.0625], "texture": "#0"},
				"down": {"uv": [8.5625, 11, 8.5, 11.0625], "texture": "#0"}
			}
		},
		{
			"from": [7.01, 5.63556, 2.598],
			"to": [7.415, 5.82906, 2.94675],
			"rotation": {"angle": 0, "axis": "y", "origin": [8, 6.05744, -0.47835]},
			"faces": {
				"north": {"uv": [8.8125, 11, 8.75, 11.0625], "texture": "#0"},
				"east": {"uv": [8.8125, 11, 8.75, 11.0625], "texture": "#0"},
				"south": {"uv": [8.8125, 11, 8.75, 11.0625], "texture": "#0"},
				"west": {"uv": [8.8125, 11, 8.75, 11.0625], "texture": "#0"},
				"up": {"uv": [8.8125, 11, 8.75, 11.0625], "texture": "#0"},
				"down": {"uv": [8.8125, 11, 8.75, 11.0625], "texture": "#0"}
			}
		},
		{
			"from": [7.01, 5.58156, -4.05075],
			"to": [7.415, 5.88306, -3.5895],
			"rotation": {"angle": 0, "axis": "y", "origin": [8, 6.05744, -0.47835]},
			"faces": {
				"north": {"uv": [7.125, 10.75, 7, 10.8125], "texture": "#0"},
				"east": {"uv": [7.125, 10.75, 7, 10.8125], "texture": "#0"},
				"south": {"uv": [7.125, 10.75, 7, 10.8125], "texture": "#0"},
				"west": {"uv": [7.125, 10.75, 7, 10.8125], "texture": "#0"},
				"up": {"uv": [7.125, 10.75, 7, 10.8125], "texture": "#0"},
				"down": {"uv": [7.125, 10.75, 7, 10.8125], "texture": "#0"}
			}
		},
		{
			"from": [7.8, 6.79544, -4.46975],
			"to": [8.2, 7.19544, -4.14975],
			"rotation": {"angle": 0, "axis": "z", "origin": [8, 6.07044, -6.58987]},
			"faces": {
				"north": {"uv": [7, 7, 7.25, 7.5], "rotation": 90, "texture": "#6"},
				"east": {"uv": [7, 7, 7.25, 7.5], "rotation": 270, "texture": "#6"},
				"south": {"uv": [7, 7, 7.25, 7.5], "rotation": 270, "texture": "#6"},
				"west": {"uv": [7, 7, 7.25, 7.5], "rotation": 270, "texture": "#6"},
				"up": {"uv": [7, 7, 7.25, 7.5], "rotation": 270, "texture": "#6"},
				"down": {"uv": [7, 7, 7.25, 7.5], "rotation": 270, "texture": "#6"}
			}
		},
		{
			"from": [7.65, 6.77044, -4.17475],
			"to": [8.35, 8.02044, -2.75475],
			"rotation": {"angle": 0, "axis": "z", "origin": [8, 6.07044, -6.58987]},
			"faces": {
				"north": {"uv": [8, 8.025, 9.25, 8.725], "rotation": 90, "texture": "#6"},
				"east": {"uv": [7.25, 8, 6, 9.42], "rotation": 270, "texture": "#6"},
				"south": {"uv": [8, 8.025, 9.25, 8.725], "rotation": 270, "texture": "#6"},
				"west": {"uv": [7.25, 9.47, 6, 8.05], "rotation": 270, "texture": "#6"},
				"up": {"uv": [9.47, 9.025, 8.05, 9.725], "rotation": 270, "texture": "#6"},
				"down": {"uv": [8.05, 9.025, 9.47, 9.725], "rotation": 270, "texture": "#6"}
			}
		},
		{
			"name": "laser",
			"from": [7.925, 6.92044, -15.875],
			"to": [8.075, 7.07044, -3.555],
			"rotation": {"angle": 0, "axis": "z", "origin": [8, 6.07044, -6.58987]},
			"faces": {
				"north": {"uv": [3, 8, 3.25, 8.25], "rotation": 90, "texture": "#6"},
				"east": {"uv": [12.25, 1.25, 0, 1], "texture": "#6"},
				"south": {"uv": [8, 3, 8.25, 3.25], "rotation": 270, "texture": "#6"},
				"west": {"uv": [0, 1.25, 12.25, 1], "texture": "#6"},
				"up": {"uv": [12.25, 1, 0, 1.25], "rotation": 270, "texture": "#6"},
				"down": {"uv": [0, 1, 12.25, 1.25], "rotation": 270, "texture": "#6"}
			}
		},
		{
			"from": [7.2, 10.18601, 6.59682],
			"to": [8.8, 11.78601, 11.68028],
			"rotation": {"angle": 0, "axis": "y", "origin": [8, 10.74104, 9.21516]},
			"faces": {
				"north": {"uv": [7.25, 0, 7.625, 0.375], "texture": "#5"},
				"east": {"uv": [4, 3.5, 5.25, 3.875], "texture": "#5"},
				"south": {"uv": [7.25, 0.5, 7.625, 0.875], "texture": "#5"},
				"west": {"uv": [5.25, 3.5, 4, 3.875], "texture": "#5"},
				"up": {"uv": [4.625, 1.75, 4.25, 0.5], "texture": "#5"},
				"down": {"uv": [1.875, 4.25, 1.5, 5.5], "texture": "#5"}
			}
		},
		{
			"from": [7, 9.98601, 3.95337],
			"to": [9, 11.98601, 6.59682],
			"rotation": {"angle": 0, "axis": "y", "origin": [8, 10.74104, 9.21516]},
			"faces": {
				"north": {"uv": [6, 4, 6.5, 4.5], "texture": "#5"},
				"east": {"uv": [4.75, 2.5, 5.4375, 3], "texture": "#5"},
				"south": {"uv": [6.25, 1.25, 6.75, 1.75], "texture": "#5"},
				"west": {"uv": [5.4375, 2.5, 4.75, 3], "texture": "#5"},
				"up": {"uv": [5.5, 2.4375, 5, 1.75], "texture": "#5"},
				"down": {"uv": [5.5, 4.5, 5, 5.1875], "texture": "#5"}
			}
		},
		{
			"from": [7.12, 9.87956, 9.81279],
			"to": [8.88, 10.31956, 14.55625],
			"rotation": {"angle": 0, "axis": "y", "origin": [8, 10.74104, 9.21516]},
			"faces": {
				"north": {"uv": [1.5, 8.5, 1.9375, 8.625], "texture": "#5"},
				"east": {"uv": [6.25, 7, 7.4375, 7.125], "texture": "#5"},
				"south": {"uv": [8.5, 1.5, 8.9375, 1.625], "texture": "#5"},
				"west": {"uv": [7.4375, 7, 6.25, 7.125], "texture": "#5"},
				"up": {"uv": [0.9375, 4.9375, 0.5, 3.75], "texture": "#5"},
				"down": {"uv": [4.1875, 0.5, 3.75, 1.6875], "texture": "#5"}
			}
		},
		{
			"from": [6.8, 9.84601, 8.39682],
			"to": [9.2, 11.76601, 11.10028],
			"rotation": {"angle": 0, "axis": "y", "origin": [8, 10.74104, 9.21516]},
			"faces": {
				"north": {"uv": [5.25, 4, 5.875, 4.5], "texture": "#5"},
				"east": {"uv": [5.25, 3, 5.9375, 3.5], "texture": "#5"},
				"south": {"uv": [5.25, 5.25, 5.875, 5.75], "texture": "#5"},
				"west": {"uv": [5.9375, 3, 5.25, 3.5], "texture": "#5"},
				"up": {"uv": [4.875, 2.4375, 4.25, 1.75], "texture": "#5"},
				"down": {"uv": [5.375, 0.5, 4.75, 1.1875], "texture": "#5"}
			}
		},
		{
			"from": [7.6, 9.60601, 8.76028],
			"to": [8.4, 9.88601, 14.24373],
			"rotation": {"angle": 0, "axis": "y", "origin": [8, 10.74104, 9.21516]},
			"faces": {
				"north": {"uv": [8, 9, 8.1875, 9.0625], "texture": "#5"},
				"east": {"uv": [7.75, 6.75, 9.125, 6.8125], "texture": "#5"},
				"south": {"uv": [8.25, 9, 8.4375, 9.0625], "texture": "#5"},
				"west": {"uv": [7.25, 7.75, 8.625, 7.8125], "texture": "#5"},
				"up": {"uv": [3.6875, 7.375, 3.5, 6], "texture": "#5"},
				"down": {"uv": [3.9375, 6, 3.75, 7.375], "texture": "#5"}
			}
		},
		{
			"from": [6.975, 11.65979, 7.15523],
			"to": [9.025, 11.88479, 9.00523],
			"rotation": {"angle": 0, "axis": "y", "origin": [8, 10.74104, 9.21516]},
			"faces": {
				"north": {"uv": [8, 0.75, 8.5, 0.8125], "texture": "#1"},
				"east": {"uv": [8, 1.75, 8.4375, 1.8125], "texture": "#1"},
				"south": {"uv": [1, 8, 1.5, 8.0625], "texture": "#1"},
				"west": {"uv": [8.4375, 1.75, 8, 1.8125], "texture": "#1"},
				"up": {"uv": [6.25, 4.1875, 5.75, 3.75], "texture": "#1"},
				"down": {"uv": [6, 2.25, 6.5, 2.6875], "texture": "#1"}
			}
		},
		{
			"from": [8.8, 11.20979, 7.15523],
			"to": [9.025, 11.65979, 9.00523],
			"rotation": {"angle": 0, "axis": "y", "origin": [8, 10.74104, 9.21516]},
			"faces": {
				"north": {"uv": [7, 8.25, 7.0625, 8.375], "texture": "#1"},
				"east": {"uv": [4.25, 7.5, 4.6875, 7.625], "texture": "#1"},
				"south": {"uv": [8.25, 7, 8.3125, 7.125], "texture": "#1"},
				"west": {"uv": [4.6875, 7.5, 4.25, 7.625], "texture": "#1"},
				"up": {"uv": [2.5625, 8.4375, 2.5, 8], "texture": "#1"},
				"down": {"uv": [8.0625, 2.5, 8, 2.9375], "texture": "#1"}
			}
		},
		{
			"from": [8.8, 10.75979, 7.38023],
			"to": [9.025, 11.20979, 9.00523],
			"rotation": {"angle": 0, "axis": "y", "origin": [8, 10.74104, 9.21516]},
			"faces": {
				"north": {"uv": [7.25, 8.25, 7.3125, 8.375], "texture": "#1"},
				"east": {"uv": [7.5, 4.5, 7.9375, 4.625], "texture": "#1"},
				"south": {"uv": [7.5, 8.25, 7.5625, 8.375], "texture": "#1"},
				"west": {"uv": [7.9375, 4.5, 7.5, 4.625], "texture": "#1"},
				"up": {"uv": [2.8125, 8.4375, 2.75, 8], "texture": "#1"},
				"down": {"uv": [3.0625, 8, 3, 8.4375], "texture": "#1"}
			}
		},
		{
			"from": [8.8, 10.30979, 7.60523],
			"to": [9.025, 10.75979, 9.00523],
			"rotation": {"angle": 0, "axis": "y", "origin": [8, 10.74104, 9.21516]},
			"faces": {
				"north": {"uv": [8.25, 7.5, 8.3125, 7.625], "texture": "#1"},
				"east": {"uv": [2.75, 7.75, 3.125, 7.875], "texture": "#1"},
				"south": {"uv": [7.75, 8.25, 7.8125, 8.375], "texture": "#1"},
				"west": {"uv": [3.125, 7.75, 2.75, 7.875], "texture": "#1"},
				"up": {"uv": [8.0625, 8.125, 8, 7.75], "texture": "#1"},
				"down": {"uv": [0.0625, 8.25, 0, 8.625], "texture": "#1"}
			}
		},
		{
			"from": [8.8, 9.85979, 7.83023],
			"to": [9.025, 10.30979, 9.00523],
			"rotation": {"angle": 0, "axis": "y", "origin": [8, 10.74104, 9.21516]},
			"faces": {
				"north": {"uv": [8.25, 7.75, 8.3125, 7.875], "texture": "#1"},
				"east": {"uv": [7.75, 6.5, 8.0625, 6.625], "texture": "#1"},
				"south": {"uv": [8, 8.25, 8.0625, 8.375], "texture": "#1"},
				"west": {"uv": [7.0625, 7.75, 6.75, 7.875], "texture": "#1"},
				"up": {"uv": [2.3125, 8.5625, 2.25, 8.25], "texture": "#1"},
				"down": {"uv": [8.3125, 2.5, 8.25, 2.8125], "texture": "#1"}
			}
		},
		{
			"from": [7.2, 9.85979, 7.83023],
			"to": [8.8, 10.05979, 9.00523],
			"rotation": {"angle": 0, "axis": "y", "origin": [8, 10.74104, 9.21516]},
			"faces": {
				"north": {"uv": [8.25, 0, 8.625, 0.0625], "texture": "#1"},
				"east": {"uv": [8.25, 3, 8.5625, 3.0625], "texture": "#1"},
				"south": {"uv": [0.25, 8.25, 0.625, 8.3125], "texture": "#1"},
				"west": {"uv": [8.5625, 3.25, 8.25, 3.3125], "texture": "#1"},
				"up": {"uv": [6.875, 1.0625, 6.5, 0.75], "texture": "#1"},
				"down": {"uv": [1.875, 6.5, 1.5, 6.8125], "texture": "#1"}
			}
		},
		{
			"from": [6.975, 9.85979, 7.83023],
			"to": [7.2, 10.30979, 9.00523],
			"rotation": {"angle": 0, "axis": "y", "origin": [8, 10.74104, 9.21516]},
			"faces": {
				"north": {"uv": [8.25, 8, 8.3125, 8.125], "texture": "#1"},
				"east": {"uv": [7.75, 6.75, 8.0625, 6.875], "texture": "#1"},
				"south": {"uv": [8.25, 8.25, 8.3125, 8.375], "texture": "#1"},
				"west": {"uv": [8.0625, 6.5, 7.75, 6.625], "texture": "#1"},
				"up": {"uv": [8.3125, 3.8125, 8.25, 3.5], "texture": "#1"},
				"down": {"uv": [3.8125, 8.25, 3.75, 8.5625], "texture": "#1"}
			}
		},
		{
			"from": [6.975, 10.30979, 7.60523],
			"to": [7.2, 10.75979, 9.00523],
			"rotation": {"angle": 0, "axis": "y", "origin": [8, 10.74104, 9.21516]},
			"faces": {
				"north": {"uv": [0.25, 8.5, 0.3125, 8.625], "texture": "#1"},
				"east": {"uv": [2.75, 7.75, 3.125, 7.875], "texture": "#1"},
				"south": {"uv": [8.5, 0.25, 8.5625, 0.375], "texture": "#1"},
				"west": {"uv": [3.125, 7.75, 2.75, 7.875], "texture": "#1"},
				"up": {"uv": [0.8125, 8.625, 0.75, 8.25], "texture": "#1"},
				"down": {"uv": [1.0625, 8.25, 1, 8.625], "texture": "#1"}
			}
		},
		{
			"from": [6.975, 10.75979, 7.38023],
			"to": [7.2, 11.20979, 9.00523],
			"rotation": {"angle": 0, "axis": "y", "origin": [8, 10.74104, 9.21516]},
			"faces": {
				"north": {"uv": [0.5, 8.5, 0.5625, 8.625], "texture": "#1"},
				"east": {"uv": [7.5, 4.5, 7.9375, 4.625], "texture": "#1"},
				"south": {"uv": [8.5, 0.5, 8.5625, 0.625], "texture": "#1"},
				"west": {"uv": [7.9375, 4.5, 7.5, 4.625], "texture": "#1"},
				"up": {"uv": [8.0625, 3.4375, 8, 3], "texture": "#1"},
				"down": {"uv": [3.3125, 8, 3.25, 8.4375], "texture": "#1"}
			}
		},
		{
			"from": [6.975, 11.20979, 7.15523],
			"to": [7.2, 11.65979, 9.00523],
			"rotation": {"angle": 0, "axis": "y", "origin": [8, 10.74104, 9.21516]},
			"faces": {
				"north": {"uv": [8.5, 0.75, 8.5625, 0.875], "texture": "#1"},
				"east": {"uv": [4.25, 7.5, 4.6875, 7.625], "texture": "#1"},
				"south": {"uv": [1.25, 8.5, 1.3125, 8.625], "texture": "#1"},
				"west": {"uv": [4.6875, 7.5, 4.25, 7.625], "texture": "#1"},
				"up": {"uv": [3.5625, 8.4375, 3.5, 8], "texture": "#1"},
				"down": {"uv": [8.0625, 3.5, 8, 3.9375], "texture": "#1"}
			}
		},
		{
			"from": [7.65, 9.35979, 8.80523],
			"to": [8.35, 10.05979, 9.50523],
			"rotation": {"angle": 0, "axis": "y", "origin": [8, 10.74104, 9.21516]},
			"faces": {
				"north": {"uv": [7.75, 7.5, 7.9375, 7.6875], "texture": "#1"},
				"east": {"uv": [0, 8, 0.1875, 8.1875], "texture": "#1"},
				"south": {"uv": [8, 0, 8.1875, 0.1875], "texture": "#1"},
				"west": {"uv": [0.1875, 8, 0, 8.1875], "texture": "#1"},
				"up": {"uv": [0.6875, 8.1875, 0.5, 8], "texture": "#1"},
				"down": {"uv": [0.9375, 8, 0.75, 8.1875], "texture": "#1"}
			}
		},
		{
			"from": [7.65, 9.35979, 12.80523],
			"to": [8.35, 10.05979, 13.50523],
			"rotation": {"angle": 0, "axis": "y", "origin": [8, 10.74104, 9.21516]},
			"faces": {
				"north": {"uv": [7.75, 7.5, 7.9375, 7.6875], "texture": "#1"},
				"east": {"uv": [0, 8, 0.1875, 8.1875], "texture": "#1"},
				"south": {"uv": [8, 0, 8.1875, 0.1875], "texture": "#1"},
				"west": {"uv": [0.1875, 8, 0, 8.1875], "texture": "#1"},
				"up": {"uv": [0.6875, 8.1875, 0.5, 8], "texture": "#1"},
				"down": {"uv": [0.9375, 8, 0.75, 8.1875], "texture": "#1"}
			}
		},
		{
			"name": "scope",
			"from": [7.175, 10.05979, 7.82898],
			"to": [8.825, 11.65979, 15.20398],
			"rotation": {"angle": 0, "axis": "y", "origin": [8, 10.74104, 9.21516]},
			"faces": {
				"north": {"uv": [6.4375, 4.25, 6, 4.625], "texture": "#1"},
				"east": {"uv": [2.75, 2.5, 4.625, 2.875], "texture": "#1"},
				"south": {"uv": [6, 4.25, 6.4375, 4.625], "texture": "#1"},
				"west": {"uv": [4.625, 2.5, 2.75, 2.875], "texture": "#1"},
				"up": {"uv": [0.4375, 3.375, 0, 1.5], "texture": "#1"},
				"down": {"uv": [0.4375, 1.5, 0, 3.375], "texture": "#1"}
			}
		}
	],
	"display": {
		"thirdperson_righthand": {
			"rotation": [67.5, 0, 0],
			"translation": [-1.75, 6.25, 1.25]
		},
		"thirdperson_lefthand": {
			"rotation": [67.5, 0, 0],
			"translation": [-1.75, 6.25, 1.25]
		},
		"firstperson_righthand": {
			"translation": [-2.25, 0.5, -10.5],
			"scale": [2, 2, 2]
		},
		"firstperson_lefthand": {
			"translation": [-2.25, 0.5, -10.5],
			"scale": [2, 2, 2]
		},
		"ground": {
			"translation": [0, 1, 0]
		},
		"gui": {
			"rotation": [159.34, -35.7, -177.05],
			"translation": [-2.25, 0, 0],
			"scale": [0.72, 0.72, 0.72]
		},
		"fixed": {
			"rotation": [0, 90, 0],
			"translation": [5.75, 0, -0.75],
			"scale": [2, 2, 2]
		}
	},
	"groups": [
		{
			"name": "moon_maker",
			"origin": [5.00702, 7.9295, 10.01146],
			"color": 0,
			"children": [
				{
					"name": "body",
					"origin": [8.2, 13.52956, 11.50625],
					"color": 0,
					"children": [0, 1, 2, 3, 4, 5, 6, 7, 8, 9, 10, 11, 12, 13, 14, 15]
				},
				{
					"name": "barrel",
					"origin": [5.00702, 7.9295, 10.01146],
					"color": 0,
					"children": [
						16,
						{
							"name": "barrel_tube",
							"origin": [7.91682, 6.51054, 10.36262],
							"color": 0,
							"children": [17, 18]
						}
					]
				},
				{
					"name": "side_covers",
					"origin": [8.00702, 7.9295, 10.01146],
					"color": 0,
					"children": [
						{
							"name": "side_cover_left",
							"origin": [7.07654, 7.59831, 3.20833],
							"color": 0,
							"children": [19, 20, 21, 22, 23, 24]
						},
						{
							"name": "side_cover_right",
							"origin": [8.2, 15.35456, 8.53125],
							"color": 0,
							"children": [25, 26, 27, 28, 29, 30]
						}
					]
				},
				{
					"name": "stock",
					"origin": [8.00702, 7.9295, 10.01146],
					"color": 0,
					"children": [
						{
							"name": "stock_inner_part",
							"origin": [8.2, 14.20456, 16.55625],
							"color": 0,
							"children": [31, 32, 33, 34]
						}
					]
				},
				{
					"name": "mag",
					"origin": [7.88136, 5.92135, 3.49387],
					"color": 5,
					"children": [35, 36, 37, 38, 39]
				},
				{
					"name": "bolt",
					"origin": [7.74732, 6.12929, 3.49387],
					"color": 0,
					"children": [40, 41, 42]
				},
				{
					"name": "handle",
					"origin": [7.86732, 6.51054, 10.36262],
					"color": 0,
					"children": [
						{
							"name": "grip",
							"origin": [7.36732, -1.48946, 2.36262],
							"color": 0,
							"children": [43, 44, 45, 46, 47, 48, 49, 50, 51, 52]
						},
						{
							"name": "trigger_guard",
							"origin": [7.86732, 5.62929, 3.49387],
							"color": 0,
							"children": [53, 54, 55]
						},
						{
							"name": "triger",
							"origin": [8.40787, 9.70319, 9.89804],
							"color": 8,
							"children": [56, 57, 58]
						}
					]
				},
				{
					"name": "attachments",
					"origin": [8, 8, 8],
					"color": 0,
					"children": [
						{
							"name": "muzzle",
							"origin": [5.2, 14.20456, 0.28125],
							"color": 0,
							"children": [59, 60]
						},
						{
							"name": "bipod",
							"origin": [8.47732, 6.51054, 10.36262],
							"color": 0,
							"children": [
								{
									"name": "bipod_base",
									"origin": [8.47732, 5.72929, 3.49387],
									"color": 0,
									"children": [61, 62, 63]
								},
								{
									"name": "right_bipod_part",
									"origin": [9.50857, 8.1655, 7.62638],
									"color": 0,
									"children": [
										{
											"name": "top_bipod_part",
											"origin": [8.47732, 5.65116, 2.7945],
											"color": 0,
											"children": [64, 65, 66, 67, 68, 69, 70, 71, 72, 73, 74, 75, 76, 77, 78]
										},
										{
											"name": "bipod_middle_part",
											"origin": [8.47732, 5.65116, 2.8195],
											"color": 0,
											"children": [79, 80, 81, 82]
										},
										{
											"name": "bottom_bpod_part",
											"origin": [8.47732, 5.65116, 2.7945],
											"color": 0,
											"children": [83, 84, 85, 86, 87, 88, 89, 90, 91, 92, 93, 94, 95, 96, 97]
										}
									]
								},
								{
									"name": "left_bipod_part",
									"origin": [9.50857, 8.1655, 7.62638],
									"color": 0,
									"children": [
										{
											"name": "top_bipod_part",
											"origin": [8.47732, 5.65116, 2.7945],
											"color": 0,
											"children": [98, 99, 100, 101, 102, 103, 104, 105, 106, 107, 108, 109, 110, 111, 112]
										},
										{
											"name": "bipod_middle_part",
											"origin": [8.47732, 5.65116, 2.8195],
											"color": 0,
											"children": [113, 114, 115, 116]
										},
										{
											"name": "bottom_bpod_part",
											"origin": [8.47732, 5.65116, 2.7945],
											"color": 0,
											"children": [117, 118, 119, 120, 121, 122, 123, 124, 125, 126, 127, 128, 129, 130, 131]
										}
									]
								}
							]
						},
						{
							"name": "laser_sight",
							"origin": [6.6305, 8, 8],
							"color": 0,
							"children": [
								{
									"name": "body",
									"origin": [6.90678, 5.56292, 8],
									"color": 0,
									"children": [132, 133]
								},
								134
							]
						},
						{
							"name": "high_tech_sniper_scope",
							"origin": [7.50268, 6.30403, 11.36106],
							"color": 0,
							"children": [
								{
									"name": "front_scope_part",
									"origin": [7.50268, 6.30403, 11.36106],
									"color": 0,
									"children": [135, 136]
								},
								{
									"name": "body_cover",
									"origin": [7.16813, 7.92897, 3.46394],
									"color": 0,
									"children": [137, 138]
								},
								{
									"name": "rail",
									"origin": [7.16813, 7.47897, 2.84325],
									"color": 0,
									"children": [139]
								},
								{
									"name": "scope",
									"origin": [7.95202, 7.9295, 10.01146],
									"color": 0,
									"children": [
										{
											"name": "scope_frame",
											"origin": [7.82, 14.67956, 16.55625],
											"color": 0,
											"children": [140, 141, 142, 143, 144, 145, 146, 147, 148, 149, 150, 151]
										},
										152
									]
								}
							]
						}
					]
				}
			]
		}
	]
}