{
	"credit": "Made with Blockbench",
	"texture_size": [64, 64],
	"textures": {
		"1": "aoa3:item/mineral",
		"2": "aoa3:item/pluton_stickler",
		"particle": "aoa3:item/mineral"
	},
	"elements": [
		{
			"from": [7, 7.93972, -1.63822],
			"to": [9, 9.93972, 5.9661],
			"rotation": {"angle": 0, "axis": "y", "origin": [7.66545, 8.80397, 2.71394]},
			"faces": {
				"north": {"uv": [9.25, 7.75, 9.75, 8.25], "texture": "#2"},
				"east": {"uv": [1.875, 3, 0, 3.5], "texture": "#2"},
				"south": {"uv": [9.25, 7.75, 9.75, 8.25], "texture": "#2"},
				"west": {"uv": [0, 3, 1.875, 3.5], "texture": "#2"},
				"up": {"uv": [2.5, 4.875, 2, 3], "texture": "#2"},
				"down": {"uv": [3, 3, 2.5, 4.875], "texture": "#2"}
			}
		},
		{
			"from": [7.5, 9.93972, -1.03822],
			"to": [7.7, 10.43972, -0.6339],
			"rotation": {"angle": 0, "axis": "y", "origin": [7.66545, 10.80397, 2.71394]},
			"faces": {
				"north": {"uv": [2.75, 12, 2.8125, 12.125], "texture": "#2"},
				"east": {"uv": [7.75, 11.5, 7.875, 11.625], "texture": "#2"},
				"south": {"uv": [12, 2.75, 12.0625, 2.875], "texture": "#2"},
				"west": {"uv": [8.25, 11.5, 8.375, 11.625], "texture": "#2"},
				"up": {"uv": [3.0625, 12.125, 3, 12], "texture": "#2"},
				"down": {"uv": [12.0625, 3, 12, 3.125], "texture": "#2"}
			}
		},
		{
			"from": [8.3, 9.93972, -1.03822],
			"to": [8.5, 10.43972, -0.6339],
			"rotation": {"angle": 0, "axis": "y", "origin": [7.66545, 10.80397, 2.71394]},
			"faces": {
				"north": {"uv": [3.25, 12, 3.3125, 12.125], "texture": "#2"},
				"east": {"uv": [8.375, 11.5, 8.25, 11.625], "texture": "#2"},
				"south": {"uv": [12, 3.25, 12.0625, 3.375], "texture": "#2"},
				"west": {"uv": [11.5, 9, 11.625, 9.125], "texture": "#2"},
				"up": {"uv": [3.5625, 12.125, 3.5, 12], "texture": "#2"},
				"down": {"uv": [12.0625, 3.5, 12, 3.625], "texture": "#2"}
			}
		},
		{
			"from": [7.5, 9.93972, -0.63822],
			"to": [7.7, 10.43972, -0.2339],
			"rotation": {"angle": 0, "axis": "y", "origin": [7.66545, 10.80397, 2.71394]},
			"faces": {
				"north": {"uv": [3.75, 12, 3.8125, 12.125], "texture": "#2"},
				"east": {"uv": [11.625, 9.25, 11.5, 9.375], "texture": "#2"},
				"south": {"uv": [12, 3.75, 12.0625, 3.875], "texture": "#2"},
				"west": {"uv": [11.5, 9.25, 11.625, 9.375], "texture": "#2"},
				"up": {"uv": [4.0625, 12.125, 4, 12], "texture": "#2"},
				"down": {"uv": [12.0625, 4, 12, 4.125], "texture": "#2"}
			}
		},
		{
			"from": [8.3, 9.93972, -0.63822],
			"to": [8.5, 10.43972, -0.2339],
			"rotation": {"angle": 0, "axis": "y", "origin": [7.66545, 10.80397, 2.71394]},
			"faces": {
				"north": {"uv": [4.25, 12, 4.3125, 12.125], "texture": "#2"},
				"east": {"uv": [11.625, 9.25, 11.5, 9.375], "texture": "#2"},
				"south": {"uv": [12, 4.25, 12.0625, 4.375], "texture": "#2"},
				"west": {"uv": [11.5, 9.25, 11.625, 9.375], "texture": "#2"},
				"up": {"uv": [4.5625, 12.125, 4.5, 12], "texture": "#2"},
				"down": {"uv": [12.0625, 4.5, 12, 4.625], "texture": "#2"}
			}
		},
		{
			"from": [7.7, 9.93972, -1.03822],
			"to": [8.3, 10.13972, 0.0661],
			"rotation": {"angle": 0, "axis": "y", "origin": [7.66545, 10.80397, 2.71394]},
			"faces": {
				"north": {"uv": [4.75, 12, 4.875, 12.0625], "texture": "#2"},
				"east": {"uv": [10.5, 11.5, 10.75, 11.5625], "texture": "#2"},
				"south": {"uv": [12, 4.75, 12.125, 4.8125], "texture": "#2"},
				"west": {"uv": [11.5, 10.5, 11.75, 10.5625], "texture": "#2"},
				"up": {"uv": [9.375, 11.5, 9.25, 11.25], "texture": "#2"},
				"down": {"uv": [11.375, 9.25, 11.25, 9.5], "texture": "#2"}
			}
		},
		{
			"from": [7.8, 10.43972, -1.03822],
			"to": [8.2, 10.63972, -0.6339],
			"rotation": {"angle": 0, "axis": "y", "origin": [7.66545, 10.80397, 2.71394]},
			"faces": {
				"north": {"uv": [5, 12, 5.125, 12.0625], "texture": "#2"},
				"east": {"uv": [12, 5, 12.125, 5.0625], "texture": "#2"},
				"south": {"uv": [5.25, 12, 5.375, 12.0625], "texture": "#2"},
				"west": {"uv": [12, 5.25, 12.125, 5.3125], "texture": "#2"},
				"up": {"uv": [10.875, 11.625, 10.75, 11.5], "texture": "#2"},
				"down": {"uv": [11.125, 11.5, 11, 11.625], "texture": "#2"}
			}
		},
		{
			"from": [7.8, 10.93972, -1.03822],
			"to": [8.2, 11.13972, -0.6339],
			"rotation": {"angle": 0, "axis": "y", "origin": [7.66545, 10.80397, 2.71394]},
			"faces": {
				"north": {"uv": [5.5, 12, 5.625, 12.0625], "texture": "#2"},
				"east": {"uv": [12, 5.5, 12.125, 5.5625], "texture": "#2"},
				"south": {"uv": [5.75, 12, 5.875, 12.0625], "texture": "#2"},
				"west": {"uv": [12, 5.75, 12.125, 5.8125], "texture": "#2"},
				"up": {"uv": [11.375, 11.625, 11.25, 11.5], "texture": "#2"},
				"down": {"uv": [11.625, 11.5, 11.5, 11.625], "texture": "#2"}
			}
		},
		{
			"from": [7.8, 11.43972, -1.03822],
			"to": [8.2, 11.63972, -0.6339],
			"rotation": {"angle": 0, "axis": "y", "origin": [7.66545, 10.80397, 2.71394]},
			"faces": {
				"north": {"uv": [6, 12, 6.125, 12.0625], "texture": "#2"},
				"east": {"uv": [12, 6, 12.125, 6.0625], "texture": "#2"},
				"south": {"uv": [6.25, 12, 6.375, 12.0625], "texture": "#2"},
				"west": {"uv": [12, 6.25, 12.125, 6.3125], "texture": "#2"},
				"up": {"uv": [0.125, 11.875, 0, 11.75], "texture": "#2"},
				"down": {"uv": [0.375, 11.75, 0.25, 11.875], "texture": "#2"}
			}
		},
		{
			"from": [7.7, 11.93972, -1.03822],
			"to": [8.3, 12.13972, -0.6339],
			"rotation": {"angle": 0, "axis": "y", "origin": [7.66545, 10.80397, 2.71394]},
			"faces": {
				"north": {"uv": [6.5, 12, 6.625, 12.0625], "texture": "#2"},
				"east": {"uv": [12, 6.5, 12.125, 6.5625], "texture": "#2"},
				"south": {"uv": [6.75, 12, 6.875, 12.0625], "texture": "#2"},
				"west": {"uv": [12, 6.75, 12.125, 6.8125], "texture": "#2"},
				"up": {"uv": [0.625, 11.875, 0.5, 11.75], "texture": "#2"},
				"down": {"uv": [0.875, 11.75, 0.75, 11.875], "texture": "#2"}
			}
		},
		{
			"from": [8.2, 10.13972, -1.03822],
			"to": [8.3, 11.93972, -0.6339],
			"rotation": {"angle": 0, "axis": "y", "origin": [7.66545, 10.80397, 2.71394]},
			"faces": {
				"north": {"uv": [11.5, 1.75, 11.5625, 2.1875], "texture": "#2"},
				"east": {"uv": [3.25, 11, 3.375, 11.4375], "texture": "#2"},
				"south": {"uv": [11.5, 2.25, 11.5625, 2.6875], "texture": "#2"},
				"west": {"uv": [11, 5.25, 11.125, 5.6875], "texture": "#2"},
				"up": {"uv": [7.0625, 12.125, 7, 12], "texture": "#2"},
				"down": {"uv": [12.0625, 7, 12, 7.125], "texture": "#2"}
			}
		},
		{
			"from": [7.7, 10.13972, -1.03822],
			"to": [7.8, 11.93972, -0.6339],
			"rotation": {"angle": 0, "axis": "y", "origin": [7.66545, 10.80397, 2.71394]},
			"faces": {
				"north": {"uv": [2.5, 11.5, 2.5625, 11.9375], "texture": "#2"},
				"east": {"uv": [5.75, 11, 5.875, 11.4375], "texture": "#2"},
				"south": {"uv": [2.75, 11.5, 2.8125, 11.9375], "texture": "#2"},
				"west": {"uv": [6.25, 11, 6.375, 11.4375], "texture": "#2"},
				"up": {"uv": [7.3125, 12.125, 7.25, 12], "texture": "#2"},
				"down": {"uv": [12.0625, 7.25, 12, 7.375], "texture": "#2"}
			}
		},
		{
			"from": [6.8, 6.73972, -0.53822],
			"to": [9.2, 8.33972, 5.2661],
			"rotation": {"angle": 0, "axis": "y", "origin": [7.66545, 8.80397, 2.71394]},
			"faces": {
				"north": {"uv": [3.25, 9.5, 3.875, 9.875], "texture": "#2"},
				"east": {"uv": [8.4375, 0, 7, 0.375], "texture": "#2"},
				"south": {"uv": [9.5, 5.25, 10.125, 5.625], "texture": "#2"},
				"west": {"uv": [7, 0, 8.4375, 0.375], "texture": "#2"},
				"up": {"uv": [1.875, 4.9375, 1.25, 3.5], "texture": "#2"},
				"down": {"uv": [5.375, 0, 4.75, 1.4375], "texture": "#2"}
			}
		},
		{
			"from": [7.3, 8.77278, 12.96106],
			"to": [8.7, 9.82278, 14.06106],
			"rotation": {"angle": 0, "axis": "y", "origin": [8, 4.07903, 10.61106]},
			"faces": {
				"north": {"uv": [10.5, 2.75, 10.875, 3], "texture": "#2"},
				"east": {"uv": [6.75, 3.75, 6.5, 4], "texture": "#2"},
				"south": {"uv": [10.5, 3, 10.875, 3.25], "texture": "#2"},
				"west": {"uv": [6.5, 3.75, 6.75, 4], "texture": "#2"},
				"up": {"uv": [3.625, 10.75, 3.25, 10.5], "texture": "#2"},
				"down": {"uv": [10.875, 3.25, 10.5, 3.5], "texture": "#2"}
			}
		},
		{
			"from": [7.3, 6.47278, 10.46106],
			"to": [8.7, 8.77278, 14.06106],
			"rotation": {"angle": 0, "axis": "y", "origin": [8, 6.77903, 10.61106]},
			"faces": {
				"north": {"uv": [0, 9.75, 0.375, 10.3125], "texture": "#2"},
				"east": {"uv": [7.875, 1.25, 7, 1.8125], "texture": "#2"},
				"south": {"uv": [2.25, 9.75, 2.625, 10.3125], "texture": "#2"},
				"west": {"uv": [7, 1.25, 7.875, 1.8125], "texture": "#2"},
				"up": {"uv": [2.125, 10.125, 1.75, 9.25], "texture": "#2"},
				"down": {"uv": [6.125, 9.25, 5.75, 10.125], "texture": "#2"}
			}
		},
		{
			"from": [6.5, 8.33972, 1.36178],
			"to": [9.5, 10.33972, 5.2411],
			"rotation": {"angle": 0, "axis": "y", "origin": [7.66545, 8.80397, 2.71394]},
			"faces": {
				"north": {"uv": [9, 8.25, 9.75, 8.75], "texture": "#2"},
				"east": {"uv": [6.25, 4.75, 5.25, 5.25], "texture": "#2"},
				"south": {"uv": [1, 9.25, 1.75, 9.75], "texture": "#2"},
				"west": {"uv": [5.25, 4.75, 6.25, 5.25], "texture": "#2"},
				"up": {"uv": [2.5, 6, 1.75, 5], "texture": "#2"},
				"down": {"uv": [3.25, 5, 2.5, 6], "texture": "#2"}
			}
		},
		{
			"from": [6.9, 9.78972, 5.2411],
			"to": [9.1, 10.33972, 11.17041],
			"rotation": {"angle": 0, "axis": "y", "origin": [7.66545, 8.80397, 2.09325]},
			"faces": {
				"north": {"uv": [9, 10.75, 9.5625, 10.875], "texture": "#2"},
				"east": {"uv": [11.25, 5, 9.75, 5.125], "texture": "#2"},
				"south": {"uv": [10.25, 10.75, 10.8125, 10.875], "texture": "#2"},
				"west": {"uv": [9.75, 5, 11.25, 5.125], "texture": "#2"},
				"up": {"uv": [5.3125, 3, 4.75, 1.5], "texture": "#2"},
				"down": {"uv": [1.5625, 5, 1, 6.5], "texture": "#2"}
			}
		},
		{
			"from": [6.5, 7.93972, 11.16178],
			"to": [9.5, 10.33972, 12.3411],
			"rotation": {"angle": 0, "axis": "y", "origin": [7.66545, 8.80397, 2.71394]},
			"faces": {
				"north": {"uv": [7, 5.5, 7.75, 6.125], "texture": "#2"},
				"east": {"uv": [4.8125, 9.75, 4.5, 10.375], "texture": "#2"},
				"south": {"uv": [6.25, 7, 7, 7.625], "texture": "#2"},
				"west": {"uv": [4.5, 9.75, 4.8125, 10.375], "texture": "#2"},
				"up": {"uv": [10.5, 0.3125, 9.75, 0], "texture": "#2"},
				"down": {"uv": [1.75, 9.75, 1, 10.0625], "texture": "#2"}
			}
		},
		{
			"from": [6.5, 7.23972, 11.16178],
			"to": [9.5, 7.93972, 11.8411],
			"rotation": {"angle": 0, "axis": "y", "origin": [7.66545, 9.30397, 2.71394]},
			"faces": {
				"north": {"uv": [6.75, 4.5, 7.5, 4.6875], "texture": "#2"},
				"east": {"uv": [11.4375, 4.5, 11.25, 4.6875], "texture": "#2"},
				"south": {"uv": [7, 2, 7.75, 2.1875], "texture": "#2"},
				"west": {"uv": [11.25, 4.5, 11.4375, 4.6875], "texture": "#2"},
				"up": {"uv": [8.5, 3.6875, 7.75, 3.5], "texture": "#2"},
				"down": {"uv": [1.5, 8, 0.75, 8.1875], "texture": "#2"}
			}
		},
		{
			"from": [7.2, 10.33972, 10.86178],
			"to": [7.6, 11.43972, 12.3411],
			"rotation": {"angle": 0, "axis": "y", "origin": [7.66545, 8.80397, 2.71394]},
			"faces": {
				"north": {"uv": [10, 11.25, 10.125, 11.5], "texture": "#2"},
				"east": {"uv": [5.375, 10.5, 5, 10.75], "texture": "#2"},
				"south": {"uv": [10.25, 11.25, 10.375, 11.5], "texture": "#2"},
				"west": {"uv": [5, 10.5, 5.375, 10.75], "texture": "#2"},
				"up": {"uv": [11.375, 1.625, 11.25, 1.25], "texture": "#2"},
				"down": {"uv": [11.375, 2.75, 11.25, 3.125], "texture": "#2"}
			}
		},
		{
			"from": [8.4, 10.33972, 10.86178],
			"to": [8.8, 11.43972, 12.3411],
			"rotation": {"angle": 0, "axis": "y", "origin": [7.66545, 8.80397, 2.71394]},
			"faces": {
				"north": {"uv": [10.5, 11.25, 10.625, 11.5], "texture": "#2"},
				"east": {"uv": [5.375, 10.5, 5, 10.75], "texture": "#2"},
				"south": {"uv": [11.25, 10.5, 11.375, 10.75], "texture": "#2"},
				"west": {"uv": [5, 10.5, 5.375, 10.75], "texture": "#2"},
				"up": {"uv": [3.625, 11.625, 3.5, 11.25], "texture": "#2"},
				"down": {"uv": [11.375, 3.5, 11.25, 3.875], "texture": "#2"}
			}
		},
		{
			"from": [6.5, 7.53972, 2.36178],
			"to": [9.5, 7.93972, 5.2411],
			"rotation": {"angle": 0, "axis": "y", "origin": [7.66545, 6.40397, 2.71394]},
			"faces": {
				"north": {"uv": [10.5, 5.75, 11.25, 5.875], "texture": "#2"},
				"east": {"uv": [7.75, 10.5, 7, 10.625], "texture": "#2"},
				"south": {"uv": [6.25, 10.5, 7, 10.625], "texture": "#2"},
				"west": {"uv": [7, 10.5, 7.75, 10.625], "texture": "#2"},
				"up": {"uv": [7.5, 4.5, 6.75, 3.75], "texture": "#2"},
				"down": {"uv": [4.75, 6.75, 4, 7.5], "texture": "#2"}
			}
		},
		{
			"from": [6.5, 7.13972, 2.86178],
			"to": [9.5, 7.53972, 5.2411],
			"rotation": {"angle": 0, "axis": "y", "origin": [7.66545, 6.00397, 2.71394]},
			"faces": {
				"north": {"uv": [7.75, 10.5, 8.5, 10.625], "texture": "#2"},
				"east": {"uv": [8.125, 10.75, 7.5, 10.875], "texture": "#2"},
				"south": {"uv": [10.5, 8.5, 11.25, 8.625], "texture": "#2"},
				"west": {"uv": [7.5, 10.75, 8.125, 10.875], "texture": "#2"},
				"up": {"uv": [7.75, 6.875, 7, 6.25], "texture": "#2"},
				"down": {"uv": [7.75, 7, 7, 7.625], "texture": "#2"}
			}
		},
		{
			"from": [6.5, 6.76472, 3.36178],
			"to": [9.5, 7.13972, 5.2411],
			"rotation": {"angle": 0, "axis": "y", "origin": [7.66545, 5.60397, 2.71394]},
			"faces": {
				"north": {"uv": [10.5, 8.75, 11.25, 8.875], "texture": "#2"},
				"east": {"uv": [1, 11, 0.5, 11.125], "texture": "#2"},
				"south": {"uv": [9, 10.5, 9.75, 10.625], "texture": "#2"},
				"west": {"uv": [0.5, 11, 1, 11.125], "texture": "#2"},
				"up": {"uv": [10, 3.5, 9.25, 3], "texture": "#2"},
				"down": {"uv": [5.75, 9.25, 5, 9.75], "texture": "#2"}
			}
		},
		{
			"from": [6.5, 7.93972, 1.86178],
			"to": [9.5, 8.33972, 5.2411],
			"rotation": {"angle": 0, "axis": "y", "origin": [7.66545, 8.80397, 2.71394]},
			"faces": {
				"north": {"uv": [10.5, 9, 11.25, 9.125], "texture": "#2"},
				"east": {"uv": [11.125, 4.5, 10.25, 4.625], "texture": "#2"},
				"south": {"uv": [10.5, 9.25, 11.25, 9.375], "texture": "#2"},
				"west": {"uv": [10.25, 4.5, 11.125, 4.625], "texture": "#2"},
				"up": {"uv": [2.25, 7.625, 1.5, 6.75], "texture": "#2"},
				"down": {"uv": [3, 6.75, 2.25, 7.625], "texture": "#2"}
			}
		},
		{
			"from": [7.3, 8.77278, 12.33606],
			"to": [8.7, 9.82278, 12.96106],
			"rotation": {"angle": 0, "axis": "y", "origin": [8, 4.07903, 9.51106]},
			"faces": {
				"north": {"uv": [10.5, 9.5, 10.875, 9.75], "texture": "#2"},
				"east": {"uv": [8.6875, 3.5, 8.5, 3.75], "texture": "#2"},
				"south": {"uv": [10.5, 9.75, 10.875, 10], "texture": "#2"},
				"west": {"uv": [8.5, 3.5, 8.6875, 3.75], "texture": "#2"},
				"up": {"uv": [11.125, 10.6875, 10.75, 10.5], "texture": "#2"},
				"down": {"uv": [11.375, 0, 11, 0.1875], "texture": "#2"}
			}
		},
		{
			"from": [7.65, 10.68972, 4.1661],
			"to": [8.35, 10.88972, 4.82041],
			"rotation": {"angle": 0, "axis": "y", "origin": [7.66545, 7.90397, 2.09325]},
			"faces": {
				"north": {"uv": [11.75, 2.25, 11.9375, 2.3125], "texture": "#2"},
				"east": {"uv": [11.75, 2.5, 11.9375, 2.5625], "texture": "#2"},
				"south": {"uv": [11.75, 2.25, 11.9375, 2.3125], "texture": "#2"},
				"west": {"uv": [11.75, 2.5, 11.9375, 2.5625], "texture": "#2"},
				"up": {"uv": [4.9375, 11.4375, 4.75, 11.25], "texture": "#2"},
				"down": {"uv": [11.4375, 4.75, 11.25, 4.9375], "texture": "#2"}
			}
		},
		{
			"from": [7.65, 10.68972, 5.1661],
			"to": [8.35, 10.88972, 5.82041],
			"rotation": {"angle": 0, "axis": "y", "origin": [7.66545, 7.90397, 2.09325]},
			"faces": {
				"north": {"uv": [11.75, 2.25, 11.9375, 2.3125], "texture": "#2"},
				"east": {"uv": [11.75, 2.5, 11.9375, 2.5625], "texture": "#2"},
				"south": {"uv": [11.75, 2.25, 11.9375, 2.3125], "texture": "#2"},
				"west": {"uv": [11.75, 2.5, 11.9375, 2.5625], "texture": "#2"},
				"up": {"uv": [4.9375, 11.4375, 4.75, 11.25], "texture": "#2"},
				"down": {"uv": [11.4375, 5, 11.25, 5.1875], "texture": "#2"}
			}
		},
		{
			"from": [7.65, 10.68972, 6.1661],
			"to": [8.35, 10.88972, 6.82041],
			"rotation": {"angle": 0, "axis": "y", "origin": [7.66545, 7.90397, 2.09325]},
			"faces": {
				"north": {"uv": [11.75, 2.25, 11.9375, 2.3125], "texture": "#2"},
				"east": {"uv": [11.75, 2.5, 11.9375, 2.5625], "texture": "#2"},
				"south": {"uv": [11.75, 2.25, 11.9375, 2.3125], "texture": "#2"},
				"west": {"uv": [11.75, 2.5, 11.9375, 2.5625], "texture": "#2"},
				"up": {"uv": [4.9375, 11.4375, 4.75, 11.25], "texture": "#2"},
				"down": {"uv": [11.4375, 5.25, 11.25, 5.4375], "texture": "#2"}
			}
		},
		{
			"from": [7.65, 10.68972, 9.1661],
			"to": [8.35, 10.88972, 9.82041],
			"rotation": {"angle": 0, "axis": "y", "origin": [7.66545, 7.90397, 2.09325]},
			"faces": {
				"north": {"uv": [11.75, 2.25, 11.9375, 2.3125], "texture": "#2"},
				"east": {"uv": [11.75, 2.5, 11.9375, 2.5625], "texture": "#2"},
				"south": {"uv": [11.75, 2.25, 11.9375, 2.3125], "texture": "#2"},
				"west": {"uv": [11.75, 2.5, 11.9375, 2.5625], "texture": "#2"},
				"up": {"uv": [4.9375, 11.4375, 4.75, 11.25], "texture": "#2"},
				"down": {"uv": [6.1875, 11.25, 6, 11.4375], "texture": "#2"}
			}
		},
		{
			"from": [7.5, 10.33972, 3.5661],
			"to": [8.5, 10.68972, 10.42041],
			"rotation": {"angle": 0, "axis": "y", "origin": [7.66545, 8.35397, 2.09325]},
			"faces": {
				"north": {"uv": [1, 11.75, 1.25, 11.8125], "texture": "#2"},
				"east": {"uv": [10.25, 6.25, 11.9375, 6.3125], "texture": "#2"},
				"south": {"uv": [1.25, 11.75, 1.5, 11.8125], "texture": "#2"},
				"west": {"uv": [10.25, 6.5, 11.9375, 6.5625], "texture": "#2"},
				"up": {"uv": [0.75, 8.9375, 0.5, 7.25], "texture": "#2"},
				"down": {"uv": [6.25, 7.25, 6, 8.9375], "texture": "#2"}
			}
		},
		{
			"from": [5.91086, 6.31365, 6.46517],
			"to": [10.08936, 8.04455, 9.95254],
			"rotation": {"angle": 0, "axis": "y", "origin": [8, 7.17903, 9.96106]},
			"faces": {
				"north": {"uv": [4.75, 7.25, 5.8125, 7.6875], "texture": "#2"},
				"east": {"uv": [8.75, 4, 9.625, 4.4375], "texture": "#2"},
				"south": {"uv": [7.5, 3.75, 8.5625, 4.1875], "texture": "#2"},
				"west": {"uv": [7.75, 8.75, 8.625, 9.1875], "texture": "#2"},
				"up": {"uv": [4.0625, 3.875, 3, 3], "texture": "#2"},
				"down": {"uv": [1.0625, 3.5, 0, 4.375], "texture": "#2"}
			}
		},
		{
			"from": [5.91083, 6.31362, 6.4661],
			"to": [10.08933, 8.04452, 9.95029],
			"rotation": {"angle": -45, "axis": "z", "origin": [8, 7.17903, 9.96106]},
			"faces": {
				"north": {"uv": [7.5, 4.25, 8.5625, 4.6875], "texture": "#2"},
				"east": {"uv": [8.75, 8.75, 9.625, 9.1875], "texture": "#2"},
				"south": {"uv": [1.5, 7.75, 2.5625, 8.1875], "texture": "#2"},
				"west": {"uv": [9, 2, 9.875, 2.4375], "texture": "#2"},
				"up": {"uv": [4.5625, 0.875, 3.5, 0], "texture": "#2"},
				"down": {"uv": [4.5625, 1, 3.5, 1.875], "texture": "#2"}
			}
		},
		{
			"from": [5.91065, 6.31364, 6.46771],
			"to": [10.08915, 8.04454, 9.9519],
			"rotation": {"angle": 45, "axis": "z", "origin": [8, 7.17903, 9.96106]},
			"faces": {
				"north": {"uv": [7.75, 2, 8.8125, 2.4375], "texture": "#2"},
				"east": {"uv": [9, 2.5, 9.875, 2.9375], "texture": "#2"},
				"south": {"uv": [7.75, 2.5, 8.8125, 2.9375], "texture": "#2"},
				"west": {"uv": [2.75, 9, 3.625, 9.4375], "texture": "#2"},
				"up": {"uv": [4.0625, 4.875, 3, 4], "texture": "#2"},
				"down": {"uv": [5.3125, 3, 4.25, 3.875], "texture": "#2"}
			}
		},
		{
			"from": [7.13453, 5.08972, 6.46178],
			"to": [8.86543, 9.26822, 9.9661],
			"rotation": {"angle": 0, "axis": "y", "origin": [8, 7.17903, 9.96106]},
			"faces": {
				"north": {"uv": [0, 7.25, 0.4375, 8.3125], "texture": "#2"},
				"east": {"uv": [4.25, 4, 5.125, 5.0625], "texture": "#2"},
				"south": {"uv": [4, 7.5, 4.4375, 8.5625], "texture": "#2"},
				"west": {"uv": [0, 4.5, 0.875, 5.5625], "texture": "#2"},
				"up": {"uv": [4.9375, 9.625, 4.5, 8.75], "texture": "#2"},
				"down": {"uv": [0.9375, 9.25, 0.5, 10.125], "texture": "#2"}
			}
		},
		{
			"from": [5.51086, 6.51365, 6.46517],
			"to": [10.48936, 7.84455, 9.95254],
			"rotation": {"angle": 0, "axis": "y", "origin": [8, 7.17903, 9.96106]},
			"faces": {
				"north": {"uv": [8.25, 5.25, 9.5, 5.5625], "texture": "#2"},
				"east": {"uv": [9.25, 6.25, 10.125, 6.5625], "texture": "#2"},
				"south": {"uv": [7.75, 8.25, 9, 8.5625], "texture": "#2"},
				"west": {"uv": [9.25, 6.25, 10.125, 6.5625], "texture": "#2"},
				"up": {"uv": [0, 0.875, 1.25, 0], "texture": "#2"},
				"down": {"uv": [0, 0.875, 1.25, 0], "texture": "#2"}
			}
		},
		{
			"from": [5.51083, 6.51362, 6.4661],
			"to": [10.48933, 7.84452, 9.95029],
			"rotation": {"angle": -45, "axis": "z", "origin": [8, 7.17903, 9.96106]},
			"faces": {
				"north": {"uv": [8.5, 0, 9.75, 0.3125], "texture": "#2"},
				"east": {"uv": [9.25, 6.25, 10.125, 6.5625], "texture": "#2"},
				"south": {"uv": [2.75, 8.5, 4, 8.8125], "texture": "#2"},
				"west": {"uv": [9.25, 6.25, 10.125, 6.5625], "texture": "#2"},
				"up": {"uv": [0, 0.875, 1.25, 0], "texture": "#2"},
				"down": {"uv": [1.25, 0.875, 0, 0], "texture": "#2"}
			}
		},
		{
			"from": [5.51065, 6.51364, 6.46771],
			"to": [10.48915, 7.84454, 9.9519],
			"rotation": {"angle": 45, "axis": "z", "origin": [8, 7.17903, 9.96106]},
			"faces": {
				"north": {"uv": [0.75, 8.75, 2, 9.0625], "texture": "#2"},
				"east": {"uv": [9.25, 6.25, 10.125, 6.5625], "texture": "#2"},
				"south": {"uv": [8.75, 3.5, 10, 3.8125], "texture": "#2"},
				"west": {"uv": [9.25, 6.25, 10.125, 6.5625], "texture": "#2"},
				"up": {"uv": [0, 0.875, 1.25, 0], "texture": "#2"},
				"down": {"uv": [0, 0.875, 1.25, 0], "texture": "#2"}
			}
		},
		{
			"from": [7.33453, 4.68972, 6.46178],
			"to": [8.66543, 9.66822, 9.9661],
			"rotation": {"angle": 0, "axis": "y", "origin": [8, 7.17903, 9.96106]},
			"faces": {
				"north": {"uv": [0, 8.5, 0.3125, 9.75], "texture": "#2"},
				"east": {"uv": [0, 0.875, 1.25, 0], "rotation": 90, "texture": "#2"},
				"south": {"uv": [4, 8.75, 4.3125, 10], "texture": "#2"},
				"west": {"uv": [0, 0.875, 1.25, 0], "rotation": 90, "texture": "#2"},
				"up": {"uv": [9.25, 6.25, 10.125, 6.5625], "rotation": 90, "texture": "#2"},
				"down": {"uv": [9.25, 6.25, 10.125, 6.5625], "rotation": 90, "texture": "#2"}
			}
		},
		{
			"from": [5.38273, 6.09488, 9.93112],
			"to": [10.61755, 8.26335, 11.16346],
			"rotation": {"angle": 0, "axis": "y", "origin": [8, 7.17903, 10.55006]},
			"faces": {
				"north": {"uv": [1.75, 6, 3.0625, 6.5625], "texture": "#2"},
				"east": {"uv": [9.75, 9.5, 10.0625, 10.0625], "texture": "#2"},
				"south": {"uv": [3.0625, 6, 1.75, 6.5625], "texture": "#2"},
				"west": {"uv": [10.0625, 9.5, 9.75, 10.0625], "texture": "#2"},
				"up": {"uv": [9.0625, 3.3125, 7.75, 3], "texture": "#2"},
				"down": {"uv": [9.0625, 5.75, 7.75, 6.0625], "texture": "#2"}
			}
		},
		{
			"from": [5.38268, 6.09484, 9.93229],
			"to": [10.61751, 8.26331, 11.16064],
			"rotation": {"angle": -45, "axis": "z", "origin": [8, 7.17903, 10.55006]},
			"faces": {
				"north": {"uv": [4.75, 6, 6.0625, 6.5625], "texture": "#2"},
				"east": {"uv": [10, 2.75, 10.3125, 3.3125], "texture": "#2"},
				"south": {"uv": [6.0625, 6, 4.75, 6.5625], "texture": "#2"},
				"west": {"uv": [10.3125, 1.25, 10, 1.8125], "texture": "#2"},
				"up": {"uv": [7.5625, 8.0625, 6.25, 7.75], "texture": "#2"},
				"down": {"uv": [9.0625, 6.25, 7.75, 6.5625], "texture": "#2"}
			}
		},
		{
			"from": [5.38246, 6.09487, 9.93431],
			"to": [10.61729, 8.26334, 11.16266],
			"rotation": {"angle": 45, "axis": "z", "origin": [8, 7.17903, 10.55006]},
			"faces": {
				"north": {"uv": [6.25, 3, 7.5625, 3.5625], "texture": "#2"},
				"east": {"uv": [10, 1.25, 10.3125, 1.8125], "texture": "#2"},
				"south": {"uv": [7.5625, 3, 6.25, 3.5625], "texture": "#2"},
				"west": {"uv": [10.3125, 2.75, 10, 3.3125], "texture": "#2"},
				"up": {"uv": [9.0625, 7.0625, 7.75, 6.75], "texture": "#2"},
				"down": {"uv": [9.0625, 7.25, 7.75, 7.5625], "texture": "#2"}
			}
		},
		{
			"from": [6.91574, 4.56154, 9.92688],
			"to": [9.08422, 9.79637, 11.18045],
			"rotation": {"angle": 0, "axis": "y", "origin": [8, 7.17903, 10.55006]},
			"faces": {
				"north": {"uv": [6.25, 5.5, 6.8125, 6.8125], "texture": "#2"},
				"east": {"uv": [5, 7.75, 5.3125, 9.0625], "texture": "#2"},
				"south": {"uv": [6.8125, 5.5, 6.25, 6.8125], "texture": "#2"},
				"west": {"uv": [5.5, 7.75, 5.8125, 9.0625], "texture": "#2"},
				"up": {"uv": [3.8125, 10.3125, 3.25, 10], "texture": "#2"},
				"down": {"uv": [10.5625, 3.5, 10, 3.8125], "texture": "#2"}
			}
		},
		{
			"from": [5.38273, 6.09488, 5.25312],
			"to": [10.61755, 8.26335, 6.48546],
			"rotation": {"angle": 0, "axis": "y", "origin": [8, 7.17903, 5.87206]},
			"faces": {
				"north": {"uv": [1.75, 6, 3.0625, 6.5625], "texture": "#2"},
				"east": {"uv": [10.0625, 9.5, 9.75, 10.0625], "texture": "#2"},
				"south": {"uv": [3.0625, 6, 1.75, 6.5625], "texture": "#2"},
				"west": {"uv": [9.75, 9.5, 10.0625, 10.0625], "texture": "#2"},
				"up": {"uv": [9.0625, 8.0625, 7.75, 7.75], "texture": "#2"},
				"down": {"uv": [9.3125, 0.5, 8, 0.8125], "texture": "#2"}
			}
		},
		{
			"from": [5.38268, 6.09484, 5.25429],
			"to": [10.61751, 8.26331, 6.48264],
			"rotation": {"angle": -45, "axis": "z", "origin": [8, 7.17903, 5.87206]},
			"faces": {
				"north": {"uv": [4.75, 6, 6.0625, 6.5625], "texture": "#2"},
				"east": {"uv": [10.3125, 2.75, 10, 3.3125], "texture": "#2"},
				"south": {"uv": [6.0625, 6, 4.75, 6.5625], "texture": "#2"},
				"west": {"uv": [10, 1.25, 10.3125, 1.8125], "texture": "#2"},
				"up": {"uv": [9.3125, 1.3125, 8, 1], "texture": "#2"},
				"down": {"uv": [9.3125, 1.5, 8, 1.8125], "texture": "#2"}
			}
		},
		{
			"from": [5.38246, 6.09487, 5.25631],
			"to": [10.61729, 8.26334, 6.48466],
			"rotation": {"angle": 45, "axis": "z", "origin": [8, 7.17903, 5.87206]},
			"faces": {
				"north": {"uv": [6.25, 3, 7.5625, 3.5625], "texture": "#2"},
				"east": {"uv": [10.3125, 1.25, 10, 1.8125], "texture": "#2"},
				"south": {"uv": [7.5625, 3, 6.25, 3.5625], "texture": "#2"},
				"west": {"uv": [10, 2.75, 10.3125, 3.3125], "texture": "#2"},
				"up": {"uv": [2.0625, 8.5625, 0.75, 8.25], "texture": "#2"},
				"down": {"uv": [9.5625, 4.75, 8.25, 5.0625], "texture": "#2"}
			}
		},
		{
			"from": [6.91574, 4.56154, 5.24888],
			"to": [9.08422, 9.79637, 6.50245],
			"rotation": {"angle": 0, "axis": "y", "origin": [8, 7.17903, 5.87206]},
			"faces": {
				"north": {"uv": [6.25, 5.5, 6.8125, 6.8125], "texture": "#2"},
				"east": {"uv": [2.25, 8.25, 2.5625, 9.5625], "texture": "#2"},
				"south": {"uv": [6.8125, 5.5, 6.25, 6.8125], "texture": "#2"},
				"west": {"uv": [6.25, 8.25, 6.5625, 9.5625], "texture": "#2"},
				"up": {"uv": [3.8125, 10.3125, 3.25, 10], "texture": "#2"},
				"down": {"uv": [10.5625, 3.5, 10, 3.8125], "texture": "#2"}
			}
		},
		{
			"from": [7, 6.07278, 15.86106],
			"to": [9, 9.27278, 16.53606],
			"rotation": {"angle": 0, "axis": "y", "origin": [8, 6.37903, 10.58606]},
			"faces": {
				"north": {"uv": [6.75, 8.25, 7.25, 9.0625], "texture": "#2"},
				"east": {"uv": [5.6875, 9.75, 5.5, 10.5625], "texture": "#2"},
				"south": {"uv": [7.25, 8.25, 7.75, 9.0625], "texture": "#2"},
				"west": {"uv": [5.5, 9.75, 5.6875, 10.5625], "texture": "#2"},
				"up": {"uv": [11, 10.1875, 10.5, 10], "texture": "#2"},
				"down": {"uv": [10.75, 10.5, 10.25, 10.6875], "texture": "#2"}
			}
		},
		{
			"from": [7, 5.42278, 16.53606],
			"to": [9, 8.82278, 17.13606],
			"rotation": {"angle": 0, "axis": "y", "origin": [8, 6.92903, 10.28606]},
			"faces": {
				"north": {"uv": [4.5, 7.75, 5, 8.625], "texture": "#2"},
				"east": {"uv": [10.375, 5.25, 10.25, 6.125], "texture": "#2"},
				"south": {"uv": [7.75, 4.75, 8.25, 5.625], "texture": "#2"},
				"west": {"uv": [10.25, 5.25, 10.375, 6.125], "texture": "#2"},
				"up": {"uv": [11.5, 0.625, 11, 0.5], "texture": "#2"},
				"down": {"uv": [11.5, 0.75, 11, 0.875], "texture": "#2"}
			}
		},
		{
			"from": [7, 5.74778, 16.23606],
			"to": [9, 6.07278, 16.53606],
			"rotation": {"angle": 0, "axis": "y", "origin": [8, 6.65403, 8.38606]},
			"faces": {
				"north": {"uv": [10.75, 11.25, 11.25, 11.3125], "texture": "#2"},
				"east": {"uv": [10.5, 12, 10.5625, 12.0625], "texture": "#2"},
				"south": {"uv": [11.25, 11, 11.75, 11.0625], "texture": "#2"},
				"west": {"uv": [12, 10.5, 12.0625, 10.5625], "texture": "#2"},
				"up": {"uv": [11.75, 11.3125, 11.25, 11.25], "texture": "#2"},
				"down": {"uv": [0.5, 11.5, 0, 11.5625], "texture": "#2"}
			}
		},
		{
			"from": [7.6, 6.87278, 14.06106],
			"to": [8.4, 7.37278, 15.86106],
			"rotation": {"angle": 0, "axis": "y", "origin": [8, 6.77903, 9.21106]},
			"faces": {
				"north": {"uv": [11.5, 5.25, 11.6875, 5.375], "texture": "#2"},
				"east": {"uv": [7, 11, 7.4375, 11.125], "texture": "#2"},
				"south": {"uv": [5.5, 11.5, 5.6875, 11.625], "texture": "#2"},
				"west": {"uv": [7, 11, 7.4375, 11.125], "texture": "#2"},
				"up": {"uv": [10.9375, 0.9375, 10.75, 0.5], "texture": "#2"},
				"down": {"uv": [1.1875, 10.75, 1, 11.1875], "texture": "#2"}
			}
		},
		{
			"from": [7.6, 7.87278, 14.06106],
			"to": [8.4, 8.37278, 15.86106],
			"rotation": {"angle": 0, "axis": "y", "origin": [8, 6.77903, 9.21106]},
			"faces": {
				"north": {"uv": [11.5, 5.5, 11.6875, 5.625], "texture": "#2"},
				"east": {"uv": [7, 11, 7.4375, 11.125], "texture": "#2"},
				"south": {"uv": [5.75, 11.5, 5.9375, 11.625], "texture": "#2"},
				"west": {"uv": [7.5, 11, 7.9375, 11.125], "texture": "#2"},
				"up": {"uv": [10.9375, 1.4375, 10.75, 1], "texture": "#2"},
				"down": {"uv": [1.4375, 10.75, 1.25, 11.1875], "texture": "#2"}
			}
		},
		{
			"name": "trigger",
			"from": [7.8, 6.07278, 12.08606],
			"to": [8.2, 6.47278, 12.41106],
			"rotation": {"angle": 0, "axis": "y", "origin": [8, 7.17903, 10.61106]},
			"faces": {
				"north": {"uv": [12, 7.5, 12.0625, 7.625], "texture": "#2"},
				"east": {"uv": [12, 7.5, 12.0625, 7.625], "texture": "#2"},
				"south": {"uv": [12, 7.5, 12.0625, 7.625], "texture": "#2"},
				"west": {"uv": [12, 7.5, 12.0625, 7.625], "texture": "#2"},
				"up": {"uv": [12, 7.5, 12.0625, 7.625], "texture": "#2"},
				"down": {"uv": [12, 7.5, 12.0625, 7.625], "texture": "#2"}
			}
		},
		{
			"from": [7.8, 5.74778, 11.03606],
			"to": [8.2, 6.47278, 11.36106],
			"rotation": {"angle": 0, "axis": "y", "origin": [8, 7.17903, 10.61106]},
			"faces": {
				"north": {"uv": [6.75, 11.75, 6.8125, 11.9375], "texture": "#2"},
				"east": {"uv": [6.75, 11.75, 6.8125, 11.9375], "texture": "#2"},
				"south": {"uv": [6.75, 11.75, 6.8125, 11.9375], "texture": "#2"},
				"west": {"uv": [6.75, 11.75, 6.8125, 11.9375], "texture": "#2"},
				"up": {"uv": [6.75, 11.75, 6.8125, 11.9375], "texture": "#2"},
				"down": {"uv": [6.75, 11.75, 6.8125, 11.9375], "texture": "#2"}
			}
		},
		{
			"from": [7.8, 5.47278, 11.03606],
			"to": [8.2, 5.74778, 13.11106],
			"rotation": {"angle": 0, "axis": "y", "origin": [8, 7.17903, 10.61106]},
			"faces": {
				"north": {"uv": [11.5, 0.25, 12, 0.3125], "texture": "#2"},
				"east": {"uv": [11.5, 0.25, 12, 0.3125], "texture": "#2"},
				"south": {"uv": [11.5, 0.25, 12, 0.3125], "texture": "#2"},
				"west": {"uv": [11.5, 0.25, 12, 0.3125], "texture": "#2"},
				"up": {"uv": [11.5, 0.25, 12, 0.3125], "texture": "#2"},
				"down": {"uv": [11.5, 0.25, 12, 0.3125], "texture": "#2"}
			}
		},
		{
			"from": [7.6, 3.79778, 13.78606],
			"to": [8.4, 4.12278, 14.78606],
			"rotation": {"angle": 0, "axis": "y", "origin": [8, 7.17903, 10.61106]},
			"faces": {
				"north": {"uv": [7, 11.75, 7.1875, 11.8125], "texture": "#2"},
				"east": {"uv": [11.75, 2, 12, 2.0625], "texture": "#2"},
				"south": {"uv": [7.25, 11.75, 7.4375, 11.8125], "texture": "#2"},
				"west": {"uv": [11.75, 2, 12, 2.0625], "texture": "#2"},
				"up": {"uv": [0.6875, 9.25, 0.5, 9], "texture": "#2"},
				"down": {"uv": [6.1875, 9, 6, 9.25], "texture": "#2"}
			}
		},
		{
			"from": [7.6, 4.12278, 13.78606],
			"to": [8.4, 4.44778, 15.08606],
			"rotation": {"angle": 0, "axis": "y", "origin": [8, 7.17903, 10.61106]},
			"faces": {
				"north": {"uv": [7.5, 11.75, 7.6875, 11.8125], "texture": "#2"},
				"east": {"uv": [11.8125, 8.25, 11.5, 8.3125], "texture": "#2"},
				"south": {"uv": [7.75, 11.75, 7.9375, 11.8125], "texture": "#2"},
				"west": {"uv": [11.5, 8.25, 11.8125, 8.3125], "texture": "#2"},
				"up": {"uv": [2.6875, 11.3125, 2.5, 11], "texture": "#2"},
				"down": {"uv": [2.9375, 11, 2.75, 11.3125], "texture": "#2"}
			}
		},
		{
			"from": [7.6, 4.44778, 13.78606],
			"to": [8.4, 4.77278, 15.38606],
			"rotation": {"angle": 0, "axis": "y", "origin": [8, 7.17903, 10.61106]},
			"faces": {
				"north": {"uv": [8.25, 11.75, 8.4375, 11.8125], "texture": "#2"},
				"east": {"uv": [6.625, 11.5, 6.25, 11.5625], "texture": "#2"},
				"south": {"uv": [8.75, 11.75, 8.9375, 11.8125], "texture": "#2"},
				"west": {"uv": [6.25, 11.5, 6.625, 11.5625], "texture": "#2"},
				"up": {"uv": [3.6875, 11.125, 3.5, 10.75], "texture": "#2"},
				"down": {"uv": [8.4375, 10.75, 8.25, 11.125], "texture": "#2"}
			}
		},
		{
			"from": [7.6, 4.77278, 13.41106],
			"to": [8.4, 5.09778, 15.38606],
			"rotation": {"angle": 0, "axis": "y", "origin": [8, 7.17903, 10.61106]},
			"faces": {
				"north": {"uv": [11.75, 8.75, 11.9375, 8.8125], "texture": "#2"},
				"east": {"uv": [12, 0.5, 11.5, 0.5625], "texture": "#2"},
				"south": {"uv": [9, 11.75, 9.1875, 11.8125], "texture": "#2"},
				"west": {"uv": [11.5, 0.5, 12, 0.5625], "texture": "#2"},
				"up": {"uv": [3.9375, 11, 3.75, 10.5], "texture": "#2"},
				"down": {"uv": [8.6875, 10.5, 8.5, 11], "texture": "#2"}
			}
		},
		{
			"from": [7.6, 5.09778, 13.11106],
			"to": [8.4, 5.42278, 15.08606],
			"rotation": {"angle": 0, "axis": "y", "origin": [8, 7.17903, 10.61106]},
			"faces": {
				"north": {"uv": [11.75, 9, 11.9375, 9.0625], "texture": "#2"},
				"east": {"uv": [1.5, 11.5, 1, 11.5625], "texture": "#2"},
				"south": {"uv": [9.25, 11.75, 9.4375, 11.8125], "texture": "#2"},
				"west": {"uv": [1, 11.5, 1.5, 11.5625], "texture": "#2"},
				"up": {"uv": [9.9375, 11, 9.75, 10.5], "texture": "#2"},
				"down": {"uv": [10.9375, 0, 10.75, 0.5], "texture": "#2"}
			}
		},
		{
			"from": [7.6, 5.42278, 13.11106],
			"to": [8.4, 5.74778, 14.73606],
			"rotation": {"angle": 0, "axis": "y", "origin": [8, 7.17903, 10.61106]},
			"faces": {
				"north": {"uv": [11.75, 9.25, 11.9375, 9.3125], "texture": "#2"},
				"east": {"uv": [3.4375, 11.5, 3, 11.5625], "texture": "#2"},
				"south": {"uv": [10, 11.75, 10.1875, 11.8125], "texture": "#2"},
				"west": {"uv": [3, 11.5, 3.4375, 11.5625], "texture": "#2"},
				"up": {"uv": [1.6875, 11.1875, 1.5, 10.75], "texture": "#2"},
				"down": {"uv": [10.9375, 1.5, 10.75, 1.9375], "texture": "#2"}
			}
		},
		{
			"from": [7.6, 5.74778, 12.76106],
			"to": [8.4, 6.07278, 14.43606],
			"rotation": {"angle": 0, "axis": "y", "origin": [8, 7.17903, 10.61106]},
			"faces": {
				"north": {"uv": [10.25, 11.75, 10.4375, 11.8125], "texture": "#2"},
				"east": {"uv": [11.9375, 3.25, 11.5, 3.3125], "texture": "#2"},
				"south": {"uv": [10.5, 11.75, 10.6875, 11.8125], "texture": "#2"},
				"west": {"uv": [11.5, 3.25, 11.9375, 3.3125], "texture": "#2"},
				"up": {"uv": [1.9375, 11.1875, 1.75, 10.75], "texture": "#2"},
				"down": {"uv": [2.4375, 10.75, 2.25, 11.1875], "texture": "#2"}
			}
		},
		{
			"from": [7.6, 6.07278, 12.76106],
			"to": [8.4, 6.47278, 14.06106],
			"rotation": {"angle": 0, "axis": "y", "origin": [8, 7.17903, 10.61106]},
			"faces": {
				"north": {"uv": [6.75, 11.5, 6.9375, 11.625], "texture": "#2"},
				"east": {"uv": [4.5625, 11.25, 4.25, 11.375], "texture": "#2"},
				"south": {"uv": [7, 11.5, 7.1875, 11.625], "texture": "#2"},
				"west": {"uv": [4.25, 11.25, 4.5625, 11.375], "texture": "#2"},
				"up": {"uv": [11.1875, 3.0625, 11, 2.75], "texture": "#2"},
				"down": {"uv": [3.1875, 11, 3, 11.3125], "texture": "#2"}
			}
		},
		{
			"from": [7.65, 6.03972, 0.96178],
			"to": [8.35, 6.38972, 1.6161],
			"rotation": {"angle": 0, "axis": "y", "origin": [7.66545, 9.17547, 1.88894]},
			"faces": {
				"north": {"uv": [11, 11.75, 11.1875, 11.8125], "texture": "#2"},
				"east": {"uv": [11.75, 11, 11.9375, 11.0625], "texture": "#2"},
				"south": {"uv": [11, 11.75, 11.1875, 11.8125], "texture": "#2"},
				"west": {"uv": [11.75, 11, 11.9375, 11.0625], "texture": "#2"},
				"up": {"uv": [11.4375, 6.1875, 11.25, 6], "texture": "#2"},
				"down": {"uv": [6.6875, 11.25, 6.5, 11.4375], "texture": "#2"}
			}
		},
		{
			"from": [7.65, 6.03972, 1.96178],
			"to": [8.35, 6.38972, 2.6161],
			"rotation": {"angle": 0, "axis": "y", "origin": [7.66545, 9.17547, 1.88894]},
			"faces": {
				"north": {"uv": [11, 11.75, 11.1875, 11.8125], "texture": "#2"},
				"east": {"uv": [11.75, 11, 11.9375, 11.0625], "texture": "#2"},
				"south": {"uv": [11, 11.75, 11.1875, 11.8125], "texture": "#2"},
				"west": {"uv": [11.75, 11, 11.9375, 11.0625], "texture": "#2"},
				"up": {"uv": [6.9375, 11.4375, 6.75, 11.25], "texture": "#2"},
				"down": {"uv": [6.6875, 11.25, 6.5, 11.4375], "texture": "#2"}
			}
		},
		{
			"from": [7.65, 6.03972, 2.96178],
			"to": [8.35, 6.38972, 3.6161],
			"rotation": {"angle": 0, "axis": "y", "origin": [7.66545, 9.17547, 1.88894]},
			"faces": {
				"north": {"uv": [11, 11.75, 11.1875, 11.8125], "texture": "#2"},
				"east": {"uv": [11.75, 11, 11.9375, 11.0625], "texture": "#2"},
				"south": {"uv": [11, 11.75, 11.1875, 11.8125], "texture": "#2"},
				"west": {"uv": [11.75, 11, 11.9375, 11.0625], "texture": "#2"},
				"up": {"uv": [7.4375, 11.4375, 7.25, 11.25], "texture": "#2"},
				"down": {"uv": [6.6875, 11.25, 6.5, 11.4375], "texture": "#2"}
			}
		},
		{
			"from": [7.65, 6.03972, 3.96178],
			"to": [8.35, 6.38972, 4.6161],
			"rotation": {"angle": 0, "axis": "y", "origin": [7.66545, 9.17547, 1.88894]},
			"faces": {
				"north": {"uv": [11, 11.75, 11.1875, 11.8125], "texture": "#2"},
				"east": {"uv": [11.75, 11, 11.9375, 11.0625], "texture": "#2"},
				"south": {"uv": [11, 11.75, 11.1875, 11.8125], "texture": "#2"},
				"west": {"uv": [11.75, 11, 11.9375, 11.0625], "texture": "#2"},
				"up": {"uv": [7.9375, 11.4375, 7.75, 11.25], "texture": "#2"},
				"down": {"uv": [6.6875, 11.25, 6.5, 11.4375], "texture": "#2"}
			}
		},
		{
			"from": [7.25, 6.38972, 0.36178],
			"to": [8.75, 6.73972, 5.2161],
			"rotation": {"angle": 0, "axis": "y", "origin": [7.66545, 8.72547, 1.88894]},
			"faces": {
				"north": {"uv": [7.25, 11.5, 7.625, 11.5625], "texture": "#2"},
				"east": {"uv": [10.25, 6.75, 11.9375, 6.8125], "texture": "#2"},
				"south": {"uv": [11.5, 7.25, 11.875, 7.3125], "texture": "#2"},
				"west": {"uv": [10.25, 7, 11.9375, 7.0625], "texture": "#2"},
				"up": {"uv": [3.375, 8.4375, 3, 6.75], "texture": "#2"},
				"down": {"uv": [3.875, 7.21875, 3.5, 8.43233], "texture": "#2"}
			}
		},
		{
			"name": "glass",
			"from": [7.63165, 12.02639, 7.13996],
			"to": [8.36835, 12.76313, 9.94349],
			"rotation": {"angle": 0, "axis": "y", "origin": [8, 11.59891, 8.11607]},
			"faces": {
				"north": {"uv": [11.25, 8, 11.4375, 8.1875], "texture": "#2"},
				"east": {"uv": [8.75, 4.5, 9.4375, 4.6875], "texture": "#2"},
				"south": {"uv": [11.4375, 8, 11.25, 8.1875], "texture": "#2"},
				"west": {"uv": [10.25, 4, 10.9375, 4.1875], "texture": "#2"},
				"up": {"uv": [0.9375, 6.4375, 0.75, 5.75], "texture": "#2"},
				"down": {"uv": [2.9375, 7.75, 2.75, 8.4375], "texture": "#2"}
			}
		},
		{
			"from": [8.66081, 12.24922, 7.57827],
			"to": [9.02466, 12.88596, 9.42041],
			"rotation": {"angle": 22.5, "axis": "z", "origin": [8, 11.59891, 8.11607]},
			"faces": {
				"north": {"uv": [1.25, 12, 1.3125, 12.1875], "texture": "#2"},
				"east": {"uv": [11.1875, 3.5, 10.75, 3.6875], "texture": "#2"},
				"south": {"uv": [12, 1.25, 12.0625, 1.4375], "texture": "#2"},
				"west": {"uv": [2.5, 10.75, 2.9375, 10.9375], "texture": "#2"},
				"up": {"uv": [11.5625, 3.9375, 11.5, 3.5], "texture": "#2"},
				"down": {"uv": [3.8125, 11.5, 3.75, 11.9375], "texture": "#2"}
			}
		},
		{
			"from": [7.54519, 12.63433, 7.57785],
			"to": [8.44572, 13.18011, 9.41999],
			"rotation": {"angle": 0, "axis": "y", "origin": [8, 11.59891, 8.11607]},
			"faces": {
				"north": {"uv": [11.5, 1.25, 11.75, 1.375], "texture": "#2"},
				"east": {"uv": [11, 7.5, 11.4375, 7.625], "texture": "#2"},
				"south": {"uv": [11.5, 1.5, 11.75, 1.625], "texture": "#2"},
				"west": {"uv": [9, 11, 9.4375, 11.125], "texture": "#2"},
				"up": {"uv": [1.25, 4.9375, 1, 4.5], "texture": "#2"},
				"down": {"uv": [2.25, 8.75, 2, 9.1875], "texture": "#2"}
			}
		},
		{
			"from": [6.97471, 12.24896, 7.57827],
			"to": [7.33856, 12.8857, 9.42041],
			"rotation": {"angle": -22.5, "axis": "z", "origin": [8, 11.59891, 8.11607]},
			"faces": {
				"north": {"uv": [12, 1.5, 12.0625, 1.6875], "texture": "#2"},
				"east": {"uv": [3, 10.75, 3.4375, 10.9375], "texture": "#2"},
				"south": {"uv": [12, 1.75, 12.0625, 1.9375], "texture": "#2"},
				"west": {"uv": [10.75, 3.5, 11.1875, 3.6875], "texture": "#2"},
				"up": {"uv": [4.0625, 11.9375, 4, 11.5], "texture": "#2"},
				"down": {"uv": [11.5625, 4, 11.5, 4.4375], "texture": "#2"}
			}
		},
		{
			"from": [7.30152, 12.22799, 7.57737],
			"to": [8.69779, 12.59184, 9.41951],
			"rotation": {"angle": 0, "axis": "y", "origin": [8, 11.59891, 8.11607]},
			"faces": {
				"north": {"uv": [11.5, 7.5, 11.875, 7.5625], "texture": "#2"},
				"east": {"uv": [11.9375, 4.5, 11.5, 4.5625], "texture": "#2"},
				"south": {"uv": [11.5, 7.75, 11.875, 7.8125], "texture": "#2"},
				"west": {"uv": [11.5, 4.5, 11.9375, 4.5625], "texture": "#2"},
				"up": {"uv": [1.375, 10.6875, 1, 10.25], "texture": "#2"},
				"down": {"uv": [1.875, 10.25, 1.5, 10.6875], "texture": "#2"}
			}
		},
		{
			"from": [7.59543, 11.81066, 7.57827],
			"to": [7.95928, 12.4474, 9.42041],
			"rotation": {"angle": 22.5, "axis": "z", "origin": [8, 11.59891, 8.11607]},
			"faces": {
				"north": {"uv": [12, 2, 12.0625, 2.1875], "texture": "#2"},
				"east": {"uv": [10.75, 3.75, 11.1875, 3.9375], "texture": "#2"},
				"south": {"uv": [12, 2.25, 12.0625, 2.4375], "texture": "#2"},
				"west": {"uv": [4, 10.75, 4.4375, 10.9375], "texture": "#2"},
				"up": {"uv": [4.8125, 11.9375, 4.75, 11.5], "texture": "#2"},
				"down": {"uv": [11.5625, 4.75, 11.5, 5.1875], "texture": "#2"}
			}
		},
		{
			"from": [8.04072, 11.81066, 7.57827],
			"to": [8.40457, 12.4474, 9.42041],
			"rotation": {"angle": -22.5, "axis": "z", "origin": [8, 11.59891, 8.11607]},
			"faces": {
				"north": {"uv": [2.5, 12, 2.5625, 12.1875], "texture": "#2"},
				"east": {"uv": [4.4375, 10.75, 4, 10.9375], "texture": "#2"},
				"south": {"uv": [12, 2.5, 12.0625, 2.6875], "texture": "#2"},
				"west": {"uv": [5, 10.75, 5.4375, 10.9375], "texture": "#2"},
				"up": {"uv": [5.0625, 11.9375, 5, 11.5], "texture": "#2"},
				"down": {"uv": [5.3125, 11.5, 5.25, 11.9375], "texture": "#2"}
			}
		},
		{
			"from": [7.54519, 11.63972, 7.57737],
			"to": [8.45481, 12.27646, 9.41951],
			"rotation": {"angle": 0, "axis": "y", "origin": [8, 11.59891, 8.11607]},
			"faces": {
				"north": {"uv": [9.5, 4.5, 9.75, 4.6875], "texture": "#2"},
				"east": {"uv": [5.5, 10.75, 5.9375, 10.9375], "texture": "#2"},
				"south": {"uv": [11.25, 1.75, 11.5, 1.9375], "texture": "#2"},
				"west": {"uv": [6.25, 10.75, 6.6875, 10.9375], "texture": "#2"},
				"up": {"uv": [4, 9.4375, 3.75, 9], "texture": "#2"},
				"down": {"uv": [6, 10.25, 5.75, 10.6875], "texture": "#2"}
			}
		},
		{
			"from": [7.62023, 12.86472, 8.14694],
			"to": [8.37977, 13.50146, 8.87464],
			"rotation": {"angle": 0, "axis": "y", "origin": [8, 11.59891, 8.11607]},
			"faces": {
				"north": {"uv": [8.9375, 11.25, 8.75, 11.4375], "texture": "#2"},
				"east": {"uv": [11.4375, 8.75, 11.25, 8.9375], "texture": "#2"},
				"south": {"uv": [8.75, 11.25, 8.9375, 11.4375], "texture": "#2"},
				"west": {"uv": [11.25, 8.75, 11.4375, 8.9375], "texture": "#2"},
				"up": {"uv": [9.1875, 11.4375, 9, 11.25], "texture": "#2"},
				"down": {"uv": [11.4375, 9, 11.25, 9.1875], "texture": "#2"}
			}
		},
		{
			"from": [7.78053, 12.74774, 6.85257],
			"to": [8.21947, 12.93669, 10.20212],
			"rotation": {"angle": 0, "axis": "y", "origin": [8, 11.59891, 8.11607]},
			"faces": {
				"north": {"uv": [8.5, 12, 8.625, 12.0625], "texture": "#2"},
				"east": {"uv": [11, 9.5, 11.8125, 9.5625], "texture": "#2"},
				"south": {"uv": [12, 8.5, 12.125, 8.5625], "texture": "#2"},
				"west": {"uv": [11, 9.75, 11.8125, 9.8125], "texture": "#2"},
				"up": {"uv": [6.125, 11.0625, 6, 10.25], "texture": "#2"},
				"down": {"uv": [8.875, 10.25, 8.75, 11.0625], "texture": "#2"}
			}
		},
		{
			"from": [8.9122, 11.95072, 6.85298],
			"to": [9.10115, 12.38967, 10.20252],
			"rotation": {"angle": 45, "axis": "z", "origin": [8, 11.59891, 8.11607]},
			"faces": {
				"north": {"uv": [8.75, 12, 8.8125, 12.125], "texture": "#2"},
				"east": {"uv": [11.3125, 2.5, 10.5, 2.625], "texture": "#2"},
				"south": {"uv": [12, 8.75, 12.0625, 8.875], "texture": "#2"},
				"west": {"uv": [10.25, 8, 11.0625, 8.125], "texture": "#2"},
				"up": {"uv": [8.0625, 11.8125, 8, 11], "texture": "#2"},
				"down": {"uv": [8.5625, 11, 8.5, 11.8125], "texture": "#2"}
			}
		},
		{
			"from": [8.34091, 12.18736, 6.85284],
			"to": [8.52986, 12.62631, 10.20239],
			"rotation": {"angle": 0, "axis": "y", "origin": [8, 11.59891, 8.11607]},
			"faces": {
				"north": {"uv": [9, 12, 9.0625, 12.125], "texture": "#2"},
				"east": {"uv": [3.0625, 10.5, 2.25, 10.625], "texture": "#2"},
				"south": {"uv": [12, 9, 12.0625, 9.125], "texture": "#2"},
				"west": {"uv": [9, 10.25, 9.8125, 10.375], "texture": "#2"},
				"up": {"uv": [9.5625, 11.8125, 9.5, 11], "texture": "#2"},
				"down": {"uv": [9.8125, 11, 9.75, 11.8125], "texture": "#2"}
			}
		},
		{
			"from": [8.35182, 11.64034, 6.85298],
			"to": [8.79077, 11.82929, 10.20252],
			"rotation": {"angle": 45, "axis": "z", "origin": [8, 11.59891, 8.11607]},
			"faces": {
				"north": {"uv": [9.25, 12, 9.375, 12.0625], "texture": "#2"},
				"east": {"uv": [11, 10, 11.8125, 10.0625], "texture": "#2"},
				"south": {"uv": [12, 9.25, 12.125, 9.3125], "texture": "#2"},
				"west": {"uv": [10.25, 11, 11.0625, 11.0625], "texture": "#2"},
				"up": {"uv": [10.375, 10.3125, 10.25, 9.5], "texture": "#2"},
				"down": {"uv": [10.5, 1, 10.625, 1.8125], "texture": "#2"}
			}
		},
		{
			"from": [7.78053, 11.87697, 6.85257],
			"to": [8.21947, 12.06592, 10.20212],
			"rotation": {"angle": 0, "axis": "y", "origin": [8, 11.59891, 8.11607]},
			"faces": {
				"north": {"uv": [9.5, 12, 9.625, 12.0625], "texture": "#2"},
				"east": {"uv": [11, 10.25, 11.8125, 10.3125], "texture": "#2"},
				"south": {"uv": [12, 9.5, 12.125, 9.5625], "texture": "#2"},
				"west": {"uv": [11, 10.75, 11.8125, 10.8125], "texture": "#2"},
				"up": {"uv": [0.125, 11.3125, 0, 10.5], "texture": "#2"},
				"down": {"uv": [10.625, 0, 10.5, 0.8125], "texture": "#2"}
			}
		},
		{
			"from": [7.20923, 11.64034, 6.85298],
			"to": [7.64818, 11.82929, 10.20252],
			"rotation": {"angle": -45, "axis": "z", "origin": [8, 11.59891, 8.11607]},
			"faces": {
				"north": {"uv": [9.75, 12, 9.875, 12.0625], "texture": "#2"},
				"east": {"uv": [0.5, 11.25, 1.3125, 11.3125], "texture": "#2"},
				"south": {"uv": [12, 9.75, 12.125, 9.8125], "texture": "#2"},
				"west": {"uv": [11.25, 1, 12.0625, 1.0625], "texture": "#2"},
				"up": {"uv": [0.375, 11.3125, 0.25, 10.5], "texture": "#2"},
				"down": {"uv": [10.625, 1, 10.5, 1.8125], "texture": "#2"}
			}
		},
		{
			"from": [7.47014, 12.18736, 6.85284],
			"to": [7.65909, 12.62631, 10.20239],
			"rotation": {"angle": 0, "axis": "y", "origin": [8, 11.59891, 8.11607]},
			"faces": {
				"north": {"uv": [10, 12, 10.0625, 12.125], "texture": "#2"},
				"east": {"uv": [10.5, 2, 11.3125, 2.125], "texture": "#2"},
				"south": {"uv": [12, 10, 12.0625, 10.125], "texture": "#2"},
				"west": {"uv": [2.25, 10.5, 3.0625, 10.625], "texture": "#2"},
				"up": {"uv": [1.5625, 12.0625, 1.5, 11.25], "texture": "#2"},
				"down": {"uv": [1.8125, 11.25, 1.75, 12.0625], "texture": "#2"}
			}
		},
		{
			"from": [6.89885, 11.95072, 6.85298],
			"to": [7.0878, 12.38967, 10.20252],
			"rotation": {"angle": -45, "axis": "z", "origin": [8, 11.59891, 8.11607]},
			"faces": {
				"north": {"uv": [10.25, 12, 10.3125, 12.125], "texture": "#2"},
				"east": {"uv": [10.5, 2.25, 11.3125, 2.375], "texture": "#2"},
				"south": {"uv": [12, 10.25, 12.0625, 10.375], "texture": "#2"},
				"west": {"uv": [10.5, 2.5, 11.3125, 2.625], "texture": "#2"},
				"up": {"uv": [2.0625, 12.0625, 2, 11.25], "texture": "#2"},
				"down": {"uv": [2.3125, 11.25, 2.25, 12.0625], "texture": "#2"}
			}
		},
		{
			"from": [7.35, 10.98972, 7.27541],
			"to": [8.65, 11.63972, 9.42041],
			"rotation": {"angle": 0, "axis": "y", "origin": [8, 11.59891, 8.11607]},
			"faces": {
				"north": {"uv": [11, 4, 11.3125, 4.1875], "texture": "#2"},
				"east": {"uv": [10.8125, 7.5, 10.25, 7.6875], "texture": "#2"},
				"south": {"uv": [4.25, 11, 4.5625, 11.1875], "texture": "#2"},
				"west": {"uv": [10.25, 7.5, 10.8125, 7.6875], "texture": "#2"},
				"up": {"uv": [4.3125, 10.5625, 4, 10], "texture": "#2"},
				"down": {"uv": [0.8125, 10.25, 0.5, 10.8125], "texture": "#2"}
			}
		},
		{
			"from": [7.35, 10.33972, 5.91041],
			"to": [8.65, 10.98972, 9.42041],
			"rotation": {"angle": 0, "axis": "y", "origin": [8, 11.59891, 8.11607]},
			"faces": {
				"north": {"uv": [4.75, 11, 5.0625, 11.1875], "texture": "#2"},
				"east": {"uv": [6.375, 3.75, 5.5, 3.9375], "texture": "#2"},
				"south": {"uv": [5.25, 11, 5.5625, 11.1875], "texture": "#2"},
				"west": {"uv": [5.5, 3.75, 6.375, 3.9375], "texture": "#2"},
				"up": {"uv": [9.8125, 1.375, 9.5, 0.5], "texture": "#2"},
				"down": {"uv": [3.0625, 9.5, 2.75, 10.375], "texture": "#2"}
			}
		},
		{
			"from": [7.505, 5.64722, 2.80578],
			"to": [8.495, 5.84522, 3.72153],
			"rotation": {"angle": 0, "axis": "y", "origin": [8, 9.76759, -4.86907]},
			"faces": {
				"north": {"uv": [2, 10, 2.25, 10.0625], "texture": "#1"},
				"east": {"uv": [10, 2.25, 10.25, 2.3125], "texture": "#1"},
				"south": {"uv": [2.25, 10, 2.5, 10.0625], "texture": "#1"},
				"west": {"uv": [10, 2.25, 10.25, 2.3125], "texture": "#1"},
				"up": {"uv": [4.75, 8.25, 4.5, 8], "texture": "#1"},
				"down": {"uv": [5, 8, 4.75, 8.25], "texture": "#1"}
			}
		},
		{
			"from": [7.505, 5.84522, 2.63253],
			"to": [8.495, 6.04322, 3.89478],
			"rotation": {"angle": 0, "axis": "y", "origin": [8, 9.76759, -4.86907]},
			"faces": {
				"north": {"uv": [2.5, 10, 2.75, 10.0625], "texture": "#1"},
				"east": {"uv": [9.8125, 8.75, 9.5, 8.8125], "texture": "#1"},
				"south": {"uv": [10, 2.5, 10.25, 2.5625], "texture": "#1"},
				"west": {"uv": [9.5, 8.75, 9.8125, 8.8125], "texture": "#1"},
				"up": {"uv": [1.25, 8.0625, 1, 7.75], "texture": "#1"},
				"down": {"uv": [1.5, 7.75, 1.25, 8.0625], "texture": "#1"}
			}
		},
		{
			"from": [7.48, 6.04322, 2.21178],
			"to": [8.52, 6.38972, 4.31553],
			"rotation": {"angle": 0, "axis": "y", "origin": [8, 9.76759, -4.86907]},
			"faces": {
				"north": {"uv": [2.75, 10, 3, 10.0625], "texture": "#1"},
				"east": {"uv": [9, 6.25, 9.5, 6.3125], "texture": "#1"},
				"south": {"uv": [10, 2.75, 10.25, 2.8125], "texture": "#1"},
				"west": {"uv": [9.5, 6.25, 9, 6.3125], "texture": "#1"},
				"up": {"uv": [2.25, 4.75, 2, 4.25], "texture": "#1"},
				"down": {"uv": [2.25, 4.25, 2, 4.75], "texture": "#1"}
			}
		},
		{
			"name": "handle",
			"from": [7.58938, 3.10972, 2.85578],
			"to": [8.41063, 6.14722, 3.67703],
			"rotation": {"angle": 0, "axis": "y", "origin": [8, 8.37847, 5.2664]},
			"faces": {
				"north": {"uv": [7.25, 4.25, 6.5, 4.4375], "rotation": 90, "texture": "#1"},
				"east": {"uv": [6.5, 4.25, 7.25, 4.4375], "rotation": 270, "texture": "#1"},
				"south": {"uv": [6.5, 4.25, 7.25, 4.4375], "rotation": 270, "texture": "#1"},
				"west": {"uv": [7.25, 4.25, 6.5, 4.4375], "rotation": 90, "texture": "#1"},
				"up": {"uv": [9, 1, 9.1875, 1.1875], "rotation": 180, "texture": "#1"},
				"down": {"uv": [0.75, 9, 0.9375, 9.1875], "texture": "#1"}
			}
		}
	],
	"display": {
		"thirdperson_righthand": {
			"rotation": [67.5, 0, 0],
			"translation": [-1.75, 6, 1.5]
		},
		"thirdperson_lefthand": {
			"rotation": [67.5, 0, 0],
			"translation": [-1.75, 6, 1.5]
		},
		"firstperson_righthand": {
			"translation": [-3, 2, -1.75],
			"scale": [1.4, 1.4, 1.4]
		},
		"firstperson_lefthand": {
			"translation": [-3, 2, -1.75],
			"scale": [1.4, 1.4, 1.4]
		},
		"ground": {
			"translation": [0, 1.25, 0]
		},
		"gui": {
			"rotation": [159.18, -42.16, -176.01],
			"translation": [-0.25, -1, 0],
			"scale": [1.05, 1.05, 1.05]
		},
		"fixed": {
			"rotation": [0, 90, 0],
			"translation": [0, 0, -2],
			"scale": [2, 2, 2]
		}
	},
	"groups": [
		{
			"name": "pluton_stickler",
			"origin": [8, 7.17903, 10.61106],
			"color": 0,
			"children": [
				{
					"name": "barrel",
					"origin": [8, 7.17903, 10.61106],
					"color": 0,
					"children": [
						0,
						{
							"name": "iron_sight",
							"origin": [7.66545, 10.80397, 2.71394],
							"color": 0,
							"children": [1, 2, 3, 4, 5, 6, 7, 8, 9, 10, 11]
						}
					]
				},
				{
					"name": "inner_body",
					"origin": [8, 6.77903, 10.61106],
					"color": 0,
					"children": [12, 13, 14]
				},
				{
					"name": "body_cover",
					"origin": [7.66545, 8.80397, 2.71394],
					"color": 0,
					"children": [15, 16, 17, 18, 19, 20, 21, 22, 23, 24, 25]
				},
				{
					"name": "rail",
					"origin": [7.66545, 8.35397, 2.09325],
					"color": 0,
					"children": [26, 27, 28, 29, 30]
				},
				{
					"name": "mag",
					"origin": [8, 7.17903, 10.61106],
					"color": 0,
					"children": [
						{
							"name": "cylinder",
							"origin": [4.88975, 14.43617, 31.87716],
							"color": 1,
							"children": [31, 32, 33, 34, 35, 36, 37, 38]
						},
						{
							"name": "cover",
							"origin": [4.64093, 15.01674, 34.81845],
							"color": 1,
							"children": [39, 40, 41, 42]
						},
						{
							"name": "cover",
							"origin": [4.10348, 16.27078, 41.47563],
							"color": 1,
							"children": [43, 44, 45, 46]
						}
					]
				},
				{
					"name": "stock",
					"origin": [7.7, 6.77903, 10.61106],
					"color": 0,
					"children": [47, 48, 49, 50, 51]
				},
				{
					"name": "trigger_guard",
					"origin": [8, 6.42278, 4.33606],
					"color": 0,
					"children": [52, 53, 54]
				},
				{
					"name": "handle",
					"origin": [8, 7.07278, 3.96106],
					"color": 8,
					"children": [55, 56, 57, 58, 59, 60, 61, 62]
				},
				{
					"name": "underbarrel_rail",
					"origin": [8.46545, 8.35397, 2.09325],
					"color": 0,
					"children": [63, 64, 65, 66, 67]
				},
				{
					"name": "attachments",
					"origin": [8, 8, 8],
					"color": 0,
					"children": [
						{
							"name": "scope",
							"origin": [8.10206, 12.36718, 14.0172],
							"color": 0,
							"children": [
								68,
								{
									"name": "scope_cover",
									"origin": [7.90688, 11.74218, 9.5922],
									"color": 0,
									"children": [69, 70, 71, 72, 73, 74, 75, 76]
								},
								{
									"name": "scope_frame",
									"origin": [8.08271, 11.74218, 9.5922],
									"color": 0,
									"children": [77, 78, 79, 80, 81, 82, 83, 84]
								},
								{
									"name": "scope_base",
									"origin": [8.08394, 11.74218, 9.5922],
									"color": 0,
									"children": [85, 86]
								}
							]
						},
						{
							"name": "fore_grip",
							"origin": [9.39784, 8, 8],
							"color": 0,
							"children": [
								{
									"name": "foregrip_base",
									"origin": [9.39784, 5.72929, 3.49387],
									"color": 0,
									"children": [87, 88, 89]
								},
								90
							]
						}
					]
				}
			]
		}
	]
}