{
	"credit": "Made with Blockbench",
	"textures": {
		"1": "aoa3:item/lightspark",
		"2": "aoa3:item/predator",
		"3": "aoa3:item/predator_details",
		"particle": "aoa3:item/predator"
	},
	"elements": [
		{
			"from": [4.39616, 8.40226, -0.16783],
			"to": [4.62304, 8.62914, 1.59237],
			"rotation": {"angle": -22.5, "axis": "y", "origin": [8, 8, 8]},
			"faces": {
				"north": {"uv": [6.25, 0.5, 6.6875, 0.5625], "texture": "#2"},
				"east": {"uv": [6.25, 0.5, 6.6875, 0.5625], "texture": "#2"},
				"south": {"uv": [6.25, 0.5, 6.6875, 0.5625], "texture": "#2"},
				"west": {"uv": [6.25, 0.5, 6.6875, 0.5625], "texture": "#2"},
				"up": {"uv": [6.25, 0.5, 6.6875, 0.5625], "texture": "#2"},
				"down": {"uv": [6.25, 0.5, 6.6875, 0.5625], "texture": "#2"}
			}
		},
		{
			"from": [11.37696, 8.40226, -0.16783],
			"to": [11.60384, 8.62914, 1.59237],
			"rotation": {"angle": 22.5, "axis": "y", "origin": [8, 8, 8]},
			"faces": {
				"north": {"uv": [1.25, 6.25, 1.6875, 6.3125], "texture": "#2"},
				"east": {"uv": [1.25, 6.25, 1.6875, 6.3125], "texture": "#2"},
				"south": {"uv": [1.25, 6.25, 1.6875, 6.3125], "texture": "#2"},
				"west": {"uv": [1.25, 6.25, 1.6875, 6.3125], "texture": "#2"},
				"up": {"uv": [1.25, 6.25, 1.6875, 6.3125], "texture": "#2"},
				"down": {"uv": [1.25, 6.25, 1.6875, 6.3125], "texture": "#2"}
			}
		},
		{
			"from": [7.88656, 11.85341, 0.02952],
			"to": [8.11344, 12.08029, 1.78972],
			"rotation": {"angle": -22.5, "axis": "x", "origin": [8, 8, 8]},
			"faces": {
				"north": {"uv": [2.25, 6.25, 2.6875, 6.3125], "texture": "#2"},
				"east": {"uv": [2.25, 6.25, 2.6875, 6.3125], "texture": "#2"},
				"south": {"uv": [2.25, 6.25, 2.6875, 6.3125], "texture": "#2"},
				"west": {"uv": [2.25, 6.25, 2.6875, 6.3125], "texture": "#2"},
				"up": {"uv": [2.25, 6.25, 2.6875, 6.3125], "texture": "#2"},
				"down": {"uv": [2.25, 6.25, 2.6875, 6.3125], "texture": "#2"}
			}
		},
		{
			"from": [7.88656, 4.87261, -0.36518],
			"to": [8.11344, 5.09949, 1.39502],
			"rotation": {"angle": 22.5, "axis": "x", "origin": [8, 8, 8]},
			"faces": {
				"north": {"uv": [6.25, 3.25, 6.6875, 3.3125], "texture": "#2"},
				"east": {"uv": [6.25, 3.25, 6.6875, 3.3125], "texture": "#2"},
				"south": {"uv": [6.25, 3.25, 6.6875, 3.3125], "texture": "#2"},
				"west": {"uv": [6.25, 3.25, 6.6875, 3.3125], "texture": "#2"},
				"up": {"uv": [6.25, 3.25, 6.6875, 3.3125], "texture": "#2"},
				"down": {"uv": [6.25, 3.25, 6.6875, 3.3125], "texture": "#2"}
			}
		},
		{
			"from": [7.12258, 8.37726, 0.70099],
			"to": [7.34946, 8.65414, 2.46119],
			"rotation": {"angle": 0, "axis": "y", "origin": [8, 8, 8]},
			"faces": {
				"north": {"uv": [6.25, 5.25, 6.6875, 5.3125], "texture": "#2"},
				"east": {"uv": [6.25, 5.25, 6.6875, 5.3125], "texture": "#2"},
				"south": {"uv": [6.25, 5.25, 6.6875, 5.3125], "texture": "#2"},
				"west": {"uv": [6.25, 5.25, 6.6875, 5.3125], "texture": "#2"},
				"up": {"uv": [6.25, 5.25, 6.6875, 5.3125], "texture": "#2"},
				"down": {"uv": [6.25, 5.25, 6.6875, 5.3125], "texture": "#2"}
			}
		},
		{
			"from": [8.22622, 9.0152, 1.34191],
			"to": [8.5031, 9.24208, 2.45211],
			"rotation": {"angle": 45, "axis": "z", "origin": [8, 8, 8]},
			"faces": {
				"north": {"uv": [6.75, 7.5, 6.8125, 7.5625], "texture": "#2"},
				"east": {"uv": [0.5, 6.75, 0.75, 6.8125], "texture": "#2"},
				"south": {"uv": [7.5, 6.75, 7.5625, 6.8125], "texture": "#2"},
				"west": {"uv": [1, 6.75, 1.25, 6.8125], "texture": "#2"},
				"up": {"uv": [6.8125, 1.75, 6.75, 1.5], "texture": "#2"},
				"down": {"uv": [1.8125, 6.75, 1.75, 7], "texture": "#2"}
			}
		},
		{
			"from": [7.86156, 9.16624, 0.70099],
			"to": [8.13844, 9.39312, 2.46119],
			"rotation": {"angle": 0, "axis": "y", "origin": [8, 8, 8]},
			"faces": {
				"north": {"uv": [5.75, 6.25, 6.1875, 6.3125], "texture": "#2"},
				"east": {"uv": [5.75, 6.25, 6.1875, 6.3125], "texture": "#2"},
				"south": {"uv": [5.75, 6.25, 6.1875, 6.3125], "texture": "#2"},
				"west": {"uv": [5.75, 6.25, 6.1875, 6.3125], "texture": "#2"},
				"up": {"uv": [5.75, 6.25, 6.1875, 6.3125], "texture": "#2"},
				"down": {"uv": [5.75, 6.25, 6.1875, 6.3125], "texture": "#2"}
			}
		},
		{
			"from": [9.0152, 8.22622, 1.34463],
			"to": [9.24208, 8.5031, 2.45483],
			"rotation": {"angle": 45, "axis": "z", "origin": [8, 8, 8]},
			"faces": {
				"north": {"uv": [7.25, 7.5, 7.3125, 7.5625], "texture": "#2"},
				"east": {"uv": [6.75, 1.75, 7, 1.8125], "texture": "#2"},
				"south": {"uv": [7.5, 7.25, 7.5625, 7.3125], "texture": "#2"},
				"west": {"uv": [2, 6.75, 2.25, 6.8125], "texture": "#2"},
				"up": {"uv": [2.5625, 7, 2.5, 6.75], "texture": "#2"},
				"down": {"uv": [6.8125, 2.5, 6.75, 2.75], "texture": "#2"}
			}
		},
		{
			"from": [8.65054, 8.37726, 0.70099],
			"to": [8.87742, 8.65414, 2.46119],
			"rotation": {"angle": 0, "axis": "y", "origin": [8, 8, 8]},
			"faces": {
				"north": {"uv": [0.25, 6.5, 0.6875, 6.5625], "texture": "#2"},
				"east": {"uv": [0.25, 6.5, 0.6875, 6.5625], "texture": "#2"},
				"south": {"uv": [0.25, 6.5, 0.6875, 6.5625], "texture": "#2"},
				"west": {"uv": [0.25, 6.5, 0.6875, 6.5625], "texture": "#2"},
				"up": {"uv": [0.25, 6.5, 0.6875, 6.5625], "texture": "#2"},
				"down": {"uv": [0.25, 6.5, 0.6875, 6.5625], "texture": "#2"}
			}
		},
		{
			"from": [8.22622, 7.48724, 1.34736],
			"to": [8.5031, 7.71412, 2.45756],
			"rotation": {"angle": 45, "axis": "z", "origin": [8, 8, 8]},
			"faces": {
				"north": {"uv": [7.75, 0, 7.8125, 0.0625], "texture": "#2"},
				"east": {"uv": [2.75, 6.75, 3, 6.8125], "texture": "#2"},
				"south": {"uv": [0.25, 7.75, 0.3125, 7.8125], "texture": "#2"},
				"west": {"uv": [6.75, 2.75, 7, 2.8125], "texture": "#2"},
				"up": {"uv": [3.0625, 7, 3, 6.75], "texture": "#2"},
				"down": {"uv": [3.3125, 6.75, 3.25, 7], "texture": "#2"}
			}
		},
		{
			"from": [7.86156, 7.63828, 0.70099],
			"to": [8.13844, 7.86516, 2.46119],
			"rotation": {"angle": 0, "axis": "y", "origin": [8, 8, 8]},
			"faces": {
				"north": {"uv": [6.5, 1, 6.9375, 1.0625], "texture": "#2"},
				"east": {"uv": [6.5, 1, 6.9375, 1.0625], "texture": "#2"},
				"south": {"uv": [6.5, 1, 6.9375, 1.0625], "texture": "#2"},
				"west": {"uv": [6.5, 1, 6.9375, 1.0625], "texture": "#2"},
				"up": {"uv": [6.5, 1, 6.9375, 1.0625], "texture": "#2"},
				"down": {"uv": [6.5, 1, 6.9375, 1.0625], "texture": "#2"}
			}
		},
		{
			"from": [7.48724, 8.22622, 1.34373],
			"to": [7.71412, 8.5031, 2.45393],
			"rotation": {"angle": 45, "axis": "z", "origin": [8, 8, 8]},
			"faces": {
				"north": {"uv": [7.75, 0.5, 7.8125, 0.5625], "texture": "#2"},
				"east": {"uv": [6.75, 3.25, 7, 3.3125], "texture": "#2"},
				"south": {"uv": [0.75, 7.75, 0.8125, 7.8125], "texture": "#2"},
				"west": {"uv": [3.5, 6.75, 3.75, 6.8125], "texture": "#2"},
				"up": {"uv": [6.8125, 3.75, 6.75, 3.5], "texture": "#2"},
				"down": {"uv": [3.8125, 6.75, 3.75, 7], "texture": "#2"}
			}
		},
		{
			"from": [7.875, 8.39313, 2.0262],
			"to": [8.125, 8.69313, 2.4262],
			"rotation": {"angle": 0, "axis": "y", "origin": [8, 8, 8]},
			"faces": {
				"north": {"uv": [1.75, 7.5, 1.875, 7.5625], "texture": "#2"},
				"east": {"uv": [1.75, 7.5, 1.875, 7.5625], "texture": "#2"},
				"south": {"uv": [1.75, 7.5, 1.875, 7.5625], "texture": "#2"},
				"west": {"uv": [1.75, 7.5, 1.875, 7.5625], "texture": "#2"},
				"up": {"uv": [1.75, 7.5, 1.875, 7.5625], "texture": "#2"},
				"down": {"uv": [1.75, 7.5, 1.875, 7.5625], "texture": "#2"}
			}
		},
		{
			"from": [12.29483, 8.41813, 3.6466],
			"to": [12.99483, 8.66813, 3.8466],
			"rotation": {"angle": 45, "axis": "y", "origin": [8, 8, 8]},
			"faces": {
				"north": {"uv": [7, 2.5, 7.1875, 2.5625], "texture": "#2"},
				"east": {"uv": [7, 2.5, 7.1875, 2.5625], "texture": "#2"},
				"south": {"uv": [7, 2.5, 7.1875, 2.5625], "texture": "#2"},
				"west": {"uv": [7, 2.5, 7.1875, 2.5625], "texture": "#2"},
				"up": {"uv": [7, 2.5, 7.1875, 2.5625], "texture": "#2"},
				"down": {"uv": [7, 2.5, 7.1875, 2.5625], "texture": "#2"}
			}
		},
		{
			"from": [3.00517, 8.41813, 3.6466],
			"to": [3.70517, 8.66813, 3.8466],
			"rotation": {"angle": -45, "axis": "y", "origin": [8, 8, 8]},
			"faces": {
				"north": {"uv": [7, 3, 7.1875, 3.0625], "texture": "#2"},
				"east": {"uv": [7, 3, 7.1875, 3.0625], "texture": "#2"},
				"south": {"uv": [7, 3, 7.1875, 3.0625], "texture": "#2"},
				"west": {"uv": [7, 3, 7.1875, 3.0625], "texture": "#2"},
				"up": {"uv": [7, 3, 7.1875, 3.0625], "texture": "#2"},
				"down": {"uv": [7, 3, 7.1875, 3.0625], "texture": "#2"}
			}
		},
		{
			"from": [4.97482, 8.39313, 1.55132],
			"to": [5.17482, 8.69313, 2.25132],
			"rotation": {"angle": -22.5, "axis": "y", "origin": [8, 8, 8]},
			"faces": {
				"north": {"uv": [7, 3.5, 7.1875, 3.5625], "texture": "#2"},
				"east": {"uv": [7, 3.5, 7.1875, 3.5625], "texture": "#2"},
				"south": {"uv": [7, 3.5, 7.1875, 3.5625], "texture": "#2"},
				"west": {"uv": [7, 3.5, 7.1875, 3.5625], "texture": "#2"},
				"up": {"uv": [7, 3.5, 7.1875, 3.5625], "texture": "#2"},
				"down": {"uv": [7, 3.5, 7.1875, 3.5625], "texture": "#2"}
			}
		},
		{
			"from": [10.82518, 8.39313, 1.55132],
			"to": [11.02518, 8.69313, 2.25132],
			"rotation": {"angle": 22.5, "axis": "y", "origin": [8, 8, 8]},
			"faces": {
				"north": {"uv": [4, 7, 4.1875, 7.0625], "texture": "#2"},
				"east": {"uv": [4, 7, 4.1875, 7.0625], "texture": "#2"},
				"south": {"uv": [4, 7, 4.1875, 7.0625], "texture": "#2"},
				"west": {"uv": [4, 7, 4.1875, 7.0625], "texture": "#2"},
				"up": {"uv": [4, 7, 4.1875, 7.0625], "texture": "#2"},
				"down": {"uv": [4, 7, 4.1875, 7.0625], "texture": "#2"}
			}
		},
		{
			"from": [7.875, 12.67887, 4.03064],
			"to": [8.125, 13.37887, 4.23064],
			"rotation": {"angle": -45, "axis": "x", "origin": [8, 8, 8]},
			"faces": {
				"north": {"uv": [7, 4.5, 7.0625, 4.6875], "texture": "#2"},
				"east": {"uv": [7, 4.5, 7.0625, 4.6875], "texture": "#2"},
				"south": {"uv": [7, 4.5, 7.0625, 4.6875], "texture": "#2"},
				"west": {"uv": [7, 4.5, 7.0625, 4.6875], "texture": "#2"},
				"up": {"uv": [7, 4.5, 7.0625, 4.6875], "texture": "#2"},
				"down": {"uv": [7, 4.5, 7.0625, 4.6875], "texture": "#2"}
			}
		},
		{
			"from": [7.85, 11.32696, 1.75916],
			"to": [8.15, 11.52696, 2.45916],
			"rotation": {"angle": -22.5, "axis": "x", "origin": [8, 8, 8]},
			"faces": {
				"north": {"uv": [5, 7, 5.1875, 7.0625], "texture": "#2"},
				"east": {"uv": [5, 7, 5.1875, 7.0625], "texture": "#2"},
				"south": {"uv": [5, 7, 5.1875, 7.0625], "texture": "#2"},
				"west": {"uv": [5, 7, 5.1875, 7.0625], "texture": "#2"},
				"up": {"uv": [5, 7, 5.1875, 7.0625], "texture": "#2"},
				"down": {"uv": [5, 7, 5.1875, 7.0625], "texture": "#2"}
			}
		},
		{
			"from": [7.875, 3.38922, 3.26255],
			"to": [8.125, 4.08922, 3.46255],
			"rotation": {"angle": 45, "axis": "x", "origin": [8, 8, 8]},
			"faces": {
				"north": {"uv": [7, 5.5, 7.0625, 5.6875], "texture": "#2"},
				"east": {"uv": [7, 5.5, 7.0625, 5.6875], "texture": "#2"},
				"south": {"uv": [7, 5.5, 7.0625, 5.6875], "texture": "#2"},
				"west": {"uv": [7, 5.5, 7.0625, 5.6875], "texture": "#2"},
				"up": {"uv": [7, 5.5, 7.0625, 5.6875], "texture": "#2"},
				"down": {"uv": [7, 5.5, 7.0625, 5.6875], "texture": "#2"}
			}
		},
		{
			"from": [7.85, 5.4766, 1.34347],
			"to": [8.15, 5.6766, 2.04347],
			"rotation": {"angle": 22.5, "axis": "x", "origin": [8, 8, 8]},
			"faces": {
				"north": {"uv": [6, 7, 6.1875, 7.0625], "texture": "#2"},
				"east": {"uv": [6, 7, 6.1875, 7.0625], "texture": "#2"},
				"south": {"uv": [6, 7, 6.1875, 7.0625], "texture": "#2"},
				"west": {"uv": [6, 7, 6.1875, 7.0625], "texture": "#2"},
				"up": {"uv": [6, 7, 6.1875, 7.0625], "texture": "#2"},
				"down": {"uv": [6, 7, 6.1875, 7.0625], "texture": "#2"}
			}
		},
		{
			"name": "barrel_base",
			"from": [7.5566, 7.45633, 2.61126],
			"to": [8.4434, 9.59313, 6.4262],
			"rotation": {"angle": 0, "axis": "y", "origin": [8, 8, 8]},
			"faces": {
				"north": {"uv": [2.75, 4, 3, 4.5625], "texture": "#2"},
				"east": {"uv": [0, 1, 0.9375, 1.5625], "texture": "#2"},
				"south": {"uv": [3, 4, 3.25, 4.5625], "texture": "#2"},
				"west": {"uv": [0.9375, 1, 0, 1.5625], "texture": "#2"},
				"up": {"uv": [1.25, 3.6875, 1, 2.75], "texture": "#2"},
				"down": {"uv": [1.5, 2.75, 1.25, 3.6875], "texture": "#2"}
			}
		},
		{
			"from": [7.86712, 7.02378, 4.29969],
			"to": [9.05897, 9.89563, 5.29018],
			"rotation": {"angle": 45, "axis": "z", "origin": [8, 8, 8]},
			"faces": {
				"north": {"uv": [3.3125, 3, 3, 3.6875], "texture": "#2"},
				"east": {"uv": [0.75, 3.5, 1, 4.1875], "texture": "#2"},
				"south": {"uv": [3, 3, 3.3125, 3.6875], "texture": "#2"},
				"west": {"uv": [3.5, 3.5, 3.75, 4.1875], "texture": "#2"},
				"up": {"uv": [2.5, 5.25, 2.75, 5.5625], "rotation": 90, "texture": "#2"},
				"down": {"uv": [5.5625, 0.5, 5.25, 0.75], "texture": "#2"}
			}
		},
		{
			"from": [7.40448, 7.22127, 4.30565],
			"to": [8.59633, 10.09313, 5.29614],
			"rotation": {"angle": 0, "axis": "y", "origin": [8, 8, 8]},
			"faces": {
				"north": {"uv": [3.5625, 0.75, 3.25, 1.4375], "texture": "#2"},
				"east": {"uv": [3.75, 0, 4, 0.6875], "texture": "#2"},
				"south": {"uv": [3.25, 0.75, 3.5625, 1.4375], "texture": "#2"},
				"west": {"uv": [3.75, 0.75, 4, 1.4375], "texture": "#2"},
				"up": {"uv": [5.5625, 1, 5.25, 0.75], "texture": "#2"},
				"down": {"uv": [1.3125, 5.25, 1, 5.5], "texture": "#2"}
			}
		},
		{
			"from": [7.02988, 7.86654, 4.29522],
			"to": [9.90173, 9.05839, 5.28571],
			"rotation": {"angle": 45, "axis": "z", "origin": [8, 8, 8]},
			"faces": {
				"north": {"uv": [3.9375, 2, 3.25, 2.3125], "texture": "#2"},
				"east": {"uv": [2.5, 5.25, 2.75, 5.5625], "texture": "#2"},
				"south": {"uv": [3.25, 2, 3.9375, 2.3125], "texture": "#2"},
				"west": {"uv": [5.25, 0.75, 5.5625, 0.5], "rotation": 90, "texture": "#2"},
				"up": {"uv": [3.1875, 4, 2.5, 3.75], "texture": "#2"},
				"down": {"uv": [4.4375, 3.5, 3.75, 3.75], "texture": "#2"}
			}
		},
		{
			"from": [6.56171, 8.05851, 4.30442],
			"to": [9.43356, 9.25036, 5.2949],
			"rotation": {"angle": 0, "axis": "y", "origin": [8, 8, 8]},
			"faces": {
				"north": {"uv": [0.6875, 3.5, 0, 3.8125], "texture": "#2"},
				"east": {"uv": [2.75, 5.25, 3, 5.5625], "texture": "#2"},
				"south": {"uv": [0, 3.5, 0.6875, 3.8125], "texture": "#2"},
				"west": {"uv": [3, 5.25, 2.75, 5.5625], "texture": "#2"},
				"up": {"uv": [4.4375, 4, 3.75, 3.75], "texture": "#2"},
				"down": {"uv": [0.6875, 4, 0, 4.25], "texture": "#2"}
			}
		},
		{
			"from": [7.82043, 7.07829, 3.00902],
			"to": [8.86926, 9.60552, 3.88065],
			"rotation": {"angle": 45, "axis": "z", "origin": [8, 8, 8]},
			"faces": {
				"north": {"uv": [3.25, 3.75, 3.5, 4.375], "texture": "#2"},
				"east": {"uv": [0.25, 4.5, 0.4375, 5.125], "texture": "#2"},
				"south": {"uv": [3.5, 3.75, 3.25, 4.375], "texture": "#2"},
				"west": {"uv": [0.5, 4.5, 0.6875, 5.125], "texture": "#2"},
				"up": {"uv": [5.5, 3.25, 5.6875, 3.5], "rotation": 90, "texture": "#2"},
				"down": {"uv": [5.75, 2.5, 5.5, 2.6875], "texture": "#2"}
			}
		},
		{
			"from": [7.47594, 7.22614, 3.01427],
			"to": [8.52477, 9.75337, 3.8859],
			"rotation": {"angle": 0, "axis": "y", "origin": [8, 8, 8]},
			"faces": {
				"north": {"uv": [4, 1.5, 4.25, 2.125], "texture": "#2"},
				"east": {"uv": [1, 4.5, 1.1875, 5.125], "texture": "#2"},
				"south": {"uv": [4.25, 1.5, 4, 2.125], "texture": "#2"},
				"west": {"uv": [1.25, 4.5, 1.4375, 5.125], "texture": "#2"},
				"up": {"uv": [5.75, 2.9375, 5.5, 2.75], "texture": "#2"},
				"down": {"uv": [5.75, 3, 5.5, 3.1875], "texture": "#2"}
			}
		},
		{
			"from": [7.08366, 7.81992, 3.00509],
			"to": [9.61089, 8.86875, 3.87672],
			"rotation": {"angle": 45, "axis": "z", "origin": [8, 8, 8]},
			"faces": {
				"north": {"uv": [2, 4, 2.625, 4.25], "texture": "#2"},
				"east": {"uv": [5.5, 3.25, 5.6875, 3.5], "texture": "#2"},
				"south": {"uv": [2.625, 4, 2, 4.25], "texture": "#2"},
				"west": {"uv": [5.5, 2.6875, 5.75, 2.5], "rotation": 90, "texture": "#2"},
				"up": {"uv": [5.125, 0.6875, 4.5, 0.5], "texture": "#2"},
				"down": {"uv": [5.125, 0.75, 4.5, 0.9375], "texture": "#2"}
			}
		},
		{
			"from": [6.73431, 7.96291, 3.01318],
			"to": [9.26154, 9.01174, 3.88481],
			"rotation": {"angle": 0, "axis": "y", "origin": [8, 8, 8]},
			"faces": {
				"north": {"uv": [4, 2.5, 4.625, 2.75], "texture": "#2"},
				"east": {"uv": [5.5, 3.5, 5.6875, 3.75], "texture": "#2"},
				"south": {"uv": [4.625, 2.5, 4, 2.75], "texture": "#2"},
				"west": {"uv": [5.6875, 3.5, 5.5, 3.75], "texture": "#2"},
				"up": {"uv": [5.125, 3.6875, 4.5, 3.5], "texture": "#2"},
				"down": {"uv": [5.125, 3.75, 4.5, 3.9375], "texture": "#2"}
			}
		},
		{
			"from": [7.5569, 7.45633, 2.26112],
			"to": [8.4437, 9.59312, 2.62606],
			"rotation": {"angle": 0, "axis": "y", "origin": [8, 8, 8]},
			"faces": {
				"north": {"uv": [3.75, 4, 4, 4.5625], "texture": "#2"},
				"east": {"uv": [5.75, 3.5, 5.8125, 4.0625], "texture": "#2"},
				"south": {"uv": [4, 4, 3.75, 4.5625], "texture": "#2"},
				"west": {"uv": [4, 5.75, 4.0625, 6.3125], "texture": "#2"},
				"up": {"uv": [7, 3.8125, 6.75, 3.75], "texture": "#2"},
				"down": {"uv": [4.25, 6.75, 4, 6.8125], "texture": "#2"}
			}
		},
		{
			"from": [7.30346, 7.92597, 2.25336],
			"to": [9.44025, 8.81277, 2.6183],
			"rotation": {"angle": 45, "axis": "z", "origin": [8, 8, 8]},
			"faces": {
				"north": {"uv": [4, 3, 4.5625, 3.25], "texture": "#2"},
				"east": {"uv": [6.75, 4, 6.8125, 4.25], "texture": "#2"},
				"south": {"uv": [4.5625, 3, 4, 3.25], "texture": "#2"},
				"west": {"uv": [4.25, 6.75, 4.3125, 7], "texture": "#2"},
				"up": {"uv": [4.8125, 5.8125, 4.25, 5.75], "texture": "#2"},
				"down": {"uv": [6.3125, 4.25, 5.75, 4.3125], "texture": "#2"}
			}
		},
		{
			"from": [6.92985, 8.07927, 2.2602],
			"to": [9.06664, 8.96607, 2.62514],
			"rotation": {"angle": 0, "axis": "y", "origin": [8, 8, 8]},
			"faces": {
				"north": {"uv": [0, 4.25, 0.5625, 4.5], "texture": "#2"},
				"east": {"uv": [4.5, 6.75, 4.5625, 7], "texture": "#2"},
				"south": {"uv": [0.5625, 4.25, 0, 4.5], "texture": "#2"},
				"west": {"uv": [4.75, 6.75, 4.8125, 7], "texture": "#2"},
				"up": {"uv": [6.3125, 4.5625, 5.75, 4.5], "texture": "#2"},
				"down": {"uv": [6.3125, 4.75, 5.75, 4.8125], "texture": "#2"}
			}
		},
		{
			"from": [7.9264, 7.29892, 2.25669],
			"to": [8.81319, 9.43571, 2.62163],
			"rotation": {"angle": 45, "axis": "z", "origin": [8, 8, 8]},
			"faces": {
				"north": {"uv": [0.75, 4.25, 1, 4.8125], "texture": "#2"},
				"east": {"uv": [5, 5.75, 5.0625, 6.3125], "texture": "#2"},
				"south": {"uv": [1, 4.25, 0.75, 4.8125], "texture": "#2"},
				"west": {"uv": [5.25, 5.75, 5.3125, 6.3125], "texture": "#2"},
				"up": {"uv": [5.25, 6.8125, 5, 6.75], "texture": "#2"},
				"down": {"uv": [7, 5, 6.75, 5.0625], "texture": "#2"}
			}
		},
		{
			"from": [7.25, 6.99312, 10.0012],
			"to": [8.75, 9.09312, 10.8012],
			"rotation": {"angle": 0, "axis": "y", "origin": [8, 8, 8]},
			"faces": {
				"north": {"uv": [2.75, 1, 3.125, 1.5], "texture": "#2"},
				"east": {"uv": [4, 4.75, 4.1875, 5.25], "texture": "#2"},
				"south": {"uv": [1.5, 3.5, 1.875, 4], "texture": "#2"},
				"west": {"uv": [4.1875, 4.75, 4, 5.25], "texture": "#2"},
				"up": {"uv": [5.625, 4.1875, 5.25, 4], "texture": "#2"},
				"down": {"uv": [5.625, 4.25, 5.25, 4.4375], "texture": "#2"}
			}
		},
		{
			"from": [7.25, 7.89312, 10.8012],
			"to": [8.75, 9.09312, 14.4262],
			"rotation": {"angle": 0, "axis": "y", "origin": [8, 8, 8]},
			"faces": {
				"north": {"uv": [4.5, 4, 4.875, 4.3125], "texture": "#2"},
				"east": {"uv": [2.25, 0, 3.1875, 0.3125], "texture": "#2"},
				"south": {"uv": [4.5, 4.5, 4.875, 4.8125], "texture": "#2"},
				"west": {"uv": [3.1875, 0, 2.25, 0.3125], "texture": "#2"},
				"up": {"uv": [1.125, 2.6875, 0.75, 1.75], "texture": "#2"},
				"down": {"uv": [1.625, 1.75, 1.25, 2.6875], "texture": "#2"}
			}
		},
		{
			"from": [7.25, 8.59312, 14.4262],
			"to": [8.75, 9.09312, 15.4762],
			"rotation": {"angle": 0, "axis": "y", "origin": [8, 8, 8]},
			"faces": {
				"north": {"uv": [4.5, 5.5, 4.875, 5.625], "texture": "#2"},
				"east": {"uv": [1.5, 6, 1.75, 6.125], "texture": "#2"},
				"south": {"uv": [5, 5.5, 5.375, 5.625], "texture": "#2"},
				"west": {"uv": [1.75, 6, 1.5, 6.125], "texture": "#2"},
				"up": {"uv": [2.375, 1.75, 2, 1.5], "texture": "#2"},
				"down": {"uv": [5.375, 2.25, 5, 2.5], "texture": "#2"}
			}
		},
		{
			"from": [7.5, 8.09313, 15.4762],
			"to": [8.5, 10.09313, 16.0262],
			"rotation": {"angle": 0, "axis": "y", "origin": [8, 8, 8]},
			"faces": {
				"north": {"uv": [4.75, 0, 4.5, 0.5], "texture": "#2"},
				"east": {"uv": [4.25, 5.25, 4.375, 5.75], "texture": "#2"},
				"south": {"uv": [4.5, 0, 4.75, 0.5], "texture": "#2"},
				"west": {"uv": [4.375, 5.25, 4.25, 5.75], "texture": "#2"},
				"up": {"uv": [3.75, 6.125, 3.5, 6], "texture": "#2"},
				"down": {"uv": [4, 6, 3.75, 6.125], "texture": "#2"}
			}
		},
		{
			"from": [7.25, 6.99312, 6.4262],
			"to": [8.75, 9.09312, 7.2262],
			"rotation": {"angle": 0, "axis": "y", "origin": [8, 8, 8]},
			"faces": {
				"north": {"uv": [2, 3.5, 2.375, 4], "texture": "#2"},
				"east": {"uv": [0, 5, 0.1875, 5.5], "texture": "#2"},
				"south": {"uv": [3.5, 3, 3.875, 3.5], "texture": "#2"},
				"west": {"uv": [0.1875, 5, 0, 5.5], "texture": "#2"},
				"up": {"uv": [5.625, 4.6875, 5.25, 4.5], "texture": "#2"},
				"down": {"uv": [5.625, 4.75, 5.25, 4.9375], "texture": "#2"}
			}
		},
		{
			"from": [7.25, 8.84312, 7.2262],
			"to": [8.75, 9.09312, 10.0012],
			"rotation": {"angle": 0, "axis": "y", "origin": [8, 8, 8]},
			"faces": {
				"north": {"uv": [6.5, 4.25, 6.875, 4.3125], "texture": "#2"},
				"east": {"uv": [2.75, 5.75, 3.4375, 5.8125], "texture": "#2"},
				"south": {"uv": [6.5, 4.5, 6.875, 4.5625], "texture": "#2"},
				"west": {"uv": [3.4375, 5.75, 2.75, 5.8125], "texture": "#2"},
				"up": {"uv": [0.375, 3.4375, 0, 2.75], "texture": "#2"},
				"down": {"uv": [0.875, 2.75, 0.5, 3.4375], "texture": "#2"}
			}
		},
		{
			"from": [7.25, 9.09313, 13.7262],
			"to": [8.75, 9.59313, 15.4762],
			"rotation": {"angle": 0, "axis": "y", "origin": [8, 8, 8]},
			"faces": {
				"north": {"uv": [5.5, 5.5, 5.875, 5.625], "texture": "#2"},
				"east": {"uv": [1.75, 5.5, 2.1875, 5.625], "texture": "#2"},
				"south": {"uv": [0.25, 5.75, 0.625, 5.875], "texture": "#2"},
				"west": {"uv": [2.1875, 5.5, 1.75, 5.625], "texture": "#2"},
				"up": {"uv": [4.375, 0.4375, 4, 0], "texture": "#2"},
				"down": {"uv": [4.375, 0.5, 4, 0.9375], "texture": "#2"}
			}
		},
		{
			"from": [7.55, 9.59313, 13.7262],
			"to": [8.45, 10.09313, 14.9762],
			"rotation": {"angle": 0, "axis": "y", "origin": [8, 8, 8]},
			"faces": {
				"north": {"uv": [6, 5, 6.25, 5.125], "texture": "#2"},
				"east": {"uv": [5.75, 3.25, 6.0625, 3.375], "texture": "#2"},
				"south": {"uv": [6, 5.25, 6.25, 5.375], "texture": "#2"},
				"west": {"uv": [6.0625, 3.25, 5.75, 3.375], "texture": "#2"},
				"up": {"uv": [3.5, 5.5625, 3.25, 5.25], "texture": "#2"},
				"down": {"uv": [5.5, 3.5, 5.25, 3.8125], "texture": "#2"}
			}
		},
		{
			"from": [7.875, 9.69313, 13.3262],
			"to": [8.125, 9.99313, 13.7262],
			"rotation": {"angle": 0, "axis": "y", "origin": [8, 8, 8]},
			"faces": {
				"north": {"uv": [2.25, 7.5, 2.375, 7.5625], "texture": "#2"},
				"east": {"uv": [2.25, 7.5, 2.375, 7.5625], "texture": "#2"},
				"south": {"uv": [2.25, 7.5, 2.375, 7.5625], "texture": "#2"},
				"west": {"uv": [2.25, 7.5, 2.375, 7.5625], "texture": "#2"},
				"up": {"uv": [2.25, 7.5, 2.375, 7.5625], "texture": "#2"},
				"down": {"uv": [2.25, 7.5, 2.375, 7.5625], "texture": "#2"}
			}
		},
		{
			"from": [4.30452, 9.71813, 11.6369],
			"to": [5.00452, 9.96813, 11.8369],
			"rotation": {"angle": 45, "axis": "y", "origin": [8, 8, 8]},
			"faces": {
				"north": {"uv": [7, 6.5, 7.1875, 6.5625], "texture": "#2"},
				"east": {"uv": [7, 6.5, 7.1875, 6.5625], "texture": "#2"},
				"south": {"uv": [7, 6.5, 7.1875, 6.5625], "texture": "#2"},
				"west": {"uv": [7, 6.5, 7.1875, 6.5625], "texture": "#2"},
				"up": {"uv": [7, 6.5, 7.1875, 6.5625], "texture": "#2"},
				"down": {"uv": [7, 6.5, 7.1875, 6.5625], "texture": "#2"}
			}
		},
		{
			"from": [10.99548, 9.71813, 11.6369],
			"to": [11.69548, 9.96813, 11.8369],
			"rotation": {"angle": -45, "axis": "y", "origin": [8, 8, 8]},
			"faces": {
				"north": {"uv": [0, 7.25, 0.1875, 7.3125], "texture": "#2"},
				"east": {"uv": [0, 7.25, 0.1875, 7.3125], "texture": "#2"},
				"south": {"uv": [0, 7.25, 0.1875, 7.3125], "texture": "#2"},
				"west": {"uv": [0, 7.25, 0.1875, 7.3125], "texture": "#2"},
				"up": {"uv": [0, 7.25, 0.1875, 7.3125], "texture": "#2"},
				"down": {"uv": [0, 7.25, 0.1875, 7.3125], "texture": "#2"}
			}
		},
		{
			"from": [9.29914, 9.69313, 11.99116],
			"to": [9.49914, 9.99313, 12.69116],
			"rotation": {"angle": -22.5, "axis": "y", "origin": [8, 8, 8]},
			"faces": {
				"north": {"uv": [0.5, 7.25, 0.6875, 7.3125], "texture": "#2"},
				"east": {"uv": [0.5, 7.25, 0.6875, 7.3125], "texture": "#2"},
				"south": {"uv": [0.5, 7.25, 0.6875, 7.3125], "texture": "#2"},
				"west": {"uv": [0.5, 7.25, 0.6875, 7.3125], "texture": "#2"},
				"up": {"uv": [0.5, 7.25, 0.6875, 7.3125], "texture": "#2"},
				"down": {"uv": [0.5, 7.25, 0.6875, 7.3125], "texture": "#2"}
			}
		},
		{
			"from": [6.50086, 9.69313, 11.99116],
			"to": [6.70086, 9.99313, 12.69116],
			"rotation": {"angle": 22.5, "axis": "y", "origin": [8, 8, 8]},
			"faces": {
				"north": {"uv": [7.25, 0.75, 7.4375, 0.8125], "texture": "#2"},
				"east": {"uv": [7.25, 0.75, 7.4375, 0.8125], "texture": "#2"},
				"south": {"uv": [7.25, 0.75, 7.4375, 0.8125], "texture": "#2"},
				"west": {"uv": [7.25, 0.75, 7.4375, 0.8125], "texture": "#2"},
				"up": {"uv": [7.25, 0.75, 7.4375, 0.8125], "texture": "#2"},
				"down": {"uv": [7.25, 0.75, 7.4375, 0.8125], "texture": "#2"}
			}
		},
		{
			"from": [7.875, 5.6078, 12.94019],
			"to": [8.125, 6.3078, 13.14019],
			"rotation": {"angle": -45, "axis": "x", "origin": [8, 8, 8]},
			"faces": {
				"north": {"uv": [1.5, 7.25, 1.5625, 7.4375], "texture": "#2"},
				"east": {"uv": [1.5, 7.25, 1.5625, 7.4375], "texture": "#2"},
				"south": {"uv": [1.5, 7.25, 1.5625, 7.4375], "texture": "#2"},
				"west": {"uv": [1.5, 7.25, 1.5625, 7.4375], "texture": "#2"},
				"up": {"uv": [1.5, 7.25, 1.5625, 7.4375], "texture": "#2"},
				"down": {"uv": [1.5, 7.25, 1.5625, 7.4375], "texture": "#2"}
			}
		},
		{
			"from": [7.85, 8.20368, 12.69649],
			"to": [8.15, 8.40368, 13.39649],
			"rotation": {"angle": -22.5, "axis": "x", "origin": [8, 8, 8]},
			"faces": {
				"north": {"uv": [7.25, 1.75, 7.4375, 1.8125], "texture": "#2"},
				"east": {"uv": [7.25, 1.75, 7.4375, 1.8125], "texture": "#2"},
				"south": {"uv": [7.25, 1.75, 7.4375, 1.8125], "texture": "#2"},
				"west": {"uv": [7.25, 1.75, 7.4375, 1.8125], "texture": "#2"},
				"up": {"uv": [7.25, 1.75, 7.4375, 1.8125], "texture": "#2"},
				"down": {"uv": [7.25, 1.75, 7.4375, 1.8125], "texture": "#2"}
			}
		},
		{
			"from": [7.875, 12.29877, 10.33362],
			"to": [8.125, 12.99877, 10.53362],
			"rotation": {"angle": 45, "axis": "x", "origin": [8, 8, 8]},
			"faces": {
				"north": {"uv": [2.5, 7.25, 2.5625, 7.4375], "texture": "#2"},
				"east": {"uv": [2.5, 7.25, 2.5625, 7.4375], "texture": "#2"},
				"south": {"uv": [2.5, 7.25, 2.5625, 7.4375], "texture": "#2"},
				"west": {"uv": [2.5, 7.25, 2.5625, 7.4375], "texture": "#2"},
				"up": {"uv": [2.5, 7.25, 2.5625, 7.4375], "texture": "#2"},
				"down": {"uv": [2.5, 7.25, 2.5625, 7.4375], "texture": "#2"}
			}
		},
		{
			"from": [7.85, 11.00197, 11.28582],
			"to": [8.15, 11.20197, 11.98582],
			"rotation": {"angle": 22.5, "axis": "x", "origin": [8, 8, 8]},
			"faces": {
				"north": {"uv": [7.25, 2.75, 7.4375, 2.8125], "texture": "#2"},
				"east": {"uv": [7.25, 2.75, 7.4375, 2.8125], "texture": "#2"},
				"south": {"uv": [7.25, 2.75, 7.4375, 2.8125], "texture": "#2"},
				"west": {"uv": [7.25, 2.75, 7.4375, 2.8125], "texture": "#2"},
				"up": {"uv": [7.25, 2.75, 7.4375, 2.8125], "texture": "#2"},
				"down": {"uv": [7.25, 2.75, 7.4375, 2.8125], "texture": "#2"}
			}
		},
		{
			"from": [7.25, 9.09312, 6.4262],
			"to": [8.75, 9.59312, 8.0012],
			"rotation": {"angle": 0, "axis": "y", "origin": [8, 8, 8]},
			"faces": {
				"north": {"uv": [5.75, 0.5, 6.125, 0.625], "texture": "#2"},
				"east": {"uv": [0.75, 5.75, 1.125, 5.875], "texture": "#2"},
				"south": {"uv": [5.75, 0.75, 6.125, 0.875], "texture": "#2"},
				"west": {"uv": [1.125, 5.75, 0.75, 5.875], "texture": "#2"},
				"up": {"uv": [4.625, 2.125, 4.25, 1.75], "texture": "#2"},
				"down": {"uv": [2.625, 4.25, 2.25, 4.625], "texture": "#2"}
			}
		},
		{
			"from": [7.55, 9.59313, 5.8012],
			"to": [8.45, 10.09313, 8.0012],
			"rotation": {"angle": 0, "axis": "y", "origin": [8, 8, 8]},
			"faces": {
				"north": {"uv": [5.5, 6, 5.75, 6.125], "texture": "#2"},
				"east": {"uv": [5.25, 5, 5.8125, 5.125], "texture": "#2"},
				"south": {"uv": [6, 5.5, 6.25, 5.625], "texture": "#2"},
				"west": {"uv": [5.8125, 5, 5.25, 5.125], "texture": "#2"},
				"up": {"uv": [3.75, 4.8125, 3.5, 4.25], "texture": "#2"},
				"down": {"uv": [4.5, 4, 4.25, 4.5625], "texture": "#2"}
			}
		},
		{
			"from": [7.8, 10.09312, 6.4262],
			"to": [8.2, 10.59312, 8.0012],
			"rotation": {"angle": 0, "axis": "y", "origin": [8, 8, 8]},
			"faces": {
				"north": {"uv": [5.25, 6.75, 5.375, 6.875], "texture": "#2"},
				"east": {"uv": [1.25, 5.75, 1.625, 5.875], "texture": "#2"},
				"south": {"uv": [6.75, 5.25, 6.875, 5.375], "texture": "#2"},
				"west": {"uv": [1.625, 5.75, 1.25, 5.875], "texture": "#2"},
				"up": {"uv": [1.875, 6.125, 1.75, 5.75], "texture": "#2"},
				"down": {"uv": [2.125, 5.75, 2, 6.125], "texture": "#2"}
			}
		},
		{
			"from": [7.875, 9.69313, 8.0012],
			"to": [8.125, 9.99313, 8.4012],
			"rotation": {"angle": 0, "axis": "y", "origin": [8, 8, 8]},
			"faces": {
				"north": {"uv": [2.75, 7.5, 2.875, 7.5625], "texture": "#2"},
				"east": {"uv": [2.75, 7.5, 2.875, 7.5625], "texture": "#2"},
				"south": {"uv": [2.75, 7.5, 2.875, 7.5625], "texture": "#2"},
				"west": {"uv": [2.75, 7.5, 2.875, 7.5625], "texture": "#2"},
				"up": {"uv": [2.75, 7.5, 2.875, 7.5625], "texture": "#2"},
				"down": {"uv": [2.75, 7.5, 2.875, 7.5625], "texture": "#2"}
			}
		},
		{
			"from": [6.9456, 9.71813, 8.21298],
			"to": [7.6456, 9.96813, 8.41298],
			"rotation": {"angle": 45, "axis": "y", "origin": [8, 8, 8]},
			"faces": {
				"north": {"uv": [7.25, 3.25, 7.4375, 3.3125], "texture": "#2"},
				"east": {"uv": [7.25, 3.25, 7.4375, 3.3125], "texture": "#2"},
				"south": {"uv": [7.25, 3.25, 7.4375, 3.3125], "texture": "#2"},
				"west": {"uv": [7.25, 3.25, 7.4375, 3.3125], "texture": "#2"},
				"up": {"uv": [7.25, 3.25, 7.4375, 3.3125], "texture": "#2"},
				"down": {"uv": [7.25, 3.25, 7.4375, 3.3125], "texture": "#2"}
			}
		},
		{
			"from": [8.3544, 9.71813, 8.21298],
			"to": [9.0544, 9.96813, 8.41298],
			"rotation": {"angle": -45, "axis": "y", "origin": [8, 8, 8]},
			"faces": {
				"north": {"uv": [7.25, 3.75, 7.4375, 3.8125], "texture": "#2"},
				"east": {"uv": [7.25, 3.75, 7.4375, 3.8125], "texture": "#2"},
				"south": {"uv": [7.25, 3.75, 7.4375, 3.8125], "texture": "#2"},
				"west": {"uv": [7.25, 3.75, 7.4375, 3.8125], "texture": "#2"},
				"up": {"uv": [7.25, 3.75, 7.4375, 3.8125], "texture": "#2"},
				"down": {"uv": [7.25, 3.75, 7.4375, 3.8125], "texture": "#2"}
			}
		},
		{
			"from": [8.69264, 9.69313, 8.60027],
			"to": [8.89264, 9.99313, 9.30027],
			"rotation": {"angle": -22.5, "axis": "y", "origin": [8, 8, 8]},
			"faces": {
				"north": {"uv": [7.25, 4.25, 7.4375, 4.3125], "texture": "#2"},
				"east": {"uv": [7.25, 4.25, 7.4375, 4.3125], "texture": "#2"},
				"south": {"uv": [7.25, 4.25, 7.4375, 4.3125], "texture": "#2"},
				"west": {"uv": [7.25, 4.25, 7.4375, 4.3125], "texture": "#2"},
				"up": {"uv": [7.25, 4.25, 7.4375, 4.3125], "texture": "#2"},
				"down": {"uv": [7.25, 4.25, 7.4375, 4.3125], "texture": "#2"}
			}
		},
		{
			"from": [7.10736, 9.69313, 8.60027],
			"to": [7.30736, 9.99313, 9.30027],
			"rotation": {"angle": 22.5, "axis": "y", "origin": [8, 8, 8]},
			"faces": {
				"north": {"uv": [5, 7.25, 5.1875, 7.3125], "texture": "#2"},
				"east": {"uv": [5, 7.25, 5.1875, 7.3125], "texture": "#2"},
				"south": {"uv": [5, 7.25, 5.1875, 7.3125], "texture": "#2"},
				"west": {"uv": [5, 7.25, 5.1875, 7.3125], "texture": "#2"},
				"up": {"uv": [5, 7.25, 5.1875, 7.3125], "texture": "#2"},
				"down": {"uv": [5, 7.25, 5.1875, 7.3125], "texture": "#2"}
			}
		},
		{
			"from": [7.875, 9.65769, 6.90969],
			"to": [8.125, 10.35769, 7.10969],
			"rotation": {"angle": 45, "axis": "x", "origin": [8, 8, 8]},
			"faces": {
				"north": {"uv": [5.5, 7.25, 5.5625, 7.4375], "texture": "#2"},
				"east": {"uv": [5.5, 7.25, 5.5625, 7.4375], "texture": "#2"},
				"south": {"uv": [5.5, 7.25, 5.5625, 7.4375], "texture": "#2"},
				"west": {"uv": [5.5, 7.25, 5.5625, 7.4375], "texture": "#2"},
				"up": {"uv": [5.5, 7.25, 5.5625, 7.4375], "texture": "#2"},
				"down": {"uv": [5.5, 7.25, 5.5625, 7.4375], "texture": "#2"}
			}
		},
		{
			"from": [7.85, 10.39546, 7.89494],
			"to": [8.15, 10.59546, 8.59494],
			"rotation": {"angle": 22.5, "axis": "x", "origin": [8, 8, 8]},
			"faces": {
				"north": {"uv": [7.25, 5.75, 7.4375, 5.8125], "texture": "#2"},
				"east": {"uv": [7.25, 5.75, 7.4375, 5.8125], "texture": "#2"},
				"south": {"uv": [7.25, 5.75, 7.4375, 5.8125], "texture": "#2"},
				"west": {"uv": [7.25, 5.75, 7.4375, 5.8125], "texture": "#2"},
				"up": {"uv": [7.25, 5.75, 7.4375, 5.8125], "texture": "#2"},
				"down": {"uv": [7.25, 5.75, 7.4375, 5.8125], "texture": "#2"}
			}
		},
		{
			"from": [7.875, 8.24888, 9.51627],
			"to": [8.125, 8.94888, 9.71627],
			"rotation": {"angle": -45, "axis": "x", "origin": [8, 8, 8]},
			"faces": {
				"north": {"uv": [6.5, 7.25, 6.5625, 7.4375], "texture": "#2"},
				"east": {"uv": [6.5, 7.25, 6.5625, 7.4375], "texture": "#2"},
				"south": {"uv": [6.5, 7.25, 6.5625, 7.4375], "texture": "#2"},
				"west": {"uv": [6.5, 7.25, 6.5625, 7.4375], "texture": "#2"},
				"up": {"uv": [6.5, 7.25, 6.5625, 7.4375], "texture": "#2"},
				"down": {"uv": [6.5, 7.25, 6.5625, 7.4375], "texture": "#2"}
			}
		},
		{
			"from": [7.85, 8.81019, 9.3056],
			"to": [8.15, 9.01019, 10.0056],
			"rotation": {"angle": -22.5, "axis": "x", "origin": [8, 8, 8]},
			"faces": {
				"north": {"uv": [7.25, 6.75, 7.4375, 6.8125], "texture": "#2"},
				"east": {"uv": [7.25, 6.75, 7.4375, 6.8125], "texture": "#2"},
				"south": {"uv": [7.25, 6.75, 7.4375, 6.8125], "texture": "#2"},
				"west": {"uv": [7.25, 6.75, 7.4375, 6.8125], "texture": "#2"},
				"up": {"uv": [7.25, 6.75, 7.4375, 6.8125], "texture": "#2"},
				"down": {"uv": [7.25, 6.75, 7.4375, 6.8125], "texture": "#2"}
			}
		},
		{
			"from": [7.97334, 6.61055, 7.4262],
			"to": [8.72334, 8.41055, 9.8012],
			"rotation": {"angle": 22.5, "axis": "z", "origin": [8, 8, 8]},
			"faces": {
				"north": {"uv": [5.1875, 5, 5, 5.4375], "texture": "#2"},
				"east": {"uv": [1.75, 2.25, 2.375, 2.6875], "texture": "#2"},
				"south": {"uv": [5, 5, 5.1875, 5.4375], "texture": "#2"},
				"west": {"uv": [2.5, 1.5, 3.125, 1.9375], "texture": "#2"},
				"up": {"uv": [3.4375, 5.125, 3.25, 4.5], "texture": "#2"},
				"down": {"uv": [1.6875, 4.75, 1.5, 5.375], "texture": "#2"}
			}
		},
		{
			"from": [6.8, 6.24312, 6.9262],
			"to": [9.2, 6.99312, 10.3012],
			"rotation": {"angle": 0, "axis": "y", "origin": [8, 8, 8]},
			"faces": {
				"north": {"uv": [5.375, 0.25, 4.75, 0.4375], "texture": "#2"},
				"east": {"uv": [4, 1, 4.875, 1.1875], "texture": "#2"},
				"south": {"uv": [4.75, 0.25, 5.375, 0.4375], "texture": "#2"},
				"west": {"uv": [4.875, 1, 4, 1.1875], "texture": "#2"},
				"up": {"uv": [0.625, 0.875, 0, 0], "texture": "#2"},
				"down": {"uv": [1.375, 0, 0.75, 0.875], "texture": "#2"}
			}
		},
		{
			"from": [7.2, 5.59312, 7.4262],
			"to": [8.8, 6.24312, 9.8012],
			"rotation": {"angle": 0, "axis": "y", "origin": [8, 8, 8]},
			"faces": {
				"north": {"uv": [5.875, 0.25, 5.5, 0.4375], "texture": "#2"},
				"east": {"uv": [4.75, 1.75, 5.375, 1.9375], "texture": "#2"},
				"south": {"uv": [5.5, 0.25, 5.875, 0.4375], "texture": "#2"},
				"west": {"uv": [5.375, 1.75, 4.75, 1.9375], "texture": "#2"},
				"up": {"uv": [1.875, 3.375, 1.5, 2.75], "texture": "#2"},
				"down": {"uv": [2.375, 2.75, 2, 3.375], "texture": "#2"}
			}
		},
		{
			"from": [7.27666, 6.61055, 7.4262],
			"to": [8.02666, 8.41055, 9.8012],
			"rotation": {"angle": -22.5, "axis": "z", "origin": [8, 8, 8]},
			"faces": {
				"north": {"uv": [0.6875, 5.25, 0.5, 5.6875], "texture": "#2"},
				"east": {"uv": [2.5, 2, 3.125, 2.4375], "texture": "#2"},
				"south": {"uv": [0.5, 5.25, 0.6875, 5.6875], "texture": "#2"},
				"west": {"uv": [2.375, 2.25, 1.75, 2.6875], "texture": "#2"},
				"up": {"uv": [1.9375, 5.375, 1.75, 4.75], "texture": "#2"},
				"down": {"uv": [2.4375, 4.75, 2.25, 5.375], "texture": "#2"}
			}
		},
		{
			"from": [7.5, 6.99312, 7.2262],
			"to": [8.5, 8.84312, 10.0012],
			"rotation": {"angle": 0, "axis": "y", "origin": [8, 8, 8]},
			"faces": {
				"north": {"uv": [2.75, 4.75, 2.5, 5.1875], "texture": "#2"},
				"east": {"uv": [1.75, 1.75, 2.4375, 2.1875], "texture": "#2"},
				"south": {"uv": [2.5, 4.75, 2.75, 5.1875], "texture": "#2"},
				"west": {"uv": [2.4375, 1.75, 1.75, 2.1875], "texture": "#2"},
				"up": {"uv": [1.25, 4.4375, 1, 3.75], "texture": "#2"},
				"down": {"uv": [1.5, 3.75, 1.25, 4.4375], "texture": "#2"}
			}
		},
		{
			"from": [7.5025, 5.43562, 15.3487],
			"to": [8.4975, 5.72812, 16.2487],
			"rotation": {"angle": 0, "axis": "y", "origin": [8, 8, 8]},
			"faces": {
				"north": {"uv": [5.5, 6.75, 5.75, 6.8125], "texture": "#2"},
				"east": {"uv": [5.75, 6.75, 6, 6.8125], "texture": "#2"},
				"south": {"uv": [6, 6.75, 6.25, 6.8125], "texture": "#2"},
				"west": {"uv": [6, 6.75, 5.75, 6.8125], "texture": "#2"},
				"up": {"uv": [1, 5.75, 0.75, 5.5], "texture": "#2"},
				"down": {"uv": [1.25, 5.5, 1, 5.75], "texture": "#2"}
			}
		},
		{
			"from": [7.5025, 5.72812, 15.3487],
			"to": [8.4975, 6.02062, 16.5187],
			"rotation": {"angle": 0, "axis": "y", "origin": [8, 8, 8]},
			"faces": {
				"north": {"uv": [6.25, 6.75, 6.5, 6.8125], "texture": "#2"},
				"east": {"uv": [6.75, 0.5, 7.0625, 0.5625], "texture": "#2"},
				"south": {"uv": [6.5, 6.75, 6.75, 6.8125], "texture": "#2"},
				"west": {"uv": [7.0625, 0.5, 6.75, 0.5625], "texture": "#2"},
				"up": {"uv": [4, 5.5625, 3.75, 5.25], "texture": "#2"},
				"down": {"uv": [4.25, 5.25, 4, 5.5625], "texture": "#2"}
			}
		},
		{
			"from": [7.5025, 6.02062, 15.3487],
			"to": [8.4975, 6.31312, 16.7887],
			"rotation": {"angle": 0, "axis": "y", "origin": [8, 8, 8]},
			"faces": {
				"north": {"uv": [6.75, 6.75, 7, 6.8125], "texture": "#2"},
				"east": {"uv": [6.5, 4.75, 6.875, 4.8125], "texture": "#2"},
				"south": {"uv": [0, 7, 0.25, 7.0625], "texture": "#2"},
				"west": {"uv": [6.875, 4.75, 6.5, 4.8125], "texture": "#2"},
				"up": {"uv": [2.25, 5.375, 2, 5], "texture": "#2"},
				"down": {"uv": [5.25, 2.5, 5, 2.875], "texture": "#2"}
			}
		},
		{
			"from": [7.5025, 6.31312, 15.0112],
			"to": [8.4975, 6.60562, 16.7887],
			"rotation": {"angle": 0, "axis": "y", "origin": [8, 8, 8]},
			"faces": {
				"north": {"uv": [0.25, 7, 0.5, 7.0625], "texture": "#2"},
				"east": {"uv": [6.5, 2.25, 6.9375, 2.3125], "texture": "#2"},
				"south": {"uv": [7, 0.25, 7.25, 0.3125], "texture": "#2"},
				"west": {"uv": [6.9375, 2.25, 6.5, 2.3125], "texture": "#2"},
				"up": {"uv": [3, 5.1875, 2.75, 4.75], "texture": "#2"},
				"down": {"uv": [5, 2.75, 4.75, 3.1875], "texture": "#2"}
			}
		},
		{
			"from": [7.5025, 6.60562, 14.7412],
			"to": [8.4975, 6.89812, 16.5187],
			"rotation": {"angle": 0, "axis": "y", "origin": [8, 8, 8]},
			"faces": {
				"north": {"uv": [0.5, 7, 0.75, 7.0625], "texture": "#2"},
				"east": {"uv": [6.5, 3, 6.9375, 3.0625], "texture": "#2"},
				"south": {"uv": [0.75, 7, 1, 7.0625], "texture": "#2"},
				"west": {"uv": [6.9375, 3, 6.5, 3.0625], "texture": "#2"},
				"up": {"uv": [3.25, 5.1875, 3, 4.75], "texture": "#2"},
				"down": {"uv": [4, 4.75, 3.75, 5.1875], "texture": "#2"}
			}
		},
		{
			"from": [7.5025, 6.89812, 14.7412],
			"to": [8.4975, 7.19062, 16.2037],
			"rotation": {"angle": 0, "axis": "y", "origin": [8, 8, 8]},
			"faces": {
				"north": {"uv": [7, 0.75, 7.25, 0.8125], "texture": "#2"},
				"east": {"uv": [6.5, 5.5, 6.875, 5.5625], "texture": "#2"},
				"south": {"uv": [1, 7, 1.25, 7.0625], "texture": "#2"},
				"west": {"uv": [6.875, 5.5, 6.5, 5.5625], "texture": "#2"},
				"up": {"uv": [3.75, 5.375, 3.5, 5], "texture": "#2"},
				"down": {"uv": [5.25, 4, 5, 4.375], "texture": "#2"}
			}
		},
		{
			"from": [7.5025, 7.19062, 14.4262],
			"to": [8.4975, 7.48312, 15.9337],
			"rotation": {"angle": 0, "axis": "y", "origin": [8, 8, 8]},
			"faces": {
				"north": {"uv": [7, 1, 7.25, 1.0625], "texture": "#2"},
				"east": {"uv": [6.5, 5.75, 6.875, 5.8125], "texture": "#2"},
				"south": {"uv": [1.25, 7, 1.5, 7.0625], "texture": "#2"},
				"west": {"uv": [6.875, 5.75, 6.5, 5.8125], "texture": "#2"},
				"up": {"uv": [4.75, 5.375, 4.5, 5], "texture": "#2"},
				"down": {"uv": [5.25, 4.5, 5, 4.875], "texture": "#2"}
			}
		},
		{
			"from": [7.5025, 7.48312, 14.4262],
			"to": [8.4975, 7.84312, 15.4337],
			"rotation": {"angle": 0, "axis": "y", "origin": [8, 8, 8]},
			"faces": {
				"north": {"uv": [1.5, 7, 1.75, 7.0625], "texture": "#2"},
				"east": {"uv": [7, 1.5, 7.25, 1.5625], "texture": "#2"},
				"south": {"uv": [1.75, 7, 2, 7.0625], "texture": "#2"},
				"west": {"uv": [7.25, 1.5, 7, 1.5625], "texture": "#2"},
				"up": {"uv": [1.5, 5.75, 1.25, 5.5], "texture": "#2"},
				"down": {"uv": [1.75, 5.5, 1.5, 5.75], "texture": "#2"}
			}
		},
		{
			"from": [7.5, 7.84312, 14.4262],
			"to": [8.5, 8.59312, 14.9762],
			"rotation": {"angle": 0, "axis": "y", "origin": [8, 8, 8]},
			"faces": {
				"north": {"uv": [5.75, 1.5, 6, 1.6875], "texture": "#2"},
				"east": {"uv": [3, 6.5, 3.125, 6.6875], "texture": "#2"},
				"south": {"uv": [2.25, 5.75, 2.5, 5.9375], "texture": "#2"},
				"west": {"uv": [3.125, 6.5, 3, 6.6875], "texture": "#2"},
				"up": {"uv": [6, 6.125, 5.75, 6], "texture": "#2"},
				"down": {"uv": [6.25, 6, 6, 6.125], "texture": "#2"}
			}
		},
		{
			"from": [7.8, 6.91562, 13.2662],
			"to": [8.2, 7.19062, 14.7412],
			"rotation": {"angle": 0, "axis": "y", "origin": [8, 8, 8]},
			"faces": {
				"north": {"uv": [6.5, 6.5, 6.875, 6.5625], "texture": "#2"},
				"east": {"uv": [6.5, 6.5, 6.875, 6.5625], "texture": "#2"},
				"south": {"uv": [6.5, 6.5, 6.875, 6.5625], "texture": "#2"},
				"west": {"uv": [6.5, 6.5, 6.875, 6.5625], "texture": "#2"},
				"up": {"uv": [6.5, 6.5, 6.875, 6.5625], "texture": "#2"},
				"down": {"uv": [6.5, 6.5, 6.875, 6.5625], "texture": "#2"}
			}
		},
		{
			"from": [7.8, 7.19062, 12.7662],
			"to": [8.2, 8.14062, 13.0412],
			"rotation": {"angle": 0, "axis": "y", "origin": [8, 8, 8]},
			"faces": {
				"north": {"uv": [0, 6.25, 0.125, 6.5], "texture": "#2"},
				"east": {"uv": [2, 7, 2.0625, 7.25], "texture": "#2"},
				"south": {"uv": [0.25, 6.25, 0.375, 6.5], "texture": "#2"},
				"west": {"uv": [2.0625, 7, 2, 7.25], "texture": "#2"},
				"up": {"uv": [3.625, 7.5625, 3.5, 7.5], "texture": "#2"},
				"down": {"uv": [7.625, 3.5, 7.5, 3.5625], "texture": "#2"}
			}
		},
		{
			"from": [7.8, 7.19062, 13.0412],
			"to": [8.2, 7.41562, 13.5662],
			"rotation": {"angle": 0, "axis": "y", "origin": [8, 8, 8]},
			"faces": {
				"north": {"uv": [7.5, 3.75, 7.625, 3.8125], "texture": "#2"},
				"east": {"uv": [7.5, 3.75, 7.625, 3.8125], "texture": "#2"},
				"south": {"uv": [7.5, 3.75, 7.625, 3.8125], "texture": "#2"},
				"west": {"uv": [7.5, 3.75, 7.625, 3.8125], "texture": "#2"},
				"up": {"uv": [7.5, 3.75, 7.625, 3.8125], "texture": "#2"},
				"down": {"uv": [7.5, 3.75, 7.625, 3.8125], "texture": "#2"}
			}
		},
		{
			"name": "trigger",
			"from": [7.85, 7.16812, 13.95475],
			"to": [8.15, 7.89312, 14.42975],
			"rotation": {"angle": 0, "axis": "y", "origin": [8, 8, 8]},
			"faces": {
				"north": {"uv": [0, 7.5, 0.0625, 7.6875], "texture": "#2"},
				"east": {"uv": [0.25, 6.75, 0.375, 6.9375], "texture": "#2"},
				"south": {"uv": [7.5, 0, 7.5625, 0.1875], "texture": "#2"},
				"west": {"uv": [0.375, 6.75, 0.25, 6.9375], "texture": "#2"},
				"up": {"uv": [4.3125, 7.625, 4.25, 7.5], "texture": "#2"},
				"down": {"uv": [7.5625, 4.25, 7.5, 4.375], "texture": "#2"}
			}
		},
		{
			"from": [6.9, 8.38563, 10.6537],
			"to": [9.1, 8.68063, 11.3737],
			"rotation": {"angle": 0, "axis": "y", "origin": [8, 8, 8]},
			"faces": {
				"north": {"uv": [5.5, 5.75, 6.0625, 5.8125], "texture": "#2"},
				"east": {"uv": [0.25, 7.5, 0.4375, 7.5625], "texture": "#2"},
				"south": {"uv": [0, 6, 0.5625, 6.0625], "texture": "#2"},
				"west": {"uv": [0.4375, 7.5, 0.25, 7.5625], "texture": "#2"},
				"up": {"uv": [5.3125, 3.4375, 4.75, 3.25], "texture": "#2"},
				"down": {"uv": [5.5625, 1, 5, 1.1875], "texture": "#2"}
			}
		},
		{
			"from": [6.9, 8.09063, 11.0537],
			"to": [9.1, 8.38563, 11.3737],
			"rotation": {"angle": 0, "axis": "y", "origin": [8, 8, 8]},
			"faces": {
				"north": {"uv": [6, 0, 6.5625, 0.0625], "texture": "#2"},
				"east": {"uv": [7.75, 7.5, 7.8125, 7.5625], "texture": "#2"},
				"south": {"uv": [6, 0.25, 6.5625, 0.3125], "texture": "#2"},
				"west": {"uv": [7.8125, 7.5, 7.75, 7.5625], "texture": "#2"},
				"up": {"uv": [1.3125, 6.0625, 0.75, 6], "texture": "#2"},
				"down": {"uv": [6.5625, 1.5, 6, 1.5625], "texture": "#2"}
			}
		},
		{
			"from": [6.9, 7.79563, 11.0537],
			"to": [9.1, 8.09063, 11.8737],
			"rotation": {"angle": 0, "axis": "y", "origin": [8, 8, 8]},
			"faces": {
				"north": {"uv": [6, 1.75, 6.5625, 1.8125], "texture": "#2"},
				"east": {"uv": [0.5, 7.5, 0.6875, 7.5625], "texture": "#2"},
				"south": {"uv": [6, 2.5, 6.5625, 2.5625], "texture": "#2"},
				"west": {"uv": [0.6875, 7.5, 0.5, 7.5625], "texture": "#2"},
				"up": {"uv": [5.5625, 1.4375, 5, 1.25], "texture": "#2"},
				"down": {"uv": [5.5625, 1.5, 5, 1.6875], "texture": "#2"}
			}
		},
		{
			"from": [6.9, 8.68063, 10.6537],
			"to": [9.1, 8.97563, 10.9737],
			"rotation": {"angle": 0, "axis": "y", "origin": [8, 8, 8]},
			"faces": {
				"north": {"uv": [2.75, 6, 3.3125, 6.0625], "texture": "#2"},
				"east": {"uv": [0, 8, 0.0625, 8.0625], "texture": "#2"},
				"south": {"uv": [6, 2.75, 6.5625, 2.8125], "texture": "#2"},
				"west": {"uv": [0.0625, 8, 0, 8.0625], "texture": "#2"},
				"up": {"uv": [6.5625, 3.5625, 6, 3.5], "texture": "#2"},
				"down": {"uv": [6.5625, 3.75, 6, 3.8125], "texture": "#2"}
			}
		},
		{
			"from": [6.9, 8.97563, 7.7037],
			"to": [9.1, 9.19563, 10.9737],
			"rotation": {"angle": 0, "axis": "y", "origin": [8, 8, 8]},
			"faces": {
				"north": {"uv": [6, 4, 6.5625, 4.0625], "texture": "#2"},
				"east": {"uv": [5.5, 2, 6.3125, 2.0625], "texture": "#2"},
				"south": {"uv": [4.25, 6, 4.8125, 6.0625], "texture": "#2"},
				"west": {"uv": [6.3125, 2, 5.5, 2.0625], "texture": "#2"},
				"up": {"uv": [2.0625, 0.8125, 1.5, 0], "texture": "#2"},
				"down": {"uv": [0.5625, 1.75, 0, 2.5625], "texture": "#2"}
			}
		},
		{
			"from": [7.5, 5.43562, 14.0287],
			"to": [8.5, 5.73062, 15.3487],
			"rotation": {"angle": 0, "axis": "y", "origin": [8, 6.48312, 13.2037]},
			"faces": {
				"north": {"uv": [2, 9, 3, 9.25], "texture": "#3"},
				"east": {"uv": [6, 8, 7.25, 8.25], "texture": "#3"},
				"south": {"uv": [9, 2, 10, 2.25], "texture": "#3"},
				"west": {"uv": [6, 8, 7.25, 8.25], "texture": "#3"},
				"up": {"uv": [2, 5.25, 1, 4], "texture": "#3"},
				"down": {"uv": [3, 4, 2, 5.25], "texture": "#3"}
			}
		},
		{
			"from": [7.5, 5.14062, 12.9587],
			"to": [8.5, 5.43562, 14.2787],
			"rotation": {"angle": 0, "axis": "y", "origin": [8, 6.48312, 13.2037]},
			"faces": {
				"north": {"uv": [3, 9, 4, 9.25], "texture": "#3"},
				"east": {"uv": [8, 7, 9.25, 7.25], "texture": "#3"},
				"south": {"uv": [9, 3, 10, 3.25], "texture": "#3"},
				"west": {"uv": [8, 7, 9.25, 7.25], "texture": "#3"},
				"up": {"uv": [5, 4.25, 4, 3], "texture": "#3"},
				"down": {"uv": [6, 2, 5, 3.25], "texture": "#3"}
			}
		},
		{
			"from": [7.5, 5.43562, 12.9587],
			"to": [8.5, 5.73062, 13.2787],
			"rotation": {"angle": 0, "axis": "y", "origin": [8, 6.48312, 13.2037]},
			"faces": {
				"north": {"uv": [4, 9, 5, 9.25], "texture": "#3"},
				"east": {"uv": [9, 12, 9.25, 12.25], "texture": "#3"},
				"south": {"uv": [9, 4, 10, 4.25], "texture": "#3"},
				"west": {"uv": [9, 12, 9.25, 12.25], "texture": "#3"},
				"up": {"uv": [6, 9.25, 5, 9], "texture": "#3"},
				"down": {"uv": [10, 5, 9, 5.25], "texture": "#3"}
			}
		},
		{
			"from": [7.5, 5.73062, 12.4587],
			"to": [8.5, 6.02562, 13.2787],
			"rotation": {"angle": 0, "axis": "y", "origin": [8, 6.48312, 13.2037]},
			"faces": {
				"north": {"uv": [6, 9, 7, 9.25], "texture": "#3"},
				"east": {"uv": [11, 1, 11.75, 1.25], "texture": "#3"},
				"south": {"uv": [7, 9, 8, 9.25], "texture": "#3"},
				"west": {"uv": [11, 1, 11.75, 1.25], "texture": "#3"},
				"up": {"uv": [5, 6.75, 4, 6], "texture": "#3"},
				"down": {"uv": [7, 4, 6, 4.75], "texture": "#3"}
			}
		},
		{
			"from": [7.5, 6.02562, 12.4587],
			"to": [8.5, 6.32062, 12.7787],
			"rotation": {"angle": 0, "axis": "y", "origin": [8, 6.48312, 13.2037]},
			"faces": {
				"north": {"uv": [8, 9, 9, 9.25], "texture": "#3"},
				"east": {"uv": [10, 12, 10.25, 12.25], "texture": "#3"},
				"south": {"uv": [9, 9, 10, 9.25], "texture": "#3"},
				"west": {"uv": [10, 12, 10.25, 12.25], "texture": "#3"},
				"up": {"uv": [1, 10.25, 0, 10], "texture": "#3"},
				"down": {"uv": [11, 0, 10, 0.25], "texture": "#3"}
			}
		},
		{
			"from": [7.5, 6.32062, 11.9587],
			"to": [8.5, 6.61562, 12.7787],
			"rotation": {"angle": 0, "axis": "y", "origin": [8, 6.48312, 13.2037]},
			"faces": {
				"north": {"uv": [1, 10, 2, 10.25], "texture": "#3"},
				"east": {"uv": [11, 2, 11.75, 2.25], "texture": "#3"},
				"south": {"uv": [10, 1, 11, 1.25], "texture": "#3"},
				"west": {"uv": [11, 2, 11.75, 2.25], "texture": "#3"},
				"up": {"uv": [6, 6.75, 5, 6], "texture": "#3"},
				"down": {"uv": [7, 5, 6, 5.75], "texture": "#3"}
			}
		},
		{
			"from": [7.5, 6.61562, 11.9587],
			"to": [8.5, 6.91062, 12.2787],
			"rotation": {"angle": 0, "axis": "y", "origin": [8, 6.48312, 13.2037]},
			"faces": {
				"north": {"uv": [2, 10, 3, 10.25], "texture": "#3"},
				"east": {"uv": [11, 12, 11.25, 12.25], "texture": "#3"},
				"south": {"uv": [10, 2, 11, 2.25], "texture": "#3"},
				"west": {"uv": [11, 12, 11.25, 12.25], "texture": "#3"},
				"up": {"uv": [4, 10.25, 3, 10], "texture": "#3"},
				"down": {"uv": [11, 3, 10, 3.25], "texture": "#3"}
			}
		},
		{
			"from": [7.5, 6.91062, 11.5587],
			"to": [8.5, 7.20562, 12.2787],
			"rotation": {"angle": 0, "axis": "y", "origin": [8, 6.48312, 13.2037]},
			"faces": {
				"north": {"uv": [4, 10, 5, 10.25], "texture": "#3"},
				"east": {"uv": [11, 3, 11.75, 3.25], "texture": "#3"},
				"south": {"uv": [10, 4, 11, 4.25], "texture": "#3"},
				"west": {"uv": [11, 3, 11.75, 3.25], "texture": "#3"},
				"up": {"uv": [7, 6.75, 6, 6], "texture": "#3"},
				"down": {"uv": [1, 7, 0, 7.75], "texture": "#3"}
			}
		},
		{
			"from": [7.5, 7.20562, 11.5587],
			"to": [8.5, 8.15062, 11.8787],
			"rotation": {"angle": 0, "axis": "y", "origin": [8, 6.48312, 13.2037]},
			"faces": {
				"north": {"uv": [0, 6, 1, 7], "texture": "#3"},
				"east": {"uv": [5, 10, 5.25, 11], "texture": "#3"},
				"south": {"uv": [6, 0, 7, 1], "texture": "#3"},
				"west": {"uv": [5, 10, 5.25, 11], "texture": "#3"},
				"up": {"uv": [7, 10.25, 6, 10], "texture": "#3"},
				"down": {"uv": [11, 6, 10, 6.25], "texture": "#3"}
			}
		},
		{
			"from": [8, 9.35066, 8.82927],
			"to": [8, 10.35066, 12.92927],
			"rotation": {"angle": 0, "axis": "y", "origin": [8, 8, 8]},
			"faces": {
				"north": {"uv": [1.125, 4.75, 0.8125, 5.1875], "texture": "#1"},
				"east": {"uv": [0, 4.25, 16, 11.75], "texture": "#1"},
				"south": {"uv": [1.125, 4.75, 0.8125, 5.1875], "texture": "#1"},
				"west": {"uv": [16, 4.25, 0, 11.75], "texture": "#1"},
				"up": {"uv": [1.125, 4.75, 0.8125, 5.1875], "rotation": 90, "texture": "#1"},
				"down": {"uv": [1.125, 4.75, 0.8125, 5.1875], "rotation": 270, "texture": "#1"}
			}
		},
		{
			"from": [7.5, 9.85066, 8.82927],
			"to": [8.5, 9.85066, 12.92927],
			"rotation": {"angle": 0, "axis": "y", "origin": [8, 8, 8]},
			"faces": {
				"north": {"uv": [1.125, 4.75, 0.8125, 5.1875], "rotation": 90, "texture": "#1"},
				"east": {"uv": [1.125, 4.75, 0.8125, 5.1875], "rotation": 180, "texture": "#1"},
				"south": {"uv": [1.125, 4.75, 0.8125, 5.1875], "rotation": 270, "texture": "#1"},
				"west": {"uv": [1.125, 4.75, 0.8125, 5.1875], "texture": "#1"},
				"up": {"uv": [0, 4.25, 16, 11.75], "rotation": 270, "texture": "#1"},
				"down": {"uv": [16, 4.25, 0, 11.75], "rotation": 270, "texture": "#1"}
			}
		},
		{
			"from": [8, 8.025, -1.05],
			"to": [8, 9.025, 3.05],
			"rotation": {"angle": 0, "axis": "y", "origin": [8, 8, 8]},
			"faces": {
				"north": {"uv": [1.125, 4.75, 0.8125, 5.1875], "texture": "#1"},
				"east": {"uv": [0, 4.25, 16, 11.75], "texture": "#1"},
				"south": {"uv": [1.125, 4.75, 0.8125, 5.1875], "texture": "#1"},
				"west": {"uv": [16, 4.25, 0, 11.75], "texture": "#1"},
				"up": {"uv": [1.125, 4.75, 0.8125, 5.1875], "rotation": 90, "texture": "#1"},
				"down": {"uv": [1.125, 4.75, 0.8125, 5.1875], "rotation": 270, "texture": "#1"}
			}
		},
		{
			"from": [7.5, 8.525, -1.05],
			"to": [8.5, 8.525, 3.05],
			"rotation": {"angle": 0, "axis": "y", "origin": [8, 8, 8]},
			"faces": {
				"north": {"uv": [1.125, 4.75, 0.8125, 5.1875], "rotation": 90, "texture": "#1"},
				"east": {"uv": [1.125, 4.75, 0.8125, 5.1875], "rotation": 180, "texture": "#1"},
				"south": {"uv": [1.125, 4.75, 0.8125, 5.1875], "rotation": 270, "texture": "#1"},
				"west": {"uv": [1.125, 4.75, 0.8125, 5.1875], "texture": "#1"},
				"up": {"uv": [0, 4.25, 16, 11.75], "rotation": 270, "texture": "#1"},
				"down": {"uv": [16, 4.25, 0, 11.75], "rotation": 270, "texture": "#1"}
			}
		},
		{
			"from": [8.3, 10.09313, 13.7262],
			"to": [8.45, 10.34313, 14.3512],
			"rotation": {"angle": 0, "axis": "y", "origin": [8, 8, 8]},
			"faces": {
				"north": {"uv": [0.25, 8, 0.3125, 8.0625], "texture": "#2"},
				"east": {"uv": [0.75, 7.5, 0.9375, 7.5625], "texture": "#2"},
				"south": {"uv": [8, 0.25, 8.0625, 0.3125], "texture": "#2"},
				"west": {"uv": [7.5, 0.75, 7.6875, 0.8125], "texture": "#2"},
				"up": {"uv": [1.0625, 7.6875, 1, 7.5], "texture": "#2"},
				"down": {"uv": [7.5625, 1, 7.5, 1.1875], "texture": "#2"}
			}
		},
		{
			"from": [8.3, 10.34313, 13.8512],
			"to": [8.45, 10.49313, 14.2262],
			"rotation": {"angle": 0, "axis": "y", "origin": [8, 8, 8]},
			"faces": {
				"north": {"uv": [0.5, 8, 0.5625, 8.0625], "texture": "#2"},
				"east": {"uv": [4.5, 7.5, 4.625, 7.5625], "texture": "#2"},
				"south": {"uv": [8, 0.5, 8.0625, 0.5625], "texture": "#2"},
				"west": {"uv": [7.5, 4.5, 7.625, 4.5625], "texture": "#2"},
				"up": {"uv": [4.8125, 7.625, 4.75, 7.5], "texture": "#2"},
				"down": {"uv": [7.5625, 4.75, 7.5, 4.875], "texture": "#2"}
			}
		},
		{
			"from": [7.55, 10.09313, 13.7262],
			"to": [7.7, 10.34313, 14.3512],
			"rotation": {"angle": 0, "axis": "y", "origin": [8, 8, 8]},
			"faces": {
				"north": {"uv": [0.75, 8, 0.8125, 8.0625], "texture": "#2"},
				"east": {"uv": [1.25, 7.5, 1.4375, 7.5625], "texture": "#2"},
				"south": {"uv": [8, 0.75, 8.0625, 0.8125], "texture": "#2"},
				"west": {"uv": [7.5, 1.25, 7.6875, 1.3125], "texture": "#2"},
				"up": {"uv": [1.5625, 7.6875, 1.5, 7.5], "texture": "#2"},
				"down": {"uv": [7.5625, 1.5, 7.5, 1.6875], "texture": "#2"}
			}
		},
		{
			"from": [7.55, 10.34313, 13.8512],
			"to": [7.7, 10.49313, 14.2262],
			"rotation": {"angle": 0, "axis": "y", "origin": [8, 8, 8]},
			"faces": {
				"north": {"uv": [1, 8, 1.0625, 8.0625], "texture": "#2"},
				"east": {"uv": [5, 7.5, 5.125, 7.5625], "texture": "#2"},
				"south": {"uv": [8, 1, 8.0625, 1.0625], "texture": "#2"},
				"west": {"uv": [7.5, 5, 7.625, 5.0625], "texture": "#2"},
				"up": {"uv": [5.3125, 7.625, 5.25, 7.5], "texture": "#2"},
				"down": {"uv": [7.5625, 5.25, 7.5, 5.375], "texture": "#2"}
			}
		},
		{
			"from": [8.225, 10.11812, 5.43612],
			"to": [8.425, 10.36812, 5.93612],
			"rotation": {"angle": 0, "axis": "y", "origin": [8, 8.74312, 3.12362]},
			"faces": {
				"north": {"uv": [5, 12, 5.25, 12.25], "texture": "#3"},
				"east": {"uv": [11, 4, 11.5, 4.25], "texture": "#3"},
				"south": {"uv": [12, 5, 12.25, 5.25], "texture": "#3"},
				"west": {"uv": [11.5, 4, 11, 4.25], "texture": "#3"},
				"up": {"uv": [11.25, 5.5, 11, 5], "texture": "#3"},
				"down": {"uv": [6.25, 11, 6, 11.5], "texture": "#3"}
			}
		},
		{
			"from": [8.225, 10.11812, 5.93612],
			"to": [8.425, 10.86812, 6.43612],
			"rotation": {"angle": 0, "axis": "y", "origin": [8, 8.74312, 3.12362]},
			"faces": {
				"north": {"uv": [7, 10, 7.25, 10.75], "texture": "#3"},
				"east": {"uv": [7, 6, 7.5, 6.75], "texture": "#3"},
				"south": {"uv": [10, 7, 10.25, 7.75], "texture": "#3"},
				"west": {"uv": [7.5, 6, 7, 6.75], "texture": "#3"},
				"up": {"uv": [11.25, 6.5, 11, 6], "texture": "#3"},
				"down": {"uv": [7.25, 11, 7, 11.5], "texture": "#3"}
			}
		},
		{
			"from": [7.575, 10.11812, 5.43612],
			"to": [7.825, 10.36812, 5.93612],
			"rotation": {"angle": 0, "axis": "y", "origin": [8, 8.74312, 3.12362]},
			"faces": {
				"north": {"uv": [6, 12, 6.25, 12.25], "texture": "#3"},
				"east": {"uv": [7, 6, 7.5, 6.75], "texture": "#3"},
				"south": {"uv": [12, 6, 12.25, 6.25], "texture": "#3"},
				"west": {"uv": [11.5, 4, 11, 4.25], "texture": "#3"},
				"up": {"uv": [11.25, 8.5, 11, 8], "texture": "#3"},
				"down": {"uv": [9.25, 11, 9, 11.5], "texture": "#3"}
			}
		},
		{
			"from": [7.575, 10.11812, 5.93612],
			"to": [7.825, 10.86812, 6.43612],
			"rotation": {"angle": 0, "axis": "y", "origin": [8, 8.74312, 3.12362]},
			"faces": {
				"north": {"uv": [8, 10, 8.25, 10.75], "texture": "#3"},
				"east": {"uv": [7, 6, 7.5, 6.75], "texture": "#3"},
				"south": {"uv": [10, 8, 10.25, 8.75], "texture": "#3"},
				"west": {"uv": [7.5, 6, 7, 6.75], "texture": "#3"},
				"up": {"uv": [11.25, 9.5, 11, 9], "texture": "#3"},
				"down": {"uv": [10.25, 11, 10, 11.5], "texture": "#3"}
			}
		},
		{
			"from": [8.25, 10.11812, 4.01112],
			"to": [8.45, 10.36812, 4.51112],
			"rotation": {"angle": 0, "axis": "y", "origin": [8.025, 8.74312, 2.19862]},
			"faces": {
				"north": {"uv": [7, 12, 7.25, 12.25], "texture": "#3"},
				"east": {"uv": [11, 10, 11.5, 10.25], "texture": "#3"},
				"south": {"uv": [12, 7, 12.25, 7.25], "texture": "#3"},
				"west": {"uv": [11, 10, 11.5, 10.25], "texture": "#3"},
				"up": {"uv": [0.25, 12.5, 0, 12], "texture": "#3"},
				"down": {"uv": [12.25, 0, 12, 0.5], "texture": "#3"}
			}
		},
		{
			"from": [8.25, 10.11812, 4.51112],
			"to": [8.45, 10.86812, 5.01112],
			"rotation": {"angle": 0, "axis": "y", "origin": [8.025, 8.74312, 2.19862]},
			"faces": {
				"north": {"uv": [9, 10, 9.25, 10.75], "texture": "#3"},
				"east": {"uv": [8, 1, 8.5, 1.75], "texture": "#3"},
				"south": {"uv": [10, 9, 10.25, 9.75], "texture": "#3"},
				"west": {"uv": [8.5, 1, 8, 1.75], "texture": "#3"},
				"up": {"uv": [1.25, 12.5, 1, 12], "texture": "#3"},
				"down": {"uv": [12.25, 1, 12, 1.5], "texture": "#3"}
			}
		},
		{
			"from": [7.575, 10.11812, 4.01112],
			"to": [7.825, 10.36812, 4.51112],
			"rotation": {"angle": 0, "axis": "y", "origin": [8, 8.74312, 2.19862]},
			"faces": {
				"north": {"uv": [8, 12, 8.25, 12.25], "texture": "#3"},
				"east": {"uv": [11, 10, 11.5, 10.25], "texture": "#3"},
				"south": {"uv": [12, 8, 12.25, 8.25], "texture": "#3"},
				"west": {"uv": [11, 10, 11.5, 10.25], "texture": "#3"},
				"up": {"uv": [3.25, 12.5, 3, 12], "texture": "#3"},
				"down": {"uv": [12.25, 3, 12, 3.5], "texture": "#3"}
			}
		},
		{
			"from": [7.575, 10.11812, 4.51112],
			"to": [7.825, 10.86812, 5.01112],
			"rotation": {"angle": 0, "axis": "y", "origin": [8, 8.74312, 2.19862]},
			"faces": {
				"north": {"uv": [10, 10, 10.25, 10.75], "texture": "#3"},
				"east": {"uv": [8, 1, 8.5, 1.75], "texture": "#3"},
				"south": {"uv": [0, 11, 0.25, 11.75], "texture": "#3"},
				"west": {"uv": [8.5, 1, 8, 1.75], "texture": "#3"},
				"up": {"uv": [4.25, 12.5, 4, 12], "texture": "#3"},
				"down": {"uv": [12.25, 4, 12, 4.5], "texture": "#3"}
			}
		},
		{
			"from": [7.575, 9.59312, 2.26112],
			"to": [8.425, 9.86812, 4.01112],
			"rotation": {"angle": 0, "axis": "y", "origin": [8, 7.96812, 2.94862]},
			"faces": {
				"north": {"uv": [11, 0, 11.75, 0.25], "texture": "#3"},
				"east": {"uv": [7, 5, 8.75, 5.25], "texture": "#3"},
				"south": {"uv": [1, 11, 1.75, 11.25], "texture": "#3"},
				"west": {"uv": [7, 5, 8.75, 5.25], "texture": "#3"},
				"up": {"uv": [2.75, 1.75, 2, 0], "texture": "#3"},
				"down": {"uv": [2.75, 2, 2, 3.75], "texture": "#3"}
			}
		},
		{
			"from": [7.575, 9.59312, 4.01112],
			"to": [8.425, 10.11812, 6.43612],
			"rotation": {"angle": 0, "axis": "y", "origin": [8, 7.96812, 2.94862]},
			"faces": {
				"north": {"uv": [8, 3, 8.75, 3.5], "texture": "#3"},
				"east": {"uv": [3, 0, 5.5, 0.5], "texture": "#3"},
				"south": {"uv": [4, 8, 4.75, 8.5], "texture": "#3"},
				"west": {"uv": [5.5, 0, 3, 0.5], "texture": "#3"},
				"up": {"uv": [0.75, 2.5, 0, 0], "texture": "#3"},
				"down": {"uv": [1.75, 0, 1, 2.5], "texture": "#3"}
			}
		},
		{
			"from": [7.55, 6.95633, 2.26112],
			"to": [8.45, 7.45633, 2.76112],
			"rotation": {"angle": 0, "axis": "y", "origin": [8, 8.45633, 7.07362]},
			"faces": {
				"north": {"uv": [7, 0, 8, 0.5], "texture": "#3"},
				"east": {"uv": [0, 9, 0.5, 9.5], "texture": "#3"},
				"south": {"uv": [1, 7, 2, 7.5], "texture": "#3"},
				"west": {"uv": [0.5, 9, 0, 9.5], "texture": "#3"},
				"up": {"uv": [8, 1.5, 7, 1], "texture": "#3"},
				"down": {"uv": [3, 7, 2, 7.5], "texture": "#3"}
			}
		},
		{
			"from": [7.55, 6.45633, 2.76112],
			"to": [8.45, 7.45633, 4.01112],
			"rotation": {"angle": 0, "axis": "y", "origin": [8, 8.45633, 7.07362]},
			"faces": {
				"north": {"uv": [3, 5, 4, 6], "texture": "#3"},
				"east": {"uv": [0, 3, 1.25, 4], "texture": "#3"},
				"south": {"uv": [4, 5, 5, 6], "texture": "#3"},
				"west": {"uv": [1.25, 3, 0, 4], "texture": "#3"},
				"up": {"uv": [4, 4.25, 3, 3], "texture": "#3"},
				"down": {"uv": [1, 4, 0, 5.25], "texture": "#3"}
			}
		},
		{
			"from": [7.55, 6.95633, 4.01112],
			"to": [8.45, 7.45633, 4.76112],
			"rotation": {"angle": 0, "axis": "y", "origin": [8, 7.08133, 3.82362]},
			"faces": {
				"north": {"uv": [7, 2, 8, 2.5], "texture": "#3"},
				"east": {"uv": [8, 4, 8.75, 4.5], "texture": "#3"},
				"south": {"uv": [3, 7, 4, 7.5], "texture": "#3"},
				"west": {"uv": [8.75, 4, 8, 4.5], "texture": "#3"},
				"up": {"uv": [2, 6.75, 1, 6], "texture": "#3"},
				"down": {"uv": [7, 1, 6, 1.75], "texture": "#3"}
			}
		},
		{
			"from": [7.55, 6.45633, 4.76112],
			"to": [8.45, 7.45633, 5.51112],
			"rotation": {"angle": 0, "axis": "y", "origin": [8, 7.08133, 5.07362]},
			"faces": {
				"north": {"uv": [5, 4, 6, 5], "texture": "#3"},
				"east": {"uv": [2, 6, 2.75, 7], "texture": "#3"},
				"south": {"uv": [5, 5, 6, 6], "texture": "#3"},
				"west": {"uv": [2.75, 6, 2, 7], "texture": "#3"},
				"up": {"uv": [4, 6.75, 3, 6], "texture": "#3"},
				"down": {"uv": [7, 3, 6, 3.75], "texture": "#3"}
			}
		},
		{
			"from": [7.55, 6.95633, 5.51112],
			"to": [8.45, 7.45633, 6.01112],
			"rotation": {"angle": 0, "axis": "y", "origin": [8, 7.08133, 5.07362]},
			"faces": {
				"north": {"uv": [7, 3, 8, 3.5], "texture": "#3"},
				"east": {"uv": [1, 9, 1.5, 9.5], "texture": "#3"},
				"south": {"uv": [4, 7, 5, 7.5], "texture": "#3"},
				"west": {"uv": [1.5, 9, 1, 9.5], "texture": "#3"},
				"up": {"uv": [8, 4.5, 7, 4], "texture": "#3"},
				"down": {"uv": [6, 7, 5, 7.5], "texture": "#3"}
			}
		}
	],
	"display": {
		"thirdperson_righthand": {
			"rotation": [67.5, 0, 0],
			"translation": [-1.75, 7, 0.5]
		},
		"thirdperson_lefthand": {
			"rotation": [67.5, 0, 0],
			"translation": [-1.75, 7, 0.5]
		},
		"firstperson_righthand": {
			"translation": [-6, 4.5, 0.5]
		},
		"firstperson_lefthand": {
			"translation": [-6, 4.5, 0.5]
		},
		"gui": {
			"rotation": [163.34, -47.42, -178.07],
			"scale": [1.1, 1.1, 1.1]
		},
		"fixed": {
			"rotation": [0, 90, 0],
			"translation": [0, 0, -0.5],
			"scale": [2, 2, 2]
		}
	},
	"groups": [
		{
			"name": "predator",
			"origin": [8.41772, 7.75605, 8.6732],
			"color": 0,
			"children": [
				{
					"name": "barrel",
					"origin": [8, 6.3157, 10.15812],
					"color": 0,
					"children": [
						{
							"name": "coil_covers",
							"origin": [8, 8.7157, 1.97655],
							"color": 0,
							"children": [0, 1, 2, 3, 4, 5, 6, 7, 8, 9, 10, 11]
						},
						{
							"name": "barrel_coil",
							"origin": [8, 8.64313, 12.17707],
							"color": 0,
							"children": [12, 13, 14, 15, 16, 17, 18, 19, 20]
						},
						21,
						{
							"name": "barrel_covers",
							"origin": [8, 7.78688, 7.94125],
							"color": 0,
							"children": [
								{
									"name": "big_cover",
									"origin": [7.42646, 6.21423, 10.79983],
									"color": 0,
									"children": [22, 23, 24, 25]
								},
								{
									"name": "medium_cover",
									"origin": [7.3549, 6.21423, 10.79983],
									"color": 0,
									"children": [26, 27, 28, 29]
								},
								{
									"name": "small_cover",
									"origin": [8.0003, 6.32267, 6.86305],
									"color": 0,
									"children": [30, 31, 32, 33]
								}
							]
						}
					]
				},
				{
					"name": "body",
					"origin": [7.98844, 7.85733, 8.6732],
					"color": 0,
					"children": [34, 35, 36, 37, 38, 39]
				},
				{
					"name": "coils",
					"origin": [8.14144, 10.19313, 8.6732],
					"color": 0,
					"children": [
						{
							"name": "coilback",
							"origin": [8, 8.64313, 12.17707],
							"color": 0,
							"children": [40, 41, 42, 43, 44, 45, 46, 47, 48, 49, 50]
						},
						{
							"name": "coilfront",
							"origin": [8, 8.64313, 12.17707],
							"color": 0,
							"children": [51, 52, 53, 54, 55, 56, 57, 58, 59, 60, 61, 62]
						}
					]
				},
				{
					"name": "mag",
					"origin": [8, 7.78688, 7.94125],
					"color": 0,
					"children": [63, 64, 65, 66, 67]
				},
				{
					"name": "handle",
					"origin": [8, 7.78688, 7.94125],
					"color": 0,
					"children": [
						{
							"name": "grip",
							"origin": [8.1975, 6.75493, 8.11121],
							"color": 8,
							"children": [68, 69, 70, 71, 72, 73, 74, 75, 76]
						},
						{
							"name": "trigger_guard",
							"origin": [7.28656, 7.74937, 4.15375],
							"color": 0,
							"children": [77, 78, 79]
						},
						{
							"name": "trigger",
							"origin": [8.35, 7.65563, 8.17875],
							"color": 1,
							"children": [80]
						},
						{
							"name": "handle_cover_connector",
							"origin": [8, 8.10852, 12.7412],
							"color": 0,
							"children": [81, 82, 83, 84, 85]
						},
						{
							"name": "handle_guard",
							"origin": [8.1025, 7.58243, 8.53622],
							"color": 0,
							"children": [86, 87, 88, 89, 90, 91, 92, 93, 94]
						}
					]
				},
				{
					"name": "sparks",
					"origin": [8, 7.9625, 8],
					"color": 0,
					"children": [
						{
							"name": "body_sparks",
							"origin": [10.65597, 7.62566, 8.6731],
							"color": 8,
							"children": [95, 96]
						},
						{
							"name": "barrel_sparks",
							"origin": [10.65597, 5.775, 5.79383],
							"color": 8,
							"children": [97, 98]
						}
					]
				},
				{
					"name": "iron_sight",
					"origin": [7.75, 8.2125, 8],
					"color": 0,
					"children": [99, 100, 101, 102]
				},
				{
					"name": "barrel_details",
					"origin": [8, 8, 8],
					"color": 0,
					"children": [
						{
							"name": "barrel_top_details",
							"origin": [8, 8, 8.25],
							"color": 0,
							"children": [103, 104, 105, 106, 107, 108, 109, 110, 111, 112]
						},
						{
							"name": "barrel_bottom_details",
							"origin": [8, 8, 8.25],
							"color": 0,
							"children": [113, 114, 115, 116, 117]
						}
					]
				}
			]
		}
	]
}