{
	"credit": "Made with Blockbench",
	"texture_size": [64, 64],
	"textures": {
		"0": "aoa3:item/rpg",
		"particle": "aoa3:item/rpg"
	},
	"elements": [
		{
			"from": [7.7605, 7.554, -0.694],
			"to": [8.5165, 8.31, 0.314],
			"rotation": {"angle": 0, "axis": "y", "origin": [8.0125, 7.365, 7.622]},
			"faces": {
				"north": {"uv": [5.5, 7.75, 5.6875, 7.9375], "texture": "#0"},
				"east": {"uv": [5, 4.75, 5.25, 4.9375], "texture": "#0"},
				"south": {"uv": [7.75, 5.5, 7.9375, 5.6875], "texture": "#0"},
				"west": {"uv": [5.25, 4.75, 5, 4.9375], "texture": "#0"},
				"up": {"uv": [6.6875, 0.75, 6.5, 0.5], "texture": "#0"},
				"down": {"uv": [6.6875, 0.5, 6.5, 0.75], "texture": "#0"}
			}
		},
		{
			"from": [7.5085, 7.302, -1.198],
			"to": [8.7685, 8.562, -0.694],
			"rotation": {"angle": 0, "axis": "y", "origin": [8.0125, 7.365, 7.622]},
			"faces": {
				"north": {"uv": [7, 0.75, 7.3125, 1.0625], "texture": "#0"},
				"east": {"uv": [0, 7.75, 0.125, 8.0625], "texture": "#0"},
				"south": {"uv": [7, 1.25, 7.3125, 1.5625], "texture": "#0"},
				"west": {"uv": [0.125, 7.75, 0, 8.0625], "texture": "#0"},
				"up": {"uv": [2.0625, 7.875, 1.75, 7.75], "texture": "#0"},
				"down": {"uv": [2.0625, 7.75, 1.75, 7.875], "texture": "#0"}
			}
		},
		{
			"from": [7.2565, 7.05, -1.702],
			"to": [9.0205, 8.814, -1.198],
			"rotation": {"angle": 0, "axis": "y", "origin": [8.0125, 7.365, 7.622]},
			"faces": {
				"north": {"uv": [2.25, 5, 2.6875, 5.4375], "texture": "#0"},
				"east": {"uv": [7.25, 3.5, 7.375, 3.9375], "texture": "#0"},
				"south": {"uv": [5.75, 0.75, 6.1875, 1.1875], "texture": "#0"},
				"west": {"uv": [7.375, 3.5, 7.25, 3.9375], "texture": "#0"},
				"up": {"uv": [4.9375, 7.375, 4.5, 7.25], "texture": "#0"},
				"down": {"uv": [4.9375, 7.25, 4.5, 7.375], "texture": "#0"}
			}
		},
		{
			"from": [7.0045, 6.798, -5.482],
			"to": [9.2725, 9.066, -1.702],
			"rotation": {"angle": 0, "axis": "y", "origin": [8.0125, 7.365, 7.622]},
			"faces": {
				"north": {"uv": [6.0625, 2.75, 5.5, 3.3125], "texture": "#0"},
				"east": {"uv": [4, 0.5, 4.9375, 1.0625], "texture": "#0"},
				"south": {"uv": [5.5, 2.75, 6.0625, 3.3125], "texture": "#0"},
				"west": {"uv": [4.9375, 0.5, 4, 1.0625], "texture": "#0"},
				"up": {"uv": [4.8125, 4.9375, 4.25, 4], "texture": "#0"},
				"down": {"uv": [4.8125, 4, 4.25, 4.9375], "texture": "#0"}
			}
		},
		{
			"from": [7.2565, 7.05, -5.986],
			"to": [9.0205, 8.814, -5.482],
			"rotation": {"angle": 0, "axis": "y", "origin": [8.0125, 7.365, 7.622]},
			"faces": {
				"north": {"uv": [5.75, 4.25, 6.1875, 4.6875], "texture": "#0"},
				"east": {"uv": [5.25, 7.25, 5.375, 7.6875], "texture": "#0"},
				"south": {"uv": [2.25, 6.25, 2.6875, 6.6875], "texture": "#0"},
				"west": {"uv": [5.375, 7.25, 5.25, 7.6875], "texture": "#0"},
				"up": {"uv": [6.6875, 7.375, 6.25, 7.25], "texture": "#0"},
				"down": {"uv": [6.6875, 7.25, 6.25, 7.375], "texture": "#0"}
			}
		},
		{
			"from": [7.5085, 7.302, -6.49],
			"to": [8.7685, 8.562, -5.986],
			"rotation": {"angle": 0, "axis": "y", "origin": [8.0125, 7.365, 7.622]},
			"faces": {
				"north": {"uv": [1.75, 7, 2.0625, 7.3125], "texture": "#0"},
				"east": {"uv": [1.25, 7.75, 1.375, 8.0625], "texture": "#0"},
				"south": {"uv": [7, 1.75, 7.3125, 2.0625], "texture": "#0"},
				"west": {"uv": [1.375, 7.75, 1.25, 8.0625], "texture": "#0"},
				"up": {"uv": [8.0625, 2.625, 7.75, 2.5], "texture": "#0"},
				"down": {"uv": [8.0625, 2.5, 7.75, 2.625], "texture": "#0"}
			}
		},
		{
			"from": [7.7605, 7.554, -7.498],
			"to": [8.5165, 8.31, -6.49],
			"rotation": {"angle": 0, "axis": "y", "origin": [8.0125, 7.365, 7.622]},
			"faces": {
				"north": {"uv": [5.75, 7.75, 5.9375, 7.9375], "texture": "#0"},
				"east": {"uv": [7.5, 3, 7.75, 3.1875], "texture": "#0"},
				"south": {"uv": [7.75, 5.75, 7.9375, 5.9375], "texture": "#0"},
				"west": {"uv": [7.75, 3, 7.5, 3.1875], "texture": "#0"},
				"up": {"uv": [7.6875, 4, 7.5, 3.75], "texture": "#0"},
				"down": {"uv": [7.6875, 3.75, 7.5, 4], "texture": "#0"}
			}
		},
		{
			"from": [6.7525, 6.798, -5.23],
			"to": [7.0045, 9.066, -1.954],
			"rotation": {"angle": 0, "axis": "y", "origin": [8.0125, 7.365, 7.622]},
			"faces": {
				"north": {"uv": [7.8125, 6, 7.75, 6.5625], "texture": "#0"},
				"east": {"uv": [4.25, 5, 5.0625, 5.5625], "texture": "#0"},
				"south": {"uv": [7.75, 6, 7.8125, 6.5625], "texture": "#0"},
				"west": {"uv": [6.0625, 2, 5.25, 2.5625], "texture": "#0"},
				"up": {"uv": [3.8125, 8.3125, 3.75, 7.5], "texture": "#0"},
				"down": {"uv": [3.8125, 7.5, 3.75, 8.3125], "texture": "#0"}
			}
		},
		{
			"from": [6.5005, 7.302, -4.474],
			"to": [6.7525, 8.562, -2.71],
			"rotation": {"angle": 0, "axis": "y", "origin": [8.0125, 7.365, 7.622]},
			"faces": {
				"north": {"uv": [8.25, 0.5, 8.3125, 0.8125], "texture": "#0"},
				"east": {"uv": [0.75, 6.5, 1.1875, 6.8125], "texture": "#0"},
				"south": {"uv": [0.75, 8.25, 0.8125, 8.5625], "texture": "#0"},
				"west": {"uv": [2.1875, 6.5, 1.75, 6.8125], "texture": "#0"},
				"up": {"uv": [2.3125, 8.4375, 2.25, 8], "texture": "#0"},
				"down": {"uv": [2.5625, 8, 2.5, 8.4375], "texture": "#0"}
			}
		},
		{
			"from": [9.5245, 7.302, -4.474],
			"to": [9.7765, 8.562, -2.71],
			"rotation": {"angle": 0, "axis": "y", "origin": [8.0125, 7.365, 7.622]},
			"faces": {
				"north": {"uv": [1, 8.25, 1.0625, 8.5625], "texture": "#0"},
				"east": {"uv": [1.75, 6.5, 2.1875, 6.8125], "texture": "#0"},
				"south": {"uv": [1.25, 8.25, 1.3125, 8.5625], "texture": "#0"},
				"west": {"uv": [4.25, 6.5, 4.6875, 6.8125], "texture": "#0"},
				"up": {"uv": [8.0625, 4.1875, 8, 3.75], "texture": "#0"},
				"down": {"uv": [4.5625, 8, 4.5, 8.4375], "texture": "#0"}
			}
		},
		{
			"from": [9.2725, 6.798, -5.23],
			"to": [9.5245, 9.066, -1.954],
			"rotation": {"angle": 0, "axis": "y", "origin": [8.0125, 7.365, 7.622]},
			"faces": {
				"north": {"uv": [6.25, 7.75, 6.3125, 8.3125], "texture": "#0"},
				"east": {"uv": [5.25, 2, 6.0625, 2.5625], "texture": "#0"},
				"south": {"uv": [7.8125, 6, 7.75, 6.5625], "texture": "#0"},
				"west": {"uv": [5.25, 4.75, 6.0625, 5.3125], "texture": "#0"},
				"up": {"uv": [3.8125, 8.3125, 3.75, 7.5], "texture": "#0"},
				"down": {"uv": [3.8125, 7.5, 3.75, 8.3125], "texture": "#0"}
			}
		},
		{
			"from": [7.5085, 6.294, -4.474],
			"to": [8.7685, 6.546, -2.71],
			"rotation": {"angle": 0, "axis": "y", "origin": [8.0125, 7.365, 7.622]},
			"faces": {
				"north": {"uv": [1.5, 8.25, 1.8125, 8.3125], "texture": "#0"},
				"east": {"uv": [8, 2.25, 8.4375, 2.3125], "texture": "#0"},
				"south": {"uv": [8.25, 1.5, 8.5625, 1.5625], "texture": "#0"},
				"west": {"uv": [8.4375, 2.25, 8, 2.3125], "texture": "#0"},
				"up": {"uv": [5.0625, 6.9375, 4.75, 6.5], "texture": "#0"},
				"down": {"uv": [6.8125, 5.25, 6.5, 5.6875], "texture": "#0"}
			}
		},
		{
			"from": [7.2565, 6.546, -4.978],
			"to": [9.0205, 6.798, -2.206],
			"rotation": {"angle": 0, "axis": "y", "origin": [8.0125, 7.365, 7.622]},
			"faces": {
				"north": {"uv": [4.75, 8, 5.1875, 8.0625], "texture": "#0"},
				"east": {"uv": [7.5, 7.25, 8.1875, 7.3125], "texture": "#0"},
				"south": {"uv": [8, 4.75, 8.4375, 4.8125], "texture": "#0"},
				"west": {"uv": [8.1875, 7.25, 7.5, 7.3125], "texture": "#0"},
				"up": {"uv": [4.1875, 6.1875, 3.75, 5.5], "texture": "#0"},
				"down": {"uv": [4.6875, 5.75, 4.25, 6.4375], "texture": "#0"}
			}
		},
		{
			"from": [7.5085, 9.318, -4.474],
			"to": [8.7685, 9.57, -2.71],
			"rotation": {"angle": 0, "axis": "y", "origin": [8.0125, 7.365, 7.622]},
			"faces": {
				"north": {"uv": [8.25, 1.75, 8.5625, 1.8125], "texture": "#0"},
				"east": {"uv": [8, 5, 8.4375, 5.0625], "texture": "#0"},
				"south": {"uv": [8.25, 2, 8.5625, 2.0625], "texture": "#0"},
				"west": {"uv": [8.4375, 5, 8, 5.0625], "texture": "#0"},
				"up": {"uv": [6.8125, 5.6875, 6.5, 5.25], "texture": "#0"},
				"down": {"uv": [6.5625, 6.5, 6.25, 6.9375], "texture": "#0"}
			}
		},
		{
			"from": [7.2565, 9.066, -4.978],
			"to": [9.0205, 9.318, -2.206],
			"rotation": {"angle": 0, "axis": "y", "origin": [8.0125, 7.365, 7.622]},
			"faces": {
				"north": {"uv": [5.5, 8, 5.9375, 8.0625], "texture": "#0"},
				"east": {"uv": [7.75, 1, 8.4375, 1.0625], "texture": "#0"},
				"south": {"uv": [8, 5.5, 8.4375, 5.5625], "texture": "#0"},
				"west": {"uv": [8.4375, 1, 7.75, 1.0625], "texture": "#0"},
				"up": {"uv": [4.6875, 6.4375, 4.25, 5.75], "texture": "#0"},
				"down": {"uv": [5.1875, 5.75, 4.75, 6.4375], "texture": "#0"}
			}
		},
		{
			"from": [7.5085, 7.302, 0.314],
			"to": [8.7685, 8.562, 0.818],
			"rotation": {"angle": 0, "axis": "y", "origin": [8.0125, 7.365, 7.622]},
			"faces": {
				"north": {"uv": [2.25, 7, 2.5625, 7.3125], "texture": "#0"},
				"east": {"uv": [3.25, 7.75, 3.375, 8.0625], "texture": "#0"},
				"south": {"uv": [7, 2.25, 7.3125, 2.5625], "texture": "#0"},
				"west": {"uv": [3.375, 7.75, 3.25, 8.0625], "texture": "#0"},
				"up": {"uv": [8.0625, 3.125, 7.75, 3], "texture": "#0"},
				"down": {"uv": [8.0625, 3, 7.75, 3.125], "texture": "#0"}
			}
		},
		{
			"from": [7.2565, 7.05, 0.818],
			"to": [9.0205, 8.814, 1.322],
			"rotation": {"angle": 0, "axis": "y", "origin": [8.0125, 7.365, 7.622]},
			"faces": {
				"north": {"uv": [6.25, 2.25, 6.6875, 2.6875], "texture": "#0"},
				"east": {"uv": [7.25, 7.25, 7.375, 7.6875], "texture": "#0"},
				"south": {"uv": [6.6875, 2.25, 6.25, 2.6875], "texture": "#0"},
				"west": {"uv": [7.375, 7.25, 7.25, 7.6875], "texture": "#0"},
				"up": {"uv": [7.9375, 0.875, 7.5, 0.75], "texture": "#0"},
				"down": {"uv": [7.9375, 0.75, 7.5, 0.875], "texture": "#0"}
			}
		},
		{
			"from": [7.5065, 7.3, 1.322],
			"to": [8.7705, 8.564, 10.826],
			"rotation": {"angle": 0, "axis": "y", "origin": [8.0125, 7.365, 8.126]},
			"faces": {
				"north": {"uv": [2.75, 7, 3.0625, 7.3125], "texture": "#0"},
				"east": {"uv": [2.75, 2.5, 5.125, 2.8125], "texture": "#0"},
				"south": {"uv": [7, 2.75, 7.3125, 3.0625], "texture": "#0"},
				"west": {"uv": [5.125, 2.5, 2.75, 2.8125], "texture": "#0"},
				"up": {"uv": [5.125, 2.5, 2.75, 2.8125], "rotation": 90, "texture": "#0"},
				"down": {"uv": [2.75, 2.5, 5.125, 2.8125], "rotation": 90, "texture": "#0"}
			}
		},
		{
			"from": [7.0045, 6.798, 19.97],
			"to": [9.2725, 9.066, 21.23],
			"rotation": {"angle": 0, "axis": "y", "origin": [8.0125, 7.365, 7.622]},
			"faces": {
				"north": {"uv": [3, 5.5, 3.5625, 6.0625], "texture": "#0"},
				"east": {"uv": [5.5, 6.25, 5.8125, 6.8125], "texture": "#0"},
				"south": {"uv": [5.25, 5.5, 5.8125, 6.0625], "texture": "#0"},
				"west": {"uv": [5.8125, 6.25, 5.5, 6.8125], "texture": "#0"},
				"up": {"uv": [7.0625, 0.3125, 6.5, 0], "texture": "#0"},
				"down": {"uv": [7.0625, 0, 6.5, 0.3125], "texture": "#0"}
			}
		},
		{
			"from": [6.7525, 6.546, 21.23],
			"to": [9.5245, 9.318, 21.734],
			"rotation": {"angle": 0, "axis": "y", "origin": [8.0125, 7.365, 7.622]},
			"faces": {
				"north": {"uv": [0, 5, 0.6875, 5.6875], "texture": "#0"},
				"east": {"uv": [3.25, 7, 3.375, 7.6875], "texture": "#0"},
				"south": {"uv": [5, 0.5, 5.6875, 1.1875], "texture": "#0"},
				"west": {"uv": [3.375, 7, 3.25, 7.6875], "texture": "#0"},
				"up": {"uv": [7.6875, 4.875, 7, 4.75], "texture": "#0"},
				"down": {"uv": [7.6875, 4.75, 7, 4.875], "texture": "#0"}
			}
		},
		{
			"from": [6.5005, 6.294, 21.734],
			"to": [9.7765, 9.57, 22.238],
			"rotation": {"angle": 0, "axis": "y", "origin": [8.0125, 7.365, 7.622]},
			"faces": {
				"north": {"uv": [3, 0.5, 3.8125, 1.3125], "texture": "#0"},
				"east": {"uv": [0.25, 7, 0.375, 7.8125], "texture": "#0"},
				"south": {"uv": [1.5, 3.25, 2.3125, 4.0625], "texture": "#0"},
				"west": {"uv": [0.375, 7, 0.25, 7.8125], "texture": "#0"},
				"up": {"uv": [1.5625, 7.125, 0.75, 7], "texture": "#0"},
				"down": {"uv": [1.5625, 7, 0.75, 7.125], "texture": "#0"}
			}
		},
		{
			"from": [6.2485, 6.042, 22.238],
			"to": [10.0285, 9.822, 22.742],
			"rotation": {"angle": 0, "axis": "y", "origin": [8.0125, 7.365, 7.622]},
			"faces": {
				"north": {"uv": [0, 2.5, 0.9375, 3.4375], "texture": "#0"},
				"east": {"uv": [6.75, 3, 6.875, 3.9375], "texture": "#0"},
				"south": {"uv": [2.75, 1.5, 3.6875, 2.4375], "texture": "#0"},
				"west": {"uv": [6.875, 3, 6.75, 3.9375], "texture": "#0"},
				"up": {"uv": [7.6875, 4.375, 6.75, 4.25], "texture": "#0"},
				"down": {"uv": [7.6875, 4.25, 6.75, 4.375], "texture": "#0"}
			}
		},
		{
			"from": [5.9965, 5.79, 22.742],
			"to": [10.2805, 10.074, 23.246],
			"rotation": {"angle": 0, "axis": "y", "origin": [8.0125, 7.365, 7.622]},
			"faces": {
				"north": {"uv": [0, 0, 1.0625, 1.0625], "texture": "#0"},
				"east": {"uv": [6.75, 0.5, 6.875, 1.5625], "texture": "#0"},
				"south": {"uv": [0, 1.25, 1.0625, 2.3125], "texture": "#0"},
				"west": {"uv": [6.875, 0.5, 6.75, 1.5625], "texture": "#0"},
				"up": {"uv": [3.3125, 6.875, 2.25, 6.75], "texture": "#0"},
				"down": {"uv": [3.3125, 6.75, 2.25, 6.875], "texture": "#0"}
			}
		},
		{
			"from": [7.2565, 7.052, 1.322],
			"to": [9.0205, 8.814, 7.118],
			"rotation": {"angle": 0, "axis": "y", "origin": [8.0125, 7.365, 7.622]},
			"faces": {
				"north": {"uv": [6.25, 3.25, 6.6875, 3.6875], "texture": "#0"},
				"east": {"uv": [3.25, 3, 4.6875, 3.4375], "texture": "#0"},
				"south": {"uv": [3.75, 6.25, 4.1875, 6.6875], "texture": "#0"},
				"west": {"uv": [4.6875, 3, 3.25, 3.4375], "texture": "#0"},
				"up": {"uv": [4.6875, 3, 3.25, 3.4375], "rotation": 90, "texture": "#0"},
				"down": {"uv": [3.25, 3.4375, 4.6875, 3], "rotation": 90, "texture": "#0"}
			}
		},
		{
			"from": [6.7525, 6.546, 8.126],
			"to": [9.5245, 9.318, 14.426],
			"rotation": {"angle": 0, "axis": "y", "origin": [8.0125, 7.365, 7.622]},
			"faces": {
				"north": {"uv": [1.5, 5, 2.1875, 5.6875], "texture": "#0"},
				"east": {"uv": [1.25, 0, 2.8125, 0.6875], "texture": "#0"},
				"south": {"uv": [1.5625, 3.3125, 2.25, 4], "texture": "#0"},
				"west": {"uv": [2.8125, 0, 1.25, 0.6875], "texture": "#0"},
				"up": {"uv": [2.8125, 0.6875, 1.25, 0], "rotation": 90, "texture": "#0"},
				"down": {"uv": [1.25, 0, 2.8125, 0.6875], "rotation": 90, "texture": "#0"}
			}
		},
		{
			"from": [7.0045, 6.798, 7.622],
			"to": [9.2725, 9.066, 8.126],
			"rotation": {"angle": 0, "axis": "y", "origin": [8.0125, 7.365, 7.622]},
			"faces": {
				"north": {"uv": [0, 5.75, 0.5625, 6.3125], "texture": "#0"},
				"east": {"uv": [5.5, 7, 5.625, 7.5625], "texture": "#0"},
				"south": {"uv": [5.75, 0, 6.3125, 0.5625], "texture": "#0"},
				"west": {"uv": [5.625, 7, 5.5, 7.5625], "texture": "#0"},
				"up": {"uv": [5.625, 7, 5.5, 7.5625], "rotation": 90, "texture": "#0"},
				"down": {"uv": [5.5, 7, 5.625, 7.5625], "rotation": 90, "texture": "#0"}
			}
		},
		{
			"from": [7.2565, 7.05, 7.118],
			"to": [9.0205, 8.814, 7.622],
			"rotation": {"angle": 0, "axis": "y", "origin": [8.0125, 7.365, 7.622]},
			"faces": {
				"north": {"uv": [6.25, 3.75, 6.6875, 4.1875], "texture": "#0"},
				"east": {"uv": [7.5, 1, 7.625, 1.4375], "texture": "#0"},
				"south": {"uv": [6.25, 4.25, 6.6875, 4.6875], "texture": "#0"},
				"west": {"uv": [7.625, 1, 7.5, 1.4375], "texture": "#0"},
				"up": {"uv": [7.625, 1, 7.5, 1.4375], "rotation": 90, "texture": "#0"},
				"down": {"uv": [7.5, 1.4375, 7.625, 1], "rotation": 90, "texture": "#0"}
			}
		},
		{
			"from": [7.0045, 6.798, 14.426],
			"to": [9.2725, 9.066, 15.182],
			"rotation": {"angle": 0, "axis": "y", "origin": [8.0125, 7.365, 7.622]},
			"faces": {
				"north": {"uv": [0.75, 5.75, 1.3125, 6.3125], "texture": "#0"},
				"east": {"uv": [3.75, 6.75, 3.9375, 7.3125], "texture": "#0"},
				"south": {"uv": [1.5, 5.75, 2.0625, 6.3125], "texture": "#0"},
				"west": {"uv": [3.9375, 6.75, 3.75, 7.3125], "texture": "#0"},
				"up": {"uv": [3.9375, 6.75, 3.75, 7.3125], "rotation": 90, "texture": "#0"},
				"down": {"uv": [3.75, 6.75, 3.9375, 7.3125], "rotation": 90, "texture": "#0"}
			}
		},
		{
			"from": [7.2565, 7.05, 15.182],
			"to": [9.0205, 8.814, 20.726],
			"rotation": {"angle": 0, "axis": "y", "origin": [8.0125, 7.365, 7.622]},
			"faces": {
				"north": {"uv": [6.25, 2.75, 6.6875, 3.1875], "texture": "#0"},
				"east": {"uv": [3.75, 1.5, 5.125, 1.9375], "texture": "#0"},
				"south": {"uv": [3.25, 6.25, 3.6875, 6.6875], "texture": "#0"},
				"west": {"uv": [5.125, 1.5, 3.75, 1.9375], "texture": "#0"},
				"up": {"uv": [5.125, 1.9375, 3.75, 1.5], "rotation": 90, "texture": "#0"},
				"down": {"uv": [3.75, 1.9375, 5.125, 1.5], "rotation": 90, "texture": "#0"}
			}
		},
		{
			"from": [7.7605, 4.278, 5.856],
			"to": [8.5165, 4.782, 6.864],
			"rotation": {"angle": 0, "axis": "y", "origin": [8.0125, 7.365, 7.622]},
			"faces": {
				"north": {"uv": [7.25, 8, 7.4375, 8.125], "texture": "#0"},
				"east": {"uv": [8, 0.5, 8.25, 0.625], "texture": "#0"},
				"south": {"uv": [7.5, 8, 7.6875, 8.125], "texture": "#0"},
				"west": {"uv": [8.25, 0.5, 8, 0.625], "texture": "#0"},
				"up": {"uv": [7.6875, 4.75, 7.5, 4.5], "texture": "#0"},
				"down": {"uv": [4.9375, 7.5, 4.75, 7.75], "texture": "#0"}
			}
		},
		{
			"from": [7.7605, 4.782, 6.612],
			"to": [8.5165, 5.034, 6.864],
			"rotation": {"angle": 0, "axis": "y", "origin": [8.0125, 7.365, 7.622]},
			"faces": {
				"north": {"uv": [8.25, 7.25, 8.4375, 7.3125], "texture": "#0"},
				"east": {"uv": [6, 8.5, 6.0625, 8.5625], "texture": "#0"},
				"south": {"uv": [7.5, 8.25, 7.6875, 8.3125], "texture": "#0"},
				"west": {"uv": [6.0625, 8.5, 6, 8.5625], "texture": "#0"},
				"up": {"uv": [8.4375, 7.5625, 8.25, 7.5], "texture": "#0"},
				"down": {"uv": [7.9375, 8.25, 7.75, 8.3125], "texture": "#0"}
			}
		},
		{
			"from": [7.7605, 4.782, 5.604],
			"to": [8.5165, 5.034, 6.612],
			"rotation": {"angle": 0, "axis": "y", "origin": [8.0125, 7.365, 7.622]},
			"faces": {
				"north": {"uv": [8.25, 7.75, 8.4375, 7.8125], "texture": "#0"},
				"east": {"uv": [2, 8.25, 2.25, 8.3125], "texture": "#0"},
				"south": {"uv": [8, 8.25, 8.1875, 8.3125], "texture": "#0"},
				"west": {"uv": [2.25, 8.25, 2, 8.3125], "texture": "#0"},
				"up": {"uv": [7.6875, 5.5, 7.5, 5.25], "texture": "#0"},
				"down": {"uv": [7.6875, 5.5, 7.5, 5.75], "texture": "#0"}
			}
		},
		{
			"from": [7.7605, 5.034, 5.352],
			"to": [8.5165, 5.538, 6.36],
			"rotation": {"angle": 0, "axis": "y", "origin": [8.0125, 7.365, 7.622]},
			"faces": {
				"north": {"uv": [7.75, 8, 7.9375, 8.125], "texture": "#0"},
				"east": {"uv": [8, 0.75, 8.25, 0.875], "texture": "#0"},
				"south": {"uv": [8, 7.75, 8.1875, 7.875], "texture": "#0"},
				"west": {"uv": [8.25, 0.75, 8, 0.875], "texture": "#0"},
				"up": {"uv": [7.6875, 6, 7.5, 5.75], "texture": "#0"},
				"down": {"uv": [6.1875, 7.5, 6, 7.75], "texture": "#0"}
			}
		},
		{
			"from": [7.7605, 5.538, 5.1],
			"to": [8.5165, 6.546, 6.108],
			"rotation": {"angle": 0, "axis": "y", "origin": [8.0125, 7.365, 7.622]},
			"faces": {
				"north": {"uv": [7.5, 6, 7.6875, 6.25], "texture": "#0"},
				"east": {"uv": [2.5, 4.5, 2.75, 4.75], "texture": "#0"},
				"south": {"uv": [6.25, 7.5, 6.4375, 7.75], "texture": "#0"},
				"west": {"uv": [2.75, 4.5, 2.5, 4.75], "texture": "#0"},
				"up": {"uv": [7.6875, 6.5, 7.5, 6.25], "texture": "#0"},
				"down": {"uv": [6.6875, 7.5, 6.5, 7.75], "texture": "#0"}
			}
		},
		{
			"from": [7.7605, 5.538, 6.108],
			"to": [8.5165, 6.042, 6.36],
			"rotation": {"angle": 0, "axis": "y", "origin": [8.0125, 7.365, 7.622]},
			"faces": {
				"north": {"uv": [8, 8, 8.1875, 8.125], "texture": "#0"},
				"east": {"uv": [3, 8.5, 3.0625, 8.625], "texture": "#0"},
				"south": {"uv": [0, 8.25, 0.1875, 8.375], "texture": "#0"},
				"west": {"uv": [3.0625, 8.5, 3, 8.625], "texture": "#0"},
				"up": {"uv": [8.4375, 8.0625, 8.25, 8], "texture": "#0"},
				"down": {"uv": [8.4375, 8.25, 8.25, 8.3125], "texture": "#0"}
			}
		},
		{
			"from": [7.7605, 5.538, 4.092],
			"to": [8.5165, 5.79, 5.1],
			"rotation": {"angle": 0, "axis": "y", "origin": [8.0125, 7.365, 7.622]},
			"faces": {
				"north": {"uv": [0, 8.5, 0.1875, 8.5625], "texture": "#0"},
				"east": {"uv": [8.25, 2.75, 8.5, 2.8125], "texture": "#0"},
				"south": {"uv": [8.5, 0, 8.6875, 0.0625], "texture": "#0"},
				"west": {"uv": [8.5, 2.75, 8.25, 2.8125], "texture": "#0"},
				"up": {"uv": [7.6875, 6.75, 7.5, 6.5], "texture": "#0"},
				"down": {"uv": [6.9375, 7.5, 6.75, 7.75], "texture": "#0"}
			}
		},
		{
			"from": [7.7605, 5.538, 3.84],
			"to": [8.5165, 6.546, 4.092],
			"rotation": {"angle": 0, "axis": "y", "origin": [8.0125, 7.365, 7.622]},
			"faces": {
				"north": {"uv": [7.5, 6.75, 7.6875, 7], "texture": "#0"},
				"east": {"uv": [3.25, 8.25, 3.3125, 8.5], "texture": "#0"},
				"south": {"uv": [7, 7.5, 7.1875, 7.75], "texture": "#0"},
				"west": {"uv": [3.3125, 8.25, 3.25, 8.5], "texture": "#0"},
				"up": {"uv": [0.4375, 8.5625, 0.25, 8.5], "texture": "#0"},
				"down": {"uv": [8.6875, 0.25, 8.5, 0.3125], "texture": "#0"}
			}
		},
		{
			"from": [8.0125, 6.042, 4.596],
			"to": [8.2645, 6.546, 4.848],
			"rotation": {"angle": 0, "axis": "y", "origin": [8.0125, 7.365, 7.622]},
			"faces": {
				"north": {"uv": [8.5, 3.25, 8.5625, 3.375], "texture": "#0"},
				"east": {"uv": [8.5, 3.25, 8.5625, 3.375], "texture": "#0"},
				"south": {"uv": [8.5, 3.25, 8.5625, 3.375], "texture": "#0"},
				"west": {"uv": [8.5, 3.25, 8.5625, 3.375], "texture": "#0"},
				"up": {"uv": [8.5, 3.25, 8.5625, 3.375], "texture": "#0"},
				"down": {"uv": [8.5, 3.25, 8.5625, 3.375], "texture": "#0"}
			}
		},
		{
			"from": [8.0125, 6.042, 4.344],
			"to": [8.2645, 6.294, 4.596],
			"rotation": {"angle": 0, "axis": "y", "origin": [8.0125, 7.365, 7.622]},
			"faces": {
				"north": {"uv": [8.5, 6.5, 8.5625, 6.5625], "texture": "#0"},
				"east": {"uv": [8.5, 6.5, 8.5625, 6.5625], "texture": "#0"},
				"south": {"uv": [8.5, 6.5, 8.5625, 6.5625], "texture": "#0"},
				"west": {"uv": [8.5, 6.5, 8.5625, 6.5625], "texture": "#0"},
				"up": {"uv": [8.5, 6.5, 8.5625, 6.5625], "texture": "#0"},
				"down": {"uv": [8.5, 6.5, 8.5625, 6.5625], "texture": "#0"}
			}
		},
		{
			"from": [7.7605, 6.798, 1.824],
			"to": [8.5165, 7.05, 6.108],
			"rotation": {"angle": 0, "axis": "y", "origin": [8.0125, 7.365, 7.622]},
			"faces": {
				"north": {"uv": [5.5, 8.25, 5.6875, 8.3125], "texture": "#0"},
				"east": {"uv": [7.25, 0, 8.3125, 0.0625], "texture": "#0"},
				"south": {"uv": [5.75, 8.25, 5.9375, 8.3125], "texture": "#0"},
				"west": {"uv": [8.3125, 0, 7.25, 0.0625], "texture": "#0"},
				"up": {"uv": [2.6875, 4.3125, 2.5, 3.25], "texture": "#0"},
				"down": {"uv": [6.1875, 5.5, 6, 6.5625], "texture": "#0"}
			}
		},
		{
			"from": [7.7605, 6.546, 2.076],
			"to": [8.5165, 6.798, 6.108],
			"rotation": {"angle": 0, "axis": "y", "origin": [8.0125, 7.365, 7.622]},
			"faces": {
				"north": {"uv": [8.25, 5.75, 8.4375, 5.8125], "texture": "#0"},
				"east": {"uv": [0.75, 7.25, 1.75, 7.3125], "texture": "#0"},
				"south": {"uv": [8.25, 6, 8.4375, 6.0625], "texture": "#0"},
				"west": {"uv": [1.75, 7.25, 0.75, 7.3125], "texture": "#0"},
				"up": {"uv": [6.4375, 5.75, 6.25, 4.75], "texture": "#0"},
				"down": {"uv": [5.4375, 6.25, 5.25, 7.25], "texture": "#0"}
			}
		},
		{
			"from": [7.7605, 5.034, 6.36],
			"to": [8.5165, 5.286, 6.612],
			"rotation": {"angle": 0, "axis": "y", "origin": [8.0125, 7.365, 7.622]},
			"faces": {
				"north": {"uv": [8.25, 6.25, 8.4375, 6.3125], "texture": "#0"},
				"east": {"uv": [5.5, 8.5, 5.5625, 8.5625], "texture": "#0"},
				"south": {"uv": [8.25, 6.5, 8.4375, 6.5625], "texture": "#0"},
				"west": {"uv": [5.5625, 8.5, 5.5, 8.5625], "texture": "#0"},
				"up": {"uv": [8.4375, 7.0625, 8.25, 7], "texture": "#0"},
				"down": {"uv": [7.4375, 8.25, 7.25, 8.3125], "texture": "#0"}
			}
		},
		{
			"from": [7.7605, 3.774, 9.638],
			"to": [8.5165, 6.294, 10.898],
			"rotation": {"angle": 0, "axis": "y", "origin": [8.0125, 7.365, 7.622]},
			"faces": {
				"north": {"uv": [0.9375, 5, 0.75, 5.625], "texture": "#0"},
				"east": {"uv": [6.25, 0.75, 6.5625, 1.375], "texture": "#0"},
				"south": {"uv": [0.75, 5, 0.9375, 5.625], "texture": "#0"},
				"west": {"uv": [6.5625, 0.75, 6.25, 1.375], "texture": "#0"},
				"up": {"uv": [5.6875, 0.3125, 5.5, 0], "texture": "#0"},
				"down": {"uv": [5.6875, 3.5, 5.5, 3.8125], "texture": "#0"}
			}
		},
		{
			"from": [7.7605, 6.042, 10.898],
			"to": [8.5165, 6.294, 11.15],
			"rotation": {"angle": 0, "axis": "y", "origin": [8.0125, 7.365, 7.622]},
			"faces": {
				"north": {"uv": [0.5, 8.5, 0.6875, 8.5625], "texture": "#0"},
				"east": {"uv": [7.25, 8.5, 7.3125, 8.5625], "texture": "#0"},
				"south": {"uv": [8.5, 0.5, 8.6875, 0.5625], "texture": "#0"},
				"west": {"uv": [7.3125, 8.5, 7.25, 8.5625], "texture": "#0"},
				"up": {"uv": [8.6875, 0.8125, 8.5, 0.75], "texture": "#0"},
				"down": {"uv": [8.6875, 1, 8.5, 1.0625], "texture": "#0"}
			}
		},
		{
			"from": [7.7605, 6.294, 9.134],
			"to": [8.5165, 6.546, 11.402],
			"rotation": {"angle": 0, "axis": "y", "origin": [8.0125, 7.365, 7.622]},
			"faces": {
				"north": {"uv": [8.5, 1.25, 8.6875, 1.3125], "texture": "#0"},
				"east": {"uv": [6.75, 7.75, 7.3125, 7.8125], "texture": "#0"},
				"south": {"uv": [1.5, 8.5, 1.6875, 8.5625], "texture": "#0"},
				"west": {"uv": [7.3125, 7.75, 6.75, 7.8125], "texture": "#0"},
				"up": {"uv": [6.1875, 7.3125, 6, 6.75], "texture": "#0"},
				"down": {"uv": [0.1875, 7, 0, 7.5625], "texture": "#0"}
			}
		},
		{
			"from": [7.7605, 6.042, 9.386],
			"to": [8.5165, 6.294, 9.638],
			"rotation": {"angle": 0, "axis": "y", "origin": [8.0125, 7.365, 7.622]},
			"faces": {
				"north": {"uv": [1.75, 8.5, 1.9375, 8.5625], "texture": "#0"},
				"east": {"uv": [7.5, 8.5, 7.5625, 8.5625], "texture": "#0"},
				"south": {"uv": [2, 8.5, 2.1875, 8.5625], "texture": "#0"},
				"west": {"uv": [7.5625, 8.5, 7.5, 8.5625], "texture": "#0"},
				"up": {"uv": [2.4375, 8.5625, 2.25, 8.5], "texture": "#0"},
				"down": {"uv": [8.6875, 2.25, 8.5, 2.3125], "texture": "#0"}
			}
		},
		{
			"from": [6.5505, 9.57, 9.876],
			"to": [6.9505, 10.57, 10.28032],
			"rotation": {"angle": 0, "axis": "y", "origin": [8.0505, 10.17, -1.47184]},
			"faces": {
				"north": {"uv": [7.5, 1.75, 7.625, 2.1875], "texture": "#0"},
				"east": {"uv": [7.5, 1.75, 7.625, 2.1875], "texture": "#0"},
				"south": {"uv": [7.5, 1.75, 7.625, 2.1875], "texture": "#0"},
				"west": {"uv": [7.5, 1.75, 7.625, 2.1875], "texture": "#0"},
				"up": {"uv": [7.5, 1.75, 7.625, 2.1875], "texture": "#0"},
				"down": {"uv": [7.5, 1.75, 7.625, 2.1875], "texture": "#0"}
			}
		},
		{
			"from": [6.5505, 10.87, 9.876],
			"to": [6.9505, 11.07, 10.28032],
			"rotation": {"angle": 0, "axis": "y", "origin": [8.0505, 10.17, -1.47184]},
			"faces": {
				"north": {"uv": [7.5, 1.75, 7.625, 2.1875], "texture": "#0"},
				"east": {"uv": [7.5, 1.75, 7.625, 2.1875], "texture": "#0"},
				"south": {"uv": [7.5, 1.75, 7.625, 2.1875], "texture": "#0"},
				"west": {"uv": [7.5, 1.75, 7.625, 2.1875], "texture": "#0"},
				"up": {"uv": [7.5, 1.75, 7.625, 2.1875], "texture": "#0"},
				"down": {"uv": [7.5, 1.75, 7.625, 2.1875], "texture": "#0"}
			}
		},
		{
			"from": [6.4505, 11.37, 9.876],
			"to": [7.0505, 11.57, 10.28032],
			"rotation": {"angle": 0, "axis": "y", "origin": [8.0505, 10.17, -1.47184]},
			"faces": {
				"north": {"uv": [8.5, 4.25, 8.625, 4.3125], "texture": "#0"},
				"east": {"uv": [8.5, 4.25, 8.625, 4.3125], "texture": "#0"},
				"south": {"uv": [8.5, 4.25, 8.625, 4.3125], "texture": "#0"},
				"west": {"uv": [8.5, 4.25, 8.625, 4.3125], "texture": "#0"},
				"up": {"uv": [8.5, 4.25, 8.625, 4.3125], "texture": "#0"},
				"down": {"uv": [8.5, 4.25, 8.625, 4.3125], "texture": "#0"}
			}
		},
		{
			"from": [6.9505, 9.57, 9.876],
			"to": [7.0505, 11.37, 10.28032],
			"rotation": {"angle": 0, "axis": "y", "origin": [8.0505, 10.17, -1.47184]},
			"faces": {
				"north": {"uv": [7.5, 1.75, 7.625, 2.1875], "texture": "#0"},
				"east": {"uv": [7.5, 1.75, 7.625, 2.1875], "texture": "#0"},
				"south": {"uv": [7.5, 1.75, 7.625, 2.1875], "texture": "#0"},
				"west": {"uv": [7.5, 1.75, 7.625, 2.1875], "texture": "#0"},
				"up": {"uv": [7.5, 1.75, 7.625, 2.1875], "texture": "#0"},
				"down": {"uv": [7.5, 1.75, 7.625, 2.1875], "texture": "#0"}
			}
		},
		{
			"from": [6.4505, 9.57, 9.876],
			"to": [6.5505, 11.37, 10.28032],
			"rotation": {"angle": 0, "axis": "y", "origin": [8.0505, 10.17, -1.47184]},
			"faces": {
				"north": {"uv": [7.5, 1.75, 7.625, 2.1875], "texture": "#0"},
				"east": {"uv": [7.5, 1.75, 7.625, 2.1875], "texture": "#0"},
				"south": {"uv": [7.5, 1.75, 7.625, 2.1875], "texture": "#0"},
				"west": {"uv": [7.5, 1.75, 7.625, 2.1875], "texture": "#0"},
				"up": {"uv": [7.5, 1.75, 7.625, 2.1875], "texture": "#0"},
				"down": {"uv": [7.5, 1.75, 7.625, 2.1875], "texture": "#0"}
			}
		},
		{
			"from": [6.2485, 9.318, 8.126],
			"to": [6.4505, 10.074, 10.646],
			"rotation": {"angle": 0, "axis": "y", "origin": [8.0125, 7.365, 7.622]},
			"faces": {
				"north": {"uv": [2.5, 8.5, 2.5625, 8.6875], "texture": "#0"},
				"east": {"uv": [6.75, 6, 7.375, 6.1875], "texture": "#0"},
				"south": {"uv": [8.5, 2.5, 8.5625, 2.6875], "texture": "#0"},
				"west": {"uv": [7.375, 6, 6.75, 6.1875], "texture": "#0"},
				"up": {"uv": [7.8125, 4.375, 7.75, 3.75], "texture": "#0"},
				"down": {"uv": [4.3125, 7.75, 4.25, 8.375], "texture": "#0"}
			}
		},
		{
			"from": [6.4505, 9.318, 8.126],
			"to": [7.0545, 9.57, 10.646],
			"rotation": {"angle": 0, "axis": "y", "origin": [8.0125, 7.365, 7.622]},
			"faces": {
				"north": {"uv": [5.25, 8.5, 5.375, 8.5625], "texture": "#0"},
				"east": {"uv": [4.5, 7.75, 5.125, 7.8125], "texture": "#0"},
				"south": {"uv": [8.5, 5.25, 8.625, 5.3125], "texture": "#0"},
				"west": {"uv": [8.375, 4.5, 7.75, 4.5625], "texture": "#0"},
				"up": {"uv": [5.125, 7.625, 5, 7], "texture": "#0"},
				"down": {"uv": [7.125, 5, 7, 5.625], "texture": "#0"}
			}
		},
		{
			"from": [7.0545, 9.318, 8.126],
			"to": [7.2565, 10.074, 10.646],
			"rotation": {"angle": 0, "axis": "y", "origin": [8.0125, 7.365, 7.622]},
			"faces": {
				"north": {"uv": [2.75, 8.5, 2.8125, 8.6875], "texture": "#0"},
				"east": {"uv": [6.75, 6, 7.375, 6.1875], "texture": "#0"},
				"south": {"uv": [8.5, 2.75, 8.5625, 2.9375], "texture": "#0"},
				"west": {"uv": [7.375, 6, 6.75, 6.1875], "texture": "#0"},
				"up": {"uv": [7.8125, 5.375, 7.75, 4.75], "texture": "#0"},
				"down": {"uv": [5.3125, 7.75, 5.25, 8.375], "texture": "#0"}
			}
		},
		{
			"from": [6.5005, 9.066, 8.378],
			"to": [6.7525, 9.318, 10.394],
			"rotation": {"angle": 0, "axis": "y", "origin": [8.0125, 7.365, 7.622]},
			"faces": {
				"north": {"uv": [5.75, 8.5, 5.8125, 8.5625], "texture": "#0"},
				"east": {"uv": [7.75, 7, 8.25, 7.0625], "texture": "#0"},
				"south": {"uv": [8.5, 5.75, 8.5625, 5.8125], "texture": "#0"},
				"west": {"uv": [8, 7.75, 7.5, 7.8125], "texture": "#0"},
				"up": {"uv": [0.3125, 8.5, 0.25, 8], "texture": "#0"},
				"down": {"uv": [0.5625, 8, 0.5, 8.5], "texture": "#0"}
			}
		}
	],
	"display": {
		"thirdperson_righthand": {
			"rotation": [67.5, 0, 0],
			"translation": [0.75, 5.25, 10.75]
		},
		"thirdperson_lefthand": {
			"rotation": [67.5, 0, 0],
			"translation": [0.75, 5.25, 10.75]
		},
		"firstperson_righthand": {
			"translation": [-2.5, 5.75, -0.25],
			"scale": [1.5, 1.5, 1.5]
		},
		"firstperson_lefthand": {
			"translation": [-2.5, 5.75, -0.25],
			"scale": [1.5, 1.5, 1.5]
		},
		"ground": {
			"translation": [0, 0.75, 0]
		},
		"gui": {
			"rotation": [161.83, -32.26, -171.6],
			"translation": [0.75, 0.5, 0],
			"scale": [0.8, 0.8, 0.8]
		},
		"fixed": {
			"rotation": [0, 90, 0],
			"translation": [0, 0, -0.5],
			"scale": [2, 2, 2]
		}
	},
	"groups": [
		{
			"name": "rpg",
			"origin": [9.2725, 3.522, 10.394],
			"color": 0,
			"children": [
				{
					"name": "rocket",
					"origin": [8.8225, 5.822, 4.844],
					"color": 0,
					"children": [0, 1, 2, 3, 4, 5, 6, 7, 8, 9, 10, 11, 12, 13, 14, 15, 16, 17]
				},
				{
					"name": "metal_body",
					"origin": [1.2725, -4.478, 6.494],
					"color": 0,
					"children": [18, 19, 20, 21, 22, 23]
				},
				{
					"name": "wooden_body",
					"origin": [1.2725, -4.478, 2.394],
					"color": 0,
					"children": [24, 25, 26, 27, 28]
				},
				{
					"name": "handles",
					"origin": [8.0125, 7.365, 7.622],
					"color": 0,
					"children": [
						{
							"name": "handle",
							"origin": [8.0125, 7.365, 7.622],
							"color": 0,
							"children": [29, 30, 31, 32, 33, 34, 35, 36, 37, 38, 39, 40, 41]
						},
						{
							"name": "back_handle",
							"origin": [8.0125, 7.365, 7.622],
							"color": 0,
							"children": [42, 43, 44, 45]
						}
					]
				},
				{
					"name": "iron_sight",
					"origin": [7.67795, 10.16897, 2.33594],
					"color": 0,
					"children": [46, 47, 48, 49, 50, 51, 52, 53, 54]
				}
			]
		}
	]
}