{
	"credit": "Made with Blockbench",
	"texture_size": [32, 32],
	"textures": {
		"0": "aoa3:item/selyan_stickler",
		"1": "aoa3:item/heart_beat_monitor_screen",
		"2": "aoa3:item/selyan_stickler_stock",
		"3": "aoa3:item/selyan_stickler_scope",
		"particle": "aoa3:item/selyan_stickler"
	},
	"elements": [
		{
			"from": [7, 7.93972, -1.63822],
			"to": [9, 9.93972, 5.9661],
			"rotation": {"angle": 0, "axis": "y", "origin": [7.66545, 8.80397, 2.71394]},
			"faces": {
				"north": {"uv": [9.25, 7.75, 9.75, 8.25], "texture": "#0"},
				"east": {"uv": [1.875, 3, 0, 3.5], "texture": "#0"},
				"south": {"uv": [9.25, 7.75, 9.75, 8.25], "texture": "#0"},
				"west": {"uv": [0, 3, 1.875, 3.5], "texture": "#0"},
				"up": {"uv": [2.5, 4.875, 2, 3], "texture": "#0"},
				"down": {"uv": [3, 3, 2.5, 4.875], "texture": "#0"}
			}
		},
		{
			"from": [7.5, 9.93972, -1.03822],
			"to": [7.7, 10.43972, -0.6339],
			"rotation": {"angle": 0, "axis": "y", "origin": [7.66545, 10.80397, 2.71394]},
			"faces": {
				"north": {"uv": [2.75, 12, 2.8125, 12.125], "texture": "#0"},
				"east": {"uv": [7.75, 11.5, 7.875, 11.625], "texture": "#0"},
				"south": {"uv": [12, 2.75, 12.0625, 2.875], "texture": "#0"},
				"west": {"uv": [8.25, 11.5, 8.375, 11.625], "texture": "#0"},
				"up": {"uv": [3.0625, 12.125, 3, 12], "texture": "#0"},
				"down": {"uv": [12.0625, 3, 12, 3.125], "texture": "#0"}
			}
		},
		{
			"from": [8.3, 9.93972, -1.03822],
			"to": [8.5, 10.43972, -0.6339],
			"rotation": {"angle": 0, "axis": "y", "origin": [7.66545, 10.80397, 2.71394]},
			"faces": {
				"north": {"uv": [3.25, 12, 3.3125, 12.125], "texture": "#0"},
				"east": {"uv": [8.375, 11.5, 8.25, 11.625], "texture": "#0"},
				"south": {"uv": [12, 3.25, 12.0625, 3.375], "texture": "#0"},
				"west": {"uv": [11.5, 9, 11.625, 9.125], "texture": "#0"},
				"up": {"uv": [3.5625, 12.125, 3.5, 12], "texture": "#0"},
				"down": {"uv": [12.0625, 3.5, 12, 3.625], "texture": "#0"}
			}
		},
		{
			"from": [7.5, 9.93972, -0.63822],
			"to": [7.7, 10.43972, -0.2339],
			"rotation": {"angle": 0, "axis": "y", "origin": [7.66545, 10.80397, 2.71394]},
			"faces": {
				"north": {"uv": [3.75, 12, 3.8125, 12.125], "texture": "#0"},
				"east": {"uv": [11.625, 9.25, 11.5, 9.375], "texture": "#0"},
				"south": {"uv": [12, 3.75, 12.0625, 3.875], "texture": "#0"},
				"west": {"uv": [11.5, 9.25, 11.625, 9.375], "texture": "#0"},
				"up": {"uv": [4.0625, 12.125, 4, 12], "texture": "#0"},
				"down": {"uv": [12.0625, 4, 12, 4.125], "texture": "#0"}
			}
		},
		{
			"from": [8.3, 9.93972, -0.63822],
			"to": [8.5, 10.43972, -0.2339],
			"rotation": {"angle": 0, "axis": "y", "origin": [7.66545, 10.80397, 2.71394]},
			"faces": {
				"north": {"uv": [4.25, 12, 4.3125, 12.125], "texture": "#0"},
				"east": {"uv": [11.625, 9.25, 11.5, 9.375], "texture": "#0"},
				"south": {"uv": [12, 4.25, 12.0625, 4.375], "texture": "#0"},
				"west": {"uv": [11.5, 9.25, 11.625, 9.375], "texture": "#0"},
				"up": {"uv": [4.5625, 12.125, 4.5, 12], "texture": "#0"},
				"down": {"uv": [12.0625, 4.5, 12, 4.625], "texture": "#0"}
			}
		},
		{
			"from": [7.7, 9.93972, -1.03822],
			"to": [8.3, 10.13972, 0.0661],
			"rotation": {"angle": 0, "axis": "y", "origin": [7.66545, 10.80397, 2.71394]},
			"faces": {
				"north": {"uv": [4.75, 12, 4.875, 12.0625], "texture": "#0"},
				"east": {"uv": [10.5, 11.5, 10.75, 11.5625], "texture": "#0"},
				"south": {"uv": [12, 4.75, 12.125, 4.8125], "texture": "#0"},
				"west": {"uv": [11.5, 10.5, 11.75, 10.5625], "texture": "#0"},
				"up": {"uv": [9.375, 11.5, 9.25, 11.25], "texture": "#0"},
				"down": {"uv": [11.375, 9.25, 11.25, 9.5], "texture": "#0"}
			}
		},
		{
			"from": [7.8, 10.43972, -1.03822],
			"to": [8.2, 10.63972, -0.6339],
			"rotation": {"angle": 0, "axis": "y", "origin": [7.66545, 10.80397, 2.71394]},
			"faces": {
				"north": {"uv": [5, 12, 5.125, 12.0625], "texture": "#0"},
				"east": {"uv": [12, 5, 12.125, 5.0625], "texture": "#0"},
				"south": {"uv": [5.25, 12, 5.375, 12.0625], "texture": "#0"},
				"west": {"uv": [12, 5.25, 12.125, 5.3125], "texture": "#0"},
				"up": {"uv": [10.875, 11.625, 10.75, 11.5], "texture": "#0"},
				"down": {"uv": [11.125, 11.5, 11, 11.625], "texture": "#0"}
			}
		},
		{
			"from": [7.8, 10.93972, -1.03822],
			"to": [8.2, 11.13972, -0.6339],
			"rotation": {"angle": 0, "axis": "y", "origin": [7.66545, 10.80397, 2.71394]},
			"faces": {
				"north": {"uv": [5.5, 12, 5.625, 12.0625], "texture": "#0"},
				"east": {"uv": [12, 5.5, 12.125, 5.5625], "texture": "#0"},
				"south": {"uv": [5.75, 12, 5.875, 12.0625], "texture": "#0"},
				"west": {"uv": [12, 5.75, 12.125, 5.8125], "texture": "#0"},
				"up": {"uv": [11.375, 11.625, 11.25, 11.5], "texture": "#0"},
				"down": {"uv": [11.625, 11.5, 11.5, 11.625], "texture": "#0"}
			}
		},
		{
			"from": [7.8, 11.43972, -1.03822],
			"to": [8.2, 11.63972, -0.6339],
			"rotation": {"angle": 0, "axis": "y", "origin": [7.66545, 10.80397, 2.71394]},
			"faces": {
				"north": {"uv": [6, 12, 6.125, 12.0625], "texture": "#0"},
				"east": {"uv": [12, 6, 12.125, 6.0625], "texture": "#0"},
				"south": {"uv": [6.25, 12, 6.375, 12.0625], "texture": "#0"},
				"west": {"uv": [12, 6.25, 12.125, 6.3125], "texture": "#0"},
				"up": {"uv": [0.125, 11.875, 0, 11.75], "texture": "#0"},
				"down": {"uv": [0.375, 11.75, 0.25, 11.875], "texture": "#0"}
			}
		},
		{
			"from": [7.7, 11.93972, -1.03822],
			"to": [8.3, 12.13972, -0.6339],
			"rotation": {"angle": 0, "axis": "y", "origin": [7.66545, 10.80397, 2.71394]},
			"faces": {
				"north": {"uv": [6.5, 12, 6.625, 12.0625], "texture": "#0"},
				"east": {"uv": [12, 6.5, 12.125, 6.5625], "texture": "#0"},
				"south": {"uv": [6.75, 12, 6.875, 12.0625], "texture": "#0"},
				"west": {"uv": [12, 6.75, 12.125, 6.8125], "texture": "#0"},
				"up": {"uv": [0.625, 11.875, 0.5, 11.75], "texture": "#0"},
				"down": {"uv": [0.875, 11.75, 0.75, 11.875], "texture": "#0"}
			}
		},
		{
			"from": [8.2, 10.13972, -1.03822],
			"to": [8.3, 11.93972, -0.6339],
			"rotation": {"angle": 0, "axis": "y", "origin": [7.66545, 10.80397, 2.71394]},
			"faces": {
				"north": {"uv": [11.5, 1.75, 11.5625, 2.1875], "texture": "#0"},
				"east": {"uv": [3.25, 11, 3.375, 11.4375], "texture": "#0"},
				"south": {"uv": [11.5, 2.25, 11.5625, 2.6875], "texture": "#0"},
				"west": {"uv": [11, 5.25, 11.125, 5.6875], "texture": "#0"},
				"up": {"uv": [7.0625, 12.125, 7, 12], "texture": "#0"},
				"down": {"uv": [12.0625, 7, 12, 7.125], "texture": "#0"}
			}
		},
		{
			"from": [7.7, 10.13972, -1.03822],
			"to": [7.8, 11.93972, -0.6339],
			"rotation": {"angle": 0, "axis": "y", "origin": [7.66545, 10.80397, 2.71394]},
			"faces": {
				"north": {"uv": [2.5, 11.5, 2.5625, 11.9375], "texture": "#0"},
				"east": {"uv": [5.75, 11, 5.875, 11.4375], "texture": "#0"},
				"south": {"uv": [2.75, 11.5, 2.8125, 11.9375], "texture": "#0"},
				"west": {"uv": [6.25, 11, 6.375, 11.4375], "texture": "#0"},
				"up": {"uv": [7.3125, 12.125, 7.25, 12], "texture": "#0"},
				"down": {"uv": [12.0625, 7.25, 12, 7.375], "texture": "#0"}
			}
		},
		{
			"from": [6.8, 6.73972, -0.53822],
			"to": [9.2, 8.33972, 5.2661],
			"rotation": {"angle": 0, "axis": "y", "origin": [7.66545, 8.80397, 2.71394]},
			"faces": {
				"north": {"uv": [3.25, 9.5, 3.875, 9.875], "texture": "#0"},
				"east": {"uv": [8.4375, 0, 7, 0.375], "texture": "#0"},
				"south": {"uv": [9.5, 5.25, 10.125, 5.625], "texture": "#0"},
				"west": {"uv": [7, 0, 8.4375, 0.375], "texture": "#0"},
				"up": {"uv": [1.875, 4.9375, 1.25, 3.5], "texture": "#0"},
				"down": {"uv": [5.375, 0, 4.75, 1.4375], "texture": "#0"}
			}
		},
		{
			"from": [7.3, 8.77278, 12.96106],
			"to": [8.7, 9.82278, 14.06106],
			"rotation": {"angle": 0, "axis": "y", "origin": [8, 4.07903, 10.61106]},
			"faces": {
				"north": {"uv": [10.5, 2.75, 10.875, 3], "texture": "#0"},
				"east": {"uv": [6.75, 3.75, 6.5, 4], "texture": "#0"},
				"south": {"uv": [10.5, 3, 10.875, 3.25], "texture": "#0"},
				"west": {"uv": [6.5, 3.75, 6.75, 4], "texture": "#0"},
				"up": {"uv": [3.625, 10.75, 3.25, 10.5], "texture": "#0"},
				"down": {"uv": [10.875, 3.25, 10.5, 3.5], "texture": "#0"}
			}
		},
		{
			"from": [7.3, 6.47278, 10.46106],
			"to": [8.7, 8.77278, 14.06106],
			"rotation": {"angle": 0, "axis": "y", "origin": [8, 6.77903, 10.61106]},
			"faces": {
				"north": {"uv": [0, 9.75, 0.375, 10.3125], "texture": "#0"},
				"east": {"uv": [7.875, 1.25, 7, 1.8125], "texture": "#0"},
				"south": {"uv": [2.25, 9.75, 2.625, 10.3125], "texture": "#0"},
				"west": {"uv": [7, 1.25, 7.875, 1.8125], "texture": "#0"},
				"up": {"uv": [2.125, 10.125, 1.75, 9.25], "texture": "#0"},
				"down": {"uv": [6.125, 9.25, 5.75, 10.125], "texture": "#0"}
			}
		},
		{
			"from": [6.5, 8.33972, 1.36178],
			"to": [9.5, 10.33972, 5.2411],
			"rotation": {"angle": 0, "axis": "y", "origin": [7.66545, 8.80397, 2.71394]},
			"faces": {
				"north": {"uv": [9, 8.25, 9.75, 8.75], "texture": "#0"},
				"east": {"uv": [6.25, 4.75, 5.25, 5.25], "texture": "#0"},
				"south": {"uv": [1, 9.25, 1.75, 9.75], "texture": "#0"},
				"west": {"uv": [5.25, 4.75, 6.25, 5.25], "texture": "#0"},
				"up": {"uv": [2.5, 6, 1.75, 5], "texture": "#0"},
				"down": {"uv": [3.25, 5, 2.5, 6], "texture": "#0"}
			}
		},
		{
			"from": [6.9, 9.78972, 5.2411],
			"to": [9.1, 10.33972, 11.17041],
			"rotation": {"angle": 0, "axis": "y", "origin": [7.66545, 8.80397, 2.09325]},
			"faces": {
				"north": {"uv": [9, 10.75, 9.5625, 10.875], "texture": "#0"},
				"east": {"uv": [11.25, 5, 9.75, 5.125], "texture": "#0"},
				"south": {"uv": [10.25, 10.75, 10.8125, 10.875], "texture": "#0"},
				"west": {"uv": [9.75, 5, 11.25, 5.125], "texture": "#0"},
				"up": {"uv": [5.3125, 3, 4.75, 1.5], "texture": "#0"},
				"down": {"uv": [1.5625, 5, 1, 6.5], "texture": "#0"}
			}
		},
		{
			"from": [6.5, 7.93972, 11.16178],
			"to": [9.5, 10.33972, 12.3411],
			"rotation": {"angle": 0, "axis": "y", "origin": [7.66545, 8.80397, 2.71394]},
			"faces": {
				"north": {"uv": [7, 5.5, 7.75, 6.125], "texture": "#0"},
				"east": {"uv": [4.8125, 9.75, 4.5, 10.375], "texture": "#0"},
				"south": {"uv": [6.25, 7, 7, 7.625], "texture": "#0"},
				"west": {"uv": [4.5, 9.75, 4.8125, 10.375], "texture": "#0"},
				"up": {"uv": [10.5, 0.3125, 9.75, 0], "texture": "#0"},
				"down": {"uv": [1.75, 9.75, 1, 10.0625], "texture": "#0"}
			}
		},
		{
			"from": [6.5, 7.23972, 11.16178],
			"to": [9.5, 7.93972, 11.8411],
			"rotation": {"angle": 0, "axis": "y", "origin": [7.66545, 9.30397, 2.71394]},
			"faces": {
				"north": {"uv": [6.75, 4.5, 7.5, 4.6875], "texture": "#0"},
				"east": {"uv": [11.4375, 4.5, 11.25, 4.6875], "texture": "#0"},
				"south": {"uv": [7, 2, 7.75, 2.1875], "texture": "#0"},
				"west": {"uv": [11.25, 4.5, 11.4375, 4.6875], "texture": "#0"},
				"up": {"uv": [8.5, 3.6875, 7.75, 3.5], "texture": "#0"},
				"down": {"uv": [1.5, 8, 0.75, 8.1875], "texture": "#0"}
			}
		},
		{
			"from": [7.2, 10.33972, 10.86178],
			"to": [7.6, 11.43972, 12.3411],
			"rotation": {"angle": 0, "axis": "y", "origin": [7.66545, 8.80397, 2.71394]},
			"faces": {
				"north": {"uv": [10, 11.25, 10.125, 11.5], "texture": "#0"},
				"east": {"uv": [5.375, 10.5, 5, 10.75], "texture": "#0"},
				"south": {"uv": [10.25, 11.25, 10.375, 11.5], "texture": "#0"},
				"west": {"uv": [5, 10.5, 5.375, 10.75], "texture": "#0"},
				"up": {"uv": [11.375, 1.625, 11.25, 1.25], "texture": "#0"},
				"down": {"uv": [11.375, 2.75, 11.25, 3.125], "texture": "#0"}
			}
		},
		{
			"from": [8.4, 10.33972, 10.86178],
			"to": [8.8, 11.43972, 12.3411],
			"rotation": {"angle": 0, "axis": "y", "origin": [7.66545, 8.80397, 2.71394]},
			"faces": {
				"north": {"uv": [10.5, 11.25, 10.625, 11.5], "texture": "#0"},
				"east": {"uv": [5.375, 10.5, 5, 10.75], "texture": "#0"},
				"south": {"uv": [11.25, 10.5, 11.375, 10.75], "texture": "#0"},
				"west": {"uv": [5, 10.5, 5.375, 10.75], "texture": "#0"},
				"up": {"uv": [3.625, 11.625, 3.5, 11.25], "texture": "#0"},
				"down": {"uv": [11.375, 3.5, 11.25, 3.875], "texture": "#0"}
			}
		},
		{
			"from": [6.5, 7.53972, 2.36178],
			"to": [9.5, 7.93972, 5.2411],
			"rotation": {"angle": 0, "axis": "y", "origin": [7.66545, 6.40397, 2.71394]},
			"faces": {
				"north": {"uv": [10.5, 5.75, 11.25, 5.875], "texture": "#0"},
				"east": {"uv": [7.75, 10.5, 7, 10.625], "texture": "#0"},
				"south": {"uv": [6.25, 10.5, 7, 10.625], "texture": "#0"},
				"west": {"uv": [7, 10.5, 7.75, 10.625], "texture": "#0"},
				"up": {"uv": [7.5, 4.5, 6.75, 3.75], "texture": "#0"},
				"down": {"uv": [4.75, 6.75, 4, 7.5], "texture": "#0"}
			}
		},
		{
			"from": [6.5, 7.13972, 2.86178],
			"to": [9.5, 7.53972, 5.2411],
			"rotation": {"angle": 0, "axis": "y", "origin": [7.66545, 6.00397, 2.71394]},
			"faces": {
				"north": {"uv": [7.75, 10.5, 8.5, 10.625], "texture": "#0"},
				"east": {"uv": [8.125, 10.75, 7.5, 10.875], "texture": "#0"},
				"south": {"uv": [10.5, 8.5, 11.25, 8.625], "texture": "#0"},
				"west": {"uv": [7.5, 10.75, 8.125, 10.875], "texture": "#0"},
				"up": {"uv": [7.75, 6.875, 7, 6.25], "texture": "#0"},
				"down": {"uv": [7.75, 7, 7, 7.625], "texture": "#0"}
			}
		},
		{
			"from": [6.5, 6.76472, 3.36178],
			"to": [9.5, 7.13972, 5.2411],
			"rotation": {"angle": 0, "axis": "y", "origin": [7.66545, 5.60397, 2.71394]},
			"faces": {
				"north": {"uv": [10.5, 8.75, 11.25, 8.875], "texture": "#0"},
				"east": {"uv": [1, 11, 0.5, 11.125], "texture": "#0"},
				"south": {"uv": [9, 10.5, 9.75, 10.625], "texture": "#0"},
				"west": {"uv": [0.5, 11, 1, 11.125], "texture": "#0"},
				"up": {"uv": [10, 3.5, 9.25, 3], "texture": "#0"},
				"down": {"uv": [5.75, 9.25, 5, 9.75], "texture": "#0"}
			}
		},
		{
			"from": [6.5, 7.93972, 1.86178],
			"to": [9.5, 8.33972, 5.2411],
			"rotation": {"angle": 0, "axis": "y", "origin": [7.66545, 8.80397, 2.71394]},
			"faces": {
				"north": {"uv": [10.5, 9, 11.25, 9.125], "texture": "#0"},
				"east": {"uv": [11.125, 4.5, 10.25, 4.625], "texture": "#0"},
				"south": {"uv": [10.5, 9.25, 11.25, 9.375], "texture": "#0"},
				"west": {"uv": [10.25, 4.5, 11.125, 4.625], "texture": "#0"},
				"up": {"uv": [2.25, 7.625, 1.5, 6.75], "texture": "#0"},
				"down": {"uv": [3, 6.75, 2.25, 7.625], "texture": "#0"}
			}
		},
		{
			"from": [7.3, 8.77278, 12.33606],
			"to": [8.7, 9.82278, 12.96106],
			"rotation": {"angle": 0, "axis": "y", "origin": [8, 4.07903, 9.51106]},
			"faces": {
				"north": {"uv": [10.5, 9.5, 10.875, 9.75], "texture": "#0"},
				"east": {"uv": [8.6875, 3.5, 8.5, 3.75], "texture": "#0"},
				"south": {"uv": [10.5, 9.75, 10.875, 10], "texture": "#0"},
				"west": {"uv": [8.5, 3.5, 8.6875, 3.75], "texture": "#0"},
				"up": {"uv": [11.125, 10.6875, 10.75, 10.5], "texture": "#0"},
				"down": {"uv": [11.375, 0, 11, 0.1875], "texture": "#0"}
			}
		},
		{
			"from": [7.65, 10.68972, 4.1661],
			"to": [8.35, 10.88972, 4.82041],
			"rotation": {"angle": 0, "axis": "y", "origin": [7.66545, 7.90397, 2.09325]},
			"faces": {
				"north": {"uv": [11.75, 2.25, 11.9375, 2.3125], "texture": "#0"},
				"east": {"uv": [11.75, 2.5, 11.9375, 2.5625], "texture": "#0"},
				"south": {"uv": [11.75, 2.25, 11.9375, 2.3125], "texture": "#0"},
				"west": {"uv": [11.75, 2.5, 11.9375, 2.5625], "texture": "#0"},
				"up": {"uv": [4.9375, 11.4375, 4.75, 11.25], "texture": "#0"},
				"down": {"uv": [11.4375, 4.75, 11.25, 4.9375], "texture": "#0"}
			}
		},
		{
			"from": [7.65, 10.68972, 5.1661],
			"to": [8.35, 10.88972, 5.82041],
			"rotation": {"angle": 0, "axis": "y", "origin": [7.66545, 7.90397, 2.09325]},
			"faces": {
				"north": {"uv": [11.75, 2.25, 11.9375, 2.3125], "texture": "#0"},
				"east": {"uv": [11.75, 2.5, 11.9375, 2.5625], "texture": "#0"},
				"south": {"uv": [11.75, 2.25, 11.9375, 2.3125], "texture": "#0"},
				"west": {"uv": [11.75, 2.5, 11.9375, 2.5625], "texture": "#0"},
				"up": {"uv": [4.9375, 11.4375, 4.75, 11.25], "texture": "#0"},
				"down": {"uv": [11.4375, 5, 11.25, 5.1875], "texture": "#0"}
			}
		},
		{
			"from": [7.65, 10.68972, 6.1661],
			"to": [8.35, 10.88972, 6.82041],
			"rotation": {"angle": 0, "axis": "y", "origin": [7.66545, 7.90397, 2.09325]},
			"faces": {
				"north": {"uv": [11.75, 2.25, 11.9375, 2.3125], "texture": "#0"},
				"east": {"uv": [11.75, 2.5, 11.9375, 2.5625], "texture": "#0"},
				"south": {"uv": [11.75, 2.25, 11.9375, 2.3125], "texture": "#0"},
				"west": {"uv": [11.75, 2.5, 11.9375, 2.5625], "texture": "#0"},
				"up": {"uv": [4.9375, 11.4375, 4.75, 11.25], "texture": "#0"},
				"down": {"uv": [11.4375, 5.25, 11.25, 5.4375], "texture": "#0"}
			}
		},
		{
			"from": [7.65, 10.68972, 9.1661],
			"to": [8.35, 10.88972, 9.82041],
			"rotation": {"angle": 0, "axis": "y", "origin": [7.66545, 7.90397, 2.09325]},
			"faces": {
				"north": {"uv": [11.75, 2.25, 11.9375, 2.3125], "texture": "#0"},
				"east": {"uv": [11.75, 2.5, 11.9375, 2.5625], "texture": "#0"},
				"south": {"uv": [11.75, 2.25, 11.9375, 2.3125], "texture": "#0"},
				"west": {"uv": [11.75, 2.5, 11.9375, 2.5625], "texture": "#0"},
				"up": {"uv": [4.9375, 11.4375, 4.75, 11.25], "texture": "#0"},
				"down": {"uv": [6.1875, 11.25, 6, 11.4375], "texture": "#0"}
			}
		},
		{
			"from": [7.5, 10.33972, 3.5661],
			"to": [8.5, 10.68972, 10.42041],
			"rotation": {"angle": 0, "axis": "y", "origin": [7.66545, 8.35397, 2.09325]},
			"faces": {
				"north": {"uv": [1, 11.75, 1.25, 11.8125], "texture": "#0"},
				"east": {"uv": [10.25, 6.25, 11.9375, 6.3125], "texture": "#0"},
				"south": {"uv": [1.25, 11.75, 1.5, 11.8125], "texture": "#0"},
				"west": {"uv": [10.25, 6.5, 11.9375, 6.5625], "texture": "#0"},
				"up": {"uv": [0.75, 8.9375, 0.5, 7.25], "texture": "#0"},
				"down": {"uv": [6.25, 7.25, 6, 8.9375], "texture": "#0"}
			}
		},
		{
			"from": [7.65, 10.68972, 7.1661],
			"to": [8.35, 10.88972, 7.82041],
			"rotation": {"angle": 0, "axis": "y", "origin": [7.66545, 7.90397, 2.09325]},
			"faces": {
				"north": {"uv": [11.75, 2.25, 11.9375, 2.3125], "texture": "#0"},
				"east": {"uv": [11.75, 2.5, 11.9375, 2.5625], "texture": "#0"},
				"south": {"uv": [11.75, 2.25, 11.9375, 2.3125], "texture": "#0"},
				"west": {"uv": [11.75, 2.5, 11.9375, 2.5625], "texture": "#0"},
				"up": {"uv": [4.9375, 11.4375, 4.75, 11.25], "texture": "#0"},
				"down": {"uv": [11.4375, 5.25, 11.25, 5.4375], "texture": "#0"}
			}
		},
		{
			"from": [7.65, 10.68972, 8.1661],
			"to": [8.35, 10.88972, 8.82041],
			"rotation": {"angle": 0, "axis": "y", "origin": [7.66545, 7.90397, 2.09325]},
			"faces": {
				"north": {"uv": [11.75, 2.25, 11.9375, 2.3125], "texture": "#0"},
				"east": {"uv": [11.75, 2.5, 11.9375, 2.5625], "texture": "#0"},
				"south": {"uv": [11.75, 2.25, 11.9375, 2.3125], "texture": "#0"},
				"west": {"uv": [11.75, 2.5, 11.9375, 2.5625], "texture": "#0"},
				"up": {"uv": [4.9375, 11.4375, 4.75, 11.25], "texture": "#0"},
				"down": {"uv": [11.4375, 5.25, 11.25, 5.4375], "texture": "#0"}
			}
		},
		{
			"from": [5.91086, 6.31365, 6.46517],
			"to": [10.08936, 8.04455, 9.95254],
			"rotation": {"angle": 0, "axis": "y", "origin": [8, 7.17903, 9.96106]},
			"faces": {
				"north": {"uv": [4.75, 7.25, 5.8125, 7.6875], "texture": "#0"},
				"east": {"uv": [8.75, 4, 9.625, 4.4375], "texture": "#0"},
				"south": {"uv": [7.5, 3.75, 8.5625, 4.1875], "texture": "#0"},
				"west": {"uv": [7.75, 8.75, 8.625, 9.1875], "texture": "#0"},
				"up": {"uv": [4.0625, 3.875, 3, 3], "texture": "#0"},
				"down": {"uv": [1.0625, 3.5, 0, 4.375], "texture": "#0"}
			}
		},
		{
			"from": [5.91083, 6.31362, 6.4661],
			"to": [10.08933, 8.04452, 9.95029],
			"rotation": {"angle": -45, "axis": "z", "origin": [8, 7.17903, 9.96106]},
			"faces": {
				"north": {"uv": [7.5, 4.25, 8.5625, 4.6875], "texture": "#0"},
				"east": {"uv": [8.75, 8.75, 9.625, 9.1875], "texture": "#0"},
				"south": {"uv": [1.5, 7.75, 2.5625, 8.1875], "texture": "#0"},
				"west": {"uv": [9, 2, 9.875, 2.4375], "texture": "#0"},
				"up": {"uv": [4.5625, 0.875, 3.5, 0], "texture": "#0"},
				"down": {"uv": [4.5625, 1, 3.5, 1.875], "texture": "#0"}
			}
		},
		{
			"from": [5.91065, 6.31364, 6.46771],
			"to": [10.08915, 8.04454, 9.9519],
			"rotation": {"angle": 45, "axis": "z", "origin": [8, 7.17903, 9.96106]},
			"faces": {
				"north": {"uv": [7.75, 2, 8.8125, 2.4375], "texture": "#0"},
				"east": {"uv": [9, 2.5, 9.875, 2.9375], "texture": "#0"},
				"south": {"uv": [7.75, 2.5, 8.8125, 2.9375], "texture": "#0"},
				"west": {"uv": [2.75, 9, 3.625, 9.4375], "texture": "#0"},
				"up": {"uv": [4.0625, 4.875, 3, 4], "texture": "#0"},
				"down": {"uv": [5.3125, 3, 4.25, 3.875], "texture": "#0"}
			}
		},
		{
			"from": [7.13453, 5.08972, 6.46178],
			"to": [8.86543, 9.26822, 9.9661],
			"rotation": {"angle": 0, "axis": "y", "origin": [8, 7.17903, 9.96106]},
			"faces": {
				"north": {"uv": [0, 7.25, 0.4375, 8.3125], "texture": "#0"},
				"east": {"uv": [4.25, 4, 5.125, 5.0625], "texture": "#0"},
				"south": {"uv": [4, 7.5, 4.4375, 8.5625], "texture": "#0"},
				"west": {"uv": [0, 4.5, 0.875, 5.5625], "texture": "#0"},
				"up": {"uv": [4.9375, 9.625, 4.5, 8.75], "texture": "#0"},
				"down": {"uv": [0.9375, 9.25, 0.5, 10.125], "texture": "#0"}
			}
		},
		{
			"from": [5.51086, 6.51365, 6.46517],
			"to": [10.48936, 7.84455, 9.95254],
			"rotation": {"angle": 0, "axis": "y", "origin": [8, 7.17903, 9.96106]},
			"faces": {
				"north": {"uv": [8.25, 5.25, 9.5, 5.5625], "texture": "#0"},
				"east": {"uv": [9.25, 6.25, 10.125, 6.5625], "texture": "#0"},
				"south": {"uv": [7.75, 8.25, 9, 8.5625], "texture": "#0"},
				"west": {"uv": [9.25, 6.25, 10.125, 6.5625], "texture": "#0"},
				"up": {"uv": [0, 0.875, 1.25, 0], "texture": "#0"},
				"down": {"uv": [0, 0.875, 1.25, 0], "texture": "#0"}
			}
		},
		{
			"from": [5.51083, 6.51362, 6.4661],
			"to": [10.48933, 7.84452, 9.95029],
			"rotation": {"angle": -45, "axis": "z", "origin": [8, 7.17903, 9.96106]},
			"faces": {
				"north": {"uv": [8.5, 0, 9.75, 0.3125], "texture": "#0"},
				"east": {"uv": [9.25, 6.25, 10.125, 6.5625], "texture": "#0"},
				"south": {"uv": [2.75, 8.5, 4, 8.8125], "texture": "#0"},
				"west": {"uv": [9.25, 6.25, 10.125, 6.5625], "texture": "#0"},
				"up": {"uv": [0, 0.875, 1.25, 0], "texture": "#0"},
				"down": {"uv": [1.25, 0.875, 0, 0], "texture": "#0"}
			}
		},
		{
			"from": [5.51065, 6.51364, 6.46771],
			"to": [10.48915, 7.84454, 9.9519],
			"rotation": {"angle": 45, "axis": "z", "origin": [8, 7.17903, 9.96106]},
			"faces": {
				"north": {"uv": [0.75, 8.75, 2, 9.0625], "texture": "#0"},
				"east": {"uv": [9.25, 6.25, 10.125, 6.5625], "texture": "#0"},
				"south": {"uv": [8.75, 3.5, 10, 3.8125], "texture": "#0"},
				"west": {"uv": [9.25, 6.25, 10.125, 6.5625], "texture": "#0"},
				"up": {"uv": [0, 0.875, 1.25, 0], "texture": "#0"},
				"down": {"uv": [0, 0.875, 1.25, 0], "texture": "#0"}
			}
		},
		{
			"from": [7.33453, 4.68972, 6.46178],
			"to": [8.66543, 9.66822, 9.9661],
			"rotation": {"angle": 0, "axis": "y", "origin": [8, 7.17903, 9.96106]},
			"faces": {
				"north": {"uv": [0, 8.5, 0.3125, 9.75], "texture": "#0"},
				"east": {"uv": [0, 0.875, 1.25, 0], "rotation": 90, "texture": "#0"},
				"south": {"uv": [4, 8.75, 4.3125, 10], "texture": "#0"},
				"west": {"uv": [0, 0.875, 1.25, 0], "rotation": 90, "texture": "#0"},
				"up": {"uv": [9.25, 6.25, 10.125, 6.5625], "rotation": 90, "texture": "#0"},
				"down": {"uv": [9.25, 6.25, 10.125, 6.5625], "rotation": 90, "texture": "#0"}
			}
		},
		{
			"from": [5.38273, 6.09488, 9.93112],
			"to": [10.61755, 8.26335, 11.16346],
			"rotation": {"angle": 0, "axis": "y", "origin": [8, 7.17903, 10.55006]},
			"faces": {
				"north": {"uv": [1.75, 6, 3.0625, 6.5625], "texture": "#0"},
				"east": {"uv": [9.75, 9.5, 10.0625, 10.0625], "texture": "#0"},
				"south": {"uv": [3.0625, 6, 1.75, 6.5625], "texture": "#0"},
				"west": {"uv": [10.0625, 9.5, 9.75, 10.0625], "texture": "#0"},
				"up": {"uv": [9.0625, 3.3125, 7.75, 3], "texture": "#0"},
				"down": {"uv": [9.0625, 5.75, 7.75, 6.0625], "texture": "#0"}
			}
		},
		{
			"from": [5.38268, 6.09484, 9.93229],
			"to": [10.61751, 8.26331, 11.16064],
			"rotation": {"angle": -45, "axis": "z", "origin": [8, 7.17903, 10.55006]},
			"faces": {
				"north": {"uv": [4.75, 6, 6.0625, 6.5625], "texture": "#0"},
				"east": {"uv": [10, 2.75, 10.3125, 3.3125], "texture": "#0"},
				"south": {"uv": [6.0625, 6, 4.75, 6.5625], "texture": "#0"},
				"west": {"uv": [10.3125, 1.25, 10, 1.8125], "texture": "#0"},
				"up": {"uv": [7.5625, 8.0625, 6.25, 7.75], "texture": "#0"},
				"down": {"uv": [9.0625, 6.25, 7.75, 6.5625], "texture": "#0"}
			}
		},
		{
			"from": [5.38246, 6.09487, 9.93431],
			"to": [10.61729, 8.26334, 11.16266],
			"rotation": {"angle": 45, "axis": "z", "origin": [8, 7.17903, 10.55006]},
			"faces": {
				"north": {"uv": [6.25, 3, 7.5625, 3.5625], "texture": "#0"},
				"east": {"uv": [10, 1.25, 10.3125, 1.8125], "texture": "#0"},
				"south": {"uv": [7.5625, 3, 6.25, 3.5625], "texture": "#0"},
				"west": {"uv": [10.3125, 2.75, 10, 3.3125], "texture": "#0"},
				"up": {"uv": [9.0625, 7.0625, 7.75, 6.75], "texture": "#0"},
				"down": {"uv": [9.0625, 7.25, 7.75, 7.5625], "texture": "#0"}
			}
		},
		{
			"from": [6.91574, 4.56154, 9.92688],
			"to": [9.08422, 9.79637, 11.18045],
			"rotation": {"angle": 0, "axis": "y", "origin": [8, 7.17903, 10.55006]},
			"faces": {
				"north": {"uv": [6.25, 5.5, 6.8125, 6.8125], "texture": "#0"},
				"east": {"uv": [5, 7.75, 5.3125, 9.0625], "texture": "#0"},
				"south": {"uv": [6.8125, 5.5, 6.25, 6.8125], "texture": "#0"},
				"west": {"uv": [5.5, 7.75, 5.8125, 9.0625], "texture": "#0"},
				"up": {"uv": [3.8125, 10.3125, 3.25, 10], "texture": "#0"},
				"down": {"uv": [10.5625, 3.5, 10, 3.8125], "texture": "#0"}
			}
		},
		{
			"from": [5.38273, 6.09488, 5.25312],
			"to": [10.61755, 8.26335, 6.48546],
			"rotation": {"angle": 0, "axis": "y", "origin": [8, 7.17903, 5.87206]},
			"faces": {
				"north": {"uv": [1.75, 6, 3.0625, 6.5625], "texture": "#0"},
				"east": {"uv": [10.0625, 9.5, 9.75, 10.0625], "texture": "#0"},
				"south": {"uv": [3.0625, 6, 1.75, 6.5625], "texture": "#0"},
				"west": {"uv": [9.75, 9.5, 10.0625, 10.0625], "texture": "#0"},
				"up": {"uv": [9.0625, 8.0625, 7.75, 7.75], "texture": "#0"},
				"down": {"uv": [9.3125, 0.5, 8, 0.8125], "texture": "#0"}
			}
		},
		{
			"from": [5.38268, 6.09484, 5.25429],
			"to": [10.61751, 8.26331, 6.48264],
			"rotation": {"angle": -45, "axis": "z", "origin": [8, 7.17903, 5.87206]},
			"faces": {
				"north": {"uv": [4.75, 6, 6.0625, 6.5625], "texture": "#0"},
				"east": {"uv": [10.3125, 2.75, 10, 3.3125], "texture": "#0"},
				"south": {"uv": [6.0625, 6, 4.75, 6.5625], "texture": "#0"},
				"west": {"uv": [10, 1.25, 10.3125, 1.8125], "texture": "#0"},
				"up": {"uv": [9.3125, 1.3125, 8, 1], "texture": "#0"},
				"down": {"uv": [9.3125, 1.5, 8, 1.8125], "texture": "#0"}
			}
		},
		{
			"from": [5.38246, 6.09487, 5.25631],
			"to": [10.61729, 8.26334, 6.48466],
			"rotation": {"angle": 45, "axis": "z", "origin": [8, 7.17903, 5.87206]},
			"faces": {
				"north": {"uv": [6.25, 3, 7.5625, 3.5625], "texture": "#0"},
				"east": {"uv": [10.3125, 1.25, 10, 1.8125], "texture": "#0"},
				"south": {"uv": [7.5625, 3, 6.25, 3.5625], "texture": "#0"},
				"west": {"uv": [10, 2.75, 10.3125, 3.3125], "texture": "#0"},
				"up": {"uv": [2.0625, 8.5625, 0.75, 8.25], "texture": "#0"},
				"down": {"uv": [9.5625, 4.75, 8.25, 5.0625], "texture": "#0"}
			}
		},
		{
			"from": [6.91574, 4.56154, 5.24888],
			"to": [9.08422, 9.79637, 6.50245],
			"rotation": {"angle": 0, "axis": "y", "origin": [8, 7.17903, 5.87206]},
			"faces": {
				"north": {"uv": [6.25, 5.5, 6.8125, 6.8125], "texture": "#0"},
				"east": {"uv": [2.25, 8.25, 2.5625, 9.5625], "texture": "#0"},
				"south": {"uv": [6.8125, 5.5, 6.25, 6.8125], "texture": "#0"},
				"west": {"uv": [6.25, 8.25, 6.5625, 9.5625], "texture": "#0"},
				"up": {"uv": [3.8125, 10.3125, 3.25, 10], "texture": "#0"},
				"down": {"uv": [10.5625, 3.5, 10, 3.8125], "texture": "#0"}
			}
		},
		{
			"name": "trigger",
			"from": [7.8, 6.07278, 12.08606],
			"to": [8.2, 6.47278, 12.41106],
			"rotation": {"angle": 0, "axis": "y", "origin": [8, 7.17903, 10.61106]},
			"faces": {
				"north": {"uv": [12, 7.5, 12.0625, 7.625], "texture": "#0"},
				"east": {"uv": [12, 7.5, 12.0625, 7.625], "texture": "#0"},
				"south": {"uv": [12, 7.5, 12.0625, 7.625], "texture": "#0"},
				"west": {"uv": [12, 7.5, 12.0625, 7.625], "texture": "#0"},
				"up": {"uv": [12, 7.5, 12.0625, 7.625], "texture": "#0"},
				"down": {"uv": [12, 7.5, 12.0625, 7.625], "texture": "#0"}
			}
		},
		{
			"from": [7.8, 5.74778, 11.03606],
			"to": [8.2, 6.47278, 11.36106],
			"rotation": {"angle": 0, "axis": "y", "origin": [8, 7.17903, 10.61106]},
			"faces": {
				"north": {"uv": [6.75, 11.75, 6.8125, 11.9375], "texture": "#0"},
				"east": {"uv": [6.75, 11.75, 6.8125, 11.9375], "texture": "#0"},
				"south": {"uv": [6.75, 11.75, 6.8125, 11.9375], "texture": "#0"},
				"west": {"uv": [6.75, 11.75, 6.8125, 11.9375], "texture": "#0"},
				"up": {"uv": [6.75, 11.75, 6.8125, 11.9375], "texture": "#0"},
				"down": {"uv": [6.75, 11.75, 6.8125, 11.9375], "texture": "#0"}
			}
		},
		{
			"from": [7.8, 5.47278, 11.03606],
			"to": [8.2, 5.74778, 13.11106],
			"rotation": {"angle": 0, "axis": "y", "origin": [8, 7.17903, 10.61106]},
			"faces": {
				"north": {"uv": [11.5, 0.25, 12, 0.3125], "texture": "#0"},
				"east": {"uv": [11.5, 0.25, 12, 0.3125], "texture": "#0"},
				"south": {"uv": [11.5, 0.25, 12, 0.3125], "texture": "#0"},
				"west": {"uv": [11.5, 0.25, 12, 0.3125], "texture": "#0"},
				"up": {"uv": [11.5, 0.25, 12, 0.3125], "texture": "#0"},
				"down": {"uv": [11.5, 0.25, 12, 0.3125], "texture": "#0"}
			}
		},
		{
			"from": [7.6, 3.79778, 13.78606],
			"to": [8.4, 4.12278, 14.78606],
			"rotation": {"angle": 0, "axis": "y", "origin": [8, 7.17903, 10.61106]},
			"faces": {
				"north": {"uv": [7, 11.75, 7.1875, 11.8125], "texture": "#0"},
				"east": {"uv": [11.75, 2, 12, 2.0625], "texture": "#0"},
				"south": {"uv": [7.25, 11.75, 7.4375, 11.8125], "texture": "#0"},
				"west": {"uv": [11.75, 2, 12, 2.0625], "texture": "#0"},
				"up": {"uv": [0.6875, 9.25, 0.5, 9], "texture": "#0"},
				"down": {"uv": [6.1875, 9, 6, 9.25], "texture": "#0"}
			}
		},
		{
			"from": [7.6, 4.12278, 13.78606],
			"to": [8.4, 4.44778, 15.08606],
			"rotation": {"angle": 0, "axis": "y", "origin": [8, 7.17903, 10.61106]},
			"faces": {
				"north": {"uv": [7.5, 11.75, 7.6875, 11.8125], "texture": "#0"},
				"east": {"uv": [11.8125, 8.25, 11.5, 8.3125], "texture": "#0"},
				"south": {"uv": [7.75, 11.75, 7.9375, 11.8125], "texture": "#0"},
				"west": {"uv": [11.5, 8.25, 11.8125, 8.3125], "texture": "#0"},
				"up": {"uv": [2.6875, 11.3125, 2.5, 11], "texture": "#0"},
				"down": {"uv": [2.9375, 11, 2.75, 11.3125], "texture": "#0"}
			}
		},
		{
			"from": [7.6, 4.44778, 13.78606],
			"to": [8.4, 4.77278, 15.38606],
			"rotation": {"angle": 0, "axis": "y", "origin": [8, 7.17903, 10.61106]},
			"faces": {
				"north": {"uv": [8.25, 11.75, 8.4375, 11.8125], "texture": "#0"},
				"east": {"uv": [6.625, 11.5, 6.25, 11.5625], "texture": "#0"},
				"south": {"uv": [8.75, 11.75, 8.9375, 11.8125], "texture": "#0"},
				"west": {"uv": [6.25, 11.5, 6.625, 11.5625], "texture": "#0"},
				"up": {"uv": [3.6875, 11.125, 3.5, 10.75], "texture": "#0"},
				"down": {"uv": [8.4375, 10.75, 8.25, 11.125], "texture": "#0"}
			}
		},
		{
			"from": [7.6, 4.77278, 13.41106],
			"to": [8.4, 5.09778, 15.38606],
			"rotation": {"angle": 0, "axis": "y", "origin": [8, 7.17903, 10.61106]},
			"faces": {
				"north": {"uv": [11.75, 8.75, 11.9375, 8.8125], "texture": "#0"},
				"east": {"uv": [12, 0.5, 11.5, 0.5625], "texture": "#0"},
				"south": {"uv": [9, 11.75, 9.1875, 11.8125], "texture": "#0"},
				"west": {"uv": [11.5, 0.5, 12, 0.5625], "texture": "#0"},
				"up": {"uv": [3.9375, 11, 3.75, 10.5], "texture": "#0"},
				"down": {"uv": [8.6875, 10.5, 8.5, 11], "texture": "#0"}
			}
		},
		{
			"from": [7.6, 5.09778, 13.11106],
			"to": [8.4, 5.42278, 15.08606],
			"rotation": {"angle": 0, "axis": "y", "origin": [8, 7.17903, 10.61106]},
			"faces": {
				"north": {"uv": [11.75, 9, 11.9375, 9.0625], "texture": "#0"},
				"east": {"uv": [1.5, 11.5, 1, 11.5625], "texture": "#0"},
				"south": {"uv": [9.25, 11.75, 9.4375, 11.8125], "texture": "#0"},
				"west": {"uv": [1, 11.5, 1.5, 11.5625], "texture": "#0"},
				"up": {"uv": [9.9375, 11, 9.75, 10.5], "texture": "#0"},
				"down": {"uv": [10.9375, 0, 10.75, 0.5], "texture": "#0"}
			}
		},
		{
			"from": [7.6, 5.42278, 13.11106],
			"to": [8.4, 5.74778, 14.73606],
			"rotation": {"angle": 0, "axis": "y", "origin": [8, 7.17903, 10.61106]},
			"faces": {
				"north": {"uv": [11.75, 9.25, 11.9375, 9.3125], "texture": "#0"},
				"east": {"uv": [3.4375, 11.5, 3, 11.5625], "texture": "#0"},
				"south": {"uv": [10, 11.75, 10.1875, 11.8125], "texture": "#0"},
				"west": {"uv": [3, 11.5, 3.4375, 11.5625], "texture": "#0"},
				"up": {"uv": [1.6875, 11.1875, 1.5, 10.75], "texture": "#0"},
				"down": {"uv": [10.9375, 1.5, 10.75, 1.9375], "texture": "#0"}
			}
		},
		{
			"from": [7.6, 5.74778, 12.76106],
			"to": [8.4, 6.07278, 14.43606],
			"rotation": {"angle": 0, "axis": "y", "origin": [8, 7.17903, 10.61106]},
			"faces": {
				"north": {"uv": [10.25, 11.75, 10.4375, 11.8125], "texture": "#0"},
				"east": {"uv": [11.9375, 3.25, 11.5, 3.3125], "texture": "#0"},
				"south": {"uv": [10.5, 11.75, 10.6875, 11.8125], "texture": "#0"},
				"west": {"uv": [11.5, 3.25, 11.9375, 3.3125], "texture": "#0"},
				"up": {"uv": [1.9375, 11.1875, 1.75, 10.75], "texture": "#0"},
				"down": {"uv": [2.4375, 10.75, 2.25, 11.1875], "texture": "#0"}
			}
		},
		{
			"from": [7.6, 6.07278, 12.76106],
			"to": [8.4, 6.47278, 14.06106],
			"rotation": {"angle": 0, "axis": "y", "origin": [8, 7.17903, 10.61106]},
			"faces": {
				"north": {"uv": [6.75, 11.5, 6.9375, 11.625], "texture": "#0"},
				"east": {"uv": [4.5625, 11.25, 4.25, 11.375], "texture": "#0"},
				"south": {"uv": [7, 11.5, 7.1875, 11.625], "texture": "#0"},
				"west": {"uv": [4.25, 11.25, 4.5625, 11.375], "texture": "#0"},
				"up": {"uv": [11.1875, 3.0625, 11, 2.75], "texture": "#0"},
				"down": {"uv": [3.1875, 11, 3, 11.3125], "texture": "#0"}
			}
		},
		{
			"from": [7.65, 6.03972, 0.96178],
			"to": [8.35, 6.38972, 1.6161],
			"rotation": {"angle": 0, "axis": "y", "origin": [7.66545, 9.17547, 1.88894]},
			"faces": {
				"north": {"uv": [11, 11.75, 11.1875, 11.8125], "texture": "#0"},
				"east": {"uv": [11.75, 11, 11.9375, 11.0625], "texture": "#0"},
				"south": {"uv": [11, 11.75, 11.1875, 11.8125], "texture": "#0"},
				"west": {"uv": [11.75, 11, 11.9375, 11.0625], "texture": "#0"},
				"up": {"uv": [11.4375, 6.1875, 11.25, 6], "texture": "#0"},
				"down": {"uv": [6.6875, 11.25, 6.5, 11.4375], "texture": "#0"}
			}
		},
		{
			"from": [7.65, 6.03972, 1.96178],
			"to": [8.35, 6.38972, 2.6161],
			"rotation": {"angle": 0, "axis": "y", "origin": [7.66545, 9.17547, 1.88894]},
			"faces": {
				"north": {"uv": [11, 11.75, 11.1875, 11.8125], "texture": "#0"},
				"east": {"uv": [11.75, 11, 11.9375, 11.0625], "texture": "#0"},
				"south": {"uv": [11, 11.75, 11.1875, 11.8125], "texture": "#0"},
				"west": {"uv": [11.75, 11, 11.9375, 11.0625], "texture": "#0"},
				"up": {"uv": [6.9375, 11.4375, 6.75, 11.25], "texture": "#0"},
				"down": {"uv": [6.6875, 11.25, 6.5, 11.4375], "texture": "#0"}
			}
		},
		{
			"from": [7.65, 6.03972, 2.96178],
			"to": [8.35, 6.38972, 3.6161],
			"rotation": {"angle": 0, "axis": "y", "origin": [7.66545, 9.17547, 1.88894]},
			"faces": {
				"north": {"uv": [11, 11.75, 11.1875, 11.8125], "texture": "#0"},
				"east": {"uv": [11.75, 11, 11.9375, 11.0625], "texture": "#0"},
				"south": {"uv": [11, 11.75, 11.1875, 11.8125], "texture": "#0"},
				"west": {"uv": [11.75, 11, 11.9375, 11.0625], "texture": "#0"},
				"up": {"uv": [7.4375, 11.4375, 7.25, 11.25], "texture": "#0"},
				"down": {"uv": [6.6875, 11.25, 6.5, 11.4375], "texture": "#0"}
			}
		},
		{
			"from": [7.65, 6.03972, 3.96178],
			"to": [8.35, 6.38972, 4.6161],
			"rotation": {"angle": 0, "axis": "y", "origin": [7.66545, 9.17547, 1.88894]},
			"faces": {
				"north": {"uv": [11, 11.75, 11.1875, 11.8125], "texture": "#0"},
				"east": {"uv": [11.75, 11, 11.9375, 11.0625], "texture": "#0"},
				"south": {"uv": [11, 11.75, 11.1875, 11.8125], "texture": "#0"},
				"west": {"uv": [11.75, 11, 11.9375, 11.0625], "texture": "#0"},
				"up": {"uv": [7.9375, 11.4375, 7.75, 11.25], "texture": "#0"},
				"down": {"uv": [6.6875, 11.25, 6.5, 11.4375], "texture": "#0"}
			}
		},
		{
			"from": [7.25, 6.38972, 0.36178],
			"to": [8.75, 6.73972, 5.2161],
			"rotation": {"angle": 0, "axis": "y", "origin": [7.66545, 8.72547, 1.88894]},
			"faces": {
				"north": {"uv": [7.25, 11.5, 7.625, 11.5625], "texture": "#0"},
				"east": {"uv": [10.25, 6.75, 11.9375, 6.8125], "texture": "#0"},
				"south": {"uv": [11.5, 7.25, 11.875, 7.3125], "texture": "#0"},
				"west": {"uv": [10.25, 7, 11.9375, 7.0625], "texture": "#0"},
				"up": {"uv": [3.375, 8.4375, 3, 6.75], "texture": "#0"},
				"down": {"uv": [3.875, 7.21875, 3.5, 8.43233], "texture": "#0"}
			}
		},
		{
			"from": [7.355, 11.45272, 4.97619],
			"to": [8.645, 12.74272, 8.1113],
			"rotation": {"angle": 0, "axis": "y", "origin": [8, 10.68972, 12.45572]},
			"faces": {
				"north": {"uv": [4, 6.5, 4.625, 7.125], "texture": "#3"},
				"east": {"uv": [6.125, 0, 4.5, 0.625], "texture": "#3"},
				"south": {"uv": [6.5, 5, 7.125, 5.625], "texture": "#3"},
				"west": {"uv": [4.5, 0, 6.125, 0.625], "texture": "#3"},
				"up": {"uv": [2.125, 6.125, 1.5, 4.5], "texture": "#3"},
				"down": {"uv": [3.125, 4.5, 2.5, 6.125], "texture": "#3"}
			}
		},
		{
			"from": [7.208, 10.33972, 6.4013],
			"to": [8.792, 11.23572, 10.67041],
			"rotation": {"angle": 0, "axis": "y", "origin": [8, 10.68972, 12.45572]},
			"faces": {
				"north": {"uv": [6.5, 6, 7.25, 6.5], "texture": "#3"},
				"east": {"uv": [6.125, 3.5, 4, 4], "texture": "#3"},
				"south": {"uv": [6.5, 6.5, 7.25, 7], "texture": "#3"},
				"west": {"uv": [4, 3.5, 6.125, 4], "texture": "#3"},
				"up": {"uv": [0.75, 2.125, 0, 0], "texture": "#3"},
				"down": {"uv": [1.75, 0, 1, 2.125], "texture": "#3"}
			}
		},
		{
			"from": [6.92, 10.32172, 5.82219],
			"to": [9.08, 12.54972, 8.2553],
			"rotation": {"angle": 0, "axis": "y", "origin": [8, 10.68972, 12.45572]},
			"faces": {
				"north": {"uv": [3.5, 1.5, 4.625, 2.625], "texture": "#3"},
				"east": {"uv": [3.25, 1.5, 2, 2.625], "texture": "#3"},
				"south": {"uv": [0, 4, 1.125, 5.125], "texture": "#3"},
				"west": {"uv": [2, 1.5, 3.25, 2.625], "texture": "#3"},
				"up": {"uv": [1.125, 3.75, 0, 2.5], "texture": "#3"},
				"down": {"uv": [2.625, 3, 1.5, 4.25], "texture": "#3"}
			}
		},
		{
			"from": [7.136, 12.00972, 5.13819],
			"to": [8.864, 13.16172, 8.2373],
			"rotation": {"angle": 0, "axis": "y", "origin": [8, 10.68972, 12.45572]},
			"faces": {
				"north": {"uv": [0, 6.5, 0.875, 7.125], "texture": "#3"},
				"east": {"uv": [5, 1, 6.5, 1.625], "texture": "#3"},
				"south": {"uv": [6.5, 0, 7.375, 0.625], "texture": "#3"},
				"west": {"uv": [6.5, 1, 5, 1.625], "texture": "#3"},
				"up": {"uv": [3.875, 4.5, 3, 3], "texture": "#3"},
				"down": {"uv": [4.375, 0, 3.5, 1.5], "texture": "#3"}
			}
		},
		{
			"from": [7.352, 13.16172, 5.78619],
			"to": [8.648, 13.52172, 8.2373],
			"rotation": {"angle": 0, "axis": "y", "origin": [8, 10.68972, 12.45572]},
			"faces": {
				"north": {"uv": [5.5, 10, 6.125, 10.125], "texture": "#3"},
				"east": {"uv": [8.5, 1, 9.75, 1.125], "texture": "#3"},
				"south": {"uv": [10, 6.5, 10.625, 6.625], "texture": "#3"},
				"west": {"uv": [8.5, 1.5, 9.75, 1.625], "texture": "#3"},
				"up": {"uv": [4.125, 6.25, 3.5, 5], "texture": "#3"},
				"down": {"uv": [5.125, 5, 4.5, 6.25], "texture": "#3"}
			}
		},
		{
			"name": "glass",
			"from": [7.63165, 12.02639, 8.63996],
			"to": [8.36835, 12.76313, 10.44349],
			"rotation": {"angle": 0, "axis": "y", "origin": [8, 11.59891, 8.61607]},
			"faces": {
				"north": {"uv": [3.5, 4.5, 3.875, 4.875], "texture": "#3"},
				"east": {"uv": [5.5, 7, 6.375, 7.375], "texture": "#3"},
				"south": {"uv": [0, 8.5, 0.375, 8.875], "texture": "#3"},
				"west": {"uv": [6.5, 7, 7.375, 7.375], "texture": "#3"},
				"up": {"uv": [0.375, 8.375, 0, 7.5], "texture": "#3"},
				"down": {"uv": [7.875, 0, 7.5, 0.875], "texture": "#3"}
			}
		},
		{
			"from": [8.66081, 12.24922, 8.07827],
			"to": [9.02466, 12.88596, 9.92041],
			"rotation": {"angle": 22.5, "axis": "z", "origin": [8, 11.59891, 8.61607]},
			"faces": {
				"north": {"uv": [10, 7, 10.125, 7.375], "texture": "#3"},
				"east": {"uv": [8.375, 1.5, 7.5, 1.875], "texture": "#3"},
				"south": {"uv": [10, 8, 10.125, 8.375], "texture": "#3"},
				"west": {"uv": [7.5, 1, 8.375, 1.375], "texture": "#3"},
				"up": {"uv": [3.625, 10.375, 3.5, 9.5], "texture": "#3"},
				"down": {"uv": [4.125, 9.5, 4, 10.375], "texture": "#3"}
			}
		},
		{
			"from": [7.54519, 12.63433, 8.07785],
			"to": [8.44572, 13.18011, 9.91999],
			"rotation": {"angle": 0, "axis": "y", "origin": [8, 11.59891, 8.61607]},
			"faces": {
				"north": {"uv": [8, 9, 8.5, 9.25], "texture": "#3"},
				"east": {"uv": [8, 6.5, 8.875, 6.75], "texture": "#3"},
				"south": {"uv": [8.5, 9, 9, 9.25], "texture": "#3"},
				"west": {"uv": [8, 7, 8.875, 7.25], "texture": "#3"},
				"up": {"uv": [1.5, 6.375, 1, 5.5], "texture": "#3"},
				"down": {"uv": [2.5, 6.5, 2, 7.375], "texture": "#3"}
			}
		},
		{
			"from": [6.97471, 12.24896, 8.07827],
			"to": [7.33856, 12.8857, 9.92041],
			"rotation": {"angle": -22.5, "axis": "z", "origin": [8, 11.59891, 8.61607]},
			"faces": {
				"north": {"uv": [10, 8.5, 10.125, 8.875], "texture": "#3"},
				"east": {"uv": [1.5, 7.5, 2.375, 7.875], "texture": "#3"},
				"south": {"uv": [9, 10, 9.125, 10.375], "texture": "#3"},
				"west": {"uv": [7.5, 1.5, 8.375, 1.875], "texture": "#3"},
				"up": {"uv": [4.625, 10.375, 4.5, 9.5], "texture": "#3"},
				"down": {"uv": [5.125, 9.5, 5, 10.375], "texture": "#3"}
			}
		},
		{
			"from": [7.30152, 12.22799, 8.07737],
			"to": [8.69779, 12.59184, 9.91951],
			"rotation": {"angle": 0, "axis": "y", "origin": [8, 11.59891, 8.61607]},
			"faces": {
				"north": {"uv": [10, 3, 10.75, 3.125], "texture": "#3"},
				"east": {"uv": [6.375, 9.5, 5.5, 9.625], "texture": "#3"},
				"south": {"uv": [10, 3.5, 10.75, 3.625], "texture": "#3"},
				"west": {"uv": [5.5, 9.5, 6.375, 9.625], "texture": "#3"},
				"up": {"uv": [6.75, 4.875, 6, 4], "texture": "#3"},
				"down": {"uv": [6.25, 6, 5.5, 6.875], "texture": "#3"}
			}
		},
		{
			"from": [7.59543, 11.81066, 8.07827],
			"to": [7.95928, 12.4474, 9.92041],
			"rotation": {"angle": 22.5, "axis": "z", "origin": [8, 11.59891, 8.61607]},
			"faces": {
				"north": {"uv": [10, 9, 10.125, 9.375], "texture": "#3"},
				"east": {"uv": [7.5, 2, 8.375, 2.375], "texture": "#3"},
				"south": {"uv": [9.5, 10, 9.625, 10.375], "texture": "#3"},
				"west": {"uv": [2.5, 7.5, 3.375, 7.875], "texture": "#3"},
				"up": {"uv": [9.625, 7.375, 9.5, 6.5], "texture": "#3"},
				"down": {"uv": [8.125, 9.5, 8, 10.375], "texture": "#3"}
			}
		},
		{
			"from": [8.04072, 11.81066, 8.07827],
			"to": [8.40457, 12.4474, 9.92041],
			"rotation": {"angle": -22.5, "axis": "z", "origin": [8, 11.59891, 8.61607]},
			"faces": {
				"north": {"uv": [10, 9.5, 10.125, 9.875], "texture": "#3"},
				"east": {"uv": [3.375, 7.5, 2.5, 7.875], "texture": "#3"},
				"south": {"uv": [10, 10, 10.125, 10.375], "texture": "#3"},
				"west": {"uv": [7.5, 3, 8.375, 3.375], "texture": "#3"},
				"up": {"uv": [8.625, 10.375, 8.5, 9.5], "texture": "#3"},
				"down": {"uv": [9.625, 8.5, 9.5, 9.375], "texture": "#3"}
			}
		},
		{
			"from": [7.54519, 11.63972, 8.07737],
			"to": [8.45481, 12.27646, 9.91951],
			"rotation": {"angle": 0, "axis": "y", "origin": [8, 11.59891, 8.61607]},
			"faces": {
				"north": {"uv": [1.5, 2.5, 2, 2.875], "texture": "#3"},
				"east": {"uv": [3.5, 7.5, 4.375, 7.875], "texture": "#3"},
				"south": {"uv": [4.5, 1, 5, 1.375], "texture": "#3"},
				"west": {"uv": [7.5, 3.5, 8.375, 3.875], "texture": "#3"},
				"up": {"uv": [7, 2.875, 6.5, 2], "texture": "#3"},
				"down": {"uv": [3, 6.5, 2.5, 7.375], "texture": "#3"}
			}
		},
		{
			"from": [7.62023, 12.86472, 8.64694],
			"to": [8.37977, 13.50146, 9.37464],
			"rotation": {"angle": 0, "axis": "y", "origin": [8, 11.59891, 8.61607]},
			"faces": {
				"north": {"uv": [8.5, 3, 8.875, 3.375], "texture": "#3"},
				"east": {"uv": [8.5, 3, 8.875, 3.375], "texture": "#3"},
				"south": {"uv": [8.5, 3, 8.875, 3.375], "texture": "#3"},
				"west": {"uv": [8.5, 3, 8.875, 3.375], "texture": "#3"},
				"up": {"uv": [6.375, 8.875, 6, 8.5], "texture": "#3"},
				"down": {"uv": [6.875, 8.5, 6.5, 8.875], "texture": "#3"}
			}
		},
		{
			"from": [7.78053, 12.74774, 8.35257],
			"to": [8.21947, 12.93669, 10.70212],
			"rotation": {"angle": 0, "axis": "y", "origin": [8, 11.59891, 8.61607]},
			"faces": {
				"north": {"uv": [0, 10.5, 0.25, 10.625], "texture": "#3"},
				"east": {"uv": [7.5, 8.5, 8.625, 8.625], "texture": "#3"},
				"south": {"uv": [0.5, 10.5, 0.75, 10.625], "texture": "#3"},
				"west": {"uv": [8.5, 8, 9.625, 8.125], "texture": "#3"},
				"up": {"uv": [4.75, 8.625, 4.5, 7.5], "texture": "#3"},
				"down": {"uv": [5.25, 7.5, 5, 8.625], "texture": "#3"}
			}
		},
		{
			"from": [8.9122, 11.95072, 8.35298],
			"to": [9.10115, 12.38967, 10.70252],
			"rotation": {"angle": 45, "axis": "z", "origin": [8, 11.59891, 8.61607]},
			"faces": {
				"north": {"uv": [1, 10.5, 1.125, 10.75], "texture": "#3"},
				"east": {"uv": [9.125, 4, 8, 4.25], "texture": "#3"},
				"south": {"uv": [1.5, 10.5, 1.625, 10.75], "texture": "#3"},
				"west": {"uv": [5.5, 7.5, 6.625, 7.75], "texture": "#3"},
				"up": {"uv": [0.125, 10.125, 0, 9], "texture": "#3"},
				"down": {"uv": [2.625, 9, 2.5, 10.125], "texture": "#3"}
			}
		},
		{
			"from": [8.34091, 12.18736, 8.35284],
			"to": [8.52986, 12.62631, 10.70239],
			"rotation": {"angle": 0, "axis": "y", "origin": [8, 11.59891, 8.61607]},
			"faces": {
				"north": {"uv": [2, 10.5, 2.125, 10.75], "texture": "#3"},
				"east": {"uv": [9.125, 0.5, 8, 0.75], "texture": "#3"},
				"south": {"uv": [2.5, 10.5, 2.625, 10.75], "texture": "#3"},
				"west": {"uv": [7.5, 6, 8.625, 6.25], "texture": "#3"},
				"up": {"uv": [9.125, 3.625, 9, 2.5], "texture": "#3"},
				"down": {"uv": [3.125, 9, 3, 10.125], "texture": "#3"}
			}
		},
		{
			"from": [8.35182, 11.64034, 8.35298],
			"to": [8.79077, 11.82929, 10.70252],
			"rotation": {"angle": 45, "axis": "z", "origin": [8, 11.59891, 8.61607]},
			"faces": {
				"north": {"uv": [3, 10.5, 3.25, 10.625], "texture": "#3"},
				"east": {"uv": [3.5, 9, 4.625, 9.125], "texture": "#3"},
				"south": {"uv": [3.5, 10.5, 3.75, 10.625], "texture": "#3"},
				"west": {"uv": [9, 4.5, 10.125, 4.625], "texture": "#3"},
				"up": {"uv": [7.75, 7.625, 7.5, 6.5], "texture": "#3"},
				"down": {"uv": [2, 8, 2.25, 9.125], "texture": "#3"}
			}
		},
		{
			"from": [7.78053, 11.87697, 8.35257],
			"to": [8.21947, 12.06592, 10.70212],
			"rotation": {"angle": 0, "axis": "y", "origin": [8, 11.59891, 8.61607]},
			"faces": {
				"north": {"uv": [4, 10.5, 4.25, 10.625], "texture": "#3"},
				"east": {"uv": [5, 9, 6.125, 9.125], "texture": "#3"},
				"south": {"uv": [10.5, 4, 10.75, 4.125], "texture": "#3"},
				"west": {"uv": [9, 5, 10.125, 5.125], "texture": "#3"},
				"up": {"uv": [0.75, 9.125, 0.5, 8], "texture": "#3"},
				"down": {"uv": [1.25, 8, 1, 9.125], "texture": "#3"}
			}
		},
		{
			"from": [7.20923, 11.64034, 8.35298],
			"to": [7.64818, 11.82929, 10.70252],
			"rotation": {"angle": -45, "axis": "z", "origin": [8, 11.59891, 8.61607]},
			"faces": {
				"north": {"uv": [4.5, 10.5, 4.75, 10.625], "texture": "#3"},
				"east": {"uv": [9, 5.5, 10.125, 5.625], "texture": "#3"},
				"south": {"uv": [10.5, 4.5, 10.75, 4.625], "texture": "#3"},
				"west": {"uv": [9, 6, 10.125, 6.125], "texture": "#3"},
				"up": {"uv": [1.75, 9.125, 1.5, 8], "texture": "#3"},
				"down": {"uv": [2.25, 8, 2, 9.125], "texture": "#3"}
			}
		},
		{
			"from": [7.47014, 12.18736, 8.35284],
			"to": [7.65909, 12.62631, 10.70239],
			"rotation": {"angle": 0, "axis": "y", "origin": [8, 11.59891, 8.61607]},
			"faces": {
				"north": {"uv": [5, 10.5, 5.125, 10.75], "texture": "#3"},
				"east": {"uv": [8, 0, 9.125, 0.25], "texture": "#3"},
				"south": {"uv": [10.5, 5, 10.625, 5.25], "texture": "#3"},
				"west": {"uv": [8, 0.5, 9.125, 0.75], "texture": "#3"},
				"up": {"uv": [6.625, 10.125, 6.5, 9], "texture": "#3"},
				"down": {"uv": [9.125, 6.5, 9, 7.625], "texture": "#3"}
			}
		},
		{
			"from": [6.89885, 11.95072, 8.35298],
			"to": [7.0878, 12.38967, 10.70252],
			"rotation": {"angle": -45, "axis": "z", "origin": [8, 11.59891, 8.61607]},
			"faces": {
				"north": {"uv": [5.5, 10.5, 5.625, 10.75], "texture": "#3"},
				"east": {"uv": [2.5, 8, 3.625, 8.25], "texture": "#3"},
				"south": {"uv": [10.5, 5.5, 10.625, 5.75], "texture": "#3"},
				"west": {"uv": [8, 4, 9.125, 4.25], "texture": "#3"},
				"up": {"uv": [7.125, 10.125, 7, 9], "texture": "#3"},
				"down": {"uv": [7.625, 9, 7.5, 10.125], "texture": "#3"}
			}
		},
		{
			"from": [7.35, 11.23972, 8.22541],
			"to": [8.65, 11.63972, 9.92041],
			"rotation": {"angle": 0, "axis": "y", "origin": [8, 11.59891, 8.61607]},
			"faces": {
				"north": {"uv": [8.5, 2, 9.125, 2.25], "texture": "#3"},
				"east": {"uv": [7.5, 8, 8.375, 8.25], "texture": "#3"},
				"south": {"uv": [2.5, 8.5, 3.125, 8.75], "texture": "#3"},
				"west": {"uv": [8.375, 8, 7.5, 8.25], "texture": "#3"},
				"up": {"uv": [1.625, 7.375, 1, 6.5], "texture": "#3"},
				"down": {"uv": [7.125, 1, 6.5, 1.875], "texture": "#3"}
			}
		},
		{
			"from": [5.31, 10.76472, 6.88909],
			"to": [6.67, 12.12472, 7.57219],
			"rotation": {"angle": 0, "axis": "y", "origin": [5.99, 11.61972, 7.78875]},
			"faces": {
				"north": {"uv": [3, 6.5, 3.625, 7.125], "texture": "#3"},
				"east": {"uv": [5.875, 8, 5.5, 8.625], "texture": "#3"},
				"south": {"uv": [6.5, 3, 7.125, 3.625], "texture": "#3"},
				"west": {"uv": [5.5, 8, 5.875, 8.625], "texture": "#3"},
				"up": {"uv": [8.625, 4.875, 8, 4.5], "texture": "#3"},
				"down": {"uv": [6.625, 8, 6, 8.375], "texture": "#3"}
			}
		},
		{
			"from": [5.06, 10.51472, 7.57219],
			"to": [6.92, 12.37472, 8.2553],
			"rotation": {"angle": 0, "axis": "y", "origin": [5.99, 11.61972, 7.78875]},
			"faces": {
				"north": {"uv": [0, 5.5, 0.875, 6.375], "texture": "#3"},
				"east": {"uv": [7.375, 2, 7, 2.875], "texture": "#3"},
				"south": {"uv": [5.5, 5, 6.375, 5.875], "texture": "#3"},
				"west": {"uv": [7, 2, 7.375, 2.875], "texture": "#3"},
				"up": {"uv": [7.875, 4.375, 7, 4], "texture": "#3"},
				"down": {"uv": [7.875, 4.5, 7, 4.875], "texture": "#3"}
			}
		},
		{
			"from": [5.26, 12.16472, 8.2553],
			"to": [6.72, 12.27472, 8.43841],
			"rotation": {"angle": 0, "axis": "y", "origin": [5.99, 11.61972, 7.78875]},
			"faces": {
				"north": {"uv": [9.5, 7.5, 10.25, 7.625], "texture": "#3"},
				"east": {"uv": [6, 10.5, 6.125, 10.625], "texture": "#3"},
				"south": {"uv": [9, 9.5, 9.75, 9.625], "texture": "#3"},
				"west": {"uv": [10.5, 6, 10.625, 6.125], "texture": "#3"},
				"up": {"uv": [10.75, 0.125, 10, 0], "texture": "#3"},
				"down": {"uv": [10.75, 0.5, 10, 0.625], "texture": "#3"}
			}
		},
		{
			"from": [5.15, 10.61472, 8.2553],
			"to": [5.26, 12.27472, 8.43841],
			"rotation": {"angle": 0, "axis": "y", "origin": [5.99, 11.61972, 7.78875]},
			"faces": {
				"north": {"uv": [9, 8.5, 9.125, 9.375], "texture": "#3"},
				"east": {"uv": [9.5, 0, 9.625, 0.875], "texture": "#3"},
				"south": {"uv": [0.5, 9.5, 0.625, 10.375], "texture": "#3"},
				"west": {"uv": [1, 9.5, 1.125, 10.375], "texture": "#3"},
				"up": {"uv": [6.625, 10.625, 6.5, 10.5], "texture": "#3"},
				"down": {"uv": [7.125, 10.5, 7, 10.625], "texture": "#3"}
			}
		},
		{
			"from": [5.26, 10.61472, 8.2553],
			"to": [6.72, 10.72472, 8.43841],
			"rotation": {"angle": 0, "axis": "y", "origin": [5.99, 11.61972, 7.78875]},
			"faces": {
				"north": {"uv": [10, 1, 10.75, 1.125], "texture": "#3"},
				"east": {"uv": [10.5, 7, 10.625, 7.125], "texture": "#3"},
				"south": {"uv": [10, 1.5, 10.75, 1.625], "texture": "#3"},
				"west": {"uv": [7.5, 10.5, 7.625, 10.625], "texture": "#3"},
				"up": {"uv": [10.75, 2.125, 10, 2], "texture": "#3"},
				"down": {"uv": [10.75, 2.5, 10, 2.625], "texture": "#3"}
			}
		},
		{
			"from": [6.72, 10.61472, 8.2553],
			"to": [6.83, 12.27472, 8.43841],
			"rotation": {"angle": 0, "axis": "y", "origin": [5.99, 11.61972, 7.78875]},
			"faces": {
				"north": {"uv": [1.5, 9.5, 1.625, 10.375], "texture": "#3"},
				"east": {"uv": [2, 9.5, 2.125, 10.375], "texture": "#3"},
				"south": {"uv": [9.5, 2, 9.625, 2.875], "texture": "#3"},
				"west": {"uv": [9.5, 3, 9.625, 3.875], "texture": "#3"},
				"up": {"uv": [10.625, 7.625, 10.5, 7.5], "texture": "#3"},
				"down": {"uv": [8.125, 10.5, 8, 10.625], "texture": "#3"}
			}
		},
		{
			"name": "screen_glass",
			"from": [5.185, 10.63972, 8.2553],
			"to": [6.795, 12.24972, 8.33841],
			"rotation": {"angle": 0, "axis": "y", "origin": [5.99, 11.61972, 7.78875]},
			"faces": {
				"north": {"uv": [0.1875, 0.34375, 0.375, 0.1875], "texture": "#1"},
				"east": {"uv": [1.6875, 0.71875, 1.90625, 0.5625], "texture": "#1"},
				"south": {"uv": [0, 0, 16, 16], "texture": "#1"},
				"west": {"uv": [1.90625, 0.71875, 1.6875, 0.5625], "texture": "#1"},
				"up": {"uv": [0.75, 1.96875, 0.5625, 1.75], "texture": "#1"},
				"down": {"uv": [0.1875, 1.75, 0, 1.96875], "texture": "#1"}
			}
		},
		{
			"from": [7.676, 7.56628, 14.09006],
			"to": [8.324, 9.42928, 16.52006],
			"rotation": {"angle": 0, "axis": "y", "origin": [8, 10.1006, 7.9896]},
			"faces": {
				"north": {"uv": [1.75, 9.5, 1.9375, 9.9375], "texture": "#2"},
				"east": {"uv": [2, 7.75, 2.625, 8.1875], "texture": "#2"},
				"south": {"uv": [2, 9.5, 2.1875, 9.9375], "texture": "#2"},
				"west": {"uv": [2.625, 7.75, 2, 8.1875], "texture": "#2"},
				"up": {"uv": [9.1875, 6.625, 9, 6], "texture": "#2"},
				"down": {"uv": [6.4375, 9, 6.25, 9.625], "texture": "#2"}
			}
		},
		{
			"from": [7.676, 6.18928, 18.82856],
			"to": [8.324, 6.99928, 20.28656],
			"rotation": {"angle": 0, "axis": "y", "origin": [8, 10.1006, 7.9896]},
			"faces": {
				"north": {"uv": [0.5, 10.25, 0.6875, 10.4375], "texture": "#2"},
				"east": {"uv": [8, 9.5, 8.375, 9.6875], "texture": "#2"},
				"south": {"uv": [10.25, 0.5, 10.4375, 0.6875], "texture": "#2"},
				"west": {"uv": [8.375, 9.5, 8, 9.6875], "texture": "#2"},
				"up": {"uv": [9.6875, 9.375, 9.5, 9], "texture": "#2"},
				"down": {"uv": [9.6875, 9.5, 9.5, 9.875], "texture": "#2"}
			}
		},
		{
			"from": [7.676, 6.99928, 18.80831],
			"to": [8.324, 7.48528, 20.28656],
			"rotation": {"angle": 0, "axis": "y", "origin": [8, 10.1006, 7.9896]},
			"faces": {
				"north": {"uv": [5, 10.25, 5.1875, 10.375], "texture": "#2"},
				"east": {"uv": [10, 1, 10.375, 1.125], "texture": "#2"},
				"south": {"uv": [5.75, 10.25, 5.9375, 10.375], "texture": "#2"},
				"west": {"uv": [10.375, 1, 10, 1.125], "texture": "#2"},
				"up": {"uv": [0.1875, 10.125, 0, 9.75], "texture": "#2"},
				"down": {"uv": [9.9375, 0, 9.75, 0.375], "texture": "#2"}
			}
		},
		{
			"from": [7.676, 7.48528, 18.46406],
			"to": [8.324, 7.80928, 20.28656],
			"rotation": {"angle": 0, "axis": "y", "origin": [8, 10.1006, 7.9896]},
			"faces": {
				"north": {"uv": [9.75, 10.5, 9.9375, 10.5625], "texture": "#2"},
				"east": {"uv": [10.25, 4.25, 10.6875, 4.3125], "texture": "#2"},
				"south": {"uv": [10.5, 9.75, 10.6875, 9.8125], "texture": "#2"},
				"west": {"uv": [10.6875, 4.25, 10.25, 4.3125], "texture": "#2"},
				"up": {"uv": [9.6875, 2.4375, 9.5, 2], "texture": "#2"},
				"down": {"uv": [2.4375, 9.5, 2.25, 9.9375], "texture": "#2"}
			}
		},
		{
			"from": [7.676, 7.80928, 16.52006],
			"to": [8.324, 9.42928, 20.28656],
			"rotation": {"angle": 0, "axis": "y", "origin": [8, 10.1006, 7.9896]},
			"faces": {
				"north": {"uv": [0.75, 9.75, 0.9375, 10.125], "texture": "#2"},
				"east": {"uv": [7, 3, 7.9375, 3.375], "texture": "#2"},
				"south": {"uv": [9.75, 0.75, 9.9375, 1.125], "texture": "#2"},
				"west": {"uv": [7.9375, 3, 7, 3.375], "texture": "#2"},
				"up": {"uv": [8.6875, 8.6875, 8.5, 7.75], "texture": "#2"},
				"down": {"uv": [0.1875, 8.75, 0, 9.6875], "texture": "#2"}
			}
		},
		{
			"from": [7.433, 9.75328, 14.09006],
			"to": [8.567, 9.95578, 16.27706],
			"rotation": {"angle": 0, "axis": "y", "origin": [8, 10.1006, 7.9896]},
			"faces": {
				"north": {"uv": [2, 10.5, 2.3125, 10.5625], "texture": "#2"},
				"east": {"uv": [0.75, 10.25, 1.3125, 10.3125], "texture": "#2"},
				"south": {"uv": [10.5, 2, 10.8125, 2.0625], "texture": "#2"},
				"west": {"uv": [0.75, 10.25, 1.3125, 10.3125], "texture": "#2"},
				"up": {"uv": [0.5625, 9.3125, 0.25, 8.75], "texture": "#2"},
				"down": {"uv": [1.5625, 8.75, 1.25, 9.3125], "texture": "#2"}
			}
		},
		{
			"from": [7.433, 9.42928, 14.09006],
			"to": [8.567, 9.75328, 16.52006],
			"rotation": {"angle": 0, "axis": "y", "origin": [8, 10.1006, 7.9896]},
			"faces": {
				"north": {"uv": [10.5, 2.25, 10.8125, 2.3125], "texture": "#2"},
				"east": {"uv": [10, 8.5, 10.625, 8.5625], "texture": "#2"},
				"south": {"uv": [2.5, 10.5, 2.8125, 10.5625], "texture": "#2"},
				"west": {"uv": [10.625, 8.5, 10, 8.5625], "texture": "#2"},
				"up": {"uv": [8.8125, 2.625, 8.5, 2], "texture": "#2"},
				"down": {"uv": [4.3125, 8.5, 4, 9.125], "texture": "#2"}
			}
		},
		{
			"from": [7.433, 8.37628, 16.52006],
			"to": [8.567, 8.61928, 17.10731],
			"rotation": {"angle": 0, "axis": "y", "origin": [8, 10.1006, 7.9896]},
			"faces": {
				"north": {"uv": [10.5, 2.5, 10.8125, 2.5625], "texture": "#2"},
				"east": {"uv": [5, 10.75, 5.125, 10.8125], "texture": "#2"},
				"south": {"uv": [10.5, 2.75, 10.8125, 2.8125], "texture": "#2"},
				"west": {"uv": [5.125, 10.75, 5, 10.8125], "texture": "#2"},
				"up": {"uv": [9.8125, 10.125, 9.5, 10], "texture": "#2"},
				"down": {"uv": [10.3125, 10, 10, 10.125], "texture": "#2"}
			}
		},
		{
			"from": [7.433, 8.61928, 16.52006],
			"to": [8.567, 8.86228, 17.35031],
			"rotation": {"angle": 0, "axis": "y", "origin": [8, 10.1006, 7.9896]},
			"faces": {
				"north": {"uv": [3, 10.5, 3.3125, 10.5625], "texture": "#2"},
				"east": {"uv": [10, 10.5, 10.1875, 10.5625], "texture": "#2"},
				"south": {"uv": [10.5, 3, 10.8125, 3.0625], "texture": "#2"},
				"west": {"uv": [10.1875, 10.5, 10, 10.5625], "texture": "#2"},
				"up": {"uv": [8.8125, 9.9375, 8.5, 9.75], "texture": "#2"},
				"down": {"uv": [10.0625, 8.75, 9.75, 8.9375], "texture": "#2"}
			}
		},
		{
			"from": [7.433, 8.86228, 16.52006],
			"to": [8.567, 9.75328, 17.65406],
			"rotation": {"angle": 0, "axis": "y", "origin": [8, 10.1006, 7.9896]},
			"faces": {
				"north": {"uv": [9.25, 7.5, 9.5625, 7.75], "texture": "#2"},
				"east": {"uv": [9.25, 8.75, 9.5625, 9], "texture": "#2"},
				"south": {"uv": [9.5, 0.5, 9.8125, 0.75], "texture": "#2"},
				"west": {"uv": [9.5625, 8.75, 9.25, 9], "texture": "#2"},
				"up": {"uv": [9.3125, 9.5625, 9, 9.25], "texture": "#2"},
				"down": {"uv": [0.5625, 9.5, 0.25, 9.8125], "texture": "#2"}
			}
		},
		{
			"from": [7.433, 9.10528, 14.57606],
			"to": [8.567, 9.42928, 16.52006],
			"rotation": {"angle": 0, "axis": "y", "origin": [8, 10.1006, 7.9896]},
			"faces": {
				"north": {"uv": [3.5, 10.5, 3.8125, 10.5625], "texture": "#2"},
				"east": {"uv": [3.25, 10.25, 3.75, 10.3125], "texture": "#2"},
				"south": {"uv": [4, 10.5, 4.3125, 10.5625], "texture": "#2"},
				"west": {"uv": [3.75, 10.25, 3.25, 10.3125], "texture": "#2"},
				"up": {"uv": [9.0625, 3.25, 8.75, 2.75], "texture": "#2"},
				"down": {"uv": [3.3125, 8.75, 3, 9.25], "texture": "#2"}
			}
		},
		{
			"from": [7.433, 8.37628, 14.90006],
			"to": [8.567, 9.10528, 16.52006],
			"rotation": {"angle": 0, "axis": "y", "origin": [8, 10.1006, 7.9896]},
			"faces": {
				"north": {"uv": [9, 9.75, 9.3125, 9.9375], "texture": "#2"},
				"east": {"uv": [9.75, 1.25, 10.125, 1.4375], "texture": "#2"},
				"south": {"uv": [9.75, 9, 10.0625, 9.1875], "texture": "#2"},
				"west": {"uv": [10.125, 1.25, 9.75, 1.4375], "texture": "#2"},
				"up": {"uv": [6.8125, 9.375, 6.5, 9], "texture": "#2"},
				"down": {"uv": [7.3125, 9, 7, 9.375], "texture": "#2"}
			}
		},
		{
			"from": [7.433, 5.62228, 19.27406],
			"to": [8.567, 9.75328, 20.32706],
			"rotation": {"angle": 0, "axis": "y", "origin": [8, 10.1006, 7.9896]},
			"faces": {
				"north": {"uv": [7, 6.25, 7.3125, 7.3125], "texture": "#2"},
				"east": {"uv": [3.5, 7.75, 3.75, 8.8125], "texture": "#2"},
				"south": {"uv": [7.5, 6.25, 7.8125, 7.3125], "texture": "#2"},
				"west": {"uv": [3.75, 7.75, 3.5, 8.8125], "texture": "#2"},
				"up": {"uv": [9.8125, 7.5, 9.5, 7.25], "texture": "#2"},
				"down": {"uv": [9.8125, 7.75, 9.5, 8], "texture": "#2"}
			}
		},
		{
			"from": [7.433, 8.61928, 20.32706],
			"to": [8.567, 9.42928, 20.65106],
			"rotation": {"angle": 0, "axis": "y", "origin": [8, 10.1006, 7.9896]},
			"faces": {
				"north": {"uv": [9.75, 9.25, 10.0625, 9.4375], "texture": "#2"},
				"east": {"uv": [10.25, 10.5, 10.3125, 10.6875], "texture": "#2"},
				"south": {"uv": [9.75, 9.5, 10.0625, 9.6875], "texture": "#2"},
				"west": {"uv": [10.5, 10.5, 10.5625, 10.6875], "texture": "#2"},
				"up": {"uv": [10.8125, 4.0625, 10.5, 4], "texture": "#2"},
				"down": {"uv": [4.8125, 10.5, 4.5, 10.5625], "texture": "#2"}
			}
		},
		{
			"from": [7.433, 5.62228, 20.32706],
			"to": [8.567, 6.43228, 20.65106],
			"rotation": {"angle": 0, "axis": "y", "origin": [8, 10.1006, 7.9896]},
			"faces": {
				"north": {"uv": [9.75, 9.75, 10.0625, 9.9375], "texture": "#2"},
				"east": {"uv": [10.5, 10.5, 10.5625, 10.6875], "texture": "#2"},
				"south": {"uv": [10, 0, 10.3125, 0.1875], "texture": "#2"},
				"west": {"uv": [10.5, 10.5, 10.5625, 10.6875], "texture": "#2"},
				"up": {"uv": [5.3125, 10.5625, 5, 10.5], "texture": "#2"},
				"down": {"uv": [10.8125, 5, 10.5, 5.0625], "texture": "#2"}
			}
		},
		{
			"from": [7.433, 5.37928, 19.59806],
			"to": [8.567, 5.62228, 20.32706],
			"rotation": {"angle": 0, "axis": "y", "origin": [8, 10.1006, 7.9896]},
			"faces": {
				"north": {"uv": [5.5, 10.5, 5.8125, 10.5625], "texture": "#2"},
				"east": {"uv": [10.75, 0, 10.9375, 0.0625], "texture": "#2"},
				"south": {"uv": [6, 10.5, 6.3125, 10.5625], "texture": "#2"},
				"west": {"uv": [10.75, 0, 10.9375, 0.0625], "texture": "#2"},
				"up": {"uv": [0.5625, 10.1875, 0.25, 10], "texture": "#2"},
				"down": {"uv": [10.3125, 0.25, 10, 0.4375], "texture": "#2"}
			}
		},
		{
			"from": [7.676, 4.44778, 15.38606],
			"to": [8.324, 4.77178, 17.04656],
			"rotation": {"angle": 0, "axis": "y", "origin": [8, 10.1006, 7.9896]},
			"faces": {
				"north": {"uv": [10.75, 0.25, 10.9375, 0.3125], "texture": "#2"},
				"east": {"uv": [10.25, 4.5, 10.6875, 4.5625], "texture": "#2"},
				"south": {"uv": [0.5, 10.75, 0.6875, 10.8125], "texture": "#2"},
				"west": {"uv": [10.6875, 4.5, 10.25, 4.5625], "texture": "#2"},
				"up": {"uv": [2.6875, 9.9375, 2.5, 9.5], "texture": "#2"},
				"down": {"uv": [9.6875, 2.5, 9.5, 2.9375], "texture": "#2"}
			}
		},
		{
			"from": [7.676, 5.82478, 17.65406],
			"to": [8.324, 6.18928, 19.47656],
			"rotation": {"angle": 0, "axis": "y", "origin": [8, 10.1006, 7.9896]},
			"faces": {
				"north": {"uv": [0.75, 10.75, 0.9375, 10.8125], "texture": "#2"},
				"east": {"uv": [10.25, 5.25, 10.6875, 5.3125], "texture": "#2"},
				"south": {"uv": [1, 10.75, 1.1875, 10.8125], "texture": "#2"},
				"west": {"uv": [10.6875, 5.25, 10.25, 5.3125], "texture": "#2"},
				"up": {"uv": [2.9375, 9.9375, 2.75, 9.5], "texture": "#2"},
				"down": {"uv": [9.6875, 3, 9.5, 3.4375], "texture": "#2"}
			}
		},
		{
			"from": [7.676, 5.54128, 16.84406],
			"to": [8.324, 5.82478, 18.66656],
			"rotation": {"angle": 0, "axis": "y", "origin": [8, 10.1006, 7.9896]},
			"faces": {
				"north": {"uv": [1.25, 10.75, 1.4375, 10.8125], "texture": "#2"},
				"east": {"uv": [10.25, 5.75, 10.6875, 5.8125], "texture": "#2"},
				"south": {"uv": [1.5, 10.75, 1.6875, 10.8125], "texture": "#2"},
				"west": {"uv": [10.6875, 5.75, 10.25, 5.8125], "texture": "#2"},
				"up": {"uv": [9.6875, 3.9375, 9.5, 3.5], "texture": "#2"},
				"down": {"uv": [6.1875, 9.5, 6, 9.9375], "texture": "#2"}
			}
		},
		{
			"from": [7.676, 5.03503, 17.45156],
			"to": [8.324, 5.29828, 17.89706],
			"rotation": {"angle": 0, "axis": "y", "origin": [8, 10.1006, 7.9896]},
			"faces": {
				"north": {"uv": [1.75, 10.75, 1.9375, 10.8125], "texture": "#2"},
				"east": {"uv": [10.75, 5.25, 10.875, 5.3125], "texture": "#2"},
				"south": {"uv": [10.75, 1.75, 10.9375, 1.8125], "texture": "#2"},
				"west": {"uv": [10.75, 5.25, 10.875, 5.3125], "texture": "#2"},
				"up": {"uv": [6.4375, 10.375, 6.25, 10.25], "texture": "#2"},
				"down": {"uv": [9.9375, 10.25, 9.75, 10.375], "texture": "#2"}
			}
		},
		{
			"from": [7.676, 6.18928, 18.05906],
			"to": [8.324, 6.39178, 18.82856],
			"rotation": {"angle": 0, "axis": "y", "origin": [8, 10.1006, 7.9896]},
			"faces": {
				"north": {"uv": [2, 10.75, 2.1875, 10.8125], "texture": "#2"},
				"east": {"uv": [2.25, 10.75, 2.4375, 10.8125], "texture": "#2"},
				"south": {"uv": [2.5, 10.75, 2.6875, 10.8125], "texture": "#2"},
				"west": {"uv": [2.4375, 10.75, 2.25, 10.8125], "texture": "#2"},
				"up": {"uv": [10.4375, 1.4375, 10.25, 1.25], "texture": "#2"},
				"down": {"uv": [1.6875, 10.25, 1.5, 10.4375], "texture": "#2"}
			}
		},
		{
			"from": [7.676, 4.77178, 14.98106],
			"to": [8.324, 5.29828, 17.45156],
			"rotation": {"angle": 0, "axis": "y", "origin": [8, 10.1006, 7.9896]},
			"faces": {
				"north": {"uv": [10.25, 9.75, 10.4375, 9.875], "texture": "#2"},
				"east": {"uv": [9.5, 8, 10.125, 8.125], "texture": "#2"},
				"south": {"uv": [10, 10.25, 10.1875, 10.375], "texture": "#2"},
				"west": {"uv": [10.125, 8, 9.5, 8.125], "texture": "#2"},
				"up": {"uv": [7.6875, 9.625, 7.5, 9], "texture": "#2"},
				"down": {"uv": [7.9375, 9, 7.75, 9.625], "texture": "#2"}
			}
		},
		{
			"from": [7.676, 5.29828, 16.60106],
			"to": [8.324, 5.54128, 18.26156],
			"rotation": {"angle": 0, "axis": "y", "origin": [8, 10.1006, 7.9896]},
			"faces": {
				"north": {"uv": [3, 10.75, 3.1875, 10.8125], "texture": "#2"},
				"east": {"uv": [10.25, 6.25, 10.6875, 6.3125], "texture": "#2"},
				"south": {"uv": [3.25, 10.75, 3.4375, 10.8125], "texture": "#2"},
				"west": {"uv": [10.6875, 6.25, 10.25, 6.3125], "texture": "#2"},
				"up": {"uv": [6.6875, 9.9375, 6.5, 9.5], "texture": "#2"},
				"down": {"uv": [6.9375, 9.5, 6.75, 9.9375], "texture": "#2"}
			}
		},
		{
			"from": [7.676, 6.99928, 18.14006],
			"to": [8.324, 7.48528, 18.80831],
			"rotation": {"angle": 0, "axis": "y", "origin": [8, 10.1006, 7.9896]},
			"faces": {
				"north": {"uv": [10.25, 10.25, 10.4375, 10.375], "texture": "#2"},
				"east": {"uv": [10.5, 0, 10.6875, 0.125], "texture": "#2"},
				"south": {"uv": [10.5, 0.25, 10.6875, 0.375], "texture": "#2"},
				"west": {"uv": [10.6875, 0, 10.5, 0.125], "texture": "#2"},
				"up": {"uv": [10.4375, 1.6875, 10.25, 1.5], "texture": "#2"},
				"down": {"uv": [10.4375, 1.75, 10.25, 1.9375], "texture": "#2"}
			}
		},
		{
			"from": [7.676, 7.48528, 16.52006],
			"to": [8.324, 7.80928, 18.46406],
			"rotation": {"angle": 0, "axis": "y", "origin": [8, 10.1006, 7.9896]},
			"faces": {
				"north": {"uv": [10.75, 3.25, 10.9375, 3.3125], "texture": "#2"},
				"east": {"uv": [10.25, 3.5, 10.75, 3.5625], "texture": "#2"},
				"south": {"uv": [3.5, 10.75, 3.6875, 10.8125], "texture": "#2"},
				"west": {"uv": [10.75, 3.5, 10.25, 3.5625], "texture": "#2"},
				"up": {"uv": [3.4375, 9.75, 3.25, 9.25], "texture": "#2"},
				"down": {"uv": [5.1875, 9.25, 5, 9.75], "texture": "#2"}
			}
		}
	],
	"display": {
		"thirdperson_righthand": {
			"rotation": [67.5, 0, 0],
			"translation": [-1.75, 6, 1.5]
		},
		"thirdperson_lefthand": {
			"rotation": [67.5, 0, 0],
			"translation": [-1.75, 6, 1.5]
		},
		"firstperson_righthand": {
			"translation": [-3, 2, -1.75],
			"scale": [1.4, 1.4, 1.4]
		},
		"firstperson_lefthand": {
			"translation": [-3, 2, -1.75],
			"scale": [1.4, 1.4, 1.4]
		},
		"ground": {
			"translation": [0, 1.25, -0.5]
		},
		"gui": {
			"rotation": [159.18, -42.16, -176.01],
			"translation": [0.75, -1, 0],
			"scale": [0.95, 0.95, 0.95]
		},
		"fixed": {
			"rotation": [0, 90, 0],
			"translation": [0, 0, -1.5],
			"scale": [2, 2, 2]
		}
	},
	"groups": [
		{
			"name": "selyan_stickler",
			"origin": [8, 7.17903, 10.61106],
			"color": 0,
			"children": [
				{
					"name": "barrel",
					"origin": [8, 7.17903, 10.61106],
					"color": 0,
					"children": [
						0,
						{
							"name": "iron_sight",
							"origin": [7.66545, 10.80397, 2.71394],
							"color": 0,
							"children": [1, 2, 3, 4, 5, 6, 7, 8, 9, 10, 11]
						}
					]
				},
				{
					"name": "inner_body",
					"origin": [8, 6.77903, 10.61106],
					"color": 0,
					"children": [12, 13, 14]
				},
				{
					"name": "body_cover",
					"origin": [7.66545, 8.80397, 2.71394],
					"color": 0,
					"children": [15, 16, 17, 18, 19, 20, 21, 22, 23, 24, 25]
				},
				{
					"name": "rail",
					"origin": [7.66545, 8.35397, 2.09325],
					"color": 0,
					"children": [26, 27, 28, 29, 30, 31, 32]
				},
				{
					"name": "mag",
					"origin": [8, 7.17903, 10.61106],
					"color": 0,
					"children": [
						{
							"name": "cylinder",
							"origin": [4.88975, 14.43617, 31.87716],
							"color": 1,
							"children": [33, 34, 35, 36, 37, 38, 39, 40]
						},
						{
							"name": "cover",
							"origin": [4.64093, 15.01674, 34.81845],
							"color": 1,
							"children": [41, 42, 43, 44]
						},
						{
							"name": "cover",
							"origin": [4.10348, 16.27078, 41.47563],
							"color": 1,
							"children": [45, 46, 47, 48]
						}
					]
				},
				{
					"name": "trigger_guard",
					"origin": [8, 6.42278, 4.33606],
					"color": 0,
					"children": [49, 50, 51]
				},
				{
					"name": "handle",
					"origin": [8, 7.07278, 3.96106],
					"color": 8,
					"children": [52, 53, 54, 55, 56, 57, 58, 59]
				},
				{
					"name": "underbarrel_rail",
					"origin": [8.46545, 8.35397, 2.09325],
					"color": 0,
					"children": [60, 61, 62, 63, 64]
				},
				{
					"name": "attachments",
					"origin": [8, 8, 8],
					"color": 0,
					"children": [
						{
							"name": "scope",
							"origin": [4.528, 8.51653, 34.36106],
							"color": 0,
							"children": [
								{
									"name": "glass",
									"origin": [4.528, 8.51653, 34.36106],
									"color": 0,
									"children": [65]
								},
								{
									"name": "body_cover",
									"origin": [4.19345, 10.14147, 26.46394],
									"color": 0,
									"children": [66, 67]
								},
								{
									"name": "frame",
									"origin": [4.19345, 8.54147, 26.46394],
									"color": 0,
									"children": [68, 69]
								},
								{
									"name": "scope_back",
									"origin": [8.10206, 12.36718, 14.0172],
									"color": 0,
									"children": [
										70,
										{
											"name": "scope_cover",
											"origin": [7.90688, 11.74218, 9.5922],
											"color": 0,
											"children": [71, 72, 73, 74, 75, 76, 77, 78]
										},
										{
											"name": "scope_frame",
											"origin": [8.08271, 11.74218, 9.5922],
											"color": 0,
											"children": [79, 80, 81, 82, 83, 84, 85, 86]
										},
										{
											"name": "scope_base",
											"origin": [8.08394, 11.74218, 9.5922],
											"color": 0,
											"children": [87]
										}
									]
								}
							]
						},
						{
							"name": "heart_beat_monitor",
							"origin": [8, 8, 8],
							"color": 0,
							"children": [
								{
									"name": "screen_base",
									"origin": [6.09, 11.40172, 7.91375],
									"color": 0,
									"children": [88, 89]
								},
								{
									"name": "screen_frames",
									"origin": [6.85, 11.40172, 8.09686],
									"color": 0,
									"children": [90, 91, 92, 93]
								},
								94
							]
						},
						{
							"name": "stock",
							"origin": [7.86354, 6.42295, 11.64597],
							"color": 0,
							"children": [
								{
									"name": "stock_in",
									"origin": [8.37801, 6.76567, 5.01659],
									"color": 0,
									"children": [95, 96, 97, 98, 99]
								},
								{
									"name": "stock_cover",
									"origin": [7.86354, 6.42295, 11.64597],
									"color": 9,
									"children": [100, 101, 102, 103, 104, 105, 106, 107, 108, 109, 110]
								},
								{
									"name": "handle_connector",
									"origin": [8.07801, 8.99058, 10.01659],
									"color": 0,
									"children": [111, 112, 113, 114, 115, 116, 117, 118, 119]
								},
								{
									"name": "group",
									"origin": [7.86354, 6.42295, 11.64597],
									"color": 0,
									"children": []
								}
							]
						}
					]
				}
			]
		}
	]
}