{
	"credit": "Made with Blockbench",
	"texture_size": [64, 64],
	"textures": {
		"0": "aoa3:item/shyre_blaster",
		"particle": "aoa3:item/shyre_blaster"
	},
	"elements": [
		{
			"from": [6.866, 8.99388, 7.03849],
			"to": [9.134, 9.75933, 11.57449],
			"rotation": {"angle": 0, "axis": "y", "origin": [8, 9.35325, 7.94997]},
			"faces": {
				"north": {"uv": [9, 8.5, 9.5625, 8.6875], "texture": "#0"},
				"east": {"uv": [8.25, 5.5, 9.375, 5.6875], "texture": "#0"},
				"south": {"uv": [9, 8.75, 9.5625, 8.9375], "texture": "#0"},
				"west": {"uv": [9.375, 5.5, 8.25, 5.6875], "texture": "#0"},
				"up": {"uv": [4.5625, 7.125, 4, 6], "texture": "#0"},
				"down": {"uv": [1.5625, 6.25, 1, 7.375], "texture": "#0"}
			}
		},
		{
			"from": [6.866, 4.82643, 8.17249],
			"to": [9.134, 5.59188, 11.00749],
			"rotation": {"angle": 0, "axis": "y", "origin": [8, 9.35325, 7.94997]},
			"faces": {
				"north": {"uv": [9, 9, 9.5625, 9.1875], "texture": "#0"},
				"east": {"uv": [4.25, 9, 4.9375, 9.1875], "texture": "#0"},
				"south": {"uv": [9.25, 3.5, 9.8125, 3.6875], "texture": "#0"},
				"west": {"uv": [4.9375, 9, 4.25, 9.1875], "texture": "#0"},
				"up": {"uv": [8.0625, 3.4375, 7.5, 2.75], "texture": "#0"},
				"down": {"uv": [8.0625, 4, 7.5, 4.6875], "texture": "#0"}
			}
		},
		{
			"from": [7.433, 4.06098, 8.73949],
			"to": [8.567, 4.82643, 10.44049],
			"rotation": {"angle": 0, "axis": "y", "origin": [8, 9.35325, 7.94997]},
			"faces": {
				"north": {"uv": [5, 9.75, 5.3125, 9.9375], "texture": "#0"},
				"east": {"uv": [3.75, 9.5, 4.1875, 9.6875], "texture": "#0"},
				"south": {"uv": [5, 9.75, 5.3125, 9.9375], "texture": "#0"},
				"west": {"uv": [4.1875, 9.5, 3.75, 9.6875], "texture": "#0"},
				"up": {"uv": [3.0625, 9.4375, 2.75, 9], "texture": "#0"},
				"down": {"uv": [9.3125, 2.75, 9, 3.1875], "texture": "#0"}
			}
		},
		{
			"from": [6.0155, 5.59188, 7.03849],
			"to": [9.9845, 8.99388, 12.14149],
			"rotation": {"angle": 0, "axis": "y", "origin": [8, 9.35325, 7.94997]},
			"faces": {
				"north": {"uv": [0, 5.25, 1, 6.125], "texture": "#0"},
				"east": {"uv": [4, 0.75, 5.25, 1.625], "texture": "#0"},
				"south": {"uv": [5.25, 0.75, 6.25, 1.625], "texture": "#0"},
				"west": {"uv": [5.25, 0.75, 4, 1.625], "texture": "#0"},
				"up": {"uv": [3.75, 3, 2.75, 1.75], "texture": "#0"},
				"down": {"uv": [3.75, 3, 2.75, 4.25], "texture": "#0"}
			}
		},
		{
			"from": [6.6392, 6.83361, 12.14149],
			"to": [9.3608, 7.3836, 13.95022],
			"rotation": {"angle": 0, "axis": "y", "origin": [8, 9.35325, 7.94997]},
			"faces": {
				"north": {"uv": [1, 9.5, 1.6875, 9.625], "texture": "#0"},
				"east": {"uv": [10, 0, 10.4375, 0.125], "texture": "#0"},
				"south": {"uv": [9.5, 1, 10.1875, 1.125], "texture": "#0"},
				"west": {"uv": [10.4375, 0, 10, 0.125], "texture": "#0"},
				"up": {"uv": [8.6875, 6.6875, 8, 6.25], "texture": "#0"},
				"down": {"uv": [8.6875, 6.75, 8, 7.1875], "texture": "#0"}
			}
		},
		{
			"from": [6.6392, 7.3836, 12.11314],
			"to": [9.3608, 7.8939, 12.70282],
			"rotation": {"angle": 0, "axis": "y", "origin": [8, 9.35325, 7.94997]},
			"faces": {
				"north": {"uv": [9.5, 1.25, 10.1875, 1.375], "texture": "#0"},
				"east": {"uv": [7.25, 10.25, 7.375, 10.375], "texture": "#0"},
				"south": {"uv": [9.5, 1.5, 10.1875, 1.625], "texture": "#0"},
				"west": {"uv": [7.375, 10.25, 7.25, 10.375], "texture": "#0"},
				"up": {"uv": [2.4375, 9.625, 1.75, 9.5], "texture": "#0"},
				"down": {"uv": [10.1875, 1.75, 9.5, 1.875], "texture": "#0"}
			}
		},
		{
			"from": [6.6392, 5.20632, 11.00749],
			"to": [9.3608, 6.28362, 12.70282],
			"rotation": {"angle": 0, "axis": "y", "origin": [8, 9.35325, 7.94997]},
			"faces": {
				"north": {"uv": [8.75, 2.5, 9.4375, 2.75], "texture": "#0"},
				"east": {"uv": [9, 6, 9.4375, 6.25], "texture": "#0"},
				"south": {"uv": [4.25, 8.75, 4.9375, 9], "texture": "#0"},
				"west": {"uv": [9.4375, 6, 9, 6.25], "texture": "#0"},
				"up": {"uv": [8.6875, 7.6875, 8, 7.25], "texture": "#0"},
				"down": {"uv": [1.4375, 8.25, 0.75, 8.6875], "texture": "#0"}
			}
		},
		{
			"from": [6.6392, 6.28362, 12.14149],
			"to": [9.3608, 6.83361, 15.28267],
			"rotation": {"angle": 0, "axis": "y", "origin": [8, 9.35325, 7.94997]},
			"faces": {
				"north": {"uv": [9.5, 2, 10.1875, 2.125], "texture": "#0"},
				"east": {"uv": [9.25, 3.75, 10.0625, 3.875], "texture": "#0"},
				"south": {"uv": [2.5, 9.5, 3.1875, 9.625], "texture": "#0"},
				"west": {"uv": [10.0625, 3.75, 9.25, 3.875], "texture": "#0"},
				"up": {"uv": [5.4375, 7.5625, 4.75, 6.75], "texture": "#0"},
				"down": {"uv": [6.1875, 6.75, 5.5, 7.5625], "texture": "#0"}
			}
		},
		{
			"from": [6.6392, 5.77332, 12.70282],
			"to": [9.3608, 6.28362, 14.39815],
			"rotation": {"angle": 0, "axis": "y", "origin": [8, 9.35325, 7.94997]},
			"faces": {
				"north": {"uv": [9.5, 2.5, 10.1875, 2.625], "texture": "#0"},
				"east": {"uv": [4.5, 10, 4.9375, 10.125], "texture": "#0"},
				"south": {"uv": [9.5, 2.75, 10.1875, 2.875], "texture": "#0"},
				"west": {"uv": [4.9375, 10, 4.5, 10.125], "texture": "#0"},
				"up": {"uv": [8.9375, 1.9375, 8.25, 1.5], "texture": "#0"},
				"down": {"uv": [8.9375, 2.75, 8.25, 3.1875], "texture": "#0"}
			}
		},
		{
			"from": [5.46875, 4.17438, 2.78599],
			"to": [10.53125, 5.87538, 5.90449],
			"rotation": {"angle": 0, "axis": "y", "origin": [8, 9.35325, 7.94997]},
			"faces": {
				"north": {"uv": [6.25, 4.25, 7.5, 4.6875], "texture": "#0"},
				"east": {"uv": [0, 8, 0.75, 8.4375], "texture": "#0"},
				"south": {"uv": [6.75, 5.75, 8, 6.1875], "texture": "#0"},
				"west": {"uv": [0.75, 8, 0, 8.4375], "texture": "#0"},
				"up": {"uv": [6, 5.75, 4.75, 5], "texture": "#0"},
				"down": {"uv": [6, 5, 4.75, 5.75], "texture": "#0"}
			}
		},
		{
			"from": [5.4485, 3.60738, 5.79109],
			"to": [10.5515, 10.41138, 7.15189],
			"rotation": {"angle": 0, "axis": "y", "origin": [8, 9.35325, 7.94997]},
			"faces": {
				"north": {"uv": [0, 0, 1.25, 1.6875], "texture": "#0"},
				"east": {"uv": [1.75, 7, 2.0625, 8.6875], "texture": "#0"},
				"south": {"uv": [1.25, 0, 2.5, 1.6875], "texture": "#0"},
				"west": {"uv": [2.0625, 7, 1.75, 8.6875], "texture": "#0"},
				"up": {"uv": [8.25, 5.5625, 7, 5.25], "texture": "#0"},
				"down": {"uv": [8.75, 2.25, 7.5, 2.5625], "texture": "#0"}
			}
		},
		{
			"from": [7.0361, 12.9525, 11.85041],
			"to": [8.9639, 13.9731, 16.49981],
			"rotation": {"angle": 22.5, "axis": "x", "origin": [8, 9.35325, 7.94997]},
			"faces": {
				"north": {"uv": [7, 4, 7.5, 4.25], "texture": "#0"},
				"east": {"uv": [8.25, 2, 9.4375, 2.25], "texture": "#0"},
				"south": {"uv": [5.75, 7.75, 6.25, 8], "texture": "#0"},
				"west": {"uv": [9.4375, 2, 8.25, 2.25], "texture": "#0"},
				"up": {"uv": [7, 2.9375, 6.5, 1.75], "texture": "#0"},
				"down": {"uv": [7, 3, 6.5, 4.1875], "texture": "#0"}
			}
		},
		{
			"from": [7.0361, 10.3443, 10.82982],
			"to": [8.9639, 12.9525, 12.07722],
			"rotation": {"angle": 22.5, "axis": "x", "origin": [8, 9.35325, 7.94997]},
			"faces": {
				"north": {"uv": [2.25, 3.5, 2.75, 4.125], "texture": "#0"},
				"east": {"uv": [1, 8.75, 1.3125, 9.375], "texture": "#0"},
				"south": {"uv": [3, 5.25, 3.5, 5.875], "texture": "#0"},
				"west": {"uv": [1.3125, 8.75, 1, 9.375], "texture": "#0"},
				"up": {"uv": [9.25, 7.5625, 8.75, 7.25], "texture": "#0"},
				"down": {"uv": [9.5, 0.5, 9, 0.8125], "texture": "#0"}
			}
		},
		{
			"from": [7.0361, 12.9525, 11.28341],
			"to": [8.9639, 13.5195, 11.85041],
			"rotation": {"angle": 22.5, "axis": "x", "origin": [8, 9.35325, 7.94997]},
			"faces": {
				"north": {"uv": [9.75, 0.25, 10.25, 0.375], "texture": "#0"},
				"east": {"uv": [7.5, 10.25, 7.625, 10.375], "texture": "#0"},
				"south": {"uv": [0.75, 9.75, 1.25, 9.875], "texture": "#0"},
				"west": {"uv": [7.625, 10.25, 7.5, 10.375], "texture": "#0"},
				"up": {"uv": [1.75, 9.875, 1.25, 9.75], "texture": "#0"},
				"down": {"uv": [2.25, 9.75, 1.75, 9.875], "texture": "#0"}
			}
		},
		{
			"from": [7.0361, 12.9525, 16.49981],
			"to": [8.9639, 13.5195, 17.06681],
			"rotation": {"angle": 22.5, "axis": "x", "origin": [8, 9.35325, 7.94997]},
			"faces": {
				"north": {"uv": [2.25, 9.75, 2.75, 9.875], "texture": "#0"},
				"east": {"uv": [7.75, 10.25, 7.875, 10.375], "texture": "#0"},
				"south": {"uv": [9.75, 2.25, 10.25, 2.375], "texture": "#0"},
				"west": {"uv": [7.875, 10.25, 7.75, 10.375], "texture": "#0"},
				"up": {"uv": [3.25, 9.875, 2.75, 9.75], "texture": "#0"},
				"down": {"uv": [3.75, 9.75, 3.25, 9.875], "texture": "#0"}
			}
		},
		{
			"from": [7.0361, 10.3443, 16.38642],
			"to": [8.9639, 12.9525, 17.63382],
			"rotation": {"angle": 22.5, "axis": "x", "origin": [8, 9.35325, 7.94997]},
			"faces": {
				"north": {"uv": [3, 5.25, 3.5, 5.875], "texture": "#0"},
				"east": {"uv": [1.3125, 8.75, 1, 9.375], "texture": "#0"},
				"south": {"uv": [2.25, 3.5, 2.75, 4.125], "texture": "#0"},
				"west": {"uv": [1, 8.75, 1.3125, 9.375], "texture": "#0"},
				"up": {"uv": [9.5, 1.3125, 9, 1], "texture": "#0"},
				"down": {"uv": [9.5, 1.5, 9, 1.8125], "texture": "#0"}
			}
		},
		{
			"from": [7.0361, 9.7773, 16.38641],
			"to": [8.9639, 10.3443, 16.95341],
			"rotation": {"angle": 22.5, "axis": "x", "origin": [8, 9.35325, 7.94997]},
			"faces": {
				"north": {"uv": [3.75, 9.75, 4.25, 9.875], "texture": "#0"},
				"east": {"uv": [8, 10.25, 8.125, 10.375], "texture": "#0"},
				"south": {"uv": [4.25, 9.75, 4.75, 9.875], "texture": "#0"},
				"west": {"uv": [8.125, 10.25, 8, 10.375], "texture": "#0"},
				"up": {"uv": [10.25, 4.375, 9.75, 4.25], "texture": "#0"},
				"down": {"uv": [10.25, 4.5, 9.75, 4.625], "texture": "#0"}
			}
		},
		{
			"from": [7.0361, 9.3237, 12.07722],
			"to": [8.9639, 10.3443, 16.38642],
			"rotation": {"angle": 22.5, "axis": "x", "origin": [8, 9.35325, 7.94997]},
			"faces": {
				"north": {"uv": [3.25, 9, 3.75, 9.25], "texture": "#0"},
				"east": {"uv": [8.25, 5, 9.3125, 5.25], "texture": "#0"},
				"south": {"uv": [9, 5.75, 9.5, 6], "texture": "#0"},
				"west": {"uv": [9.3125, 5, 8.25, 5.25], "texture": "#0"},
				"up": {"uv": [7.25, 6.25, 6.75, 7.3125], "texture": "#0"},
				"down": {"uv": [7.25, 6.25, 6.75, 7.3125], "texture": "#0"}
			}
		},
		{
			"from": [7.8531, 12.4989, 12.07721],
			"to": [8.1469, 12.9525, 13.60811],
			"rotation": {"angle": 22.5, "axis": "x", "origin": [8, 9.35325, 7.94997]},
			"faces": {
				"north": {"uv": [4.5, 10.5, 4.5625, 10.625], "texture": "#0"},
				"east": {"uv": [5.5, 10, 5.875, 10.125], "texture": "#0"},
				"south": {"uv": [4.75, 10.5, 4.8125, 10.625], "texture": "#0"},
				"west": {"uv": [5.875, 10, 5.5, 10.125], "texture": "#0"},
				"up": {"uv": [0.5625, 10.625, 0.5, 10.25], "texture": "#0"},
				"down": {"uv": [10.3125, 5.25, 10.25, 5.625], "texture": "#0"}
			}
		},
		{
			"from": [7.8531, 12.0453, 12.07721],
			"to": [8.1469, 12.4989, 12.75761],
			"rotation": {"angle": 22.5, "axis": "x", "origin": [8, 9.35325, 7.94997]},
			"faces": {
				"north": {"uv": [5, 10.5, 5.0625, 10.625], "texture": "#0"},
				"east": {"uv": [5.5, 10.25, 5.6875, 10.375], "texture": "#0"},
				"south": {"uv": [5.25, 10.5, 5.3125, 10.625], "texture": "#0"},
				"west": {"uv": [5.6875, 10.25, 5.5, 10.375], "texture": "#0"},
				"up": {"uv": [4.0625, 10.6875, 4, 10.5], "texture": "#0"},
				"down": {"uv": [4.3125, 10.5, 4.25, 10.6875], "texture": "#0"}
			}
		},
		{
			"from": [6.74614, 4.09017, 7.44279],
			"to": [9.25705, 5.33642, 10.45131],
			"rotation": {"angle": 0, "axis": "y", "origin": [8, 4.71325, 8.94697]},
			"faces": {
				"north": {"uv": [9.5, 0.5, 10.125, 0.8125], "texture": "#0"},
				"east": {"uv": [9, 4.5, 9.75, 4.8125], "texture": "#0"},
				"south": {"uv": [9.5, 5.5, 10.125, 5.8125], "texture": "#0"},
				"west": {"uv": [5, 9, 5.75, 9.3125], "texture": "#0"},
				"up": {"uv": [0.625, 8, 0, 7.25], "texture": "#0"},
				"down": {"uv": [2.875, 7.25, 2.25, 8], "texture": "#0"}
			}
		},
		{
			"from": [6.74776, 4.09015, 7.44276],
			"to": [9.25638, 5.3364, 10.45129],
			"rotation": {"angle": 45, "axis": "x", "origin": [8, 4.71325, 8.94697]},
			"faces": {
				"north": {"uv": [7.25, 9.5, 7.875, 9.8125], "texture": "#0"},
				"east": {"uv": [7, 9, 7.75, 9.3125], "texture": "#0"},
				"south": {"uv": [9.75, 4.75, 10.375, 5.0625], "texture": "#0"},
				"west": {"uv": [7.75, 9, 8.5, 9.3125], "texture": "#0"},
				"up": {"uv": [4.375, 8, 3.75, 7.25], "texture": "#0"},
				"down": {"uv": [7.875, 6.25, 7.25, 7], "texture": "#0"}
			}
		},
		{
			"from": [6.7466, 4.09017, 7.44264],
			"to": [9.25522, 5.33641, 10.45116],
			"rotation": {"angle": -45, "axis": "x", "origin": [8, 4.71325, 8.94697]},
			"faces": {
				"north": {"uv": [9.75, 8.5, 10.375, 8.8125], "texture": "#0"},
				"east": {"uv": [0, 9.25, 0.75, 9.5625], "texture": "#0"},
				"south": {"uv": [9.75, 9, 10.375, 9.3125], "texture": "#0"},
				"west": {"uv": [4.25, 9.25, 5, 9.5625], "texture": "#0"},
				"up": {"uv": [7.875, 7.75, 7.25, 7], "texture": "#0"},
				"down": {"uv": [1.375, 7.5, 0.75, 8.25], "texture": "#0"}
			}
		},
		{
			"from": [6.73638, 3.20894, 8.32383],
			"to": [9.25949, 6.21746, 9.57008],
			"rotation": {"angle": 0, "axis": "y", "origin": [8, 4.71325, 8.94697]},
			"faces": {
				"north": {"uv": [6.25, 7.5, 6.875, 8.25], "texture": "#0"},
				"east": {"uv": [8.5, 8.5, 8.8125, 9.25], "texture": "#0"},
				"south": {"uv": [7.75, 0, 8.375, 0.75], "texture": "#0"},
				"west": {"uv": [5.75, 9, 6.0625, 9.75], "texture": "#0"},
				"up": {"uv": [10.375, 9.8125, 9.75, 9.5], "texture": "#0"},
				"down": {"uv": [1.375, 10, 0.75, 10.3125], "texture": "#0"}
			}
		},
		{
			"from": [6.74614, 4.23417, 7.15479],
			"to": [9.25705, 5.19242, 10.73931],
			"rotation": {"angle": 0, "axis": "y", "origin": [8, 4.71325, 8.94697]},
			"faces": {
				"north": {"uv": [9.5, 3, 10.125, 3.25], "texture": "#0"},
				"east": {"uv": [2.5, 1.5, 3.375, 1.75], "texture": "#0"},
				"south": {"uv": [9.5, 3, 10.125, 3.25], "texture": "#0"},
				"west": {"uv": [8.75, 2.25, 9.625, 2.5], "texture": "#0"},
				"up": {"uv": [0.625, 4.625, 0, 3.75], "texture": "#0"},
				"down": {"uv": [3.625, 4.25, 3, 5.125], "texture": "#0"}
			}
		},
		{
			"from": [6.74776, 4.23415, 7.15476],
			"to": [9.25638, 5.1924, 10.73929],
			"rotation": {"angle": 45, "axis": "x", "origin": [8, 4.71325, 8.94697]},
			"faces": {
				"north": {"uv": [9.5, 3, 10.125, 3.25], "texture": "#0"},
				"east": {"uv": [8.75, 8, 9.625, 8.25], "texture": "#0"},
				"south": {"uv": [9.5, 3, 10.125, 3.25], "texture": "#0"},
				"west": {"uv": [1.5, 9.25, 2.375, 9.5], "texture": "#0"},
				"up": {"uv": [5.375, 6.625, 4.75, 5.75], "texture": "#0"},
				"down": {"uv": [0.625, 6.25, 0, 7.125], "texture": "#0"}
			}
		},
		{
			"from": [6.7466, 4.23417, 7.15464],
			"to": [9.25522, 5.19241, 10.73916],
			"rotation": {"angle": -45, "axis": "x", "origin": [8, 4.71325, 8.94697]},
			"faces": {
				"north": {"uv": [9.5, 3, 10.125, 3.25], "texture": "#0"},
				"east": {"uv": [3.25, 9.25, 4.125, 9.5], "texture": "#0"},
				"south": {"uv": [9.5, 3, 10.125, 3.25], "texture": "#0"},
				"west": {"uv": [9.25, 7.25, 10.125, 7.5], "texture": "#0"},
				"up": {"uv": [6.875, 1.625, 6.25, 0.75], "texture": "#0"},
				"down": {"uv": [2.875, 6.25, 2.25, 7.125], "texture": "#0"}
			}
		},
		{
			"from": [6.73638, 2.92094, 8.46783],
			"to": [9.25949, 6.50546, 9.42608],
			"rotation": {"angle": 0, "axis": "y", "origin": [8, 4.71325, 8.94697]},
			"faces": {
				"north": {"uv": [7, 0, 7.625, 0.875], "texture": "#0"},
				"east": {"uv": [9.5, 9.25, 9.75, 10.125], "texture": "#0"},
				"south": {"uv": [7, 1, 7.625, 1.875], "texture": "#0"},
				"west": {"uv": [0, 9.75, 0.25, 10.625], "texture": "#0"},
				"up": {"uv": [9.5, 3, 10.125, 3.25], "texture": "#0"},
				"down": {"uv": [9.5, 3, 10.125, 3.25], "texture": "#0"}
			}
		},
		{
			"from": [5.87427, 3.93266, 7.06253],
			"to": [6.76156, 5.49395, 10.83161],
			"rotation": {"angle": 0, "axis": "y", "origin": [8, 4.71325, 8.94697]},
			"faces": {
				"north": {"uv": [4.5, 7.25, 4.75, 7.625], "texture": "#0"},
				"east": {"uv": [4.5, 7.75, 5.4375, 8.125], "texture": "#0"},
				"south": {"uv": [4.75, 7.25, 4.5, 7.625], "texture": "#0"},
				"west": {"uv": [5.4375, 7.75, 4.5, 8.125], "texture": "#0"},
				"up": {"uv": [1, 4.6875, 0.75, 3.75], "texture": "#0"},
				"down": {"uv": [4, 0.75, 3.75, 1.6875], "texture": "#0"}
			}
		},
		{
			"from": [5.8763, 3.93263, 7.0625],
			"to": [6.76072, 5.49393, 10.83158],
			"rotation": {"angle": 45, "axis": "x", "origin": [8, 4.71325, 8.94697]},
			"faces": {
				"north": {"uv": [8, 4.75, 8.25, 5.125], "texture": "#0"},
				"east": {"uv": [3.1875, 8, 2.25, 8.375], "texture": "#0"},
				"south": {"uv": [9, 0.75, 8.75, 1.125], "texture": "#0"},
				"west": {"uv": [3.1875, 8, 2.25, 8.375], "texture": "#0"},
				"up": {"uv": [4, 6.6875, 3.75, 5.75], "texture": "#0"},
				"down": {"uv": [6.25, 3.75, 6, 4.6875], "texture": "#0"}
			}
		},
		{
			"from": [5.87485, 3.93265, 7.06234],
			"to": [6.75926, 5.49395, 10.83142],
			"rotation": {"angle": -45, "axis": "x", "origin": [8, 4.71325, 8.94697]},
			"faces": {
				"north": {"uv": [8.75, 0.75, 9, 1.125], "texture": "#0"},
				"east": {"uv": [8, 3.5, 8.9375, 3.875], "texture": "#0"},
				"south": {"uv": [8.25, 4.75, 8, 5.125], "texture": "#0"},
				"west": {"uv": [8.9375, 3.5, 8, 3.875], "texture": "#0"},
				"up": {"uv": [1, 7.1875, 0.75, 6.25], "texture": "#0"},
				"down": {"uv": [1.75, 7.5, 1.5, 8.4375], "texture": "#0"}
			}
		},
		{
			"from": [5.86204, 2.82865, 8.16631],
			"to": [6.76461, 6.59773, 9.72761],
			"rotation": {"angle": 0, "axis": "y", "origin": [8, 4.71325, 8.94697]},
			"faces": {
				"north": {"uv": [0.75, 8.75, 1, 9.6875], "texture": "#0"},
				"east": {"uv": [7, 2, 7.375, 2.9375], "texture": "#0"},
				"south": {"uv": [6.25, 9.25, 6.5, 10.1875], "texture": "#0"},
				"west": {"uv": [7.375, 2, 7, 2.9375], "texture": "#0"},
				"up": {"uv": [0.75, 10.125, 0.5, 9.75], "texture": "#0"},
				"down": {"uv": [4, 10, 3.75, 10.375], "texture": "#0"}
			}
		},
		{
			"from": [9.24243, 3.93266, 7.06253],
			"to": [10.12972, 5.49395, 10.83161],
			"rotation": {"angle": 0, "axis": "y", "origin": [8, 4.71325, 8.94697]},
			"faces": {
				"north": {"uv": [4.75, 7.25, 4.5, 7.625], "texture": "#0"},
				"east": {"uv": [4.5, 7.75, 5.4375, 8.125], "texture": "#0"},
				"south": {"uv": [4.5, 7.25, 4.75, 7.625], "texture": "#0"},
				"west": {"uv": [5.4375, 7.75, 4.5, 8.125], "texture": "#0"},
				"up": {"uv": [6.75, 10.1875, 6.5, 9.25], "texture": "#0"},
				"down": {"uv": [7, 9.25, 6.75, 10.1875], "texture": "#0"}
			}
		},
		{
			"from": [9.24446, 3.93263, 7.0625],
			"to": [10.12888, 5.49393, 10.83158],
			"rotation": {"angle": 45, "axis": "x", "origin": [8, 4.71325, 8.94697]},
			"faces": {
				"north": {"uv": [8.25, 4.75, 8, 5.125], "texture": "#0"},
				"east": {"uv": [3.1875, 8, 2.25, 8.375], "texture": "#0"},
				"south": {"uv": [8.75, 0.75, 9, 1.125], "texture": "#0"},
				"west": {"uv": [3.1875, 8, 2.25, 8.375], "texture": "#0"},
				"up": {"uv": [8.75, 10.1875, 8.5, 9.25], "texture": "#0"},
				"down": {"uv": [9, 9.25, 8.75, 10.1875], "texture": "#0"}
			}
		},
		{
			"from": [9.24301, 3.93265, 7.06234],
			"to": [10.12742, 5.49395, 10.83142],
			"rotation": {"angle": -45, "axis": "x", "origin": [8, 4.71325, 8.94697]},
			"faces": {
				"north": {"uv": [9, 0.75, 8.75, 1.125], "texture": "#0"},
				"east": {"uv": [8, 3.5, 8.9375, 3.875], "texture": "#0"},
				"south": {"uv": [8, 4.75, 8.25, 5.125], "texture": "#0"},
				"west": {"uv": [8.9375, 3.5, 8, 3.875], "texture": "#0"},
				"up": {"uv": [9.25, 10.1875, 9, 9.25], "texture": "#0"},
				"down": {"uv": [9.5, 9.25, 9.25, 10.1875], "texture": "#0"}
			}
		},
		{
			"from": [9.2302, 2.82865, 8.16631],
			"to": [10.13277, 6.59773, 9.72761],
			"rotation": {"angle": 0, "axis": "y", "origin": [8, 4.71325, 8.94697]},
			"faces": {
				"north": {"uv": [7, 9.5, 7.25, 10.4375], "texture": "#0"},
				"east": {"uv": [7, 2, 7.375, 2.9375], "texture": "#0"},
				"south": {"uv": [8.25, 9.5, 8.5, 10.4375], "texture": "#0"},
				"west": {"uv": [7.375, 2, 7, 2.9375], "texture": "#0"},
				"up": {"uv": [0.5, 10.125, 0.75, 9.75], "texture": "#0"},
				"down": {"uv": [10.5, 1.25, 10.25, 1.625], "texture": "#0"}
			}
		},
		{
			"from": [6.92485, 5.25028, -0.95707],
			"to": [9.07515, 5.77519, 6.06301],
			"rotation": {"angle": 0, "axis": "y", "origin": [8, 7.62525, 2.92797]},
			"faces": {
				"north": {"uv": [10.5, 1.25, 11.0625, 1.375], "texture": "#0"},
				"east": {"uv": [2.5, 0, 4.375, 0.5625], "texture": "#0"},
				"south": {"uv": [10.5, 1.25, 11.0625, 1.375], "texture": "#0"},
				"west": {"uv": [4.375, 0, 2.5, 0.5625], "texture": "#0"},
				"up": {"uv": [2.8125, 6.125, 2.25, 4.25], "texture": "#0"},
				"down": {"uv": [2.5, 0, 4.375, 0.5625], "rotation": 90, "texture": "#0"}
			}
		},
		{
			"from": [5.86645, 6.30009, -0.95707],
			"to": [10.13355, 8.4504, 6.06301],
			"rotation": {"angle": 0, "axis": "y", "origin": [8, 7.62525, 2.92797]},
			"faces": {
				"north": {"uv": [2.5, 0.75, 3.5625, 1.3125], "texture": "#0"},
				"east": {"uv": [2.5, 0, 4.375, 0.5625], "texture": "#0"},
				"south": {"uv": [2.5, 0.75, 3.5625, 1.3125], "texture": "#0"},
				"west": {"uv": [4.375, 0, 2.5, 0.5625], "texture": "#0"},
				"up": {"uv": [4.375, 0, 2.5, 0.5625], "rotation": 90, "texture": "#0"},
				"down": {"uv": [2.5, 0, 4.375, 0.5625], "rotation": 90, "texture": "#0"}
			}
		},
		{
			"from": [6.39565, 5.77519, -0.95707],
			"to": [9.60435, 6.30009, 6.06301],
			"rotation": {"angle": 0, "axis": "y", "origin": [8, 7.62525, 2.92797]},
			"faces": {
				"north": {"uv": [9.75, 8, 10.5625, 8.125], "texture": "#0"},
				"east": {"uv": [2.5, 0, 4.375, 0.5625], "texture": "#0"},
				"south": {"uv": [9.75, 8, 10.5625, 8.125], "texture": "#0"},
				"west": {"uv": [4.375, 0, 2.5, 0.5625], "texture": "#0"},
				"up": {"uv": [2.0625, 3.625, 1.25, 1.75], "texture": "#0"},
				"down": {"uv": [2.5, 0, 4.375, 0.5625], "rotation": 90, "texture": "#0"}
			}
		},
		{
			"from": [6.92485, 8.97531, -0.95707],
			"to": [9.07515, 9.50021, 6.06301],
			"rotation": {"angle": 0, "axis": "y", "origin": [8, 7.62525, 2.92797]},
			"faces": {
				"north": {"uv": [10.5, 1.75, 11.0625, 1.875], "texture": "#0"},
				"east": {"uv": [2.5, 0, 4.375, 0.5625], "texture": "#0"},
				"south": {"uv": [10.5, 1.75, 11.0625, 1.875], "texture": "#0"},
				"west": {"uv": [4.375, 0, 2.5, 0.5625], "texture": "#0"},
				"up": {"uv": [4.375, 0, 2.5, 0.5625], "rotation": 90, "texture": "#0"},
				"down": {"uv": [6.5625, 4.75, 6, 6.625], "texture": "#0"}
			}
		},
		{
			"from": [6.39565, 8.4504, -0.95707],
			"to": [9.60435, 8.97531, 6.06301],
			"rotation": {"angle": 0, "axis": "y", "origin": [8, 7.62525, 2.92797]},
			"faces": {
				"north": {"uv": [10, 7.5, 10.8125, 7.625], "texture": "#0"},
				"east": {"uv": [2.5, 0, 4.375, 0.5625], "texture": "#0"},
				"south": {"uv": [10, 7.5, 10.8125, 7.625], "texture": "#0"},
				"west": {"uv": [4.375, 0, 2.5, 0.5625], "texture": "#0"},
				"up": {"uv": [4.375, 0, 2.5, 0.5625], "rotation": 90, "texture": "#0"},
				"down": {"uv": [5.5625, 1.75, 4.75, 3.625], "texture": "#0"}
			}
		},
		{
			"from": [6.78039, 5.02218, -2.58016],
			"to": [9.21961, 5.6054, -0.61341],
			"rotation": {"angle": 0, "axis": "y", "origin": [8, 7.43325, -1.72178]},
			"faces": {
				"north": {"uv": [7.25, 10, 7.875, 10.125], "texture": "#0"},
				"east": {"uv": [3.25, 9.5, 3.75, 9.625], "texture": "#0"},
				"south": {"uv": [7.25, 10, 7.875, 10.125], "texture": "#0"},
				"west": {"uv": [3.75, 9.5, 3.25, 9.625], "texture": "#0"},
				"up": {"uv": [8.625, 7.75, 8, 8.25], "texture": "#0"},
				"down": {"uv": [8.625, 7.75, 8, 8.25], "texture": "#0"}
			}
		},
		{
			"from": [5.62939, 6.18863, -1.83016],
			"to": [6.37061, 8.57786, -0.11341],
			"rotation": {"angle": 0, "axis": "y", "origin": [8, 7.43325, -1.72178]},
			"faces": {
				"north": {"uv": [0.5, 8.5, 0.6875, 9.125], "texture": "#0"},
				"east": {"uv": [6.5, 0, 6.9375, 0.625], "texture": "#0"},
				"south": {"uv": [0.6875, 8.5, 0.5, 9.125], "texture": "#0"},
				"west": {"uv": [6.9375, 0, 6.5, 0.625], "texture": "#0"},
				"up": {"uv": [10.25, 3.1875, 10.4375, 2.75], "texture": "#0"},
				"down": {"uv": [10.25, 3.1875, 10.4375, 2.75], "texture": "#0"}
			}
		},
		{
			"from": [5.96739, 5.6054, -2.58016],
			"to": [7.03261, 6.18863, -0.61341],
			"rotation": {"angle": 0, "axis": "y", "origin": [8, 7.43325, -1.72178]},
			"faces": {
				"north": {"uv": [3.5, 1.5, 3.75, 1.625], "texture": "#0"},
				"east": {"uv": [10.5, 2.75, 11, 2.875], "texture": "#0"},
				"south": {"uv": [3.75, 1.5, 3.5, 1.625], "texture": "#0"},
				"west": {"uv": [11, 2.75, 10.5, 2.875], "texture": "#0"},
				"up": {"uv": [3.75, 5.75, 3.5, 5.25], "texture": "#0"},
				"down": {"uv": [6.25, 3.75, 6.5, 4.25], "texture": "#0"}
			}
		},
		{
			"from": [6.78039, 9.16109, -1.08016],
			"to": [9.21961, 9.74432, 0.38659],
			"rotation": {"angle": 0, "axis": "y", "origin": [8, 7.43325, -1.72178]},
			"faces": {
				"north": {"uv": [10.25, 3.75, 10.875, 3.875], "texture": "#0"},
				"east": {"uv": [9.5, 10.5, 9.875, 10.625], "texture": "#0"},
				"south": {"uv": [10.875, 3.75, 10.25, 3.875], "texture": "#0"},
				"west": {"uv": [9.875, 10.5, 9.5, 10.625], "texture": "#0"},
				"up": {"uv": [3.375, 8.875, 2.75, 8.5], "texture": "#0"},
				"down": {"uv": [6.125, 8.5, 5.5, 8.875], "texture": "#0"}
			}
		},
		{
			"from": [5.96739, 8.57786, -1.08016],
			"to": [7.03261, 9.16109, 0.38659],
			"rotation": {"angle": 0, "axis": "y", "origin": [8, 7.43325, -1.72178]},
			"faces": {
				"north": {"uv": [0.75, 7.25, 1, 7.375], "texture": "#0"},
				"east": {"uv": [0.5, 10.75, 0.875, 10.875], "texture": "#0"},
				"south": {"uv": [1, 7.25, 0.75, 7.375], "texture": "#0"},
				"west": {"uv": [0.875, 10.75, 0.5, 10.875], "texture": "#0"},
				"up": {"uv": [7, 3.375, 7.25, 3], "texture": "#0"},
				"down": {"uv": [7.25, 3.375, 7, 3], "texture": "#0"}
			}
		},
		{
			"from": [8.96739, 8.57786, -1.08016],
			"to": [10.03261, 9.16109, 0.38659],
			"rotation": {"angle": 0, "axis": "y", "origin": [8, 7.43325, -1.72178]},
			"faces": {
				"north": {"uv": [7, 7.5, 7.25, 7.625], "texture": "#0"},
				"east": {"uv": [0.5, 10.75, 0.875, 10.875], "texture": "#0"},
				"south": {"uv": [0.75, 7.25, 1, 7.375], "texture": "#0"},
				"west": {"uv": [0.875, 10.75, 0.5, 10.875], "texture": "#0"},
				"up": {"uv": [7.25, 3.375, 7, 3], "texture": "#0"},
				"down": {"uv": [7, 3.375, 7.25, 3], "texture": "#0"}
			}
		},
		{
			"from": [9.62939, 6.18863, -1.83016],
			"to": [10.37061, 8.57786, -0.11341],
			"rotation": {"angle": 0, "axis": "y", "origin": [8, 7.43325, -1.72178]},
			"faces": {
				"north": {"uv": [0.6875, 8.5, 0.5, 9.125], "texture": "#0"},
				"east": {"uv": [6.5, 0, 6.9375, 0.625], "texture": "#0"},
				"south": {"uv": [0.5, 8.5, 0.6875, 9.125], "texture": "#0"},
				"west": {"uv": [6.9375, 0, 6.5, 0.625], "texture": "#0"},
				"up": {"uv": [10.4375, 3.1875, 10.25, 2.75], "texture": "#0"},
				"down": {"uv": [10.4375, 3.1875, 10.25, 2.75], "texture": "#0"}
			}
		},
		{
			"from": [8.96739, 5.6054, -2.58016],
			"to": [10.03261, 6.18863, -0.61341],
			"rotation": {"angle": 0, "axis": "y", "origin": [8, 7.43325, -1.72178]},
			"faces": {
				"north": {"uv": [3.75, 1.5, 3.5, 1.625], "texture": "#0"},
				"east": {"uv": [10.5, 2.75, 11, 2.875], "texture": "#0"},
				"south": {"uv": [3.5, 1.5, 3.75, 1.625], "texture": "#0"},
				"west": {"uv": [11, 2.75, 10.5, 2.875], "texture": "#0"},
				"up": {"uv": [3.5, 5.75, 3.75, 5.25], "texture": "#0"},
				"down": {"uv": [6.5, 3.75, 6.25, 4.25], "texture": "#0"}
			}
		},
		{
			"from": [6.78039, 5.02218, 0.13659],
			"to": [9.21961, 5.6054, 2.10335],
			"rotation": {"angle": 0, "axis": "y", "origin": [8, 7.43325, -0.75503]},
			"faces": {
				"north": {"uv": [7.25, 10, 7.875, 10.125], "texture": "#0"},
				"east": {"uv": [3.25, 9.5, 3.75, 9.625], "texture": "#0"},
				"south": {"uv": [7.25, 10, 7.875, 10.125], "texture": "#0"},
				"west": {"uv": [3.75, 9.5, 3.25, 9.625], "texture": "#0"},
				"up": {"uv": [8.625, 7.75, 8, 8.25], "texture": "#0"},
				"down": {"uv": [8.625, 7.75, 8, 8.25], "texture": "#0"}
			}
		},
		{
			"from": [5.62939, 6.18863, 0.88659],
			"to": [6.37061, 8.57786, 2.60335],
			"rotation": {"angle": 0, "axis": "y", "origin": [8, 7.43325, -0.75503]},
			"faces": {
				"north": {"uv": [0.5, 8.5, 0.6875, 9.125], "texture": "#0"},
				"east": {"uv": [6.5, 0, 6.9375, 0.625], "texture": "#0"},
				"south": {"uv": [0.6875, 8.5, 0.5, 9.125], "texture": "#0"},
				"west": {"uv": [6.9375, 0, 6.5, 0.625], "texture": "#0"},
				"up": {"uv": [10.25, 3.1875, 10.4375, 2.75], "texture": "#0"},
				"down": {"uv": [10.25, 3.1875, 10.4375, 2.75], "texture": "#0"}
			}
		},
		{
			"from": [5.96739, 5.6054, 0.13659],
			"to": [7.03261, 6.18863, 2.10335],
			"rotation": {"angle": 0, "axis": "y", "origin": [8, 7.43325, -0.75503]},
			"faces": {
				"north": {"uv": [3.5, 1.5, 3.75, 1.625], "texture": "#0"},
				"east": {"uv": [10.5, 2.75, 11, 2.875], "texture": "#0"},
				"south": {"uv": [3.75, 1.5, 3.5, 1.625], "texture": "#0"},
				"west": {"uv": [11, 2.75, 10.5, 2.875], "texture": "#0"},
				"up": {"uv": [3.75, 5.75, 3.5, 5.25], "texture": "#0"},
				"down": {"uv": [6.25, 3.75, 6.5, 4.25], "texture": "#0"}
			}
		},
		{
			"from": [6.78039, 9.16109, 1.63659],
			"to": [9.21961, 9.74432, 3.10335],
			"rotation": {"angle": 0, "axis": "y", "origin": [8, 7.43325, -0.75503]},
			"faces": {
				"north": {"uv": [10.25, 3.75, 10.875, 3.875], "texture": "#0"},
				"east": {"uv": [9.5, 10.5, 9.875, 10.625], "texture": "#0"},
				"south": {"uv": [10.875, 3.75, 10.25, 3.875], "texture": "#0"},
				"west": {"uv": [9.875, 10.5, 9.5, 10.625], "texture": "#0"},
				"up": {"uv": [3.375, 8.875, 2.75, 8.5], "texture": "#0"},
				"down": {"uv": [6.125, 8.5, 5.5, 8.875], "texture": "#0"}
			}
		},
		{
			"from": [5.96739, 8.57786, 1.63659],
			"to": [7.03261, 9.16109, 3.10335],
			"rotation": {"angle": 0, "axis": "y", "origin": [8, 7.43325, -0.75503]},
			"faces": {
				"north": {"uv": [0.75, 7.25, 1, 7.375], "texture": "#0"},
				"east": {"uv": [0.5, 10.75, 0.875, 10.875], "texture": "#0"},
				"south": {"uv": [1, 7.25, 0.75, 7.375], "texture": "#0"},
				"west": {"uv": [0.875, 10.75, 0.5, 10.875], "texture": "#0"},
				"up": {"uv": [7, 3.375, 7.25, 3], "texture": "#0"},
				"down": {"uv": [7.25, 3.375, 7, 3], "texture": "#0"}
			}
		},
		{
			"from": [8.96739, 8.57786, 1.63659],
			"to": [10.03261, 9.16109, 3.10335],
			"rotation": {"angle": 0, "axis": "y", "origin": [8, 7.43325, -0.75503]},
			"faces": {
				"north": {"uv": [7, 7.5, 7.25, 7.625], "texture": "#0"},
				"east": {"uv": [0.5, 10.75, 0.875, 10.875], "texture": "#0"},
				"south": {"uv": [0.75, 7.25, 1, 7.375], "texture": "#0"},
				"west": {"uv": [0.875, 10.75, 0.5, 10.875], "texture": "#0"},
				"up": {"uv": [7.25, 3.375, 7, 3], "texture": "#0"},
				"down": {"uv": [7, 3.375, 7.25, 3], "texture": "#0"}
			}
		},
		{
			"from": [9.62939, 6.18863, 0.88659],
			"to": [10.37061, 8.57786, 2.60335],
			"rotation": {"angle": 0, "axis": "y", "origin": [8, 7.43325, -0.75503]},
			"faces": {
				"north": {"uv": [0.6875, 8.5, 0.5, 9.125], "texture": "#0"},
				"east": {"uv": [6.5, 0, 6.9375, 0.625], "texture": "#0"},
				"south": {"uv": [0.5, 8.5, 0.6875, 9.125], "texture": "#0"},
				"west": {"uv": [6.9375, 0, 6.5, 0.625], "texture": "#0"},
				"up": {"uv": [10.4375, 3.1875, 10.25, 2.75], "texture": "#0"},
				"down": {"uv": [10.4375, 3.1875, 10.25, 2.75], "texture": "#0"}
			}
		},
		{
			"from": [8.96739, 5.6054, 0.13659],
			"to": [10.03261, 6.18863, 2.10335],
			"rotation": {"angle": 0, "axis": "y", "origin": [8, 7.43325, -0.75503]},
			"faces": {
				"north": {"uv": [3.75, 1.5, 3.5, 1.625], "texture": "#0"},
				"east": {"uv": [10.5, 2.75, 11, 2.875], "texture": "#0"},
				"south": {"uv": [3.5, 1.5, 3.75, 1.625], "texture": "#0"},
				"west": {"uv": [11, 2.75, 10.5, 2.875], "texture": "#0"},
				"up": {"uv": [3.5, 5.75, 3.75, 5.25], "texture": "#0"},
				"down": {"uv": [6.5, 3.75, 6.25, 4.25], "texture": "#0"}
			}
		},
		{
			"from": [6.78039, 5.02218, 2.85335],
			"to": [9.21961, 5.6054, 4.8201],
			"rotation": {"angle": 0, "axis": "y", "origin": [8, 7.43325, 4.21172]},
			"faces": {
				"north": {"uv": [7.25, 10, 7.875, 10.125], "texture": "#0"},
				"east": {"uv": [3.25, 9.5, 3.75, 9.625], "texture": "#0"},
				"south": {"uv": [7.25, 10, 7.875, 10.125], "texture": "#0"},
				"west": {"uv": [3.75, 9.5, 3.25, 9.625], "texture": "#0"},
				"up": {"uv": [8.625, 7.75, 8, 8.25], "texture": "#0"},
				"down": {"uv": [8.625, 7.75, 8, 8.25], "texture": "#0"}
			}
		},
		{
			"from": [5.62939, 6.18863, 3.60335],
			"to": [6.37061, 8.57786, 5.3201],
			"rotation": {"angle": 0, "axis": "y", "origin": [8, 7.43325, 4.21172]},
			"faces": {
				"north": {"uv": [0.5, 8.5, 0.6875, 9.125], "texture": "#0"},
				"east": {"uv": [6.5, 0, 6.9375, 0.625], "texture": "#0"},
				"south": {"uv": [0.6875, 8.5, 0.5, 9.125], "texture": "#0"},
				"west": {"uv": [6.9375, 0, 6.5, 0.625], "texture": "#0"},
				"up": {"uv": [10.25, 3.1875, 10.4375, 2.75], "texture": "#0"},
				"down": {"uv": [10.25, 3.1875, 10.4375, 2.75], "texture": "#0"}
			}
		},
		{
			"from": [5.96739, 5.6054, 2.85335],
			"to": [7.03261, 6.18863, 4.8201],
			"rotation": {"angle": 0, "axis": "y", "origin": [8, 7.43325, 4.21172]},
			"faces": {
				"north": {"uv": [3.5, 1.5, 3.75, 1.625], "texture": "#0"},
				"east": {"uv": [10.5, 2.75, 11, 2.875], "texture": "#0"},
				"south": {"uv": [3.75, 1.5, 3.5, 1.625], "texture": "#0"},
				"west": {"uv": [11, 2.75, 10.5, 2.875], "texture": "#0"},
				"up": {"uv": [3.75, 5.75, 3.5, 5.25], "texture": "#0"},
				"down": {"uv": [6.25, 3.75, 6.5, 4.25], "texture": "#0"}
			}
		},
		{
			"from": [6.78039, 9.16109, 4.35335],
			"to": [9.21961, 9.74432, 5.8201],
			"rotation": {"angle": 0, "axis": "y", "origin": [8, 7.43325, 4.21172]},
			"faces": {
				"north": {"uv": [10.25, 3.75, 10.875, 3.875], "texture": "#0"},
				"east": {"uv": [9.5, 10.5, 9.875, 10.625], "texture": "#0"},
				"south": {"uv": [10.875, 3.75, 10.25, 3.875], "texture": "#0"},
				"west": {"uv": [9.875, 10.5, 9.5, 10.625], "texture": "#0"},
				"up": {"uv": [3.375, 8.875, 2.75, 8.5], "texture": "#0"},
				"down": {"uv": [6.125, 8.5, 5.5, 8.875], "texture": "#0"}
			}
		},
		{
			"from": [5.96739, 8.57786, 4.35335],
			"to": [7.03261, 9.16109, 5.8201],
			"rotation": {"angle": 0, "axis": "y", "origin": [8, 7.43325, 4.21172]},
			"faces": {
				"north": {"uv": [0.75, 7.25, 1, 7.375], "texture": "#0"},
				"east": {"uv": [0.5, 10.75, 0.875, 10.875], "texture": "#0"},
				"south": {"uv": [1, 7.25, 0.75, 7.375], "texture": "#0"},
				"west": {"uv": [0.875, 10.75, 0.5, 10.875], "texture": "#0"},
				"up": {"uv": [7, 3.375, 7.25, 3], "texture": "#0"},
				"down": {"uv": [7.25, 3.375, 7, 3], "texture": "#0"}
			}
		},
		{
			"from": [8.96739, 8.57786, 4.35335],
			"to": [10.03261, 9.16109, 5.8201],
			"rotation": {"angle": 0, "axis": "y", "origin": [8, 7.43325, 4.21172]},
			"faces": {
				"north": {"uv": [7, 7.5, 7.25, 7.625], "texture": "#0"},
				"east": {"uv": [0.5, 10.75, 0.875, 10.875], "texture": "#0"},
				"south": {"uv": [0.75, 7.25, 1, 7.375], "texture": "#0"},
				"west": {"uv": [0.875, 10.75, 0.5, 10.875], "texture": "#0"},
				"up": {"uv": [7.25, 3.375, 7, 3], "texture": "#0"},
				"down": {"uv": [7, 3.375, 7.25, 3], "texture": "#0"}
			}
		},
		{
			"from": [9.62939, 6.18863, 3.60335],
			"to": [10.37061, 8.57786, 5.3201],
			"rotation": {"angle": 0, "axis": "y", "origin": [8, 7.43325, 4.21172]},
			"faces": {
				"north": {"uv": [0.6875, 8.5, 0.5, 9.125], "texture": "#0"},
				"east": {"uv": [6.5, 0, 6.9375, 0.625], "texture": "#0"},
				"south": {"uv": [0.5, 8.5, 0.6875, 9.125], "texture": "#0"},
				"west": {"uv": [6.9375, 0, 6.5, 0.625], "texture": "#0"},
				"up": {"uv": [10.4375, 3.1875, 10.25, 2.75], "texture": "#0"},
				"down": {"uv": [10.4375, 3.1875, 10.25, 2.75], "texture": "#0"}
			}
		},
		{
			"from": [8.96739, 5.6054, 2.85335],
			"to": [10.03261, 6.18863, 4.8201],
			"rotation": {"angle": 0, "axis": "y", "origin": [8, 7.43325, 4.21172]},
			"faces": {
				"north": {"uv": [3.75, 1.5, 3.5, 1.625], "texture": "#0"},
				"east": {"uv": [10.5, 2.75, 11, 2.875], "texture": "#0"},
				"south": {"uv": [3.5, 1.5, 3.75, 1.625], "texture": "#0"},
				"west": {"uv": [11, 2.75, 10.5, 2.875], "texture": "#0"},
				"up": {"uv": [3.5, 5.75, 3.75, 5.25], "texture": "#0"},
				"down": {"uv": [6.5, 3.75, 6.25, 4.25], "texture": "#0"}
			}
		}
	],
	"display": {
		"thirdperson_righthand": {
			"rotation": [67.5, 0, 0],
			"translation": [-1.25, 3.75, -2.25]
		},
		"thirdperson_lefthand": {
			"rotation": [67.5, 0, 0],
			"translation": [-1.25, 3.75, -2.25]
		},
		"firstperson_righthand": {
			"translation": [-2.75, 2.25, -0.75]
		},
		"firstperson_lefthand": {
			"translation": [-2.75, 2.25, -0.75]
		},
		"ground": {
			"translation": [0, 1.75, 0]
		},
		"gui": {
			"rotation": [159.34, -35.7, -177.05],
			"translation": [-0.5, -0.25, 0]
		},
		"fixed": {
			"rotation": [0, 90, 0],
			"translation": [0, 0, -3.75],
			"scale": [2, 2, 2]
		}
	},
	"groups": [
		{
			"name": "shyre_blaster",
			"origin": [9.27829, 5.89723, 6.78182],
			"color": 0,
			"children": [
				{
					"name": "body",
					"origin": [8.15105, 12.61546, 0.80816],
					"color": 0,
					"children": [
						{
							"name": "up_and_down_covers",
							"origin": [8.15105, 12.61546, 0.80816],
							"color": 0,
							"children": [0, 1, 2]
						},
						{
							"name": "main_body",
							"origin": [7.35105, 7.93671, 14.84316],
							"color": 0,
							"children": [3, 4, 5, 6, 7, 8]
						},
						{
							"name": "front",
							"origin": [8.15105, 12.54046, -3.69184],
							"color": 1,
							"children": [9, 10]
						}
					]
				},
				{
					"name": "handles",
					"origin": [8.15105, 8.94486, 7.99286],
					"color": 0,
					"children": [
						{
							"name": "main_handle",
							"origin": [8.15105, 12.26817, 8.79286],
							"color": 2,
							"children": [11, 12, 13, 14, 15, 16, 17]
						}
					]
				},
				{
					"name": "trigger",
					"origin": [8.15105, 9.90438, 12.74411],
					"color": 0,
					"children": [18, 19]
				},
				{
					"name": "mag",
					"origin": [8, 9.35325, 7.94997],
					"color": 0,
					"children": [
						{
							"name": "cylinder",
							"origin": [4.88975, 16.61039, 29.21607],
							"color": 1,
							"children": [20, 21, 22, 23, 24, 25, 26, 27]
						},
						{
							"name": "cover",
							"origin": [4.64093, 17.19096, 32.15736],
							"color": 1,
							"children": [28, 29, 30, 31]
						},
						{
							"name": "cover",
							"origin": [4.10348, 18.44499, 38.81454],
							"color": 1,
							"children": [32, 33, 34, 35]
						}
					]
				},
				{
					"name": "barrel",
					"origin": [8, 9.35325, 7.94997],
					"color": 0,
					"children": [
						{
							"name": "tube",
							"origin": [8, 9.35325, 7.94997],
							"color": 2,
							"children": [36, 37, 38, 39, 40]
						},
						{
							"name": "covers",
							"origin": [8, 9.35325, 7.94997],
							"color": 0,
							"children": [
								{
									"name": "front_cover",
									"origin": [8, 9.35325, 7.94997],
									"color": 2,
									"children": [41, 42, 43, 44, 45, 46, 47, 48]
								},
								{
									"name": "middle_cover",
									"origin": [8, 9.35325, 7.94997],
									"color": 2,
									"children": [49, 50, 51, 52, 53, 54, 55, 56]
								},
								{
									"name": "back_cover",
									"origin": [8, 9.35325, 7.94997],
									"color": 2,
									"children": [57, 58, 59, 60, 61, 62, 63, 64]
								}
							]
						}
					]
				}
			]
		}
	]
}