{
	"credit": "Made with Blockbench",
	"texture_size": [64, 64],
	"textures": {
		"0": "aoa3:item/spirit_shower",
		"particle": "aoa3:item/spirit_shower"
	},
	"elements": [
		{
			"from": [7.433, 8.40608, 7.18052],
			"to": [8.567, 9.67153, 11.88252],
			"rotation": {"angle": 0, "axis": "y", "origin": [8, 8, 8]},
			"faces": {
				"north": {"uv": [3.25, 9.25, 3.5625, 9.5625], "texture": "#0"},
				"east": {"uv": [4.5, 7.75, 5.6875, 8.0625], "texture": "#0"},
				"south": {"uv": [4.25, 9.25, 4.5625, 9.5625], "texture": "#0"},
				"west": {"uv": [5.6875, 7.75, 4.5, 8.0625], "texture": "#0"},
				"up": {"uv": [3.0625, 8.9375, 2.75, 7.75], "texture": "#0"},
				"down": {"uv": [3.5625, 7.75, 3.25, 8.9375], "texture": "#0"}
			}
		},
		{
			"from": [6.866, 7.64063, 7.08852],
			"to": [9.134, 8.40608, 11.62452],
			"rotation": {"angle": 0, "axis": "y", "origin": [8, 8, 8]},
			"faces": {
				"north": {"uv": [9, 8.5, 9.5625, 8.6875], "texture": "#0"},
				"east": {"uv": [8.25, 5.5, 9.375, 5.6875], "texture": "#0"},
				"south": {"uv": [9, 8.75, 9.5625, 8.9375], "texture": "#0"},
				"west": {"uv": [9.375, 5.5, 8.25, 5.6875], "texture": "#0"},
				"up": {"uv": [4.5625, 7.125, 4, 6], "texture": "#0"},
				"down": {"uv": [1.5625, 6.25, 1, 7.375], "texture": "#0"}
			}
		},
		{
			"from": [6.866, 3.47318, 8.22252],
			"to": [9.134, 4.23863, 11.05752],
			"rotation": {"angle": 0, "axis": "y", "origin": [8, 8, 8]},
			"faces": {
				"north": {"uv": [9, 9, 9.5625, 9.1875], "texture": "#0"},
				"east": {"uv": [4.25, 9, 4.9375, 9.1875], "texture": "#0"},
				"south": {"uv": [9.25, 3.5, 9.8125, 3.6875], "texture": "#0"},
				"west": {"uv": [4.9375, 9, 4.25, 9.1875], "texture": "#0"},
				"up": {"uv": [8.0625, 3.4375, 7.5, 2.75], "texture": "#0"},
				"down": {"uv": [8.0625, 4, 7.5, 4.6875], "texture": "#0"}
			}
		},
		{
			"from": [7.433, 2.70773, 8.78952],
			"to": [8.567, 3.47318, 10.49052],
			"rotation": {"angle": 0, "axis": "y", "origin": [8, 8, 8]},
			"faces": {
				"north": {"uv": [5, 9.75, 5.3125, 9.9375], "texture": "#0"},
				"east": {"uv": [3.75, 9.5, 4.1875, 9.6875], "texture": "#0"},
				"south": {"uv": [5, 9.75, 5.3125, 9.9375], "texture": "#0"},
				"west": {"uv": [4.1875, 9.5, 3.75, 9.6875], "texture": "#0"},
				"up": {"uv": [3.0625, 9.4375, 2.75, 9], "texture": "#0"},
				"down": {"uv": [9.3125, 2.75, 9, 3.1875], "texture": "#0"}
			}
		},
		{
			"from": [6.0155, 4.23863, 7.08852],
			"to": [9.9845, 7.64063, 12.19152],
			"rotation": {"angle": 0, "axis": "y", "origin": [8, 8, 8]},
			"faces": {
				"north": {"uv": [0, 5.25, 1, 6.125], "texture": "#0"},
				"east": {"uv": [4, 0.75, 5.25, 1.625], "texture": "#0"},
				"south": {"uv": [5.25, 0.75, 6.25, 1.625], "texture": "#0"},
				"west": {"uv": [5.25, 0.75, 4, 1.625], "texture": "#0"},
				"up": {"uv": [3.75, 3, 2.75, 1.75], "texture": "#0"},
				"down": {"uv": [3.75, 3, 2.75, 4.25], "texture": "#0"}
			}
		},
		{
			"from": [6.6392, 5.48036, 12.19152],
			"to": [9.3608, 6.03035, 14.00025],
			"rotation": {"angle": 0, "axis": "y", "origin": [8, 8, 8]},
			"faces": {
				"north": {"uv": [1, 9.5, 1.6875, 9.625], "texture": "#0"},
				"east": {"uv": [10, 0, 10.4375, 0.125], "texture": "#0"},
				"south": {"uv": [9.5, 1, 10.1875, 1.125], "texture": "#0"},
				"west": {"uv": [10.4375, 0, 10, 0.125], "texture": "#0"},
				"up": {"uv": [8.6875, 6.6875, 8, 6.25], "texture": "#0"},
				"down": {"uv": [8.6875, 6.75, 8, 7.1875], "texture": "#0"}
			}
		},
		{
			"from": [6.6392, 6.03035, 12.16317],
			"to": [9.3608, 6.54065, 12.75285],
			"rotation": {"angle": 0, "axis": "y", "origin": [8, 8, 8]},
			"faces": {
				"north": {"uv": [9.5, 1.25, 10.1875, 1.375], "texture": "#0"},
				"east": {"uv": [7.25, 10.25, 7.375, 10.375], "texture": "#0"},
				"south": {"uv": [9.5, 1.5, 10.1875, 1.625], "texture": "#0"},
				"west": {"uv": [7.375, 10.25, 7.25, 10.375], "texture": "#0"},
				"up": {"uv": [2.4375, 9.625, 1.75, 9.5], "texture": "#0"},
				"down": {"uv": [10.1875, 1.75, 9.5, 1.875], "texture": "#0"}
			}
		},
		{
			"from": [6.6392, 3.85307, 11.05752],
			"to": [9.3608, 4.93037, 12.75285],
			"rotation": {"angle": 0, "axis": "y", "origin": [8, 8, 8]},
			"faces": {
				"north": {"uv": [8.75, 2.5, 9.4375, 2.75], "texture": "#0"},
				"east": {"uv": [9, 6, 9.4375, 6.25], "texture": "#0"},
				"south": {"uv": [4.25, 8.75, 4.9375, 9], "texture": "#0"},
				"west": {"uv": [9.4375, 6, 9, 6.25], "texture": "#0"},
				"up": {"uv": [8.6875, 7.6875, 8, 7.25], "texture": "#0"},
				"down": {"uv": [1.4375, 8.25, 0.75, 8.6875], "texture": "#0"}
			}
		},
		{
			"from": [6.6392, 4.93037, 12.19152],
			"to": [9.3608, 5.48036, 15.3327],
			"rotation": {"angle": 0, "axis": "y", "origin": [8, 8, 8]},
			"faces": {
				"north": {"uv": [9.5, 2, 10.1875, 2.125], "texture": "#0"},
				"east": {"uv": [9.25, 3.75, 10.0625, 3.875], "texture": "#0"},
				"south": {"uv": [2.5, 9.5, 3.1875, 9.625], "texture": "#0"},
				"west": {"uv": [10.0625, 3.75, 9.25, 3.875], "texture": "#0"},
				"up": {"uv": [5.4375, 7.5625, 4.75, 6.75], "texture": "#0"},
				"down": {"uv": [6.1875, 6.75, 5.5, 7.5625], "texture": "#0"}
			}
		},
		{
			"from": [6.6392, 4.42007, 12.75285],
			"to": [9.3608, 4.93037, 14.44818],
			"rotation": {"angle": 0, "axis": "y", "origin": [8, 8, 8]},
			"faces": {
				"north": {"uv": [9.5, 2.5, 10.1875, 2.625], "texture": "#0"},
				"east": {"uv": [4.5, 10, 4.9375, 10.125], "texture": "#0"},
				"south": {"uv": [9.5, 2.75, 10.1875, 2.875], "texture": "#0"},
				"west": {"uv": [4.9375, 10, 4.5, 10.125], "texture": "#0"},
				"up": {"uv": [8.9375, 1.9375, 8.25, 1.5], "texture": "#0"},
				"down": {"uv": [8.9375, 2.75, 8.25, 3.1875], "texture": "#0"}
			}
		},
		{
			"from": [5.46875, 2.82113, 2.83602],
			"to": [10.53125, 4.52213, 5.95452],
			"rotation": {"angle": 0, "axis": "y", "origin": [8, 8, 8]},
			"faces": {
				"north": {"uv": [6.25, 4.25, 7.5, 4.6875], "texture": "#0"},
				"east": {"uv": [0, 8, 0.75, 8.4375], "texture": "#0"},
				"south": {"uv": [6.75, 5.75, 8, 6.1875], "texture": "#0"},
				"west": {"uv": [0.75, 8, 0, 8.4375], "texture": "#0"},
				"up": {"uv": [6, 5.75, 4.75, 5], "texture": "#0"},
				"down": {"uv": [6, 5, 4.75, 5.75], "texture": "#0"}
			}
		},
		{
			"from": [5.4485, 2.25413, 5.84112],
			"to": [10.5515, 9.05813, 7.20192],
			"rotation": {"angle": 0, "axis": "y", "origin": [8, 8, 8]},
			"faces": {
				"north": {"uv": [0, 0, 1.25, 1.6875], "texture": "#0"},
				"east": {"uv": [1.75, 7, 2.0625, 8.6875], "texture": "#0"},
				"south": {"uv": [1.25, 0, 2.5, 1.6875], "texture": "#0"},
				"west": {"uv": [2.0625, 7, 1.75, 8.6875], "texture": "#0"},
				"up": {"uv": [8.25, 5.5625, 7, 5.25], "texture": "#0"},
				"down": {"uv": [8.75, 2.25, 7.5, 2.5625], "texture": "#0"}
			}
		},
		{
			"name": "tube",
			"from": [6.3, 4.92952, 2.19716],
			"to": [9.7, 11.64847, 5.03216],
			"rotation": {"angle": -22.5, "axis": "x", "origin": [8.025, 10.75544, 3.61466]},
			"faces": {
				"north": {"uv": [5.4375, 2.5, 3.75, 3.1875], "rotation": 270, "texture": "#0"},
				"east": {"uv": [5.4375, 2.5, 3.75, 3.1875], "rotation": 270, "texture": "#0"},
				"south": {"uv": [3.75, 2.5, 5.4375, 3.1875], "rotation": 90, "texture": "#0"},
				"west": {"uv": [3.75, 2.5, 5.4375, 3.1875], "rotation": 90, "texture": "#0"},
				"up": {"uv": [6.25, 1, 7.125, 1.6875], "rotation": 180, "texture": "#0"},
				"down": {"uv": [1.75, 6.25, 2.625, 6.9375], "texture": "#0"}
			}
		},
		{
			"from": [6.0155, 11.64847, 1.91366],
			"to": [9.9845, 12.98092, 5.31566],
			"rotation": {"angle": -22.5, "axis": "x", "origin": [8.025, 10.75544, 3.61466]},
			"faces": {
				"north": {"uv": [7.5625, 8.25, 7.25, 9.125], "rotation": 270, "texture": "#0"},
				"east": {"uv": [7.5625, 8.25, 7.25, 9.125], "rotation": 270, "texture": "#0"},
				"south": {"uv": [7.25, 8.25, 7.5625, 9.125], "rotation": 90, "texture": "#0"},
				"west": {"uv": [7.25, 8.25, 7.5625, 9.125], "rotation": 90, "texture": "#0"},
				"up": {"uv": [1, 5.25, 2, 6.125], "rotation": 180, "texture": "#0"},
				"down": {"uv": [2, 5.25, 3, 6.125], "texture": "#0"}
			}
		},
		{
			"from": [6.5825, 12.98092, 2.19716],
			"to": [9.4175, 13.46287, 5.03216],
			"rotation": {"angle": -22.5, "axis": "x", "origin": [8.025, 10.75544, 3.61466]},
			"faces": {
				"north": {"uv": [2.875, 6.25, 2.75, 6.9375], "rotation": 270, "texture": "#0"},
				"east": {"uv": [2.875, 6.25, 2.75, 6.9375], "rotation": 270, "texture": "#0"},
				"south": {"uv": [2.75, 6.25, 2.875, 6.9375], "rotation": 90, "texture": "#0"},
				"west": {"uv": [2.75, 6.25, 2.875, 6.9375], "rotation": 90, "texture": "#0"},
				"up": {"uv": [7.25, 6.25, 7.9375, 6.9375], "rotation": 180, "texture": "#0"},
				"down": {"uv": [7.25, 7, 7.9375, 7.6875], "texture": "#0"}
			}
		},
		{
			"from": [6.0155, 10.99642, 2.19716],
			"to": [6.866, 11.64847, 3.33116],
			"rotation": {"angle": -22.5, "axis": "x", "origin": [8.025, 10.75544, 3.61466]},
			"faces": {
				"north": {"uv": [6.6875, 9, 6.5, 9.1875], "rotation": 180, "texture": "#0"},
				"east": {"uv": [9.75, 7.25, 9.9375, 7.5625], "rotation": 270, "texture": "#0"},
				"south": {"uv": [2, 10.5, 2.1875, 10.5625], "texture": "#0"},
				"west": {"uv": [7.75, 9.75, 7.9375, 10.0625], "rotation": 90, "texture": "#0"},
				"up": {"uv": [4.5, 7.25, 4.6875, 7.5625], "rotation": 180, "texture": "#0"},
				"down": {"uv": [7.5, 9.75, 7.6875, 10.0625], "texture": "#0"}
			}
		},
		{
			"from": [6.0155, 10.99642, 3.89816],
			"to": [6.866, 11.64847, 5.03216],
			"rotation": {"angle": -22.5, "axis": "x", "origin": [8.025, 10.75544, 3.61466]},
			"faces": {
				"north": {"uv": [2, 10.5, 2.1875, 10.5625], "rotation": 180, "texture": "#0"},
				"east": {"uv": [8.25, 9.75, 8.4375, 10.0625], "rotation": 270, "texture": "#0"},
				"south": {"uv": [10.1875, 6.1875, 10, 6], "texture": "#0"},
				"west": {"uv": [9.75, 8.5, 9.9375, 8.8125], "rotation": 90, "texture": "#0"},
				"up": {"uv": [8, 9.75, 8.1875, 10.0625], "rotation": 180, "texture": "#0"},
				"down": {"uv": [8.5, 9.75, 8.6875, 10.0625], "texture": "#0"}
			}
		},
		{
			"from": [6.0155, 10.99642, 5.03216],
			"to": [8, 11.64847, 5.31566],
			"rotation": {"angle": -22.5, "axis": "x", "origin": [8.025, 10.75544, 3.61466]},
			"faces": {
				"north": {"uv": [9.75, 4.5, 9.25, 4.6875], "rotation": 180, "texture": "#0"},
				"east": {"uv": [10.5, 0, 10.6875, 0.0625], "rotation": 270, "texture": "#0"},
				"south": {"uv": [9.75, 4.4375, 9.25, 4.25], "texture": "#0"},
				"west": {"uv": [0.25, 10.5, 0.4375, 10.5625], "rotation": 90, "texture": "#0"},
				"up": {"uv": [10, 9.5, 10.5, 9.5625], "rotation": 180, "texture": "#0"},
				"down": {"uv": [9.75, 10, 10.25, 10.0625], "texture": "#0"}
			}
		},
		{
			"from": [8, 10.99642, 5.03216],
			"to": [9.9845, 11.64847, 5.31566],
			"rotation": {"angle": -22.5, "axis": "x", "origin": [8.025, 10.75544, 3.61466]},
			"faces": {
				"north": {"uv": [5.75, 9.25, 5.25, 9.4375], "rotation": 180, "texture": "#0"},
				"east": {"uv": [2, 10.5, 2.1875, 10.5625], "rotation": 270, "texture": "#0"},
				"south": {"uv": [9.75, 4.9375, 9.25, 4.75], "texture": "#0"},
				"west": {"uv": [1, 10.5, 1.1875, 10.5625], "rotation": 90, "texture": "#0"},
				"up": {"uv": [10, 9.75, 10.5, 9.8125], "rotation": 180, "texture": "#0"},
				"down": {"uv": [10.25, 0.25, 10.75, 0.3125], "texture": "#0"}
			}
		},
		{
			"from": [9.134, 10.99642, 3.89816],
			"to": [9.9845, 11.64847, 5.03216],
			"rotation": {"angle": -22.5, "axis": "x", "origin": [8.025, 10.75544, 3.61466]},
			"faces": {
				"north": {"uv": [2, 10.5, 2.1875, 10.5625], "rotation": 180, "texture": "#0"},
				"east": {"uv": [9.9375, 8.5, 9.75, 8.8125], "rotation": 270, "texture": "#0"},
				"south": {"uv": [6.9375, 10.1875, 6.75, 10], "texture": "#0"},
				"west": {"uv": [9.25, 9.75, 9.4375, 10.0625], "rotation": 90, "texture": "#0"},
				"up": {"uv": [8.75, 9.75, 8.9375, 10.0625], "rotation": 180, "texture": "#0"},
				"down": {"uv": [9.75, 9, 9.9375, 9.3125], "texture": "#0"}
			}
		},
		{
			"from": [9.134, 10.99642, 2.19716],
			"to": [9.9845, 11.64847, 3.33116],
			"rotation": {"angle": -22.5, "axis": "x", "origin": [8.025, 10.75544, 3.61466]},
			"faces": {
				"north": {"uv": [10.1875, 7.25, 10, 7.4375], "rotation": 180, "texture": "#0"},
				"east": {"uv": [7.9375, 9.75, 7.75, 10.0625], "rotation": 270, "texture": "#0"},
				"south": {"uv": [2, 10.5, 2.1875, 10.5625], "texture": "#0"},
				"west": {"uv": [0.25, 10, 0.4375, 10.3125], "rotation": 90, "texture": "#0"},
				"up": {"uv": [9.5, 9.75, 9.6875, 10.0625], "rotation": 180, "texture": "#0"},
				"down": {"uv": [0, 10, 0.1875, 10.3125], "texture": "#0"}
			}
		},
		{
			"from": [8, 10.99642, 1.91366],
			"to": [9.9845, 11.64847, 2.19716],
			"rotation": {"angle": -22.5, "axis": "x", "origin": [8.025, 10.75544, 3.61466]},
			"faces": {
				"north": {"uv": [9.75, 4.75, 9.25, 4.9375], "rotation": 180, "texture": "#0"},
				"east": {"uv": [2, 10.5, 2.1875, 10.5625], "rotation": 270, "texture": "#0"},
				"south": {"uv": [6.25, 9.4375, 5.75, 9.25], "texture": "#0"},
				"west": {"uv": [1.5, 10.5, 1.6875, 10.5625], "rotation": 90, "texture": "#0"},
				"up": {"uv": [10.25, 0.5, 10.75, 0.5625], "rotation": 180, "texture": "#0"},
				"down": {"uv": [10.25, 0.75, 10.75, 0.8125], "texture": "#0"}
			}
		},
		{
			"from": [6.0155, 10.99642, 1.91366],
			"to": [8, 11.64847, 2.19716],
			"rotation": {"angle": -22.5, "axis": "x", "origin": [8.025, 10.75544, 3.61466]},
			"faces": {
				"north": {"uv": [9.75, 4.25, 9.25, 4.4375], "rotation": 180, "texture": "#0"},
				"east": {"uv": [1.75, 10.5, 1.9375, 10.5625], "rotation": 270, "texture": "#0"},
				"south": {"uv": [7.75, 9.4375, 7.25, 9.25], "texture": "#0"},
				"west": {"uv": [2, 10.5, 2.1875, 10.5625], "rotation": 90, "texture": "#0"},
				"up": {"uv": [10.25, 1, 10.75, 1.0625], "rotation": 180, "texture": "#0"},
				"down": {"uv": [10.25, 1.25, 10.75, 1.3125], "texture": "#0"}
			}
		},
		{
			"from": [6.0155, 8.52997, 1.91366],
			"to": [9.9845, 9.29542, 5.31566],
			"rotation": {"angle": -22.5, "axis": "x", "origin": [8.025, 10.75544, 3.61466]},
			"faces": {
				"north": {"uv": [8.75, 8.25, 8.9375, 9.125], "rotation": 270, "texture": "#0"},
				"east": {"uv": [8.9375, 8.25, 8.75, 9.125], "rotation": 270, "texture": "#0"},
				"south": {"uv": [8.75, 8.25, 8.9375, 9.125], "rotation": 90, "texture": "#0"},
				"west": {"uv": [8.75, 8.25, 8.9375, 9.125], "rotation": 90, "texture": "#0"},
				"up": {"uv": [5.5, 2.75, 6.5, 3.625], "rotation": 180, "texture": "#0"},
				"down": {"uv": [5.5, 2.75, 6.5, 3.625], "texture": "#0"}
			}
		},
		{
			"name": "tube",
			"from": [6.298, 6.7143, 0.36522],
			"to": [9.702, 9.5493, 7.08417],
			"rotation": {"angle": 22.5, "axis": "x", "origin": [7.975, 8.1318, 1.25825]},
			"faces": {
				"north": {"uv": [6.25, 1, 7.125, 1.6875], "texture": "#0"},
				"east": {"uv": [5.4375, 2.5, 3.75, 3.1875], "texture": "#0"},
				"south": {"uv": [1.75, 6.25, 2.625, 6.9375], "texture": "#0"},
				"west": {"uv": [3.75, 2.5, 5.4375, 3.1875], "texture": "#0"},
				"up": {"uv": [3.75, 2.5, 5.4375, 3.1875], "rotation": 90, "texture": "#0"},
				"down": {"uv": [5.4375, 2.5, 3.75, 3.1875], "rotation": 90, "texture": "#0"}
			}
		},
		{
			"from": [6.0155, 6.4308, -0.96723],
			"to": [9.9845, 9.8328, 0.36522],
			"rotation": {"angle": 22.5, "axis": "x", "origin": [7.975, 8.1318, 1.25825]},
			"faces": {
				"north": {"uv": [1, 5.25, 2, 6.125], "texture": "#0"},
				"east": {"uv": [7.5625, 8.25, 7.25, 9.125], "texture": "#0"},
				"south": {"uv": [2, 5.25, 3, 6.125], "texture": "#0"},
				"west": {"uv": [7.25, 8.25, 7.5625, 9.125], "texture": "#0"},
				"up": {"uv": [7.25, 8.25, 7.5625, 9.125], "rotation": 90, "texture": "#0"},
				"down": {"uv": [7.5625, 8.25, 7.25, 9.125], "rotation": 90, "texture": "#0"}
			}
		},
		{
			"from": [6.5825, 6.7143, -1.44918],
			"to": [9.4175, 9.5493, -0.96723],
			"rotation": {"angle": 22.5, "axis": "x", "origin": [7.975, 8.1318, 1.25825]},
			"faces": {
				"north": {"uv": [7.25, 6.25, 7.9375, 6.9375], "texture": "#0"},
				"east": {"uv": [2.875, 6.25, 2.75, 6.9375], "texture": "#0"},
				"south": {"uv": [7.25, 7, 7.9375, 7.6875], "texture": "#0"},
				"west": {"uv": [2.75, 6.25, 2.875, 6.9375], "texture": "#0"},
				"up": {"uv": [2.75, 6.25, 2.875, 6.9375], "rotation": 90, "texture": "#0"},
				"down": {"uv": [2.875, 6.25, 2.75, 6.9375], "rotation": 90, "texture": "#0"}
			}
		},
		{
			"from": [6.0155, 6.7143, 0.36522],
			"to": [6.866, 7.8483, 1.01727],
			"rotation": {"angle": 22.5, "axis": "x", "origin": [7.975, 8.1318, 1.25825]},
			"faces": {
				"north": {"uv": [4.5, 7.25, 4.6875, 7.5625], "texture": "#0"},
				"east": {"uv": [9.75, 7.25, 9.9375, 7.5625], "texture": "#0"},
				"south": {"uv": [7.5, 9.75, 7.6875, 10.0625], "texture": "#0"},
				"west": {"uv": [7.75, 9.75, 7.9375, 10.0625], "texture": "#0"},
				"up": {"uv": [2, 10.5, 2.1875, 10.5625], "texture": "#0"},
				"down": {"uv": [6.6875, 9, 6.5, 9.1875], "texture": "#0"}
			}
		},
		{
			"from": [6.0155, 8.4153, 0.36522],
			"to": [6.866, 9.5493, 1.01727],
			"rotation": {"angle": 22.5, "axis": "x", "origin": [7.975, 8.1318, 1.25825]},
			"faces": {
				"north": {"uv": [8, 9.75, 8.1875, 10.0625], "texture": "#0"},
				"east": {"uv": [8.25, 9.75, 8.4375, 10.0625], "texture": "#0"},
				"south": {"uv": [8.5, 9.75, 8.6875, 10.0625], "texture": "#0"},
				"west": {"uv": [9.75, 8.5, 9.9375, 8.8125], "texture": "#0"},
				"up": {"uv": [10.1875, 6.1875, 10, 6], "texture": "#0"},
				"down": {"uv": [2, 10.5, 2.1875, 10.5625], "texture": "#0"}
			}
		},
		{
			"from": [6.0155, 9.5493, 0.36522],
			"to": [8, 9.8328, 1.01727],
			"rotation": {"angle": 22.5, "axis": "x", "origin": [7.975, 8.1318, 1.25825]},
			"faces": {
				"north": {"uv": [10, 9.5, 10.5, 9.5625], "texture": "#0"},
				"east": {"uv": [10.5, 0, 10.6875, 0.0625], "texture": "#0"},
				"south": {"uv": [9.75, 10, 10.25, 10.0625], "texture": "#0"},
				"west": {"uv": [0.25, 10.5, 0.4375, 10.5625], "texture": "#0"},
				"up": {"uv": [9.75, 4.4375, 9.25, 4.25], "texture": "#0"},
				"down": {"uv": [9.75, 4.5, 9.25, 4.6875], "texture": "#0"}
			}
		},
		{
			"from": [8, 9.5493, 0.36522],
			"to": [9.9845, 9.8328, 1.01727],
			"rotation": {"angle": 22.5, "axis": "x", "origin": [7.975, 8.1318, 1.25825]},
			"faces": {
				"north": {"uv": [10, 9.75, 10.5, 9.8125], "texture": "#0"},
				"east": {"uv": [2, 10.5, 2.1875, 10.5625], "texture": "#0"},
				"south": {"uv": [10.25, 0.25, 10.75, 0.3125], "texture": "#0"},
				"west": {"uv": [1, 10.5, 1.1875, 10.5625], "texture": "#0"},
				"up": {"uv": [9.75, 4.9375, 9.25, 4.75], "texture": "#0"},
				"down": {"uv": [5.75, 9.25, 5.25, 9.4375], "texture": "#0"}
			}
		},
		{
			"from": [9.134, 8.4153, 0.36522],
			"to": [9.9845, 9.5493, 1.01727],
			"rotation": {"angle": 22.5, "axis": "x", "origin": [7.975, 8.1318, 1.25825]},
			"faces": {
				"north": {"uv": [8.75, 9.75, 8.9375, 10.0625], "texture": "#0"},
				"east": {"uv": [9.9375, 8.5, 9.75, 8.8125], "texture": "#0"},
				"south": {"uv": [9.75, 9, 9.9375, 9.3125], "texture": "#0"},
				"west": {"uv": [9.25, 9.75, 9.4375, 10.0625], "texture": "#0"},
				"up": {"uv": [6.9375, 10.1875, 6.75, 10], "texture": "#0"},
				"down": {"uv": [2, 10.5, 2.1875, 10.5625], "texture": "#0"}
			}
		},
		{
			"from": [9.134, 6.7143, 0.36522],
			"to": [9.9845, 7.8483, 1.01727],
			"rotation": {"angle": 22.5, "axis": "x", "origin": [7.975, 8.1318, 1.25825]},
			"faces": {
				"north": {"uv": [9.5, 9.75, 9.6875, 10.0625], "texture": "#0"},
				"east": {"uv": [7.9375, 9.75, 7.75, 10.0625], "texture": "#0"},
				"south": {"uv": [0, 10, 0.1875, 10.3125], "texture": "#0"},
				"west": {"uv": [0.25, 10, 0.4375, 10.3125], "texture": "#0"},
				"up": {"uv": [2, 10.5, 2.1875, 10.5625], "texture": "#0"},
				"down": {"uv": [10.1875, 7.25, 10, 7.4375], "texture": "#0"}
			}
		},
		{
			"from": [8, 6.4308, 0.36522],
			"to": [9.9845, 6.7143, 1.01727],
			"rotation": {"angle": 22.5, "axis": "x", "origin": [7.975, 8.1318, 1.25825]},
			"faces": {
				"north": {"uv": [10.25, 0.5, 10.75, 0.5625], "texture": "#0"},
				"east": {"uv": [2, 10.5, 2.1875, 10.5625], "texture": "#0"},
				"south": {"uv": [10.25, 0.75, 10.75, 0.8125], "texture": "#0"},
				"west": {"uv": [1.5, 10.5, 1.6875, 10.5625], "texture": "#0"},
				"up": {"uv": [6.25, 9.4375, 5.75, 9.25], "texture": "#0"},
				"down": {"uv": [9.75, 4.75, 9.25, 4.9375], "texture": "#0"}
			}
		},
		{
			"from": [6.0155, 6.4308, 0.36522],
			"to": [8, 6.7143, 1.01727],
			"rotation": {"angle": 22.5, "axis": "x", "origin": [7.975, 8.1318, 1.25825]},
			"faces": {
				"north": {"uv": [10.25, 1, 10.75, 1.0625], "texture": "#0"},
				"east": {"uv": [1.75, 10.5, 1.9375, 10.5625], "texture": "#0"},
				"south": {"uv": [10.25, 1.25, 10.75, 1.3125], "texture": "#0"},
				"west": {"uv": [2, 10.5, 2.1875, 10.5625], "texture": "#0"},
				"up": {"uv": [7.75, 9.4375, 7.25, 9.25], "texture": "#0"},
				"down": {"uv": [9.75, 4.25, 9.25, 4.4375], "texture": "#0"}
			}
		},
		{
			"from": [6.017, 6.4308, 2.71827],
			"to": [9.977, 9.8328, 3.48372],
			"rotation": {"angle": 22.5, "axis": "x", "origin": [7.975, 8.1318, 1.25825]},
			"faces": {
				"north": {"uv": [5.5, 2.75, 6.5, 3.625], "texture": "#0"},
				"east": {"uv": [8.9375, 8.25, 8.75, 9.125], "texture": "#0"},
				"south": {"uv": [5.5, 2.75, 6.5, 3.625], "texture": "#0"},
				"west": {"uv": [8.75, 8.25, 8.9375, 9.125], "texture": "#0"},
				"up": {"uv": [8.75, 8.25, 8.9375, 9.125], "rotation": 90, "texture": "#0"},
				"down": {"uv": [8.75, 8.25, 8.9375, 9.125], "rotation": 90, "texture": "#0"}
			}
		},
		{
			"name": "tube",
			"from": [6.299, 3.1076, -0.07339],
			"to": [9.701, 5.9426, 6.64556],
			"rotation": {"angle": 0, "axis": "y", "origin": [8, 8, 8]},
			"faces": {
				"north": {"uv": [6.25, 1, 7.125, 1.6875], "texture": "#0"},
				"east": {"uv": [5.4375, 2.5, 3.75, 3.1875], "texture": "#0"},
				"south": {"uv": [1.75, 6.25, 2.625, 6.9375], "texture": "#0"},
				"west": {"uv": [3.75, 2.5, 5.4375, 3.1875], "texture": "#0"},
				"up": {"uv": [3.75, 2.5, 5.4375, 3.1875], "rotation": 90, "texture": "#0"},
				"down": {"uv": [5.4375, 2.5, 3.75, 3.1875], "rotation": 90, "texture": "#0"}
			}
		},
		{
			"from": [6.0155, 2.8241, -1.40584],
			"to": [9.9845, 6.2261, -0.07339],
			"rotation": {"angle": 0, "axis": "y", "origin": [8, 8, 8]},
			"faces": {
				"north": {"uv": [1, 5.25, 2, 6.125], "texture": "#0"},
				"east": {"uv": [7.5625, 8.25, 7.25, 9.125], "texture": "#0"},
				"south": {"uv": [2, 5.25, 3, 6.125], "texture": "#0"},
				"west": {"uv": [7.25, 8.25, 7.5625, 9.125], "texture": "#0"},
				"up": {"uv": [7.25, 8.25, 7.5625, 9.125], "rotation": 90, "texture": "#0"},
				"down": {"uv": [7.5625, 8.25, 7.25, 9.125], "rotation": 90, "texture": "#0"}
			}
		},
		{
			"from": [6.5825, 3.1076, -1.88779],
			"to": [9.4175, 5.9426, -1.40584],
			"rotation": {"angle": 0, "axis": "y", "origin": [8, 8, 8]},
			"faces": {
				"north": {"uv": [7.25, 6.25, 7.9375, 6.9375], "texture": "#0"},
				"east": {"uv": [2.875, 6.25, 2.75, 6.9375], "texture": "#0"},
				"south": {"uv": [7.25, 7, 7.9375, 7.6875], "texture": "#0"},
				"west": {"uv": [2.75, 6.25, 2.875, 6.9375], "texture": "#0"},
				"up": {"uv": [2.75, 6.25, 2.875, 6.9375], "rotation": 90, "texture": "#0"},
				"down": {"uv": [2.875, 6.25, 2.75, 6.9375], "rotation": 90, "texture": "#0"}
			}
		},
		{
			"from": [6.0155, 3.1076, -0.07339],
			"to": [6.866, 4.2416, 0.57866],
			"rotation": {"angle": 0, "axis": "y", "origin": [8, 8, 8]},
			"faces": {
				"north": {"uv": [4.5, 7.25, 4.6875, 7.5625], "texture": "#0"},
				"east": {"uv": [9.75, 7.25, 9.9375, 7.5625], "texture": "#0"},
				"south": {"uv": [7.5, 9.75, 7.6875, 10.0625], "texture": "#0"},
				"west": {"uv": [7.75, 9.75, 7.9375, 10.0625], "texture": "#0"},
				"up": {"uv": [2, 10.5, 2.1875, 10.5625], "texture": "#0"},
				"down": {"uv": [6.6875, 9, 6.5, 9.1875], "texture": "#0"}
			}
		},
		{
			"from": [6.0155, 4.8086, -0.07339],
			"to": [6.866, 5.9426, 0.57866],
			"rotation": {"angle": 0, "axis": "y", "origin": [8, 8, 8]},
			"faces": {
				"north": {"uv": [8, 9.75, 8.1875, 10.0625], "texture": "#0"},
				"east": {"uv": [8.25, 9.75, 8.4375, 10.0625], "texture": "#0"},
				"south": {"uv": [8.5, 9.75, 8.6875, 10.0625], "texture": "#0"},
				"west": {"uv": [9.75, 8.5, 9.9375, 8.8125], "texture": "#0"},
				"up": {"uv": [10.1875, 6.1875, 10, 6], "texture": "#0"},
				"down": {"uv": [2, 10.5, 2.1875, 10.5625], "texture": "#0"}
			}
		},
		{
			"from": [6.0155, 5.9426, -0.07339],
			"to": [8, 6.2261, 0.57866],
			"rotation": {"angle": 0, "axis": "y", "origin": [8, 8, 8]},
			"faces": {
				"north": {"uv": [10, 9.5, 10.5, 9.5625], "texture": "#0"},
				"east": {"uv": [10.5, 0, 10.6875, 0.0625], "texture": "#0"},
				"south": {"uv": [9.75, 10, 10.25, 10.0625], "texture": "#0"},
				"west": {"uv": [0.25, 10.5, 0.4375, 10.5625], "texture": "#0"},
				"up": {"uv": [9.75, 4.4375, 9.25, 4.25], "texture": "#0"},
				"down": {"uv": [9.75, 4.5, 9.25, 4.6875], "texture": "#0"}
			}
		},
		{
			"from": [8, 5.9426, -0.07339],
			"to": [9.9845, 6.2261, 0.57866],
			"rotation": {"angle": 0, "axis": "y", "origin": [8, 8, 8]},
			"faces": {
				"north": {"uv": [10, 9.75, 10.5, 9.8125], "texture": "#0"},
				"east": {"uv": [2, 10.5, 2.1875, 10.5625], "texture": "#0"},
				"south": {"uv": [10.25, 0.25, 10.75, 0.3125], "texture": "#0"},
				"west": {"uv": [1, 10.5, 1.1875, 10.5625], "texture": "#0"},
				"up": {"uv": [9.75, 4.9375, 9.25, 4.75], "texture": "#0"},
				"down": {"uv": [5.75, 9.25, 5.25, 9.4375], "texture": "#0"}
			}
		},
		{
			"from": [9.134, 4.8086, -0.07339],
			"to": [9.9845, 5.9426, 0.57866],
			"rotation": {"angle": 0, "axis": "y", "origin": [8, 8, 8]},
			"faces": {
				"north": {"uv": [8.75, 9.75, 8.9375, 10.0625], "texture": "#0"},
				"east": {"uv": [9.9375, 8.5, 9.75, 8.8125], "texture": "#0"},
				"south": {"uv": [9.75, 9, 9.9375, 9.3125], "texture": "#0"},
				"west": {"uv": [9.25, 9.75, 9.4375, 10.0625], "texture": "#0"},
				"up": {"uv": [6.9375, 10.1875, 6.75, 10], "texture": "#0"},
				"down": {"uv": [2, 10.5, 2.1875, 10.5625], "texture": "#0"}
			}
		},
		{
			"from": [9.134, 3.1076, -0.07339],
			"to": [9.9845, 4.2416, 0.57866],
			"rotation": {"angle": 0, "axis": "y", "origin": [8, 8, 8]},
			"faces": {
				"north": {"uv": [9.5, 9.75, 9.6875, 10.0625], "texture": "#0"},
				"east": {"uv": [7.9375, 9.75, 7.75, 10.0625], "texture": "#0"},
				"south": {"uv": [0, 10, 0.1875, 10.3125], "texture": "#0"},
				"west": {"uv": [0.25, 10, 0.4375, 10.3125], "texture": "#0"},
				"up": {"uv": [2, 10.5, 2.1875, 10.5625], "texture": "#0"},
				"down": {"uv": [10.1875, 7.25, 10, 7.4375], "texture": "#0"}
			}
		},
		{
			"from": [8, 2.8241, -0.07339],
			"to": [9.9845, 3.1076, 0.57866],
			"rotation": {"angle": 0, "axis": "y", "origin": [8, 8, 8]},
			"faces": {
				"north": {"uv": [10.25, 0.5, 10.75, 0.5625], "texture": "#0"},
				"east": {"uv": [2, 10.5, 2.1875, 10.5625], "texture": "#0"},
				"south": {"uv": [10.25, 0.75, 10.75, 0.8125], "texture": "#0"},
				"west": {"uv": [1.5, 10.5, 1.6875, 10.5625], "texture": "#0"},
				"up": {"uv": [6.25, 9.4375, 5.75, 9.25], "texture": "#0"},
				"down": {"uv": [9.75, 4.75, 9.25, 4.9375], "texture": "#0"}
			}
		},
		{
			"from": [6.0155, 2.8241, -0.07339],
			"to": [8, 3.1076, 0.57866],
			"rotation": {"angle": 0, "axis": "y", "origin": [8, 8, 8]},
			"faces": {
				"north": {"uv": [10.25, 1, 10.75, 1.0625], "texture": "#0"},
				"east": {"uv": [1.75, 10.5, 1.9375, 10.5625], "texture": "#0"},
				"south": {"uv": [10.25, 1.25, 10.75, 1.3125], "texture": "#0"},
				"west": {"uv": [2, 10.5, 2.1875, 10.5625], "texture": "#0"},
				"up": {"uv": [7.75, 9.4375, 7.25, 9.25], "texture": "#0"},
				"down": {"uv": [9.75, 4.25, 9.25, 4.4375], "texture": "#0"}
			}
		},
		{
			"from": [6.0155, 2.8241, 2.27966],
			"to": [9.9845, 6.2261, 3.04511],
			"rotation": {"angle": 0, "axis": "y", "origin": [8, 8, 8]},
			"faces": {
				"north": {"uv": [5.5, 2.75, 6.5, 3.625], "texture": "#0"},
				"east": {"uv": [8.9375, 8.25, 8.75, 9.125], "texture": "#0"},
				"south": {"uv": [5.5, 2.75, 6.5, 3.625], "texture": "#0"},
				"west": {"uv": [8.75, 8.25, 8.9375, 9.125], "texture": "#0"},
				"up": {"uv": [8.75, 8.25, 8.9375, 9.125], "rotation": 90, "texture": "#0"},
				"down": {"uv": [8.75, 8.25, 8.9375, 9.125], "rotation": 90, "texture": "#0"}
			}
		},
		{
			"from": [7.0361, 11.59925, 11.90044],
			"to": [8.9639, 12.61985, 16.54984],
			"rotation": {"angle": 22.5, "axis": "x", "origin": [8, 8, 8]},
			"faces": {
				"north": {"uv": [7, 4, 7.5, 4.25], "texture": "#0"},
				"east": {"uv": [8.25, 2, 9.4375, 2.25], "texture": "#0"},
				"south": {"uv": [5.75, 7.75, 6.25, 8], "texture": "#0"},
				"west": {"uv": [9.4375, 2, 8.25, 2.25], "texture": "#0"},
				"up": {"uv": [7, 2.9375, 6.5, 1.75], "texture": "#0"},
				"down": {"uv": [7, 3, 6.5, 4.1875], "texture": "#0"}
			}
		},
		{
			"from": [7.0361, 8.99105, 10.87984],
			"to": [8.9639, 11.59925, 12.12724],
			"rotation": {"angle": 22.5, "axis": "x", "origin": [8, 8, 8]},
			"faces": {
				"north": {"uv": [2.25, 3.5, 2.75, 4.125], "texture": "#0"},
				"east": {"uv": [1, 8.75, 1.3125, 9.375], "texture": "#0"},
				"south": {"uv": [3, 5.25, 3.5, 5.875], "texture": "#0"},
				"west": {"uv": [1.3125, 8.75, 1, 9.375], "texture": "#0"},
				"up": {"uv": [9.25, 7.5625, 8.75, 7.25], "texture": "#0"},
				"down": {"uv": [9.5, 0.5, 9, 0.8125], "texture": "#0"}
			}
		},
		{
			"from": [7.0361, 11.59925, 11.33344],
			"to": [8.9639, 12.16625, 11.90044],
			"rotation": {"angle": 22.5, "axis": "x", "origin": [8, 8, 8]},
			"faces": {
				"north": {"uv": [9.75, 0.25, 10.25, 0.375], "texture": "#0"},
				"east": {"uv": [7.5, 10.25, 7.625, 10.375], "texture": "#0"},
				"south": {"uv": [0.75, 9.75, 1.25, 9.875], "texture": "#0"},
				"west": {"uv": [7.625, 10.25, 7.5, 10.375], "texture": "#0"},
				"up": {"uv": [1.75, 9.875, 1.25, 9.75], "texture": "#0"},
				"down": {"uv": [2.25, 9.75, 1.75, 9.875], "texture": "#0"}
			}
		},
		{
			"from": [7.0361, 11.59925, 16.54984],
			"to": [8.9639, 12.16625, 17.11684],
			"rotation": {"angle": 22.5, "axis": "x", "origin": [8, 8, 8]},
			"faces": {
				"north": {"uv": [2.25, 9.75, 2.75, 9.875], "texture": "#0"},
				"east": {"uv": [7.75, 10.25, 7.875, 10.375], "texture": "#0"},
				"south": {"uv": [9.75, 2.25, 10.25, 2.375], "texture": "#0"},
				"west": {"uv": [7.875, 10.25, 7.75, 10.375], "texture": "#0"},
				"up": {"uv": [3.25, 9.875, 2.75, 9.75], "texture": "#0"},
				"down": {"uv": [3.75, 9.75, 3.25, 9.875], "texture": "#0"}
			}
		},
		{
			"from": [7.0361, 8.99105, 16.43644],
			"to": [8.9639, 11.59925, 17.68384],
			"rotation": {"angle": 22.5, "axis": "x", "origin": [8, 8, 8]},
			"faces": {
				"north": {"uv": [5.75, 0, 6.25, 0.625], "texture": "#0"},
				"east": {"uv": [2.25, 8.75, 2.5625, 9.375], "texture": "#0"},
				"south": {"uv": [3.75, 8, 4.25, 8.625], "texture": "#0"},
				"west": {"uv": [2.5625, 8.75, 2.25, 9.375], "texture": "#0"},
				"up": {"uv": [9.5, 1.3125, 9, 1], "texture": "#0"},
				"down": {"uv": [9.5, 1.5, 9, 1.8125], "texture": "#0"}
			}
		},
		{
			"from": [7.0361, 8.42405, 16.43644],
			"to": [8.9639, 8.99105, 17.00344],
			"rotation": {"angle": 22.5, "axis": "x", "origin": [8, 8, 8]},
			"faces": {
				"north": {"uv": [3.75, 9.75, 4.25, 9.875], "texture": "#0"},
				"east": {"uv": [8, 10.25, 8.125, 10.375], "texture": "#0"},
				"south": {"uv": [4.25, 9.75, 4.75, 9.875], "texture": "#0"},
				"west": {"uv": [8.125, 10.25, 8, 10.375], "texture": "#0"},
				"up": {"uv": [10.25, 4.375, 9.75, 4.25], "texture": "#0"},
				"down": {"uv": [10.25, 4.5, 9.75, 4.625], "texture": "#0"}
			}
		},
		{
			"from": [7.0361, 7.97045, 12.12724],
			"to": [8.9639, 8.99105, 16.43644],
			"rotation": {"angle": 22.5, "axis": "x", "origin": [8, 8, 8]},
			"faces": {
				"north": {"uv": [3.25, 9, 3.75, 9.25], "texture": "#0"},
				"east": {"uv": [8.25, 5, 9.3125, 5.25], "texture": "#0"},
				"south": {"uv": [9, 5.75, 9.5, 6], "texture": "#0"},
				"west": {"uv": [9.3125, 5, 8.25, 5.25], "texture": "#0"},
				"up": {"uv": [7.25, 6.25, 6.75, 7.3125], "texture": "#0"},
				"down": {"uv": [7.25, 6.25, 6.75, 7.3125], "texture": "#0"}
			}
		},
		{
			"from": [6.4124, 10.64753, 8.80051],
			"to": [9.5876, 11.66813, 9.93451],
			"rotation": {"angle": 0, "axis": "y", "origin": [8, 8, 8]},
			"faces": {
				"north": {"uv": [5, 4.75, 5.8125, 5], "texture": "#0"},
				"east": {"uv": [6.75, 9.5, 7.0625, 9.75], "texture": "#0"},
				"south": {"uv": [5.8125, 4.75, 5, 5], "texture": "#0"},
				"west": {"uv": [6.75, 9.5, 7.0625, 9.75], "texture": "#0"},
				"up": {"uv": [6.5625, 8.8125, 5.75, 8.5], "texture": "#0"},
				"down": {"uv": [6.5625, 8.5, 5.75, 8.8125], "texture": "#0"}
			}
		},
		{
			"from": [5.732, 7.24553, 8.91391],
			"to": [6.7526, 11.10113, 9.82111],
			"rotation": {"angle": 0, "axis": "y", "origin": [8, 8, 8]},
			"faces": {
				"north": {"uv": [7, 8.5, 7.25, 9.4375], "texture": "#0"},
				"east": {"uv": [1, 8.75, 0.75, 9.6875], "texture": "#0"},
				"south": {"uv": [7.25, 8.5, 7, 9.4375], "texture": "#0"},
				"west": {"uv": [7, 8.5, 6.75, 9.4375], "texture": "#0"},
				"up": {"uv": [0.75, 7.5, 1, 7.25], "texture": "#0"},
				"down": {"uv": [7.25, 1.5, 7.5, 1.75], "texture": "#0"}
			}
		},
		{
			"from": [9.2474, 7.24553, 8.91391],
			"to": [10.268, 11.10113, 9.82111],
			"rotation": {"angle": 0, "axis": "y", "origin": [8, 8, 8]},
			"faces": {
				"north": {"uv": [7.25, 8.5, 7, 9.4375], "texture": "#0"},
				"east": {"uv": [6.75, 8.5, 7, 9.4375], "texture": "#0"},
				"south": {"uv": [7, 8.5, 7.25, 9.4375], "texture": "#0"},
				"west": {"uv": [0.75, 8.75, 1, 9.6875], "texture": "#0"},
				"up": {"uv": [1, 7.5, 0.75, 7.25], "texture": "#0"},
				"down": {"uv": [7.5, 1.5, 7.25, 1.75], "texture": "#0"}
			}
		},
		{
			"from": [7.8531, 11.14565, 12.12724],
			"to": [8.1469, 11.59925, 13.65814],
			"rotation": {"angle": 22.5, "axis": "x", "origin": [8, 8, 8]},
			"faces": {
				"north": {"uv": [4.5, 10.5, 4.5625, 10.625], "texture": "#0"},
				"east": {"uv": [5.5, 10, 5.875, 10.125], "texture": "#0"},
				"south": {"uv": [4.75, 10.5, 4.8125, 10.625], "texture": "#0"},
				"west": {"uv": [5.875, 10, 5.5, 10.125], "texture": "#0"},
				"up": {"uv": [0.5625, 10.625, 0.5, 10.25], "texture": "#0"},
				"down": {"uv": [10.3125, 5.25, 10.25, 5.625], "texture": "#0"}
			}
		},
		{
			"from": [7.8531, 10.69205, 12.12724],
			"to": [8.1469, 11.14565, 12.80764],
			"rotation": {"angle": 22.5, "axis": "x", "origin": [8, 8, 8]},
			"faces": {
				"north": {"uv": [5, 10.5, 5.0625, 10.625], "texture": "#0"},
				"east": {"uv": [5.5, 10.25, 5.6875, 10.375], "texture": "#0"},
				"south": {"uv": [5.25, 10.5, 5.3125, 10.625], "texture": "#0"},
				"west": {"uv": [5.6875, 10.25, 5.5, 10.375], "texture": "#0"},
				"up": {"uv": [4.0625, 10.6875, 4, 10.5], "texture": "#0"},
				"down": {"uv": [4.3125, 10.5, 4.25, 10.6875], "texture": "#0"}
			}
		}
	],
	"display": {
		"thirdperson_righthand": {
			"rotation": [67.5, 0, 0],
			"translation": [-1.25, 5, -1.75]
		},
		"thirdperson_lefthand": {
			"rotation": [67.5, 0, 0],
			"translation": [-1.25, 5, -1.75]
		},
		"firstperson_righthand": {
			"translation": [0.75, 1, -2.5]
		},
		"firstperson_lefthand": {
			"translation": [0.75, 1, -2.5]
		},
		"ground": {
			"translation": [0, 3, 0]
		},
		"gui": {
			"rotation": [159.34, -35.7, -177.05],
			"translation": [-0.25, -0.25, 0]
		},
		"fixed": {
			"rotation": [0, 90, 0],
			"translation": [0, 0, -3],
			"scale": [2, 2, 2]
		}
	},
	"groups": [
		{
			"name": "spirit_shower",
			"origin": [9.27829, 4.54398, 6.83185],
			"color": 0,
			"children": [
				{
					"name": "body",
					"origin": [8.15105, 11.26221, 0.85819],
					"color": 0,
					"children": [
						{
							"name": "up_and_down_covers",
							"origin": [8.15105, 11.26221, 0.85819],
							"color": 0,
							"children": [0, 1, 2, 3]
						},
						{
							"name": "main_body",
							"origin": [7.35105, 6.58346, 14.89319],
							"color": 0,
							"children": [4, 5, 6, 7, 8, 9]
						},
						{
							"name": "front",
							"origin": [8.15105, 11.18721, -3.64181],
							"color": 1,
							"children": [10, 11]
						}
					]
				},
				{
					"name": "barrels",
					"origin": [7.40105, 6.62182, 5.42787],
					"color": 0,
					"children": [
						{
							"name": "barrel_top",
							"origin": [7.42605, 11.28873, 0.76097],
							"color": 0,
							"children": [
								12,
								{
									"name": "fornt_part",
									"origin": [7.42605, 11.28873, 0.76097],
									"color": 0,
									"children": [13, 14]
								},
								{
									"name": "barrel_cover",
									"origin": [7.17605, 11.00959, 5.07381],
									"color": 0,
									"children": [15, 16, 17, 18, 19, 20, 21, 22, 23]
								}
							]
						},
						{
							"name": "barrel_middle",
							"origin": [7.37605, 11.28873, 0.76097],
							"color": 0,
							"children": [
								24,
								{
									"name": "fornt_part",
									"origin": [7.37605, 11.28873, 0.76097],
									"color": 0,
									"children": [25, 26]
								},
								{
									"name": "barrel_cover",
									"origin": [7.12605, 11.00959, 5.07381],
									"color": 0,
									"children": [27, 28, 29, 30, 31, 32, 33, 34, 35]
								}
							]
						},
						{
							"name": "barrel_bottom",
							"origin": [7.40105, 11.28873, 0.76097],
							"color": 0,
							"children": [
								36,
								{
									"name": "fornt_part",
									"origin": [7.40105, 11.28873, 0.76097],
									"color": 0,
									"children": [37, 38]
								},
								{
									"name": "barrel_cover",
									"origin": [7.15105, 11.00959, 5.07381],
									"color": 0,
									"children": [39, 40, 41, 42, 43, 44, 45, 46, 47]
								}
							]
						}
					]
				},
				{
					"name": "handles",
					"origin": [8.15105, 7.59162, 8.04289],
					"color": 0,
					"children": [
						{
							"name": "main_handle",
							"origin": [8.15105, 10.91493, 8.84289],
							"color": 2,
							"children": [48, 49, 50, 51, 52, 53, 54]
						},
						{
							"name": "small_handle",
							"origin": [8.15408, 9.77856, 21.28076],
							"color": 0,
							"children": [55, 56, 57]
						}
					]
				},
				{
					"name": "trigger",
					"origin": [8.15105, 8.55114, 12.79414],
					"color": 0,
					"children": [58, 59]
				}
			]
		}
	]
}