{
	"credit": "Made with Blockbench",
	"textures": {
		"0": "aoa3:item/stampede",
		"1": "aoa3:item/revolver_mag",
		"particle": "aoa3:item/stampede"
	},
	"elements": [
		{
			"from": [7.28, 7.59, 10.19],
			"to": [8.72, 7.89, 12.26],
			"rotation": {"angle": 0, "axis": "y", "origin": [8.00147, 8.96549, 8.10474]},
			"faces": {
				"north": {"uv": [9, 10, 9.75, 10.125], "texture": "#0"},
				"east": {"uv": [0, 10, 1, 10.125], "texture": "#0"},
				"south": {"uv": [10, 9.5, 10.75, 9.625], "texture": "#0"},
				"west": {"uv": [1, 10, 0, 10.125], "texture": "#0"},
				"up": {"uv": [7.25, 1, 6.5, 0], "texture": "#0"},
				"down": {"uv": [3.75, 6.5, 3, 7.5], "texture": "#0"}
			}
		},
		{
			"from": [7.28, 6.63, 10.7],
			"to": [8.72, 7.59, 12.98],
			"rotation": {"angle": 0, "axis": "y", "origin": [8.00147, 8.96549, 8.10474]},
			"faces": {
				"north": {"uv": [6.5, 8, 7.25, 8.5], "texture": "#0"},
				"east": {"uv": [8, 2, 9.125, 2.5], "texture": "#0"},
				"south": {"uv": [7.5, 8, 8.25, 8.5], "texture": "#0"},
				"west": {"uv": [9.125, 2, 8, 2.5], "texture": "#0"},
				"up": {"uv": [1.75, 7.625, 1, 6.5], "texture": "#0"},
				"down": {"uv": [2.75, 6.5, 2, 7.625], "texture": "#0"}
			}
		},
		{
			"from": [7.28, 5.31, 11.06],
			"to": [8.72, 6.63, 12.98],
			"rotation": {"angle": 0, "axis": "y", "origin": [8.00147, 8.96549, 8.10474]},
			"faces": {
				"north": {"uv": [4, 8, 4.75, 8.625], "texture": "#0"},
				"east": {"uv": [3, 7.5, 4, 8.125], "texture": "#0"},
				"south": {"uv": [8, 4, 8.75, 4.625], "texture": "#0"},
				"west": {"uv": [4, 7.5, 3, 8.125], "texture": "#0"},
				"up": {"uv": [0.75, 8, 0, 7], "texture": "#0"},
				"down": {"uv": [7.75, 1, 7, 2], "texture": "#0"}
			}
		},
		{
			"from": [7.28, 5.67, 12.98],
			"to": [8.72, 6.87, 13.22],
			"rotation": {"angle": 0, "axis": "y", "origin": [8.00147, 8.96549, 8.10474]},
			"faces": {
				"north": {"uv": [5, 8, 5.75, 8.625], "texture": "#0"},
				"east": {"uv": [11, 6, 11.125, 6.625], "texture": "#0"},
				"south": {"uv": [8, 5, 8.75, 5.625], "texture": "#0"},
				"west": {"uv": [11.125, 6, 11, 6.625], "texture": "#0"},
				"up": {"uv": [10.75, 10.125, 10, 10], "texture": "#0"},
				"down": {"uv": [0.75, 10.5, 0, 10.625], "texture": "#0"}
			}
		},
		{
			"from": [7.52, 5.07, 11.3],
			"to": [8.48, 5.31, 12.74],
			"rotation": {"angle": 0, "axis": "y", "origin": [8.00147, 8.96549, 8.10474]},
			"faces": {
				"north": {"uv": [10.5, 11.5, 11, 11.625], "texture": "#0"},
				"east": {"uv": [1, 10.5, 1.75, 10.625], "texture": "#0"},
				"south": {"uv": [11, 11.5, 11.5, 11.625], "texture": "#0"},
				"west": {"uv": [1.75, 10.5, 1, 10.625], "texture": "#0"},
				"up": {"uv": [9, 0.75, 8.5, 0], "texture": "#0"},
				"down": {"uv": [3.5, 8.5, 3, 9.25], "texture": "#0"}
			}
		},
		{
			"from": [7.28, 7.59, 12.26],
			"to": [8.72, 7.95, 12.74],
			"rotation": {"angle": 0, "axis": "y", "origin": [8.00147, 8.96549, 8.10474]},
			"faces": {
				"north": {"uv": [10.5, 1.5, 11.25, 1.625], "texture": "#0"},
				"east": {"uv": [12.5, 1, 12.75, 1.125], "texture": "#0"},
				"south": {"uv": [2, 10.5, 2.75, 10.625], "texture": "#0"},
				"west": {"uv": [12.75, 1, 12.5, 1.125], "texture": "#0"},
				"up": {"uv": [2.75, 9.25, 2, 9], "texture": "#0"},
				"down": {"uv": [0.75, 9.5, 0, 9.75], "texture": "#0"}
			}
		},
		{
			"from": [7.28, 7.95, 12.26],
			"to": [8.72, 8.31, 12.5],
			"rotation": {"angle": 0, "axis": "y", "origin": [8.00147, 8.96549, 8.10474]},
			"faces": {
				"north": {"uv": [3, 10.5, 3.75, 10.625], "texture": "#0"},
				"east": {"uv": [12.5, 4.5, 12.625, 4.625], "texture": "#0"},
				"south": {"uv": [4, 10.5, 4.75, 10.625], "texture": "#0"},
				"west": {"uv": [12.625, 4.5, 12.5, 4.625], "texture": "#0"},
				"up": {"uv": [5.75, 10.625, 5, 10.5], "texture": "#0"},
				"down": {"uv": [6.75, 10.5, 6, 10.625], "texture": "#0"}
			}
		},
		{
			"from": [7.28, 7.89, 10.31],
			"to": [8.72, 8.13, 12.26],
			"rotation": {"angle": 0, "axis": "y", "origin": [8.00147, 8.96549, 8.10474]},
			"faces": {
				"north": {"uv": [7, 10.5, 7.75, 10.625], "texture": "#0"},
				"east": {"uv": [10, 2, 11, 2.125], "texture": "#0"},
				"south": {"uv": [8, 10.5, 8.75, 10.625], "texture": "#0"},
				"west": {"uv": [11, 2, 10, 2.125], "texture": "#0"},
				"up": {"uv": [7.75, 3, 7, 2], "texture": "#0"},
				"down": {"uv": [7.75, 3, 7, 4], "texture": "#0"}
			}
		},
		{
			"from": [7.28, 8.67, 10.94],
			"to": [8.72, 8.85, 12.05],
			"rotation": {"angle": 0, "axis": "y", "origin": [8.00147, 8.96549, 8.10474]},
			"faces": {
				"north": {"uv": [9, 10.5, 9.75, 10.625], "texture": "#0"},
				"east": {"uv": [11.5, 11.5, 12, 11.625], "texture": "#0"},
				"south": {"uv": [10, 10.5, 10.75, 10.625], "texture": "#0"},
				"west": {"uv": [12, 11.5, 11.5, 11.625], "texture": "#0"},
				"up": {"uv": [8.75, 8, 8, 7.5], "texture": "#0"},
				"down": {"uv": [9.25, 6, 8.5, 6.5], "texture": "#0"}
			}
		},
		{
			"from": [7.28, 8.49, 10.79],
			"to": [8.72, 8.67, 12.17],
			"rotation": {"angle": 0, "axis": "y", "origin": [8.00147, 8.96549, 8.10474]},
			"faces": {
				"north": {"uv": [0, 11, 0.75, 11.125], "texture": "#0"},
				"east": {"uv": [11, 0, 11.75, 0.125], "texture": "#0"},
				"south": {"uv": [11, 0.5, 11.75, 0.625], "texture": "#0"},
				"west": {"uv": [11.75, 0, 11, 0.125], "texture": "#0"},
				"up": {"uv": [2.75, 8.75, 2, 8], "texture": "#0"},
				"down": {"uv": [8.75, 3, 8, 3.75], "texture": "#0"}
			}
		},
		{
			"from": [7.28, 8.31, 10.55],
			"to": [8.72, 8.49, 12.38],
			"rotation": {"angle": 0, "axis": "y", "origin": [8.00147, 8.96549, 8.10474]},
			"faces": {
				"north": {"uv": [2, 11, 2.75, 11.125], "texture": "#0"},
				"east": {"uv": [6, 10, 6.875, 10.125], "texture": "#0"},
				"south": {"uv": [11, 2, 11.75, 2.125], "texture": "#0"},
				"west": {"uv": [6.875, 10, 6, 10.125], "texture": "#0"},
				"up": {"uv": [6.75, 7.875, 6, 7], "texture": "#0"},
				"down": {"uv": [7.75, 6, 7, 6.875], "texture": "#0"}
			}
		},
		{
			"from": [7.28, 8.13, 10.43],
			"to": [8.72, 8.31, 12.26],
			"rotation": {"angle": 0, "axis": "y", "origin": [8.00147, 8.96549, 8.10474]},
			"faces": {
				"north": {"uv": [11, 2.5, 11.75, 2.625], "texture": "#0"},
				"east": {"uv": [7, 10, 7.875, 10.125], "texture": "#0"},
				"south": {"uv": [3, 11, 3.75, 11.125], "texture": "#0"},
				"west": {"uv": [7.875, 10, 7, 10.125], "texture": "#0"},
				"up": {"uv": [7.75, 7.875, 7, 7], "texture": "#0"},
				"down": {"uv": [8.25, 0, 7.5, 0.875], "texture": "#0"}
			}
		},
		{
			"from": [7.58, 6.99, 8.33],
			"to": [8.42, 7.89, 8.57],
			"rotation": {"angle": 0, "axis": "y", "origin": [8.00147, 8.87549, 8.88474]},
			"faces": {
				"north": {"uv": [2, 9.5, 2.375, 10], "texture": "#0"},
				"east": {"uv": [12, 0, 12.125, 0.5], "texture": "#0"},
				"south": {"uv": [9.5, 2, 9.875, 2.5], "texture": "#0"},
				"west": {"uv": [0.625, 12, 0.5, 12.5], "texture": "#0"},
				"up": {"uv": [8.375, 12.125, 8, 12], "texture": "#0"},
				"down": {"uv": [12.375, 8, 12, 8.125], "texture": "#0"}
			}
		},
		{
			"from": [7.58, 6.75, 9.59],
			"to": [8.42, 6.99, 10.31],
			"rotation": {"angle": 0, "axis": "y", "origin": [8.00147, 8.93549, 8.88474]},
			"faces": {
				"north": {"uv": [8.5, 12, 8.875, 12.125], "texture": "#0"},
				"east": {"uv": [12, 8.5, 12.375, 8.625], "texture": "#0"},
				"south": {"uv": [9, 12, 9.375, 12.125], "texture": "#0"},
				"west": {"uv": [12.375, 9, 12, 9.125], "texture": "#0"},
				"up": {"uv": [9.875, 6.375, 9.5, 6], "texture": "#0"},
				"down": {"uv": [7.375, 9.5, 7, 9.875], "texture": "#0"}
			}
		},
		{
			"from": [7.58, 6.99, 10.19],
			"to": [8.42, 7.59, 10.43],
			"rotation": {"angle": 0, "axis": "y", "origin": [8.00147, 8.87549, 8.76474]},
			"faces": {
				"north": {"uv": [11, 3, 11.375, 3.25], "texture": "#0"},
				"east": {"uv": [12.5, 1.5, 12.625, 1.75], "texture": "#0"},
				"south": {"uv": [11, 3.5, 11.375, 3.75], "texture": "#0"},
				"west": {"uv": [2.125, 12.5, 2, 12.75], "texture": "#0"},
				"up": {"uv": [12.375, 9.625, 12, 9.5], "texture": "#0"},
				"down": {"uv": [12.375, 10, 12, 10.125], "texture": "#0"}
			}
		},
		{
			"from": [7.58, 6.75, 8.45],
			"to": [8.42, 6.99, 8.87],
			"rotation": {"angle": 0, "axis": "y", "origin": [8.00147, 8.93549, 8.88474]},
			"faces": {
				"north": {"uv": [10.5, 12, 10.875, 12.125], "texture": "#0"},
				"east": {"uv": [12.5, 2, 12.75, 2.125], "texture": "#0"},
				"south": {"uv": [12, 10.5, 12.375, 10.625], "texture": "#0"},
				"west": {"uv": [2.75, 12.5, 2.5, 12.625], "texture": "#0"},
				"up": {"uv": [4.375, 11.25, 4, 11], "texture": "#0"},
				"down": {"uv": [11.375, 4, 11, 4.25], "texture": "#0"}
			}
		},
		{
			"from": [7.58, 6.63, 8.87],
			"to": [8.42, 6.87, 9.59],
			"rotation": {"angle": 0, "axis": "y", "origin": [8.00147, 8.93549, 8.88474]},
			"faces": {
				"north": {"uv": [11, 12, 11.375, 12.125], "texture": "#0"},
				"east": {"uv": [12, 11, 12.375, 11.125], "texture": "#0"},
				"south": {"uv": [11.5, 12, 11.875, 12.125], "texture": "#0"},
				"west": {"uv": [12.375, 11.5, 12, 11.625], "texture": "#0"},
				"up": {"uv": [7.875, 9.875, 7.5, 9.5], "texture": "#0"},
				"down": {"uv": [8.375, 9.5, 8, 9.875], "texture": "#0"}
			}
		},
		{
			"name": "trigger",
			"from": [7.88, 7.14, 9.47],
			"to": [8.12, 7.89, 9.71],
			"rotation": {"angle": 0, "axis": "y", "origin": [8.00147, 9.17549, 8.04474]},
			"faces": {
				"north": {"uv": [0, 12.5, 0.125, 12.875], "texture": "#0"},
				"east": {"uv": [0, 12.5, 0.125, 12.875], "texture": "#0"},
				"south": {"uv": [0, 12.5, 0.125, 12.875], "texture": "#0"},
				"west": {"uv": [0.125, 12.5, 0, 12.875], "texture": "#0"},
				"up": {"uv": [0, 12.5, 0.125, 12.875], "texture": "#0"},
				"down": {"uv": [0, 12.5, 0.125, 12.875], "texture": "#0"}
			}
		},
		{
			"name": "trigger",
			"from": [7.88, 7.14, 9.23],
			"to": [8.12, 7.38, 9.47],
			"rotation": {"angle": 0, "axis": "y", "origin": [8.00147, 9.32549, 8.10474]},
			"faces": {
				"north": {"uv": [6, 12.5, 6.125, 12.625], "texture": "#0"},
				"east": {"uv": [6, 12.5, 6.125, 12.625], "texture": "#0"},
				"south": {"uv": [6, 12.5, 6.125, 12.625], "texture": "#0"},
				"west": {"uv": [6.125, 12.5, 6, 12.625], "texture": "#0"},
				"up": {"uv": [6, 12.5, 6.125, 12.625], "texture": "#0"},
				"down": {"uv": [6, 12.5, 6.125, 12.625], "texture": "#0"}
			}
		},
		{
			"from": [7.4, 9.93, 7.25],
			"to": [8.6, 10.2, 10.67],
			"rotation": {"angle": 0, "axis": "y", "origin": [8.00147, 8.96549, 8.10474]},
			"faces": {
				"north": {"uv": [7, 11, 7.625, 11.125], "texture": "#0"},
				"east": {"uv": [4, 9, 5.75, 9.125], "texture": "#0"},
				"south": {"uv": [11, 7, 11.625, 7.125], "texture": "#0"},
				"west": {"uv": [5.75, 9, 4, 9.125], "texture": "#0"},
				"up": {"uv": [4.625, 4.75, 4, 3], "texture": "#0"},
				"down": {"uv": [1.625, 4.5, 1, 6.25], "texture": "#0"}
			}
		},
		{
			"from": [7.4, 9.66, 7.25],
			"to": [8.6, 9.93, 10.94],
			"rotation": {"angle": 0, "axis": "y", "origin": [8.00147, 8.96549, 8.10474]},
			"faces": {
				"north": {"uv": [11, 7.5, 11.625, 7.625], "texture": "#0"},
				"east": {"uv": [9, 3, 10.875, 3.125], "texture": "#0"},
				"south": {"uv": [8, 11, 8.625, 11.125], "texture": "#0"},
				"west": {"uv": [10.875, 3, 9, 3.125], "texture": "#0"},
				"up": {"uv": [3.625, 5.375, 3, 3.5], "texture": "#0"},
				"down": {"uv": [4.625, 1, 4, 2.875], "texture": "#0"}
			}
		},
		{
			"from": [7.4, 9.39, 7.25],
			"to": [8.6, 9.66, 11.3],
			"rotation": {"angle": 0, "axis": "y", "origin": [8.00147, 8.96549, 8.10474]},
			"faces": {
				"north": {"uv": [11, 8, 11.625, 8.125], "texture": "#0"},
				"east": {"uv": [9, 0, 11, 0.125], "texture": "#0"},
				"south": {"uv": [11, 8.5, 11.625, 8.625], "texture": "#0"},
				"west": {"uv": [11, 0, 9, 0.125], "texture": "#0"},
				"up": {"uv": [1.625, 4.5, 1, 2.5], "texture": "#0"},
				"down": {"uv": [2.625, 2.5, 2, 4.5], "texture": "#0"}
			}
		},
		{
			"from": [7.4, 9.12, 7.25],
			"to": [8.6, 9.39, 11.54],
			"rotation": {"angle": 0, "axis": "y", "origin": [8.00147, 8.96549, 8.10474]},
			"faces": {
				"north": {"uv": [9, 11, 9.625, 11.125], "texture": "#0"},
				"east": {"uv": [8.5, 7, 10.625, 7.125], "texture": "#0"},
				"south": {"uv": [11, 9, 11.625, 9.125], "texture": "#0"},
				"west": {"uv": [10.625, 7, 8.5, 7.125], "texture": "#0"},
				"up": {"uv": [2.625, 2.125, 2, 0], "texture": "#0"},
				"down": {"uv": [0.625, 2.5, 0, 4.625], "texture": "#0"}
			}
		},
		{
			"from": [7.4, 8.85, 7.25],
			"to": [8.6, 9.12, 11.93],
			"rotation": {"angle": 0, "axis": "y", "origin": [8.00147, 8.96549, 8.10474]},
			"faces": {
				"north": {"uv": [11, 9.5, 11.625, 9.625], "texture": "#0"},
				"east": {"uv": [8.5, 6.5, 10.875, 6.625], "texture": "#0"},
				"south": {"uv": [10, 11, 10.625, 11.125], "texture": "#0"},
				"west": {"uv": [10.875, 6.5, 8.5, 6.625], "texture": "#0"},
				"up": {"uv": [0.625, 2.375, 0, 0], "texture": "#0"},
				"down": {"uv": [1.625, 0, 1, 2.375], "texture": "#0"}
			}
		},
		{
			"from": [7.4, 8.67, 7.37],
			"to": [8.6, 8.85, 10.94],
			"rotation": {"angle": 0, "axis": "y", "origin": [8.00147, 8.96549, 8.10474]},
			"faces": {
				"north": {"uv": [11, 10, 11.625, 10.125], "texture": "#0"},
				"east": {"uv": [9, 4.5, 10.75, 4.625], "texture": "#0"},
				"south": {"uv": [11, 10.5, 11.625, 10.625], "texture": "#0"},
				"west": {"uv": [10.75, 4.5, 9, 4.625], "texture": "#0"},
				"up": {"uv": [2.625, 6.25, 2, 4.5], "texture": "#0"},
				"down": {"uv": [0.625, 5, 0, 6.75], "texture": "#0"}
			}
		},
		{
			"from": [7.4, 8.49, 7.37],
			"to": [8.6, 8.67, 10.79],
			"rotation": {"angle": 0, "axis": "y", "origin": [8.00147, 8.96549, 8.10474]},
			"faces": {
				"north": {"uv": [11, 11, 11.625, 11.125], "texture": "#0"},
				"east": {"uv": [9, 5.5, 10.75, 5.625], "texture": "#0"},
				"south": {"uv": [0, 11.5, 0.625, 11.625], "texture": "#0"},
				"west": {"uv": [10.75, 5.5, 9, 5.625], "texture": "#0"},
				"up": {"uv": [5.625, 2.75, 5, 1], "texture": "#0"},
				"down": {"uv": [5.625, 3, 5, 4.75], "texture": "#0"}
			}
		},
		{
			"from": [7.4, 8.31, 7.37],
			"to": [8.6, 8.49, 10.55],
			"rotation": {"angle": 0, "axis": "y", "origin": [8.00147, 8.96549, 8.10474]},
			"faces": {
				"north": {"uv": [1, 11.5, 1.625, 11.625], "texture": "#0"},
				"east": {"uv": [9, 7.5, 10.625, 7.625], "texture": "#0"},
				"south": {"uv": [11.5, 1, 12.125, 1.125], "texture": "#0"},
				"west": {"uv": [10.625, 7.5, 9, 7.625], "texture": "#0"},
				"up": {"uv": [4.625, 6.625, 4, 5], "texture": "#0"},
				"down": {"uv": [5.625, 5, 5, 6.625], "texture": "#0"}
			}
		},
		{
			"from": [7.4, 8.13, 7.49],
			"to": [8.6, 8.31, 10.43],
			"rotation": {"angle": 0, "axis": "y", "origin": [8.00147, 8.96549, 8.10474]},
			"faces": {
				"north": {"uv": [11.5, 1.5, 12.125, 1.625], "texture": "#0"},
				"east": {"uv": [2.5, 9.5, 4, 9.625], "texture": "#0"},
				"south": {"uv": [2, 11.5, 2.625, 11.625], "texture": "#0"},
				"west": {"uv": [4, 9.5, 2.5, 9.625], "texture": "#0"},
				"up": {"uv": [6.625, 2.5, 6, 1], "texture": "#0"},
				"down": {"uv": [6.625, 2.5, 6, 4], "texture": "#0"}
			}
		},
		{
			"from": [7.4, 7.89, 7.61],
			"to": [8.6, 8.13, 10.31],
			"rotation": {"angle": 0, "axis": "y", "origin": [8.00147, 8.96549, 8.10474]},
			"faces": {
				"north": {"uv": [3, 11.5, 3.625, 11.625], "texture": "#0"},
				"east": {"uv": [4, 9.5, 5.375, 9.625], "texture": "#0"},
				"south": {"uv": [11.5, 3, 12.125, 3.125], "texture": "#0"},
				"west": {"uv": [5.375, 9.5, 4, 9.625], "texture": "#0"},
				"up": {"uv": [6.625, 5.375, 6, 4], "texture": "#0"},
				"down": {"uv": [6.625, 5.5, 6, 6.875], "texture": "#0"}
			}
		},
		{
			"from": [7.772, 9.11194, 10.61384],
			"to": [8.228, 9.51994, 11.56184],
			"rotation": {"angle": 0, "axis": "y", "origin": [8, 12.42094, 15.72284]},
			"faces": {
				"north": {"uv": [4, 10, 4.5, 10.25], "texture": "#0"},
				"east": {"uv": [4, 10, 4.5, 10.25], "texture": "#0"},
				"south": {"uv": [11, 4.5, 11.25, 4.875], "texture": "#0"},
				"west": {"uv": [4.5, 10, 4, 10.25], "texture": "#0"},
				"up": {"uv": [4, 10, 4.5, 10.25], "texture": "#0"},
				"down": {"uv": [4, 10, 4.5, 10.25], "texture": "#0"}
			}
		},
		{
			"from": [7.772, 9.51994, 11.56184],
			"to": [8.228, 10.34794, 11.96984],
			"rotation": {"angle": 0, "axis": "y", "origin": [8, 12.79894, 16.58084]},
			"faces": {
				"north": {"uv": [11, 4.5, 11.25, 4.875], "texture": "#0"},
				"east": {"uv": [11, 4.5, 11.25, 4.875], "texture": "#0"},
				"south": {"uv": [11, 4.5, 11.25, 4.875], "texture": "#0"},
				"west": {"uv": [11.25, 4.5, 11, 4.875], "texture": "#0"},
				"up": {"uv": [11, 4.5, 11.25, 4.875], "texture": "#0"},
				"down": {"uv": [11, 4.5, 11.25, 4.875], "texture": "#0"}
			}
		},
		{
			"from": [7.772, 9.51994, 11.15384],
			"to": [8.228, 9.86794, 11.56184],
			"rotation": {"angle": 0, "axis": "y", "origin": [8, 12.79894, 16.53284]},
			"faces": {
				"north": {"uv": [3, 12.5, 3.25, 12.625], "texture": "#0"},
				"east": {"uv": [3, 12.5, 3.25, 12.625], "texture": "#0"},
				"south": {"uv": [3, 12.5, 3.25, 12.625], "texture": "#0"},
				"west": {"uv": [3.25, 12.5, 3, 12.625], "texture": "#0"},
				"up": {"uv": [3, 12.5, 3.25, 12.625], "texture": "#0"},
				"down": {"uv": [3, 12.5, 3.25, 12.625], "texture": "#0"}
			}
		},
		{
			"from": [8.21, 10.2, 9.47],
			"to": [8.45, 10.41, 10.67],
			"rotation": {"angle": 0, "axis": "y", "origin": [8.48147, 8.46549, 8.52474]},
			"faces": {
				"north": {"uv": [12.5, 7, 12.625, 7.125], "texture": "#0"},
				"east": {"uv": [11.5, 3.5, 12.125, 3.625], "texture": "#0"},
				"south": {"uv": [7.5, 12.5, 7.625, 12.625], "texture": "#0"},
				"west": {"uv": [12.125, 3.5, 11.5, 3.625], "texture": "#0"},
				"up": {"uv": [11.625, 4.625, 11.5, 4], "texture": "#0"},
				"down": {"uv": [5.125, 11.5, 5, 12.125], "texture": "#0"}
			}
		},
		{
			"from": [8.21, 10.41, 9.47],
			"to": [8.45, 10.62, 10.37],
			"rotation": {"angle": 0, "axis": "y", "origin": [8.48147, 8.46549, 8.52474]},
			"faces": {
				"north": {"uv": [12.5, 7.5, 12.625, 7.625], "texture": "#0"},
				"east": {"uv": [12, 2.5, 12.5, 2.625], "texture": "#0"},
				"south": {"uv": [8, 12.5, 8.125, 12.625], "texture": "#0"},
				"west": {"uv": [12.5, 2.5, 12, 2.625], "texture": "#0"},
				"up": {"uv": [3.625, 12.5, 3.5, 12], "texture": "#0"},
				"down": {"uv": [4.125, 12, 4, 12.5], "texture": "#0"}
			}
		},
		{
			"from": [7.55, 10.41, 9.47],
			"to": [7.79, 10.62, 10.37],
			"rotation": {"angle": 0, "axis": "y", "origin": [7.82147, 8.46549, 8.52474]},
			"faces": {
				"north": {"uv": [12.5, 8, 12.625, 8.125], "texture": "#0"},
				"east": {"uv": [12, 2.5, 12.5, 2.625], "texture": "#0"},
				"south": {"uv": [8.5, 12.5, 8.625, 12.625], "texture": "#0"},
				"west": {"uv": [12.5, 2.5, 12, 2.625], "texture": "#0"},
				"up": {"uv": [12.125, 5, 12, 4.5], "texture": "#0"},
				"down": {"uv": [5.625, 12, 5.5, 12.5], "texture": "#0"}
			}
		},
		{
			"from": [7.55, 10.2, 9.47],
			"to": [7.79, 10.41, 10.67],
			"rotation": {"angle": 0, "axis": "y", "origin": [7.82147, 8.46549, 8.52474]},
			"faces": {
				"north": {"uv": [12.5, 8.5, 12.625, 8.625], "texture": "#0"},
				"east": {"uv": [11.5, 3.5, 12.125, 3.625], "texture": "#0"},
				"south": {"uv": [9, 12.5, 9.125, 12.625], "texture": "#0"},
				"west": {"uv": [12.125, 3.5, 11.5, 3.625], "texture": "#0"},
				"up": {"uv": [11.625, 6.625, 11.5, 6], "texture": "#0"},
				"down": {"uv": [7.125, 11.5, 7, 12.125], "texture": "#0"}
			}
		},
		{
			"from": [7.87, 10.705, 2.75],
			"to": [8.13, 10.915, 3.05],
			"rotation": {"angle": 0, "axis": "y", "origin": [8.24147, 8.96549, 8.10474]},
			"faces": {
				"north": {"uv": [9.5, 12.5, 9.625, 12.625], "texture": "#0"},
				"east": {"uv": [9.5, 12.5, 9.625, 12.625], "texture": "#0"},
				"south": {"uv": [9.5, 12.5, 9.625, 12.625], "texture": "#0"},
				"west": {"uv": [9.625, 12.5, 9.5, 12.625], "texture": "#0"},
				"up": {"uv": [9.5, 12.5, 9.625, 12.625], "texture": "#0"},
				"down": {"uv": [9.5, 12.5, 9.625, 12.625], "texture": "#0"}
			}
		},
		{
			"from": [7.87, 10.495, 2.75],
			"to": [8.13, 10.705, 3.35],
			"rotation": {"angle": 0, "axis": "y", "origin": [8.24147, 8.96549, 8.10474]},
			"faces": {
				"north": {"uv": [12.5, 3.5, 12.75, 3.625], "texture": "#0"},
				"east": {"uv": [12.5, 3.5, 12.75, 3.625], "texture": "#0"},
				"south": {"uv": [12.5, 3.5, 12.75, 3.625], "texture": "#0"},
				"west": {"uv": [12.75, 3.5, 12.5, 3.625], "texture": "#0"},
				"up": {"uv": [12.5, 3.5, 12.75, 3.625], "texture": "#0"},
				"down": {"uv": [12.5, 3.5, 12.75, 3.625], "texture": "#0"}
			}
		},
		{
			"from": [7.87, 10.285, 2.75],
			"to": [8.13, 10.495, 3.65],
			"rotation": {"angle": 0, "axis": "y", "origin": [8.24147, 8.96549, 8.10474]},
			"faces": {
				"north": {"uv": [12, 6, 12.5, 6.125], "texture": "#0"},
				"east": {"uv": [12, 6, 12.5, 6.125], "texture": "#0"},
				"south": {"uv": [12, 6, 12.5, 6.125], "texture": "#0"},
				"west": {"uv": [12.5, 6, 12, 6.125], "texture": "#0"},
				"up": {"uv": [12, 6, 12.5, 6.125], "texture": "#0"},
				"down": {"uv": [12, 6, 12.5, 6.125], "texture": "#0"}
			}
		},
		{
			"from": [7.87, 10.075, 2.75],
			"to": [8.13, 10.285, 3.95],
			"rotation": {"angle": 0, "axis": "y", "origin": [8.24147, 8.96549, 8.10474]},
			"faces": {
				"north": {"uv": [7.5, 11.5, 8.125, 11.625], "texture": "#0"},
				"east": {"uv": [7.5, 11.5, 8.125, 11.625], "texture": "#0"},
				"south": {"uv": [7.5, 11.5, 8.125, 11.625], "texture": "#0"},
				"west": {"uv": [8.125, 11.5, 7.5, 11.625], "texture": "#0"},
				"up": {"uv": [7.5, 11.5, 8.125, 11.625], "texture": "#0"},
				"down": {"uv": [7.5, 11.5, 8.125, 11.625], "texture": "#0"}
			}
		},
		{
			"name": "main_barrel",
			"from": [7.52, 9.12, 2.18],
			"to": [8.48, 10.08, 7.25],
			"rotation": {"angle": 0, "axis": "y", "origin": [8.24147, 8.96549, 8.10474]},
			"faces": {
				"north": {"uv": [0, 9, 0.5, 9.5], "texture": "#0"},
				"east": {"uv": [3, 0, 5.5, 0.5], "texture": "#0"},
				"south": {"uv": [0.5, 9, 1, 9.5], "texture": "#0"},
				"west": {"uv": [5.5, 0, 3, 0.5], "texture": "#0"},
				"up": {"uv": [3.5, 3.5, 3, 1], "texture": "#0"},
				"down": {"uv": [4, 1, 3.5, 3.5], "texture": "#0"}
			}
		},
		{
			"name": "under_barrel",
			"from": [7.7, 8.52, 2.48],
			"to": [8.3, 9.12, 7.55],
			"rotation": {"angle": 0, "axis": "y", "origin": [8.24147, 8.00549, 8.10474]},
			"faces": {
				"north": {"uv": [7.5, 12, 7.75, 12.25], "texture": "#0"},
				"east": {"uv": [8, 1, 10.5, 1.25], "texture": "#0"},
				"south": {"uv": [12, 7.5, 12.25, 7.75], "texture": "#0"},
				"west": {"uv": [10.5, 1, 8, 1.25], "texture": "#0"},
				"up": {"uv": [1.25, 10.5, 1, 8], "texture": "#0"},
				"down": {"uv": [1.75, 8, 1.5, 10.5], "texture": "#0"}
			}
		},
		{
			"from": [7.65385, 8.18926, 8.30164],
			"to": [8.34621, 9.86066, 9.69659],
			"rotation": {"angle": 0, "axis": "y", "origin": [8, 9.025, 9]},
			"faces": {
				"north": {"uv": [4, 9, 4.75, 10.75], "texture": "#1"},
				"east": {"uv": [4, 4, 5.5, 5.75], "texture": "#1"},
				"south": {"uv": [5, 9, 5.75, 10.75], "texture": "#1"},
				"west": {"uv": [0, 6, 1.5, 7.75], "texture": "#1"},
				"up": {"uv": [0.75, 11.5, 0, 10], "texture": "#1"},
				"down": {"uv": [3.75, 10, 3, 11.5], "texture": "#1"}
			}
		},
		{
			"from": [7.16427, 8.67881, 8.30201],
			"to": [8.83567, 9.37117, 9.69569],
			"rotation": {"angle": 45, "axis": "z", "origin": [8, 9.025, 9]},
			"faces": {
				"north": {"uv": [9, 4, 10.75, 4.75], "texture": "#1"},
				"east": {"uv": [10, 5, 11.5, 5.75], "texture": "#1"},
				"south": {"uv": [9, 6, 10.75, 6.75], "texture": "#1"},
				"west": {"uv": [10, 7, 11.5, 7.75], "texture": "#1"},
				"up": {"uv": [7.75, 1.5, 6, 0], "texture": "#1"},
				"down": {"uv": [3.75, 6, 2, 7.5], "texture": "#1"}
			}
		},
		{
			"from": [7.65384, 8.18934, 8.30266],
			"to": [8.3462, 9.86074, 9.69633],
			"rotation": {"angle": 45, "axis": "z", "origin": [8, 9.025, 9]},
			"faces": {
				"north": {"uv": [7, 9, 7.75, 10.75], "texture": "#1"},
				"east": {"uv": [6, 2, 7.5, 3.75], "texture": "#1"},
				"south": {"uv": [9, 7, 9.75, 8.75], "texture": "#1"},
				"west": {"uv": [4, 6, 5.5, 7.75], "texture": "#1"},
				"up": {"uv": [6.75, 11.5, 6, 10], "texture": "#1"},
				"down": {"uv": [8.75, 10, 8, 11.5], "texture": "#1"}
			}
		},
		{
			"from": [7.16427, 8.67883, 8.30029],
			"to": [8.83567, 9.37119, 9.70201],
			"rotation": {"angle": 0, "axis": "y", "origin": [8, 9.025, 9]},
			"faces": {
				"north": {"uv": [8, 9, 9.75, 9.75], "texture": "#1"},
				"east": {"uv": [10, 8, 11.5, 8.75], "texture": "#1"},
				"south": {"uv": [10, 2, 11.75, 2.75], "texture": "#1"},
				"west": {"uv": [9, 10, 10.5, 10.75], "texture": "#1"},
				"up": {"uv": [7.75, 5.5, 6, 4], "texture": "#1"},
				"down": {"uv": [7.75, 6, 6, 7.5], "texture": "#1"}
			}
		},
		{
			"from": [7.73385, 8.02926, 8.30164],
			"to": [8.26621, 10.02066, 9.69659],
			"rotation": {"angle": 0, "axis": "y", "origin": [8, 9.025, 9]},
			"faces": {
				"north": {"uv": [11, 0, 11.5, 2], "texture": "#1"},
				"east": {"uv": [0, 0, 1.5, 2], "texture": "#1"},
				"south": {"uv": [1, 11, 1.5, 13], "texture": "#1"},
				"west": {"uv": [6, 2, 4, 3.5], "rotation": 90, "texture": "#1"},
				"up": {"uv": [14.5, 4, 13, 4.5], "rotation": 90, "texture": "#1"},
				"down": {"uv": [13, 4, 14.5, 4.5], "rotation": 90, "texture": "#1"}
			}
		},
		{
			"from": [7.00427, 8.75881, 8.30201],
			"to": [8.99567, 9.29117, 9.69569],
			"rotation": {"angle": 45, "axis": "z", "origin": [8, 9.025, 9]},
			"faces": {
				"north": {"uv": [10, 9, 12, 9.5], "texture": "#1"},
				"east": {"uv": [13, 4, 14.5, 4.5], "texture": "#1"},
				"south": {"uv": [11, 3, 13, 3.5], "texture": "#1"},
				"west": {"uv": [14.5, 4, 13, 4.5], "texture": "#1"},
				"up": {"uv": [4, 1.5, 2, 0], "texture": "#1"},
				"down": {"uv": [6, 2, 4, 3.5], "texture": "#1"}
			}
		},
		{
			"from": [7.73384, 8.02934, 8.30266],
			"to": [8.2662, 10.02074, 9.69633],
			"rotation": {"angle": 45, "axis": "z", "origin": [8, 9.025, 9]},
			"faces": {
				"north": {"uv": [2, 11, 2.5, 13], "texture": "#1"},
				"east": {"uv": [0, 4, 1.5, 6], "texture": "#1"},
				"south": {"uv": [4, 11, 4.5, 13], "texture": "#1"},
				"west": {"uv": [6, 2, 4, 3.5], "rotation": 90, "texture": "#1"},
				"up": {"uv": [14.5, 4, 13, 4.5], "rotation": 90, "texture": "#1"},
				"down": {"uv": [13, 4, 14.5, 4.5], "rotation": 90, "texture": "#1"}
			}
		},
		{
			"from": [7.00427, 8.75883, 8.30029],
			"to": [8.99567, 9.29119, 9.70201],
			"rotation": {"angle": 0, "axis": "y", "origin": [8, 9.025, 9]},
			"faces": {
				"north": {"uv": [11, 4, 13, 4.5], "texture": "#1"},
				"east": {"uv": [13, 4, 14.5, 4.5], "texture": "#1"},
				"south": {"uv": [11, 6, 13, 6.5], "texture": "#1"},
				"west": {"uv": [14.5, 4, 13, 4.5], "texture": "#1"},
				"up": {"uv": [4, 5.5, 2, 4], "texture": "#1"},
				"down": {"uv": [6, 2, 4, 3.5], "texture": "#1"}
			}
		},
		{
			"from": [7.56634, 7.97798, 9.68802],
			"to": [8.43373, 10.07191, 10.18096],
			"rotation": {"angle": 0, "axis": "y", "origin": [8, 9.025, 9]},
			"faces": {
				"north": {"uv": [6, 8, 6.75, 10], "texture": "#1"},
				"east": {"uv": [5, 11, 5.5, 13], "texture": "#1"},
				"south": {"uv": [6, 8, 6.75, 10], "texture": "#1"},
				"west": {"uv": [7, 11, 7.5, 13], "texture": "#1"},
				"up": {"uv": [7.75, 13.5, 7, 13], "texture": "#1"},
				"down": {"uv": [9.75, 13, 9, 13.5], "texture": "#1"}
			}
		},
		{
			"from": [6.953, 8.59129, 9.68849],
			"to": [9.04693, 9.45868, 10.17983],
			"rotation": {"angle": 45, "axis": "z", "origin": [8, 9.025, 9]},
			"faces": {
				"north": {"uv": [7, 8, 9, 8.75], "texture": "#1"},
				"east": {"uv": [11, 13.5, 11.75, 13], "rotation": 90, "texture": "#1"},
				"south": {"uv": [7, 8, 9, 8.75], "texture": "#1"},
				"west": {"uv": [13, 10, 13.5, 10.75], "texture": "#1"},
				"up": {"uv": [11, 11.5, 9, 11], "texture": "#1"},
				"down": {"uv": [13, 10, 11, 10.5], "texture": "#1"}
			}
		},
		{
			"from": [7.56634, 7.97808, 9.6893],
			"to": [8.43372, 10.07201, 10.18064],
			"rotation": {"angle": 45, "axis": "z", "origin": [8, 9.025, 9]},
			"faces": {
				"north": {"uv": [1, 9, 1.75, 11], "texture": "#1"},
				"east": {"uv": [11, 11, 11.5, 13], "texture": "#1"},
				"south": {"uv": [1, 9, 1.75, 11], "texture": "#1"},
				"west": {"uv": [0, 12, 0.5, 14], "texture": "#1"},
				"up": {"uv": [11.75, 13.5, 11, 13], "texture": "#1"},
				"down": {"uv": [13.5, 10, 13, 10.75], "rotation": 90, "texture": "#1"}
			}
		},
		{
			"from": [6.953, 8.59131, 9.68633],
			"to": [9.04693, 9.4587, 10.18775],
			"rotation": {"angle": 0, "axis": "y", "origin": [8, 9.025, 9]},
			"faces": {
				"north": {"uv": [9, 1, 11, 1.75], "texture": "#1"},
				"east": {"uv": [13.5, 12, 13, 12.75], "texture": "#1"},
				"south": {"uv": [9, 1, 11, 1.75], "texture": "#1"},
				"west": {"uv": [13, 12, 13.5, 12.75], "texture": "#1"},
				"up": {"uv": [14, 0.5, 12, 0], "texture": "#1"},
				"down": {"uv": [14, 1, 12, 1.5], "texture": "#1"}
			}
		},
		{
			"from": [7.56634, 7.97798, 7.81682],
			"to": [8.43373, 10.07191, 8.30976],
			"rotation": {"angle": 0, "axis": "y", "origin": [8, 9.025, 9]},
			"faces": {
				"north": {"uv": [6, 8, 6.75, 10], "texture": "#1"},
				"east": {"uv": [3, 12, 3.5, 14], "texture": "#1"},
				"south": {"uv": [6, 8, 6.75, 10], "texture": "#1"},
				"west": {"uv": [6, 12, 6.5, 14], "texture": "#1"},
				"up": {"uv": [13.75, 13.5, 13, 13], "texture": "#1"},
				"down": {"uv": [0.75, 14, 0, 14.5], "texture": "#1"}
			}
		},
		{
			"from": [6.953, 8.59129, 7.81729],
			"to": [9.04693, 9.45868, 8.30863],
			"rotation": {"angle": 45, "axis": "z", "origin": [8, 9.025, 9]},
			"faces": {
				"north": {"uv": [7, 8, 9, 8.75], "texture": "#1"},
				"east": {"uv": [14, 2.5, 14.75, 2], "rotation": 90, "texture": "#1"},
				"south": {"uv": [7, 8, 9, 8.75], "texture": "#1"},
				"west": {"uv": [14, 1, 14.5, 1.75], "texture": "#1"},
				"up": {"uv": [14, 2.5, 12, 2], "texture": "#1"},
				"down": {"uv": [14, 5, 12, 5.5], "texture": "#1"}
			}
		},
		{
			"from": [7.56634, 7.97808, 7.8181],
			"to": [8.43372, 10.07201, 8.30944],
			"rotation": {"angle": 45, "axis": "z", "origin": [8, 9.025, 9]},
			"faces": {
				"north": {"uv": [1, 9, 1.75, 11], "texture": "#1"},
				"east": {"uv": [12, 7, 12.5, 9], "texture": "#1"},
				"south": {"uv": [1, 9, 1.75, 11], "texture": "#1"},
				"west": {"uv": [8, 12, 8.5, 14], "texture": "#1"},
				"up": {"uv": [14.75, 2.5, 14, 2], "texture": "#1"},
				"down": {"uv": [14.5, 1, 14, 1.75], "rotation": 90, "texture": "#1"}
			}
		},
		{
			"from": [6.953, 8.59131, 7.81513],
			"to": [9.04693, 9.4587, 8.31655],
			"rotation": {"angle": 0, "axis": "y", "origin": [8, 9.025, 9]},
			"faces": {
				"north": {"uv": [9, 1, 11, 1.75], "texture": "#1"},
				"east": {"uv": [5.5, 14, 5, 14.75], "texture": "#1"},
				"south": {"uv": [9, 1, 11, 1.75], "texture": "#1"},
				"west": {"uv": [5, 14, 5.5, 14.75], "texture": "#1"},
				"up": {"uv": [11, 12.5, 9, 12], "texture": "#1"},
				"down": {"uv": [14, 9, 12, 9.5], "texture": "#1"}
			}
		}
	],
	"display": {
		"thirdperson_righthand": {
			"rotation": [67.5, 0, 0],
			"translation": [-1.5, 4, 1]
		},
		"thirdperson_lefthand": {
			"rotation": [67.5, 0, 0],
			"translation": [-1.5, 4, 1]
		},
		"firstperson_righthand": {
			"translation": [-4, 4.25, -0.5]
		},
		"firstperson_lefthand": {
			"translation": [-4, 4.25, -0.5]
		},
		"gui": {
			"rotation": [169.68, -42.99, -170.51],
			"scale": [1.6, 1.6, 1.6]
		},
		"fixed": {
			"rotation": [0, 90, 0],
			"translation": [0, 0, -1.25],
			"scale": [2, 2, 2]
		}
	},
	"groups": [
		{
			"name": "stampede",
			"origin": [12.50307, 9.99, 11.42],
			"color": 0,
			"children": [
				{
					"name": "handle",
					"origin": [8.75174, 9.13624, 8.65728],
					"color": 2,
					"children": [0, 1, 2, 3, 4, 5, 6, 7, 8, 9, 10, 11]
				},
				{
					"name": "handle_guard",
					"origin": [8.25174, 9.08624, 9.05728],
					"color": 0,
					"children": [12, 13, 14, 15, 16]
				},
				{
					"name": "trigger",
					"origin": [8.75174, 9.43624, 8.65728],
					"color": 0,
					"children": [17, 18]
				},
				{
					"name": "body",
					"origin": [8.75174, 9.13624, 8.65728],
					"color": 0,
					"children": [19, 20, 21, 22, 23, 24, 25, 26, 27, 28]
				},
				{
					"name": "mechanism",
					"origin": [8.7609, 12.33078, 15.6807],
					"color": 0,
					"children": [29, 30, 31]
				},
				{
					"name": "iron_sights",
					"origin": [8.75051, 8.34, 8.54494],
					"color": 0,
					"children": [
						{
							"name": "iron_sight_back",
							"origin": [8.90174, 9.36124, 8.65728],
							"color": 0,
							"children": [32, 33, 34, 35]
						},
						{
							"name": "iron_sight",
							"origin": [8.95174, 9.13624, 8.65728],
							"color": 8,
							"children": [36, 37, 38, 39]
						}
					]
				},
				{
					"name": "barrel",
					"origin": [8.75051, 8.34, 8.54494],
					"color": 0,
					"children": [40, 41]
				},
				{
					"name": "mag",
					"origin": [8, 8, 8],
					"color": 0,
					"children": [
						{
							"name": "cylinder",
							"origin": [4.88975, 15.25714, 29.2661],
							"color": 1,
							"children": [42, 43, 44, 45, 46, 47, 48, 49]
						},
						{
							"name": "cover",
							"origin": [4.64093, 15.83771, 32.20739],
							"color": 1,
							"children": [50, 51, 52, 53]
						},
						{
							"name": "cover",
							"origin": [4.10348, 17.09175, 38.86457],
							"color": 1,
							"children": [54, 55, 56, 57]
						}
					]
				}
			]
		}
	]
}