{
	"credit": "Made with Blockbench",
	"texture_size": [64, 64],
	"textures": {
		"0": "aoa3:item/terminator",
		"particle": "aoa3:item/terminator"
	},
	"elements": [
		{
			"from": [7.62782, 8.24304, -6.6015],
			"to": [8.71682, 9.33204, 2.0295],
			"rotation": {"angle": 0, "axis": "y", "origin": [8, 8, 7]},
			"faces": {
				"north": {"uv": [5, 0.75, 5.25, 1], "texture": "#0"},
				"east": {"uv": [3.25, 2, 5.4375, 2.25], "texture": "#0"},
				"south": {"uv": [2.25, 7.25, 2.5, 7.5], "texture": "#0"},
				"west": {"uv": [5.4375, 2, 3.25, 2.25], "texture": "#0"},
				"up": {"uv": [5.4375, 2, 3.25, 2.25], "rotation": 90, "texture": "#0"},
				"down": {"uv": [3.25, 2, 5.4375, 2.25], "rotation": 90, "texture": "#0"}
			}
		},
		{
			"from": [6.93482, 7.99554, -7.344],
			"to": [9.40982, 9.57954, -6.6015],
			"rotation": {"angle": 0, "axis": "y", "origin": [8, 8, 7]},
			"faces": {
				"north": {"uv": [2.75, 5, 3.375, 5.375], "texture": "#0"},
				"east": {"uv": [3, 7.75, 3.1875, 8.125], "texture": "#0"},
				"south": {"uv": [3.5, 5, 4.125, 5.375], "texture": "#0"},
				"west": {"uv": [3.1875, 7.75, 3, 8.125], "texture": "#0"},
				"up": {"uv": [6.875, 6.9375, 6.25, 6.75], "texture": "#0"},
				"down": {"uv": [6.875, 6.75, 6.25, 6.9375], "texture": "#0"}
			}
		},
		{
			"from": [7.42982, 9.23304, -8.8785],
			"to": [8.91482, 9.57954, -8.235],
			"rotation": {"angle": 0, "axis": "y", "origin": [8, 8, 7]},
			"faces": {
				"north": {"uv": [0.75, 9.25, 1.125, 9.3125], "texture": "#0"},
				"east": {"uv": [5, 10, 5.1875, 10.0625], "texture": "#0"},
				"south": {"uv": [9.25, 0.75, 9.625, 0.8125], "texture": "#0"},
				"west": {"uv": [10, 5, 10.1875, 5.0625], "texture": "#0"},
				"up": {"uv": [8.125, 4.9375, 7.75, 4.75], "texture": "#0"},
				"down": {"uv": [8.125, 4.75, 7.75, 4.9375], "texture": "#0"}
			}
		},
		{
			"from": [7.42982, 7.99554, -8.8785],
			"to": [8.91482, 8.34204, -8.235],
			"rotation": {"angle": 0, "axis": "y", "origin": [8, 8, 7]},
			"faces": {
				"north": {"uv": [9.25, 1, 9.625, 1.0625], "texture": "#0"},
				"east": {"uv": [5.25, 10, 5.4375, 10.0625], "texture": "#0"},
				"south": {"uv": [1.25, 9.25, 1.625, 9.3125], "texture": "#0"},
				"west": {"uv": [5.4375, 10, 5.25, 10.0625], "texture": "#0"},
				"up": {"uv": [8.125, 4.9375, 7.75, 4.75], "texture": "#0"},
				"down": {"uv": [8.125, 4.75, 7.75, 4.9375], "texture": "#0"}
			}
		},
		{
			"from": [7.18232, 8.34204, -8.235],
			"to": [9.16232, 9.23304, -7.9875],
			"rotation": {"angle": 0, "axis": "y", "origin": [8, 8, 7]},
			"faces": {
				"north": {"uv": [6.5, 5.25, 7, 5.5], "texture": "#0"},
				"east": {"uv": [0.75, 9.75, 0.8125, 10], "texture": "#0"},
				"south": {"uv": [6.5, 5.5, 7, 5.75], "texture": "#0"},
				"west": {"uv": [1, 9.75, 1.0625, 10], "texture": "#0"},
				"up": {"uv": [9.5, 1.3125, 9, 1.25], "texture": "#0"},
				"down": {"uv": [9.5, 1.5, 9, 1.5625], "texture": "#0"}
			}
		},
		{
			"from": [7.52882, 8.16879, -9.126],
			"to": [8.81582, 9.40629, -8.8785],
			"rotation": {"angle": 0, "axis": "y", "origin": [8, 8, 7]},
			"faces": {
				"north": {"uv": [4, 7.25, 4.3125, 7.5625], "texture": "#0"},
				"east": {"uv": [9.5, 7.25, 9.5625, 7.5625], "texture": "#0"},
				"south": {"uv": [4.5, 7.25, 4.8125, 7.5625], "texture": "#0"},
				"west": {"uv": [9.5625, 7.25, 9.5, 7.5625], "texture": "#0"},
				"up": {"uv": [9.5, 7.75, 9.8125, 7.8125], "texture": "#0"},
				"down": {"uv": [9.8125, 7.75, 9.5, 7.8125], "texture": "#0"}
			}
		},
		{
			"from": [7.72682, 8.34204, -9.3735],
			"to": [8.61782, 9.23304, -7.146],
			"rotation": {"angle": 0, "axis": "y", "origin": [8, 8, 7]},
			"faces": {
				"north": {"uv": [3.5, 7.75, 3.75, 8], "texture": "#0"},
				"east": {"uv": [6.25, 0.75, 6.8125, 1], "texture": "#0"},
				"south": {"uv": [5, 7.75, 5.25, 8], "texture": "#0"},
				"west": {"uv": [6.8125, 0.75, 6.25, 1], "texture": "#0"},
				"up": {"uv": [3.5, 6.8125, 3.25, 6.25], "texture": "#0"},
				"down": {"uv": [1.75, 6.5, 1.5, 7.0625], "texture": "#0"}
			}
		},
		{
			"from": [7.18232, 9.23304, -8.235],
			"to": [9.16232, 9.57954, -7.344],
			"rotation": {"angle": 0, "axis": "y", "origin": [8, 8, 7]},
			"faces": {
				"north": {"uv": [9, 1.75, 9.5, 1.8125], "texture": "#0"},
				"east": {"uv": [9.75, 1, 10, 1.0625], "texture": "#0"},
				"south": {"uv": [9, 2.5, 9.5, 2.5625], "texture": "#0"},
				"west": {"uv": [1.25, 9.75, 1.5, 9.8125], "texture": "#0"},
				"up": {"uv": [7, 6.5, 6.5, 6.25], "texture": "#0"},
				"down": {"uv": [7, 6.25, 6.5, 6.5], "texture": "#0"}
			}
		},
		{
			"from": [7.18232, 7.99554, -8.235],
			"to": [9.16232, 8.34204, -7.344],
			"rotation": {"angle": 0, "axis": "y", "origin": [8, 8, 7]},
			"faces": {
				"north": {"uv": [9, 2.75, 9.5, 2.8125], "texture": "#0"},
				"east": {"uv": [9.75, 1.25, 10, 1.3125], "texture": "#0"},
				"south": {"uv": [3, 9, 3.5, 9.0625], "texture": "#0"},
				"west": {"uv": [1.5, 9.75, 1.75, 9.8125], "texture": "#0"},
				"up": {"uv": [7, 6.5, 6.5, 6.25], "texture": "#0"},
				"down": {"uv": [7, 6.25, 6.5, 6.5], "texture": "#0"}
			}
		},
		{
			"from": [7.42982, 7.84704, 16.09225],
			"to": [8.91482, 9.55479, 16.711],
			"rotation": {"angle": 0, "axis": "y", "origin": [8, 8, 7]},
			"faces": {
				"north": {"uv": [1.5, 6, 1.875, 6.4375], "texture": "#0"},
				"east": {"uv": [1.5, 8.25, 1.625, 8.6875], "texture": "#0"},
				"south": {"uv": [6, 2, 6.375, 2.4375], "texture": "#0"},
				"west": {"uv": [1.625, 8.25, 1.5, 8.6875], "texture": "#0"},
				"up": {"uv": [5.125, 8.375, 4.75, 8.25], "texture": "#0"},
				"down": {"uv": [5.625, 8.25, 5.25, 8.375], "texture": "#0"}
			}
		},
		{
			"from": [7.42982, 7.84704, 0.277],
			"to": [8.91482, 9.72804, 16.09225],
			"rotation": {"angle": 0, "axis": "y", "origin": [8, 8, 7]},
			"faces": {
				"north": {"uv": [5.75, 0.75, 6.125, 1.25], "texture": "#0"},
				"east": {"uv": [0, 0, 3.9375, 0.5], "texture": "#0"},
				"south": {"uv": [6, 0, 6.375, 0.5], "texture": "#0"},
				"west": {"uv": [3.9375, 0, 0, 0.5], "texture": "#0"},
				"up": {"uv": [0.375, 4.9375, 0, 1], "texture": "#0"},
				"down": {"uv": [0.875, 1, 0.5, 4.9375], "texture": "#0"}
			}
		},
		{
			"from": [7.42982, 8.02029, 0.0295],
			"to": [8.91482, 9.55479, 0.277],
			"rotation": {"angle": 0, "axis": "y", "origin": [8, 8, 7]},
			"faces": {
				"north": {"uv": [6.5, 0, 6.875, 0.375], "texture": "#0"},
				"east": {"uv": [1.75, 9.25, 1.8125, 9.625], "texture": "#0"},
				"south": {"uv": [6.5, 2, 6.875, 2.375], "texture": "#0"},
				"west": {"uv": [1.8125, 9.25, 1.75, 9.625], "texture": "#0"},
				"up": {"uv": [2.875, 9.3125, 2.5, 9.25], "texture": "#0"},
				"down": {"uv": [3.375, 9.25, 3, 9.3125], "texture": "#0"}
			}
		},
		{
			"from": [7.67732, 9.72804, 1.0195],
			"to": [8.66732, 9.95079, 15.84475],
			"rotation": {"angle": 0, "axis": "y", "origin": [8, 8, 7]},
			"faces": {
				"north": {"uv": [1.75, 9.75, 2, 9.8125], "texture": "#0"},
				"east": {"uv": [4.75, 1.75, 8.4375, 1.8125], "texture": "#0"},
				"south": {"uv": [2, 9.75, 2.25, 9.8125], "texture": "#0"},
				"west": {"uv": [8.4375, 1.75, 4.75, 1.8125], "texture": "#0"},
				"up": {"uv": [2.5, 4.6875, 2.25, 1], "texture": "#0"},
				"down": {"uv": [2.25, 4.6875, 2.5, 1], "texture": "#0"}
			}
		},
		{
			"from": [7.42982, 5.99079, 13.07275],
			"to": [8.91482, 6.53529, 13.86475],
			"rotation": {"angle": 0, "axis": "y", "origin": [8, 8, 7]},
			"faces": {
				"north": {"uv": [5.75, 8.25, 6.125, 8.375], "texture": "#0"},
				"east": {"uv": [9.25, 3, 9.4375, 3.125], "texture": "#0"},
				"south": {"uv": [8.25, 6, 8.625, 6.125], "texture": "#0"},
				"west": {"uv": [9.4375, 3, 9.25, 3.125], "texture": "#0"},
				"up": {"uv": [8.125, 5.1875, 7.75, 5], "texture": "#0"},
				"down": {"uv": [8.125, 5.25, 7.75, 5.4375], "texture": "#0"}
			}
		},
		{
			"from": [7.42982, 6.53529, 12.28075],
			"to": [8.91482, 6.73329, 13.86475],
			"rotation": {"angle": 0, "axis": "y", "origin": [8, 8, 7]},
			"faces": {
				"north": {"uv": [3.5, 9.25, 3.875, 9.3125], "texture": "#0"},
				"east": {"uv": [9.25, 3.5, 9.625, 3.5625], "texture": "#0"},
				"south": {"uv": [9.25, 3.75, 9.625, 3.8125], "texture": "#0"},
				"west": {"uv": [9.625, 3.5, 9.25, 3.5625], "texture": "#0"},
				"up": {"uv": [6.875, 2.875, 6.5, 2.5], "texture": "#0"},
				"down": {"uv": [6.875, 3, 6.5, 3.375], "texture": "#0"}
			}
		},
		{
			"from": [7.42982, 6.73329, 11.53825],
			"to": [8.91482, 6.93129, 13.86475],
			"rotation": {"angle": 0, "axis": "y", "origin": [8, 8, 7]},
			"faces": {
				"north": {"uv": [9.25, 4, 9.625, 4.0625], "texture": "#0"},
				"east": {"uv": [6.75, 8.75, 7.3125, 8.8125], "texture": "#0"},
				"south": {"uv": [9.25, 4.25, 9.625, 4.3125], "texture": "#0"},
				"west": {"uv": [7.3125, 8.75, 6.75, 8.8125], "texture": "#0"},
				"up": {"uv": [5.875, 0.5625, 5.5, 0], "texture": "#0"},
				"down": {"uv": [3.375, 5.5, 3, 6.0625], "texture": "#0"}
			}
		},
		{
			"from": [7.42982, 6.93129, 10.771],
			"to": [8.91482, 7.12929, 13.86475],
			"rotation": {"angle": 0, "axis": "y", "origin": [8, 8, 7]},
			"faces": {
				"north": {"uv": [4.5, 9.25, 4.875, 9.3125], "texture": "#0"},
				"east": {"uv": [6.25, 8.25, 7, 8.3125], "texture": "#0"},
				"south": {"uv": [9.25, 4.5, 9.625, 4.5625], "texture": "#0"},
				"west": {"uv": [7, 8.25, 6.25, 8.3125], "texture": "#0"},
				"up": {"uv": [5.125, 1.75, 4.75, 1], "texture": "#0"},
				"down": {"uv": [2.375, 4.75, 2, 5.5], "texture": "#0"}
			}
		},
		{
			"from": [7.42982, 7.32729, 9.26125],
			"to": [8.91482, 7.52529, 13.86475],
			"rotation": {"angle": 0, "axis": "y", "origin": [8, 8, 7]},
			"faces": {
				"north": {"uv": [9.25, 4.75, 9.625, 4.8125], "texture": "#0"},
				"east": {"uv": [5.75, 7.75, 6.875, 7.8125], "texture": "#0"},
				"south": {"uv": [5, 9.25, 5.375, 9.3125], "texture": "#0"},
				"west": {"uv": [6.875, 7.75, 5.75, 7.8125], "texture": "#0"},
				"up": {"uv": [3.625, 4.875, 3.25, 3.75], "texture": "#0"},
				"down": {"uv": [4.125, 3.75, 3.75, 4.875], "texture": "#0"}
			}
		},
		{
			"from": [7.42982, 7.12929, 10.00375],
			"to": [8.91482, 7.32729, 13.86475],
			"rotation": {"angle": 0, "axis": "y", "origin": [8, 8, 7]},
			"faces": {
				"north": {"uv": [9.25, 5, 9.625, 5.0625], "texture": "#0"},
				"east": {"uv": [5.5, 8, 6.4375, 8.0625], "texture": "#0"},
				"south": {"uv": [9.25, 5.25, 9.625, 5.3125], "texture": "#0"},
				"west": {"uv": [6.4375, 8, 5.5, 8.0625], "texture": "#0"},
				"up": {"uv": [4.375, 0.9375, 4, 0], "texture": "#0"},
				"down": {"uv": [3.125, 4, 2.75, 4.9375], "texture": "#0"}
			}
		},
		{
			"from": [7.42982, 7.52529, 8.86525],
			"to": [8.91482, 7.84704, 13.86475],
			"rotation": {"angle": 0, "axis": "y", "origin": [8, 8, 7]},
			"faces": {
				"north": {"uv": [5.5, 9.25, 5.875, 9.3125], "texture": "#0"},
				"east": {"uv": [7.5, 5.5, 8.75, 5.5625], "texture": "#0"},
				"south": {"uv": [9.25, 5.5, 9.625, 5.5625], "texture": "#0"},
				"west": {"uv": [8.75, 5.5, 7.5, 5.5625], "texture": "#0"},
				"up": {"uv": [3.625, 3.75, 3.25, 2.5], "texture": "#0"},
				"down": {"uv": [4.125, 2.5, 3.75, 3.75], "texture": "#0"}
			}
		},
		{
			"from": [7.42982, 7.50054, 13.86475],
			"to": [8.91482, 7.67379, 16.711],
			"rotation": {"angle": 0, "axis": "y", "origin": [8, 8, 7]},
			"faces": {
				"north": {"uv": [9.25, 5.75, 9.625, 5.8125], "texture": "#0"},
				"east": {"uv": [8.5, 4.75, 9.1875, 4.8125], "texture": "#0"},
				"south": {"uv": [6, 9.25, 6.375, 9.3125], "texture": "#0"},
				"west": {"uv": [9.1875, 4.75, 8.5, 4.8125], "texture": "#0"},
				"up": {"uv": [5.125, 3.1875, 4.75, 2.5], "texture": "#0"},
				"down": {"uv": [5.125, 3.25, 4.75, 3.9375], "texture": "#0"}
			}
		},
		{
			"from": [7.42982, 7.67379, 13.86475],
			"to": [8.91482, 7.84704, 16.711],
			"rotation": {"angle": 0, "axis": "y", "origin": [8, 8, 7]},
			"faces": {
				"north": {"uv": [9.25, 6, 9.625, 6.0625], "texture": "#0"},
				"east": {"uv": [8.5, 5, 9.1875, 5.0625], "texture": "#0"},
				"south": {"uv": [6.5, 9.25, 6.875, 9.3125], "texture": "#0"},
				"west": {"uv": [9.1875, 5, 8.5, 5.0625], "texture": "#0"},
				"up": {"uv": [5.125, 4.6875, 4.75, 4], "texture": "#0"},
				"down": {"uv": [5.125, 4.75, 4.75, 5.4375], "texture": "#0"}
			}
		},
		{
			"from": [7.42982, 7.32729, 13.86475],
			"to": [8.91482, 7.50054, 16.53775],
			"rotation": {"angle": 0, "axis": "y", "origin": [8, 8, 7]},
			"faces": {
				"north": {"uv": [9.25, 6.5, 9.625, 6.5625], "texture": "#0"},
				"east": {"uv": [5.75, 8.5, 6.4375, 8.5625], "texture": "#0"},
				"south": {"uv": [7, 9.25, 7.375, 9.3125], "texture": "#0"},
				"west": {"uv": [6.4375, 8.5, 5.75, 8.5625], "texture": "#0"},
				"up": {"uv": [0.375, 5.6875, 0, 5], "texture": "#0"},
				"down": {"uv": [5.375, 0, 5, 0.6875], "texture": "#0"}
			}
		},
		{
			"from": [7.67732, 4.28304, 12.33025],
			"to": [8.66732, 4.45629, 13.61725],
			"rotation": {"angle": 0, "axis": "y", "origin": [8, 8, 7]},
			"faces": {
				"north": {"uv": [2.25, 9.75, 2.5, 9.8125], "texture": "#0"},
				"east": {"uv": [9.5, 8, 9.8125, 8.0625], "texture": "#0"},
				"south": {"uv": [2.5, 9.75, 2.75, 9.8125], "texture": "#0"},
				"west": {"uv": [9.8125, 8, 9.5, 8.0625], "texture": "#0"},
				"up": {"uv": [7.75, 6.0625, 7.5, 5.75], "texture": "#0"},
				"down": {"uv": [7.25, 7.5, 7, 7.8125], "texture": "#0"}
			}
		},
		{
			"from": [7.67732, 4.45629, 11.365],
			"to": [8.66732, 4.62954, 13.61725],
			"rotation": {"angle": 0, "axis": "y", "origin": [8, 8, 7]},
			"faces": {
				"north": {"uv": [2.75, 9.75, 3, 9.8125], "texture": "#0"},
				"east": {"uv": [8.75, 7, 9.3125, 7.0625], "texture": "#0"},
				"south": {"uv": [3, 9.75, 3.25, 9.8125], "texture": "#0"},
				"west": {"uv": [9.3125, 7, 8.75, 7.0625], "texture": "#0"},
				"up": {"uv": [2, 7.0625, 1.75, 6.5], "texture": "#0"},
				"down": {"uv": [2.5, 6.5, 2.25, 7.0625], "texture": "#0"}
			}
		},
		{
			"from": [7.67732, 4.62954, 10.39975],
			"to": [8.66732, 4.80279, 13.61725],
			"rotation": {"angle": 0, "axis": "y", "origin": [8, 8, 7]},
			"faces": {
				"north": {"uv": [3.25, 9.75, 3.5, 9.8125], "texture": "#0"},
				"east": {"uv": [2.5, 8.25, 3.3125, 8.3125], "texture": "#0"},
				"south": {"uv": [9.75, 3.25, 10, 3.3125], "texture": "#0"},
				"west": {"uv": [3.3125, 8.25, 2.5, 8.3125], "texture": "#0"},
				"up": {"uv": [3.75, 6.3125, 3.5, 5.5], "texture": "#0"},
				"down": {"uv": [4, 5.5, 3.75, 6.3125], "texture": "#0"}
			}
		},
		{
			"from": [7.67732, 4.80279, 9.6325],
			"to": [8.66732, 4.97604, 13.61725],
			"rotation": {"angle": 0, "axis": "y", "origin": [8, 8, 7]},
			"faces": {
				"north": {"uv": [3.5, 9.75, 3.75, 9.8125], "texture": "#0"},
				"east": {"uv": [1.5, 8, 2.5, 8.0625], "texture": "#0"},
				"south": {"uv": [9.75, 3.5, 10, 3.5625], "texture": "#0"},
				"west": {"uv": [2.5, 8, 1.5, 8.0625], "texture": "#0"},
				"up": {"uv": [0.75, 6, 0.5, 5], "texture": "#0"},
				"down": {"uv": [1, 5, 0.75, 6], "texture": "#0"}
			}
		},
		{
			"from": [7.67732, 4.97604, 9.439],
			"to": [8.66732, 8.41629, 13.61725],
			"rotation": {"angle": 0, "axis": "y", "origin": [8, 8, 7]},
			"faces": {
				"north": {"uv": [2.25, 5.5, 2.5, 6.375], "texture": "#0"},
				"east": {"uv": [1, 1, 2.0625, 1.875], "texture": "#0"},
				"south": {"uv": [2.75, 5.5, 3, 6.375], "texture": "#0"},
				"west": {"uv": [2.0625, 1, 1, 1.875], "texture": "#0"},
				"up": {"uv": [2.25, 4.0625, 2, 3], "texture": "#0"},
				"down": {"uv": [2.75, 4.75, 2.5, 5.8125], "texture": "#0"}
			}
		},
		{
			"from": [7.67732, 4.28304, 16.14175],
			"to": [8.66732, 4.45629, 17.08225],
			"rotation": {"angle": 0, "axis": "y", "origin": [8, 8, 7]},
			"faces": {
				"north": {"uv": [9.75, 3.75, 10, 3.8125], "texture": "#0"},
				"east": {"uv": [9.75, 4, 10, 4.0625], "texture": "#0"},
				"south": {"uv": [4.25, 9.75, 4.5, 9.8125], "texture": "#0"},
				"west": {"uv": [10, 4, 9.75, 4.0625], "texture": "#0"},
				"up": {"uv": [0.25, 8.25, 0, 8], "texture": "#0"},
				"down": {"uv": [0.5, 8, 0.25, 8.25], "texture": "#0"}
			}
		},
		{
			"from": [7.67732, 4.62954, 15.94375],
			"to": [8.66732, 4.80279, 17.4535],
			"rotation": {"angle": 0, "axis": "y", "origin": [8, 8, 7]},
			"faces": {
				"north": {"uv": [4.5, 9.75, 4.75, 9.8125], "texture": "#0"},
				"east": {"uv": [7.5, 9.25, 7.875, 9.3125], "texture": "#0"},
				"south": {"uv": [9.75, 4.5, 10, 4.5625], "texture": "#0"},
				"west": {"uv": [7.875, 9.25, 7.5, 9.3125], "texture": "#0"},
				"up": {"uv": [5.25, 7.625, 5, 7.25], "texture": "#0"},
				"down": {"uv": [4, 7.5, 3.75, 7.875], "texture": "#0"}
			}
		},
		{
			"from": [7.67732, 4.45629, 15.94375],
			"to": [8.66732, 4.62954, 17.2555],
			"rotation": {"angle": 0, "axis": "y", "origin": [8, 8, 7]},
			"faces": {
				"north": {"uv": [9.75, 4.75, 10, 4.8125], "texture": "#0"},
				"east": {"uv": [9.5, 8.25, 9.8125, 8.3125], "texture": "#0"},
				"south": {"uv": [9.75, 5, 10, 5.0625], "texture": "#0"},
				"west": {"uv": [9.8125, 8.25, 9.5, 8.3125], "texture": "#0"},
				"up": {"uv": [7.5, 7.8125, 7.25, 7.5], "texture": "#0"},
				"down": {"uv": [7.75, 7.25, 7.5, 7.5625], "texture": "#0"}
			}
		},
		{
			"from": [7.67732, 4.80279, 15.74575],
			"to": [8.66732, 5.14929, 17.4535],
			"rotation": {"angle": 0, "axis": "y", "origin": [8, 8, 7]},
			"faces": {
				"north": {"uv": [5.25, 9.75, 5.5, 9.8125], "texture": "#0"},
				"east": {"uv": [9, 7.5, 9.4375, 7.5625], "texture": "#0"},
				"south": {"uv": [9.75, 5.25, 10, 5.3125], "texture": "#0"},
				"west": {"uv": [9.4375, 7.5, 9, 7.5625], "texture": "#0"},
				"up": {"uv": [2.75, 7.4375, 2.5, 7], "texture": "#0"},
				"down": {"uv": [4, 7, 3.75, 7.4375], "texture": "#0"}
			}
		},
		{
			"from": [7.67732, 5.14929, 15.5725],
			"to": [8.66732, 5.39679, 17.28025],
			"rotation": {"angle": 0, "axis": "y", "origin": [8, 8, 7]},
			"faces": {
				"north": {"uv": [5.5, 9.75, 5.75, 9.8125], "texture": "#0"},
				"east": {"uv": [9, 7.75, 9.4375, 7.8125], "texture": "#0"},
				"south": {"uv": [9.75, 5.5, 10, 5.5625], "texture": "#0"},
				"west": {"uv": [9.4375, 7.75, 9, 7.8125], "texture": "#0"},
				"up": {"uv": [5.5, 7.4375, 5.25, 7], "texture": "#0"},
				"down": {"uv": [7.5, 0, 7.25, 0.4375], "texture": "#0"}
			}
		},
		{
			"from": [7.67732, 5.39679, 15.226],
			"to": [8.66732, 5.76804, 17.0575],
			"rotation": {"angle": 0, "axis": "y", "origin": [8, 8, 7]},
			"faces": {
				"north": {"uv": [5.75, 9.75, 6, 9.8125], "texture": "#0"},
				"east": {"uv": [8.25, 9, 8.6875, 9.0625], "texture": "#0"},
				"south": {"uv": [9.75, 5.75, 10, 5.8125], "texture": "#0"},
				"west": {"uv": [8.6875, 9, 8.25, 9.0625], "texture": "#0"},
				"up": {"uv": [7.5, 0.9375, 7.25, 0.5], "texture": "#0"},
				"down": {"uv": [1.75, 7.25, 1.5, 7.6875], "texture": "#0"}
			}
		},
		{
			"from": [7.67732, 5.76804, 15.226],
			"to": [8.66732, 5.94129, 16.8595],
			"rotation": {"angle": 0, "axis": "y", "origin": [8, 8, 7]},
			"faces": {
				"north": {"uv": [6, 9.75, 6.25, 9.8125], "texture": "#0"},
				"east": {"uv": [8.75, 9, 9.1875, 9.0625], "texture": "#0"},
				"south": {"uv": [9.75, 6, 10, 6.0625], "texture": "#0"},
				"west": {"uv": [9.1875, 9, 8.75, 9.0625], "texture": "#0"},
				"up": {"uv": [2, 7.6875, 1.75, 7.25], "texture": "#0"},
				"down": {"uv": [7.5, 2, 7.25, 2.4375], "texture": "#0"}
			}
		},
		{
			"from": [7.67732, 5.94129, 15.226],
			"to": [8.66732, 6.33729, 16.68625],
			"rotation": {"angle": 0, "axis": "y", "origin": [8, 8, 7]},
			"faces": {
				"north": {"uv": [3.5, 9, 3.75, 9.125], "texture": "#0"},
				"east": {"uv": [8.25, 7, 8.625, 7.125], "texture": "#0"},
				"south": {"uv": [3.75, 9, 4, 9.125], "texture": "#0"},
				"west": {"uv": [8.625, 7, 8.25, 7.125], "texture": "#0"},
				"up": {"uv": [7.75, 4.875, 7.5, 4.5], "texture": "#0"},
				"down": {"uv": [7.75, 5, 7.5, 5.375], "texture": "#0"}
			}
		},
		{
			"from": [7.67732, 6.33729, 15.028],
			"to": [8.66732, 6.51054, 16.513],
			"rotation": {"angle": 0, "axis": "y", "origin": [8, 8, 7]},
			"faces": {
				"north": {"uv": [6.25, 9.75, 6.5, 9.8125], "texture": "#0"},
				"east": {"uv": [8.5, 9.25, 8.875, 9.3125], "texture": "#0"},
				"south": {"uv": [9.75, 6.25, 10, 6.3125], "texture": "#0"},
				"west": {"uv": [8.875, 9.25, 8.5, 9.3125], "texture": "#0"},
				"up": {"uv": [5.5, 7.875, 5.25, 7.5], "texture": "#0"},
				"down": {"uv": [5.75, 7.5, 5.5, 7.875], "texture": "#0"}
			}
		},
		{
			"from": [7.67732, 6.51054, 15.028],
			"to": [8.66732, 7.32729, 16.315],
			"rotation": {"angle": 0, "axis": "y", "origin": [8, 8, 7]},
			"faces": {
				"north": {"uv": [8.25, 7.5, 8.5, 7.6875], "texture": "#0"},
				"east": {"uv": [7.5, 8, 7.8125, 8.1875], "texture": "#0"},
				"south": {"uv": [7.75, 8.25, 8, 8.4375], "texture": "#0"},
				"west": {"uv": [7.8125, 8, 7.5, 8.1875], "texture": "#0"},
				"up": {"uv": [0.75, 8.0625, 0.5, 7.75], "texture": "#0"},
				"down": {"uv": [1, 7.75, 0.75, 8.0625], "texture": "#0"}
			}
		},
		{
			"from": [7.67732, 6.16404, 14.7805],
			"to": [8.66732, 6.33729, 15.226],
			"rotation": {"angle": 0, "axis": "y", "origin": [8, 8, 7]},
			"faces": {
				"north": {"uv": [7, 10, 7.125, 10.0625], "texture": "#0"},
				"east": {"uv": [7, 10, 7.125, 10.0625], "texture": "#0"},
				"south": {"uv": [7, 10, 7.125, 10.0625], "texture": "#0"},
				"west": {"uv": [7, 10, 7.125, 10.0625], "texture": "#0"},
				"up": {"uv": [7, 10, 7.125, 10.0625], "texture": "#0"},
				"down": {"uv": [7, 10, 7.125, 10.0625], "texture": "#0"}
			}
		},
		{
			"from": [7.67732, 5.99079, 14.0875],
			"to": [8.66732, 6.16404, 15.028],
			"rotation": {"angle": 0, "axis": "y", "origin": [8, 8, 7]},
			"faces": {
				"north": {"uv": [9.75, 6.75, 10, 6.8125], "texture": "#0"},
				"east": {"uv": [9.75, 6.75, 10, 6.8125], "texture": "#0"},
				"south": {"uv": [9.75, 6.75, 10, 6.8125], "texture": "#0"},
				"west": {"uv": [9.75, 6.75, 10, 6.8125], "texture": "#0"},
				"up": {"uv": [9.75, 6.75, 10, 6.8125], "texture": "#0"},
				"down": {"uv": [9.75, 6.75, 10, 6.8125], "texture": "#0"}
			}
		},
		{
			"from": [7.67732, 6.16404, 13.86475],
			"to": [8.66732, 6.33729, 14.236],
			"rotation": {"angle": 0, "axis": "y", "origin": [8, 8, 7]},
			"faces": {
				"north": {"uv": [10.75, 7.25, 10.8125, 7.3125], "texture": "#0"},
				"east": {"uv": [10.75, 7.25, 10.8125, 7.3125], "texture": "#0"},
				"south": {"uv": [10.75, 7.25, 10.8125, 7.3125], "texture": "#0"},
				"west": {"uv": [10.75, 7.25, 10.8125, 7.3125], "texture": "#0"},
				"up": {"uv": [10.75, 7.25, 10.8125, 7.3125], "texture": "#0"},
				"down": {"uv": [10.75, 7.25, 10.8125, 7.3125], "texture": "#0"}
			}
		},
		{
			"from": [7.97525, 7.06895, 14.35874],
			"to": [8.36938, 7.33438, 14.88111],
			"rotation": {"angle": 0, "axis": "y", "origin": [8, 8, 7]},
			"faces": {
				"north": {"uv": [10, 7.25, 10.125, 7.3125], "texture": "#0"},
				"east": {"uv": [10, 7.25, 10.125, 7.3125], "texture": "#0"},
				"south": {"uv": [10, 7.25, 10.125, 7.3125], "texture": "#0"},
				"west": {"uv": [10, 7.25, 10.125, 7.3125], "texture": "#0"},
				"up": {"uv": [10, 7.25, 10.125, 7.3125], "texture": "#0"},
				"down": {"uv": [10, 7.25, 10.125, 7.3125], "texture": "#0"}
			}
		},
		{
			"from": [7.97525, 6.83569, 14.29439],
			"to": [8.36938, 7.06895, 14.65588],
			"rotation": {"angle": 0, "axis": "y", "origin": [8, 8, 7]},
			"faces": {
				"north": {"uv": [10.75, 7.5, 10.8125, 7.5625], "texture": "#0"},
				"east": {"uv": [10.75, 7.5, 10.8125, 7.5625], "texture": "#0"},
				"south": {"uv": [10.75, 7.5, 10.8125, 7.5625], "texture": "#0"},
				"west": {"uv": [10.75, 7.5, 10.8125, 7.5625], "texture": "#0"},
				"up": {"uv": [10.75, 7.5, 10.8125, 7.5625], "texture": "#0"},
				"down": {"uv": [10.75, 7.5, 10.8125, 7.5625], "texture": "#0"}
			}
		},
		{
			"from": [7.97525, 6.60244, 14.06916],
			"to": [8.36938, 6.83569, 14.49501],
			"rotation": {"angle": 0, "axis": "y", "origin": [8, 8, 7]},
			"faces": {
				"north": {"uv": [10, 8.25, 10.125, 8.3125], "texture": "#0"},
				"east": {"uv": [10, 8.25, 10.125, 8.3125], "texture": "#0"},
				"south": {"uv": [10, 8.25, 10.125, 8.3125], "texture": "#0"},
				"west": {"uv": [10, 8.25, 10.125, 8.3125], "texture": "#0"},
				"up": {"uv": [10, 8.25, 10.125, 8.3125], "texture": "#0"},
				"down": {"uv": [10, 8.25, 10.125, 8.3125], "texture": "#0"}
			}
		},
		{
			"from": [8.61782, 8.39154, 9.6325],
			"to": [9.85532, 8.81229, 10.078],
			"rotation": {"angle": 0, "axis": "y", "origin": [8, 8, 7]},
			"faces": {
				"north": {"uv": [8.8125, 7.5, 8.5, 7.625], "texture": "#0"},
				"east": {"uv": [9, 9.75, 9.125, 9.875], "texture": "#0"},
				"south": {"uv": [8.5, 7.5, 8.8125, 7.625], "texture": "#0"},
				"west": {"uv": [9.25, 9.75, 9.375, 9.875], "texture": "#0"},
				"up": {"uv": [8.0625, 8.625, 7.75, 8.5], "texture": "#0"},
				"down": {"uv": [8.8125, 7.75, 8.5, 7.875], "texture": "#0"}
			}
		},
		{
			"from": [9.45932, 8.81229, 9.6325],
			"to": [9.85532, 9.23304, 10.078],
			"rotation": {"angle": 0, "axis": "y", "origin": [8, 8, 7]},
			"faces": {
				"north": {"uv": [9.875, 9.75, 9.75, 9.875], "texture": "#0"},
				"east": {"uv": [9.75, 9.5, 9.875, 9.625], "texture": "#0"},
				"south": {"uv": [9.75, 9.75, 9.875, 9.875], "texture": "#0"},
				"west": {"uv": [0.75, 10, 0.875, 10.125], "texture": "#0"},
				"up": {"uv": [0.375, 10.125, 0.25, 10], "texture": "#0"},
				"down": {"uv": [10.125, 0.5, 10, 0.625], "texture": "#0"}
			}
		},
		{
			"from": [9.45932, 9.23304, 9.6325],
			"to": [10.59782, 9.65379, 10.078],
			"rotation": {"angle": 0, "axis": "y", "origin": [8, 8, 7]},
			"faces": {
				"north": {"uv": [8.5625, 8.5, 8.25, 8.625], "texture": "#0"},
				"east": {"uv": [0.75, 10, 0.875, 10.125], "texture": "#0"},
				"south": {"uv": [8.25, 8.5, 8.5625, 8.625], "texture": "#0"},
				"west": {"uv": [0.75, 10, 0.875, 10.125], "texture": "#0"},
				"up": {"uv": [8.8125, 8.375, 8.5, 8.25], "texture": "#0"},
				"down": {"uv": [0.3125, 8.75, 0, 8.875], "texture": "#0"}
			}
		},
		{
			"from": [7.92482, 7.47579, 19.78],
			"to": [8.41982, 7.84704, 20.5225],
			"rotation": {"angle": 0, "axis": "y", "origin": [8.17232, 7.28397, 22.57675]},
			"faces": {
				"north": {"uv": [8.75, 10, 8.875, 10.0625], "texture": "#0"},
				"east": {"uv": [5.5, 10, 5.6875, 10.0625], "texture": "#0"},
				"south": {"uv": [10, 8.75, 10.125, 8.8125], "texture": "#0"},
				"west": {"uv": [5.6875, 10, 5.5, 10.0625], "texture": "#0"},
				"up": {"uv": [9.375, 9.1875, 9.25, 9], "texture": "#0"},
				"down": {"uv": [0.125, 9.5, 0, 9.6875], "texture": "#0"}
			}
		},
		{
			"from": [7.92482, 6.70854, 19.978],
			"to": [8.41982, 6.90654, 21.63625],
			"rotation": {"angle": 0, "axis": "y", "origin": [8.17232, 7.28397, 22.57675]},
			"faces": {
				"north": {"uv": [9, 10, 9.125, 10.0625], "texture": "#0"},
				"east": {"uv": [0, 9.25, 0.4375, 9.3125], "texture": "#0"},
				"south": {"uv": [10, 9, 10.125, 9.0625], "texture": "#0"},
				"west": {"uv": [0.4375, 9.25, 0, 9.3125], "texture": "#0"},
				"up": {"uv": [2.125, 8.6875, 2, 8.25], "texture": "#0"},
				"down": {"uv": [2.375, 8.25, 2.25, 8.6875], "texture": "#0"}
			}
		},
		{
			"from": [7.92482, 6.90654, 19.978],
			"to": [8.41982, 7.47579, 20.7205],
			"rotation": {"angle": 0, "axis": "y", "origin": [8.17232, 7.28397, 22.57675]},
			"faces": {
				"north": {"uv": [1, 10, 1.125, 10.125], "texture": "#0"},
				"east": {"uv": [0.25, 9.5, 0.4375, 9.625], "texture": "#0"},
				"south": {"uv": [10, 1, 10.125, 1.125], "texture": "#0"},
				"west": {"uv": [0.4375, 9.5, 0.25, 9.625], "texture": "#0"},
				"up": {"uv": [9.625, 0.6875, 9.5, 0.5], "texture": "#0"},
				"down": {"uv": [0.875, 9.5, 0.75, 9.6875], "texture": "#0"}
			}
		},
		{
			"from": [7.92482, 5.59479, 19.978],
			"to": [8.41982, 6.13929, 20.69575],
			"rotation": {"angle": 0, "axis": "y", "origin": [8.17232, 7.28397, 22.57675]},
			"faces": {
				"north": {"uv": [1.25, 10, 1.375, 10.125], "texture": "#0"},
				"east": {"uv": [1, 9.5, 1.1875, 9.625], "texture": "#0"},
				"south": {"uv": [10, 1.25, 10.125, 1.375], "texture": "#0"},
				"west": {"uv": [1.1875, 9.5, 1, 9.625], "texture": "#0"},
				"up": {"uv": [9.625, 1.4375, 9.5, 1.25], "texture": "#0"},
				"down": {"uv": [1.625, 9.5, 1.5, 9.6875], "texture": "#0"}
			}
		},
		{
			"from": [7.92482, 5.76804, 20.69575],
			"to": [8.41982, 6.13929, 21.63625],
			"rotation": {"angle": 0, "axis": "y", "origin": [8.17232, 7.28397, 22.57675]},
			"faces": {
				"north": {"uv": [9.25, 10, 9.375, 10.0625], "texture": "#0"},
				"east": {"uv": [1.5, 10, 1.75, 10.0625], "texture": "#0"},
				"south": {"uv": [10, 9.25, 10.125, 9.3125], "texture": "#0"},
				"west": {"uv": [1.75, 10, 1.5, 10.0625], "texture": "#0"},
				"up": {"uv": [4.875, 9.25, 4.75, 9], "texture": "#0"},
				"down": {"uv": [5.125, 9, 5, 9.25], "texture": "#0"}
			}
		},
		{
			"from": [7.92482, 6.13929, 20.15125],
			"to": [8.41982, 6.70854, 21.63625],
			"rotation": {"angle": 0, "axis": "y", "origin": [8.17232, 7.28397, 22.57675]},
			"faces": {
				"north": {"uv": [1.75, 10, 1.875, 10.125], "texture": "#0"},
				"east": {"uv": [8, 8.25, 8.375, 8.375], "texture": "#0"},
				"south": {"uv": [10, 1.75, 10.125, 1.875], "texture": "#0"},
				"west": {"uv": [8.375, 8.25, 8, 8.375], "texture": "#0"},
				"up": {"uv": [0.625, 8.875, 0.5, 8.5], "texture": "#0"},
				"down": {"uv": [0.875, 8.5, 0.75, 8.875], "texture": "#0"}
			}
		},
		{
			"from": [7.92482, 5.39679, 22.7995],
			"to": [8.41982, 6.51054, 23.76475],
			"rotation": {"angle": 0, "axis": "y", "origin": [8.17232, 7.28397, 22.57675]},
			"faces": {
				"north": {"uv": [5.75, 9, 5.875, 9.25], "texture": "#0"},
				"east": {"uv": [8, 3.5, 8.25, 3.75], "texture": "#0"},
				"south": {"uv": [9, 5.75, 9.125, 6], "texture": "#0"},
				"west": {"uv": [8.25, 3.5, 8, 3.75], "texture": "#0"},
				"up": {"uv": [6.125, 9.25, 6, 9], "texture": "#0"},
				"down": {"uv": [6.375, 9, 6.25, 9.25], "texture": "#0"}
			}
		},
		{
			"from": [7.92482, 5.57004, 21.63625],
			"to": [8.41982, 6.70854, 22.7995],
			"rotation": {"angle": 0, "axis": "y", "origin": [8.17232, 7.28397, 22.57675]},
			"faces": {
				"north": {"uv": [1, 8.75, 1.125, 9.0625], "texture": "#0"},
				"east": {"uv": [0, 7.5, 0.3125, 7.8125], "texture": "#0"},
				"south": {"uv": [1.25, 8.75, 1.375, 9.0625], "texture": "#0"},
				"west": {"uv": [0.3125, 7.5, 0, 7.8125], "texture": "#0"},
				"up": {"uv": [1.625, 9.0625, 1.5, 8.75], "texture": "#0"},
				"down": {"uv": [1.875, 8.75, 1.75, 9.0625], "texture": "#0"}
			}
		},
		{
			"from": [7.42982, 7.84704, 16.711],
			"to": [8.91482, 9.55479, 24.11125],
			"rotation": {"angle": 0, "axis": "y", "origin": [8.17232, 7.28397, 22.57675]},
			"faces": {
				"north": {"uv": [6, 2.5, 6.375, 2.9375], "texture": "#0"},
				"east": {"uv": [2.75, 1, 4.625, 1.4375], "texture": "#0"},
				"south": {"uv": [6, 3, 6.375, 3.4375], "texture": "#0"},
				"west": {"uv": [4.625, 1, 2.75, 1.4375], "texture": "#0"},
				"up": {"uv": [3.125, 3.875, 2.75, 2], "texture": "#0"},
				"down": {"uv": [1.375, 3, 1, 4.875], "texture": "#0"}
			}
		},
		{
			"from": [7.42982, 5.59479, 24.11125],
			"to": [8.91482, 9.33204, 24.50725],
			"rotation": {"angle": 0, "axis": "y", "origin": [8.17232, 7.28397, 22.57675]},
			"faces": {
				"north": {"uv": [4.25, 2.5, 4.625, 3.4375], "texture": "#0"},
				"east": {"uv": [7, 0, 7.125, 0.9375], "texture": "#0"},
				"south": {"uv": [4.25, 3.5, 4.625, 4.4375], "texture": "#0"},
				"west": {"uv": [7.125, 0, 7, 0.9375], "texture": "#0"},
				"up": {"uv": [1.375, 8.625, 1, 8.5], "texture": "#0"},
				"down": {"uv": [8.875, 1.75, 8.5, 1.875], "texture": "#0"}
			}
		},
		{
			"from": [7.42982, 5.79279, 24.50725],
			"to": [8.91482, 9.15879, 24.70525],
			"rotation": {"angle": 0, "axis": "y", "origin": [8.17232, 7.28397, 22.57675]},
			"faces": {
				"north": {"uv": [4.5, 0, 4.875, 0.8125], "texture": "#0"},
				"east": {"uv": [4.5, 8.25, 4.5625, 9.0625], "texture": "#0"},
				"south": {"uv": [4.25, 4.5, 4.625, 5.3125], "texture": "#0"},
				"west": {"uv": [4.5625, 8.25, 4.5, 9.0625], "texture": "#0"},
				"up": {"uv": [9.875, 1.5625, 9.5, 1.5], "texture": "#0"},
				"down": {"uv": [9.875, 1.75, 9.5, 1.8125], "texture": "#0"}
			}
		},
		{
			"from": [7.42982, 7.52529, 24.70525],
			"to": [8.91482, 9.15879, 24.90325],
			"rotation": {"angle": 0, "axis": "y", "origin": [8.17232, 7.28397, 22.57675]},
			"faces": {
				"north": {"uv": [6, 3.5, 6.375, 3.9375], "texture": "#0"},
				"east": {"uv": [9.25, 0.25, 9.3125, 0.6875], "texture": "#0"},
				"south": {"uv": [6, 4, 6.375, 4.4375], "texture": "#0"},
				"west": {"uv": [9.3125, 0.25, 9.25, 0.6875], "texture": "#0"},
				"up": {"uv": [2.375, 9.5625, 2, 9.5], "texture": "#0"},
				"down": {"uv": [9.875, 2, 9.5, 2.0625], "texture": "#0"}
			}
		},
		{
			"from": [7.42982, 8.21829, 24.90325],
			"to": [8.91482, 8.98554, 25.10125],
			"rotation": {"angle": 0, "axis": "y", "origin": [8.17232, 7.28397, 22.57675]},
			"faces": {
				"north": {"uv": [7.75, 6, 8.125, 6.1875], "texture": "#0"},
				"east": {"uv": [5.75, 10, 5.8125, 10.1875], "texture": "#0"},
				"south": {"uv": [7.75, 7.25, 8.125, 7.4375], "texture": "#0"},
				"west": {"uv": [5.75, 10, 5.8125, 10.1875], "texture": "#0"},
				"up": {"uv": [9.875, 2.3125, 9.5, 2.25], "texture": "#0"},
				"down": {"uv": [2.875, 9.5, 2.5, 9.5625], "texture": "#0"}
			}
		},
		{
			"from": [7.42982, 5.94129, 24.70525],
			"to": [8.91482, 6.70854, 24.90325],
			"rotation": {"angle": 0, "axis": "y", "origin": [8.17232, 7.28397, 22.57675]},
			"faces": {
				"north": {"uv": [7.5, 7.75, 7.875, 7.9375], "texture": "#0"},
				"east": {"uv": [6, 10, 6.0625, 10.1875], "texture": "#0"},
				"south": {"uv": [7.75, 7.5, 8.125, 7.6875], "texture": "#0"},
				"west": {"uv": [6, 10, 6.0625, 10.1875], "texture": "#0"},
				"up": {"uv": [9.875, 2.5625, 9.5, 2.5], "texture": "#0"},
				"down": {"uv": [9.875, 2.75, 9.5, 2.8125], "texture": "#0"}
			}
		},
		{
			"from": [7.42982, 5.39679, 23.76475],
			"to": [8.91482, 7.84704, 24.11125],
			"rotation": {"angle": 0, "axis": "y", "origin": [8.17232, 7.28397, 22.57675]},
			"faces": {
				"north": {"uv": [5.25, 0.75, 5.625, 1.375], "texture": "#0"},
				"east": {"uv": [2, 8.75, 2.0625, 9.375], "texture": "#0"},
				"south": {"uv": [1.5, 5.25, 1.875, 5.875], "texture": "#0"},
				"west": {"uv": [2.0625, 8.75, 2, 9.375], "texture": "#0"},
				"up": {"uv": [3.375, 9.5625, 3, 9.5], "texture": "#0"},
				"down": {"uv": [9.875, 3, 9.5, 3.0625], "texture": "#0"}
			}
		},
		{
			"from": [7.42982, 6.51054, 23.1955],
			"to": [8.91482, 7.84704, 23.76475],
			"rotation": {"angle": 0, "axis": "y", "origin": [8.17232, 7.28397, 22.57675]},
			"faces": {
				"north": {"uv": [7, 3, 7.375, 3.3125], "texture": "#0"},
				"east": {"uv": [2.5, 8.75, 2.625, 9.0625], "texture": "#0"},
				"south": {"uv": [3.25, 7, 3.625, 7.3125], "texture": "#0"},
				"west": {"uv": [2.625, 8.75, 2.5, 9.0625], "texture": "#0"},
				"up": {"uv": [2.875, 8.625, 2.5, 8.5], "texture": "#0"},
				"down": {"uv": [3.375, 8.5, 3, 8.625], "texture": "#0"}
			}
		},
		{
			"from": [7.67732, 7.10454, 2.57875],
			"to": [8.66732, 7.30254, 3.4945],
			"rotation": {"angle": 0, "axis": "y", "origin": [8, 8, 7]},
			"faces": {
				"north": {"uv": [2, 10, 2.25, 10.0625], "texture": "#0"},
				"east": {"uv": [10, 2.25, 10.25, 2.3125], "texture": "#0"},
				"south": {"uv": [2.25, 10, 2.5, 10.0625], "texture": "#0"},
				"west": {"uv": [10, 2.25, 10.25, 2.3125], "texture": "#0"},
				"up": {"uv": [4.75, 8.25, 4.5, 8], "texture": "#0"},
				"down": {"uv": [5, 8, 4.75, 8.25], "texture": "#0"}
			}
		},
		{
			"from": [7.67732, 7.30254, 2.4055],
			"to": [8.66732, 7.50054, 3.66775],
			"rotation": {"angle": 0, "axis": "y", "origin": [8, 8, 7]},
			"faces": {
				"north": {"uv": [2.5, 10, 2.75, 10.0625], "texture": "#0"},
				"east": {"uv": [9.8125, 8.75, 9.5, 8.8125], "texture": "#0"},
				"south": {"uv": [10, 2.5, 10.25, 2.5625], "texture": "#0"},
				"west": {"uv": [9.5, 8.75, 9.8125, 8.8125], "texture": "#0"},
				"up": {"uv": [1.25, 8.0625, 1, 7.75], "texture": "#0"},
				"down": {"uv": [1.5, 7.75, 1.25, 8.0625], "texture": "#0"}
			}
		},
		{
			"from": [7.67732, 7.50054, 1.98475],
			"to": [8.66732, 7.84704, 4.0885],
			"rotation": {"angle": 0, "axis": "y", "origin": [8, 8, 7]},
			"faces": {
				"north": {"uv": [2.75, 10, 3, 10.0625], "texture": "#0"},
				"east": {"uv": [9, 6.25, 9.5, 6.3125], "texture": "#0"},
				"south": {"uv": [10, 2.75, 10.25, 2.8125], "texture": "#0"},
				"west": {"uv": [9.5, 6.25, 9, 6.3125], "texture": "#0"},
				"up": {"uv": [2.25, 4.75, 2, 4.25], "texture": "#0"},
				"down": {"uv": [2.25, 4.25, 2, 4.75], "texture": "#0"}
			}
		},
		{
			"from": [8.75732, 7.60404, -4.20725],
			"to": [9.16232, 7.65804, 2.329],
			"rotation": {"angle": 0, "axis": "y", "origin": [8, 8, 7]},
			"faces": {
				"north": {"uv": [5.875, 3.625, 5.75, 2], "texture": "#0"},
				"east": {"uv": [5.875, 3.625, 5.75, 2], "texture": "#0"},
				"south": {"uv": [5.875, 3.625, 5.75, 2], "texture": "#0"},
				"west": {"uv": [5.875, 3.625, 5.75, 2], "texture": "#0"},
				"up": {"uv": [5.875, 3.625, 5.75, 2], "texture": "#0"},
				"down": {"uv": [5.875, 3.625, 5.75, 2], "texture": "#0"}
			}
		},
		{
			"from": [8.75732, 7.35654, -4.20725],
			"to": [9.16232, 7.41054, 2.329],
			"rotation": {"angle": 0, "axis": "y", "origin": [8, 8, 7]},
			"faces": {
				"north": {"uv": [7.5, 0.75, 9.125, 0.8125], "texture": "#0"},
				"east": {"uv": [7.5, 0.75, 9.125, 0.8125], "texture": "#0"},
				"south": {"uv": [7.5, 0.75, 9.125, 0.8125], "texture": "#0"},
				"west": {"uv": [7.5, 0.75, 9.125, 0.8125], "texture": "#0"},
				"up": {"uv": [7.5, 0.75, 9.125, 0.8125], "texture": "#0"},
				"down": {"uv": [7.5, 0.75, 9.125, 0.8125], "texture": "#0"}
			}
		},
		{
			"from": [8.75732, 7.41054, -4.20725],
			"to": [9.16232, 7.60404, -3.926],
			"rotation": {"angle": 0, "axis": "y", "origin": [8, 8, 7]},
			"faces": {
				"north": {"uv": [3, 11, 3.0625, 11.0625], "texture": "#0"},
				"east": {"uv": [3, 11, 3.0625, 11.0625], "texture": "#0"},
				"south": {"uv": [3, 11, 3.0625, 11.0625], "texture": "#0"},
				"west": {"uv": [3, 11, 3.0625, 11.0625], "texture": "#0"},
				"up": {"uv": [3, 11, 3.0625, 11.0625], "texture": "#0"},
				"down": {"uv": [3, 11, 3.0625, 11.0625], "texture": "#0"}
			}
		},
		{
			"from": [8.75732, 7.41054, -3.64475],
			"to": [9.16232, 7.60404, -3.3635],
			"rotation": {"angle": 0, "axis": "y", "origin": [8, 8, 7]},
			"faces": {
				"north": {"uv": [3.25, 11, 3.3125, 11.0625], "texture": "#0"},
				"east": {"uv": [3.25, 11, 3.3125, 11.0625], "texture": "#0"},
				"south": {"uv": [3.25, 11, 3.3125, 11.0625], "texture": "#0"},
				"west": {"uv": [3.25, 11, 3.3125, 11.0625], "texture": "#0"},
				"up": {"uv": [3.25, 11, 3.3125, 11.0625], "texture": "#0"},
				"down": {"uv": [3.25, 11, 3.3125, 11.0625], "texture": "#0"}
			}
		},
		{
			"from": [8.75732, 7.41054, -3.08225],
			"to": [9.16232, 7.60404, -2.801],
			"rotation": {"angle": 0, "axis": "y", "origin": [8, 8, 7]},
			"faces": {
				"north": {"uv": [3.5, 11, 3.5625, 11.0625], "texture": "#0"},
				"east": {"uv": [3.5, 11, 3.5625, 11.0625], "texture": "#0"},
				"south": {"uv": [3.5, 11, 3.5625, 11.0625], "texture": "#0"},
				"west": {"uv": [3.5, 11, 3.5625, 11.0625], "texture": "#0"},
				"up": {"uv": [3.5, 11, 3.5625, 11.0625], "texture": "#0"},
				"down": {"uv": [3.5, 11, 3.5625, 11.0625], "texture": "#0"}
			}
		},
		{
			"from": [8.75732, 7.41054, -2.51975],
			"to": [9.16232, 7.60404, -2.2385],
			"rotation": {"angle": 0, "axis": "y", "origin": [8, 8, 7]},
			"faces": {
				"north": {"uv": [3.75, 11, 3.8125, 11.0625], "texture": "#0"},
				"east": {"uv": [3.75, 11, 3.8125, 11.0625], "texture": "#0"},
				"south": {"uv": [3.75, 11, 3.8125, 11.0625], "texture": "#0"},
				"west": {"uv": [3.75, 11, 3.8125, 11.0625], "texture": "#0"},
				"up": {"uv": [3.75, 11, 3.8125, 11.0625], "texture": "#0"},
				"down": {"uv": [3.75, 11, 3.8125, 11.0625], "texture": "#0"}
			}
		},
		{
			"from": [8.75732, 7.41054, -1.95725],
			"to": [9.16232, 7.60404, -1.676],
			"rotation": {"angle": 0, "axis": "y", "origin": [8, 8, 7]},
			"faces": {
				"north": {"uv": [4, 11, 4.0625, 11.0625], "texture": "#0"},
				"east": {"uv": [4, 11, 4.0625, 11.0625], "texture": "#0"},
				"south": {"uv": [4, 11, 4.0625, 11.0625], "texture": "#0"},
				"west": {"uv": [4, 11, 4.0625, 11.0625], "texture": "#0"},
				"up": {"uv": [4, 11, 4.0625, 11.0625], "texture": "#0"},
				"down": {"uv": [4, 11, 4.0625, 11.0625], "texture": "#0"}
			}
		},
		{
			"from": [8.75732, 7.41054, -1.39475],
			"to": [9.16232, 7.60404, -1.1135],
			"rotation": {"angle": 0, "axis": "y", "origin": [8, 8, 7]},
			"faces": {
				"north": {"uv": [4.25, 11, 4.3125, 11.0625], "texture": "#0"},
				"east": {"uv": [4.25, 11, 4.3125, 11.0625], "texture": "#0"},
				"south": {"uv": [4.25, 11, 4.3125, 11.0625], "texture": "#0"},
				"west": {"uv": [4.25, 11, 4.3125, 11.0625], "texture": "#0"},
				"up": {"uv": [4.25, 11, 4.3125, 11.0625], "texture": "#0"},
				"down": {"uv": [4.25, 11, 4.3125, 11.0625], "texture": "#0"}
			}
		},
		{
			"from": [8.75732, 7.41054, -0.83225],
			"to": [9.16232, 7.60404, -0.551],
			"rotation": {"angle": 0, "axis": "y", "origin": [8, 8, 7]},
			"faces": {
				"north": {"uv": [4.5, 11, 4.5625, 11.0625], "texture": "#0"},
				"east": {"uv": [4.5, 11, 4.5625, 11.0625], "texture": "#0"},
				"south": {"uv": [4.5, 11, 4.5625, 11.0625], "texture": "#0"},
				"west": {"uv": [4.5, 11, 4.5625, 11.0625], "texture": "#0"},
				"up": {"uv": [4.5, 11, 4.5625, 11.0625], "texture": "#0"},
				"down": {"uv": [4.5, 11, 4.5625, 11.0625], "texture": "#0"}
			}
		},
		{
			"from": [8.75732, 7.41054, -0.26975],
			"to": [9.16232, 7.60404, 0.0115],
			"rotation": {"angle": 0, "axis": "y", "origin": [8, 8, 7]},
			"faces": {
				"north": {"uv": [4.75, 11, 4.8125, 11.0625], "texture": "#0"},
				"east": {"uv": [4.75, 11, 4.8125, 11.0625], "texture": "#0"},
				"south": {"uv": [4.75, 11, 4.8125, 11.0625], "texture": "#0"},
				"west": {"uv": [4.75, 11, 4.8125, 11.0625], "texture": "#0"},
				"up": {"uv": [4.75, 11, 4.8125, 11.0625], "texture": "#0"},
				"down": {"uv": [4.75, 11, 4.8125, 11.0625], "texture": "#0"}
			}
		},
		{
			"from": [8.75732, 7.41054, 0.85525],
			"to": [9.16232, 7.60404, 1.1365],
			"rotation": {"angle": 0, "axis": "y", "origin": [8, 8, 7]},
			"faces": {
				"north": {"uv": [5, 11, 5.0625, 11.0625], "texture": "#0"},
				"east": {"uv": [5, 11, 5.0625, 11.0625], "texture": "#0"},
				"south": {"uv": [5, 11, 5.0625, 11.0625], "texture": "#0"},
				"west": {"uv": [5, 11, 5.0625, 11.0625], "texture": "#0"},
				"up": {"uv": [5, 11, 5.0625, 11.0625], "texture": "#0"},
				"down": {"uv": [5, 11, 5.0625, 11.0625], "texture": "#0"}
			}
		},
		{
			"from": [8.75732, 7.41054, 0.29275],
			"to": [9.16232, 7.60404, 0.574],
			"rotation": {"angle": 0, "axis": "y", "origin": [8, 8, 7]},
			"faces": {
				"north": {"uv": [5.25, 11, 5.3125, 11.0625], "texture": "#0"},
				"east": {"uv": [5.25, 11, 5.3125, 11.0625], "texture": "#0"},
				"south": {"uv": [5.25, 11, 5.3125, 11.0625], "texture": "#0"},
				"west": {"uv": [5.25, 11, 5.3125, 11.0625], "texture": "#0"},
				"up": {"uv": [5.25, 11, 5.3125, 11.0625], "texture": "#0"},
				"down": {"uv": [5.25, 11, 5.3125, 11.0625], "texture": "#0"}
			}
		},
		{
			"from": [8.75732, 7.41054, 1.41775],
			"to": [9.16232, 7.60404, 1.699],
			"rotation": {"angle": 0, "axis": "y", "origin": [8, 8, 7]},
			"faces": {
				"north": {"uv": [5.5, 11, 5.5625, 11.0625], "texture": "#0"},
				"east": {"uv": [5.5, 11, 5.5625, 11.0625], "texture": "#0"},
				"south": {"uv": [5.5, 11, 5.5625, 11.0625], "texture": "#0"},
				"west": {"uv": [5.5, 11, 5.5625, 11.0625], "texture": "#0"},
				"up": {"uv": [5.5, 11, 5.5625, 11.0625], "texture": "#0"},
				"down": {"uv": [5.5, 11, 5.5625, 11.0625], "texture": "#0"}
			}
		},
		{
			"from": [8.75732, 7.41054, 1.98025],
			"to": [9.16232, 7.60404, 2.329],
			"rotation": {"angle": 0, "axis": "y", "origin": [8, 8, 7]},
			"faces": {
				"north": {"uv": [5.75, 11, 5.8125, 11.0625], "texture": "#0"},
				"east": {"uv": [5.75, 11, 5.8125, 11.0625], "texture": "#0"},
				"south": {"uv": [5.75, 11, 5.8125, 11.0625], "texture": "#0"},
				"west": {"uv": [5.75, 11, 5.8125, 11.0625], "texture": "#0"},
				"up": {"uv": [5.75, 11, 5.8125, 11.0625], "texture": "#0"},
				"down": {"uv": [5.75, 11, 5.8125, 11.0625], "texture": "#0"}
			}
		},
		{
			"from": [8.75732, 7.35654, -4.6685],
			"to": [9.16232, 7.65804, -4.20725],
			"rotation": {"angle": 0, "axis": "y", "origin": [8, 8, 7]},
			"faces": {
				"north": {"uv": [10.5, 10, 10.625, 10.0625], "texture": "#0"},
				"east": {"uv": [10.5, 10, 10.625, 10.0625], "texture": "#0"},
				"south": {"uv": [10.5, 10, 10.625, 10.0625], "texture": "#0"},
				"west": {"uv": [10.5, 10, 10.625, 10.0625], "texture": "#0"},
				"up": {"uv": [10.5, 10, 10.625, 10.0625], "texture": "#0"},
				"down": {"uv": [10.5, 10, 10.625, 10.0625], "texture": "#0"}
			}
		},
		{
			"from": [8.66732, 7.04154, -4.85975],
			"to": [9.25232, 7.36554, 2.329],
			"rotation": {"angle": 0, "axis": "y", "origin": [8, 8, 7]},
			"faces": {
				"north": {"uv": [10.5, 10.5, 10.625, 10.5625], "texture": "#0"},
				"east": {"uv": [7, 6.25, 8.8125, 6.3125], "texture": "#0"},
				"south": {"uv": [0, 10.75, 0.125, 10.8125], "texture": "#0"},
				"west": {"uv": [8.8125, 6.25, 7, 6.3125], "texture": "#0"},
				"up": {"uv": [8.8125, 6.25, 7, 6.3125], "rotation": 90, "texture": "#0"},
				"down": {"uv": [7, 6.25, 8.8125, 6.3125], "rotation": 90, "texture": "#0"}
			}
		},
		{
			"from": [8.62232, 6.90654, -5.141],
			"to": [9.29732, 7.50054, -4.85975],
			"rotation": {"angle": 0, "axis": "y", "origin": [8, 8, 7]},
			"faces": {
				"north": {"uv": [10.75, 0, 10.8125, 0.125], "texture": "#0"},
				"east": {"uv": [10.75, 0, 10.8125, 0.125], "texture": "#0"},
				"south": {"uv": [10.75, 0, 10.8125, 0.125], "texture": "#0"},
				"west": {"uv": [10.75, 0, 10.8125, 0.125], "texture": "#0"},
				"up": {"uv": [10.75, 0, 10.8125, 0.125], "texture": "#0"},
				"down": {"uv": [10.75, 0, 10.8125, 0.125], "texture": "#0"}
			}
		},
		{
			"from": [8.66732, 6.90654, 2.329],
			"to": [9.25232, 7.50054, 3.66775],
			"rotation": {"angle": 0, "axis": "y", "origin": [8, 8, 7]},
			"faces": {
				"north": {"uv": [4, 10, 4.125, 10.125], "texture": "#0"},
				"east": {"uv": [8.75, 4.5, 9.0625, 4.625], "texture": "#0"},
				"south": {"uv": [10, 4, 10.125, 4.125], "texture": "#0"},
				"west": {"uv": [9.0625, 4.5, 8.75, 4.625], "texture": "#0"},
				"up": {"uv": [5.375, 9.0625, 5.25, 8.75], "texture": "#0"},
				"down": {"uv": [5.375, 9.0625, 5.25, 8.75], "texture": "#0"}
			}
		},
		{
			"from": [13.11033, 6.43404, -3.97734],
			"to": [14.44908, 7.92804, -3.70734],
			"rotation": {"angle": 22.5, "axis": "y", "origin": [8, 8, 7]},
			"faces": {
				"north": {"uv": [7.3125, 5.75, 7, 6.125], "texture": "#0"},
				"east": {"uv": [4.75, 9.5, 4.8125, 9.875], "texture": "#0"},
				"south": {"uv": [7, 5.75, 7.3125, 6.125], "texture": "#0"},
				"west": {"uv": [5, 9.5, 5.0625, 9.875], "texture": "#0"},
				"up": {"uv": [9.8125, 9.3125, 9.5, 9.25], "texture": "#0"},
				"down": {"uv": [0.3125, 9.75, 0, 9.8125], "texture": "#0"}
			}
		},
		{
			"from": [8.75732, 6.99654, -4.20725],
			"to": [9.16232, 7.05054, 2.329],
			"rotation": {"angle": 0, "axis": "y", "origin": [8, 8, 7]},
			"faces": {
				"north": {"uv": [7.5, 2, 9.125, 2.0625], "texture": "#0"},
				"east": {"uv": [7.5, 2, 9.125, 2.0625], "texture": "#0"},
				"south": {"uv": [7.5, 2, 9.125, 2.0625], "texture": "#0"},
				"west": {"uv": [7.5, 2, 9.125, 2.0625], "texture": "#0"},
				"up": {"uv": [7.5, 2, 9.125, 2.0625], "texture": "#0"},
				"down": {"uv": [7.5, 2, 9.125, 2.0625], "texture": "#0"}
			}
		},
		{
			"from": [8.75732, 6.74904, -4.20725],
			"to": [9.16232, 6.80304, 2.329],
			"rotation": {"angle": 0, "axis": "y", "origin": [8, 8, 7]},
			"faces": {
				"north": {"uv": [7.5, 3, 9.125, 3.0625], "texture": "#0"},
				"east": {"uv": [7.5, 3, 9.125, 3.0625], "texture": "#0"},
				"south": {"uv": [7.5, 3, 9.125, 3.0625], "texture": "#0"},
				"west": {"uv": [7.5, 3, 9.125, 3.0625], "texture": "#0"},
				"up": {"uv": [7.5, 3, 9.125, 3.0625], "texture": "#0"},
				"down": {"uv": [7.5, 3, 9.125, 3.0625], "texture": "#0"}
			}
		},
		{
			"from": [8.75732, 6.80304, -4.20725],
			"to": [9.16232, 6.99654, -3.926],
			"rotation": {"angle": 0, "axis": "y", "origin": [8, 8, 7]},
			"faces": {
				"north": {"uv": [6, 11, 6.0625, 11.0625], "texture": "#0"},
				"east": {"uv": [6, 11, 6.0625, 11.0625], "texture": "#0"},
				"south": {"uv": [6, 11, 6.0625, 11.0625], "texture": "#0"},
				"west": {"uv": [6, 11, 6.0625, 11.0625], "texture": "#0"},
				"up": {"uv": [6, 11, 6.0625, 11.0625], "texture": "#0"},
				"down": {"uv": [6, 11, 6.0625, 11.0625], "texture": "#0"}
			}
		},
		{
			"from": [8.75732, 6.80304, -3.64475],
			"to": [9.16232, 6.99654, -3.3635],
			"rotation": {"angle": 0, "axis": "y", "origin": [8, 8, 7]},
			"faces": {
				"north": {"uv": [6.25, 11, 6.3125, 11.0625], "texture": "#0"},
				"east": {"uv": [6.25, 11, 6.3125, 11.0625], "texture": "#0"},
				"south": {"uv": [6.25, 11, 6.3125, 11.0625], "texture": "#0"},
				"west": {"uv": [6.25, 11, 6.3125, 11.0625], "texture": "#0"},
				"up": {"uv": [6.25, 11, 6.3125, 11.0625], "texture": "#0"},
				"down": {"uv": [6.25, 11, 6.3125, 11.0625], "texture": "#0"}
			}
		},
		{
			"from": [8.75732, 6.80304, -3.08225],
			"to": [9.16232, 6.99654, -2.801],
			"rotation": {"angle": 0, "axis": "y", "origin": [8, 8, 7]},
			"faces": {
				"north": {"uv": [6.5, 11, 6.5625, 11.0625], "texture": "#0"},
				"east": {"uv": [6.5, 11, 6.5625, 11.0625], "texture": "#0"},
				"south": {"uv": [6.5, 11, 6.5625, 11.0625], "texture": "#0"},
				"west": {"uv": [6.5, 11, 6.5625, 11.0625], "texture": "#0"},
				"up": {"uv": [6.5, 11, 6.5625, 11.0625], "texture": "#0"},
				"down": {"uv": [6.5, 11, 6.5625, 11.0625], "texture": "#0"}
			}
		},
		{
			"from": [8.75732, 6.80304, -2.51975],
			"to": [9.16232, 6.99654, -2.2385],
			"rotation": {"angle": 0, "axis": "y", "origin": [8, 8, 7]},
			"faces": {
				"north": {"uv": [6.75, 11, 6.8125, 11.0625], "texture": "#0"},
				"east": {"uv": [6.75, 11, 6.8125, 11.0625], "texture": "#0"},
				"south": {"uv": [6.75, 11, 6.8125, 11.0625], "texture": "#0"},
				"west": {"uv": [6.75, 11, 6.8125, 11.0625], "texture": "#0"},
				"up": {"uv": [6.75, 11, 6.8125, 11.0625], "texture": "#0"},
				"down": {"uv": [6.75, 11, 6.8125, 11.0625], "texture": "#0"}
			}
		},
		{
			"from": [8.75732, 6.80304, -1.95725],
			"to": [9.16232, 6.99654, -1.676],
			"rotation": {"angle": 0, "axis": "y", "origin": [8, 8, 7]},
			"faces": {
				"north": {"uv": [7, 11, 7.0625, 11.0625], "texture": "#0"},
				"east": {"uv": [7, 11, 7.0625, 11.0625], "texture": "#0"},
				"south": {"uv": [7, 11, 7.0625, 11.0625], "texture": "#0"},
				"west": {"uv": [7, 11, 7.0625, 11.0625], "texture": "#0"},
				"up": {"uv": [7, 11, 7.0625, 11.0625], "texture": "#0"},
				"down": {"uv": [7, 11, 7.0625, 11.0625], "texture": "#0"}
			}
		},
		{
			"from": [8.75732, 6.80304, -1.39475],
			"to": [9.16232, 6.99654, -1.1135],
			"rotation": {"angle": 0, "axis": "y", "origin": [8, 8, 7]},
			"faces": {
				"north": {"uv": [7.25, 11, 7.3125, 11.0625], "texture": "#0"},
				"east": {"uv": [7.25, 11, 7.3125, 11.0625], "texture": "#0"},
				"south": {"uv": [7.25, 11, 7.3125, 11.0625], "texture": "#0"},
				"west": {"uv": [7.25, 11, 7.3125, 11.0625], "texture": "#0"},
				"up": {"uv": [7.25, 11, 7.3125, 11.0625], "texture": "#0"},
				"down": {"uv": [7.25, 11, 7.3125, 11.0625], "texture": "#0"}
			}
		},
		{
			"from": [8.75732, 6.80304, -0.83225],
			"to": [9.16232, 6.99654, -0.551],
			"rotation": {"angle": 0, "axis": "y", "origin": [8, 8, 7]},
			"faces": {
				"north": {"uv": [7.5, 11, 7.5625, 11.0625], "texture": "#0"},
				"east": {"uv": [7.5, 11, 7.5625, 11.0625], "texture": "#0"},
				"south": {"uv": [7.5, 11, 7.5625, 11.0625], "texture": "#0"},
				"west": {"uv": [7.5, 11, 7.5625, 11.0625], "texture": "#0"},
				"up": {"uv": [7.5, 11, 7.5625, 11.0625], "texture": "#0"},
				"down": {"uv": [7.5, 11, 7.5625, 11.0625], "texture": "#0"}
			}
		},
		{
			"from": [8.75732, 6.80304, -0.26975],
			"to": [9.16232, 6.99654, 0.0115],
			"rotation": {"angle": 0, "axis": "y", "origin": [8, 8, 7]},
			"faces": {
				"north": {"uv": [7.75, 11, 7.8125, 11.0625], "texture": "#0"},
				"east": {"uv": [7.75, 11, 7.8125, 11.0625], "texture": "#0"},
				"south": {"uv": [7.75, 11, 7.8125, 11.0625], "texture": "#0"},
				"west": {"uv": [7.75, 11, 7.8125, 11.0625], "texture": "#0"},
				"up": {"uv": [7.75, 11, 7.8125, 11.0625], "texture": "#0"},
				"down": {"uv": [7.75, 11, 7.8125, 11.0625], "texture": "#0"}
			}
		},
		{
			"from": [8.75732, 6.80304, 0.85525],
			"to": [9.16232, 6.99654, 1.1365],
			"rotation": {"angle": 0, "axis": "y", "origin": [8, 8, 7]},
			"faces": {
				"north": {"uv": [8, 11, 8.0625, 11.0625], "texture": "#0"},
				"east": {"uv": [8, 11, 8.0625, 11.0625], "texture": "#0"},
				"south": {"uv": [8, 11, 8.0625, 11.0625], "texture": "#0"},
				"west": {"uv": [8, 11, 8.0625, 11.0625], "texture": "#0"},
				"up": {"uv": [8, 11, 8.0625, 11.0625], "texture": "#0"},
				"down": {"uv": [8, 11, 8.0625, 11.0625], "texture": "#0"}
			}
		},
		{
			"from": [8.75732, 6.80304, 0.29275],
			"to": [9.16232, 6.99654, 0.574],
			"rotation": {"angle": 0, "axis": "y", "origin": [8, 8, 7]},
			"faces": {
				"north": {"uv": [8.25, 11, 8.3125, 11.0625], "texture": "#0"},
				"east": {"uv": [8.25, 11, 8.3125, 11.0625], "texture": "#0"},
				"south": {"uv": [8.25, 11, 8.3125, 11.0625], "texture": "#0"},
				"west": {"uv": [8.25, 11, 8.3125, 11.0625], "texture": "#0"},
				"up": {"uv": [8.25, 11, 8.3125, 11.0625], "texture": "#0"},
				"down": {"uv": [8.25, 11, 8.3125, 11.0625], "texture": "#0"}
			}
		},
		{
			"from": [8.75732, 6.80304, 1.41775],
			"to": [9.16232, 6.99654, 1.699],
			"rotation": {"angle": 0, "axis": "y", "origin": [8, 8, 7]},
			"faces": {
				"north": {"uv": [8.5, 11, 8.5625, 11.0625], "texture": "#0"},
				"east": {"uv": [8.5, 11, 8.5625, 11.0625], "texture": "#0"},
				"south": {"uv": [8.5, 11, 8.5625, 11.0625], "texture": "#0"},
				"west": {"uv": [8.5, 11, 8.5625, 11.0625], "texture": "#0"},
				"up": {"uv": [8.5, 11, 8.5625, 11.0625], "texture": "#0"},
				"down": {"uv": [8.5, 11, 8.5625, 11.0625], "texture": "#0"}
			}
		},
		{
			"from": [8.75732, 6.80304, 1.98025],
			"to": [9.16232, 6.99654, 2.329],
			"rotation": {"angle": 0, "axis": "y", "origin": [8, 8, 7]},
			"faces": {
				"north": {"uv": [8.75, 11, 8.8125, 11.0625], "texture": "#0"},
				"east": {"uv": [8.75, 11, 8.8125, 11.0625], "texture": "#0"},
				"south": {"uv": [8.75, 11, 8.8125, 11.0625], "texture": "#0"},
				"west": {"uv": [8.75, 11, 8.8125, 11.0625], "texture": "#0"},
				"up": {"uv": [8.75, 11, 8.8125, 11.0625], "texture": "#0"},
				"down": {"uv": [8.75, 11, 8.8125, 11.0625], "texture": "#0"}
			}
		},
		{
			"from": [8.75732, 6.74904, -4.6685],
			"to": [9.16232, 7.05054, -4.20725],
			"rotation": {"angle": 0, "axis": "y", "origin": [8, 8, 7]},
			"faces": {
				"north": {"uv": [7, 10.75, 7.125, 10.8125], "texture": "#0"},
				"east": {"uv": [7, 10.75, 7.125, 10.8125], "texture": "#0"},
				"south": {"uv": [7, 10.75, 7.125, 10.8125], "texture": "#0"},
				"west": {"uv": [7, 10.75, 7.125, 10.8125], "texture": "#0"},
				"up": {"uv": [7, 10.75, 7.125, 10.8125], "texture": "#0"},
				"down": {"uv": [7, 10.75, 7.125, 10.8125], "texture": "#0"}
			}
		},
		{
			"from": [7.18232, 7.60404, -4.20725],
			"to": [7.58732, 7.65804, 2.329],
			"rotation": {"angle": 0, "axis": "y", "origin": [7.26944, 7.20354, -1.11522]},
			"faces": {
				"north": {"uv": [5.75, 3.625, 5.875, 2], "texture": "#0"},
				"east": {"uv": [5.75, 3.625, 5.875, 2], "texture": "#0"},
				"south": {"uv": [5.75, 3.625, 5.875, 2], "texture": "#0"},
				"west": {"uv": [5.75, 3.625, 5.875, 2], "texture": "#0"},
				"up": {"uv": [5.75, 3.625, 5.875, 2], "texture": "#0"},
				"down": {"uv": [5.75, 3.625, 5.875, 2], "texture": "#0"}
			}
		},
		{
			"from": [7.18232, 7.35654, -4.20725],
			"to": [7.58732, 7.41054, 2.329],
			"rotation": {"angle": 0, "axis": "y", "origin": [7.26944, 7.20354, -1.11522]},
			"faces": {
				"north": {"uv": [9.125, 0.75, 7.5, 0.8125], "texture": "#0"},
				"east": {"uv": [9.125, 0.75, 7.5, 0.8125], "texture": "#0"},
				"south": {"uv": [9.125, 0.75, 7.5, 0.8125], "texture": "#0"},
				"west": {"uv": [9.125, 0.75, 7.5, 0.8125], "texture": "#0"},
				"up": {"uv": [9.125, 0.75, 7.5, 0.8125], "texture": "#0"},
				"down": {"uv": [9.125, 0.75, 7.5, 0.8125], "texture": "#0"}
			}
		},
		{
			"from": [7.18232, 7.41054, -4.20725],
			"to": [7.58732, 7.60404, -3.926],
			"rotation": {"angle": 0, "axis": "y", "origin": [7.26944, 7.20354, -1.11522]},
			"faces": {
				"north": {"uv": [3.0625, 11, 3, 11.0625], "texture": "#0"},
				"east": {"uv": [3.0625, 11, 3, 11.0625], "texture": "#0"},
				"south": {"uv": [3.0625, 11, 3, 11.0625], "texture": "#0"},
				"west": {"uv": [3.0625, 11, 3, 11.0625], "texture": "#0"},
				"up": {"uv": [3.0625, 11, 3, 11.0625], "texture": "#0"},
				"down": {"uv": [3.0625, 11, 3, 11.0625], "texture": "#0"}
			}
		},
		{
			"from": [7.18232, 7.41054, -3.64475],
			"to": [7.58732, 7.60404, -3.3635],
			"rotation": {"angle": 0, "axis": "y", "origin": [7.26944, 7.20354, -1.11522]},
			"faces": {
				"north": {"uv": [3.3125, 11, 3.25, 11.0625], "texture": "#0"},
				"east": {"uv": [3.3125, 11, 3.25, 11.0625], "texture": "#0"},
				"south": {"uv": [3.3125, 11, 3.25, 11.0625], "texture": "#0"},
				"west": {"uv": [3.3125, 11, 3.25, 11.0625], "texture": "#0"},
				"up": {"uv": [3.3125, 11, 3.25, 11.0625], "texture": "#0"},
				"down": {"uv": [3.3125, 11, 3.25, 11.0625], "texture": "#0"}
			}
		},
		{
			"from": [7.18232, 7.41054, -3.08225],
			"to": [7.58732, 7.60404, -2.801],
			"rotation": {"angle": 0, "axis": "y", "origin": [7.26944, 7.20354, -1.11522]},
			"faces": {
				"north": {"uv": [3.5625, 11, 3.5, 11.0625], "texture": "#0"},
				"east": {"uv": [3.5625, 11, 3.5, 11.0625], "texture": "#0"},
				"south": {"uv": [3.5625, 11, 3.5, 11.0625], "texture": "#0"},
				"west": {"uv": [3.5625, 11, 3.5, 11.0625], "texture": "#0"},
				"up": {"uv": [3.5625, 11, 3.5, 11.0625], "texture": "#0"},
				"down": {"uv": [3.5625, 11, 3.5, 11.0625], "texture": "#0"}
			}
		},
		{
			"from": [7.18232, 7.41054, -2.51975],
			"to": [7.58732, 7.60404, -2.2385],
			"rotation": {"angle": 0, "axis": "y", "origin": [7.26944, 7.20354, -1.11522]},
			"faces": {
				"north": {"uv": [3.8125, 11, 3.75, 11.0625], "texture": "#0"},
				"east": {"uv": [3.8125, 11, 3.75, 11.0625], "texture": "#0"},
				"south": {"uv": [3.8125, 11, 3.75, 11.0625], "texture": "#0"},
				"west": {"uv": [3.8125, 11, 3.75, 11.0625], "texture": "#0"},
				"up": {"uv": [3.8125, 11, 3.75, 11.0625], "texture": "#0"},
				"down": {"uv": [3.8125, 11, 3.75, 11.0625], "texture": "#0"}
			}
		},
		{
			"from": [7.18232, 7.41054, -1.95725],
			"to": [7.58732, 7.60404, -1.676],
			"rotation": {"angle": 0, "axis": "y", "origin": [7.26944, 7.20354, -1.11522]},
			"faces": {
				"north": {"uv": [4.0625, 11, 4, 11.0625], "texture": "#0"},
				"east": {"uv": [4.0625, 11, 4, 11.0625], "texture": "#0"},
				"south": {"uv": [4.0625, 11, 4, 11.0625], "texture": "#0"},
				"west": {"uv": [4.0625, 11, 4, 11.0625], "texture": "#0"},
				"up": {"uv": [4.0625, 11, 4, 11.0625], "texture": "#0"},
				"down": {"uv": [4.0625, 11, 4, 11.0625], "texture": "#0"}
			}
		},
		{
			"from": [7.18232, 7.41054, -1.39475],
			"to": [7.58732, 7.60404, -1.1135],
			"rotation": {"angle": 0, "axis": "y", "origin": [7.26944, 7.20354, -1.11522]},
			"faces": {
				"north": {"uv": [4.3125, 11, 4.25, 11.0625], "texture": "#0"},
				"east": {"uv": [4.3125, 11, 4.25, 11.0625], "texture": "#0"},
				"south": {"uv": [4.3125, 11, 4.25, 11.0625], "texture": "#0"},
				"west": {"uv": [4.3125, 11, 4.25, 11.0625], "texture": "#0"},
				"up": {"uv": [4.3125, 11, 4.25, 11.0625], "texture": "#0"},
				"down": {"uv": [4.3125, 11, 4.25, 11.0625], "texture": "#0"}
			}
		},
		{
			"from": [7.18232, 7.41054, -0.83225],
			"to": [7.58732, 7.60404, -0.551],
			"rotation": {"angle": 0, "axis": "y", "origin": [7.26944, 7.20354, -1.11522]},
			"faces": {
				"north": {"uv": [4.5625, 11, 4.5, 11.0625], "texture": "#0"},
				"east": {"uv": [4.5625, 11, 4.5, 11.0625], "texture": "#0"},
				"south": {"uv": [4.5625, 11, 4.5, 11.0625], "texture": "#0"},
				"west": {"uv": [4.5625, 11, 4.5, 11.0625], "texture": "#0"},
				"up": {"uv": [4.5625, 11, 4.5, 11.0625], "texture": "#0"},
				"down": {"uv": [4.5625, 11, 4.5, 11.0625], "texture": "#0"}
			}
		},
		{
			"from": [7.18232, 7.41054, -0.26975],
			"to": [7.58732, 7.60404, 0.0115],
			"rotation": {"angle": 0, "axis": "y", "origin": [7.26944, 7.20354, -1.11522]},
			"faces": {
				"north": {"uv": [4.8125, 11, 4.75, 11.0625], "texture": "#0"},
				"east": {"uv": [4.8125, 11, 4.75, 11.0625], "texture": "#0"},
				"south": {"uv": [4.8125, 11, 4.75, 11.0625], "texture": "#0"},
				"west": {"uv": [4.8125, 11, 4.75, 11.0625], "texture": "#0"},
				"up": {"uv": [4.8125, 11, 4.75, 11.0625], "texture": "#0"},
				"down": {"uv": [4.8125, 11, 4.75, 11.0625], "texture": "#0"}
			}
		},
		{
			"from": [7.18232, 7.41054, 0.85525],
			"to": [7.58732, 7.60404, 1.1365],
			"rotation": {"angle": 0, "axis": "y", "origin": [7.26944, 7.20354, -1.11522]},
			"faces": {
				"north": {"uv": [5.0625, 11, 5, 11.0625], "texture": "#0"},
				"east": {"uv": [5.0625, 11, 5, 11.0625], "texture": "#0"},
				"south": {"uv": [5.0625, 11, 5, 11.0625], "texture": "#0"},
				"west": {"uv": [5.0625, 11, 5, 11.0625], "texture": "#0"},
				"up": {"uv": [5.0625, 11, 5, 11.0625], "texture": "#0"},
				"down": {"uv": [5.0625, 11, 5, 11.0625], "texture": "#0"}
			}
		},
		{
			"from": [7.18232, 7.41054, 0.29275],
			"to": [7.58732, 7.60404, 0.574],
			"rotation": {"angle": 0, "axis": "y", "origin": [7.26944, 7.20354, -1.11522]},
			"faces": {
				"north": {"uv": [5.3125, 11, 5.25, 11.0625], "texture": "#0"},
				"east": {"uv": [5.3125, 11, 5.25, 11.0625], "texture": "#0"},
				"south": {"uv": [5.3125, 11, 5.25, 11.0625], "texture": "#0"},
				"west": {"uv": [5.3125, 11, 5.25, 11.0625], "texture": "#0"},
				"up": {"uv": [5.3125, 11, 5.25, 11.0625], "texture": "#0"},
				"down": {"uv": [5.3125, 11, 5.25, 11.0625], "texture": "#0"}
			}
		},
		{
			"from": [7.18232, 7.41054, 1.41775],
			"to": [7.58732, 7.60404, 1.699],
			"rotation": {"angle": 0, "axis": "y", "origin": [7.26944, 7.20354, -1.11522]},
			"faces": {
				"north": {"uv": [5.5625, 11, 5.5, 11.0625], "texture": "#0"},
				"east": {"uv": [5.5625, 11, 5.5, 11.0625], "texture": "#0"},
				"south": {"uv": [5.5625, 11, 5.5, 11.0625], "texture": "#0"},
				"west": {"uv": [5.5625, 11, 5.5, 11.0625], "texture": "#0"},
				"up": {"uv": [5.5625, 11, 5.5, 11.0625], "texture": "#0"},
				"down": {"uv": [5.5625, 11, 5.5, 11.0625], "texture": "#0"}
			}
		},
		{
			"from": [7.18232, 7.41054, 1.98025],
			"to": [7.58732, 7.60404, 2.329],
			"rotation": {"angle": 0, "axis": "y", "origin": [7.26944, 7.20354, -1.11522]},
			"faces": {
				"north": {"uv": [5.8125, 11, 5.75, 11.0625], "texture": "#0"},
				"east": {"uv": [5.8125, 11, 5.75, 11.0625], "texture": "#0"},
				"south": {"uv": [5.8125, 11, 5.75, 11.0625], "texture": "#0"},
				"west": {"uv": [5.8125, 11, 5.75, 11.0625], "texture": "#0"},
				"up": {"uv": [5.8125, 11, 5.75, 11.0625], "texture": "#0"},
				"down": {"uv": [5.8125, 11, 5.75, 11.0625], "texture": "#0"}
			}
		},
		{
			"from": [7.18232, 7.35654, -4.6685],
			"to": [7.58732, 7.65804, -4.20725],
			"rotation": {"angle": 0, "axis": "y", "origin": [7.26944, 7.20354, -1.11522]},
			"faces": {
				"north": {"uv": [10.625, 10, 10.5, 10.0625], "texture": "#0"},
				"east": {"uv": [10.625, 10, 10.5, 10.0625], "texture": "#0"},
				"south": {"uv": [10.625, 10, 10.5, 10.0625], "texture": "#0"},
				"west": {"uv": [10.625, 10, 10.5, 10.0625], "texture": "#0"},
				"up": {"uv": [10.625, 10, 10.5, 10.0625], "texture": "#0"},
				"down": {"uv": [10.625, 10, 10.5, 10.0625], "texture": "#0"}
			}
		},
		{
			"from": [7.09232, 7.04154, -4.85975],
			"to": [7.67732, 7.36554, 2.329],
			"rotation": {"angle": 0, "axis": "y", "origin": [7.26944, 7.20354, -1.11522]},
			"faces": {
				"north": {"uv": [10.625, 10.5, 10.5, 10.5625], "texture": "#0"},
				"east": {"uv": [7, 6.25, 8.8125, 6.3125], "texture": "#0"},
				"south": {"uv": [0.125, 10.75, 0, 10.8125], "texture": "#0"},
				"west": {"uv": [8.8125, 6.25, 7, 6.3125], "texture": "#0"},
				"up": {"uv": [8.8125, 6.3125, 7, 6.25], "rotation": 90, "texture": "#0"},
				"down": {"uv": [7, 6.3125, 8.8125, 6.25], "rotation": 90, "texture": "#0"}
			}
		},
		{
			"from": [7.04732, 6.90654, -5.141],
			"to": [7.72232, 7.50054, -4.85975],
			"rotation": {"angle": 0, "axis": "y", "origin": [7.26944, 7.20354, -1.11522]},
			"faces": {
				"north": {"uv": [10.8125, 0, 10.75, 0.125], "texture": "#0"},
				"east": {"uv": [10.8125, 0, 10.75, 0.125], "texture": "#0"},
				"south": {"uv": [10.8125, 0, 10.75, 0.125], "texture": "#0"},
				"west": {"uv": [10.8125, 0, 10.75, 0.125], "texture": "#0"},
				"up": {"uv": [10.8125, 0, 10.75, 0.125], "texture": "#0"},
				"down": {"uv": [10.8125, 0, 10.75, 0.125], "texture": "#0"}
			}
		},
		{
			"from": [7.09232, 6.90654, 2.329],
			"to": [7.67732, 7.50054, 3.66775],
			"rotation": {"angle": 0, "axis": "y", "origin": [7.26944, 7.20354, -1.11522]},
			"faces": {
				"north": {"uv": [4.125, 10, 4, 10.125], "texture": "#0"},
				"east": {"uv": [8.75, 4.5, 9.0625, 4.625], "texture": "#0"},
				"south": {"uv": [10.125, 4, 10, 4.125], "texture": "#0"},
				"west": {"uv": [9.0625, 4.5, 8.75, 4.625], "texture": "#0"},
				"up": {"uv": [5.25, 9.0625, 5.375, 8.75], "texture": "#0"},
				"down": {"uv": [5.25, 9.0625, 5.375, 8.75], "texture": "#0"}
			}
		},
		{
			"from": [4.91927, 6.43404, -5.00653],
			"to": [6.25802, 7.92804, -4.73653],
			"rotation": {"angle": -22.5, "axis": "y", "origin": [7.26944, 7.20354, -1.11522]},
			"faces": {
				"north": {"uv": [7, 5.75, 7.3125, 6.125], "texture": "#0"},
				"east": {"uv": [5.0625, 9.5, 5, 9.875], "texture": "#0"},
				"south": {"uv": [7.3125, 5.75, 7, 6.125], "texture": "#0"},
				"west": {"uv": [4.8125, 9.5, 4.75, 9.875], "texture": "#0"},
				"up": {"uv": [9.5, 9.3125, 9.8125, 9.25], "texture": "#0"},
				"down": {"uv": [0, 9.75, 0.3125, 9.8125], "texture": "#0"}
			}
		},
		{
			"from": [7.18232, 6.99654, -4.20725],
			"to": [7.58732, 7.05054, 2.329],
			"rotation": {"angle": 0, "axis": "y", "origin": [7.26944, 7.20354, -1.11522]},
			"faces": {
				"north": {"uv": [9.125, 2, 7.5, 2.0625], "texture": "#0"},
				"east": {"uv": [9.125, 2, 7.5, 2.0625], "texture": "#0"},
				"south": {"uv": [9.125, 2, 7.5, 2.0625], "texture": "#0"},
				"west": {"uv": [9.125, 2, 7.5, 2.0625], "texture": "#0"},
				"up": {"uv": [9.125, 2, 7.5, 2.0625], "texture": "#0"},
				"down": {"uv": [9.125, 2, 7.5, 2.0625], "texture": "#0"}
			}
		},
		{
			"from": [7.18232, 6.74904, -4.20725],
			"to": [7.58732, 6.80304, 2.329],
			"rotation": {"angle": 0, "axis": "y", "origin": [7.26944, 7.20354, -1.11522]},
			"faces": {
				"north": {"uv": [9.125, 3, 7.5, 3.0625], "texture": "#0"},
				"east": {"uv": [9.125, 3, 7.5, 3.0625], "texture": "#0"},
				"south": {"uv": [9.125, 3, 7.5, 3.0625], "texture": "#0"},
				"west": {"uv": [9.125, 3, 7.5, 3.0625], "texture": "#0"},
				"up": {"uv": [9.125, 3, 7.5, 3.0625], "texture": "#0"},
				"down": {"uv": [9.125, 3, 7.5, 3.0625], "texture": "#0"}
			}
		},
		{
			"from": [7.18232, 6.80304, -4.20725],
			"to": [7.58732, 6.99654, -3.926],
			"rotation": {"angle": 0, "axis": "y", "origin": [7.26944, 7.20354, -1.11522]},
			"faces": {
				"north": {"uv": [6.0625, 11, 6, 11.0625], "texture": "#0"},
				"east": {"uv": [6.0625, 11, 6, 11.0625], "texture": "#0"},
				"south": {"uv": [6.0625, 11, 6, 11.0625], "texture": "#0"},
				"west": {"uv": [6.0625, 11, 6, 11.0625], "texture": "#0"},
				"up": {"uv": [6.0625, 11, 6, 11.0625], "texture": "#0"},
				"down": {"uv": [6.0625, 11, 6, 11.0625], "texture": "#0"}
			}
		},
		{
			"from": [7.18232, 6.80304, -3.64475],
			"to": [7.58732, 6.99654, -3.3635],
			"rotation": {"angle": 0, "axis": "y", "origin": [7.26944, 7.20354, -1.11522]},
			"faces": {
				"north": {"uv": [6.3125, 11, 6.25, 11.0625], "texture": "#0"},
				"east": {"uv": [6.3125, 11, 6.25, 11.0625], "texture": "#0"},
				"south": {"uv": [6.3125, 11, 6.25, 11.0625], "texture": "#0"},
				"west": {"uv": [6.3125, 11, 6.25, 11.0625], "texture": "#0"},
				"up": {"uv": [6.3125, 11, 6.25, 11.0625], "texture": "#0"},
				"down": {"uv": [6.3125, 11, 6.25, 11.0625], "texture": "#0"}
			}
		},
		{
			"from": [7.18232, 6.80304, -3.08225],
			"to": [7.58732, 6.99654, -2.801],
			"rotation": {"angle": 0, "axis": "y", "origin": [7.26944, 7.20354, -1.11522]},
			"faces": {
				"north": {"uv": [6.5625, 11, 6.5, 11.0625], "texture": "#0"},
				"east": {"uv": [6.5625, 11, 6.5, 11.0625], "texture": "#0"},
				"south": {"uv": [6.5625, 11, 6.5, 11.0625], "texture": "#0"},
				"west": {"uv": [6.5625, 11, 6.5, 11.0625], "texture": "#0"},
				"up": {"uv": [6.5625, 11, 6.5, 11.0625], "texture": "#0"},
				"down": {"uv": [6.5625, 11, 6.5, 11.0625], "texture": "#0"}
			}
		},
		{
			"from": [7.18232, 6.80304, -2.51975],
			"to": [7.58732, 6.99654, -2.2385],
			"rotation": {"angle": 0, "axis": "y", "origin": [7.26944, 7.20354, -1.11522]},
			"faces": {
				"north": {"uv": [6.8125, 11, 6.75, 11.0625], "texture": "#0"},
				"east": {"uv": [6.8125, 11, 6.75, 11.0625], "texture": "#0"},
				"south": {"uv": [6.8125, 11, 6.75, 11.0625], "texture": "#0"},
				"west": {"uv": [6.8125, 11, 6.75, 11.0625], "texture": "#0"},
				"up": {"uv": [6.8125, 11, 6.75, 11.0625], "texture": "#0"},
				"down": {"uv": [6.8125, 11, 6.75, 11.0625], "texture": "#0"}
			}
		},
		{
			"from": [7.18232, 6.80304, -1.95725],
			"to": [7.58732, 6.99654, -1.676],
			"rotation": {"angle": 0, "axis": "y", "origin": [7.26944, 7.20354, -1.11522]},
			"faces": {
				"north": {"uv": [7.0625, 11, 7, 11.0625], "texture": "#0"},
				"east": {"uv": [7.0625, 11, 7, 11.0625], "texture": "#0"},
				"south": {"uv": [7.0625, 11, 7, 11.0625], "texture": "#0"},
				"west": {"uv": [7.0625, 11, 7, 11.0625], "texture": "#0"},
				"up": {"uv": [7.0625, 11, 7, 11.0625], "texture": "#0"},
				"down": {"uv": [7.0625, 11, 7, 11.0625], "texture": "#0"}
			}
		},
		{
			"from": [7.18232, 6.80304, -1.39475],
			"to": [7.58732, 6.99654, -1.1135],
			"rotation": {"angle": 0, "axis": "y", "origin": [7.26944, 7.20354, -1.11522]},
			"faces": {
				"north": {"uv": [7.3125, 11, 7.25, 11.0625], "texture": "#0"},
				"east": {"uv": [7.3125, 11, 7.25, 11.0625], "texture": "#0"},
				"south": {"uv": [7.3125, 11, 7.25, 11.0625], "texture": "#0"},
				"west": {"uv": [7.3125, 11, 7.25, 11.0625], "texture": "#0"},
				"up": {"uv": [7.3125, 11, 7.25, 11.0625], "texture": "#0"},
				"down": {"uv": [7.3125, 11, 7.25, 11.0625], "texture": "#0"}
			}
		},
		{
			"from": [7.18232, 6.80304, -0.83225],
			"to": [7.58732, 6.99654, -0.551],
			"rotation": {"angle": 0, "axis": "y", "origin": [7.26944, 7.20354, -1.11522]},
			"faces": {
				"north": {"uv": [7.5625, 11, 7.5, 11.0625], "texture": "#0"},
				"east": {"uv": [7.5625, 11, 7.5, 11.0625], "texture": "#0"},
				"south": {"uv": [7.5625, 11, 7.5, 11.0625], "texture": "#0"},
				"west": {"uv": [7.5625, 11, 7.5, 11.0625], "texture": "#0"},
				"up": {"uv": [7.5625, 11, 7.5, 11.0625], "texture": "#0"},
				"down": {"uv": [7.5625, 11, 7.5, 11.0625], "texture": "#0"}
			}
		},
		{
			"from": [7.18232, 6.80304, -0.26975],
			"to": [7.58732, 6.99654, 0.0115],
			"rotation": {"angle": 0, "axis": "y", "origin": [7.26944, 7.20354, -1.11522]},
			"faces": {
				"north": {"uv": [7.8125, 11, 7.75, 11.0625], "texture": "#0"},
				"east": {"uv": [7.8125, 11, 7.75, 11.0625], "texture": "#0"},
				"south": {"uv": [7.8125, 11, 7.75, 11.0625], "texture": "#0"},
				"west": {"uv": [7.8125, 11, 7.75, 11.0625], "texture": "#0"},
				"up": {"uv": [7.8125, 11, 7.75, 11.0625], "texture": "#0"},
				"down": {"uv": [7.8125, 11, 7.75, 11.0625], "texture": "#0"}
			}
		},
		{
			"from": [7.18232, 6.80304, 0.85525],
			"to": [7.58732, 6.99654, 1.1365],
			"rotation": {"angle": 0, "axis": "y", "origin": [7.26944, 7.20354, -1.11522]},
			"faces": {
				"north": {"uv": [8.0625, 11, 8, 11.0625], "texture": "#0"},
				"east": {"uv": [8.0625, 11, 8, 11.0625], "texture": "#0"},
				"south": {"uv": [8.0625, 11, 8, 11.0625], "texture": "#0"},
				"west": {"uv": [8.0625, 11, 8, 11.0625], "texture": "#0"},
				"up": {"uv": [8.0625, 11, 8, 11.0625], "texture": "#0"},
				"down": {"uv": [8.0625, 11, 8, 11.0625], "texture": "#0"}
			}
		},
		{
			"from": [7.18232, 6.80304, 0.29275],
			"to": [7.58732, 6.99654, 0.574],
			"rotation": {"angle": 0, "axis": "y", "origin": [7.26944, 7.20354, -1.11522]},
			"faces": {
				"north": {"uv": [8.3125, 11, 8.25, 11.0625], "texture": "#0"},
				"east": {"uv": [8.3125, 11, 8.25, 11.0625], "texture": "#0"},
				"south": {"uv": [8.3125, 11, 8.25, 11.0625], "texture": "#0"},
				"west": {"uv": [8.3125, 11, 8.25, 11.0625], "texture": "#0"},
				"up": {"uv": [8.3125, 11, 8.25, 11.0625], "texture": "#0"},
				"down": {"uv": [8.3125, 11, 8.25, 11.0625], "texture": "#0"}
			}
		},
		{
			"from": [7.18232, 6.80304, 1.41775],
			"to": [7.58732, 6.99654, 1.699],
			"rotation": {"angle": 0, "axis": "y", "origin": [7.26944, 7.20354, -1.11522]},
			"faces": {
				"north": {"uv": [8.5625, 11, 8.5, 11.0625], "texture": "#0"},
				"east": {"uv": [8.5625, 11, 8.5, 11.0625], "texture": "#0"},
				"south": {"uv": [8.5625, 11, 8.5, 11.0625], "texture": "#0"},
				"west": {"uv": [8.5625, 11, 8.5, 11.0625], "texture": "#0"},
				"up": {"uv": [8.5625, 11, 8.5, 11.0625], "texture": "#0"},
				"down": {"uv": [8.5625, 11, 8.5, 11.0625], "texture": "#0"}
			}
		},
		{
			"from": [7.18232, 6.80304, 1.98025],
			"to": [7.58732, 6.99654, 2.329],
			"rotation": {"angle": 0, "axis": "y", "origin": [7.26944, 7.20354, -1.11522]},
			"faces": {
				"north": {"uv": [8.8125, 11, 8.75, 11.0625], "texture": "#0"},
				"east": {"uv": [8.8125, 11, 8.75, 11.0625], "texture": "#0"},
				"south": {"uv": [8.8125, 11, 8.75, 11.0625], "texture": "#0"},
				"west": {"uv": [8.8125, 11, 8.75, 11.0625], "texture": "#0"},
				"up": {"uv": [8.8125, 11, 8.75, 11.0625], "texture": "#0"},
				"down": {"uv": [8.8125, 11, 8.75, 11.0625], "texture": "#0"}
			}
		},
		{
			"from": [7.18232, 6.74904, -4.6685],
			"to": [7.58732, 7.05054, -4.20725],
			"rotation": {"angle": 0, "axis": "y", "origin": [7.26944, 7.20354, -1.11522]},
			"faces": {
				"north": {"uv": [7.125, 10.75, 7, 10.8125], "texture": "#0"},
				"east": {"uv": [7.125, 10.75, 7, 10.8125], "texture": "#0"},
				"south": {"uv": [7.125, 10.75, 7, 10.8125], "texture": "#0"},
				"west": {"uv": [7.125, 10.75, 7, 10.8125], "texture": "#0"},
				"up": {"uv": [7.125, 10.75, 7, 10.8125], "texture": "#0"},
				"down": {"uv": [7.125, 10.75, 7, 10.8125], "texture": "#0"}
			}
		},
		{
			"from": [7.64779, 10.40214, 14.63147],
			"to": [8.70809, 11.46244, 16.74435],
			"rotation": {"angle": 0, "axis": "y", "origin": [8, 8, 7]},
			"faces": {
				"north": {"uv": [5, 8, 5.25, 8.25], "texture": "#0"},
				"east": {"uv": [6.5, 6.5, 7, 6.75], "texture": "#0"},
				"south": {"uv": [5.25, 8, 5.5, 8.25], "texture": "#0"},
				"west": {"uv": [7, 6.5, 6.5, 6.75], "texture": "#0"},
				"up": {"uv": [7, 5, 6.75, 4.5], "texture": "#0"},
				"down": {"uv": [6.25, 6.75, 6, 7.25], "texture": "#0"}
			}
		},
		{
			"from": [7.41379, 10.16084, 8.35133],
			"to": [8.94209, 11.71839, 10.20096],
			"rotation": {"angle": 0, "axis": "y", "origin": [8, 8, 7]},
			"faces": {
				"north": {"uv": [3.5, 6.5, 3.875, 6.875], "texture": "#0"},
				"east": {"uv": [6, 4.5, 6.4375, 4.875], "texture": "#0"},
				"south": {"uv": [6.5, 3.5, 6.875, 3.875], "texture": "#0"},
				"west": {"uv": [6.4375, 4.5, 6, 4.875], "texture": "#0"},
				"up": {"uv": [6.375, 5.9375, 6, 5.5], "texture": "#0"},
				"down": {"uv": [6.375, 6, 6, 6.4375], "texture": "#0"}
			}
		},
		{
			"from": [7.50154, 10.50789, 12.02134],
			"to": [8.85434, 11.39269, 12.81797],
			"rotation": {"angle": 0, "axis": "y", "origin": [8, 8, 7]},
			"faces": {
				"north": {"uv": [2.75, 7.25, 3.0625, 7.5], "texture": "#0"},
				"east": {"uv": [3.5, 8.5, 3.6875, 8.75], "texture": "#0"},
				"south": {"uv": [1.5, 7.75, 1.8125, 8], "texture": "#0"},
				"west": {"uv": [3.6875, 8.5, 3.5, 8.75], "texture": "#0"},
				"up": {"uv": [8.3125, 8.1875, 8, 8], "texture": "#0"},
				"down": {"uv": [0.3125, 8.25, 0, 8.4375], "texture": "#0"}
			}
		},
		{
			"from": [7.73554, 10.53714, 10.73434],
			"to": [8.62034, 11.33419, 14.63147],
			"rotation": {"angle": 0, "axis": "y", "origin": [8, 8, 7]},
			"faces": {
				"north": {"uv": [4, 8.5, 4.25, 8.6875], "texture": "#0"},
				"east": {"uv": [5.75, 1.25, 6.75, 1.4375], "texture": "#0"},
				"south": {"uv": [4.25, 8.5, 4.5, 8.6875], "texture": "#0"},
				"west": {"uv": [6.75, 1.25, 5.75, 1.4375], "texture": "#0"},
				"up": {"uv": [5.75, 1.25, 6.75, 1.4375], "rotation": 90, "texture": "#0"},
				"down": {"uv": [5.75, 1.25, 6.75, 1.4375], "rotation": 90, "texture": "#0"}
			}
		},
		{
			"from": [7.73554, 11.39269, 12.05059],
			"to": [8.62034, 11.86799, 12.78872],
			"rotation": {"angle": 0, "axis": "y", "origin": [8, 8, 7]},
			"faces": {
				"north": {"uv": [7, 9, 7.25, 9.125], "texture": "#0"},
				"east": {"uv": [9.5, 6.75, 9.6875, 6.875], "texture": "#0"},
				"south": {"uv": [7, 9, 7.25, 9.125], "texture": "#0"},
				"west": {"uv": [9.6875, 6.75, 9.5, 6.875], "texture": "#0"},
				"up": {"uv": [8.75, 4.6875, 8.5, 4.5], "texture": "#0"},
				"down": {"uv": [5, 8.5, 4.75, 8.6875], "texture": "#0"}
			}
		},
		{
			"from": [7.53079, 10.40214, 10.20096],
			"to": [8.82509, 11.46244, 10.73434],
			"rotation": {"angle": 0, "axis": "y", "origin": [8, 8, 7]},
			"faces": {
				"north": {"uv": [2, 7.75, 2.3125, 8], "texture": "#0"},
				"east": {"uv": [7.25, 9, 7.375, 9.25], "texture": "#0"},
				"south": {"uv": [2.5, 7.75, 2.8125, 8], "texture": "#0"},
				"west": {"uv": [7.375, 9, 7.25, 9.25], "texture": "#0"},
				"up": {"uv": [9.0625, 5.625, 8.75, 5.5], "texture": "#0"},
				"down": {"uv": [6.0625, 8.75, 5.75, 8.875], "texture": "#0"}
			}
		},
		{
			"from": [7.76479, 9.94879, 10.99759],
			"to": [8.59109, 10.16084, 14.13422],
			"rotation": {"angle": 0, "axis": "y", "origin": [8, 8, 7]},
			"faces": {
				"north": {"uv": [6.75, 10, 6.9375, 10.0625], "texture": "#0"},
				"east": {"uv": [8.25, 3.5, 9.0625, 3.5625], "texture": "#0"},
				"south": {"uv": [10, 6.75, 10.1875, 6.8125], "texture": "#0"},
				"west": {"uv": [9.0625, 3.5, 8.25, 3.5625], "texture": "#0"},
				"up": {"uv": [3.1875, 6.25, 3, 7.0625], "texture": "#0"},
				"down": {"uv": [3.1875, 6.25, 3, 7.0625], "texture": "#0"}
			}
		},
		{
			"from": [7.96954, 10.16084, 10.99759],
			"to": [8.38634, 10.53714, 11.79422],
			"rotation": {"angle": 0, "axis": "y", "origin": [8, 8, 7]},
			"faces": {
				"north": {"uv": [4.75, 10, 4.875, 10.125], "texture": "#0"},
				"east": {"uv": [6.25, 9.5, 6.4375, 9.625], "texture": "#0"},
				"south": {"uv": [10, 4.75, 10.125, 4.875], "texture": "#0"},
				"west": {"uv": [6.4375, 9.5, 6.25, 9.625], "texture": "#0"},
				"up": {"uv": [6.625, 9.6875, 6.5, 9.5], "texture": "#0"},
				"down": {"uv": [6.875, 9.5, 6.75, 9.6875], "texture": "#0"}
			}
		},
		{
			"from": [7.96954, 10.16084, 13.33759],
			"to": [8.38634, 10.53714, 14.13422],
			"rotation": {"angle": 0, "axis": "y", "origin": [8, 8, 7]},
			"faces": {
				"north": {"uv": [4.5, 10, 4.625, 10.125], "texture": "#0"},
				"east": {"uv": [5.25, 9.5, 5.4375, 9.625], "texture": "#0"},
				"south": {"uv": [10, 4.5, 10.125, 4.625], "texture": "#0"},
				"west": {"uv": [5.4375, 9.5, 5.25, 9.625], "texture": "#0"},
				"up": {"uv": [5.875, 9.6875, 5.75, 9.5], "texture": "#0"},
				"down": {"uv": [6.125, 9.5, 6, 9.6875], "texture": "#0"}
			}
		},
		{
			"from": [7.56482, 9.63804, 6.27975],
			"to": [8.77982, 10.14204, 7.101],
			"rotation": {"angle": 0, "axis": "y", "origin": [7.07188, 10.65588, 7.97569]},
			"faces": {
				"north": {"uv": [8.75, 6, 9.0625, 6.125], "texture": "#0"},
				"east": {"uv": [9.5, 7, 9.6875, 7.125], "texture": "#0"},
				"south": {"uv": [6.25, 8.75, 6.5625, 8.875], "texture": "#0"},
				"west": {"uv": [9.6875, 7, 9.5, 7.125], "texture": "#0"},
				"up": {"uv": [0.8125, 8.4375, 0.5, 8.25], "texture": "#0"},
				"down": {"uv": [1.3125, 8.25, 1, 8.4375], "texture": "#0"}
			}
		},
		{
			"from": [5.75222, 10.31054, 6.50475],
			"to": [8.11472, 10.68179, 6.876],
			"rotation": {"angle": -45, "axis": "z", "origin": [7.07188, 10.65588, 7.97569]},
			"faces": {
				"north": {"uv": [7.5, 8.75, 8.0625, 8.8125], "texture": "#0"},
				"east": {"uv": [7.5, 8.75, 8.0625, 8.8125], "texture": "#0"},
				"south": {"uv": [7.5, 8.75, 8.0625, 8.8125], "texture": "#0"},
				"west": {"uv": [7.5, 8.75, 8.0625, 8.8125], "texture": "#0"},
				"up": {"uv": [7.5, 8.75, 8.0625, 8.8125], "texture": "#0"},
				"down": {"uv": [7.5, 8.75, 8.0625, 8.8125], "texture": "#0"}
			}
		},
		{
			"from": [5.78581, 11.23609, 6.48225],
			"to": [6.15706, 11.60734, 7.74225],
			"rotation": {"angle": 0, "axis": "y", "origin": [7.07188, 10.65588, 7.97569]},
			"faces": {
				"north": {"uv": [0.5625, 10.0625, 0.5, 9.75], "texture": "#0"},
				"east": {"uv": [0.5625, 10.0625, 0.5, 9.75], "texture": "#0"},
				"south": {"uv": [0.5625, 10.0625, 0.5, 9.75], "texture": "#0"},
				"west": {"uv": [0.5625, 10.0625, 0.5, 9.75], "texture": "#0"},
				"up": {"uv": [0.5625, 10.0625, 0.5, 9.75], "texture": "#0"},
				"down": {"uv": [0.5625, 10.0625, 0.5, 9.75], "texture": "#0"}
			}
		},
		{
			"from": [5.56081, 11.01109, 7.74225],
			"to": [6.38206, 11.83234, 10.77975],
			"rotation": {"angle": 0, "axis": "y", "origin": [7.07188, 10.65588, 7.97569]},
			"faces": {
				"north": {"uv": [0.75, 9, 0.9375, 9.1875], "texture": "#0"},
				"east": {"uv": [7.25, 4.25, 6.5, 4.4375], "texture": "#0"},
				"south": {"uv": [9, 1, 9.1875, 1.1875], "texture": "#0"},
				"west": {"uv": [6.5, 4.25, 7.25, 4.4375], "texture": "#0"},
				"up": {"uv": [6.5, 4.25, 7.25, 4.4375], "rotation": 90, "texture": "#0"},
				"down": {"uv": [7.25, 4.25, 6.5, 4.4375], "rotation": 90, "texture": "#0"}
			}
		}
	],
	"display": {
		"thirdperson_righthand": {
			"rotation": [67.5, 0, 0],
			"translation": [-2, 8.25, 0.5]
		},
		"thirdperson_lefthand": {
			"rotation": [67.5, 0, 0],
			"translation": [-1.75, 8.25, 0.5]
		},
		"firstperson_righthand": {
			"translation": [-3, 1, -13.5],
			"scale": [2, 2, 2]
		},
		"firstperson_lefthand": {
			"translation": [-2.25, 1, -13.5],
			"scale": [2, 2, 2]
		},
		"ground": {
			"translation": [0, 1, 0]
		},
		"gui": {
			"rotation": [159.34, -35.7, -177.05],
			"scale": [0.7, 0.7, 0.7]
		},
		"fixed": {
			"rotation": [0, 90, 0],
			"translation": [0, 0, -0.75],
			"scale": [2, 2, 2]
		}
	},
	"groups": [
		{
			"name": "terminator",
			"origin": [8.17232, 6.51054, 10.36262],
			"color": 0,
			"children": [
				{
					"name": "barrel",
					"origin": [8.17232, 6.51054, 10.36262],
					"color": 0,
					"children": [
						0,
						{
							"name": "muzzle_break",
							"origin": [8.17232, 5.62929, 4.01888],
							"color": 0,
							"children": [1, 2, 3, 4, 5, 6, 7, 8]
						}
					]
				},
				{
					"name": "body",
					"origin": [8.17232, 6.51054, 10.36262],
					"color": 0,
					"children": [
						{
							"name": "main_body",
							"origin": [8.17232, 5.62929, 3.76888],
							"color": 0,
							"children": [9, 10, 11, 12]
						},
						{
							"name": "mag_part",
							"origin": [8.17232, 5.62929, 3.49387],
							"color": 0,
							"children": [13, 14, 15, 16, 17, 18, 19, 20, 21, 22]
						}
					]
				},
				{
					"name": "mag",
					"origin": [8.17232, 5.62929, 3.49387],
					"color": 0,
					"children": [23, 24, 25, 26, 27]
				},
				{
					"name": "handle",
					"origin": [8.17232, 6.51054, 10.36262],
					"color": 0,
					"children": [
						{
							"name": "grip",
							"origin": [7.67232, -1.48946, 2.36262],
							"color": 0,
							"children": [28, 29, 30, 31, 32, 33, 34, 35, 36, 37]
						},
						{
							"name": "trigger_guard",
							"origin": [8.17232, 5.62929, 3.49387],
							"color": 0,
							"children": [38, 39, 40]
						},
						{
							"name": "triger",
							"origin": [8.71287, 9.70319, 9.89804],
							"color": 8,
							"children": [41, 42, 43]
						}
					]
				},
				{
					"name": "bolt",
					"origin": [7.74732, 6.12929, 3.49387],
					"color": 0,
					"children": [44, 45, 46]
				},
				{
					"name": "attachments",
					"origin": [8.17232, 6.51054, 10.36262],
					"color": 0,
					"children": [
						{
							"name": "stock",
							"origin": [8.17232, 6.51054, 10.36262],
							"color": 0,
							"children": [
								{
									"name": "stock_inner_part",
									"origin": [8.17232, 5.40429, 4.46888],
									"color": 0,
									"children": [47, 48, 49, 50, 51, 52, 53, 54]
								},
								{
									"name": "stock_cover",
									"origin": [8.17232, 5.40429, 4.46888],
									"color": 0,
									"children": [55, 56, 57, 58, 59, 60, 61, 62]
								}
							]
						},
						{
							"name": "bipod",
							"origin": [8.17232, 6.51054, 10.36262],
							"color": 0,
							"children": [
								{
									"name": "bipod_base",
									"origin": [8.17232, 5.72929, 3.49387],
									"color": 0,
									"children": [63, 64, 65]
								},
								{
									"name": "right_bipod_part",
									"origin": [9.20357, 8.1655, 7.62638],
									"color": 0,
									"children": [
										{
											"name": "top_bipod_part",
											"origin": [8.17232, 5.65116, 2.7945],
											"color": 0,
											"children": [66, 67, 68, 69, 70, 71, 72, 73, 74, 75, 76, 77, 78, 79, 80]
										},
										{
											"name": "bipod_middle_part",
											"origin": [8.17232, 5.65116, 2.8195],
											"color": 0,
											"children": [81, 82, 83, 84]
										},
										{
											"name": "bottom_bpod_part",
											"origin": [8.17232, 5.65116, 2.7945],
											"color": 0,
											"children": [85, 86, 87, 88, 89, 90, 91, 92, 93, 94, 95, 96, 97, 98, 99]
										}
									]
								},
								{
									"name": "left_bipod_part",
									"origin": [9.20357, 8.1655, 7.62638],
									"color": 0,
									"children": [
										{
											"name": "top_bipod_part",
											"origin": [8.17232, 5.65116, 2.7945],
											"color": 0,
											"children": [100, 101, 102, 103, 104, 105, 106, 107, 108, 109, 110, 111, 112, 113, 114]
										},
										{
											"name": "bipod_middle_part",
											"origin": [8.17232, 5.65116, 2.8195],
											"color": 0,
											"children": [115, 116, 117, 118]
										},
										{
											"name": "bottom_bpod_part",
											"origin": [8.17232, 5.65116, 2.7945],
											"color": 0,
											"children": [119, 120, 121, 122, 123, 124, 125, 126, 127, 128, 129, 130, 131, 132, 133]
										}
									]
								}
							]
						},
						{
							"name": "scope",
							"origin": [11.52393, 6.5087, 7.1628],
							"color": 0,
							"children": [
								{
									"name": "scope",
									"origin": [9.74412, 9.32877, 14.21634],
									"color": 0,
									"children": [
										134,
										135,
										{
											"name": "scope_frame",
											"origin": [9.20357, 8.59533, 9.87638],
											"color": 0,
											"children": [136, 137, 138, 139]
										}
									]
								},
								{
									"name": "scope_base",
									"origin": [9.74412, 9.12253, 9.94722],
									"color": 0,
									"children": [140, 141, 142]
								}
							]
						},
						{
							"name": "carry_handle",
							"origin": [9.62386, 10.9674, 6.54137],
							"color": 0,
							"children": [143, 144, 145, 146]
						}
					]
				}
			]
		}
	]
}