{
	"credit": "Made with Blockbench",
	"textures": {
		"1": "aoa3:item/tiger_tommy",
		"3": "aoa3:item/tiger"
	},
	"elements": [
		{
			"from": [7.65, 9.91061, -1.91757],
			"to": [8.35, 10.61061, 4.28243],
			"rotation": {"angle": 0, "axis": "y", "origin": [8, 8, 8]},
			"faces": {
				"north": {"uv": [5, 11, 5.375, 11.375], "texture": "#1"},
				"east": {"uv": [7, 3.5, 10.125, 3.875], "texture": "#1"},
				"south": {"uv": [10.5, 13, 10.875, 13.375], "texture": "#1"},
				"west": {"uv": [10.125, 3.5, 7, 3.875], "texture": "#1"},
				"up": {"uv": [10.125, 3.875, 7, 3.5], "rotation": 90, "texture": "#1"},
				"down": {"uv": [7, 3.875, 10.125, 3.5], "rotation": 90, "texture": "#1"}
			}
		},
		{
			"from": [7.9, 8.48939, 6.71757],
			"to": [8.1, 9.18939, 7.01757],
			"rotation": {"angle": 0, "axis": "y", "origin": [8, 8, 8]},
			"faces": {
				"north": {"uv": [13.5, 14.5, 13.625, 14.875], "texture": "#1"},
				"east": {"uv": [13.5, 14.5, 13.625, 14.875], "texture": "#1"},
				"south": {"uv": [13.5, 14.5, 13.625, 14.875], "texture": "#1"},
				"west": {"uv": [13.5, 14.5, 13.625, 14.875], "texture": "#1"},
				"up": {"uv": [13.5, 14.5, 13.625, 14.875], "texture": "#1"},
				"down": {"uv": [13.5, 14.5, 13.625, 14.875], "texture": "#1"}
			}
		},
		{
			"from": [7.8, 8.01061, 6.38243],
			"to": [8.2, 8.21061, 7.68243],
			"rotation": {"angle": 0, "axis": "y", "origin": [8, 8, 8]},
			"faces": {
				"north": {"uv": [5, 14, 5.625, 14.125], "texture": "#1"},
				"east": {"uv": [5, 14, 5.625, 14.125], "texture": "#1"},
				"south": {"uv": [5, 14, 5.625, 14.125], "texture": "#1"},
				"west": {"uv": [5, 14, 5.625, 14.125], "texture": "#1"},
				"up": {"uv": [5, 14, 5.625, 14.125], "texture": "#1"},
				"down": {"uv": [5, 14, 5.625, 14.125], "texture": "#1"}
			}
		},
		{
			"from": [7.8, 8.21061, 6.38243],
			"to": [8.2, 9.21061, 6.58243],
			"rotation": {"angle": 0, "axis": "y", "origin": [8, 8, 8]},
			"faces": {
				"north": {"uv": [13.5, 14, 13.625, 14.5], "texture": "#1"},
				"east": {"uv": [13.5, 14, 13.625, 14.5], "texture": "#1"},
				"south": {"uv": [13.5, 14, 13.625, 14.5], "texture": "#1"},
				"west": {"uv": [13.5, 14, 13.625, 14.5], "texture": "#1"},
				"up": {"uv": [13.5, 14, 13.625, 14.5], "texture": "#1"},
				"down": {"uv": [13.5, 14, 13.625, 14.5], "texture": "#1"}
			}
		},
		{
			"from": [7.65, 6.41061, 8.68243],
			"to": [8.35, 6.71061, 9.38243],
			"rotation": {"angle": 0, "axis": "y", "origin": [8, 8, 8]},
			"faces": {
				"north": {"uv": [15.0125, 9.125, 15.3625, 9.275], "texture": "#1"},
				"east": {"uv": [14.5, 14, 14.875, 14.125], "texture": "#1"},
				"south": {"uv": [15.0125, 9.125, 15.3625, 9.275], "texture": "#1"},
				"west": {"uv": [14.875, 14, 14.5, 14.125], "texture": "#1"},
				"up": {"uv": [12.75, 13.875, 12.5, 13.5], "texture": "#1"},
				"down": {"uv": [15.0125, 9.125, 15.3625, 9.275], "texture": "#1"}
			}
		},
		{
			"from": [7.65, 6.71061, 8.58243],
			"to": [8.35, 7.01061, 9.68243],
			"rotation": {"angle": 0, "axis": "y", "origin": [8, 8, 8]},
			"faces": {
				"north": {"uv": [15.0125, 9.125, 15.3625, 9.275], "texture": "#1"},
				"east": {"uv": [14, 14, 14.5, 14.125], "texture": "#1"},
				"south": {"uv": [15.0125, 9.125, 15.3625, 9.275], "texture": "#1"},
				"west": {"uv": [15.3625, 9.125, 15.0125, 9.275], "texture": "#1"},
				"up": {"uv": [4.25, 14, 4, 13.5], "texture": "#1"},
				"down": {"uv": [15.0125, 9.125, 15.3625, 9.275], "texture": "#1"}
			}
		},
		{
			"from": [7.65, 7.01061, 8.38243],
			"to": [8.35, 7.31061, 9.88243],
			"rotation": {"angle": 0, "axis": "y", "origin": [8, 8, 8]},
			"faces": {
				"north": {"uv": [15.0125, 9.125, 15.3625, 9.275], "texture": "#1"},
				"east": {"uv": [13, 13.5, 13.75, 13.625], "texture": "#1"},
				"south": {"uv": [15.0125, 9.125, 15.3625, 9.275], "texture": "#1"},
				"west": {"uv": [13.75, 13.5, 13, 13.625], "texture": "#1"},
				"up": {"uv": [9.75, 13.25, 9.5, 12.5], "texture": "#1"},
				"down": {"uv": [15.0125, 9.125, 15.3625, 9.275], "texture": "#1"}
			}
		},
		{
			"from": [7.65, 7.51061, 7.98243],
			"to": [8.35, 7.71061, 9.68243],
			"rotation": {"angle": 0, "axis": "y", "origin": [8, 8, 8]},
			"faces": {
				"north": {"uv": [15.0125, 9.125, 15.3625, 9.275], "texture": "#1"},
				"east": {"uv": [13.5, 5.5, 14.375, 5.625], "texture": "#1"},
				"south": {"uv": [15.0125, 9.125, 15.3625, 9.275], "texture": "#1"},
				"west": {"uv": [14.375, 5.5, 13.5, 5.625], "texture": "#1"},
				"up": {"uv": [15.0125, 9.125, 15.3625, 9.275], "texture": "#1"},
				"down": {"uv": [15.0125, 9.125, 15.3625, 9.275], "texture": "#1"}
			}
		},
		{
			"from": [7.65, 7.31061, 8.18243],
			"to": [8.35, 7.51061, 9.88243],
			"rotation": {"angle": 0, "axis": "y", "origin": [8, 8, 8]},
			"faces": {
				"north": {"uv": [15.0125, 9.125, 15.3625, 9.275], "texture": "#1"},
				"east": {"uv": [13.5, 6.5, 14.375, 6.625], "texture": "#1"},
				"south": {"uv": [15.0125, 9.125, 15.3625, 9.275], "texture": "#1"},
				"west": {"uv": [14.375, 6.5, 13.5, 6.625], "texture": "#1"},
				"up": {"uv": [15.0125, 9.125, 15.3625, 9.275], "texture": "#1"},
				"down": {"uv": [15.0125, 9.125, 15.3625, 9.275], "texture": "#1"}
			}
		},
		{
			"from": [7.65, 7.71061, 7.68243],
			"to": [8.35, 7.91061, 9.38243],
			"rotation": {"angle": 0, "axis": "y", "origin": [8, 8, 8]},
			"faces": {
				"north": {"uv": [15.0125, 9.125, 15.3625, 9.275], "texture": "#1"},
				"east": {"uv": [7.5, 13.5, 8.375, 13.625], "texture": "#1"},
				"south": {"uv": [15.0125, 9.125, 15.3625, 9.275], "texture": "#1"},
				"west": {"uv": [8.375, 13.5, 7.5, 13.625], "texture": "#1"},
				"up": {"uv": [15.0125, 9.125, 15.3625, 9.275], "texture": "#1"},
				"down": {"uv": [15.0125, 9.125, 15.3625, 9.275], "texture": "#1"}
			}
		},
		{
			"from": [7.65, 7.91061, 7.68243],
			"to": [8.35, 8.21061, 9.18243],
			"rotation": {"angle": 0, "axis": "y", "origin": [8, 8, 8]},
			"faces": {
				"north": {"uv": [15.0125, 9.125, 15.3625, 9.275], "texture": "#1"},
				"east": {"uv": [0, 14, 0.75, 14.125], "texture": "#1"},
				"south": {"uv": [15.0125, 9.125, 15.3625, 9.275], "texture": "#1"},
				"west": {"uv": [0.75, 14, 0, 14.125], "texture": "#1"},
				"up": {"uv": [0.25, 13.75, 0, 13], "texture": "#1"},
				"down": {"uv": [0.75, 13, 0.5, 13.75], "texture": "#1"}
			}
		},
		{
			"from": [7.65, 8.21061, 7.48243],
			"to": [8.35, 8.71061, 9.18243],
			"rotation": {"angle": 0, "axis": "y", "origin": [8, 8, 8]},
			"faces": {
				"north": {"uv": [14.5125, 1.99063, 14.8625, 2.24063], "texture": "#1"},
				"east": {"uv": [12, 3, 12.875, 3.25], "texture": "#1"},
				"south": {"uv": [15.0125, 9.125, 15.3625, 9.275], "texture": "#1"},
				"west": {"uv": [12.875, 3, 12, 3.25], "texture": "#1"},
				"up": {"uv": [15.0125, 9.125, 15.3625, 9.275], "texture": "#1"},
				"down": {"uv": [14.5125, 1.99063, 14.8625, 2.24063], "texture": "#1"}
			}
		},
		{
			"from": [7.65, 8.71061, 7.18243],
			"to": [8.35, 9.21061, 8.98243],
			"rotation": {"angle": 0, "axis": "y", "origin": [8, 8, 8]},
			"faces": {
				"north": {"uv": [14.5125, 1.99063, 14.8625, 2.24063], "texture": "#1"},
				"east": {"uv": [11.5, 12, 12.375, 12.25], "texture": "#1"},
				"south": {"uv": [14.5125, 1.99063, 14.8625, 2.24063], "texture": "#1"},
				"west": {"uv": [12.375, 12, 11.5, 12.25], "texture": "#1"},
				"up": {"uv": [14.5125, 1.99063, 14.8625, 2.24063], "texture": "#1"},
				"down": {"uv": [14.5125, 1.99063, 14.8625, 2.24063], "texture": "#1"}
			}
		},
		{
			"from": [7.35, 9.51061, 9.38243],
			"to": [8.65, 10.61061, 12.28243],
			"rotation": {"angle": 0, "axis": "y", "origin": [8, 8, 8]},
			"faces": {
				"north": {"uv": [11, 0, 11.625, 0.5], "texture": "#1"},
				"east": {"uv": [7, 4.5, 8.5, 5], "texture": "#1"},
				"south": {"uv": [11, 3, 11.625, 3.5], "texture": "#1"},
				"west": {"uv": [8.5, 4.5, 7, 5], "texture": "#1"},
				"up": {"uv": [9.625, 2.5, 9, 1], "texture": "#1"},
				"down": {"uv": [2.125, 9, 1.5, 10.5], "texture": "#1"}
			}
		},
		{
			"from": [7.35, 9.21061, 6.38243],
			"to": [8.65, 10.61061, 9.38243],
			"rotation": {"angle": 0, "axis": "y", "origin": [8, 8, 8]},
			"faces": {
				"north": {"uv": [10.5, 0.5, 11.125, 1.25], "texture": "#1"},
				"east": {"uv": [7.5, 1, 9, 1.75], "texture": "#1"},
				"south": {"uv": [1, 10.5, 1.625, 11.25], "texture": "#1"},
				"west": {"uv": [9, 1, 7.5, 1.75], "texture": "#1"},
				"up": {"uv": [4.625, 10.5, 4, 9], "texture": "#1"},
				"down": {"uv": [9.625, 4.5, 9, 6], "texture": "#1"}
			}
		},
		{
			"from": [7.35, 9.91061, 4.28243],
			"to": [8.65, 10.61061, 6.38243],
			"rotation": {"angle": 0, "axis": "y", "origin": [8, 8, 8]},
			"faces": {
				"north": {"uv": [0, 12, 0.625, 12.375], "texture": "#1"},
				"east": {"uv": [3, 10.5, 4, 10.875], "texture": "#1"},
				"south": {"uv": [12, 0, 12.625, 0.375], "texture": "#1"},
				"west": {"uv": [4, 10.5, 3, 10.875], "texture": "#1"},
				"up": {"uv": [10.125, 8.5, 9.5, 7.5], "texture": "#1"},
				"down": {"uv": [10.125, 8.5, 9.5, 9.5], "texture": "#1"}
			}
		},
		{
			"from": [7.35, 9.41061, 4.28243],
			"to": [8.65, 9.91061, 5.28243],
			"rotation": {"angle": 0, "axis": "y", "origin": [8, 8, 8]},
			"faces": {
				"north": {"uv": [7.5, 13, 8.125, 13.25], "texture": "#1"},
				"east": {"uv": [13.5, 4.5, 14, 4.75], "texture": "#1"},
				"south": {"uv": [8.5, 13, 9.125, 13.25], "texture": "#1"},
				"west": {"uv": [14, 4.5, 13.5, 4.75], "texture": "#1"},
				"up": {"uv": [4.625, 11.5, 4, 11], "texture": "#1"},
				"down": {"uv": [7.125, 11, 6.5, 11.5], "texture": "#1"}
			}
		},
		{
			"name": "bolt",
			"from": [7.8, 10.18939, 7.11757],
			"to": [8.2, 10.88939, 7.41757],
			"rotation": {"angle": 0, "axis": "y", "origin": [8, 8, 8]},
			"faces": {
				"north": {"uv": [0, 15, 0.125, 15.375], "texture": "#1"},
				"east": {"uv": [0, 15, 0.125, 15.375], "texture": "#1"},
				"south": {"uv": [0, 15, 0.125, 15.375], "texture": "#1"},
				"west": {"uv": [0, 15, 0.125, 15.375], "texture": "#1"},
				"up": {"uv": [0, 15, 0.125, 15.375], "texture": "#1"},
				"down": {"uv": [0, 15, 0.125, 15.375], "texture": "#1"}
			}
		},
		{
			"from": [7.4, 9.61061, -1.21757],
			"to": [8.6, 9.91061, 4.28243],
			"rotation": {"angle": 0, "axis": "y", "origin": [8, 8, 8]},
			"faces": {
				"north": {"uv": [6, 14, 6.625, 14.125], "texture": "#1"},
				"east": {"uv": [10.5, 6.5, 13.25, 6.625], "texture": "#1"},
				"south": {"uv": [7, 14, 7.625, 14.125], "texture": "#1"},
				"west": {"uv": [13.25, 6.5, 10.5, 6.625], "texture": "#1"},
				"up": {"uv": [3.625, 5.75, 3, 3], "texture": "#1"},
				"down": {"uv": [4.625, 3, 4, 5.75], "texture": "#1"}
			}
		},
		{
			"from": [7.4, 9.41061, -0.91757],
			"to": [8.6, 9.61061, 3.93243],
			"rotation": {"angle": 0, "axis": "y", "origin": [8, 8, 8]},
			"faces": {
				"north": {"uv": [8, 14, 8.625, 14.125], "texture": "#1"},
				"east": {"uv": [11, 10.5, 13.375, 10.625], "texture": "#1"},
				"south": {"uv": [9, 14, 9.625, 14.125], "texture": "#1"},
				"west": {"uv": [13.375, 10.5, 11, 10.625], "texture": "#1"},
				"up": {"uv": [1.125, 7.875, 0.5, 5.5], "texture": "#1"},
				"down": {"uv": [6.125, 3, 5.5, 5.375], "texture": "#1"}
			}
		},
		{
			"from": [7.4, 9.21061, -0.71757],
			"to": [8.6, 9.41061, 3.73243],
			"rotation": {"angle": 0, "axis": "y", "origin": [8, 8, 8]},
			"faces": {
				"north": {"uv": [10, 14, 10.625, 14.125], "texture": "#1"},
				"east": {"uv": [11.5, 1, 13.75, 1.125], "texture": "#1"},
				"south": {"uv": [11, 14, 11.625, 14.125], "texture": "#1"},
				"west": {"uv": [13.75, 1, 11.5, 1.125], "texture": "#1"},
				"up": {"uv": [6.625, 2.25, 6, 0], "texture": "#1"},
				"down": {"uv": [3.625, 6, 3, 8.25], "texture": "#1"}
			}
		},
		{
			"from": [7.4, 8.91061, 0.18243],
			"to": [8.6, 9.21061, 3.43243],
			"rotation": {"angle": 0, "axis": "y", "origin": [8, 8, 8]},
			"faces": {
				"north": {"uv": [14, 11.5, 14.625, 11.625], "texture": "#1"},
				"east": {"uv": [6, 12.5, 7.625, 12.625], "texture": "#1"},
				"south": {"uv": [12, 14, 12.625, 14.125], "texture": "#1"},
				"west": {"uv": [7.625, 12.5, 6, 12.625], "texture": "#1"},
				"up": {"uv": [8.625, 8.625, 8, 7], "texture": "#1"},
				"down": {"uv": [3.625, 8.5, 3, 10.125], "texture": "#1"}
			}
		},
		{
			"from": [7.4, 9.91061, -1.21757],
			"to": [8.6, 10.21061, 4.28243],
			"rotation": {"angle": 0, "axis": "y", "origin": [8, 8.3, 8]},
			"faces": {
				"north": {"uv": [6, 14, 6.625, 14.125], "texture": "#1"},
				"east": {"uv": [10.5, 6.5, 13.25, 6.625], "texture": "#1"},
				"south": {"uv": [7, 14, 7.625, 14.125], "texture": "#1"},
				"west": {"uv": [13.25, 6.5, 10.5, 6.625], "texture": "#1"},
				"up": {"uv": [3.625, 5.75, 3, 3], "texture": "#1"},
				"down": {"uv": [4.625, 3, 4, 5.75], "texture": "#1"}
			}
		},
		{
			"from": [7.45, 9.31061, 9.38243],
			"to": [8.55, 9.51061, 14.88243],
			"rotation": {"angle": 0, "axis": "y", "origin": [8, 8, 8]},
			"faces": {
				"north": {"uv": [14.5, 3, 15, 3.125], "texture": "#1"},
				"east": {"uv": [10.5, 7.5, 13.25, 7.625], "texture": "#1"},
				"south": {"uv": [4, 14.5, 4.5, 14.625], "texture": "#1"},
				"west": {"uv": [13.25, 7.5, 10.5, 7.625], "texture": "#1"},
				"up": {"uv": [4.5, 8.75, 4, 6], "texture": "#1"},
				"down": {"uv": [5, 6, 4.5, 8.75], "texture": "#1"}
			}
		},
		{
			"from": [7.45, 9.51061, 12.28243],
			"to": [8.55, 9.71061, 13.08243],
			"rotation": {"angle": 0, "axis": "y", "origin": [8, 8, 8]},
			"faces": {
				"north": {"uv": [14.5, 4, 15, 4.125], "texture": "#1"},
				"east": {"uv": [1, 15, 1.375, 15.125], "texture": "#1"},
				"south": {"uv": [4.5, 14.5, 5, 14.625], "texture": "#1"},
				"west": {"uv": [1, 15, 1.375, 15.125], "texture": "#1"},
				"up": {"uv": [6.5, 2.875, 6, 2.5], "texture": "#1"},
				"down": {"uv": [2, 8.5, 1.5, 8.875], "texture": "#1"}
			}
		},
		{
			"from": [7.45, 9.11061, 9.78243],
			"to": [8.55, 9.31061, 14.88243],
			"rotation": {"angle": 0, "axis": "y", "origin": [8, 8, 8]},
			"faces": {
				"north": {"uv": [14.5, 4.5, 15, 4.625], "texture": "#1"},
				"east": {"uv": [11, 8.5, 13.5, 8.625], "texture": "#1"},
				"south": {"uv": [5, 14.5, 5.5, 14.625], "texture": "#1"},
				"west": {"uv": [13.5, 8.5, 11, 8.625], "texture": "#1"},
				"up": {"uv": [6.5, 8, 6, 5.5], "texture": "#1"},
				"down": {"uv": [2.5, 6.5, 2, 9], "texture": "#1"}
			}
		},
		{
			"from": [7.45, 8.91061, 10.08243],
			"to": [8.55, 9.11061, 15.88243],
			"rotation": {"angle": 0, "axis": "y", "origin": [8, 8, 8]},
			"faces": {
				"north": {"uv": [5.5, 14.5, 6, 14.625], "texture": "#1"},
				"east": {"uv": [10.5, 5.5, 13.375, 5.625], "texture": "#1"},
				"south": {"uv": [14.5, 5.5, 15, 5.625], "texture": "#1"},
				"west": {"uv": [13.375, 5.5, 10.5, 5.625], "texture": "#1"},
				"up": {"uv": [2, 8.375, 1.5, 5.5], "texture": "#1"},
				"down": {"uv": [6, 5.5, 5.5, 8.375], "texture": "#1"}
			}
		},
		{
			"from": [7.45, 8.71061, 10.08243],
			"to": [8.55, 8.91061, 16.58243],
			"rotation": {"angle": 0, "axis": "y", "origin": [8, 8, 8]},
			"faces": {
				"north": {"uv": [6, 14.5, 6.5, 14.625], "texture": "#1"},
				"east": {"uv": [10.5, 3.5, 13.75, 3.625], "texture": "#1"},
				"south": {"uv": [14.5, 6, 15, 6.125], "texture": "#1"},
				"west": {"uv": [13.75, 3.5, 10.5, 3.625], "texture": "#1"},
				"up": {"uv": [5.5, 3.25, 5, 0], "texture": "#1"},
				"down": {"uv": [5.5, 3.5, 5, 6.75], "texture": "#1"}
			}
		},
		{
			"from": [7.45, 8.21061, 10.58243],
			"to": [8.55, 8.71061, 17.48243],
			"rotation": {"angle": 0, "axis": "y", "origin": [8, 8, 8]},
			"faces": {
				"north": {"uv": [13.5, 5, 14, 5.25], "texture": "#1"},
				"east": {"uv": [7.5, 3, 11, 3.25], "texture": "#1"},
				"south": {"uv": [5.5, 13.5, 6, 13.75], "texture": "#1"},
				"west": {"uv": [11, 3, 7.5, 3.25], "texture": "#1"},
				"up": {"uv": [2.5, 6.5, 2, 3], "texture": "#1"},
				"down": {"uv": [3, 3, 2.5, 6.5], "texture": "#1"}
			}
		},
		{
			"from": [7.45, 8.01061, 12.38243],
			"to": [8.55, 8.21061, 18.28243],
			"rotation": {"angle": 0, "axis": "y", "origin": [8, 8, 8]},
			"faces": {
				"north": {"uv": [6.5, 14.5, 7, 14.625], "texture": "#1"},
				"east": {"uv": [10.5, 4.5, 13.5, 4.625], "texture": "#1"},
				"south": {"uv": [14.5, 6.5, 15, 6.625], "texture": "#1"},
				"west": {"uv": [13.5, 4.5, 10.5, 4.625], "texture": "#1"},
				"up": {"uv": [0.5, 8.5, 0, 5.5], "texture": "#1"},
				"down": {"uv": [6, 0, 5.5, 3], "texture": "#1"}
			}
		},
		{
			"from": [7.45, 7.81061, 13.18243],
			"to": [8.55, 8.01061, 18.28243],
			"rotation": {"angle": 0, "axis": "y", "origin": [8, 8, 8]},
			"faces": {
				"north": {"uv": [7, 14.5, 7.5, 14.625], "texture": "#1"},
				"east": {"uv": [11, 9.5, 13.5, 9.625], "texture": "#1"},
				"south": {"uv": [14.5, 7, 15, 7.125], "texture": "#1"},
				"west": {"uv": [13.5, 9.5, 11, 9.625], "texture": "#1"},
				"up": {"uv": [3, 9, 2.5, 6.5], "texture": "#1"},
				"down": {"uv": [7, 2.5, 6.5, 5], "texture": "#1"}
			}
		},
		{
			"from": [7.45, 7.51061, 13.58243],
			"to": [8.55, 7.81061, 18.28243],
			"rotation": {"angle": 0, "axis": "y", "origin": [8, 8, 8]},
			"faces": {
				"north": {"uv": [7.5, 14.5, 8, 14.625], "texture": "#1"},
				"east": {"uv": [0, 11.5, 2.375, 11.625], "texture": "#1"},
				"south": {"uv": [14.5, 7.5, 15, 7.625], "texture": "#1"},
				"west": {"uv": [2.375, 11.5, 0, 11.625], "texture": "#1"},
				"up": {"uv": [7, 9.375, 6.5, 7], "texture": "#1"},
				"down": {"uv": [7.5, 7, 7, 9.375], "texture": "#1"}
			}
		},
		{
			"from": [7.45, 7.21061, 14.08243],
			"to": [8.55, 7.51061, 18.28243],
			"rotation": {"angle": 0, "axis": "y", "origin": [8, 8, 8]},
			"faces": {
				"north": {"uv": [8, 14.5, 8.5, 14.625], "texture": "#1"},
				"east": {"uv": [8.5, 11.5, 10.625, 11.625], "texture": "#1"},
				"south": {"uv": [14.5, 8, 15, 8.125], "texture": "#1"},
				"west": {"uv": [10.625, 11.5, 8.5, 11.625], "texture": "#1"},
				"up": {"uv": [1.5, 10.125, 1, 8], "texture": "#1"},
				"down": {"uv": [6.5, 8, 6, 10.125], "texture": "#1"}
			}
		},
		{
			"from": [7.45, 6.91061, 14.58243],
			"to": [8.55, 7.21061, 18.28243],
			"rotation": {"angle": 0, "axis": "y", "origin": [8, 8, 8]},
			"faces": {
				"north": {"uv": [8.5, 14.5, 9, 14.625], "texture": "#1"},
				"east": {"uv": [1, 12, 2.875, 12.125], "texture": "#1"},
				"south": {"uv": [14.5, 8.5, 15, 8.625], "texture": "#1"},
				"west": {"uv": [2.875, 12, 1, 12.125], "texture": "#1"},
				"up": {"uv": [0.5, 10.375, 0, 8.5], "texture": "#1"},
				"down": {"uv": [6, 8.5, 5.5, 10.375], "texture": "#1"}
			}
		},
		{
			"from": [7.45, 6.71061, 14.78243],
			"to": [8.55, 6.91061, 18.28243],
			"rotation": {"angle": 0, "axis": "y", "origin": [8, 8, 8]},
			"faces": {
				"north": {"uv": [9, 14.5, 9.5, 14.625], "texture": "#1"},
				"east": {"uv": [2, 12.5, 3.75, 12.625], "texture": "#1"},
				"south": {"uv": [14.5, 9, 15, 9.125], "texture": "#1"},
				"west": {"uv": [3.75, 12.5, 2, 12.625], "texture": "#1"},
				"up": {"uv": [3, 10.75, 2.5, 9], "texture": "#1"},
				"down": {"uv": [9.5, 6, 9, 7.75], "texture": "#1"}
			}
		},
		{
			"from": [7.45, 6.51061, 15.08243],
			"to": [8.55, 6.71061, 18.28243],
			"rotation": {"angle": 0, "axis": "y", "origin": [8, 8, 8]},
			"faces": {
				"north": {"uv": [9.5, 14.5, 10, 14.625], "texture": "#1"},
				"east": {"uv": [12.5, 12, 14.125, 12.125], "texture": "#1"},
				"south": {"uv": [14.5, 9.5, 15, 9.625], "texture": "#1"},
				"west": {"uv": [14.125, 12, 12.5, 12.125], "texture": "#1"},
				"up": {"uv": [8.5, 10.625, 8, 9], "texture": "#1"},
				"down": {"uv": [9.5, 8, 9, 9.625], "texture": "#1"}
			}
		},
		{
			"from": [7.45, 6.31061, 15.28243],
			"to": [8.55, 6.51061, 18.28243],
			"rotation": {"angle": 0, "axis": "y", "origin": [8, 8, 8]},
			"faces": {
				"north": {"uv": [10, 14.5, 10.5, 14.625], "texture": "#1"},
				"east": {"uv": [2, 13, 3.5, 13.125], "texture": "#1"},
				"south": {"uv": [14.5, 10, 15, 10.125], "texture": "#1"},
				"west": {"uv": [3.5, 13, 2, 13.125], "texture": "#1"},
				"up": {"uv": [9, 10.5, 8.5, 9], "texture": "#1"},
				"down": {"uv": [5.5, 9.5, 5, 11], "texture": "#1"}
			}
		},
		{
			"from": [7.45, 6.01061, 15.58243],
			"to": [8.55, 6.31061, 18.28243],
			"rotation": {"angle": 0, "axis": "y", "origin": [8, 8, 8]},
			"faces": {
				"north": {"uv": [10.5, 14.5, 11, 14.625], "texture": "#1"},
				"east": {"uv": [3.5, 13, 4.875, 13.125], "texture": "#1"},
				"south": {"uv": [14.5, 10.5, 15, 10.625], "texture": "#1"},
				"west": {"uv": [4.875, 13, 3.5, 13.125], "texture": "#1"},
				"up": {"uv": [10, 7.375, 9.5, 6], "texture": "#1"},
				"down": {"uv": [7, 9.5, 6.5, 10.875], "texture": "#1"}
			}
		},
		{
			"from": [7.45, 5.81061, 15.98243],
			"to": [8.55, 6.01061, 18.28243],
			"rotation": {"angle": 0, "axis": "y", "origin": [8, 8, 8]},
			"faces": {
				"north": {"uv": [11, 14.5, 11.5, 14.625], "texture": "#1"},
				"east": {"uv": [12, 13, 13.125, 13.125], "texture": "#1"},
				"south": {"uv": [14.5, 11, 15, 11.125], "texture": "#1"},
				"west": {"uv": [13.125, 13, 12, 13.125], "texture": "#1"},
				"up": {"uv": [7.5, 10.625, 7, 9.5], "texture": "#1"},
				"down": {"uv": [10, 9.5, 9.5, 10.625], "texture": "#1"}
			}
		},
		{
			"from": [7.45, 5.61061, 16.48243],
			"to": [8.55, 5.81061, 18.28243],
			"rotation": {"angle": 0, "axis": "y", "origin": [8, 8, 8]},
			"faces": {
				"north": {"uv": [11.5, 14.5, 12, 14.625], "texture": "#1"},
				"east": {"uv": [13.5, 8, 14.375, 8.125], "texture": "#1"},
				"south": {"uv": [12, 14.5, 12.5, 14.625], "texture": "#1"},
				"west": {"uv": [14.375, 8, 13.5, 8.125], "texture": "#1"},
				"up": {"uv": [0.5, 11.375, 0, 10.5], "texture": "#1"},
				"down": {"uv": [11, 1.5, 10.5, 2.375], "texture": "#1"}
			}
		},
		{
			"from": [7.45, 5.31061, 16.78243],
			"to": [8.55, 5.61061, 18.28243],
			"rotation": {"angle": 0, "axis": "y", "origin": [8, 8, 8]},
			"faces": {
				"north": {"uv": [14.5, 12, 15, 12.125], "texture": "#1"},
				"east": {"uv": [1, 14, 1.75, 14.125], "texture": "#1"},
				"south": {"uv": [12.5, 14.5, 13, 14.625], "texture": "#1"},
				"west": {"uv": [1.75, 14, 1, 14.125], "texture": "#1"},
				"up": {"uv": [2.5, 11.25, 2, 10.5], "texture": "#1"},
				"down": {"uv": [6, 10.5, 5.5, 11.25], "texture": "#1"}
			}
		},
		{
			"from": [8.1, 10.18939, 10.51757],
			"to": [8.3, 10.88939, 12.01757],
			"rotation": {"angle": 0, "axis": "y", "origin": [8, 8, 8]},
			"faces": {
				"north": {"uv": [9, 11, 9.75, 11.375], "texture": "#1"},
				"east": {"uv": [9, 11, 9.75, 11.375], "texture": "#1"},
				"south": {"uv": [9, 11, 9.75, 11.375], "texture": "#1"},
				"west": {"uv": [9, 11, 9.75, 11.375], "texture": "#1"},
				"up": {"uv": [9, 11, 9.75, 11.375], "texture": "#1"},
				"down": {"uv": [9, 11, 9.75, 11.375], "texture": "#1"}
			}
		},
		{
			"from": [7.7, 10.18939, 10.51757],
			"to": [7.9, 10.88939, 12.01757],
			"rotation": {"angle": 0, "axis": "y", "origin": [8, 8, 8]},
			"faces": {
				"north": {"uv": [9, 11, 9.75, 11.375], "texture": "#1"},
				"east": {"uv": [9, 11, 9.75, 11.375], "texture": "#1"},
				"south": {"uv": [9, 11, 9.75, 11.375], "texture": "#1"},
				"west": {"uv": [9, 11, 9.75, 11.375], "texture": "#1"},
				"up": {"uv": [9, 11, 9.75, 11.375], "texture": "#1"},
				"down": {"uv": [9, 11, 9.75, 11.375], "texture": "#1"}
			}
		},
		{
			"from": [5.53431, 6.42944, 5.28643],
			"to": [10.46595, 8.47232, 6.38643],
			"rotation": {"angle": 0, "axis": "y", "origin": [8, 8, 8]},
			"faces": {
				"north": {"uv": [0, 0, 2.5, 1], "texture": "#1"},
				"east": {"uv": [10, 0.5, 10.5, 1.5], "texture": "#1"},
				"south": {"uv": [2.5, 0, 0, 1], "texture": "#1"},
				"west": {"uv": [10.5, 0.5, 10, 1.5], "texture": "#1"},
				"up": {"uv": [9, 5.5, 6.5, 5], "texture": "#1"},
				"down": {"uv": [9, 5.5, 6.5, 6], "texture": "#1"}
			}
		},
		{
			"from": [5.92261, 6.59026, 5.28753],
			"to": [10.85425, 8.63314, 6.38377],
			"rotation": {"angle": -45, "axis": "z", "origin": [8, 8, 8]},
			"faces": {
				"north": {"uv": [0, 2, 2.5, 3], "texture": "#1"},
				"east": {"uv": [10, 4.5, 10.5, 5.5], "texture": "#1"},
				"south": {"uv": [2.5, 2, 0, 3], "texture": "#1"},
				"west": {"uv": [10.5, 6.5, 10, 7.5], "texture": "#1"},
				"up": {"uv": [9, 6.5, 6.5, 6], "texture": "#1"},
				"down": {"uv": [9, 6.5, 6.5, 7], "texture": "#1"}
			}
		},
		{
			"from": [5.14572, 6.59029, 5.28943],
			"to": [10.07736, 8.63317, 6.38567],
			"rotation": {"angle": 45, "axis": "z", "origin": [8, 8, 8]},
			"faces": {
				"north": {"uv": [2.5, 1, 5, 2], "texture": "#1"},
				"east": {"uv": [10, 6.5, 10.5, 7.5], "texture": "#1"},
				"south": {"uv": [5, 1, 2.5, 2], "texture": "#1"},
				"west": {"uv": [10.5, 4.5, 10, 5.5], "texture": "#1"},
				"up": {"uv": [9.5, 0.5, 7, 0], "texture": "#1"},
				"down": {"uv": [9.5, 0.5, 7, 1], "texture": "#1"}
			}
		},
		{
			"from": [6.97854, 4.98491, 5.27493],
			"to": [9.02142, 9.91655, 6.39493],
			"rotation": {"angle": 0, "axis": "y", "origin": [8, 8, 8]},
			"faces": {
				"north": {"uv": [0, 3, 1, 5.5], "texture": "#1"},
				"east": {"uv": [7, 1, 7.5, 3.5], "texture": "#1"},
				"south": {"uv": [1, 3, 0, 5.5], "texture": "#1"},
				"west": {"uv": [5, 7, 5.5, 9.5], "texture": "#1"},
				"up": {"uv": [11, 10, 10, 9.5], "texture": "#1"},
				"down": {"uv": [11, 10, 10, 10.5], "texture": "#1"}
			}
		},
		{
			"from": [7.65, 8.21061, 0.48243],
			"to": [8.35, 8.71061, 2.18243],
			"rotation": {"angle": 0, "axis": "y", "origin": [8, 8, 8]},
			"faces": {
				"north": {"uv": [15.0125, 8.75, 15.3625, 8.9], "texture": "#1"},
				"east": {"uv": [12.5, 2.5, 13.375, 2.75], "texture": "#1"},
				"south": {"uv": [15.0125, 8.75, 15.3625, 8.9], "texture": "#1"},
				"west": {"uv": [13.375, 2.5, 12.5, 2.75], "texture": "#1"},
				"up": {"uv": [15.0125, 8.75, 15.3625, 8.9], "texture": "#1"},
				"down": {"uv": [15.0125, 8.75, 15.3625, 8.9], "texture": "#1"}
			}
		},
		{
			"from": [7.65, 8.71061, 0.18243],
			"to": [8.35, 8.91061, 1.98243],
			"rotation": {"angle": 0, "axis": "y", "origin": [8, 8, 8]},
			"faces": {
				"north": {"uv": [15.0125, 8.75, 15.3625, 8.9], "texture": "#1"},
				"east": {"uv": [13.5, 10.5, 14.375, 10.625], "texture": "#1"},
				"south": {"uv": [15.0125, 8.75, 15.3625, 8.9], "texture": "#1"},
				"west": {"uv": [14.375, 10.5, 13.5, 10.625], "texture": "#1"},
				"up": {"uv": [3.375, 11.875, 3, 11], "texture": "#1"},
				"down": {"uv": [15.0125, 8.75, 15.3625, 8.9], "texture": "#1"}
			}
		},
		{
			"from": [7.65, 7.91061, 0.68243],
			"to": [8.35, 8.21061, 2.18243],
			"rotation": {"angle": 0, "axis": "y", "origin": [8, 8, 8]},
			"faces": {
				"north": {"uv": [15.0125, 8.75, 15.3625, 8.9], "texture": "#1"},
				"east": {"uv": [0, 13.875, 0.75, 14], "texture": "#1"},
				"south": {"uv": [15.0125, 8.75, 15.3625, 8.9], "texture": "#1"},
				"west": {"uv": [0.75, 13.875, 0, 14], "texture": "#1"},
				"up": {"uv": [0.25, 13.75, 0, 13], "texture": "#1"},
				"down": {"uv": [0.75, 13, 0.5, 13.75], "texture": "#1"}
			}
		},
		{
			"from": [7.65, 7.71061, 0.68243],
			"to": [8.35, 7.91061, 2.38243],
			"rotation": {"angle": 0, "axis": "y", "origin": [8, 8, 8]},
			"faces": {
				"north": {"uv": [15.0125, 8.75, 15.3625, 8.9], "texture": "#1"},
				"east": {"uv": [7.5, 13.625, 8.375, 13.75], "texture": "#1"},
				"south": {"uv": [15.0125, 8.75, 15.3625, 8.9], "texture": "#1"},
				"west": {"uv": [8.375, 13.625, 7.5, 13.75], "texture": "#1"},
				"up": {"uv": [15.0125, 8.75, 15.3625, 8.9], "texture": "#1"},
				"down": {"uv": [15.0125, 8.75, 15.3625, 8.9], "texture": "#1"}
			}
		},
		{
			"from": [7.65, 7.51061, 0.98243],
			"to": [8.35, 7.71061, 2.68243],
			"rotation": {"angle": 0, "axis": "y", "origin": [8, 8, 8]},
			"faces": {
				"north": {"uv": [15.0125, 8.75, 15.3625, 8.9], "texture": "#1"},
				"east": {"uv": [13.5, 5.625, 14.375, 5.75], "texture": "#1"},
				"south": {"uv": [15.0125, 8.75, 15.3625, 8.9], "texture": "#1"},
				"west": {"uv": [14.375, 5.625, 13.5, 5.75], "texture": "#1"},
				"up": {"uv": [15.0125, 8.75, 15.3625, 8.9], "texture": "#1"},
				"down": {"uv": [15.0125, 8.75, 15.3625, 8.9], "texture": "#1"}
			}
		},
		{
			"from": [7.65, 7.31061, 1.18243],
			"to": [8.35, 7.51061, 2.88243],
			"rotation": {"angle": 0, "axis": "y", "origin": [8, 8, 8]},
			"faces": {
				"north": {"uv": [15.0125, 8.75, 15.3625, 8.9], "texture": "#1"},
				"east": {"uv": [13.5, 6.625, 14.375, 6.75], "texture": "#1"},
				"south": {"uv": [15.0125, 8.75, 15.3625, 8.9], "texture": "#1"},
				"west": {"uv": [14.375, 6.625, 13.5, 6.75], "texture": "#1"},
				"up": {"uv": [15.0125, 8.75, 15.3625, 8.9], "texture": "#1"},
				"down": {"uv": [15.0125, 8.75, 15.3625, 8.9], "texture": "#1"}
			}
		},
		{
			"from": [7.65, 7.01061, 1.38243],
			"to": [8.35, 7.31061, 2.88243],
			"rotation": {"angle": 0, "axis": "y", "origin": [8, 8, 8]},
			"faces": {
				"north": {"uv": [15.0125, 8.75, 15.3625, 8.9], "texture": "#1"},
				"east": {"uv": [13, 13.625, 13.75, 13.75], "texture": "#1"},
				"south": {"uv": [15.0125, 8.75, 15.3625, 8.9], "texture": "#1"},
				"west": {"uv": [13.75, 13.625, 13, 13.75], "texture": "#1"},
				"up": {"uv": [9.75, 13.25, 9.5, 12.5], "texture": "#1"},
				"down": {"uv": [15.0125, 8.75, 15.3625, 8.9], "texture": "#1"}
			}
		},
		{
			"from": [7.65, 6.71061, 1.58243],
			"to": [8.35, 7.01061, 2.68243],
			"rotation": {"angle": 0, "axis": "y", "origin": [8, 8, 8]},
			"faces": {
				"north": {"uv": [15.0125, 8.75, 15.3625, 8.9], "texture": "#1"},
				"east": {"uv": [14, 14.125, 14.5, 14.25], "texture": "#1"},
				"south": {"uv": [15.0125, 8.75, 15.3625, 8.9], "texture": "#1"},
				"west": {"uv": [14.5, 14.125, 14, 14.25], "texture": "#1"},
				"up": {"uv": [4.25, 14, 4, 13.5], "texture": "#1"},
				"down": {"uv": [15.0125, 8.75, 15.3625, 8.9], "texture": "#1"}
			}
		},
		{
			"from": [7.65, 6.41061, 1.68243],
			"to": [8.35, 6.71061, 2.38243],
			"rotation": {"angle": 0, "axis": "y", "origin": [8, 8, 8]},
			"faces": {
				"north": {"uv": [15.0125, 8.75, 15.3625, 8.9], "texture": "#1"},
				"east": {"uv": [14.5, 14, 14.875, 14.125], "texture": "#1"},
				"south": {"uv": [15.0125, 8.75, 15.3625, 8.9], "texture": "#1"},
				"west": {"uv": [14.875, 14, 14.5, 14.125], "texture": "#1"},
				"up": {"uv": [12.75, 13.875, 12.5, 13.5], "texture": "#1"},
				"down": {"uv": [15.0125, 8.75, 15.3625, 8.9], "texture": "#1"}
			}
		},
		{
			"from": [6.866, 10.04083, -0.81915],
			"to": [9.134, 11.95483, 2.19685],
			"rotation": {"angle": 0, "axis": "y", "origin": [5.65155, 8.8111, 16.84982]},
			"faces": {
				"north": {"uv": [3, 4, 5.25, 6], "texture": "#3"},
				"east": {"uv": [3, 0, 6, 2], "texture": "#3"},
				"south": {"uv": [0, 6, 2.25, 8], "texture": "#3"},
				"west": {"uv": [6, 0, 3, 2], "texture": "#3"},
				"up": {"uv": [2.25, 3, 0, 0], "texture": "#3"},
				"down": {"uv": [2.25, 3, 0, 6], "texture": "#3"}
			}
		},
		{
			"from": [7.366, 10.26583, -1.81915],
			"to": [8.634, 11.27983, -0.27815],
			"rotation": {"angle": -22.5, "axis": "x", "origin": [8, 10.69783, -0.18615]},
			"faces": {
				"north": {"uv": [5, 6, 6.25, 7], "texture": "#3"},
				"east": {"uv": [3, 6, 4.5, 7], "texture": "#3"},
				"south": {"uv": [6, 5, 7.25, 6], "texture": "#3"},
				"west": {"uv": [4.5, 6, 3, 7], "texture": "#3"},
				"up": {"uv": [7.25, 1.5, 6, 0], "texture": "#3"},
				"down": {"uv": [7.25, 2, 6, 3.5], "texture": "#3"}
			}
		},
		{
			"from": [7.366, 8.00546, -1.0173],
			"to": [7.634, 9.66946, -0.7013],
			"rotation": {"angle": -22.5, "axis": "x", "origin": [7.4, 9.01246, -1.4093]},
			"faces": {
				"north": {"uv": [0, 8, 0.25, 9.75], "texture": "#3"},
				"east": {"uv": [0, 8, 0.25, 9.75], "texture": "#3"},
				"south": {"uv": [0, 8, 0.25, 9.75], "texture": "#3"},
				"west": {"uv": [0, 8, 0.25, 9.75], "texture": "#3"},
				"up": {"uv": [2.25, 8.25, 2, 8], "texture": "#3"},
				"down": {"uv": [8.25, 4, 8, 4.25], "texture": "#3"}
			}
		},
		{
			"from": [8.366, 8.00546, -1.0173],
			"to": [8.634, 9.66946, -0.7013],
			"rotation": {"angle": -22.5, "axis": "x", "origin": [6.6, 9.01246, -1.4093]},
			"faces": {
				"north": {"uv": [0, 8, 0.25, 9.75], "texture": "#3"},
				"east": {"uv": [0, 8, 0.25, 9.75], "texture": "#3"},
				"south": {"uv": [0, 8, 0.25, 9.75], "texture": "#3"},
				"west": {"uv": [0, 8, 0.25, 9.75], "texture": "#3"},
				"up": {"uv": [8.25, 3.25, 8, 3], "texture": "#3"},
				"down": {"uv": [8.25, 4, 8, 4.25], "texture": "#3"}
			}
		},
		{
			"from": [6.866, 11.95483, 0.68085],
			"to": [7.134, 12.61883, 1.69685],
			"rotation": {"angle": 0, "axis": "y", "origin": [5.65155, 10.7251, 16.84982]},
			"faces": {
				"north": {"uv": [8.25, 0.8375, 8.49925, 1.5015], "texture": "#3"},
				"east": {"uv": [8.25, 0.0875, 9.24725, 0.7515], "texture": "#3"},
				"south": {"uv": [8.5, 0.8375, 8.74925, 1.5015], "texture": "#3"},
				"west": {"uv": [9.24725, 0.0875, 8.25, 0.7515], "texture": "#3"},
				"up": {"uv": [9.7555, 0.99725, 9.5, 0], "texture": "#3"},
				"down": {"uv": [2.25, 3, 0, 6], "texture": "#3"}
			}
		},
		{
			"from": [8.866, 11.95483, 0.68085],
			"to": [9.134, 12.61883, 1.69685],
			"rotation": {"angle": 0, "axis": "y", "origin": [5.65155, 10.7251, 16.84982]},
			"faces": {
				"north": {"uv": [8.25, 0.8375, 8.49925, 1.5015], "texture": "#3"},
				"east": {"uv": [8.25, 0.0875, 9.24725, 0.7515], "texture": "#3"},
				"south": {"uv": [8.5, 0.8375, 8.74925, 1.5015], "texture": "#3"},
				"west": {"uv": [9.24725, 0.0875, 8.25, 0.7515], "texture": "#3"},
				"up": {"uv": [9.7555, 0.99725, 9.5, 0], "texture": "#3"},
				"down": {"uv": [2.25, 3, 0, 6], "texture": "#3"}
			}
		}
	],
	"display": {
		"thirdperson_righthand": {
			"rotation": [67.5, 0, 0],
			"translation": [-1.75, 1.5, 1.25],
			"scale": [1.1, 1.1, 1.1]
		},
		"thirdperson_lefthand": {
			"rotation": [67.5, 0, 0],
			"translation": [-1.75, 1.5, 1.25],
			"scale": [1.1, 1.1, 1.1]
		},
		"firstperson_righthand": {
			"translation": [-2.25, 0, -4],
			"scale": [2, 2, 2]
		},
		"firstperson_lefthand": {
			"translation": [-2.25, 0, -4],
			"scale": [2, 2, 2]
		},
		"ground": {
			"scale": [1.1, 1.1, 1.1]
		},
		"gui": {
			"rotation": [159.18, -42.16, -176.01]
		},
		"fixed": {
			"rotation": [0, 90, 0],
			"translation": [0, 0, -0.5],
			"scale": [2.1, 2.1, 2.1]
		}
	},
	"groups": [
		{
			"name": "tiger_tommy",
			"origin": [8, 8, 7.70743],
			"color": 0,
			"children": [
				{
					"name": "barrel",
					"origin": [0, -0.1, -1.09257],
					"color": 7,
					"children": [0]
				},
				{
					"name": "trigger",
					"origin": [8.5, 7.10378, 11.39257],
					"color": 0,
					"children": [1, 2, 3]
				},
				{
					"name": "handle",
					"origin": [0, -0.1, -1.09257],
					"color": 0,
					"children": [4, 5, 6, 7, 8, 9, 10, 11, 12]
				},
				{
					"name": "body",
					"origin": [8, 8, 7.70743],
					"color": 5,
					"children": [13, 14, 15, 16, 17]
				},
				{
					"name": "front_wooden_cover",
					"origin": [0, -0.1, -1.09257],
					"color": 0,
					"children": [18, 19, 20, 21, 22]
				},
				{
					"name": "stock",
					"origin": [0, 0, -1.59257],
					"color": 0,
					"children": [23, 24, 25, 26, 27, 28, 29, 30, 31, 32, 33, 34, 35, 36, 37, 38, 39, 40]
				},
				{
					"name": "iron_sight",
					"origin": [8.5, 7.10378, 11.39257],
					"color": 0,
					"children": [41, 42]
				},
				{
					"name": "mag",
					"origin": [6.15653, 9.27157, 13.46743],
					"color": 9,
					"children": [43, 44, 45, 46]
				},
				{
					"name": "foregrip",
					"origin": [0, -0.1, -1.09257],
					"color": 8,
					"children": [47, 48, 49, 50, 51, 52, 53, 54, 55]
				},
				{
					"name": "tiger",
					"origin": [9.80165, 7.49794, 24.27735],
					"color": 0,
					"children": [
						{
							"name": "head",
							"origin": [6.05155, 7.19794, 23.87735],
							"color": 0,
							"children": [56, 57]
						},
						{
							"name": "teeth",
							"origin": [7.4, 7.75467, 6.39558],
							"color": 0,
							"children": [58, 59]
						},
						{
							"name": "ears",
							"origin": [5.93555, 10.59068, 16.4614],
							"color": 0,
							"children": [60, 61]
						}
					]
				}
			]
		}
	]
}