{
	"credit": "Made with Blockbench",
	"texture_size": [64, 64],
	"textures": {
		"0": "aoa3:item/wither_cannon",
		"particle": "aoa3:item/wither_cannon"
	},
	"elements": [
		{
			"from": [6.99992, 8.58682, 8.06665],
			"to": [8.99992, 8.98682, 14.41665],
			"rotation": {"angle": 0, "axis": "y", "origin": [8, 8, 8]},
			"faces": {
				"north": {"uv": [9.25, 6.5, 9.75, 6.625], "texture": "#0"},
				"east": {"uv": [8.3125, 5, 6.75, 5.125], "texture": "#0"},
				"south": {"uv": [9.25, 7.5, 9.75, 7.625], "texture": "#0"},
				"west": {"uv": [6.75, 5, 8.3125, 5.125], "texture": "#0"},
				"up": {"uv": [3, 3.3125, 2.5, 1.75], "texture": "#0"},
				"down": {"uv": [3.5, 1.75, 3, 3.3125], "texture": "#0"}
			}
		},
		{
			"from": [6.99992, 8.18682, 8.06665],
			"to": [8.99992, 8.58682, 11.39165],
			"rotation": {"angle": 0, "axis": "y", "origin": [8, 8, 8]},
			"faces": {
				"north": {"uv": [9.25, 7.75, 9.75, 7.875], "texture": "#0"},
				"east": {"uv": [9.5625, 4.75, 8.75, 4.875], "texture": "#0"},
				"south": {"uv": [9.25, 8, 9.75, 8.125], "texture": "#0"},
				"west": {"uv": [8.75, 4.75, 9.5625, 4.875], "texture": "#0"},
				"up": {"uv": [6, 4.5625, 5.5, 3.75], "texture": "#0"},
				"down": {"uv": [6, 4.75, 5.5, 5.5625], "texture": "#0"}
			}
		},
		{
			"from": [6.99992, 8.98682, 8.06665],
			"to": [8.99992, 9.38682, 13.41665],
			"rotation": {"angle": 0, "axis": "y", "origin": [8, 8, 8]},
			"faces": {
				"north": {"uv": [9.25, 8.25, 9.75, 8.375], "texture": "#0"},
				"east": {"uv": [9.0625, 6.5, 7.75, 6.625], "texture": "#0"},
				"south": {"uv": [9.25, 8.5, 9.75, 8.625], "texture": "#0"},
				"west": {"uv": [7.75, 6.5, 9.0625, 6.625], "texture": "#0"},
				"up": {"uv": [3.75, 1.3125, 3.25, 0], "texture": "#0"},
				"down": {"uv": [0.5, 3.5, 0, 4.8125], "texture": "#0"}
			}
		},
		{
			"from": [6.99992, 9.38682, 8.06665],
			"to": [8.99992, 9.78682, 12.91665],
			"rotation": {"angle": 0, "axis": "y", "origin": [8, 8, 8]},
			"faces": {
				"north": {"uv": [9.25, 8.75, 9.75, 8.875], "texture": "#0"},
				"east": {"uv": [9.1875, 5.75, 8, 5.875], "texture": "#0"},
				"south": {"uv": [9.25, 9, 9.75, 9.125], "texture": "#0"},
				"west": {"uv": [8, 5.75, 9.1875, 5.875], "texture": "#0"},
				"up": {"uv": [3.25, 4.6875, 2.75, 3.5], "texture": "#0"},
				"down": {"uv": [3.75, 3.75, 3.25, 4.9375], "texture": "#0"}
			}
		},
		{
			"from": [6.99992, 9.78682, 8.06665],
			"to": [8.99992, 10.18682, 11.91665],
			"rotation": {"angle": 0, "axis": "y", "origin": [8, 8, 8]},
			"faces": {
				"north": {"uv": [9.25, 9.25, 9.75, 9.375], "texture": "#0"},
				"east": {"uv": [9.4375, 6, 8.5, 6.125], "texture": "#0"},
				"south": {"uv": [0.75, 9.5, 1.25, 9.625], "texture": "#0"},
				"west": {"uv": [8.5, 6, 9.4375, 6.125], "texture": "#0"},
				"up": {"uv": [4, 5.9375, 3.5, 5], "texture": "#0"},
				"down": {"uv": [5.5, 3.75, 5, 4.6875], "texture": "#0"}
			}
		},
		{
			"from": [6.99992, 10.18682, 8.06665],
			"to": [8.99992, 10.58682, 11.41665],
			"rotation": {"angle": 0, "axis": "y", "origin": [8, 8, 8]},
			"faces": {
				"north": {"uv": [9.5, 1, 10, 1.125], "texture": "#0"},
				"east": {"uv": [9.8125, 0, 9, 0.125], "texture": "#0"},
				"south": {"uv": [9.5, 1.25, 10, 1.375], "texture": "#0"},
				"west": {"uv": [9, 0, 9.8125, 0.125], "texture": "#0"},
				"up": {"uv": [6.25, 1.8125, 5.75, 1], "texture": "#0"},
				"down": {"uv": [4.5, 5.75, 4, 6.5625], "texture": "#0"}
			}
		},
		{
			"from": [7.49992, 7.28682, 11.64165],
			"to": [8.49992, 7.78682, 12.14165],
			"rotation": {"angle": 0, "axis": "y", "origin": [8, 8, 8]},
			"faces": {
				"north": {"uv": [9.75, 5.5, 10, 5.625], "texture": "#0"},
				"east": {"uv": [9.875, 10, 9.75, 10.125], "texture": "#0"},
				"south": {"uv": [9.75, 6.5, 10, 6.625], "texture": "#0"},
				"west": {"uv": [9.75, 10, 9.875, 10.125], "texture": "#0"},
				"up": {"uv": [9.5, 9.875, 9.25, 9.75], "texture": "#0"},
				"down": {"uv": [9.75, 9.75, 9.5, 9.875], "texture": "#0"}
			}
		},
		{
			"from": [7.49992, 6.78682, 11.14165],
			"to": [8.49992, 7.28682, 11.89165],
			"rotation": {"angle": 0, "axis": "y", "origin": [8, 8, 8]},
			"faces": {
				"north": {"uv": [9.75, 9.75, 10, 9.875], "texture": "#0"},
				"east": {"uv": [10.1875, 4, 10, 4.125], "texture": "#0"},
				"south": {"uv": [0, 10, 0.25, 10.125], "texture": "#0"},
				"west": {"uv": [10, 4, 10.1875, 4.125], "texture": "#0"},
				"up": {"uv": [4.25, 5.6875, 4, 5.5], "texture": "#0"},
				"down": {"uv": [6, 2.5, 5.75, 2.6875], "texture": "#0"}
			}
		},
		{
			"from": [7.49992, 6.28682, 9.64165],
			"to": [8.49992, 6.78682, 11.39165],
			"rotation": {"angle": 0, "axis": "y", "origin": [8, 8, 8]},
			"faces": {
				"north": {"uv": [10, 0, 10.25, 0.125], "texture": "#0"},
				"east": {"uv": [10.1875, 2.5, 9.75, 2.625], "texture": "#0"},
				"south": {"uv": [0.25, 10, 0.5, 10.125], "texture": "#0"},
				"west": {"uv": [9.75, 2.5, 10.1875, 2.625], "texture": "#0"},
				"up": {"uv": [6.25, 7.4375, 6, 7], "texture": "#0"},
				"down": {"uv": [2.5, 7.25, 2.25, 7.6875], "texture": "#0"}
			}
		},
		{
			"from": [7.49992, 6.78682, 9.14165],
			"to": [8.49992, 7.28682, 9.89165],
			"rotation": {"angle": 0, "axis": "y", "origin": [8, 8, 8]},
			"faces": {
				"north": {"uv": [10, 0.25, 10.25, 0.375], "texture": "#0"},
				"east": {"uv": [4.6875, 10, 4.5, 10.125], "texture": "#0"},
				"south": {"uv": [0.5, 10, 0.75, 10.125], "texture": "#0"},
				"west": {"uv": [4.5, 10, 4.6875, 10.125], "texture": "#0"},
				"up": {"uv": [6.25, 0.9375, 6, 0.75], "texture": "#0"},
				"down": {"uv": [6.75, 3.75, 6.5, 3.9375], "texture": "#0"}
			}
		},
		{
			"from": [7.49992, 7.28682, 8.64165],
			"to": [8.49992, 7.78682, 9.39165],
			"rotation": {"angle": 0, "axis": "y", "origin": [8, 8, 8]},
			"faces": {
				"north": {"uv": [0.75, 10, 1, 10.125], "texture": "#0"},
				"east": {"uv": [4.9375, 10, 4.75, 10.125], "texture": "#0"},
				"south": {"uv": [10, 1, 10.25, 1.125], "texture": "#0"},
				"west": {"uv": [4.75, 10, 4.9375, 10.125], "texture": "#0"},
				"up": {"uv": [7.25, 6.1875, 7, 6], "texture": "#0"},
				"down": {"uv": [7.75, 9.25, 7.5, 9.4375], "texture": "#0"}
			}
		},
		{
			"from": [7.49992, 7.78682, 8.06665],
			"to": [8.49992, 8.18682, 8.89165],
			"rotation": {"angle": 0, "axis": "y", "origin": [8, 8, 8]},
			"faces": {
				"north": {"uv": [10, 1.25, 10.25, 1.375], "texture": "#0"},
				"east": {"uv": [10.1875, 5, 10, 5.125], "texture": "#0"},
				"south": {"uv": [10, 1.5, 10.25, 1.625], "texture": "#0"},
				"west": {"uv": [10, 5, 10.1875, 5.125], "texture": "#0"},
				"up": {"uv": [4.25, 9.9375, 4, 9.75], "texture": "#0"},
				"down": {"uv": [10, 4, 9.75, 4.1875], "texture": "#0"}
			}
		},
		{
			"from": [7.74992, 7.36182, 10.59165],
			"to": [8.24992, 8.18682, 10.96665],
			"rotation": {"angle": 0, "axis": "y", "origin": [8, 8, 8]},
			"faces": {
				"north": {"uv": [10, 6, 10.125, 6.1875], "texture": "#0"},
				"east": {"uv": [10, 6, 10.125, 6.1875], "texture": "#0"},
				"south": {"uv": [10, 6, 10.125, 6.1875], "texture": "#0"},
				"west": {"uv": [10, 6, 10.125, 6.1875], "texture": "#0"},
				"up": {"uv": [10, 6, 10.125, 6.1875], "texture": "#0"},
				"down": {"uv": [10, 6, 10.125, 6.1875], "texture": "#0"}
			}
		},
		{
			"from": [7.74992, 7.21182, 10.21665],
			"to": [8.24992, 7.53682, 10.59165],
			"rotation": {"angle": 0, "axis": "y", "origin": [8, 8, 8]},
			"faces": {
				"north": {"uv": [10.25, 1.25, 10.375, 1.3125], "texture": "#0"},
				"east": {"uv": [10.25, 1.25, 10.375, 1.3125], "texture": "#0"},
				"south": {"uv": [10.25, 1.25, 10.375, 1.3125], "texture": "#0"},
				"west": {"uv": [10.25, 1.25, 10.375, 1.3125], "texture": "#0"},
				"up": {"uv": [10.25, 1.25, 10.375, 1.3125], "texture": "#0"},
				"down": {"uv": [10.25, 1.25, 10.375, 1.3125], "texture": "#0"}
			}
		},
		{
			"from": [6.74992, 7.93682, 6.96665],
			"to": [9.24992, 11.08682, 8.06665],
			"rotation": {"angle": 0, "axis": "y", "origin": [8, 8, 8]},
			"faces": {
				"north": {"uv": [4.25, 4.75, 4.875, 5.5625], "texture": "#0"},
				"east": {"uv": [2.25, 5, 2, 5.8125], "texture": "#0"},
				"south": {"uv": [1.25, 5, 1.875, 5.8125], "texture": "#0"},
				"west": {"uv": [2, 5, 2.25, 5.8125], "texture": "#0"},
				"up": {"uv": [8.375, 7, 7.75, 6.75], "texture": "#0"},
				"down": {"uv": [8.375, 7, 7.75, 7.25], "texture": "#0"}
			}
		},
		{
			"from": [6.49992, 7.68682, -3.63335],
			"to": [9.49992, 11.08682, 2.21665],
			"rotation": {"angle": 0, "axis": "y", "origin": [8, 8, 8]},
			"faces": {
				"north": {"uv": [0.5, 3.5, 1.25, 4.375], "texture": "#0"},
				"east": {"uv": [1.4375, 1, 0, 1.875], "texture": "#0"},
				"south": {"uv": [3.5, 1.5, 4.25, 2.375], "texture": "#0"},
				"west": {"uv": [0, 1, 1.4375, 1.875], "texture": "#0"},
				"up": {"uv": [0.75, 3.4375, 0, 2], "texture": "#0"},
				"down": {"uv": [1.5, 2, 0.75, 3.4375], "texture": "#0"}
			}
		},
		{
			"from": [5.99992, 7.18682, -4.33335],
			"to": [9.99992, 11.58682, -3.48335],
			"rotation": {"angle": 0, "axis": "y", "origin": [8, 8, 8]},
			"faces": {
				"north": {"uv": [1.5, 0, 2.5, 1.125], "texture": "#0"},
				"east": {"uv": [2.9375, 6.75, 2.75, 7.875], "texture": "#0"},
				"south": {"uv": [1.5, 1.25, 2.5, 2.375], "texture": "#0"},
				"west": {"uv": [2.75, 6.75, 2.9375, 7.875], "texture": "#0"},
				"up": {"uv": [7.75, 5.4375, 6.75, 5.25], "texture": "#0"},
				"down": {"uv": [8, 5.75, 7, 5.9375], "texture": "#0"}
			}
		},
		{
			"from": [6.74992, 7.93682, 2.21665],
			"to": [9.24992, 11.08682, 3.31665],
			"rotation": {"angle": 0, "axis": "y", "origin": [8, 8, 8]},
			"faces": {
				"north": {"uv": [5, 1.75, 5.625, 2.5625], "texture": "#0"},
				"east": {"uv": [5, 6.75, 4.75, 7.5625], "texture": "#0"},
				"south": {"uv": [2.75, 5, 3.375, 5.8125], "texture": "#0"},
				"west": {"uv": [4.75, 6.75, 5, 7.5625], "texture": "#0"},
				"up": {"uv": [8.375, 7.5, 7.75, 7.25], "texture": "#0"},
				"down": {"uv": [8.625, 1.75, 8, 2], "texture": "#0"}
			}
		},
		{
			"from": [6.74992, 7.93682, 3.31665],
			"to": [9.24992, 10.33682, 6.96665],
			"rotation": {"angle": 0, "axis": "y", "origin": [8, 8, 8]},
			"faces": {
				"north": {"uv": [6, 0, 6.625, 0.625], "texture": "#0"},
				"east": {"uv": [2.1875, 4.25, 1.25, 4.875], "texture": "#0"},
				"south": {"uv": [1, 6, 1.625, 6.625], "texture": "#0"},
				"west": {"uv": [1.25, 4.25, 2.1875, 4.875], "texture": "#0"},
				"up": {"uv": [4.875, 4.6875, 4.25, 3.75], "texture": "#0"},
				"down": {"uv": [1.125, 4.5, 0.5, 5.4375], "texture": "#0"}
			}
		},
		{
			"from": [6.99992, 6.18682, 14.89165],
			"to": [8.99992, 6.58682, 16.39165],
			"rotation": {"angle": 0, "axis": "y", "origin": [8, 8, 8]},
			"faces": {
				"north": {"uv": [1.5, 9.5, 2, 9.625], "texture": "#0"},
				"east": {"uv": [10.125, 4.25, 9.75, 4.375], "texture": "#0"},
				"south": {"uv": [9.5, 1.5, 10, 1.625], "texture": "#0"},
				"west": {"uv": [9.75, 4.25, 10.125, 4.375], "texture": "#0"},
				"up": {"uv": [6, 7.375, 5.5, 7], "texture": "#0"},
				"down": {"uv": [7.75, 0, 7.25, 0.375], "texture": "#0"}
			}
		},
		{
			"from": [6.99992, 6.58682, 14.11665],
			"to": [8.99992, 6.98682, 16.39165],
			"rotation": {"angle": 0, "axis": "y", "origin": [8, 8, 8]},
			"faces": {
				"north": {"uv": [9.5, 1.75, 10, 1.875], "texture": "#0"},
				"east": {"uv": [9.8125, 5.75, 9.25, 5.875], "texture": "#0"},
				"south": {"uv": [2, 9.5, 2.5, 9.625], "texture": "#0"},
				"west": {"uv": [9.25, 5.75, 9.8125, 5.875], "texture": "#0"},
				"up": {"uv": [1, 7.0625, 0.5, 6.5], "texture": "#0"},
				"down": {"uv": [0.5, 6.75, 0, 7.3125], "texture": "#0"}
			}
		},
		{
			"from": [6.99992, 6.98682, 13.74165],
			"to": [8.99992, 7.38682, 16.39165],
			"rotation": {"angle": 0, "axis": "y", "origin": [8, 8, 8]},
			"faces": {
				"north": {"uv": [9.5, 2, 10, 2.125], "texture": "#0"},
				"east": {"uv": [7.6875, 9, 7, 9.125], "texture": "#0"},
				"south": {"uv": [9.5, 2.25, 10, 2.375], "texture": "#0"},
				"west": {"uv": [7, 9, 7.6875, 9.125], "texture": "#0"},
				"up": {"uv": [5, 3.6875, 4.5, 3], "texture": "#0"},
				"down": {"uv": [5.75, 1, 5.25, 1.6875], "texture": "#0"}
			}
		},
		{
			"from": [6.99992, 7.38682, 12.91665],
			"to": [8.99992, 7.78682, 16.39165],
			"rotation": {"angle": 0, "axis": "y", "origin": [8, 8, 8]},
			"faces": {
				"north": {"uv": [2.5, 9.5, 3, 9.625], "texture": "#0"},
				"east": {"uv": [9.625, 0.75, 8.75, 0.875], "texture": "#0"},
				"south": {"uv": [9.5, 2.75, 10, 2.875], "texture": "#0"},
				"west": {"uv": [8.75, 0.75, 9.625, 0.875], "texture": "#0"},
				"up": {"uv": [1, 6.375, 0.5, 5.5], "texture": "#0"},
				"down": {"uv": [6, 2.75, 5.5, 3.625], "texture": "#0"}
			}
		},
		{
			"from": [6.99992, 7.78682, 11.39165],
			"to": [8.99992, 8.18682, 16.06665],
			"rotation": {"angle": 0, "axis": "y", "origin": [8, 8, 8]},
			"faces": {
				"north": {"uv": [3, 9.5, 3.5, 9.625], "texture": "#0"},
				"east": {"uv": [9.4375, 3, 8.25, 3.125], "texture": "#0"},
				"south": {"uv": [9.5, 3, 10, 3.125], "texture": "#0"},
				"west": {"uv": [8.25, 3, 9.4375, 3.125], "texture": "#0"},
				"up": {"uv": [4.25, 4.9375, 3.75, 3.75], "texture": "#0"},
				"down": {"uv": [4.5, 2.5, 4, 3.6875], "texture": "#0"}
			}
		},
		{
			"from": [6.99992, 8.18682, 11.39165],
			"to": [8.99992, 8.58682, 15.31665],
			"rotation": {"angle": 0, "axis": "y", "origin": [8, 8, 8]},
			"faces": {
				"north": {"uv": [9.5, 3.25, 10, 3.375], "texture": "#0"},
				"east": {"uv": [6, 8.5, 5, 8.625], "texture": "#0"},
				"south": {"uv": [3.5, 9.5, 4, 9.625], "texture": "#0"},
				"west": {"uv": [5, 8.5, 6, 8.625], "texture": "#0"},
				"up": {"uv": [0.5, 6, 0, 5], "texture": "#0"},
				"down": {"uv": [5.5, 2.75, 5, 3.75], "texture": "#0"}
			}
		},
		{
			"from": [6.99992, 8.58682, 14.41665],
			"to": [8.99992, 8.98682, 14.99165],
			"rotation": {"angle": 0, "axis": "y", "origin": [8, 8, 8]},
			"faces": {
				"north": {"uv": [9.5, 3.5, 10, 3.625], "texture": "#0"},
				"east": {"uv": [10.375, 0.25, 10.25, 0.375], "texture": "#0"},
				"south": {"uv": [4, 9.5, 4.5, 9.625], "texture": "#0"},
				"west": {"uv": [10.25, 0.25, 10.375, 0.375], "texture": "#0"},
				"up": {"uv": [10, 4.625, 9.5, 4.5], "texture": "#0"},
				"down": {"uv": [10, 5, 9.5, 5.125], "texture": "#0"}
			}
		},
		{
			"from": [7.00024, 8.90656, 18.56116],
			"to": [8.99992, 9.97382, 19.62841],
			"rotation": {"angle": 0, "axis": "y", "origin": [8, 8, 8]},
			"faces": {
				"north": {"uv": [2.75, 4.75, 3.25, 5], "texture": "#0"},
				"east": {"uv": [3.5, 3.5, 3.25, 3.75], "texture": "#0"},
				"south": {"uv": [6.25, 1.75, 6.75, 2], "texture": "#0"},
				"west": {"uv": [3.25, 3.5, 3.5, 3.75], "texture": "#0"},
				"up": {"uv": [7.75, 5.75, 7.25, 5.5], "texture": "#0"},
				"down": {"uv": [0.5, 7.5, 0, 7.75], "texture": "#0"}
			}
		},
		{
			"from": [7.00024, 8.90656, 19.62841],
			"to": [8.99992, 9.44894, 20.18828],
			"rotation": {"angle": 0, "axis": "y", "origin": [8, 8, 8]},
			"faces": {
				"north": {"uv": [9.5, 5.25, 10, 5.375], "texture": "#0"},
				"east": {"uv": [10.375, 0.5, 10.25, 0.625], "texture": "#0"},
				"south": {"uv": [5.5, 9.5, 6, 9.625], "texture": "#0"},
				"west": {"uv": [10.25, 0.5, 10.375, 0.625], "texture": "#0"},
				"up": {"uv": [6.5, 9.625, 6, 9.5], "texture": "#0"},
				"down": {"uv": [10, 6, 9.5, 6.125], "texture": "#0"}
			}
		},
		{
			"from": [7.00024, 8.34669, 18.01878],
			"to": [8.99992, 8.90656, 20.73066],
			"rotation": {"angle": 0, "axis": "y", "origin": [8, 8, 8]},
			"faces": {
				"north": {"uv": [9.5, 6.25, 10, 6.375], "texture": "#0"},
				"east": {"uv": [9.6875, 7.25, 9, 7.375], "texture": "#0"},
				"south": {"uv": [9.5, 6.75, 10, 6.875], "texture": "#0"},
				"west": {"uv": [9, 7.25, 9.6875, 7.375], "texture": "#0"},
				"up": {"uv": [0.5, 6.6875, 0, 6], "texture": "#0"},
				"down": {"uv": [6.5, 3.25, 6, 3.9375], "texture": "#0"}
			}
		},
		{
			"from": [7.00024, 7.78682, 16.91653],
			"to": [8.99992, 8.34669, 20.73066],
			"rotation": {"angle": 0, "axis": "y", "origin": [8, 8, 8]},
			"faces": {
				"north": {"uv": [7.5, 9.5, 8, 9.625], "texture": "#0"},
				"east": {"uv": [9.4375, 6.75, 8.5, 6.875], "texture": "#0"},
				"south": {"uv": [8, 9.5, 8.5, 9.625], "texture": "#0"},
				"west": {"uv": [8.5, 6.75, 9.4375, 6.875], "texture": "#0"},
				"up": {"uv": [5.5, 5.6875, 5, 4.75], "texture": "#0"},
				"down": {"uv": [6, 0, 5.5, 0.9375], "texture": "#0"}
			}
		},
		{
			"from": [7.00024, 6.16756, 16.39165],
			"to": [8.99992, 6.67719, 20.52304],
			"rotation": {"angle": 0, "axis": "y", "origin": [8, 8, 8]},
			"faces": {
				"north": {"uv": [8.5, 9.5, 9, 9.625], "texture": "#0"},
				"east": {"uv": [9.5625, 4.25, 8.5, 4.375], "texture": "#0"},
				"south": {"uv": [9, 9.5, 9.5, 9.625], "texture": "#0"},
				"west": {"uv": [8.5, 4.25, 9.5625, 4.375], "texture": "#0"},
				"up": {"uv": [5, 2.8125, 4.5, 1.75], "texture": "#0"},
				"down": {"uv": [2.75, 4.75, 2.25, 5.8125], "texture": "#0"}
			}
		},
		{
			"from": [7.00024, 5.62518, 16.39403],
			"to": [8.99992, 6.16756, 19.64591],
			"rotation": {"angle": 0, "axis": "y", "origin": [8, 8, 8]},
			"faces": {
				"north": {"uv": [9.5, 9.5, 10, 9.625], "texture": "#0"},
				"east": {"uv": [1.3125, 9, 0.5, 9.125], "texture": "#0"},
				"south": {"uv": [0, 9.75, 0.5, 9.875], "texture": "#0"},
				"west": {"uv": [0.5, 9, 1.3125, 9.125], "texture": "#0"},
				"up": {"uv": [5, 6.5625, 4.5, 5.75], "texture": "#0"},
				"down": {"uv": [5.5, 5.75, 5, 6.5625], "texture": "#0"}
			}
		},
		{
			"from": [7.00024, 5.0828, 17.4764],
			"to": [8.99992, 5.62518, 19.10353],
			"rotation": {"angle": 0, "axis": "y", "origin": [8, 8, 8]},
			"faces": {
				"north": {"uv": [0.5, 9.75, 1, 9.875], "texture": "#0"},
				"east": {"uv": [3.9375, 9.75, 3.5, 9.875], "texture": "#0"},
				"south": {"uv": [9.75, 0.5, 10.25, 0.625], "texture": "#0"},
				"west": {"uv": [3.5, 9.75, 3.9375, 9.875], "texture": "#0"},
				"up": {"uv": [2, 7.1875, 1.5, 6.75], "texture": "#0"},
				"down": {"uv": [7.25, 1.75, 6.75, 2.1875], "texture": "#0"}
			}
		},
		{
			"from": [7.00024, 6.67719, 16.39165],
			"to": [8.99992, 7.78682, 21.27304],
			"rotation": {"angle": 0, "axis": "y", "origin": [8, 8, 8]},
			"faces": {
				"north": {"uv": [4, 8.5, 4.5, 8.75], "texture": "#0"},
				"east": {"uv": [7.5, 1.5, 6.25, 1.75], "texture": "#0"},
				"south": {"uv": [8.5, 5, 9, 5.25], "texture": "#0"},
				"west": {"uv": [6.25, 1.5, 7.5, 1.75], "texture": "#0"},
				"up": {"uv": [2.75, 4.75, 2.25, 3.5], "texture": "#0"},
				"down": {"uv": [4, 2.5, 3.5, 3.75], "texture": "#0"}
			}
		},
		{
			"from": [7.70553, 4.73365, -3.25689],
			"to": [8.29447, 6.1047, -2.16963],
			"rotation": {"angle": 0, "axis": "y", "origin": [8, 8, 8]},
			"faces": {
				"north": {"uv": [7.25, 9.75, 7.375, 10.0625], "texture": "#0"},
				"east": {"uv": [0.75, 9.25, 0.5, 9.5625], "texture": "#0"},
				"south": {"uv": [7.5, 9.75, 7.625, 10.0625], "texture": "#0"},
				"west": {"uv": [0.5, 9.25, 0.75, 9.5625], "texture": "#0"},
				"up": {"uv": [10.125, 2.5, 10, 2.25], "texture": "#0"},
				"down": {"uv": [10.125, 2.75, 10, 3], "texture": "#0"}
			}
		},
		{
			"from": [7.1166, 6.88076, -1.21321],
			"to": [8.8834, 7.96801, 0.78009],
			"rotation": {"angle": 0, "axis": "y", "origin": [8, 8, 8]},
			"faces": {
				"north": {"uv": [8.75, 3.25, 9.1875, 3.5], "texture": "#0"},
				"east": {"uv": [9, 5.5, 8.5, 5.75], "texture": "#0"},
				"south": {"uv": [8.75, 3.5, 9.1875, 3.75], "texture": "#0"},
				"west": {"uv": [8.5, 5.5, 9, 5.75], "texture": "#0"},
				"up": {"uv": [2.4375, 7.25, 2, 6.75], "texture": "#0"},
				"down": {"uv": [7.1875, 2.25, 6.75, 2.75], "texture": "#0"}
			}
		},
		{
			"from": [7.38842, 10.37332, -2.38616],
			"to": [8.61158, 11.46057, -0.52876],
			"rotation": {"angle": -22.5, "axis": "x", "origin": [8, 8, 8]},
			"faces": {
				"north": {"uv": [0.75, 9.25, 1.0625, 9.5], "texture": "#0"},
				"east": {"uv": [4.4375, 8.75, 4, 9], "texture": "#0"},
				"south": {"uv": [9.25, 2.5, 9.5625, 2.75], "texture": "#0"},
				"west": {"uv": [4, 8.75, 4.4375, 9], "texture": "#0"},
				"up": {"uv": [1.8125, 8.9375, 1.5, 8.5], "texture": "#0"},
				"down": {"uv": [2.3125, 8.5, 2, 8.9375], "texture": "#0"}
			}
		},
		{
			"from": [7.56963, -1.36037, 1.12914],
			"to": [8.43037, 0.27277, 2.2164],
			"rotation": {"angle": 45, "axis": "x", "origin": [8, 8, 8]},
			"faces": {
				"north": {"uv": [9, 7.5, 9.1875, 7.9375], "texture": "#0"},
				"east": {"uv": [5, 8.75, 4.75, 9.1875], "texture": "#0"},
				"south": {"uv": [7.75, 9, 7.9375, 9.4375], "texture": "#0"},
				"west": {"uv": [4.75, 8.75, 5, 9.1875], "texture": "#0"},
				"up": {"uv": [4.9375, 10, 4.75, 9.75], "texture": "#0"},
				"down": {"uv": [9.9375, 4.75, 9.75, 5], "texture": "#0"}
			}
		},
		{
			"from": [7.79614, -1.99219, 2.60162],
			"to": [8.20386, -1.04084, 3.68888],
			"rotation": {"angle": 45, "axis": "x", "origin": [8, 8, 8]},
			"faces": {
				"north": {"uv": [3, 10, 3.125, 10.25], "texture": "#0"},
				"east": {"uv": [4.5, 2.25, 4.25, 2.5], "texture": "#0"},
				"south": {"uv": [10, 3, 10.125, 3.25], "texture": "#0"},
				"west": {"uv": [4.25, 2.25, 4.5, 2.5], "texture": "#0"},
				"up": {"uv": [3.375, 10.25, 3.25, 10], "texture": "#0"},
				"down": {"uv": [10.125, 3.25, 10, 3.5], "texture": "#0"}
			}
		},
		{
			"from": [7.89726, 0.85305, 0.09543],
			"to": [8.10274, 1.35138, 1.18269],
			"rotation": {"angle": 22.5, "axis": "x", "origin": [8, 8, 8]},
			"faces": {
				"north": {"uv": [2, 10.25, 2.0625, 10.375], "texture": "#0"},
				"east": {"uv": [10.25, 3.5, 10, 3.625], "texture": "#0"},
				"south": {"uv": [10.25, 2, 10.3125, 2.125], "texture": "#0"},
				"west": {"uv": [10, 3.5, 10.25, 3.625], "texture": "#0"},
				"up": {"uv": [0.8125, 10.5, 0.75, 10.25], "texture": "#0"},
				"down": {"uv": [10.3125, 0.75, 10.25, 1], "texture": "#0"}
			}
		},
		{
			"from": [6.37758, 6.88076, 7.2454],
			"to": [9.62242, 8.26332, 9.2107],
			"rotation": {"angle": 0, "axis": "y", "origin": [8, 8, 8]},
			"faces": {
				"north": {"uv": [6.25, 6.25, 7.0625, 6.625], "texture": "#0"},
				"east": {"uv": [1.5, 7.25, 1, 7.625], "texture": "#0"},
				"south": {"uv": [6.5, 3.25, 7.3125, 3.625], "texture": "#0"},
				"west": {"uv": [1, 7.25, 1.5, 7.625], "texture": "#0"},
				"up": {"uv": [6.5625, 2.5, 5.75, 2], "texture": "#0"},
				"down": {"uv": [6.3125, 5.75, 5.5, 6.25], "texture": "#0"}
			}
		},
		{
			"from": [6.87758, 6.88076, 0.78009],
			"to": [9.12242, 8.26332, 7.2454],
			"rotation": {"angle": 0, "axis": "y", "origin": [8, 8, 8]},
			"faces": {
				"north": {"uv": [6.75, 2.75, 7.3125, 3.125], "texture": "#0"},
				"east": {"uv": [5.375, 0.5, 3.75, 0.875], "texture": "#0"},
				"south": {"uv": [6.75, 3.75, 7.3125, 4.125], "texture": "#0"},
				"west": {"uv": [3.75, 0.5, 5.375, 0.875], "texture": "#0"},
				"up": {"uv": [3.0625, 1.625, 2.5, 0], "texture": "#0"},
				"down": {"uv": [2.0625, 2.5, 1.5, 4.125], "texture": "#0"}
			}
		},
		{
			"from": [9.17885, 13.82677, 0.12789],
			"to": [9.89865, 15.15564, 1.80362],
			"rotation": {"angle": -22.5, "axis": "x", "origin": [8, 8, 8]},
			"faces": {
				"north": {"uv": [2.6875, 9.75, 2.5, 10.0625], "texture": "#0"},
				"east": {"uv": [3.9375, 8.5, 3.5, 8.8125], "texture": "#0"},
				"south": {"uv": [2.9375, 9.75, 2.75, 10.0625], "texture": "#0"},
				"west": {"uv": [3.5, 8.5, 3.9375, 8.8125], "texture": "#0"},
				"up": {"uv": [8, 9.4375, 8.1875, 9], "texture": "#0"},
				"down": {"uv": [9, 8, 9.1875, 8.4375], "texture": "#0"}
			}
		},
		{
			"from": [8.45904, 10.22155, 2.75213],
			"to": [10.61846, 12.65781, 4.081],
			"rotation": {"angle": -22.5, "axis": "x", "origin": [8, 8, 8]},
			"faces": {
				"north": {"uv": [6.5625, 2.5, 6, 3.125], "texture": "#0"},
				"east": {"uv": [7.3125, 0.75, 7, 1.375], "texture": "#0"},
				"south": {"uv": [3.8125, 6, 3.25, 6.625], "texture": "#0"},
				"west": {"uv": [7, 0.75, 7.3125, 1.375], "texture": "#0"},
				"up": {"uv": [7.25, 7.8125, 7.8125, 7.5], "texture": "#0"},
				"down": {"uv": [0, 7.75, 0.5625, 8.0625], "texture": "#0"}
			}
		},
		{
			"from": [8.79126, 4.78938, -0.07879],
			"to": [10.28624, 6.11825, 2.19136],
			"rotation": {"angle": 45, "axis": "x", "origin": [8, 8, 8]},
			"faces": {
				"north": {"uv": [8.875, 8.5, 8.5, 8.8125], "texture": "#0"},
				"east": {"uv": [1.3125, 7.75, 0.75, 8.0625], "texture": "#0"},
				"south": {"uv": [0.375, 8.75, 0, 9.0625], "texture": "#0"},
				"west": {"uv": [0.75, 7.75, 1.3125, 8.0625], "texture": "#0"},
				"up": {"uv": [4, 7.3125, 4.375, 6.75], "texture": "#0"},
				"down": {"uv": [6.75, 4.25, 7.125, 4.8125], "texture": "#0"}
			}
		},
		{
			"from": [9.01274, 7.65647, -1.51508],
			"to": [10.06476, 8.98534, 0.48097],
			"rotation": {"angle": 22.5, "axis": "x", "origin": [8, 8, 8]},
			"faces": {
				"north": {"uv": [5.25, 9.25, 5, 9.5625], "texture": "#0"},
				"east": {"uv": [8.75, 1.25, 8.25, 1.5625], "texture": "#0"},
				"south": {"uv": [5.5, 9.25, 5.25, 9.5625], "texture": "#0"},
				"west": {"uv": [8.25, 1.25, 8.75, 1.5625], "texture": "#0"},
				"up": {"uv": [4, 5.5, 4.25, 5], "texture": "#0"},
				"down": {"uv": [1, 5.5, 1.25, 6], "texture": "#0"}
			}
		},
		{
			"from": [9.28959, 5.85677, -2.28731],
			"to": [9.78791, 7.18564, -1.12455],
			"rotation": {"angle": 22.5, "axis": "x", "origin": [8, 8, 8]},
			"faces": {
				"north": {"uv": [8.375, 9.75, 8.25, 10.0625], "texture": "#0"},
				"east": {"uv": [5.8125, 9, 5.5, 9.3125], "texture": "#0"},
				"south": {"uv": [8.625, 9.75, 8.5, 10.0625], "texture": "#0"},
				"west": {"uv": [5.5, 9, 5.8125, 9.3125], "texture": "#0"},
				"up": {"uv": [9.75, 8.8125, 9.875, 8.5], "texture": "#0"},
				"down": {"uv": [8.75, 9.75, 8.875, 10.0625], "texture": "#0"}
			}
		},
		{
			"from": [9.40217, 8.74731, -1.79294],
			"to": [9.67533, 10.07619, -1.18388],
			"rotation": {"angle": 0, "axis": "y", "origin": [8, 8, 8]},
			"faces": {
				"north": {"uv": [9.3125, 10, 9.25, 10.3125], "texture": "#0"},
				"east": {"uv": [9.875, 9, 9.75, 9.3125], "texture": "#0"},
				"south": {"uv": [10.0625, 9.25, 10, 9.5625], "texture": "#0"},
				"west": {"uv": [9.125, 9.75, 9, 10.0625], "texture": "#0"},
				"up": {"uv": [2.5, 10.375, 2.5625, 10.25], "texture": "#0"},
				"down": {"uv": [10.25, 2.5, 10.3125, 2.625], "texture": "#0"}
			}
		},
		{
			"from": [7.30129, 8.05609, 2.2003],
			"to": [9.46071, 10.24235, 3.52917],
			"rotation": {"angle": -45, "axis": "z", "origin": [8, 8, 8]},
			"faces": {
				"north": {"uv": [6.8125, 0.75, 6.25, 1.3125], "texture": "#0"},
				"east": {"uv": [2.3125, 7.75, 2, 8.3125], "texture": "#0"},
				"south": {"uv": [6.0625, 6.25, 5.5, 6.8125], "texture": "#0"},
				"west": {"uv": [2, 7.75, 2.3125, 8.3125], "texture": "#0"},
				"up": {"uv": [7.75, 5.5625, 8.3125, 5.25], "texture": "#0"},
				"down": {"uv": [7.75, 6, 8.3125, 6.3125], "texture": "#0"}
			}
		},
		{
			"from": [6.10135, 13.82677, 0.12789],
			"to": [6.82115, 15.15564, 1.80362],
			"rotation": {"angle": -22.5, "axis": "x", "origin": [8, 8, 8]},
			"faces": {
				"north": {"uv": [2.5, 9.75, 2.6875, 10.0625], "texture": "#0"},
				"east": {"uv": [3.9375, 8.5, 3.5, 8.8125], "texture": "#0"},
				"south": {"uv": [2.75, 9.75, 2.9375, 10.0625], "texture": "#0"},
				"west": {"uv": [3.5, 8.5, 3.9375, 8.8125], "texture": "#0"},
				"up": {"uv": [8.1875, 9.4375, 8, 9], "texture": "#0"},
				"down": {"uv": [9.1875, 8, 9, 8.4375], "texture": "#0"}
			}
		},
		{
			"from": [5.38154, 10.22155, 2.75213],
			"to": [7.54096, 12.65781, 4.081],
			"rotation": {"angle": -22.5, "axis": "x", "origin": [8, 8, 8]},
			"faces": {
				"north": {"uv": [6, 2.5, 6.5625, 3.125], "texture": "#0"},
				"east": {"uv": [7.3125, 0.75, 7, 1.375], "texture": "#0"},
				"south": {"uv": [3.25, 6, 3.8125, 6.625], "texture": "#0"},
				"west": {"uv": [7, 0.75, 7.3125, 1.375], "texture": "#0"},
				"up": {"uv": [7.8125, 7.8125, 7.25, 7.5], "texture": "#0"},
				"down": {"uv": [0.5625, 7.75, 0, 8.0625], "texture": "#0"}
			}
		},
		{
			"from": [5.71376, 4.78938, -0.07879],
			"to": [7.20874, 6.11825, 2.19136],
			"rotation": {"angle": 45, "axis": "x", "origin": [8, 8, 8]},
			"faces": {
				"north": {"uv": [8.5, 8.5, 8.875, 8.8125], "texture": "#0"},
				"east": {"uv": [1.3125, 7.75, 0.75, 8.0625], "texture": "#0"},
				"south": {"uv": [0, 8.75, 0.375, 9.0625], "texture": "#0"},
				"west": {"uv": [0.75, 7.75, 1.3125, 8.0625], "texture": "#0"},
				"up": {"uv": [4.375, 7.3125, 4, 6.75], "texture": "#0"},
				"down": {"uv": [7.125, 4.25, 6.75, 4.8125], "texture": "#0"}
			}
		},
		{
			"from": [5.93524, 7.65647, -1.51508],
			"to": [6.98726, 8.98534, 0.48097],
			"rotation": {"angle": 22.5, "axis": "x", "origin": [8, 8, 8]},
			"faces": {
				"north": {"uv": [5, 9.25, 5.25, 9.5625], "texture": "#0"},
				"east": {"uv": [8.75, 1.25, 8.25, 1.5625], "texture": "#0"},
				"south": {"uv": [5.25, 9.25, 5.5, 9.5625], "texture": "#0"},
				"west": {"uv": [8.25, 1.25, 8.75, 1.5625], "texture": "#0"},
				"up": {"uv": [4.25, 5.5, 4, 5], "texture": "#0"},
				"down": {"uv": [1.25, 5.5, 1, 6], "texture": "#0"}
			}
		},
		{
			"from": [6.21209, 5.85677, -2.28731],
			"to": [6.71041, 7.18564, -1.12455],
			"rotation": {"angle": 22.5, "axis": "x", "origin": [8, 8, 8]},
			"faces": {
				"north": {"uv": [8.25, 9.75, 8.375, 10.0625], "texture": "#0"},
				"east": {"uv": [5.8125, 9, 5.5, 9.3125], "texture": "#0"},
				"south": {"uv": [8.5, 9.75, 8.625, 10.0625], "texture": "#0"},
				"west": {"uv": [5.5, 9, 5.8125, 9.3125], "texture": "#0"},
				"up": {"uv": [9.875, 8.8125, 9.75, 8.5], "texture": "#0"},
				"down": {"uv": [8.875, 9.75, 8.75, 10.0625], "texture": "#0"}
			}
		},
		{
			"from": [6.32467, 8.74731, -1.79294],
			"to": [6.59783, 10.07619, -1.18388],
			"rotation": {"angle": 0, "axis": "y", "origin": [8, 8, 8]},
			"faces": {
				"north": {"uv": [9.25, 10, 9.3125, 10.3125], "texture": "#0"},
				"east": {"uv": [9, 9.75, 9.125, 10.0625], "texture": "#0"},
				"south": {"uv": [10, 9.25, 10.0625, 9.5625], "texture": "#0"},
				"west": {"uv": [9.75, 9, 9.875, 9.3125], "texture": "#0"},
				"up": {"uv": [2.5625, 10.375, 2.5, 10.25], "texture": "#0"},
				"down": {"uv": [10.3125, 2.5, 10.25, 2.625], "texture": "#0"}
			}
		},
		{
			"from": [6.53929, 8.05609, 2.2003],
			"to": [8.69871, 10.24235, 3.52917],
			"rotation": {"angle": 45, "axis": "z", "origin": [8, 8, 8]},
			"faces": {
				"north": {"uv": [6.25, 0.75, 6.8125, 1.3125], "texture": "#0"},
				"east": {"uv": [2.3125, 7.75, 2, 8.3125], "texture": "#0"},
				"south": {"uv": [5.5, 6.25, 6.0625, 6.8125], "texture": "#0"},
				"west": {"uv": [2, 7.75, 2.3125, 8.3125], "texture": "#0"},
				"up": {"uv": [8.3125, 5.5625, 7.75, 5.25], "texture": "#0"},
				"down": {"uv": [8.3125, 6, 7.75, 6.3125], "texture": "#0"}
			}
		},
		{
			"from": [9.17885, 11.91335, 9.57698],
			"to": [9.89865, 13.24222, 11.25271],
			"rotation": {"angle": 22.5, "axis": "x", "origin": [8, 8, 8]},
			"faces": {
				"north": {"uv": [2.75, 9.75, 2.9375, 10.0625], "texture": "#0"},
				"east": {"uv": [3.5, 8.5, 3.9375, 8.8125], "texture": "#0"},
				"south": {"uv": [2.5, 9.75, 2.6875, 10.0625], "texture": "#0"},
				"west": {"uv": [3.9375, 8.5, 3.5, 8.8125], "texture": "#0"},
				"up": {"uv": [8, 9, 8.1875, 9.4375], "texture": "#0"},
				"down": {"uv": [9, 8.4375, 9.1875, 8], "texture": "#0"}
			}
		},
		{
			"from": [8.45904, 8.30813, 7.2996],
			"to": [10.61846, 10.74439, 8.62847],
			"rotation": {"angle": 22.5, "axis": "x", "origin": [8, 8, 8]},
			"faces": {
				"north": {"uv": [3.25, 6, 3.8125, 6.625], "texture": "#0"},
				"east": {"uv": [7, 0.75, 7.3125, 1.375], "texture": "#0"},
				"south": {"uv": [6, 2.5, 6.5625, 3.125], "texture": "#0"},
				"west": {"uv": [7.3125, 0.75, 7, 1.375], "texture": "#0"},
				"up": {"uv": [7.25, 7.5, 7.8125, 7.8125], "texture": "#0"},
				"down": {"uv": [0, 8.0625, 0.5625, 7.75], "texture": "#0"}
			}
		},
		{
			"from": [8.79126, 8.32491, 10.27311],
			"to": [10.28624, 9.65378, 12.54326],
			"rotation": {"angle": -45, "axis": "x", "origin": [8, 8, 8]},
			"faces": {
				"north": {"uv": [0, 8.75, 0.375, 9.0625], "texture": "#0"},
				"east": {"uv": [0.75, 7.75, 1.3125, 8.0625], "texture": "#0"},
				"south": {"uv": [8.5, 8.5, 8.875, 8.8125], "texture": "#0"},
				"west": {"uv": [1.3125, 7.75, 0.75, 8.0625], "texture": "#0"},
				"up": {"uv": [4, 6.75, 4.375, 7.3125], "texture": "#0"},
				"down": {"uv": [6.75, 4.8125, 7.125, 4.25], "texture": "#0"}
			}
		},
		{
			"from": [9.01274, 9.56988, 10.89963],
			"to": [10.06476, 10.89875, 12.89568],
			"rotation": {"angle": -22.5, "axis": "x", "origin": [8, 8, 8]},
			"faces": {
				"north": {"uv": [5.25, 9.25, 5.5, 9.5625], "texture": "#0"},
				"east": {"uv": [8.25, 1.25, 8.75, 1.5625], "texture": "#0"},
				"south": {"uv": [5, 9.25, 5.25, 9.5625], "texture": "#0"},
				"west": {"uv": [8.75, 1.25, 8.25, 1.5625], "texture": "#0"},
				"up": {"uv": [4, 5, 4.25, 5.5], "texture": "#0"},
				"down": {"uv": [1, 6, 1.25, 5.5], "texture": "#0"}
			}
		},
		{
			"from": [9.28959, 7.77019, 12.50515],
			"to": [9.78791, 9.09906, 13.66791],
			"rotation": {"angle": -22.5, "axis": "x", "origin": [8, 8, 8]},
			"faces": {
				"north": {"uv": [8.5, 9.75, 8.625, 10.0625], "texture": "#0"},
				"east": {"uv": [5.5, 9, 5.8125, 9.3125], "texture": "#0"},
				"south": {"uv": [8.25, 9.75, 8.375, 10.0625], "texture": "#0"},
				"west": {"uv": [5.8125, 9, 5.5, 9.3125], "texture": "#0"},
				"up": {"uv": [9.75, 8.5, 9.875, 8.8125], "texture": "#0"},
				"down": {"uv": [8.75, 10.0625, 8.875, 9.75], "texture": "#0"}
			}
		},
		{
			"from": [9.40217, 8.74731, 12.18388],
			"to": [9.67533, 10.07619, 12.79294],
			"rotation": {"angle": 0, "axis": "y", "origin": [8, 8, 8]},
			"faces": {
				"north": {"uv": [10, 9.25, 10.0625, 9.5625], "texture": "#0"},
				"east": {"uv": [9.75, 9, 9.875, 9.3125], "texture": "#0"},
				"south": {"uv": [9.25, 10, 9.3125, 10.3125], "texture": "#0"},
				"west": {"uv": [9, 9.75, 9.125, 10.0625], "texture": "#0"},
				"up": {"uv": [2.5, 10.25, 2.5625, 10.375], "texture": "#0"},
				"down": {"uv": [10.25, 2.625, 10.3125, 2.5], "texture": "#0"}
			}
		},
		{
			"from": [7.30129, 8.05609, 7.47083],
			"to": [9.46071, 10.24235, 8.7997],
			"rotation": {"angle": -45, "axis": "z", "origin": [8, 8, 8]},
			"faces": {
				"north": {"uv": [5.5, 6.25, 6.0625, 6.8125], "texture": "#0"},
				"east": {"uv": [2, 7.75, 2.3125, 8.3125], "texture": "#0"},
				"south": {"uv": [6.25, 0.75, 6.8125, 1.3125], "texture": "#0"},
				"west": {"uv": [2.3125, 7.75, 2, 8.3125], "texture": "#0"},
				"up": {"uv": [7.75, 5.25, 8.3125, 5.5625], "texture": "#0"},
				"down": {"uv": [7.75, 6.3125, 8.3125, 6], "texture": "#0"}
			}
		},
		{
			"from": [6.10135, 11.91335, 9.57698],
			"to": [6.82115, 13.24222, 11.25271],
			"rotation": {"angle": 22.5, "axis": "x", "origin": [8, 8, 8]},
			"faces": {
				"north": {"uv": [2.9375, 9.75, 2.75, 10.0625], "texture": "#0"},
				"east": {"uv": [3.5, 8.5, 3.9375, 8.8125], "texture": "#0"},
				"south": {"uv": [2.6875, 9.75, 2.5, 10.0625], "texture": "#0"},
				"west": {"uv": [3.9375, 8.5, 3.5, 8.8125], "texture": "#0"},
				"up": {"uv": [8.1875, 9, 8, 9.4375], "texture": "#0"},
				"down": {"uv": [9.1875, 8.4375, 9, 8], "texture": "#0"}
			}
		},
		{
			"from": [5.38154, 8.30813, 7.2996],
			"to": [7.54096, 10.74439, 8.62847],
			"rotation": {"angle": 22.5, "axis": "x", "origin": [8, 8, 8]},
			"faces": {
				"north": {"uv": [3.8125, 6, 3.25, 6.625], "texture": "#0"},
				"east": {"uv": [7, 0.75, 7.3125, 1.375], "texture": "#0"},
				"south": {"uv": [6.5625, 2.5, 6, 3.125], "texture": "#0"},
				"west": {"uv": [7.3125, 0.75, 7, 1.375], "texture": "#0"},
				"up": {"uv": [7.8125, 7.5, 7.25, 7.8125], "texture": "#0"},
				"down": {"uv": [0.5625, 8.0625, 0, 7.75], "texture": "#0"}
			}
		},
		{
			"from": [5.71376, 8.32491, 10.27311],
			"to": [7.20874, 9.65378, 12.54326],
			"rotation": {"angle": -45, "axis": "x", "origin": [8, 8, 8]},
			"faces": {
				"north": {"uv": [0.375, 8.75, 0, 9.0625], "texture": "#0"},
				"east": {"uv": [0.75, 7.75, 1.3125, 8.0625], "texture": "#0"},
				"south": {"uv": [8.875, 8.5, 8.5, 8.8125], "texture": "#0"},
				"west": {"uv": [1.3125, 7.75, 0.75, 8.0625], "texture": "#0"},
				"up": {"uv": [4.375, 6.75, 4, 7.3125], "texture": "#0"},
				"down": {"uv": [7.125, 4.8125, 6.75, 4.25], "texture": "#0"}
			}
		},
		{
			"from": [5.93524, 9.56988, 10.89963],
			"to": [6.98726, 10.89875, 12.89568],
			"rotation": {"angle": -22.5, "axis": "x", "origin": [8, 8, 8]},
			"faces": {
				"north": {"uv": [5.5, 9.25, 5.25, 9.5625], "texture": "#0"},
				"east": {"uv": [8.25, 1.25, 8.75, 1.5625], "texture": "#0"},
				"south": {"uv": [5.25, 9.25, 5, 9.5625], "texture": "#0"},
				"west": {"uv": [8.75, 1.25, 8.25, 1.5625], "texture": "#0"},
				"up": {"uv": [4.25, 5, 4, 5.5], "texture": "#0"},
				"down": {"uv": [1.25, 6, 1, 5.5], "texture": "#0"}
			}
		},
		{
			"from": [6.21209, 7.77019, 12.50515],
			"to": [6.71041, 9.09906, 13.66791],
			"rotation": {"angle": -22.5, "axis": "x", "origin": [8, 8, 8]},
			"faces": {
				"north": {"uv": [8.625, 9.75, 8.5, 10.0625], "texture": "#0"},
				"east": {"uv": [5.5, 9, 5.8125, 9.3125], "texture": "#0"},
				"south": {"uv": [8.375, 9.75, 8.25, 10.0625], "texture": "#0"},
				"west": {"uv": [5.8125, 9, 5.5, 9.3125], "texture": "#0"},
				"up": {"uv": [9.875, 8.5, 9.75, 8.8125], "texture": "#0"},
				"down": {"uv": [8.875, 10.0625, 8.75, 9.75], "texture": "#0"}
			}
		},
		{
			"from": [6.32467, 8.74731, 12.18388],
			"to": [6.59783, 10.07619, 12.79294],
			"rotation": {"angle": 0, "axis": "y", "origin": [8, 8, 8]},
			"faces": {
				"north": {"uv": [10.0625, 9.25, 10, 9.5625], "texture": "#0"},
				"east": {"uv": [9.125, 9.75, 9, 10.0625], "texture": "#0"},
				"south": {"uv": [9.3125, 10, 9.25, 10.3125], "texture": "#0"},
				"west": {"uv": [9.875, 9, 9.75, 9.3125], "texture": "#0"},
				"up": {"uv": [2.5625, 10.25, 2.5, 10.375], "texture": "#0"},
				"down": {"uv": [10.3125, 2.625, 10.25, 2.5], "texture": "#0"}
			}
		},
		{
			"from": [6.53929, 8.05609, 7.47083],
			"to": [8.69871, 10.24235, 8.7997],
			"rotation": {"angle": 45, "axis": "z", "origin": [8, 8, 8]},
			"faces": {
				"north": {"uv": [6.0625, 6.25, 5.5, 6.8125], "texture": "#0"},
				"east": {"uv": [2, 7.75, 2.3125, 8.3125], "texture": "#0"},
				"south": {"uv": [6.8125, 0.75, 6.25, 1.3125], "texture": "#0"},
				"west": {"uv": [2.3125, 7.75, 2, 8.3125], "texture": "#0"},
				"up": {"uv": [8.3125, 5.25, 7.75, 5.5625], "texture": "#0"},
				"down": {"uv": [8.3125, 6.3125, 7.75, 6], "texture": "#0"}
			}
		}
	],
	"display": {
		"thirdperson_righthand": {
			"rotation": [67.5, 0, 0],
			"translation": [-1.75, 3, 0.75]
		},
		"thirdperson_lefthand": {
			"rotation": [67.5, 0, 0],
			"translation": [-1.75, 3, 0.75]
		},
		"firstperson_righthand": {
			"translation": [-1.5, -1, -7.5],
			"scale": [2, 2, 2]
		},
		"firstperson_lefthand": {
			"translation": [-1.5, -1, -7.5],
			"scale": [2, 2, 2]
		},
		"ground": {
			"translation": [0, 0.5, 0]
		},
		"gui": {
			"rotation": [163.34, -47.42, -178.07],
			"scale": [0.7, 0.7, 0.7]
		},
		"fixed": {
			"rotation": [0, 90, 0],
			"scale": [2, 2, 2]
		}
	},
	"groups": [
		{
			"name": "wither_cannon",
			"origin": [7.84984, -4.03818, 8],
			"color": 0,
			"children": [
				{
					"name": "body",
					"origin": [7.84984, 7.87041, 8],
					"color": 0,
					"children": [0, 1, 2, 3, 4, 5]
				},
				{
					"name": "trigger_guard",
					"origin": [7.84984, 7.87041, 8],
					"color": 0,
					"children": [6, 7, 8, 9, 10, 11]
				},
				{
					"name": "trigger",
					"origin": [7.84984, 7.87041, 8],
					"color": 0,
					"children": [12, 13]
				},
				{
					"name": "barrel",
					"origin": [7.84984, 7.87041, 8],
					"color": 0,
					"children": [14, 15, 16, 17, 18]
				},
				{
					"name": "stock",
					"origin": [-0.15016, -6.11318, 0],
					"color": 2,
					"children": [19, 20, 21, 22, 23, 24, 25, 26, 27, 28, 29, 30, 31, 32, 33]
				},
				{
					"name": "decoration",
					"origin": [8, 7.87041, 8],
					"color": 9,
					"children": [
						{
							"name": "bottom",
							"origin": [6.88556, 3.43996, 16.56594],
							"color": 9,
							"children": [34, 35, 36, 37, 38, 39, 40, 41]
						},
						{
							"name": "front",
							"origin": [8, 7.87041, 8],
							"color": 0,
							"children": [
								{
									"name": "tentacle",
									"origin": [8.69203, 3.43996, 16.56594],
									"color": 9,
									"children": [42, 43, 44, 45, 46, 47, 48]
								},
								{
									"name": "tentacle",
									"origin": [8.69203, 3.43996, 16.56594],
									"color": 9,
									"children": [49, 50, 51, 52, 53, 54, 55]
								}
							]
						},
						{
							"name": "back",
							"origin": [8, 7.87041, 8],
							"color": 0,
							"children": [
								{
									"name": "tentacle",
									"origin": [8.69203, 3.43996, 16.56594],
									"color": 9,
									"children": [56, 57, 58, 59, 60, 61, 62]
								},
								{
									"name": "tentacle",
									"origin": [8.69203, 3.43996, 16.56594],
									"color": 9,
									"children": [63, 64, 65, 66, 67, 68, 69]
								}
							]
						}
					]
				}
			]
		}
	]
}