{
	"credit": "Made with Blockbench",
	"texture_size": [32, 32],
	"textures": {
		"0": "aoa3:item/wrecker",
		"1": "aoa3:item/drum_mag_wrecker",
		"particle": "aoa3:item/wrecker"
	},
	"elements": [
		{
			"from": [7.45, 8.96875, -6.45],
			"to": [8.55, 10.06875, -0.25],
			"rotation": {"angle": 0, "axis": "y", "origin": [8, 6.48134, 8.7]},
			"faces": {
				"north": {"uv": [5, 2.5, 5.5, 3], "texture": "#0"},
				"east": {"uv": [6, 0, 9.125, 0.5], "texture": "#0"},
				"south": {"uv": [8.5, 7.5, 9, 8], "texture": "#0"},
				"west": {"uv": [9.125, 0, 6, 0.5], "texture": "#0"},
				"up": {"uv": [9.125, 0.5, 6, 0], "rotation": 90, "texture": "#0"},
				"down": {"uv": [6, 0.5, 9.125, 0], "rotation": 90, "texture": "#0"}
			}
		},
		{
			"from": [7.6, 10.06875, -1.65],
			"to": [8.4, 12.36875, -0.75],
			"rotation": {"angle": 0, "axis": "y", "origin": [8, 6.48134, 8.7]},
			"faces": {
				"north": {"uv": [6, 9, 6.5, 10.125], "texture": "#0"},
				"east": {"uv": [6, 9, 6.5, 10.125], "texture": "#0"},
				"south": {"uv": [6, 9, 6.5, 10.125], "texture": "#0"},
				"west": {"uv": [6, 9, 6.5, 10.125], "texture": "#0"},
				"up": {"uv": [6.875, 12.5, 6.5, 12], "texture": "#0"},
				"down": {"uv": [7.375, 12, 7, 12.5], "texture": "#0"}
			}
		},
		{
			"from": [7.6, 7.99375, 12.85],
			"to": [8.4, 10.29375, 15.85],
			"rotation": {"angle": 0, "axis": "y", "origin": [8, 6.48134, 8.7]},
			"faces": {
				"north": {"uv": [8, 10, 8.375, 11.125], "texture": "#0"},
				"east": {"uv": [2, 5, 3.5, 6.125], "texture": "#0"},
				"south": {"uv": [8.5, 10, 8.875, 11.125], "texture": "#0"},
				"west": {"uv": [3.5, 5, 2, 6.125], "texture": "#0"},
				"up": {"uv": [7.375, 10.5, 7, 9], "texture": "#0"},
				"down": {"uv": [7.875, 9, 7.5, 10.5], "texture": "#0"}
			}
		},
		{
			"from": [7.6, 6.29375, 18.95],
			"to": [8.4, 7.29375, 20.5],
			"rotation": {"angle": 0, "axis": "y", "origin": [8, 6.48134, 8.7]},
			"faces": {
				"north": {"uv": [12, 7, 12.375, 7.5], "texture": "#0"},
				"east": {"uv": [10.5, 0, 11.25, 0.5], "texture": "#0"},
				"south": {"uv": [7.5, 12, 7.875, 12.5], "texture": "#0"},
				"west": {"uv": [11.25, 0, 10.5, 0.5], "texture": "#0"},
				"up": {"uv": [11.875, 6.75, 11.5, 6], "texture": "#0"},
				"down": {"uv": [11.875, 7, 11.5, 7.75], "texture": "#0"}
			}
		},
		{
			"from": [7.6, 7.29375, 18.55],
			"to": [8.4, 7.89375, 20.5],
			"rotation": {"angle": 0, "axis": "y", "origin": [8, 6.48134, 8.7]},
			"faces": {
				"north": {"uv": [3.5, 13, 3.875, 13.25], "texture": "#0"},
				"east": {"uv": [0, 12, 1, 12.25], "texture": "#0"},
				"south": {"uv": [13, 5, 13.375, 5.25], "texture": "#0"},
				"west": {"uv": [1, 12, 0, 12.25], "texture": "#0"},
				"up": {"uv": [3.375, 7.5, 3, 6.5], "texture": "#0"},
				"down": {"uv": [10.875, 1, 10.5, 2], "texture": "#0"}
			}
		},
		{
			"from": [7.6, 7.89375, 18.25],
			"to": [8.4, 8.29375, 20.5],
			"rotation": {"angle": 0, "axis": "y", "origin": [8, 6.48134, 8.7]},
			"faces": {
				"north": {"uv": [5.5, 13, 5.875, 13.25], "texture": "#0"},
				"east": {"uv": [11.5, 8, 12.625, 8.25], "texture": "#0"},
				"south": {"uv": [13, 5.5, 13.375, 5.75], "texture": "#0"},
				"west": {"uv": [12.625, 8, 11.5, 8.25], "texture": "#0"},
				"up": {"uv": [10.375, 9.625, 10, 8.5], "texture": "#0"},
				"down": {"uv": [10.375, 10, 10, 11.125], "texture": "#0"}
			}
		},
		{
			"from": [7.6, 8.29375, 15.85],
			"to": [8.4, 10.29375, 20.5],
			"rotation": {"angle": 0, "axis": "y", "origin": [8, 6.48134, 8.7]},
			"faces": {
				"north": {"uv": [2.5, 10.5, 2.875, 11.5], "texture": "#0"},
				"east": {"uv": [2, 3, 4.375, 4], "texture": "#0"},
				"south": {"uv": [4.5, 10.5, 4.875, 11.5], "texture": "#0"},
				"west": {"uv": [4.375, 3, 2, 4], "texture": "#0"},
				"up": {"uv": [4.375, 9.875, 4, 7.5], "texture": "#0"},
				"down": {"uv": [2.375, 9, 2, 11.375], "texture": "#0"}
			}
		},
		{
			"from": [7.3, 10.69375, 12.85],
			"to": [8.7, 10.94375, 15.55],
			"rotation": {"angle": 0, "axis": "y", "origin": [8, 6.48134, 8.7]},
			"faces": {
				"north": {"uv": [6, 13, 6.75, 13.125], "texture": "#0"},
				"east": {"uv": [12.5, 1, 13.875, 1.125], "texture": "#0"},
				"south": {"uv": [13, 6, 13.75, 6.125], "texture": "#0"},
				"west": {"uv": [13.875, 1, 12.5, 1.125], "texture": "#0"},
				"up": {"uv": [7.25, 8.875, 6.5, 7.5], "texture": "#0"},
				"down": {"uv": [8.25, 6.5, 7.5, 7.875], "texture": "#0"}
			}
		},
		{
			"from": [7.3, 10.29375, 12.85],
			"to": [8.7, 10.69375, 15.85],
			"rotation": {"angle": 0, "axis": "y", "origin": [8, 6.48134, 8.7]},
			"faces": {
				"north": {"uv": [12, 7.5, 12.75, 7.75], "texture": "#0"},
				"east": {"uv": [5, 10.5, 6.5, 10.75], "texture": "#0"},
				"south": {"uv": [8, 12, 8.75, 12.25], "texture": "#0"},
				"west": {"uv": [6.5, 10.5, 5, 10.75], "texture": "#0"},
				"up": {"uv": [8.25, 5.5, 7.5, 4], "texture": "#0"},
				"down": {"uv": [6.25, 7.5, 5.5, 9], "texture": "#0"}
			}
		},
		{
			"from": [7.3, 8.99375, 15.85],
			"to": [8.7, 9.29375, 16.575],
			"rotation": {"angle": 0, "axis": "y", "origin": [8, 6.48134, 8.7]},
			"faces": {
				"north": {"uv": [13, 6.5, 13.75, 6.625], "texture": "#0"},
				"east": {"uv": [2.5, 13.5, 2.875, 13.625], "texture": "#0"},
				"south": {"uv": [7, 13, 7.75, 13.125], "texture": "#0"},
				"west": {"uv": [2.875, 13.5, 2.5, 13.625], "texture": "#0"},
				"up": {"uv": [8.75, 11.875, 8, 11.5], "texture": "#0"},
				"down": {"uv": [12.25, 9, 11.5, 9.375], "texture": "#0"}
			}
		},
		{
			"from": [7.3, 9.29375, 15.85],
			"to": [8.7, 9.59375, 16.875],
			"rotation": {"angle": 0, "axis": "y", "origin": [8, 6.48134, 8.7]},
			"faces": {
				"north": {"uv": [13, 7, 13.75, 7.125], "texture": "#0"},
				"east": {"uv": [11.5, 13, 12, 13.125], "texture": "#0"},
				"south": {"uv": [13, 7.5, 13.75, 7.625], "texture": "#0"},
				"west": {"uv": [12, 13, 11.5, 13.125], "texture": "#0"},
				"up": {"uv": [11.25, 7.5, 10.5, 7], "texture": "#0"},
				"down": {"uv": [11.25, 7.5, 10.5, 8], "texture": "#0"}
			}
		},
		{
			"from": [7.3, 9.59375, 15.85],
			"to": [8.7, 10.69375, 17.25],
			"rotation": {"angle": 0, "axis": "y", "origin": [8, 6.48134, 8.7]},
			"faces": {
				"north": {"uv": [10.5, 8, 11.25, 8.5], "texture": "#0"},
				"east": {"uv": [10.5, 8.5, 11.25, 9], "texture": "#0"},
				"south": {"uv": [10.5, 9, 11.25, 9.5], "texture": "#0"},
				"west": {"uv": [11.25, 8.5, 10.5, 9], "texture": "#0"},
				"up": {"uv": [9.75, 8.25, 9, 7.5], "texture": "#0"},
				"down": {"uv": [8.75, 9, 8, 9.75], "texture": "#0"}
			}
		},
		{
			"from": [7.3, 9.89375, 13.45],
			"to": [8.7, 10.29375, 15.85],
			"rotation": {"angle": 0, "axis": "y", "origin": [8, 6.48134, 8.7]},
			"faces": {
				"north": {"uv": [9, 12, 9.75, 12.25], "texture": "#0"},
				"east": {"uv": [10.5, 11, 11.75, 11.25], "texture": "#0"},
				"south": {"uv": [10, 12, 10.75, 12.25], "texture": "#0"},
				"west": {"uv": [11.75, 11, 10.5, 11.25], "texture": "#0"},
				"up": {"uv": [8.75, 2.25, 8, 1], "texture": "#0"},
				"down": {"uv": [8.75, 2.5, 8, 3.75], "texture": "#0"}
			}
		},
		{
			"from": [7.3, 8.99375, 13.85],
			"to": [8.7, 9.89375, 15.85],
			"rotation": {"angle": 0, "axis": "y", "origin": [8, 6.48134, 8.7]},
			"faces": {
				"north": {"uv": [10.5, 10, 11.25, 10.5], "texture": "#0"},
				"east": {"uv": [6, 2, 7, 2.5], "texture": "#0"},
				"south": {"uv": [10.5, 10.5, 11.25, 11], "texture": "#0"},
				"west": {"uv": [7, 2, 6, 2.5], "texture": "#0"},
				"up": {"uv": [9.75, 3, 9, 2], "texture": "#0"},
				"down": {"uv": [9.75, 3, 9, 4], "texture": "#0"}
			}
		},
		{
			"from": [7.3, 5.59375, 19.25],
			"to": [8.7, 10.69375, 20.55],
			"rotation": {"angle": 0, "axis": "y", "origin": [8, 6.48134, 8.7]},
			"faces": {
				"north": {"uv": [4.5, 3, 5.25, 5.5], "texture": "#0"},
				"east": {"uv": [2, 6.5, 2.625, 9], "texture": "#0"},
				"south": {"uv": [5, 0, 5.75, 2.5], "texture": "#0"},
				"west": {"uv": [2.625, 6.5, 2, 9], "texture": "#0"},
				"up": {"uv": [10.75, 5.625, 10, 5], "texture": "#0"},
				"down": {"uv": [10.75, 6, 10, 6.625], "texture": "#0"}
			}
		},
		{
			"from": [7.3, 9.29375, 20.55],
			"to": [8.7, 10.29375, 20.95],
			"rotation": {"angle": 0, "axis": "y", "origin": [8, 6.48134, 8.7]},
			"faces": {
				"north": {"uv": [11, 1, 11.75, 1.5], "texture": "#0"},
				"east": {"uv": [6.5, 12.5, 6.75, 13], "texture": "#0"},
				"south": {"uv": [11, 1.5, 11.75, 2], "texture": "#0"},
				"west": {"uv": [6.75, 12.5, 6.5, 13], "texture": "#0"},
				"up": {"uv": [12.75, 11.25, 12, 11], "texture": "#0"},
				"down": {"uv": [12.75, 11.5, 12, 11.75], "texture": "#0"}
			}
		},
		{
			"from": [7.3, 5.59375, 20.55],
			"to": [8.7, 6.59375, 20.95],
			"rotation": {"angle": 0, "axis": "y", "origin": [8, 6.48134, 8.7]},
			"faces": {
				"north": {"uv": [11, 2, 11.75, 2.5], "texture": "#0"},
				"east": {"uv": [12.5, 7, 12.75, 7.5], "texture": "#0"},
				"south": {"uv": [11, 2.5, 11.75, 3], "texture": "#0"},
				"west": {"uv": [12.75, 7, 12.5, 7.5], "texture": "#0"},
				"up": {"uv": [12.75, 12.25, 12, 12], "texture": "#0"},
				"down": {"uv": [0.75, 12.5, 0, 12.75], "texture": "#0"}
			}
		},
		{
			"from": [7.3, 5.29375, 19.65],
			"to": [8.7, 5.59375, 20.55],
			"rotation": {"angle": 0, "axis": "y", "origin": [8, 6.48134, 8.7]},
			"faces": {
				"north": {"uv": [8, 13, 8.75, 13.125], "texture": "#0"},
				"east": {"uv": [12, 13, 12.5, 13.125], "texture": "#0"},
				"south": {"uv": [13, 8, 13.75, 8.125], "texture": "#0"},
				"west": {"uv": [12, 13, 12.5, 13.125], "texture": "#0"},
				"up": {"uv": [11.75, 3.5, 11, 3], "texture": "#0"},
				"down": {"uv": [11.75, 3.5, 11, 4], "texture": "#0"}
			}
		},
		{
			"from": [7.45, 7.26875, 1.35],
			"to": [8.55, 8.36875, 2.45],
			"rotation": {"angle": 0, "axis": "y", "origin": [8, 6.48134, 8.7]},
			"faces": {
				"north": {"uv": [12, 1, 12.5, 1.5], "texture": "#0"},
				"east": {"uv": [12, 1, 12.5, 1.5], "texture": "#0"},
				"south": {"uv": [12, 1, 12.5, 1.5], "texture": "#0"},
				"west": {"uv": [12, 1, 12.5, 1.5], "texture": "#0"},
				"up": {"uv": [12.5, 3, 12, 2.5], "texture": "#0"},
				"down": {"uv": [4.5, 14.25, 4, 14.75], "texture": "#0"}
			}
		},
		{
			"from": [7.3, 8.36875, -0.25],
			"to": [8.7, 9.46875, 4.05],
			"rotation": {"angle": 0, "axis": "y", "origin": [8, 6.48134, 8.7]},
			"faces": {
				"north": {"uv": [11, 4, 11.75, 4.5], "texture": "#0"},
				"east": {"uv": [7.5, 5.5, 9.625, 6], "texture": "#0"},
				"south": {"uv": [11, 4, 11.75, 4.5], "texture": "#0"},
				"west": {"uv": [9.625, 5.5, 7.5, 6], "texture": "#0"},
				"up": {"uv": [4.25, 7.125, 3.5, 5], "texture": "#0"},
				"down": {"uv": [6.25, 4, 5.5, 6.125], "texture": "#0"}
			}
		},
		{
			"from": [7.1382, 1.1296, 1.65],
			"to": [7.6382, 7.7296, 2.15],
			"rotation": {"angle": -22.5, "axis": "z", "origin": [8, 6.48134, 8.7]},
			"faces": {
				"north": {"uv": [3, 9.5, 3.25, 12.8], "texture": "#0"},
				"east": {"uv": [3, 9.5, 3.25, 12.8], "texture": "#0"},
				"south": {"uv": [3, 9.5, 3.25, 12.8], "texture": "#0"},
				"west": {"uv": [3, 9.5, 3.25, 12.8], "texture": "#0"},
				"up": {"uv": [12.75, 13.25, 12.5, 13], "texture": "#0"},
				"down": {"uv": [13.25, 13, 13, 13.25], "texture": "#0"}
			}
		},
		{
			"from": [8.3618, 1.1296, 1.65],
			"to": [8.8618, 7.7296, 2.15],
			"rotation": {"angle": 22.5, "axis": "z", "origin": [8, 6.48134, 8.7]},
			"faces": {
				"north": {"uv": [3, 9.5, 3.25, 12.8], "texture": "#0"},
				"east": {"uv": [3, 9.5, 3.25, 12.8], "texture": "#0"},
				"south": {"uv": [3, 9.5, 3.25, 12.8], "texture": "#0"},
				"west": {"uv": [3, 9.5, 3.25, 12.8], "texture": "#0"},
				"up": {"uv": [0.25, 13.75, 0, 13.5], "texture": "#0"},
				"down": {"uv": [0.75, 13.5, 0.5, 13.75], "texture": "#0"}
			}
		},
		{
			"from": [6.9382, 0.5296, 1.45],
			"to": [7.8382, 1.1296, 2.35],
			"rotation": {"angle": -22.5, "axis": "z", "origin": [8, 6.48134, 8.7]},
			"faces": {
				"north": {"uv": [12.5, 9.5, 13, 9.75], "texture": "#0"},
				"east": {"uv": [12.5, 9.5, 13, 9.75], "texture": "#0"},
				"south": {"uv": [12.5, 9.5, 13, 9.75], "texture": "#0"},
				"west": {"uv": [12.5, 9.5, 13, 9.75], "texture": "#0"},
				"up": {"uv": [12.5, 4, 12, 3.5], "texture": "#0"},
				"down": {"uv": [4, 12, 3.5, 12.5], "texture": "#0"}
			}
		},
		{
			"from": [8.1618, 0.5296, 1.45],
			"to": [9.0618, 1.1296, 2.35],
			"rotation": {"angle": 22.5, "axis": "z", "origin": [8, 6.48134, 8.7]},
			"faces": {
				"north": {"uv": [12.5, 9.5, 13, 9.75], "texture": "#0"},
				"east": {"uv": [12.5, 9.5, 13, 9.75], "texture": "#0"},
				"south": {"uv": [12.5, 9.5, 13, 9.75], "texture": "#0"},
				"west": {"uv": [12.5, 9.5, 13, 9.75], "texture": "#0"},
				"up": {"uv": [12.5, 4, 12, 3.5], "texture": "#0"},
				"down": {"uv": [4.5, 12, 4, 12.5], "texture": "#0"}
			}
		},
		{
			"from": [7.3, 7.99375, 11.45],
			"to": [8.7, 8.66875, 12.85],
			"rotation": {"angle": 0, "axis": "y", "origin": [8, 6.48134, 8.7]},
			"faces": {
				"north": {"uv": [11.5, 10, 12.25, 10.375], "texture": "#0"},
				"east": {"uv": [10, 11.5, 10.75, 11.875], "texture": "#0"},
				"south": {"uv": [11.5, 10, 12.25, 10.375], "texture": "#0"},
				"west": {"uv": [10.75, 11.5, 10, 11.875], "texture": "#0"},
				"up": {"uv": [10.25, 0.75, 9.5, 0], "texture": "#0"},
				"down": {"uv": [10.75, 2, 10, 2.75], "texture": "#0"}
			}
		},
		{
			"from": [7.3, 9.46875, -0.25],
			"to": [8.7, 10.96875, 3.35],
			"rotation": {"angle": 0, "axis": "y", "origin": [8, 6.48134, 8.7]},
			"faces": {
				"north": {"uv": [10, 3, 10.75, 3.75], "texture": "#0"},
				"east": {"uv": [6, 1, 7.75, 1.75], "texture": "#0"},
				"south": {"uv": [10, 4, 10.75, 4.75], "texture": "#0"},
				"west": {"uv": [7.75, 1, 6, 1.75], "texture": "#0"},
				"up": {"uv": [7.75, 3.75, 7, 2], "texture": "#0"},
				"down": {"uv": [3.75, 7.5, 3, 9.25], "texture": "#0"}
			}
		},
		{
			"from": [7.1, 8.66875, 3.35],
			"to": [8.9, 10.96875, 12.85],
			"rotation": {"angle": 0, "axis": "y", "origin": [8, 6.48134, 8.7]},
			"faces": {
				"north": {"uv": [0, 8, 0.875, 9.125], "texture": "#0"},
				"east": {"uv": [0, 0, 4.75, 1.125], "texture": "#0"},
				"south": {"uv": [1, 8, 1.875, 9.125], "texture": "#0"},
				"west": {"uv": [4.75, 0, 0, 1.125], "texture": "#0"},
				"up": {"uv": [0.875, 7.75, 0, 3], "texture": "#0"},
				"down": {"uv": [1.875, 3, 1, 7.75], "texture": "#0"}
			}
		},
		{
			"from": [7.45, 7.29375, 5.4],
			"to": [8.55, 8.66875, 8.425],
			"rotation": {"angle": 0, "axis": "y", "origin": [8, 6.48134, 8.7]},
			"faces": {
				"north": {"uv": [9, 11, 9.5, 11.625], "texture": "#0"},
				"east": {"uv": [7.5, 8, 9, 8.625], "texture": "#0"},
				"south": {"uv": [9.5, 11, 10, 11.625], "texture": "#0"},
				"west": {"uv": [9, 8, 7.5, 8.625], "texture": "#0"},
				"up": {"uv": [3, 10.5, 2.5, 9], "texture": "#0"},
				"down": {"uv": [5, 9, 4.5, 10.5], "texture": "#0"}
			}
		},
		{
			"from": [7.45, 7.29375, 8.425],
			"to": [8.55, 8.66875, 11.45],
			"rotation": {"angle": 0, "axis": "y", "origin": [8, 6.48134, 8.7]},
			"faces": {
				"north": {"uv": [2, 11.5, 2.5, 12.125], "texture": "#0"},
				"east": {"uv": [8.5, 6.5, 10, 7.125], "texture": "#0"},
				"south": {"uv": [9, 11, 9.5, 11.625], "texture": "#0"},
				"west": {"uv": [10, 6.5, 8.5, 7.125], "texture": "#0"},
				"up": {"uv": [5.5, 10.5, 5, 9], "texture": "#0"},
				"down": {"uv": [6, 9, 5.5, 10.5], "texture": "#0"}
			}
		},
		{
			"name": "bolt",
			"from": [8.9, 9.56875, 6.85],
			"to": [10.2, 10.06875, 7.35],
			"rotation": {"angle": 0, "axis": "y", "origin": [8, 6.48134, 8.7]},
			"faces": {
				"north": {"uv": [13.5, 0.5, 13.75, 0.75], "texture": "#0"},
				"east": {"uv": [13.5, 0.5, 13.75, 0.75], "texture": "#0"},
				"south": {"uv": [13.5, 0.5, 13.75, 0.75], "texture": "#0"},
				"west": {"uv": [13.5, 0.5, 13.75, 0.75], "texture": "#0"},
				"up": {"uv": [13.5, 0.5, 13.75, 0.75], "texture": "#0"},
				"down": {"uv": [13.5, 0.5, 13.75, 0.75], "texture": "#0"}
			}
		},
		{
			"name": "trigger",
			"from": [7.8, 6.89375, 9.475],
			"to": [8.2, 7.29375, 9.8],
			"rotation": {"angle": 0, "axis": "y", "origin": [8, 6.48134, 8.7]},
			"faces": {
				"north": {"uv": [13.5, 8.5, 13.625, 8.75], "texture": "#0"},
				"east": {"uv": [13.5, 8.5, 13.625, 8.75], "texture": "#0"},
				"south": {"uv": [13.5, 8.5, 13.625, 8.75], "texture": "#0"},
				"west": {"uv": [13.5, 8.5, 13.625, 8.75], "texture": "#0"},
				"up": {"uv": [13.5, 8.5, 13.625, 8.75], "texture": "#0"},
				"down": {"uv": [13.5, 8.5, 13.625, 8.75], "texture": "#0"}
			}
		},
		{
			"from": [7.8, 6.56875, 8.425],
			"to": [8.2, 7.29375, 8.75],
			"rotation": {"angle": 0, "axis": "y", "origin": [8, 6.48134, 8.7]},
			"faces": {
				"north": {"uv": [3, 13.5, 3.125, 13.875], "texture": "#0"},
				"east": {"uv": [3, 13.5, 3.125, 13.875], "texture": "#0"},
				"south": {"uv": [3, 13.5, 3.125, 13.875], "texture": "#0"},
				"west": {"uv": [3, 13.5, 3.125, 13.875], "texture": "#0"},
				"up": {"uv": [3, 13.5, 3.125, 13.875], "texture": "#0"},
				"down": {"uv": [3, 13.5, 3.125, 13.875], "texture": "#0"}
			}
		},
		{
			"from": [7.8, 6.29375, 8.425],
			"to": [8.2, 6.56875, 10.5],
			"rotation": {"angle": 0, "axis": "y", "origin": [8, 6.48134, 8.7]},
			"faces": {
				"north": {"uv": [10.5, 12.5, 11.5, 12.625], "texture": "#0"},
				"east": {"uv": [10.5, 12.5, 11.5, 12.625], "texture": "#0"},
				"south": {"uv": [10.5, 12.5, 11.5, 12.625], "texture": "#0"},
				"west": {"uv": [10.5, 12.5, 11.5, 12.625], "texture": "#0"},
				"up": {"uv": [10.5, 12.5, 11.5, 12.625], "texture": "#0"},
				"down": {"uv": [10.5, 12.5, 11.5, 12.625], "texture": "#0"}
			}
		},
		{
			"from": [7.6, 4.61875, 11.175],
			"to": [8.4, 4.94375, 12.175],
			"rotation": {"angle": 0, "axis": "y", "origin": [8, 6.48134, 8.7]},
			"faces": {
				"north": {"uv": [2, 13.5, 2.5, 13.625], "texture": "#0"},
				"east": {"uv": [2, 13.5, 2.5, 13.625], "texture": "#0"},
				"south": {"uv": [2, 13.5, 2.5, 13.625], "texture": "#0"},
				"west": {"uv": [2, 13.5, 2.5, 13.625], "texture": "#0"},
				"up": {"uv": [12.875, 1, 12.5, 0.5], "texture": "#0"},
				"down": {"uv": [1.375, 12.5, 1, 13], "texture": "#0"}
			}
		},
		{
			"from": [7.6, 4.94375, 11.175],
			"to": [8.4, 5.26875, 12.475],
			"rotation": {"angle": 0, "axis": "y", "origin": [8, 6.48134, 8.7]},
			"faces": {
				"north": {"uv": [4, 13.5, 4.375, 13.625], "texture": "#0"},
				"east": {"uv": [10.5, 13, 11.125, 13.125], "texture": "#0"},
				"south": {"uv": [4.5, 13.5, 4.875, 13.625], "texture": "#0"},
				"west": {"uv": [11.125, 13, 10.5, 13.125], "texture": "#0"},
				"up": {"uv": [5.375, 12.625, 5, 12], "texture": "#0"},
				"down": {"uv": [5.875, 12, 5.5, 12.625], "texture": "#0"}
			}
		},
		{
			"from": [7.6, 5.26875, 11.175],
			"to": [8.4, 5.59375, 12.775],
			"rotation": {"angle": 0, "axis": "y", "origin": [8, 6.48134, 8.7]},
			"faces": {
				"north": {"uv": [5, 13.5, 5.375, 13.625], "texture": "#0"},
				"east": {"uv": [13, 9, 13.75, 9.125], "texture": "#0"},
				"south": {"uv": [13.5, 5, 13.875, 5.125], "texture": "#0"},
				"west": {"uv": [13.75, 9, 13, 9.125], "texture": "#0"},
				"up": {"uv": [11.375, 12.25, 11, 11.5], "texture": "#0"},
				"down": {"uv": [11.875, 11.5, 11.5, 12.25], "texture": "#0"}
			}
		},
		{
			"from": [7.6, 5.59375, 10.8],
			"to": [8.4, 5.91875, 12.775],
			"rotation": {"angle": 0, "axis": "y", "origin": [8, 6.48134, 8.7]},
			"faces": {
				"north": {"uv": [5.5, 13.5, 5.875, 13.625], "texture": "#0"},
				"east": {"uv": [11.5, 12.5, 12.5, 12.625], "texture": "#0"},
				"south": {"uv": [13.5, 5.5, 13.875, 5.625], "texture": "#0"},
				"west": {"uv": [12.5, 12.5, 11.5, 12.625], "texture": "#0"},
				"up": {"uv": [5.375, 12, 5, 11], "texture": "#0"},
				"down": {"uv": [11.375, 5, 11, 6], "texture": "#0"}
			}
		},
		{
			"from": [7.6, 5.91875, 10.5],
			"to": [8.4, 6.24375, 12.475],
			"rotation": {"angle": 0, "axis": "y", "origin": [8, 6.48134, 8.7]},
			"faces": {
				"north": {"uv": [6, 13.5, 6.375, 13.625], "texture": "#0"},
				"east": {"uv": [0, 13, 1, 13.125], "texture": "#0"},
				"south": {"uv": [6.5, 13.5, 6.875, 13.625], "texture": "#0"},
				"west": {"uv": [1, 13, 0, 13.125], "texture": "#0"},
				"up": {"uv": [5.875, 12, 5.5, 11], "texture": "#0"},
				"down": {"uv": [6.375, 11, 6, 12], "texture": "#0"}
			}
		},
		{
			"from": [7.6, 6.24375, 10.5],
			"to": [8.4, 6.56875, 12.125],
			"rotation": {"angle": 0, "axis": "y", "origin": [8, 6.48134, 8.7]},
			"faces": {
				"north": {"uv": [7, 13.5, 7.375, 13.625], "texture": "#0"},
				"east": {"uv": [2.5, 13, 3.375, 13.125], "texture": "#0"},
				"south": {"uv": [7.5, 13.5, 7.875, 13.625], "texture": "#0"},
				"west": {"uv": [3.375, 13, 2.5, 13.125], "texture": "#0"},
				"up": {"uv": [11.375, 6.875, 11, 6], "texture": "#0"},
				"down": {"uv": [6.875, 11, 6.5, 11.875], "texture": "#0"}
			}
		},
		{
			"from": [7.6, 6.56875, 10.15],
			"to": [8.4, 6.89375, 11.825],
			"rotation": {"angle": 0, "axis": "y", "origin": [8, 6.48134, 8.7]},
			"faces": {
				"north": {"uv": [8, 13.5, 8.375, 13.625], "texture": "#0"},
				"east": {"uv": [4.5, 13, 5.375, 13.125], "texture": "#0"},
				"south": {"uv": [8.5, 13.5, 8.875, 13.625], "texture": "#0"},
				"west": {"uv": [5.375, 13, 4.5, 13.125], "texture": "#0"},
				"up": {"uv": [7.375, 11.875, 7, 11], "texture": "#0"},
				"down": {"uv": [7.875, 11, 7.5, 11.875], "texture": "#0"}
			}
		},
		{
			"from": [7.6, 6.89375, 10.15],
			"to": [8.4, 7.29375, 11.45],
			"rotation": {"angle": 0, "axis": "y", "origin": [8, 6.48134, 8.7]},
			"faces": {
				"north": {"uv": [13, 9.5, 13.375, 9.75], "texture": "#0"},
				"east": {"uv": [12.5, 3, 13.125, 3.25], "texture": "#0"},
				"south": {"uv": [13, 10, 13.375, 10.25], "texture": "#0"},
				"west": {"uv": [13.125, 3, 12.5, 3.25], "texture": "#0"},
				"up": {"uv": [6.375, 12.625, 6, 12], "texture": "#0"},
				"down": {"uv": [12.375, 6, 12, 6.625], "texture": "#0"}
			}
		},
		{
			"from": [8.25, 10.96875, 10.85],
			"to": [8.65, 11.96875, 12.15],
			"rotation": {"angle": 0, "axis": "y", "origin": [8, 6.48134, 8.7]},
			"faces": {
				"north": {"uv": [2, 13, 2.25, 13.5], "texture": "#0"},
				"east": {"uv": [11.5, 0.5, 12.125, 1], "texture": "#0"},
				"south": {"uv": [2.25, 13, 2, 13.5], "texture": "#0"},
				"west": {"uv": [12.125, 0.5, 11.5, 1], "texture": "#0"},
				"up": {"uv": [12.5, 5.625, 12.75, 5], "texture": "#0"},
				"down": {"uv": [12.75, 4, 12.5, 4.625], "texture": "#0"}
			}
		},
		{
			"from": [7.35, 10.96875, 10.85],
			"to": [7.75, 11.96875, 12.15],
			"rotation": {"angle": 0, "axis": "y", "origin": [8, 6.48134, 8.7]},
			"faces": {
				"north": {"uv": [2.25, 13, 2, 13.5], "texture": "#0"},
				"east": {"uv": [11.5, 0.5, 12.125, 1], "texture": "#0"},
				"south": {"uv": [2, 13, 2.25, 13.5], "texture": "#0"},
				"west": {"uv": [12.125, 0.5, 11.5, 1], "texture": "#0"},
				"up": {"uv": [12.75, 5.625, 12.5, 5], "texture": "#0"},
				"down": {"uv": [12.75, 6, 12.5, 6.625], "texture": "#0"}
			}
		},
		{
			"from": [5.31658, 3.49978, 5.73459],
			"to": [10.6837, 5.72305, 8.00973],
			"rotation": {"angle": 0, "axis": "y", "origin": [8, 6.48134, 8.7]},
			"faces": {
				"north": {"uv": [0, 0, 2.625, 1.125], "texture": "#1"},
				"east": {"uv": [8.625, 3, 7.5, 4.125], "texture": "#1"},
				"south": {"uv": [0, 0, 2.625, 1.125], "texture": "#1"},
				"west": {"uv": [7.5, 3, 8.625, 4.125], "texture": "#1"},
				"up": {"uv": [2.625, 4.125, 0, 3], "texture": "#1"},
				"down": {"uv": [5.625, 0, 3, 1.125], "texture": "#1"}
			}
		},
		{
			"from": [6.63883, 4.04745, 5.73579],
			"to": [12.00596, 6.27073, 8.00683],
			"rotation": {"angle": -45, "axis": "z", "origin": [8, 6.48134, 8.7]},
			"faces": {
				"north": {"uv": [5.625, 1.5, 3, 2.625], "texture": "#1"},
				"east": {"uv": [8.625, 7.5, 7.5, 8.625], "texture": "#1"},
				"south": {"uv": [3, 1.5, 5.625, 2.625], "texture": "#1"},
				"west": {"uv": [7.5, 4.5, 8.625, 5.625], "texture": "#1"},
				"up": {"uv": [2.625, 5.625, 0, 4.5], "texture": "#1"},
				"down": {"uv": [5.625, 4.5, 3, 5.625], "texture": "#1"}
			}
		},
		{
			"from": [3.99401, 4.04748, 5.73786],
			"to": [9.36114, 6.27076, 8.0089],
			"rotation": {"angle": 45, "axis": "z", "origin": [8, 6.48134, 8.7]},
			"faces": {
				"north": {"uv": [2.625, 6, 0, 7.125], "texture": "#1"},
				"east": {"uv": [8.625, 4.5, 7.5, 5.625], "texture": "#1"},
				"south": {"uv": [0, 6, 2.625, 7.125], "texture": "#1"},
				"west": {"uv": [7.5, 7.5, 8.625, 8.625], "texture": "#1"},
				"up": {"uv": [8.625, 2.625, 6, 1.5], "texture": "#1"},
				"down": {"uv": [5.625, 6, 3, 7.125], "texture": "#1"}
			}
		},
		{
			"from": [6.88834, 1.92769, 5.73024],
			"to": [9.11162, 7.29481, 8.02714],
			"rotation": {"angle": 0, "axis": "y", "origin": [8, 6.48134, 8.7]},
			"faces": {
				"north": {"uv": [6, 3, 7.125, 5.625], "texture": "#1"},
				"east": {"uv": [6, 6, 7.125, 8.625], "texture": "#1"},
				"south": {"uv": [6, 3, 7.125, 5.625], "texture": "#1"},
				"west": {"uv": [1.5, 7.5, 2.625, 10.125], "texture": "#1"},
				"up": {"uv": [10.125, 1.125, 9, 0], "texture": "#1"},
				"down": {"uv": [10.125, 1.5, 9, 2.625], "texture": "#1"}
			}
		},
		{
			"from": [7.66484, 7.29869, 5.73024],
			"to": [8.33512, 8.27881, 8.02714],
			"rotation": {"angle": 0, "axis": "y", "origin": [8, 6.48134, 8.7]},
			"faces": {
				"north": {"uv": [5, 9, 5.375, 9.5], "texture": "#1"},
				"east": {"uv": [10.125, 3, 9, 3.5], "texture": "#1"},
				"south": {"uv": [9, 5, 9.375, 5.5], "texture": "#1"},
				"west": {"uv": [9, 3, 10.125, 3.5], "texture": "#1"},
				"up": {"uv": [9.375, 4.625, 9, 3.5], "texture": "#1"},
				"down": {"uv": [4.875, 9, 4.5, 10.125], "texture": "#1"}
			}
		}
	],
	"display": {
		"thirdperson_righthand": {
			"rotation": [67.5, 0, 0],
			"translation": [-1.75, 4.5, 1.75]
		},
		"thirdperson_lefthand": {
			"rotation": [67.5, 0, 0],
			"translation": [-1.75, 4.5, 1.75]
		},
		"firstperson_righthand": {
			"translation": [-1.75, 0.25, -5.25],
			"scale": [1.4, 1.4, 1.4]
		},
		"firstperson_lefthand": {
			"translation": [-1.75, 0.25, -5.25],
			"scale": [1.4, 1.4, 1.4]
		},
		"ground": {
			"translation": [0, 3.5, 0]
		},
		"gui": {
			"rotation": [163.34, -47.42, -178.07],
			"translation": [-0.25, -0.25, 0],
			"scale": [0.7, 0.7, 0.7]
		},
		"fixed": {
			"rotation": [0, 90, 0],
			"translation": [0, 0, -1.75],
			"scale": [2, 2, 2]
		}
	},
	"groups": [
		{
			"name": "wrecker",
			"origin": [7.48553, 7.85103, 8.47938],
			"color": 0,
			"children": [
				{
					"name": "barrel",
					"origin": [8, 9.66875, -8.15],
					"color": 1,
					"children": [0, 1]
				},
				{
					"name": "stock",
					"origin": [7.48553, 7.85103, 8.47938],
					"color": 0,
					"children": [
						{
							"name": "stock_in",
							"origin": [8, 8.19375, 1.85],
							"color": 0,
							"children": [2, 3, 4, 5, 6]
						},
						{
							"name": "stock_cover",
							"origin": [7.48553, 7.85103, 8.47938],
							"color": 9,
							"children": [7, 8, 9, 10, 11, 12, 13, 14, 15, 16, 17]
						}
					]
				},
				{
					"name": "bipod",
					"origin": [8, 9.66875, -8.15],
					"color": 0,
					"children": [18, 19, 20, 21, 22, 23]
				},
				{
					"name": "body",
					"origin": [8, 8.29375, 1.35],
					"color": 0,
					"children": [24, 25, 26, 27, 28, 29]
				},
				{
					"name": "trigger_guard",
					"origin": [8, 7.24375, 1.725],
					"color": 0,
					"children": [30, 31, 32]
				},
				{
					"name": "handle",
					"origin": [8, 7.89375, 1.35],
					"color": 8,
					"children": [33, 34, 35, 36, 37, 38, 39, 40]
				},
				{
					"name": "iron_sight",
					"origin": [8, 10.3, 8],
					"color": 0,
					"children": [41, 42]
				},
				{
					"name": "mag",
					"origin": [5.44959, 15.62169, 26.2582],
					"color": 9,
					"children": [43, 44, 45, 46, 47]
				}
			]
		}
	]
}