{
	"credit": "Made with Blockbench, a free, modern block model editor by JannisX11",
	"textures": {
		"0": "block/green_concrete",
		"1": "block/gray_concrete",
		"2": "block/light_gray_concrete",
		"particle": "block/green_concrete"
	},
	"elements": [
		{
			"from": [7.5, -0.02253, 7.5],
			"to": [8.5, 0.07747, 8.5],
			"faces": {
				"north": {"uv": [0, 0, 1, 0.1], "texture": "#0"},
				"east": {"uv": [0, 0, 1, 0.1], "texture": "#0"},
				"south": {"uv": [0, 0, 1, 0.1], "texture": "#0"},
				"west": {"uv": [0, 0, 1, 0.1], "texture": "#0"},
				"up": {"uv": [0, 0, 1, 0.1], "texture": "#0"},
				"down": {"uv": [0, 0, 1, 0.1], "texture": "#0"}
			}
		},
		{
			"from": [7.4, 0.1, 7.4],
			"to": [8.6, 0.4, 8.6],
			"faces": {
				"north": {"uv": [0, 0, 1.2, 0.3], "texture": "#0"},
				"east": {"uv": [0, 0, 1.2, 0.3], "texture": "#0"},
				"south": {"uv": [0, 0, 1.2, 0.3], "texture": "#0"},
				"west": {"uv": [0, 0, 1.2, 0.3], "texture": "#0"},
				"up": {"uv": [0, 0, 1.2, 0.3], "texture": "#0"},
				"down": {"uv": [0, 0, 1.2, 0.3], "texture": "#0"}
			}
		},
		{
			"from": [7.3, 0.4, 7.3],
			"to": [8.7, 0.7, 8.7],
			"faces": {
				"north": {"uv": [0, 0, 1.4, 0.3], "texture": "#0"},
				"east": {"uv": [0, 0, 1.4, 0.3], "texture": "#0"},
				"south": {"uv": [0, 0, 1.4, 0.3], "texture": "#0"},
				"west": {"uv": [0, 0, 1.4, 0.3], "texture": "#0"},
				"up": {"uv": [0, 0, 1.4, 0.3], "texture": "#0"},
				"down": {"uv": [0, 0, 1.4, 0.3], "texture": "#0"}
			}
		},
		{
			"from": [7.2, 0.7, 7.2],
			"to": [8.8, 1.9, 8.8],
			"faces": {
				"north": {"uv": [0, 0, 1.6, 1.2], "texture": "#0"},
				"east": {"uv": [0, 0, 1.6, 1.2], "texture": "#0"},
				"south": {"uv": [0, 0, 1.6, 1.2], "texture": "#0"},
				"west": {"uv": [0, 0, 1.6, 1.2], "texture": "#0"},
				"up": {"uv": [0, 0, 1.6, 1.2], "texture": "#0"},
				"down": {"uv": [0, 0, 1.6, 1.2], "texture": "#0"}
			}
		},
		{
			"from": [7.1, 1.3, 7.1],
			"to": [8.9, 1.4, 8.9],
			"faces": {
				"north": {"uv": [0, 0, 1.8, 0.1], "texture": "#1"},
				"east": {"uv": [0, 0, 1.8, 0.1], "texture": "#1"},
				"south": {"uv": [0, 0, 1.8, 0.1], "texture": "#1"},
				"west": {"uv": [0, 0, 1.8, 0.1], "texture": "#1"},
				"up": {"uv": [0, 0, 1.8, 0.1], "texture": "#1"},
				"down": {"uv": [0, 0, 1.8, 0.1], "texture": "#1"}
			}
		},
		{
			"from": [7.3, 1.9, 7.3],
			"to": [8.7, 2.2, 8.7],
			"faces": {
				"north": {"uv": [0, 0, 1.4, 0.3], "texture": "#0"},
				"east": {"uv": [0, 0, 1.4, 0.3], "texture": "#0"},
				"south": {"uv": [0, 0, 1.4, 0.3], "texture": "#0"},
				"west": {"uv": [0, 0, 1.4, 0.3], "texture": "#0"},
				"up": {"uv": [0, 0, 1.4, 0.3], "texture": "#0"},
				"down": {"uv": [0, 0, 1.4, 0.3], "texture": "#0"}
			}
		},
		{
			"from": [7.4, 2.2, 7.4],
			"to": [8.6, 2.5, 8.6],
			"faces": {
				"north": {"uv": [0, 0, 1.2, 0.3], "texture": "#0"},
				"east": {"uv": [0, 0, 1.2, 0.3], "texture": "#0"},
				"south": {"uv": [0, 0, 1.2, 0.3], "texture": "#0"},
				"west": {"uv": [0, 0, 1.2, 0.3], "texture": "#0"},
				"up": {"uv": [0, 0, 1.2, 0.3], "texture": "#0"},
				"down": {"uv": [0, 0, 1.2, 0.3], "texture": "#0"}
			}
		},
		{
			"from": [7.5, 2.5, 7.5],
			"to": [8.5, 2.6, 8.5],
			"faces": {
				"north": {"uv": [0, 0, 1, 0.1], "texture": "#0"},
				"east": {"uv": [0, 0, 1, 0.1], "texture": "#0"},
				"south": {"uv": [0, 0, 1, 0.1], "texture": "#0"},
				"west": {"uv": [0, 0, 1, 0.1], "texture": "#0"},
				"up": {"uv": [0, 0, 1, 0.1], "texture": "#0"},
				"down": {"uv": [0, 0, 1, 0.1], "texture": "#0"}
			}
		},
		{
			"from": [7.8, 2.62, 7.7],
			"to": [8.2, 3.22, 8.6],
			"faces": {
				"north": {"uv": [0, 0, 1, 0.1], "texture": "#1"},
				"east": {"uv": [0, 0, 1, 0.1], "texture": "#1"},
				"south": {"uv": [0, 0, 1, 0.1], "texture": "#1"},
				"west": {"uv": [0, 0, 1, 0.1], "texture": "#1"},
				"up": {"uv": [0, 0, 1, 0.1], "texture": "#1"},
				"down": {"uv": [0, 0, 1, 0.1], "texture": "#1"}
			}
		},
		{
			"from": [7.7, 3.2, 7.8],
			"to": [8.3, 3.3, 8.7],
			"faces": {
				"north": {"uv": [0, 0, 1, 0.1], "texture": "#0"},
				"east": {"uv": [0, 0, 1, 0.1], "texture": "#0"},
				"south": {"uv": [0, 0, 1, 0.1], "texture": "#0"},
				"west": {"uv": [0, 0, 1, 0.1], "texture": "#0"},
				"up": {"uv": [0, 0, 1, 0.1], "texture": "#0"},
				"down": {"uv": [0, 0, 1, 0.1], "texture": "#0"}
			}
		},
		{
			"from": [7.7, 2.16, 8.81],
			"to": [8.3, 3.26, 8.91],
			"rotation": {"angle": -22.5, "axis": "x", "origin": [8, 2.7, 8.85]},
			"faces": {
				"north": {"uv": [0, 0, 1, 0.1], "texture": "#0", "rotation": 180},
				"east": {"uv": [0, 0, 1, 0.1], "texture": "#0", "rotation": 270},
				"south": {"uv": [0, 0, 1, 0.1], "texture": "#0"},
				"west": {"uv": [0, 0, 1, 0.1], "texture": "#0", "rotation": 90},
				"up": {"uv": [0, 0, 1, 0.1], "texture": "#0", "rotation": 180},
				"down": {"uv": [0, 0, 1, 0.1], "texture": "#0"}
			}
		},
		{
			"from": [7.9, 2.62, 7.6],
			"to": [8.1, 3.22, 7.7],
			"faces": {
				"north": {"uv": [0, 0, 1, 0.1], "texture": "#1"},
				"east": {"uv": [0, 0, 1, 0.1], "texture": "#1"},
				"south": {"uv": [0, 0, 1, 0.1], "texture": "#1"},
				"west": {"uv": [0, 0, 1, 0.1], "texture": "#1"},
				"up": {"uv": [0, 0, 1, 0.1], "texture": "#1"},
				"down": {"uv": [0, 0, 1, 0.1], "texture": "#1"}
			}
		},
		{
			"from": [7.8, 2.62, 8.6],
			"to": [8.2, 3.22, 8.7],
			"faces": {
				"north": {"uv": [0, 0, 1, 0.1], "texture": "#1"},
				"east": {"uv": [0, 0, 1, 0.1], "texture": "#1"},
				"south": {"uv": [0, 0, 1, 0.1], "texture": "#1"},
				"west": {"uv": [0, 0, 1, 0.1], "texture": "#1"},
				"up": {"uv": [0, 0, 1, 0.1], "texture": "#1"},
				"down": {"uv": [0, 0, 1, 0.1], "texture": "#1"}
			}
		},
		{
			"from": [7.8, 2.62, 8.7],
			"to": [8.2, 2.97, 8.8],
			"faces": {
				"north": {"uv": [0, 0, 1, 0.1], "texture": "#1"},
				"east": {"uv": [0, 0, 1, 0.1], "texture": "#1"},
				"south": {"uv": [0, 0, 1, 0.1], "texture": "#1"},
				"west": {"uv": [0, 0, 1, 0.1], "texture": "#1"},
				"up": {"uv": [0, 0, 1, 0.1], "texture": "#1"},
				"down": {"uv": [0, 0, 1, 0.1], "texture": "#1"}
			}
		},
		{
			"from": [7.8, 2.62, 8.8],
			"to": [8.2, 2.73, 8.9],
			"faces": {
				"north": {"uv": [0, 0, 1, 0.1], "texture": "#1"},
				"east": {"uv": [0, 0, 1, 0.1], "texture": "#1"},
				"south": {"uv": [0, 0, 1, 0.1], "texture": "#1"},
				"west": {"uv": [0, 0, 1, 0.1], "texture": "#1"},
				"up": {"uv": [0, 0, 1, 0.1], "texture": "#1"},
				"down": {"uv": [0, 0, 1, 0.1], "texture": "#1"}
			}
		},
		{
			"from": [7.9, 2.6, 7.8],
			"to": [8.1, 2.62, 8.3],
			"faces": {
				"north": {"uv": [0, 0, 1, 0.1], "texture": "#0"},
				"east": {"uv": [0, 0, 1, 0.1], "texture": "#0"},
				"south": {"uv": [0, 0, 1, 0.1], "texture": "#0"},
				"west": {"uv": [0, 0, 1, 0.1], "texture": "#0"},
				"up": {"uv": [0, 0, 1, 0.1], "texture": "#0"},
				"down": {"uv": [0, 0, 1, 0.1], "texture": "#0"}
			}
		},
		{
			"from": [7.68, 3.12, 7.575],
			"to": [8.32, 3.27, 7.725],
			"rotation": {"angle": 45, "axis": "x", "origin": [8, 3.22, 7.725]},
			"faces": {
				"north": {"uv": [0, 0, 1, 0.1], "texture": "#1"},
				"east": {"uv": [0, 0, 1, 0.1], "texture": "#1"},
				"south": {"uv": [0, 0, 1, 0.1], "texture": "#1"},
				"west": {"uv": [0, 0, 1, 0.1], "texture": "#1"},
				"up": {"uv": [0, 0, 1, 0.1], "texture": "#1"},
				"down": {"uv": [0, 0, 1, 0.1], "texture": "#1"}
			}
		},
		{
			"from": [8.2, 3.15, 7.53],
			"to": [8.3, 3.25, 7.83],
			"rotation": {"angle": -22.5, "axis": "x", "origin": [8.25, 3.2, 7.68]},
			"faces": {
				"north": {"uv": [0, 0, 1, 0.1], "texture": "#0"},
				"east": {"uv": [0, 0, 1, 0.1], "texture": "#0"},
				"south": {"uv": [0, 0, 1, 0.1], "texture": "#0"},
				"west": {"uv": [0, 0, 1, 0.1], "texture": "#0"},
				"up": {"uv": [0, 0, 1, 0.1], "texture": "#0"},
				"down": {"uv": [0, 0, 1, 0.1], "texture": "#0"}
			}
		},
		{
			"from": [7.7, 3.15, 7.53],
			"to": [7.8, 3.25, 7.83],
			"rotation": {"angle": -22.5, "axis": "x", "origin": [7.75, 3.2, 7.68]},
			"faces": {
				"north": {"uv": [0, 0, 1, 0.1], "texture": "#0"},
				"east": {"uv": [0, 0, 1, 0.1], "texture": "#0"},
				"south": {"uv": [0, 0, 1, 0.1], "texture": "#0"},
				"west": {"uv": [0, 0, 1, 0.1], "texture": "#0"},
				"up": {"uv": [0, 0, 1, 0.1], "texture": "#0"},
				"down": {"uv": [0, 0, 1, 0.1], "texture": "#0"}
			}
		},
		{
			"from": [8.2, 3.15, 7.51],
			"to": [8.3, 3.25, 7.61],
			"rotation": {"angle": -22.5, "axis": "x", "origin": [8.25, 3.2, 7.48]},
			"faces": {
				"north": {"uv": [0, 0, 1, 0.1], "texture": "#0"},
				"east": {"uv": [0, 0, 1, 0.1], "texture": "#0"},
				"south": {"uv": [0, 0, 1, 0.1], "texture": "#0"},
				"west": {"uv": [0, 0, 1, 0.1], "texture": "#0"},
				"up": {"uv": [0, 0, 1, 0.1], "texture": "#0"},
				"down": {"uv": [0, 0, 1, 0.1], "texture": "#0"}
			}
		},
		{
			"from": [7.7, 3.15, 7.51],
			"to": [7.8, 3.25, 7.61],
			"rotation": {"angle": -22.5, "axis": "x", "origin": [7.75, 3.2, 7.48]},
			"faces": {
				"north": {"uv": [0, 0, 1, 0.1], "texture": "#0"},
				"east": {"uv": [0, 0, 1, 0.1], "texture": "#0"},
				"south": {"uv": [0, 0, 1, 0.1], "texture": "#0"},
				"west": {"uv": [0, 0, 1, 0.1], "texture": "#0"},
				"up": {"uv": [0, 0, 1, 0.1], "texture": "#0"},
				"down": {"uv": [0, 0, 1, 0.1], "texture": "#0"}
			}
		},
		{
			"from": [7.7, 0.35, 9.01],
			"to": [8.3, 2.25, 9.11],
			"rotation": {"angle": 0, "axis": "x", "origin": [8, 1.69, 9.05]},
			"faces": {
				"north": {"uv": [0, 0, 1, 0.1], "texture": "#0", "rotation": 180},
				"east": {"uv": [0, 0, 1, 0.1], "texture": "#0", "rotation": 270},
				"south": {"uv": [0, 0, 1, 0.1], "texture": "#0"},
				"west": {"uv": [0, 0, 1, 0.1], "texture": "#0", "rotation": 90},
				"up": {"uv": [0, 0, 1, 0.1], "texture": "#0", "rotation": 180},
				"down": {"uv": [0, 0, 1, 0.1], "texture": "#0"}
			}
		},
		{
			"from": [7.7, -0.015, 8.94],
			"to": [8.3, 0.385, 9.04],
			"rotation": {"angle": 22.5, "axis": "x", "origin": [8, 0.185, 8.99]},
			"faces": {
				"north": {"uv": [0, 0, 1, 0.1], "texture": "#0", "rotation": 180},
				"east": {"uv": [0, 0, 1, 0.1], "texture": "#0", "rotation": 270},
				"south": {"uv": [0, 0, 1, 0.1], "texture": "#0"},
				"west": {"uv": [0, 0, 1, 0.1], "texture": "#0", "rotation": 90},
				"up": {"uv": [0, 0, 1, 0.1], "texture": "#0", "rotation": 180},
				"down": {"uv": [0, 0, 1, 0.1], "texture": "#0"}
			}
		},
		{
			"from": [7.71, 2.76, 8.71],
			"to": [8.29, 3.21, 8.91],
			"rotation": {"angle": -22.5, "axis": "x", "origin": [8, 2.6, 8.85]},
			"faces": {
				"north": {"uv": [0, 0, 1, 0.1], "texture": "#0", "rotation": 180},
				"east": {"uv": [0, 0, 1, 0.1], "texture": "#0", "rotation": 270},
				"south": {"uv": [0, 0, 1, 0.1], "texture": "#0"},
				"west": {"uv": [0, 0, 1, 0.1], "texture": "#0", "rotation": 90},
				"up": {"uv": [0, 0, 1, 0.1], "texture": "#0", "rotation": 180},
				"down": {"uv": [0, 0, 1, 0.1], "texture": "#0"}
			}
		},
		{
			"from": [7.71, 3.1, 8.01],
			"to": [8.29, 3.3, 8.21],
			"rotation": {"angle": 45, "axis": "x", "origin": [8, 2.94, 8.15]},
			"faces": {
				"north": {"uv": [0, 0, 1, 0.1], "texture": "#0", "rotation": 180},
				"east": {"uv": [0, 0, 1, 0.1], "texture": "#0", "rotation": 270},
				"south": {"uv": [0, 0, 1, 0.1], "texture": "#0"},
				"west": {"uv": [0, 0, 1, 0.1], "texture": "#0", "rotation": 90},
				"up": {"uv": [0, 0, 1, 0.1], "texture": "#0", "rotation": 180},
				"down": {"uv": [0, 0, 1, 0.1], "texture": "#0"}
			}
		},
		{
			"from": [7.61, 3.06, 8.81],
			"to": [8.33, 3.09, 8.84],
			"rotation": {"angle": -22.5, "axis": "x", "origin": [8, 2.6, 8.85]},
			"faces": {
				"north": {"uv": [0, 0, 1, 0.1], "texture": "#2", "rotation": 180},
				"east": {"uv": [0, 0, 1, 0.1], "texture": "#2", "rotation": 270},
				"south": {"uv": [0, 0, 1, 0.1], "texture": "#2"},
				"west": {"uv": [0, 0, 1, 0.1], "texture": "#2", "rotation": 90},
				"up": {"uv": [0, 0, 1, 0.1], "texture": "#2", "rotation": 180},
				"down": {"uv": [0, 0, 1, 0.1], "texture": "#2"}
			}
		},
		{
			"from": [7.61, 3.08, 8.725],
			"to": [7.64, 3.11, 8.925],
			"rotation": {"angle": -22.5, "axis": "x", "origin": [8, 2.6, 8.85]},
			"faces": {
				"north": {"uv": [0, 0, 1, 0.1], "texture": "#2", "rotation": 180},
				"east": {"uv": [0, 0, 1, 0.1], "texture": "#2", "rotation": 270},
				"south": {"uv": [0, 0, 1, 0.1], "texture": "#2"},
				"west": {"uv": [0, 0, 1, 0.1], "texture": "#2", "rotation": 90},
				"up": {"uv": [0, 0, 1, 0.1], "texture": "#2", "rotation": 180},
				"down": {"uv": [0, 0, 1, 0.1], "texture": "#2"}
			}
		},
		{
			"from": [7.61, 2.905, 8.81],
			"to": [7.64, 2.935, 9.01],
			"rotation": {"angle": -22.5, "axis": "x", "origin": [8, 2.4, 8.95]},
			"faces": {
				"north": {"uv": [0, 0, 1, 0.1], "texture": "#2", "rotation": 180},
				"east": {"uv": [0, 0, 1, 0.1], "texture": "#2", "rotation": 270},
				"south": {"uv": [0, 0, 1, 0.1], "texture": "#2"},
				"west": {"uv": [0, 0, 1, 0.1], "texture": "#2", "rotation": 90},
				"up": {"uv": [0, 0, 1, 0.1], "texture": "#2", "rotation": 180},
				"down": {"uv": [0, 0, 1, 0.1], "texture": "#2"}
			}
		},
		{
			"from": [7.61, 2.905, 8.764],
			"to": [7.64, 3.075, 8.794],
			"rotation": {"angle": -22.5, "axis": "x", "origin": [8, 2.5, 8.849]},
			"faces": {
				"north": {"uv": [0, 0, 1, 0.1], "texture": "#2", "rotation": 180},
				"east": {"uv": [0, 0, 1, 0.1], "texture": "#2", "rotation": 270},
				"south": {"uv": [0, 0, 1, 0.1], "texture": "#2"},
				"west": {"uv": [0, 0, 1, 0.1], "texture": "#2", "rotation": 90},
				"up": {"uv": [0, 0, 1, 0.1], "texture": "#2", "rotation": 180},
				"down": {"uv": [0, 0, 1, 0.1], "texture": "#2"}
			}
		},
		{
			"from": [7.61, 2.967, 8.922],
			"to": [7.64, 3.137, 8.952],
			"rotation": {"angle": -22.5, "axis": "x", "origin": [8, 2.562, 9.007]},
			"faces": {
				"north": {"uv": [0, 0, 1, 0.1], "texture": "#2", "rotation": 180},
				"east": {"uv": [0, 0, 1, 0.1], "texture": "#2", "rotation": 270},
				"south": {"uv": [0, 0, 1, 0.1], "texture": "#2"},
				"west": {"uv": [0, 0, 1, 0.1], "texture": "#2", "rotation": 90},
				"up": {"uv": [0, 0, 1, 0.1], "texture": "#2", "rotation": 180},
				"down": {"uv": [0, 0, 1, 0.1], "texture": "#2"}
			}
		},
		{
			"from": [8.33, 3.025, 8.81],
			"to": [8.36, 3.125, 8.84],
			"rotation": {"angle": -22.5, "axis": "x", "origin": [8, 2.6, 8.85]},
			"faces": {
				"north": {"uv": [0, 0, 1, 0.1], "texture": "#2", "rotation": 180},
				"east": {"uv": [0, 0, 1, 0.1], "texture": "#2", "rotation": 270},
				"south": {"uv": [0, 0, 1, 0.1], "texture": "#2"},
				"west": {"uv": [0, 0, 1, 0.1], "texture": "#2", "rotation": 90},
				"up": {"uv": [0, 0, 1, 0.1], "texture": "#2", "rotation": 180},
				"down": {"uv": [0, 0, 1, 0.1], "texture": "#2"}
			}
		},
		{
			"from": [7.66, 2.605, 8.31],
			"to": [7.69, 2.635, 9.01],
			"rotation": {"angle": 0, "axis": "x", "origin": [8.05, 2.1, 8.45]},
			"faces": {
				"north": {"uv": [0, 0, 1, 0.1], "texture": "#2", "rotation": 180},
				"east": {"uv": [0, 0, 1, 0.1], "texture": "#2", "rotation": 270},
				"south": {"uv": [0, 0, 1, 0.1], "texture": "#2"},
				"west": {"uv": [0, 0, 1, 0.1], "texture": "#2", "rotation": 90},
				"up": {"uv": [0, 0, 1, 0.1], "texture": "#2", "rotation": 180},
				"down": {"uv": [0, 0, 1, 0.1], "texture": "#2"}
			}
		},
		{
			"from": [7.69, 2.605, 8.31],
			"to": [8.09, 2.635, 8.34],
			"rotation": {"angle": 0, "axis": "x", "origin": [8.08, 2.1, 8.45]},
			"faces": {
				"north": {"uv": [0, 0, 1, 0.1], "texture": "#2", "rotation": 180},
				"east": {"uv": [0, 0, 1, 0.1], "texture": "#2", "rotation": 270},
				"south": {"uv": [0, 0, 1, 0.1], "texture": "#2"},
				"west": {"uv": [0, 0, 1, 0.1], "texture": "#2", "rotation": 90},
				"up": {"uv": [0, 0, 1, 0.1], "texture": "#2", "rotation": 180},
				"down": {"uv": [0, 0, 1, 0.1], "texture": "#2"}
			}
		},
		{
			"from": [7.69, 2.605, 8.98],
			"to": [8.36, 2.635, 9.01],
			"rotation": {"angle": 0, "axis": "x", "origin": [8.08, 2.1, 9.12]},
			"faces": {
				"north": {"uv": [0, 0, 1, 0.1], "texture": "#2", "rotation": 180},
				"east": {"uv": [0, 0, 1, 0.1], "texture": "#2", "rotation": 270},
				"south": {"uv": [0, 0, 1, 0.1], "texture": "#2"},
				"west": {"uv": [0, 0, 1, 0.1], "texture": "#2", "rotation": 90},
				"up": {"uv": [0, 0, 1, 0.1], "texture": "#2", "rotation": 180},
				"down": {"uv": [0, 0, 1, 0.1], "texture": "#2"}
			}
		},
		{
			"from": [8.36, 2.605, 8.71],
			"to": [8.39, 2.635, 9.01],
			"rotation": {"angle": 0, "axis": "x", "origin": [8.75, 2.1, 8.45]},
			"faces": {
				"north": {"uv": [0, 0, 1, 0.1], "texture": "#2", "rotation": 180},
				"east": {"uv": [0, 0, 1, 0.1], "texture": "#2", "rotation": 270},
				"south": {"uv": [0, 0, 1, 0.1], "texture": "#2"},
				"west": {"uv": [0, 0, 1, 0.1], "texture": "#2", "rotation": 90},
				"up": {"uv": [0, 0, 1, 0.1], "texture": "#2", "rotation": 180},
				"down": {"uv": [0, 0, 1, 0.1], "texture": "#2"}
			}
		},
		{
			"from": [8.36, 2.515, 8.71],
			"to": [8.39, 2.605, 8.74],
			"rotation": {"angle": 0, "axis": "x", "origin": [8.75, 2.1, 8.45]},
			"faces": {
				"north": {"uv": [0, 0, 1, 0.1], "texture": "#2", "rotation": 180},
				"east": {"uv": [0, 0, 1, 0.1], "texture": "#2", "rotation": 270},
				"south": {"uv": [0, 0, 1, 0.1], "texture": "#2"},
				"west": {"uv": [0, 0, 1, 0.1], "texture": "#2", "rotation": 90},
				"up": {"uv": [0, 0, 1, 0.1], "texture": "#2", "rotation": 180},
				"down": {"uv": [0, 0, 1, 0.1], "texture": "#2"}
			}
		},
		{
			"from": [8.36, 2.485, 8.71],
			"to": [8.39, 2.515, 9.21],
			"rotation": {"angle": 0, "axis": "x", "origin": [8.75, 1.98, 8.45]},
			"faces": {
				"north": {"uv": [0, 0, 1, 0.1], "texture": "#2", "rotation": 180},
				"east": {"uv": [0, 0, 1, 0.1], "texture": "#2", "rotation": 270},
				"south": {"uv": [0, 0, 1, 0.1], "texture": "#2"},
				"west": {"uv": [0, 0, 1, 0.1], "texture": "#2", "rotation": 90},
				"up": {"uv": [0, 0, 1, 0.1], "texture": "#2", "rotation": 180},
				"down": {"uv": [0, 0, 1, 0.1], "texture": "#2"}
			}
		},
		{
			"from": [8.36, 2.515, 9.18],
			"to": [8.39, 2.605, 9.21],
			"rotation": {"angle": 0, "axis": "x", "origin": [8.75, 2.1, 8.92]},
			"faces": {
				"north": {"uv": [0, 0, 1, 0.1], "texture": "#2", "rotation": 180},
				"east": {"uv": [0, 0, 1, 0.1], "texture": "#2", "rotation": 270},
				"south": {"uv": [0, 0, 1, 0.1], "texture": "#2"},
				"west": {"uv": [0, 0, 1, 0.1], "texture": "#2", "rotation": 90},
				"up": {"uv": [0, 0, 1, 0.1], "texture": "#2", "rotation": 180},
				"down": {"uv": [0, 0, 1, 0.1], "texture": "#2"}
			}
		},
		{
			"from": [8.36, 2.605, 9.06],
			"to": [8.39, 2.635, 9.21],
			"rotation": {"angle": 0, "axis": "x", "origin": [8.75, 2.1, 8.8]},
			"faces": {
				"north": {"uv": [0, 0, 1, 0.1], "texture": "#2", "rotation": 180},
				"east": {"uv": [0, 0, 1, 0.1], "texture": "#2", "rotation": 270},
				"south": {"uv": [0, 0, 1, 0.1], "texture": "#2"},
				"west": {"uv": [0, 0, 1, 0.1], "texture": "#2", "rotation": 90},
				"up": {"uv": [0, 0, 1, 0.1], "texture": "#2", "rotation": 180},
				"down": {"uv": [0, 0, 1, 0.1], "texture": "#2"}
			}
		}
	],
	"display": {
		"thirdperson_righthand": {
			"translation": [-1, 6, -1],
			"scale": [1.25, 1.25, 1.25]
		},
		"thirdperson_lefthand": {
			"translation": [-1, 6, -1],
			"scale": [1.25, 1.25, 1.25]
		},
		"firstperson_righthand": {
			"translation": [0, 11.5, 3.5]
		},
		"firstperson_lefthand": {
			"translation": [0, 11.5, 3.5]
		},
		"ground": {
			"rotation": [0, 0, 0],
			"translation": [0, 6, 0],
			"scale": [1.25, 1.25, 1.25]
		},
		"fixed": {
			"scale": [3, 3, 3],
			"translation": [-12.5, 14.5, 0],
			"rotation": [-90, 50, 90]
		},
		"gui": {
			"scale": [3, 3, 3],
			"rotation": [-90, 50, 90],
			"translation": [-12.5, 14.5, 0]
		},
		"head": {
			"scale": [3, 3, 3],
			"translation": [0, -16, 0]
		}
	}
}