{
	"credit": "https://www.youtube.com/c/ZeroCaty",
	"textures": {
		"0": "zcbm/weapons/aug",
		"2": "zcbm/weapons/scope",
		"particle": "zcbm/weapons/aug"
	},
	"elements": [
		{
			"from": [7.2, 3, 4.6],
			"to": [8.8, 4.4, 14.03],
			"faces": {
				"north": {"uv": [0, 0, 1, 1], "texture": "#0"},
				"east": {"uv": [0, 8, 6.75, 9.25], "texture": "#0"},
				"south": {"uv": [0, 0, 1, 1], "texture": "#0"},
				"west": {"uv": [0, 8, 6.75, 9.25], "texture": "#0"},
				"up": {"uv": [0, 8, 6.75, 9.25], "rotation": 90, "texture": "#0"},
				"down": {"uv": [0, 0, 1, 1], "texture": "#0"}
			}
		},
		{
			"from": [7.7, 2.3, 6.5],
			"to": [8.3, 3, 7.5],
			"faces": {
				"north": {"uv": [0, 0, 1, 1], "texture": "#0"},
				"east": {"uv": [0, 0, 1, 1], "texture": "#0"},
				"south": {"uv": [0, 0, 1, 1], "texture": "#0"},
				"west": {"uv": [0, 0, 1, 1], "texture": "#0"},
				"up": {"uv": [0, 0, 1, 1], "texture": "#0"},
				"down": {"uv": [0, 0, 1, 1], "texture": "#0"}
			}
		},
		{
			"from": [7.701, 0.74, 6.65],
			"to": [8.299, 2.64, 7.29],
			"rotation": {"angle": -22.5, "axis": "x", "origin": [8, 2.65, 7]},
			"faces": {
				"north": {"uv": [0, 0, 1, 1], "rotation": 180, "texture": "#0"},
				"east": {"uv": [0, 0, 1, 1], "rotation": 270, "texture": "#0"},
				"south": {"uv": [0, 0, 1, 1], "texture": "#0"},
				"west": {"uv": [0, 0, 1, 1], "rotation": 90, "texture": "#0"},
				"up": {"uv": [0, 0, 1, 1], "rotation": 180, "texture": "#0"},
				"down": {"uv": [0, 0, 1, 1], "texture": "#0"}
			}
		},
		{
			"from": [7.7, 0.6, 5.5],
			"to": [8.3, 1, 8],
			"faces": {
				"north": {"uv": [0, 0, 1, 1], "texture": "#0"},
				"east": {"uv": [0, 0, 1, 1], "texture": "#0"},
				"south": {"uv": [0, 0, 1, 1], "texture": "#0"},
				"west": {"uv": [0, 0, 1, 1], "texture": "#0"},
				"up": {"uv": [0, 0, 1, 1], "texture": "#0"},
				"down": {"uv": [0, 0, 1, 1], "texture": "#0"}
			}
		},
		{
			"from": [7.7, 1.45, 4.95],
			"to": [8.3, 3.95, 5.35],
			"rotation": {"angle": -22.5, "axis": "x", "origin": [8, 2.65, 7]},
			"faces": {
				"north": {"uv": [0, 0, 1, 1], "rotation": 180, "texture": "#0"},
				"east": {"uv": [0, 0, 1, 1], "rotation": 270, "texture": "#0"},
				"south": {"uv": [0, 0, 1, 1], "texture": "#0"},
				"west": {"uv": [0, 0, 1, 1], "rotation": 90, "texture": "#0"},
				"up": {"uv": [0, 0, 1, 1], "rotation": 180, "texture": "#0"},
				"down": {"uv": [0, 0, 1, 1], "texture": "#0"}
			}
		},
		{
			"from": [7.95, 2.55, 6.3],
			"to": [8.05, 3.15, 6.7],
			"rotation": {"angle": 22.5, "axis": "x", "origin": [8, 2.75, 6.15]},
			"faces": {
				"north": {"uv": [0, 15.5, 0.5, 16], "texture": "#0"},
				"east": {"uv": [0, 15.5, 0.5, 16], "texture": "#0"},
				"south": {"uv": [0, 15.5, 0.5, 16], "texture": "#0"},
				"west": {"uv": [0, 15.5, 0.5, 16], "texture": "#0"},
				"up": {"uv": [0, 15.5, 0.5, 16], "texture": "#0"},
				"down": {"uv": [0, 15.5, 0.5, 16], "texture": "#0"}
			}
		},
		{
			"from": [7.95, 2.35, 6.3],
			"to": [8.05, 2.95, 6.7],
			"rotation": {"angle": -22.5, "axis": "x", "origin": [8, 2.75, 6.15]},
			"faces": {
				"north": {"uv": [0, 15.5, 0.5, 16], "rotation": 180, "texture": "#0"},
				"east": {"uv": [0, 15.5, 0.5, 16], "texture": "#0"},
				"south": {"uv": [0, 15.5, 0.5, 16], "rotation": 180, "texture": "#0"},
				"west": {"uv": [0, 15.5, 0.5, 16], "rotation": 180, "texture": "#0"},
				"up": {"uv": [0, 15.5, 0.5, 16], "rotation": 180, "texture": "#0"},
				"down": {"uv": [0, 15.5, 0.5, 16], "rotation": 180, "texture": "#0"}
			}
		},
		{
			"from": [7.199, 1.5, 13.4],
			"to": [8.801, 4.41, 14.2],
			"rotation": {"angle": 22.5, "axis": "x", "origin": [8, 2.8, 13.7]},
			"faces": {
				"north": {"uv": [0, 0, 1, 1], "texture": "#0"},
				"east": {"uv": [0, 0, 1, 1], "texture": "#0"},
				"south": {"uv": [0, 0, 1.5, 2.5], "texture": "#0"},
				"west": {"uv": [0, 0, 1, 1], "texture": "#0"},
				"up": {"uv": [0, 0, 1, 1], "texture": "#0"},
				"down": {"uv": [0, 0, 1, 1], "texture": "#0"}
			}
		},
		{
			"from": [7.2, 1.4, 12.5],
			"to": [8.8, 1.8, 13.7],
			"faces": {
				"north": {"uv": [0, 0, 1, 1], "texture": "#0"},
				"east": {"uv": [0, 0, 1, 1], "texture": "#0"},
				"south": {"uv": [0, 0, 1, 1], "texture": "#0"},
				"west": {"uv": [0, 0, 1, 1], "texture": "#0"},
				"up": {"uv": [0, 0, 1, 1], "texture": "#0"},
				"down": {"uv": [0, 0, 1, 1], "texture": "#0"}
			}
		},
		{
			"from": [7.201, 1.3, 9.5],
			"to": [8.799, 2.7, 13.4],
			"rotation": {"angle": 22.5, "axis": "x", "origin": [8, 2.8, 13.7]},
			"faces": {
				"north": {"uv": [0, 0, 1, 1], "rotation": 180, "texture": "#0"},
				"east": {"uv": [0, 0, 1.5, 4.5], "rotation": 90, "texture": "#0"},
				"south": {"uv": [0, 0, 1, 1], "texture": "#0"},
				"west": {"uv": [0, 0, 1.5, 4.5], "rotation": 90, "texture": "#0"},
				"up": {"uv": [0, 0, 1, 1], "texture": "#0"},
				"down": {"uv": [0, 0, 1.5, 4.5], "texture": "#0"}
			}
		},
		{
			"from": [8.7, 3.4, 4.6],
			"to": [8.9, 3.9, 13],
			"rotation": {"angle": 22.5, "axis": "z", "origin": [8, 3.6, 7.5]},
			"faces": {
				"north": {"uv": [0, 0, 1, 1], "texture": "#0"},
				"east": {"uv": [0, 0, 5.25, 0.25], "texture": "#0"},
				"south": {"uv": [0, 0, 1, 1], "texture": "#0"},
				"west": {"uv": [0, 0, 1, 1], "rotation": 180, "texture": "#0"},
				"up": {"uv": [0, 0, 1, 1], "rotation": 180, "texture": "#0"},
				"down": {"uv": [0, 0, 5.25, 0.25], "rotation": 90, "texture": "#0"}
			}
		},
		{
			"from": [7.9, 2.55, 2.05],
			"to": [8.1, 3.05, 2.25],
			"faces": {
				"north": {"uv": [0, 0, 1, 1], "rotation": 180, "texture": "#0"},
				"east": {"uv": [0, 0, 1, 1], "rotation": 270, "texture": "#0"},
				"south": {"uv": [0, 0, 1, 1], "texture": "#0"},
				"west": {"uv": [0, 0, 1, 1], "rotation": 90, "texture": "#0"},
				"up": {"uv": [0, 0, 1, 1], "rotation": 180, "texture": "#0"},
				"down": {"uv": [0, 0, 1, 1], "texture": "#0"}
			}
		},
		{
			"from": [7.8, 1.05, 1.95],
			"to": [8.2, 2.55, 2.35],
			"faces": {
				"north": {"uv": [0, 0, 1, 1], "rotation": 180, "texture": "#0"},
				"east": {"uv": [0, 0, 1, 1], "rotation": 270, "texture": "#0"},
				"south": {"uv": [0, 0, 1, 1], "texture": "#0"},
				"west": {"uv": [0, 0, 1, 1], "rotation": 90, "texture": "#0"},
				"up": {"uv": [0, 0, 1, 1], "rotation": 180, "texture": "#0"},
				"down": {"uv": [0, 0, 1, 1], "texture": "#0"}
			}
		},
		{
			"from": [7.7, 4.4, 6],
			"to": [8.3, 4.7, 8.5],
			"faces": {
				"north": {"uv": [0, 0, 1, 1], "texture": "#0"},
				"east": {"uv": [0, 0, 1, 1], "texture": "#0"},
				"south": {"uv": [0, 0, 1, 1], "texture": "#0"},
				"west": {"uv": [0, 0.75, 2.75, 2], "texture": "#0"},
				"up": {"uv": [0, 3.75, 4, 5.5], "rotation": 90, "texture": "#0"},
				"down": {"uv": [0, 0, 1, 1], "texture": "#0"}
			}
		},
		{
			"from": [7.7, 4.4, 8.65],
			"to": [8.3, 4.6, 9.1],
			"rotation": {"angle": 45, "axis": "x", "origin": [8, 4.8, 8.7]},
			"faces": {
				"north": {"uv": [0, 0, 1, 1], "texture": "#0"},
				"east": {"uv": [0, 0, 1, 1], "texture": "#0"},
				"south": {"uv": [0, 0, 1, 1], "texture": "#0"},
				"west": {"uv": [0, 0, 1, 1], "texture": "#0"},
				"up": {"uv": [0, 0, 1, 1], "texture": "#0"},
				"down": {"uv": [0, 0, 1, 1], "texture": "#0"}
			}
		},
		{
			"from": [7.7, 4.66, 8.25],
			"to": [8.3, 4.8, 8.53],
			"faces": {
				"north": {"uv": [0.25, 0.25, 0.75, 0.75], "texture": "#0"},
				"east": {"uv": [0.25, 0.25, 0.75, 0.75], "texture": "#0"},
				"south": {"uv": [0.25, 0.25, 0.75, 0.75], "texture": "#0"},
				"west": {"uv": [0.25, 0.25, 0.75, 0.75], "texture": "#0"},
				"up": {"uv": [0.25, 0.25, 0.75, 0.75], "texture": "#0"},
				"down": {"uv": [0.25, 0.25, 0.75, 0.75], "texture": "#0"}
			}
		},
		{
			"from": [7.7, 4.7, 7.85],
			"to": [8.3, 4.8, 8.13],
			"faces": {
				"north": {"uv": [0.25, 0.25, 0.75, 0.75], "texture": "#0"},
				"east": {"uv": [0.25, 0.25, 0.75, 0.75], "texture": "#0"},
				"south": {"uv": [0.25, 0.25, 0.75, 0.75], "texture": "#0"},
				"west": {"uv": [0.25, 0.25, 0.75, 0.75], "texture": "#0"},
				"up": {"uv": [0.25, 0.25, 0.75, 0.75], "texture": "#0"},
				"down": {"uv": [0.25, 0.25, 0.75, 0.75], "texture": "#0"}
			}
		},
		{
			"from": [7.7, 4.7, 7.45],
			"to": [8.3, 4.8, 7.73],
			"faces": {
				"north": {"uv": [0.25, 0.25, 0.75, 0.75], "texture": "#0"},
				"east": {"uv": [0.25, 0.25, 0.75, 0.75], "texture": "#0"},
				"south": {"uv": [0.25, 0.25, 0.75, 0.75], "texture": "#0"},
				"west": {"uv": [0.25, 0.25, 0.75, 0.75], "texture": "#0"},
				"up": {"uv": [0.25, 0.25, 0.75, 0.75], "texture": "#0"},
				"down": {"uv": [0.25, 0.25, 0.75, 0.75], "texture": "#0"}
			}
		},
		{
			"from": [7.7, 4.7, 7.05],
			"to": [8.3, 4.8, 7.33],
			"faces": {
				"north": {"uv": [0.25, 0.25, 0.75, 0.75], "texture": "#0"},
				"east": {"uv": [0.25, 0.25, 0.75, 0.75], "texture": "#0"},
				"south": {"uv": [0.25, 0.25, 0.75, 0.75], "texture": "#0"},
				"west": {"uv": [0.25, 0.25, 0.75, 0.75], "texture": "#0"},
				"up": {"uv": [0.25, 0.25, 0.75, 0.75], "texture": "#0"},
				"down": {"uv": [0.25, 0.25, 0.75, 0.75], "texture": "#0"}
			}
		},
		{
			"from": [7.7, 4.7, 6.65],
			"to": [8.3, 4.8, 6.93],
			"faces": {
				"north": {"uv": [0.25, 0.25, 0.75, 0.75], "texture": "#0"},
				"east": {"uv": [0.25, 0.25, 0.75, 0.75], "texture": "#0"},
				"south": {"uv": [0.25, 0.25, 0.75, 0.75], "texture": "#0"},
				"west": {"uv": [0.25, 0.25, 0.75, 0.75], "texture": "#0"},
				"up": {"uv": [0.25, 0.25, 0.75, 0.75], "texture": "#0"},
				"down": {"uv": [0.25, 0.25, 0.75, 0.75], "texture": "#0"}
			}
		},
		{
			"from": [7.7, 4.7, 6.25],
			"to": [8.3, 4.8, 6.53],
			"faces": {
				"north": {"uv": [0.25, 0.25, 0.75, 0.75], "texture": "#0"},
				"east": {"uv": [0.25, 0.25, 0.75, 0.75], "texture": "#0"},
				"south": {"uv": [0.25, 0.25, 0.75, 0.75], "texture": "#0"},
				"west": {"uv": [0.25, 0.25, 0.75, 0.75], "texture": "#0"},
				"up": {"uv": [0.25, 0.25, 0.75, 0.75], "texture": "#0"},
				"down": {"uv": [0.25, 0.25, 0.75, 0.75], "texture": "#0"}
			}
		},
		{
			"from": [7.64, 4.55, 5.05],
			"to": [8.36, 5.2, 6.13],
			"faces": {
				"north": {"uv": [0, 0, 1, 1], "texture": "#0"},
				"east": {"uv": [0, 0, 1, 1], "texture": "#0"},
				"south": {"uv": [0, 0, 1, 1], "texture": "#0"},
				"west": {"uv": [0, 0, 1, 1], "texture": "#0"},
				"up": {"uv": [0, 0, 1, 1], "texture": "#0"},
				"down": {"uv": [0, 0, 1, 1], "texture": "#0"}
			}
		},
		{
			"from": [7.7, 4.7, 4.65],
			"to": [8.3, 4.8, 4.93],
			"faces": {
				"north": {"uv": [0.25, 0.25, 0.75, 0.75], "texture": "#0"},
				"east": {"uv": [0.25, 0.25, 0.75, 0.75], "texture": "#0"},
				"south": {"uv": [0.25, 0.25, 0.75, 0.75], "texture": "#0"},
				"west": {"uv": [0.25, 0.25, 0.75, 0.75], "texture": "#0"},
				"up": {"uv": [0.25, 0.25, 0.75, 0.75], "texture": "#0"},
				"down": {"uv": [0.25, 0.25, 0.75, 0.75], "texture": "#0"}
			}
		},
		{
			"from": [7.7, 4.7, 4.25],
			"to": [8.3, 4.8, 4.53],
			"faces": {
				"north": {"uv": [0.25, 0.25, 0.75, 0.75], "texture": "#0"},
				"east": {"uv": [0.25, 0.25, 0.75, 0.75], "texture": "#0"},
				"south": {"uv": [0.25, 0.25, 0.75, 0.75], "texture": "#0"},
				"west": {"uv": [0.25, 0.25, 0.75, 0.75], "texture": "#0"},
				"up": {"uv": [0.25, 0.25, 0.75, 0.75], "texture": "#0"},
				"down": {"uv": [0.25, 0.25, 0.75, 0.75], "texture": "#0"}
			}
		},
		{
			"from": [7.7, 4.7, 3.85],
			"to": [8.3, 4.8, 4.13],
			"faces": {
				"north": {"uv": [0.25, 0.25, 0.75, 0.75], "texture": "#0"},
				"east": {"uv": [0.25, 0.25, 0.75, 0.75], "texture": "#0"},
				"south": {"uv": [0.25, 0.25, 0.75, 0.75], "texture": "#0"},
				"west": {"uv": [0.25, 0.25, 0.75, 0.75], "texture": "#0"},
				"up": {"uv": [0.25, 0.25, 0.75, 0.75], "texture": "#0"},
				"down": {"uv": [0.25, 0.25, 0.75, 0.75], "texture": "#0"}
			}
		},
		{
			"from": [7.7, 4.7, 3.45],
			"to": [8.3, 4.8, 3.73],
			"faces": {
				"north": {"uv": [0.25, 0.25, 0.75, 0.75], "texture": "#0"},
				"east": {"uv": [0.25, 0.25, 0.75, 0.75], "texture": "#0"},
				"south": {"uv": [0.25, 0.25, 0.75, 0.75], "texture": "#0"},
				"west": {"uv": [0.25, 0.25, 0.75, 0.75], "texture": "#0"},
				"up": {"uv": [0.25, 0.25, 0.75, 0.75], "texture": "#0"},
				"down": {"uv": [0.25, 0.25, 0.75, 0.75], "texture": "#0"}
			}
		},
		{
			"from": [7.7, 4.7, 3.05],
			"to": [8.3, 4.8, 3.33],
			"faces": {
				"north": {"uv": [0.25, 0.25, 0.75, 0.75], "texture": "#0"},
				"east": {"uv": [0.25, 0.25, 0.75, 0.75], "texture": "#0"},
				"south": {"uv": [0.25, 0.25, 0.75, 0.75], "texture": "#0"},
				"west": {"uv": [0.25, 0.25, 0.75, 0.75], "texture": "#0"},
				"up": {"uv": [0.25, 0.25, 0.75, 0.75], "texture": "#0"},
				"down": {"uv": [0.25, 0.25, 0.75, 0.75], "texture": "#0"}
			}
		},
		{
			"from": [7.7, 4.7, 2.65],
			"to": [8.3, 4.8, 2.93],
			"faces": {
				"north": {"uv": [0.25, 0.25, 0.75, 0.75], "texture": "#0"},
				"east": {"uv": [0.25, 0.25, 0.75, 0.75], "texture": "#0"},
				"south": {"uv": [0.25, 0.25, 0.75, 0.75], "texture": "#0"},
				"west": {"uv": [0.25, 0.25, 0.75, 0.75], "texture": "#0"},
				"up": {"uv": [0.25, 0.25, 0.75, 0.75], "texture": "#0"},
				"down": {"uv": [0.25, 0.25, 0.75, 0.75], "texture": "#0"}
			}
		},
		{
			"from": [7.7, 4.7, 2.25],
			"to": [8.3, 4.8, 2.53],
			"faces": {
				"north": {"uv": [0.25, 0.25, 0.75, 0.75], "texture": "#0"},
				"east": {"uv": [0.25, 0.25, 0.75, 0.75], "texture": "#0"},
				"south": {"uv": [0.25, 0.25, 0.75, 0.75], "texture": "#0"},
				"west": {"uv": [0.25, 0.25, 0.75, 0.75], "texture": "#0"},
				"up": {"uv": [0.25, 0.25, 0.75, 0.75], "texture": "#0"},
				"down": {"uv": [0.25, 0.25, 0.75, 0.75], "texture": "#0"}
			}
		},
		{
			"from": [7.65, 5.1, 4.35],
			"to": [8.35, 5.8, 6.83],
			"faces": {
				"north": {"uv": [0, 0, 0.25, 0.25], "texture": "#0"},
				"east": {"uv": [0, 0, 1, 1], "texture": "#0"},
				"south": {"uv": [0, 0, 0.25, 0.25], "texture": "#0"},
				"west": {"uv": [0, 0, 1, 1], "texture": "#0"},
				"up": {"uv": [0, 0, 1, 1], "texture": "#0"},
				"down": {"uv": [0, 0, 1, 1], "texture": "#0"}
			}
		},
		{
			"from": [7.55, 4.85, 5.05],
			"to": [7.65, 5.25, 6.13],
			"faces": {
				"north": {"uv": [0, 0, 1, 1], "texture": "#0"},
				"east": {"uv": [0, 0, 1, 1], "texture": "#0"},
				"south": {"uv": [0, 0, 1, 1], "texture": "#0"},
				"west": {"uv": [0, 0, 1, 1], "texture": "#0"},
				"up": {"uv": [0, 0, 1, 1], "texture": "#0"},
				"down": {"uv": [0, 0, 1, 1], "texture": "#0"}
			}
		},
		{
			"from": [8.35, 4.85, 5.05],
			"to": [8.45, 5.25, 6.13],
			"faces": {
				"north": {"uv": [0, 0, 1, 1], "texture": "#0"},
				"east": {"uv": [0, 0, 1, 1], "texture": "#0"},
				"south": {"uv": [0, 0, 1, 1], "texture": "#0"},
				"west": {"uv": [0, 0, 1, 1], "texture": "#0"},
				"up": {"uv": [0, 0, 1, 1], "texture": "#0"},
				"down": {"uv": [0, 0, 1, 1], "texture": "#0"}
			}
		},
		{
			"from": [7.45, 4.95, 5.85],
			"to": [8.55, 5.15, 6.05],
			"rotation": {"angle": 45, "axis": "x", "origin": [8.4, 5.1, 5.9]},
			"faces": {
				"north": {"uv": [0, 0, 1, 1], "texture": "#0"},
				"east": {"uv": [0, 0, 1, 1], "texture": "#0"},
				"south": {"uv": [0, 0, 1, 1], "texture": "#0"},
				"west": {"uv": [0, 0, 1, 1], "texture": "#0"},
				"up": {"uv": [0, 0, 1, 1], "texture": "#0"},
				"down": {"uv": [0, 0, 1, 1], "texture": "#0"}
			}
		},
		{
			"from": [7.45, 4.5, 5.4],
			"to": [8.55, 4.7, 5.6],
			"rotation": {"angle": 45, "axis": "x", "origin": [8.4, 5.1, 5.9]},
			"faces": {
				"north": {"uv": [0, 0, 1, 1], "texture": "#0"},
				"east": {"uv": [0, 0, 1, 1], "texture": "#0"},
				"south": {"uv": [0, 0, 1, 1], "texture": "#0"},
				"west": {"uv": [0, 0, 1, 1], "texture": "#0"},
				"up": {"uv": [0, 0, 1, 1], "texture": "#0"},
				"down": {"uv": [0, 0, 1, 1], "texture": "#0"}
			}
		},
		{
			"from": [7.65, 5.1, 4.35],
			"to": [8.35, 5.8, 6.83],
			"rotation": {"angle": 22.5, "axis": "z", "origin": [8, 5.45, 5.59]},
			"faces": {
				"north": {"uv": [0, 0, 0.25, 0.25], "texture": "#0"},
				"east": {"uv": [0, 0, 1, 1], "texture": "#0"},
				"south": {"uv": [0, 0, 0.25, 0.25], "texture": "#0"},
				"west": {"uv": [0, 0, 1, 1], "texture": "#0"},
				"up": {"uv": [0, 0, 1, 1], "texture": "#0"},
				"down": {"uv": [0, 0, 1, 1], "texture": "#0"}
			}
		},
		{
			"from": [7.65, 5.1, 4.35],
			"to": [8.35, 5.8, 6.83],
			"rotation": {"angle": -22.5, "axis": "z", "origin": [8, 5.45, 5.59]},
			"faces": {
				"north": {"uv": [0, 0, 0.25, 0.25], "texture": "#0"},
				"east": {"uv": [0, 0, 1, 1], "rotation": 270, "texture": "#0"},
				"south": {"uv": [0, 0, 0.25, 0.25], "texture": "#0"},
				"west": {"uv": [0, 0, 1, 1], "rotation": 90, "texture": "#0"},
				"up": {"uv": [0, 0, 1, 1], "rotation": 270, "texture": "#0"},
				"down": {"uv": [0, 0, 1, 1], "rotation": 270, "texture": "#0"}
			}
		},
		{
			"from": [7.54, 5.26, 4.35],
			"to": [8.46, 5.64, 6.83],
			"faces": {
				"north": {"uv": [0, 0, 0.25, 0.25], "texture": "#0"},
				"east": {"uv": [0, 0, 1, 1], "texture": "#0"},
				"south": {"uv": [0, 0, 0.25, 0.25], "texture": "#0"},
				"west": {"uv": [0, 0, 1, 1], "texture": "#0"},
				"up": {"uv": [0, 0, 1, 1], "texture": "#0"},
				"down": {"uv": [0, 0, 1, 1], "texture": "#0"}
			}
		},
		{
			"from": [7.81, 4.98, 4.35],
			"to": [8.19, 5.907, 6.83],
			"faces": {
				"north": {"uv": [0, 0, 0.25, 0.25], "texture": "#0"},
				"east": {"uv": [0, 0, 1, 1], "rotation": 270, "texture": "#0"},
				"south": {"uv": [0, 0, 0.25, 0.25], "texture": "#0"},
				"west": {"uv": [0, 0, 1, 1], "rotation": 90, "texture": "#0"},
				"up": {"uv": [0, 0, 1, 1], "rotation": 270, "texture": "#0"},
				"down": {"uv": [0, 0, 1, 1], "rotation": 270, "texture": "#0"}
			}
		},
		{
			"from": [7.6, 2.5, 9],
			"to": [8.4, 3.3, 10.6],
			"faces": {
				"north": {"uv": [0, 0, 1, 1], "rotation": 180, "texture": "#0"},
				"east": {"uv": [0, 0, 1, 1], "rotation": 90, "texture": "#0"},
				"south": {"uv": [0, 0, 1, 1], "texture": "#0"},
				"west": {"uv": [0, 0, 1, 1], "rotation": 270, "texture": "#0"},
				"up": {"uv": [0, 0, 1, 1], "texture": "#0"},
				"down": {"uv": [0, 0, 1, 1], "rotation": 180, "texture": "#0"}
			}
		},
		{
			"from": [7.2, 3, 2.8],
			"to": [8.8, 3.9, 4.6],
			"faces": {
				"north": {"uv": [0, 0, 1, 1], "texture": "#0"},
				"east": {"uv": [0, 0, 1, 1], "texture": "#0"},
				"south": {"uv": [0, 0, 1, 1], "texture": "#0"},
				"west": {"uv": [0, 0, 1, 1], "texture": "#0"},
				"up": {"uv": [0, 0, 1, 1], "texture": "#0"},
				"down": {"uv": [0, 0, 1, 1], "texture": "#0"}
			}
		},
		{
			"from": [7.2, 3.9, 2.3],
			"to": [8.8, 4.4, 4.6],
			"faces": {
				"north": {"uv": [9.25, 8.25, 8.25, 9.25], "texture": "#0"},
				"east": {"uv": [10, 8.25, 8.25, 8.75], "texture": "#0"},
				"south": {"uv": [9.25, 8.25, 8.25, 9.25], "texture": "#0"},
				"west": {"uv": [10, 8.25, 8.25, 8.75], "texture": "#0"},
				"up": {"uv": [10, 8.25, 8.25, 8.75], "texture": "#0"},
				"down": {"uv": [9.25, 8.25, 8.25, 9.25], "texture": "#0"}
			}
		},
		{
			"from": [7.1, 3.4, 2.3],
			"to": [7.3, 3.9, 4.6],
			"rotation": {"angle": -22.5, "axis": "z", "origin": [8, 3.6, -0.9]},
			"faces": {
				"north": {"uv": [9.25, 8.25, 8.25, 9.25], "rotation": 180, "texture": "#0"},
				"east": {"uv": [9.25, 8.25, 8.25, 9.25], "rotation": 180, "texture": "#0"},
				"south": {"uv": [9.25, 8.25, 8.25, 9.25], "rotation": 180, "texture": "#0"},
				"west": {"uv": [10, 8.25, 8.25, 8.75], "texture": "#0"},
				"up": {"uv": [9.25, 8.25, 8.25, 9.25], "rotation": 180, "texture": "#0"},
				"down": {"uv": [9.25, 8.25, 8.25, 9.25], "rotation": 180, "texture": "#0"}
			}
		},
		{
			"from": [8.7, 3.4, 2.3],
			"to": [8.9, 3.9, 4.6],
			"rotation": {"angle": 22.5, "axis": "z", "origin": [8, 3.6, -1.9]},
			"faces": {
				"north": {"uv": [9.25, 8.25, 8.25, 9.25], "rotation": 180, "texture": "#0"},
				"east": {"uv": [10, 8.25, 8.25, 8.75], "texture": "#0"},
				"south": {"uv": [9.25, 8.25, 8.25, 9.25], "rotation": 180, "texture": "#0"},
				"west": {"uv": [9.25, 8.25, 8.25, 9.25], "rotation": 180, "texture": "#0"},
				"up": {"uv": [9.25, 8.25, 8.25, 9.25], "rotation": 180, "texture": "#0"},
				"down": {"uv": [9.25, 8.25, 8.25, 9.25], "rotation": 180, "texture": "#0"}
			}
		},
		{
			"from": [7.2, 3.1, 1.4],
			"to": [8.8, 4.4, 2.3],
			"faces": {
				"north": {"uv": [0, 0, 1, 1], "texture": "#0"},
				"east": {"uv": [0, 0, 1, 1], "texture": "#0"},
				"south": {"uv": [0, 0, 1, 1], "texture": "#0"},
				"west": {"uv": [0, 0, 1, 1], "texture": "#0"},
				"up": {"uv": [0, 0, 1, 1], "texture": "#0"},
				"down": {"uv": [0, 0, 1, 1], "texture": "#0"}
			}
		},
		{
			"from": [7.1, 3.4, 0.9],
			"to": [7.3, 3.9, 2.3],
			"rotation": {"angle": -22.5, "axis": "z", "origin": [8, 3.6, -3.7]},
			"faces": {
				"north": {"uv": [1, 0, 0, 1], "texture": "#0"},
				"east": {"uv": [1, 0, 0, 1], "rotation": 180, "texture": "#0"},
				"south": {"uv": [1, 0, 0, 1], "texture": "#0"},
				"west": {"uv": [1, 0, 0, 1], "rotation": 180, "texture": "#0"},
				"up": {"uv": [1, 0, 0, 1], "rotation": 180, "texture": "#0"},
				"down": {"uv": [1, 0, 0, 1], "rotation": 180, "texture": "#0"}
			}
		},
		{
			"from": [7.1, 3.4, 4.6],
			"to": [7.3, 3.9, 13],
			"rotation": {"angle": -22.5, "axis": "z", "origin": [8, 3.6, 7.5]},
			"faces": {
				"north": {"uv": [1, 0, 0, 1], "texture": "#0"},
				"east": {"uv": [1, 0, 0, 1], "rotation": 180, "texture": "#0"},
				"south": {"uv": [1, 0, 0, 1], "texture": "#0"},
				"west": {"uv": [0, 0, 5.25, 0.25], "texture": "#0"},
				"up": {"uv": [1, 0, 0, 1], "rotation": 180, "texture": "#0"},
				"down": {"uv": [0, 0, 5.25, 0.25], "rotation": 90, "texture": "#0"}
			}
		},
		{
			"from": [7.202, 2.2, 12.7],
			"to": [8.798, 3, 13.5],
			"rotation": {"angle": 22.5, "axis": "x", "origin": [8, 2.8, 13.7]},
			"faces": {
				"north": {"uv": [0, 0, 1, 1], "rotation": 180, "texture": "#0"},
				"east": {"uv": [0, 0, 1, 1], "rotation": 90, "texture": "#0"},
				"south": {"uv": [0, 0, 1, 1], "texture": "#0"},
				"west": {"uv": [0, 0, 1, 1], "rotation": 270, "texture": "#0"},
				"up": {"uv": [0, 0, 1, 1], "texture": "#0"},
				"down": {"uv": [0, 0, 1, 1], "rotation": 180, "texture": "#0"}
			}
		},
		{
			"from": [8.7, 3.4, 0.9],
			"to": [8.9, 3.9, 2.3],
			"rotation": {"angle": 22.5, "axis": "z", "origin": [8, 3.6, -3.7]},
			"faces": {
				"north": {"uv": [0, 0, 1, 1], "texture": "#0"},
				"east": {"uv": [0, 0, 1, 1], "rotation": 180, "texture": "#0"},
				"south": {"uv": [0, 0, 1, 1], "texture": "#0"},
				"west": {"uv": [0, 0, 1, 1], "rotation": 180, "texture": "#0"},
				"up": {"uv": [0, 0, 1, 1], "rotation": 180, "texture": "#0"},
				"down": {"uv": [0, 0, 1, 1], "rotation": 180, "texture": "#0"}
			}
		},
		{
			"from": [7.2, 3, 2.3],
			"to": [8.8, 3.9, 2.8],
			"faces": {
				"north": {"uv": [9.25, 8.25, 8.25, 9.25], "texture": "#0"},
				"east": {"uv": [9.25, 8.25, 8.25, 9.25], "texture": "#0"},
				"south": {"uv": [9.25, 8.25, 8.25, 9.25], "texture": "#0"},
				"west": {"uv": [9.25, 8.25, 8.25, 9.25], "texture": "#0"},
				"up": {"uv": [9.25, 8.25, 8.25, 9.25], "texture": "#0"},
				"down": {"uv": [10, 8.25, 8.25, 8.75], "texture": "#0"}
			}
		},
		{
			"from": [7.2, 4.2, 3.4],
			"to": [7.4, 4.4, 4.5],
			"rotation": {"angle": -45, "axis": "z", "origin": [7.2, 4.25, 3.95]},
			"faces": {
				"north": {"uv": [9.25, 8.25, 8.25, 9.25], "rotation": 180, "texture": "#0"},
				"east": {"uv": [9.25, 8.25, 8.25, 9.25], "rotation": 180, "texture": "#0"},
				"south": {"uv": [9.25, 8.25, 8.25, 9.25], "rotation": 180, "texture": "#0"},
				"west": {"uv": [9.25, 8.25, 8.25, 9.25], "rotation": 180, "texture": "#0"},
				"up": {"uv": [9.25, 8.25, 8.25, 9.25], "rotation": 180, "texture": "#0"},
				"down": {"uv": [9.25, 8.25, 8.25, 9.25], "rotation": 180, "texture": "#0"}
			}
		},
		{
			"from": [8.6, 4.2, 3.4],
			"to": [8.8, 4.4, 4.5],
			"rotation": {"angle": 45, "axis": "z", "origin": [8.8, 4.25, 3.95]},
			"faces": {
				"north": {"uv": [8.25, 8.25, 9.25, 9.25], "rotation": 180, "texture": "#0"},
				"east": {"uv": [8.25, 8.25, 9.25, 9.25], "rotation": 180, "texture": "#0"},
				"south": {"uv": [8.25, 8.25, 9.25, 9.25], "rotation": 180, "texture": "#0"},
				"west": {"uv": [8.25, 8.25, 9.25, 9.25], "rotation": 180, "texture": "#0"},
				"up": {"uv": [8.25, 8.25, 9.25, 9.25], "rotation": 180, "texture": "#0"},
				"down": {"uv": [8.25, 8.25, 9.25, 9.25], "rotation": 180, "texture": "#0"}
			}
		},
		{
			"from": [7.65, 4.4, 4.6],
			"to": [8.35, 4.7, 6],
			"faces": {
				"north": {"uv": [0, 0, 1, 1], "texture": "#0"},
				"east": {"uv": [0, 0, 1, 1], "texture": "#0"},
				"south": {"uv": [0, 0, 1, 1], "texture": "#0"},
				"west": {"uv": [0, 0, 1, 1], "texture": "#0"},
				"up": {"uv": [0, 0, 1, 1], "texture": "#0"},
				"down": {"uv": [0, 0, 1, 1], "texture": "#0"}
			}
		},
		{
			"from": [7.7, 4.4, -0.6],
			"to": [8.3, 4.7, 4.6],
			"faces": {
				"north": {"uv": [0, 0, 1, 1], "texture": "#0"},
				"east": {"uv": [0, 0, 1, 1], "texture": "#0"},
				"south": {"uv": [0, 0, 1, 1], "texture": "#0"},
				"west": {"uv": [0, 0.75, 2.75, 2], "texture": "#0"},
				"up": {"uv": [0, 3.75, 4, 5.5], "rotation": 90, "texture": "#0"},
				"down": {"uv": [0, 0, 1, 1], "texture": "#0"}
			}
		},
		{
			"from": [7.7, 4.7, 1.85],
			"to": [8.3, 4.8, 2.13],
			"faces": {
				"north": {"uv": [0.25, 0.25, 0.75, 0.75], "texture": "#0"},
				"east": {"uv": [0.25, 0.25, 0.75, 0.75], "texture": "#0"},
				"south": {"uv": [0.25, 0.25, 0.75, 0.75], "texture": "#0"},
				"west": {"uv": [0.25, 0.25, 0.75, 0.75], "texture": "#0"},
				"up": {"uv": [0.25, 0.25, 0.75, 0.75], "texture": "#0"},
				"down": {"uv": [0.25, 0.25, 0.75, 0.75], "texture": "#0"}
			}
		},
		{
			"from": [7.7, 4.7, 1.45],
			"to": [8.3, 4.8, 1.73],
			"faces": {
				"north": {"uv": [0.25, 0.25, 0.75, 0.75], "texture": "#0"},
				"east": {"uv": [0.25, 0.25, 0.75, 0.75], "texture": "#0"},
				"south": {"uv": [0.25, 0.25, 0.75, 0.75], "texture": "#0"},
				"west": {"uv": [0.25, 0.25, 0.75, 0.75], "texture": "#0"},
				"up": {"uv": [0.25, 0.25, 0.75, 0.75], "texture": "#0"},
				"down": {"uv": [0.25, 0.25, 0.75, 0.75], "texture": "#0"}
			}
		},
		{
			"from": [7.7, 4.7, -0.15],
			"to": [8.3, 4.92, 0.33],
			"faces": {
				"north": {"uv": [0, 0, 1, 1], "texture": "#0"},
				"east": {"uv": [0, 0, 1, 1], "texture": "#0"},
				"south": {"uv": [0, 0, 1, 1], "texture": "#0"},
				"west": {"uv": [0, 0, 1, 1], "texture": "#0"},
				"up": {"uv": [0, 0, 1, 1], "texture": "#0"},
				"down": {"uv": [0, 0, 1, 1], "texture": "#0"}
			}
		},
		{
			"from": [8.7, 3.1, 1.6],
			"to": [8.9, 3.6, 2.9],
			"rotation": {"angle": 22.5, "axis": "z", "origin": [8, 3.3, -2.4]},
			"faces": {
				"north": {"uv": [9.25, 8.25, 8.25, 9.25], "rotation": 180, "texture": "#0"},
				"east": {"uv": [10, 8.25, 8.25, 8.75], "texture": "#0"},
				"south": {"uv": [9.25, 8.25, 8.25, 9.25], "rotation": 180, "texture": "#0"},
				"west": {"uv": [9.25, 8.25, 8.25, 9.25], "rotation": 180, "texture": "#0"},
				"up": {"uv": [9.25, 8.25, 8.25, 9.25], "rotation": 180, "texture": "#0"},
				"down": {"uv": [9.25, 8.25, 8.25, 9.25], "rotation": 180, "texture": "#0"}
			}
		},
		{
			"from": [7.1, 3.1, 1.6],
			"to": [7.3, 3.6, 2.9],
			"rotation": {"angle": -22.5, "axis": "z", "origin": [8, 3.3, -1.4]},
			"faces": {
				"north": {"uv": [9.25, 8.25, 8.25, 9.25], "rotation": 180, "texture": "#0"},
				"east": {"uv": [9.25, 8.25, 8.25, 9.25], "rotation": 180, "texture": "#0"},
				"south": {"uv": [9.25, 8.25, 8.25, 9.25], "rotation": 180, "texture": "#0"},
				"west": {"uv": [9.5, 8.25, 8.25, 8.75], "texture": "#0"},
				"up": {"uv": [9.25, 8.25, 8.25, 9.25], "rotation": 180, "texture": "#0"},
				"down": {"uv": [9.25, 8.25, 8.25, 9.25], "rotation": 180, "texture": "#0"}
			}
		},
		{
			"from": [7.7, 4.8, -1.75],
			"to": [8.3, 5, -0.07],
			"rotation": {"angle": -22.5, "axis": "x", "origin": [8, 4.8, 0.09]},
			"faces": {
				"north": {"uv": [0, 0, 1, 1], "texture": "#0"},
				"east": {"uv": [0, 0, 1, 1], "texture": "#0"},
				"south": {"uv": [0, 0, 1, 1], "texture": "#0"},
				"west": {"uv": [0, 0, 1, 1], "texture": "#0"},
				"up": {"uv": [0, 0, 0.75, 1], "rotation": 90, "texture": "#0"},
				"down": {"uv": [0, 0, 1, 1], "texture": "#0"}
			}
		},
		{
			"from": [7.7, 3.36, -1.71],
			"to": [8.3, 4.34, -1.11],
			"faces": {
				"north": {"uv": [0, 0, 1, 1], "rotation": 180, "texture": "#0"},
				"east": {"uv": [0, 0, 1, 1], "rotation": 90, "texture": "#0"},
				"south": {"uv": [0, 0, 1, 1], "texture": "#0"},
				"west": {"uv": [0, 0, 1, 1], "rotation": 270, "texture": "#0"},
				"up": {"uv": [0, 0, 0.75, 1], "rotation": 90, "texture": "#0"},
				"down": {"uv": [0, 0, 1, 1], "rotation": 180, "texture": "#0"}
			}
		},
		{
			"from": [7.3, 3.2, 0.4],
			"to": [8.7, 4.4, 1.4],
			"faces": {
				"north": {"uv": [0, 0, 1, 1], "texture": "#0"},
				"east": {"uv": [0, 0, 1, 1], "texture": "#0"},
				"south": {"uv": [0, 0, 1, 1], "texture": "#0"},
				"west": {"uv": [0, 0, 1, 1], "texture": "#0"},
				"up": {"uv": [0, 0, 1, 1], "texture": "#0"},
				"down": {"uv": [0, 0, 1, 1], "texture": "#0"}
			}
		},
		{
			"from": [7.7, 4.6, -0.95],
			"to": [8.3, 4.8, -0.57],
			"rotation": {"angle": -22.5, "axis": "x", "origin": [8, 4.8, 0.09]},
			"faces": {
				"north": {"uv": [0, 0, 1, 1], "texture": "#0"},
				"east": {"uv": [0, 0, 1, 1], "texture": "#0"},
				"south": {"uv": [0, 0, 1, 1], "texture": "#0"},
				"west": {"uv": [0, 0, 1, 1], "texture": "#0"},
				"up": {"uv": [0, 0, 1, 1], "texture": "#0"},
				"down": {"uv": [0, 0, 1, 1], "texture": "#0"}
			}
		},
		{
			"from": [7.4, 3.2, -1.1],
			"to": [8.6, 4.4, 0.4],
			"faces": {
				"north": {"uv": [0, 0, 1, 1], "texture": "#0"},
				"east": {"uv": [0, 0, 1, 1], "texture": "#0"},
				"south": {"uv": [0, 0, 1, 1], "texture": "#0"},
				"west": {"uv": [0, 0, 1, 1], "texture": "#0"},
				"up": {"uv": [0, 0, 1, 1], "texture": "#0"},
				"down": {"uv": [0, 0, 1, 1], "texture": "#0"}
			}
		},
		{
			"from": [7.7, 3.76, -3.71],
			"to": [8, 4.06, -1.71],
			"rotation": {"angle": 45, "axis": "z", "origin": [8, 4.06, -1.81]},
			"faces": {
				"north": {"uv": [0, 0, 1, 1], "rotation": 180, "texture": "#0"},
				"east": {"uv": [0, 0, 1, 1], "rotation": 90, "texture": "#0"},
				"south": {"uv": [0, 0, 1, 1], "texture": "#0"},
				"west": {"uv": [0, 0, 1, 1], "rotation": 270, "texture": "#0"},
				"up": {"uv": [0, 0, 1, 1], "texture": "#0"},
				"down": {"uv": [0, 0, 1, 1], "rotation": 180, "texture": "#0"}
			}
		},
		{
			"from": [7.7, 2.9, -1.1],
			"to": [8.3, 3.2, 2.1],
			"faces": {
				"north": {"uv": [0, 1, 1, 0], "texture": "#0"},
				"east": {"uv": [0, 1, 1, 0], "texture": "#0"},
				"south": {"uv": [0, 1, 1, 0], "texture": "#0"},
				"west": {"uv": [0, 0.75, 2.75, 2], "texture": "#0"},
				"up": {"uv": [0, 1, 1, 0], "texture": "#0"},
				"down": {"uv": [0, 1, 1, 0], "texture": "#0"}
			}
		},
		{
			"from": [7.7, 2.8, 0.15],
			"to": [8.3, 2.9, 0.43],
			"faces": {
				"north": {"uv": [0.25, 0.25, 0.75, 0.75], "texture": "#0"},
				"east": {"uv": [0.25, 0.25, 0.75, 0.75], "texture": "#0"},
				"south": {"uv": [0.25, 0.25, 0.75, 0.75], "texture": "#0"},
				"west": {"uv": [0.25, 0.25, 0.75, 0.75], "texture": "#0"},
				"up": {"uv": [0.25, 0.25, 0.75, 0.75], "texture": "#0"},
				"down": {"uv": [0.25, 0.25, 0.75, 0.75], "texture": "#0"}
			}
		},
		{
			"from": [7.7, 2.8, 0.55],
			"to": [8.3, 2.9, 0.83],
			"faces": {
				"north": {"uv": [0.25, 0.25, 0.75, 0.75], "texture": "#0"},
				"east": {"uv": [0.25, 0.25, 0.75, 0.75], "texture": "#0"},
				"south": {"uv": [0.25, 0.25, 0.75, 0.75], "texture": "#0"},
				"west": {"uv": [0.25, 0.25, 0.75, 0.75], "texture": "#0"},
				"up": {"uv": [0.25, 0.25, 0.75, 0.75], "texture": "#0"},
				"down": {"uv": [0.25, 0.25, 0.75, 0.75], "texture": "#0"}
			}
		},
		{
			"from": [7.7, 2.8, 0.95],
			"to": [8.3, 2.9, 1.23],
			"faces": {
				"north": {"uv": [0.25, 0.25, 0.75, 0.75], "texture": "#0"},
				"east": {"uv": [0.25, 0.25, 0.75, 0.75], "texture": "#0"},
				"south": {"uv": [0.25, 0.25, 0.75, 0.75], "texture": "#0"},
				"west": {"uv": [0.25, 0.25, 0.75, 0.75], "texture": "#0"},
				"up": {"uv": [0.25, 0.25, 0.75, 0.75], "texture": "#0"},
				"down": {"uv": [0.25, 0.25, 0.75, 0.75], "texture": "#0"}
			}
		},
		{
			"from": [7.7, 2.8, 1.35],
			"to": [8.3, 2.9, 1.63],
			"faces": {
				"north": {"uv": [0.25, 0.25, 0.75, 0.75], "texture": "#0"},
				"east": {"uv": [0.25, 0.25, 0.75, 0.75], "texture": "#0"},
				"south": {"uv": [0.25, 0.25, 0.75, 0.75], "texture": "#0"},
				"west": {"uv": [0.25, 0.25, 0.75, 0.75], "texture": "#0"},
				"up": {"uv": [0.25, 0.25, 0.75, 0.75], "texture": "#0"},
				"down": {"uv": [0.25, 0.25, 0.75, 0.75], "texture": "#0"}
			}
		},
		{
			"from": [7.7, 2.8, 1.75],
			"to": [8.3, 2.9, 2.03],
			"faces": {
				"north": {"uv": [0.25, 0.25, 0.75, 0.75], "texture": "#0"},
				"east": {"uv": [0.25, 0.25, 0.75, 0.75], "texture": "#0"},
				"south": {"uv": [0.25, 0.25, 0.75, 0.75], "texture": "#0"},
				"west": {"uv": [0.25, 0.25, 0.75, 0.75], "texture": "#0"},
				"up": {"uv": [0.25, 0.25, 0.75, 0.75], "texture": "#0"},
				"down": {"uv": [0.25, 0.25, 0.75, 0.75], "texture": "#0"}
			}
		},
		{
			"from": [7.7, 3.01, -1.06],
			"to": [8.3, 3.59, -0.86],
			"rotation": {"angle": -22.5, "axis": "x", "origin": [8, 2.9, -0.66]},
			"faces": {
				"north": {"uv": [0, 0, 1, 1], "rotation": 180, "texture": "#0"},
				"east": {"uv": [0, 0, 1, 1], "rotation": 270, "texture": "#0"},
				"south": {"uv": [0, 0, 1, 1], "texture": "#0"},
				"west": {"uv": [0, 0, 1, 1], "rotation": 90, "texture": "#0"},
				"up": {"uv": [0, 0, 1, 1], "rotation": 180, "texture": "#0"},
				"down": {"uv": [0, 0, 1, 1], "texture": "#0"}
			}
		},
		{
			"from": [7.7, 2.8, -0.25],
			"to": [8.3, 2.9, 0.03],
			"faces": {
				"north": {"uv": [0.25, 0.25, 0.75, 0.75], "texture": "#0"},
				"east": {"uv": [0.25, 0.25, 0.75, 0.75], "texture": "#0"},
				"south": {"uv": [0.25, 0.25, 0.75, 0.75], "texture": "#0"},
				"west": {"uv": [0.25, 0.25, 0.75, 0.75], "texture": "#0"},
				"up": {"uv": [0.25, 0.25, 0.75, 0.75], "texture": "#0"},
				"down": {"uv": [0.25, 0.25, 0.75, 0.75], "texture": "#0"}
			}
		},
		{
			"from": [7.7, 2.8, -0.65],
			"to": [8.3, 2.9, -0.37],
			"faces": {
				"north": {"uv": [0.25, 0.25, 0.75, 0.75], "texture": "#0"},
				"east": {"uv": [0.25, 0.25, 0.75, 0.75], "texture": "#0"},
				"south": {"uv": [0.25, 0.25, 0.75, 0.75], "texture": "#0"},
				"west": {"uv": [0.25, 0.25, 0.75, 0.75], "texture": "#0"},
				"up": {"uv": [0.25, 0.25, 0.75, 0.75], "texture": "#0"},
				"down": {"uv": [0.25, 0.25, 0.75, 0.75], "texture": "#0"}
			}
		},
		{
			"from": [7.7, 2.8, -1.05],
			"to": [8.3, 2.9, -0.77],
			"faces": {
				"north": {"uv": [0.25, 0.25, 0.75, 0.75], "texture": "#0"},
				"east": {"uv": [0.25, 0.25, 0.75, 0.75], "texture": "#0"},
				"south": {"uv": [0.25, 0.25, 0.75, 0.75], "texture": "#0"},
				"west": {"uv": [0.25, 0.25, 0.75, 0.75], "texture": "#0"},
				"up": {"uv": [0.25, 0.25, 0.75, 0.75], "texture": "#0"},
				"down": {"uv": [0.25, 0.25, 0.75, 0.75], "texture": "#0"}
			}
		},
		{
			"from": [7.7, 4.7, 1.05],
			"to": [8.3, 4.8, 1.33],
			"faces": {
				"north": {"uv": [0.25, 0.25, 0.75, 0.75], "texture": "#0"},
				"east": {"uv": [0.25, 0.25, 0.75, 0.75], "texture": "#0"},
				"south": {"uv": [0.25, 0.25, 0.75, 0.75], "texture": "#0"},
				"west": {"uv": [0.25, 0.25, 0.75, 0.75], "texture": "#0"},
				"up": {"uv": [0.25, 0.25, 0.75, 0.75], "texture": "#0"},
				"down": {"uv": [0.25, 0.25, 0.75, 0.75], "texture": "#0"}
			}
		},
		{
			"from": [7.7, 4.7, 0.65],
			"to": [8.3, 4.8, 0.93],
			"faces": {
				"north": {"uv": [0.25, 0.25, 0.75, 0.75], "texture": "#0"},
				"east": {"uv": [0.25, 0.25, 0.75, 0.75], "texture": "#0"},
				"south": {"uv": [0.25, 0.25, 0.75, 0.75], "texture": "#0"},
				"west": {"uv": [0.25, 0.25, 0.75, 0.75], "texture": "#0"},
				"up": {"uv": [0.25, 0.25, 0.75, 0.75], "texture": "#0"},
				"down": {"uv": [0.25, 0.25, 0.75, 0.75], "texture": "#0"}
			}
		},
		{
			"from": [7.7, 4.7, 0.25],
			"to": [8.3, 4.8, 0.53],
			"faces": {
				"north": {"uv": [0, 0, 1, 1], "texture": "#0"},
				"east": {"uv": [0, 0, 1, 1], "texture": "#0"},
				"south": {"uv": [0, 0, 1, 1], "texture": "#0"},
				"west": {"uv": [0, 0, 1, 1], "texture": "#0"},
				"up": {"uv": [0.25, 0.25, 0.75, 0.75], "texture": "#0"},
				"down": {"uv": [0, 0, 1, 1], "texture": "#0"}
			}
		},
		{
			"from": [7.85, 4.9, -1.15],
			"to": [8.15, 5.2, -0.87],
			"rotation": {"angle": -22.5, "axis": "x", "origin": [8, 4.8, 0.09]},
			"faces": {
				"north": {"uv": [0, 0, 1, 1], "texture": "#0"},
				"east": {"uv": [0, 0, 1, 1], "texture": "#0"},
				"south": {"uv": [0, 0, 1, 1], "texture": "#0"},
				"west": {"uv": [0, 0, 1, 1], "texture": "#0"},
				"up": {"uv": [0, 0, 1, 1], "texture": "#0"},
				"down": {"uv": [0, 0, 1, 1], "texture": "#0"}
			}
		},
		{
			"from": [7.75, 5.2, 4.349],
			"to": [8.25, 5.7, 6.831],
			"faces": {
				"north": {"uv": [2, 2, 13.75, 13.75], "texture": "#2"},
				"east": {"uv": [0, 0, 1, 1], "texture": "#0"},
				"south": {"uv": [2, 2, 13.75, 13.75], "texture": "#2"},
				"west": {"uv": [0, 0, 1, 1], "texture": "#0"},
				"up": {"uv": [0, 0, 1, 1], "texture": "#0"},
				"down": {"uv": [0, 0, 1, 1], "texture": "#0"}
			}
		},
		{
			"from": [7.8, 1.4, 9.3],
			"to": [8.2, 2.5, 10.4],
			"faces": {
				"north": {"uv": [0, 15.5, 0.5, 16], "rotation": 270, "texture": "#0"},
				"east": {"uv": [0, 15.5, 0.5, 16], "rotation": 270, "texture": "#0"},
				"south": {"uv": [0, 15.5, 0.5, 16], "rotation": 270, "texture": "#0"},
				"west": {"uv": [0, 15.5, 0.5, 16], "rotation": 270, "texture": "#0"},
				"up": {"uv": [0, 15.5, 0.5, 16], "rotation": 270, "texture": "#0"},
				"down": {"uv": [0, 15.5, 0.5, 16], "rotation": 270, "texture": "#0"}
			}
		},
		{
			"from": [7.8, 0.3, 9.5],
			"to": [8.2, 1.7, 10.5],
			"rotation": {"angle": 22.5, "axis": "x", "origin": [8, 1.8, 9.8]},
			"faces": {
				"north": {"uv": [0, 15.5, 0.5, 16], "rotation": 270, "texture": "#0"},
				"east": {"uv": [0, 15.5, 0.5, 16], "rotation": 270, "texture": "#0"},
				"south": {"uv": [0, 15.5, 0.5, 16], "rotation": 270, "texture": "#0"},
				"west": {"uv": [0, 15.5, 0.5, 16], "rotation": 270, "texture": "#0"},
				"up": {"uv": [0, 15.5, 0.5, 16], "rotation": 270, "texture": "#0"},
				"down": {"uv": [0, 15.5, 0.5, 16], "rotation": 270, "texture": "#0"}
			}
		}
	],
	"display": {
		"thirdperson_righthand": {
			"rotation": [0, -15, 0],
			"translation": [-0.5, 5.5, 2.25]
		},
		"thirdperson_lefthand": {
			"rotation": [0, -15, 0],
			"translation": [-0.5, 5.5, 2.25]
		},
		"firstperson_righthand": {
			"rotation": [8, -5, 0],
			"translation": [5, 9, 9],
			"scale": [0.75, 0.75, 0.75]
		},
		"firstperson_lefthand": {
			"rotation": [8, -5, 0],
			"translation": [5, 9, 9],
			"scale": [0.75, 0.75, 0.75]
		},
		"ground": {
			"translation": [0, 4, 0]
		},
		"gui": {
			"rotation": [90, 50, -90],
			"translation": [4.5, 2.5, -1]
		},
		"fixed": {
			"rotation": [90, 50, -90],
			"translation": [4.5, 2.5, -1]
		}
	}
}