{
	"credit": "Made with Blockbench",
	"textures": {
		"3": "zcbm/weapons/ak-47"
	},
	"elements": [
		{
			"from": [7.37188, 7.40951, 8.90492],
			"to": [8.63188, 8.66951, 17.72492],
			"faces": {
				"north": {"uv": [1.75, 2.25, 3.00893, 3.50893], "texture": "#3"},
				"east": {"uv": [0, 12.5, 7.31921, 13.50893], "texture": "#3"},
				"south": {"uv": [0, 0, 0.63, 0.63], "texture": "#3"},
				"west": {"uv": [0, 8.5, 4.4096, 9.12946], "texture": "#3"},
				"up": {"uv": [3.75, 4.5, 4.37946, 8.9096], "texture": "#3"},
				"down": {"uv": [2.5, 1.75, 3.12946, 6.1596], "texture": "#3"}
			}
		},
		{
			"from": [7.52938, 8.66951, 9.52992],
			"to": [8.47438, 9.14201, 17.25242],
			"faces": {
				"north": {"uv": [1.5, 0, 0, 0.75], "texture": "#3"},
				"east": {"uv": [0, 12, 7.72207, 12.4721], "texture": "#3"},
				"south": {"uv": [0, 0, 0.4725, 0.23625], "texture": "#3"},
				"west": {"uv": [0, 7, 3.85938, 7.23438], "texture": "#3"},
				"up": {"uv": [0, 0, 0.4725, 3.86125], "texture": "#3"},
				"down": {"uv": [0, 15.25, 1.5, 0], "texture": "#3"}
			}
		},
		{
			"from": [7.68688, 9.14201, 9.52992],
			"to": [8.31688, 9.45701, 16.93742],
			"faces": {
				"north": {"uv": [1, 0, 0, 0.5], "texture": "#3"},
				"east": {"uv": [0, 7.25, 3.70313, 7.40737], "texture": "#3"},
				"south": {"uv": [0, 0, 0.315, 0.1575], "texture": "#3"},
				"west": {"uv": [0, 7.25, 3.70313, 7.40737], "texture": "#3"},
				"up": {"uv": [0, 0.75, 0.31473, 4.45313], "texture": "#3"},
				"down": {"uv": [0, 14.75, 1, 0], "texture": "#3"}
			}
		},
		{
			"from": [7.74988, 8.82701, 16.65392],
			"to": [8.25388, 9.20501, 17.72492],
			"rotation": {"angle": 45, "axis": "x", "origin": [8.00188, 8.98451, 17.09492]},
			"faces": {
				"north": {"uv": [0.8, 0, 0, 0.6], "texture": "#3"},
				"east": {"uv": [0, 0, 0.252, 0.5355], "texture": "#3"},
				"south": {"uv": [0, 0, 0.63, 0.63], "texture": "#3"},
				"west": {"uv": [0, 0, 0.252, 0.5355], "texture": "#3"},
				"up": {"uv": [0, 0, 0.252, 0.5355], "texture": "#3"},
				"down": {"uv": [0, 1.7, 0.8, 0], "texture": "#3"}
			}
		},
		{
			"from": [7.52938, 8.57501, 7.00992],
			"to": [8.47438, 9.64601, 9.52992],
			"faces": {
				"north": {"uv": [0, 0, 0.4725, 0.5355], "texture": "#3"},
				"east": {"uv": [0, 3.5, 1.25893, 4.0346], "texture": "#3"},
				"south": {"uv": [0, 4, 0.4721, 4.5346], "texture": "#3"},
				"west": {"uv": [2.75, 7.5, 4.00893, 8.0346], "texture": "#3"},
				"up": {"uv": [0, 0, 0.4725, 1.26], "texture": "#3"},
				"down": {"uv": [0, 4, 1.5, 0], "texture": "#3"}
			}
		},
		{
			"from": [7.68688, 5.20451, 16.46492],
			"to": [8.31688, 7.56701, 17.25242],
			"rotation": {"angle": -22.5, "axis": "x", "origin": [8.00188, 7.09451, 16.77992]},
			"faces": {
				"north": {"uv": [9.5, 2.25, 13.60491, 3.41518], "rotation": 90, "texture": "#3"},
				"east": {"uv": [9.5, 2.25, 13.60491, 3.41518], "rotation": 90, "texture": "#3"},
				"south": {"uv": [9.5, 2.25, 13.60491, 3.41518], "rotation": 90, "texture": "#3"},
				"west": {"uv": [9.5, 2.25, 13.60491, 3.41518], "rotation": 90, "texture": "#3"},
				"up": {"uv": [11.5, 2.75, 12.75893, 3.47433], "texture": "#3"},
				"down": {"uv": [11.5, 2.75, 12.75893, 3.47433], "texture": "#3"}
			}
		},
		{
			"from": [7.62388, 6.84251, 15.99242],
			"to": [8.37988, 7.56701, 17.25242],
			"faces": {
				"north": {"uv": [11.5, 2.75, 12.75893, 3.47433], "texture": "#3"},
				"east": {"uv": [11.5, 2.75, 12.75893, 3.47433], "texture": "#3"},
				"south": {"uv": [13, 2.5, 13.75558, 3.22433], "texture": "#3"},
				"west": {"uv": [12.25, 2.75, 13.50893, 3.47321], "texture": "#3"},
				"up": {"uv": [11.5, 2.75, 12.75893, 3.47433], "texture": "#3"},
				"down": {"uv": [12.5, 2.5, 13.25558, 3.75893], "texture": "#3"}
			}
		},
		{
			"from": [7.62388, 5.20451, 16.96892],
			"to": [8.37988, 5.55101, 17.94542],
			"faces": {
				"north": {"uv": [11.5, 2.75, 12.75893, 3.47433], "texture": "#3"},
				"east": {"uv": [11.5, 2.75, 12.75893, 3.47433], "texture": "#3"},
				"south": {"uv": [11.5, 2.75, 12.75893, 3.47433], "texture": "#3"},
				"west": {"uv": [11.5, 2.75, 12.75893, 3.47433], "texture": "#3"},
				"up": {"uv": [11.5, 2.75, 12.75893, 3.47433], "texture": "#3"},
				"down": {"uv": [12.5, 2.5, 13.25558, 3.75893], "texture": "#3"}
			}
		},
		{
			"from": [7.52938, 7.40951, 3.54992],
			"to": [8.47438, 8.57501, 8.90492],
			"faces": {
				"north": {"uv": [12.75, 2.25, 13.6942, 3.41518], "rotation": 90, "texture": "#3"},
				"east": {"uv": [9.5, 2.25, 14.85491, 3.41518], "texture": "#3"},
				"south": {"uv": [1.5, 0, 0, 0.75], "texture": "#3"},
				"west": {"uv": [9.5, 2.25, 14.85491, 3.41518], "texture": "#3"},
				"up": {"uv": [2, 14, 5.5, 1], "texture": "#3"},
				"down": {"uv": [9.5, 2.25, 14.85491, 3.41518], "rotation": 90, "texture": "#3"}
			}
		},
		{
			"from": [7.52938, 7.03151, 7.99142],
			"to": [8.47438, 7.40951, 8.90492],
			"faces": {
				"north": {"uv": [14, 2.75, 14.9442, 3.12723], "texture": "#3"},
				"east": {"uv": [12.75, 3.5, 13.66295, 3.87723], "texture": "#3"},
				"south": {"uv": [14, 2.75, 14.9442, 3.12723], "texture": "#3"},
				"west": {"uv": [12.75, 3.5, 13.66295, 3.87723], "texture": "#3"},
				"up": {"uv": [2, 14, 5.5, 1], "texture": "#3"},
				"down": {"uv": [13.5, 2.75, 14.4442, 3.66295], "texture": "#3"}
			}
		},
		{
			"from": [7.52938, 8.57501, 3.54992],
			"to": [8.47438, 9.48851, 7.00992],
			"faces": {
				"north": {"uv": [12, 3, 12.9442, 3.91295], "rotation": 90, "texture": "#3"},
				"east": {"uv": [10.75, 2.75, 14.20982, 3.66295], "texture": "#3"},
				"south": {"uv": [1.5, 0, 0, 0.75], "texture": "#3"},
				"west": {"uv": [10.75, 2.75, 14.20982, 3.66295], "texture": "#3"},
				"up": {"uv": [9.5, 2.25, 13.60491, 3.41518], "rotation": 90, "texture": "#3"},
				"down": {"uv": [3, 15, 8.5, 5], "texture": "#3"}
			}
		},
		{
			"from": [7.81288, 7.85051, -4.07508],
			"to": [8.19088, 8.22851, 5.12492],
			"faces": {
				"north": {"uv": [8, 0, 9.5, 1.5], "texture": "#3"},
				"east": {"uv": [0.5, 2, 4.72433, 2.18862], "texture": "#3"},
				"south": {"uv": [2, 0, 0, 2], "texture": "#3"},
				"west": {"uv": [0, 5.75, 4.22321, 5.93862], "texture": "#3"},
				"up": {"uv": [1.75, 5.5, 1.93862, 9.72321], "texture": "#3"},
				"down": {"uv": [3.75, 3, 3.93862, 7.22433], "texture": "#3"}
			}
		},
		{
			"from": [7.68688, 8.51201, 0.87242],
			"to": [8.31688, 9.14201, 5.12492],
			"faces": {
				"north": {"uv": [1.5, 2.25, 1.81473, 2.56473], "texture": "#3"},
				"east": {"uv": [3.5, 7.25, 5.625, 7.56362], "texture": "#3"},
				"south": {"uv": [2, 0, 0, 2], "texture": "#3"},
				"west": {"uv": [0.5, 4.5, 2.62611, 4.81473], "texture": "#3"},
				"up": {"uv": [4.25, 7, 4.56362, 9.125], "texture": "#3"},
				"down": {"uv": [3, 2.5, 3.31473, 4.62611], "texture": "#3"}
			}
		},
		{
			"from": [7.87588, 8.66951, -0.04108],
			"to": [8.12788, 9.14201, 1.18742],
			"rotation": {"angle": -45, "axis": "x", "origin": [8.00188, 8.82701, 1.10868]},
			"faces": {
				"north": {"uv": [2, 0, 0, 2], "texture": "#3"},
				"east": {"uv": [0, 0, 0.61425, 0.23625], "texture": "#3"},
				"south": {"uv": [2, 0, 0, 2], "texture": "#3"},
				"west": {"uv": [0, 0, 0.61425, 0.23625], "texture": "#3"},
				"up": {"uv": [0, 0, 0.126, 0.61425], "texture": "#3"},
				"down": {"uv": [0, 0, 0.126, 0.61425], "texture": "#3"}
			}
		},
		{
			"from": [7.74988, 7.78751, -0.38758],
			"to": [8.25388, 8.29151, 1.18742],
			"faces": {
				"north": {"uv": [1, 4.25, 1.25112, 4.50112], "texture": "#3"},
				"east": {"uv": [0, 0, 0.7875, 0.252], "texture": "#3"},
				"south": {"uv": [3.25, 2, 3.50112, 2.25112], "texture": "#3"},
				"west": {"uv": [0, 0, 0.7875, 0.252], "texture": "#3"},
				"up": {"uv": [0, 0, 0.252, 0.7875], "texture": "#3"},
				"down": {"uv": [1.5, 2.25, 1.75112, 3.03683], "texture": "#3"}
			}
		},
		{
			"from": [7.74988, 7.78751, -3.06508],
			"to": [8.25388, 8.29151, -1.49008],
			"faces": {
				"north": {"uv": [5.75, 9.75, 5.875, 9.95424], "texture": "#3"},
				"east": {"uv": [4.5, 9, 5.28683, 9.25112], "texture": "#3"},
				"south": {"uv": [5.75, 9.75, 5.875, 9.95424], "texture": "#3"},
				"west": {"uv": [4.5, 9, 5.28683, 9.25112], "texture": "#3"},
				"up": {"uv": [2.75, 3.5, 3.00112, 4.28683], "texture": "#3"},
				"down": {"uv": [2.75, 3.5, 3.00112, 4.28683], "texture": "#3"}
			}
		},
		{
			"from": [7.87588, 9.12627, -2.89184],
			"to": [8.12788, 9.66175, -2.26309],
			"faces": {
				"north": {"uv": [5.75, 9.75, 5.875, 9.95424], "texture": "#3"},
				"east": {"uv": [5.75, 9.75, 5.875, 9.95424], "rotation": 270, "texture": "#3"},
				"south": {"uv": [5.75, 9.75, 5.875, 9.95424], "rotation": 180, "texture": "#3"},
				"west": {"uv": [5.75, 9.75, 5.875, 9.95424], "texture": "#3"},
				"up": {"uv": [5.75, 9.75, 5.875, 9.95424], "rotation": 180, "texture": "#3"},
				"down": {"uv": [5.75, 9.75, 5.875, 9.95424], "texture": "#3"}
			}
		},
		{
			"from": [7.87588, 8.10251, -2.90758],
			"to": [8.12788, 8.51201, -1.80508],
			"faces": {
				"north": {"uv": [5.75, 9.75, 5.875, 9.95424], "texture": "#3"},
				"east": {"uv": [0, 0, 0.55125, 0.20475], "texture": "#3"},
				"south": {"uv": [5.75, 9.75, 5.875, 9.95424], "texture": "#3"},
				"west": {"uv": [0, 0, 0.55125, 0.20475], "texture": "#3"},
				"up": {"uv": [0, 0, 0.126, 0.55125], "texture": "#3"},
				"down": {"uv": [2, 6, 8, 1], "texture": "#3"}
			}
		},
		{
			"from": [7.87588, 8.49625, -2.89184],
			"to": [8.12788, 9.15777, -2.73432],
			"faces": {
				"north": {"uv": [5.75, 9.75, 5.875, 9.95424], "texture": "#3"},
				"east": {"uv": [5.75, 9.75, 5.875, 9.95424], "rotation": 270, "texture": "#3"},
				"south": {"uv": [5.75, 9.75, 5.875, 9.95424], "rotation": 180, "texture": "#3"},
				"west": {"uv": [5.75, 9.75, 5.875, 9.95424], "texture": "#3"},
				"up": {"uv": [5.75, 9.75, 5.875, 9.95424], "rotation": 180, "texture": "#3"},
				"down": {"uv": [5.75, 9.75, 5.875, 9.95424], "texture": "#3"}
			}
		},
		{
			"from": [7.93888, 8.34, -2.23159],
			"to": [8.06488, 9.56727, -2.07409],
			"rotation": {"angle": -22.5, "axis": "x", "origin": [8.00188, 9.01601, -1.94684]},
			"faces": {
				"north": {"uv": [5.75, 9.75, 5.875, 9.95424], "texture": "#3"},
				"east": {"uv": [5.75, 9.75, 5.875, 9.95424], "rotation": 270, "texture": "#3"},
				"south": {"uv": [5.75, 9.75, 5.875, 9.95424], "rotation": 180, "texture": "#3"},
				"west": {"uv": [5.75, 9.75, 5.875, 9.95424], "texture": "#3"},
				"up": {"uv": [5.75, 9.75, 5.875, 9.95424], "rotation": 180, "texture": "#3"},
				"down": {"uv": [5.75, 9.75, 5.875, 9.95424], "texture": "#3"}
			}
		},
		{
			"from": [7.78138, 9.63027, -2.89184],
			"to": [8.22238, 9.81927, -2.29434],
			"faces": {
				"north": {"uv": [5.75, 9.75, 5.875, 9.95424], "texture": "#3"},
				"east": {"uv": [5.75, 9.75, 5.875, 9.95424], "rotation": 270, "texture": "#3"},
				"south": {"uv": [5.75, 9.75, 5.875, 9.95424], "rotation": 180, "texture": "#3"},
				"west": {"uv": [5.75, 9.75, 5.875, 9.95424], "texture": "#3"},
				"up": {"uv": [5.75, 9.75, 5.875, 9.95424], "rotation": 180, "texture": "#3"},
				"down": {"uv": [5.75, 9.75, 5.875, 9.95424], "texture": "#3"}
			}
		},
		{
			"from": [7.78138, 9.81927, -2.89184],
			"to": [7.84438, 10.13427, -2.29434],
			"faces": {
				"north": {"uv": [5.75, 9.75, 5.875, 9.95424], "texture": "#3"},
				"east": {"uv": [5.75, 9.75, 5.875, 9.95424], "rotation": 270, "texture": "#3"},
				"south": {"uv": [5.75, 9.75, 5.875, 9.95424], "rotation": 180, "texture": "#3"},
				"west": {"uv": [5.75, 9.75, 5.875, 9.95424], "texture": "#3"},
				"up": {"uv": [5.75, 9.75, 5.875, 9.95424], "rotation": 180, "texture": "#3"},
				"down": {"uv": [5.75, 9.75, 5.875, 9.95424], "texture": "#3"}
			}
		},
		{
			"from": [8.15938, 9.81927, -2.89184],
			"to": [8.22238, 10.13427, -2.29434],
			"faces": {
				"north": {"uv": [5.75, 9.75, 5.875, 9.95424], "texture": "#3"},
				"east": {"uv": [5.75, 9.75, 5.875, 9.95424], "rotation": 270, "texture": "#3"},
				"south": {"uv": [5.75, 9.75, 5.875, 9.95424], "rotation": 180, "texture": "#3"},
				"west": {"uv": [5.75, 9.75, 5.875, 9.95424], "texture": "#3"},
				"up": {"uv": [5.75, 9.75, 5.875, 9.95424], "rotation": 180, "texture": "#3"},
				"down": {"uv": [5.75, 9.75, 5.875, 9.95424], "texture": "#3"}
			}
		},
		{
			"from": [7.97038, 9.81927, -2.89184],
			"to": [8.03338, 10.00827, -2.54532],
			"faces": {
				"north": {"uv": [5.75, 9.75, 5.875, 9.95424], "texture": "#3"},
				"east": {"uv": [5.75, 9.75, 5.875, 9.95424], "rotation": 270, "texture": "#3"},
				"south": {"uv": [5.75, 9.75, 5.875, 9.95424], "rotation": 180, "texture": "#3"},
				"west": {"uv": [5.75, 9.75, 5.875, 9.95424], "texture": "#3"},
				"up": {"uv": [5.75, 9.75, 5.875, 9.95424], "rotation": 180, "texture": "#3"},
				"down": {"uv": [5.75, 9.75, 5.875, 9.95424], "texture": "#3"}
			}
		},
		{
			"from": [7.93888, 7.53551, -2.37208],
			"to": [8.06488, 7.66151, 5.12492],
			"faces": {
				"north": {"uv": [2.25, 1.5, 2.48549, 1.76674], "texture": "#3"},
				"east": {"uv": [0, 0, 3.7485, 0.063], "texture": "#3"},
				"south": {"uv": [2, 0, 0, 2], "texture": "#3"},
				"west": {"uv": [0, 0, 3.7485, 0.063], "texture": "#3"},
				"up": {"uv": [0, 0, 0.063, 3.7485], "texture": "#3"},
				"down": {"uv": [0, 0, 0.063, 3.7485], "texture": "#3"}
			}
		},
		{
			"from": [7.87588, 7.48825, -2.13584],
			"to": [8.12788, 8.02375, -1.66334],
			"faces": {
				"north": {"uv": [2.25, 1.5, 2.48549, 1.76674], "texture": "#3"},
				"east": {"uv": [2.25, 1.5, 2.48549, 1.76674], "texture": "#3"},
				"south": {"uv": [5.75, 9.75, 5.875, 9.95424], "texture": "#3"},
				"west": {"uv": [2.25, 1.5, 2.48549, 1.76674], "texture": "#3"},
				"up": {"uv": [0, 2, 2, 0], "rotation": 180, "texture": "#3"},
				"down": {"uv": [2.25, 1.5, 2.48549, 1.76674], "texture": "#3"}
			}
		},
		{
			"from": [7.87588, 7.48825, -0.30882],
			"to": [8.12788, 8.02375, 0.16368],
			"faces": {
				"north": {"uv": [0, 0, 0.126, 0.26775], "texture": "#3"},
				"east": {"uv": [0, 0, 0.23625, 0.26775], "texture": "#3"},
				"south": {"uv": [0, 0, 0.126, 0.26775], "texture": "#3"},
				"west": {"uv": [0, 0, 0.23625, 0.26775], "texture": "#3"},
				"up": {"uv": [0, 2, 2, 0], "rotation": 180, "texture": "#3"},
				"down": {"uv": [0, 0, 0.126, 0.23625], "texture": "#3"}
			}
		},
		{
			"from": [7.87588, 6.63775, 15.88218],
			"to": [8.12788, 7.42527, 15.97668],
			"faces": {
				"north": {"uv": [5.75, 9.75, 5.875, 9.95424], "texture": "#3"},
				"east": {"uv": [5.75, 9.75, 5.875, 9.95424], "rotation": 270, "texture": "#3"},
				"south": {"uv": [5.75, 9.75, 5.875, 9.95424], "rotation": 180, "texture": "#3"},
				"west": {"uv": [5.75, 9.75, 5.875, 9.95424], "texture": "#3"},
				"up": {"uv": [5.75, 9.75, 5.875, 9.95424], "rotation": 180, "texture": "#3"},
				"down": {"uv": [5.75, 9.75, 5.875, 9.95424], "texture": "#3"}
			}
		},
		{
			"from": [7.87588, 6.59051, 14.57492],
			"to": [8.12788, 6.68501, 15.92942],
			"faces": {
				"north": {"uv": [5.75, 9.75, 5.875, 9.95424], "rotation": 180, "texture": "#3"},
				"east": {"uv": [5.75, 9.75, 5.875, 9.95424], "rotation": 180, "texture": "#3"},
				"south": {"uv": [5.75, 9.75, 5.875, 9.95424], "rotation": 180, "texture": "#3"},
				"west": {"uv": [5.75, 9.75, 5.875, 9.95424], "texture": "#3"},
				"up": {"uv": [5.75, 9.75, 5.875, 9.95424], "texture": "#3"},
				"down": {"uv": [5.75, 9.75, 5.875, 9.95424], "texture": "#3"}
			}
		},
		{
			"from": [7.87588, 6.63775, 14.49618],
			"to": [8.12788, 7.42527, 14.59068],
			"faces": {
				"north": {"uv": [5.75, 9.75, 5.875, 9.95424], "texture": "#3"},
				"east": {"uv": [5.75, 9.75, 5.875, 9.95424], "rotation": 270, "texture": "#3"},
				"south": {"uv": [5.75, 9.75, 5.875, 9.95424], "rotation": 180, "texture": "#3"},
				"west": {"uv": [5.75, 9.75, 5.875, 9.95424], "texture": "#3"},
				"up": {"uv": [5.75, 9.75, 5.875, 9.95424], "rotation": 180, "texture": "#3"},
				"down": {"uv": [5.75, 9.75, 5.875, 9.95424], "texture": "#3"}
			}
		},
		{
			"from": [7.87588, 6.70075, 15.44118],
			"to": [8.12788, 7.04727, 15.53568],
			"rotation": {"angle": 45, "axis": "x", "origin": [8.00188, 7.03151, 15.48842]},
			"faces": {
				"north": {"uv": [5.75, 9.75, 5.875, 9.95424], "texture": "#3"},
				"east": {"uv": [5.75, 9.75, 5.875, 9.95424], "rotation": 270, "texture": "#3"},
				"south": {"uv": [5.75, 9.75, 5.875, 9.95424], "rotation": 180, "texture": "#3"},
				"west": {"uv": [5.75, 9.75, 5.875, 9.95424], "texture": "#3"},
				"up": {"uv": [5.75, 9.75, 5.875, 9.95424], "rotation": 180, "texture": "#3"},
				"down": {"uv": [5.75, 9.75, 5.875, 9.95424], "texture": "#3"}
			}
		},
		{
			"from": [7.87588, 7.01577, 15.44118],
			"to": [8.12788, 7.42527, 15.53568],
			"faces": {
				"north": {"uv": [5.75, 9.75, 5.875, 9.95424], "texture": "#3"},
				"east": {"uv": [5.75, 9.75, 5.875, 9.95424], "rotation": 270, "texture": "#3"},
				"south": {"uv": [5.75, 9.75, 5.875, 9.95424], "rotation": 180, "texture": "#3"},
				"west": {"uv": [5.75, 9.75, 5.875, 9.95424], "texture": "#3"},
				"up": {"uv": [5.75, 9.75, 5.875, 9.95424], "rotation": 180, "texture": "#3"},
				"down": {"uv": [5.75, 9.75, 5.875, 9.95424], "texture": "#3"}
			}
		},
		{
			"from": [7.74988, 6.82677, 13.80318],
			"to": [8.25388, 7.42527, 14.52768],
			"faces": {
				"north": {"uv": [5.75, 9.75, 5.875, 9.95424], "texture": "#3"},
				"east": {"uv": [5.75, 9.75, 5.875, 9.95424], "rotation": 270, "texture": "#3"},
				"south": {"uv": [5.75, 9.75, 5.875, 9.95424], "rotation": 180, "texture": "#3"},
				"west": {"uv": [5.75, 9.75, 5.875, 9.95424], "texture": "#3"},
				"up": {"uv": [5.75, 9.75, 5.875, 9.95424], "rotation": 180, "texture": "#3"},
				"down": {"uv": [5.75, 9.75, 5.875, 9.95424], "texture": "#3"}
			}
		},
		{
			"from": [7.87588, 6.51177, 13.99218],
			"to": [8.12788, 6.85825, 14.08668],
			"rotation": {"angle": -22.5, "axis": "x", "origin": [8.00188, 6.84251, 14.03942]},
			"faces": {
				"north": {"uv": [5.75, 9.75, 5.875, 9.95424], "texture": "#3"},
				"east": {"uv": [5.75, 9.75, 5.875, 9.95424], "rotation": 270, "texture": "#3"},
				"south": {"uv": [5.75, 9.75, 5.875, 9.95424], "rotation": 180, "texture": "#3"},
				"west": {"uv": [5.75, 9.75, 5.875, 9.95424], "texture": "#3"},
				"up": {"uv": [5.75, 9.75, 5.875, 9.95424], "rotation": 180, "texture": "#3"},
				"down": {"uv": [5.75, 9.75, 5.875, 9.95424], "texture": "#3"}
			}
		},
		{
			"from": [7.74988, 7.78751, -5.19008],
			"to": [8.25388, 8.29151, -3.17758],
			"faces": {
				"north": {"uv": [5.75, 9.75, 5.875, 9.95424], "texture": "#3"},
				"east": {"uv": [5.75, 9.75, 5.875, 9.95424], "texture": "#3"},
				"south": {"uv": [5.75, 9.75, 5.875, 9.95424], "texture": "#3"},
				"west": {"uv": [5.75, 9.75, 5.875, 9.95424], "texture": "#3"},
				"up": {"uv": [5.75, 9.75, 5.875, 9.95424], "texture": "#3"},
				"down": {"uv": [5.75, 9.75, 5.875, 9.95424], "texture": "#3"}
			}
		},
		{
			"from": [7.52938, 9.63751, 7.00992],
			"to": [8.47438, 9.83351, 7.75992],
			"faces": {
				"north": {"uv": [0, 0, 0.4725, 0.098], "texture": "#3"},
				"east": {"uv": [0, 0, 0.375, 0.0971], "texture": "#3"},
				"south": {"uv": [0, 0, 0.4725, 0.098], "texture": "#3"},
				"west": {"uv": [0, 0, 0.375, 0.0971], "texture": "#3"},
				"up": {"uv": [0.5, 3.5, 0.9721, 3.875], "texture": "#3"},
				"down": {"uv": [0, 4, 1.5, 0], "texture": "#3"}
			}
		},
		{
			"from": [7.52938, 9.70001, 7.75992],
			"to": [8.47438, 9.83351, 9.41617],
			"faces": {
				"north": {"uv": [1.5, 0, 0, 0.75], "texture": "#3"},
				"east": {"uv": [0, 2.25, 0.82813, 2.31585], "texture": "#3"},
				"south": {"uv": [0, 3.75, 0.4721, 3.81585], "texture": "#3"},
				"west": {"uv": [0, 2.25, 0.82813, 2.31585], "texture": "#3"},
				"up": {"uv": [0, 0, 0.4725, 0.82812], "texture": "#3"},
				"down": {"uv": [0, 0, 0.4725, 0.82812], "texture": "#3"}
			}
		},
		{
			"from": [8.06813, 9.82501, 9.29117],
			"to": [8.47438, 9.95851, 9.41617],
			"faces": {
				"north": {"uv": [0, 4.5, 0.20313, 4.56585], "texture": "#3"},
				"east": {"uv": [0, 0, 0.0625, 0.06675], "texture": "#3"},
				"south": {"uv": [0, 4.5, 0.20313, 4.56585], "texture": "#3"},
				"west": {"uv": [0, 0, 0.0625, 0.06675], "texture": "#3"},
				"up": {"uv": [0, 4.5, 0.20313, 4.56585], "texture": "#3"},
				"down": {"uv": [0, 4, 1.5, 0], "texture": "#3"}
			}
		},
		{
			"from": [7.53688, 9.82501, 9.29117],
			"to": [7.94313, 9.95851, 9.41617],
			"faces": {
				"north": {"uv": [0, 4.5, 0.20313, 4.56585], "texture": "#3"},
				"east": {"uv": [0, 0, 0.0625, 0.06675], "texture": "#3"},
				"south": {"uv": [0, 4.5, 0.20313, 4.56585], "texture": "#3"},
				"west": {"uv": [0, 0, 0.0625, 0.06675], "texture": "#3"},
				"up": {"uv": [0, 4.5, 0.20313, 4.56585], "texture": "#3"},
				"down": {"uv": [0, 4, 1.5, 0], "texture": "#3"}
			}
		},
		{
			"from": [7.56188, 7.44951, 3.49742],
			"to": [8.44188, 9.45451, 3.62492],
			"faces": {
				"north": {"uv": [1.25, 1, 2, 1.75], "texture": "#3"},
				"east": {"uv": [1.25, 1, 2, 1.75], "texture": "#3"},
				"south": {"uv": [1.25, 1, 2, 1.75], "texture": "#3"},
				"west": {"uv": [1.25, 1, 2, 1.75], "texture": "#3"},
				"up": {"uv": [1.25, 1, 2, 1.75], "texture": "#3"},
				"down": {"uv": [1.25, 1, 2, 1.75], "texture": "#3"}
			}
		},
		{
			"from": [7.87488, 8.85782, 17.03071],
			"to": [8.12888, 9.04832, 17.61733],
			"rotation": {"angle": 22.5, "axis": "x", "origin": [8.00188, 9.07807, 17.35527]},
			"faces": {
				"north": {"uv": [14.5, 14.5, 15.12946, 15.12946], "texture": "#3"},
				"east": {"uv": [14.5, 14.5, 15.12946, 15.12946], "texture": "#3"},
				"south": {"uv": [14.5, 14.5, 15.12946, 15.12946], "texture": "#3"},
				"west": {"uv": [14.5, 14.5, 15.12946, 15.12946], "texture": "#3"},
				"up": {"uv": [14.5, 14.5, 15.12946, 15.12946], "texture": "#3"},
				"down": {"uv": [14.5, 14.5, 15.12946, 15.12946], "texture": "#3"}
			}
		},
		{
			"from": [8.09188, 8.39601, 9.63492],
			"to": [9.22438, 8.64601, 9.82242],
			"faces": {
				"north": {"uv": [6, 12.25, 6.1875, 12.5], "texture": "#3"},
				"east": {"uv": [6, 12.25, 6.1875, 12.5], "texture": "#3"},
				"south": {"uv": [6, 12.25, 6.1875, 12.5], "texture": "#3"},
				"west": {"uv": [6, 12.25, 6.1875, 12.5], "texture": "#3"},
				"up": {"uv": [6, 12.25, 6.1875, 12.5], "texture": "#3"},
				"down": {"uv": [6, 12.25, 6.1875, 12.5], "texture": "#3"}
			}
		},
		{
			"from": [7.41188, 7.59701, 4.48742],
			"to": [7.53688, 8.07501, 6.90492],
			"faces": {
				"north": {"uv": [13.75, 2.75, 13.875, 3.22768], "texture": "#3"},
				"east": {"uv": [9.5, 2.25, 14.85491, 3.41518], "texture": "#3"},
				"south": {"uv": [11.5, 3, 11.625, 3.47768], "rotation": 90, "texture": "#3"},
				"west": {"uv": [12.25, 3.25, 14.66741, 3.72768], "texture": "#3"},
				"up": {"uv": [12.25, 3.25, 14.66741, 3.72768], "rotation": 90, "texture": "#3"},
				"down": {"uv": [12.25, 3.25, 14.66741, 3.72768], "texture": "#3"}
			}
		},
		{
			"from": [8.45876, 7.59701, 4.48742],
			"to": [8.58376, 8.07501, 6.90492],
			"faces": {
				"north": {"uv": [13.75, 2.75, 13.875, 3.22768], "texture": "#3"},
				"east": {"uv": [12.25, 3.25, 14.66741, 3.72768], "texture": "#3"},
				"south": {"uv": [11.5, 3, 11.625, 3.47768], "rotation": 90, "texture": "#3"},
				"west": {"uv": [12.25, 3.25, 14.66741, 3.72768], "texture": "#3"},
				"up": {"uv": [12.25, 3.25, 14.66741, 3.72768], "rotation": 90, "texture": "#3"},
				"down": {"uv": [12.25, 3.25, 14.66741, 3.72768], "texture": "#3"}
			}
		},
		{
			"from": [7.68688, 8.14201, 17.52992],
			"to": [8.31688, 8.45701, 23.49992],
			"faces": {
				"north": {"uv": [1, 0, 0, 0.5], "texture": "#3"},
				"east": {"uv": [0, 7.25, 3.70313, 7.40737], "texture": "#3"},
				"south": {"uv": [0, 0, 0.315, 0.1575], "texture": "#3"},
				"west": {"uv": [0, 7.25, 3.70313, 7.40737], "texture": "#3"},
				"up": {"uv": [0, 0.75, 0.31473, 4.45313], "texture": "#3"},
				"down": {"uv": [0, 0.75, 0.31473, 4.45313], "texture": "#3"}
			}
		},
		{
			"from": [7.62438, 5.31451, 23.23242],
			"to": [8.37938, 8.51889, 23.67242],
			"faces": {
				"north": {"uv": [0, 0, 0.755, 3.1575], "rotation": 180, "texture": "#3"},
				"east": {"uv": [0, 7.25, 3.70313, 7.40737], "rotation": 270, "texture": "#3"},
				"south": {"uv": [3.25, 5.5, 4.00446, 8.65736], "texture": "#3"},
				"west": {"uv": [0, 7.25, 3.70313, 7.40737], "rotation": 90, "texture": "#3"},
				"up": {"uv": [1.25, 2, 2.00446, 2.31473], "texture": "#3"},
				"down": {"uv": [1, 3, 1.75446, 3.31473], "texture": "#3"}
			}
		},
		{
			"from": [7.68688, 11.45451, 16.90492],
			"to": [8.31688, 11.76951, 23.24992],
			"rotation": {"angle": 22.5, "axis": "x", "origin": [8, 8, 8]},
			"faces": {
				"north": {"uv": [1, 0, 0, 0.5], "texture": "#3"},
				"east": {"uv": [0, 7.25, 3.70313, 7.40737], "texture": "#3"},
				"south": {"uv": [0, 0, 0.315, 0.1575], "texture": "#3"},
				"west": {"uv": [0, 7.25, 3.70313, 7.40737], "texture": "#3"},
				"up": {"uv": [0, 0.75, 0.31473, 4.45313], "texture": "#3"},
				"down": {"uv": [0, 0.75, 0.31473, 4.45313], "texture": "#3"}
			}
		},
		{
			"from": [7.81288, 7.85051, -5.32508],
			"to": [8.19088, 8.22851, -5.12508],
			"faces": {
				"north": {"uv": [8, 0, 9.5, 1.5], "texture": "#3"},
				"east": {"uv": [0.5, 2, 4.72433, 2.18862], "texture": "#3"},
				"south": {"uv": [2, 0, 0, 2], "texture": "#3"},
				"west": {"uv": [0, 5.75, 4.22321, 5.93862], "texture": "#3"},
				"up": {"uv": [1.75, 5.5, 1.93862, 9.72321], "texture": "#3"},
				"down": {"uv": [3.75, 3, 3.93862, 7.22433], "texture": "#3"}
			}
		}
	],
	"display": {
		"thirdperson_righthand": {
			"rotation": [0, -15, 0],
			"translation": [1.75, 1, -5.25],
			"scale": [0.75, 0.75, 0.75]
		},
		"thirdperson_lefthand": {
			"rotation": [0, -15, 0],
			"translation": [1.75, 1, -5.25],
			"scale": [0.75, 0.75, 0.75]
		},
		"firstperson_righthand": {
			"rotation": [5, -4, 0],
			"translation": [7, 6, -2.5],
			"scale": [0.9, 0.9, 0.9]
		},
		"firstperson_lefthand": {
			"rotation": [8, -4, 0],
			"translation": [7, 6, 1.5],
			"scale": [0.5, 0.5, 0.5]
		},
		"ground": {
			"translation": [0, 4, 0],
			"scale": [0.5, 0.5, 0.5]
		},
		"gui": {
			"rotation": [90, 50, -90],
			"translation": [-1.25, 1.25, -1],
			"scale": [0.75, 0.75, 0.75]
		},
		"fixed": {
			"rotation": [90, 50, -90],
			"translation": [-0.75, 2.5, -1],
			"scale": [0.75, 0.75, 0.75]
		}
	}
}