{
	"credit": "Made with Blockbench",
	"textures": {
		"3": "zcbm/weapons/ak-47"
	},
	"elements": [
		{
			"from": [7.37188, 7.40951, 9.65492],
			"to": [8.63188, 8.66951, 17.72492],
			"faces": {
				"north": {"uv": [1.75, 2.25, 3.00893, 3.50893], "texture": "#3"},
				"east": {"uv": [0, 12.5, 7.31921, 13.50893], "texture": "#3"},
				"south": {"uv": [0, 0, 0.63, 0.63], "texture": "#3"},
				"west": {"uv": [0, 8.5, 4.4096, 9.12946], "texture": "#3"},
				"up": {"uv": [3.75, 4.5, 4.37946, 8.9096], "texture": "#3"},
				"down": {"uv": [2.5, 1.75, 3.12946, 6.1596], "texture": "#3"}
			}
		},
		{
			"from": [7.52938, 8.66951, 10.27992],
			"to": [8.47438, 9.14201, 17.25242],
			"faces": {
				"north": {"uv": [0, 0, 0.4725, 0.5355], "texture": "#3"},
				"east": {"uv": [0, 12, 7.72207, 12.4721], "texture": "#3"},
				"south": {"uv": [0, 0, 0.4725, 0.23625], "texture": "#3"},
				"west": {"uv": [0, 7, 3.85938, 7.23438], "texture": "#3"},
				"up": {"uv": [0, 0, 0.4725, 3.86125], "texture": "#3"},
				"down": {"uv": [0, 15.25, 1.5, 0], "texture": "#3"}
			}
		},
		{
			"from": [7.68688, 9.14201, 10.27992],
			"to": [8.31688, 9.45701, 16.93742],
			"faces": {
				"north": {"uv": [1, 0, 0, 0.5], "texture": "#3"},
				"east": {"uv": [0, 7.25, 3.70313, 7.40737], "texture": "#3"},
				"south": {"uv": [0, 0, 0.315, 0.1575], "texture": "#3"},
				"west": {"uv": [0, 7.25, 3.70313, 7.40737], "texture": "#3"},
				"up": {"uv": [0, 0.75, 0.31473, 4.45313], "texture": "#3"},
				"down": {"uv": [0, 14.75, 1, 0], "texture": "#3"}
			}
		},
		{
			"from": [7.74988, 8.82701, 16.65392],
			"to": [8.25388, 9.20501, 17.72492],
			"rotation": {"angle": 45, "axis": "x", "origin": [8.00188, 8.98451, 17.09492]},
			"faces": {
				"north": {"uv": [0.8, 0, 0, 0.6], "texture": "#3"},
				"east": {"uv": [0, 0, 0.252, 0.5355], "texture": "#3"},
				"south": {"uv": [0, 0, 0.63, 0.63], "texture": "#3"},
				"west": {"uv": [0, 0, 0.252, 0.5355], "texture": "#3"},
				"up": {"uv": [0, 0, 0.252, 0.5355], "texture": "#3"},
				"down": {"uv": [0, 1.7, 0.8, 0], "texture": "#3"}
			}
		},
		{
			"from": [7.65438, 8.57501, 9.25992],
			"to": [8.34938, 9.52101, 10.27992],
			"faces": {
				"north": {"uv": [0, 0, 0.4725, 0.5355], "texture": "#3"},
				"east": {"uv": [0, 3.5, 1.25893, 4.0346], "texture": "#3"},
				"south": {"uv": [0, 4, 0.4721, 4.5346], "texture": "#3"},
				"west": {"uv": [2.75, 7.5, 4.00893, 8.0346], "texture": "#3"},
				"up": {"uv": [0, 0, 0.4725, 1.26], "texture": "#3"},
				"down": {"uv": [0, 4, 1.5, 0], "texture": "#3"}
			}
		},
		{
			"from": [7.68688, 4.95451, 16.33992],
			"to": [8.06688, 7.56701, 17.25242],
			"rotation": {"angle": -22.5, "axis": "x", "origin": [8.00188, 7.09451, 16.77992]},
			"faces": {
				"north": {"uv": [9.5, 2.25, 13.60491, 3.41518], "rotation": 90, "texture": "#3"},
				"east": {"uv": [9.5, 2.25, 13.60491, 3.41518], "rotation": 90, "texture": "#3"},
				"south": {"uv": [9.5, 2.25, 13.60491, 3.41518], "rotation": 90, "texture": "#3"},
				"west": {"uv": [9.5, 2.25, 13.60491, 3.41518], "rotation": 90, "texture": "#3"},
				"up": {"uv": [11.5, 2.75, 12.75893, 3.47433], "texture": "#3"},
				"down": {"uv": [11.5, 2.75, 12.75893, 3.47433], "texture": "#3"}
			}
		},
		{
			"from": [7.62388, 6.84251, 15.99242],
			"to": [8.37988, 7.56701, 17.25242],
			"faces": {
				"north": {"uv": [11.5, 2.75, 12.75893, 3.47433], "texture": "#3"},
				"east": {"uv": [11.5, 2.75, 12.75893, 3.47433], "texture": "#3"},
				"south": {"uv": [13, 2.5, 13.75558, 3.22433], "texture": "#3"},
				"west": {"uv": [12.25, 2.75, 13.50893, 3.47321], "texture": "#3"},
				"up": {"uv": [11.5, 2.75, 12.75893, 3.47433], "texture": "#3"},
				"down": {"uv": [12.5, 2.5, 13.25558, 3.75893], "texture": "#3"}
			}
		},
		{
			"from": [7.62388, 4.93889, 16.96892],
			"to": [8.37988, 5.36351, 18.07042],
			"faces": {
				"north": {"uv": [11.5, 2.75, 12.75893, 3.47433], "texture": "#3"},
				"east": {"uv": [11.5, 2.75, 12.75893, 3.47433], "texture": "#3"},
				"south": {"uv": [11.5, 2.75, 12.75893, 3.47433], "texture": "#3"},
				"west": {"uv": [11.5, 2.75, 12.75893, 3.47433], "texture": "#3"},
				"up": {"uv": [11.5, 2.75, 12.75893, 3.47433], "texture": "#3"},
				"down": {"uv": [12.5, 2.5, 13.25558, 3.75893], "texture": "#3"}
			}
		},
		{
			"from": [7.68688, 5.08451, 12.21242],
			"to": [8.31688, 7.72451, 13.78742],
			"faces": {
				"north": {"uv": [9.25, 12.5, 9.7221, 15.83036], "texture": "#3"},
				"east": {"uv": [14.25, 4, 15.82478, 6.88951], "rotation": 90, "texture": "#3"},
				"south": {"uv": [11.5, 10.5, 11.9721, 12.10156], "texture": "#3"},
				"west": {"uv": [14.25, 4, 15.82478, 6.88951], "rotation": 90, "texture": "#3"},
				"up": {"uv": [0, 1.25, 1, 0], "texture": "#3"},
				"down": {"uv": [0, 1.25, 1, 0], "texture": "#3"}
			}
		},
		{
			"from": [7.84438, 4.64351, 11.73992],
			"to": [8.15938, 7.72451, 12.21242],
			"faces": {
				"north": {"uv": [9.25, 12.5, 9.7221, 15.83036], "texture": "#3"},
				"east": {"uv": [9.25, 12.5, 9.7221, 15.83036], "texture": "#3"},
				"south": {"uv": [11, 1, 7, 7], "texture": "#3"},
				"west": {"uv": [9.25, 12.5, 9.7221, 15.83036], "texture": "#3"},
				"up": {"uv": [0, 1.25, 1, 0], "texture": "#3"},
				"down": {"uv": [0, 1.25, 1, 0], "texture": "#3"}
			}
		},
		{
			"from": [7.84436, 1.93801, 11.80068],
			"to": [8.16, 5.14901, 12.27318],
			"rotation": {"angle": 22.5, "axis": "x", "origin": [8.00186, 5.45651, 12.46442]},
			"faces": {
				"north": {"uv": [9.25, 12.5, 9.7221, 15.83036], "texture": "#3"},
				"east": {"uv": [9.25, 12.5, 9.7221, 15.83036], "texture": "#3"},
				"south": {"uv": [11, 1, 7, 7], "texture": "#3"},
				"west": {"uv": [9.25, 12.5, 9.7221, 15.83036], "texture": "#3"},
				"up": {"uv": [0, 1.25, 1, 0], "texture": "#3"},
				"down": {"uv": [9.25, 14.25, 9.7221, 15.85156], "texture": "#3"}
			}
		},
		{
			"from": [7.68658, 1.74901, 12.2888],
			"to": [8.3172, 5.44639, 13.8638],
			"rotation": {"angle": 22.5, "axis": "x", "origin": [8.00158, 5.45651, 12.93692]},
			"faces": {
				"north": {"uv": [9.25, 12.5, 9.7221, 15.83036], "texture": "#3"},
				"east": {"uv": [14.25, 4, 15.82478, 6.88839], "rotation": 90, "texture": "#3"},
				"south": {"uv": [11.5, 10.5, 11.9721, 12.10156], "texture": "#3"},
				"west": {"uv": [14.25, 4, 15.82478, 6.88839], "rotation": 90, "texture": "#3"},
				"up": {"uv": [0, 1.25, 1, 0], "texture": "#3"},
				"down": {"uv": [9.25, 14.25, 9.7221, 15.85156], "texture": "#3"}
			}
		},
		{
			"from": [7.46688, 7.40951, 4.67492],
			"to": [8.53688, 8.32501, 9.65492],
			"faces": {
				"north": {"uv": [12.75, 2.25, 13.6942, 3.41518], "rotation": 90, "texture": "#3"},
				"east": {"uv": [9.5, 2.25, 14.85491, 3.41518], "texture": "#3"},
				"south": {"uv": [1.5, 0, 0, 0.75], "texture": "#3"},
				"west": {"uv": [9.5, 2.25, 14.85491, 3.41518], "texture": "#3"},
				"up": {"uv": [9.5, 2.25, 14.85491, 3.41518], "rotation": 90, "texture": "#3"},
				"down": {"uv": [9.5, 2.25, 14.85491, 3.41518], "rotation": 90, "texture": "#3"}
			}
		},
		{
			"from": [7.65438, 8.32501, 4.67492],
			"to": [8.34938, 9.48851, 9.25992],
			"faces": {
				"north": {"uv": [12, 3, 12.9442, 3.91295], "rotation": 90, "texture": "#3"},
				"east": {"uv": [10.75, 2.75, 14.20982, 3.66295], "texture": "#3"},
				"south": {"uv": [1.5, 0, 0, 0.75], "texture": "#3"},
				"west": {"uv": [11.25, 2.25, 15.83482, 3.41295], "texture": "#3"},
				"up": {"uv": [9.5, 2.25, 13.60491, 3.41518], "rotation": 90, "texture": "#3"},
				"down": {"uv": [3, 15, 8.5, 5], "texture": "#3"}
			}
		},
		{
			"from": [7.81288, 7.85051, 2.42492],
			"to": [8.19088, 8.22851, 5.12492],
			"faces": {
				"north": {"uv": [8, 0, 9.5, 1.5], "texture": "#3"},
				"east": {"uv": [0.5, 2, 4.72433, 2.18862], "texture": "#3"},
				"south": {"uv": [2, 0, 0, 2], "texture": "#3"},
				"west": {"uv": [0, 5.75, 4.22321, 5.93862], "texture": "#3"},
				"up": {"uv": [1.75, 5.5, 1.93862, 9.72321], "texture": "#3"},
				"down": {"uv": [3.75, 3, 3.93862, 7.22433], "texture": "#3"}
			}
		},
		{
			"from": [7.68688, 8.51201, 3.93492],
			"to": [8.31688, 9.14201, 4.68742],
			"faces": {
				"north": {"uv": [1.5, 2.25, 1.81473, 2.56473], "texture": "#3"},
				"east": {"uv": [3.5, 7.25, 5.625, 7.56362], "texture": "#3"},
				"south": {"uv": [2, 0, 0, 2], "texture": "#3"},
				"west": {"uv": [0.5, 4.5, 2.62611, 4.81473], "texture": "#3"},
				"up": {"uv": [4.25, 7, 4.56362, 9.125], "texture": "#3"},
				"down": {"uv": [3, 2.5, 3.31473, 4.62611], "texture": "#3"}
			}
		},
		{
			"from": [7.87588, 9.23975, 3.85618],
			"to": [8.12788, 10.34325, 4.32868],
			"rotation": {"angle": 22.5, "axis": "x", "origin": [8.00188, 8.82701, 0.67118]},
			"faces": {
				"north": {"uv": [0, 0, 0.126, 0.61425], "rotation": 180, "texture": "#3"},
				"east": {"uv": [0, 0, 0.61425, 0.23625], "rotation": 90, "texture": "#3"},
				"south": {"uv": [0, 0, 0.126, 0.61425], "texture": "#3"},
				"west": {"uv": [0, 0, 0.61425, 0.23625], "rotation": 270, "texture": "#3"},
				"up": {"uv": [2, 0, 0, 2], "texture": "#3"},
				"down": {"uv": [1.25, 1, 2, 1.75], "texture": "#3"}
			}
		},
		{
			"from": [7.87588, 9.12627, 3.92066],
			"to": [8.12788, 9.66175, 4.54941],
			"faces": {
				"north": {"uv": [5.75, 9.75, 5.875, 9.95424], "texture": "#3"},
				"east": {"uv": [5.75, 9.75, 5.875, 9.95424], "rotation": 270, "texture": "#3"},
				"south": {"uv": [5.75, 9.75, 5.875, 9.95424], "rotation": 180, "texture": "#3"},
				"west": {"uv": [5.75, 9.75, 5.875, 9.95424], "texture": "#3"},
				"up": {"uv": [5.75, 9.75, 5.875, 9.95424], "rotation": 180, "texture": "#3"},
				"down": {"uv": [5.75, 9.75, 5.875, 9.95424], "texture": "#3"}
			}
		},
		{
			"from": [7.78138, 9.63027, 3.92066],
			"to": [8.22238, 9.81927, 4.51816],
			"faces": {
				"north": {"uv": [5.75, 9.75, 5.875, 9.95424], "texture": "#3"},
				"east": {"uv": [5.75, 9.75, 5.875, 9.95424], "rotation": 270, "texture": "#3"},
				"south": {"uv": [5.75, 9.75, 5.875, 9.95424], "rotation": 180, "texture": "#3"},
				"west": {"uv": [5.75, 9.75, 5.875, 9.95424], "texture": "#3"},
				"up": {"uv": [5.75, 9.75, 5.875, 9.95424], "rotation": 180, "texture": "#3"},
				"down": {"uv": [5.75, 9.75, 5.875, 9.95424], "texture": "#3"}
			}
		},
		{
			"from": [7.78138, 9.81927, 3.92066],
			"to": [7.84438, 10.13427, 4.51816],
			"faces": {
				"north": {"uv": [5.75, 9.75, 5.875, 9.95424], "texture": "#3"},
				"east": {"uv": [5.75, 9.75, 5.875, 9.95424], "rotation": 270, "texture": "#3"},
				"south": {"uv": [5.75, 9.75, 5.875, 9.95424], "rotation": 180, "texture": "#3"},
				"west": {"uv": [5.75, 9.75, 5.875, 9.95424], "texture": "#3"},
				"up": {"uv": [5.75, 9.75, 5.875, 9.95424], "rotation": 180, "texture": "#3"},
				"down": {"uv": [5.75, 9.75, 5.875, 9.95424], "texture": "#3"}
			}
		},
		{
			"from": [8.15938, 9.81927, 3.92066],
			"to": [8.22238, 10.13427, 4.51816],
			"faces": {
				"north": {"uv": [5.75, 9.75, 5.875, 9.95424], "texture": "#3"},
				"east": {"uv": [5.75, 9.75, 5.875, 9.95424], "rotation": 270, "texture": "#3"},
				"south": {"uv": [5.75, 9.75, 5.875, 9.95424], "rotation": 180, "texture": "#3"},
				"west": {"uv": [5.75, 9.75, 5.875, 9.95424], "texture": "#3"},
				"up": {"uv": [5.75, 9.75, 5.875, 9.95424], "rotation": 180, "texture": "#3"},
				"down": {"uv": [5.75, 9.75, 5.875, 9.95424], "texture": "#3"}
			}
		},
		{
			"from": [7.97038, 9.81927, 3.92066],
			"to": [8.03338, 10.00827, 4.26718],
			"faces": {
				"north": {"uv": [5.75, 9.75, 5.875, 9.95424], "texture": "#3"},
				"east": {"uv": [5.75, 9.75, 5.875, 9.95424], "rotation": 270, "texture": "#3"},
				"south": {"uv": [5.75, 9.75, 5.875, 9.95424], "rotation": 180, "texture": "#3"},
				"west": {"uv": [5.75, 9.75, 5.875, 9.95424], "texture": "#3"},
				"up": {"uv": [5.75, 9.75, 5.875, 9.95424], "rotation": 180, "texture": "#3"},
				"down": {"uv": [5.75, 9.75, 5.875, 9.95424], "texture": "#3"}
			}
		},
		{
			"from": [7.87588, 6.63775, 15.88218],
			"to": [8.12788, 7.42527, 15.97668],
			"faces": {
				"north": {"uv": [5.75, 9.75, 5.875, 9.95424], "texture": "#3"},
				"east": {"uv": [5.75, 9.75, 5.875, 9.95424], "rotation": 270, "texture": "#3"},
				"south": {"uv": [5.75, 9.75, 5.875, 9.95424], "rotation": 180, "texture": "#3"},
				"west": {"uv": [5.75, 9.75, 5.875, 9.95424], "texture": "#3"},
				"up": {"uv": [5.75, 9.75, 5.875, 9.95424], "rotation": 180, "texture": "#3"},
				"down": {"uv": [5.75, 9.75, 5.875, 9.95424], "texture": "#3"}
			}
		},
		{
			"from": [7.87588, 6.59051, 14.57492],
			"to": [8.12788, 6.68501, 15.92942],
			"faces": {
				"north": {"uv": [5.75, 9.75, 5.875, 9.95424], "rotation": 180, "texture": "#3"},
				"east": {"uv": [5.75, 9.75, 5.875, 9.95424], "rotation": 180, "texture": "#3"},
				"south": {"uv": [5.75, 9.75, 5.875, 9.95424], "rotation": 180, "texture": "#3"},
				"west": {"uv": [5.75, 9.75, 5.875, 9.95424], "texture": "#3"},
				"up": {"uv": [5.75, 9.75, 5.875, 9.95424], "texture": "#3"},
				"down": {"uv": [5.75, 9.75, 5.875, 9.95424], "texture": "#3"}
			}
		},
		{
			"from": [7.87588, 6.63775, 14.49618],
			"to": [8.12788, 7.42527, 14.59068],
			"faces": {
				"north": {"uv": [5.75, 9.75, 5.875, 9.95424], "texture": "#3"},
				"east": {"uv": [5.75, 9.75, 5.875, 9.95424], "rotation": 270, "texture": "#3"},
				"south": {"uv": [5.75, 9.75, 5.875, 9.95424], "rotation": 180, "texture": "#3"},
				"west": {"uv": [5.75, 9.75, 5.875, 9.95424], "texture": "#3"},
				"up": {"uv": [5.75, 9.75, 5.875, 9.95424], "rotation": 180, "texture": "#3"},
				"down": {"uv": [5.75, 9.75, 5.875, 9.95424], "texture": "#3"}
			}
		},
		{
			"from": [7.87588, 6.70075, 15.44118],
			"to": [8.12788, 7.04727, 15.53568],
			"rotation": {"angle": 45, "axis": "x", "origin": [8.00188, 7.03151, 15.48842]},
			"faces": {
				"north": {"uv": [5.75, 9.75, 5.875, 9.95424], "texture": "#3"},
				"east": {"uv": [5.75, 9.75, 5.875, 9.95424], "rotation": 270, "texture": "#3"},
				"south": {"uv": [5.75, 9.75, 5.875, 9.95424], "rotation": 180, "texture": "#3"},
				"west": {"uv": [5.75, 9.75, 5.875, 9.95424], "texture": "#3"},
				"up": {"uv": [5.75, 9.75, 5.875, 9.95424], "rotation": 180, "texture": "#3"},
				"down": {"uv": [5.75, 9.75, 5.875, 9.95424], "texture": "#3"}
			}
		},
		{
			"from": [7.87588, 7.01577, 15.44118],
			"to": [8.12788, 7.42527, 15.53568],
			"faces": {
				"north": {"uv": [5.75, 9.75, 5.875, 9.95424], "texture": "#3"},
				"east": {"uv": [5.75, 9.75, 5.875, 9.95424], "rotation": 270, "texture": "#3"},
				"south": {"uv": [5.75, 9.75, 5.875, 9.95424], "rotation": 180, "texture": "#3"},
				"west": {"uv": [5.75, 9.75, 5.875, 9.95424], "texture": "#3"},
				"up": {"uv": [5.75, 9.75, 5.875, 9.95424], "rotation": 180, "texture": "#3"},
				"down": {"uv": [5.75, 9.75, 5.875, 9.95424], "texture": "#3"}
			}
		},
		{
			"from": [7.74988, 6.82677, 13.80318],
			"to": [8.25388, 7.42527, 14.52768],
			"faces": {
				"north": {"uv": [5.75, 9.75, 5.875, 9.95424], "texture": "#3"},
				"east": {"uv": [5.75, 9.75, 5.875, 9.95424], "rotation": 270, "texture": "#3"},
				"south": {"uv": [5.75, 9.75, 5.875, 9.95424], "rotation": 180, "texture": "#3"},
				"west": {"uv": [5.75, 9.75, 5.875, 9.95424], "texture": "#3"},
				"up": {"uv": [5.75, 9.75, 5.875, 9.95424], "rotation": 180, "texture": "#3"},
				"down": {"uv": [5.75, 9.75, 5.875, 9.95424], "texture": "#3"}
			}
		},
		{
			"from": [7.87588, 6.51177, 13.99218],
			"to": [8.12788, 6.85825, 14.08668],
			"rotation": {"angle": -22.5, "axis": "x", "origin": [8.00188, 6.84251, 14.03942]},
			"faces": {
				"north": {"uv": [5.75, 9.75, 5.875, 9.95424], "texture": "#3"},
				"east": {"uv": [5.75, 9.75, 5.875, 9.95424], "rotation": 270, "texture": "#3"},
				"south": {"uv": [5.75, 9.75, 5.875, 9.95424], "rotation": 180, "texture": "#3"},
				"west": {"uv": [5.75, 9.75, 5.875, 9.95424], "texture": "#3"},
				"up": {"uv": [5.75, 9.75, 5.875, 9.95424], "rotation": 180, "texture": "#3"},
				"down": {"uv": [5.75, 9.75, 5.875, 9.95424], "texture": "#3"}
			}
		},
		{
			"from": [7.74988, 7.78751, 3.12242],
			"to": [8.25388, 8.29151, 3.69742],
			"faces": {
				"north": {"uv": [5.75, 9.75, 5.875, 9.95424], "texture": "#3"},
				"east": {"uv": [5.75, 9.75, 5.875, 9.95424], "texture": "#3"},
				"south": {"uv": [5.75, 9.75, 5.875, 9.95424], "texture": "#3"},
				"west": {"uv": [5.75, 9.75, 5.875, 9.95424], "texture": "#3"},
				"up": {"uv": [5.75, 9.75, 5.875, 9.95424], "texture": "#3"},
				"down": {"uv": [5.75, 9.75, 5.875, 9.95424], "texture": "#3"}
			}
		},
		{
			"from": [7.71688, 9.51251, 9.75992],
			"to": [8.28688, 9.64601, 11.4318],
			"faces": {
				"north": {"uv": [0, 3.75, 0.4721, 3.81585], "texture": "#3"},
				"east": {"uv": [0, 2.25, 0.82813, 2.31585], "texture": "#3"},
				"south": {"uv": [0, 3.75, 0.4721, 3.81585], "texture": "#3"},
				"west": {"uv": [0, 2.25, 0.82813, 2.31585], "texture": "#3"},
				"up": {"uv": [0, 0, 0.4725, 0.82812], "texture": "#3"},
				"down": {"uv": [0, 0, 0.4725, 0.82812], "texture": "#3"}
			}
		},
		{
			"from": [8.05251, 9.63751, 11.22867],
			"to": [8.27126, 9.83351, 11.35367],
			"faces": {
				"north": {"uv": [0, 4.5, 0.20313, 4.56585], "texture": "#3"},
				"east": {"uv": [0, 0, 0.0625, 0.06675], "texture": "#3"},
				"south": {"uv": [0, 4.5, 0.20313, 4.56585], "texture": "#3"},
				"west": {"uv": [0, 0, 0.0625, 0.06675], "texture": "#3"},
				"up": {"uv": [0, 4.5, 0.20313, 4.56585], "texture": "#3"},
				"down": {"uv": [0, 4, 1.5, 0], "texture": "#3"}
			}
		},
		{
			"from": [7.72438, 9.63751, 11.22867],
			"to": [7.94313, 9.83351, 11.35367],
			"faces": {
				"north": {"uv": [0, 4.5, 0.20313, 4.56585], "texture": "#3"},
				"east": {"uv": [0, 0, 0.0625, 0.06675], "texture": "#3"},
				"south": {"uv": [0, 4.5, 0.20313, 4.56585], "texture": "#3"},
				"west": {"uv": [0, 0, 0.0625, 0.06675], "texture": "#3"},
				"up": {"uv": [0, 4.5, 0.20313, 4.56585], "texture": "#3"},
				"down": {"uv": [0, 4, 1.5, 0], "texture": "#3"}
			}
		},
		{
			"from": [7.56188, 7.44951, 4.62242],
			"to": [8.44188, 9.20451, 4.74992],
			"faces": {
				"north": {"uv": [1.25, 1, 2, 1.75], "texture": "#3"},
				"east": {"uv": [1.25, 1, 2, 1.75], "texture": "#3"},
				"south": {"uv": [1.25, 1, 2, 1.75], "texture": "#3"},
				"west": {"uv": [1.25, 1, 2, 1.75], "texture": "#3"},
				"up": {"uv": [1.25, 1, 2, 1.75], "texture": "#3"},
				"down": {"uv": [1.25, 1, 2, 1.75], "texture": "#3"}
			}
		},
		{
			"from": [7.87488, 8.85782, 17.03071],
			"to": [8.12888, 9.04832, 17.61733],
			"rotation": {"angle": 22.5, "axis": "x", "origin": [8.00188, 9.07807, 17.35527]},
			"faces": {
				"north": {"uv": [14.5, 14.5, 15.12946, 15.12946], "texture": "#3"},
				"east": {"uv": [14.5, 14.5, 15.12946, 15.12946], "texture": "#3"},
				"south": {"uv": [14.5, 14.5, 15.12946, 15.12946], "texture": "#3"},
				"west": {"uv": [14.5, 14.5, 15.12946, 15.12946], "texture": "#3"},
				"up": {"uv": [14.5, 14.5, 15.12946, 15.12946], "texture": "#3"},
				"down": {"uv": [14.5, 14.5, 15.12946, 15.12946], "texture": "#3"}
			}
		},
		{
			"from": [8.09188, 8.39601, 9.63492],
			"to": [9.22438, 8.64601, 9.82242],
			"faces": {
				"north": {"uv": [6, 12.25, 6.1875, 12.5], "texture": "#3"},
				"east": {"uv": [6, 12.25, 6.1875, 12.5], "texture": "#3"},
				"south": {"uv": [6, 12.25, 6.1875, 12.5], "texture": "#3"},
				"west": {"uv": [6, 12.25, 6.1875, 12.5], "texture": "#3"},
				"up": {"uv": [6, 12.25, 6.1875, 12.5], "texture": "#3"},
				"down": {"uv": [6, 12.25, 6.1875, 12.5], "texture": "#3"}
			}
		},
		{
			"from": [7.68688, 8.14201, 17.52992],
			"to": [8.31688, 8.45701, 23.49992],
			"faces": {
				"north": {"uv": [1, 0, 0, 0.5], "texture": "#3"},
				"east": {"uv": [0, 7.25, 3.70313, 7.40737], "texture": "#3"},
				"south": {"uv": [0, 0, 0.315, 0.1575], "texture": "#3"},
				"west": {"uv": [0, 7.25, 3.70313, 7.40737], "texture": "#3"},
				"up": {"uv": [0, 0.75, 0.31473, 4.45313], "texture": "#3"},
				"down": {"uv": [0, 0.75, 0.31473, 4.45313], "texture": "#3"}
			}
		},
		{
			"from": [7.62438, 5.31451, 23.23242],
			"to": [8.37938, 8.51889, 23.67242],
			"faces": {
				"north": {"uv": [0, 0, 0.755, 3.1575], "rotation": 180, "texture": "#3"},
				"east": {"uv": [0, 7.25, 3.70313, 7.40737], "rotation": 270, "texture": "#3"},
				"south": {"uv": [3.25, 5.5, 4.00446, 8.65736], "texture": "#3"},
				"west": {"uv": [0, 7.25, 3.70313, 7.40737], "rotation": 90, "texture": "#3"},
				"up": {"uv": [1.25, 2, 2.00446, 2.31473], "texture": "#3"},
				"down": {"uv": [1, 3, 1.75446, 3.31473], "texture": "#3"}
			}
		},
		{
			"from": [7.68688, 11.45451, 16.90492],
			"to": [8.31688, 11.76951, 23.24992],
			"rotation": {"angle": 22.5, "axis": "x", "origin": [8, 8, 8]},
			"faces": {
				"north": {"uv": [1, 0, 0, 0.5], "texture": "#3"},
				"east": {"uv": [0, 7.25, 3.70313, 7.40737], "texture": "#3"},
				"south": {"uv": [0, 0, 0.315, 0.1575], "texture": "#3"},
				"west": {"uv": [0, 7.25, 3.70313, 7.40737], "texture": "#3"},
				"up": {"uv": [0, 0.75, 0.31473, 4.45313], "texture": "#3"},
				"down": {"uv": [0, 0.75, 0.31473, 4.45313], "texture": "#3"}
			}
		},
		{
			"from": [7.46688, 8.32501, 4.67492],
			"to": [8.53688, 9.23851, 5.82242],
			"faces": {
				"north": {"uv": [12, 3, 12.9442, 3.91295], "rotation": 90, "texture": "#3"},
				"east": {"uv": [12.5, 2.5, 13.64732, 3.66295], "texture": "#3"},
				"south": {"uv": [12, 3, 12.9442, 3.91295], "rotation": 90, "texture": "#3"},
				"west": {"uv": [13, 2.5, 14.14732, 3.41295], "texture": "#3"},
				"up": {"uv": [11.5, 2.5, 12.1942, 3.64732], "rotation": 90, "texture": "#3"},
				"down": {"uv": [3, 15, 8.5, 5], "texture": "#3"}
			}
		},
		{
			"from": [7.46688, 8.32501, 8.98742],
			"to": [8.53688, 9.23851, 9.63492],
			"faces": {
				"north": {"uv": [12, 3, 12.9442, 3.91295], "rotation": 90, "texture": "#3"},
				"east": {"uv": [12.5, 2.5, 13.64732, 3.66295], "texture": "#3"},
				"south": {"uv": [12, 3, 12.9442, 3.91295], "rotation": 90, "texture": "#3"},
				"west": {"uv": [12.5, 2.5, 13.64732, 3.66295], "texture": "#3"},
				"up": {"uv": [11.5, 2.5, 12.1942, 3.64732], "rotation": 90, "texture": "#3"},
				"down": {"uv": [3, 15, 8.5, 5], "texture": "#3"}
			}
		},
		{
			"from": [7.78113, 7.81876, 3.93492],
			"to": [8.22263, 8.29151, 4.25992],
			"faces": {
				"north": {"uv": [5.75, 9.75, 5.875, 9.95424], "texture": "#3"},
				"east": {"uv": [5.75, 9.75, 5.875, 9.95424], "texture": "#3"},
				"south": {"uv": [5.75, 9.75, 5.875, 9.95424], "texture": "#3"},
				"west": {"uv": [5.75, 9.75, 5.875, 9.95424], "texture": "#3"},
				"up": {"uv": [5.75, 9.75, 5.875, 9.95424], "texture": "#3"},
				"down": {"uv": [5.75, 9.75, 5.875, 9.95424], "texture": "#3"}
			}
		},
		{
			"from": [7.71688, 9.63751, 10.82242],
			"to": [7.77938, 9.95851, 11.41617],
			"faces": {
				"north": {"uv": [0, 3.75, 0.4721, 3.81585], "texture": "#3"},
				"east": {"uv": [0, 2.25, 0.82813, 2.31585], "texture": "#3"},
				"south": {"uv": [0, 3.75, 0.4721, 3.81585], "texture": "#3"},
				"west": {"uv": [0, 2.25, 0.82813, 2.31585], "texture": "#3"},
				"up": {"uv": [0, 0, 0.4725, 0.82812], "texture": "#3"},
				"down": {"uv": [0, 0, 0.4725, 0.82812], "texture": "#3"}
			}
		},
		{
			"from": [8.21688, 9.63751, 10.82242],
			"to": [8.27938, 9.95851, 11.41617],
			"faces": {
				"north": {"uv": [0, 3.75, 0.4721, 3.81585], "texture": "#3"},
				"east": {"uv": [0, 2.25, 0.82813, 2.31585], "texture": "#3"},
				"south": {"uv": [0, 3.75, 0.4721, 3.81585], "texture": "#3"},
				"west": {"uv": [0, 2.25, 0.82813, 2.31585], "texture": "#3"},
				"up": {"uv": [0, 0, 0.4725, 0.82812], "texture": "#3"},
				"down": {"uv": [0, 0, 0.4725, 0.82812], "texture": "#3"}
			}
		},
		{
			"from": [8.21688, 9.57501, 9.69742],
			"to": [8.27938, 9.70001, 10.16617],
			"rotation": {"angle": 22.5, "axis": "x", "origin": [8.24813, 9.70001, 9.9943]},
			"faces": {
				"north": {"uv": [0, 3.75, 0.4721, 3.81585], "texture": "#3"},
				"east": {"uv": [0, 2.25, 0.82813, 2.31585], "texture": "#3"},
				"south": {"uv": [0, 3.75, 0.4721, 3.81585], "texture": "#3"},
				"west": {"uv": [0, 2.25, 0.82813, 2.31585], "texture": "#3"},
				"up": {"uv": [0, 0, 0.4725, 0.82812], "texture": "#3"},
				"down": {"uv": [0, 0, 0.4725, 0.82812], "texture": "#3"}
			}
		},
		{
			"from": [7.73251, 9.57501, 9.69742],
			"to": [7.79501, 9.70001, 10.16617],
			"rotation": {"angle": 22.5, "axis": "x", "origin": [8.24813, 9.70001, 9.9943]},
			"faces": {
				"north": {"uv": [0, 3.75, 0.4721, 3.81585], "texture": "#3"},
				"east": {"uv": [0, 2.25, 0.82813, 2.31585], "texture": "#3"},
				"south": {"uv": [0, 3.75, 0.4721, 3.81585], "texture": "#3"},
				"west": {"uv": [0, 2.25, 0.82813, 2.31585], "texture": "#3"},
				"up": {"uv": [0, 0, 0.4725, 0.82812], "texture": "#3"},
				"down": {"uv": [0, 0, 0.4725, 0.82812], "texture": "#3"}
			}
		},
		{
			"from": [7.79501, 9.57501, 9.69742],
			"to": [8.23251, 9.63751, 10.16617],
			"rotation": {"angle": 22.5, "axis": "x", "origin": [8.24813, 9.70001, 9.9943]},
			"faces": {
				"north": {"uv": [0, 3.75, 0.4721, 3.81585], "texture": "#3"},
				"east": {"uv": [0, 2.25, 0.82813, 2.31585], "texture": "#3"},
				"south": {"uv": [0, 3.75, 0.4721, 3.81585], "texture": "#3"},
				"west": {"uv": [0, 2.25, 0.82813, 2.31585], "texture": "#3"},
				"up": {"uv": [0, 0, 0.4725, 0.82812], "texture": "#3"},
				"down": {"uv": [0, 0, 0.4725, 0.82812], "texture": "#3"}
			}
		}
	],
	"display": {
		"thirdperson_righthand": {
			"rotation": [0, -15, 0],
			"translation": [1.75, 1, -5.25],
			"scale": [0.75, 0.75, 0.75]
		},
		"thirdperson_lefthand": {
			"rotation": [0, -15, 0],
			"translation": [1.75, 1, -5.25],
			"scale": [0.75, 0.75, 0.75]
		},
		"firstperson_righthand": {
			"rotation": [5, -4, 0],
			"translation": [7, 6, -2.5],
			"scale": [0.9, 0.9, 0.9]
		},
		"firstperson_lefthand": {
			"rotation": [8, -4, 0],
			"translation": [7, 6, 1.5],
			"scale": [0.5, 0.5, 0.5]
		},
		"ground": {
			"translation": [0, 4, 0],
			"scale": [0.5, 0.5, 0.5]
		},
		"gui": {
			"rotation": [90, 50, -90],
			"translation": [-2.5, 2.5, -1],
			"scale": [0.75, 0.75, 0.75]
		},
		"fixed": {
			"rotation": [90, 50, -90],
			"translation": [-0.75, 2.5, -1],
			"scale": [0.75, 0.75, 0.75]
		}
	}
}