{
	"credit": "https://www.youtube.com/c/ZeroCaty",
	"textures": {
		"0": "zcbm/weapons/xm8_2",
		"2": "zcbm/weapons/xm8_mode",
		"3": "zcbm/weapons/xm8",
		"particle": "zcbm/weapons/xm8_2"
	},
	"elements": [
		{
			"from": [7.4, 3.8, 10.7],
			"to": [8.6, 4, 12.03],
			"faces": {
				"north": {"uv": [0, 0, 1, 1], "texture": "#0"},
				"east": {"uv": [0, 8.5, 0.25, 8.75], "texture": "#0"},
				"south": {"uv": [0, 0, 1, 1], "texture": "#0"},
				"west": {"uv": [0, 8.5, 0.25, 8.75], "texture": "#0"},
				"up": {"uv": [0, 8, 2.25, 9], "rotation": 90, "texture": "#0"},
				"down": {"uv": [0, 0, 1, 1], "texture": "#0"}
			}
		},
		{
			"from": [7.95, 2.5779, 5.76522],
			"to": [8.05, 3.0779, 6.06522],
			"rotation": {"angle": 22.5, "axis": "x", "origin": [8, 2.8279, 5.91522]},
			"faces": {
				"north": {"uv": [0, 15.5, 0.5, 16], "texture": "#0"},
				"east": {"uv": [0, 15.5, 0.5, 16], "texture": "#0"},
				"south": {"uv": [0, 15.5, 0.5, 16], "texture": "#0"},
				"west": {"uv": [0, 15.5, 0.5, 16], "texture": "#0"},
				"up": {"uv": [0, 15.5, 0.5, 16], "texture": "#0"},
				"down": {"uv": [0, 15.5, 0.5, 16], "texture": "#0"}
			}
		},
		{
			"from": [7.95, 2.72221, 5.76575],
			"to": [8.05, 3.12221, 5.96575],
			"rotation": {"angle": -22.5, "axis": "x", "origin": [8, 2.92221, 5.86575]},
			"faces": {
				"north": {"uv": [0, 15.5, 0.5, 16], "rotation": 180, "texture": "#0"},
				"east": {"uv": [0, 15.5, 0.5, 16], "texture": "#0"},
				"south": {"uv": [0, 15.5, 0.5, 16], "rotation": 180, "texture": "#0"},
				"west": {"uv": [0, 15.5, 0.5, 16], "rotation": 180, "texture": "#0"},
				"up": {"uv": [0, 15.5, 0.5, 16], "rotation": 180, "texture": "#0"},
				"down": {"uv": [0, 15.5, 0.5, 16], "rotation": 180, "texture": "#0"}
			}
		},
		{
			"from": [7.499, 1.3, 10.8],
			"to": [8.501, 3.71, 11.5],
			"rotation": {"angle": -22.5, "axis": "x", "origin": [8, 2.8, 10.7]},
			"faces": {
				"north": {"uv": [0, 0, 1, 1], "texture": "#3"},
				"east": {"uv": [0, 0, 0.25, 0.25], "texture": "#3"},
				"south": {"uv": [0, 0, 1.5, 2.5], "texture": "#0"},
				"west": {"uv": [0, 0, 0.25, 0.25], "texture": "#3"},
				"up": {"uv": [0, 0, 1, 1], "texture": "#0"},
				"down": {"uv": [0, 0, 1, 1], "texture": "#0"}
			}
		},
		{
			"from": [7.4, 1.1, 11.6],
			"to": [8.6, 1.7, 12.1],
			"rotation": {"angle": 45, "axis": "x", "origin": [8, 1.6, 11.85]},
			"faces": {
				"north": {"uv": [0, 0, 1, 1], "texture": "#0"},
				"east": {"uv": [0, 8.5, 0.25, 8.75], "texture": "#0"},
				"south": {"uv": [0, 0, 1, 1], "texture": "#0"},
				"west": {"uv": [0, 8.5, 0.25, 8.75], "texture": "#0"},
				"up": {"uv": [0, 0, 1, 1], "texture": "#0"},
				"down": {"uv": [0, 0, 1, 1], "texture": "#0"}
			}
		},
		{
			"from": [7.7, 4.7, -1.45],
			"to": [8.3, 4.9, 4.8],
			"faces": {
				"north": {"uv": [0, 8, 1.5, 9.25], "texture": "#3"},
				"east": {"uv": [0, 8, 1.5, 9.25], "texture": "#3"},
				"south": {"uv": [0, 0, 1, 1], "texture": "#0"},
				"west": {"uv": [0, 8, 1.5, 9.25], "texture": "#3"},
				"up": {"uv": [0, 8, 6.75, 9.25], "rotation": 90, "texture": "#3"},
				"down": {"uv": [0, 0, 1, 1], "texture": "#3"}
			}
		},
		{
			"from": [7.8, 3, 3.9],
			"to": [8.2, 3.8, 5.1],
			"rotation": {"angle": 22.5, "axis": "x", "origin": [8, 2.9, 3.3]},
			"faces": {
				"north": {"uv": [0, 0, 1, 1], "rotation": 90, "texture": "#3"},
				"east": {"uv": [0, 0, 1, 1], "rotation": 90, "texture": "#3"},
				"south": {"uv": [0, 8.5, 0.75, 9.25], "texture": "#3"},
				"west": {"uv": [0, 8, 0.75, 9.5], "texture": "#3"},
				"up": {"uv": [0, 0, 1, 1], "texture": "#0"},
				"down": {"uv": [0, 8, 6.75, 9.25], "texture": "#3"}
			}
		},
		{
			"from": [7.5, 3, 1],
			"to": [8.5, 3.5, 3.3],
			"faces": {
				"north": {"uv": [0, 0, 1, 1], "texture": "#0"},
				"east": {"uv": [0, 0, 1, 1], "texture": "#0"},
				"south": {"uv": [0, 0, 1, 1], "texture": "#0"},
				"west": {"uv": [0, 0, 1, 1], "texture": "#0"},
				"up": {"uv": [0, 0, 1, 1], "texture": "#0"},
				"down": {"uv": [0, 0, 1, 1], "texture": "#0"}
			}
		},
		{
			"from": [7.8, 4.8, -2.95],
			"to": [8.2, 5, -1.37],
			"rotation": {"angle": -22.5, "axis": "x", "origin": [8, 4.8, -1.21]},
			"faces": {
				"north": {"uv": [0, 0, 1, 1], "texture": "#0"},
				"east": {"uv": [0, 0, 0.25, 0.25], "texture": "#3"},
				"south": {"uv": [0, 0, 1, 1], "texture": "#3"},
				"west": {"uv": [0, 0, 0.25, 0.25], "texture": "#3"},
				"up": {"uv": [0, 8, 1.5, 9.25], "texture": "#3"},
				"down": {"uv": [0, 0, 1, 1], "texture": "#3"}
			}
		},
		{
			"from": [7.8, 3.76, -2.91],
			"to": [8.2, 4.34, -2.41],
			"faces": {
				"north": {"uv": [0, 0, 1, 1], "texture": "#3"},
				"east": {"uv": [0, 0, 0.25, 0.25], "texture": "#3"},
				"south": {"uv": [0, 0, 1, 1], "texture": "#0"},
				"west": {"uv": [0, 0, 0.25, 0.25], "texture": "#3"},
				"up": {"uv": [0, 0, 1, 1], "texture": "#3"},
				"down": {"uv": [0, 8, 1.5, 9.25], "texture": "#3"}
			}
		},
		{
			"from": [7.6, 3.5, -0.9],
			"to": [8.4, 4.2, 1],
			"faces": {
				"north": {"uv": [0, 0, 1, 1], "texture": "#3"},
				"east": {"uv": [0, 0, 1, 1], "texture": "#3"},
				"south": {"uv": [0, 0, 1, 1], "texture": "#0"},
				"west": {"uv": [0, 0, 1, 1], "texture": "#3"},
				"up": {"uv": [0, 0, 1, 1], "texture": "#3"},
				"down": {"uv": [0, 0, 1, 1], "texture": "#0"}
			}
		},
		{
			"from": [7.7, 3.4, -2.4],
			"to": [8.3, 4.4, -0.8],
			"faces": {
				"north": {"uv": [0, 0, 1, 1], "texture": "#3"},
				"east": {"uv": [0, 0, 1, 1], "texture": "#3"},
				"south": {"uv": [0, 0, 1, 1], "texture": "#3"},
				"west": {"uv": [0, 0, 1, 1], "texture": "#3"},
				"up": {"uv": [0, 0, 1, 1], "texture": "#3"},
				"down": {"uv": [0, 0, 1, 1], "texture": "#0"}
			}
		},
		{
			"from": [7.8, 3.71, -3.31],
			"to": [8.05, 3.96, -2.51],
			"rotation": {"angle": 45, "axis": "z", "origin": [8, 3.91, -3.26]},
			"faces": {
				"north": {"uv": [0, 0, 0.25, 0.25], "rotation": 270, "texture": "#0"},
				"east": {"uv": [0, 0, 0.25, 0.25], "rotation": 270, "texture": "#0"},
				"south": {"uv": [0, 0, 0.25, 0.25], "rotation": 270, "texture": "#0"},
				"west": {"uv": [0, 0, 0.25, 0.25], "rotation": 270, "texture": "#0"},
				"up": {"uv": [0, 0, 0.25, 0.25], "rotation": 270, "texture": "#0"},
				"down": {"uv": [0, 0, 0.25, 0.25], "rotation": 270, "texture": "#0"}
			}
		},
		{
			"from": [7.55, 3, -1.15],
			"to": [8.45, 3.4, -0.87],
			"rotation": {"angle": -22.5, "axis": "x", "origin": [8, 3.525, -1.01]},
			"faces": {
				"north": {"uv": [0.25, 0.25, 0.75, 0.75], "texture": "#0"},
				"east": {"uv": [0.25, 0.25, 0.75, 0.75], "texture": "#0"},
				"south": {"uv": [0.25, 0.25, 0.75, 0.75], "texture": "#0"},
				"west": {"uv": [0.25, 0.25, 0.75, 0.75], "texture": "#0"},
				"up": {"uv": [0.25, 0.25, 0.75, 0.75], "texture": "#0"},
				"down": {"uv": [0.25, 0.25, 0.75, 0.75], "texture": "#0"}
			}
		},
		{
			"from": [7.55, 3, -0.75],
			"to": [8.45, 3.4, -0.47],
			"rotation": {"angle": -22.5, "axis": "x", "origin": [8, 3.525, -0.61]},
			"faces": {
				"north": {"uv": [0.25, 0.25, 0.75, 0.75], "texture": "#0"},
				"east": {"uv": [0.25, 0.25, 0.75, 0.75], "texture": "#0"},
				"south": {"uv": [0.25, 0.25, 0.75, 0.75], "texture": "#0"},
				"west": {"uv": [0.25, 0.25, 0.75, 0.75], "texture": "#0"},
				"up": {"uv": [0.25, 0.25, 0.75, 0.75], "texture": "#0"},
				"down": {"uv": [0.25, 0.25, 0.75, 0.75], "texture": "#0"}
			}
		},
		{
			"from": [7.55, 3, -0.35],
			"to": [8.45, 3.4, -0.07],
			"rotation": {"angle": -22.5, "axis": "x", "origin": [8, 3.525, -0.21]},
			"faces": {
				"north": {"uv": [0.25, 0.25, 0.75, 0.75], "texture": "#0"},
				"east": {"uv": [0.25, 0.25, 0.75, 0.75], "texture": "#0"},
				"south": {"uv": [0.25, 0.25, 0.75, 0.75], "texture": "#0"},
				"west": {"uv": [0.25, 0.25, 0.75, 0.75], "texture": "#0"},
				"up": {"uv": [0.25, 0.25, 0.75, 0.75], "texture": "#0"},
				"down": {"uv": [0.25, 0.25, 0.75, 0.75], "texture": "#0"}
			}
		},
		{
			"from": [7.55, 3, -1.55],
			"to": [8.45, 3.4, -1.27],
			"rotation": {"angle": -22.5, "axis": "x", "origin": [8, 3.525, -1.41]},
			"faces": {
				"north": {"uv": [0.25, 0.25, 0.75, 0.75], "texture": "#0"},
				"east": {"uv": [0.25, 0.25, 0.75, 0.75], "texture": "#0"},
				"south": {"uv": [0.25, 0.25, 0.75, 0.75], "texture": "#0"},
				"west": {"uv": [0.25, 0.25, 0.75, 0.75], "texture": "#0"},
				"up": {"uv": [0.25, 0.25, 0.75, 0.75], "texture": "#0"},
				"down": {"uv": [0.25, 0.25, 0.75, 0.75], "texture": "#0"}
			}
		},
		{
			"from": [7.55, 3, -1.95],
			"to": [8.45, 3.4, -1.67],
			"rotation": {"angle": -22.5, "axis": "x", "origin": [8, 3.525, -1.81]},
			"faces": {
				"north": {"uv": [0.25, 0.25, 0.75, 0.75], "texture": "#0"},
				"east": {"uv": [0.25, 0.25, 0.75, 0.75], "texture": "#0"},
				"south": {"uv": [0.25, 0.25, 0.75, 0.75], "texture": "#0"},
				"west": {"uv": [0.25, 0.25, 0.75, 0.75], "texture": "#0"},
				"up": {"uv": [0.25, 0.25, 0.75, 0.75], "texture": "#0"},
				"down": {"uv": [0.25, 0.25, 0.75, 0.75], "texture": "#0"}
			}
		},
		{
			"from": [7.95, 4.9, -2.45],
			"to": [8.05, 5.2, -2.17],
			"rotation": {"angle": -22.5, "axis": "x", "origin": [8, 4.8, -1.21]},
			"faces": {
				"north": {"uv": [0, 0, 1, 1], "texture": "#0"},
				"east": {"uv": [0, 0, 1, 1], "texture": "#0"},
				"south": {"uv": [0, 0, 1, 1], "texture": "#0"},
				"west": {"uv": [0, 0, 1, 1], "texture": "#0"},
				"up": {"uv": [0, 0, 1, 1], "texture": "#0"},
				"down": {"uv": [0, 0, 1, 1], "texture": "#0"}
			}
		},
		{
			"from": [7.399, 1.5, 11.6],
			"to": [8.601, 4.11, 12.1],
			"faces": {
				"north": {"uv": [0, 0, 1, 1], "texture": "#0"},
				"east": {"uv": [0, 8.5, 0.25, 8.75], "texture": "#0"},
				"south": {"uv": [0, 0, 1.5, 2.5], "texture": "#0"},
				"west": {"uv": [0, 8.5, 0.25, 8.75], "texture": "#0"},
				"up": {"uv": [0, 0, 1, 1], "texture": "#0"},
				"down": {"uv": [0, 0, 1, 1], "texture": "#0"}
			}
		},
		{
			"from": [7.5, 3, 4.8],
			"to": [8.5, 3.6, 9.8],
			"faces": {
				"north": {"uv": [0, 0, 1, 1], "texture": "#0"},
				"east": {"uv": [0, 8.25, 2.75, 9], "texture": "#3"},
				"south": {"uv": [0, 0, 1, 1], "texture": "#0"},
				"west": {"uv": [0, 8, 6.75, 9.25], "texture": "#3"},
				"up": {"uv": [0, 0, 1, 1], "texture": "#0"},
				"down": {"uv": [0, 8.5, 0.75, 12], "texture": "#3"}
			}
		},
		{
			"from": [7.8, 2, 6.7],
			"to": [8.2, 4.1, 7.6],
			"rotation": {"angle": -22.5, "axis": "x", "origin": [8, 3, 8.35]},
			"faces": {
				"north": {"uv": [0, 0, 1, 1], "rotation": 90, "texture": "#3"},
				"east": {"uv": [0, 0, 1, 1], "rotation": 90, "texture": "#3"},
				"south": {"uv": [0, 0, 1, 1], "rotation": 90, "texture": "#3"},
				"west": {"uv": [0, 0, 1, 1], "rotation": 90, "texture": "#3"},
				"up": {"uv": [0, 0, 1, 1], "texture": "#0"},
				"down": {"uv": [0, 0, 1, 1], "rotation": 180, "texture": "#0"}
			}
		},
		{
			"from": [7.8, 1.5, 6.7],
			"to": [8.2, 2, 7.6],
			"rotation": {"angle": -22.5, "axis": "x", "origin": [8, 3, 8.35]},
			"faces": {
				"north": {"uv": [0, 0, 1, 1], "rotation": 180, "texture": "#0"},
				"east": {"uv": [0, 0, 1, 1], "rotation": 180, "texture": "#0"},
				"south": {"uv": [0, 0, 1, 1], "texture": "#0"},
				"west": {"uv": [0, 0, 1, 1], "rotation": 270, "texture": "#0"},
				"up": {"uv": [0, 0, 1, 1], "texture": "#0"},
				"down": {"uv": [0, 0, 1, 1], "rotation": 180, "texture": "#0"}
			}
		},
		{
			"from": [7.95, 2.75, 6.38],
			"to": [8.05, 3.35, 6.48],
			"rotation": {"angle": 22.5, "axis": "x", "origin": [8.1, 2.75, 5.75]},
			"faces": {
				"north": {"uv": [0, 15.5, 0.5, 16], "texture": "#3"},
				"east": {"uv": [0, 15.5, 0.5, 16], "texture": "#3"},
				"south": {"uv": [0, 15.5, 0.5, 16], "texture": "#3"},
				"west": {"uv": [0, 15.5, 0.5, 16], "texture": "#3"},
				"up": {"uv": [0, 15.5, 0.5, 16], "texture": "#0"},
				"down": {"uv": [0, 15.5, 0.5, 16], "texture": "#0"}
			}
		},
		{
			"from": [7.95, 2.1, 5.55],
			"to": [8.05, 2.2, 5.95],
			"rotation": {"angle": -45, "axis": "x", "origin": [8.1, 2.85, 5.75]},
			"faces": {
				"north": {"uv": [0, 15.5, 0.5, 16], "rotation": 180, "texture": "#0"},
				"east": {"uv": [0, 15.5, 0.5, 16], "rotation": 270, "texture": "#3"},
				"south": {"uv": [0, 15.5, 0.5, 16], "texture": "#0"},
				"west": {"uv": [0, 15.5, 0.5, 16], "rotation": 90, "texture": "#3"},
				"up": {"uv": [0, 15.5, 0.5, 16], "rotation": 180, "texture": "#3"},
				"down": {"uv": [0, 15.5, 0.5, 16], "texture": "#3"}
			}
		},
		{
			"from": [7.95, 2.1, 5.55],
			"to": [8.05, 2.2, 5.95],
			"rotation": {"angle": -22.5, "axis": "x", "origin": [8.1, 2.85, 5.75]},
			"faces": {
				"north": {"uv": [0, 15.5, 0.5, 16], "rotation": 180, "texture": "#0"},
				"east": {"uv": [0, 15.5, 0.5, 16], "rotation": 270, "texture": "#3"},
				"south": {"uv": [0, 15.5, 0.5, 16], "texture": "#0"},
				"west": {"uv": [0, 15.5, 0.5, 16], "rotation": 90, "texture": "#3"},
				"up": {"uv": [0, 15.5, 0.5, 16], "rotation": 180, "texture": "#3"},
				"down": {"uv": [0, 15.5, 0.5, 16], "texture": "#3"}
			}
		},
		{
			"from": [7.95, 2.1, 5.55],
			"to": [8.05, 2.2, 5.95],
			"faces": {
				"north": {"uv": [0, 15.5, 0.5, 16], "rotation": 180, "texture": "#0"},
				"east": {"uv": [0, 15.5, 0.5, 16], "rotation": 270, "texture": "#3"},
				"south": {"uv": [0, 15.5, 0.5, 16], "texture": "#0"},
				"west": {"uv": [0, 15.5, 0.5, 16], "rotation": 90, "texture": "#3"},
				"up": {"uv": [0, 15.5, 0.5, 16], "rotation": 180, "texture": "#3"},
				"down": {"uv": [0, 15.5, 0.5, 16], "texture": "#3"}
			}
		},
		{
			"from": [7.95, 2.1, 5.55],
			"to": [8.05, 2.2, 5.95],
			"rotation": {"angle": 22.5, "axis": "x", "origin": [8.1, 2.85, 5.75]},
			"faces": {
				"north": {"uv": [0, 15.5, 0.5, 16], "rotation": 180, "texture": "#0"},
				"east": {"uv": [0, 15.5, 0.5, 16], "rotation": 270, "texture": "#3"},
				"south": {"uv": [0, 15.5, 0.5, 16], "texture": "#0"},
				"west": {"uv": [0, 15.5, 0.5, 16], "rotation": 90, "texture": "#3"},
				"up": {"uv": [0, 15.5, 0.5, 16], "rotation": 180, "texture": "#3"},
				"down": {"uv": [0, 15.5, 0.5, 16], "texture": "#3"}
			}
		},
		{
			"from": [7.95, 2.1, 5.45],
			"to": [8.05, 2.2, 5.95],
			"rotation": {"angle": 45, "axis": "x", "origin": [8.1, 2.85, 5.75]},
			"faces": {
				"north": {"uv": [0, 15.5, 0.5, 16], "rotation": 180, "texture": "#0"},
				"east": {"uv": [0, 15.5, 0.5, 16], "rotation": 270, "texture": "#3"},
				"south": {"uv": [0, 15.5, 0.5, 16], "texture": "#0"},
				"west": {"uv": [0, 15.5, 0.5, 16], "rotation": 90, "texture": "#3"},
				"up": {"uv": [0, 15.5, 0.5, 16], "rotation": 180, "texture": "#3"},
				"down": {"uv": [0, 15.5, 0.5, 16], "texture": "#3"}
			}
		},
		{
			"from": [7.5, 3.8, 4.8],
			"to": [8.5, 4.5, 7.2],
			"faces": {
				"north": {"uv": [0, 0, 1, 1], "texture": "#3"},
				"east": {"uv": [0, 9.75, 1, 10.5], "texture": "#3"},
				"south": {"uv": [0, 0, 1, 1], "texture": "#0"},
				"west": {"uv": [0, 9.75, 1, 10.5], "texture": "#3"},
				"up": {"uv": [0, 8, 6.75, 9.25], "rotation": 90, "texture": "#3"},
				"down": {"uv": [0, 0, 1, 1], "texture": "#0"}
			}
		},
		{
			"from": [7.5, 3.5, 1],
			"to": [8.5, 4.2, 3.3],
			"faces": {
				"north": {"uv": [0, 0, 1, 1], "texture": "#3"},
				"east": {"uv": [0, 7.75, 1, 9.25], "texture": "#3"},
				"south": {"uv": [0, 0, 1, 1], "texture": "#0"},
				"west": {"uv": [0, 7.75, 1, 9.25], "texture": "#3"},
				"up": {"uv": [0, 0, 1, 1], "texture": "#3"},
				"down": {"uv": [0, 8, 6.75, 9.25], "texture": "#3"}
			}
		},
		{
			"from": [7.8, 3.61, -2.91],
			"to": [8.2, 3.96, -2.41],
			"rotation": {"angle": 45, "axis": "z", "origin": [8, 3.785, -2.71]},
			"faces": {
				"north": {"uv": [0, 0, 1, 1], "texture": "#3"},
				"east": {"uv": [0, 8, 1.5, 9.25], "texture": "#3"},
				"south": {"uv": [0, 0, 1, 1], "texture": "#0"},
				"west": {"uv": [0, 8, 1.5, 9.25], "texture": "#3"},
				"up": {"uv": [0, 0, 1, 1], "texture": "#3"},
				"down": {"uv": [0, 8, 1.5, 9.25], "texture": "#3"}
			}
		},
		{
			"from": [7.5, 3, 3.3],
			"to": [8.5, 4.2, 4.8],
			"faces": {
				"north": {"uv": [0, 0, 1, 1], "texture": "#0"},
				"east": {"uv": [0, 7.75, 0.75, 8.5], "texture": "#3"},
				"south": {"uv": [0, 0, 1, 1], "texture": "#0"},
				"west": {"uv": [0, 7.75, 1, 9.25], "texture": "#3"},
				"up": {"uv": [0, 0, 1, 1], "texture": "#3"},
				"down": {"uv": [0, 6.5, 0.75, 9], "texture": "#3"}
			}
		},
		{
			"from": [7.8, 2.75, 3.6],
			"to": [8.2, 3.6, 4],
			"faces": {
				"north": {"uv": [0, 8.5, 0.75, 9.25], "texture": "#3"},
				"east": {"uv": [0, 0, 1, 1], "rotation": 90, "texture": "#3"},
				"south": {"uv": [0, 8, 6.75, 9.25], "texture": "#3"},
				"west": {"uv": [0, 8.5, 0.75, 9.25], "texture": "#3"},
				"up": {"uv": [0, 0, 1, 1], "texture": "#0"},
				"down": {"uv": [0, 8, 6.75, 9.25], "texture": "#3"}
			}
		},
		{
			"from": [7.55, 3.05, -2.35],
			"to": [8.45, 3.5, 1.03],
			"faces": {
				"north": {"uv": [0.25, 0.25, 0.75, 0.75], "texture": "#0"},
				"east": {"uv": [0.25, 0.25, 0.75, 0.75], "texture": "#0"},
				"south": {"uv": [0.25, 0.25, 0.75, 0.75], "texture": "#0"},
				"west": {"uv": [0.25, 0.25, 0.75, 0.75], "texture": "#0"},
				"up": {"uv": [0.25, 0.25, 0.75, 0.75], "texture": "#0"},
				"down": {"uv": [0.25, 0.25, 0.75, 0.75], "texture": "#0"}
			}
		},
		{
			"from": [7.55, 3, 0.05],
			"to": [8.45, 3.4, 0.33],
			"rotation": {"angle": -22.5, "axis": "x", "origin": [8, 3.525, 0.19]},
			"faces": {
				"north": {"uv": [0.25, 0.25, 0.75, 0.75], "texture": "#0"},
				"east": {"uv": [0.25, 0.25, 0.75, 0.75], "texture": "#0"},
				"south": {"uv": [0.25, 0.25, 0.75, 0.75], "texture": "#0"},
				"west": {"uv": [0.25, 0.25, 0.75, 0.75], "texture": "#0"},
				"up": {"uv": [0.25, 0.25, 0.75, 0.75], "texture": "#0"},
				"down": {"uv": [0.25, 0.25, 0.75, 0.75], "texture": "#0"}
			}
		},
		{
			"from": [7.55, 3, 0.45],
			"to": [8.45, 3.4, 0.73],
			"rotation": {"angle": -22.5, "axis": "x", "origin": [8, 3.525, 0.59]},
			"faces": {
				"north": {"uv": [0.25, 0.25, 0.75, 0.75], "texture": "#0"},
				"east": {"uv": [0.25, 0.25, 0.75, 0.75], "texture": "#0"},
				"south": {"uv": [0.25, 0.25, 0.75, 0.75], "texture": "#0"},
				"west": {"uv": [0.25, 0.25, 0.75, 0.75], "texture": "#0"},
				"up": {"uv": [0.25, 0.25, 0.75, 0.75], "texture": "#0"},
				"down": {"uv": [0.25, 0.25, 0.75, 0.75], "texture": "#0"}
			}
		},
		{
			"from": [7.85, 4.4, -1.9],
			"to": [8.15, 4.72, -0.95],
			"faces": {
				"north": {"uv": [0, 0, 1, 1], "texture": "#0"},
				"east": {"uv": [0, 0, 0.25, 0.25], "texture": "#3"},
				"south": {"uv": [0, 0, 1, 1], "texture": "#3"},
				"west": {"uv": [0, 0, 0.25, 0.25], "texture": "#3"},
				"up": {"uv": [0, 8, 1.5, 9.25], "texture": "#3"},
				"down": {"uv": [0, 0, 1, 1], "texture": "#0"}
			}
		},
		{
			"from": [7.6, 4.5, 4.8],
			"to": [8.4, 5, 4.9],
			"faces": {
				"north": {"uv": [0, 0, 1, 1], "texture": "#3"},
				"east": {"uv": [0, 8, 1.5, 9.25], "texture": "#3"},
				"south": {"uv": [0, 8, 1.5, 9.25], "texture": "#3"},
				"west": {"uv": [0, 8, 1.5, 9.25], "texture": "#3"},
				"up": {"uv": [0, 8, 6.75, 9.25], "rotation": 90, "texture": "#3"},
				"down": {"uv": [0, 8, 6.75, 9.25], "texture": "#3"}
			}
		},
		{
			"from": [7.499, 2.3, 11.5],
			"to": [8.501, 3.61, 11.8],
			"rotation": {"angle": -22.5, "axis": "x", "origin": [8, 2.8, 10.7]},
			"faces": {
				"north": {"uv": [0, 0, 1, 1], "texture": "#3"},
				"east": {"uv": [0, 0, 0.25, 0.25], "texture": "#3"},
				"south": {"uv": [0, 0, 1.5, 2.5], "texture": "#0"},
				"west": {"uv": [0, 0, 0.25, 0.25], "texture": "#3"},
				"up": {"uv": [0, 0, 1, 1], "texture": "#0"},
				"down": {"uv": [0, 0, 1, 1], "texture": "#0"}
			}
		},
		{
			"from": [7.499, 2.6, 11.8],
			"to": [8.501, 3.51, 12.1],
			"rotation": {"angle": -22.5, "axis": "x", "origin": [8, 2.8, 10.7]},
			"faces": {
				"north": {"uv": [0, 0, 1, 1], "texture": "#3"},
				"east": {"uv": [0, 0, 0.25, 0.25], "texture": "#3"},
				"south": {"uv": [0, 0, 1.5, 2.5], "texture": "#0"},
				"west": {"uv": [0, 0, 0.25, 0.25], "texture": "#3"},
				"up": {"uv": [0, 0, 1, 1], "texture": "#0"},
				"down": {"uv": [0, 0, 1, 1], "texture": "#0"}
			}
		},
		{
			"from": [7.499, 3, 9.8],
			"to": [8.501, 3.91, 10.75],
			"faces": {
				"north": {"uv": [0, 0, 1, 1], "texture": "#3"},
				"east": {"uv": [0, 0, 0.25, 0.25], "texture": "#3"},
				"south": {"uv": [0, 0, 1.5, 2.5], "texture": "#0"},
				"west": {"uv": [0, 0, 0.25, 0.25], "texture": "#3"},
				"up": {"uv": [0, 0, 0.75, 0.75], "texture": "#3"},
				"down": {"uv": [0, 8.25, 0.75, 9.5], "texture": "#3"}
			}
		},
		{
			"from": [7.5, 3.8, 7.3],
			"to": [8.5, 4, 9.83],
			"faces": {
				"north": {"uv": [0, 0, 1, 1], "texture": "#0"},
				"east": {"uv": [0, 8.5, 0.25, 8.75], "texture": "#0"},
				"south": {"uv": [0, 0, 1, 1], "texture": "#0"},
				"west": {"uv": [0, 8.5, 0.25, 8.75], "texture": "#0"},
				"up": {"uv": [0, 8, 2.25, 9], "rotation": 90, "texture": "#0"},
				"down": {"uv": [0, 0, 1, 1], "texture": "#0"}
			}
		},
		{
			"from": [7.5, 3.8, 7.259],
			"to": [8.5, 4.009, 8.589],
			"rotation": {"angle": 22.5, "axis": "x", "origin": [8, 3.9, 8.565]},
			"faces": {
				"north": {"uv": [0, 0, 1, 1], "texture": "#0"},
				"east": {"uv": [0, 8.5, 0.25, 8.75], "texture": "#0"},
				"south": {"uv": [0, 0, 1, 1], "texture": "#0"},
				"west": {"uv": [0, 8.5, 0.25, 8.75], "texture": "#0"},
				"up": {"uv": [0, 8, 2.25, 9], "rotation": 90, "texture": "#0"},
				"down": {"uv": [0, 0, 1, 1], "texture": "#0"}
			}
		},
		{
			"from": [7.5, 3.8, 7.2],
			"to": [8.5, 4.5, 7.4],
			"faces": {
				"north": {"uv": [0, 0, 1, 1], "texture": "#0"},
				"east": {"uv": [0, 8.5, 0.25, 8.75], "texture": "#0"},
				"south": {"uv": [0, 0, 1, 1], "texture": "#0"},
				"west": {"uv": [0, 8.5, 0.25, 8.75], "texture": "#0"},
				"up": {"uv": [0, 8, 0.5, 10], "rotation": 90, "texture": "#0"},
				"down": {"uv": [0, 0, 1, 1], "texture": "#0"}
			}
		},
		{
			"from": [7.5, 3.6, 7.35],
			"to": [8.5, 3.8, 8.08],
			"rotation": {"angle": 22.5, "axis": "x", "origin": [8, 3.9, 8.565]},
			"faces": {
				"north": {"uv": [0, 0, 1, 1], "texture": "#0"},
				"east": {"uv": [0, 8.5, 0.25, 8.75], "texture": "#0"},
				"south": {"uv": [0, 0, 1, 1], "texture": "#0"},
				"west": {"uv": [0, 8.5, 0.25, 8.75], "texture": "#0"},
				"up": {"uv": [0, 8, 6.75, 9.25], "rotation": 90, "texture": "#0"},
				"down": {"uv": [0, 0, 1, 1], "texture": "#0"}
			}
		},
		{
			"from": [7.5, 3.5, 7.35],
			"to": [8.5, 3.6, 7.78],
			"rotation": {"angle": 22.5, "axis": "x", "origin": [8, 3.9, 8.565]},
			"faces": {
				"north": {"uv": [0, 0, 1, 1], "texture": "#0"},
				"east": {"uv": [0, 8.5, 0.25, 8.75], "texture": "#0"},
				"south": {"uv": [0, 0, 1, 1], "texture": "#0"},
				"west": {"uv": [0, 8.5, 0.25, 8.75], "texture": "#0"},
				"up": {"uv": [0, 8, 6.75, 9.25], "rotation": 90, "texture": "#0"},
				"down": {"uv": [0, 0, 1, 1], "texture": "#0"}
			}
		},
		{
			"from": [7.85, 4, -1],
			"to": [8.15, 4.8, -0.8],
			"rotation": {"angle": -22.5, "axis": "x", "origin": [8, 4.4, -0.95]},
			"faces": {
				"north": {"uv": [0, 0, 1, 1], "texture": "#3"},
				"east": {"uv": [0, 0, 0.25, 0.25], "texture": "#3"},
				"south": {"uv": [0, 0, 1, 1], "texture": "#3"},
				"west": {"uv": [0, 0, 0.25, 0.25], "texture": "#3"},
				"up": {"uv": [0, 0, 1, 1], "texture": "#3"},
				"down": {"uv": [0, 0, 1, 1], "texture": "#0"}
			}
		},
		{
			"from": [7.7, 4.5, 4.9],
			"to": [8.3, 4.6, 7.1],
			"faces": {
				"north": {"uv": [0, 0, 1, 1], "texture": "#0"},
				"east": {"uv": [0, 8, 6.75, 9.25], "texture": "#0"},
				"south": {"uv": [0, 0, 1, 1], "texture": "#0"},
				"west": {"uv": [0, 8, 6.75, 9.25], "texture": "#0"},
				"up": {"uv": [0, 8, 6.75, 9.25], "rotation": 90, "texture": "#0"},
				"down": {"uv": [0, 0, 1, 1], "texture": "#0"}
			}
		},
		{
			"from": [7.7, 4.6, 5],
			"to": [8.3, 4.7, 5.2],
			"faces": {
				"north": {"uv": [0, 0, 1, 1], "texture": "#0"},
				"east": {"uv": [0, 8, 6.75, 9.25], "texture": "#0"},
				"south": {"uv": [0, 0, 1, 1], "texture": "#0"},
				"west": {"uv": [0, 8, 6.75, 9.25], "texture": "#0"},
				"up": {"uv": [0, 8.5, 0.75, 9.25], "rotation": 90, "texture": "#0"},
				"down": {"uv": [0, 0, 1, 1], "texture": "#0"}
			}
		},
		{
			"from": [7.7, 4.6, 5.35],
			"to": [8.3, 4.85, 5.55],
			"faces": {
				"north": {"uv": [0, 8.5, 0.25, 8.75], "texture": "#0"},
				"east": {"uv": [0, 8.5, 0.25, 8.75], "texture": "#0"},
				"south": {"uv": [0, 8.5, 0.25, 8.75], "texture": "#0"},
				"west": {"uv": [0, 8.5, 0.25, 8.75], "texture": "#0"},
				"up": {"uv": [0, 8.5, 0.25, 8.75], "rotation": 90, "texture": "#0"},
				"down": {"uv": [0, 8.5, 0.25, 8.75], "texture": "#0"}
			}
		},
		{
			"from": [7.7, 4.6, 5.6],
			"to": [8.3, 4.7, 5.8],
			"faces": {
				"north": {"uv": [0, 0, 1, 1], "texture": "#0"},
				"east": {"uv": [0, 8, 6.75, 9.25], "texture": "#0"},
				"south": {"uv": [0, 0, 1, 1], "texture": "#0"},
				"west": {"uv": [0, 8, 6.75, 9.25], "texture": "#0"},
				"up": {"uv": [0, 8.5, 0.75, 9.25], "rotation": 90, "texture": "#0"},
				"down": {"uv": [0, 0, 1, 1], "texture": "#0"}
			}
		},
		{
			"from": [7.7, 4.6, 5.9],
			"to": [8.3, 4.7, 6.1],
			"faces": {
				"north": {"uv": [0, 0, 1, 1], "texture": "#0"},
				"east": {"uv": [0, 8, 6.75, 9.25], "texture": "#0"},
				"south": {"uv": [0, 0, 1, 1], "texture": "#0"},
				"west": {"uv": [0, 8, 6.75, 9.25], "texture": "#0"},
				"up": {"uv": [0, 8.5, 0.75, 9.25], "rotation": 90, "texture": "#0"},
				"down": {"uv": [0, 0, 1, 1], "texture": "#0"}
			}
		},
		{
			"from": [7.7, 4.6, 6.2],
			"to": [8.3, 4.7, 6.4],
			"faces": {
				"north": {"uv": [0, 0, 1, 1], "texture": "#0"},
				"east": {"uv": [0, 8, 6.75, 9.25], "texture": "#0"},
				"south": {"uv": [0, 0, 1, 1], "texture": "#0"},
				"west": {"uv": [0, 8, 6.75, 9.25], "texture": "#0"},
				"up": {"uv": [0, 8.5, 0.5, 9.25], "rotation": 90, "texture": "#0"},
				"down": {"uv": [0, 0, 1, 1], "texture": "#0"}
			}
		},
		{
			"from": [7.7, 4.6, 6.5],
			"to": [8.3, 4.7, 7],
			"faces": {
				"north": {"uv": [0, 0, 1, 1], "texture": "#0"},
				"east": {"uv": [0, 8, 6.75, 9.25], "texture": "#0"},
				"south": {"uv": [0, 0, 1, 1], "texture": "#0"},
				"west": {"uv": [0, 8, 6.75, 9.25], "texture": "#0"},
				"up": {"uv": [0, 8.5, 0.75, 9.25], "rotation": 90, "texture": "#0"},
				"down": {"uv": [0, 0, 1, 1], "texture": "#0"}
			}
		},
		{
			"from": [7.9, 4.2, 1.3],
			"to": [8.1, 4.3, 4.8],
			"faces": {
				"north": {"uv": [0, 0, 1, 1], "texture": "#0"},
				"east": {"uv": [0, 8, 6.75, 9.25], "texture": "#0"},
				"south": {"uv": [0, 0, 1, 1], "texture": "#0"},
				"west": {"uv": [0, 8, 6.75, 9.25], "texture": "#0"},
				"up": {"uv": [0, 8, 6.75, 9.25], "rotation": 90, "texture": "#0"},
				"down": {"uv": [0, 0, 1, 1], "texture": "#0"}
			}
		},
		{
			"from": [7.5, 3.6, 5.7],
			"to": [8.5, 3.8, 9.8],
			"faces": {
				"north": {"uv": [0, 0, 1, 1], "texture": "#0"},
				"east": {"uv": [0, 8.5, 3.75, 8.75], "texture": "#3"},
				"south": {"uv": [0, 0, 1, 1], "texture": "#0"},
				"west": {"uv": [0, 8.5, 3.75, 8.75], "texture": "#3"},
				"up": {"uv": [0, 8, 6.75, 9.25], "rotation": 90, "texture": "#3"},
				"down": {"uv": [0, 8, 6.75, 9.25], "texture": "#3"}
			}
		},
		{
			"from": [7.5, 3.6, 4.8],
			"to": [8.45, 3.8, 5.8],
			"faces": {
				"north": {"uv": [0, 0, 1, 1], "texture": "#0"},
				"east": {"uv": [8, 0, 8.25, 1.5], "rotation": 90, "texture": "#3"},
				"south": {"uv": [0, 0, 1, 1], "texture": "#0"},
				"west": {"uv": [0, 8.25, 1.5, 8.5], "texture": "#3"},
				"up": {"uv": [0, 8, 6.75, 9.25], "rotation": 90, "texture": "#3"},
				"down": {"uv": [0, 8, 6.75, 9.25], "texture": "#3"}
			}
		},
		{
			"from": [8.3, 3.6, 5.5],
			"to": [8.6, 3.8, 5.6],
			"faces": {
				"north": {"uv": [0, 8.5, 0.75, 9.25], "texture": "#3"},
				"east": {"uv": [0, 8, 6.75, 9.25], "texture": "#3"},
				"south": {"uv": [0, 8.5, 0.75, 9.25], "texture": "#3"},
				"west": {"uv": [0, 8, 6.75, 9.25], "texture": "#3"},
				"up": {"uv": [0, 8, 6.75, 9.25], "rotation": 90, "texture": "#3"},
				"down": {"uv": [0, 8, 6.75, 9.25], "texture": "#3"}
			}
		},
		{
			"from": [8.6, 3.55, 5.5],
			"to": [8.8, 3.9, 5.6],
			"faces": {
				"north": {"uv": [0, 8.5, 0.75, 9.25], "texture": "#3"},
				"east": {"uv": [0, 8, 6.75, 9.25], "texture": "#3"},
				"south": {"uv": [0, 8.5, 0.75, 9.25], "texture": "#3"},
				"west": {"uv": [0, 8, 6.75, 9.25], "texture": "#3"},
				"up": {"uv": [0, 8, 6.75, 9.25], "rotation": 90, "texture": "#3"},
				"down": {"uv": [0, 8, 6.75, 9.25], "texture": "#3"}
			}
		},
		{
			"from": [7.45, 3.4, 6.6],
			"to": [8.55, 3.65, 6.9],
			"faces": {
				"north": {"uv": [0, 8, 0.25, 8.25], "texture": "#0"},
				"east": {"uv": [0, 8, 0.25, 8.25], "texture": "#0"},
				"south": {"uv": [0, 8, 0.25, 8.25], "texture": "#0"},
				"west": {"uv": [0, 8, 0.25, 8.25], "texture": "#0"},
				"up": {"uv": [0, 8, 0.25, 8.25], "rotation": 90, "texture": "#0"},
				"down": {"uv": [0, 8, 0.25, 8.25], "texture": "#0"}
			}
		},
		{
			"from": [7.45, 3.25, 6.8],
			"to": [8.55, 3.4, 6.9],
			"faces": {
				"north": {"uv": [0, 8, 0.25, 8.25], "texture": "#0"},
				"east": {"uv": [0, 8, 0.25, 8.25], "texture": "#0"},
				"south": {"uv": [0, 8, 0.25, 8.25], "texture": "#0"},
				"west": {"uv": [0, 8, 0.25, 8.25], "texture": "#0"},
				"up": {"uv": [0, 8, 0.25, 8.25], "rotation": 90, "texture": "#0"},
				"down": {"uv": [0, 8, 0.25, 8.25], "texture": "#0"}
			}
		},
		{
			"from": [7.4, 3.45, 4.2],
			"to": [7.5, 3.65, 4.8],
			"faces": {
				"north": {"uv": [0, 0, 1, 1], "texture": "#0"},
				"east": {"uv": [0, 8, 6.75, 9.25], "texture": "#0"},
				"south": {"uv": [0, 0, 1, 1], "texture": "#0"},
				"west": {"uv": [0, 8, 6.75, 9.25], "texture": "#0"},
				"up": {"uv": [0, 8, 6.75, 9.25], "rotation": 90, "texture": "#0"},
				"down": {"uv": [0, 0, 1, 1], "texture": "#0"}
			}
		},
		{
			"from": [7.4, 3.4, -1.55],
			"to": [7.45, 3.8, 0.93],
			"faces": {
				"north": {"uv": [0.25, 0.25, 0.75, 0.75], "texture": "#0"},
				"east": {"uv": [0.25, 0.25, 0.75, 0.75], "texture": "#0"},
				"south": {"uv": [0.25, 0.25, 0.75, 0.75], "texture": "#0"},
				"west": {"uv": [0.25, 0.25, 0.75, 0.75], "texture": "#0"},
				"up": {"uv": [0.25, 0.25, 0.75, 0.75], "texture": "#0"},
				"down": {"uv": [0.25, 0.25, 0.75, 0.75], "texture": "#0"}
			}
		},
		{
			"from": [7.7, 4.75, 5.36],
			"to": [8.3, 4.9, 5.61],
			"rotation": {"angle": -22.5, "axis": "x", "origin": [8, 4.85, 5.5]},
			"faces": {
				"north": {"uv": [0, 8.5, 0.25, 8.75], "texture": "#0"},
				"east": {"uv": [0, 8.5, 0.25, 8.75], "texture": "#0"},
				"south": {"uv": [0, 8.5, 0.25, 8.75], "texture": "#0"},
				"west": {"uv": [0, 8.5, 0.25, 8.75], "texture": "#0"},
				"up": {"uv": [0, 8.5, 0.25, 8.75], "rotation": 90, "texture": "#0"},
				"down": {"uv": [0, 8.5, 0.25, 8.75], "texture": "#0"}
			}
		},
		{
			"from": [7.7, 4.8, 5.6],
			"to": [7.8, 5, 5.8],
			"faces": {
				"north": {"uv": [0, 8.5, 0.25, 8.75], "texture": "#0"},
				"east": {"uv": [0, 8.5, 0.25, 8.75], "texture": "#0"},
				"south": {"uv": [0, 8.5, 0.25, 8.75], "rotation": 90, "texture": "#0"},
				"west": {"uv": [0, 8.5, 0.25, 8.75], "texture": "#0"},
				"up": {"uv": [0, 8.5, 0.25, 8.75], "texture": "#0"},
				"down": {"uv": [0, 8.5, 0.25, 8.75], "texture": "#0"}
			}
		},
		{
			"from": [7.7, 4.8, 5.6],
			"to": [7.8, 5, 5.8],
			"rotation": {"angle": 45, "axis": "x", "origin": [8, 4.9, 5.7]},
			"faces": {
				"north": {"uv": [0, 8.5, 0.25, 8.75], "texture": "#0"},
				"east": {"uv": [0, 8.5, 0.25, 8.75], "texture": "#0"},
				"south": {"uv": [0, 8.5, 0.25, 8.75], "rotation": 90, "texture": "#0"},
				"west": {"uv": [0, 8.5, 0.25, 8.75], "texture": "#0"},
				"up": {"uv": [0, 8.5, 0.25, 8.75], "texture": "#0"},
				"down": {"uv": [0, 8.5, 0.25, 8.75], "texture": "#0"}
			}
		},
		{
			"from": [7.9, 4.9, 5.6],
			"to": [8.1, 5.2, 5.8],
			"faces": {
				"north": {"uv": [0, 8.5, 0.25, 8.75], "texture": "#0"},
				"east": {"uv": [0, 8.5, 0.25, 8.75], "rotation": 90, "texture": "#0"},
				"south": {"uv": [0, 8.5, 0.25, 8.75], "texture": "#0"},
				"west": {"uv": [0, 8.5, 0.25, 8.75], "rotation": 90, "texture": "#0"},
				"up": {"uv": [0, 8.5, 0.25, 8.75], "texture": "#0"},
				"down": {"uv": [0, 8.5, 0.25, 8.75], "texture": "#0"}
			}
		},
		{
			"from": [7.9, 5.2, 5.65],
			"to": [7.95, 5.35, 5.75],
			"faces": {
				"north": {"uv": [0, 8.5, 0.25, 8.75], "texture": "#0"},
				"east": {"uv": [0, 8.5, 0.25, 8.75], "texture": "#0"},
				"south": {"uv": [0, 8.5, 0.25, 8.75], "texture": "#0"},
				"west": {"uv": [0, 8.5, 0.25, 8.75], "rotation": 90, "texture": "#0"},
				"up": {"uv": [0, 8.5, 0.25, 8.75], "rotation": 90, "texture": "#0"},
				"down": {"uv": [0, 8.5, 0.25, 8.75], "texture": "#0"}
			}
		},
		{
			"from": [8.05, 5.2, 5.65],
			"to": [8.1, 5.35, 5.75],
			"faces": {
				"north": {"uv": [0, 8.5, 0.25, 8.75], "texture": "#0"},
				"east": {"uv": [0, 8.5, 0.25, 8.75], "rotation": 90, "texture": "#0"},
				"south": {"uv": [0, 8.5, 0.25, 8.75], "texture": "#0"},
				"west": {"uv": [0, 8.5, 0.25, 8.75], "texture": "#0"},
				"up": {"uv": [0, 8.5, 0.25, 8.75], "rotation": 90, "texture": "#0"},
				"down": {"uv": [0, 8.5, 0.25, 8.75], "texture": "#0"}
			}
		},
		{
			"from": [7.9, 5.35, 5.65],
			"to": [8.1, 5.4, 5.75],
			"faces": {
				"north": {"uv": [0, 8.5, 0.25, 8.75], "texture": "#0"},
				"east": {"uv": [0, 8.5, 0.25, 8.75], "texture": "#0"},
				"south": {"uv": [0, 8.5, 0.25, 8.75], "texture": "#0"},
				"west": {"uv": [0, 8.5, 0.25, 8.75], "texture": "#0"},
				"up": {"uv": [0, 8.5, 0.25, 8.75], "rotation": 90, "texture": "#0"},
				"down": {"uv": [0, 8.5, 0.25, 8.75], "texture": "#0"}
			}
		},
		{
			"from": [7.9, 4.9, -1.4],
			"to": [8.1, 5.2, -1.2],
			"faces": {
				"north": {"uv": [0, 8.5, 0.25, 8.75], "texture": "#0"},
				"east": {"uv": [0, 8.5, 0.25, 8.75], "rotation": 90, "texture": "#0"},
				"south": {"uv": [0, 8.5, 0.25, 8.75], "texture": "#0"},
				"west": {"uv": [0, 8.5, 0.25, 8.75], "rotation": 90, "texture": "#0"},
				"up": {"uv": [0, 8.5, 0.25, 8.75], "rotation": 90, "texture": "#0"},
				"down": {"uv": [0, 8.5, 0.25, 8.75], "texture": "#0"}
			}
		},
		{
			"from": [7.9, 5.2, -1.35],
			"to": [7.95, 5.35, -1.25],
			"faces": {
				"north": {"uv": [0, 8.5, 0.25, 8.75], "texture": "#0"},
				"east": {"uv": [0, 8.5, 0.25, 8.75], "texture": "#0"},
				"south": {"uv": [0, 8.5, 0.25, 8.75], "texture": "#0"},
				"west": {"uv": [0, 8.5, 0.25, 8.75], "rotation": 90, "texture": "#0"},
				"up": {"uv": [0, 8.5, 0.25, 8.75], "rotation": 90, "texture": "#0"},
				"down": {"uv": [0, 8.5, 0.25, 8.75], "texture": "#0"}
			}
		},
		{
			"from": [8.05, 5.2, -1.35],
			"to": [8.1, 5.35, -1.25],
			"faces": {
				"north": {"uv": [0, 8.5, 0.25, 8.75], "texture": "#0"},
				"east": {"uv": [0, 8.5, 0.25, 8.75], "texture": "#0"},
				"south": {"uv": [0, 8.5, 0.25, 8.75], "texture": "#0"},
				"west": {"uv": [0, 8.5, 0.25, 8.75], "texture": "#0"},
				"up": {"uv": [0, 8.5, 0.25, 8.75], "rotation": 90, "texture": "#0"},
				"down": {"uv": [0, 8.5, 0.25, 8.75], "texture": "#0"}
			}
		},
		{
			"from": [7.9, 5.35, -1.35],
			"to": [8.1, 5.4, -1.25],
			"faces": {
				"north": {"uv": [0, 8.5, 0.25, 8.75], "texture": "#0"},
				"east": {"uv": [0, 8.5, 0.25, 8.75], "texture": "#0"},
				"south": {"uv": [0, 8.5, 0.25, 8.75], "texture": "#0"},
				"west": {"uv": [0, 8.5, 0.25, 8.75], "texture": "#0"},
				"up": {"uv": [0, 8.5, 0.25, 8.75], "rotation": 90, "texture": "#0"},
				"down": {"uv": [0, 8.5, 0.25, 8.75], "texture": "#0"}
			}
		},
		{
			"from": [8.2, 4.8, 5.6],
			"to": [8.3, 5, 5.8],
			"faces": {
				"north": {"uv": [0, 8.5, 0.25, 8.75], "texture": "#0"},
				"east": {"uv": [0, 8.5, 0.25, 8.75], "texture": "#0"},
				"south": {"uv": [0, 8.5, 0.25, 8.75], "rotation": 90, "texture": "#0"},
				"west": {"uv": [0, 8.5, 0.25, 8.75], "texture": "#0"},
				"up": {"uv": [0, 8.5, 0.25, 8.75], "texture": "#0"},
				"down": {"uv": [0, 8.5, 0.25, 8.75], "texture": "#0"}
			}
		},
		{
			"from": [8.2, 4.8, 5.6],
			"to": [8.3, 5, 5.8],
			"rotation": {"angle": 45, "axis": "x", "origin": [8.5, 4.9, 5.7]},
			"faces": {
				"north": {"uv": [0, 8.5, 0.25, 8.75], "texture": "#0"},
				"east": {"uv": [0, 8.5, 0.25, 8.75], "texture": "#0"},
				"south": {"uv": [0, 8.5, 0.25, 8.75], "rotation": 90, "texture": "#0"},
				"west": {"uv": [0, 8.5, 0.25, 8.75], "texture": "#0"},
				"up": {"uv": [0, 8.5, 0.25, 8.75], "texture": "#0"},
				"down": {"uv": [0, 8.5, 0.25, 8.75], "texture": "#0"}
			}
		},
		{
			"from": [7.8, 4.85, 5.65],
			"to": [8.2, 4.95, 5.75],
			"faces": {
				"north": {"uv": [0, 8.5, 0.25, 8.75], "texture": "#0"},
				"east": {"uv": [0, 8.5, 0.25, 8.75], "texture": "#0"},
				"south": {"uv": [0, 8.5, 0.25, 8.75], "rotation": 90, "texture": "#0"},
				"west": {"uv": [0, 8.5, 0.25, 8.75], "texture": "#0"},
				"up": {"uv": [0, 8.5, 0.25, 8.75], "texture": "#0"},
				"down": {"uv": [0, 8.5, 0.25, 8.75], "texture": "#0"}
			}
		},
		{
			"from": [8.15, 4.8, 5.6],
			"to": [8.2, 5, 5.8],
			"faces": {
				"north": {"uv": [0, 8.5, 0.25, 8.75], "texture": "#0"},
				"east": {"uv": [0, 8.5, 0.25, 8.75], "texture": "#0"},
				"south": {"uv": [0, 8.5, 0.25, 8.75], "rotation": 90, "texture": "#0"},
				"west": {"uv": [0, 8.5, 0.25, 8.75], "texture": "#0"},
				"up": {"uv": [0, 8.5, 0.25, 8.75], "texture": "#0"},
				"down": {"uv": [0, 8.5, 0.25, 8.75], "texture": "#0"}
			}
		},
		{
			"from": [7.8, 4.8, 5.6],
			"to": [7.85, 5, 5.8],
			"faces": {
				"north": {"uv": [0, 8.5, 0.25, 8.75], "texture": "#0"},
				"east": {"uv": [0, 8.5, 0.25, 8.75], "texture": "#0"},
				"south": {"uv": [0, 8.5, 0.25, 8.75], "rotation": 90, "texture": "#0"},
				"west": {"uv": [0, 8.5, 0.25, 8.75], "texture": "#0"},
				"up": {"uv": [0, 8.5, 0.25, 8.75], "texture": "#0"},
				"down": {"uv": [0, 8.5, 0.25, 8.75], "texture": "#0"}
			}
		},
		{
			"from": [7.49, 4, 6.75],
			"to": [7.49, 4.1, 7.05],
			"rotation": {"angle": -22.5, "axis": "x", "origin": [7.475, 4.2, 6.9]},
			"faces": {
				"north": {"uv": [0, 0, 1, 1], "texture": "#0"},
				"east": {"uv": [0, 8, 6.75, 9.25], "texture": "#0"},
				"south": {"uv": [0, 0, 1, 1], "texture": "#0"},
				"west": {"uv": [0, 8.5, 0.25, 8.75], "texture": "#0"},
				"up": {"uv": [0, 8, 6.75, 9.25], "rotation": 90, "texture": "#0"},
				"down": {"uv": [0, 0, 1, 1], "texture": "#0"}
			}
		},
		{
			"from": [7.49, 4.3, 6.75],
			"to": [7.49, 4.4, 7.05],
			"rotation": {"angle": -45, "axis": "x", "origin": [7.475, 4.2, 6.9]},
			"faces": {
				"north": {"uv": [0, 0, 1, 1], "rotation": 180, "texture": "#0"},
				"east": {"uv": [0, 8, 6.75, 9.25], "rotation": 180, "texture": "#0"},
				"south": {"uv": [0, 0, 1, 1], "rotation": 180, "texture": "#0"},
				"west": {"uv": [0, 8.5, 0.25, 8.75], "rotation": 180, "texture": "#0"},
				"up": {"uv": [0, 0, 1, 1], "texture": "#0"},
				"down": {"uv": [0, 8, 6.75, 9.25], "rotation": 90, "texture": "#0"}
			}
		},
		{
			"from": [7.49, 4.05, 6.7],
			"to": [7.49, 4.35, 6.8],
			"rotation": {"angle": -45, "axis": "x", "origin": [7.475, 4.2, 6.9]},
			"faces": {
				"north": {"uv": [0, 0, 1, 1], "rotation": 180, "texture": "#0"},
				"east": {"uv": [0, 8, 6.75, 9.25], "rotation": 270, "texture": "#0"},
				"south": {"uv": [0, 8, 6.75, 9.25], "rotation": 90, "texture": "#0"},
				"west": {"uv": [0, 8.5, 0.25, 8.75], "rotation": 90, "texture": "#0"},
				"up": {"uv": [0, 0, 1, 1], "rotation": 180, "texture": "#0"},
				"down": {"uv": [0, 0, 1, 1], "texture": "#0"}
			}
		},
		{
			"from": [7.49, 4.05, 7],
			"to": [7.49, 4.35, 7.1],
			"rotation": {"angle": 22.5, "axis": "x", "origin": [7.475, 4.2, 6.9]},
			"faces": {
				"north": {"uv": [0, 8, 6.75, 9.25], "rotation": 270, "texture": "#0"},
				"east": {"uv": [0, 8, 6.75, 9.25], "rotation": 90, "texture": "#0"},
				"south": {"uv": [0, 0, 1, 1], "texture": "#0"},
				"west": {"uv": [0, 8.5, 0.25, 8.75], "rotation": 270, "texture": "#0"},
				"up": {"uv": [0, 0, 1, 1], "texture": "#0"},
				"down": {"uv": [0, 0, 1, 1], "rotation": 180, "texture": "#0"}
			}
		},
		{
			"from": [7.49, 4.3, 6.75],
			"to": [7.49, 4.4, 7.05],
			"rotation": {"angle": 22.5, "axis": "x", "origin": [7.475, 4.2, 6.9]},
			"faces": {
				"north": {"uv": [0, 0, 1, 1], "rotation": 180, "texture": "#0"},
				"east": {"uv": [0, 8, 6.75, 9.25], "rotation": 180, "texture": "#0"},
				"south": {"uv": [0, 0, 1, 1], "rotation": 180, "texture": "#0"},
				"west": {"uv": [0, 8.5, 0.25, 8.75], "rotation": 180, "texture": "#0"},
				"up": {"uv": [0, 0, 1, 1], "texture": "#0"},
				"down": {"uv": [0, 8, 6.75, 9.25], "rotation": 90, "texture": "#0"}
			}
		},
		{
			"from": [7.49, 4.05, 6.7],
			"to": [7.49, 4.35, 6.8],
			"rotation": {"angle": 22.5, "axis": "x", "origin": [7.475, 4.2, 6.9]},
			"faces": {
				"north": {"uv": [0, 0, 1, 1], "rotation": 180, "texture": "#0"},
				"east": {"uv": [0, 8, 6.75, 9.25], "rotation": 270, "texture": "#0"},
				"south": {"uv": [0, 8, 6.75, 9.25], "rotation": 90, "texture": "#0"},
				"west": {"uv": [0, 8.5, 0.25, 8.75], "rotation": 90, "texture": "#0"},
				"up": {"uv": [0, 0, 1, 1], "rotation": 180, "texture": "#0"},
				"down": {"uv": [0, 0, 1, 1], "texture": "#0"}
			}
		},
		{
			"from": [7.49, 4, 6.75],
			"to": [7.49, 4.1, 7.05],
			"rotation": {"angle": 22.5, "axis": "x", "origin": [7.475, 4.2, 6.9]},
			"faces": {
				"north": {"uv": [0, 0, 1, 1], "texture": "#0"},
				"east": {"uv": [0, 8, 6.75, 9.25], "texture": "#0"},
				"south": {"uv": [0, 0, 1, 1], "texture": "#0"},
				"west": {"uv": [0, 8.5, 0.25, 8.75], "texture": "#0"},
				"up": {"uv": [0, 8, 6.75, 9.25], "rotation": 90, "texture": "#0"},
				"down": {"uv": [0, 0, 1, 1], "texture": "#0"}
			}
		},
		{
			"from": [7.49, 4.05, 7],
			"to": [7.49, 4.35, 7.1],
			"faces": {
				"north": {"uv": [0, 8, 6.75, 9.25], "rotation": 270, "texture": "#0"},
				"east": {"uv": [0, 8, 6.75, 9.25], "rotation": 90, "texture": "#0"},
				"south": {"uv": [0, 0, 1, 1], "texture": "#0"},
				"west": {"uv": [0, 8.5, 0.25, 8.75], "rotation": 270, "texture": "#0"},
				"up": {"uv": [0, 0, 1, 1], "texture": "#0"},
				"down": {"uv": [0, 0, 1, 1], "rotation": 180, "texture": "#0"}
			}
		},
		{
			"from": [7.49, 4.3, 6.75],
			"to": [7.49, 4.4, 7.05],
			"faces": {
				"north": {"uv": [0, 0, 1, 1], "rotation": 180, "texture": "#0"},
				"east": {"uv": [0, 8, 6.75, 9.25], "rotation": 180, "texture": "#0"},
				"south": {"uv": [0, 0, 1, 1], "rotation": 180, "texture": "#0"},
				"west": {"uv": [0, 8.5, 0.25, 8.75], "rotation": 180, "texture": "#0"},
				"up": {"uv": [0, 0, 1, 1], "texture": "#0"},
				"down": {"uv": [0, 8, 6.75, 9.25], "rotation": 90, "texture": "#0"}
			}
		},
		{
			"from": [7.49, 4.05, 6.7],
			"to": [7.49, 4.35, 6.8],
			"faces": {
				"north": {"uv": [0, 0, 1, 1], "rotation": 180, "texture": "#0"},
				"east": {"uv": [0, 8, 6.75, 9.25], "rotation": 270, "texture": "#0"},
				"south": {"uv": [0, 8, 6.75, 9.25], "rotation": 90, "texture": "#0"},
				"west": {"uv": [0, 8.5, 0.25, 8.75], "rotation": 90, "texture": "#0"},
				"up": {"uv": [0, 0, 1, 1], "rotation": 180, "texture": "#0"},
				"down": {"uv": [0, 0, 1, 1], "texture": "#0"}
			}
		},
		{
			"from": [7.49, 4, 6.75],
			"to": [7.49, 4.1, 7.05],
			"faces": {
				"north": {"uv": [0, 0, 1, 1], "texture": "#0"},
				"east": {"uv": [0, 8, 6.75, 9.25], "texture": "#0"},
				"south": {"uv": [0, 0, 1, 1], "texture": "#0"},
				"west": {"uv": [0, 8.5, 0.25, 8.75], "texture": "#0"},
				"up": {"uv": [0, 8, 6.75, 9.25], "rotation": 90, "texture": "#0"},
				"down": {"uv": [0, 0, 1, 1], "texture": "#0"}
			}
		},
		{
			"from": [7.49, 4.05, 6.7],
			"to": [7.49, 4.35, 6.8],
			"rotation": {"angle": -22.5, "axis": "x", "origin": [7.475, 4.2, 6.9]},
			"faces": {
				"north": {"uv": [0, 0, 1, 1], "rotation": 180, "texture": "#0"},
				"east": {"uv": [0, 8, 6.75, 9.25], "rotation": 270, "texture": "#0"},
				"south": {"uv": [0, 8, 6.75, 9.25], "rotation": 90, "texture": "#0"},
				"west": {"uv": [0, 8.5, 0.25, 8.75], "rotation": 90, "texture": "#0"},
				"up": {"uv": [0, 0, 1, 1], "rotation": 180, "texture": "#0"},
				"down": {"uv": [0, 0, 1, 1], "texture": "#0"}
			}
		},
		{
			"from": [7.49, 4.05, 7],
			"to": [7.49, 4.35, 7.1],
			"rotation": {"angle": -22.5, "axis": "x", "origin": [7.475, 4.2, 6.9]},
			"faces": {
				"north": {"uv": [0, 8, 6.75, 9.25], "rotation": 270, "texture": "#0"},
				"east": {"uv": [0, 8, 6.75, 9.25], "rotation": 90, "texture": "#0"},
				"south": {"uv": [0, 0, 1, 1], "texture": "#0"},
				"west": {"uv": [0, 8.5, 0.25, 8.75], "rotation": 270, "texture": "#0"},
				"up": {"uv": [0, 0, 1, 1], "texture": "#0"},
				"down": {"uv": [0, 0, 1, 1], "rotation": 180, "texture": "#0"}
			}
		},
		{
			"from": [7.49, 4, 6.75],
			"to": [7.49, 4.1, 7.05],
			"rotation": {"angle": -22.5, "axis": "x", "origin": [7.475, 4.2, 6.9]},
			"faces": {
				"north": {"uv": [0, 0, 1, 1], "texture": "#0"},
				"east": {"uv": [0, 8, 6.75, 9.25], "texture": "#0"},
				"south": {"uv": [0, 0, 1, 1], "texture": "#0"},
				"west": {"uv": [0, 8.5, 0.25, 8.75], "texture": "#0"},
				"up": {"uv": [0, 8, 6.75, 9.25], "rotation": 90, "texture": "#0"},
				"down": {"uv": [0, 0, 1, 1], "texture": "#0"}
			}
		},
		{
			"from": [7.49, 4.05, 6.7],
			"to": [7.49, 4.35, 6.8],
			"rotation": {"angle": -22.5, "axis": "x", "origin": [7.475, 4.2, 6.9]},
			"faces": {
				"north": {"uv": [0, 0, 1, 1], "rotation": 180, "texture": "#0"},
				"east": {"uv": [0, 8, 6.75, 9.25], "rotation": 270, "texture": "#0"},
				"south": {"uv": [0, 8, 6.75, 9.25], "rotation": 90, "texture": "#0"},
				"west": {"uv": [0, 8.5, 0.25, 8.75], "rotation": 90, "texture": "#0"},
				"up": {"uv": [0, 0, 1, 1], "rotation": 180, "texture": "#0"},
				"down": {"uv": [0, 0, 1, 1], "texture": "#0"}
			}
		},
		{
			"from": [7.49, 4, 6.75],
			"to": [7.49, 4.1, 7.05],
			"rotation": {"angle": -45, "axis": "x", "origin": [7.475, 4.2, 6.9]},
			"faces": {
				"north": {"uv": [0, 0, 1, 1], "texture": "#0"},
				"east": {"uv": [0, 8, 6.75, 9.25], "texture": "#0"},
				"south": {"uv": [0, 0, 1, 1], "texture": "#0"},
				"west": {"uv": [0, 8.5, 0.25, 8.75], "texture": "#0"},
				"up": {"uv": [0, 8, 6.75, 9.25], "rotation": 90, "texture": "#0"},
				"down": {"uv": [0, 0, 1, 1], "texture": "#0"}
			}
		},
		{
			"from": [7.49, 4.05, 7],
			"to": [7.49, 4.35, 7.1],
			"rotation": {"angle": -45, "axis": "x", "origin": [7.475, 4.2, 6.9]},
			"faces": {
				"north": {"uv": [0, 8, 6.75, 9.25], "rotation": 270, "texture": "#0"},
				"east": {"uv": [0, 8, 6.75, 9.25], "rotation": 90, "texture": "#0"},
				"south": {"uv": [0, 0, 1, 1], "texture": "#0"},
				"west": {"uv": [0, 8.5, 0.25, 8.75], "rotation": 270, "texture": "#0"},
				"up": {"uv": [0, 0, 1, 1], "texture": "#0"},
				"down": {"uv": [0, 0, 1, 1], "rotation": 180, "texture": "#0"}
			}
		},
		{
			"from": [7.49, 4.05, 6.75],
			"to": [7.49, 4.35, 7.05],
			"faces": {
				"north": {"uv": [0, 0, 1, 1], "rotation": 180, "texture": "#0"},
				"east": {"uv": [0, 8, 6.75, 9.25], "rotation": 270, "texture": "#0"},
				"south": {"uv": [0, 8, 6.75, 9.25], "rotation": 90, "texture": "#0"},
				"west": {"uv": [0, 8.5, 0.25, 8.75], "rotation": 90, "texture": "#0"},
				"up": {"uv": [0, 0, 1, 1], "rotation": 180, "texture": "#0"},
				"down": {"uv": [0, 0, 1, 1], "texture": "#0"}
			}
		},
		{
			"from": [7.49, 4.05, 6.75],
			"to": [7.49, 4.35, 7.05],
			"rotation": {"angle": 22.5, "axis": "x", "origin": [7.475, 4.2, 6.9]},
			"faces": {
				"north": {"uv": [0, 0, 1, 1], "rotation": 180, "texture": "#0"},
				"east": {"uv": [0, 8, 6.75, 9.25], "rotation": 270, "texture": "#0"},
				"south": {"uv": [0, 8, 6.75, 9.25], "rotation": 90, "texture": "#0"},
				"west": {"uv": [0, 8.5, 0.25, 8.75], "rotation": 90, "texture": "#0"},
				"up": {"uv": [0, 0, 1, 1], "rotation": 180, "texture": "#0"},
				"down": {"uv": [0, 0, 1, 1], "texture": "#0"}
			}
		},
		{
			"from": [7.49, 4.3, 6.75],
			"to": [7.49, 4.4, 7.05],
			"rotation": {"angle": -22.5, "axis": "x", "origin": [7.475, 4.2, 6.9]},
			"faces": {
				"north": {"uv": [0, 0, 1, 1], "rotation": 180, "texture": "#0"},
				"east": {"uv": [0, 8, 6.75, 9.25], "rotation": 180, "texture": "#0"},
				"south": {"uv": [0, 0, 1, 1], "rotation": 180, "texture": "#0"},
				"west": {"uv": [0, 8.5, 0.25, 8.75], "rotation": 180, "texture": "#0"},
				"up": {"uv": [0, 0, 1, 1], "texture": "#0"},
				"down": {"uv": [0, 8, 6.75, 9.25], "rotation": 90, "texture": "#0"}
			}
		},
		{
			"from": [7.49, 4.05, 6.75],
			"to": [7.49, 4.35, 7.05],
			"rotation": {"angle": -22.5, "axis": "x", "origin": [7.475, 4.2, 6.9]},
			"faces": {
				"north": {"uv": [0, 0, 1, 1], "rotation": 180, "texture": "#0"},
				"east": {"uv": [0, 8, 6.75, 9.25], "rotation": 270, "texture": "#0"},
				"south": {"uv": [0, 8, 6.75, 9.25], "rotation": 90, "texture": "#0"},
				"west": {"uv": [0, 8.5, 0.25, 8.75], "rotation": 90, "texture": "#0"},
				"up": {"uv": [0, 0, 1, 1], "rotation": 180, "texture": "#0"},
				"down": {"uv": [0, 0, 1, 1], "texture": "#0"}
			}
		},
		{
			"from": [7.49, 4.05, 6.75],
			"to": [7.49, 4.35, 7.05],
			"rotation": {"angle": -45, "axis": "x", "origin": [7.475, 4.2, 6.9]},
			"faces": {
				"north": {"uv": [0, 0, 1, 1], "rotation": 180, "texture": "#0"},
				"east": {"uv": [0, 8, 6.75, 9.25], "rotation": 270, "texture": "#0"},
				"south": {"uv": [0, 8, 6.75, 9.25], "rotation": 90, "texture": "#0"},
				"west": {"uv": [0, 8.5, 0.25, 8.75], "rotation": 90, "texture": "#0"},
				"up": {"uv": [0, 0, 1, 1], "rotation": 180, "texture": "#0"},
				"down": {"uv": [0, 0, 1, 1], "texture": "#0"}
			}
		},
		{
			"from": [7.65, 3.55, -1.75],
			"to": [8.35, 3.7, -1.6],
			"rotation": {"angle": -22.5, "axis": "x", "origin": [8, 3.625, -1.675]},
			"faces": {
				"north": {"uv": [0.25, 0.25, 0.75, 0.75], "texture": "#0"},
				"east": {"uv": [0.25, 0.25, 0.75, 0.75], "texture": "#0"},
				"south": {"uv": [0.25, 0.25, 0.75, 0.75], "texture": "#0"},
				"west": {"uv": [0.25, 0.25, 0.75, 0.75], "texture": "#0"},
				"up": {"uv": [0.25, 0.25, 0.75, 0.75], "texture": "#0"},
				"down": {"uv": [0.25, 0.25, 0.75, 0.75], "texture": "#0"}
			}
		},
		{
			"from": [7.45, 3.55, 1.05],
			"to": [8.55, 3.7, 1.2],
			"rotation": {"angle": 22.5, "axis": "x", "origin": [8, 3.625, 1.125]},
			"faces": {
				"north": {"uv": [0.25, 0.25, 0.75, 0.75], "texture": "#0"},
				"east": {"uv": [0.25, 0.25, 0.75, 0.75], "texture": "#0"},
				"south": {"uv": [0.25, 0.25, 0.75, 0.75], "texture": "#0"},
				"west": {"uv": [0.25, 0.25, 0.75, 0.75], "texture": "#0"},
				"up": {"uv": [0.25, 0.25, 0.75, 0.75], "texture": "#0"},
				"down": {"uv": [0.25, 0.25, 0.75, 0.75], "texture": "#0"}
			}
		},
		{
			"from": [7.35, 3.4, -1.55],
			"to": [7.4, 3.8, -1.37],
			"faces": {
				"north": {"uv": [0.25, 0.25, 0.75, 0.75], "texture": "#0"},
				"east": {"uv": [0.25, 0.25, 0.75, 0.75], "texture": "#0"},
				"south": {"uv": [0.25, 0.25, 0.75, 0.75], "texture": "#0"},
				"west": {"uv": [0.25, 0.25, 0.75, 0.75], "texture": "#0"},
				"up": {"uv": [0.25, 0.25, 0.75, 0.75], "texture": "#0"},
				"down": {"uv": [0.25, 0.25, 0.75, 0.75], "texture": "#0"}
			}
		},
		{
			"from": [7.35, 3.4, -1.25],
			"to": [7.4, 3.8, -1.17],
			"faces": {
				"north": {"uv": [0.25, 0.25, 0.75, 0.75], "texture": "#0"},
				"east": {"uv": [0.25, 0.25, 0.75, 0.75], "texture": "#0"},
				"south": {"uv": [0.25, 0.25, 0.75, 0.75], "texture": "#0"},
				"west": {"uv": [0.25, 0.25, 0.75, 0.75], "texture": "#0"},
				"up": {"uv": [0.25, 0.25, 0.75, 0.75], "texture": "#0"},
				"down": {"uv": [0.25, 0.25, 0.75, 0.75], "texture": "#0"}
			}
		},
		{
			"from": [7.35, 3.4, -1.05],
			"to": [7.4, 3.8, -0.97],
			"faces": {
				"north": {"uv": [0.25, 0.25, 0.75, 0.75], "texture": "#0"},
				"east": {"uv": [0.25, 0.25, 0.75, 0.75], "texture": "#0"},
				"south": {"uv": [0.25, 0.25, 0.75, 0.75], "texture": "#0"},
				"west": {"uv": [0.25, 0.25, 0.75, 0.75], "texture": "#0"},
				"up": {"uv": [0.25, 0.25, 0.75, 0.75], "texture": "#0"},
				"down": {"uv": [0.25, 0.25, 0.75, 0.75], "texture": "#0"}
			}
		},
		{
			"from": [7.35, 3.4, -0.85],
			"to": [7.4, 3.8, -0.77],
			"faces": {
				"north": {"uv": [0.25, 0.25, 0.75, 0.75], "texture": "#0"},
				"east": {"uv": [0.25, 0.25, 0.75, 0.75], "texture": "#0"},
				"south": {"uv": [0.25, 0.25, 0.75, 0.75], "texture": "#0"},
				"west": {"uv": [0.25, 0.25, 0.75, 0.75], "texture": "#0"},
				"up": {"uv": [0.25, 0.25, 0.75, 0.75], "texture": "#0"},
				"down": {"uv": [0.25, 0.25, 0.75, 0.75], "texture": "#0"}
			}
		},
		{
			"from": [7.35, 3.4, -0.65],
			"to": [7.4, 3.8, -0.57],
			"faces": {
				"north": {"uv": [0.25, 0.25, 0.75, 0.75], "texture": "#0"},
				"east": {"uv": [0.25, 0.25, 0.75, 0.75], "texture": "#0"},
				"south": {"uv": [0.25, 0.25, 0.75, 0.75], "texture": "#0"},
				"west": {"uv": [0.25, 0.25, 0.75, 0.75], "texture": "#0"},
				"up": {"uv": [0.25, 0.25, 0.75, 0.75], "texture": "#0"},
				"down": {"uv": [0.25, 0.25, 0.75, 0.75], "texture": "#0"}
			}
		},
		{
			"from": [7.35, 3.4, -0.45],
			"to": [7.4, 3.8, -0.37],
			"faces": {
				"north": {"uv": [0.25, 0.25, 0.75, 0.75], "texture": "#0"},
				"east": {"uv": [0.25, 0.25, 0.75, 0.75], "texture": "#0"},
				"south": {"uv": [0.25, 0.25, 0.75, 0.75], "texture": "#0"},
				"west": {"uv": [0.25, 0.25, 0.75, 0.75], "texture": "#0"},
				"up": {"uv": [0.25, 0.25, 0.75, 0.75], "texture": "#0"},
				"down": {"uv": [0.25, 0.25, 0.75, 0.75], "texture": "#0"}
			}
		},
		{
			"from": [7.35, 3.4, -0.25],
			"to": [7.4, 3.8, -0.17],
			"faces": {
				"north": {"uv": [0.25, 0.25, 0.75, 0.75], "texture": "#0"},
				"east": {"uv": [0.25, 0.25, 0.75, 0.75], "texture": "#0"},
				"south": {"uv": [0.25, 0.25, 0.75, 0.75], "texture": "#0"},
				"west": {"uv": [0.25, 0.25, 0.75, 0.75], "texture": "#0"},
				"up": {"uv": [0.25, 0.25, 0.75, 0.75], "texture": "#0"},
				"down": {"uv": [0.25, 0.25, 0.75, 0.75], "texture": "#0"}
			}
		},
		{
			"from": [7.35, 3.4, -0.05],
			"to": [7.4, 3.8, 0.03],
			"faces": {
				"north": {"uv": [0.25, 0.25, 0.75, 0.75], "texture": "#0"},
				"east": {"uv": [0.25, 0.25, 0.75, 0.75], "texture": "#0"},
				"south": {"uv": [0.25, 0.25, 0.75, 0.75], "texture": "#0"},
				"west": {"uv": [0.25, 0.25, 0.75, 0.75], "texture": "#0"},
				"up": {"uv": [0.25, 0.25, 0.75, 0.75], "texture": "#0"},
				"down": {"uv": [0.25, 0.25, 0.75, 0.75], "texture": "#0"}
			}
		},
		{
			"from": [7.35, 3.4, 0.15],
			"to": [7.4, 3.8, 0.23],
			"faces": {
				"north": {"uv": [0.25, 0.25, 0.75, 0.75], "texture": "#0"},
				"east": {"uv": [0.25, 0.25, 0.75, 0.75], "texture": "#0"},
				"south": {"uv": [0.25, 0.25, 0.75, 0.75], "texture": "#0"},
				"west": {"uv": [0.25, 0.25, 0.75, 0.75], "texture": "#0"},
				"up": {"uv": [0.25, 0.25, 0.75, 0.75], "texture": "#0"},
				"down": {"uv": [0.25, 0.25, 0.75, 0.75], "texture": "#0"}
			}
		},
		{
			"from": [7.35, 3.4, 0.35],
			"to": [7.4, 3.8, 0.43],
			"faces": {
				"north": {"uv": [0.25, 0.25, 0.75, 0.75], "texture": "#0"},
				"east": {"uv": [0.25, 0.25, 0.75, 0.75], "texture": "#0"},
				"south": {"uv": [0.25, 0.25, 0.75, 0.75], "texture": "#0"},
				"west": {"uv": [0.25, 0.25, 0.75, 0.75], "texture": "#0"},
				"up": {"uv": [0.25, 0.25, 0.75, 0.75], "texture": "#0"},
				"down": {"uv": [0.25, 0.25, 0.75, 0.75], "texture": "#0"}
			}
		},
		{
			"from": [7.35, 3.4, 0.55],
			"to": [7.4, 3.8, 0.63],
			"faces": {
				"north": {"uv": [0.25, 0.25, 0.75, 0.75], "texture": "#0"},
				"east": {"uv": [0.25, 0.25, 0.75, 0.75], "texture": "#0"},
				"south": {"uv": [0.25, 0.25, 0.75, 0.75], "texture": "#0"},
				"west": {"uv": [0.25, 0.25, 0.75, 0.75], "texture": "#0"},
				"up": {"uv": [0.25, 0.25, 0.75, 0.75], "texture": "#0"},
				"down": {"uv": [0.25, 0.25, 0.75, 0.75], "texture": "#0"}
			}
		},
		{
			"from": [7.35, 3.4, 0.75],
			"to": [7.4, 3.8, 0.93],
			"faces": {
				"north": {"uv": [0.25, 0.25, 0.75, 0.75], "texture": "#0"},
				"east": {"uv": [0.25, 0.25, 0.75, 0.75], "texture": "#0"},
				"south": {"uv": [0.25, 0.25, 0.75, 0.75], "texture": "#0"},
				"west": {"uv": [0.25, 0.25, 0.75, 0.75], "texture": "#0"},
				"up": {"uv": [0.25, 0.25, 0.75, 0.75], "texture": "#0"},
				"down": {"uv": [0.25, 0.25, 0.75, 0.75], "texture": "#0"}
			}
		},
		{
			"from": [8.6, 3.4, 0.75],
			"to": [8.65, 3.8, 0.93],
			"faces": {
				"north": {"uv": [0.75, 0.25, 0.25, 0.75], "texture": "#0"},
				"east": {"uv": [0.75, 0.25, 0.25, 0.75], "texture": "#0"},
				"south": {"uv": [0.75, 0.25, 0.25, 0.75], "texture": "#0"},
				"west": {"uv": [0.75, 0.25, 0.25, 0.75], "texture": "#0"},
				"up": {"uv": [0.75, 0.25, 0.25, 0.75], "texture": "#0"},
				"down": {"uv": [0.75, 0.25, 0.25, 0.75], "texture": "#0"}
			}
		},
		{
			"from": [8.6, 3.4, -1.55],
			"to": [8.65, 3.8, -1.37],
			"faces": {
				"north": {"uv": [0.75, 0.25, 0.25, 0.75], "texture": "#0"},
				"east": {"uv": [0.75, 0.25, 0.25, 0.75], "texture": "#0"},
				"south": {"uv": [0.75, 0.25, 0.25, 0.75], "texture": "#0"},
				"west": {"uv": [0.75, 0.25, 0.25, 0.75], "texture": "#0"},
				"up": {"uv": [0.75, 0.25, 0.25, 0.75], "texture": "#0"},
				"down": {"uv": [0.75, 0.25, 0.25, 0.75], "texture": "#0"}
			}
		},
		{
			"from": [8.6, 3.4, -1.25],
			"to": [8.65, 3.8, -1.17],
			"faces": {
				"north": {"uv": [0.75, 0.25, 0.25, 0.75], "texture": "#0"},
				"east": {"uv": [0.75, 0.25, 0.25, 0.75], "texture": "#0"},
				"south": {"uv": [0.75, 0.25, 0.25, 0.75], "texture": "#0"},
				"west": {"uv": [0.75, 0.25, 0.25, 0.75], "texture": "#0"},
				"up": {"uv": [0.75, 0.25, 0.25, 0.75], "texture": "#0"},
				"down": {"uv": [0.75, 0.25, 0.25, 0.75], "texture": "#0"}
			}
		},
		{
			"from": [8.6, 3.4, -1.05],
			"to": [8.65, 3.8, -0.97],
			"faces": {
				"north": {"uv": [0.75, 0.25, 0.25, 0.75], "texture": "#0"},
				"east": {"uv": [0.75, 0.25, 0.25, 0.75], "texture": "#0"},
				"south": {"uv": [0.75, 0.25, 0.25, 0.75], "texture": "#0"},
				"west": {"uv": [0.75, 0.25, 0.25, 0.75], "texture": "#0"},
				"up": {"uv": [0.75, 0.25, 0.25, 0.75], "texture": "#0"},
				"down": {"uv": [0.75, 0.25, 0.25, 0.75], "texture": "#0"}
			}
		},
		{
			"from": [8.6, 3.4, -0.85],
			"to": [8.65, 3.8, -0.77],
			"faces": {
				"north": {"uv": [0.75, 0.25, 0.25, 0.75], "texture": "#0"},
				"east": {"uv": [0.75, 0.25, 0.25, 0.75], "texture": "#0"},
				"south": {"uv": [0.75, 0.25, 0.25, 0.75], "texture": "#0"},
				"west": {"uv": [0.75, 0.25, 0.25, 0.75], "texture": "#0"},
				"up": {"uv": [0.75, 0.25, 0.25, 0.75], "texture": "#0"},
				"down": {"uv": [0.75, 0.25, 0.25, 0.75], "texture": "#0"}
			}
		},
		{
			"from": [8.6, 3.4, -0.65],
			"to": [8.65, 3.8, -0.57],
			"faces": {
				"north": {"uv": [0.75, 0.25, 0.25, 0.75], "texture": "#0"},
				"east": {"uv": [0.75, 0.25, 0.25, 0.75], "texture": "#0"},
				"south": {"uv": [0.75, 0.25, 0.25, 0.75], "texture": "#0"},
				"west": {"uv": [0.75, 0.25, 0.25, 0.75], "texture": "#0"},
				"up": {"uv": [0.75, 0.25, 0.25, 0.75], "texture": "#0"},
				"down": {"uv": [0.75, 0.25, 0.25, 0.75], "texture": "#0"}
			}
		},
		{
			"from": [8.6, 3.4, -0.45],
			"to": [8.65, 3.8, -0.37],
			"faces": {
				"north": {"uv": [0.75, 0.25, 0.25, 0.75], "texture": "#0"},
				"east": {"uv": [0.75, 0.25, 0.25, 0.75], "texture": "#0"},
				"south": {"uv": [0.75, 0.25, 0.25, 0.75], "texture": "#0"},
				"west": {"uv": [0.75, 0.25, 0.25, 0.75], "texture": "#0"},
				"up": {"uv": [0.75, 0.25, 0.25, 0.75], "texture": "#0"},
				"down": {"uv": [0.75, 0.25, 0.25, 0.75], "texture": "#0"}
			}
		},
		{
			"from": [8.6, 3.4, -0.25],
			"to": [8.65, 3.8, -0.17],
			"faces": {
				"north": {"uv": [0.75, 0.25, 0.25, 0.75], "texture": "#0"},
				"east": {"uv": [0.75, 0.25, 0.25, 0.75], "texture": "#0"},
				"south": {"uv": [0.75, 0.25, 0.25, 0.75], "texture": "#0"},
				"west": {"uv": [0.75, 0.25, 0.25, 0.75], "texture": "#0"},
				"up": {"uv": [0.75, 0.25, 0.25, 0.75], "texture": "#0"},
				"down": {"uv": [0.75, 0.25, 0.25, 0.75], "texture": "#0"}
			}
		},
		{
			"from": [8.6, 3.4, -0.05],
			"to": [8.65, 3.8, 0.03],
			"faces": {
				"north": {"uv": [0.75, 0.25, 0.25, 0.75], "texture": "#0"},
				"east": {"uv": [0.75, 0.25, 0.25, 0.75], "texture": "#0"},
				"south": {"uv": [0.75, 0.25, 0.25, 0.75], "texture": "#0"},
				"west": {"uv": [0.75, 0.25, 0.25, 0.75], "texture": "#0"},
				"up": {"uv": [0.75, 0.25, 0.25, 0.75], "texture": "#0"},
				"down": {"uv": [0.75, 0.25, 0.25, 0.75], "texture": "#0"}
			}
		},
		{
			"from": [8.6, 3.4, 0.15],
			"to": [8.65, 3.8, 0.23],
			"faces": {
				"north": {"uv": [0.75, 0.25, 0.25, 0.75], "texture": "#0"},
				"east": {"uv": [0.75, 0.25, 0.25, 0.75], "texture": "#0"},
				"south": {"uv": [0.75, 0.25, 0.25, 0.75], "texture": "#0"},
				"west": {"uv": [0.75, 0.25, 0.25, 0.75], "texture": "#0"},
				"up": {"uv": [0.75, 0.25, 0.25, 0.75], "texture": "#0"},
				"down": {"uv": [0.75, 0.25, 0.25, 0.75], "texture": "#0"}
			}
		},
		{
			"from": [8.6, 3.4, 0.35],
			"to": [8.65, 3.8, 0.43],
			"faces": {
				"north": {"uv": [0.75, 0.25, 0.25, 0.75], "texture": "#0"},
				"east": {"uv": [0.75, 0.25, 0.25, 0.75], "texture": "#0"},
				"south": {"uv": [0.75, 0.25, 0.25, 0.75], "texture": "#0"},
				"west": {"uv": [0.75, 0.25, 0.25, 0.75], "texture": "#0"},
				"up": {"uv": [0.75, 0.25, 0.25, 0.75], "texture": "#0"},
				"down": {"uv": [0.75, 0.25, 0.25, 0.75], "texture": "#0"}
			}
		},
		{
			"from": [8.6, 3.4, 0.55],
			"to": [8.65, 3.8, 0.63],
			"faces": {
				"north": {"uv": [0.75, 0.25, 0.25, 0.75], "texture": "#0"},
				"east": {"uv": [0.75, 0.25, 0.25, 0.75], "texture": "#0"},
				"south": {"uv": [0.75, 0.25, 0.25, 0.75], "texture": "#0"},
				"west": {"uv": [0.75, 0.25, 0.25, 0.75], "texture": "#0"},
				"up": {"uv": [0.75, 0.25, 0.25, 0.75], "texture": "#0"},
				"down": {"uv": [0.75, 0.25, 0.25, 0.75], "texture": "#0"}
			}
		},
		{
			"from": [8.55, 3.4, -1.55],
			"to": [8.6, 3.8, 0.93],
			"faces": {
				"north": {"uv": [0.75, 0.25, 0.25, 0.75], "texture": "#0"},
				"east": {"uv": [0.75, 0.25, 0.25, 0.75], "texture": "#0"},
				"south": {"uv": [0.75, 0.25, 0.25, 0.75], "texture": "#0"},
				"west": {"uv": [0.75, 0.25, 0.25, 0.75], "texture": "#0"},
				"up": {"uv": [0.75, 0.25, 0.25, 0.75], "texture": "#0"},
				"down": {"uv": [0.75, 0.25, 0.25, 0.75], "texture": "#0"}
			}
		},
		{
			"from": [7.45, 3.45, -1.5],
			"to": [8.55, 3.75, 0.88],
			"faces": {
				"north": {"uv": [0.75, 0.25, 0.25, 0.75], "texture": "#0"},
				"east": {"uv": [0.75, 0.25, 0.25, 0.75], "texture": "#0"},
				"south": {"uv": [0.75, 0.25, 0.25, 0.75], "texture": "#0"},
				"west": {"uv": [0.75, 0.25, 0.25, 0.75], "texture": "#0"},
				"up": {"uv": [0.75, 0.25, 0.25, 0.75], "texture": "#0"},
				"down": {"uv": [0.75, 0.25, 0.25, 0.75], "texture": "#0"}
			}
		},
		{
			"from": [7.9, 4.25, 0.9],
			"to": [8.1, 4.3, 1.3],
			"faces": {
				"north": {"uv": [0, 0, 1, 1], "texture": "#0"},
				"east": {"uv": [0, 8, 6.75, 9.25], "texture": "#0"},
				"south": {"uv": [0, 0, 1, 1], "texture": "#0"},
				"west": {"uv": [0, 8, 6.75, 9.25], "texture": "#0"},
				"up": {"uv": [0, 8, 6.75, 9.25], "rotation": 90, "texture": "#0"},
				"down": {"uv": [0, 0, 1, 1], "texture": "#0"}
			}
		},
		{
			"from": [7.95, 4.2, 0.1],
			"to": [8.05, 4.25, 1.1],
			"faces": {
				"north": {"uv": [0, 0, 1, 1], "texture": "#0"},
				"east": {"uv": [0, 8, 6.75, 9.25], "texture": "#0"},
				"south": {"uv": [0, 0, 1, 1], "texture": "#0"},
				"west": {"uv": [0, 8, 6.75, 9.25], "texture": "#0"},
				"up": {"uv": [0, 8, 6.75, 9.25], "rotation": 90, "texture": "#0"},
				"down": {"uv": [0, 0, 1, 1], "texture": "#0"}
			}
		},
		{
			"from": [7.9, 4.2, -0.5],
			"to": [8.1, 4.25, 0.1],
			"faces": {
				"north": {"uv": [0, 0, 1, 1], "texture": "#0"},
				"east": {"uv": [0, 8, 6.75, 9.25], "texture": "#0"},
				"south": {"uv": [0, 0, 1, 1], "texture": "#0"},
				"west": {"uv": [0, 8, 6.75, 9.25], "texture": "#0"},
				"up": {"uv": [0, 8, 6.75, 9.25], "rotation": 90, "texture": "#0"},
				"down": {"uv": [0, 0, 1, 1], "texture": "#0"}
			}
		},
		{
			"from": [7.9, 4.3, 2.7],
			"to": [8.1, 4.35, 4.8],
			"faces": {
				"north": {"uv": [0, 0, 1, 1], "texture": "#0"},
				"east": {"uv": [0, 8, 6.75, 9.25], "texture": "#0"},
				"south": {"uv": [0, 0, 1, 1], "texture": "#0"},
				"west": {"uv": [0, 8, 6.75, 9.25], "texture": "#0"},
				"up": {"uv": [0, 8, 6.75, 9.25], "rotation": 90, "texture": "#0"},
				"down": {"uv": [0, 0, 1, 1], "texture": "#0"}
			}
		},
		{
			"from": [7.9, 4.9, 3.45],
			"to": [8.1, 4.91, 4.5],
			"faces": {
				"north": {"uv": [0, 0, 1, 1], "texture": "#0"},
				"east": {"uv": [0, 8, 1.5, 9.25], "texture": "#3"},
				"south": {"uv": [0, 0, 1, 1], "texture": "#0"},
				"west": {"uv": [0, 8, 1.5, 9.25], "texture": "#3"},
				"up": {"uv": [8, 0.25, 8.25, 2.25], "texture": "#3"},
				"down": {"uv": [0, 0, 1, 1], "texture": "#3"}
			}
		},
		{
			"from": [7.85, 3.96, -3.71],
			"to": [8, 4.01, -2.91],
			"rotation": {"angle": 45, "axis": "z", "origin": [8, 3.91, -3.26]},
			"faces": {
				"north": {"uv": [0, 0, 0.25, 0.25], "rotation": 270, "texture": "#0"},
				"east": {"uv": [0, 0, 0.25, 0.25], "rotation": 270, "texture": "#0"},
				"south": {"uv": [0, 0, 0.25, 0.25], "rotation": 270, "texture": "#0"},
				"west": {"uv": [0, 0, 0.25, 0.25], "rotation": 270, "texture": "#0"},
				"up": {"uv": [0, 0, 0.25, 0.25], "rotation": 270, "texture": "#0"},
				"down": {"uv": [0, 0, 0.25, 0.25], "rotation": 270, "texture": "#0"}
			}
		},
		{
			"from": [7.85, 3.66, -3.71],
			"to": [8, 3.71, -2.91],
			"rotation": {"angle": 45, "axis": "z", "origin": [8, 3.91, -3.26]},
			"faces": {
				"north": {"uv": [0, 0, 0.25, 0.25], "rotation": 270, "texture": "#0"},
				"east": {"uv": [0, 0, 0.25, 0.25], "rotation": 270, "texture": "#0"},
				"south": {"uv": [0, 0, 0.25, 0.25], "rotation": 270, "texture": "#0"},
				"west": {"uv": [0, 0, 0.25, 0.25], "rotation": 270, "texture": "#0"},
				"up": {"uv": [0, 0, 0.25, 0.25], "rotation": 270, "texture": "#0"},
				"down": {"uv": [0, 0, 0.25, 0.25], "rotation": 270, "texture": "#0"}
			}
		},
		{
			"from": [8.05, 3.76, -3.71],
			"to": [8.1, 3.91, -2.91],
			"rotation": {"angle": 45, "axis": "z", "origin": [8, 3.91, -3.26]},
			"faces": {
				"north": {"uv": [0, 0, 0.25, 0.25], "rotation": 270, "texture": "#0"},
				"east": {"uv": [0, 0, 0.25, 0.25], "rotation": 270, "texture": "#0"},
				"south": {"uv": [0, 0, 0.25, 0.25], "rotation": 270, "texture": "#0"},
				"west": {"uv": [0, 0, 0.25, 0.25], "rotation": 270, "texture": "#0"},
				"up": {"uv": [0, 0, 0.25, 0.25], "rotation": 270, "texture": "#0"},
				"down": {"uv": [0, 0, 0.25, 0.25], "rotation": 270, "texture": "#0"}
			}
		},
		{
			"from": [7.75, 3.76, -3.71],
			"to": [7.8, 3.91, -2.91],
			"rotation": {"angle": 45, "axis": "z", "origin": [8, 3.91, -3.26]},
			"faces": {
				"north": {"uv": [0, 0, 0.25, 0.25], "rotation": 270, "texture": "#0"},
				"east": {"uv": [0, 0, 0.25, 0.25], "rotation": 270, "texture": "#0"},
				"south": {"uv": [0, 0, 0.25, 0.25], "rotation": 270, "texture": "#0"},
				"west": {"uv": [0, 0, 0.25, 0.25], "rotation": 270, "texture": "#0"},
				"up": {"uv": [0, 0, 0.25, 0.25], "rotation": 270, "texture": "#0"},
				"down": {"uv": [0, 0, 0.25, 0.25], "rotation": 270, "texture": "#0"}
			}
		},
		{
			"from": [7.85, 4.4, -2.4],
			"to": [8.15, 4.52, -1.9],
			"faces": {
				"north": {"uv": [0, 0, 1, 1], "texture": "#0"},
				"east": {"uv": [0, 8, 1.5, 9.25], "texture": "#3"},
				"south": {"uv": [0, 0, 1, 1], "texture": "#3"},
				"west": {"uv": [0, 0, 0.25, 0.25], "texture": "#3"},
				"up": {"uv": [0, 8, 1.5, 9.25], "texture": "#3"},
				"down": {"uv": [0, 0, 1, 1], "texture": "#0"}
			}
		},
		{
			"from": [8, 5.2, -1.325],
			"to": [8, 5.25, -1.275],
			"faces": {
				"north": {"uv": [0, 8.5, 0.25, 8.75], "texture": "#0"},
				"east": {"uv": [0, 8.5, 0.25, 8.75], "texture": "#0"},
				"south": {"uv": [0, 8.5, 0.25, 8.75], "texture": "#0"},
				"west": {"uv": [0, 8.5, 0.25, 8.75], "rotation": 90, "texture": "#0"},
				"up": {"uv": [0, 8.5, 0.25, 8.75], "rotation": 90, "texture": "#0"},
				"down": {"uv": [0, 8.5, 0.25, 8.75], "texture": "#0"}
			}
		},
		{
			"from": [8, 5.2, 5.675],
			"to": [8, 5.25, 5.725],
			"faces": {
				"north": {"uv": [0, 8.5, 0.25, 8.75], "texture": "#0"},
				"east": {"uv": [0, 8.5, 0.25, 8.75], "rotation": 90, "texture": "#0"},
				"south": {"uv": [0, 8.5, 0.25, 8.75], "texture": "#0"},
				"west": {"uv": [0, 8.5, 0.25, 8.75], "texture": "#0"},
				"up": {"uv": [0, 8.5, 0.25, 8.75], "rotation": 90, "texture": "#0"},
				"down": {"uv": [0, 8.5, 0.25, 8.75], "texture": "#0"}
			}
		},
		{
			"from": [7.499, 3.1, 6.55],
			"to": [7.499, 3.8, 7.25],
			"faces": {
				"west": {"uv": [0, 0, 16, 16], "texture": "#2"}
			}
		},
		{
			"from": [7.9, 1.9, 4.9],
			"to": [8.1, 2.7, 5],
			"faces": {
				"north": {"uv": [0, 15.5, 0.5, 16], "rotation": 270, "texture": "#0"},
				"east": {"uv": [0, 15.5, 0.5, 16], "rotation": 270, "texture": "#0"},
				"south": {"uv": [0, 15.5, 0.5, 16], "rotation": 270, "texture": "#0"},
				"west": {"uv": [0, 15.5, 0.5, 16], "rotation": 270, "texture": "#0"},
				"up": {"uv": [0, 15.5, 0.5, 16], "rotation": 270, "texture": "#0"},
				"down": {"uv": [0, 15.5, 0.5, 16], "rotation": 270, "texture": "#0"}
			}
		}
	],
	"display": {
		"thirdperson_righthand": {
			"rotation": [0, -15, 0],
			"translation": [-0.5, 5.5, 2.25]
		},
		"thirdperson_lefthand": {
			"rotation": [0, -15, 0],
			"translation": [-0.5, 5.5, 2.25]
		},
		"firstperson_righthand": {
			"rotation": [8, -5, 0],
			"translation": [5, 9, 9],
			"scale": [0.75, 0.75, 0.75]
		},
		"firstperson_lefthand": {
			"rotation": [8, -5, 0],
			"translation": [5, 9, 9],
			"scale": [0.75, 0.75, 0.75]
		},
		"ground": {
			"translation": [0, 4, 0]
		},
		"gui": {
			"rotation": [90, 50, -90],
			"translation": [5.5, 1.5, -1]
		},
		"fixed": {
			"rotation": [90, 50, -90],
			"translation": [4.5, 2.5, -1]
		}
	},
	"groups": [0, 1, 2, 3, 4, 5, 6, 7, 8, 9, 10, 11, 12, 13, 14, 15, 16, 17, 18, 19, 20, 21, 22, 23, 24, 25, 26, 27, 28, 29, 30, 31, 32, 33, 34, 35, 36, 37, 38, 39, 40, 41, 42, 43, 44, 45, 46, 47, 48, 49, 50, 51, 52, 53, 54, 55, 56, 57, 58, 59, 60, 61, 62, 63, 64, 65, 66, 67, 68, 69, 70, 71, 72, 73, 74, 75, 76, 77, 78, 79,
		{
			"name": "wtf",
			"children": [80, 81, 82, 83, 84, 85, 86, 87, 88, 89, 90, 91, 92, 93, 94, 95, 96, 97, 98, 99, 100, 101]
		}, 102, 103, 104, 105, 106, 107, 108, 109, 110, 111, 112, 113, 114, 115, 116, 117, 118, 119, 120, 121, 122, 123, 124, 125, 126, 127, 128, 129, 130, 131, 132, 133, 134, 135, 136, 137, 138, 139, 140, 141, 142, 143]
}