{
	"credit": "Made with Blockbench",
	"textures": {
		"3": "zcbm/weapons/vector"
	},
	"elements": [
		{
			"from": [7.75, 2.519, 11.3775],
			"to": [8.25, 5.2515, 12.513],
			"rotation": {"angle": -22.5, "axis": "x", "origin": [7.91, 5.604, 9.92]},
			"faces": {
				"north": {"uv": [14.25, 4, 15, 6.91964], "texture": "#3"},
				"east": {"uv": [15.94754, 4, 15, 6.91964], "texture": "#3"},
				"south": {"uv": [0.75, 12.75, 1.25, 15.91964], "texture": "#3"},
				"west": {"uv": [15, 4, 15.94754, 6.91964], "texture": "#3"},
				"up": {"uv": [0, 0, 0.5, 0.948], "texture": "#3"},
				"down": {"uv": [0, 0, 0.5, 0.948], "texture": "#3"}
			}
		},
		{
			"from": [7.6875, 1.0815, 8.065],
			"to": [8.3125, 5.2515, 9.013],
			"rotation": {"angle": 22.5, "axis": "x", "origin": [7.91, 5.604, 9.92]},
			"faces": {
				"north": {"uv": [0, 0, 0.5, 3.17], "texture": "#3"},
				"east": {"uv": [0, 0, 0.948, 3.17], "texture": "#3"},
				"south": {"uv": [0, 0, 0.5, 3.17], "texture": "#3"},
				"west": {"uv": [0, 0, 0.948, 3.17], "texture": "#3"},
				"up": {"uv": [0, 0, 0.5, 0.948], "texture": "#3"},
				"down": {"uv": [0, 0, 0.5, 0.948], "texture": "#3"}
			}
		},
		{
			"from": [7.6875, 6.56588, 4.19],
			"to": [8.3125, 6.689, 7.0025],
			"faces": {
				"north": {"uv": [2.75, 15.5, 4.125, 15.81027], "texture": "#3"},
				"east": {"uv": [2.75, 15.5, 4.125, 15.81027], "texture": "#3"},
				"south": {"uv": [2.75, 15.5, 4.125, 15.81027], "texture": "#3"},
				"west": {"uv": [2.75, 15.5, 4.125, 15.81027], "texture": "#3"},
				"up": {"uv": [0, 0, 0.5, 0.948], "texture": "#3"},
				"down": {"uv": [0, 0, 0.5, 0.948], "texture": "#3"}
			}
		},
		{
			"from": [7.5, 4.1985, 20.21],
			"to": [8.48438, 8.24025, 20.835],
			"faces": {
				"north": {"uv": [0, 0, 0.625, 4.41675], "texture": "#3"},
				"east": {"uv": [0, 0, 0.625, 4.41675], "texture": "#3"},
				"south": {"uv": [0, 0, 0.625, 4.41675], "texture": "#3"},
				"west": {"uv": [0, 0, 0.625, 4.41675], "texture": "#3"},
				"up": {"uv": [0, 0, 0.5, 1], "rotation": 180, "texture": "#3"},
				"down": {"uv": [0, 0, 0.5, 1], "texture": "#3"}
			}
		},
		{
			"from": [7.8125, 6.86275, 2.6275],
			"to": [8.1875, 7.23775, 8.0755],
			"faces": {
				"north": {"uv": [8, 0, 9.5, 1.5], "texture": "#3"},
				"east": {"uv": [0, 0, 0.3125, 8.948], "rotation": 90, "texture": "#3"},
				"south": {"uv": [0, 0, 0.5, 1], "texture": "#3"},
				"west": {"uv": [0, 0, 0.3125, 8.948], "rotation": 90, "texture": "#3"},
				"up": {"uv": [0, 0, 0.3125, 8.948], "texture": "#3"},
				"down": {"uv": [0, 0, 0.3125, 8.948], "texture": "#3"}
			}
		},
		{
			"from": [7.625, 7.5625, 4.1875],
			"to": [8.375, 8.3125, 11.25],
			"faces": {
				"north": {"uv": [0, 0, 1.125, 1.3125], "texture": "#3"},
				"east": {"uv": [0, 7.75, 7.75, 8.75], "texture": "#3"},
				"south": {"uv": [0, 0, 1, 1], "texture": "#3"},
				"west": {"uv": [8.25, 2.5, 16, 3.5], "texture": "#3"},
				"up": {"uv": [0, 0, 0.75, 7.75], "texture": "#3"},
				"down": {"uv": [0, 0, 0.75, 7.75], "texture": "#3"}
			}
		},
		{
			"from": [7.5, 6.5625, 6.9375],
			"to": [8.5, 7.5625, 12.6875],
			"faces": {
				"north": {"uv": [0, 0, 1.125, 1.3125], "texture": "#3"},
				"east": {"uv": [0, 2.5, 6.25, 3.5], "texture": "#3"},
				"south": {"uv": [0, 0, 1, 1], "texture": "#3"},
				"west": {"uv": [0.5, 3.5, 6.75, 4.5], "texture": "#3"},
				"up": {"uv": [0, 0, 0.75, 7.75], "texture": "#3"},
				"down": {"uv": [0, 0, 0.75, 7.75], "texture": "#3"}
			}
		},
		{
			"from": [7.64063, 8.23438, 7.89063],
			"to": [8.35938, 9.04688, 9.70313],
			"rotation": {"angle": -22.5, "axis": "x", "origin": [15.875, 15.875, 15.875]},
			"faces": {
				"north": {"uv": [0, 0, 1, 1], "texture": "#3"},
				"east": {"uv": [0, 0, 3.5, 0.8125], "texture": "#3"},
				"south": {"uv": [0, 0, 1, 1], "texture": "#3"},
				"west": {"uv": [0, 0, 3.5, 0.8125], "texture": "#3"},
				"up": {"uv": [0, 0, 0.75, 7.75], "texture": "#3"},
				"down": {"uv": [0, 0, 0.75, 7.75], "texture": "#3"}
			}
		},
		{
			"from": [7.625, 5.75, 8.4375],
			"to": [8.375, 6.5625, 11.4375],
			"faces": {
				"north": {"uv": [0, 0, 1, 1], "texture": "#3"},
				"east": {"uv": [0, 0, 3.5, 0.8125], "texture": "#3"},
				"south": {"uv": [0, 0, 0.75, 0.8125], "texture": "#3"},
				"west": {"uv": [0, 0, 3.5, 0.8125], "texture": "#3"},
				"up": {"uv": [0, 0, 0.75, 7.75], "texture": "#3"},
				"down": {"uv": [0, 0, 0.75, 7.75], "texture": "#3"}
			}
		},
		{
			"from": [7.5, 6.375, 12.6875],
			"to": [8.5, 7.5625, 13.8125],
			"faces": {
				"north": {"uv": [0, 0, 1.125, 1.3125], "texture": "#3"},
				"east": {"uv": [1.5, 1.5, 2.625, 2.8125], "texture": "#3"},
				"south": {"uv": [0, 0, 1.125, 1.3125], "texture": "#3"},
				"west": {"uv": [1.5, 1.5, 2.625, 2.8125], "texture": "#3"},
				"up": {"uv": [0, 0, 1.125, 1.3125], "texture": "#3"},
				"down": {"uv": [0, 0, 1.125, 1.3125], "texture": "#3"}
			}
		},
		{
			"from": [7.5, 7.5625, 11.23438],
			"to": [8.5, 8.375, 12.6875],
			"faces": {
				"north": {"uv": [0, 0, 1.125, 1.3125], "texture": "#3"},
				"east": {"uv": [0, 0, 1.125, 1.3125], "texture": "#3"},
				"south": {"uv": [0, 0, 1.125, 1.3125], "texture": "#3"},
				"west": {"uv": [0, 0, 1.125, 1.3125], "texture": "#3"},
				"up": {"uv": [0, 0, 1.125, 1.3125], "texture": "#3"},
				"down": {"uv": [0, 0, 1.125, 1.3125], "texture": "#3"}
			}
		},
		{
			"from": [7.5, 7.5625, 12.6875],
			"to": [8.5, 8.25, 13.64063],
			"faces": {
				"north": {"uv": [0, 0, 1.125, 1.3125], "texture": "#3"},
				"east": {"uv": [0, 0, 1.125, 1.3125], "texture": "#3"},
				"south": {"uv": [0, 0, 1.125, 1.3125], "texture": "#3"},
				"west": {"uv": [0, 0, 1.125, 1.3125], "texture": "#3"},
				"up": {"uv": [0, 0, 1.125, 1.3125], "texture": "#3"},
				"down": {"uv": [0, 0, 1.125, 1.3125], "texture": "#3"}
			}
		},
		{
			"from": [7.6875, 6.39063, 13.625],
			"to": [8.3125, 8.25, 14.57813],
			"faces": {
				"north": {"uv": [0, 0, 1.125, 1.3125], "texture": "#3"},
				"east": {"uv": [0, 0, 1.125, 1.3125], "texture": "#3"},
				"south": {"uv": [0, 0, 1.125, 1.3125], "texture": "#3"},
				"west": {"uv": [0, 0, 1.125, 1.3125], "texture": "#3"},
				"up": {"uv": [0, 0, 1.125, 1.3125], "texture": "#3"},
				"down": {"uv": [0, 0, 1.125, 1.3125], "texture": "#3"}
			}
		},
		{
			"from": [7.6875, 7.8254, 14.58075],
			"to": [8.29688, 8.2004, 20.2475],
			"faces": {
				"north": {"uv": [0, 0, 0.5, 1], "texture": "#3"},
				"east": {"uv": [0, 0, 0.625, 4.41675], "rotation": 90, "texture": "#3"},
				"south": {"uv": [0, 0, 0.5, 1], "texture": "#3"},
				"west": {"uv": [0, 0, 0.625, 4.41675], "rotation": 270, "texture": "#3"},
				"up": {"uv": [0, 0, 0.625, 4.41675], "texture": "#3"},
				"down": {"uv": [0, 0, 0.625, 4.41675], "rotation": 180, "texture": "#3"}
			}
		},
		{
			"from": [7.70313, 5.8254, 14.83075],
			"to": [8.28126, 6.2004, 21.3725],
			"rotation": {"angle": 22.5, "axis": "x", "origin": [7.99219, 7.5129, 16.8985]},
			"faces": {
				"north": {"uv": [0, 0, 0.5, 1], "texture": "#3"},
				"east": {"uv": [0, 0, 0.625, 4.41675], "rotation": 90, "texture": "#3"},
				"south": {"uv": [0, 0, 0.5, 1], "texture": "#3"},
				"west": {"uv": [0, 0, 0.625, 4.41675], "rotation": 270, "texture": "#3"},
				"up": {"uv": [0, 0, 0.625, 4.41675], "texture": "#3"},
				"down": {"uv": [0, 0, 0.625, 4.41675], "rotation": 180, "texture": "#3"}
			}
		},
		{
			"from": [7.5625, 4.894, 8.0025],
			"to": [8.4375, 6.7515, 9.0755],
			"rotation": {"angle": 22.5, "axis": "x", "origin": [7.91, 5.604, 9.92]},
			"faces": {
				"north": {"uv": [0, 0, 0.5, 3.17], "texture": "#3"},
				"east": {"uv": [0, 0, 1.073, 2.42], "texture": "#3"},
				"south": {"uv": [0, 0, 0.5, 3.17], "texture": "#3"},
				"west": {"uv": [0, 0, 1.073, 2.42], "texture": "#3"},
				"up": {"uv": [0, 0, 0.5, 0.948], "texture": "#3"},
				"down": {"uv": [0, 0, 0.5, 0.948], "texture": "#3"}
			}
		},
		{
			"from": [7.46969, 6.78369, 4.19],
			"to": [7.59281, 7.40869, 7.0025],
			"faces": {
				"north": {"uv": [2.75, 15.5, 4.125, 15.81027], "rotation": 270, "texture": "#3"},
				"east": {"uv": [0, 0, 0.5, 0.948], "rotation": 270, "texture": "#3"},
				"south": {"uv": [2.75, 15.5, 4.125, 15.81027], "rotation": 90, "texture": "#3"},
				"west": {"uv": [0, 0, 0.5, 0.948], "rotation": 270, "texture": "#3"},
				"up": {"uv": [2.75, 15.5, 4.125, 15.81027], "rotation": 90, "texture": "#3"},
				"down": {"uv": [2.75, 15.5, 4.125, 15.81027], "rotation": 270, "texture": "#3"}
			}
		},
		{
			"from": [8.40719, 6.78369, 4.19],
			"to": [8.53031, 7.40869, 7.0025],
			"faces": {
				"north": {"uv": [2.75, 15.5, 4.125, 15.81027], "rotation": 270, "texture": "#3"},
				"east": {"uv": [0, 0, 0.5, 0.948], "rotation": 270, "texture": "#3"},
				"south": {"uv": [2.75, 15.5, 4.125, 15.81027], "rotation": 90, "texture": "#3"},
				"west": {"uv": [0, 0, 0.5, 0.948], "rotation": 270, "texture": "#3"},
				"up": {"uv": [2.75, 15.5, 4.125, 15.81027], "rotation": 90, "texture": "#3"},
				"down": {"uv": [2.75, 15.5, 4.125, 15.81027], "rotation": 270, "texture": "#3"}
			}
		},
		{
			"from": [7.59469, 6.78369, 4.19],
			"to": [7.71781, 7.59619, 7.0025],
			"faces": {
				"north": {"uv": [0, 0, 0.12312, 0.625], "texture": "#3"},
				"east": {"uv": [0, 0, 0.5, 0.948], "rotation": 270, "texture": "#3"},
				"south": {"uv": [2.75, 15.5, 4.125, 15.81027], "rotation": 90, "texture": "#3"},
				"west": {"uv": [0, 0, 0.5, 0.948], "rotation": 270, "texture": "#3"},
				"up": {"uv": [2.75, 15.5, 4.125, 15.81027], "rotation": 90, "texture": "#3"},
				"down": {"uv": [2.75, 15.5, 4.125, 15.81027], "rotation": 270, "texture": "#3"}
			}
		},
		{
			"from": [8.28219, 6.78369, 4.19],
			"to": [8.40531, 7.59619, 7.0025],
			"faces": {
				"north": {"uv": [0, 0, 0.12312, 0.625], "texture": "#3"},
				"east": {"uv": [0, 0, 0.5, 0.948], "rotation": 270, "texture": "#3"},
				"south": {"uv": [2.75, 15.5, 4.125, 15.81027], "rotation": 90, "texture": "#3"},
				"west": {"uv": [0, 0, 0.5, 0.948], "rotation": 270, "texture": "#3"},
				"up": {"uv": [2.75, 15.5, 4.125, 15.81027], "rotation": 90, "texture": "#3"},
				"down": {"uv": [2.75, 15.5, 4.125, 15.81027], "rotation": 270, "texture": "#3"}
			}
		},
		{
			"from": [7.6875, 6.69088, 4.19],
			"to": [8.3125, 6.814, 7.0025],
			"faces": {
				"north": {"uv": [0, 0, 0.12312, 0.625], "texture": "#3"},
				"east": {"uv": [2.75, 15.5, 4.125, 15.81027], "rotation": 180, "texture": "#3"},
				"south": {"uv": [2.75, 15.5, 4.125, 15.81027], "texture": "#3"},
				"west": {"uv": [2.75, 15.5, 4.125, 15.81027], "rotation": 180, "texture": "#3"},
				"up": {"uv": [0, 0, 0.5, 0.948], "rotation": 180, "texture": "#3"},
				"down": {"uv": [0, 0, 0.5, 0.948], "rotation": 180, "texture": "#3"}
			}
		},
		{
			"from": [7.34469, 6.81494, 4.315],
			"to": [7.46781, 7.37744, 4.5025],
			"faces": {
				"north": {"uv": [11.25, 0, 11.75, 0.94754], "rotation": 270, "texture": "#3"},
				"east": {"uv": [11.25, 0, 11.75, 0.94754], "rotation": 270, "texture": "#3"},
				"south": {"uv": [11.25, 0, 11.75, 0.94754], "rotation": 270, "texture": "#3"},
				"west": {"uv": [11.25, 0, 11.75, 0.94754], "texture": "#3"},
				"up": {"uv": [11.25, 0, 11.75, 0.94754], "rotation": 270, "texture": "#3"},
				"down": {"uv": [11.25, 0, 11.75, 0.94754], "rotation": 270, "texture": "#3"}
			}
		},
		{
			"from": [7.34469, 6.81494, 4.6275],
			"to": [7.46781, 7.37744, 4.815],
			"faces": {
				"north": {"uv": [11.25, 0, 11.75, 0.94754], "rotation": 270, "texture": "#3"},
				"east": {"uv": [11.25, 0, 11.75, 0.94754], "rotation": 270, "texture": "#3"},
				"south": {"uv": [11.25, 0, 11.75, 0.94754], "rotation": 270, "texture": "#3"},
				"west": {"uv": [11.25, 0, 11.75, 0.94754], "texture": "#3"},
				"up": {"uv": [11.25, 0, 11.75, 0.94754], "rotation": 270, "texture": "#3"},
				"down": {"uv": [11.25, 0, 11.75, 0.94754], "rotation": 270, "texture": "#3"}
			}
		},
		{
			"from": [7.34469, 6.81494, 5.2525],
			"to": [7.46781, 7.37744, 5.44],
			"faces": {
				"north": {"uv": [11.25, 0, 11.75, 0.94754], "rotation": 270, "texture": "#3"},
				"east": {"uv": [11.25, 0, 11.75, 0.94754], "rotation": 270, "texture": "#3"},
				"south": {"uv": [11.25, 0, 11.75, 0.94754], "rotation": 270, "texture": "#3"},
				"west": {"uv": [11.25, 0, 11.75, 0.94754], "texture": "#3"},
				"up": {"uv": [11.25, 0, 11.75, 0.94754], "rotation": 270, "texture": "#3"},
				"down": {"uv": [11.25, 0, 11.75, 0.94754], "rotation": 270, "texture": "#3"}
			}
		},
		{
			"from": [7.34469, 6.81494, 4.94],
			"to": [7.46781, 7.37744, 5.1275],
			"faces": {
				"north": {"uv": [11.25, 0, 11.75, 0.94754], "rotation": 270, "texture": "#3"},
				"east": {"uv": [11.25, 0, 11.75, 0.94754], "rotation": 270, "texture": "#3"},
				"south": {"uv": [11.25, 0, 11.75, 0.94754], "rotation": 270, "texture": "#3"},
				"west": {"uv": [11.25, 0, 11.75, 0.94754], "texture": "#3"},
				"up": {"uv": [11.25, 0, 11.75, 0.94754], "rotation": 270, "texture": "#3"},
				"down": {"uv": [11.25, 0, 11.75, 0.94754], "rotation": 270, "texture": "#3"}
			}
		},
		{
			"from": [7.34469, 6.81494, 6.5025],
			"to": [7.46781, 7.37744, 6.69],
			"faces": {
				"north": {"uv": [11.25, 0, 11.75, 0.94754], "rotation": 270, "texture": "#3"},
				"east": {"uv": [11.25, 0, 11.75, 0.94754], "rotation": 270, "texture": "#3"},
				"south": {"uv": [11.25, 0, 11.75, 0.94754], "rotation": 270, "texture": "#3"},
				"west": {"uv": [11.25, 0, 11.75, 0.94754], "texture": "#3"},
				"up": {"uv": [11.25, 0, 11.75, 0.94754], "rotation": 270, "texture": "#3"},
				"down": {"uv": [11.25, 0, 11.75, 0.94754], "rotation": 270, "texture": "#3"}
			}
		},
		{
			"from": [7.34469, 6.81494, 6.19],
			"to": [7.46781, 7.37744, 6.3775],
			"faces": {
				"north": {"uv": [11.25, 0, 11.75, 0.94754], "rotation": 270, "texture": "#3"},
				"east": {"uv": [11.25, 0, 11.75, 0.94754], "rotation": 270, "texture": "#3"},
				"south": {"uv": [11.25, 0, 11.75, 0.94754], "rotation": 270, "texture": "#3"},
				"west": {"uv": [11.25, 0, 11.75, 0.94754], "texture": "#3"},
				"up": {"uv": [11.25, 0, 11.75, 0.94754], "rotation": 270, "texture": "#3"},
				"down": {"uv": [11.25, 0, 11.75, 0.94754], "rotation": 270, "texture": "#3"}
			}
		},
		{
			"from": [7.34469, 6.81494, 5.8775],
			"to": [7.46781, 7.37744, 6.065],
			"faces": {
				"north": {"uv": [11.25, 0, 11.75, 0.94754], "rotation": 270, "texture": "#3"},
				"east": {"uv": [11.25, 0, 11.75, 0.94754], "rotation": 270, "texture": "#3"},
				"south": {"uv": [11.25, 0, 11.75, 0.94754], "rotation": 270, "texture": "#3"},
				"west": {"uv": [11.25, 0, 11.75, 0.94754], "texture": "#3"},
				"up": {"uv": [11.25, 0, 11.75, 0.94754], "rotation": 270, "texture": "#3"},
				"down": {"uv": [11.25, 0, 11.75, 0.94754], "rotation": 270, "texture": "#3"}
			}
		},
		{
			"from": [7.34469, 6.81494, 5.565],
			"to": [7.46781, 7.37744, 5.7525],
			"faces": {
				"north": {"uv": [11.25, 0, 11.75, 0.94754], "rotation": 270, "texture": "#3"},
				"east": {"uv": [11.25, 0, 11.75, 0.94754], "rotation": 270, "texture": "#3"},
				"south": {"uv": [11.25, 0, 11.75, 0.94754], "rotation": 270, "texture": "#3"},
				"west": {"uv": [11.25, 0, 11.75, 0.94754], "texture": "#3"},
				"up": {"uv": [11.25, 0, 11.75, 0.94754], "rotation": 270, "texture": "#3"},
				"down": {"uv": [11.25, 0, 11.75, 0.94754], "rotation": 270, "texture": "#3"}
			}
		},
		{
			"from": [8.53219, 6.81494, 6.5025],
			"to": [8.65531, 7.37744, 6.69],
			"faces": {
				"north": {"uv": [11.25, 0, 11.75, 0.94754], "rotation": 270, "texture": "#3"},
				"east": {"uv": [11.25, 0, 11.75, 0.94754], "texture": "#3"},
				"south": {"uv": [11.25, 0, 11.75, 0.94754], "rotation": 270, "texture": "#3"},
				"west": {"uv": [11.25, 0, 11.75, 0.94754], "texture": "#3"},
				"up": {"uv": [11.25, 0, 11.75, 0.94754], "rotation": 270, "texture": "#3"},
				"down": {"uv": [11.25, 0, 11.75, 0.94754], "rotation": 270, "texture": "#3"}
			}
		},
		{
			"from": [8.53219, 6.81494, 6.19],
			"to": [8.65531, 7.37744, 6.3775],
			"faces": {
				"north": {"uv": [11.25, 0, 11.75, 0.94754], "rotation": 270, "texture": "#3"},
				"east": {"uv": [11.25, 0, 11.75, 0.94754], "texture": "#3"},
				"south": {"uv": [11.25, 0, 11.75, 0.94754], "rotation": 270, "texture": "#3"},
				"west": {"uv": [11.25, 0, 11.75, 0.94754], "texture": "#3"},
				"up": {"uv": [11.25, 0, 11.75, 0.94754], "rotation": 270, "texture": "#3"},
				"down": {"uv": [11.25, 0, 11.75, 0.94754], "rotation": 270, "texture": "#3"}
			}
		},
		{
			"from": [8.53219, 6.81494, 5.8775],
			"to": [8.65531, 7.37744, 6.065],
			"faces": {
				"north": {"uv": [11.25, 0, 11.75, 0.94754], "rotation": 270, "texture": "#3"},
				"east": {"uv": [11.25, 0, 11.75, 0.94754], "texture": "#3"},
				"south": {"uv": [11.25, 0, 11.75, 0.94754], "rotation": 270, "texture": "#3"},
				"west": {"uv": [11.25, 0, 11.75, 0.94754], "texture": "#3"},
				"up": {"uv": [11.25, 0, 11.75, 0.94754], "rotation": 270, "texture": "#3"},
				"down": {"uv": [11.25, 0, 11.75, 0.94754], "rotation": 270, "texture": "#3"}
			}
		},
		{
			"from": [8.53219, 6.81494, 5.565],
			"to": [8.65531, 7.37744, 5.7525],
			"faces": {
				"north": {"uv": [11.25, 0, 11.75, 0.94754], "rotation": 270, "texture": "#3"},
				"east": {"uv": [11.25, 0, 11.75, 0.94754], "texture": "#3"},
				"south": {"uv": [11.25, 0, 11.75, 0.94754], "rotation": 270, "texture": "#3"},
				"west": {"uv": [11.25, 0, 11.75, 0.94754], "texture": "#3"},
				"up": {"uv": [11.25, 0, 11.75, 0.94754], "rotation": 270, "texture": "#3"},
				"down": {"uv": [11.25, 0, 11.75, 0.94754], "rotation": 270, "texture": "#3"}
			}
		},
		{
			"from": [8.53219, 6.81494, 5.2525],
			"to": [8.65531, 7.37744, 5.44],
			"faces": {
				"north": {"uv": [11.25, 0, 11.75, 0.94754], "rotation": 270, "texture": "#3"},
				"east": {"uv": [11.25, 0, 11.75, 0.94754], "texture": "#3"},
				"south": {"uv": [11.25, 0, 11.75, 0.94754], "rotation": 270, "texture": "#3"},
				"west": {"uv": [11.25, 0, 11.75, 0.94754], "texture": "#3"},
				"up": {"uv": [11.25, 0, 11.75, 0.94754], "rotation": 270, "texture": "#3"},
				"down": {"uv": [11.25, 0, 11.75, 0.94754], "rotation": 270, "texture": "#3"}
			}
		},
		{
			"from": [8.53219, 6.81494, 4.94],
			"to": [8.65531, 7.37744, 5.1275],
			"faces": {
				"north": {"uv": [11.25, 0, 11.75, 0.94754], "rotation": 270, "texture": "#3"},
				"east": {"uv": [11.25, 0, 11.75, 0.94754], "texture": "#3"},
				"south": {"uv": [11.25, 0, 11.75, 0.94754], "rotation": 270, "texture": "#3"},
				"west": {"uv": [11.25, 0, 11.75, 0.94754], "texture": "#3"},
				"up": {"uv": [11.25, 0, 11.75, 0.94754], "rotation": 270, "texture": "#3"},
				"down": {"uv": [11.25, 0, 11.75, 0.94754], "rotation": 270, "texture": "#3"}
			}
		},
		{
			"from": [8.53219, 6.81494, 4.6275],
			"to": [8.65531, 7.37744, 4.815],
			"faces": {
				"north": {"uv": [11.25, 0, 11.75, 0.94754], "rotation": 270, "texture": "#3"},
				"east": {"uv": [11.25, 0, 11.75, 0.94754], "texture": "#3"},
				"south": {"uv": [11.25, 0, 11.75, 0.94754], "rotation": 270, "texture": "#3"},
				"west": {"uv": [11.25, 0, 11.75, 0.94754], "texture": "#3"},
				"up": {"uv": [11.25, 0, 11.75, 0.94754], "rotation": 270, "texture": "#3"},
				"down": {"uv": [11.25, 0, 11.75, 0.94754], "rotation": 270, "texture": "#3"}
			}
		},
		{
			"from": [8.53219, 6.81494, 4.315],
			"to": [8.65531, 7.37744, 4.5025],
			"faces": {
				"north": {"uv": [11.25, 0, 11.75, 0.94754], "rotation": 270, "texture": "#3"},
				"east": {"uv": [11.25, 0, 11.75, 0.94754], "texture": "#3"},
				"south": {"uv": [11.25, 0, 11.75, 0.94754], "rotation": 270, "texture": "#3"},
				"west": {"uv": [11.25, 0, 11.75, 0.94754], "texture": "#3"},
				"up": {"uv": [11.25, 0, 11.75, 0.94754], "rotation": 270, "texture": "#3"},
				"down": {"uv": [11.25, 0, 11.75, 0.94754], "rotation": 270, "texture": "#3"}
			}
		},
		{
			"from": [7.71875, 6.44088, 6.5025],
			"to": [8.28125, 6.564, 6.69],
			"faces": {
				"north": {"uv": [11.25, 0, 11.75, 0.94754], "rotation": 180, "texture": "#3"},
				"east": {"uv": [11.25, 0, 11.75, 0.94754], "rotation": 180, "texture": "#3"},
				"south": {"uv": [11.25, 0, 11.75, 0.94754], "texture": "#3"},
				"west": {"uv": [11.25, 0, 11.75, 0.94754], "rotation": 180, "texture": "#3"},
				"up": {"uv": [11.25, 0, 11.75, 0.94754], "rotation": 90, "texture": "#3"},
				"down": {"uv": [11.25, 0, 11.75, 0.94754], "rotation": 270, "texture": "#3"}
			}
		},
		{
			"from": [7.71875, 6.44088, 6.19],
			"to": [8.28125, 6.564, 6.3775],
			"faces": {
				"north": {"uv": [11.25, 0, 11.75, 0.94754], "rotation": 180, "texture": "#3"},
				"east": {"uv": [11.25, 0, 11.75, 0.94754], "rotation": 180, "texture": "#3"},
				"south": {"uv": [11.25, 0, 11.75, 0.94754], "texture": "#3"},
				"west": {"uv": [11.25, 0, 11.75, 0.94754], "rotation": 180, "texture": "#3"},
				"up": {"uv": [11.25, 0, 11.75, 0.94754], "rotation": 90, "texture": "#3"},
				"down": {"uv": [11.25, 0, 11.75, 0.94754], "rotation": 270, "texture": "#3"}
			}
		},
		{
			"from": [7.71875, 6.44088, 5.8775],
			"to": [8.28125, 6.564, 6.065],
			"faces": {
				"north": {"uv": [11.25, 0, 11.75, 0.94754], "rotation": 180, "texture": "#3"},
				"east": {"uv": [11.25, 0, 11.75, 0.94754], "rotation": 180, "texture": "#3"},
				"south": {"uv": [11.25, 0, 11.75, 0.94754], "texture": "#3"},
				"west": {"uv": [11.25, 0, 11.75, 0.94754], "rotation": 180, "texture": "#3"},
				"up": {"uv": [11.25, 0, 11.75, 0.94754], "rotation": 90, "texture": "#3"},
				"down": {"uv": [11.25, 0, 11.75, 0.94754], "rotation": 270, "texture": "#3"}
			}
		},
		{
			"from": [7.71875, 6.44088, 5.565],
			"to": [8.28125, 6.564, 5.7525],
			"faces": {
				"north": {"uv": [11.25, 0, 11.75, 0.94754], "rotation": 180, "texture": "#3"},
				"east": {"uv": [11.25, 0, 11.75, 0.94754], "rotation": 180, "texture": "#3"},
				"south": {"uv": [11.25, 0, 11.75, 0.94754], "texture": "#3"},
				"west": {"uv": [11.25, 0, 11.75, 0.94754], "rotation": 180, "texture": "#3"},
				"up": {"uv": [11.25, 0, 11.75, 0.94754], "rotation": 90, "texture": "#3"},
				"down": {"uv": [11.25, 0, 11.75, 0.94754], "rotation": 270, "texture": "#3"}
			}
		},
		{
			"from": [7.71875, 6.44088, 5.2525],
			"to": [8.28125, 6.564, 5.44],
			"faces": {
				"north": {"uv": [11.25, 0, 11.75, 0.94754], "rotation": 180, "texture": "#3"},
				"east": {"uv": [11.25, 0, 11.75, 0.94754], "rotation": 180, "texture": "#3"},
				"south": {"uv": [11.25, 0, 11.75, 0.94754], "texture": "#3"},
				"west": {"uv": [11.25, 0, 11.75, 0.94754], "rotation": 180, "texture": "#3"},
				"up": {"uv": [11.25, 0, 11.75, 0.94754], "rotation": 90, "texture": "#3"},
				"down": {"uv": [11.25, 0, 11.75, 0.94754], "rotation": 270, "texture": "#3"}
			}
		},
		{
			"from": [7.71875, 6.44088, 4.94],
			"to": [8.28125, 6.564, 5.1275],
			"faces": {
				"north": {"uv": [11.25, 0, 11.75, 0.94754], "rotation": 180, "texture": "#3"},
				"east": {"uv": [11.25, 0, 11.75, 0.94754], "rotation": 180, "texture": "#3"},
				"south": {"uv": [11.25, 0, 11.75, 0.94754], "texture": "#3"},
				"west": {"uv": [11.25, 0, 11.75, 0.94754], "rotation": 180, "texture": "#3"},
				"up": {"uv": [11.25, 0, 11.75, 0.94754], "rotation": 90, "texture": "#3"},
				"down": {"uv": [11.25, 0, 11.75, 0.94754], "rotation": 270, "texture": "#3"}
			}
		},
		{
			"from": [7.71875, 6.44088, 4.6275],
			"to": [8.28125, 6.564, 4.815],
			"faces": {
				"north": {"uv": [11.25, 0, 11.75, 0.94754], "rotation": 180, "texture": "#3"},
				"east": {"uv": [11.25, 0, 11.75, 0.94754], "rotation": 180, "texture": "#3"},
				"south": {"uv": [11.25, 0, 11.75, 0.94754], "texture": "#3"},
				"west": {"uv": [11.25, 0, 11.75, 0.94754], "rotation": 180, "texture": "#3"},
				"up": {"uv": [11.25, 0, 11.75, 0.94754], "rotation": 90, "texture": "#3"},
				"down": {"uv": [11.25, 0, 11.75, 0.94754], "rotation": 270, "texture": "#3"}
			}
		},
		{
			"from": [7.71875, 6.44088, 4.315],
			"to": [8.28125, 6.564, 4.5025],
			"faces": {
				"north": {"uv": [11.25, 0, 11.75, 0.94754], "rotation": 180, "texture": "#3"},
				"east": {"uv": [11.25, 0, 11.75, 0.94754], "rotation": 180, "texture": "#3"},
				"south": {"uv": [11.25, 0, 11.75, 0.94754], "texture": "#3"},
				"west": {"uv": [11.25, 0, 11.75, 0.94754], "rotation": 180, "texture": "#3"},
				"up": {"uv": [11.25, 0, 11.75, 0.94754], "rotation": 90, "texture": "#3"},
				"down": {"uv": [11.25, 0, 11.75, 0.94754], "rotation": 270, "texture": "#3"}
			}
		},
		{
			"from": [7.6875, 8.3735, 8.44],
			"to": [8.3125, 8.49662, 11.44],
			"faces": {
				"north": {"uv": [2.75, 15.81027, 4.125, 15.5], "texture": "#3"},
				"east": {"uv": [2.75, 15.81027, 4.125, 15.5], "texture": "#3"},
				"south": {"uv": [2.75, 15.81027, 4.125, 15.5], "texture": "#3"},
				"west": {"uv": [2.75, 15.81027, 4.125, 15.5], "texture": "#3"},
				"up": {"uv": [0, 0.948, 0.5, 0], "texture": "#3"},
				"down": {"uv": [0, 0.948, 0.5, 0], "texture": "#3"}
			}
		},
		{
			"from": [7.71875, 8.4985, 10.94],
			"to": [8.28125, 8.62162, 11.315],
			"faces": {
				"north": {"uv": [11.25, 0.94754, 11.75, 0], "rotation": 180, "texture": "#3"},
				"east": {"uv": [11.25, 0.94754, 11.75, 0], "rotation": 180, "texture": "#3"},
				"south": {"uv": [11.25, 0.94754, 11.75, 0], "texture": "#3"},
				"west": {"uv": [11.25, 0.94754, 11.75, 0], "rotation": 180, "texture": "#3"},
				"up": {"uv": [11.75, 0, 11.25, 0.94754], "rotation": 270, "texture": "#3"},
				"down": {"uv": [11.75, 0, 11.25, 0.94754], "rotation": 90, "texture": "#3"}
			}
		},
		{
			"from": [7.71875, 8.4985, 10.6275],
			"to": [8.28125, 8.62162, 10.815],
			"faces": {
				"north": {"uv": [11.25, 0.94754, 11.75, 0], "rotation": 180, "texture": "#3"},
				"east": {"uv": [11.25, 0.94754, 11.75, 0], "rotation": 180, "texture": "#3"},
				"south": {"uv": [11.25, 0.94754, 11.75, 0], "texture": "#3"},
				"west": {"uv": [11.25, 0.94754, 11.75, 0], "rotation": 180, "texture": "#3"},
				"up": {"uv": [11.75, 0, 11.25, 0.94754], "rotation": 270, "texture": "#3"},
				"down": {"uv": [11.75, 0, 11.25, 0.94754], "rotation": 90, "texture": "#3"}
			}
		},
		{
			"from": [7.71875, 8.4985, 10.315],
			"to": [8.28125, 8.62162, 10.5025],
			"faces": {
				"north": {"uv": [11.25, 0.94754, 11.75, 0], "rotation": 180, "texture": "#3"},
				"east": {"uv": [11.25, 0.94754, 11.75, 0], "rotation": 180, "texture": "#3"},
				"south": {"uv": [11.25, 0.94754, 11.75, 0], "texture": "#3"},
				"west": {"uv": [11.25, 0.94754, 11.75, 0], "rotation": 180, "texture": "#3"},
				"up": {"uv": [11.75, 0, 11.25, 0.94754], "rotation": 270, "texture": "#3"},
				"down": {"uv": [11.75, 0, 11.25, 0.94754], "rotation": 90, "texture": "#3"}
			}
		},
		{
			"from": [7.71875, 8.4985, 10.0025],
			"to": [8.28125, 8.62162, 10.19],
			"faces": {
				"north": {"uv": [11.25, 0.94754, 11.75, 0], "rotation": 180, "texture": "#3"},
				"east": {"uv": [11.25, 0.94754, 11.75, 0], "rotation": 180, "texture": "#3"},
				"south": {"uv": [11.25, 0.94754, 11.75, 0], "texture": "#3"},
				"west": {"uv": [11.25, 0.94754, 11.75, 0], "rotation": 180, "texture": "#3"},
				"up": {"uv": [11.75, 0, 11.25, 0.94754], "rotation": 270, "texture": "#3"},
				"down": {"uv": [11.75, 0, 11.25, 0.94754], "rotation": 90, "texture": "#3"}
			}
		},
		{
			"from": [7.71875, 8.4985, 9.69],
			"to": [8.28125, 8.62162, 9.8775],
			"faces": {
				"north": {"uv": [11.25, 0.94754, 11.75, 0], "rotation": 180, "texture": "#3"},
				"east": {"uv": [11.25, 0.94754, 11.75, 0], "rotation": 180, "texture": "#3"},
				"south": {"uv": [11.25, 0.94754, 11.75, 0], "texture": "#3"},
				"west": {"uv": [11.25, 0.94754, 11.75, 0], "rotation": 180, "texture": "#3"},
				"up": {"uv": [11.75, 0, 11.25, 0.94754], "rotation": 270, "texture": "#3"},
				"down": {"uv": [11.75, 0, 11.25, 0.94754], "rotation": 90, "texture": "#3"}
			}
		},
		{
			"from": [7.71875, 8.4985, 9.3775],
			"to": [8.28125, 8.62162, 9.565],
			"faces": {
				"north": {"uv": [11.25, 0.94754, 11.75, 0], "rotation": 180, "texture": "#3"},
				"east": {"uv": [11.25, 0.94754, 11.75, 0], "rotation": 180, "texture": "#3"},
				"south": {"uv": [11.25, 0.94754, 11.75, 0], "texture": "#3"},
				"west": {"uv": [11.25, 0.94754, 11.75, 0], "rotation": 180, "texture": "#3"},
				"up": {"uv": [11.75, 0, 11.25, 0.94754], "rotation": 270, "texture": "#3"},
				"down": {"uv": [11.75, 0, 11.25, 0.94754], "rotation": 90, "texture": "#3"}
			}
		},
		{
			"from": [7.71875, 8.4985, 9.065],
			"to": [8.28125, 8.62162, 9.2525],
			"faces": {
				"north": {"uv": [11.25, 0.94754, 11.75, 0], "rotation": 180, "texture": "#3"},
				"east": {"uv": [11.25, 0.94754, 11.75, 0], "rotation": 180, "texture": "#3"},
				"south": {"uv": [11.25, 0.94754, 11.75, 0], "texture": "#3"},
				"west": {"uv": [11.25, 0.94754, 11.75, 0], "rotation": 180, "texture": "#3"},
				"up": {"uv": [11.75, 0, 11.25, 0.94754], "rotation": 270, "texture": "#3"},
				"down": {"uv": [11.75, 0, 11.25, 0.94754], "rotation": 90, "texture": "#3"}
			}
		},
		{
			"from": [7.71875, 8.4985, 8.565],
			"to": [8.28125, 8.62162, 8.94],
			"faces": {
				"north": {"uv": [11.25, 0.94754, 11.75, 0], "rotation": 180, "texture": "#3"},
				"east": {"uv": [11.25, 0.94754, 11.75, 0], "rotation": 180, "texture": "#3"},
				"south": {"uv": [11.25, 0.94754, 11.75, 0], "texture": "#3"},
				"west": {"uv": [11.25, 0.94754, 11.75, 0], "rotation": 180, "texture": "#3"},
				"up": {"uv": [11.75, 0, 11.25, 0.94754], "rotation": 270, "texture": "#3"},
				"down": {"uv": [11.75, 0, 11.25, 0.94754], "rotation": 90, "texture": "#3"}
			}
		},
		{
			"from": [7.8125, 8.1875, 4.29688],
			"to": [8.1875, 8.75, 4.8125],
			"faces": {
				"north": {"uv": [0, 0, 1.125, 1.3125], "texture": "#3"},
				"east": {"uv": [0, 0, 1.125, 1.3125], "texture": "#3"},
				"south": {"uv": [0, 0, 1.125, 1.3125], "texture": "#3"},
				"west": {"uv": [0, 0, 1.125, 1.3125], "texture": "#3"},
				"up": {"uv": [0, 0, 1.125, 1.3125], "texture": "#3"},
				"down": {"uv": [0, 0, 1.125, 1.3125], "texture": "#3"}
			}
		},
		{
			"from": [7.82813, 7.83754, 4.59286],
			"to": [8.17188, 8.40004, 5.48348],
			"rotation": {"angle": 45, "axis": "x", "origin": [8, 8.32192, 5.11629]},
			"faces": {
				"north": {"uv": [0, 0, 1.125, 1.3125], "texture": "#3"},
				"east": {"uv": [0, 0, 1.125, 1.3125], "texture": "#3"},
				"south": {"uv": [0, 0, 1.125, 1.3125], "texture": "#3"},
				"west": {"uv": [0, 0, 1.125, 1.3125], "texture": "#3"},
				"up": {"uv": [0, 0, 1.125, 1.3125], "texture": "#3"},
				"down": {"uv": [0, 0, 1.125, 1.3125], "texture": "#3"}
			}
		},
		{
			"from": [8.125, 8.75, 4.35938],
			"to": [8.1875, 9.125, 4.8125],
			"faces": {
				"north": {"uv": [0, 0, 1.125, 1.3125], "texture": "#3"},
				"east": {"uv": [0, 0, 1.125, 1.3125], "texture": "#3"},
				"south": {"uv": [0, 0, 1.125, 1.3125], "texture": "#3"},
				"west": {"uv": [0, 0, 1.125, 1.3125], "texture": "#3"},
				"up": {"uv": [0, 0, 1.125, 1.3125], "texture": "#3"},
				"down": {"uv": [0, 0, 1.125, 1.3125], "texture": "#3"}
			}
		},
		{
			"from": [7.8125, 8.75, 4.35938],
			"to": [7.875, 9.125, 4.8125],
			"faces": {
				"north": {"uv": [0, 0, 1.125, 1.3125], "texture": "#3"},
				"east": {"uv": [0, 0, 1.125, 1.3125], "texture": "#3"},
				"south": {"uv": [0, 0, 1.125, 1.3125], "texture": "#3"},
				"west": {"uv": [0, 0, 1.125, 1.3125], "texture": "#3"},
				"up": {"uv": [0, 0, 1.125, 1.3125], "texture": "#3"},
				"down": {"uv": [0, 0, 1.125, 1.3125], "texture": "#3"}
			}
		},
		{
			"from": [7.8125, 9.09375, 4.35938],
			"to": [8.1875, 9.15625, 4.8125],
			"faces": {
				"north": {"uv": [0, 0, 1.125, 1.3125], "rotation": 90, "texture": "#3"},
				"east": {"uv": [0, 0, 1.125, 1.3125], "rotation": 270, "texture": "#3"},
				"south": {"uv": [0, 0, 1.125, 1.3125], "rotation": 270, "texture": "#3"},
				"west": {"uv": [0, 0, 1.125, 1.3125], "rotation": 90, "texture": "#3"},
				"up": {"uv": [0, 0, 1.125, 1.3125], "rotation": 270, "texture": "#3"},
				"down": {"uv": [0, 0, 1.125, 1.3125], "rotation": 270, "texture": "#3"}
			}
		},
		{
			"from": [7.96875, 8.75, 4.42188],
			"to": [8.03125, 8.875, 4.625],
			"faces": {
				"north": {"uv": [0, 0, 1.125, 1.3125], "texture": "#3"},
				"east": {"uv": [0, 0, 1.125, 1.3125], "texture": "#3"},
				"south": {"uv": [0, 0, 1.125, 1.3125], "texture": "#3"},
				"west": {"uv": [0, 0, 1.125, 1.3125], "texture": "#3"},
				"up": {"uv": [0, 0, 1.125, 1.3125], "texture": "#3"},
				"down": {"uv": [0, 0, 1.125, 1.3125], "texture": "#3"}
			}
		},
		{
			"from": [7.70313, 6.77504, 13.49911],
			"to": [7.79688, 7.40004, 14.82723],
			"rotation": {"angle": 45, "axis": "x", "origin": [7.9375, 9.60317, 14.72567]},
			"faces": {
				"north": {"uv": [5.75, 12, 6.5, 12.75], "texture": "#3"},
				"east": {"uv": [5.75, 12, 6.5, 12.75], "texture": "#3"},
				"south": {"uv": [5.75, 12, 6.5, 12.75], "texture": "#3"},
				"west": {"uv": [5.75, 12, 6.5, 12.75], "texture": "#3"},
				"up": {"uv": [5.75, 12, 6.5, 12.75], "texture": "#3"},
				"down": {"uv": [5.75, 12, 6.5, 12.75], "texture": "#3"}
			}
		},
		{
			"from": [8.20313, 6.77504, 13.49911],
			"to": [8.29688, 7.40004, 14.82723],
			"rotation": {"angle": 45, "axis": "x", "origin": [8.0625, 9.60317, 14.72567]},
			"faces": {
				"north": {"uv": [5.75, 12, 6.5, 12.75], "texture": "#3"},
				"east": {"uv": [5.75, 12, 6.5, 12.75], "texture": "#3"},
				"south": {"uv": [5.75, 12, 6.5, 12.75], "texture": "#3"},
				"west": {"uv": [5.75, 12, 6.5, 12.75], "texture": "#3"},
				"up": {"uv": [5.75, 12, 6.5, 12.75], "texture": "#3"},
				"down": {"uv": [5.75, 12, 6.5, 12.75], "texture": "#3"}
			}
		},
		{
			"from": [7.70313, 8.34689, 11.40745],
			"to": [7.79688, 8.90939, 12.29808],
			"faces": {
				"north": {"uv": [5.75, 12, 6.5, 12.75], "texture": "#3"},
				"east": {"uv": [5.75, 12, 6.5, 12.75], "texture": "#3"},
				"south": {"uv": [5.75, 12, 6.5, 12.75], "texture": "#3"},
				"west": {"uv": [5.75, 12, 6.5, 12.75], "texture": "#3"},
				"up": {"uv": [5.75, 12, 6.5, 12.75], "texture": "#3"},
				"down": {"uv": [5.75, 12, 6.5, 12.75], "texture": "#3"}
			}
		},
		{
			"from": [8.20313, 8.34689, 11.40745],
			"to": [8.29688, 8.90939, 12.29808],
			"faces": {
				"north": {"uv": [5.75, 12, 6.5, 12.75], "texture": "#3"},
				"east": {"uv": [5.75, 12, 6.5, 12.75], "texture": "#3"},
				"south": {"uv": [5.75, 12, 6.5, 12.75], "texture": "#3"},
				"west": {"uv": [5.75, 12, 6.5, 12.75], "texture": "#3"},
				"up": {"uv": [5.75, 12, 6.5, 12.75], "texture": "#3"},
				"down": {"uv": [5.75, 12, 6.5, 12.75], "texture": "#3"}
			}
		},
		{
			"from": [7.71875, 8.3735, 11.5025],
			"to": [8.28125, 8.62162, 12.19],
			"faces": {
				"north": {"uv": [11.25, 0.94754, 11.75, 0], "rotation": 180, "texture": "#3"},
				"east": {"uv": [11.25, 0.94754, 11.75, 0], "rotation": 180, "texture": "#3"},
				"south": {"uv": [11.25, 0.94754, 11.75, 0], "texture": "#3"},
				"west": {"uv": [11.25, 0.94754, 11.75, 0], "rotation": 180, "texture": "#3"},
				"up": {"uv": [11.75, 0, 11.25, 0.94754], "rotation": 270, "texture": "#3"},
				"down": {"uv": [11.75, 0, 11.25, 0.94754], "rotation": 90, "texture": "#3"}
			}
		},
		{
			"from": [7.34469, 7.75244, 4.815],
			"to": [7.53031, 7.93994, 5.0025],
			"faces": {
				"north": {"uv": [11.25, 0, 11.75, 0.94754], "rotation": 270, "texture": "#3"},
				"east": {"uv": [11.25, 0, 11.75, 0.94754], "rotation": 270, "texture": "#3"},
				"south": {"uv": [11.25, 0, 11.75, 0.94754], "rotation": 270, "texture": "#3"},
				"west": {"uv": [11.25, 0, 11.75, 0.94754], "texture": "#3"},
				"up": {"uv": [11.25, 0, 11.75, 0.94754], "rotation": 270, "texture": "#3"},
				"down": {"uv": [11.25, 0, 11.75, 0.94754], "rotation": 270, "texture": "#3"}
			}
		},
		{
			"from": [7.46969, 7.79932, 4.86187],
			"to": [7.65531, 7.87744, 4.92437],
			"faces": {
				"north": {"uv": [6.75, 12.25, 6.8125, 12.32813], "rotation": 270, "texture": "#3"},
				"east": {"uv": [6.75, 12.25, 6.8125, 12.32813], "rotation": 270, "texture": "#3"},
				"south": {"uv": [6.75, 12.25, 6.8125, 12.32813], "rotation": 270, "texture": "#3"},
				"west": {"uv": [6.75, 12.25, 6.8125, 12.32813], "rotation": 270, "texture": "#3"},
				"up": {"uv": [6.75, 12.25, 6.8125, 12.32813], "rotation": 270, "texture": "#3"},
				"down": {"uv": [6.75, 12.25, 6.8125, 12.32813], "rotation": 270, "texture": "#3"}
			}
		}
	],
	"display": {
		"thirdperson_righthand": {
			"rotation": [0, -15, 0],
			"translation": [0.5, 2, -2.75]
		},
		"thirdperson_lefthand": {
			"rotation": [0, -15, 0],
			"translation": [0.5, 1, -2]
		},
		"firstperson_righthand": {
			"rotation": [6, 3, 0],
			"translation": [7.5, 7, 2]
		},
		"firstperson_lefthand": {
			"scale": [0, 0, 0]
		},
		"ground": {
			"translation": [0, 2.25, 0],
			"scale": [0.75, 0.75, 0.75]
		},
		"gui": {
			"rotation": [90, 50, -90],
			"translation": [-1, 3, 0]
		},
		"fixed": {
			"rotation": [90, 50, -90],
			"translation": [-0.25, 3.5, 0]
		}
	},
	"groups": [0, 1, 2, 3, 4,
		{
			"name": "group",
			"children": []
		}, 5, 6, 7, 8, 9, 10, 11, 12, 13, 14, 15, 16, 17, 18, 19, 20, 21, 22, 23, 24, 25, 26, 27, 28, 29, 30, 31, 32, 33, 34, 35, 36, 37, 38, 39, 40, 41, 42, 43, 44, 45, 46, 47, 48, 49, 50, 51, 52, 53, 54, 55, 56, 57, 58, 59, 60, 61, 62, 63, 64, 65, 66]
}