{
	"credit": "Made with Blockbench",
	"textures": {
		"3": "zcbm/weapons/vector"
	},
	"elements": [
		{
			"from": [7.75, 4.144, 11.19],
			"to": [8.25, 7.314, 12.138],
			"rotation": {"angle": -22.5, "axis": "x", "origin": [7.91, 5.604, 9.92]},
			"faces": {
				"north": {"uv": [14.25, 4, 15, 6.91964], "texture": "#3"},
				"east": {"uv": [15.94754, 4, 15, 6.91964], "texture": "#3"},
				"south": {"uv": [0.75, 12.75, 1.25, 15.91964], "texture": "#3"},
				"west": {"uv": [15, 4, 15.94754, 6.91964], "texture": "#3"},
				"up": {"uv": [0, 0, 0.5, 0.948], "texture": "#3"},
				"down": {"uv": [0, 0, 0.5, 0.948], "texture": "#3"}
			}
		},
		{
			"from": [7.60938, 7.644, 7.3775],
			"to": [8.39063, 8.644, 12.0755],
			"faces": {
				"north": {"uv": [0, 0, 0.5, 1], "texture": "#3"},
				"east": {"uv": [0, 0, 4.698, 1], "texture": "#3"},
				"south": {"uv": [0, 0, 0.5, 1], "texture": "#3"},
				"west": {"uv": [2.5, 4.25, 7.19754, 5.25], "texture": "#3"},
				"up": {"uv": [0, 0, 0.5, 9.198], "texture": "#3"},
				"down": {"uv": [0, 0, 0.5, 9.198], "texture": "#3"}
			}
		},
		{
			"from": [7.625, 4.1985, 9.335],
			"to": [8.375, 8.334, 9.71],
			"rotation": {"angle": -22.5, "axis": "x", "origin": [7.91, 5.604, 9.92]},
			"faces": {
				"north": {"uv": [0, 0, 0.71875, 4.2605], "rotation": 180, "texture": "#3"},
				"east": {"uv": [0, 0, 0.375, 4.2605], "texture": "#3"},
				"south": {"uv": [0, 0, 0.71875, 4.2605], "texture": "#3"},
				"west": {"uv": [0, 0, 0.375, 4.2605], "rotation": 180, "texture": "#3"},
				"up": {"uv": [0, 0, 0.5, 1], "rotation": 180, "texture": "#3"},
				"down": {"uv": [0, 0, 0.71875, 0.375], "texture": "#3"}
			}
		},
		{
			"from": [7.76563, 4.2065, 9.69],
			"to": [8.23438, 4.4565, 11.638],
			"rotation": {"angle": -22.5, "axis": "x", "origin": [7.91, 5.604, 9.92]},
			"faces": {
				"north": {"uv": [0, 0, 0.5, 1], "texture": "#3"},
				"east": {"uv": [0, 0, 0.375, 3.1355], "rotation": 90, "texture": "#3"},
				"south": {"uv": [0, 0, 0.71875, 0.375], "texture": "#3"},
				"west": {"uv": [0, 0, 0.375, 3.1355], "rotation": 90, "texture": "#3"},
				"up": {"uv": [0, 0, 0.71875, 3.1355], "texture": "#3"},
				"down": {"uv": [0, 0, 0.71875, 3.1355], "texture": "#3"}
			}
		},
		{
			"from": [7.65625, 4.886, 8.1475],
			"to": [8.34375, 7.6465, 9.335],
			"rotation": {"angle": -22.5, "axis": "x", "origin": [7.91, 5.604, 9.92]},
			"faces": {
				"north": {"uv": [12.25, 8.75, 12.96875, 12.38504], "rotation": 180, "texture": "#3"},
				"east": {"uv": [11.5, 8.5, 12.6875, 12.32254], "rotation": 180, "texture": "#3"},
				"south": {"uv": [0, 0, 0.71875, 4.2605], "texture": "#3"},
				"west": {"uv": [11.5, 8.5, 12.6875, 12.32254], "rotation": 180, "texture": "#3"},
				"up": {"uv": [0, 0, 0.5, 1], "rotation": 180, "texture": "#3"},
				"down": {"uv": [11.5, 8.75, 12.21875, 11.625], "rotation": 180, "texture": "#3"}
			}
		},
		{
			"from": [7.64063, 6.511, 3.1475],
			"to": [8.35938, 7.6465, 8.71],
			"faces": {
				"north": {"uv": [12.25, 8.75, 12.96875, 12.38504], "rotation": 180, "texture": "#3"},
				"east": {"uv": [9.25, 9.5, 14.8125, 10.63504], "rotation": 180, "texture": "#3"},
				"south": {"uv": [0, 0, 0.71875, 4.2605], "texture": "#3"},
				"west": {"uv": [9.25, 9.5, 14.8125, 10.63504], "rotation": 180, "texture": "#3"},
				"up": {"uv": [0, 0, 0.5, 1], "rotation": 180, "texture": "#3"},
				"down": {"uv": [11.5, 8.75, 12.21875, 11.625], "rotation": 180, "texture": "#3"}
			}
		},
		{
			"from": [7.75, 1.894, 6.815],
			"to": [8.25, 6.064, 7.763],
			"rotation": {"angle": -22.5, "axis": "x", "origin": [7.91, 5.604, 9.92]},
			"faces": {
				"north": {"uv": [0, 0, 0.5, 3.17], "texture": "#3"},
				"east": {"uv": [0, 0, 0.948, 3.17], "texture": "#3"},
				"south": {"uv": [0, 0, 0.5, 3.17], "texture": "#3"},
				"west": {"uv": [0, 0, 0.948, 3.17], "texture": "#3"},
				"up": {"uv": [0, 0, 0.5, 0.948], "texture": "#3"},
				"down": {"uv": [0, 0, 0.5, 0.948], "texture": "#3"}
			}
		},
		{
			"from": [7.64063, 4.10475, 7.00688],
			"to": [8.35938, 4.99025, 9.92875],
			"faces": {
				"north": {"uv": [12.25, 8.75, 12.96875, 12.38504], "rotation": 180, "texture": "#3"},
				"east": {"uv": [13, 9.75, 15.8125, 11.63504], "rotation": 180, "texture": "#3"},
				"south": {"uv": [0, 0, 0.71875, 4.2605], "texture": "#3"},
				"west": {"uv": [11.5, 8.25, 14.3125, 10.13504], "rotation": 180, "texture": "#3"},
				"up": {"uv": [0, 0, 0.5, 1], "rotation": 180, "texture": "#3"},
				"down": {"uv": [11.5, 8.75, 12.21875, 11.625], "rotation": 180, "texture": "#3"}
			}
		},
		{
			"from": [7.65625, 5.33912, 6.6475],
			"to": [8.34375, 8.084, 8.1475],
			"rotation": {"angle": -22.5, "axis": "x", "origin": [7.91, 5.604, 9.92]},
			"faces": {
				"north": {"uv": [12.25, 8.75, 12.96875, 12.38504], "rotation": 180, "texture": "#3"},
				"east": {"uv": [11.5, 8.5, 12.6875, 12.32254], "rotation": 180, "texture": "#3"},
				"south": {"uv": [0, 0, 0.71875, 4.2605], "texture": "#3"},
				"west": {"uv": [11.5, 8.5, 12.6875, 12.32254], "rotation": 180, "texture": "#3"},
				"up": {"uv": [0, 0, 0.5, 1], "rotation": 180, "texture": "#3"},
				"down": {"uv": [11.5, 8.75, 12.21875, 11.625], "rotation": 180, "texture": "#3"}
			}
		},
		{
			"from": [7.625, 3.894, 3.815],
			"to": [8.375, 5.814, 4.565],
			"faces": {
				"north": {"uv": [15, 0, 15.75, 1.91964], "texture": "#3"},
				"east": {"uv": [15, 0, 15.75, 1.91964], "texture": "#3"},
				"south": {"uv": [15, 0, 15.75, 1.91964], "texture": "#3"},
				"west": {"uv": [15, 0, 15.75, 1.91964], "texture": "#3"},
				"up": {"uv": [11, 0, 11.75, 0.75], "texture": "#3"},
				"down": {"uv": [11, 0, 11.75, 0.75], "texture": "#3"}
			}
		},
		{
			"from": [7.75, 5.81588, 3.94],
			"to": [8.25, 6.5015, 4.44],
			"faces": {
				"north": {"uv": [11, 0, 11.75, 0.75], "texture": "#3"},
				"east": {"uv": [11, 0, 11.75, 0.75], "texture": "#3"},
				"south": {"uv": [11, 0, 11.75, 0.75], "texture": "#3"},
				"west": {"uv": [11, 0, 11.75, 0.75], "texture": "#3"},
				"up": {"uv": [11, 0, 11.75, 0.75], "texture": "#3"},
				"down": {"uv": [11, 0, 11.75, 0.75], "texture": "#3"}
			}
		},
		{
			"from": [7.6875, 6.25338, 3.5025],
			"to": [8.3125, 6.564, 4.8775],
			"faces": {
				"north": {"uv": [2.75, 15.5, 4.125, 15.81027], "texture": "#3"},
				"east": {"uv": [2.75, 15.5, 4.125, 15.81027], "texture": "#3"},
				"south": {"uv": [2.75, 15.5, 4.125, 15.81027], "texture": "#3"},
				"west": {"uv": [2.75, 15.5, 4.125, 15.81027], "texture": "#3"},
				"up": {"uv": [0, 0, 0.5, 0.948], "texture": "#3"},
				"down": {"uv": [0, 0, 0.5, 0.948], "texture": "#3"}
			}
		},
		{
			"from": [7.60938, 7.894, 12.065],
			"to": [8.39063, 8.519, 16.888],
			"faces": {
				"north": {"uv": [0, 0, 0.5, 1], "texture": "#3"},
				"east": {"uv": [0, 0, 5.448, 0.625], "texture": "#3"},
				"south": {"uv": [0, 0, 0.5, 1], "texture": "#3"},
				"west": {"uv": [0, 0, 5.448, 0.625], "texture": "#3"},
				"up": {"uv": [0, 0, 0.78125, 5.448], "texture": "#3"},
				"down": {"uv": [0, 0, 0.78125, 5.448], "texture": "#3"}
			}
		},
		{
			"from": [7.76563, 5.519, 11.69],
			"to": [8.23438, 5.9565, 12.888],
			"rotation": {"angle": -45, "axis": "x", "origin": [7.91, 5.604, 9.92]},
			"faces": {
				"north": {"uv": [0, 0, 0.5, 1], "texture": "#3"},
				"east": {"uv": [0, 0, 0.375, 3.1355], "rotation": 90, "texture": "#3"},
				"south": {"uv": [0, 0, 0.71875, 0.375], "texture": "#3"},
				"west": {"uv": [0, 0, 0.375, 3.1355], "rotation": 90, "texture": "#3"},
				"up": {"uv": [0, 0, 0.71875, 3.1355], "texture": "#3"},
				"down": {"uv": [0, 0, 0.71875, 3.1355], "texture": "#3"}
			}
		},
		{
			"from": [7.625, 2.136, 16.835],
			"to": [8.35938, 5.61525, 17.46],
			"rotation": {"angle": -22.5, "axis": "x", "origin": [7.91, 5.604, 9.92]},
			"faces": {
				"north": {"uv": [0, 0, 0.78125, 5.448], "rotation": 180, "texture": "#3"},
				"east": {"uv": [0, 0, 5.448, 0.625], "rotation": 270, "texture": "#3"},
				"south": {"uv": [0, 0, 0.78125, 5.448], "texture": "#3"},
				"west": {"uv": [0, 0, 5.448, 0.625], "rotation": 90, "texture": "#3"},
				"up": {"uv": [0, 0, 0.5, 1], "rotation": 180, "texture": "#3"},
				"down": {"uv": [0, 0, 0.5, 1], "texture": "#3"}
			}
		},
		{
			"from": [7.64063, -1.739, 15.0225],
			"to": [8.34375, -0.25975, 15.6475],
			"rotation": {"angle": -45, "axis": "x", "origin": [7.91, 5.604, 9.92]},
			"faces": {
				"north": {"uv": [0, 0, 0.78125, 5.448], "rotation": 180, "texture": "#3"},
				"east": {"uv": [0, 0, 0.625, 1.47925], "texture": "#3"},
				"south": {"uv": [0, 0, 0.78125, 5.448], "texture": "#3"},
				"west": {"uv": [0, 0, 0.625, 1.47925], "texture": "#3"},
				"up": {"uv": [0, 0, 0.5, 1], "rotation": 180, "texture": "#3"},
				"down": {"uv": [0, 0, 0.5, 1], "texture": "#3"}
			}
		},
		{
			"from": [7.53125, 4.011, 19.21],
			"to": [8.4375, 8.61525, 19.3975],
			"faces": {
				"north": {"uv": [11.75, 8.5, 12.65625, 13.10379], "texture": "#3"},
				"east": {"uv": [11.75, 8.5, 12.65625, 13.10379], "texture": "#3"},
				"south": {"uv": [11.75, 8.5, 12.65625, 13.10379], "texture": "#3"},
				"west": {"uv": [11.75, 8.5, 12.65625, 13.10379], "texture": "#3"},
				"up": {"uv": [11.75, 8.5, 12.65625, 13.10379], "rotation": 180, "texture": "#3"},
				"down": {"uv": [11.75, 8.5, 12.65625, 13.10379], "texture": "#3"}
			}
		},
		{
			"from": [7.5, 4.011, 18.585],
			"to": [8.48438, 8.61525, 19.21],
			"faces": {
				"north": {"uv": [0, 0, 0.625, 4.41675], "texture": "#3"},
				"east": {"uv": [0, 0, 0.625, 4.41675], "texture": "#3"},
				"south": {"uv": [0, 0, 0.625, 4.41675], "texture": "#3"},
				"west": {"uv": [0, 0, 0.625, 4.41675], "texture": "#3"},
				"up": {"uv": [0, 0, 0.5, 1], "rotation": 180, "texture": "#3"},
				"down": {"uv": [0, 0, 0.5, 1], "texture": "#3"}
			}
		},
		{
			"from": [7.60938, 7.0815, 16.815],
			"to": [8.39063, 7.7065, 18.7005],
			"faces": {
				"north": {"uv": [0, 0, 0.5, 1], "texture": "#3"},
				"east": {"uv": [0, 0, 1.8855, 0.625], "texture": "#3"},
				"south": {"uv": [0, 0, 0.5, 1], "texture": "#3"},
				"west": {"uv": [0, 0, 1.8855, 0.625], "texture": "#3"},
				"up": {"uv": [0, 0, 0.78125, 1.8855], "texture": "#3"},
				"down": {"uv": [0, 0, 0.78125, 1.8855], "texture": "#3"}
			}
		},
		{
			"from": [7.60938, 5.2065, 17.565],
			"to": [8.39063, 5.8315, 18.8255],
			"faces": {
				"north": {"uv": [0, 0, 0.5, 1], "texture": "#3"},
				"east": {"uv": [0, 0, 1.8855, 0.625], "texture": "#3"},
				"south": {"uv": [0, 0, 0.5, 1], "texture": "#3"},
				"west": {"uv": [0, 0, 1.8855, 0.625], "texture": "#3"},
				"up": {"uv": [0, 0, 0.78125, 1.8855], "texture": "#3"},
				"down": {"uv": [0, 0, 0.78125, 1.8855], "texture": "#3"}
			}
		},
		{
			"from": [7.84375, 6.92525, 1.3775],
			"to": [8.15625, 7.23775, 8.0755],
			"faces": {
				"north": {"uv": [8, 0, 9.5, 1.5], "texture": "#3"},
				"east": {"uv": [0, 0, 0.3125, 8.948], "rotation": 90, "texture": "#3"},
				"south": {"uv": [0, 0, 0.5, 1], "texture": "#3"},
				"west": {"uv": [0, 0, 0.3125, 8.948], "rotation": 90, "texture": "#3"},
				"up": {"uv": [0, 0, 0.3125, 8.948], "texture": "#3"},
				"down": {"uv": [0, 0, 0.3125, 8.948], "texture": "#3"}
			}
		},
		{
			"from": [7.82813, 6.5815, 9.0025],
			"to": [8.17188, 6.8315, 10.9505],
			"faces": {
				"north": {"uv": [0, 0, 0.5, 1], "texture": "#3"},
				"east": {"uv": [0, 0, 0.375, 3.1355], "rotation": 90, "texture": "#3"},
				"south": {"uv": [0, 0, 0.71875, 0.375], "texture": "#3"},
				"west": {"uv": [0, 0, 0.375, 3.1355], "rotation": 90, "texture": "#3"},
				"up": {"uv": [0, 0, 0.71875, 3.1355], "texture": "#3"},
				"down": {"uv": [0, 0, 0.71875, 3.1355], "texture": "#3"}
			}
		},
		{
			"from": [7.89063, 6.999, 10.1925],
			"to": [8.10938, 8.072, 10.3175],
			"faces": {
				"north": {"uv": [0, 0, 0.71875, 3.1355], "rotation": 180, "texture": "#3"},
				"east": {"uv": [0, 0, 0.375, 3.1355], "rotation": 180, "texture": "#3"},
				"south": {"uv": [0, 0, 0.71875, 3.1355], "texture": "#3"},
				"west": {"uv": [0, 0, 0.375, 3.1355], "texture": "#3"},
				"up": {"uv": [0, 0, 0.71875, 0.375], "texture": "#3"},
				"down": {"uv": [0, 0, 0.5, 1], "rotation": 180, "texture": "#3"}
			}
		},
		{
			"from": [7.73438, 8.644, 3.1275],
			"to": [8.26563, 8.7065, 12.0755],
			"faces": {
				"north": {"uv": [0, 0, 0.5, 1], "texture": "#3"},
				"east": {"uv": [0, 0, 1, 9.19757], "rotation": 90, "texture": "#3"},
				"south": {"uv": [0, 0, 0.5, 1], "texture": "#3"},
				"west": {"uv": [0, 0, 1, 9.19757], "rotation": 90, "texture": "#3"},
				"up": {"uv": [0, 0, 0.5, 9.198], "texture": "#3"},
				"down": {"uv": [0, 0, 0.5, 9.198], "texture": "#3"}
			}
		},
		{
			"from": [7.67188, 8.7065, 3.1275],
			"to": [8.32813, 8.769, 12.0755],
			"faces": {
				"north": {"uv": [0, 0, 0.5, 1], "texture": "#3"},
				"east": {"uv": [0, 0, 1, 9.19757], "rotation": 90, "texture": "#3"},
				"south": {"uv": [0, 0, 0.5, 1], "texture": "#3"},
				"west": {"uv": [0, 0, 1, 9.19757], "rotation": 90, "texture": "#3"},
				"up": {"uv": [0, 0, 0.5, 9.198], "texture": "#3"},
				"down": {"uv": [0, 0, 0.5, 9.198], "texture": "#3"}
			}
		},
		{
			"from": [7.67188, 8.769, 11.69],
			"to": [8.32813, 8.894, 11.815],
			"faces": {
				"north": {"uv": [15.25, 4.75, 15.375, 4.875], "rotation": 90, "texture": "#3"},
				"east": {"uv": [15.25, 4.75, 15.375, 4.875], "rotation": 90, "texture": "#3"},
				"south": {"uv": [15.25, 4.75, 15.375, 4.875], "rotation": 90, "texture": "#3"},
				"west": {"uv": [15.25, 4.75, 15.375, 4.875], "rotation": 90, "texture": "#3"},
				"up": {"uv": [15.25, 4.75, 15.375, 4.875], "rotation": 90, "texture": "#3"},
				"down": {"uv": [15.25, 4.75, 15.375, 4.875], "rotation": 90, "texture": "#3"}
			}
		},
		{
			"from": [7.67188, 8.769, 11.44],
			"to": [8.32813, 8.894, 11.565],
			"faces": {
				"north": {"uv": [15.25, 4.75, 15.375, 4.875], "rotation": 90, "texture": "#3"},
				"east": {"uv": [15.25, 4.75, 15.375, 4.875], "rotation": 90, "texture": "#3"},
				"south": {"uv": [15.25, 4.75, 15.375, 4.875], "rotation": 90, "texture": "#3"},
				"west": {"uv": [15.25, 4.75, 15.375, 4.875], "rotation": 90, "texture": "#3"},
				"up": {"uv": [15.25, 4.75, 15.375, 4.875], "rotation": 90, "texture": "#3"},
				"down": {"uv": [15.25, 4.75, 15.375, 4.875], "rotation": 90, "texture": "#3"}
			}
		},
		{
			"from": [7.67188, 8.769, 11.19],
			"to": [8.32813, 8.894, 11.315],
			"faces": {
				"north": {"uv": [15.25, 4.75, 15.375, 4.875], "rotation": 90, "texture": "#3"},
				"east": {"uv": [15.25, 4.75, 15.375, 4.875], "rotation": 90, "texture": "#3"},
				"south": {"uv": [15.25, 4.75, 15.375, 4.875], "rotation": 90, "texture": "#3"},
				"west": {"uv": [15.25, 4.75, 15.375, 4.875], "rotation": 90, "texture": "#3"},
				"up": {"uv": [15.25, 4.75, 15.375, 4.875], "rotation": 90, "texture": "#3"},
				"down": {"uv": [15.25, 4.75, 15.375, 4.875], "rotation": 90, "texture": "#3"}
			}
		},
		{
			"from": [7.67188, 8.769, 10.94],
			"to": [8.32813, 8.894, 11.065],
			"faces": {
				"north": {"uv": [15.25, 4.75, 15.375, 4.875], "rotation": 90, "texture": "#3"},
				"east": {"uv": [15.25, 4.75, 15.375, 4.875], "rotation": 90, "texture": "#3"},
				"south": {"uv": [15.25, 4.75, 15.375, 4.875], "rotation": 90, "texture": "#3"},
				"west": {"uv": [15.25, 4.75, 15.375, 4.875], "rotation": 90, "texture": "#3"},
				"up": {"uv": [15.25, 4.75, 15.375, 4.875], "rotation": 90, "texture": "#3"},
				"down": {"uv": [15.25, 4.75, 15.375, 4.875], "rotation": 90, "texture": "#3"}
			}
		},
		{
			"from": [7.67188, 8.769, 10.69],
			"to": [8.32813, 8.894, 10.815],
			"faces": {
				"north": {"uv": [15.25, 4.75, 15.375, 4.875], "rotation": 90, "texture": "#3"},
				"east": {"uv": [15.25, 4.75, 15.375, 4.875], "rotation": 90, "texture": "#3"},
				"south": {"uv": [15.25, 4.75, 15.375, 4.875], "rotation": 90, "texture": "#3"},
				"west": {"uv": [15.25, 4.75, 15.375, 4.875], "rotation": 90, "texture": "#3"},
				"up": {"uv": [15.25, 4.75, 15.375, 4.875], "rotation": 90, "texture": "#3"},
				"down": {"uv": [15.25, 4.75, 15.375, 4.875], "rotation": 90, "texture": "#3"}
			}
		},
		{
			"from": [7.67188, 8.769, 10.44],
			"to": [8.32813, 8.894, 10.565],
			"faces": {
				"north": {"uv": [15.25, 4.75, 15.375, 4.875], "rotation": 90, "texture": "#3"},
				"east": {"uv": [15.25, 4.75, 15.375, 4.875], "rotation": 90, "texture": "#3"},
				"south": {"uv": [15.25, 4.75, 15.375, 4.875], "rotation": 90, "texture": "#3"},
				"west": {"uv": [15.25, 4.75, 15.375, 4.875], "rotation": 90, "texture": "#3"},
				"up": {"uv": [15.25, 4.75, 15.375, 4.875], "rotation": 90, "texture": "#3"},
				"down": {"uv": [15.25, 4.75, 15.375, 4.875], "rotation": 90, "texture": "#3"}
			}
		},
		{
			"from": [7.67188, 8.769, 10.19],
			"to": [8.32813, 8.894, 10.315],
			"faces": {
				"north": {"uv": [15.25, 4.75, 15.375, 4.875], "rotation": 90, "texture": "#3"},
				"east": {"uv": [15.25, 4.75, 15.375, 4.875], "rotation": 90, "texture": "#3"},
				"south": {"uv": [15.25, 4.75, 15.375, 4.875], "rotation": 90, "texture": "#3"},
				"west": {"uv": [15.25, 4.75, 15.375, 4.875], "rotation": 90, "texture": "#3"},
				"up": {"uv": [15.25, 4.75, 15.375, 4.875], "rotation": 90, "texture": "#3"},
				"down": {"uv": [15.25, 4.75, 15.375, 4.875], "rotation": 90, "texture": "#3"}
			}
		},
		{
			"from": [7.67188, 8.769, 9.94],
			"to": [8.32813, 8.894, 10.065],
			"faces": {
				"north": {"uv": [15.25, 4.75, 15.375, 4.875], "rotation": 90, "texture": "#3"},
				"east": {"uv": [15.25, 4.75, 15.375, 4.875], "rotation": 90, "texture": "#3"},
				"south": {"uv": [15.25, 4.75, 15.375, 4.875], "rotation": 90, "texture": "#3"},
				"west": {"uv": [15.25, 4.75, 15.375, 4.875], "rotation": 90, "texture": "#3"},
				"up": {"uv": [15.25, 4.75, 15.375, 4.875], "rotation": 90, "texture": "#3"},
				"down": {"uv": [15.25, 4.75, 15.375, 4.875], "rotation": 90, "texture": "#3"}
			}
		},
		{
			"from": [7.67188, 8.769, 9.69],
			"to": [8.32813, 8.894, 9.815],
			"faces": {
				"north": {"uv": [15.25, 4.75, 15.375, 4.875], "rotation": 90, "texture": "#3"},
				"east": {"uv": [15.25, 4.75, 15.375, 4.875], "rotation": 90, "texture": "#3"},
				"south": {"uv": [15.25, 4.75, 15.375, 4.875], "rotation": 90, "texture": "#3"},
				"west": {"uv": [15.25, 4.75, 15.375, 4.875], "rotation": 90, "texture": "#3"},
				"up": {"uv": [15.25, 4.75, 15.375, 4.875], "rotation": 90, "texture": "#3"},
				"down": {"uv": [15.25, 4.75, 15.375, 4.875], "rotation": 90, "texture": "#3"}
			}
		},
		{
			"from": [7.67188, 8.769, 9.44],
			"to": [8.32813, 8.894, 9.565],
			"faces": {
				"north": {"uv": [15.25, 4.75, 15.375, 4.875], "rotation": 90, "texture": "#3"},
				"east": {"uv": [15.25, 4.75, 15.375, 4.875], "rotation": 90, "texture": "#3"},
				"south": {"uv": [15.25, 4.75, 15.375, 4.875], "rotation": 90, "texture": "#3"},
				"west": {"uv": [15.25, 4.75, 15.375, 4.875], "rotation": 90, "texture": "#3"},
				"up": {"uv": [15.25, 4.75, 15.375, 4.875], "rotation": 90, "texture": "#3"},
				"down": {"uv": [15.25, 4.75, 15.375, 4.875], "rotation": 90, "texture": "#3"}
			}
		},
		{
			"from": [7.67188, 8.769, 9.19],
			"to": [8.32813, 8.894, 9.315],
			"faces": {
				"north": {"uv": [15.25, 4.75, 15.375, 4.875], "rotation": 90, "texture": "#3"},
				"east": {"uv": [15.25, 4.75, 15.375, 4.875], "rotation": 90, "texture": "#3"},
				"south": {"uv": [15.25, 4.75, 15.375, 4.875], "rotation": 90, "texture": "#3"},
				"west": {"uv": [15.25, 4.75, 15.375, 4.875], "rotation": 90, "texture": "#3"},
				"up": {"uv": [15.25, 4.75, 15.375, 4.875], "rotation": 90, "texture": "#3"},
				"down": {"uv": [15.25, 4.75, 15.375, 4.875], "rotation": 90, "texture": "#3"}
			}
		},
		{
			"from": [7.67188, 8.769, 8.94],
			"to": [8.32813, 8.894, 9.065],
			"faces": {
				"north": {"uv": [15.25, 4.75, 15.375, 4.875], "rotation": 90, "texture": "#3"},
				"east": {"uv": [15.25, 4.75, 15.375, 4.875], "rotation": 90, "texture": "#3"},
				"south": {"uv": [15.25, 4.75, 15.375, 4.875], "rotation": 90, "texture": "#3"},
				"west": {"uv": [15.25, 4.75, 15.375, 4.875], "rotation": 90, "texture": "#3"},
				"up": {"uv": [15.25, 4.75, 15.375, 4.875], "rotation": 90, "texture": "#3"},
				"down": {"uv": [15.25, 4.75, 15.375, 4.875], "rotation": 90, "texture": "#3"}
			}
		},
		{
			"from": [7.67188, 8.769, 8.69],
			"to": [8.32813, 8.894, 8.815],
			"faces": {
				"north": {"uv": [15.25, 4.75, 15.375, 4.875], "rotation": 90, "texture": "#3"},
				"east": {"uv": [15.25, 4.75, 15.375, 4.875], "rotation": 90, "texture": "#3"},
				"south": {"uv": [15.25, 4.75, 15.375, 4.875], "rotation": 90, "texture": "#3"},
				"west": {"uv": [15.25, 4.75, 15.375, 4.875], "rotation": 90, "texture": "#3"},
				"up": {"uv": [15.25, 4.75, 15.375, 4.875], "rotation": 90, "texture": "#3"},
				"down": {"uv": [15.25, 4.75, 15.375, 4.875], "rotation": 90, "texture": "#3"}
			}
		},
		{
			"from": [7.67188, 8.769, 8.44],
			"to": [8.32813, 8.894, 8.565],
			"faces": {
				"north": {"uv": [15.25, 4.75, 15.375, 4.875], "rotation": 90, "texture": "#3"},
				"east": {"uv": [15.25, 4.75, 15.375, 4.875], "rotation": 90, "texture": "#3"},
				"south": {"uv": [15.25, 4.75, 15.375, 4.875], "rotation": 90, "texture": "#3"},
				"west": {"uv": [15.25, 4.75, 15.375, 4.875], "rotation": 90, "texture": "#3"},
				"up": {"uv": [15.25, 4.75, 15.375, 4.875], "rotation": 90, "texture": "#3"},
				"down": {"uv": [15.25, 4.75, 15.375, 4.875], "rotation": 90, "texture": "#3"}
			}
		},
		{
			"from": [7.67188, 8.769, 8.19],
			"to": [8.32813, 8.894, 8.315],
			"faces": {
				"north": {"uv": [15.25, 4.75, 15.375, 4.875], "rotation": 90, "texture": "#3"},
				"east": {"uv": [15.25, 4.75, 15.375, 4.875], "rotation": 90, "texture": "#3"},
				"south": {"uv": [15.25, 4.75, 15.375, 4.875], "rotation": 90, "texture": "#3"},
				"west": {"uv": [15.25, 4.75, 15.375, 4.875], "rotation": 90, "texture": "#3"},
				"up": {"uv": [15.25, 4.75, 15.375, 4.875], "rotation": 90, "texture": "#3"},
				"down": {"uv": [15.25, 4.75, 15.375, 4.875], "rotation": 90, "texture": "#3"}
			}
		},
		{
			"from": [7.67188, 8.769, 7.94],
			"to": [8.32813, 8.894, 8.065],
			"faces": {
				"north": {"uv": [15.25, 4.75, 15.375, 4.875], "rotation": 90, "texture": "#3"},
				"east": {"uv": [15.25, 4.75, 15.375, 4.875], "rotation": 90, "texture": "#3"},
				"south": {"uv": [15.25, 4.75, 15.375, 4.875], "rotation": 90, "texture": "#3"},
				"west": {"uv": [15.25, 4.75, 15.375, 4.875], "rotation": 90, "texture": "#3"},
				"up": {"uv": [15.25, 4.75, 15.375, 4.875], "rotation": 90, "texture": "#3"},
				"down": {"uv": [15.25, 4.75, 15.375, 4.875], "rotation": 90, "texture": "#3"}
			}
		},
		{
			"from": [7.67188, 8.769, 7.69],
			"to": [8.32813, 8.894, 7.815],
			"faces": {
				"north": {"uv": [15.25, 4.75, 15.375, 4.875], "rotation": 90, "texture": "#3"},
				"east": {"uv": [15.25, 4.75, 15.375, 4.875], "rotation": 90, "texture": "#3"},
				"south": {"uv": [15.25, 4.75, 15.375, 4.875], "rotation": 90, "texture": "#3"},
				"west": {"uv": [15.25, 4.75, 15.375, 4.875], "rotation": 90, "texture": "#3"},
				"up": {"uv": [15.25, 4.75, 15.375, 4.875], "rotation": 90, "texture": "#3"},
				"down": {"uv": [15.25, 4.75, 15.375, 4.875], "rotation": 90, "texture": "#3"}
			}
		},
		{
			"from": [7.67188, 8.769, 7.44],
			"to": [8.32813, 8.894, 7.565],
			"faces": {
				"north": {"uv": [15.25, 4.75, 15.375, 4.875], "rotation": 90, "texture": "#3"},
				"east": {"uv": [15.25, 4.75, 15.375, 4.875], "rotation": 90, "texture": "#3"},
				"south": {"uv": [15.25, 4.75, 15.375, 4.875], "rotation": 90, "texture": "#3"},
				"west": {"uv": [15.25, 4.75, 15.375, 4.875], "rotation": 90, "texture": "#3"},
				"up": {"uv": [15.25, 4.75, 15.375, 4.875], "rotation": 90, "texture": "#3"},
				"down": {"uv": [15.25, 4.75, 15.375, 4.875], "rotation": 90, "texture": "#3"}
			}
		},
		{
			"from": [7.67188, 8.769, 7.19],
			"to": [8.32813, 8.894, 7.315],
			"faces": {
				"north": {"uv": [15.25, 4.75, 15.375, 4.875], "rotation": 90, "texture": "#3"},
				"east": {"uv": [15.25, 4.75, 15.375, 4.875], "rotation": 90, "texture": "#3"},
				"south": {"uv": [15.25, 4.75, 15.375, 4.875], "rotation": 90, "texture": "#3"},
				"west": {"uv": [15.25, 4.75, 15.375, 4.875], "rotation": 90, "texture": "#3"},
				"up": {"uv": [15.25, 4.75, 15.375, 4.875], "rotation": 90, "texture": "#3"},
				"down": {"uv": [15.25, 4.75, 15.375, 4.875], "rotation": 90, "texture": "#3"}
			}
		},
		{
			"from": [7.67188, 8.769, 6.94],
			"to": [8.32813, 8.894, 7.065],
			"faces": {
				"north": {"uv": [15.25, 4.75, 15.375, 4.875], "rotation": 90, "texture": "#3"},
				"east": {"uv": [15.25, 4.75, 15.375, 4.875], "rotation": 90, "texture": "#3"},
				"south": {"uv": [15.25, 4.75, 15.375, 4.875], "rotation": 90, "texture": "#3"},
				"west": {"uv": [15.25, 4.75, 15.375, 4.875], "rotation": 90, "texture": "#3"},
				"up": {"uv": [15.25, 4.75, 15.375, 4.875], "rotation": 90, "texture": "#3"},
				"down": {"uv": [15.25, 4.75, 15.375, 4.875], "rotation": 90, "texture": "#3"}
			}
		},
		{
			"from": [7.67188, 8.769, 6.69],
			"to": [8.32813, 8.894, 6.815],
			"faces": {
				"north": {"uv": [15.25, 4.75, 15.375, 4.875], "rotation": 90, "texture": "#3"},
				"east": {"uv": [15.25, 4.75, 15.375, 4.875], "rotation": 90, "texture": "#3"},
				"south": {"uv": [15.25, 4.75, 15.375, 4.875], "rotation": 90, "texture": "#3"},
				"west": {"uv": [15.25, 4.75, 15.375, 4.875], "rotation": 90, "texture": "#3"},
				"up": {"uv": [15.25, 4.75, 15.375, 4.875], "rotation": 90, "texture": "#3"},
				"down": {"uv": [15.25, 4.75, 15.375, 4.875], "rotation": 90, "texture": "#3"}
			}
		},
		{
			"from": [7.67188, 8.769, 6.44],
			"to": [8.32813, 8.894, 6.565],
			"faces": {
				"north": {"uv": [15.25, 4.75, 15.375, 4.875], "rotation": 90, "texture": "#3"},
				"east": {"uv": [15.25, 4.75, 15.375, 4.875], "rotation": 90, "texture": "#3"},
				"south": {"uv": [15.25, 4.75, 15.375, 4.875], "rotation": 90, "texture": "#3"},
				"west": {"uv": [15.25, 4.75, 15.375, 4.875], "rotation": 90, "texture": "#3"},
				"up": {"uv": [15.25, 4.75, 15.375, 4.875], "rotation": 90, "texture": "#3"},
				"down": {"uv": [15.25, 4.75, 15.375, 4.875], "rotation": 90, "texture": "#3"}
			}
		},
		{
			"from": [7.67188, 8.769, 6.19],
			"to": [8.32813, 8.894, 6.315],
			"faces": {
				"north": {"uv": [15.25, 4.75, 15.375, 4.875], "rotation": 90, "texture": "#3"},
				"east": {"uv": [15.25, 4.75, 15.375, 4.875], "rotation": 90, "texture": "#3"},
				"south": {"uv": [15.25, 4.75, 15.375, 4.875], "rotation": 90, "texture": "#3"},
				"west": {"uv": [15.25, 4.75, 15.375, 4.875], "rotation": 90, "texture": "#3"},
				"up": {"uv": [15.25, 4.75, 15.375, 4.875], "rotation": 90, "texture": "#3"},
				"down": {"uv": [15.25, 4.75, 15.375, 4.875], "rotation": 90, "texture": "#3"}
			}
		},
		{
			"from": [7.67188, 8.769, 5.94],
			"to": [8.32813, 8.894, 6.065],
			"faces": {
				"north": {"uv": [15.25, 4.75, 15.375, 4.875], "rotation": 90, "texture": "#3"},
				"east": {"uv": [15.25, 4.75, 15.375, 4.875], "rotation": 90, "texture": "#3"},
				"south": {"uv": [15.25, 4.75, 15.375, 4.875], "rotation": 90, "texture": "#3"},
				"west": {"uv": [15.25, 4.75, 15.375, 4.875], "rotation": 90, "texture": "#3"},
				"up": {"uv": [15.25, 4.75, 15.375, 4.875], "rotation": 90, "texture": "#3"},
				"down": {"uv": [15.25, 4.75, 15.375, 4.875], "rotation": 90, "texture": "#3"}
			}
		},
		{
			"from": [7.67188, 8.769, 5.69],
			"to": [8.32813, 8.894, 5.815],
			"faces": {
				"north": {"uv": [15.25, 4.75, 15.375, 4.875], "rotation": 90, "texture": "#3"},
				"east": {"uv": [15.25, 4.75, 15.375, 4.875], "rotation": 90, "texture": "#3"},
				"south": {"uv": [15.25, 4.75, 15.375, 4.875], "rotation": 90, "texture": "#3"},
				"west": {"uv": [15.25, 4.75, 15.375, 4.875], "rotation": 90, "texture": "#3"},
				"up": {"uv": [15.25, 4.75, 15.375, 4.875], "rotation": 90, "texture": "#3"},
				"down": {"uv": [15.25, 4.75, 15.375, 4.875], "rotation": 90, "texture": "#3"}
			}
		},
		{
			"from": [7.67188, 8.769, 5.44],
			"to": [8.32813, 8.894, 5.565],
			"faces": {
				"north": {"uv": [15.25, 4.75, 15.375, 4.875], "rotation": 90, "texture": "#3"},
				"east": {"uv": [15.25, 4.75, 15.375, 4.875], "rotation": 90, "texture": "#3"},
				"south": {"uv": [15.25, 4.75, 15.375, 4.875], "rotation": 90, "texture": "#3"},
				"west": {"uv": [15.25, 4.75, 15.375, 4.875], "rotation": 90, "texture": "#3"},
				"up": {"uv": [15.25, 4.75, 15.375, 4.875], "rotation": 90, "texture": "#3"},
				"down": {"uv": [15.25, 4.75, 15.375, 4.875], "rotation": 90, "texture": "#3"}
			}
		},
		{
			"from": [7.67188, 8.769, 5.19],
			"to": [8.32813, 8.894, 5.315],
			"faces": {
				"north": {"uv": [15.25, 4.75, 15.375, 4.875], "rotation": 90, "texture": "#3"},
				"east": {"uv": [15.25, 4.75, 15.375, 4.875], "rotation": 90, "texture": "#3"},
				"south": {"uv": [15.25, 4.75, 15.375, 4.875], "rotation": 90, "texture": "#3"},
				"west": {"uv": [15.25, 4.75, 15.375, 4.875], "rotation": 90, "texture": "#3"},
				"up": {"uv": [15.25, 4.75, 15.375, 4.875], "rotation": 90, "texture": "#3"},
				"down": {"uv": [15.25, 4.75, 15.375, 4.875], "rotation": 90, "texture": "#3"}
			}
		},
		{
			"from": [7.67188, 8.769, 4.94],
			"to": [8.32813, 8.894, 5.065],
			"faces": {
				"north": {"uv": [15.25, 4.75, 15.375, 4.875], "rotation": 90, "texture": "#3"},
				"east": {"uv": [15.25, 4.75, 15.375, 4.875], "rotation": 90, "texture": "#3"},
				"south": {"uv": [15.25, 4.75, 15.375, 4.875], "rotation": 90, "texture": "#3"},
				"west": {"uv": [15.25, 4.75, 15.375, 4.875], "rotation": 90, "texture": "#3"},
				"up": {"uv": [15.25, 4.75, 15.375, 4.875], "rotation": 90, "texture": "#3"},
				"down": {"uv": [15.25, 4.75, 15.375, 4.875], "rotation": 90, "texture": "#3"}
			}
		},
		{
			"from": [7.67188, 8.769, 4.69],
			"to": [8.32813, 8.894, 4.815],
			"faces": {
				"north": {"uv": [15.25, 4.75, 15.375, 4.875], "rotation": 90, "texture": "#3"},
				"east": {"uv": [15.25, 4.75, 15.375, 4.875], "rotation": 90, "texture": "#3"},
				"south": {"uv": [15.25, 4.75, 15.375, 4.875], "rotation": 90, "texture": "#3"},
				"west": {"uv": [15.25, 4.75, 15.375, 4.875], "rotation": 90, "texture": "#3"},
				"up": {"uv": [15.25, 4.75, 15.375, 4.875], "rotation": 90, "texture": "#3"},
				"down": {"uv": [15.25, 4.75, 15.375, 4.875], "rotation": 90, "texture": "#3"}
			}
		},
		{
			"from": [7.67188, 8.769, 4.44],
			"to": [8.32813, 8.894, 4.565],
			"faces": {
				"north": {"uv": [15.25, 4.75, 15.375, 4.875], "rotation": 90, "texture": "#3"},
				"east": {"uv": [15.25, 4.75, 15.375, 4.875], "rotation": 90, "texture": "#3"},
				"south": {"uv": [15.25, 4.75, 15.375, 4.875], "rotation": 90, "texture": "#3"},
				"west": {"uv": [15.25, 4.75, 15.375, 4.875], "rotation": 90, "texture": "#3"},
				"up": {"uv": [15.25, 4.75, 15.375, 4.875], "rotation": 90, "texture": "#3"},
				"down": {"uv": [15.25, 4.75, 15.375, 4.875], "rotation": 90, "texture": "#3"}
			}
		},
		{
			"from": [7.67188, 8.769, 4.19],
			"to": [8.32813, 8.894, 4.315],
			"faces": {
				"north": {"uv": [15.25, 4.75, 15.375, 4.875], "rotation": 90, "texture": "#3"},
				"east": {"uv": [15.25, 4.75, 15.375, 4.875], "rotation": 90, "texture": "#3"},
				"south": {"uv": [15.25, 4.75, 15.375, 4.875], "rotation": 90, "texture": "#3"},
				"west": {"uv": [15.25, 4.75, 15.375, 4.875], "rotation": 90, "texture": "#3"},
				"up": {"uv": [15.25, 4.75, 15.375, 4.875], "rotation": 90, "texture": "#3"},
				"down": {"uv": [15.25, 4.75, 15.375, 4.875], "rotation": 90, "texture": "#3"}
			}
		},
		{
			"from": [7.67188, 8.769, 3.94],
			"to": [8.32813, 8.894, 4.065],
			"faces": {
				"north": {"uv": [15.25, 4.75, 15.375, 4.875], "rotation": 90, "texture": "#3"},
				"east": {"uv": [15.25, 4.75, 15.375, 4.875], "rotation": 90, "texture": "#3"},
				"south": {"uv": [15.25, 4.75, 15.375, 4.875], "rotation": 90, "texture": "#3"},
				"west": {"uv": [15.25, 4.75, 15.375, 4.875], "rotation": 90, "texture": "#3"},
				"up": {"uv": [15.25, 4.75, 15.375, 4.875], "rotation": 90, "texture": "#3"},
				"down": {"uv": [15.25, 4.75, 15.375, 4.875], "rotation": 90, "texture": "#3"}
			}
		},
		{
			"from": [7.60938, 8.769, 3.2525],
			"to": [8.39063, 8.9565, 3.815],
			"faces": {
				"north": {"uv": [15.25, 4.75, 15.375, 4.875], "rotation": 90, "texture": "#3"},
				"east": {"uv": [15.25, 4.75, 15.375, 4.875], "rotation": 90, "texture": "#3"},
				"south": {"uv": [15.25, 4.75, 15.375, 4.875], "rotation": 90, "texture": "#3"},
				"west": {"uv": [15.25, 4.75, 15.375, 4.875], "rotation": 90, "texture": "#3"},
				"up": {"uv": [15.25, 4.75, 15.375, 4.875], "rotation": 90, "texture": "#3"},
				"down": {"uv": [15.25, 4.75, 15.375, 4.875], "rotation": 90, "texture": "#3"}
			}
		},
		{
			"from": [7.54688, 8.769, 6.3775],
			"to": [8.45313, 9.394, 9.0755],
			"faces": {
				"north": {"uv": [0, 0, 0.90625, 0.5], "texture": "#3"},
				"east": {"uv": [0, 0, 2.698, 0.5], "texture": "#3"},
				"south": {"uv": [0, 0, 0.90625, 0.5], "texture": "#3"},
				"west": {"uv": [0, 0, 2.698, 0.5], "texture": "#3"},
				"up": {"uv": [0, 0, 0.90625, 2.698], "texture": "#3"},
				"down": {"uv": [0, 0, 0.5, 9.198], "texture": "#3"}
			}
		},
		{
			"from": [7.48438, 8.769, 6.7525],
			"to": [7.57813, 9.2065, 9.0755],
			"faces": {
				"north": {"uv": [0, 0, 0.90625, 0.5], "texture": "#3"},
				"east": {"uv": [0, 0, 2.698, 0.5], "texture": "#3"},
				"south": {"uv": [0, 0, 0.90625, 0.5], "texture": "#3"},
				"west": {"uv": [3.25, 4, 5.94754, 4.5], "texture": "#3"},
				"up": {"uv": [0, 0, 0.90625, 2.698], "texture": "#3"},
				"down": {"uv": [0, 0, 0.5, 9.198], "texture": "#3"}
			}
		},
		{
			"from": [8.42188, 8.769, 6.7525],
			"to": [8.51563, 9.2065, 9.0755],
			"faces": {
				"north": {"uv": [0, 0, 0.90625, 0.5], "texture": "#3"},
				"east": {"uv": [3.25, 4, 5.94754, 4.5], "texture": "#3"},
				"south": {"uv": [0, 0, 0.90625, 0.5], "texture": "#3"},
				"west": {"uv": [3.25, 4, 5.94754, 4.5], "texture": "#3"},
				"up": {"uv": [0, 0, 0.90625, 2.698], "texture": "#3"},
				"down": {"uv": [0, 0, 0.5, 9.198], "texture": "#3"}
			}
		},
		{
			"from": [7.48438, 9.2065, 7.6275],
			"to": [7.57813, 9.644, 9.0755],
			"faces": {
				"north": {"uv": [0, 0, 0.90625, 0.5], "texture": "#3"},
				"east": {"uv": [4.75, 5.5, 6.19754, 5.9375], "texture": "#3"},
				"south": {"uv": [0, 0, 0.90625, 0.5], "texture": "#3"},
				"west": {"uv": [5, 5.75, 6.44754, 6.1875], "texture": "#3"},
				"up": {"uv": [0, 0, 0.90625, 2.698], "texture": "#3"},
				"down": {"uv": [0, 0, 0.5, 9.198], "texture": "#3"}
			}
		},
		{
			"from": [8.42188, 9.2065, 7.6275],
			"to": [8.51563, 9.644, 9.0755],
			"faces": {
				"north": {"uv": [0, 0, 0.90625, 0.5], "texture": "#3"},
				"east": {"uv": [4.75, 5.5, 6.19754, 5.9375], "texture": "#3"},
				"south": {"uv": [0, 0, 0.90625, 0.5], "texture": "#3"},
				"west": {"uv": [5, 5.75, 6.44754, 6.1875], "texture": "#3"},
				"up": {"uv": [0, 0, 0.90625, 2.698], "texture": "#3"},
				"down": {"uv": [0, 0, 0.5, 9.198], "texture": "#3"}
			}
		},
		{
			"from": [7.48438, 9.644, 8.0025],
			"to": [7.57813, 10.28463, 9.0755],
			"faces": {
				"north": {"uv": [0, 0, 0.90625, 0.5], "texture": "#3"},
				"east": {"uv": [1.5, 1.5, 2.57254, 2.4375], "texture": "#3"},
				"south": {"uv": [0, 0, 0.90625, 0.5], "texture": "#3"},
				"west": {"uv": [2.75, 3, 3.82254, 3.9375], "texture": "#3"},
				"up": {"uv": [5.25, 5.5, 5.34375, 6.57254], "texture": "#3"},
				"down": {"uv": [0, 0, 0.5, 9.198], "texture": "#3"}
			}
		},
		{
			"from": [8.42188, 9.644, 8.0025],
			"to": [8.51563, 10.28463, 9.0755],
			"faces": {
				"north": {"uv": [0, 0, 0.90625, 0.5], "texture": "#3"},
				"east": {"uv": [1.5, 1.5, 2.57254, 2.4375], "texture": "#3"},
				"south": {"uv": [0, 0, 0.90625, 0.5], "texture": "#3"},
				"west": {"uv": [2.75, 3, 3.82254, 3.9375], "texture": "#3"},
				"up": {"uv": [5.25, 5.5, 5.34375, 6.57254], "texture": "#3"},
				"down": {"uv": [0, 0, 0.5, 9.198], "texture": "#3"}
			}
		},
		{
			"from": [7.57813, 10.19088, 8.0025],
			"to": [8.42188, 10.28463, 9.0755],
			"faces": {
				"north": {"uv": [0, 0, 0.90625, 0.5], "rotation": 270, "texture": "#3"},
				"east": {"uv": [0, 0, 0.90625, 2.698], "rotation": 270, "texture": "#3"},
				"south": {"uv": [0, 0, 0.90625, 0.5], "rotation": 90, "texture": "#3"},
				"west": {"uv": [0, 0, 0.5, 9.198], "rotation": 270, "texture": "#3"},
				"up": {"uv": [2.75, 3, 3.82254, 3.9375], "rotation": 90, "texture": "#3"},
				"down": {"uv": [1.5, 1.5, 2.57254, 2.4375], "rotation": 270, "texture": "#3"}
			}
		},
		{
			"from": [7.60938, 7.644, 3.1275],
			"to": [8.39063, 8.644, 6.388],
			"faces": {
				"north": {"uv": [0, 0, 0.5, 1], "texture": "#3"},
				"east": {"uv": [2, 9.5, 5.26004, 10.5], "texture": "#3"},
				"south": {"uv": [0, 0, 0.5, 1], "texture": "#3"},
				"west": {"uv": [2, 9.5, 5.26004, 10.5], "texture": "#3"},
				"up": {"uv": [0, 0, 0.5, 9.198], "texture": "#3"},
				"down": {"uv": [0, 0, 0.5, 9.198], "texture": "#3"}
			}
		},
		{
			"from": [7.60938, 7.644, 6.3775],
			"to": [7.95313, 8.644, 7.388],
			"faces": {
				"north": {"uv": [0, 0, 0.5, 1], "texture": "#3"},
				"east": {"uv": [0, 0, 4.698, 1], "texture": "#3"},
				"south": {"uv": [0, 0, 0.5, 1], "texture": "#3"},
				"west": {"uv": [4.5, 5.75, 5.51004, 6.75], "texture": "#3"},
				"up": {"uv": [0, 0, 0.5, 9.198], "texture": "#3"},
				"down": {"uv": [0, 0, 0.5, 9.198], "texture": "#3"}
			}
		},
		{
			"from": [7.8125, 7.7065, 6.3775],
			"to": [8.15625, 8.8315, 7.388],
			"rotation": {"angle": -22.5, "axis": "z", "origin": [7.78125, 8.144, 6.88275]},
			"faces": {
				"north": {"uv": [0, 0, 0.5, 1], "texture": "#3"},
				"east": {"uv": [0, 0, 1.0105, 1], "texture": "#3"},
				"south": {"uv": [0, 0, 0.5, 1], "texture": "#3"},
				"west": {"uv": [4.5, 5.75, 5.51004, 6.75], "texture": "#3"},
				"up": {"uv": [0, 0, 0.34375, 1.0105], "texture": "#3"},
				"down": {"uv": [0, 0, 0.5, 9.198], "texture": "#3"}
			}
		},
		{
			"from": [7.32813, 7.519, 4.2525],
			"to": [7.67188, 7.769, 5.638],
			"faces": {
				"north": {"uv": [0, 0, 0.5, 1], "texture": "#3"},
				"east": {"uv": [0, 0, 0.375, 3.1355], "rotation": 90, "texture": "#3"},
				"south": {"uv": [0, 0, 0.71875, 0.375], "texture": "#3"},
				"west": {"uv": [0, 0, 0.375, 3.1355], "rotation": 90, "texture": "#3"},
				"up": {"uv": [0, 0, 0.375, 3.1355], "texture": "#3"},
				"down": {"uv": [0, 0, 0.71875, 3.1355], "texture": "#3"}
			}
		},
		{
			"from": [7.51563, 7.50338, 3.6275],
			"to": [7.85938, 7.78463, 4.7005],
			"rotation": {"angle": 22.5, "axis": "y", "origin": [7.5, 7.644, 4.8515]},
			"faces": {
				"north": {"uv": [0, 0, 0.34375, 0.25], "texture": "#3"},
				"east": {"uv": [0, 0, 0.34375, 0.25], "texture": "#3"},
				"south": {"uv": [0, 0, 0.34375, 0.25], "texture": "#3"},
				"west": {"uv": [0, 0, 0.34375, 0.25], "texture": "#3"},
				"up": {"uv": [0, 0, 0.34375, 0.25], "texture": "#3"},
				"down": {"uv": [0, 0, 0.34375, 0.25], "texture": "#3"}
			}
		}
	],
	"display": {
		"thirdperson_righthand": {
			"rotation": [0, -15, 0],
			"translation": [0.5, 1, -2]
		},
		"thirdperson_lefthand": {
			"rotation": [0, -15, 0],
			"translation": [0.5, 1, -2]
		},
		"firstperson_righthand": {
			"rotation": [6, 3, 0],
			"translation": [7.5, 5.5, 3]
		},
		"firstperson_lefthand": {
			"scale": [0, 0, 0]
		},
		"ground": {
			"translation": [0, 2.25, 0],
			"scale": [0.75, 0.75, 0.75]
		},
		"gui": {
			"rotation": [90, 50, -90],
			"translation": [-1, 3, 0]
		},
		"fixed": {
			"rotation": [90, 50, -90],
			"translation": [-0.25, 3.5, 0]
		}
	},
	"groups": [0, 1, 2, 3, 4, 5, 6, 7, 8, 9, 10, 11, 12, 13, 14, 15, 16, 17, 18, 19, 20, 21, 22, 23, 24,
		{
			"name": "group",
			"children": [25, 26, 27, 28, 29, 30, 31, 32, 33, 34, 35, 36, 37, 38, 39, 40, 41, 42, 43, 44, 45, 46, 47, 48, 49, 50, 51, 52, 53, 54, 55, 56, 57]
		}, 58, 59, 60, 61, 62, 63, 64, 65, 66, 67, 68, 69, 70]
}