{
	"credit": "Made with Blockbench",
	"textures": {
		"3": "block/lime_concrete",
		"4": "block/anvil",
		"5": "zcbm/weapons/usp45",
		"particle": "block/anvil"
	},
	"elements": [
		{
			"from": [7.79276, 5.64953, 6.31975],
			"to": [8.09276, 5.84953, 8.80413],
			"faces": {
				"north": {"uv": [12.5, 0, 12.79911, 0.19978], "rotation": 90, "texture": "#5"},
				"east": {"uv": [9, 0, 11.48438, 0.19978], "texture": "#5"},
				"south": {"uv": [2, 0, 1, 1], "texture": "#3"},
				"west": {"uv": [9, 0, 11.48438, 0.19978], "texture": "#5"},
				"up": {"uv": [9, 0, 11.48438, 0.19978], "rotation": 90, "texture": "#5"},
				"down": {"uv": [9, 0, 11.48438, 0.19978], "rotation": 90, "texture": "#5"}
			}
		},
		{
			"from": [7.80526, 6.56828, 7.72288],
			"to": [8.08026, 7.19953, 7.90725],
			"faces": {
				"north": {"uv": [0, 0.3, 0.2, 0], "rotation": 90, "texture": "#4"},
				"east": {"uv": [0, 0.3, 0.1, 0], "rotation": 90, "texture": "#4"},
				"south": {"uv": [0, 0.3, 0.2, 0], "rotation": 90, "texture": "#4"},
				"west": {"uv": [0, 0.3, 0.1, 0], "rotation": 90, "texture": "#4"},
				"up": {"uv": [0, 0.1, 0.2, 0], "rotation": 90, "texture": "#4"},
				"down": {"uv": [0, 0.1, 0.2, 0], "rotation": 90, "texture": "#4"}
			}
		},
		{
			"from": [7.79276, 5.84328, 6.31663],
			"to": [8.09276, 6.94953, 6.51663],
			"faces": {
				"north": {"uv": [9, 0, 11.48438, 0.19978], "rotation": 90, "texture": "#5"},
				"east": {"uv": [9, 0, 11.48438, 0.19978], "rotation": 90, "texture": "#5"},
				"south": {"uv": [12.5, 0, 12.79911, 0.19978], "rotation": 90, "texture": "#5"},
				"west": {"uv": [12.5, 0, 12.79911, 0.19978], "rotation": 90, "texture": "#5"},
				"up": {"uv": [2, 0, 1, 1], "rotation": 270, "texture": "#3"},
				"down": {"uv": [2, 0, 1, 1], "rotation": 270, "texture": "#3"}
			}
		},
		{
			"from": [7.44151, 2.87453, 9.55413],
			"to": [8.44401, 3.8339, 11.626],
			"faces": {
				"north": {"uv": [0, 6.75, 1.00224, 7.67746], "texture": "#5"},
				"east": {"uv": [4.41518, 0, 2.5, 0.92746], "texture": "#5"},
				"south": {"uv": [0, 6.75, 1.00224, 7.67746], "texture": "#5"},
				"west": {"uv": [2.5, 0, 4.41518, 0.92746], "texture": "#5"},
				"up": {"uv": [0, 0, 1.0025, 1.88437], "texture": "#5"},
				"down": {"uv": [14, 0, 14.36719, 0.73996], "texture": "#5"}
			}
		},
		{
			"from": [7.80526, 5.97383, 7.51204],
			"to": [8.08026, 6.57383, 7.71204],
			"rotation": {"angle": 22.5, "axis": "x", "origin": [7.94276, 6.07383, 7.81204]},
			"faces": {
				"north": {"uv": [0, 0.3, 0.2, 0], "rotation": 90, "texture": "#4"},
				"east": {"uv": [0, 0.3, 0.1, 0], "rotation": 90, "texture": "#4"},
				"south": {"uv": [0, 0.3, 0.2, 0], "rotation": 90, "texture": "#4"},
				"west": {"uv": [0, 0.3, 0.1, 0], "rotation": 90, "texture": "#4"},
				"up": {"uv": [0, 0.1, 0.2, 0], "rotation": 90, "texture": "#4"},
				"down": {"uv": [0, 0.1, 0.2, 0], "rotation": 90, "texture": "#4"}
			}
		},
		{
			"from": [7.84276, 8.6214, 5.47288],
			"to": [8.04276, 9.1214, 6.07288],
			"rotation": {"angle": 45, "axis": "x", "origin": [7.94276, 9.0714, 5.57288]},
			"faces": {
				"north": {"uv": [15, 5, 15.9375, 5.9375], "texture": "#5"},
				"east": {"uv": [15, 5, 15.9375, 5.9375], "texture": "#5"},
				"south": {"uv": [15, 5, 15.9375, 5.9375], "texture": "#5"},
				"west": {"uv": [15, 5, 15.9375, 5.9375], "texture": "#5"},
				"up": {"uv": [15, 5, 15.9375, 5.9375], "texture": "#5"},
				"down": {"uv": [15, 5, 15.9375, 5.9375], "texture": "#5"}
			}
		},
		{
			"from": [7.54276, 8.6214, 11.94788],
			"to": [8.34276, 8.9214, 12.33538],
			"faces": {
				"north": {"uv": [15, 5, 15.9375, 5.9375], "texture": "#5"},
				"east": {"uv": [15, 5, 15.9375, 5.9375], "texture": "#5"},
				"south": {"uv": [15, 5, 15.9375, 5.9375], "texture": "#5"},
				"west": {"uv": [15, 5, 15.9375, 5.9375], "texture": "#5"},
				"up": {"uv": [15, 5, 15.9375, 5.9375], "texture": "#5"},
				"down": {"uv": [15, 5, 15.9375, 5.9375], "texture": "#5"}
			}
		},
		{
			"from": [7.74308, 9.0716, 12.26038],
			"to": [7.80558, 9.1341, 12.30414],
			"faces": {
				"north": {"uv": [0.1, 0, 0, 0.2], "texture": "#3"},
				"east": {"uv": [0.1, 0, 0, 0.2], "texture": "#3"},
				"south": {"uv": [0.1, 0, 0, 0.2], "texture": "#3"},
				"west": {"uv": [0.1, 0, 0, 0.2], "texture": "#3"},
				"up": {"uv": [0.1, 0, 0, 0.2], "texture": "#3"},
				"down": {"uv": [0.1, 0, 0, 0.2], "texture": "#3"}
			}
		},
		{
			"from": [8.04276, 8.7464, 12.07288],
			"to": [8.21776, 9.1714, 12.27288],
			"faces": {
				"north": {"uv": [15, 5, 15.9375, 5.9375], "texture": "#5"},
				"east": {"uv": [15, 5, 15.9375, 5.9375], "texture": "#5"},
				"south": {"uv": [15, 5, 15.9375, 5.9375], "texture": "#5"},
				"west": {"uv": [15, 5, 15.9375, 5.9375], "texture": "#5"},
				"up": {"uv": [15, 5, 15.9375, 5.9375], "texture": "#5"},
				"down": {"uv": [15, 5, 15.9375, 5.9375], "texture": "#5"}
			}
		},
		{
			"from": [7.66776, 8.7464, 12.07288],
			"to": [7.84276, 9.1714, 12.27288],
			"faces": {
				"north": {"uv": [15, 5, 15.9375, 5.9375], "texture": "#5"},
				"east": {"uv": [15, 5, 15.9375, 5.9375], "texture": "#5"},
				"south": {"uv": [15, 5, 15.9375, 5.9375], "texture": "#5"},
				"west": {"uv": [15, 5, 15.9375, 5.9375], "texture": "#5"},
				"up": {"uv": [15, 5, 15.9375, 5.9375], "texture": "#5"},
				"down": {"uv": [15, 5, 15.9375, 5.9375], "texture": "#5"}
			}
		},
		{
			"from": [8.08682, 9.0716, 12.26038],
			"to": [8.14932, 9.1341, 12.30414],
			"faces": {
				"north": {"uv": [0.1, 0, 0, 0.2], "texture": "#3"},
				"east": {"uv": [0.1, 0, 0, 0.2], "texture": "#3"},
				"south": {"uv": [0.1, 0, 0, 0.2], "texture": "#3"},
				"west": {"uv": [0.1, 0, 0, 0.2], "texture": "#3"},
				"up": {"uv": [0.1, 0, 0, 0.2], "texture": "#3"},
				"down": {"uv": [0.1, 0, 0, 0.2], "texture": "#3"}
			}
		},
		{
			"from": [7.89932, 8.9466, 5.26038],
			"to": [7.99308, 9.04036, 5.80414],
			"faces": {
				"north": {"uv": [0.1, 0, 0, 0.2], "texture": "#3"},
				"east": {"uv": [0.1, 0, 0, 0.2], "texture": "#3"},
				"south": {"uv": [0.1, 0, 0, 0.2], "texture": "#3"},
				"west": {"uv": [0.1, 0, 0, 0.2], "texture": "#3"},
				"up": {"uv": [0.1, 0, 0, 0.2], "texture": "#3"},
				"down": {"uv": [0.1, 0, 0, 0.2], "texture": "#3"}
			}
		},
		{
			"from": [7.47276, 3.24953, 9.80413],
			"to": [8.41276, 7.47453, 11.73538],
			"rotation": {"angle": -22.5, "axis": "x", "origin": [7.94276, 3.24953, 10.20413]},
			"faces": {
				"north": {"uv": [0, 4.25, 0.93974, 8.47433], "texture": "#5"},
				"east": {"uv": [0, 4.225, 1.74375, 0], "rotation": 180, "texture": "#5"},
				"south": {"uv": [0, 3.5, 0.93974, 7.72433], "texture": "#5"},
				"west": {"uv": [0, 0, 1.74375, 4.225], "texture": "#5"},
				"up": {"uv": [9.25, 3.25, 16, 3.75], "texture": "#5"},
				"down": {"uv": [7, 4, 7.88728, 6.11161], "texture": "#3"}
			}
		},
		{
			"from": [7.41526, 6.94328, 3.75413],
			"to": [7.59526, 7.68328, 11.07601],
			"faces": {
				"north": {"uv": [10.25, 0, 10.61719, 0.73996], "texture": "#5"},
				"east": {"uv": [7.5, 0, 15.07143, 0.73996], "texture": "#5"},
				"south": {"uv": [2, 0, 1, 1], "texture": "#3"},
				"west": {"uv": [7.5, 0, 15.07143, 0.73996], "texture": "#5"},
				"up": {"uv": [10.25, 0, 10.61719, 0.73996], "texture": "#5"},
				"down": {"uv": [7.5, 0, 15.07143, 0.73996], "rotation": 90, "texture": "#5"}
			}
		},
		{
			"from": [7.47776, 5.2539, 9.91226],
			"to": [8.40776, 7.37266, 10.52726],
			"rotation": {"angle": 22.5, "axis": "x", "origin": [7.94276, 6.56328, 9.71976]},
			"faces": {
				"north": {"uv": [2, 0, 1, 1], "rotation": 180, "texture": "#3"},
				"east": {"uv": [9.5, 0, 11.61831, 0.61496], "rotation": 90, "texture": "#5"},
				"south": {"uv": [9.5, 0, 11.61831, 0.61496], "rotation": 90, "texture": "#5"},
				"west": {"uv": [9.5, 0, 11.61831, 0.61496], "texture": "#5"},
				"up": {"uv": [14, 0, 14.36719, 0.73996], "texture": "#5"},
				"down": {"uv": [2, 0, 1, 1], "rotation": 180, "texture": "#3"}
			}
		},
		{
			"from": [7.49339, 6.31828, 9.22288],
			"to": [8.39214, 6.93328, 11.34164],
			"rotation": {"angle": -22.5, "axis": "x", "origin": [7.94276, 6.56328, 9.71976]},
			"faces": {
				"north": {"uv": [2, 0, 1, 1], "texture": "#3"},
				"east": {"uv": [9.5, 0, 11.61831, 0.61496], "texture": "#5"},
				"south": {"uv": [14, 0, 14.36719, 0.73996], "texture": "#5"},
				"west": {"uv": [9.5, 0, 11.61831, 0.61496], "texture": "#5"},
				"up": {"uv": [9.25, 3.25, 16, 3.75], "texture": "#5"},
				"down": {"uv": [14, 0, 14.36719, 0.73996], "texture": "#5"}
			}
		},
		{
			"from": [7.41526, 6.94328, 11.06663],
			"to": [7.78276, 8.05828, 11.32601],
			"faces": {
				"north": {"uv": [14, 0, 14.36719, 0.73996], "texture": "#5"},
				"east": {"uv": [14, 0, 14.36719, 0.73996], "texture": "#5"},
				"south": {"uv": [14, 0, 14.36719, 0.73996], "texture": "#5"},
				"west": {"uv": [14, 0, 14.36719, 0.73996], "texture": "#5"},
				"up": {"uv": [14, 0, 14.36719, 0.73996], "texture": "#5"},
				"down": {"uv": [14, 0, 14.36719, 0.73996], "rotation": 90, "texture": "#5"}
			}
		},
		{
			"from": [8.10276, 6.94328, 11.06663],
			"to": [8.47026, 8.05828, 11.32601],
			"faces": {
				"north": {"uv": [14, 0, 14.36719, 0.73996], "texture": "#5"},
				"east": {"uv": [14, 0, 14.36719, 0.73996], "texture": "#5"},
				"south": {"uv": [14, 0, 14.36719, 0.73996], "texture": "#5"},
				"west": {"uv": [14, 0, 14.36719, 0.73996], "texture": "#5"},
				"up": {"uv": [14, 0, 14.36719, 0.73996], "texture": "#5"},
				"down": {"uv": [14, 0, 14.36719, 0.73996], "rotation": 90, "texture": "#5"}
			}
		},
		{
			"from": [7.74339, 6.94328, 11.06663],
			"to": [8.11089, 7.18328, 11.32601],
			"faces": {
				"north": {"uv": [14, 0, 14.36719, 0.73996], "texture": "#5"},
				"east": {"uv": [14, 0, 14.36719, 0.73996], "texture": "#5"},
				"south": {"uv": [14, 0, 14.36719, 0.73996], "texture": "#5"},
				"west": {"uv": [14, 0, 14.36719, 0.73996], "texture": "#5"},
				"up": {"uv": [14, 0, 14.36719, 0.73996], "texture": "#5"},
				"down": {"uv": [14, 0, 14.36719, 0.73996], "rotation": 90, "texture": "#5"}
			}
		},
		{
			"from": [8.29026, 6.94328, 3.75413],
			"to": [8.47026, 7.68328, 11.07601],
			"faces": {
				"north": {"uv": [10.25, 0, 10.61719, 0.73996], "texture": "#5"},
				"east": {"uv": [7.5, 0, 15.07143, 0.73996], "texture": "#5"},
				"south": {"uv": [2, 0, 1, 1], "texture": "#3"},
				"west": {"uv": [7.5, 0, 15.07143, 0.73996], "texture": "#5"},
				"up": {"uv": [10.25, 0, 10.61719, 0.73996], "texture": "#5"},
				"down": {"uv": [7.5, 0, 14.82143, 0.73996], "rotation": 90, "texture": "#5"}
			}
		},
		{
			"from": [7.58714, 6.94328, 3.75413],
			"to": [8.29839, 7.05828, 11.07601],
			"faces": {
				"north": {"uv": [11.5, 0, 11.83594, 0.30246], "texture": "#5"},
				"east": {"uv": [7.5, 0, 15.07143, 0.73996], "texture": "#5"},
				"south": {"uv": [2, 0, 1, 1], "texture": "#3"},
				"west": {"uv": [7.5, 0, 15.07143, 0.73996], "texture": "#5"},
				"up": {"uv": [10.25, 0, 10.61719, 0.73996], "texture": "#5"},
				"down": {"uv": [7.5, 0, 14.82143, 0.73996], "rotation": 90, "texture": "#5"}
			}
		},
		{
			"from": [7.57151, 7.75578, 3.56663],
			"to": [8.32151, 8.50578, 8.06663],
			"faces": {
				"north": {"uv": [2, 1.25, 5.5, 4.75], "texture": "#5"},
				"east": {"uv": [9.25, 3.25, 16, 3.75], "texture": "#5"},
				"south": {"uv": [14, 0, 14.36719, 0.73996], "texture": "#5"},
				"west": {"uv": [9.25, 3.25, 16, 3.75], "texture": "#5"},
				"up": {"uv": [9.25, 3.25, 16, 3.75], "texture": "#5"},
				"down": {"uv": [9.25, 3.25, 16, 3.75], "texture": "#5"}
			}
		},
		{
			"from": [7.35276, 7.44328, 4.926],
			"to": [7.60276, 8.38078, 12.551],
			"faces": {
				"north": {"uv": [15, 5, 15.9375, 5.9375], "texture": "#5"},
				"east": {"uv": [9.25, 3.25, 16, 3.75], "texture": "#5"},
				"south": {"uv": [15, 5, 15.9375, 5.9375], "texture": "#5"},
				"west": {"uv": [8.25, 1.75, 15.85936, 2.6875], "texture": "#5"},
				"up": {"uv": [9.25, 3.25, 16, 3.75], "texture": "#5"},
				"down": {"uv": [9.25, 3.25, 16, 3.75], "texture": "#5"}
			}
		},
		{
			"from": [8.22776, 7.44328, 8.176],
			"to": [8.54026, 7.94328, 9.31663],
			"faces": {
				"north": {"uv": [9.25, 3.25, 16, 3.75], "texture": "#5"},
				"east": {"uv": [11.5, 2, 12.64063, 2.5], "texture": "#5"},
				"south": {"uv": [9.25, 3.25, 16, 3.75], "texture": "#5"},
				"west": {"uv": [8.25, 1.75, 15.85936, 2.6875], "texture": "#5"},
				"up": {"uv": [9.25, 3.25, 16, 3.75], "texture": "#5"},
				"down": {"uv": [9.25, 3.25, 16, 3.75], "texture": "#5"}
			}
		},
		{
			"from": [7.47776, 7.44328, 4.926],
			"to": [8.41526, 8.38078, 5.051],
			"faces": {
				"north": {"uv": [15, 5, 15.9375, 5.9375], "texture": "#5"},
				"east": {"uv": [9.25, 3.25, 16, 3.75], "texture": "#5"},
				"south": {"uv": [14, 0, 14.36719, 0.73996], "texture": "#5"},
				"west": {"uv": [8.25, 1.75, 15.85936, 2.6875], "texture": "#5"},
				"up": {"uv": [9.25, 3.25, 16, 3.75], "texture": "#5"},
				"down": {"uv": [9.25, 3.25, 16, 3.75], "texture": "#5"}
			}
		},
		{
			"from": [7.58714, 7.05265, 4.94163],
			"to": [8.30589, 7.44328, 5.1135],
			"faces": {
				"north": {"uv": [15, 5, 15.9375, 5.9375], "texture": "#5"},
				"east": {"uv": [9.25, 3.25, 16, 3.75], "texture": "#5"},
				"south": {"uv": [14, 0, 14.36719, 0.73996], "texture": "#5"},
				"west": {"uv": [8.25, 1.75, 15.85936, 2.6875], "texture": "#5"},
				"up": {"uv": [9.25, 3.25, 16, 3.75], "texture": "#5"},
				"down": {"uv": [9.25, 3.25, 16, 3.75], "texture": "#5"}
			}
		},
		{
			"from": [8.22776, 7.44328, 9.31663],
			"to": [8.54026, 8.38078, 12.551],
			"faces": {
				"north": {"uv": [9.25, 3.25, 16, 3.75], "texture": "#5"},
				"east": {"uv": [10, 1.75, 13.23438, 2.6875], "texture": "#5"},
				"south": {"uv": [15, 5, 15.9375, 5.9375], "texture": "#5"},
				"west": {"uv": [8.25, 1.75, 15.85936, 2.6875], "texture": "#5"},
				"up": {"uv": [9.25, 3.25, 16, 3.75], "texture": "#5"},
				"down": {"uv": [9.25, 3.25, 16, 3.75], "texture": "#5"}
			}
		},
		{
			"from": [8.22776, 7.44328, 4.926],
			"to": [8.54026, 8.38078, 8.176],
			"faces": {
				"north": {"uv": [15, 5, 15.9375, 5.9375], "texture": "#5"},
				"east": {"uv": [9.75, 1.75, 12.98438, 2.6875], "texture": "#5"},
				"south": {"uv": [9.25, 3.25, 16, 3.75], "texture": "#5"},
				"west": {"uv": [8.25, 1.75, 15.85936, 2.6875], "texture": "#5"},
				"up": {"uv": [9.25, 3.25, 16, 3.75], "texture": "#5"},
				"down": {"uv": [9.25, 3.25, 16, 3.75], "texture": "#5"}
			}
		},
		{
			"from": [7.54026, 7.80265, 6.81663],
			"to": [8.33714, 8.69328, 8.12913],
			"faces": {
				"north": {"uv": [3.25, 2.25, 4.5625, 2.89063], "texture": "#5"},
				"east": {"uv": [3.25, 2.25, 4.5625, 2.89063], "texture": "#5"},
				"south": {"uv": [3.25, 2.25, 4.5625, 2.89063], "texture": "#5"},
				"west": {"uv": [3.25, 2.25, 4.5625, 2.89063], "texture": "#5"},
				"up": {"uv": [3.25, 2.25, 4.5625, 2.89063], "texture": "#5"},
				"down": {"uv": [3.25, 2.25, 4.5625, 2.89063], "texture": "#5"}
			}
		},
		{
			"from": [8.02464, 8.38078, 4.926],
			"to": [8.35276, 8.81828, 8.176],
			"rotation": {"angle": 22.5, "axis": "z", "origin": [8.47776, 8.84953, 6.55882]},
			"faces": {
				"north": {"uv": [15, 5, 15.9375, 5.9375], "texture": "#5"},
				"east": {"uv": [9.75, 2, 12.98438, 2.4375], "texture": "#5"},
				"south": {"uv": [9.25, 3.25, 16, 3.75], "texture": "#5"},
				"west": {"uv": [8.25, 1.75, 15.85936, 2.6875], "texture": "#5"},
				"up": {"uv": [9.75, 2, 12.98438, 2.4375], "texture": "#5"},
				"down": {"uv": [9.25, 3.25, 16, 3.75], "texture": "#5"}
			}
		},
		{
			"from": [8.04026, 8.38078, 9.31663],
			"to": [8.35276, 8.81828, 12.551],
			"rotation": {"angle": 22.5, "axis": "z", "origin": [8.47776, 8.84953, 6.55882]},
			"faces": {
				"north": {"uv": [9.25, 3.25, 16, 3.75], "texture": "#5"},
				"east": {"uv": [9.75, 2, 12.98438, 2.4375], "texture": "#5"},
				"south": {"uv": [15, 5, 15.9375, 5.9375], "texture": "#5"},
				"west": {"uv": [8.25, 1.75, 15.85936, 2.6875], "texture": "#5"},
				"up": {"uv": [9.75, 2, 12.98438, 2.4375], "texture": "#5"},
				"down": {"uv": [9.25, 3.25, 16, 3.75], "texture": "#5"}
			}
		},
		{
			"from": [7.55349, 8.34953, 4.926],
			"to": [7.80349, 8.78703, 12.551],
			"rotation": {"angle": -22.5, "axis": "z", "origin": [7.52224, 8.84953, 6.55882]},
			"faces": {
				"north": {"uv": [15, 5, 15.9375, 5.9375], "texture": "#5"},
				"east": {"uv": [9.25, 3.25, 16, 3.75], "texture": "#5"},
				"south": {"uv": [15, 5, 15.9375, 5.9375], "texture": "#5"},
				"west": {"uv": [8.25, 2, 15.875, 2.4375], "texture": "#5"},
				"up": {"uv": [12.98438, 2, 9.75, 2.4375], "rotation": 90, "texture": "#5"},
				"down": {"uv": [16, 3.25, 9.25, 3.75], "texture": "#5"}
			}
		},
		{
			"from": [7.53786, 8.59953, 4.926],
			"to": [8.36599, 8.7714, 8.176],
			"faces": {
				"north": {"uv": [15, 5, 15.9375, 5.9375], "texture": "#5"},
				"east": {"uv": [12.98438, 2, 9.75, 2.4375], "rotation": 270, "texture": "#5"},
				"south": {"uv": [16, 3.25, 9.25, 3.75], "rotation": 90, "texture": "#5"},
				"west": {"uv": [16, 3.25, 9.25, 3.75], "rotation": 270, "texture": "#5"},
				"up": {"uv": [12.98438, 2, 9.75, 2.4375], "rotation": 90, "texture": "#5"},
				"down": {"uv": [15.85936, 1.75, 8.25, 2.6875], "rotation": 270, "texture": "#5"}
			}
		},
		{
			"from": [7.47776, 8.38078, 4.926],
			"to": [8.39964, 8.63078, 5.051],
			"faces": {
				"north": {"uv": [15, 5, 15.9375, 5.9375], "texture": "#5"},
				"east": {"uv": [9.25, 3.25, 16, 3.75], "texture": "#5"},
				"south": {"uv": [14, 0, 14.36719, 0.73996], "texture": "#5"},
				"west": {"uv": [8.25, 1.75, 15.85936, 2.6875], "texture": "#5"},
				"up": {"uv": [9.25, 3.25, 16, 3.75], "texture": "#5"},
				"down": {"uv": [9.25, 3.25, 16, 3.75], "texture": "#5"}
			}
		},
		{
			"from": [7.53786, 8.6464, 9.31663],
			"to": [8.36599, 8.7714, 12.551],
			"faces": {
				"north": {"uv": [9.25, 3.25, 16, 3.75], "texture": "#5"},
				"east": {"uv": [12.98438, 2, 9.75, 2.4375], "rotation": 270, "texture": "#5"},
				"south": {"uv": [15, 5, 15.9375, 5.9375], "texture": "#5"},
				"west": {"uv": [16, 3.25, 9.25, 3.75], "rotation": 270, "texture": "#5"},
				"up": {"uv": [12.98438, 2, 9.75, 2.4375], "rotation": 90, "texture": "#5"},
				"down": {"uv": [15.85936, 1.75, 8.25, 2.6875], "rotation": 270, "texture": "#5"}
			}
		},
		{
			"from": [7.55526, 7.19328, 11.97288],
			"to": [8.26776, 8.57453, 12.15725],
			"rotation": {"angle": 22.5, "axis": "x", "origin": [7.91151, 8.0714, 12.50257]},
			"faces": {
				"north": {"uv": [0, 0.3, 0.2, 0], "rotation": 90, "texture": "#4"},
				"east": {"uv": [0, 0.3, 0.1, 0], "rotation": 90, "texture": "#4"},
				"south": {"uv": [15, 5, 15.9375, 5.9375], "texture": "#5"},
				"west": {"uv": [0, 0.3, 0.1, 0], "rotation": 90, "texture": "#4"},
				"up": {"uv": [0, 0.1, 0.2, 0], "rotation": 90, "texture": "#4"},
				"down": {"uv": [0, 0.1, 0.2, 0], "rotation": 90, "texture": "#4"}
			}
		},
		{
			"from": [7.74276, 7.19328, 11.22288],
			"to": [8.14276, 8.44953, 11.53225],
			"rotation": {"angle": 45, "axis": "x", "origin": [7.91151, 8.0714, 11.25257]},
			"faces": {
				"north": {"uv": [0.25, 15, 1.1875, 15.9375], "texture": "#5"},
				"east": {"uv": [0.25, 15, 1.1875, 15.9375], "texture": "#5"},
				"south": {"uv": [0.25, 15, 1.1875, 15.9375], "texture": "#5"},
				"west": {"uv": [0.25, 15, 1.1875, 15.9375], "texture": "#5"},
				"up": {"uv": [0.25, 15, 1.1875, 15.9375], "texture": "#5"},
				"down": {"uv": [0, 0.1, 0.2, 0], "rotation": 90, "texture": "#4"}
			}
		}
	],
	"display": {
		"thirdperson_righthand": {
			"rotation": [0, -15, 0],
			"translation": [0.5, 1.25, 0.25],
			"scale": [0.75, 0.75, 0.75]
		},
		"thirdperson_lefthand": {
			"translation": [0.5, 1.25, 0.25],
			"scale": [0.75, 0.75, 0.75]
		},
		"firstperson_righthand": {
			"rotation": [6, 3, 0],
			"translation": [10.5, 5.5, 2],
			"scale": [0.75, 0.75, 0.75]
		},
		"firstperson_lefthand": {
			"rotation": [6, 3, 0],
			"translation": [7.5, 3, 2]
		},
		"ground": {
			"translation": [0, 4, 0]
		},
		"gui": {
			"rotation": [90, 50, -90],
			"translation": [0.5, 1.75, 0],
			"scale": [1.1, 1.1, 1.1]
		},
		"fixed": {
			"rotation": [90, 50, -90],
			"translation": [1.5, 2.5, 0],
			"scale": [1.75, 1.75, 1.75]
		}
	}
}