{
	"credit": "Made with Blockbench",
	"textures": {
		"0": "item/guns/pistol_1",
		"particle": "item/guns/pistol_1"
	},
	"elements": [
		{
			"from": [7.45, 4.45, 11],
			"to": [8.55, 4.85, 13.1875],
			"faces": {
				"north": {"uv": [9.25, 0, 11.61161, 0.5], "texture": "#0"},
				"east": {"uv": [9.25, 0, 11.61161, 0.5], "texture": "#0"},
				"south": {"uv": [9.25, 0, 11.61161, 0.5], "texture": "#0"},
				"west": {"uv": [9.25, 0, 11.61161, 0.5], "texture": "#0"},
				"up": {"uv": [9.25, 0, 11.61161, 0.5], "texture": "#0"},
				"down": {"uv": [9.25, 0, 11.61161, 0.5], "texture": "#0"}
			}
		},
		{
			"from": [7.85, 3.65, 9.1],
			"to": [8.15, 3.85, 11.6],
			"faces": {
				"north": {"uv": [9.25, 0, 11.61161, 0.5], "texture": "#0"},
				"east": {"uv": [9.25, 0, 11.61161, 0.5], "texture": "#0"},
				"south": {"uv": [9.25, 0, 11.61161, 0.5], "texture": "#0"},
				"west": {"uv": [9.25, 0, 11.61161, 0.5], "texture": "#0"},
				"up": {"uv": [9.25, 0, 11.61161, 0.5], "texture": "#0"},
				"down": {"uv": [9.25, 0, 11.61161, 0.5], "texture": "#0"}
			}
		},
		{
			"from": [7.8625, 4.85, 10.8],
			"to": [8.1375, 5.45, 11],
			"rotation": {"angle": 22.5, "axis": "x", "origin": [8, 4.75, 10.1]},
			"faces": {
				"north": {"uv": [2, 4.25, 2.19978, 4.84933], "rotation": 90, "texture": "#0"},
				"east": {"uv": [2, 4.25, 2.19978, 4.84933], "rotation": 90, "texture": "#0"},
				"south": {"uv": [2, 4.25, 2.19978, 4.84933], "rotation": 90, "texture": "#0"},
				"west": {"uv": [2, 4.25, 2.19978, 4.84933], "rotation": 90, "texture": "#0"},
				"up": {"uv": [2, 4.25, 2.19978, 4.84933], "rotation": 90, "texture": "#0"},
				"down": {"uv": [2, 4.25, 2.19978, 4.84933], "rotation": 90, "texture": "#0"}
			}
		},
		{
			"from": [7.85, 3.75, 9.1125],
			"to": [8.15, 4.95, 9.3125],
			"faces": {
				"north": {"uv": [9.25, 0, 11.61161, 0.5], "rotation": 270, "texture": "#0"},
				"east": {"uv": [9.25, 0, 11.61161, 0.5], "rotation": 270, "texture": "#0"},
				"south": {"uv": [9.25, 0, 11.61161, 0.5], "rotation": 270, "texture": "#0"},
				"west": {"uv": [9.25, 0, 11.61161, 0.5], "texture": "#0"},
				"up": {"uv": [9.25, 0, 11.61161, 0.5], "rotation": 270, "texture": "#0"},
				"down": {"uv": [9.25, 0, 11.61161, 0.5], "rotation": 270, "texture": "#0"}
			}
		},
		{
			"from": [7.46875, 4.85, 7.5],
			"to": [8.46875, 5.35, 11.8],
			"faces": {
				"north": {"uv": [9.25, 0, 11.61161, 0.5], "texture": "#0"},
				"east": {"uv": [9.25, 0, 11.61161, 0.5], "texture": "#0"},
				"south": {"uv": [9.25, 0, 11.61161, 0.5], "texture": "#0"},
				"west": {"uv": [9.25, 0, 11.61161, 0.5], "texture": "#0"},
				"up": {"uv": [9.25, 0, 11.61161, 0.5], "texture": "#0"},
				"down": {"uv": [9.25, 0, 11.61161, 0.5], "texture": "#0"}
			}
		},
		{
			"from": [7.53, 1.25, 12.6],
			"to": [8.47, 5.475, 14.375],
			"rotation": {"angle": -22.5, "axis": "x", "origin": [8, 1.25, 13]},
			"faces": {
				"north": {"uv": [0, 0, 16, 16], "texture": "#6"},
				"east": {"uv": [0, 0, 16, 16], "texture": "#6"},
				"south": {"uv": [0, 0, 16, 16], "texture": "#6"},
				"west": {"uv": [2, 5.25, 3.77456, 9.47433], "texture": "#0"},
				"up": {"uv": [0, 0, 16, 16], "texture": "#6"},
				"down": {"uv": [0, 0, 16, 16], "texture": "#6"}
			}
		},
		{
			"from": [7.8625, 3.9743, 10.38604],
			"to": [8.1375, 4.5743, 10.58604],
			"rotation": {"angle": 45, "axis": "x", "origin": [8, 4.0743, 10.68604]},
			"faces": {
				"north": {"uv": [2, 4.25, 2.19978, 4.84933], "rotation": 90, "texture": "#0"},
				"east": {"uv": [2, 4.25, 2.19978, 4.84933], "rotation": 90, "texture": "#0"},
				"south": {"uv": [2, 4.25, 2.19978, 4.84933], "rotation": 90, "texture": "#0"},
				"west": {"uv": [2, 4.25, 2.19978, 4.84933], "rotation": 90, "texture": "#0"},
				"up": {"uv": [2, 4.25, 2.19978, 4.84933], "rotation": 90, "texture": "#0"},
				"down": {"uv": [2, 4.25, 2.19978, 4.84933], "rotation": 90, "texture": "#0"}
			}
		},
		{
			"from": [7.9, 6.2, 5.8],
			"to": [8.1, 6.7, 6.4],
			"rotation": {"angle": 45, "axis": "x", "origin": [8, 6.65, 5.9]},
			"faces": {
				"north": {"uv": [1, 1, 1.675, 1.675], "texture": "#0"},
				"east": {"uv": [1, 1, 1.675, 1.675], "texture": "#0"},
				"south": {"uv": [1, 1, 1.675, 1.675], "texture": "#0"},
				"west": {"uv": [1, 1, 1.675, 1.675], "texture": "#0"},
				"up": {"uv": [1, 1, 1.675, 1.675], "texture": "#0"},
				"down": {"uv": [1, 1, 1.675, 1.675], "texture": "#0"}
			}
		},
		{
			"from": [7.6, 6.2, 12.0875],
			"to": [8.4, 6.5, 12.6625],
			"faces": {
				"north": {"uv": [1, 1, 1.675, 1.675], "texture": "#0"},
				"east": {"uv": [1, 1, 1.675, 1.675], "texture": "#0"},
				"south": {"uv": [1, 1, 1.675, 1.675], "texture": "#0"},
				"west": {"uv": [1, 1, 1.675, 1.675], "texture": "#0"},
				"up": {"uv": [1, 1, 1.675, 1.675], "texture": "#0"},
				"down": {"uv": [1, 1, 1.675, 1.675], "texture": "#0"}
			}
		},
		{
			"from": [7.35, 5.25, 11.4],
			"to": [8.65, 5.65, 12],
			"faces": {
				"north": {"uv": [2, 4.25, 2.19978, 4.84933], "rotation": 90, "texture": "#0"},
				"east": {"uv": [2, 4.25, 2.19978, 4.84933], "rotation": 90, "texture": "#0"},
				"south": {"uv": [2, 4.25, 2.19978, 4.84933], "rotation": 90, "texture": "#0"},
				"west": {"uv": [2, 4.25, 2.19978, 4.84933], "rotation": 90, "texture": "#0"},
				"up": {"uv": [2, 4.25, 2.19978, 4.84933], "rotation": 90, "texture": "#0"},
				"down": {"uv": [2, 4.25, 2.19978, 4.84933], "rotation": 90, "texture": "#0"}
			}
		},
		{
			"from": [7.41, 4.85, 11.8],
			"to": [8.59, 5.59, 13.79376],
			"faces": {
				"north": {"uv": [9.25, 0, 11.61161, 0.5], "texture": "#0"},
				"east": {"uv": [9.25, 0, 11.61161, 0.5], "texture": "#0"},
				"south": {"uv": [9.25, 0, 11.61161, 0.5], "texture": "#0"},
				"west": {"uv": [9.25, 0, 11.61161, 0.5], "texture": "#0"},
				"up": {"uv": [9.25, 0, 11.61161, 0.5], "texture": "#0"},
				"down": {"uv": [9.25, 0, 11.61161, 0.5], "texture": "#0"}
			}
		},
		{
			"from": [7.81594, 6.66583, 12.5875],
			"to": [7.87844, 6.72833, 12.63126],
			"faces": {
				"north": {"uv": [15.85, 0, 15.75, 0.2], "texture": "#0"},
				"east": {"uv": [15.85, 0, 15.75, 0.2], "texture": "#0"},
				"south": {"uv": [15.85, 0, 15.75, 0.2], "texture": "#0"},
				"west": {"uv": [15.85, 0, 15.75, 0.2], "texture": "#0"},
				"up": {"uv": [15.85, 0, 15.75, 0.2], "texture": "#0"},
				"down": {"uv": [15.85, 0, 15.75, 0.2], "texture": "#0"}
			}
		},
		{
			"from": [8.1, 6.325, 12.4],
			"to": [8.275, 6.75, 12.6],
			"faces": {
				"north": {"uv": [1, 1, 1.675, 1.675], "texture": "#0"},
				"east": {"uv": [1, 1, 1.675, 1.675], "texture": "#0"},
				"south": {"uv": [1, 1, 1.675, 1.675], "texture": "#0"},
				"west": {"uv": [1, 1, 1.675, 1.675], "texture": "#0"},
				"up": {"uv": [1, 1, 1.675, 1.675], "texture": "#0"},
				"down": {"uv": [1, 1, 1.675, 1.675], "texture": "#0"}
			}
		},
		{
			"from": [7.725, 6.325, 12.4],
			"to": [7.9, 6.75, 12.6],
			"faces": {
				"north": {"uv": [1, 1, 1.675, 1.675], "texture": "#0"},
				"east": {"uv": [1, 1, 1.675, 1.675], "texture": "#0"},
				"south": {"uv": [1, 1, 1.675, 1.675], "texture": "#0"},
				"west": {"uv": [1, 1, 1.675, 1.675], "texture": "#0"},
				"up": {"uv": [1, 1, 1.675, 1.675], "texture": "#0"},
				"down": {"uv": [1, 1, 1.675, 1.675], "texture": "#0"}
			}
		},
		{
			"from": [8.11281, 6.66583, 12.5875],
			"to": [8.17531, 6.72833, 12.63126],
			"faces": {
				"north": {"uv": [15.85, 0, 15.75, 0.2], "texture": "#0"},
				"east": {"uv": [15.85, 0, 15.75, 0.2], "texture": "#0"},
				"south": {"uv": [15.85, 0, 15.75, 0.2], "texture": "#0"},
				"west": {"uv": [15.85, 0, 15.75, 0.2], "texture": "#0"},
				"up": {"uv": [15.85, 0, 15.75, 0.2], "texture": "#0"},
				"down": {"uv": [15.85, 0, 15.75, 0.2], "texture": "#0"}
			}
		},
		{
			"from": [7.95656, 6.5252, 5.5875],
			"to": [8.05032, 6.61896, 6.13126],
			"faces": {
				"north": {"uv": [15.85, 0, 15.75, 0.2], "texture": "#0"},
				"east": {"uv": [15.85, 0, 15.75, 0.2], "texture": "#0"},
				"south": {"uv": [15.85, 0, 15.75, 0.2], "texture": "#0"},
				"west": {"uv": [15.85, 0, 15.75, 0.2], "texture": "#0"},
				"up": {"uv": [15.85, 0, 15.75, 0.2], "texture": "#0"},
				"down": {"uv": [15.85, 0, 15.75, 0.2], "texture": "#0"}
			}
		},
		{
			"from": [7.46875, 5.40625, 5],
			"to": [8.46875, 6.42188, 13.875],
			"faces": {
				"north": {"uv": [2, 3, 3, 4.01563], "texture": "#0"},
				"east": {"uv": [0, 0, 8.25, 1.01563], "texture": "#0"},
				"south": {"uv": [1, 3, 2, 4.01563], "texture": "#0"},
				"west": {"uv": [1, 2, 9.25, 3.01563], "texture": "#0"},
				"up": {"uv": [0, 0.5, 1, 8.75], "texture": "#0"},
				"down": {"uv": [1, 4, 2, 12.25], "texture": "#0"}
			}
		},
		{
			"from": [7.71875, 5.15625, 5.1875],
			"to": [8.15625, 5.48438, 13],
			"faces": {
				"north": {"uv": [8.5, 0, 9.3125, 0.82813], "texture": "#0"},
				"east": {"uv": [8.5, 0, 9.3125, 0.82813], "texture": "#0"},
				"south": {"uv": [8.5, 0, 9.3125, 0.82813], "texture": "#0"},
				"west": {"uv": [8.5, 0, 9.3125, 0.82813], "texture": "#0"},
				"up": {"uv": [8.5, 0, 9.3125, 0.82813], "texture": "#0"},
				"down": {"uv": [8.5, 0, 9.3125, 0.82813], "texture": "#0"}
			}
		},
		{
			"from": [7.59375, 4.85, 5.14063],
			"to": [8.34375, 5.35, 7.50313],
			"faces": {
				"north": {"uv": [9.25, 0, 11.61161, 0.5], "texture": "#0"},
				"east": {"uv": [9.25, 0, 11.61161, 0.5], "texture": "#0"},
				"south": {"uv": [9.25, 0, 11.61161, 0.5], "texture": "#0"},
				"west": {"uv": [9.25, 0, 11.61161, 0.5], "texture": "#0"},
				"up": {"uv": [9.25, 0, 11.61161, 0.5], "texture": "#0"},
				"down": {"uv": [9.25, 0, 11.61161, 0.5], "texture": "#0"}
			}
		},
		{
			"from": [7.53, 1.25, 12.6],
			"to": [8.47, 5.475, 14.375],
			"rotation": {"angle": -22.5, "axis": "x", "origin": [8, 1.25, 13]},
			"faces": {
				"north": {"uv": [0, 0, 16, 16], "texture": "#6"},
				"east": {"uv": [0, 0, 16, 16], "texture": "#6"},
				"south": {"uv": [0, 0, 16, 16], "texture": "#6"},
				"west": {"uv": [0, 0, 16, 16], "texture": "#6"},
				"up": {"uv": [0, 0, 16, 16], "texture": "#6"},
				"down": {"uv": [0, 0, 16, 16], "texture": "#6"}
			}
		},
		{
			"from": [7.51437, 1.0625, 12.35],
			"to": [8.48562, 1.77187, 14.28125],
			"faces": {
				"north": {"uv": [0, 0, 16, 16], "texture": "#6"},
				"east": {"uv": [0, 0, 16, 16], "texture": "#6"},
				"south": {"uv": [0, 0, 16, 16], "texture": "#6"},
				"west": {"uv": [12, 0, 13.93081, 0.70871], "rotation": 90, "texture": "#0"},
				"up": {"uv": [0, 0, 16, 16], "texture": "#6"},
				"down": {"uv": [0, 0, 16, 16], "texture": "#6"}
			}
		}
	],
	"display": {
		"thirdperson_righthand": {
			"rotation": [0, -15, 0],
			"translation": [0.5, 9.5, -1.5],
			"scale": [1.5, 1.5, 1.5]
		},
		"thirdperson_lefthand": {
			"translation": [-0.5, 9.5, -1.5],
			"scale": [1.5, 1.5, 1.5]
		},
		"firstperson_righthand": {
			"rotation": [6, 3, 0],
			"translation": [7.5, 11.5, 5]
		},
		"ground": {
			"translation": [0, 4, 0]
		},
		"fixed": {
			"rotation": [90, 50, -90],
			"translation": [7, 10.5, 0],
			"scale": [2, 2, 2]
		},
		"gui": {
			"rotation": [90, 50, -90],
			"translation": [7, 10.5, 0],
			"scale": [2, 2, 2]
		}
	}
}