{
	"credit": "https://www.youtube.com/c/ZeroCaty",
	"textures": {
		"0": "block/anvil",
		"1": "block/red_concrete",
		"2": "block/iron_block",
		"4": "block/white_wool",
		"5": "block/light_gray_concrete",
		"6": "zcbm/weapons/scope",
		"particle": "block/anvil"
	},
	"elements": [
		{
			"from": [7.5, 0.1, 7.5],
			"to": [7.9, 2, 8.5],
			"rotation": {"angle": -22.5, "axis": "x", "origin": [7.8, 0.5, 8]},
			"faces": {
				"north": {"uv": [0, 0, 1, 1.9], "texture": "#0"},
				"east": {"uv": [0, 0, 1, 1.9], "texture": "#0"},
				"south": {"uv": [0, 0, 1, 1.9], "texture": "#0"},
				"west": {"uv": [0, 0, 1, 1.9], "texture": "#0"},
				"up": {"uv": [0, 0, 1, 1.9], "texture": "#0"},
				"down": {"uv": [0, 0, 1, 1.9], "texture": "#0"}
			}
		},
		{
			"from": [7.39, 1.7, 6.8],
			"to": [8.01, 2.3, 8.1],
			"faces": {
				"north": {"uv": [0, 0, 1, 1.9], "texture": "#0"},
				"east": {"uv": [0, 0, 1, 1.9], "texture": "#0"},
				"south": {"uv": [0, 0, 1, 1.9], "texture": "#0"},
				"west": {"uv": [0, 0, 1, 1.9], "texture": "#0"},
				"up": {"uv": [0, 0, 1, 1.9], "texture": "#0"},
				"down": {"uv": [0, 0, 1, 1.9], "texture": "#0"}
			}
		},
		{
			"from": [7.19, 2.3, 2.5],
			"to": [8.21, 3.2, 9.3],
			"faces": {
				"north": {"uv": [0, 0, 6.8, 0.9], "texture": "#1"},
				"east": {"uv": [0, 0, 6.8, 0.9], "texture": "#1"},
				"south": {"uv": [0, 0, 6.8, 0.9], "texture": "#1"},
				"west": {"uv": [0, 0, 6.8, 0.9], "texture": "#1"},
				"up": {"uv": [0, 0, 6.8, 0.9], "texture": "#1"},
				"down": {"uv": [0, 0, 6.8, 0.9], "texture": "#1"}
			}
		},
		{
			"from": [7.21, 3, 2.1],
			"to": [8.19, 4, 2.9],
			"rotation": {"angle": 22.5, "axis": "x", "origin": [7.69, 3.5, 1]},
			"faces": {
				"north": {"uv": [0, 0, 0.98, 1], "texture": "#0"},
				"east": {"uv": [0, 0, 0.98, 1], "texture": "#0"},
				"south": {"uv": [0, 0, 0.98, 1], "texture": "#0"},
				"west": {"uv": [0, 0, 0.98, 1], "texture": "#0"},
				"up": {"uv": [0, 0, 0.98, 1], "texture": "#0"},
				"down": {"uv": [0, 0, 0.98, 1], "texture": "#0"}
			}
		},
		{
			"from": [7.21, 1.9, 9.1],
			"to": [8.19, 2.9, 9.9],
			"rotation": {"angle": -22.5, "axis": "x", "origin": [7.69, 2.4, 8]},
			"faces": {
				"north": {"uv": [0, 0, 0.8, 1], "texture": "#2"},
				"east": {"uv": [0, 0, 0.8, 1], "texture": "#2"},
				"south": {"uv": [0, 0, 0.8, 1], "texture": "#2"},
				"west": {"uv": [0, 0, 0.8, 1], "texture": "#2"},
				"up": {"uv": [0, 0, 0.8, 1], "texture": "#2"},
				"down": {"uv": [0, 0, 0.8, 1], "texture": "#2"}
			}
		},
		{
			"from": [7.79, 3.3, 2.1],
			"to": [8.11, 3.6, 7.3],
			"faces": {
				"north": {"uv": [1, 1, 2.32, 6.2], "texture": "#2"},
				"east": {"uv": [1, 1, 2.32, 6.2], "texture": "#2"},
				"south": {"uv": [1, 1, 2.32, 6.2], "texture": "#2"},
				"west": {"uv": [1, 1, 2.32, 6.2], "texture": "#2"},
				"up": {"uv": [1, 1, 2.32, 6.2], "texture": "#2"},
				"down": {"uv": [1, 1, 2.32, 6.2], "texture": "#2"}
			}
		},
		{
			"from": [7.29, 3.3, 2.1],
			"to": [7.61, 3.6, 7.3],
			"faces": {
				"north": {"uv": [1, 1, 2.32, 6.2], "texture": "#2"},
				"east": {"uv": [1, 1, 2.32, 6.2], "texture": "#2"},
				"south": {"uv": [1, 1, 2.32, 6.2], "texture": "#2"},
				"west": {"uv": [1, 1, 2.32, 6.2], "texture": "#2"},
				"up": {"uv": [1, 1, 2.32, 6.2], "texture": "#2"},
				"down": {"uv": [1, 1, 2.32, 6.2], "texture": "#2"}
			}
		},
		{
			"from": [7.99, 3.6, 2.2],
			"to": [8.11, 3.9, 2.4],
			"faces": {
				"north": {"uv": [0, 0, 0.12, 0.3], "texture": "#0"},
				"east": {"uv": [0, 0, 0.12, 0.3], "texture": "#0"},
				"south": {"uv": [0, 0, 0.12, 0.3], "texture": "#0"},
				"west": {"uv": [0, 0, 0.12, 0.3], "texture": "#0"},
				"up": {"uv": [0, 0, 0.12, 0.3], "texture": "#0"},
				"down": {"uv": [0, 0, 0.12, 0.3], "texture": "#0"}
			}
		},
		{
			"from": [7.29, 3.6, 2.2],
			"to": [7.41, 3.9, 2.4],
			"faces": {
				"north": {"uv": [0, 0, 0.12, 0.3], "texture": "#0"},
				"east": {"uv": [0, 0, 0.12, 0.3], "texture": "#0"},
				"south": {"uv": [0, 0, 0.12, 0.3], "texture": "#0"},
				"west": {"uv": [0, 0, 0.12, 0.3], "texture": "#0"},
				"up": {"uv": [0, 0, 0.12, 0.3], "texture": "#0"},
				"down": {"uv": [0, 0, 0.12, 0.3], "texture": "#0"}
			}
		},
		{
			"from": [8.09, 3.9, 2.2],
			"to": [8.21, 4.2, 2.4],
			"rotation": {"angle": -22.5, "axis": "z", "origin": [8.15, 4.05, 2.3]},
			"faces": {
				"north": {"uv": [0, 0, 0.12, 0.3], "texture": "#0"},
				"east": {"uv": [0, 0, 0.12, 0.3], "texture": "#0"},
				"south": {"uv": [0, 0, 0.12, 0.3], "texture": "#0"},
				"west": {"uv": [0, 0, 0.12, 0.3], "texture": "#0"},
				"up": {"uv": [0, 0, 0.12, 0.3], "texture": "#0"},
				"down": {"uv": [0, 0, 0.12, 0.3], "texture": "#0"}
			}
		},
		{
			"from": [7.19, 3.9, 2.2],
			"to": [7.31, 4.2, 2.4],
			"rotation": {"angle": 22.5, "axis": "z", "origin": [7.25, 4.05, 2.3]},
			"faces": {
				"north": {"uv": [0, 0, 0.12, 0.3], "texture": "#0"},
				"east": {"uv": [0, 0, 0.12, 0.3], "texture": "#0"},
				"south": {"uv": [0, 0, 0.12, 0.3], "texture": "#0"},
				"west": {"uv": [0, 0, 0.12, 0.3], "texture": "#0"},
				"up": {"uv": [0, 0, 0.12, 0.3], "texture": "#0"},
				"down": {"uv": [0, 0, 0.12, 0.3], "texture": "#0"}
			}
		},
		{
			"from": [7.19, 4.2, 2.2],
			"to": [8.21, 4.3, 2.4],
			"faces": {
				"north": {"uv": [0, 0, 1.02, 0.1], "texture": "#0"},
				"east": {"uv": [0, 0, 1.02, 0.1], "texture": "#0"},
				"south": {"uv": [0, 0, 1.02, 0.1], "texture": "#0"},
				"west": {"uv": [0, 0, 1.02, 0.1], "texture": "#0"},
				"up": {"uv": [0, 0, 1.02, 0.1], "texture": "#0"},
				"down": {"uv": [0, 0, 1.02, 0.1], "texture": "#0"}
			}
		},
		{
			"from": [7.99, 2.6, 1.7],
			"to": [8.11, 2.8, 1.9],
			"faces": {
				"north": {"uv": [0, 0, 0.2, 0.2], "texture": "#0"},
				"east": {"uv": [0, 0, 0.2, 0.2], "texture": "#0"},
				"south": {"uv": [0, 0, 0.2, 0.2], "texture": "#0"},
				"west": {"uv": [0, 0, 0.2, 0.2], "texture": "#0"},
				"up": {"uv": [0, 0, 0.2, 0.2], "texture": "#0"},
				"down": {"uv": [0, 0, 0.2, 0.2], "texture": "#0"}
			}
		},
		{
			"from": [7.29, 2.6, 1.7],
			"to": [7.41, 2.8, 1.9],
			"faces": {
				"north": {"uv": [0, 0, 0.2, 0.2], "texture": "#0"},
				"east": {"uv": [0, 0, 0.2, 0.2], "texture": "#0"},
				"south": {"uv": [0, 0, 0.2, 0.2], "texture": "#0"},
				"west": {"uv": [0, 0, 0.2, 0.2], "texture": "#0"},
				"up": {"uv": [0, 0, 0.2, 0.2], "texture": "#0"},
				"down": {"uv": [0, 0, 0.2, 0.2], "texture": "#0"}
			}
		},
		{
			"from": [7.99, 2.6, 1.6],
			"to": [8.31, 2.8, 1.7],
			"rotation": {"angle": 22.5, "axis": "y", "origin": [8.15, 2.7, 1.65]},
			"faces": {
				"north": {"uv": [0, 0, 0.1, 0.2], "texture": "#0"},
				"east": {"uv": [0, 0, 0.1, 0.2], "texture": "#0"},
				"south": {"uv": [0, 0, 0.1, 0.2], "texture": "#0"},
				"west": {"uv": [0, 0, 0.1, 0.2], "texture": "#0"},
				"up": {"uv": [0, 0, 0.1, 0.2], "texture": "#0"},
				"down": {"uv": [0, 0, 0.1, 0.2], "texture": "#0"}
			}
		},
		{
			"from": [7.09, 2.6, 1.6],
			"to": [7.41, 2.8, 1.7],
			"rotation": {"angle": -22.5, "axis": "y", "origin": [7.25, 2.7, 1.65]},
			"faces": {
				"north": {"uv": [0, 0, 0.1, 0.2], "texture": "#0"},
				"east": {"uv": [0, 0, 0.1, 0.2], "texture": "#0"},
				"south": {"uv": [0, 0, 0.1, 0.2], "texture": "#0"},
				"west": {"uv": [0, 0, 0.1, 0.2], "texture": "#0"},
				"up": {"uv": [0, 0, 0.1, 0.2], "texture": "#0"},
				"down": {"uv": [0, 0, 0.1, 0.2], "texture": "#0"}
			}
		},
		{
			"from": [7.19, 2.6, 1],
			"to": [8.21, 2.8, 1.1],
			"faces": {
				"north": {"uv": [0, 0, 0.1, 0.2], "texture": "#0"},
				"east": {"uv": [0, 0, 0.1, 0.2], "texture": "#0"},
				"south": {"uv": [0, 0, 0.1, 0.2], "texture": "#0"},
				"west": {"uv": [0, 0, 0.1, 0.2], "texture": "#0"},
				"up": {"uv": [0, 0, 0.1, 0.2], "texture": "#0"},
				"down": {"uv": [0, 0, 0.1, 0.2], "texture": "#0"}
			}
		},
		{
			"from": [7.09, 2.6, 1],
			"to": [7.21, 2.8, 1.6],
			"faces": {
				"north": {"uv": [0, 0, 0.6, 0.2], "texture": "#0"},
				"east": {"uv": [0, 0, 0.6, 0.2], "texture": "#0"},
				"south": {"uv": [0, 0, 0.6, 0.2], "texture": "#0"},
				"west": {"uv": [0, 0, 0.6, 0.2], "texture": "#0"},
				"up": {"uv": [0, 0, 0.6, 0.2], "texture": "#0"},
				"down": {"uv": [0, 0, 0.6, 0.2], "texture": "#0"}
			}
		},
		{
			"from": [8.19, 2.6, 1],
			"to": [8.31, 2.8, 1.6],
			"faces": {
				"north": {"uv": [0, 0, 0.6, 0.2], "texture": "#0"},
				"east": {"uv": [0, 0, 0.6, 0.2], "texture": "#0"},
				"south": {"uv": [0, 0, 0.6, 0.2], "texture": "#0"},
				"west": {"uv": [0, 0, 0.6, 0.2], "texture": "#0"},
				"up": {"uv": [0, 0, 0.6, 0.2], "texture": "#0"},
				"down": {"uv": [0, 0, 0.6, 0.2], "texture": "#0"}
			}
		},
		{
			"from": [7.19, 3.4, 2.9],
			"to": [7.31, 3.5, 3.3],
			"faces": {
				"north": {"uv": [0, 0, 0.12, 0.4], "texture": "#0"},
				"east": {"uv": [0, 0, 0.12, 0.4], "texture": "#0"},
				"south": {"uv": [0, 0, 0.12, 0.4], "texture": "#0"},
				"west": {"uv": [0, 0, 0.12, 0.4], "texture": "#0"},
				"up": {"uv": [0, 0, 0.12, 0.4], "texture": "#0"},
				"down": {"uv": [0, 0, 0.12, 0.4], "texture": "#0"}
			}
		},
		{
			"from": [8.09, 3.4, 2.9],
			"to": [8.21, 3.5, 3.3],
			"faces": {
				"north": {"uv": [0, 0, 0.12, 0.4], "texture": "#0"},
				"east": {"uv": [0, 0, 0.12, 0.4], "texture": "#0"},
				"south": {"uv": [0, 0, 0.12, 0.4], "texture": "#0"},
				"west": {"uv": [0, 0, 0.12, 0.4], "texture": "#0"},
				"up": {"uv": [0, 0, 0.12, 0.4], "texture": "#0"},
				"down": {"uv": [0, 0, 0.12, 0.4], "texture": "#0"}
			}
		},
		{
			"from": [7.09, 3.4, 2.3],
			"to": [7.21, 3.5, 3],
			"rotation": {"angle": 45, "axis": "y", "origin": [7.15, 3.5, 2.8]},
			"faces": {
				"north": {"uv": [0, 0, 0.12, 0.7], "texture": "#0"},
				"east": {"uv": [0, 0, 0.12, 0.7], "texture": "#0"},
				"south": {"uv": [0, 0, 0.12, 0.7], "texture": "#0"},
				"west": {"uv": [0, 0, 0.12, 0.7], "texture": "#0"},
				"up": {"uv": [0, 0, 0.12, 0.7], "texture": "#0"},
				"down": {"uv": [0, 0, 0.12, 0.7], "texture": "#0"}
			}
		},
		{
			"from": [8.19, 3.4, 2.3],
			"to": [8.31, 3.5, 3],
			"rotation": {"angle": -45, "axis": "y", "origin": [8.25, 3.5, 2.8]},
			"faces": {
				"north": {"uv": [0, 0, 0.12, 0.7], "texture": "#0"},
				"east": {"uv": [0, 0, 0.12, 0.7], "texture": "#0"},
				"south": {"uv": [0, 0, 0.12, 0.7], "texture": "#0"},
				"west": {"uv": [0, 0, 0.12, 0.7], "texture": "#0"},
				"up": {"uv": [0, 0, 0.12, 0.7], "texture": "#0"},
				"down": {"uv": [0, 0, 0.12, 0.7], "texture": "#0"}
			}
		},
		{
			"from": [6.89, 3.4, 2],
			"to": [8.51, 3.5, 2.1],
			"faces": {
				"north": {"uv": [0, 0, 1.62, 0.1], "texture": "#0"},
				"east": {"uv": [0, 0, 1.62, 0.1], "texture": "#0"},
				"south": {"uv": [0, 0, 1.62, 0.1], "texture": "#0"},
				"west": {"uv": [0, 0, 1.62, 0.1], "texture": "#0"},
				"up": {"uv": [0, 0, 1.62, 0.1], "texture": "#0"},
				"down": {"uv": [0, 0, 1.62, 0.1], "texture": "#0"}
			}
		},
		{
			"from": [8.49, 3.4, 2],
			"to": [8.71, 3.5, 2.5],
			"faces": {
				"north": {"uv": [0, 0, 0.22, 0.5], "texture": "#0"},
				"east": {"uv": [0, 0, 0.22, 0.5], "texture": "#0"},
				"south": {"uv": [0, 0, 0.22, 0.5], "texture": "#0"},
				"west": {"uv": [0, 0, 0.22, 0.5], "texture": "#0"},
				"up": {"uv": [0, 0, 0.22, 0.5], "texture": "#0"},
				"down": {"uv": [0, 0, 0.22, 0.5], "texture": "#0"}
			}
		},
		{
			"from": [6.69, 3.4, 2],
			"to": [6.91, 3.5, 2.5],
			"faces": {
				"north": {"uv": [0, 0, 0.22, 0.5], "texture": "#0"},
				"east": {"uv": [0, 0, 0.22, 0.5], "texture": "#0"},
				"south": {"uv": [0, 0, 0.22, 0.5], "texture": "#0"},
				"west": {"uv": [0, 0, 0.22, 0.5], "texture": "#0"},
				"up": {"uv": [0, 0, 0.22, 0.5], "texture": "#0"},
				"down": {"uv": [0, 0, 0.22, 0.5], "texture": "#0"}
			}
		},
		{
			"from": [6.74, 3.2, 2.2],
			"to": [6.86, 3.7, 2.3],
			"faces": {
				"north": {"uv": [0, 0, 0.12, 0.1], "texture": "#2"},
				"east": {"uv": [0, 0, 0.12, 0.1], "texture": "#2"},
				"south": {"uv": [0, 0, 0.12, 0.1], "texture": "#2"},
				"west": {"uv": [0, 0, 0.12, 0.1], "texture": "#2"},
				"up": {"uv": [0, 0, 0.12, 0.1], "texture": "#2"},
				"down": {"uv": [0, 0, 0.12, 0.1], "texture": "#2"}
			}
		},
		{
			"from": [8.54, 3.2, 2.2],
			"to": [8.66, 3.7, 2.3],
			"faces": {
				"north": {"uv": [0, 0, 0.12, 0.1], "texture": "#2"},
				"east": {"uv": [0, 0, 0.12, 0.1], "texture": "#2"},
				"south": {"uv": [0, 0, 0.12, 0.1], "texture": "#2"},
				"west": {"uv": [0, 0, 0.12, 0.1], "texture": "#2"},
				"up": {"uv": [0, 0, 0.12, 0.1], "texture": "#2"},
				"down": {"uv": [0, 0, 0.12, 0.1], "texture": "#2"}
			}
		},
		{
			"from": [5.68, 3.55, 2.15],
			"to": [6.9, 3.6, 2.35],
			"faces": {
				"north": {"uv": [0, 0, 1.22, 0.2], "texture": "#0"},
				"east": {"uv": [0, 0, 1.22, 0.2], "texture": "#0"},
				"south": {"uv": [0, 0, 1.22, 0.2], "texture": "#0"},
				"west": {"uv": [0, 0, 1.22, 0.2], "texture": "#0"},
				"up": {"uv": [0, 0, 1.22, 0.2], "texture": "#0"},
				"down": {"uv": [0, 0, 1.22, 0.2], "texture": "#0"}
			}
		},
		{
			"from": [5.68, 3.3, 2.15],
			"to": [6.9, 3.35, 2.35],
			"faces": {
				"north": {"uv": [0, 0, 1.22, 0.2], "texture": "#0"},
				"east": {"uv": [0, 0, 1.22, 0.2], "texture": "#0"},
				"south": {"uv": [0, 0, 1.22, 0.2], "texture": "#0"},
				"west": {"uv": [0, 0, 1.22, 0.2], "texture": "#0"},
				"up": {"uv": [0, 0, 1.22, 0.2], "texture": "#0"},
				"down": {"uv": [0, 0, 1.22, 0.2], "texture": "#0"}
			}
		},
		{
			"from": [8.48, 3.25, 2.15],
			"to": [9.8, 3.3, 2.35],
			"faces": {
				"north": {"uv": [0, 0, 1.32, 0.2], "texture": "#0"},
				"east": {"uv": [0, 0, 1.32, 0.2], "texture": "#0"},
				"south": {"uv": [0, 0, 1.32, 0.2], "texture": "#0"},
				"west": {"uv": [0, 0, 1.32, 0.2], "texture": "#0"},
				"up": {"uv": [0, 0, 1.32, 0.2], "texture": "#0"},
				"down": {"uv": [0, 0, 1.32, 0.2], "texture": "#0"}
			}
		},
		{
			"from": [8.48, 3.6, 2.15],
			"to": [9.8, 3.65, 2.35],
			"faces": {
				"north": {"uv": [0, 0, 1.32, 0.2], "texture": "#0"},
				"east": {"uv": [0, 0, 1.32, 0.2], "texture": "#0"},
				"south": {"uv": [0, 0, 1.32, 0.2], "texture": "#0"},
				"west": {"uv": [0, 0, 1.32, 0.2], "texture": "#0"},
				"up": {"uv": [0, 0, 1.32, 0.2], "texture": "#0"},
				"down": {"uv": [0, 0, 1.32, 0.2], "texture": "#0"}
			}
		},
		{
			"from": [4.58, 3.25, 2.35],
			"to": [5.8, 3.3, 2.55],
			"rotation": {"angle": 22.5, "axis": "y", "origin": [5.19, 3.45, 2.45]},
			"faces": {
				"north": {"uv": [0, 0, 1.22, 0.2], "texture": "#0"},
				"east": {"uv": [0, 0, 1.22, 0.2], "texture": "#0"},
				"south": {"uv": [0, 0, 1.22, 0.2], "texture": "#0"},
				"west": {"uv": [0, 0, 1.22, 0.2], "texture": "#0"},
				"up": {"uv": [0, 0, 1.22, 0.2], "texture": "#0"},
				"down": {"uv": [0, 0, 1.22, 0.2], "texture": "#0"}
			}
		},
		{
			"from": [4.58, 3.6, 2.35],
			"to": [5.8, 3.65, 2.55],
			"rotation": {"angle": 22.5, "axis": "y", "origin": [5.19, 3.45, 2.45]},
			"faces": {
				"north": {"uv": [0, 0, 1.22, 0.2], "texture": "#0"},
				"east": {"uv": [0, 0, 1.22, 0.2], "texture": "#0"},
				"south": {"uv": [0, 0, 1.22, 0.2], "texture": "#0"},
				"west": {"uv": [0, 0, 1.22, 0.2], "texture": "#0"},
				"up": {"uv": [0, 0, 1.22, 0.2], "texture": "#0"},
				"down": {"uv": [0, 0, 1.22, 0.2], "texture": "#0"}
			}
		},
		{
			"from": [9.58, 3.3, 2.35],
			"to": [10.9, 3.35, 2.55],
			"rotation": {"angle": -22.5, "axis": "y", "origin": [10.24, 3.45, 2.45]},
			"faces": {
				"north": {"uv": [0, 0, 1.32, 0.2], "texture": "#0"},
				"east": {"uv": [0, 0, 1.32, 0.2], "texture": "#0"},
				"south": {"uv": [0, 0, 1.32, 0.2], "texture": "#0"},
				"west": {"uv": [0, 0, 1.32, 0.2], "texture": "#0"},
				"up": {"uv": [0, 0, 1.32, 0.2], "texture": "#0"},
				"down": {"uv": [0, 0, 1.32, 0.2], "texture": "#0"}
			}
		},
		{
			"from": [9.58, 3.55, 2.35],
			"to": [10.9, 3.6, 2.55],
			"rotation": {"angle": -22.5, "axis": "y", "origin": [10.24, 3.45, 2.45]},
			"faces": {
				"north": {"uv": [0, 0, 1.32, 0.2], "texture": "#0"},
				"east": {"uv": [0, 0, 1.32, 0.2], "texture": "#0"},
				"south": {"uv": [0, 0, 1.32, 0.2], "texture": "#0"},
				"west": {"uv": [0, 0, 1.32, 0.2], "texture": "#0"},
				"up": {"uv": [0, 0, 1.32, 0.2], "texture": "#0"},
				"down": {"uv": [0, 0, 1.32, 0.2], "texture": "#0"}
			}
		},
		{
			"from": [10.28, 3.3, 2.9],
			"to": [11.6, 3.35, 3.1],
			"rotation": {"angle": -45, "axis": "y", "origin": [10.94, 3.45, 3.25]},
			"faces": {
				"north": {"uv": [0, 0, 1.32, 0.2], "rotation": 90, "texture": "#0"},
				"east": {"uv": [0, 0, 1.32, 0.2], "rotation": 90, "texture": "#0"},
				"south": {"uv": [0, 0, 1.32, 0.2], "rotation": 90, "texture": "#0"},
				"west": {"uv": [0, 0, 1.32, 0.2], "rotation": 90, "texture": "#0"},
				"up": {"uv": [0, 0, 1.32, 0.2], "texture": "#0"},
				"down": {"uv": [0, 0, 1.32, 0.2], "rotation": 180, "texture": "#0"}
			}
		},
		{
			"from": [10.28, 3.55, 2.9],
			"to": [11.6, 3.6, 3.1],
			"rotation": {"angle": -45, "axis": "y", "origin": [10.94, 3.45, 3.25]},
			"faces": {
				"north": {"uv": [0, 0, 1.32, 0.2], "rotation": 90, "texture": "#0"},
				"east": {"uv": [0, 0, 1.32, 0.2], "rotation": 90, "texture": "#0"},
				"south": {"uv": [0, 0, 1.32, 0.2], "rotation": 90, "texture": "#0"},
				"west": {"uv": [0, 0, 1.32, 0.2], "rotation": 90, "texture": "#0"},
				"up": {"uv": [0, 0, 1.32, 0.2], "texture": "#0"},
				"down": {"uv": [0, 0, 1.32, 0.2], "rotation": 180, "texture": "#0"}
			}
		},
		{
			"from": [4.09, 3.55, 2.59],
			"to": [4.29, 3.6, 3.91],
			"rotation": {"angle": -45, "axis": "y", "origin": [4.44, 3.45, 3.25]},
			"faces": {
				"north": {"uv": [0, 0, 1.32, 0.2], "rotation": 90, "texture": "#0"},
				"east": {"uv": [0, 0, 1.32, 0.2], "rotation": 90, "texture": "#0"},
				"south": {"uv": [0, 0, 1.32, 0.2], "rotation": 90, "texture": "#0"},
				"west": {"uv": [0, 0, 1.32, 0.2], "rotation": 90, "texture": "#0"},
				"up": {"uv": [0, 0, 1.32, 0.2], "rotation": 90, "texture": "#0"},
				"down": {"uv": [0, 0, 1.32, 0.2], "rotation": 90, "texture": "#0"}
			}
		},
		{
			"from": [4.09, 3.3, 2.59],
			"to": [4.29, 3.35, 3.91],
			"rotation": {"angle": -45, "axis": "y", "origin": [4.44, 3.45, 3.25]},
			"faces": {
				"north": {"uv": [0, 0, 1.32, 0.2], "rotation": 90, "texture": "#0"},
				"east": {"uv": [0, 0, 1.32, 0.2], "rotation": 90, "texture": "#0"},
				"south": {"uv": [0, 0, 1.32, 0.2], "rotation": 90, "texture": "#0"},
				"west": {"uv": [0, 0, 1.32, 0.2], "rotation": 90, "texture": "#0"},
				"up": {"uv": [0, 0, 1.32, 0.2], "rotation": 90, "texture": "#0"},
				"down": {"uv": [0, 0, 1.32, 0.2], "rotation": 90, "texture": "#0"}
			}
		},
		{
			"from": [3.58, 3.55, 3.4],
			"to": [4, 3.6, 3.6],
			"faces": {
				"north": {"uv": [0, 0, 0.42, 0.2], "rotation": 180, "texture": "#0"},
				"east": {"uv": [0, 0, 0.42, 0.2], "rotation": 180, "texture": "#0"},
				"south": {"uv": [0, 0, 0.42, 0.2], "rotation": 180, "texture": "#0"},
				"west": {"uv": [0, 0, 0.42, 0.2], "rotation": 180, "texture": "#0"},
				"up": {"uv": [0, 0, 0.42, 0.2], "rotation": 180, "texture": "#0"},
				"down": {"uv": [0, 0, 0.42, 0.2], "rotation": 180, "texture": "#0"}
			}
		},
		{
			"from": [3.58, 3.3, 3.4],
			"to": [4, 3.35, 3.6],
			"faces": {
				"north": {"uv": [0, 0, 0.42, 0.2], "rotation": 180, "texture": "#0"},
				"east": {"uv": [0, 0, 0.42, 0.2], "rotation": 180, "texture": "#0"},
				"south": {"uv": [0, 0, 0.42, 0.2], "rotation": 180, "texture": "#0"},
				"west": {"uv": [0, 0, 0.42, 0.2], "rotation": 180, "texture": "#0"},
				"up": {"uv": [0, 0, 0.42, 0.2], "rotation": 180, "texture": "#0"},
				"down": {"uv": [0, 0, 0.42, 0.2], "rotation": 180, "texture": "#0"}
			}
		},
		{
			"from": [11.38, 3.55, 3.4],
			"to": [11.8, 3.6, 3.6],
			"faces": {
				"north": {"uv": [0, 0, 0.42, 0.2], "rotation": 180, "texture": "#0"},
				"east": {"uv": [0, 0, 0.42, 0.2], "rotation": 180, "texture": "#0"},
				"south": {"uv": [0, 0, 0.42, 0.2], "rotation": 180, "texture": "#0"},
				"west": {"uv": [0, 0, 0.42, 0.2], "rotation": 180, "texture": "#0"},
				"up": {"uv": [0, 0, 0.42, 0.2], "rotation": 180, "texture": "#0"},
				"down": {"uv": [0, 0, 0.42, 0.2], "rotation": 180, "texture": "#0"}
			}
		},
		{
			"from": [11.38, 3.3, 3.4],
			"to": [11.8, 3.35, 3.6],
			"faces": {
				"north": {"uv": [0, 0, 0.42, 0.2], "rotation": 180, "texture": "#0"},
				"east": {"uv": [0, 0, 0.42, 0.2], "rotation": 180, "texture": "#0"},
				"south": {"uv": [0, 0, 0.42, 0.2], "rotation": 180, "texture": "#0"},
				"west": {"uv": [0, 0, 0.42, 0.2], "rotation": 180, "texture": "#0"},
				"up": {"uv": [0, 0, 0.42, 0.2], "rotation": 180, "texture": "#0"},
				"down": {"uv": [0, 0, 0.42, 0.2], "rotation": 180, "texture": "#0"}
			}
		},
		{
			"from": [3.95, 3.2, 3.58],
			"to": [4.15, 3.75, 3.8],
			"rotation": {"angle": -22.5, "axis": "y", "origin": [4.44, 3.45, 3.25]},
			"faces": {
				"north": {"uv": [0, 0, 0.2, 0.55], "texture": "#2"},
				"east": {"uv": [0, 0, 0.2, 0.55], "texture": "#2"},
				"south": {"uv": [0, 0, 0.2, 0.55], "texture": "#2"},
				"west": {"uv": [0, 0, 0.2, 0.55], "texture": "#2"},
				"up": {"uv": [0, 0, 0.2, 0.55], "rotation": 90, "texture": "#2"},
				"down": {"uv": [0, 0, 0.2, 0.55], "rotation": 270, "texture": "#2"}
			}
		},
		{
			"from": [11.15, 3.25, 3.58],
			"to": [11.35, 3.75, 3.8],
			"rotation": {"angle": 22.5, "axis": "y", "origin": [10.94, 3.45, 3.25]},
			"faces": {
				"north": {"uv": [0, 0, 0.2, 0.5], "texture": "#2"},
				"east": {"uv": [0, 0, 0.2, 0.5], "texture": "#2"},
				"south": {"uv": [0, 0, 0.2, 0.5], "texture": "#2"},
				"west": {"uv": [0, 0, 0.2, 0.5], "texture": "#2"},
				"up": {"uv": [0, 0, 0.2, 0.5], "rotation": 90, "texture": "#2"},
				"down": {"uv": [0, 0, 0.2, 0.5], "rotation": 270, "texture": "#2"}
			}
		},
		{
			"from": [4.06, 3.6, 3.69],
			"to": [8.21, 3.7, 3.79],
			"rotation": {"angle": -22.5, "axis": "y", "origin": [4.44, 3.75, 3.25]},
			"faces": {
				"north": {"uv": [0, 0, 4.8, 0.1], "texture": "#4"},
				"east": {"uv": [0, 0, 4.8, 0.1], "texture": "#4"},
				"south": {"uv": [0, 0, 4.8, 0.1], "texture": "#4"},
				"west": {"uv": [0, 0, 4.8, 0.1], "texture": "#4"},
				"up": {"uv": [0, 0, 4.8, 0.1], "rotation": 90, "texture": "#4"},
				"down": {"uv": [0, 0, 4.8, 0.1], "rotation": 270, "texture": "#4"}
			}
		},
		{
			"from": [7.19, 3.2, 3.8],
			"to": [8.21, 3.3, 9.3],
			"faces": {
				"north": {"uv": [1, 1, 2.32, 6.2], "texture": "#0"},
				"east": {"uv": [1, 1, 2.32, 6.2], "texture": "#0"},
				"south": {"uv": [1, 1, 2.32, 6.2], "texture": "#0"},
				"west": {"uv": [1, 1, 2.32, 6.2], "texture": "#0"},
				"up": {"uv": [1, 1, 2.32, 6.2], "texture": "#0"},
				"down": {"uv": [1, 1, 2.32, 6.2], "texture": "#0"}
			}
		},
		{
			"from": [3.84, 3.2, 3.54],
			"to": [11.44, 3.3, 3.64],
			"faces": {
				"north": {"uv": [0, 0, 7, 0.1], "texture": "#4"},
				"east": {"uv": [0, 0, 7, 0.1], "texture": "#4"},
				"south": {"uv": [0, 0, 7, 0.1], "texture": "#4"},
				"west": {"uv": [0, 0, 7, 0.1], "texture": "#4"},
				"up": {"uv": [0, 0, 7, 0.1], "rotation": 90, "texture": "#4"},
				"down": {"uv": [0, 0, 7, 0.1], "rotation": 270, "texture": "#4"}
			}
		},
		{
			"from": [8.3, 3.6, 5.25],
			"to": [12.35, 3.7, 5.35],
			"rotation": {"angle": 22.5, "axis": "y", "origin": [7.6, 3.75, 6.785]},
			"faces": {
				"north": {"uv": [0, 0, 4.8, 0.1], "texture": "#4"},
				"east": {"uv": [0, 0, 4.8, 0.1], "texture": "#4"},
				"south": {"uv": [0, 0, 4.8, 0.1], "texture": "#4"},
				"west": {"uv": [0, 0, 4.8, 0.1], "texture": "#4"},
				"up": {"uv": [0, 0, 4.8, 0.1], "rotation": 90, "texture": "#4"},
				"down": {"uv": [0, 0, 4.8, 0.1], "rotation": 270, "texture": "#4"}
			}
		},
		{
			"from": [7.55, 3.6, -0.25],
			"to": [7.65, 3.7, 4.95],
			"rotation": {"angle": 45, "axis": "z", "origin": [7.71, 3.75, 3.4]},
			"faces": {
				"north": {"uv": [0, 0, 0.1, 0.1], "texture": "#5"},
				"east": {"uv": [0, 0, 0.1, 0.1], "texture": "#5"},
				"south": {"uv": [0, 0, 0.1, 0.1], "texture": "#5"},
				"west": {"uv": [0, 0, 0.1, 0.1], "texture": "#5"},
				"up": {"uv": [0, 0, 0.1, 0.1], "texture": "#5"},
				"down": {"uv": [0, 0, 0.1, 0.1], "texture": "#5"}
			}
		},
		{
			"from": [7.55, 3.5, 4.75],
			"to": [7.85, 3.71, 5.05],
			"faces": {
				"north": {"uv": [0, 0, 0.3, 0.21], "texture": "#0"},
				"east": {"uv": [0, 0, 0.3, 0.21], "texture": "#0"},
				"south": {"uv": [0, 0, 0.3, 0.21], "texture": "#0"},
				"west": {"uv": [0, 0, 0.3, 0.21], "texture": "#0"},
				"up": {"uv": [0, 0, 0.3, 0.21], "texture": "#0"},
				"down": {"uv": [0, 0, 0.3, 0.21], "texture": "#0"}
			}
		},
		{
			"from": [7.65293, 3.5665, -0.29],
			"to": [7.73293, 3.6465, -0.25],
			"rotation": {"angle": 45, "axis": "z", "origin": [7.70293, 3.6165, -0.31]},
			"faces": {
				"north": {"uv": [0, 0, 0.08, 0.08], "texture": "#5"},
				"east": {"uv": [0, 0, 0.08, 0.08], "texture": "#5"},
				"south": {"uv": [0, 0, 0.08, 0.08], "texture": "#5"},
				"west": {"uv": [0, 0, 0.08, 0.08], "texture": "#5"},
				"up": {"uv": [0, 0, 0.08, 0.08], "texture": "#5"},
				"down": {"uv": [0, 0, 0.08, 0.08], "texture": "#5"}
			}
		},
		{
			"from": [7.65293, 3.581, -0.32],
			"to": [7.71293, 3.641, -0.29],
			"rotation": {"angle": 45, "axis": "z", "origin": [7.70293, 3.631, -0.32]},
			"faces": {
				"north": {"uv": [0, 0, 0.06, 0.06], "texture": "#5"},
				"east": {"uv": [0, 0, 0.06, 0.06], "texture": "#5"},
				"south": {"uv": [0, 0, 0.06, 0.06], "texture": "#5"},
				"west": {"uv": [0, 0, 0.06, 0.06], "texture": "#5"},
				"up": {"uv": [0, 0, 0.06, 0.06], "texture": "#5"},
				"down": {"uv": [0, 0, 0.06, 0.06], "texture": "#5"}
			}
		},
		{
			"from": [7.65293, 3.595, -0.34],
			"to": [7.69293, 3.635, -0.32],
			"rotation": {"angle": 45, "axis": "z", "origin": [7.70293, 3.645, -0.33]},
			"faces": {
				"north": {"uv": [0, 0, 0.04, 0.04], "texture": "#5"},
				"east": {"uv": [0, 0, 0.04, 0.04], "texture": "#5"},
				"south": {"uv": [0, 0, 0.04, 0.04], "texture": "#5"},
				"west": {"uv": [0, 0, 0.04, 0.04], "texture": "#5"},
				"up": {"uv": [0, 0, 0.04, 0.04], "texture": "#5"},
				"down": {"uv": [0, 0, 0.04, 0.04], "texture": "#5"}
			}
		},
		{
			"from": [7.65293, 3.608, -0.35],
			"to": [7.67293, 3.628, -0.34],
			"rotation": {"angle": 45, "axis": "z", "origin": [7.70293, 3.658, -0.34]},
			"faces": {
				"north": {"uv": [0, 0, 0.02, 0.02], "texture": "#5"},
				"east": {"uv": [0, 0, 0.02, 0.02], "texture": "#5"},
				"south": {"uv": [0, 0, 0.02, 0.02], "texture": "#5"},
				"west": {"uv": [0, 0, 0.02, 0.02], "texture": "#5"},
				"up": {"uv": [0, 0, 0.02, 0.02], "texture": "#5"},
				"down": {"uv": [0, 0, 0.02, 0.02], "texture": "#5"}
			}
		},
		{
			"from": [7.675, 4.3, 2.2],
			"to": [7.735, 4.4, 2.4],
			"faces": {
				"north": {"uv": [0, 0, 0.06, 0.1], "texture": "#0"},
				"east": {"uv": [0, 0, 0.06, 0.1], "texture": "#0"},
				"south": {"uv": [0, 0, 0.06, 0.1], "texture": "#0"},
				"west": {"uv": [0, 0, 0.06, 0.1], "texture": "#0"},
				"up": {"uv": [0, 0, 0.06, 0.1], "texture": "#0"},
				"down": {"uv": [0, 0, 0.06, 0.1], "texture": "#0"}
			}
		},
		{
			"from": [7.2, 2.7, 9.3],
			"to": [8.2, 3.61, 10],
			"faces": {
				"north": {"uv": [0, 0, 0.7, 0.91], "texture": "#0"},
				"east": {"uv": [0, 0, 0.7, 0.91], "texture": "#0"},
				"south": {"uv": [0, 0, 0.7, 0.91], "texture": "#0"},
				"west": {"uv": [0, 0, 0.7, 0.91], "texture": "#0"},
				"up": {"uv": [0, 0, 0.7, 0.91], "texture": "#0"},
				"down": {"uv": [0, 0, 0.7, 0.91], "texture": "#0"}
			}
		},
		{
			"from": [7.6, 3.3, 10],
			"to": [7.8, 3.51, 11.4],
			"faces": {
				"north": {"uv": [0, 0, 1.4, 0.21], "texture": "#2"},
				"east": {"uv": [0, 0, 1.4, 0.21], "texture": "#2"},
				"south": {"uv": [0, 0, 1.4, 0.21], "texture": "#2"},
				"west": {"uv": [0, 0, 1.4, 0.21], "texture": "#2"},
				"up": {"uv": [0, 0, 1.4, 0.21], "texture": "#2"},
				"down": {"uv": [0, 0, 1.4, 0.21], "texture": "#2"}
			}
		},
		{
			"from": [7.6, 3, 10],
			"to": [7.8, 3.21, 10.5],
			"faces": {
				"north": {"uv": [0, 0, 0.5, 0.21], "texture": "#2"},
				"east": {"uv": [0, 0, 0.5, 0.21], "texture": "#2"},
				"south": {"uv": [0, 0, 0.5, 0.21], "texture": "#2"},
				"west": {"uv": [0, 0, 0.5, 0.21], "texture": "#2"},
				"up": {"uv": [0, 0, 0.5, 0.21], "texture": "#2"},
				"down": {"uv": [0, 0, 0.5, 0.21], "texture": "#2"}
			}
		},
		{
			"from": [7.5, 2.8, 10.7],
			"to": [7.9, 3.61, 11.6],
			"faces": {
				"north": {"uv": [0, 0, 0.9, 0.81], "texture": "#0"},
				"east": {"uv": [0, 0, 0.9, 0.81], "texture": "#0"},
				"south": {"uv": [0, 0, 0.9, 0.81], "texture": "#0"},
				"west": {"uv": [0, 0, 0.9, 0.81], "texture": "#0"},
				"up": {"uv": [0, 0, 0.9, 0.81], "texture": "#0"},
				"down": {"uv": [0, 0, 0.9, 0.81], "texture": "#0"}
			}
		},
		{
			"from": [7.61, 2.9, 10.4],
			"to": [7.79, 3.11, 10.9],
			"rotation": {"angle": 22.5, "axis": "x", "origin": [7.7, 3.005, 10.65]},
			"faces": {
				"north": {"uv": [0, 0, 0.5, 0.21], "texture": "#2"},
				"east": {"uv": [0, 0, 0.5, 0.21], "texture": "#2"},
				"south": {"uv": [0, 0, 0.5, 0.21], "texture": "#2"},
				"west": {"uv": [0, 0, 0.5, 0.21], "texture": "#2"},
				"up": {"uv": [0, 0, 0.5, 0.21], "texture": "#2"},
				"down": {"uv": [0, 0, 0.5, 0.21], "texture": "#2"}
			}
		},
		{
			"from": [7.4, 2.7, 11.6],
			"to": [8, 3.61, 11.7],
			"faces": {
				"north": {"uv": [0, 0, 0.1, 0.91], "texture": "#0"},
				"east": {"uv": [0, 0, 0.1, 0.91], "texture": "#0"},
				"south": {"uv": [0, 0, 0.1, 0.91], "texture": "#0"},
				"west": {"uv": [0, 0, 0.1, 0.91], "texture": "#0"},
				"up": {"uv": [0, 0, 0.1, 0.91], "texture": "#0"},
				"down": {"uv": [0, 0, 0.1, 0.91], "texture": "#0"}
			}
		},
		{
			"from": [7.51, 3.4, 11.6],
			"to": [7.89, 3.51, 11.7],
			"rotation": {"angle": 22.5, "axis": "x", "origin": [7.71, 3.455, 11.65]},
			"faces": {
				"north": {"uv": [0, 0, 0.4, 0.11], "texture": "#2"},
				"east": {"uv": [0, 0, 0.4, 0.11], "texture": "#2"},
				"south": {"uv": [0, 0, 0.4, 0.11], "texture": "#2"},
				"west": {"uv": [0, 0, 0.4, 0.11], "texture": "#2"},
				"up": {"uv": [0, 0, 0.4, 0.11], "texture": "#2"},
				"down": {"uv": [0, 0, 0.4, 0.11], "texture": "#2"}
			}
		},
		{
			"from": [7.51, 3.2, 11.6],
			"to": [7.89, 3.31, 11.7],
			"rotation": {"angle": 22.5, "axis": "x", "origin": [7.71, 3.255, 11.65]},
			"faces": {
				"north": {"uv": [0, 0, 0.4, 0.11], "texture": "#2"},
				"east": {"uv": [0, 0, 0.4, 0.11], "texture": "#2"},
				"south": {"uv": [0, 0, 0.4, 0.11], "texture": "#2"},
				"west": {"uv": [0, 0, 0.4, 0.11], "texture": "#2"},
				"up": {"uv": [0, 0, 0.4, 0.11], "texture": "#2"},
				"down": {"uv": [0, 0, 0.4, 0.11], "texture": "#2"}
			}
		},
		{
			"from": [7.51, 3.3, 11.6],
			"to": [7.89, 3.41, 11.7],
			"rotation": {"angle": 22.5, "axis": "x", "origin": [7.71, 3.355, 11.65]},
			"faces": {
				"north": {"uv": [0, 0, 0.4, 0.11], "texture": "#2"},
				"east": {"uv": [0, 0, 0.4, 0.11], "texture": "#2"},
				"south": {"uv": [0, 0, 0.4, 0.11], "texture": "#2"},
				"west": {"uv": [0, 0, 0.4, 0.11], "texture": "#2"},
				"up": {"uv": [0, 0, 0.4, 0.11], "texture": "#2"},
				"down": {"uv": [0, 0, 0.4, 0.11], "texture": "#2"}
			}
		},
		{
			"from": [7.51, 3.1, 11.6],
			"to": [7.89, 3.21, 11.7],
			"rotation": {"angle": 22.5, "axis": "x", "origin": [7.71, 3.155, 11.65]},
			"faces": {
				"north": {"uv": [0, 0, 0.4, 0.11], "texture": "#2"},
				"east": {"uv": [0, 0, 0.4, 0.11], "texture": "#2"},
				"south": {"uv": [0, 0, 0.4, 0.11], "texture": "#2"},
				"west": {"uv": [0, 0, 0.4, 0.11], "texture": "#2"},
				"up": {"uv": [0, 0, 0.4, 0.11], "texture": "#2"},
				"down": {"uv": [0, 0, 0.4, 0.11], "texture": "#2"}
			}
		},
		{
			"from": [7.51, 3, 11.6],
			"to": [7.89, 3.11, 11.7],
			"rotation": {"angle": 22.5, "axis": "x", "origin": [7.71, 3.055, 11.65]},
			"faces": {
				"north": {"uv": [0, 0, 0.4, 0.11], "texture": "#2"},
				"east": {"uv": [0, 0, 0.4, 0.11], "texture": "#2"},
				"south": {"uv": [0, 0, 0.4, 0.11], "texture": "#2"},
				"west": {"uv": [0, 0, 0.4, 0.11], "texture": "#2"},
				"up": {"uv": [0, 0, 0.4, 0.11], "texture": "#2"},
				"down": {"uv": [0, 0, 0.4, 0.11], "texture": "#2"}
			}
		},
		{
			"from": [7.51, 2.9, 11.6],
			"to": [7.89, 3.01, 11.7],
			"rotation": {"angle": 22.5, "axis": "x", "origin": [7.71, 2.955, 11.65]},
			"faces": {
				"north": {"uv": [0, 0, 0.4, 0.11], "texture": "#2"},
				"east": {"uv": [0, 0, 0.4, 0.11], "texture": "#2"},
				"south": {"uv": [0, 0, 0.4, 0.11], "texture": "#2"},
				"west": {"uv": [0, 0, 0.4, 0.11], "texture": "#2"},
				"up": {"uv": [0, 0, 0.4, 0.11], "texture": "#2"},
				"down": {"uv": [0, 0, 0.4, 0.11], "texture": "#2"}
			}
		},
		{
			"from": [7.51, 2.8, 11.6],
			"to": [7.89, 2.91, 11.7],
			"rotation": {"angle": 22.5, "axis": "x", "origin": [7.71, 2.855, 11.65]},
			"faces": {
				"north": {"uv": [0, 0, 0.4, 0.11], "texture": "#2"},
				"east": {"uv": [0, 0, 0.4, 0.11], "texture": "#2"},
				"south": {"uv": [0, 0, 0.4, 0.11], "texture": "#2"},
				"west": {"uv": [0, 0, 0.4, 0.11], "texture": "#2"},
				"up": {"uv": [0, 0, 0.4, 0.11], "texture": "#2"},
				"down": {"uv": [0, 0, 0.4, 0.11], "texture": "#2"}
			}
		},
		{
			"from": [7.4, 3.4, 10.8],
			"to": [8, 3.71, 11.5],
			"faces": {
				"north": {"uv": [0, 0, 0.7, 0.31], "texture": "#0"},
				"east": {"uv": [0, 0, 0.7, 0.31], "texture": "#0"},
				"south": {"uv": [0, 0, 0.7, 0.31], "texture": "#0"},
				"west": {"uv": [0, 0, 0.7, 0.31], "texture": "#0"},
				"up": {"uv": [0, 0, 0.7, 0.31], "texture": "#0"},
				"down": {"uv": [0, 0, 0.7, 0.31], "texture": "#0"}
			}
		},
		{
			"from": [7.51, 3.3, 10.4],
			"to": [7.89, 3.61, 10.9],
			"rotation": {"angle": 22.5, "axis": "x", "origin": [7.71, 3.455, 10.65]},
			"faces": {
				"north": {"uv": [0, 0, 0.5, 0.31], "texture": "#0"},
				"east": {"uv": [0, 0, 0.5, 0.31], "texture": "#0"},
				"south": {"uv": [0, 0, 0.5, 0.31], "texture": "#0"},
				"west": {"uv": [0, 0, 0.5, 0.31], "texture": "#0"},
				"up": {"uv": [0, 0, 0.5, 0.31], "texture": "#0"},
				"down": {"uv": [0, 0, 0.5, 0.31], "texture": "#0"}
			}
		},
		{
			"from": [7.35, 3.3, 7.3],
			"to": [8.05, 3.8, 9.3],
			"faces": {
				"north": {"uv": [0, 0, 2, 0.5], "texture": "#2"},
				"east": {"uv": [0, 0, 2, 0.5], "texture": "#2"},
				"south": {"uv": [0, 0, 2, 0.5], "texture": "#2"},
				"west": {"uv": [0, 0, 2, 0.5], "texture": "#2"},
				"up": {"uv": [0, 0, 2, 0.5], "texture": "#2"},
				"down": {"uv": [0, 0, 2, 0.5], "texture": "#2"}
			}
		},
		{
			"from": [7.35, 3.8, 7.3],
			"to": [8.05, 4, 9.3],
			"faces": {
				"north": {"uv": [0, 0, 2, 0.2], "texture": "#0"},
				"east": {"uv": [0, 0, 2, 0.2], "texture": "#0"},
				"south": {"uv": [0, 0, 2, 0.2], "texture": "#0"},
				"west": {"uv": [0, 0, 2, 0.2], "texture": "#0"},
				"up": {"uv": [0, 0, 2, 0.2], "texture": "#0"},
				"down": {"uv": [0, 0, 2, 0.2], "texture": "#0"}
			}
		},
		{
			"from": [7.35, 4, 7],
			"to": [8.05, 4.1, 9.3],
			"faces": {
				"north": {"uv": [0, 0, 1.2, 0.7], "texture": "#0"},
				"east": {"uv": [0, 0, 1.2, 0.7], "texture": "#0"},
				"south": {"uv": [0, 0, 1.2, 0.7], "texture": "#0"},
				"west": {"uv": [0, 0, 1.2, 0.7], "texture": "#0"},
				"up": {"uv": [0, 0, 1.2, 0.7], "texture": "#0"},
				"down": {"uv": [0, 0, 1.2, 0.7], "texture": "#0"}
			}
		},
		{
			"from": [7.35, 4.1, 7.6],
			"to": [8.05, 4.2, 8.9],
			"faces": {
				"north": {"uv": [0, 0, 0.7, 1.3], "texture": "#0"},
				"east": {"uv": [0, 0, 0.7, 1.3], "texture": "#0"},
				"south": {"uv": [0, 0, 0.7, 1.3], "texture": "#0"},
				"west": {"uv": [0, 0, 0.7, 1.3], "texture": "#0"},
				"up": {"uv": [0, 0, 0.7, 1.3], "texture": "#0"},
				"down": {"uv": [0, 0, 0.7, 1.3], "texture": "#0"}
			}
		},
		{
			"from": [7.45, 4.2, 7.6],
			"to": [7.95, 4.5, 7.9],
			"faces": {
				"north": {"uv": [0, 0, 1.2, 0.7], "texture": "#0"},
				"east": {"uv": [0, 0, 1.2, 0.7], "texture": "#0"},
				"south": {"uv": [0, 0, 1.2, 0.7], "texture": "#0"},
				"west": {"uv": [0, 0, 1.2, 0.7], "texture": "#0"},
				"up": {"uv": [0, 0, 1.2, 0.7], "texture": "#0"},
				"down": {"uv": [0, 0, 1.2, 0.7], "texture": "#0"}
			}
		},
		{
			"from": [7.45, 4.2, 8.6],
			"to": [7.95, 4.5, 8.9],
			"faces": {
				"north": {"uv": [0, 0, 1.2, 0.7], "texture": "#0"},
				"east": {"uv": [0, 0, 1.2, 0.7], "texture": "#0"},
				"south": {"uv": [0, 0, 1.2, 0.7], "texture": "#0"},
				"west": {"uv": [0, 0, 1.2, 0.7], "texture": "#0"},
				"up": {"uv": [0, 0, 1.2, 0.7], "texture": "#0"},
				"down": {"uv": [0, 0, 1.2, 0.7], "texture": "#0"}
			}
		},
		{
			"from": [7.45, 4.5, 7.6],
			"to": [7.95, 5, 8.9],
			"faces": {
				"north": {"uv": [0, 0, 1.2, 0.7], "texture": "#0"},
				"east": {"uv": [0, 0, 1.2, 0.7], "texture": "#0"},
				"south": {"uv": [0, 0, 1.2, 0.7], "texture": "#0"},
				"west": {"uv": [0, 0, 1.2, 0.7], "texture": "#0"},
				"up": {"uv": [0, 0, 1.2, 0.7], "texture": "#0"},
				"down": {"uv": [0, 0, 1.2, 0.7], "texture": "#0"}
			}
		},
		{
			"from": [7.35, 4.4, 8.9],
			"to": [8.05, 5.1, 10.1],
			"faces": {
				"north": {"uv": [0, 0, 1.2, 0.7], "texture": "#0"},
				"east": {"uv": [0, 0, 1.2, 0.7], "texture": "#0"},
				"south": {"uv": [0, 0, 1.2, 0.7], "texture": "#0"},
				"west": {"uv": [0, 0, 1.2, 0.7], "texture": "#0"},
				"up": {"uv": [0, 0, 1.2, 0.7], "texture": "#0"},
				"down": {"uv": [0, 0, 1.2, 0.7], "texture": "#0"}
			}
		},
		{
			"from": [7.35, 4.4, 6.4],
			"to": [8.05, 5.1, 7.6],
			"faces": {
				"north": {"uv": [0, 0, 1.2, 0.7], "texture": "#0"},
				"east": {"uv": [0, 0, 1.2, 0.7], "texture": "#0"},
				"south": {"uv": [0, 0, 1.2, 0.7], "texture": "#0"},
				"west": {"uv": [0, 0, 1.2, 0.7], "texture": "#0"},
				"up": {"uv": [0, 0, 1.2, 0.7], "texture": "#0"},
				"down": {"uv": [0, 0, 1.2, 0.7], "texture": "#0"}
			}
		},
		{
			"from": [7.349, 4.45, 7.5],
			"to": [8.069, 5.15, 7.8],
			"faces": {
				"north": {"uv": [0, 0, 1.2, 0.7], "texture": "#0"},
				"east": {"uv": [0, 0, 1.2, 0.7], "texture": "#0"},
				"south": {"uv": [0, 0, 1.2, 0.7], "texture": "#0"},
				"west": {"uv": [0, 0, 1.2, 0.7], "texture": "#0"},
				"up": {"uv": [0, 0, 1.2, 0.7], "texture": "#0"},
				"down": {"uv": [0, 0, 1.2, 0.7], "texture": "#0"}
			}
		},
		{
			"from": [7.349, 4.45, 8.7],
			"to": [8.069, 5.15, 9],
			"faces": {
				"north": {"uv": [0, 0, 1.2, 0.7], "texture": "#0"},
				"east": {"uv": [0, 0, 1.2, 0.7], "texture": "#0"},
				"south": {"uv": [0, 0, 1.2, 0.7], "texture": "#0"},
				"west": {"uv": [0, 0, 1.2, 0.7], "texture": "#0"},
				"up": {"uv": [0, 0, 1.2, 0.7], "texture": "#0"},
				"down": {"uv": [0, 0, 1.2, 0.7], "texture": "#0"}
			}
		},
		{
			"from": [7.349, 4.45, 8.1],
			"to": [8.069, 5.15, 8.4],
			"faces": {
				"north": {"uv": [0, 0, 1.2, 0.7], "texture": "#0"},
				"east": {"uv": [0, 0, 1.2, 0.7], "texture": "#0"},
				"south": {"uv": [0, 0, 1.2, 0.7], "texture": "#0"},
				"west": {"uv": [0, 0, 1.2, 0.7], "texture": "#0"},
				"up": {"uv": [0, 0, 1.2, 0.7], "texture": "#0"},
				"down": {"uv": [0, 0, 1.2, 0.7], "texture": "#0"}
			}
		},
		{
			"from": [7.549, 5.15, 8.1],
			"to": [7.869, 5.25, 8.4],
			"rotation": {"angle": 45, "axis": "y", "origin": [7.709, 5.2, 8.25]},
			"faces": {
				"north": {"uv": [0, 0, 0.32, 0.3], "texture": "#2"},
				"east": {"uv": [0, 0, 0.32, 0.3], "texture": "#2"},
				"south": {"uv": [0, 0, 0.32, 0.3], "texture": "#2"},
				"west": {"uv": [0, 0, 0.32, 0.3], "texture": "#2"},
				"up": {"uv": [0, 0, 0.32, 0.3], "texture": "#2"},
				"down": {"uv": [0, 0, 0.32, 0.3], "texture": "#2"}
			}
		},
		{
			"from": [7.65, 3.8, 6.8],
			"to": [7.75, 3.9, 7.3],
			"rotation": {"angle": -45, "axis": "x", "origin": [7.7, 3.85, 7]},
			"faces": {
				"north": {"uv": [0, 0, 0.5, 0.1], "texture": "#0"},
				"east": {"uv": [0, 0, 0.5, 0.1], "texture": "#0"},
				"south": {"uv": [0, 0, 0.5, 0.1], "texture": "#0"},
				"west": {"uv": [0, 0, 0.5, 0.1], "texture": "#0"},
				"up": {"uv": [0, 0, 0.5, 0.1], "texture": "#0"},
				"down": {"uv": [0, 0, 0.5, 0.1], "texture": "#0"}
			}
		},
		{
			"from": [7.66, 3.9, 6.7],
			"to": [7.74, 4, 7],
			"rotation": {"angle": 45, "axis": "x", "origin": [7.7, 3.95, 6.7]},
			"faces": {
				"north": {"uv": [0, 0, 0.3, 0.1], "texture": "#0"},
				"east": {"uv": [0, 0, 0.3, 0.1], "texture": "#0"},
				"south": {"uv": [0, 0, 0.3, 0.1], "texture": "#0"},
				"west": {"uv": [0, 0, 0.3, 0.1], "texture": "#0"},
				"up": {"uv": [0, 0, 0.3, 0.1], "texture": "#0"},
				"down": {"uv": [0, 0, 0.3, 0.1], "texture": "#0"}
			}
		},
		{
			"from": [7.39, 1.8, 4],
			"to": [8.01, 2.3, 6],
			"faces": {
				"north": {"uv": [0, 0, 1, 1.9], "texture": "#0"},
				"east": {"uv": [0, 0, 1, 1.9], "texture": "#0"},
				"south": {"uv": [0, 0, 1, 1.9], "texture": "#0"},
				"west": {"uv": [0, 0, 1, 1.9], "texture": "#0"},
				"up": {"uv": [0, 0, 1, 1.9], "texture": "#0"},
				"down": {"uv": [0, 0, 1, 1.9], "texture": "#0"}
			}
		},
		{
			"from": [7.59, 1.7, 6.2],
			"to": [7.81, 1.8, 6.9],
			"faces": {
				"north": {"uv": [0, 0, 1, 1.9], "texture": "#0"},
				"east": {"uv": [0, 0, 1, 1.9], "texture": "#0"},
				"south": {"uv": [0, 0, 1, 1.9], "texture": "#0"},
				"west": {"uv": [0, 0, 1, 1.9], "texture": "#0"},
				"up": {"uv": [0, 0, 1, 1.9], "texture": "#0"},
				"down": {"uv": [0, 0, 1, 1.9], "texture": "#0"}
			}
		},
		{
			"from": [7.59, 1.7, 6.1],
			"to": [7.81, 2.4, 6.2],
			"rotation": {"angle": -22.5, "axis": "x", "origin": [7.7, 1.95, 6.15]},
			"faces": {
				"north": {"uv": [0, 0, 1, 1.9], "rotation": 180, "texture": "#0"},
				"east": {"uv": [0, 0, 1, 1.9], "rotation": 270, "texture": "#0"},
				"south": {"uv": [0, 0, 1, 1.9], "texture": "#0"},
				"west": {"uv": [0, 0, 1, 1.9], "texture": "#0"},
				"up": {"uv": [0, 0, 1, 1.9], "rotation": 180, "texture": "#0"},
				"down": {"uv": [0, 0, 1, 1.9], "texture": "#0"}
			}
		},
		{
			"from": [7.64, 1.9, 6.5],
			"to": [7.76, 2.4, 6.6],
			"rotation": {"angle": 22.5, "axis": "x", "origin": [7.7, 1.95, 6.55]},
			"faces": {
				"north": {"uv": [0, 0, 1, 1.9], "rotation": 180, "texture": "#0"},
				"east": {"uv": [0, 0, 1, 1.9], "rotation": 270, "texture": "#0"},
				"south": {"uv": [0, 0, 1, 1.9], "texture": "#0"},
				"west": {"uv": [0, 0, 1, 1.9], "texture": "#0"},
				"up": {"uv": [0, 0, 1, 1.9], "rotation": 180, "texture": "#0"},
				"down": {"uv": [0, 0, 1, 1.9], "texture": "#0"}
			}
		},
		{
			"from": [7.18, 2.2, 4.1],
			"to": [8.22, 2.5, 4.4],
			"faces": {
				"north": {"uv": [0, 0, 1, 1.9], "texture": "#0"},
				"east": {"uv": [0, 0, 1, 1.9], "texture": "#0"},
				"south": {"uv": [0, 0, 1, 1.9], "texture": "#0"},
				"west": {"uv": [0, 0, 1, 1.9], "texture": "#0"},
				"up": {"uv": [0, 0, 1, 1.9], "texture": "#0"},
				"down": {"uv": [0, 0, 1, 1.9], "texture": "#0"}
			}
		},
		{
			"from": [7.18, 2.2, 4.6],
			"to": [8.22, 2.5, 4.9],
			"faces": {
				"north": {"uv": [0, 0, 1, 1.9], "texture": "#0"},
				"east": {"uv": [0, 0, 1, 1.9], "texture": "#0"},
				"south": {"uv": [0, 0, 1, 1.9], "texture": "#0"},
				"west": {"uv": [0, 0, 1, 1.9], "texture": "#0"},
				"up": {"uv": [0, 0, 1, 1.9], "texture": "#0"},
				"down": {"uv": [0, 0, 1, 1.9], "texture": "#0"}
			}
		},
		{
			"from": [7.18, 2.2, 5.1],
			"to": [8.22, 2.5, 5.4],
			"faces": {
				"north": {"uv": [0, 0, 1, 1.9], "texture": "#0"},
				"east": {"uv": [0, 0, 1, 1.9], "texture": "#0"},
				"south": {"uv": [0, 0, 1, 1.9], "texture": "#0"},
				"west": {"uv": [0, 0, 1, 1.9], "texture": "#0"},
				"up": {"uv": [0, 0, 1, 1.9], "texture": "#0"},
				"down": {"uv": [0, 0, 1, 1.9], "texture": "#0"}
			}
		},
		{
			"from": [7.18, 2.2, 5.6],
			"to": [8.22, 2.5, 5.9],
			"faces": {
				"north": {"uv": [0, 0, 1, 1.9], "texture": "#0"},
				"east": {"uv": [0, 0, 1, 1.9], "texture": "#0"},
				"south": {"uv": [0, 0, 1, 1.9], "texture": "#0"},
				"west": {"uv": [0, 0, 1, 1.9], "texture": "#0"},
				"up": {"uv": [0, 0, 1, 1.9], "texture": "#0"},
				"down": {"uv": [0, 0, 1, 1.9], "texture": "#0"}
			}
		},
		{
			"from": [7.25, 3.3, 7.4],
			"to": [8.15, 4.11, 7.5],
			"faces": {
				"north": {"uv": [0, 0, 0.1, 0.81], "texture": "#0"},
				"east": {"uv": [0, 0, 0.1, 0.81], "texture": "#0"},
				"south": {"uv": [0, 0, 0.1, 0.81], "texture": "#0"},
				"west": {"uv": [0, 0, 0.1, 0.81], "texture": "#0"},
				"up": {"uv": [0, 0, 0.1, 0.81], "texture": "#0"},
				"down": {"uv": [0, 0, 0.1, 0.81], "texture": "#0"}
			}
		},
		{
			"from": [7.25, 3.3, 8.6],
			"to": [8.15, 4.11, 8.7],
			"faces": {
				"north": {"uv": [0, 0, 0.1, 0.81], "texture": "#0"},
				"east": {"uv": [0, 0, 0.1, 0.81], "texture": "#0"},
				"south": {"uv": [0, 0, 0.1, 0.81], "texture": "#0"},
				"west": {"uv": [0, 0, 0.1, 0.81], "texture": "#0"},
				"up": {"uv": [0, 0, 0.1, 0.81], "texture": "#0"},
				"down": {"uv": [0, 0, 0.1, 0.81], "texture": "#0"}
			}
		},
		{
			"from": [7.25, 3.3, 7.8],
			"to": [8.15, 4.11, 7.9],
			"faces": {
				"north": {"uv": [0, 0, 0.1, 0.81], "texture": "#0"},
				"east": {"uv": [0, 0, 0.1, 0.81], "texture": "#0"},
				"south": {"uv": [0, 0, 0.1, 0.81], "texture": "#0"},
				"west": {"uv": [0, 0, 0.1, 0.81], "texture": "#0"},
				"up": {"uv": [0, 0, 0.1, 0.81], "texture": "#0"},
				"down": {"uv": [0, 0, 0.1, 0.81], "texture": "#0"}
			}
		},
		{
			"from": [7.25, 3.3, 8.2],
			"to": [8.15, 4.11, 8.3],
			"faces": {
				"north": {"uv": [0, 0, 0.1, 0.81], "texture": "#0"},
				"east": {"uv": [0, 0, 0.1, 0.81], "texture": "#0"},
				"south": {"uv": [0, 0, 0.1, 0.81], "texture": "#0"},
				"west": {"uv": [0, 0, 0.1, 0.81], "texture": "#0"},
				"up": {"uv": [0, 0, 0.1, 0.81], "texture": "#0"},
				"down": {"uv": [0, 0, 0.1, 0.81], "texture": "#0"}
			}
		},
		{
			"from": [7.4, 0, 8.5],
			"to": [8, 2, 8.6],
			"rotation": {"angle": -22.5, "axis": "x", "origin": [7.7, 0.5, 8.1]},
			"faces": {
				"north": {"uv": [0, 0, 1, 1.9], "texture": "#0"},
				"east": {"uv": [0, 0, 1, 1.9], "texture": "#0"},
				"south": {"uv": [0, 0, 1, 1.9], "texture": "#0"},
				"west": {"uv": [0, 0, 1, 1.9], "texture": "#0"},
				"up": {"uv": [0, 0, 1, 1.9], "texture": "#0"},
				"down": {"uv": [0, 0, 1, 1.9], "texture": "#0"}
			}
		},
		{
			"from": [7.4, -0.4, 7.5],
			"to": [8, 1.7, 7.6],
			"rotation": {"angle": -22.5, "axis": "x", "origin": [7.7, 0.1, 7.1]},
			"faces": {
				"north": {"uv": [0, 0, 1, 1.9], "texture": "#0"},
				"east": {"uv": [0, 0, 1, 1.9], "texture": "#0"},
				"south": {"uv": [0, 0, 1, 1.9], "texture": "#0"},
				"west": {"uv": [0, 0, 1, 1.9], "texture": "#0"},
				"up": {"uv": [0, 0, 1, 1.9], "texture": "#0"},
				"down": {"uv": [0, 0, 1, 1.9], "texture": "#0"}
			}
		},
		{
			"from": [7.4, 0, 7.5],
			"to": [8, 0.1, 8.5],
			"rotation": {"angle": -22.5, "axis": "x", "origin": [7.8, 0.5, 8]},
			"faces": {
				"north": {"uv": [0, 0, 1, 1.9], "texture": "#0"},
				"east": {"uv": [0, 0, 1, 1.9], "texture": "#0"},
				"south": {"uv": [0, 0, 1, 1.9], "texture": "#0"},
				"west": {"uv": [0, 0, 1, 1.9], "texture": "#0"},
				"up": {"uv": [0, 0, 1, 1.9], "texture": "#0"},
				"down": {"uv": [0, 0, 1, 1.9], "texture": "#0"}
			}
		},
		{
			"from": [7.4, 4.45, 10.099],
			"to": [8, 5.05, 10.109],
			"faces": {
				"north": {"uv": [2, 2, 13.85, 13.85], "texture": "#6"},
				"east": {"uv": [0, 0, 15.6, 15.6], "texture": "#6"},
				"south": {"uv": [2, 2, 13.85, 13.85], "texture": "#6"},
				"west": {"uv": [0, 0, 15.6, 15.6], "texture": "#6"},
				"up": {"uv": [0, 0, 15.6, 15.6], "texture": "#6"},
				"down": {"uv": [0, 0, 15.6, 15.6], "texture": "#6"}
			}
		},
		{
			"from": [7.4, 4.45, 6.399],
			"to": [8, 5.05, 6.409],
			"faces": {
				"north": {"uv": [2, 2, 13.85, 13.85], "texture": "#6"},
				"east": {"uv": [0, 0, 15.6, 15.6], "texture": "#6"},
				"south": {"uv": [0, 0, 15.6, 15.6], "texture": "#6"},
				"west": {"uv": [0, 0, 15.6, 15.6], "texture": "#6"},
				"up": {"uv": [0, 0, 15.6, 15.6], "texture": "#6"},
				"down": {"uv": [0, 0, 15.6, 15.6], "texture": "#6"}
			}
		}
	],
	"display": {
		"thirdperson_righthand": {
			"rotation": [0, -15, 0],
			"translation": [0.5, 9, 2.5],
			"scale": [1.5, 1.5, 1.5]
		},
		"thirdperson_lefthand": {
			"translation": [0, 9, 2],
			"scale": [1.5, 1.5, 1.5]
		},
		"firstperson_righthand": {
			"rotation": [8, -2, 0],
			"translation": [7, 10.5, 6.5]
		},
		"ground": {
			"translation": [0, 4, 0]
		},
		"gui": {
			"rotation": [90, 50, -90],
			"translation": [6.5, 4, -1.5],
			"scale": [1.5, 1.5, 1.5]
		},
		"fixed": {
			"rotation": [90, 50, -90],
			"translation": [6.5, 4, -1.5],
			"scale": [1.5, 1.5, 1.5]
		}
	}
}