{
	"credit": "Made with Blockbench",
	"textures": {
		"0": "block/green_concrete",
		"1": "block/anvil",
		"2": "block/green_terracotta",
		"3": "block/black_stained_glass",
		"4": "block/black_concrete",
		"5": "zcbm/weapons/scope",
		"particle": "block/green_concrete"
	},
	"elements": [
		{
			"from": [7.7375, 1.5025, 5.545],
			"to": [8.2625, 2.0275, 14.995],
			"faces": {
				"north": {"uv": [0, 0, 1, 1], "texture": "#0"},
				"east": {"uv": [0, 0, 1, 1], "texture": "#0"},
				"south": {"uv": [0, 0, 1, 1], "texture": "#0"},
				"west": {"uv": [0, 0, 1, 1], "texture": "#0"},
				"up": {"uv": [0, 0, 1, 1], "texture": "#0"},
				"down": {"uv": [0, 0, 1, 1], "texture": "#0"}
			}
		},
		{
			"from": [7.86875, 0.53125, 12.37],
			"to": [8.13125, 1.7125, 12.895],
			"rotation": {"angle": -22.5, "axis": "x", "origin": [8, 0.9775, 12.6325]},
			"faces": {
				"north": {"uv": [0, 0, 1, 1.25], "texture": "#0"},
				"east": {"uv": [0, 0, 1, 1.25], "texture": "#0"},
				"south": {"uv": [0, 0, 1, 1.25], "texture": "#0"},
				"west": {"uv": [0, 0, 1, 1.25], "texture": "#0"},
				"up": {"uv": [0, 0, 1, 1.25], "texture": "#0"},
				"down": {"uv": [0, 0, 1, 1.25], "texture": "#0"}
			}
		},
		{
			"from": [7.86875, 0.4525, 12.58],
			"to": [8.13125, 0.8725, 13.6825],
			"faces": {
				"north": {"uv": [0, 0, 1, 1.1], "rotation": 270, "texture": "#0"},
				"east": {"uv": [0, 0, 1, 1.1], "rotation": 270, "texture": "#0"},
				"south": {"uv": [0, 0, 1, 1.1], "rotation": 270, "texture": "#0"},
				"west": {"uv": [0, 0, 1, 1.1], "rotation": 270, "texture": "#0"},
				"up": {"uv": [0, 0, 1, 1.1], "rotation": 270, "texture": "#0"},
				"down": {"uv": [0, 0, 1, 1.1], "rotation": 270, "texture": "#0"}
			}
		},
		{
			"from": [7.86875, 0.715, 13.6825],
			"to": [8.13125, 1.5025, 14.995],
			"faces": {
				"north": {"uv": [0, 0, 1.5, 2.5], "rotation": 270, "texture": "#0"},
				"east": {"uv": [0, 0, 1.5, 2.5], "rotation": 270, "texture": "#0"},
				"south": {"uv": [0, 0, 1.5, 2.5], "rotation": 270, "texture": "#0"},
				"west": {"uv": [0, 0, 1.5, 2.5], "rotation": 270, "texture": "#0"},
				"up": {"uv": [0, 0, 1.5, 2.5], "rotation": 270, "texture": "#0"},
				"down": {"uv": [0, 0, 1.5, 2.5], "rotation": 270, "texture": "#0"}
			}
		},
		{
			"from": [7.7375, 0.58375, 14.995],
			"to": [8.2625, 2.0275, 15.52],
			"faces": {
				"north": {"uv": [0, 0, 2.75, 1], "rotation": 270, "texture": "#0"},
				"east": {"uv": [0, 0, 2.75, 1], "rotation": 270, "texture": "#0"},
				"south": {"uv": [0, 0, 2.75, 1], "rotation": 270, "texture": "#0"},
				"west": {"uv": [0, 0, 2.75, 1], "rotation": 270, "texture": "#0"},
				"up": {"uv": [0, 0, 2.75, 1], "rotation": 270, "texture": "#0"},
				"down": {"uv": [0, 0, 2.75, 1], "rotation": 270, "texture": "#0"}
			}
		},
		{
			"from": [7.86875, 0.05875, 14.995],
			"to": [8.13125, 0.58375, 15.52],
			"faces": {
				"north": {"uv": [0, 0, 1, 1], "rotation": 270, "texture": "#0"},
				"east": {"uv": [0, 0, 1, 1], "rotation": 270, "texture": "#0"},
				"south": {"uv": [0, 0, 1, 1], "rotation": 270, "texture": "#0"},
				"west": {"uv": [0, 0, 1, 1], "rotation": 270, "texture": "#0"},
				"up": {"uv": [0, 0, 1, 1], "rotation": 270, "texture": "#0"},
				"down": {"uv": [0, 0, 1, 1], "rotation": 270, "texture": "#0"}
			}
		},
		{
			"from": [7.7375, 0.05875, 15.52],
			"to": [8.2625, 2.0275, 15.91375],
			"faces": {
				"north": {"uv": [0, 0, 1, 3.75], "rotation": 180, "texture": "#1"},
				"east": {"uv": [0, 0, 1, 3.75], "rotation": 90, "texture": "#1"},
				"south": {"uv": [0, 0, 1, 3.75], "texture": "#1"},
				"west": {"uv": [0, 0, 1, 3.75], "rotation": 270, "texture": "#1"},
				"up": {"uv": [0, 0, 1, 3.75], "texture": "#1"},
				"down": {"uv": [0, 0, 1, 3.75], "rotation": 180, "texture": "#1"}
			}
		},
		{
			"from": [7.86875, 0.63625, 13.525],
			"to": [8.13125, 0.89875, 14.3125],
			"rotation": {"angle": -22.5, "axis": "x", "origin": [8, 0.89875, 14.05]},
			"faces": {
				"north": {"uv": [0, 0, 0.5, 0.5], "rotation": 270, "texture": "#0"},
				"east": {"uv": [0, 0, 0.5, 0.5], "rotation": 270, "texture": "#0"},
				"south": {"uv": [0, 0, 0.5, 0.5], "rotation": 270, "texture": "#0"},
				"west": {"uv": [0, 0, 0.5, 0.5], "rotation": 270, "texture": "#0"},
				"up": {"uv": [0, 0, 0.5, 0.5], "rotation": 270, "texture": "#0"},
				"down": {"uv": [0, 0, 0.5, 0.5], "rotation": 270, "texture": "#0"}
			}
		},
		{
			"from": [7.86875, 2.0275, 8.695],
			"to": [8.13125, 2.2375, 12.37],
			"faces": {
				"north": {"uv": [0, 0, 1, 1.3], "texture": "#1"},
				"east": {"uv": [0, 0, 1, 1.3], "texture": "#1"},
				"south": {"uv": [0, 0, 1, 1.3], "texture": "#1"},
				"west": {"uv": [0, 0, 1, 1.3], "texture": "#1"},
				"up": {"uv": [0, 0, 1, 1.3], "texture": "#1"},
				"down": {"uv": [0, 0, 1, 1.3], "texture": "#1"}
			}
		},
		{
			"from": [7.81625, 0.715, 9.955],
			"to": [8.18375, 1.5025, 11.32],
			"faces": {
				"north": {"uv": [0, 0, 1.5, 2.1], "rotation": 270, "texture": "#1"},
				"east": {"uv": [0, 0, 1.5, 2.1], "rotation": 270, "texture": "#1"},
				"south": {"uv": [0, 0, 1.5, 2.1], "rotation": 270, "texture": "#1"},
				"west": {"uv": [0, 0, 1.5, 2.1], "rotation": 270, "texture": "#1"},
				"up": {"uv": [0, 0, 1.5, 2.1], "rotation": 270, "texture": "#1"},
				"down": {"uv": [0, 0, 1.5, 2.1], "rotation": 270, "texture": "#1"}
			}
		},
		{
			"from": [7.7375, 1.10875, 9.2725],
			"to": [8.2625, 1.5025, 11.425],
			"faces": {
				"north": {"uv": [0, 0, 0.75, 1.1], "rotation": 270, "texture": "#0"},
				"east": {"uv": [0, 0, 0.75, 1.1], "rotation": 270, "texture": "#0"},
				"south": {"uv": [0, 0, 0.75, 1.1], "rotation": 270, "texture": "#0"},
				"west": {"uv": [0, 0, 0.75, 1.1], "rotation": 270, "texture": "#0"},
				"up": {"uv": [0, 0, 0.75, 1.1], "rotation": 270, "texture": "#0"},
				"down": {"uv": [0, 0, 0.75, 1.1], "rotation": 270, "texture": "#0"}
			}
		},
		{
			"from": [7.79, 1.5025, 7.98625],
			"to": [8.21, 1.89625, 9.40375],
			"rotation": {"angle": 22.5, "axis": "x", "origin": [8, 1.63375, 8.38]},
			"faces": {
				"north": {"uv": [0, 0, 0.75, 2.7], "rotation": 270, "texture": "#0"},
				"east": {"uv": [0, 0, 0.75, 2.7], "rotation": 270, "texture": "#0"},
				"south": {"uv": [0, 0, 0.75, 2.7], "rotation": 270, "texture": "#0"},
				"west": {"uv": [0, 0, 0.75, 2.7], "rotation": 270, "texture": "#0"},
				"up": {"uv": [0, 0, 0.75, 2.7], "rotation": 270, "texture": "#0"},
				"down": {"uv": [0, 0, 0.75, 2.7], "rotation": 270, "texture": "#0"}
			}
		},
		{
			"from": [7.92125, 2.0275, 0.295],
			"to": [8.07875, 2.185, 12.37],
			"faces": {
				"north": {"uv": [0, 0, 1, 1.3], "texture": "#1"},
				"east": {"uv": [0, 0, 1, 1.3], "texture": "#1"},
				"south": {"uv": [0, 0, 1, 1.3], "texture": "#1"},
				"west": {"uv": [0, 0, 1, 1.3], "texture": "#1"},
				"up": {"uv": [0, 0, 1, 1.3], "texture": "#1"},
				"down": {"uv": [0, 0, 1, 1.3], "texture": "#1"}
			}
		},
		{
			"from": [8.13125, 2.0275, 12.055],
			"to": [8.39375, 2.08, 12.1075],
			"faces": {
				"north": {"uv": [0, 0, 1, 1.3], "texture": "#1"},
				"east": {"uv": [0, 0, 1, 1.3], "texture": "#1"},
				"south": {"uv": [0, 0, 1, 1.3], "texture": "#1"},
				"west": {"uv": [0, 0, 1, 1.3], "texture": "#1"},
				"up": {"uv": [0, 0, 1, 1.3], "texture": "#1"},
				"down": {"uv": [0, 0, 1, 1.3], "texture": "#1"}
			}
		},
		{
			"from": [8.34125, 1.975, 12.0025],
			"to": [8.49875, 2.1325, 12.16],
			"faces": {
				"north": {"uv": [0, 0, 1, 1.3], "texture": "#0"},
				"east": {"uv": [0, 0, 1, 1.3], "texture": "#0"},
				"south": {"uv": [0, 0, 1, 1.3], "texture": "#0"},
				"west": {"uv": [0, 0, 1, 1.3], "texture": "#0"},
				"up": {"uv": [0, 0, 1, 1.3], "texture": "#0"},
				"down": {"uv": [0, 0, 1, 1.3], "texture": "#0"}
			}
		},
		{
			"from": [7.86875, 1.10875, 11.425],
			"to": [8.13125, 1.16125, 12.37],
			"faces": {
				"north": {"uv": [0, 0, 1, 2.1], "rotation": 270, "texture": "#0"},
				"east": {"uv": [0, 0, 1, 2.1], "rotation": 270, "texture": "#0"},
				"south": {"uv": [0, 0, 1, 2.1], "rotation": 270, "texture": "#0"},
				"west": {"uv": [0, 0, 1, 2.1], "rotation": 270, "texture": "#0"},
				"up": {"uv": [0, 0, 1, 2.1], "rotation": 270, "texture": "#0"},
				"down": {"uv": [0, 0, 1, 2.1], "rotation": 270, "texture": "#0"}
			}
		},
		{
			"from": [7.9475, 1.45, 11.92375],
			"to": [8.0525, 1.765, 11.97625],
			"rotation": {"angle": 22.5, "axis": "x", "origin": [8, 1.5025, 11.45125]},
			"faces": {
				"north": {"uv": [0, 0, 1.5, 2.1], "rotation": 270, "texture": "#1"},
				"east": {"uv": [0, 0, 1.5, 2.1], "rotation": 270, "texture": "#1"},
				"south": {"uv": [0, 0, 1.5, 2.1], "rotation": 270, "texture": "#1"},
				"west": {"uv": [0, 0, 1.5, 2.1], "rotation": 270, "texture": "#1"},
				"up": {"uv": [0, 0, 1.5, 2.1], "rotation": 270, "texture": "#1"},
				"down": {"uv": [0, 0, 1.5, 2.1], "rotation": 270, "texture": "#1"}
			}
		},
		{
			"from": [7.81625, 2.0275, 13.76125],
			"to": [8.18375, 2.15875, 15.2575],
			"faces": {
				"north": {"uv": [0, 0, 1.5, 2.1], "rotation": 270, "texture": "#1"},
				"east": {"uv": [0, 0, 1.5, 2.1], "rotation": 270, "texture": "#1"},
				"south": {"uv": [0, 0, 1.5, 2.1], "rotation": 270, "texture": "#1"},
				"west": {"uv": [0, 0, 1.5, 2.1], "rotation": 270, "texture": "#1"},
				"up": {"uv": [0, 0, 1.5, 2.1], "rotation": 270, "texture": "#1"},
				"down": {"uv": [0, 0, 1.5, 2.1], "rotation": 270, "texture": "#1"}
			}
		},
		{
			"from": [7.81625, 2.2375, 10.34875],
			"to": [8.18375, 2.36875, 11.845],
			"faces": {
				"north": {"uv": [0, 11, 0.5, 12.1], "rotation": 270, "texture": "#1"},
				"east": {"uv": [0, 11, 0.5, 12.1], "rotation": 270, "texture": "#1"},
				"south": {"uv": [0, 11, 0.5, 12.1], "rotation": 270, "texture": "#1"},
				"west": {"uv": [0, 11, 0.5, 12.1], "rotation": 270, "texture": "#1"},
				"up": {"uv": [0, 11, 0.5, 12.1], "rotation": 270, "texture": "#1"},
				"down": {"uv": [0, 11, 0.5, 12.1], "rotation": 270, "texture": "#1"}
			}
		},
		{
			"from": [7.81625, 2.36875, 10.34875],
			"to": [8.18375, 2.5, 10.66375],
			"faces": {
				"north": {"uv": [0, 11, 0.5, 12.1], "rotation": 270, "texture": "#1"},
				"east": {"uv": [0, 11, 0.5, 12.1], "rotation": 270, "texture": "#1"},
				"south": {"uv": [0, 11, 0.5, 12.1], "rotation": 270, "texture": "#1"},
				"west": {"uv": [0, 11, 0.5, 12.1], "rotation": 270, "texture": "#1"},
				"up": {"uv": [0, 11, 0.5, 12.1], "rotation": 270, "texture": "#1"},
				"down": {"uv": [0, 11, 0.5, 12.1], "rotation": 270, "texture": "#1"}
			}
		},
		{
			"from": [7.81625, 2.36875, 11.53],
			"to": [8.18375, 2.5, 11.845],
			"faces": {
				"north": {"uv": [0, 11, 0.5, 12.1], "rotation": 270, "texture": "#1"},
				"east": {"uv": [0, 11, 0.5, 12.1], "rotation": 270, "texture": "#1"},
				"south": {"uv": [0, 11, 0.5, 12.1], "rotation": 270, "texture": "#1"},
				"west": {"uv": [0, 11, 0.5, 12.1], "rotation": 270, "texture": "#1"},
				"up": {"uv": [0, 11, 0.5, 12.1], "rotation": 270, "texture": "#1"},
				"down": {"uv": [0, 11, 0.5, 12.1], "rotation": 270, "texture": "#1"}
			}
		},
		{
			"from": [7.81625, 2.5, 9.955],
			"to": [8.18375, 2.84125, 11.97625],
			"faces": {
				"north": {"uv": [0, 11, 0.5, 12.1], "rotation": 270, "texture": "#2"},
				"east": {"uv": [0, 11, 0.5, 12.1], "rotation": 270, "texture": "#2"},
				"south": {"uv": [0, 11, 0.5, 12.1], "rotation": 270, "texture": "#2"},
				"west": {"uv": [0, 11, 0.5, 12.1], "rotation": 270, "texture": "#2"},
				"up": {"uv": [0, 11, 0.5, 12.1], "rotation": 270, "texture": "#2"},
				"down": {"uv": [0, 11, 0.5, 12.1], "rotation": 270, "texture": "#2"}
			}
		},
		{
			"from": [7.76375, 2.47375, 10.34875],
			"to": [8.23625, 2.8675, 10.66375],
			"faces": {
				"north": {"uv": [0, 11, 0.5, 12.1], "rotation": 270, "texture": "#1"},
				"east": {"uv": [0, 11, 0.5, 12.1], "rotation": 270, "texture": "#1"},
				"south": {"uv": [0, 11, 0.5, 12.1], "rotation": 270, "texture": "#1"},
				"west": {"uv": [0, 11, 0.5, 12.1], "rotation": 270, "texture": "#1"},
				"up": {"uv": [0, 11, 0.5, 12.1], "rotation": 270, "texture": "#1"},
				"down": {"uv": [0, 11, 0.5, 12.1], "rotation": 270, "texture": "#1"}
			}
		},
		{
			"from": [7.76375, 2.47375, 11.53],
			"to": [8.23625, 2.8675, 11.845],
			"faces": {
				"north": {"uv": [0, 11, 0.5, 12.1], "rotation": 270, "texture": "#1"},
				"east": {"uv": [0, 11, 0.5, 12.1], "rotation": 270, "texture": "#1"},
				"south": {"uv": [0, 11, 0.5, 12.1], "rotation": 270, "texture": "#1"},
				"west": {"uv": [0, 11, 0.5, 12.1], "rotation": 270, "texture": "#1"},
				"up": {"uv": [0, 11, 0.5, 12.1], "rotation": 270, "texture": "#1"},
				"down": {"uv": [0, 11, 0.5, 12.1], "rotation": 270, "texture": "#1"}
			}
		},
		{
			"from": [7.76375, 2.4475, 11.97625],
			"to": [8.23625, 2.89375, 12.37],
			"faces": {
				"north": {"uv": [0, 11, 0.5, 12.1], "rotation": 270, "texture": "#2"},
				"east": {"uv": [0, 11, 0.5, 12.1], "rotation": 270, "texture": "#2"},
				"south": {"uv": [0, 11, 0.5, 12.1], "rotation": 270, "texture": "#2"},
				"west": {"uv": [0, 11, 0.5, 12.1], "rotation": 270, "texture": "#2"},
				"up": {"uv": [0, 11, 0.5, 12.1], "rotation": 270, "texture": "#2"},
				"down": {"uv": [0, 11, 0.5, 12.1], "rotation": 270, "texture": "#2"}
			}
		},
		{
			"from": [7.76375, 2.4475, 8.82625],
			"to": [8.23625, 2.89375, 9.955],
			"faces": {
				"north": {"uv": [0, 11, 0.5, 12.1], "rotation": 270, "texture": "#2"},
				"east": {"uv": [0, 11, 0.5, 12.1], "rotation": 270, "texture": "#2"},
				"south": {"uv": [0, 11, 0.5, 12.1], "rotation": 270, "texture": "#2"},
				"west": {"uv": [0, 11, 0.5, 12.1], "rotation": 270, "texture": "#2"},
				"up": {"uv": [0, 11, 0.5, 12.1], "rotation": 270, "texture": "#2"},
				"down": {"uv": [0, 11, 0.5, 12.1], "rotation": 270, "texture": "#2"}
			}
		},
		{
			"from": [7.71125, 2.395, 6.4375],
			"to": [8.28875, 2.94625, 8.72125],
			"faces": {
				"north": {"uv": [0, 11, 0.5, 12.1], "rotation": 270, "texture": "#2"},
				"east": {"uv": [0, 11, 0.5, 12.1], "rotation": 270, "texture": "#2"},
				"south": {"uv": [0, 11, 0.5, 12.1], "rotation": 270, "texture": "#2"},
				"west": {"uv": [0, 11, 0.5, 12.1], "rotation": 270, "texture": "#2"},
				"up": {"uv": [0, 11, 0.5, 12.1], "rotation": 270, "texture": "#2"},
				"down": {"uv": [0, 11, 0.5, 12.1], "rotation": 270, "texture": "#2"}
			}
		},
		{
			"from": [7.71125, 2.395, 6.1225],
			"to": [8.28875, 2.94625, 6.4375],
			"faces": {
				"north": {"uv": [0, 11, 0.5, 12], "rotation": 270, "texture": "#1"},
				"east": {"uv": [0, 11, 0.5, 12], "rotation": 270, "texture": "#1"},
				"south": {"uv": [0, 11, 0.5, 12], "rotation": 270, "texture": "#1"},
				"west": {"uv": [0, 11, 0.5, 12], "rotation": 270, "texture": "#1"},
				"up": {"uv": [0, 11, 0.5, 12], "rotation": 270, "texture": "#1"},
				"down": {"uv": [0, 11, 0.5, 12], "rotation": 270, "texture": "#1"}
			}
		},
		{
			"from": [7.76375, 2.4475, 12.685],
			"to": [8.23625, 2.89375, 12.97375],
			"faces": {
				"north": {"uv": [0, 11, 0.5, 12.1], "rotation": 270, "texture": "#1"},
				"east": {"uv": [0, 11, 0.5, 12.1], "rotation": 270, "texture": "#1"},
				"south": {"uv": [0, 11, 0.5, 12.1], "rotation": 270, "texture": "#1"},
				"west": {"uv": [0, 11, 0.5, 12.1], "rotation": 270, "texture": "#1"},
				"up": {"uv": [0, 11, 0.5, 12.1], "rotation": 270, "texture": "#1"},
				"down": {"uv": [0, 11, 0.5, 12.1], "rotation": 270, "texture": "#1"}
			}
		},
		{
			"from": [7.76375, 2.84125, 10.9],
			"to": [8.23625, 2.9725, 11.3725],
			"rotation": {"angle": -45, "axis": "y", "origin": [8, 2.90688, 11.13625]},
			"faces": {
				"north": {"uv": [0, 11, 0.5, 12.1], "rotation": 180, "texture": "#1"},
				"east": {"uv": [0, 11, 0.5, 12.1], "rotation": 270, "texture": "#1"},
				"south": {"uv": [0, 11, 0.5, 12.1], "texture": "#1"},
				"west": {"uv": [0, 11, 0.5, 12.1], "rotation": 90, "texture": "#1"},
				"up": {"uv": [0, 11, 0.5, 12.1], "texture": "#1"},
				"down": {"uv": [0, 11, 0.5, 12.1], "texture": "#1"}
			}
		},
		{
			"from": [7.76375, 2.4475, 12.37],
			"to": [8.23625, 2.89375, 12.44875],
			"faces": {
				"north": {"uv": [0, 11, 0.5, 12.1], "rotation": 270, "texture": "#1"},
				"east": {"uv": [0, 11, 0.5, 12.1], "rotation": 270, "texture": "#1"},
				"south": {"uv": [0, 11, 0.5, 12.1], "rotation": 270, "texture": "#1"},
				"west": {"uv": [0, 11, 0.5, 12.1], "rotation": 270, "texture": "#1"},
				"up": {"uv": [0, 11, 0.5, 12.1], "rotation": 270, "texture": "#1"},
				"down": {"uv": [0, 11, 0.5, 12.1], "rotation": 270, "texture": "#1"}
			}
		},
		{
			"from": [7.76375, 2.4475, 12.44875],
			"to": [8.23625, 2.89375, 12.685],
			"faces": {
				"north": {"uv": [0, 11, 0.5, 12.1], "rotation": 270, "texture": "#2"},
				"east": {"uv": [0, 11, 0.5, 12.1], "rotation": 270, "texture": "#2"},
				"south": {"uv": [0, 11, 0.5, 12.1], "rotation": 270, "texture": "#2"},
				"west": {"uv": [0, 11, 0.5, 12.1], "rotation": 270, "texture": "#2"},
				"up": {"uv": [0, 11, 0.5, 12.1], "rotation": 270, "texture": "#2"},
				"down": {"uv": [0, 11, 0.5, 12.1], "rotation": 270, "texture": "#2"}
			}
		},
		{
			"from": [7.76375, 2.4475, 8.695],
			"to": [8.23625, 2.89375, 8.82625],
			"faces": {
				"north": {"uv": [0, 11, 0.5, 12.1], "rotation": 270, "texture": "#1"},
				"east": {"uv": [0, 11, 0.5, 12.1], "rotation": 270, "texture": "#1"},
				"south": {"uv": [0, 11, 0.5, 12.1], "rotation": 270, "texture": "#1"},
				"west": {"uv": [0, 11, 0.5, 12.1], "rotation": 270, "texture": "#1"},
				"up": {"uv": [0, 11, 0.5, 12.1], "rotation": 270, "texture": "#1"},
				"down": {"uv": [0, 11, 0.5, 12.1], "rotation": 270, "texture": "#1"}
			}
		},
		{
			"from": [7.9475, 1.975, 0.5575],
			"to": [8.2625, 2.2375, 0.6625],
			"rotation": {"angle": -22.5, "axis": "y", "origin": [8.07875, 2.10625, 0.68875]},
			"faces": {
				"north": {"uv": [0, 0, 1, 1.3], "texture": "#1"},
				"east": {"uv": [0, 0, 1, 1.3], "texture": "#1"},
				"south": {"uv": [0, 0, 1, 1.3], "texture": "#1"},
				"west": {"uv": [0, 0, 1, 1.3], "texture": "#1"},
				"up": {"uv": [0, 0, 1, 1.3], "rotation": 270, "texture": "#1"},
				"down": {"uv": [0, 0, 1, 1.3], "rotation": 90, "texture": "#1"}
			}
		},
		{
			"from": [7.78002, 1.975, 0.60772],
			"to": [8.09502, 2.2375, 0.71273],
			"rotation": {"angle": 22.5, "axis": "y", "origin": [7.83252, 2.10625, 0.73897]},
			"faces": {
				"north": {"uv": [0, 0, 1, 1.3], "texture": "#1"},
				"east": {"uv": [0, 0, 1, 1.3], "texture": "#1"},
				"south": {"uv": [0, 0, 1, 1.3], "texture": "#1"},
				"west": {"uv": [0, 0, 1, 1.3], "texture": "#1"},
				"up": {"uv": [0, 0, 1, 1.3], "rotation": 90, "texture": "#1"},
				"down": {"uv": [0, 0, 1, 1.3], "rotation": 270, "texture": "#1"}
			}
		},
		{
			"from": [7.78002, 1.975, 0.76522],
			"to": [8.09502, 2.2375, 0.81773],
			"rotation": {"angle": 22.5, "axis": "y", "origin": [7.83252, 2.10625, 0.89647]},
			"faces": {
				"north": {"uv": [0, 0, 1, 1.3], "texture": "#1"},
				"east": {"uv": [0, 0, 1, 1.3], "texture": "#1"},
				"south": {"uv": [0, 0, 1, 1.3], "texture": "#1"},
				"west": {"uv": [0, 0, 1, 1.3], "texture": "#1"},
				"up": {"uv": [0, 0, 1, 1.3], "rotation": 90, "texture": "#1"},
				"down": {"uv": [0, 0, 1, 1.3], "rotation": 270, "texture": "#1"}
			}
		},
		{
			"from": [7.78002, 1.975, 0.87022],
			"to": [8.09502, 2.2375, 0.92273],
			"rotation": {"angle": 22.5, "axis": "y", "origin": [7.83252, 2.10625, 1.00147]},
			"faces": {
				"north": {"uv": [0, 0, 1, 1.3], "texture": "#1"},
				"east": {"uv": [0, 0, 1, 1.3], "texture": "#1"},
				"south": {"uv": [0, 0, 1, 1.3], "texture": "#1"},
				"west": {"uv": [0, 0, 1, 1.3], "texture": "#1"},
				"up": {"uv": [0, 0, 1, 1.3], "rotation": 90, "texture": "#1"},
				"down": {"uv": [0, 0, 1, 1.3], "rotation": 270, "texture": "#1"}
			}
		},
		{
			"from": [7.9475, 1.975, 0.715],
			"to": [8.2625, 2.2375, 0.7675],
			"rotation": {"angle": -22.5, "axis": "y", "origin": [8.07875, 2.10625, 0.84625]},
			"faces": {
				"north": {"uv": [0, 0, 1, 1.3], "texture": "#1"},
				"east": {"uv": [0, 0, 1, 1.3], "texture": "#1"},
				"south": {"uv": [0, 0, 1, 1.3], "texture": "#1"},
				"west": {"uv": [0, 0, 1, 1.3], "texture": "#1"},
				"up": {"uv": [0, 0, 1, 1.3], "rotation": 270, "texture": "#1"},
				"down": {"uv": [0, 0, 1, 1.3], "rotation": 90, "texture": "#1"}
			}
		},
		{
			"from": [7.9475, 1.975, 0.82],
			"to": [8.2625, 2.2375, 0.8725],
			"rotation": {"angle": -22.5, "axis": "y", "origin": [8.07875, 2.10625, 0.95125]},
			"faces": {
				"north": {"uv": [0, 0, 1, 1.3], "texture": "#1"},
				"east": {"uv": [0, 0, 1, 1.3], "texture": "#1"},
				"south": {"uv": [0, 0, 1, 1.3], "texture": "#1"},
				"west": {"uv": [0, 0, 1, 1.3], "texture": "#1"},
				"up": {"uv": [0, 0, 1, 1.3], "rotation": 270, "texture": "#1"},
				"down": {"uv": [0, 0, 1, 1.3], "rotation": 90, "texture": "#1"}
			}
		},
		{
			"from": [7.71125, 2.5525, 11.005],
			"to": [7.81625, 2.815, 11.2675],
			"faces": {
				"north": {"uv": [0, 11, 0.5, 12.1], "rotation": 270, "texture": "#2"},
				"east": {"uv": [0, 11, 0.5, 12.1], "rotation": 270, "texture": "#2"},
				"south": {"uv": [0, 11, 0.5, 12.1], "rotation": 270, "texture": "#2"},
				"west": {"uv": [0, 11, 0.5, 12.1], "rotation": 270, "texture": "#2"},
				"up": {"uv": [0, 11, 0.5, 12.1], "rotation": 270, "texture": "#2"},
				"down": {"uv": [0, 11, 0.5, 12.1], "rotation": 270, "texture": "#2"}
			}
		},
		{
			"from": [8.18375, 2.5525, 11.005],
			"to": [8.28875, 2.815, 11.2675],
			"faces": {
				"north": {"uv": [0, 11, 0.5, 12.1], "rotation": 270, "texture": "#2"},
				"east": {"uv": [0, 11, 0.5, 12.1], "rotation": 270, "texture": "#2"},
				"south": {"uv": [0, 11, 0.5, 12.1], "rotation": 270, "texture": "#2"},
				"west": {"uv": [0, 11, 0.5, 12.1], "rotation": 270, "texture": "#2"},
				"up": {"uv": [0, 11, 0.5, 12.1], "rotation": 270, "texture": "#2"},
				"down": {"uv": [0, 11, 0.5, 12.1], "rotation": 270, "texture": "#2"}
			}
		},
		{
			"from": [7.92125, 1.555, 5.44],
			"to": [8.07875, 1.7125, 5.545],
			"faces": {
				"north": {"uv": [0, 0, 1.5, 2.1], "rotation": 270, "texture": "#1"},
				"east": {"uv": [0, 0, 1.5, 2.1], "rotation": 270, "texture": "#1"},
				"south": {"uv": [0, 0, 1.5, 2.1], "rotation": 270, "texture": "#1"},
				"west": {"uv": [0, 0, 1.5, 2.1], "rotation": 270, "texture": "#1"},
				"up": {"uv": [0, 0, 1.5, 2.1], "rotation": 270, "texture": "#1"},
				"down": {"uv": [0, 0, 1.5, 2.1], "rotation": 270, "texture": "#1"}
			}
		},
		{
			"from": [7.937, 2.04325, 0.28975],
			"to": [8.063, 2.16925, 0.34225],
			"faces": {
				"north": {"uv": [0, 0, 1, 1.3], "texture": "#4"},
				"east": {"uv": [0, 0, 1, 1.3], "texture": "#4"},
				"south": {"uv": [0, 0, 1, 1.3], "texture": "#4"},
				"west": {"uv": [0, 0, 1, 1.3], "texture": "#4"},
				"up": {"uv": [0, 0, 1, 1.3], "texture": "#4"},
				"down": {"uv": [0, 0, 1, 1.3], "texture": "#4"}
			}
		},
		{
			"from": [7.76625, 2.45, 6.122],
			"to": [8.23375, 2.89125, 6.132],
			"faces": {
				"north": {"uv": [2.25, 2, 13.75, 13.75], "rotation": 270, "texture": "#5"},
				"east": {"uv": [0, 0, 16, 16], "rotation": 270, "texture": "#3"},
				"south": {"uv": [0, 0, 16, 16], "rotation": 270, "texture": "#3"},
				"west": {"uv": [0, 0, 16, 16], "rotation": 270, "texture": "#3"},
				"up": {"uv": [0, 0, 16, 16], "rotation": 270, "texture": "#3"},
				"down": {"uv": [0, 0, 16, 16], "rotation": 270, "texture": "#3"}
			}
		},
		{
			"from": [7.6375, 1.9025, 5.545],
			"to": [8.3625, 1.9275, 9.895],
			"faces": {
				"north": {"uv": [0, 0, 1, 1], "texture": "#0"},
				"east": {"uv": [0, 0, 1, 1], "texture": "#0"},
				"south": {"uv": [0, 0, 1, 1], "texture": "#0"},
				"west": {"uv": [0, 0, 1, 1], "texture": "#0"},
				"up": {"uv": [0, 0, 1, 1], "texture": "#0"},
				"down": {"uv": [0, 0, 1, 1], "texture": "#0"}
			}
		},
		{
			"from": [7.6375, 1.7025, 5.745],
			"to": [8.3625, 1.7275, 5.995],
			"faces": {
				"north": {"uv": [0, 0, 1, 1], "texture": "#0"},
				"east": {"uv": [0, 0, 1, 1], "texture": "#0"},
				"south": {"uv": [0, 0, 1, 1], "texture": "#0"},
				"west": {"uv": [0, 0, 1, 1], "texture": "#0"},
				"up": {"uv": [0, 0, 1, 1], "texture": "#0"},
				"down": {"uv": [0, 0, 1, 1], "texture": "#0"}
			}
		},
		{
			"from": [7.6375, 1.8025, 9.445],
			"to": [8.3625, 1.8275, 15.295],
			"faces": {
				"north": {"uv": [0, 0, 1, 1], "texture": "#0"},
				"east": {"uv": [0, 0, 1, 1], "texture": "#0"},
				"south": {"uv": [0, 0, 1, 1], "texture": "#0"},
				"west": {"uv": [0, 0, 1, 1], "texture": "#0"},
				"up": {"uv": [0, 0, 1, 1], "texture": "#0"},
				"down": {"uv": [0, 0, 1, 1], "texture": "#0"}
			}
		},
		{
			"from": [7.81625, 2.49, 12.964],
			"to": [8.18375, 2.8575, 12.974],
			"faces": {
				"north": {"uv": [2.25, 2, 13.75, 13.75], "rotation": 270, "texture": "#5"},
				"east": {"uv": [0, 0, 16, 16], "rotation": 270, "texture": "#3"},
				"south": {"uv": [2, 2, 13.75, 13.75], "texture": "#5"},
				"west": {"uv": [0, 0, 16, 16], "rotation": 270, "texture": "#3"},
				"up": {"uv": [0, 0, 16, 16], "rotation": 270, "texture": "#3"},
				"down": {"uv": [0, 0, 16, 16], "rotation": 270, "texture": "#3"}
			}
		}
	],
	"display": {
		"thirdperson_righthand": {
			"rotation": [0, -15, 0],
			"translation": [2, 13.25, -6.75],
			"scale": [2, 2, 2]
		},
		"thirdperson_lefthand": {
			"translation": [-0.5, 10.5, -2.5],
			"scale": [1.5, 1.5, 1.5]
		},
		"firstperson_righthand": {
			"rotation": [5, -4, 0],
			"translation": [8, 17.5, 1],
			"scale": [2, 2, 2]
		},
		"firstperson_lefthand": {
			"scale": [0, 0, 0]
		},
		"ground": {
			"translation": [0, 5, 0]
		},
		"gui": {
			"rotation": [90, 50, -90],
			"translation": [5.5, 8, 0],
			"scale": [1.5, 1.5, 1.5]
		},
		"fixed": {
			"rotation": [90, 50, -90],
			"translation": [5.5, 8, 0],
			"scale": [1.5, 1.5, 1.5]
		}
	}
}