{
	"credit": "Made with Blockbench",
	"textures": {
		"3": "block/gray_concrete",
		"4": "zcbm/weapons/texture03"
	},
	"elements": [
		{
			"from": [7.51563, 3.42986, 9.24873],
			"to": [7.98438, 5.17986, 9.62373],
			"rotation": {"angle": -22.5, "axis": "x", "origin": [7.75001, 3.55486, 11.59248]},
			"faces": {
				"north": {"uv": [0, 7.25, 0.46875, 9], "texture": "#4"},
				"east": {"uv": [0.5, 5, 0.875, 6.75], "rotation": 180, "texture": "#4"},
				"south": {"uv": [5, 12, 6, 13], "rotation": 90, "texture": "#3"},
				"west": {"uv": [0.5, 5, 0.875, 6.75], "texture": "#4"},
				"up": {"uv": [5, 12, 6, 13], "rotation": 90, "texture": "#3"},
				"down": {"uv": [5, 12, 6, 13], "rotation": 90, "texture": "#3"}
			}
		},
		{
			"from": [7.60938, 4.80234, -0.34978],
			"to": [7.92188, 5.11484, 1.77522],
			"faces": {
				"north": {"uv": [2.75, 0, 4.25, 1.5], "rotation": 180, "texture": "#4"},
				"east": {"uv": [0.25, 0, 2.375, 0.25], "texture": "#4"},
				"south": {"uv": [11, 5, 14, 8], "texture": "#3"},
				"west": {"uv": [0.25, 0, 2.375, 0.25], "texture": "#4"},
				"up": {"uv": [0, 0, 0.25, 2.125], "texture": "#4"},
				"down": {"uv": [0, 0, 0.25, 2.125], "texture": "#4"}
			}
		},
		{
			"from": [7.50001, 2.49236, 9.31123],
			"to": [8.00001, 2.74236, 10.2331],
			"faces": {
				"north": {"uv": [0, 5, 0.92188, 5.25], "texture": "#4"},
				"east": {"uv": [0, 5, 0.92188, 5.25], "texture": "#4"},
				"south": {"uv": [0, 5, 0.92188, 5.25], "texture": "#4"},
				"west": {"uv": [0, 5, 0.92188, 5.25], "texture": "#4"},
				"up": {"uv": [0, 5, 0.92188, 5.25], "texture": "#4"},
				"down": {"uv": [0, 5, 0.92188, 5.25], "texture": "#4"}
			}
		},
		{
			"from": [7.51563, 3.30486, 9.62373],
			"to": [7.98438, 5.17986, 9.99873],
			"rotation": {"angle": -22.5, "axis": "x", "origin": [7.75001, 3.55486, 11.59248]},
			"faces": {
				"north": {"uv": [5, 12, 6, 13], "rotation": 90, "texture": "#3"},
				"east": {"uv": [0, 5, 0.375, 6.875], "rotation": 180, "texture": "#4"},
				"south": {"uv": [1.25, 5.75, 1.71875, 7.625], "texture": "#4"},
				"west": {"uv": [0, 5, 0.375, 6.875], "texture": "#4"},
				"up": {"uv": [5, 12, 6, 13], "rotation": 90, "texture": "#3"},
				"down": {"uv": [5, 12, 6, 13], "rotation": 90, "texture": "#3"}
			}
		},
		{
			"from": [7.39063, 4.58359, 1.77522],
			"to": [8.14063, 5.58359, 14.65022],
			"faces": {
				"north": {"uv": [0, 2.5, 0.75, 3.5], "texture": "#4"},
				"east": {"uv": [0, 2.5, 12.875, 3.5], "texture": "#4"},
				"south": {"uv": [0, 2.5, 0.75, 3.5], "texture": "#4"},
				"west": {"uv": [0, 2.5, 12.875, 3.5], "texture": "#4"},
				"up": {"uv": [0, 2.5, 12.875, 3.5], "rotation": 270, "texture": "#4"},
				"down": {"uv": [7.5, 2.5, 9.875, 3], "texture": "#4"}
			}
		},
		{
			"from": [7.39063, 4.33359, 3.52522],
			"to": [8.14063, 4.58359, 6.15022],
			"faces": {
				"north": {"uv": [4.5, 3, 5.25, 3.5], "rotation": 180, "texture": "#4"},
				"east": {"uv": [3, 3, 5.625, 3.25], "texture": "#4"},
				"south": {"uv": [4.5, 3, 5.25, 3.5], "rotation": 180, "texture": "#4"},
				"west": {"uv": [3, 3, 5.625, 3.25], "texture": "#4"},
				"up": {"uv": [8, 0, 10, 12], "texture": "#3"},
				"down": {"uv": [0, 2.5, 2.625, 3.25], "rotation": 270, "texture": "#4"}
			}
		},
		{
			"from": [7.39063, 4.08359, 7.27522],
			"to": [8.14063, 4.58359, 9.65022],
			"faces": {
				"north": {"uv": [10.25, 2.5, 11, 3], "rotation": 180, "texture": "#4"},
				"east": {"uv": [7.5, 2.5, 9.875, 3], "texture": "#4"},
				"south": {"uv": [8, 0, 10, 12], "texture": "#3"},
				"west": {"uv": [7.5, 2.5, 9.875, 3], "texture": "#4"},
				"up": {"uv": [8, 0, 10, 12], "texture": "#3"},
				"down": {"uv": [7.5, 2.5, 9.875, 3], "texture": "#4"}
			}
		},
		{
			"from": [7.40625, 4.73984, 9.6971],
			"to": [8.10938, 5.20859, 10.52522],
			"rotation": {"angle": -45, "axis": "x", "origin": [7.76563, 4.33359, 10.46272]},
			"faces": {
				"north": {"uv": [8, 0, 10, 12], "rotation": 180, "texture": "#3"},
				"east": {"uv": [4.5, 2.5, 5.4375, 3], "texture": "#4"},
				"south": {"uv": [8, 0, 10, 12], "texture": "#3"},
				"west": {"uv": [4.5, 2.5, 5.4375, 3], "texture": "#4"},
				"up": {"uv": [8, 0, 10, 12], "texture": "#3"},
				"down": {"uv": [7, 2.5, 7.70313, 3.4375], "texture": "#4"}
			}
		},
		{
			"from": [7.39063, 4.08359, 11.77522],
			"to": [8.14063, 4.58359, 14.65022],
			"faces": {
				"north": {"uv": [4.5, 3, 5.25, 3.5], "rotation": 180, "texture": "#4"},
				"east": {"uv": [2.75, 3, 5.625, 3.5], "texture": "#4"},
				"south": {"uv": [0, 2.5, 0.75, 3.5], "texture": "#4"},
				"west": {"uv": [2.75, 3, 5.625, 3.5], "texture": "#4"},
				"up": {"uv": [8, 0, 10, 12], "texture": "#3"},
				"down": {"uv": [7.5, 2.5, 9.875, 3], "texture": "#4"}
			}
		},
		{
			"from": [7.39063, 3.58359, 13.02522],
			"to": [8.14063, 4.08359, 14.65022],
			"faces": {
				"north": {"uv": [4.5, 3, 5.25, 3.5], "rotation": 180, "texture": "#4"},
				"east": {"uv": [2, 2.75, 3.625, 3.25], "texture": "#4"},
				"south": {"uv": [0, 2.5, 0.75, 3.5], "texture": "#4"},
				"west": {"uv": [8, 2.75, 9.625, 3.25], "texture": "#4"},
				"up": {"uv": [8, 0, 10, 12], "texture": "#3"},
				"down": {"uv": [0, 2.5, 0.75, 3.375], "rotation": 270, "texture": "#4"}
			}
		},
		{
			"from": [7.375, 4.77109, 2.08772],
			"to": [7.39063, 5.39609, 5.65022],
			"faces": {
				"north": {"uv": [8, 0, 10, 12], "rotation": 180, "texture": "#3"},
				"east": {"uv": [8, 0, 10, 12], "texture": "#3"},
				"south": {"uv": [8, 0, 10, 12], "texture": "#3"},
				"west": {"uv": [4.5, 0, 8.0625, 0.625], "texture": "#4"},
				"up": {"uv": [8, 0, 10, 12], "texture": "#3"},
				"down": {"uv": [8, 0, 10, 12], "texture": "#3"}
			}
		},
		{
			"from": [8.14063, 4.77109, 2.08772],
			"to": [8.15625, 5.39609, 5.65022],
			"faces": {
				"north": {"uv": [8, 0, 10, 12], "rotation": 180, "texture": "#3"},
				"east": {"uv": [4.5, 0, 8.0625, 0.625], "texture": "#4"},
				"south": {"uv": [8, 0, 10, 12], "texture": "#3"},
				"west": {"uv": [4.5, 0, 8.0625, 0.625], "texture": "#4"},
				"up": {"uv": [8, 0, 10, 12], "texture": "#3"},
				"down": {"uv": [8, 0, 10, 12], "texture": "#3"}
			}
		},
		{
			"from": [7.57813, 4.77109, 1.58772],
			"to": [7.95313, 5.14609, 1.90022],
			"faces": {
				"north": {"uv": [2.25, 0.5, 3, 1.25], "rotation": 180, "texture": "#4"},
				"east": {"uv": [0.25, 0, 2.375, 0.25], "texture": "#4"},
				"south": {"uv": [11, 5, 14, 8], "texture": "#3"},
				"west": {"uv": [0.25, 0, 2.375, 0.25], "texture": "#4"},
				"up": {"uv": [0, 0, 0.25, 2.125], "texture": "#4"},
				"down": {"uv": [0, 0, 0.25, 2.125], "texture": "#4"}
			}
		},
		{
			"from": [7.67188, 5.30234, 1.58772],
			"to": [7.85938, 5.48984, 1.90022],
			"faces": {
				"north": {"uv": [0, 0, 0.1875, 0.1875], "rotation": 180, "texture": "#4"},
				"east": {"uv": [0.25, 0, 2.375, 0.25], "texture": "#4"},
				"south": {"uv": [11, 5, 14, 8], "texture": "#3"},
				"west": {"uv": [0.25, 0, 2.375, 0.25], "texture": "#4"},
				"up": {"uv": [0, 0, 0.25, 2.125], "texture": "#4"},
				"down": {"uv": [0, 0, 0.25, 2.125], "texture": "#4"}
			}
		},
		{
			"from": [7.6875, 2.58359, 7.29085],
			"to": [7.85938, 2.67734, 9.30647],
			"faces": {
				"north": {"uv": [11, 0, 11.84375, 0.53125], "texture": "#4"},
				"east": {"uv": [11, 0, 11.84375, 0.53125], "texture": "#4"},
				"south": {"uv": [11, 0, 11.84375, 0.53125], "texture": "#4"},
				"west": {"uv": [11, 0, 11.84375, 0.53125], "texture": "#4"},
				"up": {"uv": [11, 0, 11.84375, 0.53125], "texture": "#4"},
				"down": {"uv": [11, 0, 11.84375, 0.53125], "texture": "#4"}
			}
		},
		{
			"from": [7.6875, 5.42734, 1.79085],
			"to": [7.85938, 6.38047, 1.85335],
			"faces": {
				"north": {"uv": [11, 0, 11.84375, 0.53125], "texture": "#4"},
				"east": {"uv": [11, 0, 11.84375, 0.53125], "rotation": 270, "texture": "#4"},
				"south": {"uv": [11, 0, 11.84375, 0.53125], "texture": "#4"},
				"west": {"uv": [11, 0, 11.84375, 0.53125], "rotation": 90, "texture": "#4"},
				"up": {"uv": [11, 0, 11.84375, 0.53125], "texture": "#4"},
				"down": {"uv": [11, 0, 11.84375, 0.53125], "texture": "#4"}
			}
		},
		{
			"from": [7.6875, 3.55234, 8.79085],
			"to": [7.85938, 4.08359, 9.0721],
			"faces": {
				"north": {"uv": [11, 0, 11.84375, 0.53125], "texture": "#4"},
				"east": {"uv": [11, 0, 11.84375, 0.53125], "rotation": 270, "texture": "#4"},
				"south": {"uv": [11, 0, 11.84375, 0.53125], "texture": "#4"},
				"west": {"uv": [11, 0, 11.84375, 0.53125], "texture": "#4"},
				"up": {"uv": [11, 0, 11.84375, 0.53125], "texture": "#4"},
				"down": {"uv": [11, 0, 11.84375, 0.53125], "texture": "#4"}
			}
		},
		{
			"from": [7.6875, 3.55234, 7.27522],
			"to": [7.85938, 4.08359, 8.11897],
			"faces": {
				"north": {"uv": [11, 0, 11.84375, 0.53125], "texture": "#4"},
				"east": {"uv": [11, 0, 11.84375, 0.53125], "rotation": 270, "texture": "#4"},
				"south": {"uv": [11, 0, 11.84375, 0.53125], "texture": "#4"},
				"west": {"uv": [11, 0, 11.84375, 0.53125], "texture": "#4"},
				"up": {"uv": [11, 0, 11.84375, 0.53125], "texture": "#4"},
				"down": {"uv": [11, 0, 11.84375, 0.53125], "texture": "#4"}
			}
		},
		{
			"from": [7.75, 3.98984, 8.10335],
			"to": [7.79688, 4.08359, 8.8221],
			"faces": {
				"north": {"uv": [11, 0, 11.84375, 0.53125], "texture": "#4"},
				"east": {"uv": [11, 0, 11.84375, 0.53125], "rotation": 270, "texture": "#4"},
				"south": {"uv": [11, 0, 11.84375, 0.53125], "texture": "#4"},
				"west": {"uv": [11, 0, 11.84375, 0.53125], "texture": "#4"},
				"up": {"uv": [11, 0, 11.84375, 0.53125], "texture": "#4"},
				"down": {"uv": [11, 0, 11.84375, 0.53125], "texture": "#4"}
			}
		},
		{
			"from": [7.75, 3.55234, 8.10335],
			"to": [7.79688, 3.64609, 8.8221],
			"faces": {
				"north": {"uv": [11, 0, 11.84375, 0.53125], "texture": "#4"},
				"east": {"uv": [11, 0, 11.84375, 0.53125], "rotation": 270, "texture": "#4"},
				"south": {"uv": [11, 0, 11.84375, 0.53125], "texture": "#4"},
				"west": {"uv": [11, 0, 11.84375, 0.53125], "texture": "#4"},
				"up": {"uv": [11, 0, 11.84375, 0.53125], "texture": "#4"},
				"down": {"uv": [11, 0, 11.84375, 0.53125], "texture": "#4"}
			}
		},
		{
			"from": [7.75, 3.81797, 8.55647],
			"to": [7.79688, 4.28672, 8.65022],
			"rotation": {"angle": 22.5, "axis": "x", "origin": [7.77344, 3.84922, 8.33772]},
			"faces": {
				"north": {"uv": [11, 0, 11.84375, 0.53125], "texture": "#4"},
				"east": {"uv": [11, 0, 11.84375, 0.53125], "texture": "#4"},
				"south": {"uv": [11, 0, 11.84375, 0.53125], "texture": "#4"},
				"west": {"uv": [11, 0, 11.84375, 0.53125], "texture": "#4"},
				"up": {"uv": [11, 0, 11.84375, 0.53125], "texture": "#4"},
				"down": {"uv": [11, 0, 11.84375, 0.53125], "texture": "#4"}
			}
		},
		{
			"from": [8.14063, 4.83359, 6.02522],
			"to": [8.15625, 5.14609, 7.40022],
			"faces": {
				"north": {"uv": [8, 0, 10, 12], "rotation": 180, "texture": "#3"},
				"east": {"uv": [0, 3.75, 3.5625, 4.375], "texture": "#4"},
				"south": {"uv": [8, 0, 10, 12], "texture": "#3"},
				"west": {"uv": [4.5, 0, 8.0625, 0.625], "texture": "#4"},
				"up": {"uv": [8, 0, 10, 12], "texture": "#3"},
				"down": {"uv": [8, 0, 10, 12], "texture": "#3"}
			}
		},
		{
			"from": [7.6875, 5.55234, 2.08772],
			"to": [7.85938, 6.50547, 2.15022],
			"rotation": {"angle": -22.5, "axis": "x", "origin": [7.77344, 5.9039, 2.3221]},
			"faces": {
				"north": {"uv": [11, 0, 11.84375, 0.53125], "texture": "#4"},
				"east": {"uv": [11, 0, 11.84375, 0.53125], "rotation": 270, "texture": "#4"},
				"south": {"uv": [11, 0, 11.84375, 0.53125], "texture": "#4"},
				"west": {"uv": [11, 0, 11.84375, 0.53125], "rotation": 90, "texture": "#4"},
				"up": {"uv": [11, 0, 11.84375, 0.53125], "texture": "#4"},
				"down": {"uv": [11, 0, 11.84375, 0.53125], "texture": "#4"}
			}
		},
		{
			"from": [7.65625, 6.34922, 1.74397],
			"to": [7.89063, 6.41172, 2.0096],
			"faces": {
				"north": {"uv": [11, 0, 11.84375, 0.53125], "texture": "#4"},
				"east": {"uv": [11, 0, 11.84375, 0.53125], "rotation": 270, "texture": "#4"},
				"south": {"uv": [11, 0, 11.84375, 0.53125], "texture": "#4"},
				"west": {"uv": [11, 0, 11.84375, 0.53125], "rotation": 90, "texture": "#4"},
				"up": {"uv": [11, 0, 11.84375, 0.53125], "texture": "#4"},
				"down": {"uv": [11, 0, 11.84375, 0.53125], "texture": "#4"}
			}
		},
		{
			"from": [7.65625, 6.41172, 1.74397],
			"to": [7.70313, 6.55234, 2.0096],
			"faces": {
				"north": {"uv": [11, 0, 11.84375, 0.53125], "texture": "#4"},
				"east": {"uv": [11, 0, 11.84375, 0.53125], "rotation": 270, "texture": "#4"},
				"south": {"uv": [11, 0, 11.84375, 0.53125], "texture": "#4"},
				"west": {"uv": [11, 0, 11.84375, 0.53125], "rotation": 90, "texture": "#4"},
				"up": {"uv": [11, 0, 11.84375, 0.53125], "texture": "#4"},
				"down": {"uv": [11, 0, 11.84375, 0.53125], "texture": "#4"}
			}
		},
		{
			"from": [7.84375, 6.41172, 1.74397],
			"to": [7.89063, 6.55234, 2.0096],
			"faces": {
				"north": {"uv": [11, 0, 11.84375, 0.53125], "texture": "#4"},
				"east": {"uv": [11, 0, 11.84375, 0.53125], "rotation": 270, "texture": "#4"},
				"south": {"uv": [11, 0, 11.84375, 0.53125], "texture": "#4"},
				"west": {"uv": [11, 0, 11.84375, 0.53125], "rotation": 90, "texture": "#4"},
				"up": {"uv": [11, 0, 11.84375, 0.53125], "texture": "#4"},
				"down": {"uv": [11, 0, 11.84375, 0.53125], "texture": "#4"}
			}
		},
		{
			"from": [7.84375, 6.41172, 9.99397],
			"to": [7.89063, 6.55234, 10.2596],
			"faces": {
				"north": {"uv": [11, 0, 11.84375, 0.53125], "texture": "#4"},
				"east": {"uv": [11, 0, 11.84375, 0.53125], "rotation": 270, "texture": "#4"},
				"south": {"uv": [11, 0, 11.84375, 0.53125], "texture": "#4"},
				"west": {"uv": [11, 0, 11.84375, 0.53125], "rotation": 90, "texture": "#4"},
				"up": {"uv": [11, 0, 11.84375, 0.53125], "texture": "#4"},
				"down": {"uv": [11, 0, 11.84375, 0.53125], "texture": "#4"}
			}
		},
		{
			"from": [7.65625, 6.41172, 9.99397],
			"to": [7.70313, 6.55234, 10.2596],
			"faces": {
				"north": {"uv": [11, 0, 11.84375, 0.53125], "texture": "#4"},
				"east": {"uv": [11, 0, 11.84375, 0.53125], "rotation": 270, "texture": "#4"},
				"south": {"uv": [11, 0, 11.84375, 0.53125], "texture": "#4"},
				"west": {"uv": [11, 0, 11.84375, 0.53125], "rotation": 90, "texture": "#4"},
				"up": {"uv": [11, 0, 11.84375, 0.53125], "texture": "#4"},
				"down": {"uv": [11, 0, 11.84375, 0.53125], "texture": "#4"}
			}
		},
		{
			"from": [7.65625, 6.34922, 9.99397],
			"to": [7.89063, 6.41172, 10.2596],
			"faces": {
				"north": {"uv": [11, 0, 11.84375, 0.53125], "texture": "#4"},
				"east": {"uv": [11, 0, 11.84375, 0.53125], "rotation": 270, "texture": "#4"},
				"south": {"uv": [11, 0, 11.84375, 0.53125], "texture": "#4"},
				"west": {"uv": [11, 0, 11.84375, 0.53125], "rotation": 90, "texture": "#4"},
				"up": {"uv": [11, 0, 11.84375, 0.53125], "texture": "#4"},
				"down": {"uv": [11, 0, 11.84375, 0.53125], "texture": "#4"}
			}
		},
		{
			"from": [7.6875, 5.55234, 10.33772],
			"to": [7.85938, 6.50547, 10.40022],
			"rotation": {"angle": -22.5, "axis": "x", "origin": [7.77344, 5.9039, 10.5721]},
			"faces": {
				"north": {"uv": [11, 0, 11.84375, 0.53125], "texture": "#4"},
				"east": {"uv": [11, 0, 11.84375, 0.53125], "rotation": 270, "texture": "#4"},
				"south": {"uv": [11, 0, 11.84375, 0.53125], "texture": "#4"},
				"west": {"uv": [11, 0, 11.84375, 0.53125], "rotation": 90, "texture": "#4"},
				"up": {"uv": [11, 0, 11.84375, 0.53125], "texture": "#4"},
				"down": {"uv": [11, 0, 11.84375, 0.53125], "texture": "#4"}
			}
		},
		{
			"from": [7.6875, 5.42734, 10.04085],
			"to": [7.85938, 6.38047, 10.10335],
			"faces": {
				"north": {"uv": [11, 0, 11.84375, 0.53125], "texture": "#4"},
				"east": {"uv": [11, 0, 11.84375, 0.53125], "rotation": 270, "texture": "#4"},
				"south": {"uv": [11, 0, 11.84375, 0.53125], "texture": "#4"},
				"west": {"uv": [11, 0, 11.84375, 0.53125], "rotation": 90, "texture": "#4"},
				"up": {"uv": [11, 0, 11.84375, 0.53125], "texture": "#4"},
				"down": {"uv": [11, 0, 11.84375, 0.53125], "texture": "#4"}
			}
		},
		{
			"from": [7.65625, 6.55234, 9.99397],
			"to": [7.89063, 6.61484, 10.2596],
			"faces": {
				"north": {"uv": [11, 0, 11.84375, 0.53125], "texture": "#4"},
				"east": {"uv": [11, 0, 11.84375, 0.53125], "rotation": 270, "texture": "#4"},
				"south": {"uv": [11, 0, 11.84375, 0.53125], "texture": "#4"},
				"west": {"uv": [11, 0, 11.84375, 0.53125], "rotation": 90, "texture": "#4"},
				"up": {"uv": [11, 0, 11.84375, 0.53125], "texture": "#4"},
				"down": {"uv": [11, 0, 11.84375, 0.53125], "texture": "#4"}
			}
		},
		{
			"from": [7.6875, 5.46611, 4.86003],
			"to": [7.85938, 5.59111, 5.81315],
			"rotation": {"angle": -22.5, "axis": "x", "origin": [7.77344, 5.93486, 5.33659]},
			"faces": {
				"north": {"uv": [11, 0, 11.84375, 0.53125], "texture": "#4"},
				"east": {"uv": [11, 0, 11.84375, 0.53125], "rotation": 180, "texture": "#4"},
				"south": {"uv": [11, 0, 11.84375, 0.53125], "texture": "#4"},
				"west": {"uv": [11, 0, 11.84375, 0.53125], "rotation": 180, "texture": "#4"},
				"up": {"uv": [11, 0, 11.84375, 0.53125], "texture": "#4"},
				"down": {"uv": [11, 0, 11.84375, 0.53125], "texture": "#4"}
			}
		},
		{
			"from": [7.6875, 4.70829, 5.49284],
			"to": [7.85938, 5.66142, 5.68034],
			"rotation": {"angle": -45, "axis": "x", "origin": [7.77344, 5.93486, 5.33659]},
			"faces": {
				"north": {"uv": [11, 0, 11.84375, 0.53125], "texture": "#4"},
				"east": {"uv": [11, 0, 11.84375, 0.53125], "rotation": 270, "texture": "#4"},
				"south": {"uv": [11, 0, 11.84375, 0.53125], "texture": "#4"},
				"west": {"uv": [11, 0, 11.84375, 0.53125], "rotation": 90, "texture": "#4"},
				"up": {"uv": [11, 0, 11.84375, 0.53125], "texture": "#4"},
				"down": {"uv": [11, 0, 11.84375, 0.53125], "texture": "#4"}
			}
		},
		{
			"from": [7.6875, 2.67734, 7.29085],
			"to": [7.85938, 3.63047, 7.35335],
			"faces": {
				"north": {"uv": [11, 0, 11.84375, 0.53125], "texture": "#4"},
				"east": {"uv": [11, 0, 11.84375, 0.53125], "rotation": 270, "texture": "#4"},
				"south": {"uv": [11, 0, 11.84375, 0.53125], "texture": "#4"},
				"west": {"uv": [11, 0, 11.84375, 0.53125], "rotation": 90, "texture": "#4"},
				"up": {"uv": [11, 0, 11.84375, 0.53125], "texture": "#4"},
				"down": {"uv": [11, 0, 11.84375, 0.53125], "texture": "#4"}
			}
		}
	],
	"display": {
		"thirdperson_righthand": {
			"rotation": [0, -15, 0],
			"translation": [1.25, 7.75, -1],
			"scale": [1.75, 1.75, 1.75]
		},
		"thirdperson_lefthand": {
			"translation": [-0.5, 11.5, -4.5],
			"scale": [1.5, 1.5, 1.5]
		},
		"firstperson_righthand": {
			"rotation": [8, -4, 0],
			"translation": [8, 8.75, 4.25]
		},
		"ground": {
			"translation": [0, 4, 0]
		},
		"gui": {
			"rotation": [90, 50, -90],
			"translation": [3.25, 3, 0],
			"scale": [1.1, 1.1, 1.1]
		},
		"fixed": {
			"rotation": [90, 50, -90],
			"translation": [3.75, 3, -0.75],
			"scale": [1.5, 1.5, 1.5]
		}
	}
}