{
	"providers": [
		{
			"type": "ttf",
			"file": "minecraft:negative_spaces.ttf",
			"shift": [0.0, 0.0],
			"size": 10.0,
			"oversample": 1.0
		},
		{
			"type": "bitmap",
			"file": "minecraft:font/apple.png",
			"ascent": 10,
			"height": 10,
			"chars": ["\uEFFF"]
		},
		{
			"type": "bitmap",
			"file": "minecraft:font/cracks01.png",
			"ascent": 125,
			"height": 250,
			"chars": ["\uEE01"]
		},
		{
			"type": "bitmap",
			"file": "minecraft:font/cracks02.png",
			"ascent": 125,
			"height": 250,
			"chars": ["\uEE02"]
		},
		{
			"type": "bitmap",
			"file": "minecraft:font/cracks03.png",
			"ascent": 125,
			"height": 250,
			"chars": ["\uEE03"]
		},
		{
			"type": "bitmap",
			"file": "minecraft:font/cracks04.png",
			"ascent": 125,
			"height": 250,
			"chars": ["\uEE04"]
		},
		{
			"type": "bitmap",
			"file": "minecraft:font/cracks05.png",
			"ascent": 125,
			"height": 250,
			"chars": ["\uEE05"]
		},
		{
			"type": "bitmap",
			"file": "minecraft:font/scope.png",
			"ascent": 401,
			"height": 701,
			"chars": ["\uEE06"]
		},
		{
			"type": "bitmap",
			"file": "minecraft:font/scope_1.png",
			"ascent": 401,
			"height": 701,
			"chars": ["\uEE07"]
		},
		{
			"type": "bitmap",
			"file": "minecraft:font/book01.png",
			"ascent": 0,
			"height": 50,
			"chars": ["\uEF01"]
		},
		{
			"type": "bitmap",
			"file": "minecraft:font/book02.png",
			"ascent": 5,
			"height": 40,
			"chars": ["\uEF02"]
		},
		{
			"type": "bitmap",
			"file": "minecraft:font/book03.png",
			"ascent": 15,
			"height": 60,
			"chars": ["\uEF03"]
		},
		{
			"type": "bitmap",
			"file": "minecraft:font/arrow.png",
			"ascent": 9,
			"height": 12,
			"chars": ["\uFFF0"]
		},
		{
			"type": "bitmap",
			"file": "minecraft:font/ammo_small.png",
			"ascent": 9,
			"height": 12,
			"chars": ["\uFFF1"]
		},
		{
			"type": "bitmap",
			"file": "minecraft:font/ammo_medium.png",
			"ascent": 9,
			"height": 12,
			"chars": ["\uFFF2"]
		},
		{
			"type": "bitmap",
			"file": "minecraft:font/ammo_large.png",
			"ascent": 9,
			"height": 12,
			"chars": ["\uFFF3"]
		},
		{
			"type": "bitmap",
			"file": "minecraft:font/ammo_fire.png",
			"ascent": 9,
			"height": 12,
			"chars": ["\uFFF4"]
		},
		{
			"type": "bitmap",
			"file": "minecraft:font/ammo_laser.png",
			"ascent": 9,
			"height": 12,
			"chars": ["\uFFF5"]
		},
		{
			"type": "bitmap",
			"file": "minecraft:font/weapon/pistol3.png",
			"ascent": 20,
			"height": 40,
			"chars": ["\uF003"]
		},
		{
			"type": "bitmap",
			"file": "minecraft:font/ores/coal.png",
			"ascent": 20,
			"height": 20,
			"chars": ["\uF0F0"]
		},
		{
			"type": "bitmap",
			"file": "minecraft:font/ores/iron.png",
			"ascent": 20,
			"height": 20,
			"chars": ["\uF0F1"]
		},
		{
			"type": "bitmap",
			"file": "minecraft:font/ores/gold.png",
			"ascent": 20,
			"height": 20,
			"chars": ["\uF0F2"]
		},
		{
			"type": "bitmap",
			"file": "minecraft:font/ores/diamond.png",
			"ascent": 20,
			"height": 20,
			"chars": ["\uF0F3"]
		},
		{
			"type": "bitmap",
			"file": "minecraft:font/ores/emerald.png",
			"ascent": 20,
			"height": 20,
			"chars": ["\uF0F4"]
		},
		{
			"type": "bitmap",
			"file": "minecraft:font/ores/redstone.png",
			"ascent": 20,
			"height": 20,
			"chars": ["\uF0F5"]
		},
		{
			"type": "bitmap",
			"file": "minecraft:font/ores/lapis.png",
			"ascent": 20,
			"height": 20,
			"chars": ["\uF0F6"]
		},
		{
			"type": "bitmap",
			"file": "minecraft:font/ores/quartz.png",
			"ascent": 20,
			"height": 20,
			"chars": ["\uF0F7"]
		},
		{
			"type": "bitmap",
			"file": "minecraft:font/ores/crystall.png",
			"ascent": 8,
			"height": 8,
			"chars": ["\uF0F8"]
		}
	]
}