{
	"credit": "https://www.youtube.com/c/ZeroCaty",
	"textures": {
		"0": "block/anvil",
		"1": "animation/portal_blue",
		"2": "block/red_concrete",
		"3": "block/white_stained_glass",
		"4": "block/yellow_concrete",
		"5": "block/lime_concrete",
		"6": "block/oak_planks",
		"7": "block/black_concrete",
		"particle": "block/anvil"
	},
	"elements": [
		{
			"from": [7.5, 1.43212, 13.14672],
			"to": [7.9, 1.53212, 15.54672],
			"rotation": {"angle": 22.5, "axis": "x", "origin": [8, 1.03212, 14.34672]},
			"faces": {
				"north": {"uv": [0, 0, 1.5, 3.1], "texture": "#0"},
				"east": {"uv": [0, 0, 1.5, 3.1], "texture": "#0"},
				"south": {"uv": [0, 0, 1.5, 3.1], "texture": "#0"},
				"west": {"uv": [0, 0, 1.5, 3.1], "texture": "#0"},
				"up": {"uv": [0, 0, 1.5, 3.1], "texture": "#0"},
				"down": {"uv": [0, 0, 1.5, 3.1], "texture": "#0"}
			}
		},
		{
			"from": [7.45, -0.04243, 15.43243],
			"to": [8.55, 1.05757, 15.53243],
			"rotation": {"angle": 22.5, "axis": "x", "origin": [8, 0.50757, 15.48243]},
			"faces": {
				"north": {"uv": [0, 0, 1.5, 3.1], "texture": "#0"},
				"east": {"uv": [0, 0, 1.5, 3.1], "texture": "#0"},
				"south": {"uv": [0, 0, 1.5, 3.1], "texture": "#0"},
				"west": {"uv": [0, 0, 1.5, 3.1], "texture": "#0"},
				"up": {"uv": [0, 0, 1.5, 3.1], "texture": "#0"},
				"down": {"uv": [0, 0, 1.5, 3.1], "texture": "#0"}
			}
		},
		{
			"from": [7.4, 0.2, 11.3],
			"to": [7.9, 3.3, 13.6],
			"rotation": {"angle": 0, "axis": "x", "origin": [8, 1.55, 12]},
			"faces": {
				"north": {"uv": [0, 0, 1.5, 3.1], "texture": "#0"},
				"east": {"uv": [0, 0, 1.5, 3.1], "texture": "#0"},
				"south": {"uv": [0, 0, 1.5, 3.1], "texture": "#0"},
				"west": {"uv": [0, 0, 1.5, 3.1], "texture": "#0"},
				"up": {"uv": [0, 0, 1.5, 3.1], "texture": "#0"},
				"down": {"uv": [0, 0, 1.5, 3.1], "texture": "#0"}
			}
		},
		{
			"from": [6.20063, 0.99958, 11.4],
			"to": [7.90063, 2.89958, 12.5],
			"rotation": {"angle": 22.5, "axis": "z", "origin": [7.05063, 1.94958, 11.95]},
			"faces": {
				"north": {"uv": [0, 0, 1.7, 16], "texture": "#6", "rotation": 90},
				"east": {"uv": [0, 0, 1.7, 16], "texture": "#6", "rotation": 90},
				"south": {"uv": [0, 0, 1.7, 16], "texture": "#6", "rotation": 90},
				"west": {"uv": [0, 0, 1.7, 16], "texture": "#6", "rotation": 90},
				"up": {"uv": [0, 0, 1.7, 16], "texture": "#6", "rotation": 90},
				"down": {"uv": [0, 0, 1.7, 16], "texture": "#6", "rotation": 90}
			}
		},
		{
			"from": [8.09937, 0.99958, 11.4],
			"to": [9.79937, 2.89958, 12.5],
			"rotation": {"angle": -22.5, "axis": "z", "origin": [8.94937, 1.94958, 11.95]},
			"faces": {
				"north": {"uv": [0, 0, 1.7, 16], "texture": "#6", "rotation": 90},
				"east": {"uv": [0, 0, 1.7, 16], "texture": "#6", "rotation": 90},
				"south": {"uv": [0, 0, 1.7, 16], "texture": "#6", "rotation": 90},
				"west": {"uv": [0, 0, 1.7, 16], "texture": "#6", "rotation": 90},
				"up": {"uv": [0, 0, 1.7, 16], "texture": "#6", "rotation": 90},
				"down": {"uv": [0, 0, 1.7, 16], "texture": "#6", "rotation": 90}
			}
		},
		{
			"from": [9.3, 0.9, 10.95],
			"to": [10.4, 3.21, 13.25],
			"rotation": {"angle": 45, "axis": "x", "origin": [10.15, 2.05, 11.6]},
			"faces": {
				"north": {"uv": [0, 0, 1.5, 3.1], "texture": "#0"},
				"east": {"uv": [0, 0, 1.5, 3.1], "texture": "#0"},
				"south": {"uv": [0, 0, 1.5, 3.1], "texture": "#0"},
				"west": {"uv": [0, 0, 1.5, 3.1], "texture": "#0"},
				"up": {"uv": [0, 0, 1.5, 3.1], "texture": "#0"},
				"down": {"uv": [0, 0, 1.5, 3.1], "texture": "#0"}
			}
		},
		{
			"from": [5.6, 0.9, 10.95],
			"to": [6.7, 3.21, 13.25],
			"rotation": {"angle": 45, "axis": "x", "origin": [5.85, 2.05, 11.6]},
			"faces": {
				"north": {"uv": [0, 0, 1.5, 3.1], "texture": "#0"},
				"east": {"uv": [0, 0, 1.5, 3.1], "texture": "#0"},
				"south": {"uv": [0, 0, 1.5, 3.1], "texture": "#0"},
				"west": {"uv": [0, 0, 1.5, 3.1], "texture": "#0"},
				"up": {"uv": [0, 0, 1.5, 3.1], "texture": "#0"},
				"down": {"uv": [0, 0, 1.5, 3.1], "texture": "#0"}
			}
		},
		{
			"from": [5.3, 1.2, 11.5],
			"to": [5.5, 2.1, 12.4],
			"rotation": {"angle": 45, "axis": "x", "origin": [5.4, 1.65, 11.95]},
			"faces": {
				"north": {"uv": [0, 0, 0.9, 0.9], "texture": "#0"},
				"east": {"uv": [0, 0, 0.9, 0.9], "texture": "#0"},
				"south": {"uv": [0, 0, 0.9, 0.9], "texture": "#0"},
				"west": {"uv": [0, 0, 0.9, 0.9], "texture": "#0"},
				"up": {"uv": [0, 0, 0.9, 0.9], "texture": "#0"},
				"down": {"uv": [0, 0, 0.9, 0.9], "texture": "#0"}
			}
		},
		{
			"from": [4.3, 1.5, 11.8],
			"to": [5.6, 1.8, 12.1],
			"rotation": {"angle": 45, "axis": "x", "origin": [4.8, 1.65, 11.95]},
			"faces": {
				"north": {"uv": [0, 0, 1.3, 0.3], "texture": "#0"},
				"east": {"uv": [0, 0, 1.3, 0.3], "texture": "#0"},
				"south": {"uv": [0, 0, 1.3, 0.3], "texture": "#0"},
				"west": {"uv": [0, 0, 1.3, 0.3], "texture": "#0"},
				"up": {"uv": [0, 0, 1.3, 0.3], "texture": "#0"},
				"down": {"uv": [0, 0, 1.3, 0.3], "texture": "#0"}
			}
		},
		{
			"from": [4.2, 1.49, 11.79],
			"to": [4.3, 1.81, 12.11],
			"rotation": {"angle": 45, "axis": "x", "origin": [4.25, 1.65, 11.95]},
			"faces": {
				"north": {"uv": [0, 0, 0.1, 0.32], "texture": "#0"},
				"east": {"uv": [0, 0, 0.1, 0.32], "texture": "#0"},
				"south": {"uv": [0, 0, 0.1, 0.32], "texture": "#0"},
				"west": {"uv": [0, 0, 0.1, 0.32], "texture": "#0"},
				"up": {"uv": [0, 0, 0.1, 0.32], "texture": "#0"},
				"down": {"uv": [0, 0, 0.1, 0.32], "texture": "#0"}
			}
		},
		{
			"from": [4.4, 1.49, 11.79],
			"to": [4.41, 1.81, 12.11],
			"rotation": {"angle": 45, "axis": "x", "origin": [4.405, 1.65, 11.95]},
			"faces": {
				"north": {"uv": [0, 0, 0.32, 0.32], "texture": "#0"},
				"east": {"uv": [0, 0, 0.32, 0.32], "texture": "#0"},
				"south": {"uv": [0, 0, 0.32, 0.32], "texture": "#0"},
				"west": {"uv": [0, 0, 0.32, 0.32], "texture": "#0"},
				"up": {"uv": [0, 0, 0.32, 0.32], "texture": "#0"},
				"down": {"uv": [0, 0, 0.32, 0.32], "texture": "#0"}
			}
		},
		{
			"from": [4.5, 1.49, 11.79],
			"to": [4.51, 1.81, 12.11],
			"rotation": {"angle": 45, "axis": "x", "origin": [4.505, 1.65, 11.95]},
			"faces": {
				"north": {"uv": [0, 0, 0.32, 0.32], "texture": "#0"},
				"east": {"uv": [0, 0, 0.32, 0.32], "texture": "#0"},
				"south": {"uv": [0, 0, 0.32, 0.32], "texture": "#0"},
				"west": {"uv": [0, 0, 0.32, 0.32], "texture": "#0"},
				"up": {"uv": [0, 0, 0.32, 0.32], "texture": "#0"},
				"down": {"uv": [0, 0, 0.32, 0.32], "texture": "#0"}
			}
		},
		{
			"from": [4.6, 1.49, 11.79],
			"to": [4.61, 1.81, 12.11],
			"rotation": {"angle": 45, "axis": "x", "origin": [4.605, 1.65, 11.95]},
			"faces": {
				"north": {"uv": [0, 0, 0.32, 0.32], "texture": "#0"},
				"east": {"uv": [0, 0, 0.32, 0.32], "texture": "#0"},
				"south": {"uv": [0, 0, 0.32, 0.32], "texture": "#0"},
				"west": {"uv": [0, 0, 0.32, 0.32], "texture": "#0"},
				"up": {"uv": [0, 0, 0.32, 0.32], "texture": "#0"},
				"down": {"uv": [0, 0, 0.32, 0.32], "texture": "#0"}
			}
		},
		{
			"from": [4.7, 1.49, 11.79],
			"to": [4.71, 1.81, 12.11],
			"rotation": {"angle": 45, "axis": "x", "origin": [4.705, 1.65, 11.95]},
			"faces": {
				"north": {"uv": [0, 0, 0.32, 0.32], "texture": "#0"},
				"east": {"uv": [0, 0, 0.32, 0.32], "texture": "#0"},
				"south": {"uv": [0, 0, 0.32, 0.32], "texture": "#0"},
				"west": {"uv": [0, 0, 0.32, 0.32], "texture": "#0"},
				"up": {"uv": [0, 0, 0.32, 0.32], "texture": "#0"},
				"down": {"uv": [0, 0, 0.32, 0.32], "texture": "#0"}
			}
		},
		{
			"from": [4.8, 1.49, 11.79],
			"to": [4.81, 1.81, 12.11],
			"rotation": {"angle": 45, "axis": "x", "origin": [4.805, 1.65, 11.95]},
			"faces": {
				"north": {"uv": [0, 0, 0.32, 0.32], "texture": "#0"},
				"east": {"uv": [0, 0, 0.32, 0.32], "texture": "#0"},
				"south": {"uv": [0, 0, 0.32, 0.32], "texture": "#0"},
				"west": {"uv": [0, 0, 0.32, 0.32], "texture": "#0"},
				"up": {"uv": [0, 0, 0.32, 0.32], "texture": "#0"},
				"down": {"uv": [0, 0, 0.32, 0.32], "texture": "#0"}
			}
		},
		{
			"from": [4.9, 1.49, 11.79],
			"to": [4.91, 1.81, 12.11],
			"rotation": {"angle": 45, "axis": "x", "origin": [4.905, 1.65, 11.95]},
			"faces": {
				"north": {"uv": [0, 0, 0.32, 0.32], "texture": "#0"},
				"east": {"uv": [0, 0, 0.32, 0.32], "texture": "#0"},
				"south": {"uv": [0, 0, 0.32, 0.32], "texture": "#0"},
				"west": {"uv": [0, 0, 0.32, 0.32], "texture": "#0"},
				"up": {"uv": [0, 0, 0.32, 0.32], "texture": "#0"},
				"down": {"uv": [0, 0, 0.32, 0.32], "texture": "#0"}
			}
		},
		{
			"from": [5, 1.49, 11.79],
			"to": [5.01, 1.81, 12.11],
			"rotation": {"angle": 45, "axis": "x", "origin": [5.005, 1.65, 11.95]},
			"faces": {
				"north": {"uv": [0, 0, 0.32, 0.32], "texture": "#0"},
				"east": {"uv": [0, 0, 0.32, 0.32], "texture": "#0"},
				"south": {"uv": [0, 0, 0.32, 0.32], "texture": "#0"},
				"west": {"uv": [0, 0, 0.32, 0.32], "texture": "#0"},
				"up": {"uv": [0, 0, 0.32, 0.32], "texture": "#0"},
				"down": {"uv": [0, 0, 0.32, 0.32], "texture": "#0"}
			}
		},
		{
			"from": [5.1, 1.49, 11.79],
			"to": [5.11, 1.81, 12.11],
			"rotation": {"angle": 45, "axis": "x", "origin": [5.105, 1.65, 11.95]},
			"faces": {
				"north": {"uv": [0, 0, 0.32, 0.32], "texture": "#0"},
				"east": {"uv": [0, 0, 0.32, 0.32], "texture": "#0"},
				"south": {"uv": [0, 0, 0.32, 0.32], "texture": "#0"},
				"west": {"uv": [0, 0, 0.32, 0.32], "texture": "#0"},
				"up": {"uv": [0, 0, 0.32, 0.32], "texture": "#0"},
				"down": {"uv": [0, 0, 0.32, 0.32], "texture": "#0"}
			}
		},
		{
			"from": [5.2, 1.49, 11.79],
			"to": [5.21, 1.81, 12.11],
			"rotation": {"angle": 45, "axis": "x", "origin": [5.205, 1.65, 11.95]},
			"faces": {
				"north": {"uv": [0, 0, 0.32, 0.32], "texture": "#0"},
				"east": {"uv": [0, 0, 0.32, 0.32], "texture": "#0"},
				"south": {"uv": [0, 0, 0.32, 0.32], "texture": "#0"},
				"west": {"uv": [0, 0, 0.32, 0.32], "texture": "#0"},
				"up": {"uv": [0, 0, 0.32, 0.32], "texture": "#0"},
				"down": {"uv": [0, 0, 0.32, 0.32], "texture": "#0"}
			}
		},
		{
			"from": [5.35, 1.8, 12.5],
			"to": [5.45, 1.9, 12.6],
			"rotation": {"angle": 45, "axis": "x", "origin": [5.4, 2.25, 12.55]},
			"faces": {
				"north": {"uv": [0, 0, 0.1, 0.1], "texture": "#2"},
				"east": {"uv": [0, 0, 0.1, 0.1], "texture": "#2"},
				"south": {"uv": [0, 0, 0.1, 0.1], "texture": "#2"},
				"west": {"uv": [0, 0, 0.1, 0.1], "texture": "#2"},
				"up": {"uv": [0, 0, 0.1, 0.1], "texture": "#2"},
				"down": {"uv": [0, 0, 0.1, 0.1], "texture": "#2"}
			}
		},
		{
			"from": [8.1, 0.2, 11.3],
			"to": [8.6, 3.3, 13.6],
			"rotation": {"angle": 0, "axis": "x", "origin": [8.7, 1.55, 12]},
			"faces": {
				"north": {"uv": [0, 0, 1.5, 3.1], "texture": "#0"},
				"east": {"uv": [0, 0, 1.5, 3.1], "texture": "#0"},
				"south": {"uv": [0, 0, 1.5, 3.1], "texture": "#0"},
				"west": {"uv": [0, 0, 1.5, 3.1], "texture": "#0"},
				"up": {"uv": [0, 0, 1.5, 3.1], "texture": "#0"},
				"down": {"uv": [0, 0, 1.5, 3.1], "texture": "#0"}
			}
		},
		{
			"from": [7.9, 0.2, 11.3],
			"to": [8.1, 3.2, 13.5],
			"rotation": {"angle": 0, "axis": "x", "origin": [8.3, 1.55, 12]},
			"faces": {
				"north": {"uv": [0, 0, 1.5, 3.1], "texture": "#0"},
				"east": {"uv": [0, 0, 1.5, 3.1], "texture": "#0"},
				"south": {"uv": [0, 0, 1.5, 3.1], "texture": "#0"},
				"west": {"uv": [0, 0, 1.5, 3.1], "texture": "#0"},
				"up": {"uv": [0, 0, 1.5, 3.1], "texture": "#0"},
				"down": {"uv": [0, 0, 1.5, 3.1], "texture": "#0"}
			}
		},
		{
			"from": [10.4, 1.5, 11.8],
			"to": [10.5, 1.8, 12.1],
			"rotation": {"angle": 45, "axis": "x", "origin": [10.45, 1.65, 11.95]},
			"faces": {
				"north": {"uv": [0, 0, 0.3, 0.3], "texture": "#0"},
				"east": {"uv": [0, 0, 0.3, 0.3], "texture": "#0"},
				"south": {"uv": [0, 0, 0.3, 0.3], "texture": "#0"},
				"west": {"uv": [0, 0, 0.3, 0.3], "texture": "#0"},
				"up": {"uv": [0, 0, 0.3, 0.3], "texture": "#0"},
				"down": {"uv": [0, 0, 0.3, 0.3], "texture": "#0"}
			}
		},
		{
			"from": [6.2, 2.43891, 12.44602],
			"to": [6.8, 2.53891, 13.04602],
			"rotation": {"angle": 45, "axis": "x", "origin": [6.5, 2.53891, 12.79602]},
			"faces": {
				"north": {"uv": [0, 0, 0.6, 0.6], "texture": "#0"},
				"east": {"uv": [0, 0, 0.6, 0.6], "texture": "#0"},
				"south": {"uv": [0, 0, 0.6, 0.6], "texture": "#0"},
				"west": {"uv": [0, 0, 0.6, 0.6], "texture": "#0"},
				"up": {"uv": [0, 0, 0.6, 0.6], "texture": "#0"},
				"down": {"uv": [0, 0, 0.6, 0.6], "texture": "#0"}
			}
		},
		{
			"from": [6.8, 2.43891, 12.54602],
			"to": [7.4, 2.53891, 12.64602],
			"rotation": {"angle": 45, "axis": "x", "origin": [7.1, 2.53891, 12.79602]},
			"faces": {
				"north": {"uv": [0, 0, 0.6, 0.1], "texture": "#0"},
				"east": {"uv": [0, 0, 0.6, 0.1], "texture": "#0"},
				"south": {"uv": [0, 0, 0.6, 0.1], "texture": "#0"},
				"west": {"uv": [0, 0, 0.6, 0.1], "texture": "#0"},
				"up": {"uv": [0, 0, 0.6, 0.1], "texture": "#0"},
				"down": {"uv": [0, 0, 0.6, 0.1], "texture": "#0"}
			}
		},
		{
			"from": [6.8, 2.43891, 12.84602],
			"to": [7.4, 2.53891, 12.94602],
			"rotation": {"angle": 45, "axis": "x", "origin": [7.1, 2.53891, 12.79602]},
			"faces": {
				"north": {"uv": [0, 0, 0.6, 0.1], "texture": "#0"},
				"east": {"uv": [0, 0, 0.6, 0.1], "texture": "#0"},
				"south": {"uv": [0, 0, 0.6, 0.1], "texture": "#0"},
				"west": {"uv": [0, 0, 0.6, 0.1], "texture": "#0"},
				"up": {"uv": [0, 0, 0.6, 0.1], "texture": "#0"},
				"down": {"uv": [0, 0, 0.6, 0.1], "texture": "#0"}
			}
		},
		{
			"from": [6.5, 0.8, 9.9],
			"to": [9.5, 3.9, 11.4],
			"rotation": {"angle": 0, "axis": "x", "origin": [8.3, 1.55, 10.6]},
			"faces": {
				"north": {"uv": [0, 0, 1.5, 3.1], "texture": "#0"},
				"east": {"uv": [0, 0, 1.5, 3.1], "texture": "#0"},
				"south": {"uv": [0, 0, 1.5, 3.1], "texture": "#0"},
				"west": {"uv": [0, 0, 1.5, 3.1], "texture": "#0"},
				"up": {"uv": [0, 0, 1.5, 3.1], "texture": "#0"},
				"down": {"uv": [0, 0, 1.5, 3.1], "texture": "#0"}
			}
		},
		{
			"from": [6.51, 2.32, 11.25],
			"to": [9.49, 3.88, 12.05],
			"rotation": {"angle": -45, "axis": "x", "origin": [8, 3.1, 11.7]},
			"faces": {
				"north": {"uv": [0, 0, 1.5, 3.1], "texture": "#0"},
				"east": {"uv": [0, 0, 1.5, 3.1], "texture": "#0"},
				"south": {"uv": [0, 0, 1.5, 3.1], "texture": "#0"},
				"west": {"uv": [0, 0, 1.5, 3.1], "texture": "#0"},
				"up": {"uv": [0, 0, 1.5, 3.1], "texture": "#0"},
				"down": {"uv": [0, 0, 1.5, 3.1], "texture": "#0"}
			}
		},
		{
			"from": [7.45, 0.53212, 13.14672],
			"to": [8.55, 1.43212, 15.54672],
			"rotation": {"angle": 22.5, "axis": "x", "origin": [8, 1.03212, 14.34672]},
			"faces": {
				"north": {"uv": [0, 0, 1.5, 3.1], "texture": "#0"},
				"east": {"uv": [0, 0, 1.5, 3.1], "texture": "#0"},
				"south": {"uv": [0, 0, 1.5, 3.1], "texture": "#0"},
				"west": {"uv": [0, 0, 1.5, 3.1], "texture": "#0"},
				"up": {"uv": [0, 0, 1.5, 3.1], "texture": "#0"},
				"down": {"uv": [0, 0, 1.5, 3.1], "texture": "#0"}
			}
		},
		{
			"from": [8.1, 1.43212, 13.14672],
			"to": [8.5, 1.53212, 15.54672],
			"rotation": {"angle": 22.5, "axis": "x", "origin": [8.6, 1.03212, 14.34672]},
			"faces": {
				"north": {"uv": [0, 0, 1.5, 3.1], "texture": "#0"},
				"east": {"uv": [0, 0, 1.5, 3.1], "texture": "#0"},
				"south": {"uv": [0, 0, 1.5, 3.1], "texture": "#0"},
				"west": {"uv": [0, 0, 1.5, 3.1], "texture": "#0"},
				"up": {"uv": [0, 0, 1.5, 3.1], "texture": "#0"},
				"down": {"uv": [0, 0, 1.5, 3.1], "texture": "#0"}
			}
		},
		{
			"from": [6.9, 0.79, 9.805],
			"to": [9.4, 3.29, 9.905],
			"rotation": {"angle": 45, "axis": "z", "origin": [8, 1.89, 9.85]},
			"faces": {
				"north": {"uv": [0, 0, 2.5, 2.5], "texture": "#0"},
				"east": {"uv": [0, 0, 2.5, 2.5], "texture": "#0"},
				"south": {"uv": [0, 0, 2.5, 2.5], "texture": "#0"},
				"west": {"uv": [0, 0, 2.5, 2.5], "texture": "#0"},
				"up": {"uv": [0, 0, 2.5, 2.5], "texture": "#0"},
				"down": {"uv": [0, 0, 2.5, 2.5], "texture": "#0"}
			}
		},
		{
			"from": [6.4, 0.4, 9.81],
			"to": [9.6, 3.8, 9.91],
			"rotation": {"angle": 0, "axis": "z", "origin": [8, 1.95, 9.86]},
			"faces": {
				"north": {"uv": [0, 0, 3.2, 3.4], "texture": "#0"},
				"east": {"uv": [0, 0, 3.2, 3.4], "texture": "#0"},
				"south": {"uv": [0, 0, 3.2, 3.4], "texture": "#0"},
				"west": {"uv": [0, 0, 3.2, 3.4], "texture": "#0"},
				"up": {"uv": [0, 0, 3.2, 3.4], "texture": "#0"},
				"down": {"uv": [0, 0, 3.2, 3.4], "texture": "#0"}
			}
		},
		{
			"from": [6.8, 0.5, 9.9],
			"to": [9.1, 0.8, 11.4],
			"rotation": {"angle": 0, "axis": "x", "origin": [8.3, 0.85, 10.6]},
			"faces": {
				"north": {"uv": [0, 0, 1.5, 0.3], "texture": "#0"},
				"east": {"uv": [0, 0, 1.5, 0.3], "texture": "#0"},
				"south": {"uv": [0, 0, 1.5, 0.3], "texture": "#0"},
				"west": {"uv": [0, 0, 1.5, 0.3], "texture": "#0"},
				"up": {"uv": [0, 0, 1.5, 0.3], "texture": "#0"},
				"down": {"uv": [0, 0, 1.5, 0.3], "texture": "#0"}
			}
		},
		{
			"from": [6.6, 0.56, 9.9],
			"to": [7.3, 1.06, 11.3],
			"rotation": {"angle": 45, "axis": "z", "origin": [6.8, 0.85, 10.65]},
			"faces": {
				"north": {"uv": [0, 0, 1.4, 0.5], "texture": "#0"},
				"east": {"uv": [0, 0, 1.4, 0.5], "texture": "#0"},
				"south": {"uv": [0, 0, 1.4, 0.5], "texture": "#0"},
				"west": {"uv": [0, 0, 1.4, 0.5], "texture": "#0"},
				"up": {"uv": [0, 0, 1.4, 0.5], "texture": "#0"},
				"down": {"uv": [0, 0, 1.4, 0.5], "texture": "#0"}
			}
		},
		{
			"from": [8.65, 0.56, 9.9],
			"to": [9.35, 1.06, 11.3],
			"rotation": {"angle": -45, "axis": "z", "origin": [9.15, 0.85, 10.65]},
			"faces": {
				"north": {"uv": [0, 0, 1.4, 0.5], "texture": "#0"},
				"east": {"uv": [0, 0, 1.4, 0.5], "texture": "#0"},
				"south": {"uv": [0, 0, 1.4, 0.5], "texture": "#0"},
				"west": {"uv": [0, 0, 1.4, 0.5], "texture": "#0"},
				"up": {"uv": [0, 0, 1.4, 0.5], "texture": "#0"},
				"down": {"uv": [0, 0, 1.4, 0.5], "texture": "#0"}
			}
		},
		{
			"from": [7.7, 1.8, 9.79],
			"to": [8.3, 2.4, 9.89],
			"rotation": {"angle": -45, "axis": "z", "origin": [8, 2.1, 9.8]},
			"faces": {
				"north": {"uv": [0, 0, 0.6, 0.6], "texture": "#0"},
				"east": {"uv": [0, 0, 0.6, 0.6], "texture": "#0"},
				"south": {"uv": [0, 0, 0.6, 0.6], "texture": "#0"},
				"west": {"uv": [0, 0, 0.6, 0.6], "texture": "#0"},
				"up": {"uv": [0, 0, 0.6, 0.6], "texture": "#0"},
				"down": {"uv": [0, 0, 0.6, 0.6], "texture": "#0"}
			}
		},
		{
			"from": [7.9, 2, 9.78],
			"to": [8.1, 2.2, 9.88],
			"rotation": {"angle": -45, "axis": "z", "origin": [8, 2.1, 9.79]},
			"faces": {
				"north": {"uv": [0, 0, 1, 1], "texture": "#1"},
				"east": {"uv": [0, 0, 1, 1], "texture": "#1"},
				"south": {"uv": [0, 0, 1, 1], "texture": "#1"},
				"west": {"uv": [0, 0, 1, 1], "texture": "#1"},
				"up": {"uv": [0, 0, 1, 1], "texture": "#1"},
				"down": {"uv": [0, 0, 1, 1], "texture": "#1"}
			}
		},
		{
			"from": [7.6, 2.7, 5.5],
			"to": [8.4, 2.9, 9.8],
			"rotation": {"angle": 45, "axis": "z", "origin": [8, 2.1, 7.65]},
			"faces": {
				"north": {"uv": [0, 0, 4.3, 0.2], "texture": "#0"},
				"east": {"uv": [0, 0, 4.3, 0.2], "texture": "#0"},
				"south": {"uv": [0, 0, 4.3, 0.2], "texture": "#0"},
				"west": {"uv": [0, 0, 4.3, 0.2], "texture": "#0"},
				"up": {"uv": [0, 0, 4.3, 0.2], "texture": "#0"},
				"down": {"uv": [0, 0, 4.3, 0.2], "texture": "#0"}
			}
		},
		{
			"from": [7.6, 1.2, 5.5],
			"to": [8.5, 1.5, 9.8],
			"rotation": {"angle": 45, "axis": "z", "origin": [8, 2.1, 7.65]},
			"faces": {
				"north": {"uv": [0, 0, 4.3, 0.3], "texture": "#0"},
				"east": {"uv": [0, 0, 4.3, 0.3], "texture": "#0"},
				"south": {"uv": [0, 0, 4.3, 0.3], "texture": "#0"},
				"west": {"uv": [0, 0, 4.3, 0.3], "texture": "#0"},
				"up": {"uv": [0, 0, 4.3, 0.3], "texture": "#0"},
				"down": {"uv": [0, 0, 4.3, 0.3], "texture": "#0"}
			}
		},
		{
			"from": [7.1, 1.7, 5.5],
			"to": [7.4, 2.6, 9.8],
			"rotation": {"angle": 45, "axis": "z", "origin": [8, 2.1, 7.65]},
			"faces": {
				"north": {"uv": [0, 0, 4.3, 0.9], "texture": "#0"},
				"east": {"uv": [0, 0, 4.3, 0.9], "texture": "#0"},
				"south": {"uv": [0, 0, 4.3, 0.9], "texture": "#0"},
				"west": {"uv": [0, 0, 4.3, 0.9], "texture": "#0"},
				"up": {"uv": [0, 0, 4.3, 0.9], "texture": "#0"},
				"down": {"uv": [0, 0, 4.3, 0.9], "texture": "#0"}
			}
		},
		{
			"from": [7.6, 2.8, 5.51],
			"to": [8.4, 3, 9.8],
			"rotation": {"angle": 0, "axis": "z", "origin": [8, 2.2, 7.66]},
			"faces": {
				"north": {"uv": [0, 0, 4.29, 0.2], "texture": "#0"},
				"east": {"uv": [0, 0, 4.29, 0.2], "texture": "#0"},
				"south": {"uv": [0, 0, 4.29, 0.2], "texture": "#0"},
				"west": {"uv": [0, 0, 4.29, 0.2], "texture": "#0"},
				"up": {"uv": [0, 0, 4.29, 0.2], "texture": "#0"},
				"down": {"uv": [0, 0, 4.29, 0.2], "texture": "#0"}
			}
		},
		{
			"from": [7, 1.8, 5.52],
			"to": [7.3, 2.3, 9.81],
			"rotation": {"angle": 0, "axis": "z", "origin": [7.9, 2.1, 7.66]},
			"faces": {
				"north": {"uv": [0, 0, 4.29, 0.5], "texture": "#0"},
				"east": {"uv": [0, 0, 4.29, 0.5], "texture": "#0"},
				"south": {"uv": [0, 0, 4.29, 0.5], "texture": "#0"},
				"west": {"uv": [0, 0, 4.29, 0.5], "texture": "#0"},
				"up": {"uv": [0, 0, 4.29, 0.5], "texture": "#0"},
				"down": {"uv": [0, 0, 4.29, 0.5], "texture": "#0"}
			}
		},
		{
			"from": [7.7, 1.3, 5.51],
			"to": [8.3, 1.4, 9.8],
			"rotation": {"angle": 0, "axis": "z", "origin": [8, 2, 7.66]},
			"faces": {
				"north": {"uv": [0, 0, 4.29, 0.1], "texture": "#0"},
				"east": {"uv": [0, 0, 4.29, 0.1], "texture": "#0"},
				"south": {"uv": [0, 0, 4.29, 0.1], "texture": "#0"},
				"west": {"uv": [0, 0, 4.29, 0.1], "texture": "#0"},
				"up": {"uv": [0, 0, 4.29, 0.1], "texture": "#0"},
				"down": {"uv": [0, 0, 4.29, 0.1], "texture": "#0"}
			}
		},
		{
			"from": [8.7, 1.8, 5.52],
			"to": [9.1, 2.3, 9.81],
			"rotation": {"angle": 0, "axis": "z", "origin": [8.1, 2.1, 7.66]},
			"faces": {
				"north": {"uv": [0, 0, 4.29, 0.5], "texture": "#0"},
				"east": {"uv": [0, 0, 4.29, 0.5], "texture": "#0"},
				"south": {"uv": [0, 0, 4.29, 0.5], "texture": "#0"},
				"west": {"uv": [0, 0, 4.29, 0.5], "texture": "#0"},
				"up": {"uv": [0, 0, 4.29, 0.5], "texture": "#0"},
				"down": {"uv": [0, 0, 4.29, 0.5], "texture": "#0"}
			}
		},
		{
			"from": [7.7, 1.2, 5.31],
			"to": [8.3, 1.4, 5.5],
			"rotation": {"angle": 0, "axis": "z", "origin": [8, 2, 3.36]},
			"faces": {
				"north": {"uv": [0, 0, 0.6, 0.2], "texture": "#0"},
				"east": {"uv": [0, 0, 0.6, 0.2], "texture": "#0"},
				"south": {"uv": [0, 0, 0.6, 0.2], "texture": "#0"},
				"west": {"uv": [0, 0, 0.6, 0.2], "texture": "#0"},
				"up": {"uv": [0, 0, 0.6, 0.2], "texture": "#0"},
				"down": {"uv": [0, 0, 0.6, 0.2], "texture": "#0"}
			}
		},
		{
			"from": [7.2, 1.7, 5.3],
			"to": [7.4, 2.5, 5.5],
			"rotation": {"angle": 45, "axis": "z", "origin": [8, 2.1, 3.35]},
			"faces": {
				"north": {"uv": [0, 0, 0.2, 0.8], "texture": "#0"},
				"east": {"uv": [0, 0, 0.2, 0.8], "texture": "#0"},
				"south": {"uv": [0, 0, 0.2, 0.8], "texture": "#0"},
				"west": {"uv": [0, 0, 0.2, 0.8], "texture": "#0"},
				"up": {"uv": [0, 0, 0.2, 0.8], "texture": "#0"},
				"down": {"uv": [0, 0, 0.2, 0.8], "texture": "#0"}
			}
		},
		{
			"from": [7.1, 1.8, 5.31],
			"to": [7.3, 2.4, 5.5],
			"rotation": {"angle": 0, "axis": "z", "origin": [7.9, 2.1, 3.36]},
			"faces": {
				"north": {"uv": [0, 0, 0.2, 0.6], "texture": "#0"},
				"east": {"uv": [0, 0, 0.2, 0.6], "texture": "#0"},
				"south": {"uv": [0, 0, 0.2, 0.6], "texture": "#0"},
				"west": {"uv": [0, 0, 0.2, 0.6], "texture": "#0"},
				"up": {"uv": [0, 0, 0.2, 0.6], "texture": "#0"},
				"down": {"uv": [0, 0, 0.2, 0.6], "texture": "#0"}
			}
		},
		{
			"from": [7.6, 2.7, 5.3],
			"to": [8.4, 2.9, 5.5],
			"rotation": {"angle": 45, "axis": "z", "origin": [8, 2.1, 3.35]},
			"faces": {
				"north": {"uv": [0, 0, 0.8, 0.2], "texture": "#0"},
				"east": {"uv": [0, 0, 0.8, 0.2], "texture": "#0"},
				"south": {"uv": [0, 0, 0.8, 0.2], "texture": "#0"},
				"west": {"uv": [0, 0, 0.8, 0.2], "texture": "#0"},
				"up": {"uv": [0, 0, 0.8, 0.2], "texture": "#0"},
				"down": {"uv": [0, 0, 0.8, 0.2], "texture": "#0"}
			}
		},
		{
			"from": [7.7, 2.8, 5.31],
			"to": [8.3, 3, 5.5],
			"rotation": {"angle": 0, "axis": "z", "origin": [8, 2.2, 3.36]},
			"faces": {
				"north": {"uv": [0, 0, 0.6, 0.2], "texture": "#0"},
				"east": {"uv": [0, 0, 0.6, 0.2], "texture": "#0"},
				"south": {"uv": [0, 0, 0.6, 0.2], "texture": "#0"},
				"west": {"uv": [0, 0, 0.6, 0.2], "texture": "#0"},
				"up": {"uv": [0, 0, 0.6, 0.2], "texture": "#0"},
				"down": {"uv": [0, 0, 0.6, 0.2], "texture": "#0"}
			}
		},
		{
			"from": [8.6, 1.7, 5.3],
			"to": [8.8, 2.5, 5.5],
			"rotation": {"angle": 45, "axis": "z", "origin": [8, 2.1, 3.35]},
			"faces": {
				"north": {"uv": [0, 0, 0.2, 0.8], "texture": "#0"},
				"east": {"uv": [0, 0, 0.2, 0.8], "texture": "#0"},
				"south": {"uv": [0, 0, 0.2, 0.8], "texture": "#0"},
				"west": {"uv": [0, 0, 0.2, 0.8], "texture": "#0"},
				"up": {"uv": [0, 0, 0.2, 0.8], "texture": "#0"},
				"down": {"uv": [0, 0, 0.2, 0.8], "texture": "#0"}
			}
		},
		{
			"from": [8.7, 1.8, 5.31],
			"to": [8.9, 2.4, 5.5],
			"rotation": {"angle": 0, "axis": "z", "origin": [8.1, 2.1, 3.36]},
			"faces": {
				"north": {"uv": [0, 0, 0.2, 0.6], "texture": "#0"},
				"east": {"uv": [0, 0, 0.2, 0.6], "texture": "#0"},
				"south": {"uv": [0, 0, 0.2, 0.6], "texture": "#0"},
				"west": {"uv": [0, 0, 0.2, 0.6], "texture": "#0"},
				"up": {"uv": [0, 0, 0.2, 0.6], "texture": "#0"},
				"down": {"uv": [0, 0, 0.2, 0.6], "texture": "#0"}
			}
		},
		{
			"from": [7.6, 1.3, 5.3],
			"to": [8.4, 1.5, 5.5],
			"rotation": {"angle": 45, "axis": "z", "origin": [8, 2.1, 3.35]},
			"faces": {
				"north": {"uv": [0, 0, 0.8, 0.2], "texture": "#0"},
				"east": {"uv": [0, 0, 0.8, 0.2], "texture": "#0"},
				"south": {"uv": [0, 0, 0.8, 0.2], "texture": "#0"},
				"west": {"uv": [0, 0, 0.8, 0.2], "texture": "#0"},
				"up": {"uv": [0, 0, 0.8, 0.2], "texture": "#0"},
				"down": {"uv": [0, 0, 0.8, 0.2], "texture": "#0"}
			}
		},
		{
			"from": [7.4, 2.1, 5.5],
			"to": [7.42, 2.12, 9.8],
			"rotation": {"angle": 45, "axis": "z", "origin": [8, 2.1, 7.65]},
			"faces": {
				"north": {"uv": [0, 0, 0.02, 4.3], "texture": "#0"},
				"east": {"uv": [0, 0, 0.02, 4.3], "texture": "#0"},
				"south": {"uv": [0, 0, 0.02, 4.3], "texture": "#0"},
				"west": {"uv": [0, 0, 0.02, 4.3], "texture": "#0"},
				"up": {"uv": [0, 0, 0.02, 4.3], "texture": "#0"},
				"down": {"uv": [0, 0, 0.02, 4.3], "texture": "#0"}
			}
		},
		{
			"from": [8, 1.51, 5.5],
			"to": [8.02, 1.51, 9.8],
			"rotation": {"angle": 45, "axis": "z", "origin": [8, 2.1, 7.65]},
			"faces": {
				"north": {"uv": [0, 0, 0.02, 4.3], "texture": "#0"},
				"east": {"uv": [0, 0, 0.02, 4.3], "texture": "#0"},
				"south": {"uv": [0, 0, 0.02, 4.3], "texture": "#0"},
				"west": {"uv": [0, 0, 0.02, 4.3], "texture": "#0"},
				"up": {"uv": [0, 0, 0.02, 4.3], "texture": "#0"},
				"down": {"uv": [0, 0, 0.02, 4.3], "texture": "#0"}
			}
		},
		{
			"from": [7.99, 2.79, 5.51],
			"to": [8.01, 2.81, 9.8],
			"rotation": {"angle": 0, "axis": "z", "origin": [8, 2.1, 7.66]},
			"faces": {
				"north": {"uv": [0, 0, 0.02, 4.29], "texture": "#0"},
				"east": {"uv": [0, 0, 0.02, 4.29], "texture": "#0"},
				"south": {"uv": [0, 0, 0.02, 4.29], "texture": "#0"},
				"west": {"uv": [0, 0, 0.02, 4.29], "texture": "#0"},
				"up": {"uv": [0, 0, 0.02, 4.29], "texture": "#0"},
				"down": {"uv": [0, 0, 0.02, 4.29], "texture": "#0"}
			}
		},
		{
			"from": [7.6, 2.7, 5.5],
			"to": [8.4, 2.9, 9.8],
			"rotation": {"angle": -45, "axis": "z", "origin": [8, 2.1, 7.65]},
			"faces": {
				"north": {"uv": [0, 0, 4.3, 0.2], "texture": "#0"},
				"east": {"uv": [0, 0, 4.3, 0.2], "texture": "#0"},
				"south": {"uv": [0, 0, 4.3, 0.2], "texture": "#0"},
				"west": {"uv": [0, 0, 4.3, 0.2], "texture": "#0"},
				"up": {"uv": [0, 0, 4.3, 0.2], "texture": "#0"},
				"down": {"uv": [0, 0, 4.3, 0.2], "texture": "#0"}
			}
		},
		{
			"from": [7.3, 2.9, 5.5],
			"to": [8.6, 3.1, 9.8],
			"rotation": {"angle": 45, "axis": "z", "origin": [8, 2.1, 7.65]},
			"faces": {
				"north": {"uv": [0, 0, 1, 1], "texture": "#1"},
				"east": {"uv": [0, 0, 1, 1], "texture": "#1"},
				"south": {"uv": [0, 0, 1, 1], "texture": "#1"},
				"west": {"uv": [0, 0, 1, 1], "texture": "#1"},
				"up": {"uv": [0, 0, 1, 1], "texture": "#1"},
				"down": {"uv": [0, 0, 1, 1], "texture": "#1"}
			}
		},
		{
			"from": [7.4, 2.9, 5.5],
			"to": [8.7, 3.1, 9.8],
			"rotation": {"angle": -45, "axis": "z", "origin": [8, 2.1, 7.65]},
			"faces": {
				"north": {"uv": [0, 0, 1, 1], "texture": "#1"},
				"east": {"uv": [0, 0, 1, 1], "texture": "#1"},
				"south": {"uv": [0, 0, 1, 1], "texture": "#1"},
				"west": {"uv": [0, 0, 1, 1], "texture": "#1"},
				"up": {"uv": [0, 0, 1, 1], "texture": "#1"},
				"down": {"uv": [0, 0, 1, 1], "texture": "#1"}
			}
		},
		{
			"from": [9, 1.6, 5.51],
			"to": [9.2, 2.31, 9.8],
			"rotation": {"angle": 0, "axis": "z", "origin": [8.5, 2.1, 7.66]},
			"faces": {
				"north": {"uv": [0, 0, 1, 1], "texture": "#1"},
				"east": {"uv": [0, 0, 1, 1], "texture": "#1"},
				"south": {"uv": [0, 0, 1, 1], "texture": "#1"},
				"west": {"uv": [0, 0, 1, 1], "texture": "#1"},
				"up": {"uv": [0, 0, 1, 1], "texture": "#1"},
				"down": {"uv": [0, 0, 1, 1], "texture": "#1"}
			}
		},
		{
			"from": [6.8, 1.6, 5.51],
			"to": [7, 2.31, 9.8],
			"rotation": {"angle": 0, "axis": "z", "origin": [7.6, 2.1, 7.66]},
			"faces": {
				"north": {"uv": [0, 0, 1, 1], "texture": "#1"},
				"east": {"uv": [0, 0, 1, 1], "texture": "#1"},
				"south": {"uv": [0, 0, 1, 1], "texture": "#1"},
				"west": {"uv": [0, 0, 1, 1], "texture": "#1"},
				"up": {"uv": [0, 0, 1, 1], "texture": "#1"},
				"down": {"uv": [0, 0, 1, 1], "texture": "#1"}
			}
		},
		{
			"from": [7.5, 1, 5.51],
			"to": [8.5, 1.2, 9.8],
			"rotation": {"angle": 0, "axis": "z", "origin": [8, 1.7, 7.66]},
			"faces": {
				"north": {"uv": [0, 0, 1, 1], "texture": "#1"},
				"east": {"uv": [0, 0, 1, 1], "texture": "#1"},
				"south": {"uv": [0, 0, 1, 1], "texture": "#1"},
				"west": {"uv": [0, 0, 1, 1], "texture": "#1"},
				"up": {"uv": [0, 0, 1, 1], "texture": "#1"},
				"down": {"uv": [0, 0, 1, 1], "texture": "#1"}
			}
		},
		{
			"from": [6.9, 1.7, 5.5],
			"to": [7.1, 2.3, 9.8],
			"rotation": {"angle": 45, "axis": "z", "origin": [8, 2.1, 7.65]},
			"faces": {
				"north": {"uv": [0, 0, 1, 1], "texture": "#1"},
				"east": {"uv": [0, 0, 1, 1], "texture": "#1"},
				"south": {"uv": [0, 0, 1, 1], "texture": "#1"},
				"west": {"uv": [0, 0, 1, 1], "texture": "#1"},
				"up": {"uv": [0, 0, 1, 1], "texture": "#1"},
				"down": {"uv": [0, 0, 1, 1], "texture": "#1"}
			}
		},
		{
			"from": [7.6, 1, 5.5],
			"to": [8.2, 1.2, 9.8],
			"rotation": {"angle": 45, "axis": "z", "origin": [8, 2.1, 7.65]},
			"faces": {
				"north": {"uv": [0, 0, 1, 1], "texture": "#1"},
				"east": {"uv": [0, 0, 1, 1], "texture": "#1"},
				"south": {"uv": [0, 0, 1, 1], "texture": "#1"},
				"west": {"uv": [0, 0, 1, 1], "texture": "#1"},
				"up": {"uv": [0, 0, 1, 1], "texture": "#1"},
				"down": {"uv": [0, 0, 1, 1], "texture": "#1"}
			}
		},
		{
			"from": [7.895, 3.2, 9.71],
			"to": [8.095, 3.4, 9.8],
			"rotation": {"angle": 0, "axis": "z", "origin": [8, 2.6, 7.66]},
			"faces": {
				"north": {"uv": [0, 0, 0.09, 0.2], "texture": "#0"},
				"east": {"uv": [0, 0, 0.09, 0.2], "texture": "#0"},
				"south": {"uv": [0, 0, 0.09, 0.2], "texture": "#0"},
				"west": {"uv": [0, 0, 0.09, 0.2], "texture": "#0"},
				"up": {"uv": [0, 0, 0.09, 0.2], "texture": "#0"},
				"down": {"uv": [0, 0, 0.09, 0.2], "texture": "#0"}
			}
		},
		{
			"from": [7.9, 3.25, 5.21],
			"to": [7.91, 3.35, 9.8],
			"rotation": {"angle": 0, "axis": "z", "origin": [8, 2.6, 7.66]},
			"faces": {
				"north": {"uv": [0, 0, 4.59, 0.1], "texture": "#0"},
				"east": {"uv": [0, 0, 4.59, 0.1], "texture": "#0"},
				"south": {"uv": [0, 0, 4.59, 0.1], "texture": "#0"},
				"west": {"uv": [0, 0, 4.59, 0.1], "texture": "#0"},
				"up": {"uv": [0, 0, 4.59, 0.1], "texture": "#0"},
				"down": {"uv": [0, 0, 4.59, 0.1], "texture": "#0"}
			}
		},
		{
			"from": [8.08, 3.25, 5.21],
			"to": [8.09, 3.35, 9.8],
			"rotation": {"angle": 0, "axis": "z", "origin": [8.18, 2.6, 7.66]},
			"faces": {
				"north": {"uv": [0, 0, 4.59, 0.1], "texture": "#0"},
				"east": {"uv": [0, 0, 4.59, 0.1], "texture": "#0"},
				"south": {"uv": [0, 0, 4.59, 0.1], "texture": "#0"},
				"west": {"uv": [0, 0, 4.59, 0.1], "texture": "#0"},
				"up": {"uv": [0, 0, 4.59, 0.1], "texture": "#0"},
				"down": {"uv": [0, 0, 4.59, 0.1], "texture": "#0"}
			}
		},
		{
			"from": [8.2, 3.2, 5.4],
			"to": [8.3, 3.3, 9.8],
			"rotation": {"angle": -45, "axis": "z", "origin": [8, 2.1, 7.65]},
			"faces": {
				"north": {"uv": [0, 0, 4.4, 0.1], "texture": "#0"},
				"east": {"uv": [0, 0, 4.4, 0.1], "texture": "#0"},
				"south": {"uv": [0, 0, 4.4, 0.1], "texture": "#0"},
				"west": {"uv": [0, 0, 4.4, 0.1], "texture": "#0"},
				"up": {"uv": [0, 0, 4.4, 0.1], "texture": "#0"},
				"down": {"uv": [0, 0, 4.4, 0.1], "texture": "#0"}
			}
		},
		{
			"from": [7.8, 3.2, 5.4],
			"to": [7.9, 3.3, 9.8],
			"rotation": {"angle": -45, "axis": "z", "origin": [8, 2.1, 7.65]},
			"faces": {
				"north": {"uv": [0, 0, 4.4, 0.1], "texture": "#0"},
				"east": {"uv": [0, 0, 4.4, 0.1], "texture": "#0"},
				"south": {"uv": [0, 0, 4.4, 0.1], "texture": "#0"},
				"west": {"uv": [0, 0, 4.4, 0.1], "texture": "#0"},
				"up": {"uv": [0, 0, 4.4, 0.1], "texture": "#0"},
				"down": {"uv": [0, 0, 4.4, 0.1], "texture": "#0"}
			}
		},
		{
			"from": [8.1, 3.2, 5.4],
			"to": [8.2, 3.3, 9.8],
			"rotation": {"angle": 45, "axis": "z", "origin": [8, 2.1, 7.65]},
			"faces": {
				"north": {"uv": [0, 0, 4.4, 0.1], "texture": "#0"},
				"east": {"uv": [0, 0, 4.4, 0.1], "texture": "#0"},
				"south": {"uv": [0, 0, 4.4, 0.1], "texture": "#0"},
				"west": {"uv": [0, 0, 4.4, 0.1], "texture": "#0"},
				"up": {"uv": [0, 0, 4.4, 0.1], "texture": "#0"},
				"down": {"uv": [0, 0, 4.4, 0.1], "texture": "#0"}
			}
		},
		{
			"from": [7.7, 3.2, 5.4],
			"to": [7.8, 3.3, 9.8],
			"rotation": {"angle": 45, "axis": "z", "origin": [8, 2.1, 7.65]},
			"faces": {
				"north": {"uv": [0, 0, 4.4, 0.1], "texture": "#0"},
				"east": {"uv": [0, 0, 4.4, 0.1], "texture": "#0"},
				"south": {"uv": [0, 0, 4.4, 0.1], "texture": "#0"},
				"west": {"uv": [0, 0, 4.4, 0.1], "texture": "#0"},
				"up": {"uv": [0, 0, 4.4, 0.1], "texture": "#0"},
				"down": {"uv": [0, 0, 4.4, 0.1], "texture": "#0"}
			}
		},
		{
			"from": [9.3, 2.1, 5.41],
			"to": [9.4, 2.2, 9.8],
			"rotation": {"angle": 0, "axis": "z", "origin": [8.6, 2.2, 7.66]},
			"faces": {
				"north": {"uv": [0, 0, 4.39, 0.1], "texture": "#0"},
				"east": {"uv": [0, 0, 4.39, 0.1], "texture": "#0"},
				"south": {"uv": [0, 0, 4.39, 0.1], "texture": "#0"},
				"west": {"uv": [0, 0, 4.39, 0.1], "texture": "#0"},
				"up": {"uv": [0, 0, 4.39, 0.1], "texture": "#0"},
				"down": {"uv": [0, 0, 4.39, 0.1], "texture": "#0"}
			}
		},
		{
			"from": [9.3, 1.8, 5.41],
			"to": [9.4, 1.9, 9.8],
			"rotation": {"angle": 0, "axis": "z", "origin": [8.6, 2.2, 7.66]},
			"faces": {
				"north": {"uv": [0, 0, 4.39, 0.1], "texture": "#0"},
				"east": {"uv": [0, 0, 4.39, 0.1], "texture": "#0"},
				"south": {"uv": [0, 0, 4.39, 0.1], "texture": "#0"},
				"west": {"uv": [0, 0, 4.39, 0.1], "texture": "#0"},
				"up": {"uv": [0, 0, 4.39, 0.1], "texture": "#0"},
				"down": {"uv": [0, 0, 4.39, 0.1], "texture": "#0"}
			}
		},
		{
			"from": [6.6, 1.8, 5.41],
			"to": [6.7, 1.9, 9.8],
			"rotation": {"angle": 0, "axis": "z", "origin": [5.9, 2.2, 7.66]},
			"faces": {
				"north": {"uv": [0, 0, 4.39, 0.1], "texture": "#0"},
				"east": {"uv": [0, 0, 4.39, 0.1], "texture": "#0"},
				"south": {"uv": [0, 0, 4.39, 0.1], "texture": "#0"},
				"west": {"uv": [0, 0, 4.39, 0.1], "texture": "#0"},
				"up": {"uv": [0, 0, 4.39, 0.1], "texture": "#0"},
				"down": {"uv": [0, 0, 4.39, 0.1], "texture": "#0"}
			}
		},
		{
			"from": [6.6, 2.1, 5.41],
			"to": [6.7, 2.2, 9.8],
			"rotation": {"angle": 0, "axis": "z", "origin": [5.9, 2.1, 7.66]},
			"faces": {
				"north": {"uv": [0, 0, 4.39, 0.1], "texture": "#0"},
				"east": {"uv": [0, 0, 4.39, 0.1], "texture": "#0"},
				"south": {"uv": [0, 0, 4.39, 0.1], "texture": "#0"},
				"west": {"uv": [0, 0, 4.39, 0.1], "texture": "#0"},
				"up": {"uv": [0, 0, 4.39, 0.1], "texture": "#0"},
				"down": {"uv": [0, 0, 4.39, 0.1], "texture": "#0"}
			}
		},
		{
			"from": [6.6, 1.9, 9.71],
			"to": [6.7, 2.1, 9.8],
			"rotation": {"angle": 0, "axis": "z", "origin": [5.9, 2.2, 7.66]},
			"faces": {
				"north": {"uv": [0, 0, 0.09, 0.2], "texture": "#0"},
				"east": {"uv": [0, 0, 0.09, 0.2], "texture": "#0"},
				"south": {"uv": [0, 0, 0.09, 0.2], "texture": "#0"},
				"west": {"uv": [0, 0, 0.09, 0.2], "texture": "#0"},
				"up": {"uv": [0, 0, 0.09, 0.2], "texture": "#0"},
				"down": {"uv": [0, 0, 0.09, 0.2], "texture": "#0"}
			}
		},
		{
			"from": [7.8, 3.2, 9.7],
			"to": [8.1, 3.3, 9.8],
			"rotation": {"angle": 45, "axis": "z", "origin": [8, 2.1, 7.65]},
			"faces": {
				"north": {"uv": [0, 0, 0.1, 0.1], "texture": "#0"},
				"east": {"uv": [0, 0, 0.1, 0.1], "texture": "#0"},
				"south": {"uv": [0, 0, 0.1, 0.1], "texture": "#0"},
				"west": {"uv": [0, 0, 0.1, 0.1], "texture": "#0"},
				"up": {"uv": [0, 0, 0.1, 0.1], "texture": "#0"},
				"down": {"uv": [0, 0, 0.1, 0.1], "texture": "#0"}
			}
		},
		{
			"from": [7.9, 3.2, 9.7],
			"to": [8.2, 3.3, 9.8],
			"rotation": {"angle": -45, "axis": "z", "origin": [8, 2.1, 7.65]},
			"faces": {
				"north": {"uv": [0, 0, 0.1, 0.1], "texture": "#0"},
				"east": {"uv": [0, 0, 0.1, 0.1], "texture": "#0"},
				"south": {"uv": [0, 0, 0.1, 0.1], "texture": "#0"},
				"west": {"uv": [0, 0, 0.1, 0.1], "texture": "#0"},
				"up": {"uv": [0, 0, 0.1, 0.1], "texture": "#0"},
				"down": {"uv": [0, 0, 0.1, 0.1], "texture": "#0"}
			}
		},
		{
			"from": [9.3, 1.9, 9.71],
			"to": [9.4, 2.1, 9.8],
			"rotation": {"angle": 0, "axis": "z", "origin": [8.6, 2.3, 7.66]},
			"faces": {
				"north": {"uv": [0, 0, 0.09, 0.2], "texture": "#0"},
				"east": {"uv": [0, 0, 0.09, 0.2], "texture": "#0"},
				"south": {"uv": [0, 0, 0.09, 0.2], "texture": "#0"},
				"west": {"uv": [0, 0, 0.09, 0.2], "texture": "#0"},
				"up": {"uv": [0, 0, 0.09, 0.2], "texture": "#0"},
				"down": {"uv": [0, 0, 0.09, 0.2], "texture": "#0"}
			}
		},
		{
			"from": [8.4, 0.8, 5.41],
			"to": [8.5, 0.9, 9.8],
			"rotation": {"angle": -45, "axis": "z", "origin": [8.45, 0.85, 7.655]},
			"faces": {
				"north": {"uv": [0, 0, 4.39, 0.1], "texture": "#0"},
				"east": {"uv": [0, 0, 4.39, 0.1], "texture": "#0"},
				"south": {"uv": [0, 0, 4.39, 0.1], "texture": "#0"},
				"west": {"uv": [0, 0, 4.39, 0.1], "texture": "#0"},
				"up": {"uv": [0, 0, 4.39, 0.1], "texture": "#0"},
				"down": {"uv": [0, 0, 4.39, 0.1], "texture": "#0"}
			}
		},
		{
			"from": [8.4, 1.1, 5.41],
			"to": [8.5, 1.2, 9.8],
			"rotation": {"angle": -45, "axis": "z", "origin": [8.45, 0.85, 7.655]},
			"faces": {
				"north": {"uv": [0, 0, 4.39, 0.1], "texture": "#0"},
				"east": {"uv": [0, 0, 4.39, 0.1], "texture": "#0"},
				"south": {"uv": [0, 0, 4.39, 0.1], "texture": "#0"},
				"west": {"uv": [0, 0, 4.39, 0.1], "texture": "#0"},
				"up": {"uv": [0, 0, 4.39, 0.1], "texture": "#0"},
				"down": {"uv": [0, 0, 4.39, 0.1], "texture": "#0"}
			}
		},
		{
			"from": [7.5, 0.8, 5.41],
			"to": [7.6, 0.9, 9.8],
			"rotation": {"angle": 45, "axis": "z", "origin": [7.55, 0.85, 7.655]},
			"faces": {
				"north": {"uv": [0, 0, 4.39, 0.1], "texture": "#0"},
				"east": {"uv": [0, 0, 4.39, 0.1], "texture": "#0"},
				"south": {"uv": [0, 0, 4.39, 0.1], "texture": "#0"},
				"west": {"uv": [0, 0, 4.39, 0.1], "texture": "#0"},
				"up": {"uv": [0, 0, 4.39, 0.1], "texture": "#0"},
				"down": {"uv": [0, 0, 4.39, 0.1], "texture": "#0"}
			}
		},
		{
			"from": [7.5, 1.1, 5.41],
			"to": [7.6, 1.2, 9.8],
			"rotation": {"angle": 45, "axis": "z", "origin": [7.55, 0.85, 7.655]},
			"faces": {
				"north": {"uv": [0, 0, 4.39, 0.1], "texture": "#0"},
				"east": {"uv": [0, 0, 4.39, 0.1], "texture": "#0"},
				"south": {"uv": [0, 0, 4.39, 0.1], "texture": "#0"},
				"west": {"uv": [0, 0, 4.39, 0.1], "texture": "#0"},
				"up": {"uv": [0, 0, 4.39, 0.1], "texture": "#0"},
				"down": {"uv": [0, 0, 4.39, 0.1], "texture": "#0"}
			}
		},
		{
			"from": [8.3, 1.4, 9.71],
			"to": [8.5, 1.6, 9.8],
			"rotation": {"angle": -45, "axis": "z", "origin": [8.45, 0.85, 7.655]},
			"faces": {
				"north": {"uv": [0, 0, 0.09, 0.2], "texture": "#0"},
				"east": {"uv": [0, 0, 0.09, 0.2], "texture": "#0"},
				"south": {"uv": [0, 0, 0.09, 0.2], "texture": "#0"},
				"west": {"uv": [0, 0, 0.09, 0.2], "texture": "#0"},
				"up": {"uv": [0, 0, 0.09, 0.2], "texture": "#0"},
				"down": {"uv": [0, 0, 0.09, 0.2], "texture": "#0"}
			}
		},
		{
			"from": [7.5, 1.4, 9.71],
			"to": [7.7, 1.6, 9.8],
			"rotation": {"angle": 45, "axis": "z", "origin": [7.55, 0.85, 7.655]},
			"faces": {
				"north": {"uv": [0, 0, 0.09, 0.2], "texture": "#0"},
				"east": {"uv": [0, 0, 0.09, 0.2], "texture": "#0"},
				"south": {"uv": [0, 0, 0.09, 0.2], "texture": "#0"},
				"west": {"uv": [0, 0, 0.09, 0.2], "texture": "#0"},
				"up": {"uv": [0, 0, 0.09, 0.2], "texture": "#0"},
				"down": {"uv": [0, 0, 0.09, 0.2], "texture": "#0"}
			}
		},
		{
			"from": [7.52, 1.45, 5.21],
			"to": [7.62, 1.46, 9.8],
			"rotation": {"angle": 45, "axis": "z", "origin": [7.55, 0.85, 7.555]},
			"faces": {
				"north": {"uv": [0, 0, 4.59, 0.01], "texture": "#0"},
				"east": {"uv": [0, 0, 4.59, 0.01], "texture": "#0"},
				"south": {"uv": [0, 0, 4.59, 0.01], "texture": "#0"},
				"west": {"uv": [0, 0, 4.59, 0.01], "texture": "#0"},
				"up": {"uv": [0, 0, 4.59, 0.01], "texture": "#0"},
				"down": {"uv": [0, 0, 4.59, 0.01], "texture": "#0"}
			}
		},
		{
			"from": [8.38, 1.45, 5.21],
			"to": [8.48, 1.46, 9.8],
			"rotation": {"angle": -45, "axis": "z", "origin": [8.45, 0.85, 7.555]},
			"faces": {
				"north": {"uv": [0, 0, 4.59, 0.01], "texture": "#0"},
				"east": {"uv": [0, 0, 4.59, 0.01], "texture": "#0"},
				"south": {"uv": [0, 0, 4.59, 0.01], "texture": "#0"},
				"west": {"uv": [0, 0, 4.59, 0.01], "texture": "#0"},
				"up": {"uv": [0, 0, 4.59, 0.01], "texture": "#0"},
				"down": {"uv": [0, 0, 4.59, 0.01], "texture": "#0"}
			}
		},
		{
			"from": [8.38, 1.55, 5.21],
			"to": [8.48, 1.56, 9.8],
			"rotation": {"angle": -45, "axis": "z", "origin": [8.45, 0.85, 7.555]},
			"faces": {
				"north": {"uv": [0, 0, 4.59, 0.01], "texture": "#0"},
				"east": {"uv": [0, 0, 4.59, 0.01], "texture": "#0"},
				"south": {"uv": [0, 0, 4.59, 0.01], "texture": "#0"},
				"west": {"uv": [0, 0, 4.59, 0.01], "texture": "#0"},
				"up": {"uv": [0, 0, 4.59, 0.01], "texture": "#0"},
				"down": {"uv": [0, 0, 4.59, 0.01], "texture": "#0"}
			}
		},
		{
			"from": [7.52, 1.55, 5.21],
			"to": [7.62, 1.56, 9.8],
			"rotation": {"angle": 45, "axis": "z", "origin": [7.55, 0.85, 7.555]},
			"faces": {
				"north": {"uv": [0, 0, 4.59, 0.01], "texture": "#0"},
				"east": {"uv": [0, 0, 4.59, 0.01], "texture": "#0"},
				"south": {"uv": [0, 0, 4.59, 0.01], "texture": "#0"},
				"west": {"uv": [0, 0, 4.59, 0.01], "texture": "#0"},
				"up": {"uv": [0, 0, 4.59, 0.01], "texture": "#0"},
				"down": {"uv": [0, 0, 4.59, 0.01], "texture": "#0"}
			}
		},
		{
			"from": [7.5, 0.9, 9.71],
			"to": [7.6, 1.1, 9.8],
			"rotation": {"angle": 45, "axis": "z", "origin": [7.55, 0.85, 7.655]},
			"faces": {
				"north": {"uv": [0, 0, 0.09, 0.2], "texture": "#0"},
				"east": {"uv": [0, 0, 0.09, 0.2], "texture": "#0"},
				"south": {"uv": [0, 0, 0.09, 0.2], "texture": "#0"},
				"west": {"uv": [0, 0, 0.09, 0.2], "texture": "#0"},
				"up": {"uv": [0, 0, 0.09, 0.2], "texture": "#0"},
				"down": {"uv": [0, 0, 0.09, 0.2], "texture": "#0"}
			}
		},
		{
			"from": [8.4, 0.9, 9.7],
			"to": [8.5, 1.1, 9.8],
			"rotation": {"angle": -45, "axis": "z", "origin": [8.45, 0.85, 7.655]},
			"faces": {
				"north": {"uv": [0, 0, 0.1, 0.2], "texture": "#0"},
				"east": {"uv": [0, 0, 0.1, 0.2], "texture": "#0"},
				"south": {"uv": [0, 0, 0.1, 0.2], "texture": "#0"},
				"west": {"uv": [0, 0, 0.1, 0.2], "texture": "#0"},
				"up": {"uv": [0, 0, 0.1, 0.2], "texture": "#0"},
				"down": {"uv": [0, 0, 0.1, 0.2], "texture": "#0"}
			}
		},
		{
			"from": [7.7, 0.8, 5.31],
			"to": [8.3, 1, 5.5],
			"rotation": {"angle": 0, "axis": "z", "origin": [8, 2, 3.36]},
			"faces": {
				"north": {"uv": [0, 0, 0.6, 0.2], "texture": "#0"},
				"east": {"uv": [0, 0, 0.6, 0.2], "texture": "#0"},
				"south": {"uv": [0, 0, 0.6, 0.2], "texture": "#0"},
				"west": {"uv": [0, 0, 0.6, 0.2], "texture": "#0"},
				"up": {"uv": [0, 0, 0.6, 0.2], "texture": "#0"},
				"down": {"uv": [0, 0, 0.6, 0.2], "texture": "#0"}
			}
		},
		{
			"from": [7.3, 0.9, 5.3],
			"to": [8.7, 1.1, 5.5],
			"rotation": {"angle": 45, "axis": "z", "origin": [8, 2.1, 3.35]},
			"faces": {
				"north": {"uv": [0, 0, 1.4, 0.2], "texture": "#0"},
				"east": {"uv": [0, 0, 1.4, 0.2], "texture": "#0"},
				"south": {"uv": [0, 0, 1.4, 0.2], "texture": "#0"},
				"west": {"uv": [0, 0, 1.4, 0.2], "texture": "#0"},
				"up": {"uv": [0, 0, 1.4, 0.2], "texture": "#0"},
				"down": {"uv": [0, 0, 1.4, 0.2], "texture": "#0"}
			}
		},
		{
			"from": [9.1, 1.8, 5.31],
			"to": [9.3, 2.4, 5.5],
			"rotation": {"angle": 0, "axis": "z", "origin": [8.1, 2.1, 3.36]},
			"faces": {
				"north": {"uv": [0, 0, 0.2, 0.6], "texture": "#0"},
				"east": {"uv": [0, 0, 0.2, 0.6], "texture": "#0"},
				"south": {"uv": [0, 0, 0.2, 0.6], "texture": "#0"},
				"west": {"uv": [0, 0, 0.2, 0.6], "texture": "#0"},
				"up": {"uv": [0, 0, 0.2, 0.6], "texture": "#0"},
				"down": {"uv": [0, 0, 0.2, 0.6], "texture": "#0"}
			}
		},
		{
			"from": [8.9, 1.3, 5.3],
			"to": [9.1, 2.8, 5.5],
			"rotation": {"angle": 45, "axis": "z", "origin": [8, 2.1, 3.35]},
			"faces": {
				"north": {"uv": [0, 0, 0.2, 1.5], "texture": "#0"},
				"east": {"uv": [0, 0, 0.2, 1.5], "texture": "#0"},
				"south": {"uv": [0, 0, 0.2, 1.5], "texture": "#0"},
				"west": {"uv": [0, 0, 0.2, 1.5], "texture": "#0"},
				"up": {"uv": [0, 0, 0.2, 1.5], "texture": "#0"},
				"down": {"uv": [0, 0, 0.2, 1.5], "texture": "#0"}
			}
		},
		{
			"from": [7.7, 3.1, 5.31],
			"to": [8.3, 3.3, 5.5],
			"rotation": {"angle": 0, "axis": "z", "origin": [8, 2.2, 3.36]},
			"faces": {
				"north": {"uv": [0, 0, 0.6, 0.2], "texture": "#0"},
				"east": {"uv": [0, 0, 0.6, 0.2], "texture": "#0"},
				"south": {"uv": [0, 0, 0.6, 0.2], "texture": "#0"},
				"west": {"uv": [0, 0, 0.6, 0.2], "texture": "#0"},
				"up": {"uv": [0, 0, 0.6, 0.2], "texture": "#0"},
				"down": {"uv": [0, 0, 0.6, 0.2], "texture": "#0"}
			}
		},
		{
			"from": [7.2, 3, 5.3],
			"to": [8.7, 3.2, 5.5],
			"rotation": {"angle": 45, "axis": "z", "origin": [8, 2.1, 3.35]},
			"faces": {
				"north": {"uv": [0, 0, 1.5, 0.2], "texture": "#0"},
				"east": {"uv": [0, 0, 1.5, 0.2], "texture": "#0"},
				"south": {"uv": [0, 0, 1.5, 0.2], "texture": "#0"},
				"west": {"uv": [0, 0, 1.5, 0.2], "texture": "#0"},
				"up": {"uv": [0, 0, 1.5, 0.2], "texture": "#0"},
				"down": {"uv": [0, 0, 1.5, 0.2], "texture": "#0"}
			}
		},
		{
			"from": [6.7, 1.8, 5.31],
			"to": [6.9, 2.4, 5.5],
			"rotation": {"angle": 0, "axis": "z", "origin": [7.9, 2.1, 3.36]},
			"faces": {
				"north": {"uv": [0, 0, 0.2, 0.6], "texture": "#0"},
				"east": {"uv": [0, 0, 0.2, 0.6], "texture": "#0"},
				"south": {"uv": [0, 0, 0.2, 0.6], "texture": "#0"},
				"west": {"uv": [0, 0, 0.2, 0.6], "texture": "#0"},
				"up": {"uv": [0, 0, 0.2, 0.6], "texture": "#0"},
				"down": {"uv": [0, 0, 0.2, 0.6], "texture": "#0"}
			}
		},
		{
			"from": [6.8, 1.4, 5.3],
			"to": [7, 2.8, 5.5],
			"rotation": {"angle": 45, "axis": "z", "origin": [8, 2.1, 3.35]},
			"faces": {
				"north": {"uv": [0, 0, 0.2, 1.4], "texture": "#0"},
				"east": {"uv": [0, 0, 0.2, 1.4], "texture": "#0"},
				"south": {"uv": [0, 0, 0.2, 1.4], "texture": "#0"},
				"west": {"uv": [0, 0, 0.2, 1.4], "texture": "#0"},
				"up": {"uv": [0, 0, 0.2, 1.4], "texture": "#0"},
				"down": {"uv": [0, 0, 0.2, 1.4], "texture": "#0"}
			}
		},
		{
			"from": [7.8, 3.2, 5.4],
			"to": [8.1, 3.3, 5.6],
			"rotation": {"angle": 45, "axis": "z", "origin": [8, 2.1, 7.65]},
			"faces": {
				"north": {"uv": [0, 0, 0.3, 0.1], "texture": "#0"},
				"east": {"uv": [0, 0, 0.3, 0.1], "texture": "#0"},
				"south": {"uv": [0, 0, 0.3, 0.1], "texture": "#0"},
				"west": {"uv": [0, 0, 0.3, 0.1], "texture": "#0"},
				"up": {"uv": [0, 0, 0.3, 0.1], "texture": "#0"},
				"down": {"uv": [0, 0, 0.3, 0.1], "texture": "#0"}
			}
		},
		{
			"from": [7.9, 3.2, 5.4],
			"to": [8.2, 3.3, 5.6],
			"rotation": {"angle": -45, "axis": "z", "origin": [8, 2.1, 7.65]},
			"faces": {
				"north": {"uv": [0, 0, 0.3, 0.1], "texture": "#0"},
				"east": {"uv": [0, 0, 0.3, 0.1], "texture": "#0"},
				"south": {"uv": [0, 0, 0.3, 0.1], "texture": "#0"},
				"west": {"uv": [0, 0, 0.3, 0.1], "texture": "#0"},
				"up": {"uv": [0, 0, 0.3, 0.1], "texture": "#0"},
				"down": {"uv": [0, 0, 0.3, 0.1], "texture": "#0"}
			}
		},
		{
			"from": [9.3, 1.9, 5.41],
			"to": [9.4, 2.1, 5.6],
			"rotation": {"angle": 0, "axis": "z", "origin": [8.6, 2.3, 7.66]},
			"faces": {
				"north": {"uv": [0, 0, 0.1, 0.2], "texture": "#0"},
				"east": {"uv": [0, 0, 0.1, 0.2], "texture": "#0"},
				"south": {"uv": [0, 0, 0.1, 0.2], "texture": "#0"},
				"west": {"uv": [0, 0, 0.1, 0.2], "texture": "#0"},
				"up": {"uv": [0, 0, 0.1, 0.2], "texture": "#0"},
				"down": {"uv": [0, 0, 0.1, 0.2], "texture": "#0"}
			}
		},
		{
			"from": [8.4, 0.9, 5.4],
			"to": [8.5, 1.1, 5.6],
			"rotation": {"angle": -45, "axis": "z", "origin": [8.45, 0.85, 7.655]},
			"faces": {
				"north": {"uv": [0, 0, 0.1, 0.2], "texture": "#0"},
				"east": {"uv": [0, 0, 0.1, 0.2], "texture": "#0"},
				"south": {"uv": [0, 0, 0.1, 0.2], "texture": "#0"},
				"west": {"uv": [0, 0, 0.1, 0.2], "texture": "#0"},
				"up": {"uv": [0, 0, 0.1, 0.2], "texture": "#0"},
				"down": {"uv": [0, 0, 0.1, 0.2], "texture": "#0"}
			}
		},
		{
			"from": [7.5, 0.9, 5.41],
			"to": [7.6, 1.1, 5.6],
			"rotation": {"angle": 45, "axis": "z", "origin": [7.55, 0.85, 7.655]},
			"faces": {
				"north": {"uv": [0, 0, 0.1, 0.2], "texture": "#0"},
				"east": {"uv": [0, 0, 0.1, 0.2], "texture": "#0"},
				"south": {"uv": [0, 0, 0.1, 0.2], "texture": "#0"},
				"west": {"uv": [0, 0, 0.1, 0.2], "texture": "#0"},
				"up": {"uv": [0, 0, 0.1, 0.2], "texture": "#0"},
				"down": {"uv": [0, 0, 0.1, 0.2], "texture": "#0"}
			}
		},
		{
			"from": [6.6, 1.9, 5.41],
			"to": [6.7, 2.1, 5.6],
			"rotation": {"angle": 0, "axis": "z", "origin": [5.9, 2.2, 7.66]},
			"faces": {
				"north": {"uv": [0, 0, 0.1, 0.2], "texture": "#0"},
				"east": {"uv": [0, 0, 0.1, 0.2], "texture": "#0"},
				"south": {"uv": [0, 0, 0.1, 0.2], "texture": "#0"},
				"west": {"uv": [0, 0, 0.1, 0.2], "texture": "#0"},
				"up": {"uv": [0, 0, 0.1, 0.2], "texture": "#0"},
				"down": {"uv": [0, 0, 0.1, 0.2], "texture": "#0"}
			}
		},
		{
			"from": [7.89, 3, 5.41],
			"to": [7.92, 3.5, 5.9],
			"rotation": {"angle": 0, "axis": "z", "origin": [7.82, 2.4, 3.36]},
			"faces": {
				"north": {"uv": [0, 0, 0.49, 0.5], "texture": "#0"},
				"east": {"uv": [0, 0, 0.49, 0.5], "texture": "#0"},
				"south": {"uv": [0, 0, 0.49, 0.5], "texture": "#0"},
				"west": {"uv": [0, 0, 0.49, 0.5], "texture": "#0"},
				"up": {"uv": [0, 0, 0.49, 0.5], "texture": "#0"},
				"down": {"uv": [0, 0, 0.49, 0.5], "texture": "#0"}
			}
		},
		{
			"from": [7.94, 3.2, 5.51],
			"to": [8.06, 5, 5.7],
			"rotation": {"angle": -45, "axis": "x", "origin": [8, 3.45, 5.655]},
			"faces": {
				"north": {"uv": [0, 0, 0.19, 1.8], "texture": "#0"},
				"east": {"uv": [0, 0, 0.19, 1.8], "texture": "#0"},
				"south": {"uv": [0, 0, 0.19, 1.8], "texture": "#0"},
				"west": {"uv": [0, 0, 0.19, 1.8], "texture": "#0"},
				"up": {"uv": [0, 0, 0.19, 1.8], "texture": "#0"},
				"down": {"uv": [0, 0, 0.19, 1.8], "texture": "#0"}
			}
		},
		{
			"from": [8.07, 3, 5.41],
			"to": [8.1, 3.5, 5.9],
			"rotation": {"angle": 0, "axis": "z", "origin": [8, 2.4, 3.36]},
			"faces": {
				"north": {"uv": [0, 0, 0.49, 0.5], "texture": "#0"},
				"east": {"uv": [0, 0, 0.49, 0.5], "texture": "#0"},
				"south": {"uv": [0, 0, 0.49, 0.5], "texture": "#0"},
				"west": {"uv": [0, 0, 0.49, 0.5], "texture": "#0"},
				"up": {"uv": [0, 0, 0.49, 0.5], "texture": "#0"},
				"down": {"uv": [0, 0, 0.49, 0.5], "texture": "#0"}
			}
		},
		{
			"from": [7.91, 3.6, 5.21],
			"to": [8.07, 5.3, 5.3],
			"rotation": {"angle": -45, "axis": "x", "origin": [8, 3.45, 5.655]},
			"faces": {
				"north": {"uv": [0, 0, 0.09, 1.7], "texture": "#0"},
				"east": {"uv": [0, 0, 0.09, 1.7], "texture": "#0"},
				"south": {"uv": [0, 0, 0.09, 1.7], "texture": "#0"},
				"west": {"uv": [0, 0, 0.09, 1.7], "texture": "#0"},
				"up": {"uv": [0, 0, 0.09, 1.7], "texture": "#0"},
				"down": {"uv": [0, 0, 0.09, 1.7], "texture": "#0"}
			}
		},
		{
			"from": [7.91, 4.6, 3.61],
			"to": [8.09, 4.8, 4.9],
			"rotation": {"angle": -22.5, "axis": "x", "origin": [8, 4.7, 4.805]},
			"faces": {
				"north": {"uv": [0, 0, 1.29, 0.2], "texture": "#0"},
				"east": {"uv": [0, 0, 1.29, 0.2], "texture": "#0"},
				"south": {"uv": [0, 0, 1.29, 0.2], "texture": "#0"},
				"west": {"uv": [0, 0, 1.29, 0.2], "texture": "#0"},
				"up": {"uv": [0, 0, 1.29, 0.2], "texture": "#0"},
				"down": {"uv": [0, 0, 1.29, 0.2], "texture": "#0"}
			}
		},
		{
			"from": [7.94, 4.12165, 3.60515],
			"to": [8.06, 4.32165, 3.69515],
			"rotation": {"angle": 45, "axis": "x", "origin": [8, 4.12165, 3.65015]},
			"faces": {
				"north": {"uv": [0, 0, 0.09, 0.2], "texture": "#0"},
				"east": {"uv": [0, 0, 0.09, 0.2], "texture": "#0"},
				"south": {"uv": [0, 0, 0.09, 0.2], "texture": "#0"},
				"west": {"uv": [0, 0, 0.09, 0.2], "texture": "#0"},
				"up": {"uv": [0, 0, 0.09, 0.2], "texture": "#0"},
				"down": {"uv": [0, 0, 0.09, 0.2], "texture": "#0"}
			}
		},
		{
			"from": [7.93, 4.02, 3.675],
			"to": [8.07, 4.22, 3.715],
			"rotation": {"angle": 45, "axis": "x", "origin": [8, 4.12165, 3.65015]},
			"faces": {
				"north": {"uv": [0, 0, 0.04, 0.2], "texture": "#0"},
				"east": {"uv": [0, 0, 0.04, 0.2], "texture": "#0"},
				"south": {"uv": [0, 0, 0.04, 0.2], "texture": "#0"},
				"west": {"uv": [0, 0, 0.04, 0.2], "texture": "#0"},
				"up": {"uv": [0, 0, 0.04, 0.2], "texture": "#0"},
				"down": {"uv": [0, 0, 0.04, 0.2], "texture": "#0"}
			}
		},
		{
			"from": [7.9, 3.25, 6.1],
			"to": [7.91, 3.75, 6.11],
			"rotation": {"angle": 22.5, "axis": "x", "origin": [7.995, 3.45, 6.145]},
			"faces": {
				"north": {"uv": [0, 0, 0.01, 0.5], "texture": "#0"},
				"east": {"uv": [0, 0, 0.01, 0.5], "texture": "#0"},
				"south": {"uv": [0, 0, 0.01, 0.5], "texture": "#0"},
				"west": {"uv": [0, 0, 0.01, 0.5], "texture": "#0"},
				"up": {"uv": [0, 0, 0.01, 0.5], "texture": "#0"},
				"down": {"uv": [0, 0, 0.01, 0.5], "texture": "#0"}
			}
		},
		{
			"from": [7.9, 3.45, 5.41],
			"to": [7.91, 3.46, 6.1],
			"rotation": {"angle": 0, "axis": "z", "origin": [8, 2.8, 7.66]},
			"faces": {
				"north": {"uv": [0, 0, 0.69, 0.01], "texture": "#0"},
				"east": {"uv": [0, 0, 0.69, 0.01], "texture": "#0"},
				"south": {"uv": [0, 0, 0.69, 0.01], "texture": "#0"},
				"west": {"uv": [0, 0, 0.69, 0.01], "texture": "#0"},
				"up": {"uv": [0, 0, 0.69, 0.01], "texture": "#0"},
				"down": {"uv": [0, 0, 0.69, 0.01], "texture": "#0"}
			}
		},
		{
			"from": [8.08, 3.45, 5.41],
			"to": [8.09, 3.46, 6.1],
			"rotation": {"angle": 0, "axis": "z", "origin": [8.18, 2.8, 7.66]},
			"faces": {
				"north": {"uv": [0, 0, 0.69, 0.01], "texture": "#0"},
				"east": {"uv": [0, 0, 0.69, 0.01], "texture": "#0"},
				"south": {"uv": [0, 0, 0.69, 0.01], "texture": "#0"},
				"west": {"uv": [0, 0, 0.69, 0.01], "texture": "#0"},
				"up": {"uv": [0, 0, 0.69, 0.01], "texture": "#0"},
				"down": {"uv": [0, 0, 0.69, 0.01], "texture": "#0"}
			}
		},
		{
			"from": [8.08, 3.25, 6.1],
			"to": [8.09, 3.75, 6.11],
			"rotation": {"angle": 22.5, "axis": "x", "origin": [7.995, 3.45, 6.145]},
			"faces": {
				"north": {"uv": [0, 0, 0.01, 0.5], "texture": "#0"},
				"east": {"uv": [0, 0, 0.01, 0.5], "texture": "#0"},
				"south": {"uv": [0, 0, 0.01, 0.5], "texture": "#0"},
				"west": {"uv": [0, 0, 0.01, 0.5], "texture": "#0"},
				"up": {"uv": [0, 0, 0.01, 0.5], "texture": "#0"},
				"down": {"uv": [0, 0, 0.01, 0.5], "texture": "#0"}
			}
		},
		{
			"from": [7.9, 3.75, 5.56],
			"to": [7.91, 3.76, 6.11],
			"rotation": {"angle": 22.5, "axis": "x", "origin": [7.995, 3.45, 6.145]},
			"faces": {
				"north": {"uv": [0, 0, 0.55, 0.01], "texture": "#0"},
				"east": {"uv": [0, 0, 0.55, 0.01], "texture": "#0"},
				"south": {"uv": [0, 0, 0.55, 0.01], "texture": "#0"},
				"west": {"uv": [0, 0, 0.55, 0.01], "texture": "#0"},
				"up": {"uv": [0, 0, 0.55, 0.01], "texture": "#0"},
				"down": {"uv": [0, 0, 0.55, 0.01], "texture": "#0"}
			}
		},
		{
			"from": [8.08, 3.75, 5.56],
			"to": [8.09, 3.76, 6.11],
			"rotation": {"angle": 22.5, "axis": "x", "origin": [7.995, 3.45, 6.145]},
			"faces": {
				"north": {"uv": [0, 0, 0.55, 0.01], "texture": "#0"},
				"east": {"uv": [0, 0, 0.55, 0.01], "texture": "#0"},
				"south": {"uv": [0, 0, 0.55, 0.01], "texture": "#0"},
				"west": {"uv": [0, 0, 0.55, 0.01], "texture": "#0"},
				"up": {"uv": [0, 0, 0.55, 0.01], "texture": "#0"},
				"down": {"uv": [0, 0, 0.55, 0.01], "texture": "#0"}
			}
		},
		{
			"from": [8.08, 3.65, 5.51],
			"to": [8.09, 4.06, 5.52],
			"rotation": {"angle": 45, "axis": "x", "origin": [7.995, 3.755, 5.505]},
			"faces": {
				"north": {"uv": [0, 0, 0.01, 0.41], "texture": "#0"},
				"east": {"uv": [0, 0, 0.01, 0.41], "texture": "#0"},
				"south": {"uv": [0, 0, 0.01, 0.41], "texture": "#0"},
				"west": {"uv": [0, 0, 0.01, 0.41], "texture": "#0"},
				"up": {"uv": [0, 0, 0.01, 0.41], "texture": "#0"},
				"down": {"uv": [0, 0, 0.01, 0.41], "texture": "#0"}
			}
		},
		{
			"from": [7.9, 3.65, 5.51],
			"to": [7.91, 4.06, 5.52],
			"rotation": {"angle": 45, "axis": "x", "origin": [7.995, 3.755, 5.505]},
			"faces": {
				"north": {"uv": [0, 0, 0.01, 0.41], "texture": "#0"},
				"east": {"uv": [0, 0, 0.01, 0.41], "texture": "#0"},
				"south": {"uv": [0, 0, 0.01, 0.41], "texture": "#0"},
				"west": {"uv": [0, 0, 0.01, 0.41], "texture": "#0"},
				"up": {"uv": [0, 0, 0.01, 0.41], "texture": "#0"},
				"down": {"uv": [0, 0, 0.01, 0.41], "texture": "#0"}
			}
		},
		{
			"from": [8.6, 0.88, 5.31],
			"to": [9.1, 0.91, 5.8],
			"rotation": {"angle": -45, "axis": "z", "origin": [9.41144, 0.80333, 5.24601]},
			"faces": {
				"north": {"uv": [0, 0, 0.03, 0.49], "texture": "#0", "rotation": 90},
				"east": {"uv": [0, 0, 0.03, 0.49], "texture": "#0", "rotation": 90},
				"south": {"uv": [0, 0, 0.03, 0.49], "texture": "#0", "rotation": 90},
				"west": {"uv": [0, 0, 0.03, 0.49], "texture": "#0", "rotation": 90},
				"up": {"uv": [0, 0, 0.03, 0.49], "texture": "#0", "rotation": 90},
				"down": {"uv": [0, 0, 0.03, 0.49], "texture": "#0", "rotation": 90}
			}
		},
		{
			"from": [8.5, 0.78, 5.51],
			"to": [10.3, 0.85, 5.7],
			"rotation": {"angle": -45, "axis": "z", "origin": [9.41144, 0.80333, 5.24601]},
			"faces": {
				"north": {"uv": [0, 0, 0.07, 0.19], "texture": "#0", "rotation": 90},
				"east": {"uv": [0, 0, 0.07, 0.19], "texture": "#0", "rotation": 90},
				"south": {"uv": [0, 0, 0.07, 0.19], "texture": "#0", "rotation": 90},
				"west": {"uv": [0, 0, 0.07, 0.19], "texture": "#0", "rotation": 90},
				"up": {"uv": [0, 0, 0.07, 0.19], "texture": "#0", "rotation": 90},
				"down": {"uv": [0, 0, 0.07, 0.19], "texture": "#0", "rotation": 90}
			}
		},
		{
			"from": [8.6, 0.7, 5.31],
			"to": [9.1, 0.73, 5.8],
			"rotation": {"angle": -45, "axis": "z", "origin": [9.41144, 0.80333, 5.24601]},
			"faces": {
				"north": {"uv": [0, 0, 0.03, 0.49], "texture": "#0", "rotation": 90},
				"east": {"uv": [0, 0, 0.03, 0.49], "texture": "#0", "rotation": 90},
				"south": {"uv": [0, 0, 0.03, 0.49], "texture": "#0", "rotation": 90},
				"west": {"uv": [0, 0, 0.03, 0.49], "texture": "#0", "rotation": 90},
				"up": {"uv": [0, 0, 0.03, 0.49], "texture": "#0", "rotation": 90},
				"down": {"uv": [0, 0, 0.03, 0.49], "texture": "#0", "rotation": 90}
			}
		},
		{
			"from": [8.6, 0.78, 5.21],
			"to": [10.3, 0.85, 5.3],
			"rotation": {"angle": -45, "axis": "z", "origin": [9.41144, 0.80333, 5.24601]},
			"faces": {
				"north": {"uv": [0, 0, 0.07, 0.09], "texture": "#0", "rotation": 90},
				"east": {"uv": [0, 0, 0.07, 0.09], "texture": "#0", "rotation": 90},
				"south": {"uv": [0, 0, 0.07, 0.09], "texture": "#0", "rotation": 90},
				"west": {"uv": [0, 0, 0.07, 0.09], "texture": "#0", "rotation": 90},
				"up": {"uv": [0, 0, 0.07, 0.09], "texture": "#0", "rotation": 90},
				"down": {"uv": [0, 0, 0.07, 0.09], "texture": "#0", "rotation": 90}
			}
		},
		{
			"from": [10.2, 0.73, 4.02],
			"to": [10.4, 0.87, 5.91],
			"rotation": {"angle": -45, "axis": "z", "origin": [9.41144, 0.80333, 5.44601]},
			"faces": {
				"north": {"uv": [0, 0, 0.14, 1.89], "texture": "#0", "rotation": 90},
				"east": {"uv": [0, 0, 0.14, 1.89], "texture": "#0", "rotation": 90},
				"south": {"uv": [0, 0, 0.14, 1.89], "texture": "#0", "rotation": 90},
				"west": {"uv": [0, 0, 0.14, 1.89], "texture": "#0", "rotation": 90},
				"up": {"uv": [0, 0, 0.14, 1.89], "texture": "#0", "rotation": 90},
				"down": {"uv": [0, 0, 0.14, 1.89], "texture": "#0", "rotation": 90}
			}
		},
		{
			"from": [10.12165, 0.74, 4.00515],
			"to": [10.32165, 0.86, 4.09515],
			"rotation": {"angle": -45, "axis": "z", "origin": [9.41144, 0.80333, 5.74601]},
			"faces": {
				"north": {"uv": [0, 0, 0.12, 0.09], "texture": "#0", "rotation": 90},
				"east": {"uv": [0, 0, 0.12, 0.09], "texture": "#0", "rotation": 90},
				"south": {"uv": [0, 0, 0.12, 0.09], "texture": "#0", "rotation": 90},
				"west": {"uv": [0, 0, 0.12, 0.09], "texture": "#0", "rotation": 90},
				"up": {"uv": [0, 0, 0.12, 0.09], "texture": "#0", "rotation": 90},
				"down": {"uv": [0, 0, 0.12, 0.09], "texture": "#0", "rotation": 90}
			}
		},
		{
			"from": [10.02, 0.72, 4.075],
			"to": [10.22, 0.88, 4.115],
			"rotation": {"angle": -45, "axis": "z", "origin": [9.41144, 0.80333, 5.74601]},
			"faces": {
				"north": {"uv": [0, 0, 0.16, 0.04], "texture": "#0", "rotation": 90},
				"east": {"uv": [0, 0, 0.16, 0.04], "texture": "#0", "rotation": 90},
				"south": {"uv": [0, 0, 0.16, 0.04], "texture": "#0", "rotation": 90},
				"west": {"uv": [0, 0, 0.16, 0.04], "texture": "#0", "rotation": 90},
				"up": {"uv": [0, 0, 0.16, 0.04], "texture": "#0", "rotation": 90},
				"down": {"uv": [0, 0, 0.16, 0.04], "texture": "#0", "rotation": 90}
			}
		},
		{
			"from": [8.65, 0.85, 6],
			"to": [9.35, 0.86, 6.01],
			"rotation": {"angle": -45, "axis": "z", "origin": [9.41144, 0.80333, 5.24601]},
			"faces": {
				"north": {"uv": [0, 0, 0.01, 0.01], "texture": "#0", "rotation": 90},
				"east": {"uv": [0, 0, 0.01, 0.01], "texture": "#0", "rotation": 90},
				"south": {"uv": [0, 0, 0.01, 0.01], "texture": "#0", "rotation": 90},
				"west": {"uv": [0, 0, 0.01, 0.01], "texture": "#0", "rotation": 90},
				"up": {"uv": [0, 0, 0.01, 0.01], "texture": "#0", "rotation": 90},
				"down": {"uv": [0, 0, 0.01, 0.01], "texture": "#0", "rotation": 90}
			}
		},
		{
			"from": [9.05, 0.85, 5.21],
			"to": [9.06, 0.86, 6],
			"rotation": {"angle": -45, "axis": "z", "origin": [9.41144, 0.80333, 5.24601]},
			"faces": {
				"north": {"uv": [0, 0, 0.01, 0.79], "texture": "#0", "rotation": 90},
				"east": {"uv": [0, 0, 0.01, 0.79], "texture": "#0", "rotation": 90},
				"south": {"uv": [0, 0, 0.01, 0.79], "texture": "#0", "rotation": 90},
				"west": {"uv": [0, 0, 0.01, 0.79], "texture": "#0", "rotation": 90},
				"up": {"uv": [0, 0, 0.01, 0.79], "texture": "#0", "rotation": 90},
				"down": {"uv": [0, 0, 0.01, 0.79], "texture": "#0", "rotation": 90}
			}
		},
		{
			"from": [9.05, 0.77, 5.21],
			"to": [9.06, 0.78, 6],
			"rotation": {"angle": -45, "axis": "z", "origin": [9.41144, 0.80333, 5.24601]},
			"faces": {
				"north": {"uv": [0, 0, 0.01, 0.79], "texture": "#0", "rotation": 90},
				"east": {"uv": [0, 0, 0.01, 0.79], "texture": "#0", "rotation": 90},
				"south": {"uv": [0, 0, 0.01, 0.79], "texture": "#0", "rotation": 90},
				"west": {"uv": [0, 0, 0.01, 0.79], "texture": "#0", "rotation": 90},
				"up": {"uv": [0, 0, 0.01, 0.79], "texture": "#0", "rotation": 90},
				"down": {"uv": [0, 0, 0.01, 0.79], "texture": "#0", "rotation": 90}
			}
		},
		{
			"from": [8.65, 0.77, 6],
			"to": [9.35, 0.78, 6.01],
			"rotation": {"angle": -45, "axis": "z", "origin": [9.41144, 0.80333, 5.24601]},
			"faces": {
				"north": {"uv": [0, 0, 0.01, 0.01], "texture": "#0", "rotation": 90},
				"east": {"uv": [0, 0, 0.01, 0.01], "texture": "#0", "rotation": 90},
				"south": {"uv": [0, 0, 0.01, 0.01], "texture": "#0", "rotation": 90},
				"west": {"uv": [0, 0, 0.01, 0.01], "texture": "#0", "rotation": 90},
				"up": {"uv": [0, 0, 0.01, 0.01], "texture": "#0", "rotation": 90},
				"down": {"uv": [0, 0, 0.01, 0.01], "texture": "#0", "rotation": 90}
			}
		},
		{
			"from": [9.35, 0.85, 5.56],
			"to": [9.36, 0.86, 6.01],
			"rotation": {"angle": -45, "axis": "z", "origin": [9.41144, 0.80333, 5.24601]},
			"faces": {
				"north": {"uv": [0, 0, 0.01, 0.45], "texture": "#0", "rotation": 90},
				"east": {"uv": [0, 0, 0.01, 0.45], "texture": "#0", "rotation": 90},
				"south": {"uv": [0, 0, 0.01, 0.45], "texture": "#0", "rotation": 90},
				"west": {"uv": [0, 0, 0.01, 0.45], "texture": "#0", "rotation": 90},
				"up": {"uv": [0, 0, 0.01, 0.45], "texture": "#0", "rotation": 90},
				"down": {"uv": [0, 0, 0.01, 0.45], "texture": "#0", "rotation": 90}
			}
		},
		{
			"from": [9.35, 0.77, 5.56],
			"to": [9.36, 0.78, 6.01],
			"rotation": {"angle": -45, "axis": "z", "origin": [9.41144, 0.80333, 5.24601]},
			"faces": {
				"north": {"uv": [0, 0, 0.01, 0.45], "texture": "#0", "rotation": 90},
				"east": {"uv": [0, 0, 0.01, 0.45], "texture": "#0", "rotation": 90},
				"south": {"uv": [0, 0, 0.01, 0.45], "texture": "#0", "rotation": 90},
				"west": {"uv": [0, 0, 0.01, 0.45], "texture": "#0", "rotation": 90},
				"up": {"uv": [0, 0, 0.01, 0.45], "texture": "#0", "rotation": 90},
				"down": {"uv": [0, 0, 0.01, 0.45], "texture": "#0", "rotation": 90}
			}
		},
		{
			"from": [6.64, 0.01478, 5.51],
			"to": [6.71, 1.81478, 5.7],
			"rotation": {"angle": -45, "axis": "z", "origin": [6.66333, 0.90333, 5.24601]},
			"faces": {
				"north": {"uv": [0, 0, 0.19, 1.8], "texture": "#0", "rotation": 180},
				"east": {"uv": [0, 0, 0.19, 1.8], "texture": "#0", "rotation": 180},
				"south": {"uv": [0, 0, 0.19, 1.8], "texture": "#0", "rotation": 180},
				"west": {"uv": [0, 0, 0.19, 1.8], "texture": "#0", "rotation": 180},
				"up": {"uv": [0, 0, 0.19, 1.8], "texture": "#0", "rotation": 180},
				"down": {"uv": [0, 0, 0.19, 1.8], "texture": "#0", "rotation": 180}
			}
		},
		{
			"from": [6.61, -0.08522, 4.02],
			"to": [6.75, 0.11478, 5.91],
			"rotation": {"angle": -45, "axis": "z", "origin": [6.68333, 0.90333, 5.44601]},
			"faces": {
				"north": {"uv": [0, 0, 1.89, 0.2], "texture": "#0", "rotation": 180},
				"east": {"uv": [0, 0, 1.89, 0.2], "texture": "#0", "rotation": 180},
				"south": {"uv": [0, 0, 1.89, 0.2], "texture": "#0", "rotation": 180},
				"west": {"uv": [0, 0, 1.89, 0.2], "texture": "#0", "rotation": 180},
				"up": {"uv": [0, 0, 1.89, 0.2], "texture": "#0", "rotation": 180},
				"down": {"uv": [0, 0, 1.89, 0.2], "texture": "#0", "rotation": 180}
			}
		},
		{
			"from": [6.6, 0.09313, 4.00515],
			"to": [6.72, 0.29313, 4.09515],
			"rotation": {"angle": -45, "axis": "z", "origin": [6.61144, 0.90333, 5.74601]},
			"faces": {
				"north": {"uv": [0, 0, 0.09, 0.2], "texture": "#0", "rotation": 180},
				"east": {"uv": [0, 0, 0.09, 0.2], "texture": "#0", "rotation": 180},
				"south": {"uv": [0, 0, 0.09, 0.2], "texture": "#0", "rotation": 180},
				"west": {"uv": [0, 0, 0.09, 0.2], "texture": "#0", "rotation": 180},
				"up": {"uv": [0, 0, 0.09, 0.2], "texture": "#0", "rotation": 180},
				"down": {"uv": [0, 0, 0.09, 0.2], "texture": "#0", "rotation": 180}
			}
		},
		{
			"from": [6.58, 0.19478, 4.075],
			"to": [6.74, 0.39478, 4.115],
			"rotation": {"angle": -45, "axis": "z", "origin": [6.61144, 0.90333, 5.74601]},
			"faces": {
				"north": {"uv": [0, 0, 0.04, 0.2], "texture": "#0", "rotation": 180},
				"east": {"uv": [0, 0, 0.04, 0.2], "texture": "#0", "rotation": 180},
				"south": {"uv": [0, 0, 0.04, 0.2], "texture": "#0", "rotation": 180},
				"west": {"uv": [0, 0, 0.04, 0.2], "texture": "#0", "rotation": 180},
				"up": {"uv": [0, 0, 0.04, 0.2], "texture": "#0", "rotation": 180},
				"down": {"uv": [0, 0, 0.04, 0.2], "texture": "#0", "rotation": 180}
			}
		},
		{
			"from": [6.615, 0.95478, 5.56],
			"to": [6.625, 0.96478, 6.01],
			"rotation": {"angle": -45, "axis": "z", "origin": [6.61144, 0.90333, 5.24601]},
			"faces": {
				"north": {"uv": [0, 0, 0.45, 0.01], "texture": "#0", "rotation": 180},
				"east": {"uv": [0, 0, 0.45, 0.01], "texture": "#0", "rotation": 180},
				"south": {"uv": [0, 0, 0.45, 0.01], "texture": "#0", "rotation": 180},
				"west": {"uv": [0, 0, 0.45, 0.01], "texture": "#0", "rotation": 180},
				"up": {"uv": [0, 0, 0.45, 0.01], "texture": "#0", "rotation": 180},
				"down": {"uv": [0, 0, 0.45, 0.01], "texture": "#0", "rotation": 180}
			}
		},
		{
			"from": [6.69, 0.95478, 5.56],
			"to": [6.7, 0.96478, 6.01],
			"rotation": {"angle": -45, "axis": "z", "origin": [6.61144, 0.90333, 5.24601]},
			"faces": {
				"north": {"uv": [0, 0, 0.45, 0.01], "texture": "#0", "rotation": 180},
				"east": {"uv": [0, 0, 0.45, 0.01], "texture": "#0", "rotation": 180},
				"south": {"uv": [0, 0, 0.45, 0.01], "texture": "#0", "rotation": 180},
				"west": {"uv": [0, 0, 0.45, 0.01], "texture": "#0", "rotation": 180},
				"up": {"uv": [0, 0, 0.45, 0.01], "texture": "#0", "rotation": 180},
				"down": {"uv": [0, 0, 0.45, 0.01], "texture": "#0", "rotation": 180}
			}
		},
		{
			"from": [6.69, 0.96478, 6],
			"to": [6.7, 1.66478, 6.01],
			"rotation": {"angle": -45, "axis": "z", "origin": [6.61144, 0.90333, 5.24601]},
			"faces": {
				"north": {"uv": [0, 0, 0.01, 0.7], "texture": "#0", "rotation": 180},
				"east": {"uv": [0, 0, 0.01, 0.7], "texture": "#0", "rotation": 180},
				"south": {"uv": [0, 0, 0.01, 0.7], "texture": "#0", "rotation": 180},
				"west": {"uv": [0, 0, 0.01, 0.7], "texture": "#0", "rotation": 180},
				"up": {"uv": [0, 0, 0.01, 0.7], "texture": "#0", "rotation": 180},
				"down": {"uv": [0, 0, 0.01, 0.7], "texture": "#0", "rotation": 180}
			}
		},
		{
			"from": [6.615, 0.965, 6],
			"to": [6.625, 1.665, 6.01],
			"rotation": {"angle": -45, "axis": "z", "origin": [6.61144, 0.90333, 5.24601]},
			"faces": {
				"north": {"uv": [0, 0, 0.01, 0.7], "texture": "#0", "rotation": 180},
				"east": {"uv": [0, 0, 0.01, 0.7], "texture": "#0", "rotation": 180},
				"south": {"uv": [0, 0, 0.01, 0.7], "texture": "#0", "rotation": 180},
				"west": {"uv": [0, 0, 0.01, 0.7], "texture": "#0", "rotation": 180},
				"up": {"uv": [0, 0, 0.01, 0.7], "texture": "#0", "rotation": 180},
				"down": {"uv": [0, 0, 0.01, 0.7], "texture": "#0", "rotation": 180}
			}
		},
		{
			"from": [6.59, 1.23, 5.21],
			"to": [6.6, 1.24, 6],
			"rotation": {"angle": -45, "axis": "z", "origin": [6.59144, 0.87856, 5.24601]},
			"faces": {
				"north": {"uv": [0, 0, 0.79, 0.01], "texture": "#0", "rotation": 180},
				"east": {"uv": [0, 0, 0.79, 0.01], "texture": "#0", "rotation": 180},
				"south": {"uv": [0, 0, 0.79, 0.01], "texture": "#0", "rotation": 180},
				"west": {"uv": [0, 0, 0.79, 0.01], "texture": "#0", "rotation": 180},
				"up": {"uv": [0, 0, 0.79, 0.01], "texture": "#0", "rotation": 180},
				"down": {"uv": [0, 0, 0.79, 0.01], "texture": "#0", "rotation": 180}
			}
		},
		{
			"from": [6.69, 1.25478, 5.21],
			"to": [6.7, 1.26478, 6],
			"rotation": {"angle": -45, "axis": "z", "origin": [6.61144, 0.90333, 5.24601]},
			"faces": {
				"north": {"uv": [0, 0, 0.79, 0.01], "texture": "#0", "rotation": 180},
				"east": {"uv": [0, 0, 0.79, 0.01], "texture": "#0", "rotation": 180},
				"south": {"uv": [0, 0, 0.79, 0.01], "texture": "#0", "rotation": 180},
				"west": {"uv": [0, 0, 0.79, 0.01], "texture": "#0", "rotation": 180},
				"up": {"uv": [0, 0, 0.79, 0.01], "texture": "#0", "rotation": 180},
				"down": {"uv": [0, 0, 0.79, 0.01], "texture": "#0", "rotation": 180}
			}
		},
		{
			"from": [6.57, 1.21478, 5.31],
			"to": [6.6, 1.71478, 5.8],
			"rotation": {"angle": -45, "axis": "z", "origin": [6.61144, 0.90333, 5.24601]},
			"faces": {
				"north": {"uv": [0, 0, 0.49, 0.5], "texture": "#0", "rotation": 180},
				"east": {"uv": [0, 0, 0.49, 0.5], "texture": "#0", "rotation": 180},
				"south": {"uv": [0, 0, 0.49, 0.5], "texture": "#0", "rotation": 180},
				"west": {"uv": [0, 0, 0.49, 0.5], "texture": "#0", "rotation": 180},
				"up": {"uv": [0, 0, 0.49, 0.5], "texture": "#0", "rotation": 180},
				"down": {"uv": [0, 0, 0.49, 0.5], "texture": "#0", "rotation": 180}
			}
		},
		{
			"from": [6.72, 1.21478, 5.31],
			"to": [6.75, 1.71478, 5.8],
			"rotation": {"angle": -45, "axis": "z", "origin": [6.61144, 0.90333, 5.24601]},
			"faces": {
				"north": {"uv": [0, 0, 0.49, 0.5], "texture": "#0", "rotation": 180},
				"east": {"uv": [0, 0, 0.49, 0.5], "texture": "#0", "rotation": 180},
				"south": {"uv": [0, 0, 0.49, 0.5], "texture": "#0", "rotation": 180},
				"west": {"uv": [0, 0, 0.49, 0.5], "texture": "#0", "rotation": 180},
				"up": {"uv": [0, 0, 0.49, 0.5], "texture": "#0", "rotation": 180},
				"down": {"uv": [0, 0, 0.49, 0.5], "texture": "#0", "rotation": 180}
			}
		},
		{
			"from": [6.64, 0, 5.21],
			"to": [6.71, 1.6, 5.3],
			"rotation": {"angle": -45, "axis": "z", "origin": [6.66333, 0.90333, 5.04601]},
			"faces": {
				"north": {"uv": [0, 0, 0.09, 1.6], "texture": "#0", "rotation": 180},
				"east": {"uv": [0, 0, 0.09, 1.6], "texture": "#0", "rotation": 180},
				"south": {"uv": [0, 0, 0.09, 1.6], "texture": "#0", "rotation": 180},
				"west": {"uv": [0, 0, 0.09, 1.6], "texture": "#0", "rotation": 180},
				"up": {"uv": [0, 0, 0.09, 1.6], "texture": "#0", "rotation": 180},
				"down": {"uv": [0, 0, 0.09, 1.6], "texture": "#0", "rotation": 180}
			}
		},
		{
			"from": [10.06, 0.77, 4.08],
			"to": [10.16, 0.82, 4.12],
			"rotation": {"angle": -45, "axis": "z", "origin": [9.41144, 0.80333, 5.84601]},
			"faces": {
				"north": {"uv": [0, 0, 0.05, 0.1], "texture": "#0", "rotation": 90},
				"east": {"uv": [0, 0, 0.05, 0.04], "texture": "#0", "rotation": 90},
				"south": {"uv": [0, 0, 0.05, 0.1], "texture": "#1", "rotation": 90},
				"west": {"uv": [0, 0, 0.05, 0.04], "texture": "#0", "rotation": 90},
				"up": {"uv": [0, 0, 0.04, 0.1], "texture": "#0", "rotation": 90},
				"down": {"uv": [0, 0, 0.04, 0.1], "texture": "#0", "rotation": 90}
			}
		},
		{
			"from": [6.66, 0.2, 4.08],
			"to": [6.71, 0.3, 4.12],
			"rotation": {"angle": -45, "axis": "z", "origin": [6.69144, 0.90855, 5.75101]},
			"faces": {
				"north": {"uv": [0, 0, 0.05, 0.1], "texture": "#0", "rotation": 180},
				"east": {"uv": [0, 0, 0.04, 0.1], "texture": "#0", "rotation": 180},
				"south": {"uv": [0, 0, 0.05, 0.1], "texture": "#1", "rotation": 180},
				"west": {"uv": [0, 0, 0.04, 0.1], "texture": "#0", "rotation": 180},
				"up": {"uv": [0, 0, 0.05, 0.04], "texture": "#0", "rotation": 180},
				"down": {"uv": [0, 0, 0.05, 0.04], "texture": "#0", "rotation": 180}
			}
		},
		{
			"from": [7.975, 4.04, 3.65],
			"to": [8.025, 4.14, 3.69],
			"rotation": {"angle": 45, "axis": "x", "origin": [8, 4.065, 3.67]},
			"faces": {
				"north": {"uv": [0, 0, 0.05, 0.1], "texture": "#0"},
				"east": {"uv": [0, 0, 0.04, 0.1], "texture": "#0"},
				"south": {"uv": [0, 0, 0.05, 0.1], "texture": "#1"},
				"west": {"uv": [0, 0, 0.04, 0.1], "texture": "#0"},
				"up": {"uv": [0, 0, 0.05, 0.04], "texture": "#0"},
				"down": {"uv": [0, 0, 0.05, 0.04], "texture": "#0"}
			}
		},
		{
			"from": [7.5, 1.39, 9.8],
			"to": [8.8, 2.69, 9.9],
			"rotation": {"angle": 45, "axis": "z", "origin": [8, 1.89, 9.845]},
			"faces": {
				"north": {"uv": [0, 0, 1, 1], "texture": "#1"},
				"east": {"uv": [0, 0, 1, 1], "texture": "#1"},
				"south": {"uv": [0, 0, 1, 1], "texture": "#1"},
				"west": {"uv": [0, 0, 1, 1], "texture": "#1"},
				"up": {"uv": [0, 0, 1, 1], "texture": "#1"},
				"down": {"uv": [0, 0, 1, 1], "texture": "#1"}
			}
		},
		{
			"from": [6.3, 2.539, 12.546],
			"to": [6.7, 2.549, 12.946],
			"rotation": {"angle": 45, "axis": "x", "origin": [6.5, 2.53891, 12.79602]},
			"faces": {
				"north": {"uv": [0, 0, 0.6, 0.6], "texture": "#0"},
				"east": {"uv": [0, 0, 0.6, 0.6], "texture": "#0"},
				"south": {"uv": [0, 0, 0.6, 0.6], "texture": "#0"},
				"west": {"uv": [0, 0, 0.6, 0.6], "texture": "#0"},
				"up": {"uv": [0, 0, 16, 16], "texture": "#3"},
				"down": {"uv": [0, 0, 0.6, 0.6], "texture": "#0"}
			}
		},
		{
			"from": [6.49, 2.53893, 12.7246],
			"to": [6.51, 2.54893, 12.8746],
			"rotation": {"angle": 45, "axis": "x", "origin": [6.5, 2.54393, 12.7996]},
			"faces": {
				"north": {"uv": [0, 0, 16, 16], "texture": "#2"},
				"east": {"uv": [0, 0, 16, 16], "texture": "#2"},
				"south": {"uv": [0, 0, 16, 16], "texture": "#2"},
				"west": {"uv": [0, 0, 16, 16], "texture": "#2"},
				"up": {"uv": [0, 0, 16, 16], "texture": "#2"},
				"down": {"uv": [0, 0, 16, 16], "texture": "#2"}
			}
		},
		{
			"from": [6.59, 2.54, 12.6],
			"to": [6.65, 2.55, 12.65],
			"rotation": {"angle": 45, "axis": "x", "origin": [6.5, 2.53891, 12.79602]},
			"faces": {
				"north": {"uv": [0, 0, 16, 16], "texture": "#2"},
				"east": {"uv": [0, 0, 16, 16], "texture": "#2"},
				"south": {"uv": [0, 0, 16, 16], "texture": "#2"},
				"west": {"uv": [0, 0, 16, 16], "texture": "#2"},
				"up": {"uv": [0, 0, 16, 16], "texture": "#2"},
				"down": {"uv": [0, 0, 16, 16], "texture": "#2"}
			}
		},
		{
			"from": [6.51, 2.54, 12.6],
			"to": [6.59, 2.55, 12.65],
			"rotation": {"angle": 45, "axis": "x", "origin": [6.42, 2.53891, 12.79602]},
			"faces": {
				"north": {"uv": [0, 0, 16, 16], "texture": "#4"},
				"east": {"uv": [0, 0, 16, 16], "texture": "#4"},
				"south": {"uv": [0, 0, 16, 16], "texture": "#4"},
				"west": {"uv": [0, 0, 16, 16], "texture": "#4"},
				"up": {"uv": [0, 0, 16, 16], "texture": "#4"},
				"down": {"uv": [0, 0, 16, 16], "texture": "#4"}
			}
		},
		{
			"from": [6.35, 2.54, 12.6],
			"to": [6.51, 2.55, 12.65],
			"rotation": {"angle": 45, "axis": "x", "origin": [6.26, 2.53891, 12.79602]},
			"faces": {
				"north": {"uv": [0, 0, 16, 16], "texture": "#5"},
				"east": {"uv": [0, 0, 16, 16], "texture": "#5"},
				"south": {"uv": [0, 0, 16, 16], "texture": "#5"},
				"west": {"uv": [0, 0, 16, 16], "texture": "#5"},
				"up": {"uv": [0, 0, 16, 16], "texture": "#5"},
				"down": {"uv": [0, 0, 16, 16], "texture": "#5"}
			}
		},
		{
			"from": [6.38, 2.53893, 12.67],
			"to": [6.39, 2.54893, 12.72],
			"rotation": {"angle": 45, "axis": "x", "origin": [6.4, 2.54393, 12.7996]},
			"faces": {
				"north": {"uv": [0, 0, 16, 16], "texture": "#7"},
				"east": {"uv": [0, 0, 16, 16], "texture": "#7"},
				"south": {"uv": [0, 0, 16, 16], "texture": "#7"},
				"west": {"uv": [0, 0, 16, 16], "texture": "#7"},
				"up": {"uv": [0, 0, 16, 16], "texture": "#7"},
				"down": {"uv": [0, 0, 16, 16], "texture": "#7"}
			}
		},
		{
			"from": [6.6, 2.53893, 12.67],
			"to": [6.61, 2.54893, 12.72],
			"rotation": {"angle": 45, "axis": "x", "origin": [6.62, 2.54393, 12.7996]},
			"faces": {
				"north": {"uv": [0, 0, 16, 16], "texture": "#7"},
				"east": {"uv": [0, 0, 16, 16], "texture": "#7"},
				"south": {"uv": [0, 0, 16, 16], "texture": "#7"},
				"west": {"uv": [0, 0, 16, 16], "texture": "#7"},
				"up": {"uv": [0, 0, 16, 16], "texture": "#7"},
				"down": {"uv": [0, 0, 16, 16], "texture": "#7"}
			}
		},
		{
			"from": [6.62, 2.53893, 12.67],
			"to": [6.63, 2.54893, 12.72],
			"rotation": {"angle": 45, "axis": "x", "origin": [6.65, 2.54393, 12.7996]},
			"faces": {
				"north": {"uv": [0, 0, 16, 16], "texture": "#7"},
				"east": {"uv": [0, 0, 16, 16], "texture": "#7"},
				"south": {"uv": [0, 0, 16, 16], "texture": "#7"},
				"west": {"uv": [0, 0, 16, 16], "texture": "#7"},
				"up": {"uv": [0, 0, 16, 16], "texture": "#7"},
				"down": {"uv": [0, 0, 16, 16], "texture": "#7"}
			}
		},
		{
			"from": [6.64, 2.53893, 12.67],
			"to": [6.65, 2.54893, 12.72],
			"rotation": {"angle": 45, "axis": "x", "origin": [6.67, 2.54393, 12.7996]},
			"faces": {
				"north": {"uv": [0, 0, 16, 16], "texture": "#7"},
				"east": {"uv": [0, 0, 16, 16], "texture": "#7"},
				"south": {"uv": [0, 0, 16, 16], "texture": "#7"},
				"west": {"uv": [0, 0, 16, 16], "texture": "#7"},
				"up": {"uv": [0, 0, 16, 16], "texture": "#7"},
				"down": {"uv": [0, 0, 16, 16], "texture": "#7"}
			}
		}
	],
	"display": {
		"thirdperson_righthand": {
			"scale": [1.4, 1.4, 1.4],
			"translation": [-2.5, 10.5, 7],
			"rotation": [70, 10, 0]
		},
		"thirdperson_lefthand": {
			"scale": [1.4, 1.4, 1.4],
			"rotation": [90, 0, 0],
			"translation": [0, 7.5, 10.5]
		},
		"firstperson_righthand": {
			"translation": [-2, 11.5, 1.5],
			"rotation": [10, 0, 0]
		},
		"firstperson_lefthand": {
			"translation": [-2, 11.5, 1.5],
			"rotation": [10, 0, 0]
		},
		"ground": {
			"translation": [0, 4, 0]
		},
		"fixed": {
			"scale": [2, 2, 2],
			"rotation": [90, 50, -90],
			"translation": [6.5, 10.5, 0]
		},
		"gui": {
			"scale": [1.4, 1.4, 1.4],
			"rotation": [90, 50, -90],
			"translation": [4, 7.75, 0]
		}
	},
	"groups": [0, 1, 2, 3, 4, 5, 6, 7, 8, 9, 10, 11, 12, 13, 14, 15, 16, 17, 18, 19, 20, 21, 22, 23, 24, 25, 26, 27, 28, 29, 30, 31, 32, 33, 34, 35, 36, 37, 38, 39, 40, 41, 42, 43, 44, 45, 46, 47, 48, 49, 50, 51, 52, 53, 54, 55, 56, 57, 58, 59, 60, 61, 62, 63, 64, 65, 66, 67, 68, 69, 70, 71, 72, 73, 74, 75, 76, 77, 78, 79, 80, 81, 82, 83, 84, 85, 86, 87, 88, 89, 90, 91, 92, 93, 94, 95, 96, 97, 98, 99, 100, 101, 102, 103,
		{
			"name": "group",
			"isOpen": true,
			"shade": true,
			"display": {
				"visibility": true,
				"autouv": true
			},
			"children": [104, 105, 106, 107, 108, 109, 110, 111, 112, 113, 114, 115, 116, 117, 118, 119, 120, 121, 122, 123, 124, 125, 126, 127, 128, 129, 130, 131, 132, 133, 134, 135, 136, 137, 138, 139, 140, 141, 142, 143, 144, 145, 146, 147]
		}, 148, 149, 150, 151, 152, 153, 154, 155, 156, 157]
}