{
	"credit": "https://www.youtube.com/c/ZeroCaty",
	"textures": {
		"0": "block/anvil",
		"2": "block/light_blue_concrete",
		"3": "block/light_gray_concrete",
		"4": "animation/portal_blue",
		"7": "block/black_concrete",
		"8": "block/white_concrete",
		"9": "block/glass",
		"10": "block/cauldron_inner",
		"11": "block/orange_concrete",
		"particle": "block/anvil"
	},
	"elements": [
		{
			"from": [7.3, 1.3, 5.79],
			"to": [8.8, 2.8, 8.49],
			"rotation": {"angle": -45, "axis": "z", "origin": [8, 2.1, 5.8]},
			"faces": {
				"north": {"uv": [0, 0, 16, 16], "texture": "#0"},
				"east": {"uv": [0, 0, 16, 16], "texture": "#0"},
				"south": {"uv": [0, 0, 16, 16], "texture": "#0"},
				"west": {"uv": [0, 0, 16, 16], "texture": "#0"},
				"up": {"uv": [0, 0, 16, 16], "texture": "#0"},
				"down": {"uv": [0, 0, 16, 16], "texture": "#0"}
			}
		},
		{
			"from": [7.50503, 1.10503, 1.3],
			"to": [7.70503, 2.10503, 1.5],
			"rotation": {"angle": 45, "axis": "z", "origin": [7.50503, 1.60503, 1.4]},
			"faces": {
				"north": {"uv": [0, 0, 0.2, 0.8], "texture": "#0"},
				"east": {"uv": [0, 0, 0.2, 0.8], "texture": "#0"},
				"south": {"uv": [0, 0, 0.2, 0.8], "texture": "#0"},
				"west": {"uv": [0, 0, 0.2, 0.8], "texture": "#0"},
				"up": {"uv": [0, 0, 0.2, 0.8], "texture": "#0"},
				"down": {"uv": [0, 0, 0.2, 0.8], "texture": "#0"}
			}
		},
		{
			"from": [7.3, 2.6, 1.3],
			"to": [8.7, 2.8, 1.5],
			"rotation": {"angle": 45, "axis": "z", "origin": [8, 2.1, -0.65]},
			"faces": {
				"north": {"uv": [0, 0, 0.8, 0.2], "texture": "#0"},
				"east": {"uv": [0, 0, 0.8, 0.2], "texture": "#0"},
				"south": {"uv": [0, 0, 0.8, 0.2], "texture": "#0"},
				"west": {"uv": [0, 0, 0.8, 0.2], "texture": "#0"},
				"up": {"uv": [0, 0, 0.8, 0.2], "texture": "#0"},
				"down": {"uv": [0, 0, 0.8, 0.2], "texture": "#0"}
			}
		},
		{
			"from": [8.5, 1.4, 1.3],
			"to": [8.7, 2.8, 1.5],
			"rotation": {"angle": 45, "axis": "z", "origin": [8, 2.1, -0.65]},
			"faces": {
				"north": {"uv": [0, 0, 0.2, 0.8], "texture": "#0"},
				"east": {"uv": [0, 0, 0.2, 0.8], "texture": "#0"},
				"south": {"uv": [0, 0, 0.2, 0.8], "texture": "#0"},
				"west": {"uv": [0, 0, 0.2, 0.8], "texture": "#0"},
				"up": {"uv": [0, 0, 0.2, 0.8], "texture": "#0"},
				"down": {"uv": [0, 0, 0.2, 0.8], "texture": "#0"}
			}
		},
		{
			"from": [7.5, 1.4, 1.3],
			"to": [8.5, 1.6, 1.5],
			"rotation": {"angle": 45, "axis": "z", "origin": [8, 2.1, -0.65]},
			"faces": {
				"north": {"uv": [0, 0, 0.8, 0.2], "texture": "#0"},
				"east": {"uv": [0, 0, 0.8, 0.2], "texture": "#0"},
				"south": {"uv": [0, 0, 0.8, 0.2], "texture": "#0"},
				"west": {"uv": [0, 0, 0.8, 0.2], "texture": "#0"},
				"up": {"uv": [0, 0, 0.8, 0.2], "texture": "#0"},
				"down": {"uv": [0, 0, 0.8, 0.2], "texture": "#0"}
			}
		},
		{
			"from": [7.45, 1.57929, 2.49],
			"to": [8.55, 2.67929, 5.74],
			"rotation": {"angle": -45, "axis": "z", "origin": [8, 2.12929, 4.14]},
			"faces": {
				"north": {"uv": [0, 0, 16, 16], "texture": "#9"},
				"east": {"uv": [0, 0, 16, 16], "texture": "#9"},
				"south": {"uv": [0, 0, 16, 16], "texture": "#9"},
				"west": {"uv": [0, 0, 16, 16], "texture": "#9"},
				"up": {"uv": [0, 0, 16, 16], "texture": "#9"},
				"down": {"uv": [0, 0, 16, 16], "texture": "#9"}
			}
		},
		{
			"from": [7.3, 1.4, 2.39],
			"to": [8.4, 1.5, 5.79],
			"rotation": {"angle": -45, "axis": "z", "origin": [8, 2, 5.8]},
			"faces": {
				"north": {"uv": [0, 0, 16, 16], "texture": "#0"},
				"east": {"uv": [0, 0, 16, 16], "texture": "#0"},
				"south": {"uv": [0, 0, 16, 16], "texture": "#0"},
				"west": {"uv": [0, 0, 16, 16], "texture": "#0"},
				"up": {"uv": [0, 0, 16, 16], "texture": "#0"},
				"down": {"uv": [0, 0, 16, 16], "texture": "#0"}
			}
		},
		{
			"from": [8.4, 1.4, 2.39],
			"to": [8.6, 2.6, 5.79],
			"rotation": {"angle": -45, "axis": "z", "origin": [8, 2, 5.8]},
			"faces": {
				"north": {"uv": [0, 0, 16, 16], "texture": "#0"},
				"east": {"uv": [0, 0, 16, 7], "texture": "#0"},
				"south": {"uv": [0, 0, 16, 16], "texture": "#0"},
				"west": {"uv": [0, 0, 16, 16], "texture": "#0"},
				"up": {"uv": [0, 0, 16, 16], "texture": "#0"},
				"down": {"uv": [0, 15, 16, 16], "rotation": 90, "texture": "#0"}
			}
		},
		{
			"from": [7.4, 2.2, 1.49],
			"to": [8.1, 2.7, 2.49],
			"rotation": {"angle": -45, "axis": "z", "origin": [8, 2.1, 5.7]},
			"faces": {
				"north": {"uv": [0, 0, 16, 16], "texture": "#0"},
				"east": {"uv": [0, 0, 16, 16], "texture": "#0"},
				"south": {"uv": [0, 0, 16, 16], "texture": "#0"},
				"west": {"uv": [0, 0, 16, 16], "texture": "#0"},
				"up": {"uv": [0, 0, 16, 16], "texture": "#0"},
				"down": {"uv": [0, 0, 16, 16], "texture": "#0"}
			}
		},
		{
			"from": [8.63437, 1.23034, 1.21],
			"to": [8.64437, 1.24034, 2],
			"rotation": {"angle": -45, "axis": "z", "origin": [8.83937, 1.23534, 1.605]},
			"faces": {
				"north": {"uv": [7, 7, 9.19, 8.8], "rotation": 180, "texture": "#10"},
				"east": {"uv": [7, 7, 9.19, 8.8], "rotation": 180, "texture": "#10"},
				"south": {"uv": [7, 7, 9.19, 8.8], "rotation": 180, "texture": "#10"},
				"west": {"uv": [7, 7, 9.19, 8.8], "rotation": 180, "texture": "#10"},
				"up": {"uv": [7, 7, 9.19, 8.8], "rotation": 180, "texture": "#10"},
				"down": {"uv": [7, 7, 9.19, 8.8], "rotation": 180, "texture": "#10"}
			}
		},
		{
			"from": [8.69094, 1.28691, 1.21],
			"to": [8.70094, 1.29691, 2],
			"rotation": {"angle": -45, "axis": "z", "origin": [8.89594, 1.29191, 1.605]},
			"faces": {
				"north": {"uv": [7, 7, 9.19, 8.8], "rotation": 180, "texture": "#10"},
				"east": {"uv": [7, 7, 9.19, 8.8], "rotation": 180, "texture": "#10"},
				"south": {"uv": [7, 7, 9.19, 8.8], "rotation": 180, "texture": "#10"},
				"west": {"uv": [7, 7, 9.19, 8.8], "rotation": 180, "texture": "#10"},
				"up": {"uv": [7, 7, 9.19, 8.8], "rotation": 180, "texture": "#10"},
				"down": {"uv": [7, 7, 9.19, 8.8], "rotation": 180, "texture": "#10"}
			}
		},
		{
			"from": [8.2, 0.98, 1.56],
			"to": [10, 1.05, 1.75],
			"rotation": {"angle": -45, "axis": "z", "origin": [9.11144, 1.00333, 1.29601]},
			"faces": {
				"north": {"uv": [7, 7, 9.19, 8.8], "rotation": 180, "texture": "#10"},
				"east": {"uv": [7, 7, 9.19, 8.8], "rotation": 180, "texture": "#10"},
				"south": {"uv": [7, 7, 9.19, 8.8], "rotation": 180, "texture": "#10"},
				"west": {"uv": [7, 7, 9.19, 8.8], "rotation": 180, "texture": "#10"},
				"up": {"uv": [7, 7, 9.19, 8.8], "rotation": 180, "texture": "#10"},
				"down": {"uv": [7, 7, 9.19, 8.8], "rotation": 180, "texture": "#10"}
			}
		},
		{
			"from": [9.05, 0.97, 1.56],
			"to": [9.06, 0.98, 2.01],
			"rotation": {"angle": -45, "axis": "z", "origin": [9.11144, 1.00333, 1.24601]},
			"faces": {
				"north": {"uv": [7, 7, 9.19, 8.8], "rotation": 180, "texture": "#10"},
				"east": {"uv": [7, 7, 9.19, 8.8], "rotation": 180, "texture": "#10"},
				"south": {"uv": [7, 7, 9.19, 8.8], "rotation": 180, "texture": "#10"},
				"west": {"uv": [7, 7, 9.19, 8.8], "rotation": 180, "texture": "#10"},
				"up": {"uv": [7, 7, 9.19, 8.8], "rotation": 180, "texture": "#10"},
				"down": {"uv": [7, 7, 9.19, 8.8], "rotation": 180, "texture": "#10"}
			}
		},
		{
			"from": [9.05, 1.05, 1.56],
			"to": [9.06, 1.06, 2.01],
			"rotation": {"angle": -45, "axis": "z", "origin": [9.11144, 1.00333, 1.24601]},
			"faces": {
				"north": {"uv": [7, 7, 9.19, 8.8], "rotation": 180, "texture": "#10"},
				"east": {"uv": [7, 7, 9.19, 8.8], "rotation": 180, "texture": "#10"},
				"south": {"uv": [7, 7, 9.19, 8.8], "rotation": 180, "texture": "#10"},
				"west": {"uv": [7, 7, 9.19, 8.8], "rotation": 180, "texture": "#10"},
				"up": {"uv": [7, 7, 9.19, 8.8], "rotation": 180, "texture": "#10"},
				"down": {"uv": [7, 7, 9.19, 8.8], "rotation": 180, "texture": "#10"}
			}
		},
		{
			"from": [8.35, 1.05, 2],
			"to": [9.05, 1.06, 2.01],
			"rotation": {"angle": -45, "axis": "z", "origin": [9.11144, 1.00333, 1.24601]},
			"faces": {
				"north": {"uv": [7, 7, 9.19, 8.8], "rotation": 180, "texture": "#10"},
				"east": {"uv": [7, 7, 9.19, 8.8], "rotation": 180, "texture": "#10"},
				"south": {"uv": [7, 7, 9.19, 8.8], "rotation": 180, "texture": "#10"},
				"west": {"uv": [7, 7, 9.19, 8.8], "rotation": 180, "texture": "#10"},
				"up": {"uv": [7, 7, 9.19, 8.8], "rotation": 180, "texture": "#10"},
				"down": {"uv": [7, 7, 9.19, 8.8], "rotation": 180, "texture": "#10"}
			}
		},
		{
			"from": [8.35, 0.97, 2],
			"to": [9.05, 0.98, 2.01],
			"rotation": {"angle": -45, "axis": "z", "origin": [9.11144, 1.00333, 1.24601]},
			"faces": {
				"north": {"uv": [7, 7, 9.19, 8.8], "rotation": 180, "texture": "#10"},
				"east": {"uv": [7, 7, 9.19, 8.8], "rotation": 180, "texture": "#10"},
				"south": {"uv": [7, 7, 9.19, 8.8], "rotation": 180, "texture": "#10"},
				"west": {"uv": [7, 7, 9.19, 8.8], "rotation": 180, "texture": "#10"},
				"up": {"uv": [7, 7, 9.19, 8.8], "rotation": 180, "texture": "#10"},
				"down": {"uv": [7, 7, 9.19, 8.8], "rotation": 180, "texture": "#10"}
			}
		},
		{
			"from": [9.9, 0.93, 0.02],
			"to": [10.1, 1.07, 1.91],
			"rotation": {"angle": -45, "axis": "z", "origin": [9.11144, 1.00333, 1.44601]},
			"faces": {
				"north": {"uv": [7, 7, 9.19, 8.8], "rotation": 180, "texture": "#10"},
				"east": {"uv": [7, 7, 9.19, 8.8], "rotation": 180, "texture": "#10"},
				"south": {"uv": [7, 7, 9.19, 8.8], "rotation": 180, "texture": "#10"},
				"west": {"uv": [7, 7, 9.19, 8.8], "rotation": 180, "texture": "#10"},
				"up": {"uv": [7, 7, 9.19, 8.8], "rotation": 180, "texture": "#10"},
				"down": {"uv": [7, 7, 9.19, 8.8], "rotation": 180, "texture": "#10"}
			}
		},
		{
			"from": [9.82165, 0.94, 0.00515],
			"to": [10.02165, 1.06, 0.09515],
			"rotation": {"angle": -45, "axis": "z", "origin": [9.11144, 1.00333, 1.74601]},
			"faces": {
				"north": {"uv": [7, 7, 9.19, 8.8], "rotation": 180, "texture": "#10"},
				"east": {"uv": [7, 7, 9.19, 8.8], "rotation": 180, "texture": "#10"},
				"south": {"uv": [7, 7, 9.19, 8.8], "rotation": 180, "texture": "#10"},
				"west": {"uv": [7, 7, 9.19, 8.8], "rotation": 180, "texture": "#10"},
				"up": {"uv": [7, 7, 9.19, 8.8], "rotation": 180, "texture": "#10"},
				"down": {"uv": [7, 7, 9.19, 8.8], "rotation": 180, "texture": "#10"}
			}
		},
		{
			"from": [9.72, 0.92, 0.075],
			"to": [9.92, 1.08, 0.115],
			"rotation": {"angle": -45, "axis": "z", "origin": [9.11144, 1.00333, 1.74601]},
			"faces": {
				"north": {"uv": [7, 7, 9.19, 8.8], "rotation": 180, "texture": "#10"},
				"east": {"uv": [7, 7, 9.19, 8.8], "rotation": 180, "texture": "#10"},
				"south": {"uv": [7, 7, 9.19, 8.8], "rotation": 180, "texture": "#10"},
				"west": {"uv": [7, 7, 9.19, 8.8], "rotation": 180, "texture": "#10"},
				"up": {"uv": [7, 7, 9.19, 8.8], "rotation": 180, "texture": "#10"},
				"down": {"uv": [7, 7, 9.19, 8.8], "rotation": 180, "texture": "#10"}
			}
		},
		{
			"name": "Кубик",
			"from": [8.3, 0.88, 1.11],
			"to": [8.6, 1.15, 1.4],
			"rotation": {"angle": -45, "axis": "z", "origin": [9.11144, 1.00333, 1.24601]},
			"faces": {
				"north": {"uv": [0, 0, 0.09, 1.7], "rotation": 90, "texture": "#8"},
				"east": {"uv": [0, 0, 0.09, 1.7], "rotation": 90, "texture": "#8"},
				"south": {"uv": [0, 0, 0.09, 1.7], "rotation": 90, "texture": "#8"},
				"west": {"uv": [0, 0, 0.09, 1.7], "rotation": 90, "texture": "#8"},
				"up": {"uv": [0, 0, 0.09, 1.7], "rotation": 90, "texture": "#8"},
				"down": {"uv": [0, 0, 0.09, 1.7], "rotation": 90, "texture": "#8"}
			}
		},
		{
			"name": "Кубик",
			"from": [8.7434, 1.48571, 5.71],
			"to": [9.0434, 1.75571, 6],
			"rotation": {"angle": -45, "axis": "z", "origin": [8.7934, 1.62071, 5.855]},
			"faces": {
				"north": {"uv": [0, 0, 0.09, 1.7], "rotation": 90, "texture": "#8"},
				"east": {"uv": [0, 0, 0.09, 1.7], "rotation": 90, "texture": "#8"},
				"south": {"uv": [0, 0, 0.09, 1.7], "rotation": 90, "texture": "#8"},
				"west": {"uv": [0, 0, 0.09, 1.7], "rotation": 90, "texture": "#8"},
				"up": {"uv": [0, 0, 0.09, 1.7], "rotation": 90, "texture": "#8"},
				"down": {"uv": [0, 0, 0.09, 1.7], "rotation": 90, "texture": "#8"}
			}
		},
		{
			"name": "Кубик",
			"from": [8.4434, 2.78571, 5.71],
			"to": [8.7434, 3.05571, 6],
			"rotation": {"angle": -45, "axis": "z", "origin": [8.5934, 3.02071, 5.855]},
			"faces": {
				"north": {"uv": [0, 0, 0.09, 1.7], "rotation": 90, "texture": "#8"},
				"east": {"uv": [0, 0, 0.09, 1.7], "rotation": 90, "texture": "#8"},
				"south": {"uv": [0, 0, 0.09, 1.7], "rotation": 90, "texture": "#8"},
				"west": {"uv": [0, 0, 0.09, 1.7], "rotation": 90, "texture": "#8"},
				"up": {"uv": [0, 0, 0.09, 1.7], "rotation": 90, "texture": "#8"},
				"down": {"uv": [0, 0, 0.09, 1.7], "rotation": 90, "texture": "#8"}
			}
		},
		{
			"name": "Кубик",
			"from": [6.8434, 1.58571, 5.71],
			"to": [7.1434, 1.85571, 6],
			"rotation": {"angle": -45, "axis": "z", "origin": [6.9934, 1.72071, 5.855]},
			"faces": {
				"north": {"uv": [0, 0, 0.09, 1.7], "rotation": 90, "texture": "#8"},
				"east": {"uv": [0, 0, 0.09, 1.7], "rotation": 90, "texture": "#8"},
				"south": {"uv": [0, 0, 0.09, 1.7], "rotation": 90, "texture": "#8"},
				"west": {"uv": [0, 0, 0.09, 1.7], "rotation": 90, "texture": "#8"},
				"up": {"uv": [0, 0, 0.09, 1.7], "rotation": 90, "texture": "#8"},
				"down": {"uv": [0, 0, 0.09, 1.7], "rotation": 90, "texture": "#8"}
			}
		},
		{
			"name": "Кубик",
			"from": [8.57007, 1.485, 5.54369],
			"to": [9.66007, 1.535, 5.59369],
			"rotation": {"angle": 45, "axis": "y", "origin": [9.01507, 1.54, 5.46869]},
			"faces": {
				"north": {"uv": [0, 0, 0.09, 1.7], "rotation": 90, "texture": "#7"},
				"east": {"uv": [0, 0, 0.09, 1.7], "rotation": 90, "texture": "#7"},
				"south": {"uv": [0, 0, 0.09, 1.7], "rotation": 90, "texture": "#7"},
				"west": {"uv": [0, 0, 0.09, 1.7], "rotation": 90, "texture": "#7"},
				"up": {"uv": [0, 0, 0.09, 1.7], "rotation": 180, "texture": "#7"},
				"down": {"uv": [0, 0, 0.09, 1.7], "texture": "#7"}
			}
		},
		{
			"name": "Кубик",
			"from": [8.56, 3.65, 3.91],
			"to": [8.61, 3.7, 6],
			"rotation": {"angle": 22.5, "axis": "x", "origin": [8.61, 3.685, 4.105]},
			"faces": {
				"north": {"uv": [0, 0, 0.09, 1.7], "rotation": 90, "texture": "#7"},
				"east": {"uv": [0, 0, 0.09, 1.7], "rotation": 90, "texture": "#7"},
				"south": {"uv": [0, 0, 0.09, 1.7], "rotation": 90, "texture": "#7"},
				"west": {"uv": [0, 0, 0.09, 1.7], "rotation": 90, "texture": "#7"},
				"up": {"uv": [0, 0, 0.09, 1.7], "rotation": 90, "texture": "#7"},
				"down": {"uv": [0, 0, 0.09, 1.7], "rotation": 90, "texture": "#7"}
			}
		},
		{
			"name": "Кубик",
			"from": [6.2434, 1.68571, 4.11],
			"to": [6.2934, 1.73571, 5.91],
			"rotation": {"angle": 22.5, "axis": "y", "origin": [6.2934, 1.72071, 4.01]},
			"faces": {
				"north": {"uv": [0, 0, 0.09, 1.7], "rotation": 90, "texture": "#7"},
				"east": {"uv": [0, 0, 0.09, 1.7], "rotation": 90, "texture": "#7"},
				"south": {"uv": [0, 0, 0.09, 1.7], "rotation": 90, "texture": "#7"},
				"west": {"uv": [0, 0, 0.09, 1.7], "rotation": 90, "texture": "#7"},
				"up": {"uv": [0, 0, 0.09, 1.7], "rotation": 90, "texture": "#7"},
				"down": {"uv": [0, 0, 0.09, 1.7], "rotation": 90, "texture": "#7"}
			}
		},
		{
			"name": "Кубик",
			"from": [7.98, 3.72, 1.84],
			"to": [8.03, 3.77, 3.39],
			"faces": {
				"north": {"uv": [0, 0, 0.09, 1.7], "rotation": 90, "texture": "#7"},
				"east": {"uv": [0, 0, 0.09, 1.7], "rotation": 90, "texture": "#7"},
				"south": {"uv": [0, 0, 0.09, 1.7], "rotation": 90, "texture": "#7"},
				"west": {"uv": [0, 0, 0.09, 1.7], "rotation": 90, "texture": "#7"},
				"up": {"uv": [0, 0, 0.09, 1.7], "rotation": 180, "texture": "#7"},
				"down": {"uv": [0, 0, 0.09, 1.7], "texture": "#7"}
			}
		},
		{
			"name": "Кубик",
			"from": [7.89, 3.72, 3.62818],
			"to": [8.69, 3.77, 3.67818],
			"rotation": {"angle": -45, "axis": "y", "origin": [8.29088, 3.745, 3.65318]},
			"faces": {
				"north": {"uv": [0, 0, 0.09, 1.7], "rotation": 90, "texture": "#7"},
				"east": {"uv": [0, 0, 0.09, 1.7], "rotation": 90, "texture": "#7"},
				"south": {"uv": [0, 0, 0.09, 1.7], "rotation": 90, "texture": "#7"},
				"west": {"uv": [0, 0, 0.09, 1.7], "rotation": 90, "texture": "#7"},
				"up": {"uv": [0, 0, 0.09, 1.7], "rotation": 90, "texture": "#7"},
				"down": {"uv": [0, 0, 0.09, 1.7], "rotation": 90, "texture": "#7"}
			}
		},
		{
			"name": "Кубик",
			"from": [7.98, 3.72, 1.4],
			"to": [8.03, 3.77, 1.85],
			"rotation": {"angle": -45, "axis": "x", "origin": [8.025, 3.745, 1.85318]},
			"faces": {
				"north": {"uv": [0, 0, 0.09, 1.7], "rotation": 90, "texture": "#3"},
				"east": {"uv": [0, 0, 0.09, 1.7], "rotation": 90, "texture": "#3"},
				"south": {"uv": [0, 0, 0.09, 1.7], "rotation": 90, "texture": "#3"},
				"west": {"uv": [0, 0, 0.09, 1.7], "rotation": 90, "texture": "#3"},
				"up": {"uv": [0, 0, 0.09, 1.7], "rotation": 90, "texture": "#3"},
				"down": {"uv": [0, 0, 0.09, 1.7], "rotation": 90, "texture": "#3"}
			}
		},
		{
			"name": "Кубик",
			"from": [6.62609, 1.68571, 3.28],
			"to": [6.67609, 1.73571, 4.23],
			"rotation": {"angle": -22.5, "axis": "y", "origin": [6.67609, 1.72071, 3.33388]},
			"faces": {
				"north": {"uv": [0, 0, 0.09, 1.7], "rotation": 90, "texture": "#7"},
				"east": {"uv": [0, 0, 0.09, 1.7], "rotation": 90, "texture": "#7"},
				"south": {"uv": [0, 0, 0.09, 1.7], "rotation": 90, "texture": "#7"},
				"west": {"uv": [0, 0, 0.09, 1.7], "rotation": 90, "texture": "#7"},
				"up": {"uv": [0, 0, 0.09, 1.7], "rotation": 90, "texture": "#7"},
				"down": {"uv": [0, 0, 0.09, 1.7], "rotation": 90, "texture": "#7"}
			}
		},
		{
			"name": "Кубик",
			"from": [7.02609, 1.48571, 1.73388],
			"to": [7.07609, 1.53571, 2.93388],
			"rotation": {"angle": -22.5, "axis": "y", "origin": [7.07609, 1.52071, 2.03388]},
			"faces": {
				"north": {"uv": [0, 0, 0.09, 1.7], "rotation": 90, "texture": "#7"},
				"east": {"uv": [0, 0, 0.09, 1.7], "rotation": 90, "texture": "#7"},
				"south": {"uv": [0, 0, 0.09, 1.7], "rotation": 90, "texture": "#7"},
				"west": {"uv": [0, 0, 0.09, 1.7], "rotation": 90, "texture": "#7"},
				"up": {"uv": [0, 0, 0.09, 1.7], "rotation": 90, "texture": "#7"},
				"down": {"uv": [0, 0, 0.09, 1.7], "rotation": 90, "texture": "#7"}
			}
		},
		{
			"name": "Кубик",
			"from": [6.66, 1.48571, 2.83388],
			"to": [6.71, 1.53571, 3.33388],
			"rotation": {"angle": -22.5, "axis": "x", "origin": [6.71, 1.52071, 2.83388]},
			"faces": {
				"north": {"uv": [0, 0, 0.09, 1.7], "rotation": 90, "texture": "#7"},
				"east": {"uv": [0, 0, 0.09, 1.7], "rotation": 90, "texture": "#7"},
				"south": {"uv": [0, 0, 0.09, 1.7], "rotation": 90, "texture": "#7"},
				"west": {"uv": [0, 0, 0.09, 1.7], "rotation": 90, "texture": "#7"},
				"up": {"uv": [0, 0, 0.09, 1.7], "rotation": 90, "texture": "#7"},
				"down": {"uv": [0, 0, 0.09, 1.7], "rotation": 90, "texture": "#7"}
			}
		},
		{
			"name": "Кубик",
			"from": [9.51412, 1.36, 4.3343],
			"to": [9.56412, 1.41, 5.1243],
			"rotation": {"angle": -22.5, "axis": "x", "origin": [9.53912, 1.385, 4.7793]},
			"faces": {
				"north": {"uv": [0, 0, 0.09, 1.7], "rotation": 90, "texture": "#7"},
				"east": {"uv": [0, 0, 0.09, 1.7], "rotation": 90, "texture": "#7"},
				"south": {"uv": [0, 0, 0.09, 1.7], "rotation": 90, "texture": "#7"},
				"west": {"uv": [0, 0, 0.09, 1.7], "rotation": 90, "texture": "#7"},
				"up": {"uv": [0, 0, 0.09, 1.7], "rotation": 90, "texture": "#7"},
				"down": {"uv": [0, 0, 0.09, 1.7], "rotation": 90, "texture": "#7"}
			}
		},
		{
			"name": "Кубик",
			"from": [9.5141, 1.19, 3.59],
			"to": [9.5641, 1.24, 4.38],
			"faces": {
				"north": {"uv": [0, 0, 0.09, 1.7], "rotation": 90, "texture": "#7"},
				"east": {"uv": [0, 0, 0.09, 1.7], "rotation": 90, "texture": "#7"},
				"south": {"uv": [0, 0, 0.09, 1.7], "rotation": 90, "texture": "#7"},
				"west": {"uv": [0, 0, 0.09, 1.7], "rotation": 90, "texture": "#7"},
				"up": {"uv": [0, 0, 0.09, 1.7], "rotation": 90, "texture": "#7"},
				"down": {"uv": [0, 0, 0.09, 1.7], "rotation": 90, "texture": "#7"}
			}
		},
		{
			"name": "Кубик",
			"from": [8.79007, 1.415, 1.72369],
			"to": [8.84007, 1.465, 2.71369],
			"rotation": {"angle": 22.5, "axis": "y", "origin": [8.81507, 1.44, 1.76869]},
			"faces": {
				"north": {"uv": [0, 0, 0.09, 1.7], "rotation": 90, "texture": "#7"},
				"east": {"uv": [0, 0, 0.09, 1.7], "rotation": 90, "texture": "#7"},
				"south": {"uv": [0, 0, 0.09, 1.7], "rotation": 90, "texture": "#7"},
				"west": {"uv": [0, 0, 0.09, 1.7], "rotation": 90, "texture": "#7"},
				"up": {"uv": [0, 0, 0.09, 1.7], "rotation": 90, "texture": "#7"},
				"down": {"uv": [0, 0, 0.09, 1.7], "rotation": 90, "texture": "#7"}
			}
		},
		{
			"name": "Кубик",
			"from": [9.42, 1.41, 2.46071],
			"to": [9.47, 1.46, 3.05071],
			"rotation": {"angle": 45, "axis": "y", "origin": [9.445, 1.415, 2.90571]},
			"faces": {
				"north": {"uv": [0, 0, 0.09, 1.7], "rotation": 90, "texture": "#7"},
				"east": {"uv": [0, 0, 0.09, 1.7], "rotation": 90, "texture": "#7"},
				"south": {"uv": [0, 0, 0.09, 1.7], "rotation": 90, "texture": "#7"},
				"west": {"uv": [0, 0, 0.09, 1.7], "rotation": 90, "texture": "#7"},
				"up": {"uv": [0, 0, 0.09, 1.7], "rotation": 90, "texture": "#7"},
				"down": {"uv": [0, 0, 0.09, 1.7], "rotation": 90, "texture": "#7"}
			}
		},
		{
			"name": "Кубик",
			"from": [9.5141, 1.45, 2.99],
			"to": [9.5641, 1.5, 3.68],
			"rotation": {"angle": 22.5, "axis": "x", "origin": [9.5391, 1.475, 2.935]},
			"faces": {
				"north": {"uv": [0, 0, 0.09, 1.7], "rotation": 90, "texture": "#7"},
				"east": {"uv": [0, 0, 0.09, 1.7], "rotation": 90, "texture": "#7"},
				"south": {"uv": [0, 0, 0.09, 1.7], "rotation": 90, "texture": "#7"},
				"west": {"uv": [0, 0, 0.09, 1.7], "rotation": 90, "texture": "#7"},
				"up": {"uv": [0, 0, 0.09, 1.7], "rotation": 90, "texture": "#7"},
				"down": {"uv": [0, 0, 0.09, 1.7], "rotation": 90, "texture": "#7"}
			}
		},
		{
			"name": "Кубик",
			"from": [7.02609, 1.48571, 1.43388],
			"to": [7.07609, 1.53571, 1.73388],
			"rotation": {"angle": -22.5, "axis": "y", "origin": [7.07609, 1.52071, 2.03388]},
			"faces": {
				"north": {"uv": [0, 0, 0.09, 1.7], "rotation": 90, "texture": "#3"},
				"east": {"uv": [0, 0, 0.09, 1.7], "rotation": 90, "texture": "#3"},
				"south": {"uv": [0, 0, 0.09, 1.7], "rotation": 90, "texture": "#3"},
				"west": {"uv": [0, 0, 0.09, 1.7], "rotation": 90, "texture": "#3"},
				"up": {"uv": [0, 0, 0.09, 1.7], "rotation": 90, "texture": "#3"},
				"down": {"uv": [0, 0, 0.09, 1.7], "rotation": 90, "texture": "#3"}
			}
		},
		{
			"name": "Кубик",
			"from": [8.79007, 1.415, 1.32369],
			"to": [8.84007, 1.465, 1.71369],
			"rotation": {"angle": 22.5, "axis": "y", "origin": [8.81507, 1.44, 1.76869]},
			"faces": {
				"north": {"uv": [0, 0, 0.09, 1.7], "rotation": 90, "texture": "#3"},
				"east": {"uv": [0, 0, 0.09, 1.7], "rotation": 90, "texture": "#3"},
				"south": {"uv": [0, 0, 0.09, 1.7], "rotation": 90, "texture": "#3"},
				"west": {"uv": [0, 0, 0.09, 1.7], "rotation": 90, "texture": "#3"},
				"up": {"uv": [0, 0, 0.09, 1.7], "rotation": 90, "texture": "#3"},
				"down": {"uv": [0, 0, 0.09, 1.7], "rotation": 90, "texture": "#3"}
			}
		},
		{
			"from": [6.99, 1.16478, 2],
			"to": [7, 1.86478, 2.01],
			"rotation": {"angle": -45, "axis": "z", "origin": [6.91144, 1.10333, 1.24601]},
			"faces": {
				"north": {"uv": [7, 7, 9.19, 8.8], "rotation": 180, "texture": "#10"},
				"east": {"uv": [7, 7, 9.19, 8.8], "rotation": 180, "texture": "#10"},
				"south": {"uv": [7, 7, 9.19, 8.8], "rotation": 180, "texture": "#10"},
				"west": {"uv": [7, 7, 9.19, 8.8], "rotation": 180, "texture": "#10"},
				"up": {"uv": [7, 7, 9.19, 8.8], "rotation": 180, "texture": "#10"},
				"down": {"uv": [7, 7, 9.19, 8.8], "rotation": 180, "texture": "#10"}
			}
		},
		{
			"from": [6.915, 1.165, 2],
			"to": [6.925, 1.865, 2.01],
			"rotation": {"angle": -45, "axis": "z", "origin": [6.91144, 1.10333, 1.24601]},
			"faces": {
				"north": {"uv": [7, 7, 9.19, 8.8], "rotation": 180, "texture": "#10"},
				"east": {"uv": [7, 7, 9.19, 8.8], "rotation": 180, "texture": "#10"},
				"south": {"uv": [7, 7, 9.19, 8.8], "rotation": 180, "texture": "#10"},
				"west": {"uv": [7, 7, 9.19, 8.8], "rotation": 180, "texture": "#10"},
				"up": {"uv": [7, 7, 9.19, 8.8], "rotation": 180, "texture": "#10"},
				"down": {"uv": [7, 7, 9.19, 8.8], "rotation": 180, "texture": "#10"}
			}
		},
		{
			"from": [7.141, 1.52308, 1.21],
			"to": [7.151, 1.53308, 2],
			"rotation": {"angle": -45, "axis": "z", "origin": [7.146, 1.32808, 1.605]},
			"faces": {
				"north": {"uv": [7, 7, 9.19, 8.8], "rotation": 180, "texture": "#10"},
				"east": {"uv": [7, 7, 9.19, 8.8], "rotation": 180, "texture": "#10"},
				"south": {"uv": [7, 7, 9.19, 8.8], "rotation": 180, "texture": "#10"},
				"west": {"uv": [7, 7, 9.19, 8.8], "rotation": 180, "texture": "#10"},
				"up": {"uv": [7, 7, 9.19, 8.8], "rotation": 180, "texture": "#10"},
				"down": {"uv": [7, 7, 9.19, 8.8], "rotation": 180, "texture": "#10"}
			}
		},
		{
			"from": [7.21757, 1.49129, 1.21],
			"to": [7.22757, 1.50129, 2],
			"rotation": {"angle": -45, "axis": "z", "origin": [7.22257, 1.29629, 1.605]},
			"faces": {
				"north": {"uv": [7, 7, 9.19, 8.8], "rotation": 180, "texture": "#10"},
				"east": {"uv": [7, 7, 9.19, 8.8], "rotation": 180, "texture": "#10"},
				"south": {"uv": [7, 7, 9.19, 8.8], "rotation": 180, "texture": "#10"},
				"west": {"uv": [7, 7, 9.19, 8.8], "rotation": 180, "texture": "#10"},
				"up": {"uv": [7, 7, 9.19, 8.8], "rotation": 180, "texture": "#10"},
				"down": {"uv": [7, 7, 9.19, 8.8], "rotation": 180, "texture": "#10"}
			}
		},
		{
			"from": [6.88, 0.39478, 0.075],
			"to": [7.04, 0.59478, 0.115],
			"rotation": {"angle": -45, "axis": "z", "origin": [6.91144, 1.10333, 1.74601]},
			"faces": {
				"north": {"uv": [7, 7, 9.19, 8.8], "rotation": 180, "texture": "#10"},
				"east": {"uv": [7, 7, 9.19, 8.8], "rotation": 180, "texture": "#10"},
				"south": {"uv": [7, 7, 9.19, 8.8], "rotation": 180, "texture": "#10"},
				"west": {"uv": [7, 7, 9.19, 8.8], "rotation": 180, "texture": "#10"},
				"up": {"uv": [7, 7, 9.19, 8.8], "rotation": 180, "texture": "#10"},
				"down": {"uv": [7, 7, 9.19, 8.8], "rotation": 180, "texture": "#10"}
			}
		},
		{
			"from": [6.915, 1.15478, 1.56],
			"to": [6.925, 1.16478, 2.01],
			"rotation": {"angle": -45, "axis": "z", "origin": [6.91144, 1.10333, 1.24601]},
			"faces": {
				"north": {"uv": [7, 7, 9.19, 8.8], "rotation": 180, "texture": "#10"},
				"east": {"uv": [7, 7, 9.19, 8.8], "rotation": 180, "texture": "#10"},
				"south": {"uv": [7, 7, 9.19, 8.8], "rotation": 180, "texture": "#10"},
				"west": {"uv": [7, 7, 9.19, 8.8], "rotation": 180, "texture": "#10"},
				"up": {"uv": [7, 7, 9.19, 8.8], "rotation": 180, "texture": "#10"},
				"down": {"uv": [7, 7, 9.19, 8.8], "rotation": 180, "texture": "#10"}
			}
		},
		{
			"from": [6.99, 1.15478, 1.56],
			"to": [7, 1.16478, 2.01],
			"rotation": {"angle": -45, "axis": "z", "origin": [6.91144, 1.10333, 1.24601]},
			"faces": {
				"north": {"uv": [7, 7, 9.19, 8.8], "rotation": 180, "texture": "#10"},
				"east": {"uv": [7, 7, 9.19, 8.8], "rotation": 180, "texture": "#10"},
				"south": {"uv": [7, 7, 9.19, 8.8], "rotation": 180, "texture": "#10"},
				"west": {"uv": [7, 7, 9.19, 8.8], "rotation": 180, "texture": "#10"},
				"up": {"uv": [7, 7, 9.19, 8.8], "rotation": 180, "texture": "#10"},
				"down": {"uv": [7, 7, 9.19, 8.8], "rotation": 180, "texture": "#10"}
			}
		},
		{
			"from": [6.91, 0.11478, 0.02],
			"to": [7.05, 0.31478, 1.91],
			"rotation": {"angle": -45, "axis": "z", "origin": [6.98333, 1.10333, 1.44601]},
			"faces": {
				"north": {"uv": [7, 7, 9.19, 8.8], "rotation": 180, "texture": "#10"},
				"east": {"uv": [7, 7, 9.19, 8.8], "rotation": 180, "texture": "#10"},
				"south": {"uv": [7, 7, 9.19, 8.8], "rotation": 180, "texture": "#10"},
				"west": {"uv": [7, 7, 9.19, 8.8], "rotation": 180, "texture": "#10"},
				"up": {"uv": [7, 7, 9.19, 8.8], "rotation": 180, "texture": "#10"},
				"down": {"uv": [7, 7, 9.19, 8.8], "rotation": 180, "texture": "#10"}
			}
		},
		{
			"from": [6.9, 0.29313, 0.00515],
			"to": [7.02, 0.49313, 0.09515],
			"rotation": {"angle": -45, "axis": "z", "origin": [6.91144, 1.10333, 1.74601]},
			"faces": {
				"north": {"uv": [7, 7, 9.19, 8.8], "rotation": 180, "texture": "#10"},
				"east": {"uv": [7, 7, 9.19, 8.8], "rotation": 180, "texture": "#10"},
				"south": {"uv": [7, 7, 9.19, 8.8], "rotation": 180, "texture": "#10"},
				"west": {"uv": [7, 7, 9.19, 8.8], "rotation": 180, "texture": "#10"},
				"up": {"uv": [7, 7, 9.19, 8.8], "rotation": 180, "texture": "#10"},
				"down": {"uv": [7, 7, 9.19, 8.8], "rotation": 180, "texture": "#10"}
			}
		},
		{
			"from": [6.94, 0.21478, 1.51],
			"to": [7.01, 2.01478, 1.7],
			"rotation": {"angle": -45, "axis": "z", "origin": [6.96333, 1.10333, 1.24601]},
			"faces": {
				"north": {"uv": [7, 7, 9.19, 8.8], "rotation": 180, "texture": "#10"},
				"east": {"uv": [7, 7, 9.19, 8.8], "rotation": 180, "texture": "#10"},
				"south": {"uv": [7, 7, 9.19, 8.8], "rotation": 180, "texture": "#10"},
				"west": {"uv": [7, 7, 9.19, 8.8], "rotation": 180, "texture": "#10"},
				"up": {"uv": [7, 7, 9.19, 8.8], "rotation": 180, "texture": "#10"},
				"down": {"uv": [7, 7, 9.19, 8.8], "rotation": 180, "texture": "#10"}
			}
		},
		{
			"name": "Кубик",
			"from": [6.84, 1.5, 1.11],
			"to": [7.11, 1.8, 1.5],
			"rotation": {"angle": -45, "axis": "z", "origin": [6.96333, 1.10333, 1.04601]},
			"faces": {
				"north": {"uv": [0, 0, 0.09, 1.6], "rotation": 180, "texture": "#8"},
				"east": {"uv": [0, 0, 0.09, 1.6], "rotation": 180, "texture": "#8"},
				"south": {"uv": [0, 0, 0.09, 1.6], "rotation": 180, "texture": "#8"},
				"west": {"uv": [0, 0, 0.09, 1.6], "rotation": 180, "texture": "#8"},
				"up": {"uv": [0, 0, 0.09, 1.6], "rotation": 180, "texture": "#8"},
				"down": {"uv": [0, 0, 0.09, 1.6], "rotation": 180, "texture": "#8"}
			}
		},
		{
			"from": [7.94, 3.2, 1.51],
			"to": [8.06, 5, 1.7],
			"rotation": {"angle": -45, "axis": "x", "origin": [8, 3.45, 1.655]},
			"faces": {
				"north": {"uv": [7, 7, 9.19, 8.8], "rotation": 180, "texture": "#10"},
				"east": {"uv": [7, 7, 9.19, 8.8], "rotation": 180, "texture": "#10"},
				"south": {"uv": [7, 7, 9.19, 8.8], "rotation": 180, "texture": "#10"},
				"west": {"uv": [7, 7, 9.19, 8.8], "rotation": 180, "texture": "#10"},
				"up": {"uv": [7, 7, 9.19, 8.8], "rotation": 180, "texture": "#10"},
				"down": {"uv": [7, 7, 9.19, 8.8], "rotation": 180, "texture": "#10"}
			}
		},
		{
			"from": [7.91, 4.6, -0.39],
			"to": [8.09, 4.8, 0.9],
			"rotation": {"angle": -22.5, "axis": "x", "origin": [8, 4.7, 0.805]},
			"faces": {
				"north": {"uv": [7, 7, 9.19, 8.8], "rotation": 180, "texture": "#10"},
				"east": {"uv": [7, 7, 9.19, 8.8], "rotation": 180, "texture": "#10"},
				"south": {"uv": [7, 7, 9.19, 8.8], "rotation": 180, "texture": "#10"},
				"west": {"uv": [7, 7, 9.19, 8.8], "rotation": 180, "texture": "#10"},
				"up": {"uv": [7, 7, 9.19, 8.8], "rotation": 180, "texture": "#10"},
				"down": {"uv": [7, 7, 9.19, 8.8], "rotation": 180, "texture": "#10"}
			}
		},
		{
			"from": [7.94, 4.12165, -0.39485],
			"to": [8.06, 4.32165, -0.30485],
			"rotation": {"angle": 45, "axis": "x", "origin": [8, 4.12165, -0.34985]},
			"faces": {
				"north": {"uv": [7, 7, 9.19, 8.8], "rotation": 180, "texture": "#10"},
				"east": {"uv": [7, 7, 9.19, 8.8], "rotation": 180, "texture": "#10"},
				"south": {"uv": [7, 7, 9.19, 8.8], "rotation": 180, "texture": "#10"},
				"west": {"uv": [7, 7, 9.19, 8.8], "rotation": 180, "texture": "#10"},
				"up": {"uv": [7, 7, 9.19, 8.8], "rotation": 180, "texture": "#10"},
				"down": {"uv": [7, 7, 9.19, 8.8], "rotation": 180, "texture": "#10"}
			}
		},
		{
			"from": [7.93, 4.02, -0.325],
			"to": [8.07, 4.22, -0.285],
			"rotation": {"angle": 45, "axis": "x", "origin": [8, 4.12165, -0.34985]},
			"faces": {
				"north": {"uv": [7, 7, 9.19, 8.8], "rotation": 180, "texture": "#10"},
				"east": {"uv": [7, 7, 9.19, 8.8], "rotation": 180, "texture": "#10"},
				"south": {"uv": [7, 7, 9.19, 8.8], "rotation": 180, "texture": "#10"},
				"west": {"uv": [7, 7, 9.19, 8.8], "rotation": 180, "texture": "#10"},
				"up": {"uv": [7, 7, 9.19, 8.8], "rotation": 180, "texture": "#10"},
				"down": {"uv": [7, 7, 9.19, 8.8], "rotation": 180, "texture": "#10"}
			}
		},
		{
			"from": [7.9, 3.25, 2.1],
			"to": [7.91, 3.75, 2.11],
			"rotation": {"angle": 22.5, "axis": "x", "origin": [7.995, 3.45, 2.145]},
			"faces": {
				"north": {"uv": [7, 7, 9.19, 8.8], "rotation": 180, "texture": "#10"},
				"east": {"uv": [7, 7, 9.19, 8.8], "rotation": 180, "texture": "#10"},
				"south": {"uv": [7, 7, 9.19, 8.8], "rotation": 180, "texture": "#10"},
				"west": {"uv": [7, 7, 9.19, 8.8], "rotation": 180, "texture": "#10"},
				"up": {"uv": [7, 7, 9.19, 8.8], "rotation": 180, "texture": "#10"},
				"down": {"uv": [7, 7, 9.19, 8.8], "rotation": 180, "texture": "#10"}
			}
		},
		{
			"from": [7.9, 3.45, 1.41],
			"to": [7.91, 3.46, 2.1],
			"faces": {
				"north": {"uv": [7, 7, 9.19, 8.8], "rotation": 180, "texture": "#10"},
				"east": {"uv": [7, 7, 9.19, 8.8], "rotation": 180, "texture": "#10"},
				"south": {"uv": [7, 7, 9.19, 8.8], "rotation": 180, "texture": "#10"},
				"west": {"uv": [7, 7, 9.19, 8.8], "rotation": 180, "texture": "#10"},
				"up": {"uv": [7, 7, 9.19, 8.8], "rotation": 180, "texture": "#10"},
				"down": {"uv": [7, 7, 9.19, 8.8], "rotation": 180, "texture": "#10"}
			}
		},
		{
			"from": [8.08, 3.45, 1.41],
			"to": [8.09, 3.46, 2.1],
			"faces": {
				"north": {"uv": [7, 7, 9.19, 8.8], "rotation": 180, "texture": "#10"},
				"east": {"uv": [7, 7, 9.19, 8.8], "rotation": 180, "texture": "#10"},
				"south": {"uv": [7, 7, 9.19, 8.8], "rotation": 180, "texture": "#10"},
				"west": {"uv": [7, 7, 9.19, 8.8], "rotation": 180, "texture": "#10"},
				"up": {"uv": [7, 7, 9.19, 8.8], "rotation": 180, "texture": "#10"},
				"down": {"uv": [7, 7, 9.19, 8.8], "rotation": 180, "texture": "#10"}
			}
		},
		{
			"from": [8.08, 3.25, 2.1],
			"to": [8.09, 3.75, 2.11],
			"rotation": {"angle": 22.5, "axis": "x", "origin": [7.995, 3.45, 2.145]},
			"faces": {
				"north": {"uv": [7, 7, 9.19, 8.8], "rotation": 180, "texture": "#10"},
				"east": {"uv": [7, 7, 9.19, 8.8], "rotation": 180, "texture": "#10"},
				"south": {"uv": [7, 7, 9.19, 8.8], "rotation": 180, "texture": "#10"},
				"west": {"uv": [7, 7, 9.19, 8.8], "rotation": 180, "texture": "#10"},
				"up": {"uv": [7, 7, 9.19, 8.8], "rotation": 180, "texture": "#10"},
				"down": {"uv": [7, 7, 9.19, 8.8], "rotation": 180, "texture": "#10"}
			}
		},
		{
			"from": [7.9, 3.75, 1.56],
			"to": [7.91, 3.76, 2.11],
			"rotation": {"angle": 22.5, "axis": "x", "origin": [7.995, 3.45, 2.145]},
			"faces": {
				"north": {"uv": [7, 7, 9.19, 8.8], "rotation": 180, "texture": "#10"},
				"east": {"uv": [7, 7, 9.19, 8.8], "rotation": 180, "texture": "#10"},
				"south": {"uv": [7, 7, 9.19, 8.8], "rotation": 180, "texture": "#10"},
				"west": {"uv": [7, 7, 9.19, 8.8], "rotation": 180, "texture": "#10"},
				"up": {"uv": [7, 7, 9.19, 8.8], "rotation": 180, "texture": "#10"},
				"down": {"uv": [7, 7, 9.19, 8.8], "rotation": 180, "texture": "#10"}
			}
		},
		{
			"from": [8.08, 3.75, 1.56],
			"to": [8.09, 3.76, 2.11],
			"rotation": {"angle": 22.5, "axis": "x", "origin": [7.995, 3.45, 2.145]},
			"faces": {
				"north": {"uv": [7, 7, 9.19, 8.8], "rotation": 180, "texture": "#10"},
				"east": {"uv": [7, 7, 9.19, 8.8], "rotation": 180, "texture": "#10"},
				"south": {"uv": [7, 7, 9.19, 8.8], "rotation": 180, "texture": "#10"},
				"west": {"uv": [7, 7, 9.19, 8.8], "rotation": 180, "texture": "#10"},
				"up": {"uv": [7, 7, 9.19, 8.8], "rotation": 180, "texture": "#10"},
				"down": {"uv": [7, 7, 9.19, 8.8], "rotation": 180, "texture": "#10"}
			}
		},
		{
			"from": [8.08, 3.65, 1.51],
			"to": [8.09, 4.06, 1.52],
			"rotation": {"angle": 45, "axis": "x", "origin": [7.995, 3.755, 1.505]},
			"faces": {
				"north": {"uv": [7, 7, 9.19, 8.8], "rotation": 180, "texture": "#10"},
				"east": {"uv": [7, 7, 9.19, 8.8], "rotation": 180, "texture": "#10"},
				"south": {"uv": [7, 7, 9.19, 8.8], "rotation": 180, "texture": "#10"},
				"west": {"uv": [7, 7, 9.19, 8.8], "rotation": 180, "texture": "#10"},
				"up": {"uv": [7, 7, 9.19, 8.8], "rotation": 180, "texture": "#10"},
				"down": {"uv": [7, 7, 9.19, 8.8], "rotation": 180, "texture": "#10"}
			}
		},
		{
			"from": [7.9, 3.65, 1.51],
			"to": [7.91, 4.06, 1.52],
			"rotation": {"angle": 45, "axis": "x", "origin": [7.995, 3.755, 1.505]},
			"faces": {
				"north": {"uv": [7, 7, 9.19, 8.8], "rotation": 180, "texture": "#10"},
				"east": {"uv": [7, 7, 9.19, 8.8], "rotation": 180, "texture": "#10"},
				"south": {"uv": [7, 7, 9.19, 8.8], "rotation": 180, "texture": "#10"},
				"west": {"uv": [7, 7, 9.19, 8.8], "rotation": 180, "texture": "#10"},
				"up": {"uv": [7, 7, 9.19, 8.8], "rotation": 180, "texture": "#10"},
				"down": {"uv": [7, 7, 9.19, 8.8], "rotation": 180, "texture": "#10"}
			}
		},
		{
			"name": "Кубик",
			"from": [7.88, 3, 1.41],
			"to": [8.12, 3.5, 1.7],
			"faces": {
				"north": {"uv": [0, 0, 0.89, 1.2], "rotation": 180, "texture": "#0"},
				"east": {"uv": [0, 0, 0.89, 1.2], "rotation": 180, "texture": "#0"},
				"south": {"uv": [0, 0, 0.89, 1.2], "rotation": 180, "texture": "#0"},
				"west": {"uv": [0, 0, 0.89, 1.2], "rotation": 180, "texture": "#0"},
				"up": {"uv": [0, 0, 0.89, 1.2], "rotation": 180, "texture": "#0"},
				"down": {"uv": [0, 0, 0.89, 1.2], "rotation": 180, "texture": "#0"}
			}
		},
		{
			"from": [8.6, 1.3, 1.19],
			"to": [8.7, 2.7, 2.99],
			"rotation": {"angle": -45, "axis": "z", "origin": [8, 2, 5.3]},
			"faces": {
				"north": {"uv": [0, 0, 16, 16], "texture": "#8"},
				"east": {"uv": [0, 0, 16, 16], "texture": "#8"},
				"south": {"uv": [0, 0, 16, 16], "texture": "#8"},
				"west": {"uv": [0, 0, 16, 16], "texture": "#8"},
				"up": {"uv": [0, 0, 16, 16], "texture": "#8"},
				"down": {"uv": [0, 0, 16, 16], "texture": "#8"}
			}
		},
		{
			"from": [7.3, 1.3, 1.19],
			"to": [8.6, 1.4, 2.99],
			"rotation": {"angle": -45, "axis": "z", "origin": [8, 2, 5.3]},
			"faces": {
				"north": {"uv": [0, 0, 16, 16], "texture": "#8"},
				"east": {"uv": [0, 0, 16, 16], "texture": "#8"},
				"south": {"uv": [0, 0, 16, 16], "texture": "#8"},
				"west": {"uv": [0, 0, 16, 16], "texture": "#8"},
				"up": {"uv": [0, 0, 16, 16], "texture": "#8"},
				"down": {"uv": [0, 0, 16, 16], "texture": "#8"}
			}
		},
		{
			"from": [8.3, 1.4, 1.19],
			"to": [8.6, 1.7, 1.99],
			"rotation": {"angle": -45, "axis": "z", "origin": [8, 2, 5.3]},
			"faces": {
				"north": {"uv": [0, 0, 16, 16], "texture": "#8"},
				"east": {"uv": [0, 0, 16, 16], "texture": "#8"},
				"south": {"uv": [0, 0, 16, 16], "texture": "#8"},
				"west": {"uv": [0, 0, 16, 16], "texture": "#8"},
				"up": {"uv": [0, 0, 16, 16], "texture": "#8"},
				"down": {"uv": [0, 0, 16, 16], "texture": "#8"}
			}
		},
		{
			"from": [7.4, 1.4, 1.49],
			"to": [7.9, 2.2, 2.49],
			"rotation": {"angle": -45, "axis": "z", "origin": [8, 2.1, 5.7]},
			"faces": {
				"north": {"uv": [0, 0, 16, 16], "texture": "#0"},
				"east": {"uv": [0, 0, 16, 16], "texture": "#0"},
				"south": {"uv": [0, 0, 16, 16], "texture": "#0"},
				"west": {"uv": [0, 0, 16, 16], "texture": "#0"},
				"up": {"uv": [0, 0, 16, 16], "texture": "#0"},
				"down": {"uv": [0, 0, 16, 16], "texture": "#0"}
			}
		},
		{
			"from": [7.9, 1.4, 1.49],
			"to": [8.5, 2, 2.49],
			"rotation": {"angle": -45, "axis": "z", "origin": [8, 2.1, 5.7]},
			"faces": {
				"north": {"uv": [0, 0, 16, 16], "texture": "#0"},
				"east": {"uv": [0, 0, 16, 16], "texture": "#0"},
				"south": {"uv": [0, 0, 16, 16], "texture": "#0"},
				"west": {"uv": [0, 0, 16, 16], "texture": "#0"},
				"up": {"uv": [0, 0, 16, 16], "texture": "#0"},
				"down": {"uv": [0, 0, 16, 16], "texture": "#0"}
			}
		},
		{
			"from": [8.1, 2, 1.49],
			"to": [8.7, 2.7, 2.49],
			"rotation": {"angle": -45, "axis": "z", "origin": [8, 2.1, 5.7]},
			"faces": {
				"north": {"uv": [0, 0, 16, 16], "texture": "#0"},
				"east": {"uv": [0, 0, 16, 16], "texture": "#0"},
				"south": {"uv": [0, 0, 16, 16], "texture": "#0"},
				"west": {"uv": [0, 0, 16, 16], "texture": "#0"},
				"up": {"uv": [0, 0, 16, 16], "texture": "#0"},
				"down": {"uv": [0, 0, 16, 16], "texture": "#0"}
			}
		},
		{
			"from": [7.89935, 1.99435, 1.42216],
			"to": [8.09935, 2.19435, 5.72216],
			"rotation": {"angle": 45, "axis": "z", "origin": [7.99935, 2.09435, 5.67216]},
			"faces": {
				"north": {"uv": [1, 0, 0, 1], "texture": "#4"},
				"east": {"uv": [1, 0, 0, 1], "texture": "#4"},
				"south": {"uv": [1, 0, 0, 1], "texture": "#4"},
				"west": {"uv": [1, 0, 0, 1], "texture": "#4"},
				"up": {"uv": [1, 0, 0, 1], "texture": "#4"},
				"down": {"uv": [1, 0, 0, 1], "texture": "#4"}
			}
		},
		{
			"from": [7.23, 2.66, 1.49],
			"to": [8.67, 2.88, 1.71],
			"rotation": {"angle": 45, "axis": "z", "origin": [8, 2.11, -0.655]},
			"faces": {
				"north": {"uv": [0, 0, 1.44, 0.22], "texture": "#0"},
				"east": {"uv": [0, 0, 0.22, 0.22], "texture": "#0"},
				"south": {"uv": [0, 0, 1.44, 0.22], "texture": "#0"},
				"west": {"uv": [0, 0, 0.22, 0.22], "texture": "#0"},
				"up": {"uv": [0, 0, 1.44, 0.22], "texture": "#0"},
				"down": {"uv": [0, 0, 1.44, 0.22], "texture": "#0"}
			}
		},
		{
			"from": [8.55, 1.34, 1.49],
			"to": [8.77, 2.78, 1.71],
			"rotation": {"angle": 45, "axis": "z", "origin": [8, 2.11, -0.655]},
			"faces": {
				"north": {"uv": [0, 0, 0.22, 1.44], "texture": "#0"},
				"east": {"uv": [0, 0, 0.22, 1.44], "texture": "#0"},
				"south": {"uv": [0, 0, 0.22, 1.44], "texture": "#0"},
				"west": {"uv": [0, 0, 0.22, 1.44], "texture": "#0"},
				"up": {"uv": [0, 0, 0.22, 0.22], "texture": "#0"},
				"down": {"uv": [0, 0, 0.22, 0.22], "texture": "#0"}
			}
		},
		{
			"from": [7.45, 1.34, 1.49],
			"to": [8.57, 1.56, 1.71],
			"rotation": {"angle": 45, "axis": "z", "origin": [8, 2.11, -0.655]},
			"faces": {
				"north": {"uv": [0, 0, 1.12, 0.22], "texture": "#0"},
				"east": {"uv": [0, 0, 0.22, 0.22], "texture": "#0"},
				"south": {"uv": [0, 0, 1.12, 0.22], "texture": "#0"},
				"west": {"uv": [0, 0, 0.22, 0.22], "texture": "#0"},
				"up": {"uv": [0, 0, 1.12, 0.22], "texture": "#0"},
				"down": {"uv": [0, 0, 1.12, 0.22], "texture": "#0"}
			}
		},
		{
			"from": [7.45553, 1.01553, 1.49],
			"to": [7.67553, 2.13553, 1.71],
			"rotation": {"angle": 45, "axis": "z", "origin": [7.45553, 1.56553, 1.6]},
			"faces": {
				"north": {"uv": [0, 0, 0.22, 1.12], "texture": "#0"},
				"east": {"uv": [0, 0, 0.22, 1.12], "texture": "#0"},
				"south": {"uv": [0, 0, 0.22, 1.12], "texture": "#0"},
				"west": {"uv": [0, 0, 0.22, 1.12], "texture": "#0"},
				"up": {"uv": [0, 0, 0.22, 0.22], "texture": "#0"},
				"down": {"uv": [0, 0, 0.22, 0.22], "texture": "#0"}
			}
		},
		{
			"from": [6.76331, 2.56669, 1.89],
			"to": [8.30331, 2.68669, 2.01],
			"rotation": {"angle": 45, "axis": "z", "origin": [7.53331, 2.57669, 2]},
			"faces": {
				"north": {"uv": [0, 0, 1.54, 0.12], "texture": "#0"},
				"east": {"uv": [0, 0, 0.12, 0.12], "texture": "#0"},
				"south": {"uv": [0, 0, 1.54, 0.12], "texture": "#0"},
				"west": {"uv": [0, 0, 0.12, 0.12], "texture": "#0"},
				"up": {"uv": [0, 0, 1.54, 0.12], "texture": "#0"},
				"down": {"uv": [0, 0, 1.54, 0.12], "texture": "#0"}
			}
		},
		{
			"from": [8.55, 1.34, 1.89],
			"to": [8.77, 2.78, 2.01],
			"rotation": {"angle": 45, "axis": "z", "origin": [8, 2.11, -0.255]},
			"faces": {
				"north": {"uv": [0, 0, 0.22, 1.44], "texture": "#0"},
				"east": {"uv": [0, 0, 0.12, 1.44], "texture": "#0"},
				"south": {"uv": [0, 0, 0.22, 1.44], "texture": "#0"},
				"west": {"uv": [0, 0, 0.12, 1.44], "texture": "#0"},
				"up": {"uv": [0, 0, 0.22, 0.12], "texture": "#0"},
				"down": {"uv": [0, 0, 0.22, 0.12], "texture": "#0"}
			}
		},
		{
			"from": [7.45, 1.34, 1.89],
			"to": [8.57, 1.56, 2.11],
			"rotation": {"angle": 45, "axis": "z", "origin": [8, 2.11, -0.255]},
			"faces": {
				"north": {"uv": [0, 0, 1.12, 0.22], "texture": "#0"},
				"east": {"uv": [0, 0, 0.22, 0.22], "texture": "#0"},
				"south": {"uv": [0, 0, 1.12, 0.22], "texture": "#0"},
				"west": {"uv": [0, 0, 0.22, 0.22], "texture": "#0"},
				"up": {"uv": [0, 0, 1.12, 0.22], "texture": "#0"},
				"down": {"uv": [0, 0, 1.12, 0.22], "texture": "#0"}
			}
		},
		{
			"from": [7.45553, 1.01553, 1.89],
			"to": [7.67553, 2.13553, 2.11],
			"rotation": {"angle": 45, "axis": "z", "origin": [7.45553, 1.56553, 2]},
			"faces": {
				"north": {"uv": [0, 0, 0.22, 1.12], "texture": "#0"},
				"east": {"uv": [0, 0, 0.22, 1.12], "texture": "#0"},
				"south": {"uv": [0, 0, 0.22, 1.12], "texture": "#0"},
				"west": {"uv": [0, 0, 0.22, 1.12], "texture": "#0"},
				"up": {"uv": [0, 0, 0.22, 0.22], "texture": "#0"},
				"down": {"uv": [0, 0, 0.22, 0.22], "texture": "#0"}
			}
		},
		{
			"from": [7.5, 1.4, 1.7],
			"to": [8.7, 1.6, 1.9],
			"rotation": {"angle": 45, "axis": "z", "origin": [8, 2.1, -0.25]},
			"faces": {
				"north": {"uv": [0, 0, 0.8, 0.2], "texture": "#0"},
				"east": {"uv": [0, 0, 0.8, 0.2], "texture": "#0"},
				"south": {"uv": [0, 0, 0.8, 0.2], "texture": "#0"},
				"west": {"uv": [0, 0, 0.8, 0.2], "texture": "#0"},
				"up": {"uv": [0, 0, 0.8, 0.2], "texture": "#0"},
				"down": {"uv": [0, 0, 0.8, 0.2], "texture": "#0"}
			}
		},
		{
			"from": [7.50503, 1.10503, 1.7],
			"to": [7.70503, 2.30503, 1.9],
			"rotation": {"angle": 45, "axis": "z", "origin": [7.50503, 1.60503, 1.8]},
			"faces": {
				"north": {"uv": [0, 0, 0.2, 0.8], "texture": "#0"},
				"east": {"uv": [0, 0, 0.2, 0.8], "texture": "#0"},
				"south": {"uv": [0, 0, 0.2, 0.8], "texture": "#0"},
				"west": {"uv": [0, 0, 0.2, 0.8], "texture": "#0"},
				"up": {"uv": [0, 0, 0.2, 0.8], "texture": "#0"},
				"down": {"uv": [0, 0, 0.2, 0.8], "texture": "#0"}
			}
		},
		{
			"from": [7.5, 2.6, 1.7],
			"to": [8.7, 2.8, 1.9],
			"rotation": {"angle": 45, "axis": "z", "origin": [8, 2.1, -0.25]},
			"faces": {
				"north": {"uv": [0, 0, 0.8, 0.2], "texture": "#0"},
				"east": {"uv": [0, 0, 0.8, 0.2], "texture": "#0"},
				"south": {"uv": [0, 0, 0.8, 0.2], "texture": "#0"},
				"west": {"uv": [0, 0, 0.8, 0.2], "texture": "#0"},
				"up": {"uv": [0, 0, 0.8, 0.2], "texture": "#0"},
				"down": {"uv": [0, 0, 0.8, 0.2], "texture": "#0"}
			}
		},
		{
			"from": [8.5, 1.6, 1.7],
			"to": [8.7, 2.6, 1.9],
			"rotation": {"angle": 45, "axis": "z", "origin": [8, 2.1, -0.25]},
			"faces": {
				"north": {"uv": [0, 0, 0.2, 0.8], "texture": "#0"},
				"east": {"uv": [0, 0, 0.2, 0.8], "texture": "#0"},
				"south": {"uv": [0, 0, 0.2, 0.8], "texture": "#0"},
				"west": {"uv": [0, 0, 0.2, 0.8], "texture": "#0"},
				"up": {"uv": [0, 0, 0.2, 0.8], "texture": "#0"},
				"down": {"uv": [0, 0, 0.2, 0.8], "texture": "#0"}
			}
		},
		{
			"from": [8.55, 1.34, 1.99],
			"to": [8.87, 2.68, 2.71],
			"rotation": {"angle": 45, "axis": "z", "origin": [8, 2.11, -0.055]},
			"faces": {
				"north": {"uv": [0, 0, 0.32, 1.34], "texture": "#0"},
				"east": {"uv": [0, 0, 0.72, 1.34], "texture": "#0"},
				"south": {"uv": [0, 0, 0.32, 1.34], "texture": "#0"},
				"west": {"uv": [0, 0, 0.72, 1.34], "texture": "#0"},
				"up": {"uv": [0, 0, 0.32, 0.72], "texture": "#0"},
				"down": {"uv": [0, 0, 0.32, 0.72], "texture": "#0"}
			}
		},
		{
			"from": [7.23, 2.66, 1.99],
			"to": [8.87, 2.98, 2.71],
			"rotation": {"angle": 45, "axis": "z", "origin": [8, 2.11, -0.055]},
			"faces": {
				"north": {"uv": [0, 0, 1.64, 0.32], "texture": "#0"},
				"east": {"uv": [0, 0, 0.72, 0.32], "texture": "#0"},
				"south": {"uv": [0, 0, 1.64, 0.32], "texture": "#0"},
				"west": {"uv": [0, 0, 0.72, 0.32], "texture": "#0"},
				"up": {"uv": [0, 0, 1.64, 0.72], "texture": "#0"},
				"down": {"uv": [0, 0, 1.64, 0.72], "texture": "#0"}
			}
		},
		{
			"from": [8.6, 1.3, 2.99],
			"to": [8.7, 2.4, 4.09],
			"rotation": {"angle": -45, "axis": "z", "origin": [8, 2, 7.1]},
			"faces": {
				"north": {"uv": [0, 0, 16, 16], "texture": "#8"},
				"east": {"uv": [0, 0, 16, 16], "texture": "#8"},
				"south": {"uv": [0, 0, 16, 16], "texture": "#8"},
				"west": {"uv": [0, 0, 16, 16], "texture": "#8"},
				"up": {"uv": [0, 0, 16, 16], "texture": "#8"},
				"down": {"uv": [0, 0, 16, 16], "texture": "#8"}
			}
		},
		{
			"from": [7.6, 1.3, 2.99],
			"to": [8.6, 1.4, 4.09],
			"rotation": {"angle": -45, "axis": "z", "origin": [8, 2, 7.1]},
			"faces": {
				"north": {"uv": [0, 0, 16, 16], "texture": "#8"},
				"east": {"uv": [0, 0, 16, 16], "texture": "#8"},
				"south": {"uv": [0, 0, 16, 16], "texture": "#8"},
				"west": {"uv": [0, 0, 16, 16], "texture": "#8"},
				"up": {"uv": [0, 0, 16, 16], "texture": "#8"},
				"down": {"uv": [0, 0, 16, 16], "texture": "#8"}
			}
		},
		{
			"from": [7.23, 2.66, 2.69],
			"to": [8.67, 2.78, 2.81],
			"rotation": {"angle": 45, "axis": "z", "origin": [8, 2.11, 0.545]},
			"faces": {
				"north": {"uv": [0, 0, 1.44, 0.12], "texture": "#0"},
				"east": {"uv": [0, 0, 0.12, 0.12], "texture": "#0"},
				"south": {"uv": [0, 0, 1.44, 0.12], "texture": "#0"},
				"west": {"uv": [0, 0, 0.12, 0.12], "texture": "#0"},
				"up": {"uv": [0, 0, 1.44, 0.12], "texture": "#0"},
				"down": {"uv": [0, 0, 1.44, 0.12], "texture": "#0"}
			}
		},
		{
			"from": [8.55, 1.34, 2.69],
			"to": [8.67, 2.68, 2.81],
			"rotation": {"angle": 45, "axis": "z", "origin": [8, 2.11, 0.545]},
			"faces": {
				"north": {"uv": [0, 0, 0.12, 1.34], "texture": "#0"},
				"east": {"uv": [0, 0, 0.12, 1.34], "texture": "#0"},
				"south": {"uv": [0, 0, 0.12, 1.34], "texture": "#0"},
				"west": {"uv": [0, 0, 0.12, 1.34], "texture": "#0"},
				"up": {"uv": [0, 0, 0.12, 0.12], "texture": "#0"},
				"down": {"uv": [0, 0, 0.12, 0.12], "texture": "#0"}
			}
		},
		{
			"from": [7.5, 2.2, 1.39],
			"to": [8.6, 2.6, 2.39],
			"rotation": {"angle": -45, "axis": "z", "origin": [8, 2.1, 5.6]},
			"faces": {
				"north": {"uv": [0, 0, 16, 16], "texture": "#8"},
				"east": {"uv": [0, 0, 16, 16], "texture": "#8"},
				"south": {"uv": [0, 0, 16, 16], "texture": "#8"},
				"west": {"uv": [0, 0, 16, 16], "texture": "#8"},
				"up": {"uv": [0, 0, 16, 16], "texture": "#8"},
				"down": {"uv": [0, 0, 16, 16], "texture": "#8"}
			}
		},
		{
			"from": [7.95, 2.43, 1.37],
			"to": [8.05, 2.83, 1.38],
			"faces": {
				"north": {"uv": [0, 0, 0.2, 0.8], "rotation": 90, "texture": "#0"},
				"east": {"uv": [0, 0, 0.2, 0.8], "rotation": 270, "texture": "#0"},
				"south": {"uv": [0, 0, 0.2, 0.8], "rotation": 270, "texture": "#0"},
				"west": {"uv": [0, 0, 0.2, 0.8], "rotation": 270, "texture": "#0"},
				"up": {"uv": [0, 0, 0.2, 0.8], "rotation": 270, "texture": "#0"},
				"down": {"uv": [0, 0, 0.2, 0.8], "rotation": 270, "texture": "#0"}
			}
		},
		{
			"from": [7.95, 1.46, 1.37],
			"to": [8.05, 1.76, 1.38],
			"faces": {
				"north": {"uv": [0, 0, 0.2, 0.8], "rotation": 270, "texture": "#0"},
				"east": {"uv": [0, 0, 0.2, 0.8], "rotation": 90, "texture": "#0"},
				"south": {"uv": [0, 0, 0.2, 0.8], "rotation": 90, "texture": "#0"},
				"west": {"uv": [0, 0, 0.2, 0.8], "rotation": 90, "texture": "#0"},
				"up": {"uv": [0, 0, 0.2, 0.8], "rotation": 90, "texture": "#0"},
				"down": {"uv": [0, 0, 0.2, 0.8], "rotation": 90, "texture": "#0"}
			}
		},
		{
			"from": [7.85, 2.15, 1.39],
			"to": [8.05, 2.17, 1.68],
			"rotation": {"angle": 45, "axis": "z", "origin": [7.936, 2.15, 3.59]},
			"faces": {
				"north": {"uv": [7, 9, 9, 7], "texture": "#8"},
				"east": {"uv": [7, 9, 9, 7], "texture": "#8"},
				"south": {"uv": [7, 9, 9, 7], "texture": "#8"},
				"west": {"uv": [7, 9, 9, 7], "texture": "#8"},
				"up": {"uv": [7, 9, 9, 7], "texture": "#8"},
				"down": {"uv": [7, 9, 9, 7], "texture": "#8"}
			}
		},
		{
			"from": [7.9, 2, 1.39],
			"to": [8.11, 2.02, 1.68],
			"rotation": {"angle": -45, "axis": "z", "origin": [8, 2.11, 5.8]},
			"faces": {
				"north": {"uv": [7, 9, 9, 7], "texture": "#8"},
				"east": {"uv": [7, 9, 9, 7], "texture": "#8"},
				"south": {"uv": [7, 9, 9, 7], "texture": "#8"},
				"west": {"uv": [7, 9, 9, 7], "texture": "#8"},
				"up": {"uv": [7, 9, 9, 7], "texture": "#8"},
				"down": {"uv": [7, 9, 9, 7], "texture": "#8"}
			}
		},
		{
			"from": [7.9, 2, 1.39],
			"to": [8.08, 2.02, 1.68],
			"rotation": {"angle": 45, "axis": "z", "origin": [8, 2.11, 5.8]},
			"faces": {
				"north": {"uv": [7, 9, 9, 7], "texture": "#8"},
				"east": {"uv": [7, 9, 9, 7], "texture": "#8"},
				"south": {"uv": [7, 9, 9, 7], "texture": "#8"},
				"west": {"uv": [7, 9, 9, 7], "texture": "#8"},
				"up": {"uv": [7, 9, 9, 7], "texture": "#8"},
				"down": {"uv": [7, 9, 9, 7], "texture": "#8"}
			}
		},
		{
			"from": [7.97, 2.155, 1.39],
			"to": [8.17, 2.175, 1.68],
			"rotation": {"angle": -45, "axis": "z", "origin": [8.065, 2.165, 3.59]},
			"faces": {
				"north": {"uv": [7, 9, 9, 7], "texture": "#8"},
				"east": {"uv": [7, 9, 9, 7], "texture": "#8"},
				"south": {"uv": [7, 9, 9, 7], "texture": "#8"},
				"west": {"uv": [7, 9, 9, 7], "texture": "#8"},
				"up": {"uv": [7, 9, 9, 7], "texture": "#8"},
				"down": {"uv": [7, 9, 9, 7], "texture": "#8"}
			}
		},
		{
			"from": [7.5, 1.59, 1.38],
			"to": [8.6, 2.69, 1.43],
			"rotation": {"angle": 45, "axis": "z", "origin": [7.99935, 2.09435, 2.57216]},
			"faces": {
				"north": {"uv": [1, 0, 0, 1], "texture": "#4"},
				"east": {"uv": [1, 0, 0, 1], "texture": "#4"},
				"south": {"uv": [1, 0, 0, 1], "texture": "#4"},
				"west": {"uv": [1, 0, 0, 1], "texture": "#4"},
				"up": {"uv": [1, 0, 0, 1], "texture": "#4"},
				"down": {"uv": [1, 0, 0, 1], "texture": "#4"}
			}
		},
		{
			"from": [7.75, 1.5, 1.37],
			"to": [7.85, 1.8, 1.38],
			"rotation": {"angle": -22.5, "axis": "z", "origin": [7.8, 1.65, 1.375]},
			"faces": {
				"north": {"uv": [0, 0, 0.2, 0.8], "rotation": 270, "texture": "#0"},
				"east": {"uv": [0, 0, 0.2, 0.8], "rotation": 90, "texture": "#0"},
				"south": {"uv": [0, 0, 0.2, 0.8], "rotation": 90, "texture": "#0"},
				"west": {"uv": [0, 0, 0.2, 0.8], "rotation": 90, "texture": "#0"},
				"up": {"uv": [0, 0, 0.2, 0.8], "rotation": 90, "texture": "#0"},
				"down": {"uv": [0, 0, 0.2, 0.8], "rotation": 90, "texture": "#0"}
			}
		},
		{
			"from": [8.15, 1.5, 1.37],
			"to": [8.25, 1.8, 1.38],
			"rotation": {"angle": 22.5, "axis": "z", "origin": [8.2, 1.65, 1.375]},
			"faces": {
				"north": {"uv": [0, 0, 0.2, 0.8], "rotation": 270, "texture": "#0"},
				"east": {"uv": [0, 0, 0.2, 0.8], "rotation": 90, "texture": "#0"},
				"south": {"uv": [0, 0, 0.2, 0.8], "rotation": 90, "texture": "#0"},
				"west": {"uv": [0, 0, 0.2, 0.8], "rotation": 90, "texture": "#0"},
				"up": {"uv": [0, 0, 0.2, 0.8], "rotation": 90, "texture": "#0"},
				"down": {"uv": [0, 0, 0.2, 0.8], "rotation": 90, "texture": "#0"}
			}
		},
		{
			"from": [8.32, 1.6, 1.37],
			"to": [8.42, 1.9, 1.38],
			"rotation": {"angle": 45, "axis": "z", "origin": [8.37, 1.75, 1.375]},
			"faces": {
				"north": {"uv": [0, 0, 0.2, 0.8], "rotation": 270, "texture": "#0"},
				"east": {"uv": [0, 0, 0.2, 0.8], "rotation": 90, "texture": "#0"},
				"south": {"uv": [0, 0, 0.2, 0.8], "rotation": 90, "texture": "#0"},
				"west": {"uv": [0, 0, 0.2, 0.8], "rotation": 90, "texture": "#0"},
				"up": {"uv": [0, 0, 0.2, 0.8], "rotation": 90, "texture": "#0"},
				"down": {"uv": [0, 0, 0.2, 0.8], "rotation": 90, "texture": "#0"}
			}
		},
		{
			"from": [7.58, 1.6, 1.37],
			"to": [7.68, 1.9, 1.38],
			"rotation": {"angle": -45, "axis": "z", "origin": [7.63, 1.75, 1.375]},
			"faces": {
				"north": {"uv": [0, 0, 0.2, 0.8], "rotation": 270, "texture": "#0"},
				"east": {"uv": [0, 0, 0.2, 0.8], "rotation": 90, "texture": "#0"},
				"south": {"uv": [0, 0, 0.2, 0.8], "rotation": 90, "texture": "#0"},
				"west": {"uv": [0, 0, 0.2, 0.8], "rotation": 90, "texture": "#0"},
				"up": {"uv": [0, 0, 0.2, 0.8], "rotation": 90, "texture": "#0"},
				"down": {"uv": [0, 0, 0.2, 0.8], "rotation": 90, "texture": "#0"}
			}
		},
		{
			"from": [8.05, 2.46, 1.37],
			"to": [8.15, 2.76, 1.38],
			"rotation": {"angle": -22.5, "axis": "z", "origin": [7.96, 2.36, 1.4]},
			"faces": {
				"north": {"uv": [0, 0, 0.2, 0.8], "rotation": 90, "texture": "#0"},
				"east": {"uv": [0, 0, 0.2, 0.8], "rotation": 270, "texture": "#0"},
				"south": {"uv": [0, 0, 0.2, 0.8], "rotation": 270, "texture": "#0"},
				"west": {"uv": [0, 0, 0.2, 0.8], "rotation": 270, "texture": "#0"},
				"up": {"uv": [0, 0, 0.2, 0.8], "rotation": 270, "texture": "#0"},
				"down": {"uv": [0, 0, 0.2, 0.8], "rotation": 270, "texture": "#0"}
			}
		},
		{
			"from": [7.86, 2.35, 1.37],
			"to": [7.96, 2.65, 1.38],
			"rotation": {"angle": 22.5, "axis": "z", "origin": [7.75, 2.25, 1.4]},
			"faces": {
				"north": {"uv": [0, 0, 0.2, 0.8], "rotation": 90, "texture": "#0"},
				"east": {"uv": [0, 0, 0.2, 0.8], "rotation": 270, "texture": "#0"},
				"south": {"uv": [0, 0, 0.2, 0.8], "rotation": 270, "texture": "#0"},
				"west": {"uv": [0, 0, 0.2, 0.8], "rotation": 270, "texture": "#0"},
				"up": {"uv": [0, 0, 0.2, 0.8], "rotation": 270, "texture": "#0"},
				"down": {"uv": [0, 0, 0.2, 0.8], "rotation": 270, "texture": "#0"}
			}
		},
		{
			"from": [8.16, 2.46, 1.37],
			"to": [8.26, 2.76, 1.38],
			"rotation": {"angle": -45, "axis": "z", "origin": [8.06, 2.36, 1.4]},
			"faces": {
				"north": {"uv": [0, 0, 0.2, 0.8], "rotation": 90, "texture": "#0"},
				"east": {"uv": [0, 0, 0.2, 0.8], "rotation": 270, "texture": "#0"},
				"south": {"uv": [0, 0, 0.2, 0.8], "rotation": 270, "texture": "#0"},
				"west": {"uv": [0, 0, 0.2, 0.8], "rotation": 270, "texture": "#0"},
				"up": {"uv": [0, 0, 0.2, 0.8], "rotation": 270, "texture": "#0"},
				"down": {"uv": [0, 0, 0.2, 0.8], "rotation": 270, "texture": "#0"}
			}
		},
		{
			"from": [7.82, 2.245, 1.37],
			"to": [7.92, 2.545, 1.38],
			"rotation": {"angle": 45, "axis": "z", "origin": [7.72, 2.145, 1.4]},
			"faces": {
				"north": {"uv": [0, 0, 0.2, 0.8], "rotation": 90, "texture": "#0"},
				"east": {"uv": [0, 0, 0.2, 0.8], "rotation": 270, "texture": "#0"},
				"south": {"uv": [0, 0, 0.2, 0.8], "rotation": 270, "texture": "#0"},
				"west": {"uv": [0, 0, 0.2, 0.8], "rotation": 270, "texture": "#0"},
				"up": {"uv": [0, 0, 0.2, 0.8], "rotation": 270, "texture": "#0"},
				"down": {"uv": [0, 0, 0.2, 0.8], "rotation": 270, "texture": "#0"}
			}
		},
		{
			"from": [8.31, 1.87, 1.37],
			"to": [8.61, 1.97, 1.38],
			"rotation": {"angle": -22.5, "axis": "z", "origin": [8.46, 1.92, 1.375]},
			"faces": {
				"north": {"uv": [0, 0, 0.2, 0.8], "texture": "#0"},
				"east": {"uv": [0, 0, 0.2, 0.8], "texture": "#0"},
				"south": {"uv": [0, 0, 0.2, 0.8], "texture": "#0"},
				"west": {"uv": [0, 0, 0.2, 0.8], "texture": "#0"},
				"up": {"uv": [0, 0, 0.2, 0.8], "texture": "#0"},
				"down": {"uv": [0, 0, 0.2, 0.8], "texture": "#0"}
			}
		},
		{
			"from": [7.39, 1.87, 1.37],
			"to": [7.69, 1.97, 1.38],
			"rotation": {"angle": 22.5, "axis": "z", "origin": [7.54, 1.92, 1.375]},
			"faces": {
				"north": {"uv": [0, 0, 0.2, 0.8], "rotation": 180, "texture": "#0"},
				"east": {"uv": [0, 0, 0.2, 0.8], "rotation": 180, "texture": "#0"},
				"south": {"uv": [0, 0, 0.2, 0.8], "rotation": 180, "texture": "#0"},
				"west": {"uv": [0, 0, 0.2, 0.8], "rotation": 180, "texture": "#0"},
				"up": {"uv": [0, 0, 0.2, 0.8], "rotation": 180, "texture": "#0"},
				"down": {"uv": [0, 0, 0.2, 0.8], "rotation": 180, "texture": "#0"}
			}
		},
		{
			"from": [8.28, 2.115, 1.37],
			"to": [8.58, 2.215, 1.38],
			"rotation": {"angle": 22.5, "axis": "z", "origin": [8.17, 2.305, 1.4]},
			"faces": {
				"north": {"uv": [0, 0, 0.2, 0.8], "texture": "#0"},
				"east": {"uv": [0, 0, 0.2, 0.8], "texture": "#0"},
				"south": {"uv": [0, 0, 0.2, 0.8], "texture": "#0"},
				"west": {"uv": [0, 0, 0.2, 0.8], "texture": "#0"},
				"up": {"uv": [0, 0, 0.2, 0.8], "texture": "#0"},
				"down": {"uv": [0, 0, 0.2, 0.8], "texture": "#0"}
			}
		},
		{
			"from": [7.31, 2.14, 1.37],
			"to": [7.61, 2.24, 1.38],
			"rotation": {"angle": -22.5, "axis": "z", "origin": [7.72, 2.03, 1.4]},
			"faces": {
				"north": {"uv": [0, 0, 0.2, 0.8], "rotation": 180, "texture": "#0"},
				"east": {"uv": [0, 0, 0.2, 0.8], "rotation": 180, "texture": "#0"},
				"south": {"uv": [0, 0, 0.2, 0.8], "rotation": 180, "texture": "#0"},
				"west": {"uv": [0, 0, 0.2, 0.8], "rotation": 180, "texture": "#0"},
				"up": {"uv": [0, 0, 0.2, 0.8], "rotation": 180, "texture": "#0"},
				"down": {"uv": [0, 0, 0.2, 0.8], "rotation": 180, "texture": "#0"}
			}
		},
		{
			"from": [8.35, 2.05, 1.37],
			"to": [8.75, 2.15, 1.38],
			"faces": {
				"north": {"uv": [0, 0, 0.2, 0.8], "texture": "#0"},
				"east": {"uv": [0, 0, 0.2, 0.8], "texture": "#0"},
				"south": {"uv": [0, 0, 0.2, 0.8], "texture": "#0"},
				"west": {"uv": [0, 0, 0.2, 0.8], "texture": "#0"},
				"up": {"uv": [0, 0, 0.2, 0.8], "texture": "#0"},
				"down": {"uv": [0, 0, 0.2, 0.8], "texture": "#0"}
			}
		},
		{
			"from": [7.25, 2.05, 1.37],
			"to": [7.65, 2.15, 1.38],
			"faces": {
				"north": {"uv": [0, 0, 0.2, 0.8], "rotation": 180, "texture": "#0"},
				"east": {"uv": [0, 0, 0.2, 0.8], "rotation": 180, "texture": "#0"},
				"south": {"uv": [0, 0, 0.2, 0.8], "rotation": 180, "texture": "#0"},
				"west": {"uv": [0, 0, 0.2, 0.8], "rotation": 180, "texture": "#0"},
				"up": {"uv": [0, 0, 0.2, 0.8], "rotation": 180, "texture": "#0"},
				"down": {"uv": [0, 0, 0.2, 0.8], "rotation": 180, "texture": "#0"}
			}
		},
		{
			"from": [7.86, 2.46, 1.37],
			"to": [8.16, 2.56, 1.38],
			"rotation": {"angle": -45, "axis": "z", "origin": [7.86, 2.16, 1.4]},
			"faces": {
				"north": {"uv": [0, 0, 0.2, 0.8], "rotation": 90, "texture": "#0"},
				"east": {"uv": [0, 0, 0.2, 0.8], "rotation": 270, "texture": "#0"},
				"south": {"uv": [0, 0, 0.2, 0.8], "rotation": 270, "texture": "#0"},
				"west": {"uv": [0, 0, 0.2, 0.8], "rotation": 270, "texture": "#0"},
				"up": {"uv": [0, 0, 0.2, 0.8], "rotation": 270, "texture": "#0"},
				"down": {"uv": [0, 0, 0.2, 0.8], "rotation": 270, "texture": "#0"}
			}
		},
		{
			"from": [7.86, 2.36, 1.37],
			"to": [8.16, 2.46, 1.38],
			"faces": {
				"north": {"uv": [0, 0, 0.2, 0.8], "rotation": 90, "texture": "#0"},
				"east": {"uv": [0, 0, 0.2, 0.8], "rotation": 270, "texture": "#0"},
				"south": {"uv": [0, 0, 0.2, 0.8], "rotation": 270, "texture": "#0"},
				"west": {"uv": [0, 0, 0.2, 0.8], "rotation": 270, "texture": "#0"},
				"up": {"uv": [0, 0, 0.2, 0.8], "rotation": 270, "texture": "#0"},
				"down": {"uv": [0, 0, 0.2, 0.8], "rotation": 270, "texture": "#0"}
			}
		},
		{
			"from": [7.95, 2.27, 1.37],
			"to": [8.25, 2.37, 1.38],
			"rotation": {"angle": 45, "axis": "z", "origin": [7.95, 1.97, 1.4]},
			"faces": {
				"north": {"uv": [0, 0, 0.2, 0.8], "rotation": 90, "texture": "#0"},
				"east": {"uv": [0, 0, 0.2, 0.8], "rotation": 270, "texture": "#0"},
				"south": {"uv": [0, 0, 0.2, 0.8], "rotation": 270, "texture": "#0"},
				"west": {"uv": [0, 0, 0.2, 0.8], "rotation": 270, "texture": "#0"},
				"up": {"uv": [0, 0, 0.2, 0.8], "rotation": 270, "texture": "#0"},
				"down": {"uv": [0, 0, 0.2, 0.8], "rotation": 270, "texture": "#0"}
			}
		},
		{
			"from": [7.65, 1.96, 1.37],
			"to": [7.75, 2.26, 1.38],
			"faces": {
				"north": {"uv": [0, 0, 0.2, 0.8], "rotation": 180, "texture": "#0"},
				"east": {"uv": [0, 0, 0.2, 0.8], "rotation": 180, "texture": "#0"},
				"south": {"uv": [0, 0, 0.2, 0.8], "rotation": 180, "texture": "#0"},
				"west": {"uv": [0, 0, 0.2, 0.8], "rotation": 180, "texture": "#0"},
				"up": {"uv": [0, 0, 0.2, 0.8], "rotation": 180, "texture": "#0"},
				"down": {"uv": [0, 0, 0.2, 0.8], "rotation": 180, "texture": "#0"}
			}
		},
		{
			"from": [8.26, 1.96, 1.37],
			"to": [8.36, 2.26, 1.38],
			"faces": {
				"north": {"uv": [0, 0, 0.2, 0.8], "rotation": 180, "texture": "#0"},
				"east": {"uv": [0, 0, 0.2, 0.8], "rotation": 180, "texture": "#0"},
				"south": {"uv": [0, 0, 0.2, 0.8], "rotation": 180, "texture": "#0"},
				"west": {"uv": [0, 0, 0.2, 0.8], "rotation": 180, "texture": "#0"},
				"up": {"uv": [0, 0, 0.2, 0.8], "rotation": 180, "texture": "#0"},
				"down": {"uv": [0, 0, 0.2, 0.8], "rotation": 180, "texture": "#0"}
			}
		},
		{
			"from": [7.96, 1.52, 1.37],
			"to": [8.06, 1.82, 1.38],
			"rotation": {"angle": -45, "axis": "z", "origin": [8.36, 1.52, 1.4]},
			"faces": {
				"north": {"uv": [0, 0, 0.2, 0.8], "rotation": 180, "texture": "#0"},
				"east": {"uv": [0, 0, 0.2, 0.8], "rotation": 180, "texture": "#0"},
				"south": {"uv": [0, 0, 0.2, 0.8], "rotation": 180, "texture": "#0"},
				"west": {"uv": [0, 0, 0.2, 0.8], "rotation": 180, "texture": "#0"},
				"up": {"uv": [0, 0, 0.2, 0.8], "rotation": 180, "texture": "#0"},
				"down": {"uv": [0, 0, 0.2, 0.8], "rotation": 180, "texture": "#0"}
			}
		},
		{
			"from": [7.86, 1.72, 1.37],
			"to": [8.16, 1.82, 1.38],
			"faces": {
				"north": {"uv": [0, 0, 0.2, 0.8], "rotation": 90, "texture": "#0"},
				"east": {"uv": [0, 0, 0.2, 0.8], "rotation": 270, "texture": "#0"},
				"south": {"uv": [0, 0, 0.2, 0.8], "rotation": 270, "texture": "#0"},
				"west": {"uv": [0, 0, 0.2, 0.8], "rotation": 270, "texture": "#0"},
				"up": {"uv": [0, 0, 0.2, 0.8], "rotation": 270, "texture": "#0"},
				"down": {"uv": [0, 0, 0.2, 0.8], "rotation": 270, "texture": "#0"}
			}
		},
		{
			"from": [7.44, 2.02, 1.37],
			"to": [7.74, 2.12, 1.38],
			"rotation": {"angle": -45, "axis": "z", "origin": [7.44, 1.72, 1.4]},
			"faces": {
				"north": {"uv": [0, 0, 0.2, 0.8], "rotation": 90, "texture": "#0"},
				"east": {"uv": [0, 0, 0.2, 0.8], "rotation": 270, "texture": "#0"},
				"south": {"uv": [0, 0, 0.2, 0.8], "rotation": 270, "texture": "#0"},
				"west": {"uv": [0, 0, 0.2, 0.8], "rotation": 270, "texture": "#0"},
				"up": {"uv": [0, 0, 0.2, 0.8], "rotation": 270, "texture": "#0"},
				"down": {"uv": [0, 0, 0.2, 0.8], "rotation": 270, "texture": "#0"}
			}
		},
		{
			"from": [7, 2.9, 5.59],
			"to": [8.6, 3, 8.99],
			"rotation": {"angle": 45, "axis": "z", "origin": [8, 2.3, 9.7]},
			"faces": {
				"north": {"uv": [0, 16, 16, 0], "texture": "#8"},
				"east": {"uv": [0, 16, 16, 0], "texture": "#8"},
				"south": {"uv": [0, 16, 16, 0], "texture": "#8"},
				"west": {"uv": [0, 16, 16, 0], "texture": "#8"},
				"up": {"uv": [0, 16, 16, 0], "texture": "#8"},
				"down": {"uv": [0, 16, 16, 0], "texture": "#8"}
			}
		},
		{
			"from": [8.6, 1.3, 5.59],
			"to": [8.7, 2.9, 8.99],
			"rotation": {"angle": 45, "axis": "z", "origin": [8, 2.3, 9.7]},
			"faces": {
				"north": {"uv": [0, 16, 16, 0], "texture": "#8"},
				"east": {"uv": [0, 16, 16, 0], "texture": "#8"},
				"south": {"uv": [0, 16, 16, 0], "texture": "#8"},
				"west": {"uv": [0, 16, 16, 0], "texture": "#8"},
				"up": {"uv": [0, 16, 16, 0], "texture": "#8"},
				"down": {"uv": [0, 16, 16, 0], "texture": "#8"}
			}
		},
		{
			"from": [7, 2.1, 5.59],
			"to": [7.1, 2.9, 8.89],
			"rotation": {"angle": 45, "axis": "z", "origin": [8, 2.3, 9.7]},
			"faces": {
				"north": {"uv": [0, 16, 16, 0], "texture": "#8"},
				"east": {"uv": [0, 16, 16, 0], "texture": "#8"},
				"south": {"uv": [0, 16, 16, 0], "texture": "#8"},
				"west": {"uv": [0, 16, 16, 0], "texture": "#8"},
				"up": {"uv": [0, 16, 16, 0], "texture": "#8"},
				"down": {"uv": [0, 16, 16, 0], "texture": "#8"}
			}
		},
		{
			"from": [7.8, 1.3, 5.59],
			"to": [8.6, 1.4, 8.89],
			"rotation": {"angle": 45, "axis": "z", "origin": [8, 2.3, 9.7]},
			"faces": {
				"north": {"uv": [0, 16, 16, 0], "texture": "#8"},
				"east": {"uv": [0, 16, 16, 0], "texture": "#8"},
				"south": {"uv": [0, 16, 16, 0], "texture": "#8"},
				"west": {"uv": [0, 16, 16, 0], "texture": "#8"},
				"up": {"uv": [0, 16, 16, 0], "texture": "#8"},
				"down": {"uv": [0, 16, 16, 0], "texture": "#8"}
			}
		},
		{
			"from": [7, 2.4, 8.89],
			"to": [8.1, 2.9, 8.99],
			"rotation": {"angle": 45, "axis": "z", "origin": [8, 2.3, 10.1]},
			"faces": {
				"north": {"uv": [0, 16, 16, 0], "texture": "#8"},
				"east": {"uv": [0, 16, 16, 0], "texture": "#8"},
				"south": {"uv": [0, 16, 16, 0], "texture": "#8"},
				"west": {"uv": [0, 16, 16, 0], "texture": "#8"},
				"up": {"uv": [0, 16, 16, 0], "texture": "#8"},
				"down": {"uv": [0, 16, 16, 0], "texture": "#8"}
			}
		},
		{
			"from": [8.1, 1.3, 8.89],
			"to": [8.6, 3, 8.99],
			"rotation": {"angle": 45, "axis": "z", "origin": [8, 2.3, 10]},
			"faces": {
				"north": {"uv": [0, 16, 16, 0], "texture": "#8"},
				"east": {"uv": [0, 16, 16, 0], "texture": "#8"},
				"south": {"uv": [0, 16, 16, 0], "texture": "#8"},
				"west": {"uv": [0, 16, 16, 0], "texture": "#8"},
				"up": {"uv": [0, 16, 16, 0], "texture": "#8"},
				"down": {"uv": [0, 16, 16, 0], "texture": "#8"}
			}
		},
		{
			"from": [7.9, 2.13827, 8.39761],
			"to": [8.1, 2.33827, 8.89761],
			"rotation": {"angle": 22.5, "axis": "x", "origin": [8, 2.23827, 8.64761]},
			"faces": {
				"north": {"uv": [0, 0, 16, 16], "texture": "#0"},
				"east": {"uv": [0, 0, 11.2, 2.7], "rotation": 180, "texture": "#0"},
				"south": {"uv": [0, 0, 3.2, 2.7], "rotation": 270, "texture": "#0"},
				"west": {"uv": [0, 0, 11.2, 2.7], "rotation": 180, "texture": "#0"},
				"up": {"uv": [0, 0, 11.2, 2.7], "rotation": 270, "texture": "#0"},
				"down": {"uv": [0, 0, 11.2, 2.7], "rotation": 270, "texture": "#0"}
			}
		},
		{
			"from": [7.9, 1.33827, 8.39761],
			"to": [8.1, 1.53827, 8.89761],
			"rotation": {"angle": -22.5, "axis": "x", "origin": [8, 1.43827, 8.64761]},
			"faces": {
				"north": {"uv": [0, 0, 16, 16], "texture": "#0"},
				"east": {"uv": [0, 0, 11.2, 2.7], "rotation": 180, "texture": "#0"},
				"south": {"uv": [0, 0, 3.2, 2.7], "rotation": 270, "texture": "#0"},
				"west": {"uv": [0, 0, 11.2, 2.7], "rotation": 180, "texture": "#0"},
				"up": {"uv": [0, 0, 11.2, 2.7], "rotation": 270, "texture": "#0"},
				"down": {"uv": [0, 0, 11.2, 2.7], "rotation": 270, "texture": "#0"}
			}
		},
		{
			"from": [7.89, 1.48827, 8.74761],
			"to": [8.11, 2.18827, 8.94761],
			"faces": {
				"north": {"uv": [0, 0, 11.2, 2.7], "rotation": 270, "texture": "#0"},
				"east": {"uv": [0, 0, 11.2, 2.7], "rotation": 270, "texture": "#0"},
				"south": {"uv": [0, 0, 11.2, 2.7], "rotation": 270, "texture": "#0"},
				"west": {"uv": [0, 0, 11.2, 2.7], "rotation": 270, "texture": "#0"},
				"up": {"uv": [0, 0, 3.2, 2.7], "rotation": 270, "texture": "#0"},
				"down": {"uv": [0, 0, 3.2, 2.7], "rotation": 270, "texture": "#0"}
			}
		},
		{
			"from": [7.9, 1.8, 8.49],
			"to": [8, 1.9, 8.59],
			"rotation": {"angle": -45, "axis": "z", "origin": [8, 2.1, 5.9]},
			"faces": {
				"north": {"uv": [0, 0, 16, 16], "texture": "#2"},
				"east": {"uv": [0, 0, 16, 16], "texture": "#2"},
				"south": {"uv": [0, 0, 16, 16], "texture": "#2"},
				"west": {"uv": [0, 0, 16, 16], "texture": "#2"},
				"up": {"uv": [0, 0, 16, 16], "texture": "#2"},
				"down": {"uv": [0, 0, 16, 16], "texture": "#2"}
			}
		},
		{
			"from": [7.9, 1.5, 8.49],
			"to": [8, 1.6, 8.59],
			"rotation": {"angle": -45, "axis": "z", "origin": [8, 1.8, 5.9]},
			"faces": {
				"north": {"uv": [0, 0, 16, 16], "texture": "#11"},
				"east": {"uv": [0, 0, 16, 16], "texture": "#11"},
				"south": {"uv": [0, 0, 16, 16], "texture": "#11"},
				"west": {"uv": [0, 0, 16, 16], "texture": "#11"},
				"up": {"uv": [0, 0, 16, 16], "texture": "#11"},
				"down": {"uv": [0, 0, 16, 16], "texture": "#11"}
			}
		},
		{
			"from": [8.6, 2.9, 5.59],
			"to": [8.675, 2.975, 8.99],
			"rotation": {"angle": 45, "axis": "z", "origin": [8, 2.3, 9.7]},
			"faces": {
				"north": {"uv": [0, 16, 16, 0], "texture": "#7"},
				"east": {"uv": [0, 16, 16, 0], "texture": "#7"},
				"south": {"uv": [0, 16, 16, 0], "texture": "#7"},
				"west": {"uv": [0, 16, 16, 0], "texture": "#7"},
				"up": {"uv": [0, 16, 16, 0], "texture": "#7"},
				"down": {"uv": [0, 16, 16, 0], "texture": "#7"}
			}
		},
		{
			"from": [8.4, 2.7, 6.99],
			"to": [8.71, 3.01, 7.69],
			"rotation": {"angle": 45, "axis": "z", "origin": [8, 2.3, 9.7]},
			"faces": {
				"north": {"uv": [0, 16, 16, 0], "texture": "#7"},
				"east": {"uv": [0, 16, 16, 0], "texture": "#7"},
				"south": {"uv": [0, 16, 16, 0], "texture": "#7"},
				"west": {"uv": [0, 16, 16, 0], "texture": "#7"},
				"up": {"uv": [0, 16, 16, 0], "texture": "#7"},
				"down": {"uv": [0, 16, 16, 0], "texture": "#7"}
			}
		},
		{
			"from": [8.6, 2.9, 7.19],
			"to": [8.72, 3.02, 7.49],
			"rotation": {"angle": 45, "axis": "z", "origin": [8, 2.3, 9.7]},
			"faces": {
				"north": {"uv": [0, 16, 16, 0], "texture": "#4"},
				"east": {"uv": [0, 16, 16, 0], "texture": "#4"},
				"south": {"uv": [0, 16, 16, 0], "texture": "#4"},
				"west": {"uv": [0, 16, 16, 0], "texture": "#4"},
				"up": {"uv": [0, 16, 16, 0], "texture": "#4"},
				"down": {"uv": [0, 16, 16, 0], "texture": "#4"}
			}
		}
	],
	"display": {
		"thirdperson_righthand": {
			"scale": [1.8, 1.8, 1.8],
			"translation": [-2.5, 10, 2],
			"rotation": [0, 0, 11]
		},
		"thirdperson_lefthand": {
			"scale": [1.8, 1.8, 1.8],
			"rotation": [0, 0, 11],
			"translation": [-2.5, 10, 2]
		},
		"firstperson_righthand": {
			"translation": [-4, 11, 8],
			"rotation": [5, 0, 0]
		},
		"firstperson_lefthand": {
			"translation": [-4, 11, 8],
			"rotation": [5, 0, 0]
		},
		"ground": {
			"translation": [0, 4, 0]
		},
		"fixed": {
			"scale": [2, 2, 2],
			"rotation": [90, 50, -90],
			"translation": [13, 3.5, 0]
		},
		"gui": {
			"scale": [2, 2, 2],
			"rotation": [90, 50, -90],
			"translation": [13, 3.5, 0]
		}
	},
	"groups": [0, 1, 2, 3, 4, 5, 6, 7, 8,
		{
			"name": "Клешня 1",
			"children": [9, 10, 11, 12, 13, 14, 15, 16, 17, 18, 19, 20, 21, 22, 23, 24, 25, 26, 27, 28, 29, 30, 31, 32, 33, 34, 35, 36, 37, 38]
		},
		{
			"name": "Клешня 2",
			"children": [39, 40, 41, 42, 43, 44, 45, 46, 47, 48, 49]
		},
		{
			"name": "Клешня 3",
			"children": [50, 51, 52, 53, 54, 55, 56, 57, 58, 59, 60, 61, 62]
		}, 63, 64, 65, 66, 67, 68, 69, 70, 71, 72, 73, 74, 75, 76, 77, 78, 79, 80, 81, 82, 83, 84, 85, 86, 87, 88, 89, 90, 91, 92, 93, 94, 95, 96, 97, 98, 99, 100, 101, 102, 103, 104, 105, 106, 107, 108, 109, 110, 111, 112, 113, 114, 115, 116, 117, 118, 119, 120, 121, 122, 123, 124, 125, 126, 127, 128, 129, 130, 131]
}