{
	"parent": "item/generated",
	"textures": {
		"layer0": "item/bow"
	},
	"display": {
        "thirdperson_righthand": {
            "rotation": [ -80, 260, -40 ],
            "translation": [ -1, -2, 2.5 ],
            "scale": [ 0.9, 0.9, 0.9 ]
        },
        "thirdperson_lefthand": {
            "rotation": [ -80, -280, 40 ],
            "translation": [ -1, -2, 2.5 ],
            "scale": [ 0.9, 0.9, 0.9 ]
        },
        "firstperson_righthand": {
            "rotation": [ 0, -90, 25 ],
            "translation": [ 1.13, 3.2, 1.13],
            "scale": [ 0.68, 0.68, 0.68 ]
        },
        "firstperson_lefthand": {
            "rotation": [ 0, 90, -25 ],
            "translation": [ 1.13, 3.2, 1.13],
            "scale": [ 0.68, 0.68, 0.68 ]
        }
	},
	"overrides": [
		{"predicate": { "pulling": 1 },"model": "item/bow_pulling_0" },
        {"predicate": { "pulling": 1,"pull": 0.65 },"model": "item/bow_pulling_1" },
        {"predicate": { "pulling": 1,"pull": 0.9 },"model": "item/bow_pulling_2" },
		
		{ "predicate": { "custom_model_data": 7017 }, "model": "item/combat/bows/blaze_bow" },
		{"predicate": { "custom_model_data": 7017, "pulling": 1 }, "model": "item/combat/bows/blaze_bow_pulling_0" },
        {"predicate": { "custom_model_data": 7017, "pulling": 1,"pull": 0.65 }, "model": "item/combat/bows/blaze_bow_pulling_1" },
        {"predicate": { "custom_model_data": 7017, "pulling": 1,"pull": 0.9 }, "model": "item/combat/bows/blaze_bow_pulling_2" },
		{ "predicate": { "custom_model_data": 7018 }, "model": "item/combat/bows/ender_bow" },
		{"predicate": { "custom_model_data": 7018, "pulling": 1 }, "model": "item/combat/bows/ender_bow_pulling_0" },
        {"predicate": { "custom_model_data": 7018, "pulling": 1,"pull": 0.65 }, "model": "item/combat/bows/ender_bow_pulling_1" },
        {"predicate": { "custom_model_data": 7018, "pulling": 1,"pull": 0.9 }, "model": "item/combat/bows/ender_bow_pulling_2" },
		{ "predicate": { "custom_model_data": 7019 }, "model": "item/combat/bows/wither_bow" },
		{"predicate": { "custom_model_data": 7019, "pulling": 1 }, "model": "item/combat/bows/wither_bow_pulling_0" },
        {"predicate": { "custom_model_data": 7019, "pulling": 1,"pull": 0.65 }, "model": "item/combat/bows/wither_bow_pulling_1" },
        {"predicate": { "custom_model_data": 7019, "pulling": 1,"pull": 0.9 }, "model": "item/combat/bows/wither_bow_pulling_2" },
		{ "predicate": { "custom_model_data": 7020 }, "model": "item/combat/bows/ice_bow" },
		{"predicate": { "custom_model_data": 7020, "pulling": 1 }, "model": "item/combat/bows/ice_bow_pulling_0" },
        {"predicate": { "custom_model_data": 7020, "pulling": 1,"pull": 0.65 }, "model": "item/combat/bows/ice_bow_pulling_1" },
        {"predicate": { "custom_model_data": 7020, "pulling": 1,"pull": 0.9 }, "model": "item/combat/bows/ice_bow_pulling_2" },
		{ "predicate": { "custom_model_data": 7021 }, "model": "item/combat/bows/boom_bow" },
		{"predicate": { "custom_model_data": 7021, "pulling": 1 }, "model": "item/combat/bows/boom_bow_pulling_0" },
        {"predicate": { "custom_model_data": 7021, "pulling": 1,"pull": 0.65 }, "model": "item/combat/bows/boom_bow_pulling_1" },
        {"predicate": { "custom_model_data": 7021, "pulling": 1,"pull": 0.9 }, "model": "item/combat/bows/boom_bow_pulling_2" },
		{ "predicate": { "custom_model_data": 7022 }, "model": "item/combat/bows/boom2_bow" },
		{"predicate": { "custom_model_data": 7022, "pulling": 1 }, "model": "item/combat/bows/boom2_bow_pulling_0" },
        {"predicate": { "custom_model_data": 7022, "pulling": 1,"pull": 0.65 }, "model": "item/combat/bows/boom2_bow_pulling_1" },
        {"predicate": { "custom_model_data": 7022, "pulling": 1,"pull": 0.9 }, "model": "item/combat/bows/boom2_bow_pulling_2" },
		{ "predicate": { "custom_model_data": 7023 }, "model": "item/combat/bows/torch_bow" },
		{"predicate": { "custom_model_data": 7023, "pulling": 1 }, "model": "item/combat/bows/torch_bow_pulling_0" },
        {"predicate": { "custom_model_data": 7023, "pulling": 1,"pull": 0.65 }, "model": "item/combat/bows/torch_bow_pulling_1" },
        {"predicate": { "custom_model_data": 7023, "pulling": 1,"pull": 0.9 }, "model": "item/combat/bows/torch_bow_pulling_2" },
		{ "predicate": { "custom_model_data": 7024 }, "model": "item/combat/bows/multi_bow" },
		{"predicate": { "custom_model_data": 7024, "pulling": 1 }, "model": "item/combat/bows/multi_bow_pulling_0" },
        {"predicate": { "custom_model_data": 7024, "pulling": 1,"pull": 0.65 }, "model": "item/combat/bows/multi_bow_pulling_1" },
        {"predicate": { "custom_model_data": 7024, "pulling": 1,"pull": 0.9 }, "model": "item/combat/bows/multi_bow_pulling_2" },
		{ "predicate": { "custom_model_data": 7025 }, "model": "item/combat/bows/punch_bow" },
		{"predicate": { "custom_model_data": 7025, "pulling": 1 }, "model": "item/combat/bows/punch_bow_pulling_0" },
        {"predicate": { "custom_model_data": 7025, "pulling": 1,"pull": 0.65 }, "model": "item/combat/bows/punch_bow_pulling_1" },
        {"predicate": { "custom_model_data": 7025, "pulling": 1,"pull": 0.9 }, "model": "item/combat/bows/punch_bow_pulling_2" },
		{ "predicate": { "custom_model_data": 7026 }, "model": "item/combat/bows/unstable_bow" },
		{"predicate": { "custom_model_data": 7026, "pulling": 1 }, "model": "item/combat/bows/unstable_bow_pulling_0" },
        {"predicate": { "custom_model_data": 7026, "pulling": 1,"pull": 0.65 }, "model": "item/combat/bows/unstable_bow_pulling_1" },
        {"predicate": { "custom_model_data": 7026, "pulling": 1,"pull": 0.9 }, "model": "item/combat/bows/unstable_bow_pulling_2" },
		{ "predicate": { "custom_model_data": 7027 }, "model": "item/combat/bows/frostfire_bow" },
		{"predicate": { "custom_model_data": 7027, "pulling": 1 }, "model": "item/combat/bows/frostfire_bow_pulling_0" },
        {"predicate": { "custom_model_data": 7027, "pulling": 1,"pull": 0.65 }, "model": "item/combat/bows/frostfire_bow_pulling_1" },
        {"predicate": { "custom_model_data": 7027, "pulling": 1,"pull": 0.9 }, "model": "item/combat/bows/frostfire_bow_pulling_2" },
		{ "predicate": { "custom_model_data": 7028 }, "model": "item/combat/bows/kairui_bow" },
		{"predicate": { "custom_model_data": 7028, "pulling": 1 }, "model": "item/combat/bows/kairui_bow_pulling_0" },
        {"predicate": { "custom_model_data": 7028, "pulling": 1,"pull": 0.65 }, "model": "item/combat/bows/kairui_bow_pulling_1" },
        {"predicate": { "custom_model_data": 7028, "pulling": 1,"pull": 0.9 }, "model": "item/combat/bows/kairui_bow_pulling_2" },
		{ "predicate": { "custom_model_data": 7029 }, "model": "item/combat/bows/lighting_bow" },
		{"predicate": { "custom_model_data": 7029, "pulling": 1 }, "model": "item/combat/bows/lighting_bow_pulling_0" },
        {"predicate": { "custom_model_data": 7029, "pulling": 1,"pull": 0.65 }, "model": "item/combat/bows/lighting_bow_pulling_1" },
        {"predicate": { "custom_model_data": 7029, "pulling": 1,"pull": 0.9 }, "model": "item/combat/bows/lighting_bow_pulling_2" },
		
		{ "predicate": { "custom_model_data": 10609 }, "model": "item/magic/item/ancient/mobs/unit_hand_range" }
	]
}