{
	"parent": "item/handheld_rod",
	"textures": {
		"layer0": "item/carrot_on_a_stick"
	},
	"overrides": [
	
		{ "predicate": { "custom_model_data": 101 }, "model": "item/core/invisible"},
		
		{ "predicate": { "custom_model_data": 1300 }, "model": "item/guns/grenade1"},
		{ "predicate": { "custom_model_data": 1305 }, "model": "item/guns/grenade2"},
		{ "predicate": { "custom_model_data": 1310 }, "model": "item/guns/grenade3"},
		{ "predicate": { "custom_model_data": 1315 }, "model": "item/guns/grenade4"},
		{ "predicate": { "custom_model_data": 1320 }, "model": "item/guns/grenade5"},
		{ "predicate": { "custom_model_data": 1325 }, "model": "item/guns/grenade6"},
		{ "predicate": { "custom_model_data": 1330 }, "model": "item/guns/grenade7"},

		{ "predicate": { "custom_model_data": 2001 }, "model": "item/lambda/gravitygun"},
		{ "predicate": { "custom_model_data": 2002 }, "model": "item/lambda/physicgun"},
		{ "predicate": { "custom_model_data": 2003 }, "model": "item/lambda/portalgun_o"},
		{ "predicate": { "custom_model_data": 2004 }, "model": "item/lambda/portalgun_b" },
		
		{ "predicate": { "custom_model_data": 5000 }, "model": "item/core/wrench" },
		{ "predicate": { "custom_model_data": 5012 }, "model": "item/core/remote_control" },
		
		{ "predicate": { "custom_model_data": 5501 }, "model": "item/radiation/geiger_counter" },
		
		{ "predicate": { "custom_model_data": 10420 }, "model": "item/magic/item/ancient/scanner_off" },
		{ "predicate": { "custom_model_data": 10421 }, "model": "item/magic/item/ancient/scanner_on" },
		{ "predicate": { "custom_model_data": 10497 }, "model": "item/magic/item/ancient/helmet" }
	]
}