{
	"parent": "item/generated",
	"textures": {
		"layer0": "item/crossbow_standby"
	},
	"display": {
        "thirdperson_righthand": {
            "rotation": [ -90, 0, -60 ],
            "translation": [ 2, 0.1, -3 ],
            "scale": [ 0.9, 0.9, 0.9 ]
        },
        "thirdperson_lefthand": {
            "rotation": [ -90, 0, 30 ],
            "translation": [ 2, 0.1, -3 ],
            "scale": [ 0.9, 0.9, 0.9 ]
        },
        "firstperson_righthand": {
            "rotation": [ -90, 0, -55 ],
            "translation": [ 1.13, 3.2, 1.13],
            "scale": [ 0.68, 0.68, 0.68 ]
        },
        "firstperson_lefthand": {
            "rotation": [ -90, 0, 35 ],
            "translation": [ 1.13, 3.2, 1.13],
            "scale": [ 0.68, 0.68, 0.68 ]
        }
    },
	"overrides": [
	
		{ "predicate": { "pulling": 1 }, "model": "item/crossbow_pulling_0"},
		{ "predicate": { "pulling": 1, "pull": 0.58 }, "model": "item/crossbow_pulling_1"},
		{ "predicate": { "pulling": 1, "pull": 1.0 }, "model": "item/crossbow_pulling_2"},
		{ "predicate": { "charged": 1 }, "model": "item/crossbow_arrow"},
		{ "predicate": { "charged": 1, "firework": 1 }, "model": "item/crossbow_firework"},
		
		{ "predicate": { "custom_model_data": 1000 }, "model": "item/guns/pistol1"},
		{ "predicate": { "custom_model_data": 1001 }, "model": "item/guns/pistol1_na"},
		{ "predicate": { "custom_model_data": 1005 }, "model": "item/guns/pistol2"},
		{ "predicate": { "custom_model_data": 1006 }, "model": "item/guns/pistol2_na"},
		{ "predicate": { "custom_model_data": 1010 }, "model": "item/guns/pistol3"},
		{ "predicate": { "custom_model_data": 1011 }, "model": "item/guns/pistol3_na"},
		{ "predicate": { "custom_model_data": 1015 }, "model": "item/guns/pistol4"},
		{ "predicate": { "custom_model_data": 1020 }, "model": "item/guns/pistol5"},
		{ "predicate": { "custom_model_data": 1025 }, "model": "item/guns/pistol6"},
		{ "predicate": { "custom_model_data": 1030 }, "model": "item/guns/pistol7"},
		{ "predicate": { "custom_model_data": 1031 }, "model": "item/guns/pistol7_na"},
		
		{ "predicate": { "custom_model_data": 1050 }, "model": "item/guns/shotgun1"},
		{ "predicate": { "custom_model_data": 1055 }, "model": "item/guns/shotgun2"},
		{ "predicate": { "custom_model_data": 1060 }, "model": "item/guns/shotgun3"},
		{ "predicate": { "custom_model_data": 1061 }, "model": "item/guns/shotgun3_na"},
		{ "predicate": { "custom_model_data": 1065 }, "model": "item/guns/shotgun4"},
		{ "predicate": { "custom_model_data": 1070 }, "model": "item/guns/shotgun5"},
		{ "predicate": { "custom_model_data": 1075 }, "model": "item/guns/shotgun6"},
		{ "predicate": { "custom_model_data": 1080 }, "model": "item/guns/shotgun7"},
		
		{ "predicate": { "custom_model_data": 1100 }, "model": "item/guns/machine1"},
		{ "predicate": { "custom_model_data": 1101 }, "model": "item/guns/machine1_na"},
		{ "predicate": { "custom_model_data": 1105 }, "model": "item/guns/machine2"},
		{ "predicate": { "custom_model_data": 1106 }, "model": "item/guns/machine2_na"},
		{ "predicate": { "custom_model_data": 1110 }, "model": "item/guns/machine3"},
		{ "predicate": { "custom_model_data": 1111 }, "model": "item/guns/machine3_na"},
		{ "predicate": { "custom_model_data": 1115 }, "model": "item/guns/machine4"},
		{ "predicate": { "custom_model_data": 1116 }, "model": "item/guns/machine4_na"},
		{ "predicate": { "custom_model_data": 1120 }, "model": "item/guns/machine5"},
		{ "predicate": { "custom_model_data": 1121 }, "model": "item/guns/machine5_na"},
		{ "predicate": { "custom_model_data": 1125 }, "model": "item/guns/machine6"},
		{ "predicate": { "custom_model_data": 1126 }, "model": "item/guns/machine6_na"},
		{ "predicate": { "custom_model_data": 1130 }, "model": "item/guns/machine7"},
		{ "predicate": { "custom_model_data": 1131 }, "model": "item/guns/machine7_na"},
		{ "predicate": { "custom_model_data": 1135 }, "model": "item/guns/machine8"},
		{ "predicate": { "custom_model_data": 1136 }, "model": "item/guns/machine8_na"},
		{ "predicate": { "custom_model_data": 1140 }, "model": "item/guns/machine9"},
		{ "predicate": { "custom_model_data": 1141 }, "model": "item/guns/machine9_na"},
		{ "predicate": { "custom_model_data": 1145 }, "model": "item/guns/machine10"},
		{ "predicate": { "custom_model_data": 1146 }, "model": "item/guns/machine10_na"},
		
		{ "predicate": { "custom_model_data": 1150 }, "model": "item/guns/machine_gun1"},
		{ "predicate": { "custom_model_data": 1151 }, "model": "item/guns/machine_gun1_na"},
		{ "predicate": { "custom_model_data": 1155 }, "model": "item/guns/machine_gun2"},
		{ "predicate": { "custom_model_data": 1156 }, "model": "item/guns/machine_gun2_na"},
		{ "predicate": { "custom_model_data": 1180 }, "model": "item/guns/machine_gun7"},
		{ "predicate": { "custom_model_data": 1182 }, "model": "item/guns/machine_gun7_spinning"},
		
		{ "predicate": { "custom_model_data": 1200 }, "model": "item/guns/rifle1"},
		{ "predicate": { "custom_model_data": 1201 }, "model": "item/guns/rifle1_na"},
		{ "predicate": { "custom_model_data": 1205 }, "model": "item/guns/rifle2"},
		{ "predicate": { "custom_model_data": 1206 }, "model": "item/guns/rifle2_na"},
		{ "predicate": { "custom_model_data": 1210 }, "model": "item/guns/rifle3"},
		{ "predicate": { "custom_model_data": 1215 }, "model": "item/guns/rifle4"},
		{ "predicate": { "custom_model_data": 1220 }, "model": "item/guns/rifle5"},
		{ "predicate": { "custom_model_data": 1225 }, "model": "item/guns/rifle6"},
		{ "predicate": { "custom_model_data": 1230 }, "model": "item/guns/rifle7"},
		{ "predicate": { "custom_model_data": 1231 }, "model": "item/guns/rifle7_re"},
		{ "predicate": { "custom_model_data": 1232 }, "model": "item/guns/rifle7_na"},
		
		{ "predicate": { "custom_model_data": 1250 }, "model": "item/guns/explosive1"},
		{ "predicate": { "custom_model_data": 1251 }, "model": "item/guns/explosive1_re"},
		{ "predicate": { "custom_model_data": 1255 }, "model": "item/guns/explosive2"},
		{ "predicate": { "custom_model_data": 1260 }, "model": "item/guns/explosive3"},
		{ "predicate": { "custom_model_data": 1265 }, "model": "item/guns/explosive4"},
		{ "predicate": { "custom_model_data": 1270 }, "model": "item/guns/explosive5"},
		{ "predicate": { "custom_model_data": 1275 }, "model": "item/guns/explosive6"},
		{ "predicate": { "custom_model_data": 1280 }, "model": "item/guns/explosive7"},
		{ "predicate": { "custom_model_data": 1281 }, "model": "item/guns/explosive7_na"},
		
		{ "predicate": { "custom_model_data": 1350 }, "model": "item/guns/laser1"},
		{ "predicate": { "custom_model_data": 1355 }, "model": "item/guns/laser2"},
		{ "predicate": { "custom_model_data": 1360 }, "model": "item/guns/laser3"},
		{ "predicate": { "custom_model_data": 1365 }, "model": "item/guns/laser4"},
		{ "predicate": { "custom_model_data": 1370 }, "model": "item/guns/laser5"},
		{ "predicate": { "custom_model_data": 1375 }, "model": "item/guns/laser6"},
		{ "predicate": { "custom_model_data": 1380 }, "model": "item/guns/laser7"},
		
		{ "predicate": { "custom_model_data": 10498 }, "model": "item/magic/item/ancient/pistol" },
		{ "predicate": { "custom_model_data": 10499 }, "model": "item/magic/item/ancient/railgun" }
	]
}