{
	"parent": "item/handheld",
	"textures": {
		"layer0": "item/diamond_pickaxe"
	},
	"overrides": [
		{ "predicate": { "custom_model_data": 10403 }, "model": "item/magic/item/ancient/pickaxe_off" },
		{ "predicate": { "custom_model_data": 10404 }, "model": "item/magic/item/ancient/pickaxe_on" },
		{ "predicate": { "custom_model_data": 10414 }, "model": "item/magic/item/ancient/golden_pickaxe" },
		
		{ "predicate": { "custom_model_data": 11001 }, "model": "item/caves/gemstone_pickaxe" },
		{ "predicate": { "custom_model_data": 11002 }, "model": "item/caves/gemstone_red_pickaxe" }
	]
}