{
    "parent": "item/generated",
    "textures": {
        "layer0": "item/leather_chestplate",
        "layer1": "item/leather_chestplate_overlay"
    },
	"overrides": [
		{ "predicate": { "custom_model_data": 1 }, "model": "item/core/water1"},
		{ "predicate": { "custom_model_data": 2 }, "model": "item/core/water2"},
		{ "predicate": { "custom_model_data": 3 }, "model": "item/core/water3"},
		{ "predicate": { "custom_model_data": 10 }, "model": "item/enviromine/leather_chestplate"},
		{ "predicate": { "custom_model_data": 11 }, "model": "item/magic/item/ancient/ancient_chestplate"}
	]
}