{
	"credit": "https://www.youtube.com/c/ZeroCaty",
	"textures": {
		"0": "zcbm/caves/brown_cow",
		"particle": "zcbm/caves/brown_cow"
	},
	"elements": [
		{
			"from": [6, 0, 6],
			"to": [10, 12, 10],
			"faces": {
				"north": {"uv": [12, 4, 16, 16], "texture": "#0"},
				"east": {"uv": [8, 4, 12, 16], "texture": "#0"},
				"south": {"uv": [4, 4, 8, 16], "texture": "#0"},
				"west": {"uv": [0, 4, 4, 16], "texture": "#0"},
				"up": {"uv": [4, 0, 8, 4], "texture": "#0"},
				"down": {"uv": [8, 0, 12, 4], "texture": "#0"}
			}
		}
	],
	"display": {
		"thirdperson_righthand": {
			"rotation": [90, 0, 0],
			"translation": [0, -2, 8],
			"scale": [1.05, 1.05, 1.05]
		},
		"thirdperson_lefthand": {
			"rotation": [90, 0, 0],
			"translation": [0, -2, 8],
			"scale": [1.05, 1.05, 1.05]
		}
	}
}