{
	"credit": "https://www.youtube.com/c/ZeroCaty",
	"textures": {
		"2": "zcbm/caves/creeper_stage_7"
	},
	"elements": [
		{
			"from": [4.1, 5, 6],
			"to": [11.9, 19, 10],
			"rotation": {"angle": 0, "axis": "y", "origin": [9, 11, 8]},
			"faces": {
				"north": {"uv": [8, 5, 9.5, 8], "texture": "#2"},
				"east": {"uv": [8, 5, 9, 8], "texture": "#2"},
				"south": {"uv": [8, 5, 9.5, 8], "texture": "#2"},
				"west": {"uv": [8, 5, 9, 8], "texture": "#2"},
				"up": {"uv": [2, 0, 3, 1], "texture": "#2"},
				"down": {"uv": [2, 0, 4, 2], "texture": "#2"}
			}
		},
		{
			"from": [4, -1, 4.1],
			"to": [8, 5, 8.1],
			"rotation": {"angle": 0, "axis": "y", "origin": [8.9, 8, 8.2]},
			"faces": {
				"north": {"uv": [1, 5, 2, 6.5], "texture": "#2"},
				"east": {"uv": [0, 5, 1, 6.5], "texture": "#2"},
				"south": {"uv": [2, 5, 3, 6.5], "texture": "#2"},
				"west": {"uv": [3, 5, 4, 6.5], "texture": "#2"},
				"up": {"uv": [1, 4, 2, 5], "texture": "#2"},
				"down": {"uv": [2, 4, 3, 5], "texture": "#2"}
			}
		},
		{
			"from": [4, -1, 8.1],
			"to": [8, 5, 12.1],
			"rotation": {"angle": 0, "axis": "y", "origin": [8.9, 8, 12.2]},
			"faces": {
				"north": {"uv": [1, 5, 2, 6.5], "texture": "#2"},
				"east": {"uv": [0, 5, 1, 6.5], "texture": "#2"},
				"south": {"uv": [2, 5, 3, 6.5], "texture": "#2"},
				"west": {"uv": [3, 5, 4, 6.5], "texture": "#2"},
				"up": {"uv": [1, 4, 2, 5], "texture": "#2"},
				"down": {"uv": [2, 4, 3, 5], "texture": "#2"}
			}
		},
		{
			"from": [8, -1, 4.1],
			"to": [12, 5, 8.1],
			"rotation": {"angle": 0, "axis": "y", "origin": [8.9, 8, 8.2]},
			"faces": {
				"north": {"uv": [1, 5, 2, 6.5], "texture": "#2"},
				"east": {"uv": [0, 5, 1, 6.5], "texture": "#2"},
				"south": {"uv": [2, 5, 3, 6.5], "texture": "#2"},
				"west": {"uv": [3, 5, 4, 6.5], "texture": "#2"},
				"up": {"uv": [1, 4, 2, 5], "texture": "#2"},
				"down": {"uv": [2, 4, 3, 5], "texture": "#2"}
			}
		},
		{
			"from": [8, -1, 8.1],
			"to": [12, 5, 12.1],
			"rotation": {"angle": 0, "axis": "y", "origin": [8.9, 8, 12.2]},
			"faces": {
				"north": {"uv": [1, 5, 2, 6.5], "texture": "#2"},
				"east": {"uv": [0, 5, 1, 6.5], "texture": "#2"},
				"south": {"uv": [2, 5, 3, 6.5], "texture": "#2"},
				"west": {"uv": [3, 5, 4, 6.5], "texture": "#2"},
				"up": {"uv": [1, 4, 2, 5], "texture": "#2"},
				"down": {"uv": [2, 4, 3, 5], "texture": "#2"}
			}
		},
		{
			"from": [4, 19, 4],
			"to": [12, 27, 12],
			"rotation": {"angle": 0, "axis": "x", "origin": [9, 11, 8]},
			"faces": {
				"north": {"uv": [2, 2, 4, 4], "texture": "#2"},
				"east": {"uv": [0, 2, 2, 4], "texture": "#2"},
				"south": {"uv": [6, 2, 8, 4], "texture": "#2"},
				"west": {"uv": [4, 2, 6, 4], "texture": "#2"},
				"up": {"uv": [2, 0, 4, 2], "texture": "#2"},
				"down": {"uv": [4, 0, 6, 2], "texture": "#2"}
			}
		}
	],
	"display": {
		"head": {
			"translation": [0, -30.5, 0],
			"scale": [1.6, 1.6, 1.6]
		}
	}
}