{
	"credit": "https://www.youtube.com/c/ZeroCaty",
	"textures": {
		"1": "zcbm/caves/grass",
		"2": "zcbm/caves/creeper_stage_2"
	},
	"elements": [
		{
			"from": [5.9, 0, 5.9],
			"to": [10.1, 10, 10.1],
			"faces": {
				"north": {"uv": [5, 0, 6, 2], "texture": "#2"},
				"east": {"uv": [3, 0, 4, 2], "texture": "#2"},
				"south": {"uv": [7, 2, 8, 4], "texture": "#2"},
				"west": {"uv": [6, 2, 7, 4], "texture": "#2"},
				"up": {"uv": [2, 0, 3, 1], "texture": "#2"},
				"down": {"uv": [2, 0, 3, 1], "texture": "#2"}
			}
		},
		{
			"from": [4.9, 10, 4.9],
			"to": [11.1, 16, 11.1],
			"faces": {
				"north": {"uv": [0, 3, 1, 4], "texture": "#2"},
				"east": {"uv": [1, 3, 2, 4], "texture": "#2"},
				"south": {"uv": [1, 2, 2, 3], "texture": "#2"},
				"west": {"uv": [0, 2, 1, 3], "texture": "#2"},
				"up": {"uv": [1, 3, 2, 4], "texture": "#2"},
				"down": {"uv": [0, 3, 1, 4], "texture": "#2"}
			}
		},
		{
			"from": [5, 1, 2.9],
			"to": [11, 7, 2.9],
			"rotation": {"angle": -22.5, "axis": "x", "origin": [8, 8, 8]},
			"faces": {
				"north": {"uv": [0, 0, 16, 16], "texture": "#1"}
			}
		},
		{
			"from": [5, 1, 13.1],
			"to": [11, 7, 13.1],
			"rotation": {"angle": 22.5, "axis": "x", "origin": [8, 8, 8]},
			"faces": {
				"south": {"uv": [0, 0, 16, 16], "texture": "#1"}
			}
		},
		{
			"from": [2.9, 1, 5],
			"to": [2.9, 7, 11],
			"rotation": {"angle": 22.5, "axis": "z", "origin": [8, 8, 8]},
			"faces": {
				"west": {"uv": [0, 0, 16, 16], "texture": "#1"}
			}
		},
		{
			"from": [13.1, 1, 5],
			"to": [13.1, 7, 11],
			"rotation": {"angle": -22.5, "axis": "z", "origin": [8, 8, 8]},
			"faces": {
				"east": {"uv": [16, 0, 0, 16], "texture": "#1"}
			}
		}
	],
	"display": {
		"head": {
			"translation": [0, -30.5, 0],
			"scale": [1.6, 1.6, 1.6]
		}
	}
}