{
	"credit": "https://www.youtube.com/c/ZeroCaty",
	"textures": {
		"2": "zcbm/caves/creeper_stage_6"
	},
	"elements": [
		{
			"from": [4, 4, 5],
			"to": [11.8, 18, 10.8],
			"rotation": {"angle": 0, "axis": "y", "origin": [8, 11, 8]},
			"faces": {
				"north": {"uv": [8, 5, 9.5, 8], "texture": "#2"},
				"east": {"uv": [8, 5, 9, 8], "texture": "#2"},
				"south": {"uv": [8, 5, 9.5, 8], "texture": "#2"},
				"west": {"uv": [8, 5, 9, 8], "texture": "#2"},
				"up": {"uv": [2, 0, 3, 1], "texture": "#2"},
				"down": {"uv": [2, 0, 4, 2], "texture": "#2"}
			}
		},
		{
			"from": [7.8, -1, 3.1],
			"to": [12.6, 5, 7.9],
			"rotation": {"angle": 0, "axis": "y", "origin": [7.8, 8, 8]},
			"faces": {
				"north": {"uv": [1, 5, 2, 6.5], "texture": "#2"},
				"east": {"uv": [0, 5, 1, 6.5], "texture": "#2"},
				"south": {"uv": [2, 5, 3, 6.5], "texture": "#2"},
				"west": {"uv": [3, 5, 4, 6.5], "texture": "#2"},
				"up": {"uv": [1, 4, 2, 5], "texture": "#2"},
				"down": {"uv": [2, 4, 3, 5], "texture": "#2"}
			}
		},
		{
			"from": [7.8, -1, 7.9],
			"to": [12.6, 5, 12.7],
			"rotation": {"angle": 0, "axis": "y", "origin": [7.8, 8, 12.8]},
			"faces": {
				"north": {"uv": [1, 5, 2, 6.5], "texture": "#2"},
				"east": {"uv": [0, 5, 1, 6.5], "texture": "#2"},
				"south": {"uv": [2, 5, 3, 6.5], "texture": "#2"},
				"west": {"uv": [3, 5, 4, 6.5], "texture": "#2"},
				"up": {"uv": [1, 4, 2, 5], "texture": "#2"},
				"down": {"uv": [2, 4, 3, 5], "texture": "#2"}
			}
		},
		{
			"from": [3, -1, 3.1],
			"to": [7.8, 5, 7.9],
			"rotation": {"angle": 0, "axis": "y", "origin": [7.8, 8, 8]},
			"faces": {
				"north": {"uv": [1, 5, 2, 6.5], "texture": "#2"},
				"east": {"uv": [0, 5, 1, 6.5], "texture": "#2"},
				"south": {"uv": [2, 5, 3, 6.5], "texture": "#2"},
				"west": {"uv": [3, 5, 4, 6.5], "texture": "#2"},
				"up": {"uv": [1, 4, 2, 5], "texture": "#2"},
				"down": {"uv": [2, 4, 3, 5], "texture": "#2"}
			}
		},
		{
			"from": [3, -1, 7.9],
			"to": [7.8, 5, 12.7],
			"rotation": {"angle": 0, "axis": "y", "origin": [7.8, 8, 12.8]},
			"faces": {
				"north": {"uv": [1, 5, 2, 6.5], "texture": "#2"},
				"east": {"uv": [0, 5, 1, 6.5], "texture": "#2"},
				"south": {"uv": [2, 5, 3, 6.5], "texture": "#2"},
				"west": {"uv": [3, 5, 4, 6.5], "texture": "#2"},
				"up": {"uv": [1, 4, 2, 5], "texture": "#2"},
				"down": {"uv": [2, 4, 3, 5], "texture": "#2"}
			}
		},
		{
			"from": [4, 18, 4],
			"to": [12, 26, 12],
			"rotation": {"angle": 0, "axis": "y", "origin": [8, 11, 8]},
			"faces": {
				"north": {"uv": [2, 2, 4, 4], "texture": "#2"},
				"east": {"uv": [0, 2, 2, 4], "texture": "#2"},
				"south": {"uv": [6, 2, 8, 4], "texture": "#2"},
				"west": {"uv": [4, 2, 6, 4], "texture": "#2"},
				"up": {"uv": [2, 0, 4, 2], "texture": "#2"},
				"down": {"uv": [4, 0, 6, 2], "texture": "#2"}
			}
		}
	],
	"display": {
		"head": {
			"translation": [0, -30.5, 0],
			"scale": [1.6, 1.6, 1.6]
		}
	}
}