{
	"credit": "https://www.youtube.com/c/ZeroCaty",
	"textures": {
		"1": "zcbm/caves/grass",
		"2": "zcbm/caves/creeper_stage_3"
	},
	"elements": [
		{
			"from": [5.1, 0, 5.1],
			"to": [10.9, 10, 10.9],
			"faces": {
				"north": {"uv": [8, 5, 10, 8], "texture": "#2"},
				"east": {"uv": [8, 5, 10, 8], "texture": "#2"},
				"south": {"uv": [8, 5, 10, 8], "texture": "#2"},
				"west": {"uv": [8, 5, 10, 8], "texture": "#2"},
				"up": {"uv": [2, 0, 3, 1], "texture": "#2"},
				"down": {"uv": [2, 0, 4, 2], "texture": "#2"}
			}
		},
		{
			"from": [5, 10, 5],
			"to": [11, 16, 11],
			"faces": {
				"north": {"uv": [2, 2, 4, 4], "texture": "#2"},
				"east": {"uv": [0, 2, 2, 4], "texture": "#2"},
				"south": {"uv": [6, 2, 8, 4], "texture": "#2"},
				"west": {"uv": [4, 2, 6, 4], "texture": "#2"},
				"up": {"uv": [2, 0, 4, 2], "texture": "#2"},
				"down": {"uv": [0, 3, 1, 4], "texture": "#2"}
			}
		},
		{
			"from": [5, 1.8, 1.9],
			"to": [11, 7.8, 1.9],
			"rotation": {"angle": -22.5, "axis": "x", "origin": [8, 8.8, 8]},
			"faces": {
				"north": {"uv": [0, 0, 16, 16], "texture": "#1"}
			}
		},
		{
			"from": [5, 1.8, 14.1],
			"to": [11, 7.8, 14.1],
			"rotation": {"angle": 22.5, "axis": "x", "origin": [8, 8.8, 8]},
			"faces": {
				"south": {"uv": [0, 0, 16, 16], "texture": "#1"}
			}
		},
		{
			"from": [1.9, 1.8, 5],
			"to": [1.9, 7.8, 11],
			"rotation": {"angle": 22.5, "axis": "z", "origin": [8, 8.8, 8]},
			"faces": {
				"west": {"uv": [0, 0, 16, 16], "texture": "#1"}
			}
		},
		{
			"from": [14.1, 1.8, 5],
			"to": [14.1, 7.8, 11],
			"rotation": {"angle": -22.5, "axis": "z", "origin": [8, 8.8, 8]},
			"faces": {
				"east": {"uv": [16, 0, 0, 16], "texture": "#1"}
			}
		}
	],
	"display": {
		"head": {
			"translation": [0, -30.5, 0],
			"scale": [1.6, 1.6, 1.6]
		}
	}
}