{
	"credit": "Made with Blockbench",
	"textures": {
		"0": "zcbm/caves/caveitempart",
		"1": "zcbm/magic/ancient/allparts",
		"particle": "zcbm/caves/caveitempart"
	},
	"elements": [
		{
			"from": [3, 8.25, 3],
			"to": [13, 9, 13],
			"rotation": {"angle": 0, "axis": "y", "origin": [11, 16, 12]},
			"faces": {
				"north": {"uv": [0, 3.75, 4, 4], "texture": "#0"},
				"east": {"uv": [0, 0, 0.25, 4], "texture": "#0"},
				"south": {"uv": [0, 3.75, 4, 4], "texture": "#0"},
				"west": {"uv": [3.75, 0, 4, 4], "texture": "#0"},
				"up": {"uv": [0, 0, 4, 4], "texture": "#0"},
				"down": {"uv": [0, 0, 4, 4], "rotation": 180, "texture": "#0"}
			}
		},
		{
			"from": [2.9999, 5.57344, 2.51738],
			"to": [12.9999, 9.57344, 3.51738],
			"rotation": {"angle": 22.5, "axis": "x", "origin": [7.9999, 8.07344, 1.31738]},
			"faces": {
				"north": {"uv": [8, 0, 12, 2], "texture": "#0"}
			}
		},
		{
			"from": [12.3999, 8.05088, 2.65143],
			"to": [13.0999, 9.05088, 3.65143],
			"rotation": {"angle": 45, "axis": "x", "origin": [12.74085, 8.46332, 3.26318]},
			"faces": {
				"north": {"uv": [8, 0, 9, 8], "rotation": 180, "texture": "#1"},
				"east": {"uv": [1, 9, 7, 15], "rotation": 180, "texture": "#1"},
				"south": {"uv": [8, 0, 9, 8], "rotation": 180, "texture": "#1"},
				"west": {"uv": [1, 9, 7, 15], "rotation": 180, "texture": "#1"},
				"up": {"uv": [8, 0, 9, 8], "rotation": 180, "texture": "#1"},
				"down": {"uv": [8, 0, 9, 8], "rotation": 180, "texture": "#1"}
			}
		},
		{
			"from": [2.9001, 8.05088, 2.65143],
			"to": [3.6001, 9.05088, 3.65143],
			"rotation": {"angle": 45, "axis": "x", "origin": [3.25915, 8.46332, 3.26318]},
			"faces": {
				"north": {"uv": [9, 0, 8, 8], "rotation": 180, "texture": "#1"},
				"east": {"uv": [7, 9, 1, 15], "rotation": 180, "texture": "#1"},
				"south": {"uv": [9, 0, 8, 8], "rotation": 180, "texture": "#1"},
				"west": {"uv": [7, 9, 1, 15], "rotation": 180, "texture": "#1"},
				"up": {"uv": [9, 0, 8, 8], "rotation": 180, "texture": "#1"},
				"down": {"uv": [9, 0, 8, 8], "rotation": 180, "texture": "#1"}
			}
		},
		{
			"from": [9.8249, 8.05088, 2.65143],
			"to": [10.5249, 9.05088, 3.65143],
			"rotation": {"angle": 45, "axis": "x", "origin": [12.74085, 8.46332, 3.26318]},
			"faces": {
				"north": {"uv": [8, 0, 9, 8], "rotation": 180, "texture": "#1"},
				"east": {"uv": [1, 9, 7, 15], "rotation": 180, "texture": "#1"},
				"south": {"uv": [8, 0, 9, 8], "rotation": 180, "texture": "#1"},
				"west": {"uv": [1, 9, 7, 15], "rotation": 180, "texture": "#1"},
				"up": {"uv": [8, 0, 9, 8], "rotation": 180, "texture": "#1"},
				"down": {"uv": [8, 0, 9, 8], "rotation": 180, "texture": "#1"}
			}
		},
		{
			"from": [5.4751, 8.05088, 2.65143],
			"to": [6.1751, 9.05088, 3.65143],
			"rotation": {"angle": 45, "axis": "x", "origin": [3.25915, 8.46332, 3.26318]},
			"faces": {
				"north": {"uv": [9, 0, 8, 8], "rotation": 180, "texture": "#1"},
				"east": {"uv": [7, 9, 1, 15], "rotation": 180, "texture": "#1"},
				"south": {"uv": [9, 0, 8, 8], "rotation": 180, "texture": "#1"},
				"west": {"uv": [7, 9, 1, 15], "rotation": 180, "texture": "#1"},
				"up": {"uv": [9, 0, 8, 8], "rotation": 180, "texture": "#1"},
				"down": {"uv": [9, 0, 8, 8], "rotation": 180, "texture": "#1"}
			}
		},
		{
			"from": [5, 2.5, 12],
			"to": [11, 8.2, 13],
			"rotation": {"angle": 0, "axis": "y", "origin": [11, 8, 20]},
			"faces": {
				"north": {"uv": [0, 0, 4, 4], "rotation": 180, "texture": "#0"},
				"east": {"uv": [3.25, 0, 4, 4], "texture": "#0"},
				"south": {"uv": [0, 0, 4, 4], "texture": "#0"},
				"west": {"uv": [0, 0, 0.75, 4], "texture": "#0"},
				"up": {"uv": [0, 0, 4, 4], "texture": "#0"},
				"down": {"uv": [0, 0, 4, 1], "texture": "#0"}
			}
		},
		{
			"from": [5.2, 5.60395, 14.53083],
			"to": [10.8, 9.10395, 14.53083],
			"rotation": {"angle": -22.5, "axis": "x", "origin": [8.02473, 5.09611, 14.01513]},
			"faces": {
				"south": {"uv": [8, 0, 12, 2], "texture": "#0"}
			}
		},
		{
			"from": [5.2, 3.60395, 14.53083],
			"to": [10.8, 7.10395, 14.53083],
			"rotation": {"angle": -22.5, "axis": "x", "origin": [8.02473, 3.09611, 14.01513]},
			"faces": {
				"south": {"uv": [8, 0, 12, 2], "texture": "#0"}
			}
		},
		{
			"from": [5.2, 1.60395, 14.53083],
			"to": [10.8, 5.10395, 14.53083],
			"rotation": {"angle": -22.5, "axis": "x", "origin": [8.02473, 1.09611, 14.01513]},
			"faces": {
				"south": {"uv": [8, 0, 12, 2], "texture": "#0"}
			}
		},
		{
			"from": [5.2, -0.39605, 14.53083],
			"to": [10.8, 3.10395, 14.53083],
			"rotation": {"angle": -22.5, "axis": "x", "origin": [8.02473, -0.90389, 14.01513]},
			"faces": {
				"south": {"uv": [8, 0, 12, 2], "texture": "#0"}
			}
		},
		{
			"from": [2.5, 6.5, 5.75],
			"to": [5.5, 9.5, 13.25],
			"rotation": {"angle": 0, "axis": "x", "origin": [4.00285, 7.99017, 9.63196]},
			"faces": {
				"north": {"uv": [12, 4, 14, 6], "rotation": 90, "texture": "#0"},
				"east": {"uv": [12, 0, 14, 4], "rotation": 90, "texture": "#0"},
				"south": {"uv": [12, 4, 14, 6], "rotation": 90, "texture": "#0"},
				"west": {"uv": [12, 0, 14, 4], "rotation": 90, "texture": "#0"},
				"up": {"uv": [12, 0, 14, 4], "rotation": 180, "texture": "#0"},
				"down": {"uv": [12, 0, 14, 4], "texture": "#0"}
			}
		},
		{
			"from": [10.5, 6.5, 5.75],
			"to": [13.5, 9.5, 13.25],
			"rotation": {"angle": 0, "axis": "x", "origin": [11.99715, 7.99017, 9.63196]},
			"faces": {
				"north": {"uv": [12, 6, 14, 4], "rotation": 90, "texture": "#0"},
				"east": {"uv": [12, 4, 14, 0], "rotation": 90, "texture": "#0"},
				"south": {"uv": [12, 6, 14, 4], "rotation": 90, "texture": "#0"},
				"west": {"uv": [12, 4, 14, 0], "rotation": 90, "texture": "#0"},
				"up": {"uv": [14, 0, 12, 4], "rotation": 180, "texture": "#0"},
				"down": {"uv": [14, 0, 12, 4], "texture": "#0"}
			}
		},
		{
			"from": [2.7, 6.7, 12.75],
			"to": [5.3, 9.3, 14.25],
			"rotation": {"angle": 0, "axis": "x", "origin": [4.00285, 7.99017, 9.63196]},
			"faces": {
				"north": {"uv": [0, 8, 8, 16], "texture": "#1"},
				"east": {"uv": [8, 8, 9.5, 16], "texture": "#1"},
				"south": {"uv": [0, 8, 8, 16], "texture": "#1"},
				"west": {"uv": [8, 8, 9.5, 16], "texture": "#1"},
				"up": {"uv": [8, 8, 9.5, 16], "rotation": 90, "texture": "#1"},
				"down": {"uv": [8, 8, 9.5, 16], "texture": "#1"}
			}
		},
		{
			"from": [10.7, 6.7, 12.75],
			"to": [13.3, 9.3, 14.25],
			"rotation": {"angle": 0, "axis": "x", "origin": [11.99715, 7.99017, 9.63196]},
			"faces": {
				"north": {"uv": [0, 8, 8, 16], "texture": "#1"},
				"east": {"uv": [8, 8, 9.5, 16], "texture": "#1"},
				"south": {"uv": [0, 8, 8, 16], "texture": "#1"},
				"west": {"uv": [8, 8, 9.5, 16], "texture": "#1"},
				"up": {"uv": [8, 8, 9.5, 16], "rotation": 90, "texture": "#1"},
				"down": {"uv": [8, 8, 9.5, 16], "texture": "#1"}
			}
		},
		{
			"from": [2.75, 4.91238, 5.9371],
			"to": [5.25, 7.41238, 13.9371],
			"rotation": {"angle": 22.5, "axis": "x", "origin": [4, 6.16238, 9.9371]},
			"faces": {
				"north": {"uv": [12, 0, 14, 4], "texture": "#0"},
				"east": {"uv": [12, 0, 14, 4], "rotation": 90, "texture": "#0"},
				"south": {"uv": [12, 4, 14, 6], "texture": "#0"},
				"west": {"uv": [12, 0, 14, 4], "rotation": 90, "texture": "#0"},
				"up": {"uv": [12, 0, 14, 4], "texture": "#0"},
				"down": {"uv": [12, 0, 14, 4], "texture": "#0"}
			}
		},
		{
			"from": [2.65, -0.4182, 3.82416],
			"to": [3.7, 2.8318, 9.82416],
			"rotation": {"angle": 0, "axis": "x", "origin": [4.00829, 3.57453, 8.32635]},
			"faces": {
				"north": {"uv": [12, 0.25, 14, 0.75], "rotation": 90, "texture": "#0"},
				"east": {"uv": [12, 1, 14, 4], "rotation": 90, "texture": "#0"},
				"south": {"uv": [12, 0.25, 14, 0.75], "rotation": 90, "texture": "#0"},
				"west": {"uv": [12, 0, 14, 3], "rotation": 90, "texture": "#0"},
				"up": {"uv": [13.75, 0, 14, 4], "texture": "#0"},
				"down": {"uv": [12, 0, 12.25, 4], "texture": "#0"}
			}
		},
		{
			"from": [12.3, -0.4182, 3.82416],
			"to": [13.35, 2.8318, 9.82416],
			"rotation": {"angle": 0, "axis": "x", "origin": [11.99171, 3.57453, 8.32635]},
			"faces": {
				"north": {"uv": [12, 0.75, 14, 0.25], "rotation": 90, "texture": "#0"},
				"east": {"uv": [12, 3, 14, 0], "rotation": 90, "texture": "#0"},
				"south": {"uv": [12, 0.75, 14, 0.25], "rotation": 90, "texture": "#0"},
				"west": {"uv": [12, 4, 14, 1], "rotation": 90, "texture": "#0"},
				"up": {"uv": [14, 0, 13.75, 4], "texture": "#0"},
				"down": {"uv": [12.25, 0, 12, 4], "texture": "#0"}
			}
		},
		{
			"from": [3.31372, -0.41949, 2.22216],
			"to": [4.36372, 2.83051, 5.22216],
			"rotation": {"angle": -45, "axis": "y", "origin": [4.67201, 3.57325, 3.72435]},
			"faces": {
				"north": {"uv": [12, 4, 14, 4.25], "rotation": 90, "texture": "#0"},
				"east": {"uv": [12, 0, 14, 2], "rotation": 90, "texture": "#0"},
				"south": {"uv": [12, 0.25, 14, 0.75], "rotation": 90, "texture": "#0"},
				"west": {"uv": [12, 2, 14, 4], "rotation": 90, "texture": "#0"},
				"up": {"uv": [13.75, 0, 14, 1.25], "texture": "#0"},
				"down": {"uv": [12, 0, 12.25, 1.25], "texture": "#0"}
			}
		},
		{
			"from": [11.63628, -0.41949, 2.22216],
			"to": [12.68628, 2.83051, 5.22216],
			"rotation": {"angle": 45, "axis": "y", "origin": [11.32799, 3.57325, 3.72435]},
			"faces": {
				"north": {"uv": [12, 4.25, 14, 4], "rotation": 90, "texture": "#0"},
				"east": {"uv": [12, 4, 14, 2], "rotation": 90, "texture": "#0"},
				"south": {"uv": [12, 0.75, 14, 0.25], "rotation": 90, "texture": "#0"},
				"west": {"uv": [12, 2, 14, 0], "rotation": 90, "texture": "#0"},
				"up": {"uv": [14, 0, 13.75, 1.25], "texture": "#0"},
				"down": {"uv": [12.25, 0, 12, 1.25], "texture": "#0"}
			}
		},
		{
			"from": [2.85533, 3.42079, 5.86264],
			"to": [3.50533, 4.67079, 10.86264],
			"rotation": {"angle": -45, "axis": "x", "origin": [4.01362, 6.16352, 9.86483]},
			"faces": {
				"north": {"uv": [1, 9, 7, 15], "rotation": 90, "texture": "#1"},
				"east": {"uv": [1, 9, 7, 15], "rotation": 90, "texture": "#1"},
				"south": {"uv": [1, 9, 7, 15], "rotation": 90, "texture": "#1"},
				"west": {"uv": [1, 9, 7, 15], "rotation": 90, "texture": "#1"},
				"up": {"uv": [1, 9, 7, 15], "rotation": 90, "texture": "#1"},
				"down": {"uv": [1, 9, 7, 15], "rotation": 90, "texture": "#1"}
			}
		},
		{
			"from": [12.49467, 3.42079, 5.86264],
			"to": [13.14467, 4.67079, 10.86264],
			"rotation": {"angle": -45, "axis": "x", "origin": [11.98638, 6.16352, 9.86483]},
			"faces": {
				"north": {"uv": [1, 15, 7, 9], "rotation": 90, "texture": "#1"},
				"east": {"uv": [1, 15, 7, 9], "rotation": 90, "texture": "#1"},
				"south": {"uv": [1, 15, 7, 9], "rotation": 90, "texture": "#1"},
				"west": {"uv": [1, 15, 7, 9], "rotation": 90, "texture": "#1"},
				"up": {"uv": [1, 15, 7, 9], "rotation": 90, "texture": "#1"},
				"down": {"uv": [1, 15, 7, 9], "rotation": 90, "texture": "#1"}
			}
		},
		{
			"from": [2.85533, 4.42079, 1.36264],
			"to": [3.50533, 5.67079, 7.36264],
			"rotation": {"angle": -45, "axis": "x", "origin": [4.01362, 7.16352, 6.36483]},
			"faces": {
				"north": {"uv": [1, 9, 7, 15], "rotation": 90, "texture": "#1"},
				"east": {"uv": [1, 9, 7, 15], "rotation": 90, "texture": "#1"},
				"south": {"uv": [1, 9, 7, 15], "rotation": 90, "texture": "#1"},
				"west": {"uv": [1, 9, 7, 15], "rotation": 90, "texture": "#1"},
				"up": {"uv": [1, 9, 7, 15], "rotation": 90, "texture": "#1"},
				"down": {"uv": [1, 9, 7, 15], "rotation": 90, "texture": "#1"}
			}
		},
		{
			"from": [12.49467, 4.42079, 1.36264],
			"to": [13.14467, 5.67079, 7.36264],
			"rotation": {"angle": -45, "axis": "x", "origin": [11.98638, 7.16352, 6.36483]},
			"faces": {
				"north": {"uv": [1, 15, 7, 9], "rotation": 90, "texture": "#1"},
				"east": {"uv": [1, 15, 7, 9], "rotation": 90, "texture": "#1"},
				"south": {"uv": [1, 15, 7, 9], "rotation": 90, "texture": "#1"},
				"west": {"uv": [1, 15, 7, 9], "rotation": 90, "texture": "#1"},
				"up": {"uv": [1, 15, 7, 9], "rotation": 90, "texture": "#1"},
				"down": {"uv": [1, 15, 7, 9], "rotation": 90, "texture": "#1"}
			}
		},
		{
			"from": [10.75, 4.91238, 5.9371],
			"to": [13.25, 7.41238, 13.9371],
			"rotation": {"angle": 22.5, "axis": "x", "origin": [12, 6.16238, 9.9371]},
			"faces": {
				"north": {"uv": [14, 0, 12, 4], "texture": "#0"},
				"east": {"uv": [12, 4, 14, 0], "rotation": 90, "texture": "#0"},
				"south": {"uv": [14, 4, 12, 6], "texture": "#0"},
				"west": {"uv": [12, 4, 14, 0], "rotation": 90, "texture": "#0"},
				"up": {"uv": [14, 0, 12, 4], "texture": "#0"},
				"down": {"uv": [14, 0, 12, 4], "texture": "#0"}
			}
		},
		{
			"from": [3, 5.16238, 12.4371],
			"to": [5, 7.16238, 16.6871],
			"rotation": {"angle": 22.5, "axis": "x", "origin": [4, 6.16238, 9.9371]},
			"faces": {
				"north": {"uv": [14, 4, 16, 6], "rotation": 90, "texture": "#0"},
				"east": {"uv": [14, 0, 16, 4], "rotation": 270, "texture": "#0"},
				"south": {"uv": [14, 4, 16, 6], "rotation": 90, "texture": "#0"},
				"west": {"uv": [14, 0, 16, 4], "rotation": 90, "texture": "#0"},
				"up": {"uv": [14, 0, 16, 4], "rotation": 180, "texture": "#0"},
				"down": {"uv": [14, 0, 16, 4], "texture": "#0"}
			}
		},
		{
			"from": [11, 5.16238, 12.4371],
			"to": [13, 7.16238, 16.6871],
			"rotation": {"angle": 22.5, "axis": "x", "origin": [12, 6.16238, 9.9371]},
			"faces": {
				"north": {"uv": [14, 6, 16, 4], "rotation": 90, "texture": "#0"},
				"east": {"uv": [14, 4, 16, 0], "rotation": 90, "texture": "#0"},
				"south": {"uv": [14, 6, 16, 4], "rotation": 90, "texture": "#0"},
				"west": {"uv": [14, 4, 16, 0], "rotation": 270, "texture": "#0"},
				"up": {"uv": [16, 0, 14, 4], "rotation": 180, "texture": "#0"},
				"down": {"uv": [16, 0, 14, 4], "texture": "#0"}
			}
		},
		{
			"from": [2.9, 5.06238, 13.6871],
			"to": [5.1, 7.26238, 14.9371],
			"rotation": {"angle": 22.5, "axis": "x", "origin": [4, 6.16238, 9.9371]},
			"faces": {
				"north": {"uv": [0, 8, 8, 16], "rotation": 90, "texture": "#1"},
				"east": {"uv": [8, 8, 9.5, 16], "texture": "#1"},
				"south": {"uv": [0, 8, 8, 16], "rotation": 90, "texture": "#1"},
				"west": {"uv": [8, 8, 9.5, 16], "texture": "#1"},
				"up": {"uv": [8, 8, 9.5, 16], "rotation": 90, "texture": "#1"},
				"down": {"uv": [8, 8, 9.5, 16], "rotation": 90, "texture": "#1"}
			}
		},
		{
			"from": [10.9, 5.06238, 13.6871],
			"to": [13.1, 7.26238, 14.9371],
			"rotation": {"angle": 22.5, "axis": "x", "origin": [12, 6.16238, 9.9371]},
			"faces": {
				"north": {"uv": [0, 8, 8, 16], "rotation": 270, "texture": "#1"},
				"east": {"uv": [8, 8, 9.5, 16], "texture": "#1"},
				"south": {"uv": [0, 8, 8, 16], "rotation": 270, "texture": "#1"},
				"west": {"uv": [8, 8, 9.5, 16], "texture": "#1"},
				"up": {"uv": [8, 8, 9.5, 16], "rotation": 90, "texture": "#1"},
				"down": {"uv": [8, 8, 9.5, 16], "rotation": 270, "texture": "#1"}
			}
		},
		{
			"from": [3.25, 5.41238, 16.6871],
			"to": [4.75, 6.91238, 18.9371],
			"rotation": {"angle": 22.5, "axis": "x", "origin": [4, 6.16238, 9.9371]},
			"faces": {
				"north": {"uv": [14, 4, 16, 6], "rotation": 180, "texture": "#0"},
				"east": {"uv": [14, 0, 16, 4], "rotation": 270, "texture": "#0"},
				"south": {"uv": [14, 4, 16, 6], "rotation": 180, "texture": "#0"},
				"west": {"uv": [14, 0, 16, 4], "rotation": 90, "texture": "#0"},
				"up": {"uv": [14, 0, 16, 4], "rotation": 180, "texture": "#0"},
				"down": {"uv": [14, 0, 16, 4], "texture": "#0"}
			}
		},
		{
			"from": [11.25, 5.41238, 16.6871],
			"to": [12.75, 6.91238, 18.9371],
			"rotation": {"angle": 22.5, "axis": "x", "origin": [12, 6.16238, 9.9371]},
			"faces": {
				"north": {"uv": [16, 4, 14, 6], "rotation": 180, "texture": "#0"},
				"east": {"uv": [14, 4, 16, 0], "rotation": 90, "texture": "#0"},
				"south": {"uv": [16, 4, 14, 6], "rotation": 180, "texture": "#0"},
				"west": {"uv": [14, 4, 16, 0], "rotation": 270, "texture": "#0"},
				"up": {"uv": [16, 0, 14, 4], "rotation": 180, "texture": "#0"},
				"down": {"uv": [16, 0, 14, 4], "texture": "#0"}
			}
		},
		{
			"from": [2.75, 6.75, 12.25],
			"to": [5.25, 9.25, 17.5],
			"rotation": {"angle": 0, "axis": "x", "origin": [4.00285, 7.99017, 16.88196]},
			"faces": {
				"north": {"uv": [14, 4, 16, 6], "rotation": 90, "texture": "#0"},
				"east": {"uv": [14, 0, 16, 4], "rotation": 270, "texture": "#0"},
				"south": {"uv": [14, 4, 16, 6], "rotation": 90, "texture": "#0"},
				"west": {"uv": [14, 0, 16, 4], "rotation": 90, "texture": "#0"},
				"up": {"uv": [14, 0, 16, 4], "rotation": 180, "texture": "#0"},
				"down": {"uv": [14, 0, 16, 4], "texture": "#0"}
			}
		},
		{
			"from": [10.75, 6.75, 12.25],
			"to": [13.25, 9.25, 17.5],
			"rotation": {"angle": 0, "axis": "x", "origin": [11.99715, 7.99017, 16.88196]},
			"faces": {
				"north": {"uv": [14, 6, 16, 4], "rotation": 90, "texture": "#0"},
				"east": {"uv": [14, 4, 16, 0], "rotation": 90, "texture": "#0"},
				"south": {"uv": [14, 6, 16, 4], "rotation": 90, "texture": "#0"},
				"west": {"uv": [14, 4, 16, 0], "rotation": 270, "texture": "#0"},
				"up": {"uv": [16, 0, 14, 4], "rotation": 180, "texture": "#0"},
				"down": {"uv": [16, 0, 14, 4], "texture": "#0"}
			}
		},
		{
			"from": [3, 7, 17.5],
			"to": [5, 9, 19.75],
			"rotation": {"angle": 0, "axis": "x", "origin": [4.00285, 7.99017, 16.88196]},
			"faces": {
				"north": {"uv": [14, 4, 16, 6], "rotation": 180, "texture": "#0"},
				"east": {"uv": [14, 0, 16, 4], "rotation": 270, "texture": "#0"},
				"south": {"uv": [14, 4, 16, 6], "rotation": 180, "texture": "#0"},
				"west": {"uv": [14, 0, 16, 4], "rotation": 90, "texture": "#0"},
				"up": {"uv": [14, 0, 16, 4], "rotation": 180, "texture": "#0"},
				"down": {"uv": [14, 0, 16, 4], "texture": "#0"}
			}
		},
		{
			"from": [11, 7, 17.5],
			"to": [13, 9, 19.75],
			"rotation": {"angle": 0, "axis": "x", "origin": [11.99715, 7.99017, 16.88196]},
			"faces": {
				"north": {"uv": [16, 4, 14, 6], "rotation": 180, "texture": "#0"},
				"east": {"uv": [14, 4, 16, 0], "rotation": 90, "texture": "#0"},
				"south": {"uv": [16, 4, 14, 6], "rotation": 180, "texture": "#0"},
				"west": {"uv": [14, 4, 16, 0], "rotation": 270, "texture": "#0"},
				"up": {"uv": [16, 0, 14, 4], "rotation": 180, "texture": "#0"},
				"down": {"uv": [16, 0, 14, 4], "texture": "#0"}
			}
		}
	],
	"display": {
		"thirdperson_righthand": {
			"rotation": [-42, 180, 0],
			"scale": [0.8, 0.8, 0.8]
		},
		"firstperson_righthand": {
			"rotation": [-35, 136, -3],
			"translation": [0, 2.5, -3.25],
			"scale": [0.85, 0.85, 0.85]
		},
		"ground": {
			"translation": [0, 4, 0],
			"scale": [0.85, 0.85, 0.85]
		},
		"gui": {
			"rotation": [26, 144, 0],
			"translation": [-1.5, 2, 0],
			"scale": [0.85, 0.85, 0.85]
		},
		"head": {
			"translation": [0, 6, -0.25],
			"scale": [1.5, 1.5, 1.5]
		},
		"fixed": {
			"rotation": [-47, 0, 0],
			"translation": [0, 0.5, -9]
		}
	}
}