{
	"credit": "Made with Blockbench",
	"textures": {
		"0": "zcbm/caves/caveitempart",
		"1": "zcbm/caves/caveitempartglowing",
		"particle": "zcbm/caves/caveitempart"
	},
	"elements": [
		{
			"from": [4.85, 4.91431, 9.5],
			"to": [11, 11.06431, 11.5],
			"rotation": {"angle": 0, "axis": "y", "origin": [8, 7.91431, 9.5]},
			"faces": {
				"north": {"uv": [4, 10, 6, 12], "rotation": 90, "texture": "#0"},
				"east": {"uv": [0, 10, 4, 12], "rotation": 90, "texture": "#0"},
				"south": {"uv": [4, 10, 6, 12], "rotation": 90, "texture": "#0"},
				"west": {"uv": [0, 10, 4, 12], "rotation": 90, "texture": "#0"},
				"up": {"uv": [0, 10, 4, 12], "rotation": 180, "texture": "#0"},
				"down": {"uv": [0, 10, 4, 12], "texture": "#0"}
			}
		},
		{
			"from": [5.6, 5.66431, 11.325],
			"to": [10.25, 10.31431, 11.525],
			"rotation": {"angle": 0, "axis": "y", "origin": [8, 7.91431, 9.5]},
			"faces": {
				"north": {"uv": [0, 4, 2, 6], "rotation": 90, "texture": "#0"},
				"east": {"uv": [0, 4, 2, 6], "rotation": 90, "texture": "#0"},
				"south": {"uv": [0, 4, 2, 6], "rotation": 90, "texture": "#0"},
				"west": {"uv": [0, 4, 2, 6], "rotation": 90, "texture": "#0"},
				"up": {"uv": [0, 4, 2, 6], "rotation": 90, "texture": "#0"},
				"down": {"uv": [0, 4, 2, 6], "rotation": 90, "texture": "#0"}
			}
		},
		{
			"from": [5.1, 5.16431, 4.75],
			"to": [10.75, 10.81431, 7.75],
			"rotation": {"angle": 0, "axis": "y", "origin": [8, 7.91431, 9.5]},
			"faces": {
				"north": {"uv": [0, 6, 4, 10], "texture": "#0"},
				"east": {"uv": [0, 6, 4, 10], "texture": "#0"},
				"south": {"uv": [0, 6, 4, 10], "texture": "#0"},
				"west": {"uv": [0, 6, 4, 10], "rotation": 90, "texture": "#0"},
				"up": {"uv": [0, 6, 4, 10], "texture": "#0"},
				"down": {"uv": [0, 6, 4, 10], "texture": "#0"}
			}
		},
		{
			"from": [5.1, 5.16431, 8.25],
			"to": [10.75, 10.81431, 11.25],
			"rotation": {"angle": 0, "axis": "y", "origin": [8, 7.91431, 9.5]},
			"faces": {
				"north": {"uv": [0, 6, 4, 10], "texture": "#0"},
				"east": {"uv": [0, 6, 4, 10], "rotation": 90, "texture": "#0"},
				"south": {"uv": [0, 6, 4, 10], "texture": "#0"},
				"west": {"uv": [0, 6, 4, 10], "texture": "#0"},
				"up": {"uv": [0, 6, 4, 10], "texture": "#0"},
				"down": {"uv": [0, 6, 4, 10], "texture": "#0"}
			}
		},
		{
			"from": [5.35, 5.41431, 6.5],
			"to": [10.5, 10.56431, 9.5],
			"rotation": {"angle": 0, "axis": "y", "origin": [8, 7.91431, 9.5]},
			"faces": {
				"north": {"uv": [0, 0, 2, 4], "texture": "#1"},
				"east": {"uv": [0, 0, 2, 4], "rotation": 90, "texture": "#1"},
				"south": {"uv": [0, 0, 2, 4], "texture": "#1"},
				"west": {"uv": [0, 0, 2, 4], "texture": "#1"},
				"up": {"uv": [0, 0, 2, 4], "texture": "#1"},
				"down": {"uv": [0, 0, 2, 4], "texture": "#1"}
			}
		},
		{
			"from": [4.85, 4.91431, 4.5],
			"to": [11, 11.06431, 6.5],
			"rotation": {"angle": 0, "axis": "y", "origin": [8, 7.91431, 9.5]},
			"faces": {
				"north": {"uv": [4, 10, 6, 12], "rotation": 90, "texture": "#0"},
				"east": {"uv": [0, 10, 4, 12], "rotation": 90, "texture": "#0"},
				"south": {"uv": [4, 10, 6, 12], "rotation": 90, "texture": "#0"},
				"west": {"uv": [0, 10, 4, 12], "rotation": 90, "texture": "#0"},
				"up": {"uv": [0, 10, 4, 12], "texture": "#0"},
				"down": {"uv": [0, 10, 4, 12], "texture": "#0"}
			}
		},
		{
			"from": [5.25, 5.31431, 2.75],
			"to": [10.3, 10.66431, 5.5],
			"rotation": {"angle": 22.5, "axis": "y", "origin": [8.46738, 7.99778, 3.62417]},
			"faces": {
				"north": {"uv": [0, 6, 4, 9.85], "texture": "#0"},
				"east": {"uv": [1, 6, 4, 9.85], "texture": "#0"},
				"south": {"uv": [0, 6, 4, 9.85], "texture": "#0"},
				"west": {"uv": [0, 6, 3, 9.85], "texture": "#0"},
				"up": {"uv": [0, 6, 4, 8.85], "texture": "#0"},
				"down": {"uv": [0, 7, 4, 9.85], "texture": "#0"}
			}
		},
		{
			"from": [6.11608, 10.98676, 2.39488],
			"to": [7.61608, 12.48676, 4.14488],
			"rotation": {"angle": 22.5, "axis": "x", "origin": [5.97675, 11.11759, 2.1534]},
			"faces": {
				"north": {"uv": [4, 10, 6, 12], "texture": "#0"},
				"east": {"uv": [0, 10, 4, 12], "texture": "#0"},
				"south": {"uv": [4, 10, 6, 12], "texture": "#0"},
				"west": {"uv": [0, 10, 4, 12], "texture": "#0"},
				"up": {"uv": [0, 10, 4, 12], "rotation": 90, "texture": "#0"},
				"down": {"uv": [0, 10, 4, 12], "texture": "#0"}
			}
		},
		{
			"from": [6.26608, 10.92935, 2.2841],
			"to": [7.46608, 12.17935, 3.0341],
			"rotation": {"angle": 0, "axis": "x", "origin": [6.84841, 11.94089, 1.81392]},
			"faces": {
				"north": {"uv": [0, 4, 2, 6], "rotation": 90, "texture": "#1"},
				"east": {"uv": [0, 0, 2, 2], "rotation": 90, "texture": "#1"},
				"south": {"uv": [0, 4, 2, 6], "rotation": 90, "texture": "#1"},
				"west": {"uv": [0, 2, 2, 4], "rotation": 90, "texture": "#1"},
				"up": {"uv": [0, 2, 2, 4], "rotation": 90, "texture": "#1"},
				"down": {"uv": [0, 4, 2, 6], "rotation": 90, "texture": "#1"}
			}
		},
		{
			"from": [6.19108, 10.63676, 0.99488],
			"to": [7.54108, 12.13676, 2.74488],
			"rotation": {"angle": -22.5, "axis": "x", "origin": [5.97675, 11.11759, 2.1534]},
			"faces": {
				"north": {"uv": [4, 10, 6, 12], "texture": "#0"},
				"east": {"uv": [0, 10, 4, 12], "texture": "#0"},
				"south": {"uv": [4, 10, 6, 12], "texture": "#0"},
				"west": {"uv": [0, 10, 4, 12], "texture": "#0"},
				"up": {"uv": [0, 10, 4, 12], "rotation": 90, "texture": "#0"},
				"down": {"uv": [0, 10, 4, 12], "texture": "#0"}
			}
		},
		{
			"from": [10.03069, 9.53931, 1.39485],
			"to": [11.03069, 10.83931, 2.69485],
			"rotation": {"angle": 22.5, "axis": "y", "origin": [9.4983, 8.01507, 2.76278]},
			"faces": {
				"north": {"uv": [4, 10, 6, 12], "texture": "#0"},
				"east": {"uv": [4, 10, 6, 12], "texture": "#0"},
				"south": {"uv": [4, 10, 6, 12], "texture": "#0"},
				"west": {"uv": [4, 10, 6, 12], "texture": "#0"},
				"up": {"uv": [4, 10, 6, 12], "rotation": 90, "texture": "#0"},
				"down": {"uv": [4, 10, 6, 12], "rotation": 270, "texture": "#0"}
			}
		},
		{
			"from": [6.01608, 10.60756, 3.80594],
			"to": [7.71608, 11.71711, 4.74511],
			"rotation": {"angle": -22.5, "axis": "x", "origin": [6.8546, 11.15484, 4.57952]},
			"faces": {
				"north": {"uv": [4, 10, 6, 12], "rotation": 270, "texture": "#0"},
				"east": {"uv": [4, 10, 6, 12], "rotation": 90, "texture": "#0"},
				"south": {"uv": [4, 10, 6, 12], "rotation": 90, "texture": "#0"},
				"west": {"uv": [4, 10, 6, 12], "rotation": 90, "texture": "#0"},
				"up": {"uv": [4, 10, 6, 12], "rotation": 90, "texture": "#0"},
				"down": {"uv": [4, 10, 6, 12], "rotation": 90, "texture": "#0"}
			}
		},
		{
			"from": [9.82522, 9.63931, 2.02903],
			"to": [10.82522, 10.73931, 4.62903],
			"rotation": {"angle": 0, "axis": "y", "origin": [10.31473, 8.01537, 2.67934]},
			"faces": {
				"north": {"uv": [0, 10.5, 4, 11.5], "texture": "#0"},
				"east": {"uv": [0, 10.5, 4, 11.5], "texture": "#0"},
				"south": {"uv": [0, 10.5, 4, 11.5], "texture": "#0"},
				"west": {"uv": [0, 10.5, 4, 11.5], "texture": "#0"},
				"up": {"uv": [0, 10.5, 4, 11.5], "rotation": 90, "texture": "#0"},
				"down": {"uv": [0, 10.5, 4, 11.5], "rotation": 90, "texture": "#0"}
			}
		},
		{
			"from": [8.05, 9.56431, 0.65],
			"to": [10.3, 10.81431, 1.9],
			"rotation": {"angle": -22.5, "axis": "y", "origin": [9.16241, 8.01709, 1.27234]},
			"faces": {
				"north": {"uv": [0, 10, 4, 12], "texture": "#0"},
				"east": {"uv": [4, 10, 6, 12], "texture": "#0"},
				"south": {"uv": [0, 10, 4, 12], "texture": "#0"},
				"west": {"uv": [4, 10, 6, 12], "texture": "#0"},
				"up": {"uv": [0, 10, 4, 12], "texture": "#0"},
				"down": {"uv": [0, 10, 4, 12], "texture": "#0"}
			}
		},
		{
			"from": [10.03069, 8.08931, 1.39485],
			"to": [11.03069, 9.38931, 2.69485],
			"rotation": {"angle": 22.5, "axis": "y", "origin": [9.4983, 8.01507, 2.76278]},
			"faces": {
				"north": {"uv": [4, 10, 6, 12], "texture": "#0"},
				"east": {"uv": [4, 10, 6, 12], "texture": "#0"},
				"south": {"uv": [4, 10, 6, 12], "texture": "#0"},
				"west": {"uv": [4, 10, 6, 12], "texture": "#0"},
				"up": {"uv": [4, 10, 6, 12], "rotation": 90, "texture": "#0"},
				"down": {"uv": [4, 10, 6, 12], "rotation": 270, "texture": "#0"}
			}
		},
		{
			"from": [9.82522, 8.18931, 2.02903],
			"to": [10.82522, 9.28931, 4.62903],
			"rotation": {"angle": 0, "axis": "y", "origin": [10.31473, 8.01537, 2.67934]},
			"faces": {
				"north": {"uv": [0, 10.5, 4, 11.5], "texture": "#0"},
				"east": {"uv": [0, 10.5, 4, 11.5], "texture": "#0"},
				"south": {"uv": [0, 10.5, 4, 11.5], "texture": "#0"},
				"west": {"uv": [0, 10.5, 4, 11.5], "texture": "#0"},
				"up": {"uv": [0, 10.5, 4, 11.5], "rotation": 90, "texture": "#0"},
				"down": {"uv": [0, 10.5, 4, 11.5], "rotation": 90, "texture": "#0"}
			}
		},
		{
			"from": [8.05, 8.11431, 0.65],
			"to": [10.3, 9.36431, 1.9],
			"rotation": {"angle": -22.5, "axis": "y", "origin": [9.16241, 8.01709, 1.27234]},
			"faces": {
				"north": {"uv": [0, 10, 4, 12], "texture": "#0"},
				"east": {"uv": [4, 10, 6, 12], "texture": "#0"},
				"south": {"uv": [0, 10, 4, 12], "texture": "#0"},
				"west": {"uv": [4, 10, 6, 12], "texture": "#0"},
				"up": {"uv": [0, 10, 4, 12], "texture": "#0"},
				"down": {"uv": [0, 10, 4, 12], "texture": "#0"}
			}
		},
		{
			"from": [10.03069, 6.63931, 1.39485],
			"to": [11.03069, 7.93931, 2.69485],
			"rotation": {"angle": 22.5, "axis": "y", "origin": [9.4983, 8.01507, 2.76278]},
			"faces": {
				"north": {"uv": [4, 10, 6, 12], "texture": "#0"},
				"east": {"uv": [4, 10, 6, 12], "texture": "#0"},
				"south": {"uv": [4, 10, 6, 12], "texture": "#0"},
				"west": {"uv": [4, 10, 6, 12], "texture": "#0"},
				"up": {"uv": [4, 10, 6, 12], "rotation": 90, "texture": "#0"},
				"down": {"uv": [4, 10, 6, 12], "rotation": 270, "texture": "#0"}
			}
		},
		{
			"from": [9.82522, 6.73931, 2.02903],
			"to": [10.82522, 7.83931, 4.62903],
			"rotation": {"angle": 0, "axis": "y", "origin": [10.31473, 8.01537, 2.67934]},
			"faces": {
				"north": {"uv": [0, 10.5, 4, 11.5], "texture": "#0"},
				"east": {"uv": [0, 10.5, 4, 11.5], "texture": "#0"},
				"south": {"uv": [0, 10.5, 4, 11.5], "texture": "#0"},
				"west": {"uv": [0, 10.5, 4, 11.5], "texture": "#0"},
				"up": {"uv": [0, 10.5, 4, 11.5], "rotation": 90, "texture": "#0"},
				"down": {"uv": [0, 10.5, 4, 11.5], "rotation": 90, "texture": "#0"}
			}
		},
		{
			"from": [8.05, 6.66431, 0.65],
			"to": [10.3, 7.91431, 1.9],
			"rotation": {"angle": -22.5, "axis": "y", "origin": [9.16241, 8.01709, 1.27234]},
			"faces": {
				"north": {"uv": [0, 10, 4, 12], "texture": "#0"},
				"east": {"uv": [4, 10, 6, 12], "texture": "#0"},
				"south": {"uv": [0, 10, 4, 12], "texture": "#0"},
				"west": {"uv": [4, 10, 6, 12], "texture": "#0"},
				"up": {"uv": [0, 10, 4, 12], "texture": "#0"},
				"down": {"uv": [0, 10, 4, 12], "texture": "#0"}
			}
		},
		{
			"from": [10.03069, 5.13931, 1.39485],
			"to": [11.03069, 6.43931, 2.69485],
			"rotation": {"angle": 22.5, "axis": "y", "origin": [9.4983, 8.01507, 2.76278]},
			"faces": {
				"north": {"uv": [4, 10, 6, 12], "texture": "#0"},
				"east": {"uv": [4, 10, 6, 12], "texture": "#0"},
				"south": {"uv": [4, 10, 6, 12], "texture": "#0"},
				"west": {"uv": [4, 10, 6, 12], "texture": "#0"},
				"up": {"uv": [4, 10, 6, 12], "rotation": 90, "texture": "#0"},
				"down": {"uv": [4, 10, 6, 12], "rotation": 270, "texture": "#0"}
			}
		},
		{
			"from": [9.82522, 5.23931, 2.02903],
			"to": [10.82522, 6.33931, 4.62903],
			"rotation": {"angle": 0, "axis": "y", "origin": [10.31473, 8.01537, 2.67934]},
			"faces": {
				"north": {"uv": [0, 10.5, 4, 11.5], "texture": "#0"},
				"east": {"uv": [0, 10.5, 4, 11.5], "texture": "#0"},
				"south": {"uv": [0, 10.5, 4, 11.5], "texture": "#0"},
				"west": {"uv": [0, 10.5, 4, 11.5], "texture": "#0"},
				"up": {"uv": [0, 10.5, 4, 11.5], "rotation": 90, "texture": "#0"},
				"down": {"uv": [0, 10.5, 4, 11.5], "rotation": 90, "texture": "#0"}
			}
		},
		{
			"from": [8.05, 5.16431, 0.65],
			"to": [10.3, 6.41431, 1.9],
			"rotation": {"angle": -22.5, "axis": "y", "origin": [9.16241, 8.01709, 1.27234]},
			"faces": {
				"north": {"uv": [0, 10, 4, 12], "texture": "#0"},
				"east": {"uv": [4, 10, 6, 12], "texture": "#0"},
				"south": {"uv": [0, 10, 4, 12], "texture": "#0"},
				"west": {"uv": [4, 10, 6, 12], "texture": "#0"},
				"up": {"uv": [0, 10, 4, 12], "texture": "#0"},
				"down": {"uv": [0, 10, 4, 12], "texture": "#0"}
			}
		},
		{
			"from": [5.70131, 5.18932, 0.59788],
			"to": [7.95131, 6.38932, 1.84788],
			"rotation": {"angle": 22.5, "axis": "y", "origin": [7.06372, 8.01272, 0.77458]},
			"faces": {
				"north": {"uv": [0, 10, 4, 12], "texture": "#0"},
				"east": {"uv": [4, 10, 6, 12], "texture": "#0"},
				"south": {"uv": [0, 10, 4, 12], "texture": "#0"},
				"west": {"uv": [4, 10, 6, 12], "texture": "#0"},
				"up": {"uv": [0, 10, 4, 12], "texture": "#0"},
				"down": {"uv": [0, 10, 4, 12], "texture": "#0"}
			}
		},
		{
			"from": [5.70131, 6.68932, 0.59788],
			"to": [7.95131, 7.88932, 1.84788],
			"rotation": {"angle": 22.5, "axis": "y", "origin": [7.06372, 8.01272, 0.77458]},
			"faces": {
				"north": {"uv": [0, 10, 4, 12], "texture": "#0"},
				"east": {"uv": [4, 10, 6, 12], "texture": "#0"},
				"south": {"uv": [0, 10, 4, 12], "texture": "#0"},
				"west": {"uv": [4, 10, 6, 12], "texture": "#0"},
				"up": {"uv": [0, 10, 4, 12], "texture": "#0"},
				"down": {"uv": [0, 10, 4, 12], "texture": "#0"}
			}
		},
		{
			"from": [5.70131, 8.13932, 0.59788],
			"to": [7.95131, 9.33932, 1.84788],
			"rotation": {"angle": 22.5, "axis": "y", "origin": [7.06372, 8.01272, 0.77458]},
			"faces": {
				"north": {"uv": [0, 10, 4, 12], "texture": "#0"},
				"east": {"uv": [4, 10, 6, 12], "texture": "#0"},
				"south": {"uv": [0, 10, 4, 12], "texture": "#0"},
				"west": {"uv": [4, 10, 6, 12], "texture": "#0"},
				"up": {"uv": [0, 10, 4, 12], "texture": "#0"},
				"down": {"uv": [0, 10, 4, 12], "texture": "#0"}
			}
		},
		{
			"from": [5.70131, 9.58932, 0.59788],
			"to": [7.95131, 10.78932, 1.84788],
			"rotation": {"angle": 22.5, "axis": "y", "origin": [7.06372, 8.01272, 0.77458]},
			"faces": {
				"north": {"uv": [0, 10, 4, 12], "texture": "#0"},
				"east": {"uv": [4, 10, 6, 12], "texture": "#0"},
				"south": {"uv": [0, 10, 4, 12], "texture": "#0"},
				"west": {"uv": [4, 10, 6, 12], "texture": "#0"},
				"up": {"uv": [0, 10, 4, 12], "texture": "#0"},
				"down": {"uv": [0, 10, 4, 12], "texture": "#0"}
			}
		},
		{
			"from": [7.61613, 9.66432, 0.37167],
			"to": [8.57284, 10.71431, 1.32195],
			"rotation": {"angle": 0, "axis": "y", "origin": [7.68302, 10.303, 0.50675]},
			"faces": {
				"north": {"uv": [0, 2, 2, 4], "texture": "#1"},
				"east": {"uv": [0, 4, 2, 6], "texture": "#1"},
				"south": {"uv": [0, 4, 2, 6], "texture": "#1"},
				"west": {"uv": [0, 4, 2, 6], "texture": "#1"},
				"up": {"uv": [0, 4, 2, 6], "texture": "#1"},
				"down": {"uv": [0, 4, 2, 6], "texture": "#1"}
			}
		},
		{
			"from": [7.61621, 8.21432, 0.37159],
			"to": [8.57292, 9.26431, 1.32186],
			"rotation": {"angle": 0, "axis": "y", "origin": [7.68311, 10.253, 0.50667]},
			"faces": {
				"north": {"uv": [0, 0, 2, 2], "texture": "#1"},
				"east": {"uv": [0, 4, 2, 6], "texture": "#1"},
				"south": {"uv": [0, 4, 2, 6], "texture": "#1"},
				"west": {"uv": [0, 4, 2, 6], "texture": "#1"},
				"up": {"uv": [0, 4, 2, 6], "texture": "#1"},
				"down": {"uv": [0, 4, 2, 6], "texture": "#1"}
			}
		},
		{
			"from": [7.61604, 6.76432, 0.37176],
			"to": [8.57275, 7.81431, 1.32204],
			"rotation": {"angle": 0, "axis": "y", "origin": [7.68294, 10.303, 0.50684]},
			"faces": {
				"north": {"uv": [0, 2, 2, 4], "texture": "#1"},
				"east": {"uv": [0, 4, 2, 6], "texture": "#1"},
				"south": {"uv": [0, 4, 2, 6], "texture": "#1"},
				"west": {"uv": [0, 4, 2, 6], "texture": "#1"},
				"up": {"uv": [0, 4, 2, 6], "texture": "#1"},
				"down": {"uv": [0, 4, 2, 6], "texture": "#1"}
			}
		},
		{
			"from": [7.61517, 5.26431, 0.37264],
			"to": [8.57188, 6.31431, 1.32291],
			"rotation": {"angle": 0, "axis": "y", "origin": [7.68206, 10.803, 0.50772]},
			"faces": {
				"north": {"uv": [0, 0, 2, 2], "texture": "#1"},
				"east": {"uv": [0, 4, 2, 6], "texture": "#1"},
				"south": {"uv": [0, 4, 2, 6], "texture": "#1"},
				"west": {"uv": [0, 4, 2, 6], "texture": "#1"},
				"up": {"uv": [0, 4, 2, 6], "texture": "#1"},
				"down": {"uv": [0, 4, 2, 6], "texture": "#1"}
			}
		},
		{
			"from": [4.21517, 5.26431, 2.14764],
			"to": [5.17188, 6.31431, 3.09791],
			"rotation": {"angle": 45, "axis": "y", "origin": [4.28138, 8.0086, 0.85314]},
			"faces": {
				"north": {"uv": [0, 0, 2, 2], "rotation": 180, "texture": "#1"},
				"east": {"uv": [0, 4, 2, 6], "texture": "#1"},
				"south": {"uv": [0, 4, 2, 6], "texture": "#1"},
				"west": {"uv": [0, 4, 2, 6], "texture": "#1"},
				"up": {"uv": [0, 4, 2, 6], "texture": "#1"},
				"down": {"uv": [0, 4, 2, 6], "texture": "#1"}
			}
		},
		{
			"from": [4.21604, 6.76432, 2.14676],
			"to": [5.17275, 7.81431, 3.09704],
			"rotation": {"angle": 45, "axis": "y", "origin": [4.28138, 8.0086, 0.85314]},
			"faces": {
				"north": {"uv": [0, 1, 2, 3], "rotation": 180, "texture": "#1"},
				"east": {"uv": [0, 4, 2, 6], "texture": "#1"},
				"south": {"uv": [0, 4, 2, 6], "texture": "#1"},
				"west": {"uv": [0, 4, 2, 6], "texture": "#1"},
				"up": {"uv": [0, 4, 2, 6], "texture": "#1"},
				"down": {"uv": [0, 4, 2, 6], "texture": "#1"}
			}
		},
		{
			"from": [4.21621, 8.21432, 2.14659],
			"to": [5.17292, 9.26431, 3.09686],
			"rotation": {"angle": 45, "axis": "y", "origin": [4.28138, 8.0086, 0.85314]},
			"faces": {
				"north": {"uv": [0, 1, 2, 3], "rotation": 90, "texture": "#1"},
				"east": {"uv": [0, 4, 2, 6], "texture": "#1"},
				"south": {"uv": [0, 4, 2, 6], "texture": "#1"},
				"west": {"uv": [0, 4, 2, 6], "texture": "#1"},
				"up": {"uv": [0, 4, 2, 6], "texture": "#1"},
				"down": {"uv": [0, 4, 2, 6], "texture": "#1"}
			}
		},
		{
			"from": [4.21613, 9.66432, 2.14667],
			"to": [5.17284, 10.71431, 3.09695],
			"rotation": {"angle": 45, "axis": "y", "origin": [4.28138, 8.0086, 0.85314]},
			"faces": {
				"north": {"uv": [0, 1, 2, 3], "texture": "#1"},
				"east": {"uv": [0, 4, 2, 6], "texture": "#1"},
				"south": {"uv": [0, 4, 2, 6], "texture": "#1"},
				"west": {"uv": [0, 4, 2, 6], "texture": "#1"},
				"up": {"uv": [0, 1, 2, 3], "texture": "#1"},
				"down": {"uv": [0, 4, 2, 6], "texture": "#1"}
			}
		},
		{
			"from": [5.091, 9.56413, 1.7625],
			"to": [6.341, 10.81413, 4.0125],
			"rotation": {"angle": 0, "axis": "y", "origin": [6.45646, 7.0064, 3.89227]},
			"faces": {
				"north": {"uv": [4, 10, 6, 12], "texture": "#0"},
				"east": {"uv": [0, 10, 4, 12], "texture": "#0"},
				"south": {"uv": [4, 10, 6, 12], "texture": "#0"},
				"west": {"uv": [0, 10, 4, 12], "texture": "#0"},
				"up": {"uv": [0, 10, 4, 12], "rotation": 270, "texture": "#0"},
				"down": {"uv": [0, 10, 4, 12], "rotation": 90, "texture": "#0"}
			}
		},
		{
			"from": [5.091, 8.11413, 1.7625],
			"to": [6.341, 9.36413, 4.0125],
			"rotation": {"angle": 0, "axis": "y", "origin": [6.45646, 7.0064, 3.89227]},
			"faces": {
				"north": {"uv": [4, 10, 6, 12], "texture": "#0"},
				"east": {"uv": [0, 10, 4, 12], "texture": "#0"},
				"south": {"uv": [4, 10, 6, 12], "texture": "#0"},
				"west": {"uv": [0, 10, 4, 12], "texture": "#0"},
				"up": {"uv": [0, 10, 4, 12], "rotation": 270, "texture": "#0"},
				"down": {"uv": [0, 10, 4, 12], "rotation": 90, "texture": "#0"}
			}
		},
		{
			"from": [5.091, 6.66413, 1.7625],
			"to": [6.341, 7.91413, 4.0125],
			"rotation": {"angle": 0, "axis": "y", "origin": [6.45646, 7.0064, 3.89227]},
			"faces": {
				"north": {"uv": [4, 10, 6, 12], "texture": "#0"},
				"east": {"uv": [0, 10, 4, 12], "texture": "#0"},
				"south": {"uv": [4, 10, 6, 12], "texture": "#0"},
				"west": {"uv": [0, 10, 4, 12], "texture": "#0"},
				"up": {"uv": [0, 10, 4, 12], "rotation": 270, "texture": "#0"},
				"down": {"uv": [0, 10, 4, 12], "rotation": 90, "texture": "#0"}
			}
		},
		{
			"from": [5.091, 5.16413, 1.7625],
			"to": [6.341, 6.41413, 4.0125],
			"rotation": {"angle": 0, "axis": "y", "origin": [6.45646, 7.0064, 3.89227]},
			"faces": {
				"north": {"uv": [4, 10, 6, 12], "texture": "#0"},
				"east": {"uv": [0, 10, 4, 12], "texture": "#0"},
				"south": {"uv": [4, 10, 6, 12], "texture": "#0"},
				"west": {"uv": [0, 10, 4, 12], "texture": "#0"},
				"up": {"uv": [0, 10, 4, 12], "rotation": 270, "texture": "#0"},
				"down": {"uv": [0, 10, 4, 12], "rotation": 90, "texture": "#0"}
			}
		}
	],
	"display": {
		"thirdperson_righthand": {
			"translation": [0, -2, 4],
			"scale": [0.95, 0.95, 0.95]
		}
	},
	"groups": [0, 1, 2, 3, 4, 5, 6, 7, 8, 9,
		{
			"name": "fingers",
			"origin": [6.73146, 6.82885, 3.96727],
			"children": [10, 11, 12, 13, 14, 15, 16, 17, 18, 19, 20, 21, 22, 23, 24, 25, 26, 27, 28, 29, 30, 31, 32, 33, 34, 35, 36, 37, 38]
		}
	]
}