{
	"credit": "Made with Blockbench",
	"textures": {
		"1": "item/wheat",
		"2": "zcbm/caves/stickybomb",
		"particle": "zcbm/caves/stickybomb"
	},
	"elements": [
		{
			"from": [5.5, 5.5, 5.5],
			"to": [10.5, 10.5, 10.5],
			"rotation": {"angle": 0, "axis": "y", "origin": [8.5, 7.5, 7.5]},
			"faces": {
				"north": {"uv": [0, 0, 16, 16], "texture": "#2"},
				"east": {"uv": [0, 0, 16, 16], "texture": "#2"},
				"south": {"uv": [0, 0, 16, 16], "texture": "#2"},
				"west": {"uv": [0, 0, 16, 16], "texture": "#2"},
				"up": {"uv": [0, 0, 16, 16], "texture": "#2"},
				"down": {"uv": [0, 0, 16, 16], "texture": "#2"}
			}
		},
		{
			"from": [6.5, 10, 6.5],
			"to": [9.5, 11.25, 9.5],
			"rotation": {"angle": 0, "axis": "y", "origin": [8.5, 7.5, 7.5]},
			"faces": {
				"north": {"uv": [0, 0, 16, 8], "texture": "#2"},
				"east": {"uv": [0, 0, 16, 8], "texture": "#2"},
				"south": {"uv": [0, 0, 16, 8], "texture": "#2"},
				"west": {"uv": [0, 0, 16, 8], "texture": "#2"},
				"up": {"uv": [0, 0, 16, 16], "texture": "#2"},
				"down": {"uv": [0, 0, 16, 8], "texture": "#2"}
			}
		},
		{
			"from": [7.75, 11.15, 7.75],
			"to": [8.25, 11.9, 8.25],
			"rotation": {"angle": 0, "axis": "y", "origin": [8.5, 7.5, 7.5]},
			"faces": {
				"north": {"uv": [8, 6, 9, 9], "rotation": 180, "texture": "#1"},
				"east": {"uv": [8, 6, 9, 9], "rotation": 180, "texture": "#1"},
				"south": {"uv": [8, 6, 9, 9], "rotation": 180, "texture": "#1"},
				"west": {"uv": [8, 6, 9, 9], "rotation": 180, "texture": "#1"},
				"up": {"uv": [8, 6, 9, 9], "rotation": 180, "texture": "#1"},
				"down": {"uv": [8, 6, 9, 9], "rotation": 180, "texture": "#1"}
			}
		},
		{
			"from": [7.75087, 11.77254, 7.87321],
			"to": [8.25087, 12.52254, 8.37321],
			"rotation": {"angle": 22.5, "axis": "x", "origin": [7.99298, 12.14753, 8.13112]},
			"faces": {
				"north": {"uv": [8, 6, 9, 9], "rotation": 180, "texture": "#1"},
				"east": {"uv": [8, 6, 9, 9], "rotation": 180, "texture": "#1"},
				"south": {"uv": [8, 6, 9, 9], "rotation": 180, "texture": "#1"},
				"west": {"uv": [8, 6, 9, 9], "rotation": 180, "texture": "#1"},
				"up": {"uv": [8, 6, 9, 9], "rotation": 180, "texture": "#1"},
				"down": {"uv": [8, 6, 9, 9], "rotation": 180, "texture": "#1"}
			}
		},
		{
			"from": [7.75057, 12.59401, 7.51855],
			"to": [8.25057, 13.34401, 8.01855],
			"rotation": {"angle": 45, "axis": "x", "origin": [7.99267, 11.96899, 7.77646]},
			"faces": {
				"north": {"uv": [8, 6, 9, 9], "rotation": 180, "texture": "#1"},
				"east": {"uv": [8, 6, 9, 9], "rotation": 180, "texture": "#1"},
				"south": {"uv": [8, 6, 9, 9], "rotation": 180, "texture": "#1"},
				"west": {"uv": [8, 6, 9, 9], "rotation": 180, "texture": "#1"},
				"up": {"uv": [8, 6, 9, 9], "rotation": 180, "texture": "#1"},
				"down": {"uv": [8, 6, 9, 9], "rotation": 180, "texture": "#1"}
			}
		}
	],
	"display": {
		"thirdperson_righthand": {
			"rotation": [34, 0, 0],
			"translation": [0, 0.25, 0]
		},
		"firstperson_righthand": {
			"rotation": [-19, 50, 11],
			"translation": [-0.25, 0, 0.5]
		},
		"gui": {
			"rotation": [35, -56, 0],
			"scale": [1.5, 1.5, 1.5]
		},
		"head": {
			"translation": [0, -5.25, 0],
			"scale": [2, 2, 2]
		},
		"fixed": {
			"rotation": [0, 90, 0],
			"scale": [1.5, 1.5, 1.5]
		}
	}
}