{
	"credit": "Made with Blockbench",
	"textures": {
		"0": "block/torch",
		"1": "block/anvil",
		"2": "block/stripped_oak_log",
		"3": "zcbm/magic/ancient/allparts",
		"4": "block/wheat_stage6",
		"particle": "block/torch"
	},
	"elements": [
		{
			"from": [6, 5.45225, 0],
			"to": [10, 6.45225, 1],
			"rotation": {"angle": 0, "axis": "y", "origin": [8, 11.45225, 8]},
			"faces": {
				"north": {"uv": [5, 5, 11, 11], "rotation": 90, "texture": "#1"},
				"east": {"uv": [5, 5, 11, 11], "rotation": 90, "texture": "#1"},
				"south": {"uv": [5, 5, 11, 11], "rotation": 90, "texture": "#1"},
				"west": {"uv": [5, 5, 11, 11], "rotation": 90, "texture": "#1"},
				"up": {"uv": [5, 5, 11, 11], "rotation": 90, "texture": "#1"},
				"down": {"uv": [5, 5, 11, 11], "rotation": 90, "texture": "#1"}
			}
		},
		{
			"from": [6, 5.45225, 9],
			"to": [10, 6.45225, 10],
			"rotation": {"angle": 0, "axis": "y", "origin": [8, 11.45225, 17]},
			"faces": {
				"north": {"uv": [5, 5, 11, 11], "rotation": 90, "texture": "#1"},
				"east": {"uv": [5, 5, 11, 11], "rotation": 90, "texture": "#1"},
				"south": {"uv": [5, 5, 11, 11], "rotation": 90, "texture": "#1"},
				"west": {"uv": [5, 5, 11, 11], "rotation": 90, "texture": "#1"},
				"up": {"uv": [5, 5, 11, 11], "rotation": 90, "texture": "#1"},
				"down": {"uv": [5, 5, 11, 11], "rotation": 90, "texture": "#1"}
			}
		},
		{
			"from": [6.5, -7.54775, 9.5],
			"to": [9.5, 5.45225, 15.5],
			"rotation": {"angle": 0, "axis": "y", "origin": [8, 11.45225, 17]},
			"faces": {
				"north": {"uv": [5, 5, 11, 11], "rotation": 90, "texture": "#1"},
				"east": {"uv": [5, 5, 11, 11], "rotation": 90, "texture": "#1"},
				"south": {"uv": [5, 5, 11, 11], "rotation": 90, "texture": "#1"},
				"west": {"uv": [5, 5, 11, 11], "rotation": 90, "texture": "#1"},
				"up": {"uv": [5, 5, 11, 11], "rotation": 90, "texture": "#1"},
				"down": {"uv": [5, 5, 11, 11], "rotation": 90, "texture": "#1"}
			}
		},
		{
			"from": [7.25, 1.20225, 6.75],
			"to": [8.75, 4.20225, 7.5],
			"rotation": {"angle": 22.5, "axis": "x", "origin": [8.02365, -1.05558, 12.48417]},
			"faces": {
				"north": {"uv": [1.25, 1.25, 6.75, 6.75], "rotation": 90, "texture": "#3"},
				"east": {"uv": [1.25, 1.25, 6.75, 6.75], "rotation": 90, "texture": "#3"},
				"south": {"uv": [1.25, 1.25, 6.75, 6.75], "rotation": 90, "texture": "#3"},
				"west": {"uv": [1.25, 1.25, 6.75, 6.75], "rotation": 90, "texture": "#3"},
				"up": {"uv": [1.25, 1.25, 6.75, 6.75], "rotation": 90, "texture": "#3"},
				"down": {"uv": [1.25, 1.25, 6.75, 6.75], "rotation": 90, "texture": "#3"}
			}
		},
		{
			"from": [7.25, -1.79775, 6.75],
			"to": [8.75, 1.20225, 7.5],
			"rotation": {"angle": 22.5, "axis": "x", "origin": [8.02365, -1.05558, 12.48417]},
			"faces": {
				"north": {"uv": [1.25, 1.25, 6.75, 6.75], "rotation": 90, "texture": "#3"},
				"east": {"uv": [1.25, 1.25, 6.75, 6.75], "rotation": 90, "texture": "#3"},
				"south": {"uv": [1.25, 1.25, 6.75, 6.75], "rotation": 90, "texture": "#3"},
				"west": {"uv": [1.25, 1.25, 6.75, 6.75], "rotation": 90, "texture": "#3"},
				"up": {"uv": [1.25, 1.25, 6.75, 6.75], "rotation": 90, "texture": "#3"},
				"down": {"uv": [1.25, 1.25, 6.75, 6.75], "rotation": 90, "texture": "#3"}
			}
		},
		{
			"from": [6.4, -6.54775, 9.4],
			"to": [9.6, 3.45225, 15.6],
			"rotation": {"angle": 0, "axis": "y", "origin": [8, 11.45225, 17]},
			"faces": {
				"north": {"uv": [9.5, 8, 11, 16], "rotation": 180, "texture": "#3"},
				"east": {"uv": [9.5, 8, 11, 16], "rotation": 90, "texture": "#3"},
				"south": {"uv": [9.5, 8, 11, 16], "rotation": 90, "texture": "#3"},
				"west": {"uv": [9.5, 8, 11, 16], "rotation": 90, "texture": "#3"},
				"up": {"uv": [9.5, 8, 11, 16], "rotation": 90, "texture": "#3"},
				"down": {"uv": [9.5, 8, 11, 16], "rotation": 90, "texture": "#3"}
			}
		},
		{
			"from": [11.61184, 8.10757, 12.76165],
			"to": [17.56131, 8.80737, 13.46145],
			"rotation": {"angle": 45, "axis": "y", "origin": [14.47616, 9.3047, 16.10755]},
			"faces": {
				"north": {"uv": [7, 11, 8, 14], "rotation": 90, "texture": "#4"},
				"east": {"uv": [7, 11, 8, 14], "rotation": 90, "texture": "#4"},
				"south": {"uv": [7, 11, 8, 14], "rotation": 90, "texture": "#4"},
				"west": {"uv": [7, 11, 8, 14], "rotation": 90, "texture": "#4"},
				"up": {"uv": [7, 11, 8, 14], "rotation": 90, "texture": "#4"},
				"down": {"uv": [7, 11, 8, 14], "rotation": 90, "texture": "#4"}
			}
		},
		{
			"from": [-1.56131, 8.10757, 12.76165],
			"to": [4.38816, 8.80737, 13.46145],
			"rotation": {"angle": -45, "axis": "y", "origin": [1.52384, 9.3047, 16.10755]},
			"faces": {
				"north": {"uv": [7, 14, 8, 11], "rotation": 90, "texture": "#4"},
				"east": {"uv": [7, 14, 8, 11], "rotation": 90, "texture": "#4"},
				"south": {"uv": [7, 14, 8, 11], "rotation": 90, "texture": "#4"},
				"west": {"uv": [7, 14, 8, 11], "rotation": 90, "texture": "#4"},
				"up": {"uv": [7, 14, 8, 11], "rotation": 90, "texture": "#4"},
				"down": {"uv": [7, 14, 8, 11], "rotation": 90, "texture": "#4"}
			}
		},
		{
			"from": [6, 5.70225, 1],
			"to": [10, 6.45225, 9],
			"rotation": {"angle": 0, "axis": "y", "origin": [8, 11.45225, 16]},
			"faces": {
				"north": {"uv": [3, 0, 7, 8], "texture": "#2"},
				"east": {"uv": [3, 0, 7, 8], "texture": "#2"},
				"south": {"uv": [3, 0, 7, 8], "texture": "#2"},
				"west": {"uv": [3, 0, 7, 8], "texture": "#2"},
				"up": {"uv": [3, 0, 7, 8], "texture": "#2"},
				"down": {"uv": [3, 0, 7, 8], "texture": "#2"}
			}
		},
		{
			"from": [10, 6.45225, 0],
			"to": [11, 10.45225, 1],
			"rotation": {"angle": 0, "axis": "z", "origin": [5, 8.45225, 8]},
			"faces": {
				"north": {"uv": [5, 5, 11, 11], "rotation": 90, "texture": "#1"},
				"east": {"uv": [5, 5, 11, 11], "rotation": 90, "texture": "#1"},
				"south": {"uv": [5, 5, 11, 11], "rotation": 90, "texture": "#1"},
				"west": {"uv": [5, 5, 11, 11], "rotation": 90, "texture": "#1"},
				"up": {"uv": [5, 5, 11, 11], "rotation": 90, "texture": "#1"},
				"down": {"uv": [5, 5, 11, 11], "rotation": 90, "texture": "#1"}
			}
		},
		{
			"from": [10, 6.45225, 9],
			"to": [11, 10.45225, 10],
			"rotation": {"angle": 0, "axis": "z", "origin": [5, 8.45225, 17]},
			"faces": {
				"north": {"uv": [5, 5, 11, 11], "rotation": 90, "texture": "#1"},
				"east": {"uv": [5, 5, 11, 11], "rotation": 90, "texture": "#1"},
				"south": {"uv": [5, 5, 11, 11], "rotation": 90, "texture": "#1"},
				"west": {"uv": [5, 5, 11, 11], "rotation": 90, "texture": "#1"},
				"up": {"uv": [5, 5, 11, 11], "rotation": 90, "texture": "#1"},
				"down": {"uv": [5, 5, 11, 11], "rotation": 90, "texture": "#1"}
			}
		},
		{
			"from": [9.9, 7.45225, 6.4],
			"to": [11, 9.45225, 9],
			"rotation": {"angle": 0, "axis": "z", "origin": [5, 8.45225, 17]},
			"faces": {
				"north": {"uv": [5, 5, 11, 11], "rotation": 90, "texture": "#1"},
				"east": {"uv": [5, 5, 11, 11], "rotation": 90, "texture": "#1"},
				"south": {"uv": [5, 5, 11, 11], "rotation": 90, "texture": "#1"},
				"west": {"uv": [5, 5, 11, 11], "rotation": 90, "texture": "#1"},
				"up": {"uv": [5, 5, 11, 11], "rotation": 90, "texture": "#1"},
				"down": {"uv": [5, 5, 11, 11], "rotation": 90, "texture": "#1"}
			}
		},
		{
			"from": [5, 7.45225, 6.4],
			"to": [6.1, 9.45225, 9],
			"rotation": {"angle": 0, "axis": "z", "origin": [11, 8.45225, 17]},
			"faces": {
				"north": {"uv": [5, 11, 11, 5], "rotation": 90, "texture": "#1"},
				"east": {"uv": [5, 11, 11, 5], "rotation": 90, "texture": "#1"},
				"south": {"uv": [5, 11, 11, 5], "rotation": 90, "texture": "#1"},
				"west": {"uv": [5, 11, 11, 5], "rotation": 90, "texture": "#1"},
				"up": {"uv": [5, 11, 11, 5], "rotation": 90, "texture": "#1"},
				"down": {"uv": [5, 11, 11, 5], "rotation": 90, "texture": "#1"}
			}
		},
		{
			"from": [10.99832, 7.95757, 7.25],
			"to": [16.99832, 8.95757, 8.25],
			"rotation": {"angle": -45, "axis": "y", "origin": [10.99707, 9.46325, 7.74558]},
			"faces": {
				"north": {"uv": [0, 4, 16, 10], "rotation": 180, "texture": "#1"},
				"east": {"uv": [1, 9, 7, 15], "rotation": 180, "texture": "#3"},
				"south": {"uv": [0, 4, 16, 10], "rotation": 180, "texture": "#1"},
				"west": {"uv": [0, 4, 16, 10], "rotation": 180, "texture": "#1"},
				"up": {"uv": [0, 4, 16, 10], "rotation": 180, "texture": "#1"},
				"down": {"uv": [0, 4, 16, 10], "rotation": 180, "texture": "#1"}
			}
		},
		{
			"from": [-0.99832, 7.95757, 7.25],
			"to": [5.00168, 8.95757, 8.25],
			"rotation": {"angle": 45, "axis": "y", "origin": [5.00293, 9.46325, 7.74558]},
			"faces": {
				"north": {"uv": [16, 4, 0, 10], "rotation": 180, "texture": "#1"},
				"east": {"uv": [16, 4, 0, 10], "rotation": 180, "texture": "#1"},
				"south": {"uv": [16, 4, 0, 10], "rotation": 180, "texture": "#1"},
				"west": {"uv": [7, 9, 1, 15], "rotation": 180, "texture": "#3"},
				"up": {"uv": [16, 4, 0, 10], "rotation": 180, "texture": "#1"},
				"down": {"uv": [16, 4, 0, 10], "rotation": 180, "texture": "#1"}
			}
		},
		{
			"from": [10.24832, 7.85757, 7],
			"to": [11.74832, 9.05757, 8.5],
			"rotation": {"angle": -45, "axis": "y", "origin": [10.99707, 9.46325, 7.74558]},
			"faces": {
				"north": {"uv": [1, 9, 7, 15], "rotation": 180, "texture": "#3"},
				"east": {"uv": [1, 9, 7, 15], "rotation": 180, "texture": "#3"},
				"south": {"uv": [1, 9, 7, 15], "rotation": 180, "texture": "#3"},
				"west": {"uv": [1, 9, 7, 15], "rotation": 180, "texture": "#3"},
				"up": {"uv": [1, 9, 7, 15], "rotation": 180, "texture": "#3"},
				"down": {"uv": [1, 9, 7, 15], "rotation": 180, "texture": "#3"}
			}
		},
		{
			"from": [4.25168, 7.85757, 7],
			"to": [5.75168, 9.05757, 8.5],
			"rotation": {"angle": 45, "axis": "y", "origin": [5.00293, 9.46325, 7.74558]},
			"faces": {
				"north": {"uv": [7, 9, 1, 15], "rotation": 180, "texture": "#3"},
				"east": {"uv": [7, 9, 1, 15], "rotation": 180, "texture": "#3"},
				"south": {"uv": [7, 9, 1, 15], "rotation": 180, "texture": "#3"},
				"west": {"uv": [7, 9, 1, 15], "rotation": 180, "texture": "#3"},
				"up": {"uv": [7, 9, 1, 15], "rotation": 180, "texture": "#3"},
				"down": {"uv": [7, 9, 1, 15], "rotation": 180, "texture": "#3"}
			}
		},
		{
			"from": [9.61259, 7.85757, 15.04475],
			"to": [11.11259, 9.05757, 16.54475],
			"rotation": {"angle": 22.5, "axis": "y", "origin": [10.12358, 8.44781, 15.70163]},
			"faces": {
				"north": {"uv": [1, 9, 7, 15], "rotation": 180, "texture": "#3"},
				"east": {"uv": [1, 9, 7, 15], "rotation": 180, "texture": "#3"},
				"south": {"uv": [1, 9, 7, 15], "rotation": 180, "texture": "#3"},
				"west": {"uv": [1, 9, 7, 15], "rotation": 180, "texture": "#3"},
				"up": {"uv": [1, 9, 7, 15], "rotation": 270, "texture": "#3"},
				"down": {"uv": [1, 9, 7, 15], "rotation": 90, "texture": "#3"}
			}
		},
		{
			"from": [4.88741, 7.85757, 15.04475],
			"to": [6.38741, 9.05757, 16.54475],
			"rotation": {"angle": -22.5, "axis": "y", "origin": [5.87642, 8.44781, 15.70163]},
			"faces": {
				"north": {"uv": [7, 9, 1, 15], "rotation": 180, "texture": "#3"},
				"east": {"uv": [7, 9, 1, 15], "rotation": 180, "texture": "#3"},
				"south": {"uv": [7, 9, 1, 15], "rotation": 180, "texture": "#3"},
				"west": {"uv": [7, 9, 1, 15], "rotation": 180, "texture": "#3"},
				"up": {"uv": [1, 15, 7, 9], "rotation": 270, "texture": "#3"},
				"down": {"uv": [1, 15, 7, 9], "rotation": 90, "texture": "#3"}
			}
		},
		{
			"from": [10, 4.613, 9.9],
			"to": [11.1, 6.563, 16.6],
			"rotation": {"angle": 0, "axis": "z", "origin": [5, 7.80225, 17.75]},
			"faces": {
				"north": {"uv": [7, 5, 10, 11], "texture": "#1"},
				"east": {"uv": [0, 5, 16, 11], "texture": "#1"},
				"south": {"uv": [5, 5, 9, 11], "texture": "#1"},
				"west": {"uv": [0, 5, 16, 11], "texture": "#1"},
				"up": {"uv": [0, 6, 16, 10], "rotation": 90, "texture": "#1"},
				"down": {"uv": [0, 6, 16, 10], "rotation": 90, "texture": "#1"}
			}
		},
		{
			"from": [10.24629, 4.95714, 15.8547],
			"to": [10.84629, 10.65714, 16.8047],
			"rotation": {"angle": 22.5, "axis": "x", "origin": [8.01839, 5.30289, 15.84758]},
			"faces": {
				"north": {"uv": [0, 6, 16, 10], "rotation": 270, "texture": "#1"},
				"east": {"uv": [0, 5, 16, 11], "rotation": 90, "texture": "#1"},
				"south": {"uv": [0, 6, 16, 10], "rotation": 90, "texture": "#1"},
				"west": {"uv": [0, 5, 16, 11], "rotation": 270, "texture": "#1"},
				"up": {"uv": [5, 5, 9, 11], "texture": "#1"},
				"down": {"uv": [7, 5, 10, 11], "rotation": 180, "texture": "#1"}
			}
		},
		{
			"from": [4.9, 4.613, 9.9],
			"to": [6, 6.563, 16.6],
			"rotation": {"angle": 0, "axis": "z", "origin": [11, 7.80225, 17.75]},
			"faces": {
				"north": {"uv": [10, 5, 7, 11], "texture": "#1"},
				"east": {"uv": [16, 5, 0, 11], "texture": "#1"},
				"south": {"uv": [9, 5, 5, 11], "texture": "#1"},
				"west": {"uv": [16, 5, 0, 11], "texture": "#1"},
				"up": {"uv": [0, 10, 16, 6], "rotation": 90, "texture": "#1"},
				"down": {"uv": [0, 10, 16, 6], "rotation": 90, "texture": "#1"}
			}
		},
		{
			"from": [4.69565, 9.34514, 18.15274],
			"to": [11.29289, 10.55384, 19.36144],
			"rotation": {"angle": 45, "axis": "x", "origin": [8.0092, 10.33047, 18.90545]},
			"faces": {
				"north": {"uv": [16, 5, 0, 11], "texture": "#1"},
				"east": {"uv": [7, 9, 1, 15], "texture": "#3"},
				"south": {"uv": [16, 5, 0, 11], "texture": "#1"},
				"west": {"uv": [7, 9, 1, 15], "texture": "#3"},
				"up": {"uv": [0, 10, 16, 6], "rotation": 180, "texture": "#1"},
				"down": {"uv": [0, 10, 16, 6], "texture": "#1"}
			}
		},
		{
			"from": [5.14629, 4.95714, 15.8547],
			"to": [5.74629, 10.65714, 16.8047],
			"rotation": {"angle": 22.5, "axis": "x", "origin": [8.01839, 5.30289, 15.84758]},
			"faces": {
				"north": {"uv": [0, 10, 16, 6], "rotation": 270, "texture": "#1"},
				"east": {"uv": [16, 5, 0, 11], "rotation": 90, "texture": "#1"},
				"south": {"uv": [0, 10, 16, 6], "rotation": 90, "texture": "#1"},
				"west": {"uv": [16, 5, 0, 11], "rotation": 270, "texture": "#1"},
				"up": {"uv": [9, 5, 5, 11], "texture": "#1"},
				"down": {"uv": [10, 5, 7, 11], "rotation": 180, "texture": "#1"}
			}
		},
		{
			"from": [10, 6.45225, 1],
			"to": [10.75, 10.45225, 9],
			"rotation": {"angle": 0, "axis": "z", "origin": [5, 8.45225, 16]},
			"faces": {
				"north": {"uv": [3, 0, 7, 8], "rotation": 90, "texture": "#2"},
				"east": {"uv": [3, 0, 7, 8], "rotation": 90, "texture": "#2"},
				"south": {"uv": [3, 0, 7, 8], "rotation": 90, "texture": "#2"},
				"west": {"uv": [3, 0, 7, 8], "rotation": 90, "texture": "#2"},
				"up": {"uv": [3, 0, 7, 8], "rotation": 90, "texture": "#2"},
				"down": {"uv": [3, 0, 7, 8], "rotation": 90, "texture": "#2"}
			}
		},
		{
			"from": [5, 6.45225, 0],
			"to": [6, 10.45225, 1],
			"rotation": {"angle": 0, "axis": "z", "origin": [5, 8.45225, 8]},
			"faces": {
				"north": {"uv": [5, 5, 11, 11], "rotation": 90, "texture": "#1"},
				"east": {"uv": [5, 5, 11, 11], "rotation": 90, "texture": "#1"},
				"south": {"uv": [5, 5, 11, 11], "rotation": 90, "texture": "#1"},
				"west": {"uv": [5, 5, 11, 11], "rotation": 90, "texture": "#1"},
				"up": {"uv": [5, 5, 11, 11], "rotation": 90, "texture": "#1"},
				"down": {"uv": [5, 5, 11, 11], "rotation": 90, "texture": "#1"}
			}
		},
		{
			"from": [5, 6.45225, 9],
			"to": [6, 10.45225, 10],
			"rotation": {"angle": 0, "axis": "z", "origin": [5, 8.45225, 17]},
			"faces": {
				"north": {"uv": [5, 5, 11, 11], "rotation": 90, "texture": "#1"},
				"east": {"uv": [5, 5, 11, 11], "rotation": 90, "texture": "#1"},
				"south": {"uv": [5, 5, 11, 11], "rotation": 90, "texture": "#1"},
				"west": {"uv": [5, 5, 11, 11], "rotation": 90, "texture": "#1"},
				"up": {"uv": [5, 5, 11, 11], "rotation": 90, "texture": "#1"},
				"down": {"uv": [5, 5, 11, 11], "rotation": 90, "texture": "#1"}
			}
		},
		{
			"from": [5.25, 6.45225, 1],
			"to": [6, 10.45225, 9],
			"rotation": {"angle": 0, "axis": "z", "origin": [5, 8.45225, 16]},
			"faces": {
				"north": {"uv": [3, 0, 7, 8], "rotation": 90, "texture": "#2"},
				"east": {"uv": [3, 0, 7, 8], "rotation": 90, "texture": "#2"},
				"south": {"uv": [3, 0, 7, 8], "rotation": 90, "texture": "#2"},
				"west": {"uv": [3, 0, 7, 8], "rotation": 90, "texture": "#2"},
				"up": {"uv": [3, 0, 7, 8], "rotation": 90, "texture": "#2"},
				"down": {"uv": [3, 0, 7, 8], "rotation": 90, "texture": "#2"}
			}
		},
		{
			"from": [6, 10.45225, 0],
			"to": [10, 11.45225, 1],
			"rotation": {"angle": 0, "axis": "y", "origin": [8, 11.45225, 8]},
			"faces": {
				"north": {"uv": [5, 5, 11, 11], "rotation": 90, "texture": "#1"},
				"east": {"uv": [5, 5, 11, 11], "rotation": 90, "texture": "#1"},
				"south": {"uv": [5, 5, 11, 11], "rotation": 90, "texture": "#1"},
				"west": {"uv": [5, 5, 11, 11], "rotation": 90, "texture": "#1"},
				"up": {"uv": [5, 5, 11, 11], "rotation": 90, "texture": "#1"},
				"down": {"uv": [5, 5, 11, 11], "rotation": 90, "texture": "#1"}
			}
		},
		{
			"from": [6, 10.45225, 9],
			"to": [10, 11.45225, 10],
			"rotation": {"angle": 0, "axis": "y", "origin": [8, 11.45225, 17]},
			"faces": {
				"north": {"uv": [5, 5, 11, 11], "rotation": 90, "texture": "#1"},
				"east": {"uv": [5, 5, 11, 11], "rotation": 90, "texture": "#1"},
				"south": {"uv": [5, 5, 11, 11], "rotation": 90, "texture": "#1"},
				"west": {"uv": [5, 5, 11, 11], "rotation": 90, "texture": "#1"},
				"up": {"uv": [5, 5, 11, 11], "rotation": 90, "texture": "#1"},
				"down": {"uv": [5, 5, 11, 11], "rotation": 90, "texture": "#1"}
			}
		},
		{
			"from": [6, 10.45225, 1],
			"to": [10, 11.20225, 9],
			"rotation": {"angle": 0, "axis": "y", "origin": [8, 11.45225, 16]},
			"faces": {
				"north": {"uv": [3, 0, 11, 4], "rotation": 90, "texture": "#2"},
				"east": {"uv": [3, 0, 11, 4], "rotation": 90, "texture": "#2"},
				"south": {"uv": [3, 0, 11, 4], "rotation": 90, "texture": "#2"},
				"west": {"uv": [3, 0, 11, 4], "rotation": 90, "texture": "#2"},
				"up": {"uv": [3, 0, 11, 4], "rotation": 90, "texture": "#2"},
				"down": {"uv": [3, 0, 11, 4], "rotation": 90, "texture": "#2"}
			}
		},
		{
			"from": [9.06066, 9.18448, -0.1],
			"to": [10.47487, 10.18448, 10.1],
			"rotation": {"angle": -45, "axis": "z", "origin": [11.06066, 9.68448, 9.5]},
			"faces": {
				"north": {"uv": [0, 5, 16, 11], "rotation": 90, "texture": "#1"},
				"east": {"uv": [0, 5, 16, 11], "rotation": 90, "texture": "#1"},
				"south": {"uv": [0, 5, 16, 11], "rotation": 90, "texture": "#1"},
				"west": {"uv": [0, 5, 16, 11], "rotation": 90, "texture": "#1"},
				"up": {"uv": [0, 5, 16, 11], "rotation": 90, "texture": "#1"},
				"down": {"uv": [0, 5, 16, 11], "rotation": 90, "texture": "#1"}
			}
		},
		{
			"from": [9.06066, 9.18448, 10.15],
			"to": [10.47487, 10.18448, 19.35],
			"rotation": {"angle": -45, "axis": "z", "origin": [11.06066, 9.68448, 19.75]},
			"faces": {
				"north": {"uv": [0, 5, 16, 11], "rotation": 90, "texture": "#1"},
				"east": {"uv": [0, 5, 16, 11], "rotation": 90, "texture": "#1"},
				"south": {"uv": [0, 5, 16, 11], "rotation": 90, "texture": "#1"},
				"west": {"uv": [0, 5, 16, 11], "rotation": 90, "texture": "#1"},
				"up": {"uv": [0, 5, 16, 11], "rotation": 90, "texture": "#1"},
				"down": {"uv": [0, 5, 16, 11], "rotation": 90, "texture": "#1"}
			}
		},
		{
			"from": [9.06066, 6.72002, -0.1],
			"to": [10.47487, 7.72002, 10.1],
			"rotation": {"angle": 45, "axis": "z", "origin": [11.06066, 7.22002, 9.5]},
			"faces": {
				"north": {"uv": [0, 5, 16, 11], "rotation": 90, "texture": "#1"},
				"east": {"uv": [0, 5, 16, 11], "rotation": 90, "texture": "#1"},
				"south": {"uv": [0, 5, 16, 11], "rotation": 90, "texture": "#1"},
				"west": {"uv": [0, 5, 16, 11], "rotation": 90, "texture": "#1"},
				"up": {"uv": [0, 5, 16, 11], "rotation": 90, "texture": "#1"},
				"down": {"uv": [0, 5, 16, 11], "rotation": 90, "texture": "#1"}
			}
		},
		{
			"from": [5.52513, 9.18448, -0.1],
			"to": [6.93934, 10.18448, 10.1],
			"rotation": {"angle": 45, "axis": "z", "origin": [4.93934, 9.68448, 9.5]},
			"faces": {
				"north": {"uv": [0, 5, 16, 11], "rotation": 90, "texture": "#1"},
				"east": {"uv": [0, 5, 16, 11], "rotation": 90, "texture": "#1"},
				"south": {"uv": [0, 5, 16, 11], "rotation": 90, "texture": "#1"},
				"west": {"uv": [0, 5, 16, 11], "rotation": 90, "texture": "#1"},
				"up": {"uv": [0, 5, 16, 11], "rotation": 90, "texture": "#1"},
				"down": {"uv": [0, 5, 16, 11], "rotation": 90, "texture": "#1"}
			}
		},
		{
			"from": [5.52513, 9.18448, 10.15],
			"to": [6.93934, 10.18448, 19.35],
			"rotation": {"angle": 45, "axis": "z", "origin": [4.93934, 9.68448, 19.75]},
			"faces": {
				"north": {"uv": [0, 5, 16, 11], "rotation": 90, "texture": "#1"},
				"east": {"uv": [0, 5, 16, 11], "rotation": 90, "texture": "#1"},
				"south": {"uv": [0, 5, 16, 11], "rotation": 90, "texture": "#1"},
				"west": {"uv": [0, 5, 16, 11], "rotation": 90, "texture": "#1"},
				"up": {"uv": [0, 5, 16, 11], "rotation": 90, "texture": "#1"},
				"down": {"uv": [0, 5, 16, 11], "rotation": 90, "texture": "#1"}
			}
		},
		{
			"from": [5.52513, 6.72002, -0.1],
			"to": [6.93934, 7.72002, 10.1],
			"rotation": {"angle": -45, "axis": "z", "origin": [4.93934, 7.22002, 9.5]},
			"faces": {
				"north": {"uv": [0, 5, 16, 11], "rotation": 90, "texture": "#1"},
				"east": {"uv": [0, 5, 16, 11], "rotation": 90, "texture": "#1"},
				"south": {"uv": [0, 5, 16, 11], "rotation": 90, "texture": "#1"},
				"west": {"uv": [0, 5, 16, 11], "rotation": 90, "texture": "#1"},
				"up": {"uv": [0, 5, 16, 11], "rotation": 90, "texture": "#1"},
				"down": {"uv": [0, 5, 16, 11], "rotation": 90, "texture": "#1"}
			}
		},
		{
			"from": [5, 4.713, 10],
			"to": [11, 6.463, 16.5],
			"rotation": {"angle": 0, "axis": "y", "origin": [8, 6.213, 8.75]},
			"faces": {
				"north": {"uv": [0, 0, 6, 1.75], "texture": "#2"},
				"east": {"uv": [0, 0, 6.5, 1.75], "texture": "#2"},
				"south": {"uv": [0, 0, 6, 1.75], "texture": "#2"},
				"west": {"uv": [0, 0, 6.5, 1.75], "texture": "#2"},
				"up": {"uv": [0, 0, 6, 6.5], "texture": "#2"},
				"down": {"uv": [0, 0, 6, 6.5], "texture": "#2"}
			}
		},
		{
			"from": [6, 6.5, -6.25],
			"to": [10, 10.5, 14.75],
			"rotation": {"angle": 0, "axis": "y", "origin": [8, 6.5, 8]},
			"faces": {
				"north": {"uv": [7, 6, 9, 8], "texture": "#0"},
				"east": {"uv": [7, 6, 9, 16], "rotation": 90, "texture": "#0"},
				"south": {"uv": [7, 14, 9, 16], "texture": "#0"},
				"west": {"uv": [7, 6, 9, 16], "rotation": 270, "texture": "#0"},
				"up": {"uv": [7, 6, 9, 16], "texture": "#0"},
				"down": {"uv": [7, 6, 9, 16], "rotation": 180, "texture": "#0"}
			}
		},
		{
			"from": [6, 6.5, 14.75],
			"to": [10, 10.5, 16.75],
			"rotation": {"angle": 0, "axis": "y", "origin": [8, 6.5, 8]},
			"faces": {
				"north": {"uv": [5, 6, 11, 12], "texture": "#1"},
				"east": {"uv": [5, 6, 11, 12], "texture": "#1"},
				"south": {"uv": [5, 6, 11, 12], "texture": "#1"},
				"west": {"uv": [5, 6, 11, 12], "texture": "#1"},
				"up": {"uv": [5, 6, 11, 12], "texture": "#1"},
				"down": {"uv": [5, 6, 11, 12], "texture": "#1"}
			}
		}
	],
	"display": {
		"thirdperson_righthand": {
			"translation": [0, 1.25, -0.5],
			"scale": [0.4, 0.4, 0.4]
		},
		"firstperson_righthand": {
			"translation": [8.75, 0, -1.25],
			"scale": [0.4, 0.4, 0.4]
		},
		"ground": {
			"translation": [0, 3.75, 0],
			"scale": [0.4, 0.4, 0.4]
		},
		"gui": {
			"rotation": [41, 125, 0],
			"translation": [0, 1.25, 0],
			"scale": [0.4, 0.4, 0.4]
		},
		"fixed": {
			"rotation": [0, 90, 0],
			"scale": [0.4, 0.4, 0.4]
		}
	}
}