{
	"credit": "https://www.youtube.com/c/ZeroCaty",
	"textures": {
		"0": "block/gray_terracotta",
		"2": "block/red_stained_glass",
		"3": "block/red_terracotta",
		"4": "block/black_concrete_powder",
		"5": "zcbm_item/caves/gem_red",
		"particle": "block/red_terracotta"
	},
	"elements": [
		{
			"from": [7, 3.3, 1],
			"to": [9, 6.3, 2],
			"faces": {
				"north": {"uv": [0, 0, 2, 3], "texture": "#0"},
				"east": {"uv": [0, 0, 1, 5], "texture": "#0"},
				"south": {"uv": [0, 0, 14, 3], "texture": "#0"},
				"west": {"uv": [0, 0, 1, 5], "texture": "#0"},
				"up": {"uv": [0, 0, 16, 1], "texture": "#0"},
				"down": {"uv": [0, 0, 2, 1], "texture": "#0"}
			}
		},
		{
			"from": [0.6, -7.7, 1],
			"to": [15.4, 2, 4.6],
			"faces": {
				"north": {"uv": [0, 0, 14.8, 9.7], "texture": "#4"},
				"east": {"uv": [0, 0, 3.6, 9.7], "texture": "#4"},
				"south": {"uv": [0, 0, 14.8, 9.7], "texture": "#4"},
				"west": {"uv": [0, 0, 3.6, 9.7], "texture": "#4"},
				"up": {"uv": [0, 0, 14.8, 3.6], "texture": "#4"},
				"down": {"uv": [0, 0, 14.8, 3.6], "texture": "#4"}
			}
		},
		{
			"from": [1, 6.3, 1],
			"to": [15, 8, 2],
			"faces": {
				"north": {"uv": [0, 0, 14, 2.7], "texture": "#0"},
				"east": {"uv": [0, 0, 1, 2.7], "texture": "#0"},
				"south": {"uv": [0, 0, 14, 3], "texture": "#0"},
				"west": {"uv": [0, 0, 1, 2.7], "texture": "#0"},
				"up": {"uv": [0, 0, 16, 1], "texture": "#0"},
				"down": {"uv": [0, 0, 14, 1], "texture": "#0"}
			}
		},
		{
			"from": [9, 5.3, 1],
			"to": [14, 6.3, 2],
			"faces": {
				"north": {"uv": [0, 0, 5, 1], "texture": "#3"},
				"east": {"uv": [0, 0, 1, 2.7], "texture": "#0"},
				"south": {"uv": [0, 0, 14, 3], "texture": "#0"},
				"west": {"uv": [0, 0, 1, 2.7], "texture": "#0"},
				"up": {"uv": [0, 0, 16, 1], "texture": "#0"},
				"down": {"uv": [0, 0, 14, 1], "texture": "#0"}
			}
		},
		{
			"from": [2, 5.3, 1],
			"to": [7, 6.3, 2],
			"rotation": {"angle": 0, "axis": "y", "origin": [1, 8, 8]},
			"faces": {
				"north": {"uv": [0, 0, 5, 1], "texture": "#3"},
				"east": {"uv": [0, 0, 1, 2.7], "texture": "#0"},
				"south": {"uv": [0, 0, 14, 3], "texture": "#0"},
				"west": {"uv": [0, 0, 1, 2.7], "texture": "#0"},
				"up": {"uv": [0, 0, 16, 1], "texture": "#0"},
				"down": {"uv": [0, 0, 14, 1], "texture": "#0"}
			}
		},
		{
			"from": [9, 2, 1],
			"to": [14, 3, 2],
			"faces": {
				"north": {"uv": [0, 0, 5, 1], "texture": "#3"},
				"east": {"uv": [0, 0, 1, 2.7], "texture": "#0"},
				"south": {"uv": [0, 0, 14, 3], "texture": "#0"},
				"west": {"uv": [0, 0, 1, 2.7], "texture": "#0"},
				"up": {"uv": [0, 0, 16, 1], "texture": "#0"},
				"down": {"uv": [0, 0, 5, 1], "texture": "#0"}
			}
		},
		{
			"from": [2, 2, 1],
			"to": [7, 3, 2],
			"rotation": {"angle": 0, "axis": "y", "origin": [1, 8, 8]},
			"faces": {
				"north": {"uv": [0, 0, 5, 1], "texture": "#3"},
				"east": {"uv": [0, 0, 1, 2.7], "texture": "#0"},
				"south": {"uv": [0, 0, 14, 3], "texture": "#0"},
				"west": {"uv": [0, 0, 1, 2.7], "texture": "#0"},
				"up": {"uv": [0, 0, 16, 1], "texture": "#0"},
				"down": {"uv": [0, 0, 5, 1], "texture": "#0"}
			}
		},
		{
			"from": [9, 3, 1],
			"to": [10, 5.3, 2],
			"faces": {
				"north": {"uv": [0, 0, 1, 2.3], "texture": "#3"},
				"east": {"uv": [0, 0, 1, 2.7], "texture": "#0"},
				"south": {"uv": [0, 0, 14, 3], "texture": "#0"},
				"west": {"uv": [0, 0, 1, 2.7], "texture": "#0"},
				"up": {"uv": [0, 0, 16, 1], "texture": "#0"},
				"down": {"uv": [0, 0, 14, 1], "texture": "#0"}
			}
		},
		{
			"from": [2, 3, 1],
			"to": [3, 5.3, 2],
			"rotation": {"angle": 0, "axis": "y", "origin": [1, 8, 8]},
			"faces": {
				"north": {"uv": [0, 0, 1, 2.3], "texture": "#3"},
				"east": {"uv": [0, 0, 1, 2.7], "texture": "#0"},
				"south": {"uv": [0, 0, 14, 3], "texture": "#0"},
				"west": {"uv": [0, 0, 1, 2.7], "texture": "#0"},
				"up": {"uv": [0, 0, 16, 1], "texture": "#0"},
				"down": {"uv": [0, 0, 14, 1], "texture": "#0"}
			}
		},
		{
			"from": [13, 3, 1],
			"to": [14, 5.3, 2],
			"faces": {
				"north": {"uv": [0, 0, 1, 2.3], "texture": "#3"},
				"east": {"uv": [0, 0, 1, 2.7], "texture": "#0"},
				"south": {"uv": [0, 0, 14, 3], "texture": "#0"},
				"west": {"uv": [0, 0, 1, 2.7], "texture": "#0"},
				"up": {"uv": [0, 0, 16, 1], "texture": "#0"},
				"down": {"uv": [0, 0, 14, 1], "texture": "#0"}
			}
		},
		{
			"from": [6, 3, 1],
			"to": [7, 5.3, 2],
			"rotation": {"angle": 0, "axis": "y", "origin": [1, 8, 8]},
			"faces": {
				"north": {"uv": [0, 0, 1, 2.3], "texture": "#3"},
				"east": {"uv": [0, 0, 1, 2.7], "texture": "#0"},
				"south": {"uv": [0, 0, 14, 3], "texture": "#0"},
				"west": {"uv": [0, 0, 1, 2.7], "texture": "#0"},
				"up": {"uv": [0, 0, 16, 1], "texture": "#0"},
				"down": {"uv": [0, 0, 14, 1], "texture": "#0"}
			}
		},
		{
			"from": [6, 8, 1],
			"to": [10, 15.7, 2],
			"faces": {
				"north": {"uv": [0, 0, 4, 7.7], "texture": "#0"},
				"east": {"uv": [0, 0, 1, 7.7], "texture": "#0"},
				"south": {"uv": [0, 0, 4, 7.7], "texture": "#0"},
				"west": {"uv": [0, 0, 1, 7.7], "texture": "#0"},
				"up": {"uv": [0, 0, 4, 1], "texture": "#0"},
				"down": {"uv": [0, 0, 14, 1], "texture": "#0"}
			}
		},
		{
			"from": [6, 8, 0.975],
			"to": [10, 12, 1.075],
			"faces": {
				"north": {"uv": [1, 0, 16, 15.7], "texture": "#5"},
				"east": {"uv": [0, 0, 1, 7.7], "texture": "#0"},
				"west": {"uv": [0, 0, 1, 7.7], "texture": "#0"},
				"up": {"uv": [0, 0, 4, 1], "texture": "#0"},
				"down": {"uv": [0, 0, 14, 1], "texture": "#0"}
			}
		},
		{
			"from": [6, 15, 2],
			"to": [10, 15.7, 15],
			"faces": {
				"north": {"uv": [0, 0, 14, 2.7], "texture": "#0"},
				"east": {"uv": [0, 0, 1, 2.7], "texture": "#0"},
				"south": {"uv": [0, 0, 14, 3], "texture": "#0"},
				"west": {"uv": [0, 0, 1, 2.7], "texture": "#0"},
				"up": {"uv": [0, 0, 4, 13], "texture": "#0"},
				"down": {"uv": [0, 0, 14, 1], "texture": "#0"}
			}
		},
		{
			"from": [1, 3, 1],
			"to": [2, 6.3, 2],
			"faces": {
				"north": {"uv": [0, 0, 1, 3.3], "texture": "#0"},
				"east": {"uv": [0, 0, 1, 5], "texture": "#0"},
				"south": {"uv": [0, 0, 14, 3], "texture": "#0"},
				"west": {"uv": [0, 0, 1, 3.3], "texture": "#0"},
				"up": {"uv": [0, 0, 16, 1], "texture": "#0"},
				"down": {"uv": [0, 0, 14, 1], "texture": "#0"}
			}
		},
		{
			"from": [14, 3, 1],
			"to": [15, 6.3, 2],
			"faces": {
				"north": {"uv": [0, 0, 1, 3.3], "texture": "#0"},
				"east": {"uv": [0, 0, 1, 3.3], "texture": "#0"},
				"south": {"uv": [0, 0, 14, 3], "texture": "#0"},
				"west": {"uv": [0, 0, 1, 5], "texture": "#0"},
				"up": {"uv": [0, 0, 16, 1], "texture": "#0"},
				"down": {"uv": [0, 0, 14, 1], "texture": "#0"}
			}
		},
		{
			"from": [10, 3, 1.4],
			"to": [13, 5.3, 2],
			"faces": {
				"north": {"uv": [0, 0, 16, 16], "texture": "#2"}
			}
		},
		{
			"from": [3, 3, 1.4],
			"to": [6, 5.3, 2],
			"faces": {
				"north": {"uv": [0, 0, 16, 16], "texture": "#2"}
			}
		},
		{
			"from": [1, 2, 1],
			"to": [2, 3, 2],
			"faces": {
				"north": {"uv": [0, 0, 1, 1], "texture": "#0"},
				"east": {"uv": [0, 0, 1, 1], "texture": "#0"},
				"south": {"uv": [0, 0, 14, 3], "texture": "#0"},
				"west": {"uv": [0, 0, 1, 1], "texture": "#0"},
				"up": {"uv": [0, 0, 16, 1], "texture": "#0"},
				"down": {"uv": [0, 0, 1, 1], "texture": "#0"}
			}
		},
		{
			"from": [14, 2, 1],
			"to": [15, 3, 2],
			"faces": {
				"north": {"uv": [0, 0, 1, 1], "texture": "#0"},
				"east": {"uv": [0, 0, 1, 1], "texture": "#0"},
				"south": {"uv": [0, 0, 14, 3], "texture": "#0"},
				"west": {"uv": [0, 0, 1, 1], "texture": "#0"},
				"up": {"uv": [0, 0, 16, 1], "texture": "#0"},
				"down": {"uv": [0, 0, 1, 1], "texture": "#0"}
			}
		},
		{
			"from": [1, 0, 14],
			"to": [15, 8, 15],
			"faces": {
				"north": {"uv": [0, 0, 14, 3], "texture": "#0"},
				"east": {"uv": [0, 0, 1, 8], "texture": "#0"},
				"south": {"uv": [0, 0, 14, 8], "texture": "#0"},
				"west": {"uv": [0, 0, 1, 8], "texture": "#0"},
				"up": {"uv": [0, 0, 14, 1], "texture": "#0"},
				"down": {"uv": [0, 0, 14, 1], "texture": "#0"}
			}
		},
		{
			"from": [14, 0, 2],
			"to": [15, 8, 14],
			"faces": {
				"north": {"uv": [0, 0, 1, 8], "texture": "#0"},
				"east": {"uv": [0, 0, 12, 8], "texture": "#0"},
				"south": {"uv": [0, 0, 16, 1], "texture": "#0"},
				"west": {"uv": [0, 0, 12, 5], "texture": "#0"},
				"up": {"uv": [0, 0, 1, 12], "texture": "#0"},
				"down": {"uv": [0, 0, 1, 12], "texture": "#0"}
			}
		},
		{
			"from": [1, 0, 2],
			"to": [2, 8, 14],
			"faces": {
				"north": {"uv": [0, 0, 1, 8], "texture": "#0"},
				"east": {"uv": [0, 0, 12, 3], "texture": "#0"},
				"south": {"uv": [0, 0, 16, 1], "texture": "#0"},
				"west": {"uv": [0, 0, 12, 8], "texture": "#0"},
				"up": {"uv": [0, 0, 1, 12], "texture": "#0"},
				"down": {"uv": [0, 0, 1, 12], "texture": "#0"}
			}
		}
	]
}