{
	"credit": "https://www.youtube.com/c/ZeroCaty",
	"textures": {
		"0": "block/gray_terracotta",
		"3": "zcbm_item/caves/gem",
		"4": "block/black_concrete_powder",
		"5": "block/blue_terracotta",
		"6": "block/blue_stained_glass",
		"particle": "zcbm_item/caves/gem"
	},
	"elements": [
		{
			"from": [7, 3.3, 1],
			"to": [9, 5.3, 2],
			"faces": {
				"north": {"uv": [0, 0, 2, 2], "texture": "#0"},
				"east": {"uv": [0, 0, 1, 5], "texture": "#0"},
				"south": {"uv": [0, 0, 2, 2], "texture": "#0"},
				"west": {"uv": [0, 0, 1, 5], "texture": "#0"},
				"up": {"uv": [0, 0, 16, 1], "texture": "#0"},
				"down": {"uv": [0, 0, 4, 1], "texture": "#0"}
			}
		},
		{
			"from": [6, 5.3, 1],
			"to": [10, 6.3, 2],
			"faces": {
				"north": {"uv": [0, 0, 4, 1], "texture": "#0"},
				"east": {"uv": [0, 0, 1, 5], "texture": "#0"},
				"south": {"uv": [0, 0, 4, 1], "texture": "#0"},
				"west": {"uv": [0, 0, 1, 1], "texture": "#0"},
				"up": {"uv": [0, 0, 16, 1], "texture": "#0"},
				"down": {"uv": [0, 0, 4, 1], "texture": "#0"}
			}
		},
		{
			"from": [9, 2.3, 1],
			"to": [10, 5.3, 2],
			"faces": {
				"north": {"uv": [5, 4, 6, 7], "texture": "#5"},
				"east": {"uv": [0, 0, 1, 5], "texture": "#0"},
				"south": {"uv": [0, 0, 1, 3], "texture": "#0"},
				"west": {"uv": [0, 0, 1, 5], "texture": "#0"},
				"up": {"uv": [0, 0, 16, 1], "texture": "#0"},
				"down": {"uv": [0, 0, 4, 1], "texture": "#0"}
			}
		},
		{
			"from": [13, 3.3, 1],
			"to": [14, 5.3, 2],
			"faces": {
				"north": {"uv": [0, 6, 1, 8], "texture": "#5"},
				"east": {"uv": [0, 0, 1, 5], "texture": "#0"},
				"south": {"uv": [0, 0, 1, 2], "texture": "#0"},
				"west": {"uv": [0, 0, 1, 5], "texture": "#0"},
				"up": {"uv": [0, 0, 16, 1], "texture": "#0"},
				"down": {"uv": [0, 0, 4, 1], "texture": "#0"}
			}
		},
		{
			"from": [2, 3.3, 1],
			"to": [3, 5.3, 2],
			"faces": {
				"north": {"uv": [8, 6, 9, 8], "texture": "#5"},
				"east": {"uv": [0, 0, 1, 5], "texture": "#0"},
				"south": {"uv": [0, 0, 1, 2], "texture": "#0"},
				"west": {"uv": [0, 0, 1, 5], "texture": "#0"},
				"up": {"uv": [0, 0, 16, 1], "texture": "#0"},
				"down": {"uv": [0, 0, 4, 1], "texture": "#0"}
			}
		},
		{
			"from": [10, 2.3, 1],
			"to": [14, 3.3, 2],
			"faces": {
				"north": {"uv": [7, 9, 11, 10], "texture": "#5"},
				"east": {"uv": [0, 0, 1, 5], "texture": "#0"},
				"south": {"uv": [0, 0, 4, 1], "texture": "#0"},
				"west": {"uv": [0, 0, 1, 5], "texture": "#0"},
				"up": {"uv": [0, 0, 16, 1], "texture": "#0"},
				"down": {"uv": [0, 0, 4, 1], "texture": "#0"}
			}
		},
		{
			"from": [10, 5.3, 1],
			"to": [14, 6.3, 2],
			"faces": {
				"north": {"uv": [0, 5, 4, 6], "texture": "#5"},
				"east": {"uv": [0, 0, 1, 5], "texture": "#0"},
				"south": {"uv": [0, 0, 4, 1], "texture": "#0"},
				"west": {"uv": [0, 0, 1, 5], "texture": "#0"},
				"up": {"uv": [0, 0, 16, 1], "texture": "#0"},
				"down": {"uv": [0, 0, 4, 1], "texture": "#0"}
			}
		},
		{
			"from": [2, 5.3, 1],
			"to": [6, 6.3, 2],
			"faces": {
				"north": {"uv": [4, 9, 8, 10], "texture": "#5"},
				"east": {"uv": [0, 0, 1, 5], "texture": "#0"},
				"south": {"uv": [0, 0, 4, 1], "texture": "#0"},
				"west": {"uv": [0, 0, 1, 5], "texture": "#0"},
				"up": {"uv": [0, 0, 16, 1], "texture": "#0"},
				"down": {"uv": [0, 0, 4, 1], "texture": "#0"}
			}
		},
		{
			"from": [2, 2.3, 1],
			"to": [6, 3.3, 2],
			"faces": {
				"north": {"uv": [0, 9, 4, 10], "texture": "#5"},
				"east": {"uv": [0, 0, 1, 5], "texture": "#0"},
				"south": {"uv": [0, 0, 4, 1], "texture": "#0"},
				"west": {"uv": [0, 0, 1, 5], "texture": "#0"},
				"up": {"uv": [0, 0, 16, 1], "texture": "#0"},
				"down": {"uv": [0, 0, 4, 1], "texture": "#0"}
			}
		},
		{
			"from": [6, 2.3, 1],
			"to": [7, 5.3, 2],
			"faces": {
				"north": {"uv": [14, 4, 15, 7], "texture": "#5"},
				"east": {"uv": [0, 0, 1, 5], "texture": "#0"},
				"south": {"uv": [0, 0, 1, 3], "texture": "#0"},
				"west": {"uv": [0, 0, 1, 5], "texture": "#0"},
				"up": {"uv": [0, 0, 16, 1], "texture": "#0"},
				"down": {"uv": [0, 0, 4, 1], "texture": "#0"}
			}
		},
		{
			"from": [11.99065, 2.20272, 0.65],
			"to": [17.99065, 3.30272, 1.9],
			"rotation": {"angle": -22.5, "axis": "z", "origin": [6.99065, 9.70272, 7.7]},
			"faces": {
				"north": {"uv": [0, 0, 9, 1.1], "texture": "#4"},
				"east": {"uv": [0, 0, 0.2, 1.1], "texture": "#4"},
				"south": {"uv": [0, 0, 9, 1.1], "texture": "#4"},
				"west": {"uv": [0, 0, 0.2, 1.1], "texture": "#4"},
				"up": {"uv": [0, 0, 9, 0.2], "texture": "#4"},
				"down": {"uv": [0, 0, 9, 0.2], "texture": "#4"}
			}
		},
		{
			"from": [-1.99065, 2.20272, 0.675],
			"to": [4.00935, 3.30272, 1.925],
			"rotation": {"angle": 22.5, "axis": "z", "origin": [9.00935, 9.70272, 7.7]},
			"faces": {
				"north": {"uv": [9, 0, 0, 1.1], "texture": "#4"},
				"east": {"uv": [0.2, 0, 0, 1.1], "texture": "#4"},
				"south": {"uv": [9, 0, 0, 1.1], "texture": "#4"},
				"west": {"uv": [0.2, 0, 0, 1.1], "texture": "#4"},
				"up": {"uv": [9, 0, 0, 0.2], "texture": "#4"},
				"down": {"uv": [9, 0, 0, 0.2], "texture": "#4"}
			}
		},
		{
			"from": [18.3, 6.8, 0.7],
			"to": [19.6, 8.9, 1.925],
			"rotation": {"angle": -45, "axis": "z", "origin": [7, 9.1, 7.7]},
			"faces": {
				"north": {"uv": [7, 5, 8.3, 7.1], "texture": "#4"},
				"east": {"uv": [0, 0, 0.2, 2.1], "texture": "#4"},
				"south": {"uv": [0, 0, 1.3, 2.1], "texture": "#4"},
				"west": {"uv": [0, 0, 0.2, 2.1], "texture": "#4"},
				"up": {"uv": [0, 0, 1.3, 0.2], "texture": "#4"},
				"down": {"uv": [0, 0, 1.3, 0.2], "texture": "#4"}
			}
		},
		{
			"from": [-3.6, 6.8, 0.7],
			"to": [-2.3, 8.9, 1.9],
			"rotation": {"angle": 45, "axis": "z", "origin": [9, 9.1, 7.7]},
			"faces": {
				"north": {"uv": [8.3, 5, 7, 7.1], "texture": "#4"},
				"east": {"uv": [0.2, 0, 0, 2.1], "texture": "#4"},
				"south": {"uv": [1.3, 0, 0, 2.1], "texture": "#4"},
				"west": {"uv": [0.2, 0, 0, 2.1], "texture": "#4"},
				"up": {"uv": [1.3, 0, 0, 0.2], "texture": "#4"},
				"down": {"uv": [1.3, 0, 0, 0.2], "texture": "#4"}
			}
		},
		{
			"from": [17.25693, 4.06929, 0.725],
			"to": [18.55693, 6.16929, 1.875],
			"rotation": {"angle": -22.5, "axis": "z", "origin": [7.05693, 9.06929, 7.675]},
			"faces": {
				"north": {"uv": [6, 6, 7.3, 8.1], "texture": "#4"},
				"east": {"uv": [0, 0, 0.2, 2.1], "texture": "#4"},
				"south": {"uv": [0, 0, 1.3, 2.1], "texture": "#4"},
				"west": {"uv": [0, 0, 0.2, 2.1], "texture": "#4"},
				"up": {"uv": [0, 0, 1.3, 0.2], "texture": "#4"},
				"down": {"uv": [0, 0, 1.3, 0.2], "texture": "#4"}
			}
		},
		{
			"from": [-2.55693, 4.06929, 0.725],
			"to": [-1.25693, 6.16929, 1.875],
			"rotation": {"angle": 22.5, "axis": "z", "origin": [8.94307, 9.06929, 7.675]},
			"faces": {
				"north": {"uv": [7.3, 6, 6, 8.1], "texture": "#4"},
				"east": {"uv": [0.2, 0, 0, 2.1], "texture": "#4"},
				"south": {"uv": [1.3, 0, 0, 2.1], "texture": "#4"},
				"west": {"uv": [0.2, 0, 0, 2.1], "texture": "#4"},
				"up": {"uv": [1.3, 0, 0, 0.2], "texture": "#4"},
				"down": {"uv": [1.3, 0, 0, 0.2], "texture": "#4"}
			}
		},
		{
			"from": [15.27176, 1.98918, 0.7],
			"to": [16.57176, 4.08918, 1.9],
			"rotation": {"angle": 0, "axis": "z", "origin": [7.07176, 8.98918, 7.7]},
			"faces": {
				"north": {"uv": [3, 5, 4.3, 7.1], "texture": "#4"},
				"east": {"uv": [0, 0, 0.2, 2.1], "texture": "#4"},
				"south": {"uv": [0, 0, 1.3, 2.1], "texture": "#4"},
				"west": {"uv": [0, 0, 0.2, 2.1], "texture": "#4"},
				"up": {"uv": [0, 0, 1.3, 0.2], "texture": "#4"},
				"down": {"uv": [0, 0, 1.3, 0.2], "texture": "#4"}
			}
		},
		{
			"from": [-0.57176, 1.98918, 0.7],
			"to": [0.72824, 4.08918, 1.9],
			"rotation": {"angle": 0, "axis": "z", "origin": [8.92824, 8.98918, 7.7]},
			"faces": {
				"north": {"uv": [4.3, 5, 3, 7.1], "texture": "#4"},
				"east": {"uv": [0.2, 0, 0, 2.1], "texture": "#4"},
				"south": {"uv": [1.3, 0, 0, 2.1], "texture": "#4"},
				"west": {"uv": [0.2, 0, 0, 2.1], "texture": "#4"},
				"up": {"uv": [1.3, 0, 0, 0.2], "texture": "#4"},
				"down": {"uv": [1.3, 0, 0, 0.2], "texture": "#4"}
			}
		},
		{
			"from": [12.61311, 0.85513, 0.725],
			"to": [13.91311, 2.95513, 1.875],
			"rotation": {"angle": 22.5, "axis": "z", "origin": [7.11311, 9.15513, 7.675]},
			"faces": {
				"north": {"uv": [5, 6, 6.3, 8.1], "texture": "#4"},
				"east": {"uv": [0, 0, 0.2, 2.1], "texture": "#4"},
				"south": {"uv": [0, 0, 1.3, 2.1], "texture": "#4"},
				"west": {"uv": [0, 0, 0.2, 2.1], "texture": "#4"},
				"up": {"uv": [0, 0, 1.3, 0.2], "texture": "#4"},
				"down": {"uv": [0, 0, 1.3, 0.2], "texture": "#4"}
			}
		},
		{
			"from": [2.08689, 0.85513, 0.725],
			"to": [3.38689, 2.95513, 1.875],
			"rotation": {"angle": -22.5, "axis": "z", "origin": [8.88689, 9.15513, 7.675]},
			"faces": {
				"north": {"uv": [6.3, 6, 5, 8.1], "texture": "#4"},
				"east": {"uv": [0.2, 0, 0, 2.1], "texture": "#4"},
				"south": {"uv": [1.3, 0, 0, 2.1], "texture": "#4"},
				"west": {"uv": [0.2, 0, 0, 2.1], "texture": "#4"},
				"up": {"uv": [1.3, 0, 0, 0.2], "texture": "#4"},
				"down": {"uv": [1.3, 0, 0, 0.2], "texture": "#4"}
			}
		},
		{
			"from": [1, 6.3, 1],
			"to": [15, 8, 2],
			"faces": {
				"north": {"uv": [0, 0, 14, 1.7], "texture": "#0"},
				"east": {"uv": [0, 0, 1, 2.7], "texture": "#0"},
				"south": {"uv": [0, 0, 14, 1.7], "texture": "#0"},
				"west": {"uv": [0, 0, 1, 2.7], "texture": "#0"},
				"up": {"uv": [0, 0, 16, 1], "texture": "#0"},
				"down": {"uv": [0, 0, 14, 1], "texture": "#0"}
			}
		},
		{
			"from": [6, 5.3, 0.9],
			"to": [10, 9.3, 1],
			"faces": {
				"north": {"uv": [1, 0, 16, 16], "texture": "#3"}
			}
		},
		{
			"from": [1, 3, 1],
			"to": [2, 6.3, 2],
			"faces": {
				"north": {"uv": [0, 0, 1, 3.3], "texture": "#0"},
				"east": {"uv": [0, 0, 1, 5], "texture": "#0"},
				"south": {"uv": [0, 0, 14, 3], "texture": "#0"},
				"west": {"uv": [0, 0, 1, 3.3], "texture": "#0"},
				"up": {"uv": [0, 0, 16, 1], "texture": "#0"},
				"down": {"uv": [0, 0, 14, 1], "texture": "#0"}
			}
		},
		{
			"from": [14, 3, 1],
			"to": [15, 6.3, 2],
			"faces": {
				"north": {"uv": [0, 0, 1, 3.3], "texture": "#0"},
				"east": {"uv": [0, 0, 1, 3.3], "texture": "#0"},
				"south": {"uv": [0, 0, 14, 3], "texture": "#0"},
				"west": {"uv": [0, 0, 1, 5], "texture": "#0"},
				"up": {"uv": [0, 0, 16, 1], "texture": "#0"},
				"down": {"uv": [0, 0, 14, 1], "texture": "#0"}
			}
		},
		{
			"from": [10, 3, 1.4],
			"to": [13, 5.3, 2],
			"faces": {
				"north": {"uv": [0, 0, 16, 16], "texture": "#6"}
			}
		},
		{
			"from": [3, 3, 1.4],
			"to": [6, 5.3, 2],
			"faces": {
				"north": {"uv": [0, 0, 16, 16], "texture": "#6"}
			}
		},
		{
			"from": [14, 2, 1],
			"to": [15, 3, 2],
			"faces": {
				"north": {"uv": [0, 0, 5, 1], "texture": "#0"},
				"east": {"uv": [0, 0, 1, 1], "texture": "#0"},
				"south": {"uv": [0, 0, 14, 3], "texture": "#0"},
				"west": {"uv": [0, 0, 1, 1], "texture": "#0"},
				"up": {"uv": [0, 0, 16, 1], "texture": "#0"},
				"down": {"uv": [0, 0, 5, 1], "texture": "#0"}
			}
		},
		{
			"from": [1, 2, 1],
			"to": [2, 3, 2],
			"faces": {
				"north": {"uv": [0, 0, 5, 1], "texture": "#0"},
				"east": {"uv": [0, 0, 1, 1], "texture": "#0"},
				"south": {"uv": [0, 0, 14, 3], "texture": "#0"},
				"west": {"uv": [0, 0, 1, 1], "texture": "#0"},
				"up": {"uv": [0, 0, 16, 1], "texture": "#0"},
				"down": {"uv": [0, 0, 5, 1], "texture": "#0"}
			}
		},
		{
			"from": [1, 0, 14],
			"to": [15, 8, 15],
			"faces": {
				"north": {"uv": [0, 0, 14, 3], "texture": "#0"},
				"east": {"uv": [0, 0, 1, 8], "texture": "#0"},
				"south": {"uv": [0, 0, 14, 8], "texture": "#0"},
				"west": {"uv": [0, 0, 1, 8], "texture": "#0"},
				"up": {"uv": [0, 0, 14, 1], "texture": "#0"},
				"down": {"uv": [0, 0, 14, 1], "texture": "#0"}
			}
		},
		{
			"from": [14, 0, 2],
			"to": [15, 8, 14],
			"faces": {
				"north": {"uv": [0, 0, 1, 8], "texture": "#0"},
				"east": {"uv": [0, 0, 12, 8], "texture": "#0"},
				"south": {"uv": [0, 0, 16, 1], "texture": "#0"},
				"west": {"uv": [0, 0, 12, 5], "texture": "#0"},
				"up": {"uv": [0, 0, 1, 12], "texture": "#0"},
				"down": {"uv": [0, 0, 1, 12], "texture": "#0"}
			}
		},
		{
			"from": [1, 12, 1],
			"to": [15, 15, 15],
			"faces": {
				"north": {"uv": [0, 0, 14, 3], "texture": "#0"},
				"east": {"uv": [0, 0, 14, 3], "texture": "#0"},
				"south": {"uv": [0, 0, 14, 3], "texture": "#0"},
				"west": {"uv": [0, 0, 14, 3], "texture": "#0"},
				"up": {"uv": [0, 0, 14, 14], "texture": "#0"},
				"down": {"uv": [0, 0, 14, 14], "texture": "#0"}
			}
		},
		{
			"from": [1, 0, 2],
			"to": [2, 8, 14],
			"faces": {
				"north": {"uv": [0, 0, 1, 8], "texture": "#0"},
				"east": {"uv": [0, 0, 12, 3], "texture": "#0"},
				"south": {"uv": [0, 0, 16, 1], "texture": "#0"},
				"west": {"uv": [0, 0, 12, 8], "texture": "#0"},
				"up": {"uv": [0, 0, 1, 12], "texture": "#0"},
				"down": {"uv": [0, 0, 1, 12], "texture": "#0"}
			}
		}
	]
}