{
	"credit": "https://www.youtube.com/c/ZeroCaty",
	"textures": {
		"1": "block/gray_concrete",
		"2": "block/black_concrete",
		"3": "block/red_concrete"
	},
	"elements": [
		{
			"from": [7.7, 0.3, 10.3],
			"to": [8.3, 2.3, 11],
			"rotation": {"angle": -22.5, "axis": "x", "origin": [8, 0.5, 10.5]},
			"faces": {
				"north": {"uv": [0, 0, 16, 16], "texture": "#1"},
				"east": {"uv": [0, 0, 16, 16], "texture": "#1"},
				"south": {"uv": [0, 0, 16, 16], "texture": "#1"},
				"west": {"uv": [0, 0, 16, 16], "texture": "#1"},
				"up": {"uv": [0, 0, 16, 16], "texture": "#1"},
				"down": {"uv": [0, 0, 16, 16], "texture": "#1"}
			}
		},
		{
			"from": [7.6, 2.1, 9.5],
			"to": [8.4, 2.7, 10.6],
			"faces": {
				"north": {"uv": [0, 0, 16, 16], "texture": "#1"},
				"east": {"uv": [0, 0, 16, 16], "texture": "#1"},
				"south": {"uv": [0, 0, 16, 16], "texture": "#1"},
				"west": {"uv": [0, 0, 16, 16], "texture": "#1"},
				"up": {"uv": [0, 0, 16, 16], "texture": "#1"},
				"down": {"uv": [0, 0, 16, 16], "texture": "#1"}
			}
		},
		{
			"from": [7.8, 1.5, 9.15],
			"to": [8.2, 1.6, 9.8],
			"faces": {
				"north": {"uv": [0, 0, 16, 16], "texture": "#1"},
				"east": {"uv": [0, 0, 16, 16], "texture": "#1"},
				"south": {"uv": [0, 0, 16, 16], "texture": "#1"},
				"west": {"uv": [0, 0, 16, 16], "texture": "#1"},
				"up": {"uv": [0, 0, 16, 16], "texture": "#1"},
				"down": {"uv": [0, 0, 16, 16], "texture": "#1"}
			}
		},
		{
			"from": [7.8, 1.6, 9.1],
			"to": [8.2, 1.7, 9.6],
			"rotation": {"angle": 45, "axis": "x", "origin": [8, 2.05, 9.25]},
			"faces": {
				"north": {"uv": [0, 0, 16, 16], "texture": "#1"},
				"east": {"uv": [0, 0, 16, 16], "texture": "#1"},
				"south": {"uv": [0, 0, 16, 16], "texture": "#1"},
				"west": {"uv": [0, 0, 16, 16], "texture": "#1"},
				"up": {"uv": [0, 0, 16, 16], "texture": "#1"},
				"down": {"uv": [0, 0, 16, 16], "texture": "#1"}
			}
		},
		{
			"from": [7.9, 2.1, 9.4],
			"to": [8.1, 2.4, 9.5],
			"rotation": {"angle": 22.5, "axis": "x", "origin": [8, 2.05, 9.05]},
			"faces": {
				"north": {"uv": [0, 0, 16, 16], "rotation": 90, "texture": "#1"},
				"east": {"uv": [0, 0, 16, 16], "rotation": 90, "texture": "#1"},
				"south": {"uv": [0, 0, 16, 16], "rotation": 90, "texture": "#1"},
				"west": {"uv": [0, 0, 16, 16], "rotation": 90, "texture": "#1"},
				"up": {"uv": [0, 0, 16, 16], "rotation": 90, "texture": "#1"},
				"down": {"uv": [0, 0, 16, 16], "rotation": 90, "texture": "#1"}
			}
		},
		{
			"from": [7.68, 0.4, 10.2],
			"to": [8.32, 2.8, 11.1],
			"rotation": {"angle": -22.5, "axis": "x", "origin": [8, 0.5, 10.5]},
			"faces": {
				"north": {"uv": [0, 0, 16, 16], "texture": "#1"},
				"east": {"uv": [0, 0, 16, 16], "texture": "#1"},
				"south": {"uv": [0, 0, 16, 16], "texture": "#1"},
				"west": {"uv": [0, 0, 16, 16], "texture": "#1"},
				"up": {"uv": [0, 0, 16, 16], "texture": "#1"},
				"down": {"uv": [0, 0, 16, 16], "texture": "#1"}
			}
		},
		{
			"from": [7.6, 2.1, 5.1],
			"to": [8.4, 2.2, 9.8],
			"faces": {
				"north": {"uv": [0, 0, 16, 16], "texture": "#1"},
				"east": {"uv": [0, 0, 16, 16], "texture": "#1"},
				"south": {"uv": [0, 0, 16, 16], "texture": "#1"},
				"west": {"uv": [0, 0, 16, 16], "texture": "#1"},
				"up": {"uv": [0, 0, 16, 16], "texture": "#1"},
				"down": {"uv": [0, 0, 16, 16], "texture": "#1"}
			}
		},
		{
			"from": [7.8, 1.82574, 8.91716],
			"to": [8.2, 2.27574, 9.01716],
			"rotation": {"angle": -22.5, "axis": "x", "origin": [8, 1.62574, 8.96716]},
			"faces": {
				"north": {"uv": [0, 0, 16, 16], "rotation": 180, "texture": "#1"},
				"east": {"uv": [0, 0, 16, 16], "rotation": 270, "texture": "#1"},
				"south": {"uv": [0, 0, 16, 16], "texture": "#1"},
				"west": {"uv": [0, 0, 16, 16], "rotation": 90, "texture": "#1"},
				"up": {"uv": [0, 0, 16, 16], "rotation": 180, "texture": "#1"},
				"down": {"uv": [0, 0, 16, 16], "texture": "#1"}
			}
		},
		{
			"from": [7.6, 2.3, 5.2],
			"to": [8.4, 2.9, 10.6],
			"faces": {
				"north": {"uv": [0, 0, 16, 16], "texture": "#1"},
				"east": {"uv": [0, 0, 16, 16], "texture": "#1"},
				"south": {"uv": [0, 0, 16, 16], "texture": "#1"},
				"west": {"uv": [0, 0, 16, 16], "texture": "#1"},
				"up": {"uv": [0, 0, 16, 16], "texture": "#1"},
				"down": {"uv": [0, 0, 16, 16], "texture": "#1"}
			}
		},
		{
			"name": "Отверстие",
			"from": [7.8, 2.75, 5.19],
			"to": [8.1, 3.05, 5.2],
			"rotation": {"angle": 45, "axis": "z", "origin": [8, 2.95, 5.195]},
			"faces": {
				"north": {"uv": [0, 0, 16, 16], "texture": "#2"},
				"east": {"uv": [0, 0, 16, 16], "texture": "#2"},
				"south": {"uv": [0, 0, 16, 16], "texture": "#2"},
				"west": {"uv": [0, 0, 16, 16], "texture": "#2"},
				"up": {"uv": [0, 0, 16, 16], "texture": "#2"},
				"down": {"uv": [0, 0, 16, 16], "texture": "#2"}
			}
		},
		{
			"from": [7.96, 2.88, 5.18],
			"to": [8.04, 2.9, 5.19],
			"rotation": {"angle": -45, "axis": "z", "origin": [8, 2.89, 5.185]},
			"faces": {
				"north": {"uv": [0, 0, 0.6, 0.6], "rotation": 180, "texture": "#3"},
				"east": {"uv": [0, 0, 0.6, 0.6], "rotation": 180, "texture": "#3"},
				"south": {"uv": [0, 0, 0.6, 0.6], "rotation": 180, "texture": "#3"},
				"west": {"uv": [0, 0, 0.6, 0.6], "rotation": 180, "texture": "#3"},
				"up": {"uv": [0, 0, 0.6, 0.6], "rotation": 180, "texture": "#3"},
				"down": {"uv": [0, 0, 0.6, 0.6], "rotation": 180, "texture": "#3"}
			}
		},
		{
			"from": [7.96, 2.88, 5.18],
			"to": [8.04, 2.9, 5.19],
			"rotation": {"angle": 45, "axis": "z", "origin": [8, 2.89, 5.185]},
			"faces": {
				"north": {"uv": [0, 0, 0.6, 0.6], "rotation": 180, "texture": "#3"},
				"east": {"uv": [0, 0, 0.6, 0.6], "rotation": 180, "texture": "#3"},
				"south": {"uv": [0, 0, 0.6, 0.6], "rotation": 180, "texture": "#3"},
				"west": {"uv": [0, 0, 0.6, 0.6], "rotation": 180, "texture": "#3"},
				"up": {"uv": [0, 0, 0.6, 0.6], "rotation": 180, "texture": "#3"},
				"down": {"uv": [0, 0, 0.6, 0.6], "rotation": 180, "texture": "#3"}
			}
		},
		{
			"from": [7.99, 2.85, 5.18],
			"to": [8.01, 2.93, 5.19],
			"rotation": {"angle": -22.5, "axis": "z", "origin": [8, 2.89, 5.185]},
			"faces": {
				"north": {"uv": [0, 0, 0.6, 0.6], "rotation": 270, "texture": "#3"},
				"east": {"uv": [0, 0, 0.6, 0.6], "rotation": 270, "texture": "#3"},
				"south": {"uv": [0, 0, 0.6, 0.6], "rotation": 270, "texture": "#3"},
				"west": {"uv": [0, 0, 0.6, 0.6], "rotation": 270, "texture": "#3"},
				"up": {"uv": [0, 0, 0.6, 0.6], "rotation": 270, "texture": "#3"},
				"down": {"uv": [0, 0, 0.6, 0.6], "rotation": 270, "texture": "#3"}
			}
		},
		{
			"from": [7.99, 2.85, 5.18],
			"to": [8.01, 2.93, 5.19],
			"rotation": {"angle": 22.5, "axis": "z", "origin": [8, 2.89, 5.185]},
			"faces": {
				"north": {"uv": [0, 0, 0.6, 0.6], "rotation": 270, "texture": "#3"},
				"east": {"uv": [0, 0, 0.6, 0.6], "rotation": 270, "texture": "#3"},
				"south": {"uv": [0, 0, 0.6, 0.6], "rotation": 270, "texture": "#3"},
				"west": {"uv": [0, 0, 0.6, 0.6], "rotation": 270, "texture": "#3"},
				"up": {"uv": [0, 0, 0.6, 0.6], "rotation": 270, "texture": "#3"},
				"down": {"uv": [0, 0, 0.6, 0.6], "rotation": 270, "texture": "#3"}
			}
		},
		{
			"from": [7.96, 2.88, 5.18],
			"to": [8.04, 2.9, 5.19],
			"faces": {
				"north": {"uv": [0, 0, 0.6, 0.6], "rotation": 180, "texture": "#3"},
				"east": {"uv": [0, 0, 0.6, 0.6], "rotation": 180, "texture": "#3"},
				"south": {"uv": [0, 0, 0.6, 0.6], "rotation": 180, "texture": "#3"},
				"west": {"uv": [0, 0, 0.6, 0.6], "rotation": 180, "texture": "#3"},
				"up": {"uv": [0, 0, 0.6, 0.6], "rotation": 180, "texture": "#3"},
				"down": {"uv": [0, 0, 0.6, 0.6], "rotation": 180, "texture": "#3"}
			}
		},
		{
			"from": [7.96, 2.88, 5.18],
			"to": [8.04, 2.9, 5.19],
			"rotation": {"angle": -22.5, "axis": "z", "origin": [8, 2.89, 5.185]},
			"faces": {
				"north": {"uv": [0, 0, 0.6, 0.6], "rotation": 180, "texture": "#3"},
				"east": {"uv": [0, 0, 0.6, 0.6], "rotation": 180, "texture": "#3"},
				"south": {"uv": [0, 0, 0.6, 0.6], "rotation": 180, "texture": "#3"},
				"west": {"uv": [0, 0, 0.6, 0.6], "rotation": 180, "texture": "#3"},
				"up": {"uv": [0, 0, 0.6, 0.6], "rotation": 180, "texture": "#3"},
				"down": {"uv": [0, 0, 0.6, 0.6], "rotation": 180, "texture": "#3"}
			}
		},
		{
			"from": [7.96, 2.88, 5.18],
			"to": [8.04, 2.9, 5.19],
			"rotation": {"angle": 22.5, "axis": "z", "origin": [8, 2.89, 5.185]},
			"faces": {
				"north": {"uv": [0, 0, 0.6, 0.6], "rotation": 180, "texture": "#3"},
				"east": {"uv": [0, 0, 0.6, 0.6], "rotation": 180, "texture": "#3"},
				"south": {"uv": [0, 0, 0.6, 0.6], "rotation": 180, "texture": "#3"},
				"west": {"uv": [0, 0, 0.6, 0.6], "rotation": 180, "texture": "#3"},
				"up": {"uv": [0, 0, 0.6, 0.6], "rotation": 180, "texture": "#3"},
				"down": {"uv": [0, 0, 0.6, 0.6], "rotation": 180, "texture": "#3"}
			}
		},
		{
			"from": [7.99, 2.85, 5.18],
			"to": [8.01, 2.93, 5.19],
			"faces": {
				"north": {"uv": [0, 0, 0.6, 0.6], "rotation": 90, "texture": "#3"},
				"east": {"uv": [0, 0, 0.6, 0.6], "rotation": 90, "texture": "#3"},
				"south": {"uv": [0, 0, 0.6, 0.6], "rotation": 90, "texture": "#3"},
				"west": {"uv": [0, 0, 0.6, 0.6], "rotation": 90, "texture": "#3"},
				"up": {"uv": [0, 0, 0.6, 0.6], "rotation": 90, "texture": "#3"},
				"down": {"uv": [0, 0, 0.6, 0.6], "rotation": 90, "texture": "#3"}
			}
		},
		{
			"from": [7.65, 3, 10.05],
			"to": [7.85, 3.1, 10.5],
			"rotation": {"angle": 45, "axis": "x", "origin": [8, 3.25, 10.35]},
			"faces": {
				"north": {"uv": [0, 0, 16, 16], "texture": "#1"},
				"east": {"uv": [0, 0, 16, 16], "texture": "#1"},
				"south": {"uv": [0, 0, 16, 16], "texture": "#1"},
				"west": {"uv": [0, 0, 16, 16], "texture": "#1"},
				"up": {"uv": [0, 0, 16, 16], "texture": "#1"},
				"down": {"uv": [0, 0, 16, 16], "texture": "#1"}
			}
		},
		{
			"from": [8.15, 3, 10.05],
			"to": [8.35, 3.1, 10.5],
			"rotation": {"angle": 45, "axis": "x", "origin": [8, 3.25, 10.35]},
			"faces": {
				"north": {"uv": [0, 0, 16, 16], "texture": "#1"},
				"east": {"uv": [0, 0, 16, 16], "texture": "#1"},
				"south": {"uv": [0, 0, 16, 16], "texture": "#1"},
				"west": {"uv": [0, 0, 16, 16], "texture": "#1"},
				"up": {"uv": [0, 0, 16, 16], "texture": "#1"},
				"down": {"uv": [0, 0, 16, 16], "texture": "#1"}
			}
		},
		{
			"from": [7.7, 2.9, 10],
			"to": [7.8, 3.1, 10.3],
			"rotation": {"angle": 22.5, "axis": "x", "origin": [8, 3.25, 10.35]},
			"faces": {
				"north": {"uv": [0, 0, 16, 16], "texture": "#3"},
				"east": {"uv": [0, 0, 16, 16], "texture": "#3"},
				"south": {"uv": [0, 0, 16, 16], "texture": "#3"},
				"west": {"uv": [0, 0, 16, 16], "texture": "#3"},
				"up": {"uv": [0, 0, 16, 16], "texture": "#3"},
				"down": {"uv": [0, 0, 16, 16], "texture": "#3"}
			}
		},
		{
			"from": [8.2, 2.9, 10],
			"to": [8.3, 3.1, 10.3],
			"rotation": {"angle": 22.5, "axis": "x", "origin": [8, 3.25, 10.35]},
			"faces": {
				"north": {"uv": [0, 0, 16, 16], "texture": "#3"},
				"east": {"uv": [0, 0, 16, 16], "texture": "#3"},
				"south": {"uv": [0, 0, 16, 16], "texture": "#3"},
				"west": {"uv": [0, 0, 16, 16], "texture": "#3"},
				"up": {"uv": [0, 0, 16, 16], "texture": "#3"},
				"down": {"uv": [0, 0, 16, 16], "texture": "#3"}
			}
		},
		{
			"from": [7.7, 3.1, 9.4],
			"to": [7.8, 3.2, 10],
			"faces": {
				"north": {"uv": [0, 0, 16, 16], "texture": "#3"},
				"east": {"uv": [0, 0, 16, 16], "texture": "#3"},
				"south": {"uv": [0, 0, 16, 16], "texture": "#3"},
				"west": {"uv": [0, 0, 16, 16], "texture": "#3"},
				"up": {"uv": [0, 0, 16, 16], "texture": "#3"},
				"down": {"uv": [0, 0, 16, 16], "texture": "#3"}
			}
		},
		{
			"from": [8.2, 3.1, 9.4],
			"to": [8.3, 3.2, 10],
			"faces": {
				"north": {"uv": [0, 0, 16, 16], "texture": "#3"},
				"east": {"uv": [0, 0, 16, 16], "texture": "#3"},
				"south": {"uv": [0, 0, 16, 16], "texture": "#3"},
				"west": {"uv": [0, 0, 16, 16], "texture": "#3"},
				"up": {"uv": [0, 0, 16, 16], "texture": "#3"},
				"down": {"uv": [0, 0, 16, 16], "texture": "#3"}
			}
		},
		{
			"from": [7.7, 3.1, 9.1],
			"to": [7.8, 3.22, 9.4],
			"faces": {
				"north": {"uv": [0, 0, 16, 16], "texture": "#1"},
				"east": {"uv": [0, 0, 16, 16], "texture": "#1"},
				"south": {"uv": [0, 0, 16, 16], "texture": "#1"},
				"west": {"uv": [0, 0, 16, 16], "texture": "#1"},
				"up": {"uv": [0, 0, 16, 16], "texture": "#1"},
				"down": {"uv": [0, 0, 16, 16], "texture": "#1"}
			}
		},
		{
			"from": [8.2, 3.1, 9.1],
			"to": [8.3, 3.22, 9.4],
			"faces": {
				"north": {"uv": [0, 0, 16, 16], "texture": "#1"},
				"east": {"uv": [0, 0, 16, 16], "texture": "#1"},
				"south": {"uv": [0, 0, 16, 16], "texture": "#1"},
				"west": {"uv": [0, 0, 16, 16], "texture": "#1"},
				"up": {"uv": [0, 0, 16, 16], "texture": "#1"},
				"down": {"uv": [0, 0, 16, 16], "texture": "#1"}
			}
		},
		{
			"from": [8.25, 3.1, 7.5],
			"to": [8.3, 3.15, 7.8],
			"rotation": {"angle": -22.5, "axis": "z", "origin": [8.275, 3.125, 7.65]},
			"faces": {
				"north": {"uv": [0, 0, 16, 16], "texture": "#3"},
				"east": {"uv": [0, 0, 16, 16], "texture": "#3"},
				"south": {"uv": [0, 0, 16, 16], "texture": "#3"},
				"west": {"uv": [0, 0, 16, 16], "texture": "#3"},
				"up": {"uv": [0, 0, 16, 16], "texture": "#3"},
				"down": {"uv": [0, 0, 16, 16], "texture": "#3"}
			}
		},
		{
			"from": [7.7, 3.1, 7.5],
			"to": [7.75, 3.15, 7.8],
			"rotation": {"angle": 22.5, "axis": "z", "origin": [7.725, 3.125, 7.65]},
			"faces": {
				"north": {"uv": [0, 0, 16, 16], "texture": "#3"},
				"east": {"uv": [0, 0, 16, 16], "texture": "#3"},
				"south": {"uv": [0, 0, 16, 16], "texture": "#3"},
				"west": {"uv": [0, 0, 16, 16], "texture": "#3"},
				"up": {"uv": [0, 0, 16, 16], "texture": "#3"},
				"down": {"uv": [0, 0, 16, 16], "texture": "#3"}
			}
		},
		{
			"from": [7.7, 2.9, 5.25],
			"to": [7.9, 3.17, 7.5],
			"rotation": {"angle": 22.5, "axis": "z", "origin": [7.8, 3.035, 6.375]},
			"faces": {
				"north": {"uv": [0, 0, 16, 16], "texture": "#1"},
				"east": {"uv": [0, 0, 16, 16], "texture": "#1"},
				"south": {"uv": [0, 0, 16, 16], "texture": "#1"},
				"west": {"uv": [0, 0, 16, 16], "texture": "#1"},
				"up": {"uv": [0, 0, 16, 16], "texture": "#1"},
				"down": {"uv": [0, 0, 16, 16], "texture": "#1"}
			}
		},
		{
			"from": [8.1, 2.9, 5.25],
			"to": [8.3, 3.17, 7.5],
			"rotation": {"angle": -22.5, "axis": "z", "origin": [8.2, 3.035, 6.375]},
			"faces": {
				"north": {"uv": [0, 0, 16, 16], "texture": "#1"},
				"east": {"uv": [0, 0, 16, 16], "texture": "#1"},
				"south": {"uv": [0, 0, 16, 16], "texture": "#1"},
				"west": {"uv": [0, 0, 16, 16], "texture": "#1"},
				"up": {"uv": [0, 0, 16, 16], "texture": "#1"},
				"down": {"uv": [0, 0, 16, 16], "texture": "#1"}
			}
		},
		{
			"from": [8, 2.2, 9.8],
			"to": [8.35, 3, 10.7],
			"rotation": {"angle": -22.5, "axis": "y", "origin": [8, 2.55, 9.6]},
			"faces": {
				"north": {"uv": [0, 0, 16, 16], "texture": "#1"},
				"east": {"uv": [0, 0, 16, 16], "texture": "#1"},
				"south": {"uv": [0, 0, 16, 16], "texture": "#1"},
				"west": {"uv": [0, 0, 16, 16], "texture": "#1"},
				"up": {"uv": [0, 0, 16, 16], "texture": "#1"},
				"down": {"uv": [0, 0, 16, 16], "texture": "#1"}
			}
		},
		{
			"from": [7.6, 2.65, 5.199],
			"to": [8.15, 3.2, 7.799],
			"rotation": {"angle": 45, "axis": "z", "origin": [8, 3.05, 7.85]},
			"faces": {
				"north": {"uv": [0, 0, 16, 16], "texture": "#1"},
				"east": {"uv": [0, 0, 16, 16], "texture": "#1"},
				"south": {"uv": [0, 0, 16, 16], "texture": "#1"},
				"west": {"uv": [0, 0, 16, 16], "texture": "#1"},
				"up": {"uv": [0, 0, 16, 16], "texture": "#1"},
				"down": {"uv": [0, 0, 16, 16], "texture": "#1"}
			}
		},
		{
			"from": [7.5, 2.2, 5.1],
			"to": [8.5, 2.3, 10.6],
			"faces": {
				"north": {"uv": [0, 0, 16, 16], "texture": "#1"},
				"east": {"uv": [0, 0, 16, 16], "texture": "#1"},
				"south": {"uv": [0, 0, 16, 16], "texture": "#1"},
				"west": {"uv": [0, 0, 16, 16], "texture": "#1"},
				"up": {"uv": [0, 0, 16, 16], "texture": "#1"},
				"down": {"uv": [0, 0, 16, 16], "texture": "#1"}
			}
		},
		{
			"from": [8.05, 2.98536, 5.3149],
			"to": [8.15, 3.38536, 5.4149],
			"rotation": {"angle": -45, "axis": "x", "origin": [8.1, 3.28536, 5.3649]},
			"faces": {
				"north": {"uv": [0, 0, 16, 16], "rotation": 180, "texture": "#1"},
				"east": {"uv": [0, 0, 16, 16], "rotation": 270, "texture": "#1"},
				"south": {"uv": [0, 0, 16, 16], "texture": "#1"},
				"west": {"uv": [0, 0, 16, 16], "rotation": 90, "texture": "#1"},
				"up": {"uv": [0, 0, 16, 16], "rotation": 180, "texture": "#1"},
				"down": {"uv": [0, 0, 16, 16], "texture": "#1"}
			}
		},
		{
			"from": [7.85, 2.98536, 5.3149],
			"to": [7.95, 3.38536, 5.4149],
			"rotation": {"angle": -45, "axis": "x", "origin": [8.1, 3.28536, 5.3649]},
			"faces": {
				"north": {"uv": [0, 0, 16, 16], "rotation": 180, "texture": "#1"},
				"east": {"uv": [0, 0, 16, 16], "rotation": 270, "texture": "#1"},
				"south": {"uv": [0, 0, 16, 16], "texture": "#1"},
				"west": {"uv": [0, 0, 16, 16], "rotation": 90, "texture": "#1"},
				"up": {"uv": [0, 0, 16, 16], "rotation": 180, "texture": "#1"},
				"down": {"uv": [0, 0, 16, 16], "texture": "#1"}
			}
		},
		{
			"from": [7.6, 2.15, 4.8],
			"to": [8.4, 2.25, 5.7],
			"rotation": {"angle": -45, "axis": "x", "origin": [8, 2.65, 4.9]},
			"faces": {
				"north": {"uv": [0, 0, 16, 16], "texture": "#1"},
				"east": {"uv": [0, 0, 16, 16], "texture": "#1"},
				"south": {"uv": [0, 0, 16, 16], "texture": "#1"},
				"west": {"uv": [0, 0, 16, 16], "texture": "#1"},
				"up": {"uv": [0, 0, 16, 16], "texture": "#1"},
				"down": {"uv": [0, 0, 16, 16], "texture": "#1"}
			}
		},
		{
			"from": [7.5, 0.05, 8.6],
			"to": [8.5, 0.15, 9.7],
			"rotation": {"angle": -45, "axis": "x", "origin": [8, 2.65, 6.6]},
			"faces": {
				"north": {"uv": [0, 0, 16, 16], "texture": "#1"},
				"east": {"uv": [0, 0, 16, 16], "texture": "#1"},
				"south": {"uv": [0, 0, 16, 16], "texture": "#1"},
				"west": {"uv": [0, 0, 16, 16], "texture": "#1"},
				"up": {"uv": [0, 0, 16, 16], "texture": "#1"},
				"down": {"uv": [0, 0, 16, 16], "texture": "#1"}
			}
		},
		{
			"from": [7.65, 2.2, 9.8],
			"to": [8, 3, 10.7],
			"rotation": {"angle": 22.5, "axis": "y", "origin": [8, 2.55, 9.6]},
			"faces": {
				"north": {"uv": [16, 0, 0, 16], "texture": "#1"},
				"east": {"uv": [16, 0, 0, 16], "texture": "#1"},
				"south": {"uv": [16, 0, 0, 16], "texture": "#1"},
				"west": {"uv": [16, 0, 0, 16], "texture": "#1"},
				"up": {"uv": [16, 0, 0, 16], "texture": "#1"},
				"down": {"uv": [16, 0, 0, 16], "texture": "#1"}
			}
		},
		{
			"from": [7.6, 2.9, 5.3],
			"to": [8.4, 3.1, 10.6],
			"faces": {
				"north": {"uv": [0, 0, 16, 16], "texture": "#1"},
				"east": {"uv": [0, 0, 16, 16], "texture": "#1"},
				"south": {"uv": [0, 0, 16, 16], "texture": "#1"},
				"west": {"uv": [0, 0, 16, 16], "texture": "#1"},
				"up": {"uv": [0, 0, 16, 16], "texture": "#1"},
				"down": {"uv": [0, 0, 16, 16], "texture": "#1"}
			}
		},
		{
			"from": [8.2, 2.9, 7.8],
			"to": [8.35, 3.07, 8.3],
			"rotation": {"angle": 22.5, "axis": "x", "origin": [8, 3.21, 8.05]},
			"faces": {
				"north": {"uv": [0, 0, 16, 16], "texture": "#1"},
				"east": {"uv": [0, 0, 16, 16], "texture": "#1"},
				"south": {"uv": [0, 0, 16, 16], "texture": "#1"},
				"west": {"uv": [0, 0, 16, 16], "texture": "#1"},
				"up": {"uv": [0, 0, 16, 16], "texture": "#1"},
				"down": {"uv": [0, 0, 16, 16], "texture": "#1"}
			}
		},
		{
			"from": [7.65, 2.9, 7.8],
			"to": [7.8, 3.07, 8.3],
			"rotation": {"angle": 22.5, "axis": "x", "origin": [8, 3.21, 8.05]},
			"faces": {
				"north": {"uv": [0, 0, 16, 16], "texture": "#1"},
				"east": {"uv": [0, 0, 16, 16], "texture": "#1"},
				"south": {"uv": [0, 0, 16, 16], "texture": "#1"},
				"west": {"uv": [0, 0, 16, 16], "texture": "#1"},
				"up": {"uv": [0, 0, 16, 16], "texture": "#1"},
				"down": {"uv": [0, 0, 16, 16], "texture": "#1"}
			}
		},
		{
			"from": [7.63, 0.4, 10.3],
			"to": [8.37, 2.8, 11],
			"rotation": {"angle": -22.5, "axis": "x", "origin": [8, 0.5, 10.5]},
			"faces": {
				"north": {"uv": [0, 0, 16, 16], "texture": "#1"},
				"east": {"uv": [0, 0, 16, 16], "texture": "#1"},
				"south": {"uv": [0, 0, 16, 16], "texture": "#1"},
				"west": {"uv": [0, 0, 16, 16], "texture": "#1"},
				"up": {"uv": [0, 0, 16, 16], "texture": "#1"},
				"down": {"uv": [0, 0, 16, 16], "texture": "#1"}
			}
		},
		{
			"from": [7.9, 1.66215, 9.19302],
			"to": [8.1, 1.96215, 9.29302],
			"rotation": {"angle": 45, "axis": "x", "origin": [8, 1.71215, 9.34302]},
			"faces": {
				"north": {"uv": [0, 0, 16, 16], "rotation": 90, "texture": "#1"},
				"east": {"uv": [0, 0, 16, 16], "rotation": 90, "texture": "#1"},
				"south": {"uv": [0, 0, 16, 16], "rotation": 90, "texture": "#1"},
				"west": {"uv": [0, 0, 16, 16], "rotation": 90, "texture": "#1"},
				"up": {"uv": [0, 0, 16, 16], "rotation": 90, "texture": "#1"},
				"down": {"uv": [0, 0, 16, 16], "rotation": 90, "texture": "#1"}
			}
		},
		{
			"from": [7.8, 2.85, 10.6],
			"to": [8.1, 3.15, 10.7],
			"rotation": {"angle": 45, "axis": "z", "origin": [8, 3.05, 7.85]},
			"faces": {
				"north": {"uv": [0, 0, 16, 16], "texture": "#3"},
				"east": {"uv": [0, 0, 16, 16], "texture": "#3"},
				"south": {"uv": [0, 0, 16, 16], "texture": "#3"},
				"west": {"uv": [0, 0, 16, 16], "texture": "#3"},
				"up": {"uv": [0, 0, 16, 16], "texture": "#3"},
				"down": {"uv": [0, 0, 16, 16], "texture": "#3"}
			}
		},
		{
			"from": [7.7, 2.75, 10.55],
			"to": [8.15, 3.2, 10.65],
			"rotation": {"angle": 45, "axis": "z", "origin": [8, 3.05, 7.85]},
			"faces": {
				"north": {"uv": [0, 0, 16, 16], "texture": "#1"},
				"east": {"uv": [0, 0, 16, 16], "texture": "#1"},
				"south": {"uv": [0, 0, 16, 16], "texture": "#1"},
				"west": {"uv": [0, 0, 16, 16], "texture": "#1"},
				"up": {"uv": [0, 0, 16, 16], "texture": "#1"},
				"down": {"uv": [0, 0, 16, 16], "texture": "#1"}
			}
		},
		{
			"from": [7.7, 2.75, 7.849],
			"to": [8.2, 3.25, 10.599],
			"rotation": {"angle": 45, "axis": "z", "origin": [8, 3.05, 7.85]},
			"faces": {
				"north": {"uv": [0, 0, 16, 16], "texture": "#1"},
				"east": {"uv": [0, 0, 16, 16], "texture": "#1"},
				"south": {"uv": [0, 0, 16, 16], "texture": "#1"},
				"west": {"uv": [0, 0, 16, 16], "texture": "#1"},
				"up": {"uv": [0, 0, 16, 16], "texture": "#1"},
				"down": {"uv": [0, 0, 16, 16], "texture": "#1"}
			}
		},
		{
			"from": [7.85, 2.25, 10.6],
			"to": [8.15, 2.9, 10.7],
			"faces": {
				"north": {"uv": [0, 0, 16, 16], "texture": "#3"},
				"east": {"uv": [0, 0, 16, 16], "texture": "#3"},
				"south": {"uv": [0, 0, 16, 16], "texture": "#3"},
				"west": {"uv": [0, 0, 16, 16], "texture": "#3"},
				"up": {"uv": [0, 0, 16, 16], "texture": "#3"},
				"down": {"uv": [0, 0, 16, 16], "texture": "#3"}
			}
		},
		{
			"from": [7.6, 2.65, 5.599],
			"to": [8.16, 3.21, 5.609],
			"rotation": {"angle": 45, "axis": "z", "origin": [8, 3.05, 7.85]},
			"faces": {
				"north": {"uv": [0, 0, 16, 16], "texture": "#3"},
				"east": {"uv": [0, 0, 16, 16], "texture": "#3"},
				"south": {"uv": [0, 0, 16, 16], "texture": "#3"},
				"west": {"uv": [0, 0, 16, 16], "texture": "#3"},
				"up": {"uv": [0, 0, 16, 16], "texture": "#3"},
				"down": {"uv": [0, 0, 16, 16], "texture": "#3"}
			}
		},
		{
			"from": [7.6, 2.65, 5.699],
			"to": [8.16, 3.21, 5.709],
			"rotation": {"angle": 45, "axis": "z", "origin": [8, 3.05, 7.85]},
			"faces": {
				"north": {"uv": [0, 0, 16, 16], "texture": "#3"},
				"east": {"uv": [0, 0, 16, 16], "texture": "#3"},
				"south": {"uv": [0, 0, 16, 16], "texture": "#3"},
				"west": {"uv": [0, 0, 16, 16], "texture": "#3"},
				"up": {"uv": [0, 0, 16, 16], "texture": "#3"},
				"down": {"uv": [0, 0, 16, 16], "texture": "#3"}
			}
		},
		{
			"from": [7.6, 2.65, 5.799],
			"to": [8.16, 3.21, 5.809],
			"rotation": {"angle": 45, "axis": "z", "origin": [8, 3.05, 7.85]},
			"faces": {
				"north": {"uv": [0, 0, 16, 16], "texture": "#3"},
				"east": {"uv": [0, 0, 16, 16], "texture": "#3"},
				"south": {"uv": [0, 0, 16, 16], "texture": "#3"},
				"west": {"uv": [0, 0, 16, 16], "texture": "#3"},
				"up": {"uv": [0, 0, 16, 16], "texture": "#3"},
				"down": {"uv": [0, 0, 16, 16], "texture": "#3"}
			}
		},
		{
			"from": [7.6, 2.65, 5.899],
			"to": [8.16, 3.21, 5.909],
			"rotation": {"angle": 45, "axis": "z", "origin": [8, 3.05, 7.85]},
			"faces": {
				"north": {"uv": [0, 0, 16, 16], "texture": "#3"},
				"east": {"uv": [0, 0, 16, 16], "texture": "#3"},
				"south": {"uv": [0, 0, 16, 16], "texture": "#3"},
				"west": {"uv": [0, 0, 16, 16], "texture": "#3"},
				"up": {"uv": [0, 0, 16, 16], "texture": "#3"},
				"down": {"uv": [0, 0, 16, 16], "texture": "#3"}
			}
		},
		{
			"from": [7.6, 2.65, 5.999],
			"to": [8.16, 3.21, 6.009],
			"rotation": {"angle": 45, "axis": "z", "origin": [8, 3.05, 7.85]},
			"faces": {
				"north": {"uv": [0, 0, 16, 16], "texture": "#3"},
				"east": {"uv": [0, 0, 16, 16], "texture": "#3"},
				"south": {"uv": [0, 0, 16, 16], "texture": "#3"},
				"west": {"uv": [0, 0, 16, 16], "texture": "#3"},
				"up": {"uv": [0, 0, 16, 16], "texture": "#3"},
				"down": {"uv": [0, 0, 16, 16], "texture": "#3"}
			}
		},
		{
			"from": [7.6, 2.65, 6.099],
			"to": [8.16, 3.21, 6.109],
			"rotation": {"angle": 45, "axis": "z", "origin": [8, 3.05, 7.85]},
			"faces": {
				"north": {"uv": [0, 0, 16, 16], "texture": "#3"},
				"east": {"uv": [0, 0, 16, 16], "texture": "#3"},
				"south": {"uv": [0, 0, 16, 16], "texture": "#3"},
				"west": {"uv": [0, 0, 16, 16], "texture": "#3"},
				"up": {"uv": [0, 0, 16, 16], "texture": "#3"},
				"down": {"uv": [0, 0, 16, 16], "texture": "#3"}
			}
		},
		{
			"from": [7.6, 2.65, 6.199],
			"to": [8.16, 3.21, 6.209],
			"rotation": {"angle": 45, "axis": "z", "origin": [8, 3.05, 7.85]},
			"faces": {
				"north": {"uv": [0, 0, 16, 16], "texture": "#3"},
				"east": {"uv": [0, 0, 16, 16], "texture": "#3"},
				"south": {"uv": [0, 0, 16, 16], "texture": "#3"},
				"west": {"uv": [0, 0, 16, 16], "texture": "#3"},
				"up": {"uv": [0, 0, 16, 16], "texture": "#3"},
				"down": {"uv": [0, 0, 16, 16], "texture": "#3"}
			}
		},
		{
			"from": [7.6, 2.65, 6.299],
			"to": [8.16, 3.21, 6.309],
			"rotation": {"angle": 45, "axis": "z", "origin": [8, 3.05, 7.85]},
			"faces": {
				"north": {"uv": [0, 0, 16, 16], "texture": "#3"},
				"east": {"uv": [0, 0, 16, 16], "texture": "#3"},
				"south": {"uv": [0, 0, 16, 16], "texture": "#3"},
				"west": {"uv": [0, 0, 16, 16], "texture": "#3"},
				"up": {"uv": [0, 0, 16, 16], "texture": "#3"},
				"down": {"uv": [0, 0, 16, 16], "texture": "#3"}
			}
		},
		{
			"from": [7.6, 2.65, 6.499],
			"to": [8.16, 3.21, 6.509],
			"rotation": {"angle": 45, "axis": "z", "origin": [8, 3.05, 7.85]},
			"faces": {
				"north": {"uv": [0, 0, 16, 16], "texture": "#3"},
				"east": {"uv": [0, 0, 16, 16], "texture": "#3"},
				"south": {"uv": [0, 0, 16, 16], "texture": "#3"},
				"west": {"uv": [0, 0, 16, 16], "texture": "#3"},
				"up": {"uv": [0, 0, 16, 16], "texture": "#3"},
				"down": {"uv": [0, 0, 16, 16], "texture": "#3"}
			}
		},
		{
			"from": [7.6, 2.65, 6.399],
			"to": [8.16, 3.21, 6.409],
			"rotation": {"angle": 45, "axis": "z", "origin": [8, 3.05, 7.85]},
			"faces": {
				"north": {"uv": [0, 0, 16, 16], "texture": "#3"},
				"east": {"uv": [0, 0, 16, 16], "texture": "#3"},
				"south": {"uv": [0, 0, 16, 16], "texture": "#3"},
				"west": {"uv": [0, 0, 16, 16], "texture": "#3"},
				"up": {"uv": [0, 0, 16, 16], "texture": "#3"},
				"down": {"uv": [0, 0, 16, 16], "texture": "#3"}
			}
		},
		{
			"from": [7.6, 2.65, 6.599],
			"to": [8.16, 3.21, 6.609],
			"rotation": {"angle": 45, "axis": "z", "origin": [8, 3.05, 7.85]},
			"faces": {
				"north": {"uv": [0, 0, 16, 16], "texture": "#3"},
				"east": {"uv": [0, 0, 16, 16], "texture": "#3"},
				"south": {"uv": [0, 0, 16, 16], "texture": "#3"},
				"west": {"uv": [0, 0, 16, 16], "texture": "#3"},
				"up": {"uv": [0, 0, 16, 16], "texture": "#3"},
				"down": {"uv": [0, 0, 16, 16], "texture": "#3"}
			}
		},
		{
			"from": [7.6, 2.65, 6.699],
			"to": [8.16, 3.21, 6.709],
			"rotation": {"angle": 45, "axis": "z", "origin": [8, 3.05, 7.85]},
			"faces": {
				"north": {"uv": [0, 0, 16, 16], "texture": "#3"},
				"east": {"uv": [0, 0, 16, 16], "texture": "#3"},
				"south": {"uv": [0, 0, 16, 16], "texture": "#3"},
				"west": {"uv": [0, 0, 16, 16], "texture": "#3"},
				"up": {"uv": [0, 0, 16, 16], "texture": "#3"},
				"down": {"uv": [0, 0, 16, 16], "texture": "#3"}
			}
		},
		{
			"from": [7.6, 2.65, 6.799],
			"to": [8.16, 3.21, 6.809],
			"rotation": {"angle": 45, "axis": "z", "origin": [8, 3.05, 7.85]},
			"faces": {
				"north": {"uv": [0, 0, 16, 16], "texture": "#3"},
				"east": {"uv": [0, 0, 16, 16], "texture": "#3"},
				"south": {"uv": [0, 0, 16, 16], "texture": "#3"},
				"west": {"uv": [0, 0, 16, 16], "texture": "#3"},
				"up": {"uv": [0, 0, 16, 16], "texture": "#3"},
				"down": {"uv": [0, 0, 16, 16], "texture": "#3"}
			}
		},
		{
			"from": [7.6, 2.65, 6.899],
			"to": [8.16, 3.21, 6.909],
			"rotation": {"angle": 45, "axis": "z", "origin": [8, 3.05, 7.85]},
			"faces": {
				"north": {"uv": [0, 0, 16, 16], "texture": "#3"},
				"east": {"uv": [0, 0, 16, 16], "texture": "#3"},
				"south": {"uv": [0, 0, 16, 16], "texture": "#3"},
				"west": {"uv": [0, 0, 16, 16], "texture": "#3"},
				"up": {"uv": [0, 0, 16, 16], "texture": "#3"},
				"down": {"uv": [0, 0, 16, 16], "texture": "#3"}
			}
		},
		{
			"from": [7.6, 2.65, 6.999],
			"to": [8.16, 3.21, 7.009],
			"rotation": {"angle": 45, "axis": "z", "origin": [8, 3.05, 7.85]},
			"faces": {
				"north": {"uv": [0, 0, 16, 16], "texture": "#3"},
				"east": {"uv": [0, 0, 16, 16], "texture": "#3"},
				"south": {"uv": [0, 0, 16, 16], "texture": "#3"},
				"west": {"uv": [0, 0, 16, 16], "texture": "#3"},
				"up": {"uv": [0, 0, 16, 16], "texture": "#3"},
				"down": {"uv": [0, 0, 16, 16], "texture": "#3"}
			}
		},
		{
			"from": [7.6, 2.65, 7.099],
			"to": [8.16, 3.21, 7.109],
			"rotation": {"angle": 45, "axis": "z", "origin": [8, 3.05, 7.85]},
			"faces": {
				"north": {"uv": [0, 0, 16, 16], "texture": "#3"},
				"east": {"uv": [0, 0, 16, 16], "texture": "#3"},
				"south": {"uv": [0, 0, 16, 16], "texture": "#3"},
				"west": {"uv": [0, 0, 16, 16], "texture": "#3"},
				"up": {"uv": [0, 0, 16, 16], "texture": "#3"},
				"down": {"uv": [0, 0, 16, 16], "texture": "#3"}
			}
		},
		{
			"from": [7.6, 2.65, 7.199],
			"to": [8.16, 3.21, 7.209],
			"rotation": {"angle": 45, "axis": "z", "origin": [8, 3.05, 7.85]},
			"faces": {
				"north": {"uv": [0, 0, 16, 16], "texture": "#3"},
				"east": {"uv": [0, 0, 16, 16], "texture": "#3"},
				"south": {"uv": [0, 0, 16, 16], "texture": "#3"},
				"west": {"uv": [0, 0, 16, 16], "texture": "#3"},
				"up": {"uv": [0, 0, 16, 16], "texture": "#3"},
				"down": {"uv": [0, 0, 16, 16], "texture": "#3"}
			}
		},
		{
			"from": [7.6, 2.65, 7.299],
			"to": [8.16, 3.21, 7.309],
			"rotation": {"angle": 45, "axis": "z", "origin": [8, 3.05, 7.85]},
			"faces": {
				"north": {"uv": [0, 0, 16, 16], "texture": "#3"},
				"east": {"uv": [0, 0, 16, 16], "texture": "#3"},
				"south": {"uv": [0, 0, 16, 16], "texture": "#3"},
				"west": {"uv": [0, 0, 16, 16], "texture": "#3"},
				"up": {"uv": [0, 0, 16, 16], "texture": "#3"},
				"down": {"uv": [0, 0, 16, 16], "texture": "#3"}
			}
		},
		{
			"from": [7.6, 2.65, 7.399],
			"to": [8.16, 3.21, 7.409],
			"rotation": {"angle": 45, "axis": "z", "origin": [8, 3.05, 7.85]},
			"faces": {
				"north": {"uv": [0, 0, 16, 16], "texture": "#3"},
				"east": {"uv": [0, 0, 16, 16], "texture": "#3"},
				"south": {"uv": [0, 0, 16, 16], "texture": "#3"},
				"west": {"uv": [0, 0, 16, 16], "texture": "#3"},
				"up": {"uv": [0, 0, 16, 16], "texture": "#3"},
				"down": {"uv": [0, 0, 16, 16], "texture": "#3"}
			}
		},
		{
			"from": [7.6, 2.65, 7.499],
			"to": [8.16, 3.21, 7.509],
			"rotation": {"angle": 45, "axis": "z", "origin": [8, 3.05, 7.85]},
			"faces": {
				"north": {"uv": [0, 0, 16, 16], "texture": "#3"},
				"east": {"uv": [0, 0, 16, 16], "texture": "#3"},
				"south": {"uv": [0, 0, 16, 16], "texture": "#3"},
				"west": {"uv": [0, 0, 16, 16], "texture": "#3"},
				"up": {"uv": [0, 0, 16, 16], "texture": "#3"},
				"down": {"uv": [0, 0, 16, 16], "texture": "#3"}
			}
		},
		{
			"from": [7.6, 2.65, 7.599],
			"to": [8.16, 3.21, 7.609],
			"rotation": {"angle": 45, "axis": "z", "origin": [8, 3.05, 7.85]},
			"faces": {
				"north": {"uv": [0, 0, 16, 16], "texture": "#3"},
				"east": {"uv": [0, 0, 16, 16], "texture": "#3"},
				"south": {"uv": [0, 0, 16, 16], "texture": "#3"},
				"west": {"uv": [0, 0, 16, 16], "texture": "#3"},
				"up": {"uv": [0, 0, 16, 16], "texture": "#3"},
				"down": {"uv": [0, 0, 16, 16], "texture": "#3"}
			}
		},
		{
			"from": [7.6, 2.65, 7.699],
			"to": [8.16, 3.21, 7.709],
			"rotation": {"angle": 45, "axis": "z", "origin": [8, 3.05, 7.85]},
			"faces": {
				"north": {"uv": [0, 0, 16, 16], "texture": "#3"},
				"east": {"uv": [0, 0, 16, 16], "texture": "#3"},
				"south": {"uv": [0, 0, 16, 16], "texture": "#3"},
				"west": {"uv": [0, 0, 16, 16], "texture": "#3"},
				"up": {"uv": [0, 0, 16, 16], "texture": "#3"},
				"down": {"uv": [0, 0, 16, 16], "texture": "#3"}
			}
		},
		{
			"from": [7.6, 2.65, 7.799],
			"to": [8.16, 3.21, 7.809],
			"rotation": {"angle": 45, "axis": "z", "origin": [8, 3.05, 7.85]},
			"faces": {
				"north": {"uv": [0, 0, 16, 16], "texture": "#3"},
				"east": {"uv": [0, 0, 16, 16], "texture": "#3"},
				"south": {"uv": [0, 0, 16, 16], "texture": "#3"},
				"west": {"uv": [0, 0, 16, 16], "texture": "#3"},
				"up": {"uv": [0, 0, 16, 16], "texture": "#3"},
				"down": {"uv": [0, 0, 16, 16], "texture": "#3"}
			}
		}
	],
	"display": {
		"thirdperson_righthand": {
			"rotation": [0, -15, 0],
			"translation": [0.5, 9.5, -1.5],
			"scale": [1.5, 1.5, 1.5]
		},
		"thirdperson_lefthand": {
			"translation": [-0.5, 9.5, -1.5],
			"scale": [1.5, 1.5, 1.5]
		},
		"firstperson_righthand": {
			"rotation": [6, 3, 0],
			"translation": [7.5, 11.5, 5]
		},
		"firstperson_lefthand": {
			"scale": [0, 0, 0]
		},
		"ground": {
			"translation": [0, 4, 0]
		},
		"fixed": {
			"rotation": [90, 50, -90],
			"translation": [7, 10.5, 0],
			"scale": [2, 2, 2]
		},
		"gui": {
			"rotation": [90, 50, -90],
			"translation": [7, 10.5, 0],
			"scale": [2, 2, 2]
		}
	},
	"groups": [0, 1, 2, 3, 4, 5, 6, 7, 8, 9,
		{
			"name": "Красный кружок отверстии",
			"children": [10, 11, 12, 13, 14, 15, 16, 17]
		}, 18, 19, 20, 21, 22, 23, 24, 25, 26, 27, 28, 29, 30, 31, 32, 33, 34, 35, 36, 37, 38, 39, 40, 41, 42, 43, 44, 45, 46, 47, 48, 49, 50, 51, 52, 53, 54, 55, 56, 57, 58, 59, 60, 61, 62, 63, 64, 65, 66, 67, 68, 69]
}