{
	"credit": "https://www.youtube.com/c/ZeroCaty",
	"textures": {
		"1": "block/gray_concrete",
		"2": "block/black_concrete",
		"3": "block/red_concrete"
	},
	"elements": [
		{
			"from": [7.7, 0.1, 10.3],
			"to": [8.3, 2.1, 11],
			"rotation": {"angle": -22.5, "axis": "x", "origin": [8, 0.5, 10.5]},
			"faces": {
				"north": {"uv": [0, 0, 16, 16], "texture": "#1"},
				"east": {"uv": [0, 0, 16, 16], "texture": "#1"},
				"south": {"uv": [0, 0, 16, 16], "texture": "#1"},
				"west": {"uv": [0, 0, 16, 16], "texture": "#1"},
				"up": {"uv": [0, 0, 16, 16], "texture": "#1"},
				"down": {"uv": [0, 0, 16, 16], "texture": "#1"}
			}
		},
		{
			"from": [7.6, 2.1, 9.5],
			"to": [8.4, 2.7, 10.7],
			"faces": {
				"north": {"uv": [0, 0, 16, 16], "texture": "#1"},
				"east": {"uv": [0, 0, 16, 16], "texture": "#1"},
				"south": {"uv": [0, 0, 16, 16], "texture": "#1"},
				"west": {"uv": [0, 0, 16, 16], "texture": "#1"},
				"up": {"uv": [0, 0, 16, 16], "texture": "#1"},
				"down": {"uv": [0, 0, 16, 16], "texture": "#1"}
			}
		},
		{
			"from": [7.7, 2.5, 9.5],
			"to": [8.3, 3, 10],
			"faces": {
				"north": {"uv": [0, 0, 16, 16], "texture": "#1"},
				"east": {"uv": [0, 0, 16, 16], "texture": "#1"},
				"south": {"uv": [0, 0, 16, 16], "texture": "#1"},
				"west": {"uv": [0, 0, 16, 16], "texture": "#1"},
				"up": {"uv": [0, 0, 16, 16], "texture": "#1"},
				"down": {"uv": [0, 0, 16, 16], "texture": "#1"}
			}
		},
		{
			"from": [7.6, 3, 7.5],
			"to": [8.4, 3.19, 9.8],
			"faces": {
				"north": {"uv": [0, 0, 16, 16], "texture": "#1"},
				"east": {"uv": [0, 0, 16, 16], "texture": "#1"},
				"south": {"uv": [0, 0, 16, 16], "texture": "#1"},
				"west": {"uv": [0, 0, 16, 16], "texture": "#1"},
				"up": {"uv": [0, 0, 16, 16], "texture": "#1"},
				"down": {"uv": [0, 0, 16, 16], "texture": "#1"}
			}
		},
		{
			"from": [7.59, 3.1, 7.48],
			"to": [7.89, 3.2, 9.8],
			"faces": {
				"north": {"uv": [0, 0, 16, 16], "texture": "#1"},
				"east": {"uv": [0, 0, 16, 16], "texture": "#1"},
				"south": {"uv": [0, 0, 16, 16], "texture": "#1"},
				"west": {"uv": [0, 0, 16, 16], "texture": "#1"},
				"up": {"uv": [0, 0, 16, 16], "texture": "#1"},
				"down": {"uv": [0, 0, 16, 16], "texture": "#1"}
			}
		},
		{
			"from": [8.11, 3.1, 7.48],
			"to": [8.41, 3.2, 9.8],
			"faces": {
				"north": {"uv": [0, 0, 16, 16], "texture": "#1"},
				"east": {"uv": [0, 0, 16, 16], "texture": "#1"},
				"south": {"uv": [0, 0, 16, 16], "texture": "#1"},
				"west": {"uv": [0, 0, 16, 16], "texture": "#1"},
				"up": {"uv": [0, 0, 16, 16], "texture": "#1"},
				"down": {"uv": [0, 0, 16, 16], "texture": "#1"}
			}
		},
		{
			"from": [7.5, 1.9, 7.91],
			"to": [8.5, 2.9, 9.39],
			"rotation": {"angle": 45, "axis": "z", "origin": [8, 2.4, 8.65]},
			"faces": {
				"north": {"uv": [0, 0, 0.8, 1.5], "texture": "#1"},
				"east": {"uv": [0, 0, 0.8, 1.5], "texture": "#1"},
				"south": {"uv": [0, 0, 0.8, 1.5], "texture": "#1"},
				"west": {"uv": [0, 0, 0.8, 1.5], "texture": "#1"},
				"up": {"uv": [0, 0, 0.8, 1.5], "texture": "#1"},
				"down": {"uv": [0, 0, 0.8, 1.5], "texture": "#1"}
			}
		},
		{
			"from": [7.6, 1.7, 7.5],
			"to": [8.4, 3, 7.8],
			"faces": {
				"north": {"uv": [0, 0, 16, 16], "texture": "#1"},
				"east": {"uv": [0, 0, 16, 16], "texture": "#1"},
				"south": {"uv": [0, 0, 16, 16], "texture": "#1"},
				"west": {"uv": [0, 0, 16, 16], "texture": "#1"},
				"up": {"uv": [0, 0, 16, 16], "texture": "#1"},
				"down": {"uv": [0, 0, 16, 16], "texture": "#1"}
			}
		},
		{
			"from": [7.6, 1.68, 7.8],
			"to": [8.4, 1.8, 9.5],
			"faces": {
				"north": {"uv": [0, 0, 16, 16], "texture": "#1"},
				"east": {"uv": [0, 0, 16, 16], "texture": "#1"},
				"south": {"uv": [0, 0, 16, 16], "texture": "#1"},
				"west": {"uv": [0, 0, 16, 16], "texture": "#1"},
				"up": {"uv": [0, 0, 16, 16], "texture": "#1"},
				"down": {"uv": [0, 0, 16, 16], "texture": "#1"}
			}
		},
		{
			"from": [7.8, 1.7, 9.3],
			"to": [8.2, 2, 9.4],
			"rotation": {"angle": 22.5, "axis": "x", "origin": [8, 1.55, 8.65]},
			"faces": {
				"north": {"uv": [0, 0, 16, 16], "rotation": 90, "texture": "#1"},
				"east": {"uv": [0, 0, 16, 16], "rotation": 90, "texture": "#1"},
				"south": {"uv": [0, 0, 16, 16], "rotation": 90, "texture": "#1"},
				"west": {"uv": [0, 0, 16, 16], "rotation": 90, "texture": "#1"},
				"up": {"uv": [0, 0, 16, 16], "rotation": 90, "texture": "#1"},
				"down": {"uv": [0, 0, 16, 16], "rotation": 90, "texture": "#1"}
			}
		},
		{
			"from": [7.8, 1, 8.5],
			"to": [8.2, 1.1, 9],
			"rotation": {"angle": -45, "axis": "x", "origin": [8, 1.75, 8.65]},
			"faces": {
				"north": {"uv": [0, 0, 16, 16], "texture": "#1"},
				"east": {"uv": [0, 0, 16, 16], "texture": "#1"},
				"south": {"uv": [0, 0, 16, 16], "texture": "#1"},
				"west": {"uv": [0, 0, 16, 16], "texture": "#1"},
				"up": {"uv": [0, 0, 16, 16], "texture": "#1"},
				"down": {"uv": [0, 0, 16, 16], "texture": "#1"}
			}
		},
		{
			"from": [7.8, 1.1, 8.4],
			"to": [8.2, 1.2, 9.1],
			"faces": {
				"north": {"uv": [0, 0, 16, 16], "texture": "#1"},
				"east": {"uv": [0, 0, 16, 16], "texture": "#1"},
				"south": {"uv": [0, 0, 16, 16], "texture": "#1"},
				"west": {"uv": [0, 0, 16, 16], "texture": "#1"},
				"up": {"uv": [0, 0, 16, 16], "texture": "#1"},
				"down": {"uv": [0, 0, 16, 16], "texture": "#1"}
			}
		},
		{
			"from": [7.8, 1, 8.5],
			"to": [8.2, 1.1, 9],
			"rotation": {"angle": 45, "axis": "x", "origin": [8, 1.75, 8.85]},
			"faces": {
				"north": {"uv": [0, 0, 16, 16], "texture": "#1"},
				"east": {"uv": [0, 0, 16, 16], "texture": "#1"},
				"south": {"uv": [0, 0, 16, 16], "texture": "#1"},
				"west": {"uv": [0, 0, 16, 16], "texture": "#1"},
				"up": {"uv": [0, 0, 16, 16], "texture": "#1"},
				"down": {"uv": [0, 0, 16, 16], "texture": "#1"}
			}
		},
		{
			"from": [7.8, 1.7, 8.1],
			"to": [8.2, 2, 8.2],
			"rotation": {"angle": -22.5, "axis": "x", "origin": [8, 1.55, 8.85]},
			"faces": {
				"north": {"uv": [0, 0, 16, 16], "rotation": 270, "texture": "#1"},
				"east": {"uv": [0, 0, 16, 16], "rotation": 270, "texture": "#1"},
				"south": {"uv": [0, 0, 16, 16], "rotation": 270, "texture": "#1"},
				"west": {"uv": [0, 0, 16, 16], "rotation": 270, "texture": "#1"},
				"up": {"uv": [0, 0, 16, 16], "rotation": 270, "texture": "#1"},
				"down": {"uv": [0, 0, 16, 16], "rotation": 270, "texture": "#1"}
			}
		},
		{
			"from": [7.9, 1.5, 9],
			"to": [8.1, 1.9, 9.1],
			"rotation": {"angle": 22.5, "axis": "x", "origin": [8, 1.75, 8.65]},
			"faces": {
				"north": {"uv": [0, 0, 16, 16], "rotation": 90, "texture": "#1"},
				"east": {"uv": [0, 0, 16, 16], "rotation": 90, "texture": "#1"},
				"south": {"uv": [0, 0, 16, 16], "rotation": 90, "texture": "#1"},
				"west": {"uv": [0, 0, 16, 16], "rotation": 90, "texture": "#1"},
				"up": {"uv": [0, 0, 16, 16], "rotation": 90, "texture": "#1"},
				"down": {"uv": [0, 0, 16, 16], "rotation": 90, "texture": "#1"}
			}
		},
		{
			"from": [7.7, 2.45, 4.3],
			"to": [8.3, 3.05, 4.6],
			"rotation": {"angle": 45, "axis": "z", "origin": [8, 2.75, 5.35]},
			"faces": {
				"north": {"uv": [0, 0, 16, 16], "texture": "#1"},
				"east": {"uv": [0, 0, 16, 16], "texture": "#1"},
				"south": {"uv": [0, 0, 16, 16], "texture": "#1"},
				"west": {"uv": [0, 0, 16, 16], "texture": "#1"},
				"up": {"uv": [0, 0, 16, 16], "texture": "#1"},
				"down": {"uv": [0, 0, 16, 16], "texture": "#1"}
			}
		},
		{
			"from": [7.8, 2.35, 4.4],
			"to": [8.2, 2.45, 7.5],
			"faces": {
				"north": {"uv": [0, 0, 16, 16], "texture": "#1"},
				"east": {"uv": [0, 0, 16, 16], "texture": "#1"},
				"south": {"uv": [0, 0, 16, 16], "texture": "#1"},
				"west": {"uv": [0, 0, 16, 16], "texture": "#1"},
				"up": {"uv": [0, 0, 16, 16], "texture": "#1"},
				"down": {"uv": [0, 0, 16, 16], "texture": "#1"}
			}
		},
		{
			"from": [7.9, 2.87929, 4.25944],
			"to": [8.1, 3.17929, 4.55944],
			"rotation": {"angle": -22.5, "axis": "x", "origin": [8, 3.02929, 4.40944]},
			"faces": {
				"north": {"uv": [0, 0, 16, 16], "rotation": 90, "texture": "#1"},
				"east": {"uv": [0, 0, 16, 16], "rotation": 90, "texture": "#1"},
				"south": {"uv": [0, 0, 16, 16], "rotation": 90, "texture": "#1"},
				"west": {"uv": [0, 0, 16, 16], "rotation": 90, "texture": "#1"},
				"up": {"uv": [0, 0, 16, 16], "rotation": 90, "texture": "#1"},
				"down": {"uv": [0, 0, 16, 16], "rotation": 90, "texture": "#1"}
			}
		},
		{
			"from": [7.7, 2.45, 6.5],
			"to": [8.3, 3.15, 7.5],
			"faces": {
				"north": {"uv": [0, 0, 16, 16], "texture": "#1"},
				"east": {"uv": [0, 0, 16, 16], "texture": "#1"},
				"south": {"uv": [0, 0, 16, 16], "texture": "#1"},
				"west": {"uv": [0, 0, 16, 16], "texture": "#1"},
				"up": {"uv": [0, 0, 16, 16], "texture": "#1"},
				"down": {"uv": [0, 0, 16, 16], "texture": "#1"}
			}
		},
		{
			"from": [7.3, 3, 4.1],
			"to": [7.9, 3.1, 4.2],
			"rotation": {"angle": 45, "axis": "z", "origin": [8, 3.1, 4.15]},
			"faces": {
				"north": {"uv": [0, 0, 16, 16], "texture": "#1"},
				"east": {"uv": [0, 0, 16, 16], "texture": "#1"},
				"south": {"uv": [0, 0, 16, 16], "texture": "#1"},
				"west": {"uv": [0, 0, 16, 16], "texture": "#1"},
				"up": {"uv": [0, 0, 16, 16], "texture": "#1"},
				"down": {"uv": [0, 0, 16, 16], "texture": "#1"}
			}
		},
		{
			"from": [7.8, 3, 4.1],
			"to": [8.4, 3.1, 4.2],
			"rotation": {"angle": -45, "axis": "z", "origin": [8, 3.1, 4.15]},
			"faces": {
				"north": {"uv": [0, 0, 16, 16], "texture": "#1"},
				"east": {"uv": [0, 0, 16, 16], "texture": "#1"},
				"south": {"uv": [0, 0, 16, 16], "texture": "#1"},
				"west": {"uv": [0, 0, 16, 16], "texture": "#1"},
				"up": {"uv": [0, 0, 16, 16], "texture": "#1"},
				"down": {"uv": [0, 0, 16, 16], "texture": "#1"}
			}
		},
		{
			"from": [7.6, 2.6, 4.1],
			"to": [8.2, 2.7, 4.2],
			"rotation": {"angle": 45, "axis": "z", "origin": [8, 3.1, 4.15]},
			"faces": {
				"north": {"uv": [0, 0, 16, 16], "texture": "#1"},
				"east": {"uv": [0, 0, 16, 16], "texture": "#1"},
				"south": {"uv": [0, 0, 16, 16], "texture": "#1"},
				"west": {"uv": [0, 0, 16, 16], "texture": "#1"},
				"up": {"uv": [0, 0, 16, 16], "texture": "#1"},
				"down": {"uv": [0, 0, 16, 16], "texture": "#1"}
			}
		},
		{
			"from": [8.1, 2.6, 4.1],
			"to": [8.7, 2.7, 4.2],
			"rotation": {"angle": -45, "axis": "z", "origin": [8, 3.1, 4.15]},
			"faces": {
				"north": {"uv": [0, 0, 16, 16], "texture": "#1"},
				"east": {"uv": [0, 0, 16, 16], "texture": "#1"},
				"south": {"uv": [0, 0, 16, 16], "texture": "#1"},
				"west": {"uv": [0, 0, 16, 16], "texture": "#1"},
				"up": {"uv": [0, 0, 16, 16], "texture": "#1"},
				"down": {"uv": [0, 0, 16, 16], "texture": "#1"}
			}
		},
		{
			"from": [7.95, 2.35, 7.8],
			"to": [8.05, 2.45, 9.5],
			"faces": {
				"north": {"uv": [0, 0, 16, 16], "texture": "#1"},
				"east": {"uv": [0, 0, 16, 16], "texture": "#1"},
				"south": {"uv": [0, 0, 16, 16], "texture": "#1"},
				"west": {"uv": [0, 0, 16, 16], "texture": "#1"},
				"up": {"uv": [0, 0, 16, 16], "texture": "#1"},
				"down": {"uv": [0, 0, 16, 16], "texture": "#1"}
			}
		},
		{
			"from": [7.6, 1.9, 7.91],
			"to": [8.4, 2.9, 9.39],
			"faces": {
				"north": {"uv": [0, 0, 0.8, 1.5], "texture": "#1"},
				"east": {"uv": [0, 0, 0.8, 1.5], "texture": "#1"},
				"south": {"uv": [0, 0, 0.8, 1.5], "texture": "#1"},
				"west": {"uv": [0, 0, 0.8, 1.5], "texture": "#1"},
				"up": {"uv": [0, 0, 0.8, 1.5], "texture": "#1"},
				"down": {"uv": [0, 0, 0.8, 1.5], "texture": "#1"}
			}
		},
		{
			"from": [7.8, 2.55, 4.19],
			"to": [8.2, 2.95, 4.2],
			"rotation": {"angle": 45, "axis": "z", "origin": [8, 2.75, 4.195]},
			"faces": {
				"north": {"uv": [0, 0, 16, 16], "texture": "#2"},
				"east": {"uv": [0, 0, 16, 16], "texture": "#2"},
				"south": {"uv": [0, 0, 16, 16], "texture": "#2"},
				"west": {"uv": [0, 0, 16, 16], "texture": "#2"},
				"up": {"uv": [0, 0, 16, 16], "texture": "#2"},
				"down": {"uv": [0, 0, 16, 16], "texture": "#2"}
			}
		},
		{
			"from": [8.1, 3, 7.3],
			"to": [8.4, 3.2, 7.5],
			"rotation": {"angle": -22.5, "axis": "x", "origin": [8, 3.15, 7.4]},
			"faces": {
				"north": {"uv": [0, 0, 16, 16], "texture": "#1"},
				"east": {"uv": [0, 0, 16, 16], "texture": "#1"},
				"south": {"uv": [0, 0, 16, 16], "texture": "#1"},
				"west": {"uv": [0, 0, 16, 16], "texture": "#1"},
				"up": {"uv": [0, 0, 16, 16], "texture": "#1"},
				"down": {"uv": [0, 0, 16, 16], "texture": "#1"}
			}
		},
		{
			"from": [7.6, 3, 7.3],
			"to": [7.9, 3.2, 7.5],
			"rotation": {"angle": -22.5, "axis": "x", "origin": [8, 3.15, 7.4]},
			"faces": {
				"north": {"uv": [0, 0, 16, 16], "texture": "#1"},
				"east": {"uv": [0, 0, 16, 16], "texture": "#1"},
				"south": {"uv": [0, 0, 16, 16], "texture": "#1"},
				"west": {"uv": [0, 0, 16, 16], "texture": "#1"},
				"up": {"uv": [0, 0, 16, 16], "texture": "#1"},
				"down": {"uv": [0, 0, 16, 16], "texture": "#1"}
			}
		},
		{
			"from": [8.1, 3.9, 9.6],
			"to": [8.4, 4.1, 9.9],
			"rotation": {"angle": 22.5, "axis": "x", "origin": [8, 3.15, 7.4]},
			"faces": {
				"north": {"uv": [0, 0, 16, 16], "texture": "#1"},
				"east": {"uv": [0, 0, 16, 16], "texture": "#1"},
				"south": {"uv": [0, 0, 16, 16], "texture": "#1"},
				"west": {"uv": [0, 0, 16, 16], "texture": "#1"},
				"up": {"uv": [0, 0, 16, 16], "texture": "#1"},
				"down": {"uv": [0, 0, 16, 16], "texture": "#1"}
			}
		},
		{
			"from": [7.6, 3.9, 9.6],
			"to": [7.9, 4.1, 9.9],
			"rotation": {"angle": 22.5, "axis": "x", "origin": [8, 3.15, 7.4]},
			"faces": {
				"north": {"uv": [0, 0, 16, 16], "texture": "#1"},
				"east": {"uv": [0, 0, 16, 16], "texture": "#1"},
				"south": {"uv": [0, 0, 16, 16], "texture": "#1"},
				"west": {"uv": [0, 0, 16, 16], "texture": "#1"},
				"up": {"uv": [0, 0, 16, 16], "texture": "#1"},
				"down": {"uv": [0, 0, 16, 16], "texture": "#1"}
			}
		},
		{
			"from": [7.49, 2.6, 9.34],
			"to": [7.8, 2.8, 10.81],
			"rotation": {"angle": 22.5, "axis": "y", "origin": [8, 2.4, 9.6]},
			"faces": {
				"north": {"uv": [0, 0, 16, 16], "texture": "#1"},
				"east": {"uv": [0, 0, 16, 16], "texture": "#1"},
				"south": {"uv": [0, 0, 16, 16], "texture": "#1"},
				"west": {"uv": [0, 0, 16, 16], "texture": "#1"},
				"up": {"uv": [0, 0, 16, 16], "texture": "#1"},
				"down": {"uv": [0, 0, 16, 16], "texture": "#1"}
			}
		},
		{
			"from": [8.2, 2.6, 9.34],
			"to": [8.51, 2.8, 10.81],
			"rotation": {"angle": -22.5, "axis": "y", "origin": [8, 2.4, 9.6]},
			"faces": {
				"north": {"uv": [0, 0, 16, 16], "texture": "#1"},
				"east": {"uv": [0, 0, 16, 16], "texture": "#1"},
				"south": {"uv": [0, 0, 16, 16], "texture": "#1"},
				"west": {"uv": [0, 0, 16, 16], "texture": "#1"},
				"up": {"uv": [0, 0, 16, 16], "texture": "#1"},
				"down": {"uv": [0, 0, 16, 16], "texture": "#1"}
			}
		},
		{
			"from": [8.2, 2, 9.34],
			"to": [8.51, 2.2, 10.81],
			"rotation": {"angle": -22.5, "axis": "y", "origin": [8, 1.7, 9.6]},
			"faces": {
				"north": {"uv": [0, 0, 16, 16], "texture": "#1"},
				"east": {"uv": [0, 0, 16, 16], "texture": "#1"},
				"south": {"uv": [0, 0, 16, 16], "texture": "#1"},
				"west": {"uv": [0, 0, 16, 16], "texture": "#1"},
				"up": {"uv": [0, 0, 16, 16], "texture": "#1"},
				"down": {"uv": [0, 0, 16, 16], "texture": "#1"}
			}
		},
		{
			"from": [7.49, 2, 9.34],
			"to": [7.8, 2.2, 10.81],
			"rotation": {"angle": 22.5, "axis": "y", "origin": [8, 1.7, 9.6]},
			"faces": {
				"north": {"uv": [0, 0, 16, 16], "texture": "#1"},
				"east": {"uv": [0, 0, 16, 16], "texture": "#1"},
				"south": {"uv": [0, 0, 16, 16], "texture": "#1"},
				"west": {"uv": [0, 0, 16, 16], "texture": "#1"},
				"up": {"uv": [0, 0, 16, 16], "texture": "#1"},
				"down": {"uv": [0, 0, 16, 16], "texture": "#1"}
			}
		},
		{
			"from": [7.68, 0, 10.2],
			"to": [8.32, 1.9, 10.3],
			"rotation": {"angle": -22.5, "axis": "x", "origin": [8, 0.5, 10.5]},
			"faces": {
				"north": {"uv": [0, 0, 16, 16], "texture": "#1"},
				"east": {"uv": [0, 0, 16, 16], "texture": "#1"},
				"south": {"uv": [0, 0, 16, 16], "texture": "#1"},
				"west": {"uv": [0, 0, 16, 16], "texture": "#1"},
				"up": {"uv": [0, 0, 16, 16], "texture": "#1"},
				"down": {"uv": [0, 0, 16, 16], "texture": "#1"}
			}
		},
		{
			"from": [7.68, 0, 10.94],
			"to": [8.32, 2.1, 11.04],
			"rotation": {"angle": -22.5, "axis": "x", "origin": [8, 0.5, 10.5]},
			"faces": {
				"north": {"uv": [0, 0, 16, 16], "texture": "#1"},
				"east": {"uv": [0, 0, 16, 16], "texture": "#1"},
				"south": {"uv": [0, 0, 16, 16], "texture": "#1"},
				"west": {"uv": [0, 0, 16, 16], "texture": "#1"},
				"up": {"uv": [0, 0, 16, 16], "texture": "#1"},
				"down": {"uv": [0, 0, 16, 16], "texture": "#1"}
			}
		},
		{
			"from": [7.69, 1.8, 7.5],
			"to": [8.31, 1.95, 7.51],
			"faces": {
				"north": {"uv": [0, 0, 16, 16], "texture": "#1"},
				"east": {"uv": [0, 0, 16, 16], "texture": "#1"},
				"south": {"uv": [0, 0, 16, 16], "texture": "#1"},
				"west": {"uv": [0, 0, 16, 16], "texture": "#1"},
				"up": {"uv": [0, 0, 16, 16], "texture": "#1"},
				"down": {"uv": [0, 0, 16, 16], "texture": "#1"}
			}
		},
		{
			"from": [8.26569, 2.3, 7.89],
			"to": [8.46569, 2.5, 7.9],
			"faces": {
				"north": {"uv": [0, 0, 0.8, 1.5], "rotation": 180, "texture": "#2"},
				"east": {"uv": [0, 0, 0.8, 1.5], "rotation": 180, "texture": "#2"},
				"south": {"uv": [0, 0, 0.8, 1.5], "rotation": 180, "texture": "#2"},
				"west": {"uv": [0, 0, 0.8, 1.5], "texture": "#2"},
				"up": {"uv": [0, 0, 0.8, 1.5], "rotation": 180, "texture": "#2"},
				"down": {"uv": [0, 0, 0.8, 1.5], "texture": "#2"}
			}
		},
		{
			"from": [8.36569, 2.6, 7.89],
			"to": [8.56569, 2.8, 7.9],
			"rotation": {"angle": 45, "axis": "z", "origin": [8.36569, 2.4, 7.895]},
			"faces": {
				"north": {"uv": [0, 0, 0.8, 1.5], "rotation": 90, "texture": "#2"},
				"east": {"uv": [0, 0, 0.8, 1.5], "rotation": 90, "texture": "#2"},
				"south": {"uv": [0, 0, 0.8, 1.5], "rotation": 90, "texture": "#2"},
				"west": {"uv": [0, 0, 0.8, 1.5], "rotation": 90, "texture": "#2"},
				"up": {"uv": [0, 0, 0.8, 1.5], "rotation": 90, "texture": "#2"},
				"down": {"uv": [0, 0, 0.8, 1.5], "rotation": 90, "texture": "#2"}
			}
		},
		{
			"from": [7.96569, 2.2, 7.89],
			"to": [8.16569, 2.4, 7.9],
			"rotation": {"angle": 45, "axis": "z", "origin": [8.36569, 2.4, 7.895]},
			"faces": {
				"north": {"uv": [0, 0, 0.8, 1.5], "rotation": 90, "texture": "#2"},
				"east": {"uv": [0, 0, 0.8, 1.5], "rotation": 90, "texture": "#2"},
				"south": {"uv": [0, 0, 0.8, 1.5], "rotation": 90, "texture": "#2"},
				"west": {"uv": [0, 0, 0.8, 1.5], "rotation": 90, "texture": "#2"},
				"up": {"uv": [0, 0, 0.8, 1.5], "rotation": 90, "texture": "#2"},
				"down": {"uv": [0, 0, 0.8, 1.5], "rotation": 90, "texture": "#2"}
			}
		},
		{
			"from": [7.9, 1.87, 7.89],
			"to": [8.1, 2.07, 7.9],
			"faces": {
				"north": {"uv": [0, 1.5, 0.8, 0], "rotation": 270, "texture": "#2"},
				"east": {"uv": [0, 1.5, 0.8, 0], "rotation": 270, "texture": "#2"},
				"south": {"uv": [0, 1.5, 0.8, 0], "rotation": 270, "texture": "#2"},
				"west": {"uv": [0, 1.5, 0.8, 0], "rotation": 270, "texture": "#2"},
				"up": {"uv": [0, 1.5, 0.8, 0], "rotation": 270, "texture": "#2"},
				"down": {"uv": [0, 1.5, 0.8, 0], "rotation": 270, "texture": "#2"}
			}
		},
		{
			"from": [7.83431, 2.2, 7.89],
			"to": [8.03431, 2.4, 7.9],
			"rotation": {"angle": -45, "axis": "z", "origin": [7.63431, 2.4, 7.895]},
			"faces": {
				"north": {"uv": [0, 1.5, 0.8, 0], "rotation": 270, "texture": "#2"},
				"east": {"uv": [0, 1.5, 0.8, 0], "rotation": 270, "texture": "#2"},
				"south": {"uv": [0, 1.5, 0.8, 0], "rotation": 270, "texture": "#2"},
				"west": {"uv": [0, 1.5, 0.8, 0], "rotation": 270, "texture": "#2"},
				"up": {"uv": [0, 1.5, 0.8, 0], "rotation": 270, "texture": "#2"},
				"down": {"uv": [0, 1.5, 0.8, 0], "rotation": 270, "texture": "#2"}
			}
		},
		{
			"from": [7.53431, 2.3, 7.89],
			"to": [7.73431, 2.5, 7.9],
			"faces": {
				"north": {"uv": [0, 1.5, 0.8, 0], "rotation": 180, "texture": "#2"},
				"east": {"uv": [0, 1.5, 0.8, 0], "rotation": 180, "texture": "#2"},
				"south": {"uv": [0, 1.5, 0.8, 0], "rotation": 180, "texture": "#2"},
				"west": {"uv": [0, 1.5, 0.8, 0], "rotation": 180, "texture": "#2"},
				"up": {"uv": [0, 1.5, 0.8, 0], "rotation": 180, "texture": "#2"},
				"down": {"uv": [0, 1.5, 0.8, 0], "rotation": 180, "texture": "#2"}
			}
		},
		{
			"from": [7.43431, 2.6, 7.89],
			"to": [7.63431, 2.8, 7.9],
			"rotation": {"angle": -45, "axis": "z", "origin": [7.63431, 2.4, 7.895]},
			"faces": {
				"north": {"uv": [0, 1.5, 0.8, 0], "rotation": 270, "texture": "#2"},
				"east": {"uv": [0, 1.5, 0.8, 0], "rotation": 270, "texture": "#2"},
				"south": {"uv": [0, 1.5, 0.8, 0], "rotation": 270, "texture": "#2"},
				"west": {"uv": [0, 1.5, 0.8, 0], "rotation": 270, "texture": "#2"},
				"up": {"uv": [0, 1.5, 0.8, 0], "rotation": 270, "texture": "#2"},
				"down": {"uv": [0, 1.5, 0.8, 0], "rotation": 270, "texture": "#2"}
			}
		},
		{
			"from": [7.9, 2.73, 7.89],
			"to": [8.1, 2.93, 7.9],
			"faces": {
				"north": {"uv": [0, 1.5, 0.8, 0], "rotation": 270, "texture": "#2"},
				"east": {"uv": [0, 1.5, 0.8, 0], "rotation": 270, "texture": "#2"},
				"south": {"uv": [0, 1.5, 0.8, 0], "rotation": 270, "texture": "#2"},
				"west": {"uv": [0, 1.5, 0.8, 0], "rotation": 270, "texture": "#2"},
				"up": {"uv": [0, 1.5, 0.8, 0], "rotation": 270, "texture": "#2"},
				"down": {"uv": [0, 1.5, 0.8, 0], "rotation": 270, "texture": "#2"}
			}
		},
		{
			"from": [7.9, 2.73, 7.8],
			"to": [8.1, 2.93, 7.81],
			"faces": {
				"north": {"uv": [0, 1.5, 0.8, 0], "rotation": 270, "texture": "#2"},
				"east": {"uv": [0, 1.5, 0.8, 0], "rotation": 270, "texture": "#2"},
				"south": {"uv": [0, 1.5, 0.8, 0], "rotation": 270, "texture": "#2"},
				"west": {"uv": [0, 1.5, 0.8, 0], "rotation": 270, "texture": "#2"},
				"up": {"uv": [0, 1.5, 0.8, 0], "rotation": 270, "texture": "#2"},
				"down": {"uv": [0, 1.5, 0.8, 0], "rotation": 270, "texture": "#2"}
			}
		},
		{
			"from": [7.99, 2.7, 4.18],
			"to": [8.01, 2.78, 4.19],
			"faces": {
				"north": {"uv": [0, 0, 0.6, 0.6], "rotation": 90, "texture": "#3"},
				"east": {"uv": [0, 0, 0.6, 0.6], "rotation": 90, "texture": "#3"},
				"south": {"uv": [0, 0, 0.6, 0.6], "rotation": 90, "texture": "#3"},
				"west": {"uv": [0, 0, 0.6, 0.6], "rotation": 90, "texture": "#3"},
				"up": {"uv": [0, 0, 0.6, 0.6], "rotation": 90, "texture": "#3"},
				"down": {"uv": [0, 0, 0.6, 0.6], "rotation": 90, "texture": "#3"}
			}
		},
		{
			"from": [7.96, 2.73, 4.18],
			"to": [8.04, 2.75, 4.19],
			"faces": {
				"north": {"uv": [0, 0, 0.6, 0.6], "rotation": 180, "texture": "#3"},
				"east": {"uv": [0, 0, 0.6, 0.6], "rotation": 180, "texture": "#3"},
				"south": {"uv": [0, 0, 0.6, 0.6], "rotation": 180, "texture": "#3"},
				"west": {"uv": [0, 0, 0.6, 0.6], "texture": "#3"},
				"up": {"uv": [0, 0, 0.6, 0.6], "rotation": 180, "texture": "#3"},
				"down": {"uv": [0, 0, 0.6, 0.6], "texture": "#3"}
			}
		},
		{
			"from": [7.96, 2.73, 4.18],
			"to": [8.04, 2.75, 4.19],
			"rotation": {"angle": 45, "axis": "z", "origin": [8, 2.74, 4.185]},
			"faces": {
				"north": {"uv": [0, 0, 0.6, 0.6], "rotation": 180, "texture": "#3"},
				"east": {"uv": [0, 0, 0.6, 0.6], "rotation": 180, "texture": "#3"},
				"south": {"uv": [0, 0, 0.6, 0.6], "rotation": 180, "texture": "#3"},
				"west": {"uv": [0, 0, 0.6, 0.6], "texture": "#3"},
				"up": {"uv": [0, 0, 0.6, 0.6], "rotation": 180, "texture": "#3"},
				"down": {"uv": [0, 0, 0.6, 0.6], "texture": "#3"}
			}
		},
		{
			"from": [7.96, 2.73, 4.18],
			"to": [8.04, 2.75, 4.19],
			"rotation": {"angle": -45, "axis": "z", "origin": [8, 2.74, 4.185]},
			"faces": {
				"north": {"uv": [0, 0, 0.6, 0.6], "rotation": 180, "texture": "#3"},
				"east": {"uv": [0, 0, 0.6, 0.6], "rotation": 180, "texture": "#3"},
				"south": {"uv": [0, 0, 0.6, 0.6], "rotation": 180, "texture": "#3"},
				"west": {"uv": [0, 0, 0.6, 0.6], "texture": "#3"},
				"up": {"uv": [0, 0, 0.6, 0.6], "rotation": 180, "texture": "#3"},
				"down": {"uv": [0, 0, 0.6, 0.6], "texture": "#3"}
			}
		},
		{
			"from": [7.96, 2.73, 4.18],
			"to": [8.04, 2.75, 4.19],
			"rotation": {"angle": -22.5, "axis": "z", "origin": [8, 2.74, 4.185]},
			"faces": {
				"north": {"uv": [0, 0, 0.6, 0.6], "rotation": 180, "texture": "#3"},
				"east": {"uv": [0, 0, 0.6, 0.6], "rotation": 180, "texture": "#3"},
				"south": {"uv": [0, 0, 0.6, 0.6], "rotation": 180, "texture": "#3"},
				"west": {"uv": [0, 0, 0.6, 0.6], "texture": "#3"},
				"up": {"uv": [0, 0, 0.6, 0.6], "rotation": 180, "texture": "#3"},
				"down": {"uv": [0, 0, 0.6, 0.6], "texture": "#3"}
			}
		},
		{
			"from": [7.96, 2.73, 4.18],
			"to": [8.04, 2.75, 4.19],
			"rotation": {"angle": 22.5, "axis": "z", "origin": [8, 2.74, 4.185]},
			"faces": {
				"north": {"uv": [0, 0, 0.6, 0.6], "rotation": 180, "texture": "#3"},
				"east": {"uv": [0, 0, 0.6, 0.6], "rotation": 180, "texture": "#3"},
				"south": {"uv": [0, 0, 0.6, 0.6], "rotation": 180, "texture": "#3"},
				"west": {"uv": [0, 0, 0.6, 0.6], "texture": "#3"},
				"up": {"uv": [0, 0, 0.6, 0.6], "rotation": 180, "texture": "#3"},
				"down": {"uv": [0, 0, 0.6, 0.6], "texture": "#3"}
			}
		},
		{
			"from": [7.99, 2.7, 4.18],
			"to": [8.01, 2.78, 4.19],
			"rotation": {"angle": -22.5, "axis": "z", "origin": [8, 2.74, 4.185]},
			"faces": {
				"north": {"uv": [0, 0, 0.6, 0.6], "rotation": 270, "texture": "#3"},
				"east": {"uv": [0, 0, 0.6, 0.6], "rotation": 270, "texture": "#3"},
				"south": {"uv": [0, 0, 0.6, 0.6], "rotation": 270, "texture": "#3"},
				"west": {"uv": [0, 0, 0.6, 0.6], "rotation": 270, "texture": "#3"},
				"up": {"uv": [0, 0, 0.6, 0.6], "rotation": 270, "texture": "#3"},
				"down": {"uv": [0, 0, 0.6, 0.6], "rotation": 270, "texture": "#3"}
			}
		},
		{
			"from": [7.99, 2.7, 4.18],
			"to": [8.01, 2.78, 4.19],
			"rotation": {"angle": 22.5, "axis": "z", "origin": [8, 2.74, 4.185]},
			"faces": {
				"north": {"uv": [0, 0, 0.6, 0.6], "rotation": 270, "texture": "#3"},
				"east": {"uv": [0, 0, 0.6, 0.6], "rotation": 270, "texture": "#3"},
				"south": {"uv": [0, 0, 0.6, 0.6], "rotation": 270, "texture": "#3"},
				"west": {"uv": [0, 0, 0.6, 0.6], "rotation": 270, "texture": "#3"},
				"up": {"uv": [0, 0, 0.6, 0.6], "rotation": 270, "texture": "#3"},
				"down": {"uv": [0, 0, 0.6, 0.6], "rotation": 270, "texture": "#3"}
			}
		},
		{
			"from": [8.31, 2.01, 8.04],
			"to": [8.42, 2.11, 11.01],
			"faces": {
				"north": {"uv": [0, 0, 16, 16], "texture": "#3"},
				"east": {"uv": [0, 0, 16, 16], "texture": "#3"},
				"south": {"uv": [0, 0, 16, 16], "texture": "#3"},
				"west": {"uv": [0, 0, 16, 16], "texture": "#3"},
				"up": {"uv": [0, 0, 16, 16], "texture": "#3"},
				"down": {"uv": [0, 0, 16, 16], "texture": "#3"}
			}
		},
		{
			"from": [8.31, 2.69, 8.04],
			"to": [8.42, 2.79, 10.81],
			"faces": {
				"north": {"uv": [0, 0, 16, 16], "texture": "#3"},
				"east": {"uv": [0, 0, 16, 16], "texture": "#3"},
				"south": {"uv": [0, 0, 16, 16], "texture": "#3"},
				"west": {"uv": [0, 0, 16, 16], "texture": "#3"},
				"up": {"uv": [0, 0, 16, 16], "texture": "#3"},
				"down": {"uv": [0, 0, 16, 16], "texture": "#3"}
			}
		},
		{
			"from": [7.58, 2.01, 8.04],
			"to": [7.69, 2.11, 11.01],
			"faces": {
				"north": {"uv": [0, 0, 16, 16], "texture": "#3"},
				"east": {"uv": [0, 0, 16, 16], "texture": "#3"},
				"south": {"uv": [0, 0, 16, 16], "texture": "#3"},
				"west": {"uv": [0, 0, 16, 16], "texture": "#3"},
				"up": {"uv": [0, 0, 16, 16], "texture": "#3"},
				"down": {"uv": [0, 0, 16, 16], "texture": "#3"}
			}
		},
		{
			"from": [7.58, 2.69, 8.04],
			"to": [7.69, 2.79, 10.81],
			"faces": {
				"north": {"uv": [0, 0, 16, 16], "texture": "#3"},
				"east": {"uv": [0, 0, 16, 16], "texture": "#3"},
				"south": {"uv": [0, 0, 16, 16], "texture": "#3"},
				"west": {"uv": [0, 0, 16, 16], "texture": "#3"},
				"up": {"uv": [0, 0, 16, 16], "texture": "#3"},
				"down": {"uv": [0, 0, 16, 16], "texture": "#3"}
			}
		},
		{
			"from": [7.6, 1.6, 9.5],
			"to": [8.4, 2.7, 9.8],
			"faces": {
				"north": {"uv": [0, 0, 16, 16], "texture": "#1"},
				"east": {"uv": [0, 0, 16, 16], "texture": "#1"},
				"south": {"uv": [0, 0, 16, 16], "texture": "#1"},
				"west": {"uv": [0, 0, 16, 16], "texture": "#1"},
				"up": {"uv": [0, 0, 16, 16], "texture": "#1"},
				"down": {"uv": [0, 0, 16, 16], "texture": "#1"}
			}
		},
		{
			"from": [8.1, 2.2, 9.94],
			"to": [8.51, 2.6, 10.81],
			"rotation": {"angle": -22.5, "axis": "y", "origin": [8, 1.8, 9.6]},
			"faces": {
				"north": {"uv": [0, 0, 16, 16], "texture": "#1"},
				"east": {"uv": [0, 0, 16, 16], "texture": "#1"},
				"south": {"uv": [0, 0, 16, 16], "texture": "#1"},
				"west": {"uv": [0, 0, 16, 16], "texture": "#1"},
				"up": {"uv": [0, 0, 16, 16], "texture": "#1"},
				"down": {"uv": [0, 0, 16, 16], "texture": "#1"}
			}
		},
		{
			"from": [7.49, 2.2, 9.94],
			"to": [7.9, 2.6, 10.81],
			"rotation": {"angle": 22.5, "axis": "y", "origin": [8, 1.8, 9.6]},
			"faces": {
				"north": {"uv": [0, 0, 16, 16], "texture": "#1"},
				"east": {"uv": [0, 0, 16, 16], "texture": "#1"},
				"south": {"uv": [0, 0, 16, 16], "texture": "#1"},
				"west": {"uv": [0, 0, 16, 16], "texture": "#1"},
				"up": {"uv": [0, 0, 16, 16], "texture": "#1"},
				"down": {"uv": [0, 0, 16, 16], "texture": "#1"}
			}
		},
		{
			"from": [7.8, 2.70638, 10.30073],
			"to": [8.2, 2.90638, 10.70073],
			"rotation": {"angle": 22.5, "axis": "x", "origin": [8, 2.80638, 10.45073]},
			"faces": {
				"north": {"uv": [0, 0, 16, 16], "texture": "#1"},
				"east": {"uv": [0, 0, 16, 16], "texture": "#1"},
				"south": {"uv": [0, 0, 16, 16], "texture": "#1"},
				"west": {"uv": [0, 0, 16, 16], "texture": "#1"},
				"up": {"uv": [0, 0, 16, 16], "texture": "#1"},
				"down": {"uv": [0, 0, 16, 16], "texture": "#1"}
			}
		},
		{
			"from": [7.8, 2.65638, 10.35073],
			"to": [8.2, 3.05638, 10.55073],
			"faces": {
				"north": {"uv": [0, 0, 16, 16], "rotation": 90, "texture": "#1"},
				"east": {"uv": [0, 0, 16, 16], "rotation": 90, "texture": "#1"},
				"south": {"uv": [0, 0, 16, 16], "rotation": 90, "texture": "#1"},
				"west": {"uv": [0, 0, 16, 16], "rotation": 90, "texture": "#1"},
				"up": {"uv": [0, 0, 16, 16], "rotation": 90, "texture": "#1"},
				"down": {"uv": [0, 0, 16, 16], "rotation": 90, "texture": "#1"}
			}
		},
		{
			"from": [7.8, 2.45, 6.2],
			"to": [8.2, 2.95, 7.7],
			"rotation": {"angle": 22.5, "axis": "x", "origin": [8, 2.4, 5.95]},
			"faces": {
				"north": {"uv": [0, 0, 16, 16], "texture": "#1"},
				"east": {"uv": [0, 0, 16, 16], "texture": "#1"},
				"south": {"uv": [0, 0, 16, 16], "texture": "#1"},
				"west": {"uv": [0, 0, 16, 16], "texture": "#1"},
				"up": {"uv": [0, 0, 16, 16], "texture": "#1"},
				"down": {"uv": [0, 0, 16, 16], "texture": "#1"}
			}
		},
		{
			"from": [7.7, 2.45, 4.2],
			"to": [8.3, 3.05, 6.5],
			"rotation": {"angle": 22.5, "axis": "z", "origin": [8, 2.75, 5.35]},
			"faces": {
				"north": {"uv": [0, 0, 16, 16], "texture": "#1"},
				"east": {"uv": [0, 0, 16, 16], "texture": "#1"},
				"south": {"uv": [0, 0, 16, 16], "texture": "#1"},
				"west": {"uv": [0, 0, 16, 16], "texture": "#1"},
				"up": {"uv": [0, 0, 16, 16], "texture": "#1"},
				"down": {"uv": [0, 0, 16, 16], "texture": "#1"}
			}
		},
		{
			"from": [7.7, 2.45, 4.2],
			"to": [8.3, 3.05, 6.5],
			"rotation": {"angle": -22.5, "axis": "z", "origin": [8, 2.75, 5.35]},
			"faces": {
				"north": {"uv": [0, 0, 16, 16], "texture": "#1"},
				"east": {"uv": [0, 0, 16, 16], "texture": "#1"},
				"south": {"uv": [0, 0, 16, 16], "texture": "#1"},
				"west": {"uv": [0, 0, 16, 16], "texture": "#1"},
				"up": {"uv": [0, 0, 16, 16], "texture": "#1"},
				"down": {"uv": [0, 0, 16, 16], "texture": "#1"}
			}
		},
		{
			"from": [7.7, 2.45, 4.7],
			"to": [8.3, 3.05, 5],
			"rotation": {"angle": 45, "axis": "z", "origin": [8, 2.75, 5.35]},
			"faces": {
				"north": {"uv": [0, 0, 16, 16], "texture": "#1"},
				"east": {"uv": [0, 0, 16, 16], "texture": "#1"},
				"south": {"uv": [0, 0, 16, 16], "texture": "#1"},
				"west": {"uv": [0, 0, 16, 16], "texture": "#1"},
				"up": {"uv": [0, 0, 16, 16], "texture": "#1"},
				"down": {"uv": [0, 0, 16, 16], "texture": "#1"}
			}
		},
		{
			"from": [7.7, 2.45, 5.2],
			"to": [8.3, 3.05, 5.5],
			"rotation": {"angle": 45, "axis": "z", "origin": [8, 2.75, 5.35]},
			"faces": {
				"north": {"uv": [0, 0, 16, 16], "texture": "#1"},
				"east": {"uv": [0, 0, 16, 16], "texture": "#1"},
				"south": {"uv": [0, 0, 16, 16], "texture": "#1"},
				"west": {"uv": [0, 0, 16, 16], "texture": "#1"},
				"up": {"uv": [0, 0, 16, 16], "texture": "#1"},
				"down": {"uv": [0, 0, 16, 16], "texture": "#1"}
			}
		},
		{
			"from": [7.7, 2.45, 6.1],
			"to": [8.3, 3.05, 6.4],
			"rotation": {"angle": 45, "axis": "z", "origin": [8, 2.75, 5.35]},
			"faces": {
				"north": {"uv": [0, 0, 16, 16], "texture": "#1"},
				"east": {"uv": [0, 0, 16, 16], "texture": "#1"},
				"south": {"uv": [0, 0, 16, 16], "texture": "#1"},
				"west": {"uv": [0, 0, 16, 16], "texture": "#1"},
				"up": {"uv": [0, 0, 16, 16], "texture": "#1"},
				"down": {"uv": [0, 0, 16, 16], "texture": "#1"}
			}
		},
		{
			"from": [7.7, 2.45, 5.7],
			"to": [8.3, 3.05, 6],
			"rotation": {"angle": 45, "axis": "z", "origin": [8, 2.75, 5.35]},
			"faces": {
				"north": {"uv": [0, 0, 16, 16], "texture": "#1"},
				"east": {"uv": [0, 0, 16, 16], "texture": "#1"},
				"south": {"uv": [0, 0, 16, 16], "texture": "#1"},
				"west": {"uv": [0, 0, 16, 16], "texture": "#1"},
				"up": {"uv": [0, 0, 16, 16], "texture": "#1"},
				"down": {"uv": [0, 0, 16, 16], "texture": "#1"}
			}
		},
		{
			"from": [7.49, 1.9, 10.44],
			"to": [7.7, 2.1, 10.91],
			"faces": {
				"north": {"uv": [0, 0, 16, 16], "texture": "#1"},
				"east": {"uv": [0, 0, 16, 16], "texture": "#1"},
				"south": {"uv": [0, 0, 16, 16], "texture": "#1"},
				"west": {"uv": [0, 0, 16, 16], "texture": "#1"},
				"up": {"uv": [0, 0, 16, 16], "texture": "#1"},
				"down": {"uv": [0, 0, 16, 16], "texture": "#1"}
			}
		},
		{
			"from": [7.49, 2.7, 10.44],
			"to": [7.7, 2.9, 10.71],
			"faces": {
				"north": {"uv": [0, 0, 16, 16], "texture": "#1"},
				"east": {"uv": [0, 0, 16, 16], "texture": "#1"},
				"south": {"uv": [0, 0, 16, 16], "texture": "#1"},
				"west": {"uv": [0, 0, 16, 16], "texture": "#1"},
				"up": {"uv": [0, 0, 16, 16], "texture": "#1"},
				"down": {"uv": [0, 0, 16, 16], "texture": "#1"}
			}
		},
		{
			"from": [8.3, 1.9, 10.44],
			"to": [8.51, 2.1, 10.91],
			"faces": {
				"north": {"uv": [0, 0, 16, 16], "texture": "#1"},
				"east": {"uv": [0, 0, 16, 16], "texture": "#1"},
				"south": {"uv": [0, 0, 16, 16], "texture": "#1"},
				"west": {"uv": [0, 0, 16, 16], "texture": "#1"},
				"up": {"uv": [0, 0, 16, 16], "texture": "#1"},
				"down": {"uv": [0, 0, 16, 16], "texture": "#1"}
			}
		},
		{
			"from": [8.3, 2.7, 10.44],
			"to": [8.51, 2.9, 10.71],
			"faces": {
				"north": {"uv": [0, 0, 16, 16], "texture": "#1"},
				"east": {"uv": [0, 0, 16, 16], "texture": "#1"},
				"south": {"uv": [0, 0, 16, 16], "texture": "#1"},
				"west": {"uv": [0, 0, 16, 16], "texture": "#1"},
				"up": {"uv": [0, 0, 16, 16], "texture": "#1"},
				"down": {"uv": [0, 0, 16, 16], "texture": "#1"}
			}
		}
	],
	"display": {
		"thirdperson_righthand": {
			"rotation": [0, -15, 0],
			"translation": [0.5, 9.5, -1.5],
			"scale": [1.5, 1.5, 1.5]
		},
		"thirdperson_lefthand": {
			"translation": [-0.5, 9.5, -1.5],
			"scale": [1.5, 1.5, 1.5]
		},
		"firstperson_righthand": {
			"rotation": [6, 3, 0],
			"translation": [7.5, 11.5, 5]
		},
		"firstperson_lefthand": {
			"scale": [0, 0, 0]
		},
		"ground": {
			"translation": [0, 4, 0]
		},
		"fixed": {
			"rotation": [90, 50, -90],
			"translation": [7, 10.5, 0],
			"scale": [2, 2, 2]
		},
		"gui": {
			"rotation": [90, 50, -90],
			"translation": [7, 10.5, 0],
			"scale": [2, 2, 2]
		}
	}
}