{
	"credit": "https://www.youtube.com/c/ZeroCaty",
	"textures": {
		"1": "block/gray_concrete",
		"2": "block/black_concrete",
		"3": "block/red_concrete"
	},
	"elements": [
		{
			"from": [7.7, 0.5, 10.3],
			"to": [8.3, 2.3, 11],
			"rotation": {"angle": -22.5, "axis": "x", "origin": [8, 0.5, 10.5]},
			"faces": {
				"north": {"uv": [0, 0, 16, 16], "texture": "#1"},
				"east": {"uv": [0, 0, 16, 16], "texture": "#1"},
				"south": {"uv": [0, 0, 16, 16], "texture": "#1"},
				"west": {"uv": [0, 0, 16, 16], "texture": "#1"},
				"up": {"uv": [0, 0, 16, 16], "texture": "#1"},
				"down": {"uv": [0, 0, 16, 16], "texture": "#1"}
			}
		},
		{
			"from": [7.7, 2.1, 9.5],
			"to": [8.3, 2.7, 10.7],
			"faces": {
				"north": {"uv": [0, 0, 16, 16], "texture": "#1"},
				"east": {"uv": [0, 0, 16, 16], "texture": "#1"},
				"south": {"uv": [0, 0, 16, 16], "texture": "#1"},
				"west": {"uv": [0, 0, 16, 16], "texture": "#1"},
				"up": {"uv": [0, 0, 16, 16], "texture": "#1"},
				"down": {"uv": [0, 0, 16, 16], "texture": "#1"}
			}
		},
		{
			"from": [7.7, 2.5, 9.5],
			"to": [8.3, 3, 10],
			"faces": {
				"north": {"uv": [0, 0, 16, 16], "texture": "#1"},
				"east": {"uv": [0, 0, 16, 16], "texture": "#1"},
				"south": {"uv": [0, 0, 16, 16], "texture": "#1"},
				"west": {"uv": [0, 0, 16, 16], "texture": "#1"},
				"up": {"uv": [0, 0, 16, 16], "texture": "#1"},
				"down": {"uv": [0, 0, 16, 16], "texture": "#1"}
			}
		},
		{
			"from": [7.6, 3, 7.5],
			"to": [8.4, 3.19, 9.8],
			"faces": {
				"north": {"uv": [0, 0, 16, 16], "texture": "#1"},
				"east": {"uv": [0, 0, 16, 16], "texture": "#1"},
				"south": {"uv": [0, 0, 16, 16], "texture": "#1"},
				"west": {"uv": [0, 0, 16, 16], "texture": "#1"},
				"up": {"uv": [0, 0, 16, 16], "texture": "#1"},
				"down": {"uv": [0, 0, 16, 16], "texture": "#1"}
			}
		},
		{
			"from": [7.5, 1.9, 7.91],
			"to": [8.5, 2.9, 9.39],
			"rotation": {"angle": 45, "axis": "z", "origin": [8, 2.4, 8.65]},
			"faces": {
				"north": {"uv": [0, 0, 0.8, 1.5], "texture": "#1"},
				"east": {"uv": [0, 0, 0.8, 1.5], "texture": "#1"},
				"south": {"uv": [0, 0, 0.8, 1.5], "texture": "#1"},
				"west": {"uv": [0, 0, 0.8, 1.5], "texture": "#1"},
				"up": {"uv": [0, 0, 0.8, 1.5], "texture": "#1"},
				"down": {"uv": [0, 0, 0.8, 1.5], "texture": "#1"}
			}
		},
		{
			"from": [7.6, 1.7, 7.5],
			"to": [8.4, 3, 7.8],
			"faces": {
				"north": {"uv": [0, 0, 16, 16], "texture": "#1"},
				"east": {"uv": [0, 0, 16, 16], "texture": "#1"},
				"south": {"uv": [0, 0, 16, 16], "texture": "#1"},
				"west": {"uv": [0, 0, 16, 16], "texture": "#1"},
				"up": {"uv": [0, 0, 16, 16], "texture": "#1"},
				"down": {"uv": [0, 0, 16, 16], "texture": "#1"}
			}
		},
		{
			"from": [7.6, 1.68, 7.8],
			"to": [8.4, 1.8, 9.5],
			"faces": {
				"north": {"uv": [0, 0, 16, 16], "texture": "#1"},
				"east": {"uv": [0, 0, 16, 16], "texture": "#1"},
				"south": {"uv": [0, 0, 16, 16], "texture": "#1"},
				"west": {"uv": [0, 0, 16, 16], "texture": "#1"},
				"up": {"uv": [0, 0, 16, 16], "texture": "#1"},
				"down": {"uv": [0, 0, 16, 16], "texture": "#1"}
			}
		},
		{
			"from": [7.8, 1.7, 9.3],
			"to": [8.2, 2, 9.4],
			"rotation": {"angle": 22.5, "axis": "x", "origin": [8, 1.55, 8.65]},
			"faces": {
				"north": {"uv": [0, 0, 16, 16], "rotation": 90, "texture": "#1"},
				"east": {"uv": [0, 0, 16, 16], "rotation": 90, "texture": "#1"},
				"south": {"uv": [0, 0, 16, 16], "rotation": 90, "texture": "#1"},
				"west": {"uv": [0, 0, 16, 16], "rotation": 90, "texture": "#1"},
				"up": {"uv": [0, 0, 16, 16], "rotation": 90, "texture": "#1"},
				"down": {"uv": [0, 0, 16, 16], "rotation": 90, "texture": "#1"}
			}
		},
		{
			"from": [7.8, 1, 8.5],
			"to": [8.2, 1.1, 9],
			"rotation": {"angle": -45, "axis": "x", "origin": [8, 1.75, 8.65]},
			"faces": {
				"north": {"uv": [0, 0, 16, 16], "texture": "#1"},
				"east": {"uv": [0, 0, 16, 16], "texture": "#1"},
				"south": {"uv": [0, 0, 16, 16], "texture": "#1"},
				"west": {"uv": [0, 0, 16, 16], "texture": "#1"},
				"up": {"uv": [0, 0, 16, 16], "texture": "#1"},
				"down": {"uv": [0, 0, 16, 16], "texture": "#1"}
			}
		},
		{
			"from": [7.8, 1.1, 8.4],
			"to": [8.2, 1.2, 9.1],
			"faces": {
				"north": {"uv": [0, 0, 16, 16], "texture": "#1"},
				"east": {"uv": [0, 0, 16, 16], "texture": "#1"},
				"south": {"uv": [0, 0, 16, 16], "texture": "#1"},
				"west": {"uv": [0, 0, 16, 16], "texture": "#1"},
				"up": {"uv": [0, 0, 16, 16], "texture": "#1"},
				"down": {"uv": [0, 0, 16, 16], "texture": "#1"}
			}
		},
		{
			"from": [7.8, 1, 8.5],
			"to": [8.2, 1.1, 9],
			"rotation": {"angle": 45, "axis": "x", "origin": [8, 1.75, 8.85]},
			"faces": {
				"north": {"uv": [0, 0, 16, 16], "texture": "#1"},
				"east": {"uv": [0, 0, 16, 16], "texture": "#1"},
				"south": {"uv": [0, 0, 16, 16], "texture": "#1"},
				"west": {"uv": [0, 0, 16, 16], "texture": "#1"},
				"up": {"uv": [0, 0, 16, 16], "texture": "#1"},
				"down": {"uv": [0, 0, 16, 16], "texture": "#1"}
			}
		},
		{
			"from": [7.8, 1.7, 8.1],
			"to": [8.2, 2, 8.2],
			"rotation": {"angle": -22.5, "axis": "x", "origin": [8, 1.55, 8.85]},
			"faces": {
				"north": {"uv": [0, 0, 16, 16], "rotation": 270, "texture": "#1"},
				"east": {"uv": [0, 0, 16, 16], "rotation": 270, "texture": "#1"},
				"south": {"uv": [0, 0, 16, 16], "rotation": 270, "texture": "#1"},
				"west": {"uv": [0, 0, 16, 16], "rotation": 270, "texture": "#1"},
				"up": {"uv": [0, 0, 16, 16], "rotation": 270, "texture": "#1"},
				"down": {"uv": [0, 0, 16, 16], "rotation": 270, "texture": "#1"}
			}
		},
		{
			"from": [7.9, 1.5, 9],
			"to": [8.1, 1.9, 9.1],
			"rotation": {"angle": 22.5, "axis": "x", "origin": [8, 1.75, 8.65]},
			"faces": {
				"north": {"uv": [0, 0, 16, 16], "rotation": 90, "texture": "#1"},
				"east": {"uv": [0, 0, 16, 16], "rotation": 90, "texture": "#1"},
				"south": {"uv": [0, 0, 16, 16], "rotation": 90, "texture": "#1"},
				"west": {"uv": [0, 0, 16, 16], "rotation": 90, "texture": "#1"},
				"up": {"uv": [0, 0, 16, 16], "rotation": 90, "texture": "#1"},
				"down": {"uv": [0, 0, 16, 16], "rotation": 90, "texture": "#1"}
			}
		},
		{
			"from": [7.7, 2.45, 6.5],
			"to": [8.3, 3.15, 7.5],
			"faces": {
				"north": {"uv": [0, 0, 16, 16], "texture": "#1"},
				"east": {"uv": [0, 0, 16, 16], "texture": "#1"},
				"south": {"uv": [0, 0, 16, 16], "texture": "#1"},
				"west": {"uv": [0, 0, 16, 16], "texture": "#1"},
				"up": {"uv": [0, 0, 16, 16], "texture": "#1"},
				"down": {"uv": [0, 0, 16, 16], "texture": "#1"}
			}
		},
		{
			"from": [7.5, 3, 4.1],
			"to": [7.9, 3.1, 4.2],
			"rotation": {"angle": 45, "axis": "z", "origin": [8, 3.1, 4.15]},
			"faces": {
				"north": {"uv": [0, 0, 16, 16], "texture": "#1"},
				"east": {"uv": [0, 0, 16, 16], "texture": "#1"},
				"south": {"uv": [0, 0, 16, 16], "texture": "#1"},
				"west": {"uv": [0, 0, 16, 16], "texture": "#1"},
				"up": {"uv": [0, 0, 16, 16], "texture": "#1"},
				"down": {"uv": [0, 0, 16, 16], "texture": "#1"}
			}
		},
		{
			"from": [8, 3, 4.1],
			"to": [8.4, 3.1, 4.2],
			"rotation": {"angle": -45, "axis": "z", "origin": [8, 3.1, 4.15]},
			"faces": {
				"north": {"uv": [0, 0, 16, 16], "texture": "#1"},
				"east": {"uv": [0, 0, 16, 16], "texture": "#1"},
				"south": {"uv": [0, 0, 16, 16], "texture": "#1"},
				"west": {"uv": [0, 0, 16, 16], "texture": "#1"},
				"up": {"uv": [0, 0, 16, 16], "texture": "#1"},
				"down": {"uv": [0, 0, 16, 16], "texture": "#1"}
			}
		},
		{
			"from": [7.6, 2.6, 4.1],
			"to": [8, 2.7, 4.2],
			"rotation": {"angle": 45, "axis": "z", "origin": [8, 3.1, 4.15]},
			"faces": {
				"north": {"uv": [0, 0, 16, 16], "texture": "#1"},
				"east": {"uv": [0, 0, 16, 16], "texture": "#1"},
				"south": {"uv": [0, 0, 16, 16], "texture": "#1"},
				"west": {"uv": [0, 0, 16, 16], "texture": "#1"},
				"up": {"uv": [0, 0, 16, 16], "texture": "#1"},
				"down": {"uv": [0, 0, 16, 16], "texture": "#1"}
			}
		},
		{
			"from": [8.1, 2.6, 4.1],
			"to": [8.5, 2.7, 4.2],
			"rotation": {"angle": -45, "axis": "z", "origin": [8, 3.1, 4.15]},
			"faces": {
				"north": {"uv": [0, 0, 16, 16], "texture": "#1"},
				"east": {"uv": [0, 0, 16, 16], "texture": "#1"},
				"south": {"uv": [0, 0, 16, 16], "texture": "#1"},
				"west": {"uv": [0, 0, 16, 16], "texture": "#1"},
				"up": {"uv": [0, 0, 16, 16], "texture": "#1"},
				"down": {"uv": [0, 0, 16, 16], "texture": "#1"}
			}
		},
		{
			"from": [7.95, 2.35, 7.8],
			"to": [8.05, 2.45, 9.5],
			"faces": {
				"north": {"uv": [0, 0, 16, 16], "texture": "#1"},
				"east": {"uv": [0, 0, 16, 16], "texture": "#1"},
				"south": {"uv": [0, 0, 16, 16], "texture": "#1"},
				"west": {"uv": [0, 0, 16, 16], "texture": "#1"},
				"up": {"uv": [0, 0, 16, 16], "texture": "#1"},
				"down": {"uv": [0, 0, 16, 16], "texture": "#1"}
			}
		},
		{
			"from": [7.8, 2.55, 4.19],
			"to": [8.2, 2.95, 4.2],
			"rotation": {"angle": 45, "axis": "z", "origin": [8, 2.75, 4.195]},
			"faces": {
				"north": {"uv": [0, 0, 16, 16], "texture": "#2"},
				"east": {"uv": [0, 0, 16, 16], "texture": "#2"},
				"south": {"uv": [0, 0, 16, 16], "texture": "#2"},
				"west": {"uv": [0, 0, 16, 16], "texture": "#2"},
				"up": {"uv": [0, 0, 16, 16], "texture": "#2"},
				"down": {"uv": [0, 0, 16, 16], "texture": "#2"}
			}
		},
		{
			"from": [7.6, 3, 7.2],
			"to": [8.4, 3.2, 7.7],
			"rotation": {"angle": -22.5, "axis": "x", "origin": [8, 3.15, 7.4]},
			"faces": {
				"north": {"uv": [0, 0, 16, 16], "texture": "#1"},
				"east": {"uv": [0, 0, 16, 16], "texture": "#1"},
				"south": {"uv": [0, 0, 16, 16], "texture": "#1"},
				"west": {"uv": [0, 0, 16, 16], "texture": "#1"},
				"up": {"uv": [0, 0, 16, 16], "texture": "#1"},
				"down": {"uv": [0, 0, 16, 16], "texture": "#1"}
			}
		},
		{
			"from": [8.2, 3.9, 9.6],
			"to": [8.4, 4.1, 10],
			"rotation": {"angle": 22.5, "axis": "x", "origin": [8, 3.15, 7.4]},
			"faces": {
				"north": {"uv": [0, 0, 16, 16], "texture": "#1"},
				"east": {"uv": [0, 0, 16, 16], "texture": "#1"},
				"south": {"uv": [0, 0, 16, 16], "texture": "#1"},
				"west": {"uv": [0, 0, 16, 16], "texture": "#1"},
				"up": {"uv": [0, 0, 16, 16], "texture": "#1"},
				"down": {"uv": [0, 0, 16, 16], "texture": "#1"}
			}
		},
		{
			"from": [7.6, 3.9, 9.6],
			"to": [7.8, 4.1, 10],
			"rotation": {"angle": 22.5, "axis": "x", "origin": [8, 3.15, 7.4]},
			"faces": {
				"north": {"uv": [0, 0, 16, 16], "texture": "#1"},
				"east": {"uv": [0, 0, 16, 16], "texture": "#1"},
				"south": {"uv": [0, 0, 16, 16], "texture": "#1"},
				"west": {"uv": [0, 0, 16, 16], "texture": "#1"},
				"up": {"uv": [0, 0, 16, 16], "texture": "#1"},
				"down": {"uv": [0, 0, 16, 16], "texture": "#1"}
			}
		},
		{
			"from": [7.68, 0.4, 10.2],
			"to": [8.32, 1.9, 10.3],
			"rotation": {"angle": -22.5, "axis": "x", "origin": [8, 0.5, 10.5]},
			"faces": {
				"north": {"uv": [0, 0, 16, 16], "texture": "#1"},
				"east": {"uv": [0, 0, 16, 16], "texture": "#1"},
				"south": {"uv": [0, 0, 16, 16], "texture": "#1"},
				"west": {"uv": [0, 0, 16, 16], "texture": "#1"},
				"up": {"uv": [0, 0, 16, 16], "texture": "#1"},
				"down": {"uv": [0, 0, 16, 16], "texture": "#1"}
			}
		},
		{
			"from": [7.68, 0.6, 10.94],
			"to": [8.32, 2.1, 11.04],
			"rotation": {"angle": -22.5, "axis": "x", "origin": [8, 0.5, 10.5]},
			"faces": {
				"north": {"uv": [0, 0, 16, 16], "texture": "#1"},
				"east": {"uv": [0, 0, 16, 16], "texture": "#1"},
				"south": {"uv": [0, 0, 16, 16], "texture": "#1"},
				"west": {"uv": [0, 0, 16, 16], "texture": "#1"},
				"up": {"uv": [0, 0, 16, 16], "texture": "#1"},
				"down": {"uv": [0, 0, 16, 16], "texture": "#1"}
			}
		},
		{
			"from": [7.69, 1.8, 7.5],
			"to": [8.31, 1.95, 7.51],
			"faces": {
				"north": {"uv": [0, 0, 16, 16], "texture": "#1"},
				"east": {"uv": [0, 0, 16, 16], "texture": "#1"},
				"south": {"uv": [0, 0, 16, 16], "texture": "#1"},
				"west": {"uv": [0, 0, 16, 16], "texture": "#1"},
				"up": {"uv": [0, 0, 16, 16], "texture": "#1"},
				"down": {"uv": [0, 0, 16, 16], "texture": "#1"}
			}
		},
		{
			"from": [8.26569, 2.3, 7.89],
			"to": [8.46569, 2.5, 7.9],
			"faces": {
				"north": {"uv": [0, 0, 0.8, 1.5], "rotation": 180, "texture": "#2"},
				"east": {"uv": [0, 0, 0.8, 1.5], "rotation": 180, "texture": "#2"},
				"south": {"uv": [0, 0, 0.8, 1.5], "rotation": 180, "texture": "#2"},
				"west": {"uv": [0, 0, 0.8, 1.5], "texture": "#2"},
				"up": {"uv": [0, 0, 0.8, 1.5], "rotation": 180, "texture": "#2"},
				"down": {"uv": [0, 0, 0.8, 1.5], "texture": "#2"}
			}
		},
		{
			"from": [8.36569, 2.6, 7.89],
			"to": [8.56569, 2.8, 7.9],
			"rotation": {"angle": 45, "axis": "z", "origin": [8.36569, 2.4, 7.895]},
			"faces": {
				"north": {"uv": [0, 0, 0.8, 1.5], "rotation": 90, "texture": "#2"},
				"east": {"uv": [0, 0, 0.8, 1.5], "rotation": 90, "texture": "#2"},
				"south": {"uv": [0, 0, 0.8, 1.5], "rotation": 90, "texture": "#2"},
				"west": {"uv": [0, 0, 0.8, 1.5], "rotation": 90, "texture": "#2"},
				"up": {"uv": [0, 0, 0.8, 1.5], "rotation": 90, "texture": "#2"},
				"down": {"uv": [0, 0, 0.8, 1.5], "rotation": 90, "texture": "#2"}
			}
		},
		{
			"from": [7.96569, 2.2, 7.89],
			"to": [8.16569, 2.4, 7.9],
			"rotation": {"angle": 45, "axis": "z", "origin": [8.36569, 2.4, 7.895]},
			"faces": {
				"north": {"uv": [0, 0, 0.8, 1.5], "rotation": 90, "texture": "#2"},
				"east": {"uv": [0, 0, 0.8, 1.5], "rotation": 90, "texture": "#2"},
				"south": {"uv": [0, 0, 0.8, 1.5], "rotation": 90, "texture": "#2"},
				"west": {"uv": [0, 0, 0.8, 1.5], "rotation": 90, "texture": "#2"},
				"up": {"uv": [0, 0, 0.8, 1.5], "rotation": 90, "texture": "#2"},
				"down": {"uv": [0, 0, 0.8, 1.5], "rotation": 90, "texture": "#2"}
			}
		},
		{
			"from": [7.9, 1.87, 7.89],
			"to": [8.1, 2.07, 7.9],
			"faces": {
				"north": {"uv": [0, 1.5, 0.8, 0], "rotation": 270, "texture": "#2"},
				"east": {"uv": [0, 1.5, 0.8, 0], "rotation": 270, "texture": "#2"},
				"south": {"uv": [0, 1.5, 0.8, 0], "rotation": 270, "texture": "#2"},
				"west": {"uv": [0, 1.5, 0.8, 0], "rotation": 270, "texture": "#2"},
				"up": {"uv": [0, 1.5, 0.8, 0], "rotation": 270, "texture": "#2"},
				"down": {"uv": [0, 1.5, 0.8, 0], "rotation": 270, "texture": "#2"}
			}
		},
		{
			"from": [7.83431, 2.2, 7.89],
			"to": [8.03431, 2.4, 7.9],
			"rotation": {"angle": -45, "axis": "z", "origin": [7.63431, 2.4, 7.895]},
			"faces": {
				"north": {"uv": [0, 1.5, 0.8, 0], "rotation": 270, "texture": "#2"},
				"east": {"uv": [0, 1.5, 0.8, 0], "rotation": 270, "texture": "#2"},
				"south": {"uv": [0, 1.5, 0.8, 0], "rotation": 270, "texture": "#2"},
				"west": {"uv": [0, 1.5, 0.8, 0], "rotation": 270, "texture": "#2"},
				"up": {"uv": [0, 1.5, 0.8, 0], "rotation": 270, "texture": "#2"},
				"down": {"uv": [0, 1.5, 0.8, 0], "rotation": 270, "texture": "#2"}
			}
		},
		{
			"from": [7.53431, 2.3, 7.89],
			"to": [7.73431, 2.5, 7.9],
			"faces": {
				"north": {"uv": [0, 1.5, 0.8, 0], "rotation": 180, "texture": "#2"},
				"east": {"uv": [0, 1.5, 0.8, 0], "rotation": 180, "texture": "#2"},
				"south": {"uv": [0, 1.5, 0.8, 0], "rotation": 180, "texture": "#2"},
				"west": {"uv": [0, 1.5, 0.8, 0], "rotation": 180, "texture": "#2"},
				"up": {"uv": [0, 1.5, 0.8, 0], "rotation": 180, "texture": "#2"},
				"down": {"uv": [0, 1.5, 0.8, 0], "rotation": 180, "texture": "#2"}
			}
		},
		{
			"from": [7.43431, 2.6, 7.89],
			"to": [7.63431, 2.8, 7.9],
			"rotation": {"angle": -45, "axis": "z", "origin": [7.63431, 2.4, 7.895]},
			"faces": {
				"north": {"uv": [0, 1.5, 0.8, 0], "rotation": 270, "texture": "#2"},
				"east": {"uv": [0, 1.5, 0.8, 0], "rotation": 270, "texture": "#2"},
				"south": {"uv": [0, 1.5, 0.8, 0], "rotation": 270, "texture": "#2"},
				"west": {"uv": [0, 1.5, 0.8, 0], "rotation": 270, "texture": "#2"},
				"up": {"uv": [0, 1.5, 0.8, 0], "rotation": 270, "texture": "#2"},
				"down": {"uv": [0, 1.5, 0.8, 0], "rotation": 270, "texture": "#2"}
			}
		},
		{
			"from": [7.9, 2.73, 7.89],
			"to": [8.1, 2.93, 7.9],
			"faces": {
				"north": {"uv": [0, 1.5, 0.8, 0], "rotation": 270, "texture": "#2"},
				"east": {"uv": [0, 1.5, 0.8, 0], "rotation": 270, "texture": "#2"},
				"south": {"uv": [0, 1.5, 0.8, 0], "rotation": 270, "texture": "#2"},
				"west": {"uv": [0, 1.5, 0.8, 0], "rotation": 270, "texture": "#2"},
				"up": {"uv": [0, 1.5, 0.8, 0], "rotation": 270, "texture": "#2"},
				"down": {"uv": [0, 1.5, 0.8, 0], "rotation": 270, "texture": "#2"}
			}
		},
		{
			"from": [7.9, 2.73, 7.8],
			"to": [8.1, 2.93, 7.81],
			"faces": {
				"north": {"uv": [0, 1.5, 0.8, 0], "rotation": 270, "texture": "#2"},
				"east": {"uv": [0, 1.5, 0.8, 0], "rotation": 270, "texture": "#2"},
				"south": {"uv": [0, 1.5, 0.8, 0], "rotation": 270, "texture": "#2"},
				"west": {"uv": [0, 1.5, 0.8, 0], "rotation": 270, "texture": "#2"},
				"up": {"uv": [0, 1.5, 0.8, 0], "rotation": 270, "texture": "#2"},
				"down": {"uv": [0, 1.5, 0.8, 0], "rotation": 270, "texture": "#2"}
			}
		},
		{
			"from": [7.99, 2.7, 4.18],
			"to": [8.01, 2.78, 4.19],
			"faces": {
				"north": {"uv": [0, 0, 0.6, 0.6], "rotation": 90, "texture": "#3"},
				"east": {"uv": [0, 0, 0.6, 0.6], "rotation": 90, "texture": "#3"},
				"south": {"uv": [0, 0, 0.6, 0.6], "rotation": 90, "texture": "#3"},
				"west": {"uv": [0, 0, 0.6, 0.6], "rotation": 90, "texture": "#3"},
				"up": {"uv": [0, 0, 0.6, 0.6], "rotation": 90, "texture": "#3"},
				"down": {"uv": [0, 0, 0.6, 0.6], "rotation": 90, "texture": "#3"}
			}
		},
		{
			"from": [7.96, 2.73, 4.18],
			"to": [8.04, 2.75, 4.19],
			"faces": {
				"north": {"uv": [0, 0, 0.6, 0.6], "rotation": 180, "texture": "#3"},
				"east": {"uv": [0, 0, 0.6, 0.6], "rotation": 180, "texture": "#3"},
				"south": {"uv": [0, 0, 0.6, 0.6], "rotation": 180, "texture": "#3"},
				"west": {"uv": [0, 0, 0.6, 0.6], "texture": "#3"},
				"up": {"uv": [0, 0, 0.6, 0.6], "rotation": 180, "texture": "#3"},
				"down": {"uv": [0, 0, 0.6, 0.6], "texture": "#3"}
			}
		},
		{
			"from": [7.96, 2.73, 4.18],
			"to": [8.04, 2.75, 4.19],
			"rotation": {"angle": 45, "axis": "z", "origin": [8, 2.74, 4.185]},
			"faces": {
				"north": {"uv": [0, 0, 0.6, 0.6], "rotation": 180, "texture": "#3"},
				"east": {"uv": [0, 0, 0.6, 0.6], "rotation": 180, "texture": "#3"},
				"south": {"uv": [0, 0, 0.6, 0.6], "rotation": 180, "texture": "#3"},
				"west": {"uv": [0, 0, 0.6, 0.6], "texture": "#3"},
				"up": {"uv": [0, 0, 0.6, 0.6], "rotation": 180, "texture": "#3"},
				"down": {"uv": [0, 0, 0.6, 0.6], "texture": "#3"}
			}
		},
		{
			"from": [7.96, 2.73, 4.18],
			"to": [8.04, 2.75, 4.19],
			"rotation": {"angle": -45, "axis": "z", "origin": [8, 2.74, 4.185]},
			"faces": {
				"north": {"uv": [0, 0, 0.6, 0.6], "rotation": 180, "texture": "#3"},
				"east": {"uv": [0, 0, 0.6, 0.6], "rotation": 180, "texture": "#3"},
				"south": {"uv": [0, 0, 0.6, 0.6], "rotation": 180, "texture": "#3"},
				"west": {"uv": [0, 0, 0.6, 0.6], "texture": "#3"},
				"up": {"uv": [0, 0, 0.6, 0.6], "rotation": 180, "texture": "#3"},
				"down": {"uv": [0, 0, 0.6, 0.6], "texture": "#3"}
			}
		},
		{
			"from": [7.96, 2.73, 4.18],
			"to": [8.04, 2.75, 4.19],
			"rotation": {"angle": -22.5, "axis": "z", "origin": [8, 2.74, 4.185]},
			"faces": {
				"north": {"uv": [0, 0, 0.6, 0.6], "rotation": 180, "texture": "#3"},
				"east": {"uv": [0, 0, 0.6, 0.6], "rotation": 180, "texture": "#3"},
				"south": {"uv": [0, 0, 0.6, 0.6], "rotation": 180, "texture": "#3"},
				"west": {"uv": [0, 0, 0.6, 0.6], "texture": "#3"},
				"up": {"uv": [0, 0, 0.6, 0.6], "rotation": 180, "texture": "#3"},
				"down": {"uv": [0, 0, 0.6, 0.6], "texture": "#3"}
			}
		},
		{
			"from": [7.96, 2.73, 4.18],
			"to": [8.04, 2.75, 4.19],
			"rotation": {"angle": 22.5, "axis": "z", "origin": [8, 2.74, 4.185]},
			"faces": {
				"north": {"uv": [0, 0, 0.6, 0.6], "rotation": 180, "texture": "#3"},
				"east": {"uv": [0, 0, 0.6, 0.6], "rotation": 180, "texture": "#3"},
				"south": {"uv": [0, 0, 0.6, 0.6], "rotation": 180, "texture": "#3"},
				"west": {"uv": [0, 0, 0.6, 0.6], "texture": "#3"},
				"up": {"uv": [0, 0, 0.6, 0.6], "rotation": 180, "texture": "#3"},
				"down": {"uv": [0, 0, 0.6, 0.6], "texture": "#3"}
			}
		},
		{
			"from": [7.99, 2.7, 4.18],
			"to": [8.01, 2.78, 4.19],
			"rotation": {"angle": -22.5, "axis": "z", "origin": [8, 2.74, 4.185]},
			"faces": {
				"north": {"uv": [0, 0, 0.6, 0.6], "rotation": 270, "texture": "#3"},
				"east": {"uv": [0, 0, 0.6, 0.6], "rotation": 270, "texture": "#3"},
				"south": {"uv": [0, 0, 0.6, 0.6], "rotation": 270, "texture": "#3"},
				"west": {"uv": [0, 0, 0.6, 0.6], "rotation": 270, "texture": "#3"},
				"up": {"uv": [0, 0, 0.6, 0.6], "rotation": 270, "texture": "#3"},
				"down": {"uv": [0, 0, 0.6, 0.6], "rotation": 270, "texture": "#3"}
			}
		},
		{
			"from": [7.99, 2.7, 4.18],
			"to": [8.01, 2.78, 4.19],
			"rotation": {"angle": 22.5, "axis": "z", "origin": [8, 2.74, 4.185]},
			"faces": {
				"north": {"uv": [0, 0, 0.6, 0.6], "rotation": 270, "texture": "#3"},
				"east": {"uv": [0, 0, 0.6, 0.6], "rotation": 270, "texture": "#3"},
				"south": {"uv": [0, 0, 0.6, 0.6], "rotation": 270, "texture": "#3"},
				"west": {"uv": [0, 0, 0.6, 0.6], "rotation": 270, "texture": "#3"},
				"up": {"uv": [0, 0, 0.6, 0.6], "rotation": 270, "texture": "#3"},
				"down": {"uv": [0, 0, 0.6, 0.6], "rotation": 270, "texture": "#3"}
			}
		},
		{
			"from": [7.6, 1.6, 9.5],
			"to": [8.4, 2.7, 9.8],
			"faces": {
				"north": {"uv": [0, 0, 16, 16], "texture": "#1"},
				"east": {"uv": [0, 0, 16, 16], "texture": "#1"},
				"south": {"uv": [0, 0, 16, 16], "texture": "#1"},
				"west": {"uv": [0, 0, 16, 16], "texture": "#1"},
				"up": {"uv": [0, 0, 16, 16], "texture": "#1"},
				"down": {"uv": [0, 0, 16, 16], "texture": "#1"}
			}
		},
		{
			"from": [7.9, 2.2, 6.84],
			"to": [8.51, 3.1, 7.71],
			"rotation": {"angle": -22.5, "axis": "y", "origin": [8, 1.9, 6.5]},
			"faces": {
				"north": {"uv": [0, 0, 16, 16], "texture": "#1"},
				"east": {"uv": [0, 0, 16, 16], "texture": "#1"},
				"south": {"uv": [0, 0, 16, 16], "texture": "#1"},
				"west": {"uv": [0, 0, 16, 16], "texture": "#1"},
				"up": {"uv": [0, 0, 16, 16], "texture": "#1"},
				"down": {"uv": [0, 0, 16, 16], "texture": "#1"}
			}
		},
		{
			"from": [7.49, 2.2, 6.84],
			"to": [8.1, 3.1, 7.71],
			"rotation": {"angle": 22.5, "axis": "y", "origin": [8, 1.9, 6.5]},
			"faces": {
				"north": {"uv": [0, 0, 16, 16], "texture": "#1"},
				"east": {"uv": [0, 0, 16, 16], "texture": "#1"},
				"south": {"uv": [0, 0, 16, 16], "texture": "#1"},
				"west": {"uv": [0, 0, 16, 16], "texture": "#1"},
				"up": {"uv": [0, 0, 16, 16], "texture": "#1"},
				"down": {"uv": [0, 0, 16, 16], "texture": "#1"}
			}
		},
		{
			"from": [7.8, 2.50638, 9.60073],
			"to": [8.2, 2.90638, 10.70073],
			"rotation": {"angle": 22.5, "axis": "x", "origin": [8, 2.80638, 10.45073]},
			"faces": {
				"north": {"uv": [0, 0, 16, 16], "texture": "#1"},
				"east": {"uv": [0, 0, 16, 16], "texture": "#1"},
				"south": {"uv": [0, 0, 16, 16], "texture": "#1"},
				"west": {"uv": [0, 0, 16, 16], "texture": "#1"},
				"up": {"uv": [0, 0, 16, 16], "texture": "#1"},
				"down": {"uv": [0, 0, 16, 16], "texture": "#1"}
			}
		},
		{
			"from": [7.8, 2.65638, 10.35073],
			"to": [8.2, 3.05638, 10.55073],
			"rotation": {"angle": 22.5, "axis": "x", "origin": [8, 2.85638, 10.45073]},
			"faces": {
				"north": {"uv": [0, 0, 16, 16], "rotation": 90, "texture": "#1"},
				"east": {"uv": [0, 0, 16, 16], "rotation": 90, "texture": "#1"},
				"south": {"uv": [0, 0, 16, 16], "rotation": 90, "texture": "#1"},
				"west": {"uv": [0, 0, 16, 16], "rotation": 90, "texture": "#1"},
				"up": {"uv": [0, 0, 16, 16], "rotation": 90, "texture": "#1"},
				"down": {"uv": [0, 0, 16, 16], "rotation": 90, "texture": "#1"}
			}
		},
		{
			"from": [7.8, 2.45, 6.2],
			"to": [8.2, 2.95, 7.7],
			"rotation": {"angle": 22.5, "axis": "x", "origin": [8, 2.4, 5.95]},
			"faces": {
				"north": {"uv": [0, 0, 16, 16], "texture": "#1"},
				"east": {"uv": [0, 0, 16, 16], "texture": "#1"},
				"south": {"uv": [0, 0, 16, 16], "texture": "#1"},
				"west": {"uv": [0, 0, 16, 16], "texture": "#1"},
				"up": {"uv": [0, 0, 16, 16], "texture": "#1"},
				"down": {"uv": [0, 0, 16, 16], "texture": "#1"}
			}
		},
		{
			"from": [7.7, 2.45, 4.2],
			"to": [8.3, 3.05, 6.8],
			"rotation": {"angle": 22.5, "axis": "z", "origin": [8, 2.75, 5.35]},
			"faces": {
				"north": {"uv": [0, 0, 16, 16], "texture": "#1"},
				"east": {"uv": [0, 0, 16, 16], "texture": "#1"},
				"south": {"uv": [0, 0, 16, 16], "texture": "#1"},
				"west": {"uv": [0, 0, 16, 16], "texture": "#1"},
				"up": {"uv": [0, 0, 16, 16], "texture": "#1"},
				"down": {"uv": [0, 0, 16, 16], "texture": "#1"}
			}
		},
		{
			"from": [7.7, 2.45, 4.2],
			"to": [8.3, 3.05, 6.5],
			"rotation": {"angle": -22.5, "axis": "z", "origin": [8, 2.75, 5.35]},
			"faces": {
				"north": {"uv": [0, 0, 16, 16], "texture": "#1"},
				"east": {"uv": [0, 0, 16, 16], "texture": "#1"},
				"south": {"uv": [0, 0, 16, 16], "texture": "#1"},
				"west": {"uv": [0, 0, 16, 16], "texture": "#1"},
				"up": {"uv": [0, 0, 16, 16], "texture": "#1"},
				"down": {"uv": [0, 0, 16, 16], "texture": "#1"}
			}
		},
		{
			"from": [7.6, 2, 7.92],
			"to": [8.4, 2.8, 9.38],
			"rotation": {"angle": -22.5, "axis": "z", "origin": [8, 2.4, 8.65]},
			"faces": {
				"north": {"uv": [0, 0, 0.8, 1.5], "rotation": 180, "texture": "#3"},
				"east": {"uv": [0, 0, 0.8, 1.5], "rotation": 180, "texture": "#3"},
				"south": {"uv": [0, 0, 0.8, 1.5], "rotation": 180, "texture": "#3"},
				"west": {"uv": [0, 0, 0.8, 1.5], "rotation": 180, "texture": "#3"},
				"up": {"uv": [0, 0, 0.8, 1.5], "rotation": 180, "texture": "#3"},
				"down": {"uv": [0, 0, 0.8, 1.5], "rotation": 180, "texture": "#3"}
			}
		},
		{
			"from": [7.6, 2, 7.92],
			"to": [8.4, 2.8, 9.38],
			"rotation": {"angle": 22.5, "axis": "z", "origin": [8, 2.4, 8.65]},
			"faces": {
				"north": {"uv": [0, 0, 0.8, 1.5], "rotation": 180, "texture": "#3"},
				"east": {"uv": [0, 0, 0.8, 1.5], "rotation": 180, "texture": "#3"},
				"south": {"uv": [0, 0, 0.8, 1.5], "rotation": 180, "texture": "#3"},
				"west": {"uv": [0, 0, 0.8, 1.5], "rotation": 180, "texture": "#3"},
				"up": {"uv": [0, 0, 0.8, 1.5], "rotation": 180, "texture": "#3"},
				"down": {"uv": [0, 0, 0.8, 1.5], "rotation": 180, "texture": "#3"}
			}
		},
		{
			"from": [7.6, 2.35, 4.3],
			"to": [8.4, 3.15, 4.4],
			"faces": {
				"north": {"uv": [0, 0, 16, 16], "texture": "#1"},
				"east": {"uv": [0, 0, 16, 16], "rotation": 180, "texture": "#1"},
				"south": {"uv": [0, 0, 16, 16], "texture": "#1"},
				"west": {"uv": [0, 0, 16, 16], "rotation": 180, "texture": "#1"},
				"up": {"uv": [0, 0, 16, 16], "rotation": 180, "texture": "#1"},
				"down": {"uv": [0, 0, 16, 16], "rotation": 180, "texture": "#1"}
			}
		},
		{
			"from": [7.69, 2.46, 4.29],
			"to": [8.31, 3.06, 6.91],
			"faces": {
				"north": {"uv": [0, 0, 16, 16], "texture": "#3"},
				"east": {"uv": [0, 0, 16, 16], "texture": "#3"},
				"south": {"uv": [0, 0, 16, 16], "texture": "#3"},
				"west": {"uv": [0, 0, 16, 16], "texture": "#3"},
				"up": {"uv": [0, 0, 16, 16], "texture": "#3"},
				"down": {"uv": [0, 0, 16, 16], "texture": "#3"}
			}
		},
		{
			"from": [7.6, 2.35, 4.6],
			"to": [8.4, 3.15, 4.7],
			"faces": {
				"north": {"uv": [0, 0, 16, 16], "texture": "#1"},
				"east": {"uv": [0, 0, 16, 16], "rotation": 180, "texture": "#1"},
				"south": {"uv": [0, 0, 16, 16], "texture": "#1"},
				"west": {"uv": [0, 0, 16, 16], "rotation": 180, "texture": "#1"},
				"up": {"uv": [0, 0, 16, 16], "rotation": 180, "texture": "#1"},
				"down": {"uv": [0, 0, 16, 16], "rotation": 180, "texture": "#1"}
			}
		},
		{
			"from": [7.6, 2.35, 4.9],
			"to": [8.4, 3.15, 5],
			"faces": {
				"north": {"uv": [0, 0, 16, 16], "texture": "#1"},
				"east": {"uv": [0, 0, 16, 16], "rotation": 180, "texture": "#1"},
				"south": {"uv": [0, 0, 16, 16], "texture": "#1"},
				"west": {"uv": [0, 0, 16, 16], "rotation": 180, "texture": "#1"},
				"up": {"uv": [0, 0, 16, 16], "rotation": 180, "texture": "#1"},
				"down": {"uv": [0, 0, 16, 16], "rotation": 180, "texture": "#1"}
			}
		},
		{
			"from": [7.6, 2.35, 5.2],
			"to": [8.4, 3.15, 5.3],
			"faces": {
				"north": {"uv": [0, 0, 16, 16], "texture": "#1"},
				"east": {"uv": [0, 0, 16, 16], "rotation": 180, "texture": "#1"},
				"south": {"uv": [0, 0, 16, 16], "texture": "#1"},
				"west": {"uv": [0, 0, 16, 16], "rotation": 180, "texture": "#1"},
				"up": {"uv": [0, 0, 16, 16], "rotation": 180, "texture": "#1"},
				"down": {"uv": [0, 0, 16, 16], "rotation": 180, "texture": "#1"}
			}
		},
		{
			"from": [7.6, 2.35, 5.5],
			"to": [8.4, 3.15, 5.6],
			"faces": {
				"north": {"uv": [0, 0, 16, 16], "texture": "#1"},
				"east": {"uv": [0, 0, 16, 16], "rotation": 180, "texture": "#1"},
				"south": {"uv": [0, 0, 16, 16], "texture": "#1"},
				"west": {"uv": [0, 0, 16, 16], "rotation": 180, "texture": "#1"},
				"up": {"uv": [0, 0, 16, 16], "rotation": 180, "texture": "#1"},
				"down": {"uv": [0, 0, 16, 16], "rotation": 180, "texture": "#1"}
			}
		},
		{
			"from": [7.6, 2.35, 5.8],
			"to": [8.4, 3.15, 5.9],
			"faces": {
				"north": {"uv": [0, 0, 16, 16], "texture": "#1"},
				"east": {"uv": [0, 0, 16, 16], "rotation": 180, "texture": "#1"},
				"south": {"uv": [0, 0, 16, 16], "texture": "#1"},
				"west": {"uv": [0, 0, 16, 16], "rotation": 180, "texture": "#1"},
				"up": {"uv": [0, 0, 16, 16], "rotation": 180, "texture": "#1"},
				"down": {"uv": [0, 0, 16, 16], "rotation": 180, "texture": "#1"}
			}
		},
		{
			"from": [7.6, 2.35, 6.1],
			"to": [8.4, 3.15, 6.2],
			"faces": {
				"north": {"uv": [0, 0, 16, 16], "texture": "#1"},
				"east": {"uv": [0, 0, 16, 16], "rotation": 180, "texture": "#1"},
				"south": {"uv": [0, 0, 16, 16], "texture": "#1"},
				"west": {"uv": [0, 0, 16, 16], "rotation": 180, "texture": "#1"},
				"up": {"uv": [0, 0, 16, 16], "rotation": 180, "texture": "#1"},
				"down": {"uv": [0, 0, 16, 16], "rotation": 180, "texture": "#1"}
			}
		},
		{
			"from": [7.6, 2.35, 6.4],
			"to": [8.4, 3.15, 6.5],
			"faces": {
				"north": {"uv": [0, 0, 16, 16], "texture": "#1"},
				"east": {"uv": [0, 0, 16, 16], "rotation": 180, "texture": "#1"},
				"south": {"uv": [0, 0, 16, 16], "texture": "#1"},
				"west": {"uv": [0, 0, 16, 16], "rotation": 180, "texture": "#1"},
				"up": {"uv": [0, 0, 16, 16], "rotation": 180, "texture": "#1"},
				"down": {"uv": [0, 0, 16, 16], "rotation": 180, "texture": "#1"}
			}
		},
		{
			"from": [7.6, 2.35, 6.7],
			"to": [8.4, 3.15, 6.8],
			"faces": {
				"north": {"uv": [0, 0, 16, 16], "texture": "#1"},
				"east": {"uv": [0, 0, 16, 16], "rotation": 180, "texture": "#1"},
				"south": {"uv": [0, 0, 16, 16], "texture": "#1"},
				"west": {"uv": [0, 0, 16, 16], "rotation": 180, "texture": "#1"},
				"up": {"uv": [0, 0, 16, 16], "rotation": 180, "texture": "#1"},
				"down": {"uv": [0, 0, 16, 16], "rotation": 180, "texture": "#1"}
			}
		},
		{
			"from": [7.3, 2.45, 4.4],
			"to": [8.1, 3.25, 4.5],
			"rotation": {"angle": 45, "axis": "z", "origin": [8, 3.1, 4.35]},
			"faces": {
				"north": {"uv": [0, 0, 16, 16], "texture": "#1"},
				"east": {"uv": [0, 0, 16, 16], "rotation": 180, "texture": "#1"},
				"south": {"uv": [0, 0, 16, 16], "texture": "#1"},
				"west": {"uv": [0, 0, 16, 16], "rotation": 180, "texture": "#1"},
				"up": {"uv": [0, 0, 16, 16], "rotation": 180, "texture": "#1"},
				"down": {"uv": [0, 0, 16, 16], "rotation": 180, "texture": "#1"}
			}
		},
		{
			"from": [7.3, 2.45, 4.7],
			"to": [8.1, 3.25, 4.8],
			"rotation": {"angle": 45, "axis": "z", "origin": [8, 3.1, 4.35]},
			"faces": {
				"north": {"uv": [0, 0, 16, 16], "texture": "#1"},
				"east": {"uv": [0, 0, 16, 16], "rotation": 180, "texture": "#1"},
				"south": {"uv": [0, 0, 16, 16], "texture": "#1"},
				"west": {"uv": [0, 0, 16, 16], "rotation": 180, "texture": "#1"},
				"up": {"uv": [0, 0, 16, 16], "rotation": 180, "texture": "#1"},
				"down": {"uv": [0, 0, 16, 16], "rotation": 180, "texture": "#1"}
			}
		},
		{
			"from": [7.3, 2.45, 5.3],
			"to": [8.1, 3.25, 5.4],
			"rotation": {"angle": 45, "axis": "z", "origin": [8, 3.1, 4.35]},
			"faces": {
				"north": {"uv": [0, 0, 16, 16], "texture": "#1"},
				"east": {"uv": [0, 0, 16, 16], "rotation": 180, "texture": "#1"},
				"south": {"uv": [0, 0, 16, 16], "texture": "#1"},
				"west": {"uv": [0, 0, 16, 16], "rotation": 180, "texture": "#1"},
				"up": {"uv": [0, 0, 16, 16], "rotation": 180, "texture": "#1"},
				"down": {"uv": [0, 0, 16, 16], "rotation": 180, "texture": "#1"}
			}
		},
		{
			"from": [7.3, 2.45, 5],
			"to": [8.1, 3.25, 5.1],
			"rotation": {"angle": 45, "axis": "z", "origin": [8, 3.1, 4.35]},
			"faces": {
				"north": {"uv": [0, 0, 16, 16], "texture": "#1"},
				"east": {"uv": [0, 0, 16, 16], "rotation": 180, "texture": "#1"},
				"south": {"uv": [0, 0, 16, 16], "texture": "#1"},
				"west": {"uv": [0, 0, 16, 16], "rotation": 180, "texture": "#1"},
				"up": {"uv": [0, 0, 16, 16], "rotation": 180, "texture": "#1"},
				"down": {"uv": [0, 0, 16, 16], "rotation": 180, "texture": "#1"}
			}
		},
		{
			"from": [7.3, 2.45, 5.9],
			"to": [8.1, 3.25, 6],
			"rotation": {"angle": 45, "axis": "z", "origin": [8, 3.1, 4.35]},
			"faces": {
				"north": {"uv": [0, 0, 16, 16], "texture": "#1"},
				"east": {"uv": [0, 0, 16, 16], "rotation": 180, "texture": "#1"},
				"south": {"uv": [0, 0, 16, 16], "texture": "#1"},
				"west": {"uv": [0, 0, 16, 16], "rotation": 180, "texture": "#1"},
				"up": {"uv": [0, 0, 16, 16], "rotation": 180, "texture": "#1"},
				"down": {"uv": [0, 0, 16, 16], "rotation": 180, "texture": "#1"}
			}
		},
		{
			"from": [7.3, 2.45, 5.6],
			"to": [8.1, 3.25, 5.7],
			"rotation": {"angle": 45, "axis": "z", "origin": [8, 3.1, 4.35]},
			"faces": {
				"north": {"uv": [0, 0, 16, 16], "texture": "#1"},
				"east": {"uv": [0, 0, 16, 16], "rotation": 180, "texture": "#1"},
				"south": {"uv": [0, 0, 16, 16], "texture": "#1"},
				"west": {"uv": [0, 0, 16, 16], "rotation": 180, "texture": "#1"},
				"up": {"uv": [0, 0, 16, 16], "rotation": 180, "texture": "#1"},
				"down": {"uv": [0, 0, 16, 16], "rotation": 180, "texture": "#1"}
			}
		},
		{
			"from": [7.3, 2.45, 6.5],
			"to": [8.1, 3.25, 6.6],
			"rotation": {"angle": 45, "axis": "z", "origin": [8, 3.1, 4.35]},
			"faces": {
				"north": {"uv": [0, 0, 16, 16], "texture": "#1"},
				"east": {"uv": [0, 0, 16, 16], "rotation": 180, "texture": "#1"},
				"south": {"uv": [0, 0, 16, 16], "texture": "#1"},
				"west": {"uv": [0, 0, 16, 16], "rotation": 180, "texture": "#1"},
				"up": {"uv": [0, 0, 16, 16], "rotation": 180, "texture": "#1"},
				"down": {"uv": [0, 0, 16, 16], "rotation": 180, "texture": "#1"}
			}
		},
		{
			"from": [7.3, 2.45, 6.2],
			"to": [8.1, 3.25, 6.3],
			"rotation": {"angle": 45, "axis": "z", "origin": [8, 3.1, 4.35]},
			"faces": {
				"north": {"uv": [0, 0, 16, 16], "texture": "#1"},
				"east": {"uv": [0, 0, 16, 16], "rotation": 180, "texture": "#1"},
				"south": {"uv": [0, 0, 16, 16], "texture": "#1"},
				"west": {"uv": [0, 0, 16, 16], "rotation": 180, "texture": "#1"},
				"up": {"uv": [0, 0, 16, 16], "rotation": 180, "texture": "#1"},
				"down": {"uv": [0, 0, 16, 16], "rotation": 180, "texture": "#1"}
			}
		},
		{
			"from": [7.47, 1.87, 9.33],
			"to": [8.53, 2.93, 9.41],
			"rotation": {"angle": 45, "axis": "z", "origin": [8, 2.4, 8.65]},
			"faces": {
				"north": {"uv": [0, 0, 0.8, 1.5], "texture": "#1"},
				"east": {"uv": [0, 0, 0.8, 1.5], "texture": "#1"},
				"south": {"uv": [0, 0, 0.8, 1.5], "texture": "#1"},
				"west": {"uv": [0, 0, 0.8, 1.5], "texture": "#1"},
				"up": {"uv": [0, 0, 0.8, 1.5], "texture": "#1"},
				"down": {"uv": [0, 0, 0.8, 1.5], "texture": "#1"}
			}
		},
		{
			"from": [7.47, 1.87, 7.9],
			"to": [8.53, 2.93, 7.98],
			"rotation": {"angle": 45, "axis": "z", "origin": [8, 2.4, 8.65]},
			"faces": {
				"north": {"uv": [0, 0, 0.8, 1.5], "texture": "#1"},
				"east": {"uv": [0, 0, 0.8, 1.5], "texture": "#1"},
				"south": {"uv": [0, 0, 0.8, 1.5], "texture": "#1"},
				"west": {"uv": [0, 0, 0.8, 1.5], "texture": "#1"},
				"up": {"uv": [0, 0, 0.8, 1.5], "texture": "#1"},
				"down": {"uv": [0, 0, 0.8, 1.5], "texture": "#1"}
			}
		},
		{
			"from": [7.47, 1.87, 8.1],
			"to": [8.53, 2.93, 8.28],
			"rotation": {"angle": 45, "axis": "z", "origin": [8, 2.4, 8.65]},
			"faces": {
				"north": {"uv": [0, 0, 0.8, 1.5], "texture": "#1"},
				"east": {"uv": [0, 0, 0.8, 1.5], "texture": "#1"},
				"south": {"uv": [0, 0, 0.8, 1.5], "texture": "#1"},
				"west": {"uv": [0, 0, 0.8, 1.5], "texture": "#1"},
				"up": {"uv": [0, 0, 0.8, 1.5], "texture": "#1"},
				"down": {"uv": [0, 0, 0.8, 1.5], "texture": "#1"}
			}
		},
		{
			"from": [7.47, 1.87, 9.03],
			"to": [8.53, 2.93, 9.21],
			"rotation": {"angle": 45, "axis": "z", "origin": [8, 2.4, 8.65]},
			"faces": {
				"north": {"uv": [0, 0, 0.8, 1.5], "texture": "#1"},
				"east": {"uv": [0, 0, 0.8, 1.5], "texture": "#1"},
				"south": {"uv": [0, 0, 0.8, 1.5], "texture": "#1"},
				"west": {"uv": [0, 0, 0.8, 1.5], "texture": "#1"},
				"up": {"uv": [0, 0, 0.8, 1.5], "texture": "#1"},
				"down": {"uv": [0, 0, 0.8, 1.5], "texture": "#1"}
			}
		},
		{
			"from": [7.47, 1.87, 8.53],
			"to": [8.53, 2.93, 8.81],
			"rotation": {"angle": 45, "axis": "z", "origin": [8, 2.4, 8.65]},
			"faces": {
				"north": {"uv": [0, 0, 0.8, 1.5], "texture": "#1"},
				"east": {"uv": [0, 0, 0.8, 1.5], "texture": "#1"},
				"south": {"uv": [0, 0, 0.8, 1.5], "texture": "#1"},
				"west": {"uv": [0, 0, 0.8, 1.5], "texture": "#1"},
				"up": {"uv": [0, 0, 0.8, 1.5], "texture": "#1"},
				"down": {"uv": [0, 0, 0.8, 1.5], "texture": "#1"}
			}
		},
		{
			"from": [7.8, 2.30638, 9.70073],
			"to": [8.2, 2.70638, 10.80073],
			"rotation": {"angle": 22.5, "axis": "x", "origin": [8, 2.80638, 10.45073]},
			"faces": {
				"north": {"uv": [0, 0, 16, 16], "texture": "#1"},
				"east": {"uv": [0, 0, 16, 16], "texture": "#1"},
				"south": {"uv": [0, 0, 16, 16], "texture": "#1"},
				"west": {"uv": [0, 0, 16, 16], "texture": "#1"},
				"up": {"uv": [0, 0, 16, 16], "texture": "#1"},
				"down": {"uv": [0, 0, 16, 16], "texture": "#1"}
			}
		},
		{
			"from": [7.8, 2.10638, 9.80073],
			"to": [8.2, 2.50638, 10.90073],
			"rotation": {"angle": 22.5, "axis": "x", "origin": [8, 2.80638, 10.45073]},
			"faces": {
				"north": {"uv": [0, 0, 16, 16], "texture": "#1"},
				"east": {"uv": [0, 0, 16, 16], "texture": "#1"},
				"south": {"uv": [0, 0, 16, 16], "texture": "#1"},
				"west": {"uv": [0, 0, 16, 16], "texture": "#1"},
				"up": {"uv": [0, 0, 16, 16], "texture": "#1"},
				"down": {"uv": [0, 0, 16, 16], "texture": "#1"}
			}
		},
		{
			"from": [7.8, 1.90638, 9.90073],
			"to": [8.2, 2.30638, 11.00073],
			"rotation": {"angle": 22.5, "axis": "x", "origin": [8, 2.80638, 10.45073]},
			"faces": {
				"north": {"uv": [0, 0, 16, 16], "texture": "#1"},
				"east": {"uv": [0, 0, 16, 16], "texture": "#1"},
				"south": {"uv": [0, 0, 16, 16], "texture": "#1"},
				"west": {"uv": [0, 0, 16, 16], "texture": "#1"},
				"up": {"uv": [0, 0, 16, 16], "texture": "#1"},
				"down": {"uv": [0, 0, 16, 16], "texture": "#1"}
			}
		}
	],
	"display": {
		"thirdperson_righthand": {
			"rotation": [0, -15, 0],
			"translation": [0.5, 9.5, -1.5],
			"scale": [1.5, 1.5, 1.5]
		},
		"thirdperson_lefthand": {
			"translation": [-0.5, 9.5, -1.5],
			"scale": [1.5, 1.5, 1.5]
		},
		"firstperson_righthand": {
			"rotation": [6, 3, 0],
			"translation": [7.5, 11.5, 5]
		},
		"firstperson_lefthand": {
			"scale": [0, 0, 0]
		},
		"ground": {
			"translation": [0, 4, 0]
		},
		"fixed": {
			"rotation": [90, 50, -90],
			"translation": [7, 10.5, 0],
			"scale": [2, 2, 2]
		},
		"gui": {
			"rotation": [90, 50, -90],
			"translation": [7, 10.5, 0],
			"scale": [2, 2, 2]
		}
	}
}