{
	"credit": "Made by SrDarmith - YouTube: Mainclay",
	"textures": {
		"texture": "blocks/hardened clay stained yellow",
		"hardened clay stained yellow": "blocks/anvil 1"
	},
	"elements": [
		{
			"from": [2, 8, 7.25],
			"to": [11.75, 10, 8.75],
			"faces": {
				"north": {"uv": [4.25, 6, 14, 8], "texture": "#hardened clay stained yellow"},
				"south": {"uv": [2, 6, 11.75, 8], "texture": "#hardened clay stained yellow"},
				"west": {"uv": [7.25, 6, 8.75, 8], "texture": "#hardened clay stained yellow"},
				"up": {"uv": [2, 7.25, 11.75, 8.75], "texture": "#hardened clay stained yellow"},
				"down": {"uv": [14, 8.75, 4.25, 7.25], "texture": "#hardened clay stained yellow"}
			}
		},
		{
			"from": [2, 8.25, 7],
			"to": [11.75, 9.75, 9],
			"faces": {
				"north": {"uv": [4.25, 6.25, 14, 7.75], "texture": "#hardened clay stained yellow"},
				"south": {"uv": [2, 6.25, 11.75, 7.75], "texture": "#hardened clay stained yellow"},
				"west": {"uv": [7, 6.25, 9, 7.75], "texture": "#hardened clay stained yellow"},
				"up": {"uv": [2, 7, 11.75, 9], "texture": "#hardened clay stained yellow"},
				"down": {"uv": [14, 9, 4.25, 7], "texture": "#hardened clay stained yellow"}
			}
		},
		{
			"from": [11.75, 8, 7],
			"to": [15.25, 10, 9],
			"faces": {
				"north": {"uv": [0.75, 6, 4.25, 8], "texture": "#texture"},
				"east": {"uv": [7, 6, 9, 8], "texture": "#texture"},
				"south": {"uv": [11.75, 6, 15.25, 8], "texture": "#texture"},
				"west": {"uv": [7, 6, 9, 8], "texture": "#texture"},
				"up": {"uv": [11.75, 7, 15.25, 9], "texture": "#texture"},
				"down": {"uv": [4.25, 9, 0.75, 7], "texture": "#texture"}
			}
		},
		{
			"from": [12.25, 10, 7],
			"to": [15.25, 10.25, 9],
			"faces": {
				"north": {"uv": [0.75, 5.75, 3.75, 6], "texture": "#texture"},
				"east": {"uv": [7, 5.75, 9, 6], "texture": "#texture"},
				"south": {"uv": [12.25, 5.75, 15.25, 6], "texture": "#texture"},
				"west": {"uv": [7, 5.75, 9, 6], "texture": "#texture"},
				"up": {"uv": [12.25, 7, 15.25, 9], "texture": "#texture"}
			}
		},
		{
			"from": [13.8, 7.525, 7],
			"to": [15.25, 8, 9],
			"faces": {
				"north": {"uv": [0.75, 8, 2.25, 8.5], "texture": "#texture"},
				"east": {"uv": [7, 8, 9, 8.5], "texture": "#texture"},
				"south": {"uv": [13.75, 8, 15.25, 8.5], "texture": "#texture"},
				"west": {"uv": [7, 8, 9, 8.5], "texture": "#texture"},
				"down": {"uv": [2.25, 9, 0.75, 7], "texture": "#texture"}
			}
		},
		{
			"from": [11.75, 8.25, 6.75],
			"to": [15.25, 9.75, 9.25],
			"faces": {
				"north": {"uv": [0.75, 6.25, 4.25, 7.75], "texture": "#texture"},
				"east": {"uv": [6.75, 6.25, 9.25, 7.75], "texture": "#texture"},
				"south": {"uv": [11.75, 6.25, 15.25, 7.75], "texture": "#texture"},
				"west": {"uv": [6.75, 6.25, 9.25, 7.75], "texture": "#texture"},
				"up": {"uv": [11.75, 6.75, 15.25, 9.25], "texture": "#texture"},
				"down": {"uv": [4.25, 9.25, 0.75, 6.75], "texture": "#texture"}
			}
		},
		{
			"from": [12.625, 8.0625, 7],
			"to": [14.125, 8.5625, 9],
			"rotation": {"angle": -22.5, "axis": "z", "origin": [12.625, 8.5625, 7]},
			"faces": {
				"north": {"uv": [13.25, 7.75, 14.25, 8.25], "texture": "#texture"},
				"east": {"uv": [7.5, 7.75, 8.5, 8.25], "texture": "#texture"},
				"south": {"uv": [13.25, 7.75, 14.25, 8.25], "texture": "#texture"},
				"west": {"uv": [7.5, 7.75, 8.5, 8.25], "texture": "#texture"},
				"up": {"uv": [13.25, 7.5, 14.25, 8.5], "texture": "#texture"},
				"down": {"uv": [13.25, 7.5, 14.25, 8.5], "texture": "#texture"}
			}
		},
		{
			"from": [11.75, 7.25, 7.75],
			"to": [12, 8, 8.25],
			"faces": {
				"north": {"uv": [4, 8, 4.25, 8.75], "texture": "#hardened clay stained yellow"},
				"east": {"uv": [7.75, 8, 8.25, 8.75], "texture": "#hardened clay stained yellow"},
				"south": {"uv": [11.75, 8, 12, 8.75], "texture": "#hardened clay stained yellow"},
				"west": {"uv": [7.75, 8, 8.25, 8.75], "texture": "#hardened clay stained yellow"},
				"down": {"uv": [4.25, 8.25, 4, 7.75], "texture": "#hardened clay stained yellow"}
			}
		},
		{
			"from": [13.5, 4.25, 7.5],
			"to": [15, 7.75, 8.5],
			"rotation": {"angle": 22.5, "axis": "z", "origin": [13.5, 7.75, 7.5]},
			"faces": {
				"north": {"uv": [6.25, 0.25, 7.75, 3.75], "texture": "#texture"},
				"east": {"uv": [7.5, 0.25, 8.5, 3.75], "texture": "#texture"},
				"south": {"uv": [8.25, 0.25, 9.75, 3.75], "texture": "#texture"},
				"west": {"uv": [7.5, 0.25, 8.5, 3.75], "texture": "#texture"},
				"up": {"uv": [8.25, 7.5, 9.75, 8.5], "texture": "#texture"},
				"down": {"uv": [7.75, 8.5, 6.25, 7.5], "texture": "#texture"}
			}
		},
		{
			"from": [12.45, 6.55, 7.75],
			"to": [14, 6.8, 8.25],
			"faces": {
				"north": {"uv": [2, 9.25, 3.5, 9.5], "texture": "#hardened clay stained yellow"},
				"east": {"uv": [7.75, 9.25, 8.25, 9.5], "texture": "#hardened clay stained yellow"},
				"south": {"uv": [12.5, 9.25, 14, 9.5], "texture": "#hardened clay stained yellow"},
				"west": {"uv": [7.75, 9.25, 8.25, 9.5], "texture": "#hardened clay stained yellow"},
				"up": {"uv": [12.5, 7.75, 14, 8.25], "texture": "#hardened clay stained yellow"},
				"down": {"uv": [3.5, 8.25, 2, 7.75], "texture": "#hardened clay stained yellow"}
			}
		},
		{
			"from": [13.45, 7.1, 7.75],
			"to": [13.7, 8.6, 8.25],
			"rotation": {"angle": -22.5, "axis": "z", "origin": [13.25, 8.5, 7.75]},
			"faces": {
				"north": {"uv": [8.25, 0, 8.5, 1.5], "texture": "#hardened clay stained yellow"},
				"east": {"uv": [7.5, 0, 8.5, 1.5], "texture": "#hardened clay stained yellow"},
				"south": {"uv": [7.5, 0, 7.75, 1.5], "texture": "#hardened clay stained yellow"},
				"west": {"uv": [7.5, 0, 8.5, 1.5], "texture": "#hardened clay stained yellow"},
				"up": {"uv": [7.5, 7.5, 7.75, 8.5], "texture": "#hardened clay stained yellow"},
				"down": {"uv": [8.5, 8.5, 8.25, 7.5], "texture": "#hardened clay stained yellow"}
			}
		},
		{
			"from": [11.8875, 7.15, 7.75],
			"to": [12.8875, 7.4, 8.25],
			"rotation": {"angle": -45, "axis": "z", "origin": [11.9375, 7.375, 7.75]},
			"faces": {
				"north": {"uv": [3.75, 3.75, 4.75, 4], "texture": "#hardened clay stained yellow"},
				"east": {"uv": [7.75, 3.75, 8.25, 4], "texture": "#hardened clay stained yellow"},
				"south": {"uv": [11.25, 3.75, 12.25, 4], "texture": "#hardened clay stained yellow"},
				"west": {"uv": [7.75, 3.75, 8.25, 4], "texture": "#hardened clay stained yellow"},
				"up": {"uv": [11.25, 7.75, 12.25, 8.25], "texture": "#hardened clay stained yellow"},
				"down": {"uv": [4.75, 8.25, 3.75, 7.75], "texture": "#hardened clay stained yellow"}
			}
		},
		{
			"from": [15.25, 8.5, 7.5],
			"to": [21, 9.5, 8.5],
			"faces": {
				"north": {"uv": [0, 6.5, 0.75, 7.5], "texture": "#hardened clay stained yellow", "cullface": "east"},
				"south": {"uv": [15.25, 6.5, 16, 7.5], "texture": "#hardened clay stained yellow", "cullface": "east"},
				"up": {"uv": [15.25, 7.5, 16, 8.5], "texture": "#hardened clay stained yellow", "cullface": "east"},
				"down": {"uv": [0.75, 8.5, 0, 7.5], "texture": "#hardened clay stained yellow", "cullface": "east"}
			}
		},
		{
			"from": [21, 7.25, 7],
			"to": [21.5, 9.75, 9],
			"faces": {
				"north": {"uv": [0, 6.25, 0, 8.75], "texture": "#texture", "cullface": "east"},
				"east": {"uv": [7, 6.25, 9, 8.75], "texture": "#texture", "cullface": "east"},
				"south": {"uv": [16, 6.25, 16, 8.75], "texture": "#texture", "cullface": "east"},
				"west": {"uv": [7, 6.25, 9, 8.75], "texture": "#texture", "cullface": "east"},
				"up": {"uv": [16, 7, 16, 9], "texture": "#texture", "cullface": "east"}
			}
		},
		{
			"from": [21.375, 9.625, 7],
			"to": [21.875, 10.625, 9],
			"rotation": {"angle": -22.5, "axis": "z", "origin": [21.375, 10.625, 7]},
			"faces": {
				"north": {"uv": [0, 3.75, 0, 4.75], "texture": "#texture", "cullface": "east"},
				"east": {"uv": [7, 3.75, 9, 4.75], "texture": "#texture", "cullface": "east"},
				"south": {"uv": [16, 3.75, 16, 4.75], "texture": "#texture", "cullface": "east"},
				"west": {"uv": [7, 3.75, 9, 4.75], "texture": "#texture", "cullface": "east"},
				"up": {"uv": [16, 7, 16, 9], "texture": "#texture", "cullface": "east"},
				"down": {"uv": [0, 9, 0, 7], "texture": "#texture", "cullface": "east"}
			}
		},
		{
			"from": [21, 6.25, 7],
			"to": [21.5, 7.25, 9],
			"rotation": {"angle": 22.5, "axis": "z", "origin": [21, 7.25, 7]},
			"faces": {
				"north": {"uv": [0, 9.25, 0, 10.25], "texture": "#texture", "cullface": "east"},
				"east": {"uv": [7, 9.25, 9, 10.25], "texture": "#texture", "cullface": "east"},
				"south": {"uv": [16, 9.25, 16, 10.25], "texture": "#texture", "cullface": "east"},
				"west": {"uv": [7, 9.25, 9, 10.25], "texture": "#texture", "cullface": "east"},
				"down": {"uv": [0, 9, 0, 7], "texture": "#texture", "cullface": "east"}
			}
		},
		{
			"from": [1, 9.5, 7.25],
			"to": [2, 10, 8.75],
			"faces": {
				"north": {"uv": [14, 6, 15, 6.5], "texture": "#texture"},
				"south": {"uv": [1, 6, 2, 6.5], "texture": "#texture"},
				"west": {"uv": [7.25, 6, 8.75, 6.5], "texture": "#texture"},
				"up": {"uv": [1, 7.25, 2, 8.75], "texture": "#texture"},
				"down": {"uv": [15, 8.75, 14, 7.25], "texture": "#texture"}
			}
		},
		{
			"from": [1, 8.25, 7],
			"to": [2, 9.75, 7.5],
			"faces": {
				"north": {"uv": [14, 6.25, 15, 7.75], "texture": "#texture"},
				"south": {"uv": [1, 6.25, 2, 7.75], "texture": "#texture"},
				"west": {"uv": [7, 6.25, 7.5, 7.75], "texture": "#texture"},
				"up": {"uv": [1, 7, 2, 7.5], "texture": "#texture"},
				"down": {"uv": [15, 7.5, 14, 7], "texture": "#texture"}
			}
		},
		{
			"from": [1, 8.25, 8.5],
			"to": [2, 9.75, 9],
			"faces": {
				"north": {"uv": [14, 6.25, 15, 7.75], "texture": "#texture"},
				"south": {"uv": [1, 6.25, 2, 7.75], "texture": "#texture"},
				"west": {"uv": [8.5, 6.25, 9, 7.75], "texture": "#texture"},
				"up": {"uv": [1, 8.5, 2, 9], "texture": "#texture"},
				"down": {"uv": [15, 9, 14, 8.5], "texture": "#texture"}
			}
		},
		{
			"from": [1, 8, 7.25],
			"to": [2, 8.5, 8.75],
			"faces": {
				"north": {"uv": [14, 7.5, 15, 8], "texture": "#texture"},
				"south": {"uv": [1, 7.5, 2, 8], "texture": "#texture"},
				"west": {"uv": [7.25, 7.5, 8.75, 8], "texture": "#texture"},
				"up": {"uv": [1, 7.25, 2, 8.75], "texture": "#texture"},
				"down": {"uv": [15, 8.75, 14, 7.25], "texture": "#texture"}
			}
		}
	],
	"display": {
		"thirdperson_righthand": {
			"rotation": [0, -90, 0],
			"translation": [0, 0, -4],
			"scale": [0.95, 0.95, 0.95]
		},
		"thirdperson_lefthand": {
			"rotation": [0, 90, 0],
			"translation": [0, 0, -4],
			"scale": [0.95, 0.95, 0.95]
		},
		"firstperson_righthand": {
			"rotation": [0, -90, 0],
			"translation": [0, 3, -4.5]
		},
		"firstperson_lefthand": {
			"rotation": [0, 90, 0],
			"translation": [0, 3, -4.5]
		},
		"gui": {
			"rotation": [0, 0, -45],
			"translation": [-1.25, 0, 0],
			"scale": [0.87, 0.87, 0.9]
		},
		"fixed": {
			"rotation": [0, 180, -45],
			"translation": [2, 0.75, 0],
			"scale": [1.13, 1.13, 1.13]
		}
	}
}