{
	"credit": "Made by SrDarmith - YouTube: Mainclay",
	"textures": {
		"particle": "blocks/anvil 1",
		"texture": "blocks/anvil 1",
		"sandstone smooth": "blocks/sandstone smooth"
	},
	"elements": [
		{
			"from": [-2.5, 9.75, 7.5],
			"to": [-1, 10, 8.5],
			"faces": {
				"north": {"uv": [16, 6, 16, 6.25], "texture": "#texture"},
				"east": {"uv": [7.5, 6, 8.5, 6.25], "texture": "#texture"},
				"south": {"uv": [0, 6, 0, 6.25], "texture": "#texture"},
				"west": {"uv": [7.5, 6, 8.5, 6.25], "texture": "#texture"},
				"up": {"uv": [0, 7.5, 0, 8.5], "texture": "#texture"},
				"down": {"uv": [16, 8.5, 16, 7.5], "texture": "#texture"}
			}
		},
		{
			"from": [-2.5, 8.75, 7.25],
			"to": [-1, 9.75, 7.5],
			"faces": {
				"north": {"uv": [16, 6.25, 16, 7.25], "texture": "#texture"},
				"east": {"uv": [8.5, 6.25, 8.75, 7.25], "texture": "#texture"},
				"south": {"uv": [0, 6.25, 0, 7.25], "texture": "#texture"},
				"west": {"uv": [7.25, 6.25, 7.5, 7.25], "texture": "#texture"},
				"up": {"uv": [0, 7.25, 0, 7.5], "texture": "#texture"},
				"down": {"uv": [16, 7.5, 16, 7.25], "texture": "#texture"}
			}
		},
		{
			"from": [-2.5, 8.75, 8.5],
			"to": [-1, 9.75, 8.75],
			"faces": {
				"north": {"uv": [16, 6.25, 16, 7.25], "texture": "#texture"},
				"east": {"uv": [7.25, 6.25, 7.5, 7.25], "texture": "#texture"},
				"south": {"uv": [0, 6.25, 0, 7.25], "texture": "#texture"},
				"west": {"uv": [8.5, 6.25, 8.75, 7.25], "texture": "#texture"},
				"up": {"uv": [0, 8.5, 0, 8.75], "texture": "#texture"},
				"down": {"uv": [16, 8.75, 16, 8.5], "texture": "#texture"}
			}
		},
		{
			"from": [-2.5, 8.5, 7.5],
			"to": [-1, 8.75, 8.5],
			"faces": {
				"north": {"uv": [16, 7.25, 16, 7.5], "texture": "#texture"},
				"east": {"uv": [7.5, 7.25, 8.5, 7.5], "texture": "#texture"},
				"south": {"uv": [0, 7.25, 0, 7.5], "texture": "#texture"},
				"west": {"uv": [7.5, 7.25, 8.5, 7.5], "texture": "#texture"},
				"up": {"uv": [0, 7.5, 0, 8.5], "texture": "#texture"},
				"down": {"uv": [16, 8.5, 16, 7.5], "texture": "#texture"}
			}
		},
		{
			"from": [-1, 8, 7.25],
			"to": [1.25, 10.5, 8.75],
			"faces": {
				"north": {"uv": [14.75, 5.5, 16, 8], "texture": "#texture"},
				"east": {"uv": [7.25, 5.5, 8.75, 8], "texture": "#texture"},
				"south": {"uv": [0, 5.5, 1.25, 8], "texture": "#texture"},
				"west": {"uv": [7.25, 5.5, 8.75, 8], "texture": "#texture"},
				"up": {"uv": [0, 7.25, 1.25, 8.75], "texture": "#texture"},
				"down": {"uv": [16, 8.75, 14.75, 7.25], "texture": "#texture"}
			}
		},
		{
			"from": [-1, 8.25, 7],
			"to": [3.25, 10.25, 9],
			"faces": {
				"north": {"uv": [12.75, 5.75, 16, 7.75], "texture": "#texture"},
				"east": {"uv": [7, 5.75, 9, 7.75], "texture": "#texture"},
				"south": {"uv": [0, 5.75, 3.25, 7.75], "texture": "#texture"},
				"west": {"uv": [7, 5.75, 9, 7.75], "texture": "#texture"},
				"up": {"uv": [0, 7, 3.25, 9], "texture": "#texture"},
				"down": {"uv": [16, 9, 12.75, 7], "texture": "#texture"}
			}
		},
		{
			"from": [1.25, 7.75, 7.25],
			"to": [3.25, 8.5, 8.75],
			"faces": {
				"north": {"uv": [12.75, 7.5, 14.75, 8.25], "texture": "#sandstone smooth"},
				"east": {"uv": [7.25, 7.5, 8.75, 8.25], "texture": "#sandstone smooth"},
				"south": {"uv": [1.25, 7.5, 3.25, 8.25], "texture": "#sandstone smooth"},
				"west": {"uv": [7.25, 7.5, 8.75, 8.25], "texture": "#sandstone smooth"},
				"up": {"uv": [1.25, 7.25, 3.25, 8.75], "texture": "#sandstone smooth"},
				"down": {"uv": [14.75, 8.75, 12.75, 7.25], "texture": "#sandstone smooth"}
			}
		},
		{
			"from": [1.5, 4, 7.5],
			"to": [3, 7.75, 8.5],
			"faces": {
				"north": {"uv": [13, 8.25, 14.5, 12], "texture": "#sandstone smooth"},
				"east": {"uv": [7.5, 8.25, 8.5, 12], "texture": "#sandstone smooth"},
				"south": {"uv": [1.5, 8.25, 3, 12], "texture": "#sandstone smooth"},
				"west": {"uv": [7.5, 8.25, 8.5, 12], "texture": "#sandstone smooth"},
				"up": {"uv": [1.5, 7.5, 3, 8.5], "texture": "#sandstone smooth"},
				"down": {"uv": [14.5, 8.5, 13, 7.5], "texture": "#sandstone smooth"}
			}
		},
		{
			"from": [1.75, 4, 7.25],
			"to": [2.75, 7.75, 8.75],
			"faces": {
				"north": {"uv": [13.25, 8.25, 14.25, 12], "texture": "#sandstone smooth"},
				"east": {"uv": [7.25, 8.25, 8.75, 12], "texture": "#sandstone smooth"},
				"south": {"uv": [1.75, 8.25, 2.75, 12], "texture": "#sandstone smooth"},
				"west": {"uv": [7.25, 8.25, 8.75, 12], "texture": "#sandstone smooth"},
				"up": {"uv": [1.75, 7.25, 2.75, 8.75], "texture": "#sandstone smooth"},
				"down": {"uv": [14.25, 8.75, 13.25, 7.25], "texture": "#sandstone smooth"}
			}
		},
		{
			"from": [1.25, 8.5, 7.25],
			"to": [7.25, 10.5, 8.75],
			"faces": {
				"north": {"uv": [8.75, 5.5, 14.75, 7.5], "texture": "#texture"},
				"east": {"uv": [7.25, 5.5, 8.75, 7.5], "texture": "#texture"},
				"south": {"uv": [1.25, 5.5, 7.25, 7.5], "texture": "#texture"},
				"west": {"uv": [7.25, 5.5, 8.75, 7.5], "texture": "#texture"},
				"up": {"uv": [1.25, 7.25, 7.25, 8.75], "texture": "#texture"},
				"down": {"uv": [14.75, 8.75, 8.75, 7.25], "texture": "#texture"}
			}
		},
		{
			"from": [3.25, 8.5, 7],
			"to": [7.25, 10.25, 9],
			"faces": {
				"north": {"uv": [8.75, 5.75, 12.75, 7.5], "texture": "#texture"},
				"east": {"uv": [7, 5.75, 9, 7.5], "texture": "#texture"},
				"south": {"uv": [3.25, 5.75, 7.25, 7.5], "texture": "#texture"},
				"west": {"uv": [7, 5.75, 9, 7.5], "texture": "#texture"},
				"up": {"uv": [3.25, 7, 7.25, 9], "texture": "#texture"},
				"down": {"uv": [12.75, 9, 8.75, 7], "texture": "#texture"}
			}
		},
		{
			"from": [7.25, 4, 7],
			"to": [7.75, 11.5, 9],
			"faces": {
				"north": {"uv": [8.25, 4.5, 8.75, 12], "texture": "#texture"},
				"east": {"uv": [7, 4.5, 9, 12], "texture": "#texture"},
				"south": {"uv": [7.25, 4.5, 7.75, 12], "texture": "#texture"},
				"west": {"uv": [7, 4.5, 9, 12], "texture": "#texture"},
				"up": {"uv": [7.25, 7, 7.75, 9], "texture": "#texture"},
				"down": {"uv": [8.75, 9, 8.25, 7], "texture": "#texture"}
			}
		},
		{
			"from": [7.25, 6.75, 4.25],
			"to": [7.75, 8.75, 11.75],
			"faces": {
				"north": {"uv": [8.25, 7.25, 8.75, 9.25], "texture": "#texture"},
				"east": {"uv": [4.25, 7.25, 11.75, 9.25], "texture": "#texture"},
				"south": {"uv": [7.25, 7.25, 7.75, 9.25], "texture": "#texture"},
				"west": {"uv": [4.25, 7.25, 11.75, 9.25], "texture": "#texture"},
				"up": {"uv": [7.25, 4.25, 7.75, 11.75], "texture": "#texture"},
				"down": {"uv": [8.75, 11.75, 8.25, 4.25], "texture": "#texture"}
			}
		},
		{
			"from": [7.25, 6, 4.5],
			"to": [7.75, 9.5, 11.5],
			"faces": {
				"north": {"uv": [8.25, 6.5, 8.75, 10], "texture": "#texture"},
				"east": {"uv": [4.5, 6.5, 11.5, 10], "texture": "#texture"},
				"south": {"uv": [7.25, 6.5, 7.75, 10], "texture": "#texture"},
				"west": {"uv": [4.5, 6.5, 11.5, 10], "texture": "#texture"},
				"up": {"uv": [7.25, 4.5, 7.75, 11.5], "texture": "#texture"},
				"down": {"uv": [8.75, 11.5, 8.25, 4.5], "texture": "#texture"}
			}
		},
		{
			"from": [7.25, 4.25, 6.25],
			"to": [7.75, 11.25, 9.75],
			"faces": {
				"north": {"uv": [8.25, 4.75, 8.75, 11.75], "texture": "#texture"},
				"east": {"uv": [6.25, 4.75, 9.75, 11.75], "texture": "#texture"},
				"south": {"uv": [7.25, 4.75, 7.75, 11.75], "texture": "#texture"},
				"west": {"uv": [6.25, 4.75, 9.75, 11.75], "texture": "#texture"},
				"up": {"uv": [7.25, 6.25, 7.75, 9.75], "texture": "#texture"},
				"down": {"uv": [8.75, 9.75, 8.25, 6.25], "texture": "#texture"}
			}
		},
		{
			"from": [7.25, 5.5, 4.75],
			"to": [7.75, 10, 11.25],
			"faces": {
				"north": {"uv": [8.25, 6, 8.75, 10.5], "texture": "#texture"},
				"east": {"uv": [4.75, 6, 11.25, 10.5], "texture": "#texture"},
				"south": {"uv": [7.25, 6, 7.75, 10.5], "texture": "#texture"},
				"west": {"uv": [4.75, 6, 11.25, 10.5], "texture": "#texture"},
				"up": {"uv": [7.25, 4.75, 7.75, 11.25], "texture": "#texture"},
				"down": {"uv": [8.75, 11.25, 8.25, 4.75], "texture": "#texture"}
			}
		},
		{
			"from": [7.25, 4.5, 5.75],
			"to": [7.75, 11, 10.25],
			"faces": {
				"north": {"uv": [8.25, 5, 8.75, 11.5], "texture": "#texture"},
				"east": {"uv": [5.75, 5, 10.25, 11.5], "texture": "#texture"},
				"south": {"uv": [7.25, 5, 7.75, 11.5], "texture": "#texture"},
				"west": {"uv": [5.75, 5, 10.25, 11.5], "texture": "#texture"},
				"up": {"uv": [7.25, 5.75, 7.75, 10.25], "texture": "#texture"},
				"down": {"uv": [8.75, 10.25, 8.25, 5.75], "texture": "#texture"}
			}
		},
		{
			"from": [7.25, 5, 5],
			"to": [7.75, 10.5, 11],
			"faces": {
				"north": {"uv": [8.25, 5.5, 8.75, 11], "texture": "#texture"},
				"east": {"uv": [5, 5.5, 11, 11], "texture": "#texture"},
				"south": {"uv": [7.25, 5.5, 7.75, 11], "texture": "#texture"},
				"west": {"uv": [5, 5.5, 11, 11], "texture": "#texture"},
				"up": {"uv": [7.25, 5, 7.75, 11], "texture": "#texture"},
				"down": {"uv": [8.75, 11, 8.25, 5], "texture": "#texture"}
			}
		},
		{
			"from": [7.25, 4.75, 5.25],
			"to": [7.75, 10.75, 10.75],
			"faces": {
				"north": {"uv": [8.25, 5.25, 8.75, 11.25], "texture": "#texture"},
				"east": {"uv": [5.25, 5.25, 10.75, 11.25], "texture": "#texture"},
				"south": {"uv": [7.25, 5.25, 7.75, 11.25], "texture": "#texture"},
				"west": {"uv": [5.25, 5.25, 10.75, 11.25], "texture": "#texture"},
				"up": {"uv": [7.25, 5.25, 7.75, 10.75], "texture": "#texture"},
				"down": {"uv": [8.75, 10.75, 8.25, 5.25], "texture": "#texture"}
			}
		},
		{
			"from": [7.75, 8, 5],
			"to": [14, 10, 6.5],
			"faces": {
				"north": {"uv": [2, 6, 8.25, 8], "texture": "#sandstone smooth"},
				"east": {"uv": [9.5, 6, 11, 8], "texture": "#sandstone smooth"},
				"south": {"uv": [7.75, 6, 14, 8], "texture": "#sandstone smooth"},
				"west": {"uv": [5, 6, 6.5, 8], "texture": "#sandstone smooth"},
				"up": {"uv": [7.75, 5, 14, 6.5], "texture": "#sandstone smooth"},
				"down": {"uv": [8.25, 6.5, 2, 5], "texture": "#sandstone smooth"}
			}
		},
		{
			"from": [7.75, 8.25, 9.25],
			"to": [14, 9.75, 11.25],
			"faces": {
				"north": {"uv": [2, 6.25, 8.25, 7.75], "texture": "#sandstone smooth"},
				"east": {"uv": [4.75, 6.25, 6.75, 7.75], "texture": "#sandstone smooth"},
				"south": {"uv": [7.75, 6.25, 14, 7.75], "texture": "#sandstone smooth"},
				"west": {"uv": [9.25, 6.25, 11.25, 7.75], "texture": "#sandstone smooth"},
				"up": {"uv": [7.75, 9.25, 14, 11.25], "texture": "#sandstone smooth"},
				"down": {"uv": [8.25, 11.25, 2, 9.25], "texture": "#sandstone smooth"}
			}
		},
		{
			"from": [7.75, 8.25, 4.75],
			"to": [14, 9.75, 6.75],
			"faces": {
				"north": {"uv": [2, 6.25, 8.25, 7.75], "texture": "#sandstone smooth"},
				"east": {"uv": [9.25, 6.25, 11.25, 7.75], "texture": "#sandstone smooth"},
				"south": {"uv": [7.75, 6.25, 14, 7.75], "texture": "#sandstone smooth"},
				"west": {"uv": [4.75, 6.25, 6.75, 7.75], "texture": "#sandstone smooth"},
				"up": {"uv": [7.75, 4.75, 14, 6.75], "texture": "#sandstone smooth"},
				"down": {"uv": [8.25, 6.75, 2, 4.75], "texture": "#sandstone smooth"}
			}
		},
		{
			"from": [7.75, 9, 7.25],
			"to": [14, 11, 8.75],
			"faces": {
				"north": {"uv": [2, 5, 8.25, 7], "texture": "#sandstone smooth"},
				"east": {"uv": [7.25, 5, 8.75, 7], "texture": "#sandstone smooth"},
				"south": {"uv": [7.75, 5, 14, 7], "texture": "#sandstone smooth"},
				"west": {"uv": [7.25, 5, 8.75, 7], "texture": "#sandstone smooth"},
				"up": {"uv": [7.75, 7.25, 14, 8.75], "texture": "#sandstone smooth"},
				"down": {"uv": [8.25, 8.75, 2, 7.25], "texture": "#sandstone smooth"}
			}
		},
		{
			"from": [7.75, 4.75, 7],
			"to": [14, 6.25, 9],
			"faces": {
				"north": {"uv": [2, 9.75, 8.25, 11.25], "texture": "#sandstone smooth"},
				"east": {"uv": [7, 9.75, 9, 11.25], "texture": "#sandstone smooth"},
				"south": {"uv": [7.75, 9.75, 14, 11.25], "texture": "#sandstone smooth"},
				"west": {"uv": [7, 9.75, 9, 11.25], "texture": "#sandstone smooth"},
				"up": {"uv": [7.75, 7, 14, 9], "texture": "#sandstone smooth"},
				"down": {"uv": [8.25, 9, 2, 7], "texture": "#sandstone smooth"}
			}
		},
		{
			"from": [7.75, 5.5, 9.5],
			"to": [14, 7.5, 11],
			"faces": {
				"north": {"uv": [2, 8.5, 8.25, 10.5], "texture": "#sandstone smooth"},
				"east": {"uv": [5, 8.5, 6.5, 10.5], "texture": "#sandstone smooth"},
				"south": {"uv": [7.75, 8.5, 14, 10.5], "texture": "#sandstone smooth"},
				"west": {"uv": [9.5, 8.5, 11, 10.5], "texture": "#sandstone smooth"},
				"up": {"uv": [7.75, 9.5, 14, 11], "texture": "#sandstone smooth"},
				"down": {"uv": [8.25, 11, 2, 9.5], "texture": "#sandstone smooth"}
			}
		},
		{
			"from": [7.75, 8, 9.5],
			"to": [14, 10, 11],
			"faces": {
				"north": {"uv": [2, 6, 8.25, 8], "texture": "#sandstone smooth"},
				"east": {"uv": [5, 6, 6.5, 8], "texture": "#sandstone smooth"},
				"south": {"uv": [7.75, 6, 14, 8], "texture": "#sandstone smooth"},
				"west": {"uv": [9.5, 6, 11, 8], "texture": "#sandstone smooth"},
				"up": {"uv": [7.75, 9.5, 14, 11], "texture": "#sandstone smooth"},
				"down": {"uv": [8.25, 11, 2, 9.5], "texture": "#sandstone smooth"}
			}
		},
		{
			"from": [7.75, 9.25, 7],
			"to": [14, 10.75, 9],
			"faces": {
				"north": {"uv": [2, 5.25, 8.25, 6.75], "texture": "#sandstone smooth"},
				"east": {"uv": [7, 5.25, 9, 6.75], "texture": "#sandstone smooth"},
				"south": {"uv": [7.75, 5.25, 14, 6.75], "texture": "#sandstone smooth"},
				"west": {"uv": [7, 5.25, 9, 6.75], "texture": "#sandstone smooth"},
				"up": {"uv": [7.75, 7, 14, 9], "texture": "#sandstone smooth"},
				"down": {"uv": [8.25, 9, 2, 7], "texture": "#sandstone smooth"}
			}
		},
		{
			"from": [7.75, 5.75, 4.75],
			"to": [14, 7.25, 6.75],
			"faces": {
				"north": {"uv": [2, 8.75, 8.25, 10.25], "texture": "#sandstone smooth"},
				"east": {"uv": [9.25, 8.75, 11.25, 10.25], "texture": "#sandstone smooth"},
				"south": {"uv": [7.75, 8.75, 14, 10.25], "texture": "#sandstone smooth"},
				"west": {"uv": [4.75, 8.75, 6.75, 10.25], "texture": "#sandstone smooth"},
				"up": {"uv": [7.75, 4.75, 14, 6.75], "texture": "#sandstone smooth"},
				"down": {"uv": [8.25, 6.75, 2, 4.75], "texture": "#sandstone smooth"}
			}
		},
		{
			"from": [7.6875, 5.75, 9.25],
			"to": [13.9375, 7.25, 11.25],
			"faces": {
				"north": {"uv": [2.0625, 8.75, 8.3125, 10.25], "texture": "#sandstone smooth"},
				"east": {"uv": [4.75, 8.75, 6.75, 10.25], "texture": "#sandstone smooth"},
				"south": {"uv": [7.6875, 8.75, 13.9375, 10.25], "texture": "#sandstone smooth"},
				"west": {"uv": [9.25, 8.75, 11.25, 10.25], "texture": "#sandstone smooth"},
				"up": {"uv": [7.6875, 9.25, 13.9375, 11.25], "texture": "#sandstone smooth"},
				"down": {"uv": [8.3125, 11.25, 2.0625, 9.25], "texture": "#sandstone smooth"}
			}
		},
		{
			"from": [7.75, 4.5, 7.25],
			"to": [14, 6.5, 8.75],
			"faces": {
				"north": {"uv": [2, 9.5, 8.25, 11.5], "texture": "#sandstone smooth"},
				"east": {"uv": [7.25, 9.5, 8.75, 11.5], "texture": "#sandstone smooth"},
				"south": {"uv": [7.75, 9.5, 14, 11.5], "texture": "#sandstone smooth"},
				"west": {"uv": [7.25, 9.5, 8.75, 11.5], "texture": "#sandstone smooth"},
				"up": {"uv": [7.75, 7.25, 14, 8.75], "texture": "#sandstone smooth"},
				"down": {"uv": [8.25, 8.75, 2, 7.25], "texture": "#sandstone smooth"}
			}
		},
		{
			"from": [7.75, 5.5, 5],
			"to": [14, 7.5, 6.5],
			"faces": {
				"north": {"uv": [2, 8.5, 8.25, 10.5], "texture": "#sandstone smooth"},
				"east": {"uv": [9.5, 8.5, 11, 10.5], "texture": "#sandstone smooth"},
				"south": {"uv": [7.75, 8.5, 14, 10.5], "texture": "#sandstone smooth"},
				"west": {"uv": [5, 8.5, 6.5, 10.5], "texture": "#sandstone smooth"},
				"up": {"uv": [7.75, 5, 14, 6.5], "texture": "#sandstone smooth"},
				"down": {"uv": [8.25, 6.5, 2, 5], "texture": "#sandstone smooth"}
			}
		},
		{
			"from": [7.75, 9, 6],
			"to": [14, 10, 7.25],
			"rotation": {"angle": -22.5, "axis": "x", "origin": [7.75, 10, 6]},
			"faces": {
				"north": {"uv": [2, 5.5, 8.25, 6.5], "texture": "#texture"},
				"east": {"uv": [6.25, 5.5, 7.25, 6.5], "texture": "#texture"},
				"south": {"uv": [7.75, 5.5, 14, 6.5], "texture": "#texture"},
				"west": {"uv": [8.75, 5.5, 9.75, 6.5], "texture": "#texture"},
				"up": {"uv": [7.75, 8.75, 14, 9.75], "texture": "#texture"},
				"down": {"uv": [8.25, 9.75, 2, 8.75], "texture": "#texture"}
			}
		},
		{
			"from": [7.75, 9.4375, 9],
			"to": [14, 10.4375, 10.25],
			"rotation": {"angle": 22.5, "axis": "x", "origin": [7.75, 10.4375, 9]},
			"faces": {
				"north": {"uv": [2, 5.5, 8.25, 6.5], "texture": "#texture"},
				"east": {"uv": [6.25, 5.5, 7.25, 6.5], "texture": "#texture"},
				"south": {"uv": [7.75, 5.5, 14, 6.5], "texture": "#texture"},
				"west": {"uv": [8.75, 5.5, 9.75, 6.5], "texture": "#texture"},
				"up": {"uv": [7.75, 8.75, 14, 9.75], "texture": "#texture"},
				"down": {"uv": [8.25, 9.75, 2, 8.75], "texture": "#texture"}
			}
		},
		{
			"from": [7.75, 7.25, 5.5],
			"to": [14, 8.25, 10.5],
			"faces": {
				"north": {"uv": [2, 7.75, 8.25, 8.75], "texture": "#texture"},
				"east": {"uv": [5.5, 7.75, 10.5, 8.75], "texture": "#texture"},
				"south": {"uv": [7.75, 7.75, 14, 8.75], "texture": "#texture"},
				"west": {"uv": [5.5, 7.75, 10.5, 8.75], "texture": "#texture"},
				"up": {"uv": [7.75, 5.5, 14, 10.5], "texture": "#texture"},
				"down": {"uv": [8.25, 10.5, 2, 5.5], "texture": "#texture"}
			}
		},
		{
			"from": [7.75, 6, 6.25],
			"to": [14, 9.5, 9.75],
			"faces": {
				"north": {"uv": [2, 6.5, 8.25, 10], "texture": "#texture"},
				"east": {"uv": [6.25, 6.5, 9.75, 10], "texture": "#texture"},
				"south": {"uv": [7.75, 6.5, 14, 10], "texture": "#texture"},
				"west": {"uv": [6.25, 6.5, 9.75, 10], "texture": "#texture"},
				"up": {"uv": [7.75, 6.25, 14, 9.75], "texture": "#texture"},
				"down": {"uv": [8.25, 9.75, 2, 6.25], "texture": "#texture"}
			}
		},
		{
			"from": [7.75, 5, 8.5],
			"to": [14, 6, 9.75],
			"rotation": {"angle": -22.5, "axis": "x", "origin": [7.75, 6, 8.5]},
			"faces": {
				"north": {"uv": [2, 5.5, 8.25, 6.5], "texture": "#texture"},
				"east": {"uv": [6.25, 5.5, 7.25, 6.5], "texture": "#texture"},
				"south": {"uv": [7.75, 5.5, 14, 6.5], "texture": "#texture"},
				"west": {"uv": [8.75, 5.5, 9.75, 6.5], "texture": "#texture"},
				"up": {"uv": [7.75, 8.75, 14, 9.75], "texture": "#texture"},
				"down": {"uv": [8.25, 9.75, 2, 8.75], "texture": "#texture"}
			}
		},
		{
			"from": [7.75, 5.5, 6.25],
			"to": [14, 6.5, 7.5],
			"rotation": {"angle": 22.5, "axis": "x", "origin": [7.75, 6.5, 6.25]},
			"faces": {
				"north": {"uv": [2, 5.5, 8.25, 6.5], "texture": "#texture"},
				"east": {"uv": [6.25, 5.5, 7.25, 6.5], "texture": "#texture"},
				"south": {"uv": [7.75, 5.5, 14, 6.5], "texture": "#texture"},
				"west": {"uv": [8.75, 5.5, 9.75, 6.5], "texture": "#texture"},
				"up": {"uv": [7.75, 8.75, 14, 9.75], "texture": "#texture"},
				"down": {"uv": [8.25, 9.75, 2, 8.75], "texture": "#texture"}
			}
		},
		{
			"from": [7.25, 11.25, 7.25],
			"to": [15.25, 11.75, 8.75],
			"faces": {
				"north": {"uv": [0.75, 4.25, 8.75, 4.75], "texture": "#texture"},
				"east": {"uv": [7.25, 4.25, 8.75, 4.75], "texture": "#texture"},
				"south": {"uv": [7.25, 4.25, 15.25, 4.75], "texture": "#texture"},
				"west": {"uv": [7.25, 4.25, 8.75, 4.75], "texture": "#texture"},
				"up": {"uv": [7.25, 7.25, 15.25, 8.75], "texture": "#texture"},
				"down": {"uv": [8.75, 8.75, 0.75, 7.25], "texture": "#texture"}
			}
		},
		{
			"from": [7.5, 4.25, 7.5],
			"to": [9.75, 4.5, 8.5],
			"rotation": {"angle": -22.5, "axis": "z", "origin": [7.5, 4.5, 7.5]},
			"faces": {
				"north": {"uv": [6, 11.75, 8.25, 12], "texture": "#texture"},
				"east": {"uv": [7.5, 11.75, 8.5, 12], "texture": "#texture"},
				"south": {"uv": [7.75, 11.75, 10, 12], "texture": "#texture"},
				"west": {"uv": [7.5, 11.75, 8.5, 12], "texture": "#texture"},
				"up": {"uv": [7.75, 7.5, 10, 8.5], "texture": "#texture"},
				"down": {"uv": [8.25, 8.5, 6, 7.5], "texture": "#texture"}
			}
		},
		{
			"from": [9.5, 3.4375, 7.5],
			"to": [12.25, 3.6875, 8.5],
			"faces": {
				"north": {"uv": [3.75, 12.3125, 6.5, 12.5625], "texture": "#texture"},
				"east": {"uv": [7.5, 12.3125, 8.5, 12.5625], "texture": "#texture"},
				"south": {"uv": [9.5, 12.3125, 12.25, 12.5625], "texture": "#texture"},
				"west": {"uv": [7.5, 12.3125, 8.5, 12.5625], "texture": "#texture"},
				"up": {"uv": [9.5, 7.5, 12.25, 8.5], "texture": "#texture"},
				"down": {"uv": [6.5, 8.5, 3.75, 7.5], "texture": "#texture"}
			}
		},
		{
			"from": [12, 3.375, 7.5],
			"to": [14.25, 3.625, 8.5],
			"rotation": {"angle": 22.5, "axis": "z", "origin": [12, 3.625, 7.5]},
			"faces": {
				"north": {"uv": [6, 11.75, 8.25, 12], "texture": "#texture"},
				"east": {"uv": [7.5, 11.75, 8.5, 12], "texture": "#texture"},
				"south": {"uv": [7.75, 11.75, 10, 12], "texture": "#texture"},
				"west": {"uv": [7.5, 11.75, 8.5, 12], "texture": "#texture"},
				"up": {"uv": [7.75, 7.5, 10, 8.5], "texture": "#texture"},
				"down": {"uv": [8.25, 8.5, 6, 7.5], "texture": "#texture"}
			}
		},
		{
			"from": [14, 4.25, 7.25],
			"to": [14.25, 11.25, 8.75],
			"faces": {
				"north": {"uv": [1.75, 4.75, 2, 11.75], "texture": "#texture"},
				"east": {"uv": [7.25, 4.75, 8.75, 11.75], "texture": "#texture"},
				"south": {"uv": [14, 4.75, 14.25, 11.75], "texture": "#texture"},
				"west": {"uv": [7.25, 4.75, 8.75, 11.75], "texture": "#texture"},
				"up": {"uv": [14, 7.25, 14.25, 8.75], "texture": "#texture"},
				"down": {"uv": [2, 8.75, 1.75, 7.25], "texture": "#texture"}
			}
		},
		{
			"from": [14, 7, 4.5],
			"to": [14.25, 8.5, 11.5],
			"faces": {
				"north": {"uv": [1.75, 7.5, 2, 9], "texture": "#texture"},
				"east": {"uv": [4.5, 7.5, 11.5, 9], "texture": "#texture"},
				"south": {"uv": [14, 7.5, 14.25, 9], "texture": "#texture"},
				"west": {"uv": [4.5, 7.5, 11.5, 9], "texture": "#texture"},
				"up": {"uv": [14, 4.5, 14.25, 11.5], "texture": "#texture"},
				"down": {"uv": [2, 11.5, 1.75, 4.5], "texture": "#texture"}
			}
		},
		{
			"from": [14, 6.25, 4.75],
			"to": [14.25, 9.25, 11.25],
			"faces": {
				"north": {"uv": [1.75, 6.75, 2, 9.75], "texture": "#texture"},
				"east": {"uv": [4.75, 6.75, 11.25, 9.75], "texture": "#texture"},
				"south": {"uv": [14, 6.75, 14.25, 9.75], "texture": "#texture"},
				"west": {"uv": [4.75, 6.75, 11.25, 9.75], "texture": "#texture"},
				"up": {"uv": [14, 4.75, 14.25, 11.25], "texture": "#texture"},
				"down": {"uv": [2, 11.25, 1.75, 4.75], "texture": "#texture"}
			}
		},
		{
			"from": [14, 4.5, 6.5],
			"to": [14.25, 11, 9.5],
			"faces": {
				"north": {"uv": [1.75, 5, 2, 11.5], "texture": "#texture"},
				"east": {"uv": [6.5, 5, 9.5, 11.5], "texture": "#texture"},
				"south": {"uv": [14, 5, 14.25, 11.5], "texture": "#texture"},
				"west": {"uv": [6.5, 5, 9.5, 11.5], "texture": "#texture"},
				"up": {"uv": [14, 6.5, 14.25, 9.5], "texture": "#texture"},
				"down": {"uv": [2, 9.5, 1.75, 6.5], "texture": "#texture"}
			}
		},
		{
			"from": [14, 5.75, 5],
			"to": [14.25, 9.75, 11],
			"faces": {
				"north": {"uv": [1.75, 6.25, 2, 10.25], "texture": "#texture"},
				"east": {"uv": [5, 6.25, 11, 10.25], "texture": "#texture"},
				"south": {"uv": [14, 6.25, 14.25, 10.25], "texture": "#texture"},
				"west": {"uv": [5, 6.25, 11, 10.25], "texture": "#texture"},
				"up": {"uv": [14, 5, 14.25, 11], "texture": "#texture"},
				"down": {"uv": [2, 11, 1.75, 5], "texture": "#texture"}
			}
		},
		{
			"from": [14, 4.75, 6],
			"to": [14.25, 10.75, 10],
			"faces": {
				"north": {"uv": [1.75, 5.25, 2, 11.25], "texture": "#texture"},
				"east": {"uv": [6, 5.25, 10, 11.25], "texture": "#texture"},
				"south": {"uv": [14, 5.25, 14.25, 11.25], "texture": "#texture"},
				"west": {"uv": [6, 5.25, 10, 11.25], "texture": "#texture"},
				"up": {"uv": [14, 6, 14.25, 10], "texture": "#texture"},
				"down": {"uv": [2, 10, 1.75, 6], "texture": "#texture"}
			}
		},
		{
			"from": [14, 5.25, 5.25],
			"to": [14.25, 10.25, 10.75],
			"faces": {
				"north": {"uv": [1.75, 5.75, 2, 10.75], "texture": "#texture"},
				"east": {"uv": [5.25, 5.75, 10.75, 10.75], "texture": "#texture"},
				"south": {"uv": [14, 5.75, 14.25, 10.75], "texture": "#texture"},
				"west": {"uv": [5.25, 5.75, 10.75, 10.75], "texture": "#texture"},
				"up": {"uv": [14, 5.25, 14.25, 10.75], "texture": "#texture"},
				"down": {"uv": [2, 10.75, 1.75, 5.25], "texture": "#texture"}
			}
		},
		{
			"from": [14, 5, 5.5],
			"to": [14.25, 10.5, 10.5],
			"faces": {
				"north": {"uv": [1.75, 5.5, 2, 11], "texture": "#texture"},
				"east": {"uv": [5.5, 5.5, 10.5, 11], "texture": "#texture"},
				"south": {"uv": [14, 5.5, 14.25, 11], "texture": "#texture"},
				"west": {"uv": [5.5, 5.5, 10.5, 11], "texture": "#texture"},
				"up": {"uv": [14, 5.5, 14.25, 10.5], "texture": "#texture"},
				"down": {"uv": [2, 10.5, 1.75, 5.5], "texture": "#texture"}
			}
		},
		{
			"from": [14.25, 9.75, 7.5],
			"to": [19.75, 10.75, 8.5],
			"rotation": {"angle": 0, "axis": "y", "origin": [0, -0.5, 0]},
			"faces": {
				"north": {"uv": [0, 4.75, 1.75, 5.75], "texture": "#texture"},
				"east": {"uv": [7.5, 4.75, 8.5, 5.75], "texture": "#texture"},
				"south": {"uv": [14.25, 4.75, 16, 5.75], "texture": "#texture"},
				"west": {"uv": [7.5, 4.75, 8.5, 5.75], "texture": "#texture"},
				"up": {"uv": [14.25, 7.5, 16, 8.5], "texture": "#texture"},
				"down": {"uv": [1.75, 8.5, 0, 7.5], "texture": "#texture"}
			}
		},
		{
			"from": [19.75, 9.5, 7],
			"to": [26.25, 11, 9],
			"rotation": {"angle": 0, "axis": "y", "origin": [0, -0.5, 0]},
			"faces": {
				"north": {"uv": [0, 4.5, 0, 6], "texture": "#sandstone smooth"},
				"east": {"uv": [7, 4.5, 9, 6], "texture": "#sandstone smooth"},
				"south": {"uv": [16, 4.5, 16, 6], "texture": "#sandstone smooth"},
				"west": {"uv": [7, 4.5, 9, 6], "texture": "#sandstone smooth"},
				"up": {"uv": [16, 7, 16, 9], "texture": "#sandstone smooth"},
				"down": {"uv": [0, 9, 0, 7], "texture": "#sandstone smooth"}
			}
		},
		{
			"from": [26, 7.75, 7],
			"to": [26.25, 9.5, 9],
			"rotation": {"angle": 0, "axis": "y", "origin": [0, -0.5, 0]},
			"faces": {
				"north": {"uv": [0, 6, 0, 7.75], "texture": "#sandstone smooth"},
				"east": {"uv": [7, 6, 9, 7.75], "texture": "#sandstone smooth"},
				"south": {"uv": [16, 6, 16, 7.75], "texture": "#sandstone smooth"},
				"west": {"uv": [7, 6, 9, 7.75], "texture": "#sandstone smooth"},
				"up": {"uv": [16, 7, 16, 9], "texture": "#sandstone smooth"},
				"down": {"uv": [0, 9, 0, 7], "texture": "#sandstone smooth"}
			}
		},
		{
			"from": [26, 7.5, 7.25],
			"to": [26.25, 8.25, 8.75],
			"faces": {
				"north": {"uv": [0, 7.75, 0, 8.5], "texture": "#sandstone smooth"},
				"east": {"uv": [7.25, 7.75, 8.75, 8.5], "texture": "#sandstone smooth"},
				"south": {"uv": [16, 7.75, 16, 8.5], "texture": "#sandstone smooth"},
				"west": {"uv": [7.25, 7.75, 8.75, 8.5], "texture": "#sandstone smooth"},
				"up": {"uv": [16, 7.25, 16, 8.75], "texture": "#sandstone smooth"},
				"down": {"uv": [0, 8.75, 0, 7.25], "texture": "#sandstone smooth"}
			}
		},
		{
			"from": [22.75, 7.75, 7.25],
			"to": [26, 9.5, 8.75],
			"rotation": {"angle": 0, "axis": "y", "origin": [0, -0.5, 0]},
			"faces": {
				"north": {"uv": [0, 6, 0, 7.75], "texture": "#sandstone smooth"},
				"east": {"uv": [7.25, 6, 8.75, 7.75], "texture": "#sandstone smooth"},
				"south": {"uv": [16, 6, 16, 7.75], "texture": "#sandstone smooth"},
				"west": {"uv": [7.25, 6, 8.75, 7.75], "texture": "#sandstone smooth"},
				"up": {"uv": [16, 7.25, 16, 8.75], "texture": "#sandstone smooth"},
				"down": {"uv": [0, 8.75, 0, 7.25], "texture": "#sandstone smooth"}
			}
		},
		{
			"from": [23, 8.3125, 7.5],
			"to": [26.5, 9.0625, 8.5],
			"rotation": {"angle": -22.5, "axis": "z", "origin": [23, 9.0625, 7.5]},
			"faces": {
				"north": {"uv": [0, 7.75, 0, 8.75], "texture": "#sandstone smooth"},
				"east": {"uv": [7.5, 7.75, 8.5, 8.75], "texture": "#sandstone smooth"},
				"south": {"uv": [16, 7.75, 16, 8.75], "texture": "#sandstone smooth"},
				"west": {"uv": [7.5, 7.75, 8.5, 8.75], "texture": "#sandstone smooth"},
				"up": {"uv": [16, 7.5, 16, 8.5], "texture": "#sandstone smooth"},
				"down": {"uv": [0, 8.5, 0, 7.5], "texture": "#sandstone smooth"}
			}
		},
		{
			"from": [21.25, 9.25, 7.5],
			"to": [23.5, 10.75, 8.5],
			"rotation": {"angle": -22.5, "axis": "z", "origin": [21.25, 10.75, 7.5]},
			"faces": {
				"north": {"uv": [0, 6, 0, 7.5], "texture": "#texture"},
				"east": {"uv": [7.5, 6, 8.5, 7.5], "texture": "#texture"},
				"south": {"uv": [16, 6, 16, 7.5], "texture": "#texture"},
				"west": {"uv": [7.5, 6, 8.5, 7.5], "texture": "#texture"},
				"up": {"uv": [16, 7.5, 16, 8.5], "texture": "#texture"},
				"down": {"uv": [0, 8.5, 0, 7.5], "texture": "#texture"}
			}
		},
		{
			"from": [13.875, 9.625, 6.75],
			"to": [18.625, 10.125, 9.25],
			"rotation": {"angle": -22.5, "axis": "z", "origin": [13.875, 10.125, 6.75]},
			"faces": {
				"north": {"uv": [0, 6.25, 1.75, 6.75], "texture": "#sandstone smooth"},
				"east": {"uv": [6.5, 6.25, 9.5, 6.75], "texture": "#sandstone smooth"},
				"south": {"uv": [13.75, 6.25, 15.5, 6.75], "texture": "#sandstone smooth"},
				"west": {"uv": [6.5, 6.25, 9.5, 6.75], "texture": "#sandstone smooth"},
				"up": {"uv": [13.75, 6.5, 15.5, 9.5], "texture": "#sandstone smooth"},
				"down": {"uv": [1.75, 9.5, 0, 6.5], "texture": "#sandstone smooth"}
			}
		},
		{
			"from": [14.25, 7.25, 6.75],
			"to": [18.25, 8.25, 9.25],
			"faces": {
				"north": {"uv": [0, 7.75, 4, 8.75], "texture": "#sandstone smooth"},
				"east": {"uv": [6.75, 7.75, 9.25, 8.75], "texture": "#sandstone smooth"},
				"south": {"uv": [12, 7.75, 16, 8.75], "texture": "#sandstone smooth"},
				"west": {"uv": [6.75, 7.75, 9.25, 8.75], "texture": "#sandstone smooth"},
				"up": {"uv": [12, 6.75, 16, 9.25], "texture": "#sandstone smooth"},
				"down": {"uv": [0, 6.75, 4, 9.25], "texture": "#sandstone smooth"}
			}
		},
		{
			"from": [16.25, 3.25, 7.25],
			"to": [18, 7.5, 8.75],
			"rotation": {"angle": 22.5, "axis": "z", "origin": [16.25, 7.5, 7.25]},
			"faces": {
				"north": {"uv": [0, 9.5, 0, 13.75], "texture": "#texture"},
				"east": {"uv": [7, 9.5, 8.75, 13.75], "texture": "#texture"},
				"south": {"uv": [16, 9.5, 16, 13.75], "texture": "#texture"},
				"west": {"uv": [7.25, 9.5, 9, 13.75], "texture": "#texture"},
				"up": {"uv": [16, 7.25, 16, 9], "texture": "#texture"},
				"down": {"uv": [0, 9, 0, 7.25], "texture": "#texture"}
			}
		},
		{
			"from": [14.25, 5.75, 7.75],
			"to": [16.25, 6, 8.25],
			"faces": {
				"north": {"uv": [0, 10, 1.75, 10.25], "texture": "#texture"},
				"east": {"uv": [7.75, 10, 8.25, 10.25], "texture": "#texture"},
				"south": {"uv": [14.25, 10, 16, 10.25], "texture": "#texture"},
				"west": {"uv": [7.75, 10, 8.25, 10.25], "texture": "#texture"},
				"up": {"uv": [14.25, 7.75, 16, 8.25], "texture": "#texture"},
				"down": {"uv": [1.75, 8.25, 0, 7.75], "texture": "#texture"}
			}
		},
		{
			"from": [16.125, 5.6875, 7.75],
			"to": [17.125, 5.9375, 8.25],
			"rotation": {"angle": 45, "axis": "z", "origin": [16.125, 5.9375, 7.75]},
			"faces": {
				"north": {"uv": [0, 10.25, 0, 10.5], "texture": "#texture"},
				"east": {"uv": [7.75, 10.25, 8.25, 10.5], "texture": "#texture"},
				"south": {"uv": [16, 10.25, 16, 10.5], "texture": "#texture"},
				"west": {"uv": [7.75, 10.25, 8.25, 10.5], "texture": "#texture"},
				"up": {"uv": [16, 7.75, 16, 8.25], "texture": "#texture"},
				"down": {"uv": [0, 8.25, 0, 7.75], "texture": "#texture"}
			}
		},
		{
			"from": [16.05, 6.45, 7.75],
			"to": [16.3, 7.7, 8.25],
			"rotation": {"angle": -22.5, "axis": "z", "origin": [15.75, 7.5, 7.75]},
			"faces": {
				"north": {"uv": [8, 0, 8.25, 1.25], "texture": "#texture"},
				"east": {"uv": [7.5, 0, 8.5, 1.25], "texture": "#texture"},
				"south": {"uv": [7.75, 0, 8, 1.25], "texture": "#texture"},
				"west": {"uv": [7.5, 0, 8.5, 1.25], "texture": "#texture"},
				"up": {"uv": [7.75, 7.5, 8, 8.5], "texture": "#texture"},
				"down": {"uv": [8.25, 8.5, 8, 7.5], "texture": "#texture"}
			}
		},
		{
			"from": [14.25, 8.25, 6.75],
			"to": [17, 8.5, 9.25],
			"faces": {
				"north": {"uv": [0, 7.5, 1.75, 7.75], "texture": "#sandstone smooth"},
				"east": {"uv": [6.75, 7.5, 9.25, 7.75], "texture": "#sandstone smooth"},
				"south": {"uv": [13.25, 7.5, 15, 7.75], "texture": "#sandstone smooth"},
				"west": {"uv": [6.75, 7.5, 9.25, 7.75], "texture": "#sandstone smooth"},
				"up": {"uv": [13.25, 6.75, 15, 9.25], "texture": "#sandstone smooth"},
				"down": {"uv": [1.75, 9.25, 0, 6.75], "texture": "#sandstone smooth"}
			}
		},
		{
			"from": [14.25, 8.5, 6.75],
			"to": [16.5, 8.75, 9.25],
			"faces": {
				"north": {"uv": [0, 7.25, 1.75, 7.5], "texture": "#sandstone smooth"},
				"east": {"uv": [6.75, 7.25, 9.25, 7.5], "texture": "#sandstone smooth"},
				"south": {"uv": [13.25, 7.25, 15, 7.5], "texture": "#sandstone smooth"},
				"west": {"uv": [6.75, 7.25, 9.25, 7.5], "texture": "#sandstone smooth"},
				"up": {"uv": [13.25, 6.75, 15, 9.25], "texture": "#sandstone smooth"},
				"down": {"uv": [1.75, 9.25, 0, 6.75], "texture": "#sandstone smooth"}
			}
		},
		{
			"from": [14.25, 8.75, 6.75],
			"to": [16, 9, 9.25],
			"faces": {
				"north": {"uv": [0, 7, 1.75, 7.25], "texture": "#sandstone smooth"},
				"east": {"uv": [6.5, 7, 9, 7.25], "texture": "#sandstone smooth"},
				"south": {"uv": [13.25, 7, 15, 7.25], "texture": "#sandstone smooth"},
				"west": {"uv": [6.75, 7, 9.25, 7.25], "texture": "#sandstone smooth"},
				"up": {"uv": [13.25, 6.75, 15, 9.25], "texture": "#sandstone smooth"},
				"down": {"uv": [1.75, 9.25, 0, 6.75], "texture": "#sandstone smooth"}
			}
		},
		{
			"from": [14.25, 9, 6.75],
			"to": [15.25, 9.25, 9.25],
			"faces": {
				"north": {"uv": [0.75, 6.75, 1.75, 7], "texture": "#sandstone smooth"},
				"east": {"uv": [6.75, 6.75, 9.25, 7], "texture": "#sandstone smooth"},
				"south": {"uv": [14, 6.75, 15, 7], "texture": "#sandstone smooth"},
				"west": {"uv": [6.75, 6.75, 9.25, 7], "texture": "#sandstone smooth"},
				"up": {"uv": [14, 6.75, 15, 9.25], "texture": "#sandstone smooth"},
				"down": {"uv": [1.75, 9.25, 0.75, 6.75], "texture": "#sandstone smooth"}
			}
		},
		{
			"from": [14.25, 9.25, 6.75],
			"to": [15, 9.5, 9.25],
			"faces": {
				"north": {"uv": [1, 6.5, 1.75, 6.75], "texture": "#sandstone smooth"},
				"east": {"uv": [6.75, 6.5, 9.25, 6.75], "texture": "#sandstone smooth"},
				"south": {"uv": [14.25, 6.5, 15, 6.75], "texture": "#sandstone smooth"},
				"west": {"uv": [6.75, 6.5, 9.25, 6.75], "texture": "#sandstone smooth"},
				"up": {"uv": [14.25, 6.75, 15, 9.25], "texture": "#sandstone smooth"},
				"down": {"uv": [1.75, 9.25, 1, 6.75], "texture": "#sandstone smooth"}
			}
		},
		{
			"from": [9.25, 12.25, 7.5],
			"to": [12.25, 12.5, 8.5],
			"faces": {
				"north": {"uv": [3.75, 3.5, 6.75, 3.75], "texture": "#texture"},
				"east": {"uv": [7.5, 3.5, 8.5, 3.75], "texture": "#texture"},
				"south": {"uv": [9.25, 3.5, 12.25, 3.75], "texture": "#texture"},
				"west": {"uv": [7.5, 3.5, 8.5, 3.75], "texture": "#texture"},
				"up": {"uv": [9.25, 7.5, 12.25, 8.5], "texture": "#texture"},
				"down": {"uv": [6.75, 8.5, 3.75, 7.5], "texture": "#texture"}
			}
		},
		{
			"from": [9.25, 12.5, 7.25],
			"to": [12.25, 12.75, 7.5],
			"faces": {
				"north": {"uv": [3.75, 3.25, 6.75, 3.5], "texture": "#texture"},
				"east": {"uv": [8.5, 3.25, 8.75, 3.5], "texture": "#texture"},
				"south": {"uv": [9.25, 3.25, 12.25, 3.5], "texture": "#texture"},
				"west": {"uv": [7.25, 3.25, 7.5, 3.5], "texture": "#texture"},
				"up": {"uv": [9.25, 7.25, 12.25, 7.5], "texture": "#texture"},
				"down": {"uv": [6.75, 7.5, 3.75, 7.25], "texture": "#texture"}
			}
		},
		{
			"from": [9.25, 12.5, 8.5],
			"to": [12.25, 12.75, 8.75],
			"faces": {
				"north": {"uv": [3.75, 3.25, 6.75, 3.5], "texture": "#texture"},
				"east": {"uv": [7.25, 3.25, 7.5, 3.5], "texture": "#texture"},
				"south": {"uv": [9.25, 3.25, 12.25, 3.5], "texture": "#texture"},
				"west": {"uv": [8.5, 3.25, 8.75, 3.5], "texture": "#texture"},
				"up": {"uv": [9.25, 8.5, 12.25, 8.75], "texture": "#texture"},
				"down": {"uv": [6.75, 8.75, 3.75, 8.5], "texture": "#texture"}
			}
		},
		{
			"from": [9.25, 12.75, 7],
			"to": [12.25, 13.75, 7.25],
			"faces": {
				"north": {"uv": [3.75, 2.25, 6.75, 3.25], "texture": "#texture"},
				"east": {"uv": [8.75, 2.25, 9, 3.25], "texture": "#texture"},
				"south": {"uv": [9.25, 2.25, 12.25, 3.25], "texture": "#texture"},
				"west": {"uv": [7, 2.25, 7.25, 3.25], "texture": "#texture"},
				"up": {"uv": [9.25, 7, 12.25, 7.25], "texture": "#texture"},
				"down": {"uv": [6.75, 7.25, 3.75, 7], "texture": "#texture"}
			}
		},
		{
			"from": [9.25, 12.75, 8.75],
			"to": [12.25, 13.75, 9],
			"faces": {
				"north": {"uv": [3.75, 2.25, 6.75, 3.25], "texture": "#texture"},
				"east": {"uv": [7, 2.25, 7.25, 3.25], "texture": "#texture"},
				"south": {"uv": [9.25, 2.25, 12.25, 3.25], "texture": "#texture"},
				"west": {"uv": [8.75, 2.25, 9, 3.25], "texture": "#texture"},
				"up": {"uv": [9.25, 8.75, 12.25, 9], "texture": "#texture"},
				"down": {"uv": [6.75, 9, 3.75, 8.75], "texture": "#texture"}
			}
		},
		{
			"from": [9.25, 13.75, 7.25],
			"to": [12.25, 14, 7.5],
			"faces": {
				"north": {"uv": [3.75, 2, 6.75, 2.25], "texture": "#texture"},
				"east": {"uv": [8.5, 2, 8.75, 2.25], "texture": "#texture"},
				"south": {"uv": [9.25, 2, 12.25, 2.25], "texture": "#texture"},
				"west": {"uv": [7.25, 2, 7.5, 2.25], "texture": "#texture"},
				"up": {"uv": [9.25, 7.25, 12.25, 7.5], "texture": "#texture"},
				"down": {"uv": [6.75, 7.5, 3.75, 7.25], "texture": "#texture"}
			}
		},
		{
			"from": [9.25, 13.75, 8.5],
			"to": [12.25, 14, 8.75],
			"faces": {
				"north": {"uv": [3.75, 2, 6.75, 2.25], "texture": "#texture"},
				"east": {"uv": [7.25, 2, 7.5, 2.25], "texture": "#texture"},
				"south": {"uv": [9.25, 2, 12.25, 2.25], "texture": "#texture"},
				"west": {"uv": [8.5, 2, 8.75, 2.25], "texture": "#texture"},
				"up": {"uv": [9.25, 8.5, 12.25, 8.75], "texture": "#texture"},
				"down": {"uv": [6.75, 8.75, 3.75, 8.5], "texture": "#texture"}
			}
		},
		{
			"from": [9.25, 14, 7.5],
			"to": [12.25, 14.25, 8.5],
			"faces": {
				"north": {"uv": [3.75, 1.75, 6.75, 2], "texture": "#texture"},
				"east": {"uv": [7.5, 1.75, 8.5, 2], "texture": "#texture"},
				"south": {"uv": [9.25, 1.75, 12.25, 2], "texture": "#texture"},
				"west": {"uv": [7.5, 1.75, 8.5, 2], "texture": "#texture"},
				"up": {"uv": [9.25, 7.5, 12.25, 8.5], "texture": "#texture"},
				"down": {"uv": [6.75, 8.5, 3.75, 7.5], "texture": "#texture"}
			}
		},
		{
			"from": [9.5, 11.75, 7.5],
			"to": [12, 12.25, 8.5],
			"faces": {
				"north": {"uv": [4, 3.75, 6.5, 4.25], "texture": "#texture"},
				"east": {"uv": [7.5, 3.75, 8.5, 4.25], "texture": "#texture"},
				"south": {"uv": [9.5, 3.75, 12, 4.25], "texture": "#texture"},
				"west": {"uv": [7.5, 3.75, 8.5, 4.25], "texture": "#texture"},
				"up": {"uv": [9.5, 7.5, 12, 8.5], "texture": "#texture"},
				"down": {"uv": [6.5, 8.5, 4, 7.5], "texture": "#texture"}
			}
		},
		{
			"from": [1.75, 3.75, 7.5],
			"to": [2.75, 4, 8.5],
			"faces": {
				"north": {"uv": [13.25, 12, 14.25, 12.25], "texture": "#texture"},
				"east": {"uv": [7.5, 12, 8.5, 12.25], "texture": "#texture"},
				"south": {"uv": [1.75, 12, 2.75, 12.25], "texture": "#texture"},
				"west": {"uv": [7.5, 12, 8.5, 12.25], "texture": "#texture"},
				"up": {"uv": [1.75, 7.5, 2.75, 8.5], "texture": "#texture"},
				"down": {"uv": [14.25, 8.5, 13.25, 7.5], "texture": "#texture"}
			}
		},
		{
			"from": [10.25, 14.25, 7.5],
			"to": [11.25, 14.75, 8.5],
			"faces": {
				"north": {"uv": [4.75, 1.25, 5.75, 1.75], "texture": "#texture"},
				"east": {"uv": [7.5, 1.25, 8.5, 1.75], "texture": "#texture"},
				"south": {"uv": [10.25, 1.25, 11.25, 1.75], "texture": "#texture"},
				"west": {"uv": [7.5, 1.25, 8.5, 1.75], "texture": "#texture"},
				"up": {"uv": [10.25, 7.5, 11.25, 8.5], "texture": "#texture"},
				"down": {"uv": [5.75, 8.5, 4.75, 7.5], "texture": "#texture"}
			}
		}
	],
	"display": {
		"thirdperson_righthand": {
			"rotation": [0, -90, 0],
			"translation": [0, 0.75, -5.5],
			"scale": [0.85, 0.85, 0.85]
		},
		"thirdperson_lefthand": {
			"rotation": [0, 90, 0],
			"translation": [0, 0.75, -5.5],
			"scale": [0.85, 0.85, 0.85]
		},
		"firstperson_righthand": {
			"rotation": [0, -90, 0],
			"translation": [0, 2, -7.75]
		},
		"firstperson_lefthand": {
			"rotation": [0, 90, 0],
			"translation": [0, 2, -7.75]
		},
		"gui": {
			"rotation": [0, 0, -45],
			"translation": [-2.5, 1.5, 0],
			"scale": [0.74, 0.74, 0.74]
		},
		"fixed": {
			"rotation": [0, 180, -45],
			"translation": [3.4, 2.25, -1.1],
			"scale": [1.05, 1.05, 1.05]
		}
	}
}