{
	"credit": "Made by SrDarmith - YouTube: Mainclay",
	"textures": {
		"texture": "blocks/anvil 1",
		"glass black": "blocks/glass block"
	},
	"elements": [
		{
			"from": [3, 1, 7.5],
			"to": [13, 19, 8.5],
			"faces": {
				"north": {"uv": [3, 0, 13, 15], "texture": "#texture", "cullface": "up"},
				"east": {"uv": [7.5, 0, 8.5, 15], "texture": "#texture", "cullface": "up"},
				"south": {"uv": [3, 0, 13, 15], "texture": "#texture", "cullface": "up"},
				"west": {"uv": [7.5, 0, 8.5, 15], "texture": "#texture", "cullface": "up"},
				"up": {"uv": [3, 7.5, 13, 8.5], "texture": "#texture", "cullface": "up"}
			}
		},
		{
			"from": [12.6, 1, 7.5875],
			"to": [14.5, 26, 8.6125],
			"rotation": {"angle": 22.5, "axis": "y", "origin": [12.5, 1, 7.5625]},
			"faces": {
				"north": {"uv": [1, 1, 3, 15], "texture": "#texture", "cullface": "up"},
				"east": {"uv": [7.5, 1, 8.5, 15], "texture": "#texture", "cullface": "up"},
				"south": {"uv": [13, 1, 15, 15], "texture": "#texture", "cullface": "up"},
				"west": {"uv": [7.5, 1, 8.5, 15], "texture": "#texture", "cullface": "up"},
				"up": {"uv": [13, 7.5, 15, 8.5], "texture": "#texture", "cullface": "up"},
				"down": {"uv": [3, 8.5, 1, 7.5], "texture": "#texture", "cullface": "up"}
			}
		},
		{
			"from": [1.69519, 1, 6.8125],
			"to": [3.54519, 26, 7.8625],
			"rotation": {"angle": -22.5, "axis": "y", "origin": [1.69519, 1, 6.8125]},
			"faces": {
				"north": {"uv": [13, 1, 15, 15], "texture": "#texture", "cullface": "up"},
				"east": {"uv": [7.5, 1, 8.5, 15], "texture": "#texture", "cullface": "up"},
				"south": {"uv": [1, 1, 3, 15], "texture": "#texture", "cullface": "up"},
				"west": {"uv": [7.5, 1, 8.5, 15], "texture": "#texture", "cullface": "up"},
				"up": {"uv": [1, 7.5, 3, 8.5], "texture": "#texture", "cullface": "up"},
				"down": {"uv": [15, 8.5, 13, 7.5], "texture": "#texture", "cullface": "up"}
			}
		},
		{
			"from": [14.25, 0, 6.55],
			"to": [15, 27, 8.25],
			"faces": {
				"north": {"uv": [1, 0, 1.75, 16], "texture": "#texture"},
				"east": {"uv": [7.75, 0, 9.25, 16], "texture": "#texture"},
				"south": {"uv": [14.25, 0, 15, 16], "texture": "#texture"},
				"west": {"uv": [6.75, 0, 8.25, 16], "texture": "#texture"},
				"up": {"uv": [14.25, 6.75, 15, 8.25], "texture": "#texture"},
				"down": {"uv": [1.75, 8.25, 1, 6.75], "texture": "#texture", "cullface": "down"}
			}
		},
		{
			"from": [1, 0, 6.55],
			"to": [1.75, 27, 8.25],
			"faces": {
				"north": {"uv": [1, 0, 1.75, 16], "texture": "#texture"},
				"east": {"uv": [7.75, 0, 9.25, 16], "texture": "#texture"},
				"south": {"uv": [14.25, 0, 15, 16], "texture": "#texture"},
				"west": {"uv": [6.75, 0, 8.25, 16], "texture": "#texture"},
				"up": {"uv": [14.25, 6.75, 15, 8.25], "texture": "#texture"},
				"down": {"uv": [1.75, 8.25, 1, 6.75], "texture": "#texture", "cullface": "down"}
			}
		},
		{
			"from": [3, 26, 7.3],
			"to": [13, 27, 9],
			"faces": {
				"north": {"uv": [3, 0, 13, 0], "texture": "#texture", "cullface": "up"},
				"east": {"uv": [7, 0, 8.5, 0], "texture": "#texture", "cullface": "up"},
				"south": {"uv": [3, 0, 13, 0], "texture": "#texture", "cullface": "up"},
				"west": {"uv": [7.5, 0, 9, 0], "texture": "#texture", "cullface": "up"},
				"up": {"uv": [3, 7.5, 13, 9], "texture": "#texture", "cullface": "up"},
				"down": {"uv": [13, 9, 3, 7.5], "texture": "#texture", "cullface": "up"}
			}
		},
		{
			"from": [12.425, 26, 7.4],
			"to": [14.5, 27, 9.075],
			"rotation": {"angle": 22.5, "axis": "y", "origin": [12.5, 26, 7.625]},
			"faces": {
				"north": {"uv": [1.75, 15, 3.5, 16], "texture": "#texture", "cullface": "up"},
				"east": {"uv": [6.75, 15, 8.25, 16], "texture": "#texture", "cullface": "up"},
				"south": {"uv": [1.75, 15, 3.5, 16], "texture": "#texture", "cullface": "up"},
				"west": {"uv": [6.75, 15, 8.25, 16], "texture": "#texture", "cullface": "up"},
				"up": {"uv": [1.75, 6.75, 3.5, 8.25], "texture": "#texture", "cullface": "up"},
				"down": {"uv": [1.75, 6.75, 3.5, 8.25], "texture": "#texture", "cullface": "up"}
			}
		},
		{
			"from": [1.699, 0, 6.625],
			"to": [3.774, 1, 8.325],
			"rotation": {"angle": -22.5, "axis": "y", "origin": [1.699, 0, 6.75]},
			"faces": {
				"north": {"uv": [1.75, 15, 3.5, 16], "texture": "#texture", "cullface": "up"},
				"east": {"uv": [6.75, 15, 8.25, 16], "texture": "#texture", "cullface": "up"},
				"south": {"uv": [1.75, 15, 3.5, 16], "texture": "#texture", "cullface": "up"},
				"west": {"uv": [6.75, 15, 8.25, 16], "texture": "#texture", "cullface": "up"},
				"up": {"uv": [1.75, 6.75, 3.5, 8.25], "texture": "#texture", "cullface": "up"},
				"down": {"uv": [1.75, 6.75, 3.5, 8.25], "texture": "#texture", "cullface": "up"}
			}
		},
		{
			"from": [3, 0, 7.3],
			"to": [13, 1, 9],
			"rotation": {"angle": 0, "axis": "y", "origin": [0, -26, 0]},
			"faces": {
				"north": {"uv": [3, 0, 13, 0], "texture": "#texture", "cullface": "up"},
				"east": {"uv": [7, 0, 8.5, 0], "texture": "#texture", "cullface": "up"},
				"south": {"uv": [3, 0, 13, 0], "texture": "#texture", "cullface": "up"},
				"west": {"uv": [7.5, 0, 9, 0], "texture": "#texture", "cullface": "up"},
				"up": {"uv": [3, 7.5, 13, 9], "texture": "#texture", "cullface": "up"},
				"down": {"uv": [13, 9, 3, 7.5], "texture": "#texture", "cullface": "up"}
			}
		},
		{
			"from": [12.425, 0, 7.4],
			"to": [14.5, 1, 9.075],
			"rotation": {"angle": 22.5, "axis": "y", "origin": [12.5, 0, 7.625]},
			"faces": {
				"north": {"uv": [1.75, 15, 3.5, 16], "texture": "#texture", "cullface": "up"},
				"east": {"uv": [6.75, 15, 8.25, 16], "texture": "#texture", "cullface": "up"},
				"south": {"uv": [1.75, 15, 3.5, 16], "texture": "#texture", "cullface": "up"},
				"west": {"uv": [6.75, 15, 8.25, 16], "texture": "#texture", "cullface": "up"},
				"up": {"uv": [1.75, 6.75, 3.5, 8.25], "texture": "#texture", "cullface": "up"},
				"down": {"uv": [1.75, 6.75, 3.5, 8.25], "texture": "#texture", "cullface": "up"}
			}
		},
		{
			"from": [3, 22.5, 7.5],
			"to": [13, 26, 8.5],
			"faces": {
				"north": {"uv": [3, 0, 13, 3.5], "texture": "#texture", "cullface": "up"},
				"east": {"uv": [7.5, 0, 8.5, 3.5], "texture": "#texture", "cullface": "up"},
				"south": {"uv": [3, 0, 13, 3.5], "texture": "#texture", "cullface": "up"},
				"west": {"uv": [7.5, 0, 8.5, 3.5], "texture": "#texture", "cullface": "up"},
				"down": {"uv": [3, 7.5, 13, 8.5], "texture": "#texture", "cullface": "up"}
			}
		},
		{
			"from": [3, 19, 7.5],
			"to": [3.9, 22.525, 8.5],
			"faces": {
				"north": {"uv": [3, 0, 4.25, 3.75], "texture": "#texture", "cullface": "up"},
				"east": {"uv": [7.5, 0, 8.5, 3.75], "texture": "#texture", "cullface": "up"},
				"south": {"uv": [3, 0, 4.25, 3.75], "texture": "#texture", "cullface": "up"},
				"west": {"uv": [7.5, 0, 8.5, 3.75], "texture": "#texture", "cullface": "up"},
				"up": {"uv": [3, 7.5, 4.25, 8.5], "texture": "#texture", "cullface": "up"}
			}
		},
		{
			"from": [12.2, 19, 7.5],
			"to": [13, 22.5, 8.5],
			"faces": {
				"north": {"uv": [12, 0, 13, 3.75], "texture": "#texture", "cullface": "up"},
				"east": {"uv": [7.5, 0, 8.5, 3.75], "texture": "#texture", "cullface": "up"},
				"south": {"uv": [12, 0, 13, 3.75], "texture": "#texture", "cullface": "up"},
				"west": {"uv": [7.5, 0, 8.5, 3.75], "texture": "#texture", "cullface": "up"},
				"up": {"uv": [12, 7.5, 13, 8.5], "texture": "#texture", "cullface": "up"}
			}
		},
		{
			"from": [4.4, 18.5, 8.5],
			"to": [11.7, 19, 9],
			"faces": {
				"east": {"uv": [7, 0, 7.5, 0], "texture": "#texture", "cullface": "up"},
				"south": {"uv": [5, 0, 11.25, 0], "texture": "#texture", "cullface": "up"},
				"west": {"uv": [8.5, 0, 9, 0], "texture": "#texture", "cullface": "up"},
				"up": {"uv": [5, 8.5, 11.25, 9], "texture": "#texture", "cullface": "up"},
				"down": {"uv": [11, 9, 4.75, 8.5], "texture": "#texture", "cullface": "up"}
			}
		},
		{
			"from": [4.4, 22.5, 8.5],
			"to": [11.7, 23, 9],
			"faces": {
				"east": {"uv": [7, 0, 7.5, 0], "texture": "#texture", "cullface": "up"},
				"south": {"uv": [5, 0, 11.25, 0], "texture": "#texture", "cullface": "up"},
				"west": {"uv": [8.5, 0, 9, 0], "texture": "#texture", "cullface": "up"},
				"up": {"uv": [5, 8.5, 11.25, 9], "texture": "#texture", "cullface": "up"},
				"down": {"uv": [11, 9, 4.75, 8.5], "texture": "#texture", "cullface": "up"}
			}
		},
		{
			"from": [3.9, 18.5, 7.3],
			"to": [4.4, 23, 9],
			"faces": {
				"north": {"uv": [11.5, 0, 12, 0], "texture": "#texture", "cullface": "up"},
				"east": {"uv": [7, 0, 8.5, 0], "texture": "#texture", "cullface": "up"},
				"south": {"uv": [4, 0, 4.5, 0], "texture": "#texture", "cullface": "up"},
				"west": {"uv": [7.5, 0, 9, 0], "texture": "#texture", "cullface": "up"},
				"up": {"uv": [4, 7.5, 4.5, 9], "texture": "#texture", "cullface": "up"},
				"down": {"uv": [12, 9, 11.5, 7.5], "texture": "#texture", "cullface": "up"}
			}
		},
		{
			"from": [11.7, 18.5, 7.3],
			"to": [12.2, 23, 9],
			"faces": {
				"north": {"uv": [11.5, 0, 12, 0], "texture": "#texture", "cullface": "up"},
				"east": {"uv": [7, 0, 8.5, 0], "texture": "#texture", "cullface": "up"},
				"south": {"uv": [4, 0, 4.5, 0], "texture": "#texture", "cullface": "up"},
				"west": {"uv": [7.5, 0, 9, 0], "texture": "#texture", "cullface": "up"},
				"up": {"uv": [4, 7.5, 4.5, 9], "texture": "#texture", "cullface": "up"},
				"down": {"uv": [12, 9, 11.5, 7.5], "texture": "#texture", "cullface": "up"}
			}
		},
		{
			"from": [4.4, 22.725, 7.3],
			"to": [11.7, 23, 7.5],
			"faces": {
				"north": {"uv": [11.5, 0, 12, 0], "texture": "#texture", "cullface": "up"},
				"east": {"uv": [7, 0, 8.5, 0], "texture": "#texture", "cullface": "up"},
				"south": {"uv": [4, 0, 4.5, 0], "texture": "#texture", "cullface": "up"},
				"west": {"uv": [7.5, 0, 9, 0], "texture": "#texture", "cullface": "up"},
				"up": {"uv": [4, 7.5, 4.5, 9], "texture": "#texture", "cullface": "up"},
				"down": {"uv": [12, 9, 11.5, 7.5], "texture": "#texture", "cullface": "up"}
			}
		},
		{
			"from": [4.4, 18.5, 7.3],
			"to": [11.7, 18.775, 7.5],
			"faces": {
				"north": {"uv": [11.5, 0, 12, 0], "texture": "#texture", "cullface": "up"},
				"east": {"uv": [7, 0, 8.5, 0], "texture": "#texture", "cullface": "up"},
				"south": {"uv": [4, 0, 4.5, 0], "texture": "#texture", "cullface": "up"},
				"west": {"uv": [7.5, 0, 9, 0], "texture": "#texture", "cullface": "up"},
				"up": {"uv": [4, 7.5, 4.5, 9], "texture": "#texture", "cullface": "up"},
				"down": {"uv": [12, 9, 11.5, 7.5], "texture": "#texture", "cullface": "up"}
			}
		},
		{
			"from": [1.699, 26, 6.625],
			"to": [3.774, 27, 8.325],
			"rotation": {"angle": -22.5, "axis": "y", "origin": [1.699, 26, 6.75]},
			"faces": {
				"north": {"uv": [1.75, 15, 3.5, 16], "texture": "#texture", "cullface": "up"},
				"east": {"uv": [6.75, 15, 8.25, 16], "texture": "#texture", "cullface": "up"},
				"south": {"uv": [1.75, 15, 3.5, 16], "texture": "#texture", "cullface": "up"},
				"west": {"uv": [6.75, 15, 8.25, 16], "texture": "#texture", "cullface": "up"},
				"up": {"uv": [1.75, 6.75, 3.5, 8.25], "texture": "#texture", "cullface": "up"},
				"down": {"uv": [1.75, 6.75, 3.5, 8.25], "texture": "#texture", "cullface": "up"}
			}
		},
		{
			"from": [7.625, 19, 7.75],
			"to": [8.375, 22.5, 8.25],
			"faces": {
				"north": {"uv": [2, 0, 5, 16], "texture": "#glass black", "cullface": "up"},
				"south": {"uv": [2, 0, 5, 16], "texture": "#glass black", "cullface": "up"}
			}
		},
		{
			"from": [4.375, 19, 7.75],
			"to": [7.625, 22.5, 8.25],
			"faces": {
				"north": {"uv": [1, 0, 16, 16], "texture": "#glass black", "cullface": "up"},
				"south": {"uv": [0, 0, 15, 16], "texture": "#glass black", "cullface": "up"},
				"west": {"uv": [3.25, 3.75, 7, 6.25], "texture": "#glass black", "cullface": "up"}
			}
		},
		{
			"from": [8.375, 19, 7.75],
			"to": [11.75, 22.5, 8.25],
			"faces": {
				"north": {"uv": [0, 0, 15, 16], "texture": "#glass black", "cullface": "up"},
				"east": {"uv": [3.75, 3.5, 5.75, 10.75], "texture": "#glass black", "cullface": "up"},
				"south": {"uv": [1, 0, 16, 16], "texture": "#glass black", "cullface": "up"}
			}
		},
		{
			"from": [4, 15.75, 3.5],
			"to": [5, 16.25, 7.5],
			"faces": {
				"north": {"uv": [11, 0, 12, 0.25], "texture": "#texture", "cullface": "up"},
				"east": {"uv": [8.5, 0, 12.5, 0.25], "texture": "#texture", "cullface": "up"},
				"west": {"uv": [3.5, 0, 7.5, 0.25], "texture": "#texture", "cullface": "up"},
				"up": {"uv": [4, 3.5, 5, 7.5], "texture": "#texture", "cullface": "up"},
				"down": {"uv": [12, 7.5, 11, 3.5], "texture": "#texture", "cullface": "up"}
			}
		},
		{
			"from": [4, 10.75, 3.5],
			"to": [5, 11.25, 7.5],
			"faces": {
				"north": {"uv": [11, 4.75, 12, 5.25], "texture": "#texture"},
				"east": {"uv": [8.5, 4.75, 12.5, 5.25], "texture": "#texture"},
				"west": {"uv": [3.5, 4.75, 7.5, 5.25], "texture": "#texture"},
				"up": {"uv": [4, 3.5, 5, 7.5], "texture": "#texture"},
				"down": {"uv": [12, 7.5, 11, 3.5], "texture": "#texture"}
			}
		},
		{
			"from": [11, 15.75, 3.5],
			"to": [12, 16.25, 7.5],
			"faces": {
				"north": {"uv": [4, 0, 5, 0.25], "texture": "#texture", "cullface": "up"},
				"east": {"uv": [8.5, 0, 12.5, 0.25], "texture": "#texture", "cullface": "up"},
				"west": {"uv": [3.5, 0, 7.5, 0.25], "texture": "#texture", "cullface": "up"},
				"up": {"uv": [11, 3.5, 12, 7.5], "texture": "#texture", "cullface": "up"},
				"down": {"uv": [5, 7.5, 4, 3.5], "texture": "#texture", "cullface": "up"}
			}
		},
		{
			"from": [11, 10.75, 3.5],
			"to": [12, 11.25, 7.5],
			"faces": {
				"north": {"uv": [4, 4.75, 5, 5.25], "texture": "#texture"},
				"east": {"uv": [8.5, 4.75, 12.5, 5.25], "texture": "#texture"},
				"west": {"uv": [3.5, 4.75, 7.5, 5.25], "texture": "#texture"},
				"up": {"uv": [11, 3.5, 12, 7.5], "texture": "#texture"},
				"down": {"uv": [5, 7.5, 4, 3.5], "texture": "#texture"}
			}
		},
		{
			"from": [4, 11.5, 2.75],
			"to": [5, 15.5, 3.25],
			"faces": {
				"north": {"uv": [11, 0.5, 12, 4.5], "texture": "#texture"},
				"east": {"uv": [12.75, 0.5, 13.25, 4.5], "texture": "#texture"},
				"south": {"uv": [4, 0.5, 5, 4.5], "texture": "#texture"},
				"west": {"uv": [2.75, 0.5, 3.25, 4.5], "texture": "#texture"},
				"up": {"uv": [4, 2.75, 5, 3.25], "texture": "#texture"},
				"down": {"uv": [12, 3.25, 11, 2.75], "texture": "#texture"}
			}
		},
		{
			"from": [11, 11.5, 2.75],
			"to": [12, 15.5, 3.25],
			"faces": {
				"north": {"uv": [4, 0.5, 5, 4.5], "texture": "#texture"},
				"east": {"uv": [12.75, 0.5, 13.25, 4.5], "texture": "#texture"},
				"south": {"uv": [11, 0.5, 12, 4.5], "texture": "#texture"},
				"west": {"uv": [2.75, 0.5, 3.25, 4.5], "texture": "#texture"},
				"up": {"uv": [11, 2.75, 12, 3.25], "texture": "#texture"},
				"down": {"uv": [5, 3.25, 4, 2.75], "texture": "#texture"}
			}
		},
		{
			"from": [4, 15.25, 3],
			"to": [5, 16, 3.75],
			"faces": {
				"north": {"uv": [11, 0, 12, 0.75], "texture": "#texture"},
				"east": {"uv": [12.25, 0, 13, 0.75], "texture": "#texture"},
				"south": {"uv": [4, 0, 5, 0.75], "texture": "#texture"},
				"west": {"uv": [3, 0, 3.75, 0.75], "texture": "#texture"},
				"up": {"uv": [4, 3, 5, 3.75], "texture": "#texture", "cullface": "up"},
				"down": {"uv": [12, 3.75, 11, 3], "texture": "#texture"}
			}
		},
		{
			"from": [11, 11, 3],
			"to": [12, 11.75, 3.75],
			"faces": {
				"north": {"uv": [4, 4.25, 5, 5], "texture": "#texture"},
				"east": {"uv": [12.25, 4.25, 13, 5], "texture": "#texture"},
				"south": {"uv": [11, 4.25, 12, 5], "texture": "#texture"},
				"west": {"uv": [3, 4.25, 3.75, 5], "texture": "#texture"},
				"up": {"uv": [11, 3, 12, 3.75], "texture": "#texture"},
				"down": {"uv": [5, 3.75, 4, 3], "texture": "#texture"}
			}
		},
		{
			"from": [4, 11, 3],
			"to": [5, 11.75, 3.75],
			"faces": {
				"north": {"uv": [11, 4.25, 12, 5], "texture": "#texture"},
				"east": {"uv": [12.25, 4.25, 13, 5], "texture": "#texture"},
				"south": {"uv": [4, 4.25, 5, 5], "texture": "#texture"},
				"west": {"uv": [3, 4.25, 3.75, 5], "texture": "#texture"},
				"up": {"uv": [4, 3, 5, 3.75], "texture": "#texture"},
				"down": {"uv": [12, 3.75, 11, 3], "texture": "#texture"}
			}
		},
		{
			"from": [11, 15.25, 3],
			"to": [12, 16, 3.75],
			"faces": {
				"north": {"uv": [4, 0, 5, 0.75], "texture": "#texture"},
				"east": {"uv": [12.25, 0, 13, 0.75], "texture": "#texture"},
				"south": {"uv": [11, 0, 12, 0.75], "texture": "#texture"},
				"west": {"uv": [3, 0, 3.75, 0.75], "texture": "#texture"},
				"up": {"uv": [11, 3, 12, 3.75], "texture": "#texture", "cullface": "up"},
				"down": {"uv": [5, 3.75, 4, 3], "texture": "#texture"}
			}
		}
	],
	"display": {
		"thirdperson_righthand": {
			"rotation": [45, 135, 0],
			"translation": [3.51, -5, -2]
		},
		"thirdperson_lefthand": {
			"rotation": [45, 135, 0],
			"translation": [3.51, -5, -2]
		},
		"firstperson_righthand": {
			"rotation": [0, 180, 0],
			"translation": [-9, -2, 5.5],
			"scale": [0.8, 0.8, 0.8]
		},
		"firstperson_lefthand": {
			"rotation": [0, 180, 0],
			"translation": [-9.1, -2, 5.5],
			"scale": [0.8, 0.8, 0.8]
		},
		"ground": {
			"scale": [0.5, 0.5, 0.5]
		},
		"gui": {
			"rotation": [4, -38, -7],
			"translation": [-0.5, -3.25, 0],
			"scale": [0.6, 0.57, 0.57]
		},
		"fixed": {
			"rotation": [0, 180, 45],
			"translation": [-3, -3, 0],
			"scale": [0.7, 0.7, 0.7]
		}
	}
}