{
	"credit": "Made by SrDarmith - YouTube: Mainclay",
	"textures": {
		"0": "blocks/anvil 1",
		"1": "blocks/hardened clay stained green",
		"2": "blocks/door iron lower",
		"particle": "blocks/anvil 1"
	},
	"elements": [
		{
			"name": "Element",
			"from": [-16, 10.25, 7.5],
			"to": [7, 10.75, 7.75],
			"faces": {
				"north": {"uv": [9, 5.25, 16, 5.75], "texture": "#0"},
				"east": {"uv": [8.25, 5.25, 8.5, 5.75], "texture": "#0"},
				"south": {"uv": [0, 5.25, 7, 5.75], "texture": "#0"},
				"west": {"uv": [7.5, 5.25, 7.75, 5.75], "texture": "#0", "cullface": "west"},
				"up": {"uv": [0, 7.5, 7, 7.75], "texture": "#0"},
				"down": {"uv": [16, 7.75, 9, 7.5], "texture": "#0"}
			}
		},
		{
			"name": "Element",
			"from": [0, 8.75, 7.25],
			"to": [14.75, 10.25, 8.75],
			"faces": {
				"north": {"uv": [1.25, 5.75, 16, 7.25], "texture": "#1"},
				"east": {"uv": [7.25, 5.75, 8.75, 7.25], "texture": "#1"},
				"south": {"uv": [0, 5.75, 14.75, 7.25], "texture": "#1"},
				"west": {"uv": [7.25, 5.75, 8.75, 7.25], "texture": "#1", "cullface": "west"},
				"up": {"uv": [0, 7.25, 14.75, 8.75], "texture": "#1"},
				"down": {"uv": [16, 8.75, 1.25, 7.25], "texture": "#1"}
			}
		},
		{
			"name": "Element",
			"from": [-16, 10, 7.75],
			"to": [0, 10.25, 8.25],
			"faces": {
				"north": {"uv": [16, 5.75, 16, 6], "texture": "#0"},
				"south": {"uv": [0, 5.75, 0, 6], "texture": "#0"},
				"west": {"uv": [7.75, 5.75, 8.25, 6], "texture": "#0", "cullface": "west"},
				"up": {"uv": [0, 7.75, 0, 8.25], "texture": "#0"},
				"down": {"uv": [16, 8.25, 16, 7.75], "texture": "#0"}
			}
		},
		{
			"name": "Element",
			"from": [-16, 10.75, 7.75],
			"to": [7, 11, 8.25],
			"faces": {
				"north": {"uv": [9, 5, 16, 5.25], "texture": "#0"},
				"south": {"uv": [0, 5, 7, 5.25], "texture": "#0"},
				"west": {"uv": [7.75, 5, 8.25, 5.25], "texture": "#0", "cullface": "west"},
				"up": {"uv": [0, 7.75, 7, 8.25], "texture": "#0"},
				"down": {"uv": [16, 8.25, 9, 7.75], "texture": "#0"}
			}
		},
		{
			"name": "Element",
			"from": [-16, 10.25, 8.25],
			"to": [7, 10.75, 8.5],
			"faces": {
				"north": {"uv": [9, 5.25, 16, 5.75], "texture": "#0"},
				"east": {"uv": [7.5, 5.25, 7.75, 5.75], "texture": "#0"},
				"south": {"uv": [0, 5.25, 7, 5.75], "texture": "#0"},
				"west": {"uv": [8.25, 5.25, 8.5, 5.75], "texture": "#0", "cullface": "west"},
				"up": {"uv": [0, 8.25, 7, 8.5], "texture": "#0"},
				"down": {"uv": [16, 8.5, 9, 8.25], "texture": "#0"}
			}
		},
		{
			"name": "Element",
			"from": [6.25, 8.5, 7.25],
			"to": [13.25, 8.75, 8.75],
			"faces": {
				"north": {"uv": [2.75, 7.25, 9.75, 7.5], "texture": "#1"},
				"south": {"uv": [6.25, 7.25, 13.25, 7.5], "texture": "#1"},
				"west": {"uv": [7.25, 7.25, 8.75, 7.5], "texture": "#1"},
				"down": {"uv": [9.75, 8.75, 2.75, 7.25], "texture": "#1"}
			}
		},
		{
			"name": "Element",
			"from": [5.75, 8.725, 7.25],
			"to": [8.325, 8.975, 8.75],
			"rotation": {"angle": -22.5, "axis": "z", "origin": [5.75, 9, 7.25]},
			"faces": {
				"north": {"uv": [4.25, 0, 8.5, 0.25], "texture": "#1"},
				"east": {"uv": [7.25, 0, 8.75, 0.25], "texture": "#1"},
				"south": {"uv": [7.5, 0, 11.75, 0.25], "texture": "#1"},
				"west": {"uv": [7.25, 0, 8.75, 0.25], "texture": "#1"},
				"up": {"uv": [7.5, 7.25, 11.75, 8.75], "texture": "#1"},
				"down": {"uv": [8.5, 8.75, 4.25, 7.25], "texture": "#1"}
			}
		},
		{
			"name": "Element",
			"from": [6.875, 8.25, 7.25],
			"to": [13.25, 8.5, 8.75],
			"faces": {
				"north": {"uv": [2.75, 7.5, 9, 7.75], "texture": "#1"},
				"east": {"uv": [7.25, 7.5, 8.75, 7.75], "texture": "#1"},
				"south": {"uv": [7, 7.5, 13.25, 7.75], "texture": "#1"},
				"west": {"uv": [7.25, 7.5, 8.75, 7.75], "texture": "#1"},
				"down": {"uv": [9, 8.75, 2.75, 7.25], "texture": "#1"}
			}
		},
		{
			"name": "Element",
			"from": [7.5, 8, 7.25],
			"to": [13.25, 8.25, 8.75],
			"faces": {
				"north": {"uv": [2.75, 7.75, 8.5, 8], "texture": "#1"},
				"east": {"uv": [7.25, 7.75, 8.75, 8], "texture": "#1"},
				"south": {"uv": [7.5, 7.75, 13.25, 8], "texture": "#1"},
				"west": {"uv": [7.25, 7.75, 8.75, 8], "texture": "#1"},
				"down": {"uv": [8.5, 8.75, 2.75, 7.25], "texture": "#1"}
			}
		},
		{
			"name": "Element",
			"from": [8.025, 7.75, 7.25],
			"to": [13.25, 8, 8.75],
			"faces": {
				"north": {"uv": [2.75, 8, 7.75, 8.25], "texture": "#1"},
				"east": {"uv": [7.25, 8, 8.75, 8.25], "texture": "#1"},
				"south": {"uv": [8.25, 8, 13.25, 8.25], "texture": "#1"},
				"west": {"uv": [7.25, 8, 8.75, 8.25], "texture": "#1"},
				"down": {"uv": [7.75, 8.75, 2.75, 7.25], "texture": "#1"}
			}
		},
		{
			"name": "Element",
			"from": [0, 10.25, 7.25],
			"to": [10, 10.5, 8.75],
			"faces": {
				"north": {"uv": [6, 5.5, 16, 5.75], "texture": "#1"},
				"east": {"uv": [7.25, 5.5, 8.75, 5.75], "texture": "#1"},
				"south": {"uv": [0, 5.5, 10, 5.75], "texture": "#1"},
				"west": {"uv": [7.25, 5.5, 8.75, 5.75], "texture": "#1", "cullface": "west"},
				"up": {"uv": [0, 7.25, 10, 8.75], "texture": "#1"}
			}
		},
		{
			"name": "Element",
			"from": [12.75, 10, 7.25],
			"to": [13.5, 10.5, 8.75],
			"faces": {
				"north": {"uv": [2.5, 5.5, 3.25, 6], "texture": "#1"},
				"east": {"uv": [7.25, 5.5, 8.75, 6], "texture": "#1"},
				"south": {"uv": [12.75, 5.5, 13.5, 6], "texture": "#1"},
				"west": {"uv": [7.25, 5.5, 8.75, 6], "texture": "#1"},
				"up": {"uv": [12.75, 7.25, 13.5, 8.75], "texture": "#1"},
				"down": {"uv": [3.25, 8.75, 2.5, 7.25], "texture": "#1"}
			}
		},
		{
			"name": "Element",
			"from": [10, 10.25, 8.5],
			"to": [12.75, 10.5, 8.75],
			"faces": {
				"north": {"uv": [3.25, 5.5, 6, 5.75], "texture": "#1"},
				"south": {"uv": [10, 5.5, 12.75, 5.75], "texture": "#1"},
				"up": {"uv": [10, 8.5, 12.75, 8.75], "texture": "#1"}
			}
		},
		{
			"name": "Element",
			"from": [7, 10.5, 7.5],
			"to": [10, 11, 8.5],
			"faces": {
				"north": {"uv": [6, 5, 9, 5.5], "texture": "#0"},
				"east": {"uv": [7.5, 5, 8.5, 5.5], "texture": "#0"},
				"south": {"uv": [7, 5, 10, 5.5], "texture": "#0"},
				"west": {"uv": [7.5, 5, 8.5, 5.5], "texture": "#0"},
				"up": {"uv": [7, 7.5, 10, 8.5], "texture": "#0"}
			}
		},
		{
			"name": "Element",
			"from": [10, 10.25, 7.75],
			"to": [12.75, 10.75, 8.25],
			"faces": {
				"north": {"uv": [3.25, 5.25, 6, 5.75], "texture": "#2"},
				"south": {"uv": [10, 5.25, 12.75, 5.75], "texture": "#2"},
				"west": {"uv": [7.75, 5.25, 8.25, 5.75], "texture": "#2"},
				"up": {"uv": [10, 7.75, 12.75, 8.25], "texture": "#2"}
			}
		},
		{
			"name": "Element",
			"from": [14.75, 8.75, 7],
			"to": [24.5, 10, 9],
			"faces": {
				"north": {"uv": [0, 6, 1.25, 7.25], "texture": "#1"},
				"south": {"uv": [14.75, 6, 16, 7.25], "texture": "#1"},
				"west": {"uv": [7, 6, 9, 7.25], "texture": "#1"},
				"up": {"uv": [14.75, 7, 16, 9], "texture": "#1"},
				"down": {"uv": [1.25, 9, 0, 7], "texture": "#1"}
			}
		},
		{
			"name": "Element",
			"from": [10, 10.5, 8],
			"to": [12.75, 11.25, 8.5],
			"faces": {
				"north": {"uv": [3.25, 4.75, 6, 5.5], "texture": "#0"},
				"east": {"uv": [7.5, 4.75, 8, 5.5], "texture": "#0"},
				"south": {"uv": [10, 4.75, 12.75, 5.5], "texture": "#0"},
				"west": {"uv": [8, 4.75, 8.5, 5.5], "texture": "#0"},
				"up": {"uv": [10, 8, 12.75, 8.5], "texture": "#0"},
				"down": {"uv": [6, 8.5, 3.25, 8], "texture": "#0"}
			}
		},
		{
			"name": "Element",
			"from": [12.75, 10, 7.5],
			"to": [15, 11, 8.5],
			"faces": {
				"north": {"uv": [1, 5, 3.25, 6], "texture": "#0"},
				"east": {"uv": [7.5, 5, 8.5, 6], "texture": "#0"},
				"south": {"uv": [12.75, 5, 15, 6], "texture": "#0"},
				"west": {"uv": [7.5, 5, 8.5, 6], "texture": "#0"},
				"up": {"uv": [12.75, 7.5, 15, 8.5], "texture": "#0"},
				"down": {"uv": [3.25, 8.5, 1, 7.5], "texture": "#0"}
			}
		},
		{
			"name": "Element",
			"from": [7.75, 11, 7.75],
			"to": [10, 11.25, 8.25],
			"faces": {
				"north": {"uv": [6, 4.75, 8.25, 5], "texture": "#0"},
				"east": {"uv": [7.75, 4.75, 8.25, 5], "texture": "#0"},
				"south": {"uv": [7.75, 4.75, 10, 5], "texture": "#0"},
				"west": {"uv": [7.75, 4.75, 8.25, 5], "texture": "#0"},
				"up": {"uv": [7.75, 7.75, 10, 8.25], "texture": "#0"}
			}
		},
		{
			"name": "Element",
			"from": [12.75, 11, 7.75],
			"to": [13.75, 11.25, 8.25],
			"faces": {
				"north": {"uv": [2.25, 4.75, 3.25, 5], "texture": "#0"},
				"east": {"uv": [7.75, 4.75, 8.25, 5], "texture": "#0"},
				"south": {"uv": [12.75, 4.75, 13.75, 5], "texture": "#0"},
				"west": {"uv": [7.75, 4.75, 8.25, 5], "texture": "#0"},
				"up": {"uv": [12.75, 7.75, 13.75, 8.25], "texture": "#0"}
			}
		},
		{
			"name": "Element",
			"from": [13.75, 9.75, 7.5],
			"to": [14.25, 10.75, 7.75],
			"rotation": {"angle": 45, "axis": "x", "origin": [13.75, 10.75, 7.5]},
			"faces": {
				"north": {"uv": [2.5, 5.25, 3, 7.75], "texture": "#0"},
				"east": {"uv": [9, 5.25, 9.25, 7.75], "texture": "#0"},
				"south": {"uv": [13, 5.25, 13.5, 7.75], "texture": "#0"},
				"west": {"uv": [6.75, 5.25, 7, 7.75], "texture": "#0"},
				"up": {"uv": [13, 6.75, 13.5, 7], "texture": "#0"},
				"down": {"uv": [3, 7, 2.5, 6.75], "texture": "#0"}
			}
		},
		{
			"name": "Element",
			"from": [13.5, 10.1, 2.125],
			"to": [14.5, 11.1, 3],
			"rotation": {"angle": 22.5, "axis": "x", "origin": [0, 0, 0]},
			"faces": {
				"north": {"uv": [1.5, 7, 2.5, 8], "texture": "#0"},
				"east": {"uv": [9, 7, 10, 8], "texture": "#0"},
				"south": {"uv": [13.5, 7, 14.5, 8], "texture": "#0"},
				"west": {"uv": [6, 7, 7, 8], "texture": "#0"},
				"up": {"uv": [13.5, 6, 14.5, 7], "texture": "#0"},
				"down": {"uv": [2.5, 7, 1.5, 6], "texture": "#0"}
			}
		},
		{
			"name": "Element",
			"from": [13.75, 8.325, 6.775],
			"to": [14.25, 10.075, 7.025],
			"rotation": {"angle": 22.5, "axis": "x", "origin": [13.75, 10, 6.75]},
			"faces": {
				"north": {"uv": [7.5, 0, 8.5, 1.75], "texture": "#0"},
				"east": {"uv": [8.25, 0, 8.5, 1.75], "texture": "#0"},
				"south": {"uv": [7.5, 0, 8.5, 1.75], "texture": "#0"},
				"west": {"uv": [7.5, 0, 7.75, 1.75], "texture": "#0"},
				"up": {"uv": [7.5, 7.5, 8.5, 7.75], "texture": "#0"},
				"down": {"uv": [8.5, 7.75, 7.5, 7.5], "texture": "#0"}
			}
		},
		{
			"name": "Element",
			"from": [13, 7.25, 7.5],
			"to": [13.25, 7.75, 8.5],
			"faces": {
				"north": {"uv": [2.75, 8.25, 3, 8.75], "texture": "#1"},
				"east": {"uv": [7.5, 8.25, 8.5, 8.75], "texture": "#1"},
				"south": {"uv": [13, 8.25, 13.25, 8.75], "texture": "#1"},
				"west": {"uv": [7.5, 8.25, 8.5, 8.75], "texture": "#1"},
				"down": {"uv": [3, 8.5, 2.75, 7.5], "texture": "#1"}
			}
		},
		{
			"name": "Element",
			"from": [13.25, 7.25, 7.5],
			"to": [13.5, 7.5, 8.5],
			"faces": {
				"north": {"uv": [2.5, 8.5, 2.75, 8.75], "texture": "#1"},
				"east": {"uv": [7.5, 8.5, 8.5, 8.75], "texture": "#1"},
				"south": {"uv": [13.25, 8.5, 13.5, 8.75], "texture": "#1"},
				"up": {"uv": [13.25, 7.5, 13.5, 8.5], "texture": "#1"}
			}
		},
		{
			"name": "Element",
			"from": [13.25, 7, 7.5],
			"to": [15, 7.25, 8.5],
			"faces": {
				"north": {"uv": [1, 8.75, 2.75, 9], "texture": "#1"},
				"east": {"uv": [7.5, 8.75, 8.5, 9], "texture": "#1"},
				"south": {"uv": [13.25, 8.75, 15, 9], "texture": "#1"},
				"west": {"uv": [7.5, 8.75, 8.5, 9], "texture": "#1"},
				"up": {"uv": [13.25, 7.5, 15, 8.5], "texture": "#1"},
				"down": {"uv": [2.75, 8.5, 1, 7.5], "texture": "#1"}
			}
		},
		{
			"name": "Element",
			"from": [14.75, 7.25, 7.5],
			"to": [15, 7.5, 8.5],
			"faces": {
				"north": {"uv": [1, 8.5, 1.25, 8.75], "texture": "#1"},
				"south": {"uv": [14.75, 8.5, 15, 8.75], "texture": "#1"},
				"west": {"uv": [7.5, 8.5, 8.5, 8.75], "texture": "#1"},
				"up": {"uv": [14.75, 7.5, 15, 8.5], "texture": "#1"}
			}
		},
		{
			"name": "Element",
			"from": [15, 7.25, 7.5],
			"to": [15.25, 8.5, 8.5],
			"faces": {
				"north": {"uv": [0.75, 7.5, 1, 8.75], "texture": "#1"},
				"south": {"uv": [15, 7.5, 15.25, 8.75], "texture": "#1"},
				"west": {"uv": [7.5, 7.5, 8.5, 8.75], "texture": "#1"},
				"down": {"uv": [1, 8.5, 0.75, 7.5], "texture": "#1"}
			}
		},
		{
			"name": "Element",
			"from": [15.25, 6.75, 7.5],
			"to": [16.5, 8.5, 8.5],
			"faces": {
				"north": {"uv": [0, 7.5, 0.75, 9.25], "texture": "#1"},
				"east": {"uv": [7.5, 7.5, 8.5, 9.25], "texture": "#1", "cullface": "east"},
				"south": {"uv": [15.25, 7.5, 16, 9.25], "texture": "#1"},
				"west": {"uv": [7.5, 7.5, 8.5, 9.25], "texture": "#1"},
				"down": {"uv": [0.75, 8.5, 0, 7.5], "texture": "#1"}
			}
		},
		{
			"name": "Element",
			"from": [15.5, 5.15, 7.5],
			"to": [16.75, 6.55, 8.5],
			"faces": {
				"north": {"uv": [0, 9.25, 0.5, 11.25], "texture": "#1"},
				"east": {"uv": [7.5, 9.25, 8.5, 11.25], "texture": "#1", "cullface": "east"},
				"south": {"uv": [15.5, 9.25, 16, 11.25], "texture": "#1"},
				"west": {"uv": [7.5, 9.25, 8.5, 11.25], "texture": "#1"},
				"up": {"uv": [15.5, 7.5, 16, 8.5], "texture": "#1"},
				"down": {"uv": [0.5, 8.5, 0, 7.5], "texture": "#1"}
			}
		},
		{
			"name": "Element",
			"from": [15.5, 6.75, 7.25],
			"to": [16.25, 8.5, 8.75],
			"faces": {
				"north": {"uv": [0, 7.5, 0.5, 9.25], "texture": "#1"},
				"east": {"uv": [7.25, 7.5, 8.75, 9.25], "texture": "#1", "cullface": "east"},
				"south": {"uv": [15.5, 7.5, 16, 9.25], "texture": "#1"},
				"west": {"uv": [7.25, 7.5, 8.75, 9.25], "texture": "#1"},
				"down": {"uv": [0.5, 8.75, 0, 7.25], "texture": "#1"}
			}
		},
		{
			"name": "Element",
			"from": [13.25, 8.5, 7.25],
			"to": [16.5, 8.75, 8.75],
			"faces": {
				"north": {"uv": [0, 7.25, 2.75, 7.5], "texture": "#1"},
				"east": {"uv": [7.25, 7.25, 8.75, 7.5], "texture": "#1", "cullface": "east"},
				"south": {"uv": [13.25, 7.25, 16, 7.5], "texture": "#1"},
				"up": {"uv": [13.25, 7.25, 16, 8.75], "texture": "#1"},
				"down": {"uv": [2.75, 8.75, 0, 7.25], "texture": "#1"}
			}
		},
		{
			"name": "Element",
			"from": [13.25, 8.25, 7.5],
			"to": [13.5, 8.5, 8.5],
			"faces": {
				"north": {"uv": [2.5, 7.5, 2.75, 7.75], "texture": "#1"},
				"east": {"uv": [7.5, 7.5, 8.5, 7.75], "texture": "#1"},
				"south": {"uv": [13.25, 7.5, 13.5, 7.75], "texture": "#1"},
				"down": {"uv": [2.75, 8.5, 2.5, 7.5], "texture": "#1"}
			}
		},
		{
			"name": "Element",
			"from": [14.75, 8.25, 7.5],
			"to": [15, 8.5, 8.5],
			"faces": {
				"north": {"uv": [1, 7.5, 1.25, 7.75], "texture": "#1"},
				"south": {"uv": [14.75, 7.5, 15, 7.75], "texture": "#1"},
				"west": {"uv": [7.5, 7.5, 8.5, 7.75], "texture": "#1"},
				"down": {"uv": [1.25, 8.5, 1, 7.5], "texture": "#1"}
			}
		},
		{
			"name": "Element",
			"from": [14.475, 7.6, 7.75],
			"to": [14.725, 8.85, 8.25],
			"rotation": {"angle": -22.5, "axis": "z", "origin": [14.25, 8.75, 7.75]},
			"faces": {
				"north": {"uv": [8.25, 0, 8.5, 1.25], "texture": "#0"},
				"east": {"uv": [7.5, 0, 8.5, 1.25], "texture": "#0"},
				"south": {"uv": [7.5, 0, 7.75, 1.25], "texture": "#0"},
				"west": {"uv": [7.5, 0, 8.5, 1.25], "texture": "#0"},
				"down": {"uv": [8.5, 8.5, 8.25, 7.5], "texture": "#0"}
			}
		},
		{
			"name": "Element",
			"from": [16.75, 5, 7.375],
			"to": [17.25, 6.3, 8.6],
			"faces": {
				"north": {"uv": [0, 9.5, 0, 11], "texture": "#1"},
				"east": {"uv": [7.25, 9.5, 8.75, 11], "texture": "#1", "cullface": "east"},
				"south": {"uv": [16, 9.5, 16, 11], "texture": "#1"},
				"up": {"uv": [16, 7.25, 16, 8.75], "texture": "#1"},
				"down": {"uv": [0, 8.75, 0, 7.25], "texture": "#1"}
			}
		},
		{
			"name": "Element",
			"from": [17.25, 5, 7.25],
			"to": [17.75, 6.25, 8.75],
			"faces": {
				"north": {"uv": [0, 9.75, 0, 11], "texture": "#1"},
				"east": {"uv": [7.25, 9.75, 8.75, 11], "texture": "#1", "cullface": "east"},
				"south": {"uv": [16, 9.75, 16, 11], "texture": "#1"},
				"up": {"uv": [16, 7.25, 16, 8.75], "texture": "#1"},
				"down": {"uv": [0, 8.75, 0, 7.25], "texture": "#1"}
			}
		},
		{
			"name": "Element",
			"from": [17.75, 5.3, 7.25],
			"to": [19.25, 6.25, 8.75],
			"faces": {
				"north": {"uv": [0, 9.75, 0, 10.75], "texture": "#1"},
				"east": {"uv": [7.25, 9.75, 8.75, 10.75], "texture": "#1", "cullface": "east"},
				"south": {"uv": [16, 9.75, 16, 10.75], "texture": "#1"},
				"up": {"uv": [16, 7.25, 16, 8.75], "texture": "#1"},
				"down": {"uv": [0, 8.75, 0, 7.25], "texture": "#1"}
			}
		},
		{
			"name": "Element",
			"from": [16.15, 8, 7.25],
			"to": [16.65, 8.75, 8.75],
			"faces": {
				"north": {"uv": [0, 7.25, 0, 8], "texture": "#1"},
				"east": {"uv": [7.25, 7.25, 8.75, 8], "texture": "#1", "cullface": "east"},
				"south": {"uv": [16, 7.25, 16, 8], "texture": "#1"},
				"west": {"uv": [7.25, 7.25, 8.75, 8], "texture": "#1"},
				"down": {"uv": [0, 8.75, 0, 7.25], "texture": "#1"}
			}
		},
		{
			"name": "Element",
			"from": [16.65, 8.5, 7],
			"to": [24.5, 8.75, 9],
			"faces": {
				"north": {"uv": [0, 7.25, 0, 7.5], "texture": "#1"},
				"south": {"uv": [16, 7.25, 16, 7.5], "texture": "#1"},
				"west": {"uv": [7, 7.25, 9, 7.5], "texture": "#1"},
				"down": {"uv": [0, 9, 0, 7], "texture": "#1"}
			}
		},
		{
			"name": "Element",
			"from": [16.625, 8.25, 7.25],
			"to": [18.75, 8.5, 8.75],
			"faces": {
				"north": {"uv": [0, 7.5, 0, 7.75], "texture": "#1"},
				"south": {"uv": [16, 7.5, 16, 7.75], "texture": "#1"},
				"down": {"uv": [0, 8.75, 0, 7.25], "texture": "#1"}
			}
		},
		{
			"name": "Element",
			"from": [18.25, 6.25, 7.25],
			"to": [18.75, 6.375, 8.75],
			"faces": {
				"north": {"uv": [0, 9.5, 0, 9.75], "texture": "#1"},
				"south": {"uv": [16, 9.5, 16, 9.75], "texture": "#1"},
				"west": {"uv": [7.25, 9.5, 8.75, 9.75], "texture": "#1"},
				"up": {"uv": [16, 7.25, 16, 8.75], "texture": "#1"}
			}
		},
		{
			"name": "Element",
			"from": [18.75, 7.75, 7.25],
			"to": [19.25, 8.5, 8.75],
			"faces": {
				"north": {"uv": [0, 7.5, 0, 8.25], "texture": "#1"},
				"south": {"uv": [16, 7.5, 16, 8.25], "texture": "#1"},
				"west": {"uv": [7.25, 7.5, 8.75, 8.25], "texture": "#1"},
				"down": {"uv": [0, 8.75, 0, 7.25], "texture": "#1"}
			}
		},
		{
			"name": "Element",
			"from": [19, 6.75, 7.25],
			"to": [19.25, 7.75, 8.75],
			"faces": {
				"north": {"uv": [0, 8.25, 0, 9.25], "texture": "#1"},
				"south": {"uv": [16, 8.25, 16, 9.25], "texture": "#1"},
				"west": {"uv": [7.25, 8.25, 8.75, 9.25], "texture": "#1"}
			}
		},
		{
			"name": "Element",
			"from": [18.75, 6.25, 7.25],
			"to": [19.25, 6.75, 8.75],
			"faces": {
				"north": {"uv": [0, 9.25, 0, 9.75], "texture": "#1"},
				"south": {"uv": [16, 9.25, 16, 9.75], "texture": "#1"},
				"west": {"uv": [7.25, 9.25, 8.75, 9.75], "texture": "#1"},
				"up": {"uv": [16, 7.25, 16, 8.75], "texture": "#1"}
			}
		},
		{
			"name": "Element",
			"from": [19.5, 8.25, 7],
			"to": [24.5, 8.5, 9],
			"faces": {
				"north": {"uv": [0, 7.5, 0, 7.75], "texture": "#1"},
				"south": {"uv": [16, 7.5, 16, 7.75], "texture": "#1"},
				"west": {"uv": [7, 7.5, 9, 7.75], "texture": "#1"},
				"down": {"uv": [0, 9, 0, 7], "texture": "#1"}
			}
		},
		{
			"name": "Element",
			"from": [19.25, 6.25, 7.25],
			"to": [20, 8.5, 8.75],
			"faces": {
				"north": {"uv": [0, 7.5, 0, 9.75], "texture": "#1"},
				"east": {"uv": [7.25, 7.5, 8.75, 9.75], "texture": "#1", "cullface": "east"},
				"south": {"uv": [16, 7.5, 16, 9.75], "texture": "#1"},
				"west": {"uv": [7.25, 7.5, 8.75, 9.75], "texture": "#1"},
				"down": {"uv": [0, 8.75, 0, 7.25], "texture": "#1"}
			}
		},
		{
			"name": "Element",
			"from": [20, 6.25, 7],
			"to": [24.5, 7.75, 9],
			"faces": {
				"north": {"uv": [0, 8.25, 0, 9.75], "texture": "#1"},
				"south": {"uv": [16, 8.25, 16, 9.75], "texture": "#1"},
				"west": {"uv": [7, 8.25, 9, 9.75], "texture": "#1"},
				"down": {"uv": [0, 9, 0, 7], "texture": "#1"}
			}
		},
		{
			"name": "Element",
			"from": [19.75, 7.75, 7],
			"to": [24.5, 8.25, 9],
			"faces": {
				"north": {"uv": [0, 7.75, 0, 8.25], "texture": "#1"},
				"south": {"uv": [16, 7.75, 16, 8.25], "texture": "#1"},
				"west": {"uv": [7, 7.75, 9, 8.25], "texture": "#1"},
				"down": {"uv": [0, 9, 0, 7], "texture": "#1"}
			}
		},
		{
			"name": "Element",
			"from": [19.25, 5.5, 7.25],
			"to": [19.75, 6.25, 8.75],
			"faces": {
				"north": {"uv": [0, 9.75, 0, 10.5], "texture": "#1"},
				"east": {"uv": [7.25, 9.75, 8.75, 10.5], "texture": "#1", "cullface": "east"},
				"south": {"uv": [16, 9.75, 16, 10.5], "texture": "#1"},
				"down": {"uv": [0, 8.75, 0, 7.25], "texture": "#1"}
			}
		},
		{
			"name": "Element",
			"from": [22.75, 5.75, 7.25],
			"to": [24.5, 6.25, 8.75],
			"faces": {
				"north": {"uv": [0, 9.75, 0, 10.25], "texture": "#1"},
				"south": {"uv": [16, 9.75, 16, 10.25], "texture": "#1"},
				"west": {"uv": [7.25, 9.75, 8.75, 10.25], "texture": "#1"},
				"down": {"uv": [0, 8.75, 0, 7.25], "texture": "#1"}
			}
		},
		{
			"name": "Element",
			"from": [24.5, 5.25, 7],
			"to": [25.5, 10.25, 9],
			"faces": {
				"north": {"uv": [0, 5.75, 0, 10.75], "texture": "#0"},
				"south": {"uv": [16, 5.75, 16, 10.75], "texture": "#0"},
				"west": {"uv": [7, 5.75, 9, 10.75], "texture": "#0"},
				"up": {"uv": [16, 7, 16, 9], "texture": "#0"},
				"down": {"uv": [0, 9, 0, 7], "texture": "#0"}
			}
		},
		{
			"name": "Element",
			"from": [20, 10, 7.5],
			"to": [24.25, 10.25, 8.5],
			"faces": {
				"north": {"uv": [0, 5.75, 0, 6], "texture": "#0"},
				"east": {"uv": [7.5, 5.75, 8.5, 6], "texture": "#0", "cullface": "east"},
				"south": {"uv": [16, 5.75, 16, 6], "texture": "#0"},
				"west": {"uv": [7.5, 5.75, 8.5, 6], "texture": "#0"},
				"up": {"uv": [16, 7.5, 16, 8.5], "texture": "#0"}
			}
		},
		{
			"name": "Element",
			"from": [25.5, 5, 7],
			"to": [26, 10.25, 9],
			"faces": {
				"north": {"uv": [0, 5.75, 0, 11], "texture": "#0"},
				"east": {"uv": [7, 5.75, 9, 11], "texture": "#0", "cullface": "east"},
				"south": {"uv": [16, 5.75, 16, 11], "texture": "#0"},
				"west": {"uv": [7, 5.75, 9, 11], "texture": "#0"},
				"up": {"uv": [16, 7, 16, 9], "texture": "#0"},
				"down": {"uv": [0, 9, 0, 7], "texture": "#0"}
			}
		},
		{
			"name": "Element",
			"from": [9.25, 5.5, 7.5],
			"to": [9.75, 7.75, 8.5],
			"faces": {
				"north": {"uv": [6.25, 8.25, 6.75, 10.5], "texture": "#0"},
				"east": {"uv": [7.5, 8.25, 8.5, 10.5], "texture": "#0"},
				"south": {"uv": [9.25, 8.25, 9.75, 10.5], "texture": "#0"},
				"west": {"uv": [7.5, 8.25, 8.5, 10.5], "texture": "#0"},
				"down": {"uv": [6.75, 8.5, 6.25, 7.5], "texture": "#0"}
			}
		},
		{
			"name": "Element",
			"from": [9.75, 5.5, 7.75],
			"to": [10, 7.75, 8.25],
			"faces": {
				"north": {"uv": [6, 8.25, 6.25, 10.5], "texture": "#0"},
				"south": {"uv": [9.75, 8.25, 10, 10.5], "texture": "#0"},
				"down": {"uv": [6.25, 8.25, 6, 7.75], "texture": "#0"}
			}
		},
		{
			"name": "Element",
			"from": [10, 5.5, 7.5],
			"to": [12.5, 7.75, 8.5],
			"faces": {
				"north": {"uv": [3.5, 8.25, 6, 10.5], "texture": "#0"},
				"east": {"uv": [7.5, 8.25, 8.5, 10.5], "texture": "#0"},
				"south": {"uv": [10, 8.25, 12.5, 10.5], "texture": "#0"},
				"west": {"uv": [7.5, 8.25, 8.5, 10.5], "texture": "#0"},
				"down": {"uv": [6, 8.5, 3.5, 7.5], "texture": "#0"}
			}
		},
		{
			"name": "Element",
			"from": [12.5, 11.25, 7.75],
			"to": [13, 12.25, 8.25],
			"faces": {
				"north": {"uv": [3, 3.75, 3.5, 4.75], "texture": "#0"},
				"east": {"uv": [7.75, 3.75, 8.25, 4.75], "texture": "#0"},
				"south": {"uv": [12.5, 3.75, 13, 4.75], "texture": "#0"},
				"west": {"uv": [7.75, 3.75, 8.25, 4.75], "texture": "#0"},
				"down": {"uv": [3.5, 8.25, 3, 7.75], "texture": "#0"}
			}
		},
		{
			"name": "Element",
			"from": [9, 11.25, 7.75],
			"to": [9.5, 12.25, 8.25],
			"faces": {
				"north": {"uv": [6.5, 3.75, 7, 4.75], "texture": "#0"},
				"east": {"uv": [7.75, 3.75, 8.25, 4.75], "texture": "#0"},
				"south": {"uv": [9, 3.75, 9.5, 4.75], "texture": "#0"},
				"west": {"uv": [7.75, 3.75, 8.25, 4.75], "texture": "#0"}
			}
		},
		{
			"name": "Element",
			"from": [12.5, 13.5, 7.25],
			"to": [13, 13.75, 8.75],
			"faces": {
				"north": {"uv": [3, 2.25, 3.5, 2.5], "texture": "#0"},
				"east": {"uv": [7.25, 2.25, 8.75, 2.5], "texture": "#0"},
				"south": {"uv": [12.5, 2.25, 13, 2.5], "texture": "#0"},
				"west": {"uv": [7.25, 2.25, 8.75, 2.5], "texture": "#0"},
				"up": {"uv": [12.5, 7.25, 13, 8.75], "texture": "#0"},
				"down": {"uv": [3.5, 8.75, 3, 7.25], "texture": "#0"}
			}
		},
		{
			"name": "Element",
			"from": [9, 13.5, 7.25],
			"to": [9.5, 13.75, 7.5],
			"faces": {
				"north": {"uv": [6.5, 2.25, 7, 2.5], "texture": "#0"},
				"east": {"uv": [8.5, 2.25, 8.75, 2.5], "texture": "#0"},
				"west": {"uv": [7.25, 2.25, 7.5, 2.5], "texture": "#0"},
				"up": {"uv": [9, 7.25, 9.5, 7.5], "texture": "#0"}
			}
		},
		{
			"name": "Element",
			"from": [8, 13.5, 7.5],
			"to": [13.75, 13.75, 8.5],
			"faces": {
				"north": {"uv": [2.25, 2.25, 8, 2.5], "texture": "#0"},
				"south": {"uv": [8, 2.25, 13.75, 2.5], "texture": "#0"},
				"up": {"uv": [8, 7.5, 13.75, 8.5], "texture": "#0"},
				"down": {"uv": [8, 8.5, 2.25, 7.5], "texture": "#0"}
			}
		},
		{
			"name": "Element",
			"from": [7, 12.5, 7.25],
			"to": [14.5, 13.5, 7.5],
			"faces": {
				"north": {"uv": [1.5, 2.5, 9, 3.5], "texture": "#0"},
				"east": {"uv": [8.5, 2.5, 8.75, 3.5], "texture": "#0"},
				"south": {"uv": [7, 2.5, 14.5, 3.5], "texture": "#0"},
				"west": {"uv": [7.25, 2.5, 7.5, 3.5], "texture": "#0"},
				"up": {"uv": [7, 7.25, 14.5, 7.5], "texture": "#0"},
				"down": {"uv": [9, 7.5, 1.5, 7.25], "texture": "#0"}
			}
		},
		{
			"name": "Element",
			"from": [8, 12.25, 7.5],
			"to": [13.75, 12.5, 8.5],
			"faces": {
				"north": {"uv": [2.25, 3.5, 8, 3.75], "texture": "#0"},
				"south": {"uv": [8, 3.5, 13.75, 3.75], "texture": "#0"},
				"up": {"uv": [8, 7.5, 13.75, 8.5], "texture": "#0"},
				"down": {"uv": [8, 8.5, 2.25, 7.5], "texture": "#0"}
			}
		},
		{
			"name": "Element",
			"from": [7, 12.5, 8.5],
			"to": [14.5, 13.5, 8.75],
			"faces": {
				"north": {"uv": [1.5, 2.5, 9, 3.5], "texture": "#0"},
				"east": {"uv": [7.25, 2.5, 7.5, 3.5], "texture": "#0"},
				"south": {"uv": [7, 2.5, 14.5, 3.5], "texture": "#0"},
				"west": {"uv": [8.5, 2.5, 8.75, 3.5], "texture": "#0"},
				"up": {"uv": [7, 8.5, 14.5, 8.75], "texture": "#0"},
				"down": {"uv": [9, 8.75, 1.5, 8.5], "texture": "#0"}
			}
		},
		{
			"name": "Element",
			"from": [7, 13.5, 7.25],
			"to": [8, 13.75, 8.75],
			"faces": {
				"north": {"uv": [8, 2.25, 9, 2.5], "texture": "#0"},
				"east": {"uv": [7.25, 2.25, 8.75, 2.5], "texture": "#0"},
				"south": {"uv": [7, 2.25, 8, 2.5], "texture": "#0"},
				"west": {"uv": [7.25, 2.25, 8.75, 2.5], "texture": "#0"},
				"up": {"uv": [7, 7.25, 8, 8.75], "texture": "#0"},
				"down": {"uv": [9, 8.75, 8, 7.25], "texture": "#0"}
			}
		},
		{
			"name": "Element",
			"from": [9, 13.5, 8.5],
			"to": [9.5, 13.75, 8.75],
			"faces": {
				"east": {"uv": [7.25, 2.25, 7.5, 2.5], "texture": "#0"},
				"south": {"uv": [9, 2.25, 9.5, 2.5], "texture": "#0"},
				"west": {"uv": [8.5, 2.25, 8.75, 2.5], "texture": "#0"},
				"up": {"uv": [9, 8.5, 9.5, 8.75], "texture": "#0"}
			}
		},
		{
			"name": "Element",
			"from": [12.5, 12.25, 7.25],
			"to": [13, 12.5, 8.75],
			"faces": {
				"north": {"uv": [3, 3.5, 3.5, 3.75], "texture": "#0"},
				"east": {"uv": [7.25, 3.5, 8.75, 3.75], "texture": "#0"},
				"south": {"uv": [12.5, 3.5, 13, 3.75], "texture": "#0"},
				"west": {"uv": [7.25, 3.5, 8.75, 3.75], "texture": "#0"},
				"up": {"uv": [12.5, 7.25, 13, 8.75], "texture": "#0"},
				"down": {"uv": [3.5, 8.75, 3, 7.25], "texture": "#0"}
			}
		},
		{
			"name": "Element",
			"from": [9, 12.25, 7.25],
			"to": [9.5, 12.5, 7.5],
			"faces": {
				"north": {"uv": [6.5, 3.5, 7, 3.75], "texture": "#0"},
				"east": {"uv": [8.5, 3.5, 8.75, 3.75], "texture": "#0"},
				"west": {"uv": [7.25, 3.5, 7.5, 3.75], "texture": "#0"},
				"down": {"uv": [7, 7.5, 6.5, 7.25], "texture": "#0"}
			}
		},
		{
			"name": "Element",
			"from": [7, 12.25, 7.25],
			"to": [8, 12.5, 8.75],
			"faces": {
				"north": {"uv": [8, 3.5, 9, 3.75], "texture": "#0"},
				"east": {"uv": [7.25, 3.5, 8.75, 3.75], "texture": "#0"},
				"south": {"uv": [7, 3.5, 8, 3.75], "texture": "#0"},
				"west": {"uv": [7.25, 3.5, 8.75, 3.75], "texture": "#0"},
				"up": {"uv": [7, 7.25, 8, 8.75], "texture": "#0"},
				"down": {"uv": [9, 8.75, 8, 7.25], "texture": "#0"}
			}
		},
		{
			"name": "Element",
			"from": [6.25, 13.75, 7.5],
			"to": [7, 14, 8.5],
			"faces": {
				"north": {"uv": [9, 2, 9.75, 2.25], "texture": "#0"},
				"east": {"uv": [7.5, 2, 8.5, 2.25], "texture": "#0"},
				"south": {"uv": [6.25, 2, 7, 2.25], "texture": "#0"},
				"west": {"uv": [7.5, 2, 8.5, 2.25], "texture": "#0"},
				"up": {"uv": [6.25, 7.5, 7, 8.5], "texture": "#0"},
				"down": {"uv": [9.75, 8.5, 9, 7.5], "texture": "#0"}
			}
		},
		{
			"name": "Element",
			"from": [6.25, 12, 7.5],
			"to": [7, 12.25, 8.5],
			"faces": {
				"north": {"uv": [9, 3.75, 9.75, 4], "texture": "#0"},
				"east": {"uv": [7.5, 3.75, 8.5, 4], "texture": "#0"},
				"south": {"uv": [6.25, 3.75, 7, 4], "texture": "#0"},
				"west": {"uv": [7.5, 3.75, 8.5, 4], "texture": "#0"},
				"up": {"uv": [6.25, 7.5, 7, 8.5], "texture": "#0"},
				"down": {"uv": [9.75, 8.5, 9, 7.5], "texture": "#0"}
			}
		},
		{
			"name": "Element",
			"from": [6.25, 12.5, 8.75],
			"to": [7, 13.5, 9],
			"faces": {
				"north": {"uv": [9, 2.5, 9.75, 3.5], "texture": "#0"},
				"east": {"uv": [7, 2.5, 7.25, 3.5], "texture": "#0"},
				"south": {"uv": [6.25, 2.5, 7, 3.5], "texture": "#0"},
				"west": {"uv": [8.75, 2.5, 9, 3.5], "texture": "#0"},
				"up": {"uv": [6.25, 8.75, 7, 9], "texture": "#0"},
				"down": {"uv": [9.75, 9, 9, 8.75], "texture": "#0"}
			}
		},
		{
			"name": "Element",
			"from": [6.25, 12.5, 7],
			"to": [7, 13.5, 7.25],
			"faces": {
				"north": {"uv": [9, 2.5, 9.75, 3.5], "texture": "#0"},
				"east": {"uv": [8.75, 2.5, 9, 3.5], "texture": "#0"},
				"south": {"uv": [6.25, 2.5, 7, 3.5], "texture": "#0"},
				"west": {"uv": [7, 2.5, 7.25, 3.5], "texture": "#0"},
				"up": {"uv": [6.25, 7, 7, 7.25], "texture": "#0"},
				"down": {"uv": [9.75, 7.25, 9, 7], "texture": "#0"}
			}
		},
		{
			"name": "Element",
			"from": [6.25, 13.5, 8.25],
			"to": [7, 13.75, 8.75],
			"faces": {
				"north": {"uv": [9, 2.25, 9.75, 2.5], "texture": "#0"},
				"south": {"uv": [6.25, 2.25, 7, 2.5], "texture": "#0"},
				"west": {"uv": [8.25, 2.25, 8.75, 2.5], "texture": "#0"},
				"up": {"uv": [6.25, 8.25, 7, 8.75], "texture": "#0"},
				"down": {"uv": [9.75, 8.75, 9, 8.25], "texture": "#0"}
			}
		},
		{
			"name": "Element",
			"from": [6.25, 13.25, 8.5],
			"to": [7, 13.5, 8.75],
			"faces": {
				"north": {"uv": [9, 2.5, 9.75, 2.75], "texture": "#0"},
				"west": {"uv": [8.5, 2.5, 8.75, 2.75], "texture": "#0"},
				"down": {"uv": [9.75, 8.75, 9, 8.5], "texture": "#0"}
			}
		},
		{
			"name": "Element",
			"from": [6.25, 13.5, 7.25],
			"to": [7, 13.75, 7.75],
			"faces": {
				"north": {"uv": [9, 2.25, 9.75, 2.5], "texture": "#0"},
				"south": {"uv": [6.25, 2.25, 7, 2.5], "texture": "#0"},
				"west": {"uv": [7.25, 2.25, 7.75, 2.5], "texture": "#0"},
				"up": {"uv": [6.25, 7.25, 7, 7.75], "texture": "#0"},
				"down": {"uv": [9.75, 7.75, 9, 7.25], "texture": "#0"}
			}
		},
		{
			"name": "Element",
			"from": [6.25, 13.25, 7.25],
			"to": [7, 13.5, 7.5],
			"faces": {
				"south": {"uv": [6.25, 2.5, 7, 2.75], "texture": "#0"},
				"west": {"uv": [7.25, 2.5, 7.5, 2.75], "texture": "#0"},
				"down": {"uv": [9.75, 7.5, 9, 7.25], "texture": "#0"}
			}
		},
		{
			"name": "Element",
			"from": [6.25, 12.25, 8.25],
			"to": [7, 12.5, 8.75],
			"faces": {
				"north": {"uv": [9, 3.5, 9.75, 3.75], "texture": "#0"},
				"south": {"uv": [6.25, 3.5, 7, 3.75], "texture": "#0"},
				"west": {"uv": [8.25, 3.5, 8.75, 3.75], "texture": "#0"},
				"up": {"uv": [6.25, 8.25, 7, 8.75], "texture": "#0"},
				"down": {"uv": [9.75, 8.75, 9, 8.25], "texture": "#0"}
			}
		},
		{
			"name": "Element",
			"from": [6.25, 12.25, 7.25],
			"to": [7, 12.5, 7.75],
			"faces": {
				"north": {"uv": [9, 3.5, 9.75, 3.75], "texture": "#0"},
				"south": {"uv": [6.25, 3.5, 7, 3.75], "texture": "#0"},
				"west": {"uv": [7.25, 3.5, 7.75, 3.75], "texture": "#0"},
				"up": {"uv": [6.25, 7.25, 7, 7.75], "texture": "#0"},
				"down": {"uv": [9.75, 7.75, 9, 7.25], "texture": "#0"}
			}
		},
		{
			"name": "Element",
			"from": [6.25, 12.5, 7.25],
			"to": [7, 12.75, 7.5],
			"faces": {
				"south": {"uv": [6.25, 3.25, 7, 3.5], "texture": "#0"},
				"west": {"uv": [7.25, 3.25, 7.5, 3.5], "texture": "#0"},
				"up": {"uv": [6.25, 7.25, 7, 7.5], "texture": "#0"}
			}
		},
		{
			"name": "Element",
			"from": [6.25, 12.5, 8.5],
			"to": [7, 12.75, 8.75],
			"faces": {
				"north": {"uv": [9, 3.25, 9.75, 3.5], "texture": "#0"},
				"west": {"uv": [8.5, 3.25, 8.75, 3.5], "texture": "#0"},
				"up": {"uv": [6.25, 8.5, 7, 8.75], "texture": "#0"}
			}
		},
		{
			"name": "Element",
			"from": [4.5, 14, 7.5],
			"to": [6.25, 14.25, 8.5],
			"faces": {
				"north": {"uv": [9.75, 1.75, 11.5, 2], "texture": "#0"},
				"east": {"uv": [7.5, 1.75, 8.5, 2], "texture": "#0"},
				"south": {"uv": [4.5, 1.75, 6.25, 2], "texture": "#0"},
				"west": {"uv": [7.5, 1.75, 8.5, 2], "texture": "#0"},
				"up": {"uv": [4.5, 7.5, 6.25, 8.5], "texture": "#0"},
				"down": {"uv": [11.5, 8.5, 9.75, 7.5], "texture": "#0"}
			}
		},
		{
			"name": "Element",
			"from": [4.5, 13.75, 8.25],
			"to": [6.25, 14, 8.75],
			"faces": {
				"north": {"uv": [9.75, 2, 11.5, 2.25], "texture": "#0"},
				"east": {"uv": [7.25, 2, 7.75, 2.25], "texture": "#0"},
				"south": {"uv": [4.5, 2, 6.25, 2.25], "texture": "#0"},
				"west": {"uv": [8.25, 2, 8.75, 2.25], "texture": "#0"},
				"up": {"uv": [4.5, 8.25, 6.25, 8.75], "texture": "#0"},
				"down": {"uv": [11.5, 8.75, 9.75, 8.25], "texture": "#0"}
			}
		},
		{
			"name": "Element",
			"from": [4.5, 13.25, 8.75],
			"to": [6.25, 13.75, 9],
			"faces": {
				"north": {"uv": [9.75, 2.25, 11.5, 2.75], "texture": "#0"},
				"east": {"uv": [7, 2.25, 7.25, 2.75], "texture": "#0"},
				"south": {"uv": [4.5, 2.25, 6.25, 2.75], "texture": "#0"},
				"west": {"uv": [8.75, 2.25, 9, 2.75], "texture": "#0"},
				"up": {"uv": [4.5, 8.75, 6.25, 9], "texture": "#0"},
				"down": {"uv": [11.5, 9, 9.75, 8.75], "texture": "#0"}
			}
		},
		{
			"name": "Element",
			"from": [4.5, 12.5, 9],
			"to": [6.25, 13.5, 9.25],
			"faces": {
				"north": {"uv": [9.75, 2.5, 11.5, 3.5], "texture": "#0"},
				"east": {"uv": [6.75, 2.5, 7, 3.5], "texture": "#0"},
				"south": {"uv": [4.5, 2.5, 6.25, 3.5], "texture": "#0"},
				"west": {"uv": [9, 2.5, 9.25, 3.5], "texture": "#0"},
				"up": {"uv": [4.5, 9, 6.25, 9.25], "texture": "#0"},
				"down": {"uv": [11.5, 9.25, 9.75, 9], "texture": "#0"}
			}
		},
		{
			"name": "Element",
			"from": [-10.575, 8.025, 8.225],
			"to": [-9, 8.975, 9.175],
			"faces": {
				"north": {"uv": [9.75, 2.5, 11.5, 3.5], "texture": "#0"},
				"east": {"uv": [6.75, 2.5, 7, 3.5], "texture": "#0"},
				"south": {"uv": [4.5, 2.5, 6.25, 3.5], "texture": "#0"},
				"west": {"uv": [9, 2.5, 9.25, 3.5], "texture": "#0"},
				"up": {"uv": [4.5, 9, 6.25, 9.25], "texture": "#0"},
				"down": {"uv": [11.5, 9.25, 9.75, 9], "texture": "#0"}
			}
		},
		{
			"name": "Element",
			"from": [0, 8.05, 6.75],
			"to": [2.5, 8.95, 9.25],
			"faces": {
				"north": {"uv": [9.75, 2.5, 11.5, 3.5], "texture": "#0"},
				"east": {"uv": [6.75, 2.5, 7, 3.5], "texture": "#0"},
				"south": {"uv": [4.5, 2.5, 6.25, 3.5], "texture": "#0"},
				"west": {"uv": [9, 2.5, 9.25, 3.5], "texture": "#0"},
				"up": {"uv": [4.5, 9, 6.25, 9.25], "texture": "#0"},
				"down": {"uv": [11.5, 9.25, 9.75, 9], "texture": "#0"}
			}
		},
		{
			"name": "Element",
			"from": [-10.575, 8.025, 6.825],
			"to": [-9, 8.975, 7.775],
			"faces": {
				"north": {"uv": [9.75, 2.5, 11.5, 3.5], "texture": "#0"},
				"east": {"uv": [6.75, 2.5, 7, 3.5], "texture": "#0"},
				"south": {"uv": [4.5, 2.5, 6.25, 3.5], "texture": "#0"},
				"west": {"uv": [9, 2.5, 9.25, 3.5], "texture": "#0"},
				"up": {"uv": [4.5, 9, 6.25, 9.25], "texture": "#0"},
				"down": {"uv": [11.5, 9.25, 9.75, 9], "texture": "#0"}
			}
		},
		{
			"name": "Element",
			"from": [4.5, 12.25, 8.75],
			"to": [6.25, 12.75, 9],
			"faces": {
				"north": {"uv": [9.75, 3.25, 11.5, 3.75], "texture": "#0"},
				"east": {"uv": [7, 3.25, 7.25, 3.75], "texture": "#0"},
				"south": {"uv": [4.5, 3.25, 6.25, 3.75], "texture": "#0"},
				"west": {"uv": [8.75, 3.25, 9, 3.75], "texture": "#0"},
				"up": {"uv": [4.5, 8.75, 6.25, 9], "texture": "#0"},
				"down": {"uv": [11.5, 9, 9.75, 8.75], "texture": "#0"}
			}
		},
		{
			"name": "Element",
			"from": [4.5, 12, 8.25],
			"to": [6.25, 12.25, 8.75],
			"faces": {
				"north": {"uv": [9.75, 3.75, 11.5, 4], "texture": "#0"},
				"east": {"uv": [7.25, 3.75, 7.75, 4], "texture": "#0"},
				"south": {"uv": [4.5, 3.75, 6.25, 4], "texture": "#0"},
				"west": {"uv": [8.25, 3.75, 8.75, 4], "texture": "#0"},
				"up": {"uv": [4.5, 8.25, 6.25, 8.75], "texture": "#0"},
				"down": {"uv": [11.5, 8.75, 9.75, 8.25], "texture": "#0"}
			}
		},
		{
			"name": "Element",
			"from": [4.5, 11.75, 7.5],
			"to": [6.25, 12, 8.5],
			"faces": {
				"north": {"uv": [9.75, 4, 11.5, 4.25], "texture": "#0"},
				"east": {"uv": [7.5, 4, 8.5, 4.25], "texture": "#0"},
				"south": {"uv": [4.5, 4, 6.25, 4.25], "texture": "#0"},
				"west": {"uv": [7.5, 4, 8.5, 4.25], "texture": "#0"},
				"up": {"uv": [4.5, 7.5, 6.25, 8.5], "texture": "#0"},
				"down": {"uv": [11.5, 8.5, 9.75, 7.5], "texture": "#0"}
			}
		},
		{
			"name": "Element",
			"from": [4.5, 12, 7.25],
			"to": [6.25, 12.25, 7.75],
			"faces": {
				"north": {"uv": [9.75, 3.75, 11.5, 4], "texture": "#0"},
				"east": {"uv": [8.25, 3.75, 8.75, 4], "texture": "#0"},
				"south": {"uv": [4.5, 3.75, 6.25, 4], "texture": "#0"},
				"west": {"uv": [7.25, 3.75, 7.75, 4], "texture": "#0"},
				"up": {"uv": [4.5, 7.25, 6.25, 7.75], "texture": "#0"},
				"down": {"uv": [11.5, 7.75, 9.75, 7.25], "texture": "#0"}
			}
		},
		{
			"name": "Element",
			"from": [4.5, 12.25, 7],
			"to": [6.25, 12.75, 7.25],
			"faces": {
				"north": {"uv": [9.75, 3.25, 11.5, 3.75], "texture": "#0"},
				"east": {"uv": [8.75, 3.25, 9, 3.75], "texture": "#0"},
				"south": {"uv": [4.5, 3.25, 6.25, 3.75], "texture": "#0"},
				"west": {"uv": [7, 3.25, 7.25, 3.75], "texture": "#0"},
				"up": {"uv": [4.5, 7, 6.25, 7.25], "texture": "#0"},
				"down": {"uv": [11.5, 7.25, 9.75, 7], "texture": "#0"}
			}
		},
		{
			"name": "Element",
			"from": [4.5, 12.5, 6.75],
			"to": [6.25, 13.5, 7],
			"faces": {
				"north": {"uv": [9.75, 2.5, 11.5, 3.5], "texture": "#0"},
				"east": {"uv": [9, 2.5, 9.25, 3.5], "texture": "#0"},
				"south": {"uv": [4.5, 2.5, 6.25, 3.5], "texture": "#0"},
				"west": {"uv": [6.75, 2.5, 7, 3.5], "texture": "#0"},
				"up": {"uv": [4.5, 6.75, 6.25, 7], "texture": "#0"},
				"down": {"uv": [11.5, 7, 9.75, 6.75], "texture": "#0"}
			}
		},
		{
			"name": "Element",
			"from": [4.5, 13.25, 7],
			"to": [6.25, 13.75, 7.25],
			"faces": {
				"north": {"uv": [9.75, 2.25, 11.5, 2.75], "texture": "#0"},
				"east": {"uv": [8.75, 2.25, 9, 2.75], "texture": "#0"},
				"south": {"uv": [4.5, 2.25, 6.25, 2.75], "texture": "#0"},
				"west": {"uv": [7, 2.25, 7.25, 2.75], "texture": "#0"},
				"up": {"uv": [4.5, 7, 6.25, 7.25], "texture": "#0"},
				"down": {"uv": [11.5, 7.25, 9.75, 7], "texture": "#0"}
			}
		},
		{
			"name": "Element",
			"from": [4.5, 13.75, 7.25],
			"to": [6.25, 14, 7.75],
			"faces": {
				"north": {"uv": [9.75, 2, 11.5, 2.25], "texture": "#0"},
				"east": {"uv": [8.25, 2, 8.75, 2.25], "texture": "#0"},
				"south": {"uv": [4.5, 2, 6.25, 2.25], "texture": "#0"},
				"west": {"uv": [7.25, 2, 7.75, 2.25], "texture": "#0"},
				"up": {"uv": [4.5, 7.25, 6.25, 7.75], "texture": "#0"},
				"down": {"uv": [11.5, 7.75, 9.75, 7.25], "texture": "#0"}
			}
		},
		{
			"name": "Element",
			"from": [13.75, 13.5, 7.5],
			"to": [14.5, 13.75, 8.5],
			"faces": {
				"north": {"uv": [1.5, 2.25, 2.25, 2.5], "texture": "#0"},
				"east": {"uv": [7.5, 2.25, 8.5, 2.5], "texture": "#0"},
				"south": {"uv": [13.75, 2.25, 14.5, 2.5], "texture": "#0"},
				"up": {"uv": [13.75, 7.5, 14.5, 8.5], "texture": "#0"},
				"down": {"uv": [2.25, 8.5, 1.5, 7.5], "texture": "#0"}
			}
		},
		{
			"name": "Element",
			"from": [13.75, 12.25, 7.5],
			"to": [14.5, 12.5, 8.5],
			"faces": {
				"north": {"uv": [1.5, 3.5, 2.25, 3.75], "texture": "#0"},
				"east": {"uv": [7.5, 3.5, 8.5, 3.75], "texture": "#0"},
				"south": {"uv": [13.75, 3.5, 14.5, 3.75], "texture": "#0"},
				"up": {"uv": [13.75, 7.5, 14.5, 8.5], "texture": "#0"},
				"down": {"uv": [2.25, 8.5, 1.5, 7.5], "texture": "#0"}
			}
		},
		{
			"name": "Element",
			"from": [14.5, 13.75, 7.5],
			"to": [16, 14, 8.5],
			"faces": {
				"north": {"uv": [0, 2, 1.5, 2.25], "texture": "#0"},
				"east": {"uv": [7.5, 2, 8.5, 2.25], "texture": "#0", "cullface": "east"},
				"south": {"uv": [14.5, 2, 16, 2.25], "texture": "#0"},
				"west": {"uv": [7.5, 2, 8.5, 2.25], "texture": "#0"},
				"up": {"uv": [14.5, 7.5, 16, 8.5], "texture": "#0"},
				"down": {"uv": [1.5, 8.5, 0, 7.5], "texture": "#0"}
			}
		},
		{
			"name": "Element",
			"from": [14.5, 13.5, 7.25],
			"to": [16, 13.75, 7.75],
			"faces": {
				"north": {"uv": [0, 2.25, 1.5, 2.5], "texture": "#0"},
				"east": {"uv": [8.25, 2.25, 8.75, 2.5], "texture": "#0", "cullface": "east"},
				"south": {"uv": [14.5, 2.25, 16, 2.5], "texture": "#0"},
				"west": {"uv": [7.25, 2.25, 7.75, 2.5], "texture": "#0"},
				"up": {"uv": [14.5, 7.25, 16, 7.75], "texture": "#0"},
				"down": {"uv": [1.5, 7.75, 0, 7.25], "texture": "#0"}
			}
		},
		{
			"name": "Element",
			"from": [14.5, 13.5, 8.25],
			"to": [16, 13.75, 8.75],
			"faces": {
				"north": {"uv": [0, 2.25, 1.5, 2.5], "texture": "#0"},
				"east": {"uv": [7.25, 2.25, 7.75, 2.5], "texture": "#0", "cullface": "east"},
				"south": {"uv": [14.5, 2.25, 16, 2.5], "texture": "#0"},
				"west": {"uv": [8.25, 2.25, 8.75, 2.5], "texture": "#0"},
				"up": {"uv": [14.5, 8.25, 16, 8.75], "texture": "#0"},
				"down": {"uv": [1.5, 8.75, 0, 8.25], "texture": "#0"}
			}
		},
		{
			"name": "Element",
			"from": [14.5, 12.5, 8.75],
			"to": [16, 13.5, 9],
			"faces": {
				"north": {"uv": [0, 2.5, 1.5, 3.5], "texture": "#0"},
				"east": {"uv": [7, 2.5, 7.25, 3.5], "texture": "#0", "cullface": "east"},
				"south": {"uv": [14.5, 2.5, 16, 3.5], "texture": "#0"},
				"west": {"uv": [8.75, 2.5, 9, 3.5], "texture": "#0"},
				"up": {"uv": [14.5, 8.75, 16, 9], "texture": "#0"},
				"down": {"uv": [1.5, 9, 0, 8.75], "texture": "#0"}
			}
		},
		{
			"name": "Element",
			"from": [14.5, 12.5, 7],
			"to": [16, 13.5, 7.25],
			"faces": {
				"north": {"uv": [0, 2.5, 1.5, 3.5], "texture": "#0"},
				"east": {"uv": [8.75, 2.5, 9, 3.5], "texture": "#0", "cullface": "east"},
				"south": {"uv": [14.5, 2.5, 16, 3.5], "texture": "#0"},
				"west": {"uv": [7, 2.5, 7.25, 3.5], "texture": "#0"},
				"up": {"uv": [14.5, 7, 16, 7.25], "texture": "#0"},
				"down": {"uv": [1.5, 7.25, 0, 7], "texture": "#0"}
			}
		},
		{
			"name": "Element",
			"from": [14.5, 12, 7.5],
			"to": [16, 12.25, 8.5],
			"faces": {
				"north": {"uv": [0, 3.75, 1.5, 4], "texture": "#0"},
				"east": {"uv": [7.5, 3.75, 8.5, 4], "texture": "#0", "cullface": "east"},
				"south": {"uv": [14.5, 3.75, 16, 4], "texture": "#0"},
				"west": {"uv": [7.5, 3.75, 8.5, 4], "texture": "#0"},
				"up": {"uv": [14.5, 7.5, 16, 8.5], "texture": "#0"},
				"down": {"uv": [1.5, 8.5, 0, 7.5], "texture": "#0"}
			}
		},
		{
			"name": "Element",
			"from": [14.5, 12.25, 8.25],
			"to": [16, 12.5, 8.75],
			"faces": {
				"north": {"uv": [0, 3.5, 1.5, 3.75], "texture": "#0"},
				"east": {"uv": [7.25, 3.5, 7.75, 3.75], "texture": "#0", "cullface": "east"},
				"south": {"uv": [14.5, 3.5, 16, 3.75], "texture": "#0"},
				"west": {"uv": [8.25, 3.5, 8.75, 3.75], "texture": "#0"},
				"up": {"uv": [14.5, 8.25, 16, 8.75], "texture": "#0"},
				"down": {"uv": [1.5, 8.75, 0, 8.25], "texture": "#0"}
			}
		},
		{
			"name": "Element",
			"from": [14.5, 12.25, 7.25],
			"to": [16, 12.5, 7.75],
			"faces": {
				"north": {"uv": [0, 3.5, 1.5, 3.75], "texture": "#0"},
				"east": {"uv": [8.25, 3.5, 8.75, 3.75], "texture": "#0", "cullface": "east"},
				"south": {"uv": [14.5, 3.5, 16, 3.75], "texture": "#0"},
				"west": {"uv": [7.25, 3.5, 7.75, 3.75], "texture": "#0"},
				"up": {"uv": [14.5, 7.25, 16, 7.75], "texture": "#0"},
				"down": {"uv": [1.5, 7.75, 0, 7.25], "texture": "#0"}
			}
		},
		{
			"name": "Element",
			"from": [14.5, 13.25, 7.25],
			"to": [16, 13.5, 7.5],
			"faces": {
				"east": {"uv": [8.5, 2.5, 8.75, 2.75], "texture": "#0", "cullface": "east"},
				"south": {"uv": [14.5, 2.5, 16, 2.75], "texture": "#0"},
				"down": {"uv": [1.5, 7.5, 0, 7.25], "texture": "#0"}
			}
		},
		{
			"name": "Element",
			"from": [14.5, 13.25, 8.5],
			"to": [16, 13.5, 8.75],
			"faces": {
				"north": {"uv": [0, 2.5, 1.5, 2.75], "texture": "#0"},
				"east": {"uv": [7.25, 2.5, 7.5, 2.75], "texture": "#0", "cullface": "east"},
				"down": {"uv": [1.5, 8.75, 0, 8.5], "texture": "#0"}
			}
		},
		{
			"name": "Element",
			"from": [14.5, 12.5, 7.25],
			"to": [16, 12.75, 7.5],
			"faces": {
				"east": {"uv": [8.5, 3.25, 8.75, 3.5], "texture": "#0", "cullface": "east"},
				"south": {"uv": [14.5, 3.25, 16, 3.5], "texture": "#0"},
				"up": {"uv": [14.5, 7.25, 16, 7.5], "texture": "#0"}
			}
		},
		{
			"name": "Element",
			"from": [14.5, 12.5, 8.5],
			"to": [16, 12.75, 8.75],
			"faces": {
				"north": {"uv": [0, 3.25, 1.5, 3.5], "texture": "#0"},
				"east": {"uv": [7.25, 3.25, 7.5, 3.5], "texture": "#0", "cullface": "east"},
				"up": {"uv": [14.5, 8.5, 16, 8.75], "texture": "#0"}
			}
		},
		{
			"name": "Cube",
			"from": [15.5, 4.95, 7.5],
			"to": [16.55, 6.75, 8.5],
			"faces": {
				"north": {"uv": [0, 9.25, 0.5, 11.25], "texture": "#1"},
				"east": {"uv": [7.5, 9.25, 8.5, 11.25], "texture": "#1", "cullface": "east"},
				"south": {"uv": [15.5, 9.25, 16, 11.25], "texture": "#1"},
				"west": {"uv": [7.5, 9.25, 8.5, 11.25], "texture": "#1"},
				"up": {"uv": [15.5, 7.5, 16, 8.5], "texture": "#1"},
				"down": {"uv": [0.5, 8.5, 0, 7.5], "texture": "#1"}
			}
		},
		{
			"name": "Cube",
			"from": [17.2, 3.85, 7.2],
			"to": [20.25, 4.65, 8.8],
			"rotation": {"angle": 22.5, "axis": "z", "origin": [15.6, 5, 8]},
			"faces": {
				"north": {"uv": [0, 9.25, 0.5, 11.25], "texture": "#1"},
				"east": {"uv": [7.5, 9.25, 8.5, 11.25], "texture": "#1", "cullface": "east"},
				"south": {"uv": [15.5, 9.25, 16, 11.25], "texture": "#1"},
				"west": {"uv": [7.5, 9.25, 8.5, 11.25], "texture": "#1"},
				"up": {"uv": [15.5, 7.5, 16, 8.5], "texture": "#1"},
				"down": {"uv": [0.5, 8.5, 0, 7.5], "texture": "#1"}
			}
		},
		{
			"name": "Cube",
			"from": [19.25, 2.25, 7.2],
			"to": [23.9, 3.05, 8.8],
			"rotation": {"angle": 45, "axis": "z", "origin": [15.6, 5.3, 8]},
			"faces": {
				"north": {"uv": [0, 9.25, 0.5, 11.25], "texture": "#1"},
				"east": {"uv": [7.5, 9.25, 8.5, 11.25], "texture": "#1", "cullface": "east"},
				"south": {"uv": [15.5, 9.25, 16, 11.25], "texture": "#1"},
				"west": {"uv": [7.5, 9.25, 8.5, 11.25], "texture": "#1"},
				"up": {"uv": [15.5, 7.5, 16, 8.5], "texture": "#1"},
				"down": {"uv": [0.5, 8.5, 0, 7.5], "texture": "#1"}
			}
		},
		{
			"name": "Cube",
			"from": [15.3, 4.95, 7.2],
			"to": [17.05, 5.95, 8.8],
			"faces": {
				"north": {"uv": [0, 9.25, 0.5, 11.25], "texture": "#1"},
				"east": {"uv": [7.5, 9.25, 8.5, 11.25], "texture": "#1", "cullface": "east"},
				"south": {"uv": [15.5, 9.25, 16, 11.25], "texture": "#1"},
				"west": {"uv": [7.5, 9.25, 8.5, 11.25], "texture": "#1"},
				"up": {"uv": [15.5, 7.5, 16, 8.5], "texture": "#1"},
				"down": {"uv": [0.5, 8.5, 0, 7.5], "texture": "#1"}
			}
		},
		{
			"name": "Cube",
			"from": [17.1, 8.45, 7.2],
			"to": [18.15, 9.55, 8.8],
			"rotation": {"angle": -22.5, "axis": "z", "origin": [8, 8, 8]},
			"faces": {
				"north": {"uv": [0, 9.25, 0.5, 11.25], "texture": "#1"},
				"east": {"uv": [7.5, 9.25, 8.5, 11.25], "texture": "#1", "cullface": "east"},
				"south": {"uv": [15.5, 9.25, 16, 11.25], "texture": "#1"},
				"west": {"uv": [7.5, 9.25, 8.5, 11.25], "texture": "#1"},
				"up": {"uv": [15.5, 7.5, 16, 8.5], "texture": "#1"},
				"down": {"uv": [0.5, 8.5, 0, 7.5], "texture": "#1"}
			}
		},
		{
			"name": "Cube",
			"from": [-0.3, 8.95, 7.45],
			"to": [0.2, 10.25, 8.55],
			"faces": {
				"north": {"uv": [1.25, 5.75, 16, 7.25], "texture": "#1"},
				"east": {"uv": [7.25, 5.75, 8.75, 7.25], "texture": "#1"},
				"south": {"uv": [0, 5.75, 13.75, 7.25], "texture": "#1"},
				"west": {"uv": [7.25, 5.75, 8.75, 7.25], "texture": "#1", "cullface": "west"},
				"up": {"uv": [0, 7.25, 14.75, 8.75], "texture": "#1"},
				"down": {"uv": [16, 8.75, 1.25, 7.25], "texture": "#1"}
			}
		},
		{
			"name": "Cube",
			"from": [-9.3, 8.35, 6.95],
			"to": [0.7, 8.65, 7.65],
			"faces": {
				"north": {"uv": [1.25, 5.75, 16, 7.25], "texture": "#1"},
				"east": {"uv": [7.25, 5.75, 8.75, 7.25], "texture": "#1"},
				"south": {"uv": [0, 5.75, 13.75, 7.25], "texture": "#1"},
				"west": {"uv": [7.25, 5.75, 8.75, 7.25], "texture": "#1", "cullface": "west"},
				"up": {"uv": [0, 7.25, 14.75, 8.75], "texture": "#1"},
				"down": {"uv": [16, 8.75, 1.25, 7.25], "texture": "#1"}
			}
		},
		{
			"name": "Cube",
			"from": [-9.3, 8.15, 7.15],
			"to": [0.9, 8.85, 7.45],
			"faces": {
				"north": {"uv": [1.25, 5.75, 16, 7.25], "texture": "#1"},
				"east": {"uv": [7.25, 5.75, 8.75, 7.25], "texture": "#1"},
				"south": {"uv": [0, 5.75, 13.75, 7.25], "texture": "#1"},
				"west": {"uv": [7.25, 5.75, 8.75, 7.25], "texture": "#1", "cullface": "west"},
				"up": {"uv": [0, 7.25, 14.75, 8.75], "texture": "#1"},
				"down": {"uv": [16, 8.75, 1.25, 7.25], "texture": "#1"}
			}
		},
		{
			"name": "Cube",
			"from": [-9.3, 8.35, 8.35],
			"to": [0.7, 8.65, 9.05],
			"faces": {
				"north": {"uv": [1.25, 5.75, 16, 7.25], "texture": "#1"},
				"east": {"uv": [7.25, 5.75, 8.75, 7.25], "texture": "#1"},
				"south": {"uv": [0, 5.75, 13.75, 7.25], "texture": "#1"},
				"west": {"uv": [7.25, 5.75, 8.75, 7.25], "texture": "#1", "cullface": "west"},
				"up": {"uv": [0, 7.25, 14.75, 8.75], "texture": "#1"},
				"down": {"uv": [16, 8.75, 1.25, 7.25], "texture": "#1"}
			}
		},
		{
			"name": "Cube",
			"from": [-9.3, 8.15, 8.55],
			"to": [0.9, 8.85, 8.85],
			"faces": {
				"north": {"uv": [1.25, 5.75, 16, 7.25], "texture": "#1"},
				"east": {"uv": [7.25, 5.75, 8.75, 7.25], "texture": "#1"},
				"south": {"uv": [0, 5.75, 13.75, 7.25], "texture": "#1"},
				"west": {"uv": [7.25, 5.75, 8.75, 7.25], "texture": "#1", "cullface": "west"},
				"up": {"uv": [0, 7.25, 14.75, 8.75], "texture": "#1"},
				"down": {"uv": [16, 8.75, 1.25, 7.25], "texture": "#1"}
			}
		},
		{
			"name": "Cube",
			"from": [1.7, 7.95, 7.2],
			"to": [3.45, 8.95, 8.8],
			"faces": {
				"north": {"uv": [0, 9.25, 0.5, 11.25], "texture": "#1"},
				"east": {"uv": [7.5, 9.25, 8.5, 11.25], "texture": "#1", "cullface": "east"},
				"south": {"uv": [15.5, 9.25, 16, 11.25], "texture": "#1"},
				"west": {"uv": [7.5, 9.25, 8.5, 11.25], "texture": "#1"},
				"up": {"uv": [15.5, 7.5, 16, 8.5], "texture": "#1"},
				"down": {"uv": [0.5, 8.5, 0, 7.5], "texture": "#1"}
			}
		}
	],
	"display": {
		"thirdperson_righthand": {
			"rotation": [0, -102, 0],
			"translation": [1.25, 0, -5.5],
			"scale": [0.94, 0.94, 0.94]
		},
		"thirdperson_lefthand": {
			"rotation": [0, 78, 0],
			"translation": [1.25, 0, -5.5],
			"scale": [0.94, 0.94, 0.94]
		},
		"firstperson_righthand": {
			"rotation": [180, -79.8, 180],
			"translation": [1.41, 3.45, -0.5],
			"scale": [0.97, 0.97, 0.99]
		},
		"firstperson_lefthand": {
			"rotation": [0, 80.15, 0],
			"translation": [1.29, 1.85, -0.5],
			"scale": [0.97, 0.97, 0.99]
		},
		"ground": {
			"translation": [0.75, 0, 0]
		},
		"gui": {
			"rotation": [0, 0, -45],
			"translation": [0.5, -1.25, 0],
			"scale": [0.55, 0.55, 0.55]
		},
		"fixed": {
			"rotation": [0, 180, -45],
			"translation": [-0.75, -1.75, 0],
			"scale": [0.94, 0.94, 0.94]
		}
	}
}