{
	"credit": "Made by SrDarmith - YouTube: Mainclay",
	"textures": {
		"0": "blocks/wool colored silver",
		"1": "blocks/anvil 1",
		"particle": "blocks/blocks/anvil 1"
	},
	"elements": [
		{
			"name": "Element",
			"from": [-9, 9.75, 7.75],
			"to": [-2.25, 10, 8.25],
			"faces": {
				"north": {"uv": [16, 6, 16, 6.25], "texture": "#0"},
				"south": {"uv": [0, 6, 0, 6.25], "texture": "#0"},
				"west": {"uv": [7.75, 6, 8.25, 6.25], "texture": "#0", "cullface": "west"},
				"up": {"uv": [0, 7.75, 0, 8.25], "texture": "#0"},
				"down": {"uv": [16, 8.25, 16, 7.75], "texture": "#0"}
			}
		},
		{
			"name": "Element",
			"from": [-9, 9.25, 7.5],
			"to": [-2.25, 9.75, 7.75],
			"faces": {
				"north": {"uv": [16, 6.25, 16, 6.75], "texture": "#0"},
				"south": {"uv": [0, 6.25, 0, 6.75], "texture": "#0"},
				"west": {"uv": [7.5, 6.25, 7.75, 6.75], "texture": "#0", "cullface": "west"},
				"up": {"uv": [0, 7.5, 0, 7.75], "texture": "#0"},
				"down": {"uv": [16, 7.75, 16, 7.5], "texture": "#0"}
			}
		},
		{
			"name": "Element",
			"from": [-9, 9.25, 8.25],
			"to": [-2.25, 9.75, 8.5],
			"faces": {
				"north": {"uv": [16, 6.25, 16, 6.75], "texture": "#0"},
				"south": {"uv": [0, 6.25, 0, 6.75], "texture": "#0"},
				"west": {"uv": [8.25, 6.25, 8.5, 6.75], "texture": "#0", "cullface": "west"},
				"up": {"uv": [0, 8.25, 0, 8.5], "texture": "#0"},
				"down": {"uv": [16, 8.5, 16, 8.25], "texture": "#0"}
			}
		},
		{
			"name": "Element",
			"from": [-9, 9, 7.75],
			"to": [-2.25, 9.25, 8.25],
			"faces": {
				"north": {"uv": [16, 6.75, 16, 7], "texture": "#0"},
				"south": {"uv": [0, 6.75, 0, 7], "texture": "#0"},
				"west": {"uv": [7.75, 6.75, 8.25, 7], "texture": "#0", "cullface": "west"},
				"up": {"uv": [0, 7.75, 0, 8.25], "texture": "#0"},
				"down": {"uv": [16, 8.25, 16, 7.75], "texture": "#0"}
			}
		},
		{
			"name": "Element",
			"from": [-2.25, 9, 7.5],
			"to": [-2, 10, 8.5],
			"faces": {
				"north": {"uv": [16, 6, 1, 3], "texture": "#0"},
				"south": {"uv": [0, 6, 0, 7], "texture": "#0"},
				"west": {"uv": [7.5, 6, 8.5, 7], "texture": "#0", "cullface": "west"},
				"up": {"uv": [0, 7.5, 0, 8.5], "texture": "#0"},
				"down": {"uv": [16, 8.5, 16, 7.5], "texture": "#0"}
			}
		},
		{
			"name": "Element",
			"from": [-2, 8.75, 7.5],
			"to": [8.5, 10.25, 8.5],
			"faces": {
				"north": {"uv": [7.5, 5.75, 16, 7.25], "texture": "#0"},
				"south": {"uv": [0, 5.75, 8.5, 7.25], "texture": "#0"},
				"west": {"uv": [7.5, 5.75, 8.5, 7.25], "texture": "#0", "cullface": "west"},
				"up": {"uv": [0, 7.5, 8.5, 8.5], "texture": "#0"},
				"down": {"uv": [16, 8.5, 7.5, 7.5], "texture": "#0"}
			}
		},
		{
			"name": "Element",
			"from": [-2, 9, 7.25],
			"to": [8.5, 10, 8.75],
			"faces": {
				"north": {"uv": [0, 6, 10.5, 7], "texture": "#0"},
				"south": {"uv": [0, 6, 10.5, 7], "texture": "#0"},
				"west": {"uv": [7.25, 6, 8.75, 7], "texture": "#0", "cullface": "west"},
				"up": {"uv": [0, 7.25, 10.5, 8.75], "texture": "#0"},
				"down": {"uv": [-2, 7.25, 8.5, 8.75], "texture": "#0"}
			}
		},
		{
			"name": "Element",
			"from": [3, 8.75, 7.25],
			"to": [4.75, 10.25, 8.75],
			"faces": {
				"north": {"uv": [3, 5.75, 4.75, 7.25], "texture": "#0"},
				"east": {"uv": [7.25, 5.75, 8.75, 7.25], "texture": "#0"},
				"south": {"uv": [3, 5.75, 4.75, 7.25], "texture": "#0"},
				"west": {"uv": [7.25, 5.75, 8.75, 7.25], "texture": "#0"},
				"up": {"uv": [3, 7.25, 4.75, 8.75], "texture": "#0"},
				"down": {"uv": [3, 7.25, 4.75, 8.75], "texture": "#0"}
			}
		},
		{
			"name": "Element",
			"from": [3, 8, 7.5],
			"to": [4.75, 8.75, 8.5],
			"faces": {
				"north": {"uv": [11.25, 7.25, 13, 8], "texture": "#0"},
				"east": {"uv": [7.5, 7.25, 8.5, 8], "texture": "#0"},
				"south": {"uv": [3, 7.25, 4.75, 8], "texture": "#0"},
				"west": {"uv": [7.5, 7.25, 8.5, 8], "texture": "#0"},
				"down": {"uv": [13, 8.5, 11.25, 7.5], "texture": "#0"}
			}
		},
		{
			"name": "Element",
			"from": [3, 6.075, 7.5],
			"to": [3.25, 7.5, 8.5],
			"rotation": {"angle": 45, "axis": "z", "origin": [3, 7.5, 7.5]},
			"faces": {
				"north": {"uv": [12.75, 3.25, 13, 4.75], "texture": "#0"},
				"east": {"uv": [7.5, 3.25, 8.5, 4.75], "texture": "#0"},
				"south": {"uv": [3, 3.25, 3.25, 4.75], "texture": "#0"},
				"west": {"uv": [7.5, 3.25, 8.5, 4.75], "texture": "#0"},
				"down": {"uv": [13, 8.5, 12.75, 7.5], "texture": "#0"}
			}
		},
		{
			"name": "Element",
			"from": [3.25, 7.5, 7.75],
			"to": [4.5, 7.75, 8.25],
			"faces": {
				"north": {"uv": [11.5, 8.25, 12.75, 8.5], "texture": "#0"},
				"south": {"uv": [3.25, 8.25, 4.5, 8.5], "texture": "#0"}
			}
		},
		{
			"name": "Element",
			"from": [3.25, 7.25, 7.75],
			"to": [4.5, 7.5, 8.25],
			"faces": {
				"north": {"uv": [11.5, 8.5, 12.75, 8.75], "texture": "#0"},
				"south": {"uv": [3.25, 8.5, 4.5, 8.75], "texture": "#0"},
				"down": {"uv": [12.75, 8.25, 11.5, 7.75], "texture": "#0"}
			}
		},
		{
			"name": "Element",
			"from": [3.5, 7, 7.75],
			"to": [4.5, 7.25, 8.25],
			"faces": {
				"north": {"uv": [11.5, 8.75, 12.5, 9], "texture": "#0"},
				"south": {"uv": [3.5, 8.75, 4.5, 9], "texture": "#0"},
				"west": {"uv": [7.75, 8.75, 8.25, 9], "texture": "#0"},
				"down": {"uv": [12.5, 8.25, 11.5, 7.75], "texture": "#0"}
			}
		},
		{
			"name": "Element",
			"from": [3.75, 6.75, 7.75],
			"to": [4.5, 7, 8.25],
			"faces": {
				"north": {"uv": [11.5, 9, 12.25, 9.25], "texture": "#0"},
				"south": {"uv": [3.75, 9, 4.5, 9.25], "texture": "#0"},
				"west": {"uv": [7.75, 9, 8.25, 9.25], "texture": "#0"},
				"down": {"uv": [12.25, 8.25, 11.5, 7.75], "texture": "#0"}
			}
		},
		{
			"name": "Element",
			"from": [3, 7.5, 7.5],
			"to": [3.25, 8, 8.5],
			"faces": {
				"north": {"uv": [12.75, 8, 13, 8.5], "texture": "#0"},
				"east": {"uv": [7.5, 8, 8.5, 8.5], "texture": "#0"},
				"south": {"uv": [3, 8, 3.25, 8.5], "texture": "#0"},
				"west": {"uv": [7.5, 8, 8.5, 8.5], "texture": "#0"}
			}
		},
		{
			"name": "Element",
			"from": [3.25, 7.75, 7.75],
			"to": [4.5, 8, 8.25],
			"faces": {
				"north": {"uv": [11.5, 8, 12.75, 8.25], "texture": "#0"},
				"south": {"uv": [3.25, 8, 4.5, 8.25], "texture": "#0"}
			}
		},
		{
			"name": "Element",
			"from": [4, 6.5, 7.5],
			"to": [4.75, 6.75, 8.5],
			"faces": {
				"north": {"uv": [11.25, 9.25, 12, 9.5], "texture": "#0"},
				"south": {"uv": [4, 9.25, 4.75, 9.5], "texture": "#0"},
				"west": {"uv": [7.5, 9.25, 8.5, 9.5], "texture": "#0"},
				"up": {"uv": [4, 7.5, 4.75, 8.5], "texture": "#0"},
				"down": {"uv": [12, 8.5, 11.25, 7.5], "texture": "#0"}
			}
		},
		{
			"name": "Element",
			"from": [4.75, 6.5, 7.5],
			"to": [9, 7, 8.5],
			"faces": {
				"north": {"uv": [6.25, 9, 11.25, 9.5], "texture": "#0"},
				"east": {"uv": [7.5, 9, 8.5, 9.5], "texture": "#0"},
				"south": {"uv": [4.75, 9, 9.75, 9.5], "texture": "#0"},
				"west": {"uv": [7.5, 9, 8.5, 9.5], "texture": "#0"},
				"up": {"uv": [4.75, 7.5, 9.75, 8.5], "texture": "#0"},
				"down": {"uv": [11.25, 8.5, 6.25, 7.5], "texture": "#0"}
			}
		},
		{
			"name": "Element",
			"from": [9, 6.5, 7.5],
			"to": [9.5, 8.75, 8.5],
			"faces": {
				"north": {"uv": [6.5, 7.25, 7, 9.5], "texture": "#0"},
				"east": {"uv": [7.5, 7.25, 8.5, 9.5], "texture": "#0"},
				"south": {"uv": [9, 7.25, 9.5, 9.5], "texture": "#0"},
				"west": {"uv": [7.5, 7.25, 8.5, 9.5], "texture": "#0"},
				"up": {"uv": [9, 7.5, 9.5, 8.5], "texture": "#0"},
				"down": {"uv": [7, 8.5, 6.5, 7.5], "texture": "#0"}
			}
		},
		{
			"name": "Element",
			"from": [4.5, 6.75, 7.5],
			"to": [4.75, 8, 8.5],
			"faces": {
				"north": {"uv": [11.25, 8, 11.5, 9.25], "texture": "#0"},
				"east": {"uv": [7.5, 8, 8.5, 9.25], "texture": "#0"},
				"south": {"uv": [4.5, 8, 4.75, 9.25], "texture": "#0"},
				"west": {"uv": [7.5, 8, 8.5, 9.25], "texture": "#0"}
			}
		},
		{
			"name": "Element",
			"from": [8.5, 8.75, 7.25],
			"to": [9, 10.25, 8.75],
			"faces": {
				"north": {"uv": [7, 5.75, 7.5, 7.25], "texture": "#0"},
				"east": {"uv": [7.25, 5.75, 8.75, 7.25], "texture": "#0"},
				"south": {"uv": [8.5, 5.75, 9, 7.25], "texture": "#0"},
				"west": {"uv": [7.25, 5.75, 8.75, 7.25], "texture": "#0"},
				"up": {"uv": [8.5, 7.25, 9, 8.75], "texture": "#0"},
				"down": {"uv": [7.5, 8.75, 7, 7.25], "texture": "#0"}
			}
		},
		{
			"name": "Element",
			"from": [9, 9, 7],
			"to": [10.25, 10, 9],
			"faces": {
				"north": {"uv": [5.75, 6, 7, 7], "texture": "#0"},
				"east": {"uv": [7, 6, 9, 7], "texture": "#0"},
				"south": {"uv": [9, 6, 10.25, 7], "texture": "#0"},
				"west": {"uv": [7, 6, 9, 7], "texture": "#0"},
				"up": {"uv": [9, 7, 10.25, 9], "texture": "#0"},
				"down": {"uv": [7, 9, 5.75, 7], "texture": "#0"}
			}
		},
		{
			"name": "Element",
			"from": [9, 7.75, 7.75],
			"to": [16.25, 10.25, 8.75],
			"faces": {
				"north": {"uv": [0, 5.75, 7, 8.25], "texture": "#0"},
				"east": {"uv": [7.25, 5.75, 8.25, 8.25], "texture": "#0", "cullface": "east"},
				"south": {"uv": [9, 5.75, 16, 8.25], "texture": "#0"},
				"west": {"uv": [7.75, 5.75, 8.75, 8.25], "texture": "#0"},
				"down": {"uv": [7, 8.75, 0, 7.75], "texture": "#0"}
			}
		},
		{
			"name": "Element",
			"from": [10.75, 5.25, 7.5],
			"to": [14, 7.75, 8.5],
			"faces": {
				"north": {"uv": [2, 8.25, 5.25, 10.75], "texture": "#1"},
				"east": {"uv": [7.5, 8.25, 8.5, 10.75], "texture": "#1"},
				"south": {"uv": [10.75, 8.25, 14, 10.75], "texture": "#1"},
				"west": {"uv": [7.5, 8.25, 8.5, 10.75], "texture": "#1"},
				"up": {"uv": [10.75, 7.5, 14, 8.5], "texture": "#1"},
				"down": {"uv": [5.25, 8.5, 2, 7.5], "texture": "#1"}
			}
		},
		{
			"name": "Element",
			"from": [13.5, 6.5, 7.25],
			"to": [14.5, 7.75, 8.75],
			"faces": {
				"north": {"uv": [1.5, 8.25, 2.5, 9.5], "texture": "#0"},
				"east": {"uv": [7.25, 8.25, 8.75, 9.5], "texture": "#0"},
				"south": {"uv": [13.5, 8.25, 14.5, 9.5], "texture": "#0"},
				"west": {"uv": [7.25, 8.25, 8.75, 9.5], "texture": "#0"},
				"up": {"uv": [13.5, 7.25, 14.5, 8.75], "texture": "#0"},
				"down": {"uv": [2.5, 8.75, 1.5, 7.25], "texture": "#0"}
			}
		},
		{
			"name": "Element",
			"from": [14.5, 6.5, 7.75],
			"to": [16.25, 6.75, 8.25],
			"faces": {
				"north": {"uv": [0, 9.25, 1.5, 9.5], "texture": "#0"},
				"south": {"uv": [14.5, 9.25, 16, 9.5], "texture": "#0"},
				"up": {"uv": [14.5, 7.75, 16, 8.25], "texture": "#0"},
				"down": {"uv": [1.5, 8.25, 0, 7.75], "texture": "#0"}
			}
		},
		{
			"name": "Element",
			"from": [6.75, 8.75, 7.25],
			"to": [7.25, 10.25, 8.75],
			"faces": {
				"north": {"uv": [6.5, 5.75, 7, 7.25], "texture": "#0"},
				"east": {"uv": [7.25, 5.75, 8.75, 7.25], "texture": "#0"},
				"south": {"uv": [6.5, 5.75, 7, 7.25], "texture": "#0"},
				"west": {"uv": [7.25, 5.75, 8.75, 7.25], "texture": "#0"},
				"up": {"uv": [6.75, 7.25, 7.25, 8.75], "texture": "#0"},
				"down": {"uv": [6.75, 7.25, 7.25, 8.75], "texture": "#0"}
			}
		},
		{
			"name": "Element",
			"from": [6.75, 8.25, 7.5],
			"to": [7.25, 8.75, 8.5],
			"faces": {
				"north": {"uv": [8.75, 7.25, 9.25, 7.75], "texture": "#0"},
				"east": {"uv": [7.5, 7.25, 8.5, 7.75], "texture": "#0"},
				"south": {"uv": [6.75, 7.25, 7.25, 7.75], "texture": "#0"},
				"west": {"uv": [7.5, 7.25, 8.5, 7.75], "texture": "#0"},
				"down": {"uv": [9.25, 8.5, 8.75, 7.5], "texture": "#0"}
			}
		},
		{
			"name": "Element",
			"from": [10.25, 9, 8.75],
			"to": [16.25, 10, 9],
			"faces": {
				"east": {"uv": [7, 6, 7.25, 7], "texture": "#0", "cullface": "east"},
				"south": {"uv": [10.25, 6, 16, 7], "texture": "#0"},
				"up": {"uv": [10.25, 8.75, 16, 9], "texture": "#0"},
				"down": {"uv": [5.75, 9, 0, 8.75], "texture": "#0"}
			}
		},
		{
			"name": "Element",
			"from": [10.25, 9.75, 7],
			"to": [16.25, 10, 7.25],
			"faces": {
				"north": {"uv": [0, 6, 5.75, 6.25], "texture": "#0"},
				"east": {"uv": [8.75, 6, 9, 6.25], "texture": "#0", "cullface": "east"},
				"up": {"uv": [10.25, 7, 16, 7.25], "texture": "#0"},
				"down": {"uv": [5.75, 7.25, 0, 7], "texture": "#0"}
			}
		},
		{
			"name": "Element",
			"from": [10.25, 9, 7],
			"to": [16.25, 9.25, 7.25],
			"faces": {
				"north": {"uv": [0, 6.75, 5.75, 7], "texture": "#0"},
				"east": {"uv": [8.75, 6.75, 9, 7], "texture": "#0", "cullface": "east"},
				"up": {"uv": [10.25, 7, 16, 7.25], "texture": "#0"},
				"down": {"uv": [5.75, 7.25, 0, 7], "texture": "#0"}
			}
		},
		{
			"name": "Element",
			"from": [9, 9.75, 7.25],
			"to": [16.25, 10.25, 7.75],
			"faces": {
				"north": {"uv": [0, 5.75, 7, 6.25], "texture": "#0"},
				"east": {"uv": [8.25, 5.75, 8.75, 6.25], "texture": "#0", "cullface": "east"},
				"down": {"uv": [7, 7.75, 0, 7.25], "texture": "#0"}
			}
		},
		{
			"name": "Element",
			"from": [14.5, 9.25, 7],
			"to": [16.25, 9.75, 7.5],
			"faces": {
				"north": {"uv": [0, 6.25, 1.5, 6.75], "texture": "#0"},
				"east": {"uv": [8.5, 6.25, 9, 6.75], "texture": "#0", "cullface": "east"},
				"south": {"uv": [14.5, 6.25, 16, 6.75], "texture": "#0"},
				"west": {"uv": [7, 6.25, 7.5, 6.75], "texture": "#0"},
				"up": {"uv": [14.5, 7, 16, 7.5], "texture": "#0"},
				"down": {"uv": [1.5, 7.5, 0, 7], "texture": "#0"}
			}
		},
		{
			"name": "Element",
			"from": [9, 7.75, 7.25],
			"to": [16.25, 9.25, 7.5],
			"faces": {
				"north": {"uv": [0, 6.75, 7, 8.25], "texture": "#0"},
				"east": {"uv": [8.5, 6.75, 8.75, 8.25], "texture": "#0", "cullface": "east"},
				"south": {"uv": [9, 6.75, 16, 8.25], "texture": "#0"},
				"west": {"uv": [7.25, 6.75, 7.5, 8.25], "texture": "#0"},
				"up": {"uv": [9, 7.25, 16, 7.5], "texture": "#0"},
				"down": {"uv": [7, 7.5, 0, 7.25], "texture": "#0"}
			}
		},
		{
			"name": "Element",
			"from": [15.85, 7, 7.75],
			"to": [16.1, 8.25, 8.25],
			"rotation": {"angle": -22.5, "axis": "z", "origin": [15.75, 8.25, 7.75]},
			"faces": {
				"north": {"uv": [0.25, 8.25, 0.5, 9.5], "texture": "#1"},
				"east": {"uv": [7.75, 8.25, 8.25, 9.5], "texture": "#1", "cullface": "east"},
				"south": {"uv": [15.5, 8.25, 15.75, 9.5], "texture": "#1"},
				"west": {"uv": [7.75, 8.25, 8.25, 9.5], "texture": "#1"},
				"up": {"uv": [15.5, 7.75, 15.75, 8.25], "texture": "#1"},
				"down": {"uv": [0.5, 8.25, 0.25, 7.75], "texture": "#1"}
			}
		},
		{
			"name": "Element",
			"from": [16.25, 6.5, 7.5],
			"to": [17, 7.75, 8.5],
			"faces": {
				"north": {"uv": [0, 8.25, 0, 9.5], "texture": "#0"},
				"east": {"uv": [7.5, 8.25, 8.5, 9.5], "texture": "#0", "cullface": "east"},
				"south": {"uv": [16, 8.25, 16, 9.5], "texture": "#0"},
				"west": {"uv": [7.5, 8.25, 8.5, 9.5], "texture": "#0"},
				"down": {"uv": [0, 8.5, 0, 7.5], "texture": "#0"}
			}
		},
		{
			"name": "Element",
			"from": [15.25, 7.75, 7],
			"to": [18.25, 8.75, 9],
			"faces": {
				"north": {"uv": [0, 7.25, 0.75, 8.25], "texture": "#0"},
				"east": {"uv": [7, 7.25, 9, 8.25], "texture": "#0", "cullface": "east"},
				"south": {"uv": [15.25, 7.25, 16, 8.25], "texture": "#0"},
				"west": {"uv": [7, 7.25, 9, 8.25], "texture": "#0"},
				"up": {"uv": [15.25, 7, 16, 9], "texture": "#0"},
				"down": {"uv": [0.75, 9, 0, 7], "texture": "#0"}
			}
		},
		{
			"name": "lel",
			"from": [16.25, 3.75, 7.25],
			"to": [18, 7.75, 8.75],
			"rotation": {"angle": 22.5, "axis": "z", "origin": [16.25, 7.75, 7.25]},
			"faces": {
				"north": {"uv": [0, 8.25, 0, 12.25], "texture": "#1"},
				"east": {"uv": [7.5, 8.25, 8.5, 12.25], "texture": "#1", "cullface": "east"},
				"south": {"uv": [16, 8.25, 16, 12.25], "texture": "#1"},
				"west": {"uv": [7.5, 8.25, 8.5, 12.25], "texture": "#1"},
				"down": {"uv": [0, 8.5, 0, 7.5], "texture": "#1"}
			}
		},
		{
			"name": "Element",
			"from": [16.25, 8.75, 7.5],
			"to": [17.5, 10, 8.5],
			"faces": {
				"north": {"uv": [0, 6, 0, 7.25], "texture": "#1"},
				"east": {"uv": [7.5, 6, 8.5, 7.25], "texture": "#1", "cullface": "east"},
				"south": {"uv": [16, 6, 16, 7.25], "texture": "#1"},
				"west": {"uv": [7.5, 6, 8.5, 7.25], "texture": "#1"},
				"up": {"uv": [16, 7.5, 16, 8.5], "texture": "#1"}
			}
		},
		{
			"name": "Element",
			"from": [17.5, 9, 7.75],
			"to": [17.75, 9.75, 8.25],
			"faces": {
				"north": {"uv": [0, 6.25, 0, 7], "texture": "#1"},
				"east": {"uv": [7.75, 6.25, 8.25, 7], "texture": "#1", "cullface": "east"},
				"south": {"uv": [16, 6.25, 16, 7], "texture": "#1"},
				"up": {"uv": [16, 7.75, 16, 8.25], "texture": "#1"},
				"down": {"uv": [0, 8.25, 0, 7.75], "texture": "#1"}
			}
		},
		{
			"name": "Element",
			"from": [10.5, 9.25, 7.5],
			"to": [14.75, 9.75, 7.75],
			"faces": {
				"north": {"uv": [1.25, 6.25, 5.5, 6.75], "texture": "#1"},
				"east": {"uv": [8.25, 6.25, 8.5, 6.75], "texture": "#1"},
				"west": {"uv": [7.5, 6.25, 7.75, 6.75], "texture": "#1"},
				"down": {"uv": [5.5, 7.75, 1.25, 7.5], "texture": "#1"}
			}
		},
		{
			"name": "Element",
			"from": [16.75, 8.4, 5.5],
			"to": [17, 8.65, 7.75],
			"rotation": {"angle": -22.5, "axis": "x", "origin": [16.75, 9, 5.5]},
			"faces": {
				"north": {"uv": [0, 0, 0, 0.25], "texture": "#1"},
				"east": {"uv": [8.5, 0, 10.75, 0.25], "texture": "#1", "cullface": "east"},
				"south": {"uv": [16, 0, 16, 0.25], "texture": "#1"},
				"west": {"uv": [5.25, 0, 7.5, 0.25], "texture": "#1"},
				"up": {"uv": [16, 5.25, 16, 7.5], "texture": "#1"},
				"down": {"uv": [0, 7.5, 0, 5.25], "texture": "#1"}
			}
		},
		{
			"name": "Element",
			"from": [16.5, 7.9, 5],
			"to": [17.25, 8.65, 6.25],
			"rotation": {"angle": -22.5, "axis": "x", "origin": [16.5, 9, 5]},
			"faces": {
				"north": {"uv": [0, 0, 0, 0.75], "texture": "#1"},
				"east": {"uv": [9, 0, 10.75, 0.75], "texture": "#1", "cullface": "east"},
				"south": {"uv": [16, 0, 16, 0.75], "texture": "#1"},
				"west": {"uv": [5.25, 0, 7, 0.75], "texture": "#1"},
				"up": {"uv": [16, 5.25, 16, 7], "texture": "#1"},
				"down": {"uv": [0, 7, 0, 5.25], "texture": "#1"}
			}
		},
		{
			"name": "Element",
			"from": [9, 10.25, 7.25],
			"to": [16.25, 10.5, 8.75],
			"faces": {
				"north": {"uv": [0, 5.5, 7, 5.75], "texture": "#0"},
				"east": {"uv": [7.25, 5.5, 8.75, 5.75], "texture": "#0", "cullface": "east"},
				"south": {"uv": [9, 5.5, 16, 5.75], "texture": "#0"},
				"west": {"uv": [7.25, 5.5, 8.75, 5.75], "texture": "#0"},
				"up": {"uv": [9, 7.25, 16, 8.75], "texture": "#0"},
				"down": {"uv": [7, 8.75, 0, 7.25], "texture": "#0"}
			}
		},
		{
			"name": "Element",
			"from": [11.5, 10.5, 7.75],
			"to": [12, 11.25, 8.25],
			"faces": {
				"north": {"uv": [4, 4.75, 4.5, 5.5], "texture": "#1"},
				"east": {"uv": [7.75, 4.75, 8.25, 5.5], "texture": "#1"},
				"south": {"uv": [11.5, 4.75, 12, 5.5], "texture": "#1"},
				"west": {"uv": [7.75, 4.75, 8.25, 5.5], "texture": "#1"}
			}
		},
		{
			"name": "Element",
			"from": [14, 10.5, 7.75],
			"to": [14.5, 11.25, 8.25],
			"faces": {
				"north": {"uv": [1.5, 4.75, 2, 5.5], "texture": "#1"},
				"east": {"uv": [7.75, 4.75, 8.25, 5.5], "texture": "#1"},
				"south": {"uv": [14, 4.75, 14.5, 5.5], "texture": "#1"},
				"west": {"uv": [7.75, 4.75, 8.25, 5.5], "texture": "#1"}
			}
		},
		{
			"name": "Element",
			"from": [11.5, 11.25, 8.5],
			"to": [12, 12.75, 8.75],
			"faces": {
				"north": {"uv": [4, 3.25, 4.5, 4.75], "texture": "#1"},
				"east": {"uv": [7.25, 3.25, 8.75, 4.75], "texture": "#1"},
				"south": {"uv": [11.5, 3.25, 12, 4.75], "texture": "#1"},
				"west": {"uv": [7.25, 3.25, 8.75, 4.75], "texture": "#1"},
				"up": {"uv": [11.5, 7.25, 12, 8.75], "texture": "#1"},
				"down": {"uv": [4.5, 8.75, 4, 7.25], "texture": "#1"}
			}
		},
		{
			"name": "Element",
			"from": [11.5, 11.25, 7.25],
			"to": [12, 12.75, 7.5],
			"faces": {
				"north": {"uv": [4, 3.25, 4.5, 4.75], "texture": "#1"},
				"east": {"uv": [7.25, 3.25, 8.75, 4.75], "texture": "#1"},
				"south": {"uv": [11.5, 3.25, 12, 4.75], "texture": "#1"},
				"west": {"uv": [7.25, 3.25, 8.75, 4.75], "texture": "#1"},
				"up": {"uv": [11.5, 7.25, 12, 8.75], "texture": "#1"},
				"down": {"uv": [4.5, 8.75, 4, 7.25], "texture": "#1"}
			}
		},
		{
			"name": "Element",
			"from": [14, 11.25, 7.25],
			"to": [14.5, 12.75, 7.5],
			"faces": {
				"north": {"uv": [4, 3.25, 4.5, 4.75], "texture": "#1"},
				"east": {"uv": [7.25, 3.25, 8.75, 4.75], "texture": "#1"},
				"south": {"uv": [11.5, 3.25, 12, 4.75], "texture": "#1"},
				"west": {"uv": [7.25, 3.25, 8.75, 4.75], "texture": "#1"},
				"up": {"uv": [11.5, 7.25, 12, 8.75], "texture": "#1"},
				"down": {"uv": [4.5, 8.75, 4, 7.25], "texture": "#1"}
			}
		},
		{
			"name": "Element",
			"from": [12.5, 11.5, 8.75],
			"to": [13.5, 12.5, 9.5],
			"faces": {
				"east": {"uv": [6.5, 3.5, 7.25, 4.5], "texture": "#1"},
				"south": {"uv": [12.5, 3.5, 13.5, 4.5], "texture": "#1"},
				"west": {"uv": [8.75, 3.5, 9.5, 4.5], "texture": "#1"},
				"up": {"uv": [12.5, 8.75, 13.5, 9.5], "texture": "#1"},
				"down": {"uv": [3.5, 9.5, 2.5, 8.75], "texture": "#1"}
			}
		},
		{
			"name": "Element",
			"from": [12.5, 12.75, 7.5],
			"to": [13.5, 13.5, 8.5],
			"faces": {
				"north": {"uv": [2.5, 2.5, 3.5, 3.25], "texture": "#1"},
				"east": {"uv": [7.5, 2.5, 8.5, 3.25], "texture": "#1"},
				"south": {"uv": [12.5, 2.5, 13.5, 3.25], "texture": "#1"},
				"west": {"uv": [7.5, 2.5, 8.5, 3.25], "texture": "#1"},
				"up": {"uv": [12.5, 7.5, 13.5, 8.5], "texture": "#1"}
			}
		},
		{
			"name": "Element",
			"from": [16.25, 8, 7.75],
			"to": [22.75, 8.5, 8.25],
			"faces": {
				"north": {"uv": [0, 7.5, 0, 8], "texture": "#0"},
				"south": {"uv": [16, 7.5, 16, 8], "texture": "#0"},
				"up": {"uv": [16, 7.75, 16, 8.25], "texture": "#0"},
				"down": {"uv": [0, 8.25, 0, 7.75], "texture": "#0"}
			}
		},
		{
			"name": "Element",
			"from": [22.75, 6.25, 7.25],
			"to": [23.75, 8.75, 8.75],
			"faces": {
				"north": {"uv": [0, 7.25, 0, 9.75], "texture": "#0"},
				"south": {"uv": [16, 7.25, 16, 9.75], "texture": "#0"},
				"west": {"uv": [7.25, 7.25, 8.75, 9.75], "texture": "#0"},
				"up": {"uv": [16, 7.25, 16, 8.75], "texture": "#0"},
				"down": {"uv": [0, 8.75, 0, 7.25], "texture": "#0"}
			}
		},
		{
			"name": "Element",
			"from": [23.75, 6.25, 7],
			"to": [24.5, 10.75, 9],
			"faces": {
				"north": {"uv": [0, 5.25, 0, 9.75], "texture": "#1"},
				"east": {"uv": [7, 5.25, 9, 9.75], "texture": "#1", "cullface": "east"},
				"south": {"uv": [16, 5.25, 16, 9.75], "texture": "#1"},
				"west": {"uv": [7, 5.25, 9, 9.75], "texture": "#1"},
				"up": {"uv": [16, 7, 16, 9], "texture": "#1"},
				"down": {"uv": [0, 9, 0, 7], "texture": "#1"}
			}
		},
		{
			"name": "Element",
			"from": [19.7, 9.75, 7.25],
			"to": [23.75, 11.15, 8.75],
			"faces": {
				"north": {"uv": [0, 4.75, 0, 6.25], "texture": "#0"},
				"east": {"uv": [7.25, 4.75, 8.75, 6.25], "texture": "#0", "cullface": "east"},
				"south": {"uv": [16, 4.75, 16, 6.25], "texture": "#0"},
				"west": {"uv": [7.25, 4.75, 8.75, 6.25], "texture": "#0"},
				"up": {"uv": [16, 7.25, 16, 8.75], "texture": "#0"},
				"down": {"uv": [0, 8.75, 0, 7.25], "texture": "#0"}
			}
		},
		{
			"name": "Element",
			"from": [23.25, 8.75, 7.5],
			"to": [23.75, 9.75, 8.5],
			"faces": {
				"north": {"uv": [0, 6.25, 0, 7.25], "texture": "#1"},
				"south": {"uv": [16, 6.25, 16, 7.25], "texture": "#1"},
				"west": {"uv": [7.5, 6.25, 8.5, 7.25], "texture": "#1"}
			}
		},
		{
			"name": "Element",
			"from": [24.5, 9.25, 7],
			"to": [24.75, 10.75, 9],
			"faces": {
				"north": {"uv": [0, 5.25, 0, 6.75], "texture": "#1"},
				"east": {"uv": [7, 5.25, 9, 6.75], "texture": "#1", "cullface": "east"},
				"south": {"uv": [16, 5.25, 16, 6.75], "texture": "#1"},
				"up": {"uv": [16, 7, 16, 9], "texture": "#1"},
				"down": {"uv": [0, 9, 0, 7], "texture": "#1"}
			}
		},
		{
			"name": "Element",
			"from": [24.5, 6.25, 7],
			"to": [24.75, 7.75, 9],
			"faces": {
				"north": {"uv": [0, 8.25, 0, 9.75], "texture": "#1"},
				"east": {"uv": [7, 8.25, 9, 9.75], "texture": "#1", "cullface": "east"},
				"south": {"uv": [16, 8.25, 16, 9.75], "texture": "#1"},
				"up": {"uv": [16, 7, 16, 9], "texture": "#1"},
				"down": {"uv": [0, 9, 0, 7], "texture": "#1"}
			}
		},
		{
			"name": "Element",
			"from": [24.75, 10, 7],
			"to": [25, 10.75, 9],
			"faces": {
				"north": {"uv": [0, 5.25, 0, 6], "texture": "#1"},
				"east": {"uv": [7, 5.25, 9, 6], "texture": "#1", "cullface": "east"},
				"south": {"uv": [16, 5.25, 16, 6], "texture": "#1"},
				"up": {"uv": [16, 7, 16, 9], "texture": "#1"},
				"down": {"uv": [0, 9, 0, 7], "texture": "#1"}
			}
		},
		{
			"name": "Element",
			"from": [24.75, 6.25, 7],
			"to": [25, 7, 9],
			"faces": {
				"north": {"uv": [0, 9, 0, 9.75], "texture": "#1"},
				"east": {"uv": [7, 9, 9, 9.75], "texture": "#1", "cullface": "east"},
				"south": {"uv": [16, 9, 16, 9.75], "texture": "#1"},
				"up": {"uv": [16, 7, 16, 9], "texture": "#1"},
				"down": {"uv": [0, 9, 0, 7], "texture": "#1"}
			}
		},
		{
			"name": "Cube",
			"from": [-16, 9.7, 7.5],
			"to": [-9, 10.3, 8.5],
			"faces": {
				"north": {"uv": [0, 0, 2, 0.6], "texture": "#0"},
				"east": {"uv": [0, 0, 1, 0.6], "texture": "#0"},
				"south": {"uv": [0, 0, 2, 0.6], "texture": "#0"},
				"west": {"uv": [0, 0, 1, 0.6], "texture": "#0"},
				"up": {"uv": [0, 0, 2, 1], "texture": "#0"},
				"down": {"uv": [0, 0, 2, 1], "texture": "#0"}
			}
		},
		{
			"name": "Cube",
			"from": [-16, 8.7, 7.5],
			"to": [-9, 9.3, 8.5],
			"faces": {
				"north": {"uv": [0, 0, 2, 0.6], "texture": "#0"},
				"east": {"uv": [0, 0, 1, 0.6], "texture": "#0"},
				"south": {"uv": [0, 0, 2, 0.6], "texture": "#0"},
				"west": {"uv": [0, 0, 1, 0.6], "texture": "#0"},
				"up": {"uv": [0, 0, 2, 1], "texture": "#0"},
				"down": {"uv": [0, 0, 2, 1], "texture": "#0"}
			}
		},
		{
			"name": "Cube",
			"from": [-16, 9, 7.2],
			"to": [-9, 10, 7.8],
			"faces": {
				"north": {"uv": [0, 0, 2, 1], "texture": "#0"},
				"east": {"uv": [0, 0, 0.6, 1], "texture": "#0"},
				"south": {"uv": [0, 0, 2, 1], "texture": "#0"},
				"west": {"uv": [0, 0, 0.6, 1], "texture": "#0"},
				"up": {"uv": [0, 0, 2, 0.6], "texture": "#0"},
				"down": {"uv": [0, 0, 2, 0.6], "texture": "#0"}
			}
		},
		{
			"name": "Cube",
			"from": [-16, 9, 8.2],
			"to": [-9, 10, 8.8],
			"faces": {
				"north": {"uv": [0, 0, 2, 1], "texture": "#0"},
				"east": {"uv": [0, 0, 0.6, 1], "texture": "#0"},
				"south": {"uv": [0, 0, 2, 1], "texture": "#0"},
				"west": {"uv": [0, 0, 0.6, 1], "texture": "#0"},
				"up": {"uv": [0, 0, 2, 0.6], "texture": "#0"},
				"down": {"uv": [0, 0, 2, 0.6], "texture": "#0"}
			}
		},
		{
			"name": "Cube",
			"from": [16.85, 5.9, 7.25],
			"to": [18, 6.9, 8.75],
			"faces": {
				"north": {"uv": [0, 8.25, 0, 12.25], "texture": "#1"},
				"east": {"uv": [7.5, 8.25, 8.5, 12.25], "texture": "#1", "cullface": "east"},
				"south": {"uv": [16, 8.25, 16, 12.25], "texture": "#1"},
				"west": {"uv": [7.5, 8.25, 8.5, 12.25], "texture": "#1"},
				"down": {"uv": [0, 8.5, 0, 7.5], "texture": "#1"}
			}
		},
		{
			"name": "Cube",
			"from": [17.15, 5.15, 7.25],
			"to": [18.3, 6.15, 8.75],
			"faces": {
				"north": {"uv": [0, 8.25, 0, 12.25], "texture": "#1"},
				"east": {"uv": [7.5, 8.25, 8.5, 12.25], "texture": "#1", "cullface": "east"},
				"south": {"uv": [16, 8.25, 16, 12.25], "texture": "#1"},
				"west": {"uv": [7.5, 8.25, 8.5, 12.25], "texture": "#1"},
				"down": {"uv": [0, 8.5, 0, 7.5], "texture": "#1"}
			}
		},
		{
			"name": "Cube",
			"from": [11.6, 6.5, 7.5],
			"to": [14.3, 7.5, 8.5],
			"rotation": {"angle": -22.5, "axis": "z", "origin": [8, 8, 8]},
			"faces": {
				"north": {"uv": [2, 8.25, 5.25, 10.75], "texture": "#1"},
				"east": {"uv": [7.5, 8.25, 8.5, 10.75], "texture": "#1"},
				"south": {"uv": [10.75, 8.25, 14, 10.75], "texture": "#1"},
				"west": {"uv": [7.5, 8.25, 8.5, 10.75], "texture": "#1"},
				"up": {"uv": [10.75, 7.5, 14, 8.5], "texture": "#1"},
				"down": {"uv": [5.25, 8.5, 2, 7.5], "texture": "#1"}
			}
		},
		{
			"name": "Cube",
			"from": [17.05, 3.75, 7],
			"to": [19.8, 4.75, 9],
			"faces": {
				"north": {"uv": [0, 5.25, 0, 9.75], "texture": "#1"},
				"east": {"uv": [7, 5.25, 9, 9.75], "texture": "#1", "cullface": "east"},
				"south": {"uv": [16, 5.25, 16, 9.75], "texture": "#1"},
				"west": {"uv": [7, 5.25, 9, 9.75], "texture": "#1"},
				"up": {"uv": [16, 7, 16, 9], "texture": "#1"},
				"down": {"uv": [0, 9, 0, 7], "texture": "#1"}
			}
		},
		{
			"name": "Cube",
			"from": [13.25, 4.2, 7.5],
			"to": [14.05, 6.65, 8.5],
			"faces": {
				"north": {"uv": [2, 8.25, 5.25, 10.75], "texture": "#1"},
				"east": {"uv": [7.5, 8.25, 8.5, 10.75], "texture": "#1"},
				"south": {"uv": [10.75, 8.25, 14, 10.75], "texture": "#1"},
				"west": {"uv": [7.5, 8.25, 8.5, 10.75], "texture": "#1"},
				"up": {"uv": [10.75, 7.5, 14, 8.5], "texture": "#1"},
				"down": {"uv": [5.25, 8.5, 2, 7.5], "texture": "#1"}
			}
		},
		{
			"name": "Cube",
			"from": [13.25, 5.45, 7.3],
			"to": [13.65, 7.95, 8.7],
			"faces": {
				"north": {"uv": [2, 8.25, 5.25, 10.75], "texture": "#1"},
				"east": {"uv": [7.5, 8.25, 8.5, 10.75], "texture": "#1"},
				"south": {"uv": [10.75, 8.25, 14, 10.75], "texture": "#1"},
				"west": {"uv": [7.5, 8.25, 8.5, 10.75], "texture": "#1"},
				"up": {"uv": [10.75, 7.5, 14, 8.5], "texture": "#1"},
				"down": {"uv": [5.25, 8.5, 2, 7.5], "texture": "#1"}
			}
		},
		{
			"name": "Cube",
			"from": [12.25, 5.95, 7.3],
			"to": [12.65, 8.45, 8.7],
			"faces": {
				"north": {"uv": [2, 8.25, 5.25, 10.75], "texture": "#1"},
				"east": {"uv": [7.5, 8.25, 8.5, 10.75], "texture": "#1"},
				"south": {"uv": [10.75, 8.25, 14, 10.75], "texture": "#1"},
				"west": {"uv": [7.5, 8.25, 8.5, 10.75], "texture": "#1"},
				"up": {"uv": [10.75, 7.5, 14, 8.5], "texture": "#1"},
				"down": {"uv": [5.25, 8.5, 2, 7.5], "texture": "#1"}
			}
		},
		{
			"name": "Cube",
			"from": [11.25, 6.45, 7.3],
			"to": [11.65, 8.95, 8.7],
			"faces": {
				"north": {"uv": [2, 8.25, 5.25, 10.75], "texture": "#1"},
				"east": {"uv": [7.5, 8.25, 8.5, 10.75], "texture": "#1"},
				"south": {"uv": [10.75, 8.25, 14, 10.75], "texture": "#1"},
				"west": {"uv": [7.5, 8.25, 8.5, 10.75], "texture": "#1"},
				"up": {"uv": [10.75, 7.5, 14, 8.5], "texture": "#1"},
				"down": {"uv": [5.25, 8.5, 2, 7.5], "texture": "#1"}
			}
		},
		{
			"name": "Cube",
			"from": [-7, 9.1, 6.6],
			"to": [0, 9.7, 7.2],
			"faces": {
				"north": {"uv": [0, 0, 2, 0.6], "texture": "#0"},
				"east": {"uv": [0, 0, 1, 0.6], "texture": "#0"},
				"south": {"uv": [0, 0, 2, 0.6], "texture": "#0"},
				"west": {"uv": [0, 0, 1, 0.6], "texture": "#0"},
				"up": {"uv": [0, 0, 2, 1], "texture": "#0"},
				"down": {"uv": [0, 0, 2, 1], "texture": "#0"}
			}
		},
		{
			"name": "Cube",
			"from": [-7, 9, 8.8],
			"to": [0, 9.6, 9.4],
			"faces": {
				"north": {"uv": [0, 0, 2, 0.6], "texture": "#0"},
				"east": {"uv": [0, 0, 1, 0.6], "texture": "#0"},
				"south": {"uv": [0, 0, 2, 0.6], "texture": "#0"},
				"west": {"uv": [0, 0, 1, 0.6], "texture": "#0"},
				"up": {"uv": [0, 0, 2, 1], "texture": "#0"},
				"down": {"uv": [0, 0, 2, 1], "texture": "#0"}
			}
		},
		{
			"name": "Cube",
			"from": [-8.5, 8.95, 6.5],
			"to": [-6.5, 9.75, 7.3],
			"faces": {
				"north": {"uv": [0, 5.25, 0, 9.75], "texture": "#1"},
				"east": {"uv": [7, 5.25, 9, 9.75], "texture": "#1", "cullface": "east"},
				"south": {"uv": [16, 5.25, 16, 9.75], "texture": "#1"},
				"west": {"uv": [7, 5.25, 9, 9.75], "texture": "#1"},
				"up": {"uv": [16, 7, 16, 9], "texture": "#1"},
				"down": {"uv": [0, 9, 0, 7], "texture": "#1"}
			}
		},
		{
			"name": "Cube",
			"from": [-8.5, 8.95, 8.7],
			"to": [-6.5, 9.75, 9.5],
			"faces": {
				"north": {"uv": [0, 5.25, 0, 9.75], "texture": "#1"},
				"east": {"uv": [7, 5.25, 9, 9.75], "texture": "#1", "cullface": "east"},
				"south": {"uv": [16, 5.25, 16, 9.75], "texture": "#1"},
				"west": {"uv": [7, 5.25, 9, 9.75], "texture": "#1"},
				"up": {"uv": [16, 7, 16, 9], "texture": "#1"},
				"down": {"uv": [0, 9, 0, 7], "texture": "#1"}
			}
		},
		{
			"name": "Cube",
			"from": [-0.5, 8.85, 6.5],
			"to": [0.5, 9.85, 9.5],
			"faces": {
				"north": {"uv": [0, 5.25, 0, 9.75], "texture": "#1"},
				"east": {"uv": [7, 5.25, 9, 9.75], "texture": "#1", "cullface": "east"},
				"south": {"uv": [16, 5.25, 16, 9.75], "texture": "#1"},
				"west": {"uv": [7, 5.25, 9, 9.75], "texture": "#1"},
				"up": {"uv": [16, 7, 16, 9], "texture": "#1"},
				"down": {"uv": [0, 9, 0, 7], "texture": "#1"}
			}
		},
		{
			"name": "Cube",
			"from": [-0.5, 9.45, 7.2],
			"to": [0.5, 10.45, 8.8],
			"faces": {
				"north": {"uv": [0, 5.25, 0, 9.75], "texture": "#1"},
				"east": {"uv": [7, 5.25, 9, 9.75], "texture": "#1", "cullface": "east"},
				"south": {"uv": [16, 5.25, 16, 9.75], "texture": "#1"},
				"west": {"uv": [7, 5.25, 9, 9.75], "texture": "#1"},
				"up": {"uv": [16, 7, 16, 9], "texture": "#1"},
				"down": {"uv": [0, 9, 0, 7], "texture": "#1"}
			}
		},
		{
			"name": "Cube",
			"from": [-0.5, 9.45, 7.2],
			"to": [0.5, 10.45, 8.8],
			"faces": {
				"north": {"uv": [0, 5.25, 0, 9.75], "texture": "#1"},
				"east": {"uv": [7, 5.25, 9, 9.75], "texture": "#1", "cullface": "east"},
				"south": {"uv": [16, 5.25, 16, 9.75], "texture": "#1"},
				"west": {"uv": [7, 5.25, 9, 9.75], "texture": "#1"},
				"up": {"uv": [16, 7, 16, 9], "texture": "#1"},
				"down": {"uv": [0, 9, 0, 7], "texture": "#1"}
			}
		},
		{
			"name": "Cube",
			"from": [-0.5, 8.55, 7],
			"to": [0.5, 10.25, 9],
			"faces": {
				"north": {"uv": [0, 5.25, 0, 9.75], "texture": "#1"},
				"east": {"uv": [7, 5.25, 9, 9.75], "texture": "#1", "cullface": "east"},
				"south": {"uv": [16, 5.25, 16, 9.75], "texture": "#1"},
				"west": {"uv": [7, 5.25, 9, 9.75], "texture": "#1"},
				"up": {"uv": [16, 7, 16, 9], "texture": "#1"},
				"down": {"uv": [0, 9, 0, 7], "texture": "#1"}
			}
		},
		{
			"name": "Cube",
			"from": [-0.5, 8.65, 6.7],
			"to": [0.5, 10.05, 9.3],
			"faces": {
				"north": {"uv": [0, 5.25, 0, 9.75], "texture": "#1"},
				"east": {"uv": [7, 5.25, 9, 9.75], "texture": "#1", "cullface": "east"},
				"south": {"uv": [16, 5.25, 16, 9.75], "texture": "#1"},
				"west": {"uv": [7, 5.25, 9, 9.75], "texture": "#1"},
				"up": {"uv": [16, 7, 16, 9], "texture": "#1"},
				"down": {"uv": [0, 9, 0, 7], "texture": "#1"}
			}
		},
		{
			"from": [9, 11.25, 7.5],
			"to": [16, 11.5, 8.5],
			"faces": {
				"north": {"uv": [0, 5, 6.25, 5.25], "texture": "#1", "cullface": "east"},
				"south": {"uv": [9.75, 5, 16, 5.25], "texture": "#1", "cullface": "east"},
				"up": {"uv": [9.75, 7.5, 16, 8.5], "texture": "#1", "cullface": "east"},
				"down": {"uv": [6.25, 8.5, 0, 7.5], "texture": "#1", "cullface": "east"}
			}
		},
		{
			"from": [8.75, 11.5, 8.5],
			"to": [16.5, 12.5, 8.75],
			"faces": {
				"north": {"uv": [0, 4, 6.5, 5], "texture": "#1", "cullface": "east"},
				"east": {"uv": [7.25, 4, 7.5, 5], "texture": "#1", "cullface": "east"},
				"south": {"uv": [9.5, 4, 16, 5], "texture": "#1", "cullface": "east"},
				"west": {"uv": [8.5, 4, 8.75, 5], "texture": "#1", "cullface": "east"},
				"up": {"uv": [9.5, 8.5, 16, 8.75], "texture": "#1", "cullface": "east"},
				"down": {"uv": [6.5, 8.75, 0, 8.5], "texture": "#1", "cullface": "east"}
			}
		},
		{
			"from": [9, 12.5, 7.5],
			"to": [16, 12.75, 8.5],
			"faces": {
				"north": {"uv": [0, 3.75, 6.25, 4], "texture": "#1", "cullface": "east"},
				"south": {"uv": [9.75, 3.75, 16, 4], "texture": "#1", "cullface": "east"},
				"up": {"uv": [9.75, 7.5, 16, 8.5], "texture": "#1", "cullface": "east"},
				"down": {"uv": [6.25, 8.5, 0, 7.5], "texture": "#1", "cullface": "east"}
			}
		},
		{
			"from": [8.75, 11.5, 7.25],
			"to": [16.5, 12.5, 7.5],
			"faces": {
				"north": {"uv": [0, 4, 6.5, 5], "texture": "#1", "cullface": "east"},
				"east": {"uv": [8.5, 4, 8.75, 5], "texture": "#1", "cullface": "east"},
				"south": {"uv": [9.5, 4, 16, 5], "texture": "#1", "cullface": "east"},
				"west": {"uv": [7.25, 4, 7.5, 5], "texture": "#1", "cullface": "east"},
				"up": {"uv": [9.5, 7.25, 16, 7.5], "texture": "#1", "cullface": "east"},
				"down": {"uv": [6.5, 7.5, 0, 7.25], "texture": "#1", "cullface": "east"}
			}
		},
		{
			"from": [16, 12.5, 7.25],
			"to": [16.5, 12.75, 8.75],
			"faces": {
				"north": {"uv": [0, 3.75, 0, 4], "texture": "#1", "cullface": "east"},
				"east": {"uv": [7.25, 3.75, 8.75, 4], "texture": "#1", "cullface": "east"},
				"south": {"uv": [16, 3.75, 16, 4], "texture": "#1", "cullface": "east"},
				"west": {"uv": [7.25, 3.75, 8.75, 4], "texture": "#1", "cullface": "east"},
				"up": {"uv": [16, 7.25, 16, 8.75], "texture": "#1", "cullface": "east"},
				"down": {"uv": [0, 8.75, 0, 7.25], "texture": "#1", "cullface": "east"}
			}
		},
		{
			"from": [16.5, 12.75, 7.25],
			"to": [18.25, 13, 8.75],
			"faces": {
				"north": {"uv": [0, 3.5, 0, 3.75], "texture": "#1", "cullface": "east"},
				"east": {"uv": [7.25, 3.5, 8.75, 3.75], "texture": "#1", "cullface": "east"},
				"south": {"uv": [16, 3.5, 16, 3.75], "texture": "#1", "cullface": "east"},
				"west": {"uv": [7.25, 3.5, 8.75, 3.75], "texture": "#1", "cullface": "east"},
				"up": {"uv": [16, 7.25, 16, 8.75], "texture": "#1", "cullface": "east"},
				"down": {"uv": [0, 8.75, 0, 7.25], "texture": "#1", "cullface": "east"}
			}
		},
		{
			"from": [16, 11.25, 7.25],
			"to": [16.5, 11.5, 8.75],
			"faces": {
				"north": {"uv": [0, 5, 0, 5.25], "texture": "#1", "cullface": "east"},
				"east": {"uv": [7.25, 5, 8.75, 5.25], "texture": "#1", "cullface": "east"},
				"south": {"uv": [16, 5, 16, 5.25], "texture": "#1", "cullface": "east"},
				"west": {"uv": [7.25, 5, 8.75, 5.25], "texture": "#1", "cullface": "east"},
				"up": {"uv": [16, 7.25, 16, 8.75], "texture": "#1", "cullface": "east"},
				"down": {"uv": [0, 8.75, 0, 7.25], "texture": "#1", "cullface": "east"}
			}
		},
		{
			"from": [16.5, 11, 7.25],
			"to": [18.25, 11.25, 8.75],
			"faces": {
				"north": {"uv": [0, 5.25, 0, 5.5], "texture": "#1", "cullface": "east"},
				"east": {"uv": [7.25, 5.25, 8.75, 5.5], "texture": "#1", "cullface": "east"},
				"south": {"uv": [16, 5.25, 16, 5.5], "texture": "#1", "cullface": "east"},
				"west": {"uv": [7.25, 5.25, 8.75, 5.5], "texture": "#1", "cullface": "east"},
				"up": {"uv": [16, 7.25, 16, 8.75], "texture": "#1", "cullface": "east"},
				"down": {"uv": [0, 8.75, 0, 7.25], "texture": "#1", "cullface": "east"}
			}
		},
		{
			"from": [16.5, 11.25, 8.75],
			"to": [18.25, 12.75, 9],
			"faces": {
				"north": {"uv": [0, 3.75, 0, 5.25], "texture": "#1", "cullface": "east"},
				"east": {"uv": [7, 3.75, 7.25, 5.25], "texture": "#1", "cullface": "east"},
				"south": {"uv": [16, 3.75, 16, 5.25], "texture": "#1", "cullface": "east"},
				"west": {"uv": [8.75, 3.75, 9, 5.25], "texture": "#1", "cullface": "east"},
				"up": {"uv": [16, 8.75, 16, 9], "texture": "#1", "cullface": "east"},
				"down": {"uv": [0, 9, 0, 8.75], "texture": "#1", "cullface": "east"}
			}
		},
		{
			"from": [16.5, 11.25, 7],
			"to": [18.25, 12.75, 7.25],
			"faces": {
				"north": {"uv": [0, 3.75, 0, 5.25], "texture": "#1", "cullface": "east"},
				"east": {"uv": [8.75, 3.75, 9, 5.25], "texture": "#1", "cullface": "east"},
				"south": {"uv": [16, 3.75, 16, 5.25], "texture": "#1", "cullface": "east"},
				"west": {"uv": [7, 3.75, 7.25, 5.25], "texture": "#1", "cullface": "east"},
				"up": {"uv": [16, 7, 16, 7.25], "texture": "#1", "cullface": "east"},
				"down": {"uv": [0, 7.25, 0, 7], "texture": "#1", "cullface": "east"}
			}
		},
		{
			"from": [16.5, 12.5, 7.25],
			"to": [18.25, 12.75, 7.5],
			"faces": {
				"east": {"uv": [8.5, 3.75, 8.75, 4], "texture": "#1", "cullface": "east"},
				"south": {"uv": [16, 3.75, 16, 4], "texture": "#1", "cullface": "east"},
				"down": {"uv": [0, 7.5, 0, 7.25], "texture": "#1", "cullface": "east"}
			}
		},
		{
			"from": [16.5, 12.5, 8.5],
			"to": [18.25, 12.75, 8.75],
			"faces": {
				"north": {"uv": [0, 3.75, 0, 4], "texture": "#1", "cullface": "east"},
				"east": {"uv": [7.25, 3.75, 7.5, 4], "texture": "#1", "cullface": "east"},
				"down": {"uv": [0, 8.75, 0, 8.5], "texture": "#1", "cullface": "east"}
			}
		},
		{
			"from": [16.5, 11.25, 7.25],
			"to": [18.25, 11.5, 7.5],
			"faces": {
				"east": {"uv": [8.5, 5, 8.75, 5.25], "texture": "#1", "cullface": "east"},
				"south": {"uv": [16, 5, 16, 5.25], "texture": "#1", "cullface": "east"},
				"up": {"uv": [16, 7.25, 16, 7.5], "texture": "#1", "cullface": "east"}
			}
		},
		{
			"from": [16.5, 11.25, 8.5],
			"to": [18.25, 11.5, 8.75],
			"faces": {
				"north": {"uv": [0, 5, 0, 5.25], "texture": "#1", "cullface": "east"},
				"east": {"uv": [7.25, 5, 7.5, 5.25], "texture": "#1", "cullface": "east"},
				"up": {"uv": [16, 8.5, 16, 8.75], "texture": "#1", "cullface": "east"}
			}
		},
		{
			"from": [8.75, 12.5, 7.25],
			"to": [9, 12.75, 8.75],
			"faces": {
				"north": {"uv": [6.25, 3.75, 6.5, 4], "texture": "#1"},
				"east": {"uv": [7.25, 3.75, 8.75, 4], "texture": "#1"},
				"south": {"uv": [9.5, 3.75, 9.75, 4], "texture": "#1"},
				"west": {"uv": [7.25, 3.75, 8.75, 4], "texture": "#1"},
				"up": {"uv": [9.5, 7.25, 9.75, 8.75], "texture": "#1"},
				"down": {"uv": [6.5, 8.75, 6.25, 7.25], "texture": "#1"}
			}
		},
		{
			"from": [8.75, 11.25, 7.25],
			"to": [9, 11.5, 8.75],
			"faces": {
				"north": {"uv": [6.25, 5, 6.5, 5.25], "texture": "#1"},
				"east": {"uv": [7.25, 5, 8.75, 5.25], "texture": "#1"},
				"south": {"uv": [9.5, 5, 9.75, 5.25], "texture": "#1"},
				"west": {"uv": [7.25, 5, 8.75, 5.25], "texture": "#1"},
				"up": {"uv": [9.5, 7.25, 9.75, 8.75], "texture": "#1"},
				"down": {"uv": [6.5, 8.75, 6.25, 7.25], "texture": "#1"}
			}
		},
		{
			"from": [8.25, 12.75, 7.25],
			"to": [8.75, 13, 8.75],
			"faces": {
				"north": {"uv": [6.5, 3.5, 7, 3.75], "texture": "#1"},
				"east": {"uv": [7.25, 3.5, 8.75, 3.75], "texture": "#1"},
				"south": {"uv": [9, 3.5, 9.5, 3.75], "texture": "#1"},
				"up": {"uv": [9, 7.25, 9.5, 8.75], "texture": "#1"},
				"down": {"uv": [7, 8.75, 6.5, 7.25], "texture": "#1"}
			}
		},
		{
			"from": [8, 11.25, 7],
			"to": [8.75, 12.75, 7.25],
			"faces": {
				"north": {"uv": [6.5, 3.75, 7.25, 5.25], "texture": "#1"},
				"east": {"uv": [8.75, 3.75, 9, 5.25], "texture": "#1"},
				"south": {"uv": [8.75, 3.75, 9.5, 5.25], "texture": "#1"},
				"west": {"uv": [7, 3.75, 7.25, 5.25], "texture": "#1"},
				"up": {"uv": [8.75, 7, 9.5, 7.25], "texture": "#1"},
				"down": {"uv": [7.25, 7.25, 6.5, 7], "texture": "#1"}
			}
		},
		{
			"from": [8.25, 11, 7.25],
			"to": [8.75, 11.25, 8.75],
			"faces": {
				"north": {"uv": [6.5, 5.25, 7, 5.5], "texture": "#1"},
				"east": {"uv": [7.25, 5.25, 8.75, 5.5], "texture": "#1"},
				"south": {"uv": [9, 5.25, 9.5, 5.5], "texture": "#1"},
				"up": {"uv": [9, 7.25, 9.5, 8.75], "texture": "#1"},
				"down": {"uv": [7, 8.75, 6.5, 7.25], "texture": "#1"}
			}
		},
		{
			"from": [8, 11.25, 8.75],
			"to": [8.75, 12.75, 9],
			"faces": {
				"north": {"uv": [6.5, 3.75, 7.25, 5.25], "texture": "#1"},
				"east": {"uv": [7, 3.75, 7.25, 5.25], "texture": "#1"},
				"south": {"uv": [8.75, 3.75, 9.5, 5.25], "texture": "#1"},
				"west": {"uv": [8.75, 3.75, 9, 5.25], "texture": "#1"},
				"up": {"uv": [8.75, 8.75, 9.5, 9], "texture": "#1"},
				"down": {"uv": [7.25, 9, 6.5, 8.75], "texture": "#1"}
			}
		},
		{
			"from": [8, 12.75, 7],
			"to": [8.25, 13, 9],
			"faces": {
				"north": {"uv": [7, 3.5, 7.25, 3.75], "texture": "#1"},
				"east": {"uv": [7, 3.5, 9, 3.75], "texture": "#1"},
				"south": {"uv": [8.75, 3.5, 9, 3.75], "texture": "#1"},
				"west": {"uv": [7, 3.5, 9, 3.75], "texture": "#1"},
				"up": {"uv": [8.75, 7, 9, 9], "texture": "#1"},
				"down": {"uv": [7.25, 9, 7, 7], "texture": "#1"}
			}
		},
		{
			"from": [8, 11, 7],
			"to": [8.25, 11.25, 9],
			"faces": {
				"north": {"uv": [7, 5.25, 7.25, 5.5], "texture": "#1"},
				"east": {"uv": [7, 5.25, 9, 5.5], "texture": "#1"},
				"south": {"uv": [8.75, 5.25, 9, 5.5], "texture": "#1"},
				"west": {"uv": [7, 5.25, 9, 5.5], "texture": "#1"},
				"up": {"uv": [8.75, 7, 9, 9], "texture": "#1"},
				"down": {"uv": [7.25, 9, 7, 7], "texture": "#1"}
			}
		},
		{
			"from": [6, 13, 7],
			"to": [8, 13.25, 9],
			"faces": {
				"north": {"uv": [7.25, 3.25, 9, 3.5], "texture": "#1"},
				"east": {"uv": [7.25, 3.25, 8.75, 3.5], "texture": "#1"},
				"south": {"uv": [7, 3.25, 8.75, 3.5], "texture": "#1"},
				"west": {"uv": [7.25, 3.25, 8.75, 3.5], "texture": "#1"},
				"up": {"uv": [7, 7.25, 8.75, 8.75], "texture": "#1"},
				"down": {"uv": [9, 8.75, 7.25, 7.25], "texture": "#1"}
			}
		},
		{
			"from": [6, 11, 9],
			"to": [8, 13, 9.25],
			"faces": {
				"north": {"uv": [7.25, 3.75, 9, 5.25], "texture": "#1"},
				"east": {"uv": [6.75, 3.75, 7, 5.25], "texture": "#1"},
				"south": {"uv": [7, 3.75, 8.75, 5.25], "texture": "#1"},
				"west": {"uv": [9, 3.75, 9.25, 5.25], "texture": "#1"},
				"up": {"uv": [7, 9, 8.75, 9.25], "texture": "#1"},
				"down": {"uv": [9, 9.25, 7.25, 9], "texture": "#1"}
			}
		},
		{
			"from": [6, 10.75, 7],
			"to": [8, 11, 9],
			"faces": {
				"north": {"uv": [7.25, 5.5, 9, 5.75], "texture": "#1"},
				"east": {"uv": [7.25, 5.5, 8.75, 5.75], "texture": "#1"},
				"south": {"uv": [7, 5.5, 8.75, 5.75], "texture": "#1"},
				"west": {"uv": [7.25, 5.5, 8.75, 5.75], "texture": "#1"},
				"up": {"uv": [7, 7.25, 8.75, 8.75], "texture": "#1"},
				"down": {"uv": [9, 8.75, 7.25, 7.25], "texture": "#1"}
			}
		},
		{
			"from": [6, 11, 6.75],
			"to": [8, 13, 7],
			"faces": {
				"north": {"uv": [7.25, 3.75, 9, 5.25], "texture": "#1"},
				"east": {"uv": [9, 3.75, 9.25, 5.25], "texture": "#1"},
				"south": {"uv": [7, 3.75, 8.75, 5.25], "texture": "#1"},
				"west": {"uv": [6.75, 3.75, 7, 5.25], "texture": "#1"},
				"up": {"uv": [7, 6.75, 8.75, 7], "texture": "#1"},
				"down": {"uv": [9, 7, 7.25, 6.75], "texture": "#1"}
			}
		},
		{
			"name": "Element",
			"from": [14, 11.25, 8.5],
			"to": [14.5, 12.75, 8.75],
			"faces": {
				"north": {"uv": [4, 3.25, 4.5, 4.75], "texture": "#1"},
				"east": {"uv": [7.25, 3.25, 8.75, 4.75], "texture": "#1"},
				"south": {"uv": [11.5, 3.25, 12, 4.75], "texture": "#1"},
				"west": {"uv": [7.25, 3.25, 8.75, 4.75], "texture": "#1"},
				"up": {"uv": [11.5, 7.25, 12, 8.75], "texture": "#1"},
				"down": {"uv": [4.5, 8.75, 4, 7.25], "texture": "#1"}
			}
		}
	],
	"display": {
		"thirdperson_righthand": {
			"rotation": [0, -90, 0],
			"translation": [0, 0.25, -7.5],
			"scale": [1.09, 1, 1]
		},
		"thirdperson_lefthand": {
			"rotation": [0, 90, 0],
			"translation": [0, 0.25, -7.5],
			"scale": [1.09, 1, 1]
		},
		"firstperson_righthand": {
			"rotation": [0, -90, 0],
			"translation": [0, 2, -8],
			"scale": [1.09, 1, 1]
		},
		"firstperson_lefthand": {
			"rotation": [0, 90, 0],
			"translation": [0, 2, -8],
			"scale": [1.09, 1, 1]
		},
		"ground": {
			"scale": [1.15, 1.04, 1.04]
		},
		"gui": {
			"rotation": [0, 0, -45],
			"translation": [0.75, -1.5, 0],
			"scale": [0.57, 0.54, 0.54]
		},
		"fixed": {
			"rotation": [0, 180, -45],
			"translation": [-1.6, -2.35, -1.5],
			"scale": [1.04, 0.94, 0.94]
		}
	}
}