{
	"credit": "Made by SrDarmith - YouTube: Mainclay",
	"textures": {
		"texture": "blocks/door wood lower",
		"particle": "blocks/anvil 1",
		"anvil 1": "blocks/anvil 1",
		"woo colored black": "blocks/woo colored black"
	},
	"elements": [
		{
			"from": [-12, 8.5, 7.75],
			"to": [0, 9, 8.25],
			"faces": {
				"north": {"uv": [16, 7, 16, 7.5], "texture": "#anvil 1", "cullface": "west"},
				"south": {"uv": [0, 7, 0, 7.5], "texture": "#anvil 1", "cullface": "west"},
				"west": {"uv": [7.75, 7, 8.25, 7.5], "texture": "#anvil 1", "cullface": "west"},
				"up": {"uv": [0, 7.75, 0, 8.25], "texture": "#anvil 1", "cullface": "west"},
				"down": {"uv": [16, 8.25, 16, 7.75], "texture": "#anvil 1", "cullface": "west"}
			}
		},
		{
			"from": [-2.5, 9.5, 7.75],
			"to": [0, 9.75, 8.25],
			"faces": {
				"north": {"uv": [16, 6.25, 16, 6.5], "texture": "#anvil 1", "cullface": "west"},
				"south": {"uv": [0, 6.25, 0, 6.5], "texture": "#anvil 1", "cullface": "west"},
				"west": {"uv": [7.75, 6.25, 8.25, 6.5], "texture": "#anvil 1", "cullface": "west"},
				"up": {"uv": [0, 7.75, 0, 8.25], "texture": "#anvil 1", "cullface": "west"}
			}
		},
		{
			"from": [-3.25, 9, 7.75],
			"to": [-2, 9.25, 8.25],
			"faces": {
				"north": {"uv": [16, 6.75, 16, 7], "texture": "#anvil 1", "cullface": "west"},
				"east": {"uv": [7.75, 6.75, 8.25, 7], "texture": "#anvil 1", "cullface": "west"},
				"south": {"uv": [0, 6.75, 0, 7], "texture": "#anvil 1", "cullface": "west"},
				"west": {"uv": [7.75, 6.75, 8.25, 7], "texture": "#anvil 1", "cullface": "west"},
				"up": {"uv": [0, 7.75, 0, 8.25], "texture": "#anvil 1", "cullface": "west"}
			}
		},
		{
			"from": [-2.75, 9.25, 7.75],
			"to": [0, 9.5, 8.25],
			"faces": {
				"north": {"uv": [16, 6.5, 16, 6.75], "texture": "#anvil 1", "cullface": "west"},
				"south": {"uv": [0, 6.5, 0, 6.75], "texture": "#anvil 1", "cullface": "west"},
				"west": {"uv": [7.75, 6.5, 8.25, 6.75], "texture": "#anvil 1", "cullface": "west"},
				"up": {"uv": [0, 7.75, 0, 8.25], "texture": "#anvil 1", "cullface": "west"},
				"down": {"uv": [16, 8.25, 16, 7.75], "texture": "#anvil 1", "cullface": "west"}
			}
		},
		{
			"from": [0, 8.5, 7.25],
			"to": [0.25, 9.75, 8.75],
			"faces": {
				"north": {"uv": [15.75, 6.25, 16, 7.5], "texture": "#texture"},
				"east": {"uv": [7.25, 6.25, 8.75, 7.5], "texture": "#texture"},
				"south": {"uv": [0, 6.25, 0.25, 7.5], "texture": "#texture"},
				"west": {"uv": [7.25, 6.25, 8.75, 7.5], "texture": "#texture", "cullface": "west"},
				"up": {"uv": [0, 7.25, 0.25, 8.75], "texture": "#texture"},
				"down": {"uv": [16, 8.75, 15.75, 7.25], "texture": "#texture"}
			}
		},
		{
			"from": [0.25, 9.5, 7.25],
			"to": [9, 9.75, 8.75],
			"faces": {
				"north": {"uv": [7, 6.25, 15.75, 6.5], "texture": "#texture"},
				"south": {"uv": [0.25, 6.25, 9, 6.5], "texture": "#texture"},
				"up": {"uv": [0.25, 7.25, 9, 8.75], "texture": "#texture"},
				"down": {"uv": [15.75, 8.75, 7, 7.25], "texture": "#texture"}
			}
		},
		{
			"from": [0, 8.25, 7.5],
			"to": [0.25, 10, 8.5],
			"faces": {
				"north": {"uv": [15.75, 6, 16, 7.75], "texture": "#texture"},
				"east": {"uv": [7.5, 6, 8.5, 7.75], "texture": "#texture"},
				"south": {"uv": [0, 6, 0.25, 7.75], "texture": "#texture"},
				"west": {"uv": [7.5, 6, 8.5, 7.75], "texture": "#texture", "cullface": "west"},
				"up": {"uv": [0, 7.5, 0.25, 8.5], "texture": "#texture"},
				"down": {"uv": [16, 8.5, 15.75, 7.5], "texture": "#texture"}
			}
		},
		{
			"from": [9, 8.25, 7.25],
			"to": [9.5, 10, 8.75],
			"faces": {
				"north": {"uv": [6.5, 6, 7, 7.75], "texture": "#anvil 1"},
				"east": {"uv": [7.25, 6, 8.75, 7.75], "texture": "#anvil 1"},
				"south": {"uv": [9, 6, 9.5, 7.75], "texture": "#anvil 1"},
				"west": {"uv": [7.25, 6, 8.75, 7.75], "texture": "#anvil 1"},
				"up": {"uv": [9, 7.25, 9.5, 8.75], "texture": "#anvil 1"},
				"down": {"uv": [7, 8.75, 6.5, 7.25], "texture": "#anvil 1"}
			}
		},
		{
			"from": [0.25, 9.75, 7.5],
			"to": [9, 10, 8.5],
			"faces": {
				"north": {"uv": [7, 6, 15.75, 6.25], "texture": "#texture"},
				"south": {"uv": [0.25, 6, 9, 6.25], "texture": "#texture"},
				"up": {"uv": [0.25, 7.5, 9, 8.5], "texture": "#texture"}
			}
		},
		{
			"from": [0.25, 9, 7.25],
			"to": [9, 9.25, 8.75],
			"faces": {
				"north": {"uv": [7, 6.75, 15.75, 7], "texture": "#texture"},
				"south": {"uv": [0.25, 6.75, 9, 7], "texture": "#texture"},
				"up": {"uv": [0.25, 7.25, 9, 8.75], "texture": "#texture"},
				"down": {"uv": [15.75, 8.75, 7, 7.25], "texture": "#texture"}
			}
		},
		{
			"from": [-10, 9, 7.75],
			"to": [-9.5, 10, 8.25],
			"faces": {
				"north": {"uv": [16, 6, 16, 7], "texture": "#anvil 1", "cullface": "west"},
				"east": {"uv": [7.75, 6, 8.25, 7], "texture": "#anvil 1", "cullface": "west"},
				"south": {"uv": [0, 6, 0, 7], "texture": "#anvil 1", "cullface": "west"},
				"west": {"uv": [7.75, 6, 8.25, 7], "texture": "#anvil 1", "cullface": "west"},
				"up": {"uv": [0, 7.75, 0, 8.25], "texture": "#anvil 1", "cullface": "west"}
			}
		},
		{
			"from": [-10, 10, 7.5],
			"to": [-9.5, 10.5, 7.75],
			"faces": {
				"north": {"uv": [16, 5.5, 16, 6], "texture": "#anvil 1", "cullface": "west"},
				"east": {"uv": [8.25, 5.5, 8.5, 6], "texture": "#anvil 1", "cullface": "west"},
				"south": {"uv": [0, 5.5, 0, 6], "texture": "#anvil 1", "cullface": "west"},
				"west": {"uv": [7.5, 5.5, 7.75, 6], "texture": "#anvil 1", "cullface": "west"},
				"up": {"uv": [0, 7.5, 0, 7.75], "texture": "#anvil 1", "cullface": "west"},
				"down": {"uv": [16, 7.75, 16, 7.5], "texture": "#anvil 1", "cullface": "west"}
			}
		},
		{
			"from": [-10, 10, 8.25],
			"to": [-9.5, 10.5, 8.5],
			"faces": {
				"north": {"uv": [16, 5.5, 16, 6], "texture": "#anvil 1", "cullface": "west"},
				"east": {"uv": [7.5, 5.5, 7.75, 6], "texture": "#anvil 1", "cullface": "west"},
				"south": {"uv": [0, 5.5, 0, 6], "texture": "#anvil 1", "cullface": "west"},
				"west": {"uv": [8.25, 5.5, 8.5, 6], "texture": "#anvil 1", "cullface": "west"},
				"up": {"uv": [0, 8.25, 0, 8.5], "texture": "#anvil 1", "cullface": "west"},
				"down": {"uv": [16, 8.5, 16, 8.25], "texture": "#anvil 1", "cullface": "west"}
			}
		},
		{
			"from": [-10, 10.5, 7.75],
			"to": [-9.5, 10.75, 8.25],
			"faces": {
				"north": {"uv": [16, 5.25, 16, 5.5], "texture": "#anvil 1", "cullface": "west"},
				"east": {"uv": [7.75, 5.25, 8.25, 5.5], "texture": "#anvil 1", "cullface": "west"},
				"south": {"uv": [0, 5.25, 0, 5.5], "texture": "#anvil 1", "cullface": "west"},
				"west": {"uv": [7.75, 5.25, 8.25, 5.5], "texture": "#anvil 1", "cullface": "west"},
				"up": {"uv": [0, 7.75, 0, 8.25], "texture": "#anvil 1", "cullface": "west"},
				"down": {"uv": [16, 8.25, 16, 7.75], "texture": "#anvil 1", "cullface": "west"}
			}
		},
		{
			"from": [0.25, 8.5, 7.25],
			"to": [9, 8.75, 8.75],
			"faces": {
				"north": {"uv": [7, 7.25, 15.75, 7.5], "texture": "#texture"},
				"south": {"uv": [0.25, 7.25, 9, 7.5], "texture": "#texture"},
				"up": {"uv": [0.25, 7.25, 9, 8.75], "texture": "#texture"},
				"down": {"uv": [15.75, 8.75, 7, 7.25], "texture": "#texture"}
			}
		},
		{
			"from": [0.25, 9.25, 7.25],
			"to": [0.75, 9.5, 8.75],
			"faces": {
				"north": {"uv": [15.25, 6.5, 15.75, 6.75], "texture": "#texture"},
				"east": {"uv": [7.25, 6.5, 8.75, 6.75], "texture": "#texture"},
				"south": {"uv": [0.25, 6.5, 0.75, 6.75], "texture": "#texture"}
			}
		},
		{
			"from": [0.25, 8.75, 7.25],
			"to": [1.75, 9, 8.75],
			"faces": {
				"north": {"uv": [14.25, 7, 15.75, 7.25], "texture": "#texture"},
				"east": {"uv": [7.25, 7, 8.75, 7.25], "texture": "#texture"},
				"south": {"uv": [0.25, 7, 1.75, 7.25], "texture": "#texture"}
			}
		},
		{
			"from": [1.5, 9.25, 7.25],
			"to": [2.5, 9.5, 8.75],
			"faces": {
				"north": {"uv": [13.5, 6.5, 14.5, 6.75], "texture": "#texture"},
				"east": {"uv": [7.25, 6.5, 8.75, 6.75], "texture": "#texture"},
				"south": {"uv": [1.5, 6.5, 2.5, 6.75], "texture": "#texture"},
				"west": {"uv": [7.25, 6.5, 8.75, 6.75], "texture": "#texture"}
			}
		},
		{
			"from": [2.5, 8.75, 7.25],
			"to": [3.5, 9, 8.75],
			"faces": {
				"north": {"uv": [12.5, 7, 13.5, 7.25], "texture": "#texture"},
				"east": {"uv": [7.25, 7, 8.75, 7.25], "texture": "#texture"},
				"south": {"uv": [2.5, 7, 3.5, 7.25], "texture": "#texture"},
				"west": {"uv": [7.25, 7, 8.75, 7.25], "texture": "#texture"}
			}
		},
		{
			"from": [3.25, 9.25, 7.25],
			"to": [4.25, 9.5, 8.75],
			"faces": {
				"north": {"uv": [11.75, 6.5, 12.75, 6.75], "texture": "#texture"},
				"east": {"uv": [7.25, 6.5, 8.75, 6.75], "texture": "#texture"},
				"south": {"uv": [3.25, 6.5, 4.25, 6.75], "texture": "#texture"},
				"west": {"uv": [7.25, 6.5, 8.75, 6.75], "texture": "#texture"}
			}
		},
		{
			"from": [4.25, 8.75, 7.25],
			"to": [5.25, 9, 8.75],
			"faces": {
				"north": {"uv": [10.75, 7, 11.75, 7.25], "texture": "#texture"},
				"east": {"uv": [7.25, 7, 8.75, 7.25], "texture": "#texture"},
				"south": {"uv": [4.25, 7, 5.25, 7.25], "texture": "#texture"},
				"west": {"uv": [7.25, 7, 8.75, 7.25], "texture": "#texture"}
			}
		},
		{
			"from": [5, 9.25, 7.25],
			"to": [9, 9.5, 8.75],
			"faces": {
				"north": {"uv": [7, 6.5, 11, 6.75], "texture": "#texture"},
				"south": {"uv": [5, 6.5, 9, 6.75], "texture": "#texture"},
				"west": {"uv": [7.25, 6.5, 8.75, 6.75], "texture": "#texture"}
			}
		},
		{
			"from": [6, 8.75, 7.25],
			"to": [9, 9, 8.75],
			"faces": {
				"north": {"uv": [7, 7, 10, 7.25], "texture": "#texture"},
				"south": {"uv": [6, 7, 9, 7.25], "texture": "#texture"},
				"west": {"uv": [7.25, 7, 8.75, 7.25], "texture": "#texture"}
			}
		},
		{
			"from": [9.5, 9.5, 7.25],
			"to": [19.75, 9.75, 8.75],
			"faces": {
				"north": {"uv": [0, 6.25, 6.5, 6.5], "texture": "#anvil 1", "cullface": "east"},
				"east": {"uv": [7.25, 6.25, 8.75, 6.5], "texture": "#anvil 1", "cullface": "east"},
				"south": {"uv": [9.5, 6.25, 16, 6.5], "texture": "#anvil 1", "cullface": "east"},
				"up": {"uv": [9.5, 7.25, 16, 8.75], "texture": "#anvil 1", "cullface": "east"},
				"down": {"uv": [6.5, 8.75, 0, 7.25], "texture": "#anvil 1", "cullface": "east"}
			}
		},
		{
			"from": [9.5, 9.75, 7.5],
			"to": [19.25, 10, 8.5],
			"faces": {
				"north": {"uv": [0, 6, 6.5, 6.25], "texture": "#anvil 1", "cullface": "east"},
				"east": {"uv": [7.5, 6, 8.5, 6.25], "texture": "#anvil 1", "cullface": "east"},
				"south": {"uv": [9.5, 6, 16, 6.25], "texture": "#anvil 1", "cullface": "east"},
				"up": {"uv": [9.5, 7.5, 16, 8.5], "texture": "#anvil 1", "cullface": "east"}
			}
		},
		{
			"from": [9.5, 8, 7],
			"to": [17.75, 9.5, 9],
			"faces": {
				"north": {"uv": [0, 6.5, 6.5, 8], "texture": "#anvil 1", "cullface": "east"},
				"east": {"uv": [7, 6.5, 9, 8], "texture": "#anvil 1", "cullface": "east"},
				"south": {"uv": [9.5, 6.5, 16, 8], "texture": "#anvil 1", "cullface": "east"},
				"west": {"uv": [7, 6.5, 9, 8], "texture": "#anvil 1", "cullface": "east"},
				"up": {"uv": [9.5, 7, 16, 9], "texture": "#anvil 1", "cullface": "east"},
				"down": {"uv": [6.5, 9, 0, 7], "texture": "#anvil 1", "cullface": "east"}
			}
		},
		{
			"from": [10.9, 8.5, 9],
			"to": [17.75, 9.5, 9.25],
			"faces": {
				"north": {"uv": [0, 6.5, 6.5, 8], "texture": "#anvil 1", "cullface": "east"},
				"east": {"uv": [7, 6.5, 9, 8], "texture": "#anvil 1", "cullface": "east"},
				"south": {"uv": [9.5, 6.5, 16, 8], "texture": "#anvil 1", "cullface": "east"},
				"west": {"uv": [7, 6.5, 9, 8], "texture": "#anvil 1", "cullface": "east"},
				"up": {"uv": [9.5, 7, 16, 9], "texture": "#anvil 1", "cullface": "east"},
				"down": {"uv": [6.5, 9, 0, 7], "texture": "#anvil 1", "cullface": "east"}
			}
		},
		{
			"from": [10.75, 5.25, 7.25],
			"to": [13.75, 8, 8.75],
			"faces": {
				"north": {"uv": [2.25, 8, 5.25, 10.75], "texture": "#anvil 1"},
				"east": {"uv": [7.25, 8, 8.75, 10.75], "texture": "#anvil 1"},
				"south": {"uv": [10.75, 8, 13.75, 10.75], "texture": "#anvil 1"},
				"west": {"uv": [7.25, 8, 8.75, 10.75], "texture": "#anvil 1"},
				"down": {"uv": [5.25, 8.75, 2.25, 7.25], "texture": "#anvil 1"}
			}
		},
		{
			"from": [17.75, 8.75, 7],
			"to": [20, 9.5, 9],
			"faces": {
				"north": {"uv": [0, 6.5, 0, 7.25], "texture": "#anvil 1", "cullface": "east"},
				"east": {"uv": [7, 6.5, 9, 7.25], "texture": "#anvil 1", "cullface": "east"},
				"south": {"uv": [16, 6.5, 16, 7.25], "texture": "#anvil 1", "cullface": "east"},
				"up": {"uv": [16, 7, 16, 9], "texture": "#anvil 1", "cullface": "east"},
				"down": {"uv": [0, 9, 0, 7], "texture": "#anvil 1", "cullface": "east"}
			}
		},
		{
			"from": [13.75, 7, 7.5],
			"to": [14.5, 8, 8.5],
			"faces": {
				"north": {"uv": [1.5, 8, 2.25, 9], "texture": "#anvil 1"},
				"east": {"uv": [7.5, 8, 8.5, 9], "texture": "#anvil 1"},
				"south": {"uv": [13.75, 8, 14.5, 9], "texture": "#anvil 1"},
				"down": {"uv": [2.25, 8.5, 1.5, 7.5], "texture": "#anvil 1"}
			}
		},
		{
			"from": [15.75, 7, 7.5],
			"to": [16, 8, 8.5],
			"faces": {
				"north": {"uv": [0, 8, 0.25, 9], "texture": "#anvil 1"},
				"east": {"uv": [7.5, 8, 8.5, 9], "texture": "#anvil 1", "cullface": "east"},
				"south": {"uv": [15.75, 8, 16, 9], "texture": "#anvil 1"},
				"west": {"uv": [7.5, 8, 8.5, 9], "texture": "#anvil 1"},
				"down": {"uv": [0.25, 8.5, 0, 7.5], "texture": "#anvil 1"}
			}
		},
		{
			"from": [16, 7, 7.5],
			"to": [16.25, 7.25, 8.5],
			"faces": {
				"north": {"uv": [0, 8.75, 0, 9], "texture": "#anvil 1", "cullface": "east"},
				"east": {"uv": [7.5, 8.75, 8.5, 9], "texture": "#anvil 1", "cullface": "east"},
				"south": {"uv": [16, 8.75, 16, 9], "texture": "#anvil 1", "cullface": "east"},
				"up": {"uv": [16, 7.5, 16, 8.5], "texture": "#anvil 1", "cullface": "east"}
			}
		},
		{
			"from": [16, 6.75, 7.5],
			"to": [17.5, 7, 8.5],
			"faces": {
				"north": {"uv": [0, 9, 0, 9.25], "texture": "#anvil 1", "cullface": "east"},
				"east": {"uv": [7.5, 9, 8.5, 9.25], "texture": "#anvil 1", "cullface": "east"},
				"south": {"uv": [16, 9, 16, 9.25], "texture": "#anvil 1", "cullface": "east"},
				"west": {"uv": [7.5, 9, 8.5, 9.25], "texture": "#anvil 1", "cullface": "east"},
				"up": {"uv": [16, 7.5, 16, 8.5], "texture": "#anvil 1", "cullface": "east"},
				"down": {"uv": [0, 8.5, 0, 7.5], "texture": "#anvil 1", "cullface": "east"}
			}
		},
		{
			"from": [17.5, 7.25, 7.5],
			"to": [17.75, 7.5, 8.5],
			"faces": {
				"north": {"uv": [0, 8.5, 0, 8.75], "texture": "#anvil 1", "cullface": "east"},
				"south": {"uv": [16, 8.5, 16, 8.75], "texture": "#anvil 1", "cullface": "east"},
				"west": {"uv": [7.5, 8.5, 8.5, 8.75], "texture": "#anvil 1", "cullface": "east"},
				"up": {"uv": [16, 7.5, 16, 8.5], "texture": "#anvil 1", "cullface": "east"}
			}
		},
		{
			"from": [17.25, 7, 7.5],
			"to": [17.75, 7.25, 8.5],
			"faces": {
				"north": {"uv": [0, 8.75, 0, 9], "texture": "#anvil 1", "cullface": "east"},
				"south": {"uv": [16, 8.75, 16, 9], "texture": "#anvil 1", "cullface": "east"},
				"west": {"uv": [7.5, 8.75, 8.5, 9], "texture": "#anvil 1", "cullface": "east"},
				"up": {"uv": [16, 7.5, 16, 8.5], "texture": "#anvil 1", "cullface": "east"},
				"down": {"uv": [0, 8.5, 0, 7.5], "texture": "#anvil 1", "cullface": "east"}
			}
		},
		{
			"from": [17.75, 7, 7.25],
			"to": [20, 8.75, 8.75],
			"faces": {
				"north": {"uv": [4.5, 1.25, 6.75, 3], "texture": "#texture", "cullface": "east"},
				"east": {"uv": [7, 1.25, 8.5, 3], "texture": "#texture", "cullface": "east"},
				"south": {"uv": [4.5, 1.25, 6.75, 3], "texture": "#texture", "cullface": "east"},
				"west": {"uv": [7.25, 1.25, 8.75, 3], "texture": "#texture", "cullface": "east"},
				"down": {"uv": [4.5, 7.25, 6.75, 8.75], "texture": "#texture", "cullface": "east"}
			}
		},
		{
			"from": [17.325, 7.325, 7.75],
			"to": [17.575, 8.575, 8.25],
			"rotation": {"angle": -22.5, "axis": "z", "origin": [17.25, 8.5, 7.75]},
			"faces": {
				"north": {"uv": [0, 12, 0, 13.25], "texture": "#anvil 1", "cullface": "east"},
				"east": {"uv": [7.5, 12, 8.5, 13.25], "texture": "#anvil 1", "cullface": "east"},
				"south": {"uv": [16, 12, 16, 13.25], "texture": "#anvil 1", "cullface": "east"},
				"west": {"uv": [7.5, 12, 8.5, 13.25], "texture": "#anvil 1", "cullface": "east"},
				"up": {"uv": [16, 7.5, 16, 8.5], "texture": "#anvil 1", "cullface": "east"}
			}
		},
		{
			"from": [11.25, 5, 7.25],
			"to": [13.75, 5.25, 8.75],
			"faces": {
				"north": {"uv": [2.25, 10.75, 4.75, 11], "texture": "#anvil 1"},
				"east": {"uv": [7.25, 10.75, 8.75, 11], "texture": "#anvil 1"},
				"south": {"uv": [11.25, 10.75, 13.75, 11], "texture": "#anvil 1"},
				"west": {"uv": [7.25, 10.75, 8.75, 11], "texture": "#anvil 1"},
				"down": {"uv": [4.75, 8.75, 2.25, 7.25], "texture": "#anvil 1"}
			}
		},
		{
			"from": [12.25, 4.75, 7.25],
			"to": [13.75, 5, 8.75],
			"faces": {
				"north": {"uv": [2.25, 11, 3.75, 11.25], "texture": "#anvil 1"},
				"east": {"uv": [7.25, 11, 8.75, 11.25], "texture": "#anvil 1"},
				"south": {"uv": [12.25, 11, 13.75, 11.25], "texture": "#anvil 1"},
				"west": {"uv": [7.25, 11, 8.75, 11.25], "texture": "#anvil 1"},
				"down": {"uv": [3.75, 8.75, 2.25, 7.25], "texture": "#anvil 1"}
			}
		},
		{
			"from": [0.25, 8.25, 7.5],
			"to": [9, 8.5, 8.5],
			"faces": {
				"north": {"uv": [7, 7.5, 15.75, 7.75], "texture": "#texture"},
				"south": {"uv": [0.25, 7.5, 9, 7.75], "texture": "#texture"},
				"down": {"uv": [15.75, 8.5, 7, 7.5], "texture": "#texture"}
			}
		},
		{
			"from": [18, 4, 7.25],
			"to": [19.75, 7.25, 8.75],
			"rotation": {"angle": 22.5, "axis": "z", "origin": [18, 7.25, 7.25]},
			"faces": {
				"north": {"uv": [4.5, 4, 6.25, 7.5], "texture": "#texture", "cullface": "east"},
				"east": {"uv": [7.25, 4, 8.75, 7.5], "texture": "#texture", "cullface": "east"},
				"south": {"uv": [4.5, 4, 6.25, 7.5], "texture": "#texture", "cullface": "east"},
				"west": {"uv": [7.25, 4, 8.75, 7.5], "texture": "#texture", "cullface": "east"},
				"up": {"uv": [4.5, 7.25, 6.25, 8.75], "texture": "#texture", "cullface": "east"},
				"down": {"uv": [4.5, 7.25, 6.25, 8.75], "texture": "#texture", "cullface": "east"}
			}
		},
		{
			"from": [20, 8.5, 7.25],
			"to": [28.25, 9.25, 8.75],
			"faces": {
				"north": {"uv": [1, 1, 9.25, 1.75], "texture": "#texture", "cullface": "east"},
				"south": {"uv": [6.75, 1, 15, 1.75], "texture": "#texture", "cullface": "east"},
				"west": {"uv": [7.25, 1, 8.75, 1.75], "texture": "#texture", "cullface": "east"},
				"up": {"uv": [6.75, 7.25, 15, 8.75], "texture": "#texture", "cullface": "east"},
				"down": {"uv": [9.25, 8.75, 1, 7.25], "texture": "#texture", "cullface": "east"}
			}
		},
		{
			"from": [20, 8.25, 7.25],
			"to": [20.75, 8.5, 8.75],
			"faces": {
				"north": {"uv": [8.5, 1.75, 9.25, 2], "texture": "#texture", "cullface": "east"},
				"east": {"uv": [7.25, 1.75, 8.75, 2], "texture": "#texture", "cullface": "east"},
				"south": {"uv": [6.75, 1.75, 7.5, 2], "texture": "#texture", "cullface": "east"},
				"down": {"uv": [9.25, 8.75, 8.5, 7.25], "texture": "#texture", "cullface": "east"}
			}
		},
		{
			"from": [20, 7.75, 7.25],
			"to": [20.25, 8.25, 8.75],
			"faces": {
				"north": {"uv": [9, 2, 9.25, 2.5], "texture": "#texture", "cullface": "east"},
				"east": {"uv": [7.25, 2, 8.75, 2.5], "texture": "#texture", "cullface": "east"},
				"south": {"uv": [6.75, 2, 7, 2.5], "texture": "#texture", "cullface": "east"},
				"down": {"uv": [9.25, 8.75, 9, 7.25], "texture": "#texture", "cullface": "east"}
			}
		},
		{
			"from": [20, 5.5, 7.25],
			"to": [22.75, 6, 8.75],
			"faces": {
				"north": {"uv": [6.5, 4.25, 9.25, 4.75], "texture": "#texture", "cullface": "east"},
				"east": {"uv": [7.25, 4.25, 8.75, 4.75], "texture": "#texture", "cullface": "east"},
				"south": {"uv": [6.75, 4.25, 9.5, 4.75], "texture": "#texture", "cullface": "east"},
				"west": {"uv": [7.25, 4.25, 8.75, 4.75], "texture": "#texture", "cullface": "east"},
				"up": {"uv": [6.75, 7.25, 9.5, 8.75], "texture": "#texture", "cullface": "east"},
				"down": {"uv": [9.25, 8.75, 6.5, 7.25], "texture": "#texture", "cullface": "east"}
			}
		},
		{
			"from": [22.75, 5.25, 7.25],
			"to": [25.5, 5.75, 8.75],
			"faces": {
				"north": {"uv": [3.75, 4.5, 6.5, 5], "texture": "#texture", "cullface": "east"},
				"east": {"uv": [7.25, 4.5, 8.75, 5], "texture": "#texture", "cullface": "east"},
				"south": {"uv": [9.5, 4.5, 12.25, 5], "texture": "#texture", "cullface": "east"},
				"west": {"uv": [7.25, 4.5, 8.75, 5], "texture": "#texture", "cullface": "east"},
				"up": {"uv": [9.5, 7.25, 12.25, 8.75], "texture": "#texture", "cullface": "east"},
				"down": {"uv": [6.5, 8.75, 3.75, 7.25], "texture": "#texture", "cullface": "east"}
			}
		},
		{
			"from": [28.25, 5, 7.25],
			"to": [28.5, 9.25, 8.75],
			"faces": {
				"north": {"uv": [0, 6.75, 0, 11], "texture": "#anvil 1", "cullface": "east"},
				"east": {"uv": [7.25, 6.75, 8.75, 11], "texture": "#anvil 1", "cullface": "east"},
				"south": {"uv": [16, 6.75, 16, 11], "texture": "#anvil 1", "cullface": "east"},
				"west": {"uv": [7.25, 6.75, 8.75, 11], "texture": "#anvil 1", "cullface": "east"},
				"up": {"uv": [16, 7.25, 16, 8.75], "texture": "#anvil 1", "cullface": "east"},
				"down": {"uv": [0, 8.75, 0, 7.25], "texture": "#anvil 1", "cullface": "east"}
			}
		},
		{
			"from": [25.5, 5, 7.25],
			"to": [28.25, 5.5, 8.75],
			"faces": {
				"north": {"uv": [1, 4.75, 3.75, 5.25], "texture": "#texture", "cullface": "east"},
				"south": {"uv": [12.25, 4.75, 15, 5.25], "texture": "#texture", "cullface": "east"},
				"west": {"uv": [7.25, 4.75, 8.75, 5.25], "texture": "#texture", "cullface": "east"},
				"up": {"uv": [12.25, 7.25, 15, 8.75], "texture": "#texture", "cullface": "east"},
				"down": {"uv": [3.75, 8.75, 1, 7.25], "texture": "#texture", "cullface": "east"}
			}
		},
		{
			"from": [24.25, 5.5, 7.25],
			"to": [26, 8.5, 8.75],
			"faces": {
				"north": {"uv": [3.25, 1.75, 5, 4.75], "texture": "#texture", "cullface": "east"},
				"east": {"uv": [7.25, 1.75, 8.75, 4.75], "texture": "#texture", "cullface": "east"},
				"south": {"uv": [11, 1.75, 12.75, 4.75], "texture": "#texture", "cullface": "east"},
				"west": {"uv": [7.25, 1.75, 8.75, 4.75], "texture": "#texture", "cullface": "east"},
				"down": {"uv": [5, 8.75, 3.25, 7.25], "texture": "#texture", "cullface": "east"}
			}
		},
		{
			"from": [27.5, 5.5, 7.25],
			"to": [28.25, 8.5, 8.75],
			"faces": {
				"north": {"uv": [1, 1.75, 1.75, 4.75], "texture": "#texture", "cullface": "east"},
				"south": {"uv": [14.25, 1.75, 15, 4.75], "texture": "#texture", "cullface": "east"},
				"west": {"uv": [7.25, 1.75, 8.75, 4.75], "texture": "#texture", "cullface": "east"}
			}
		},
		{
			"from": [26, 8, 7.25],
			"to": [27.5, 8.5, 8.75],
			"faces": {
				"north": {"uv": [1.75, 1.75, 3.25, 2.25], "texture": "#texture", "cullface": "east"},
				"south": {"uv": [12.75, 1.75, 14.25, 2.25], "texture": "#texture", "cullface": "east"},
				"down": {"uv": [3.25, 8.75, 1.75, 7.25], "texture": "#texture", "cullface": "east"}
			}
		},
		{
			"from": [26, 5.5, 7.25],
			"to": [27.5, 6.25, 8.75],
			"faces": {
				"north": {"uv": [1.75, 4, 3.25, 4.75], "texture": "#texture", "cullface": "east"},
				"south": {"uv": [12.75, 4, 14.25, 4.75], "texture": "#texture", "cullface": "east"},
				"up": {"uv": [12.75, 7.25, 14.25, 8.75], "texture": "#texture", "cullface": "east"}
			}
		},
		{
			"from": [20.25, 5.25, 7.25],
			"to": [21.25, 5.5, 8.75],
			"faces": {
				"north": {"uv": [8.5, 4.75, 9.5, 5], "texture": "#texture", "cullface": "east"},
				"east": {"uv": [7.25, 4.75, 8.75, 5], "texture": "#texture", "cullface": "east"},
				"south": {"uv": [6.5, 4.75, 7.5, 5], "texture": "#texture", "cullface": "east"},
				"west": {"uv": [7.25, 4.75, 8.75, 5], "texture": "#texture", "cullface": "east"},
				"down": {"uv": [9.5, 8.75, 8.5, 7.25], "texture": "#texture", "cullface": "east"}
			}
		},
		{
			"from": [26, 6.25, 7.25],
			"to": [26.25, 6.5, 8.75],
			"faces": {
				"north": {"uv": [3, 3.75, 3.25, 4], "texture": "#texture", "cullface": "east"},
				"east": {"uv": [7.25, 3.75, 8.75, 4], "texture": "#texture", "cullface": "east"},
				"south": {"uv": [12.75, 3.75, 13, 4], "texture": "#texture", "cullface": "east"},
				"up": {"uv": [12.75, 7.25, 13, 8.75], "texture": "#texture", "cullface": "east"}
			}
		},
		{
			"from": [24, 5.75, 7.25],
			"to": [24.25, 6, 8.75],
			"faces": {
				"north": {"uv": [5, 4.25, 5.25, 4.5], "texture": "#texture", "cullface": "east"},
				"south": {"uv": [10.75, 4.25, 11, 4.5], "texture": "#texture", "cullface": "east"},
				"west": {"uv": [7.25, 4.25, 8.75, 4.5], "texture": "#texture", "cullface": "east"},
				"up": {"uv": [10.75, 7.25, 11, 8.75], "texture": "#texture", "cullface": "east"}
			}
		},
		{
			"from": [26, 7.75, 7.25],
			"to": [26.25, 8, 8.75],
			"faces": {
				"north": {"uv": [3, 2.25, 3.25, 2.5], "texture": "#texture", "cullface": "east"},
				"east": {"uv": [7.25, 2.25, 8.75, 2.5], "texture": "#texture", "cullface": "east"},
				"south": {"uv": [12.75, 2.25, 13, 2.5], "texture": "#texture", "cullface": "east"},
				"down": {"uv": [3.25, 8.75, 3, 7.25], "texture": "#texture", "cullface": "east"}
			}
		},
		{
			"from": [24, 8.25, 7.25],
			"to": [24.25, 8.5, 8.75],
			"faces": {
				"north": {"uv": [5, 1.75, 5.25, 2], "texture": "#texture", "cullface": "east"},
				"south": {"uv": [10.75, 1.75, 11, 2], "texture": "#texture", "cullface": "east"},
				"west": {"uv": [7.25, 1.75, 8.75, 2], "texture": "#texture", "cullface": "east"},
				"down": {"uv": [5.25, 8.75, 5, 7.25], "texture": "#texture", "cullface": "east"}
			}
		},
		{
			"from": [27.25, 7.75, 7.25],
			"to": [27.5, 8, 8.75],
			"faces": {
				"north": {"uv": [1.75, 2.25, 2, 2.5], "texture": "#texture", "cullface": "east"},
				"south": {"uv": [14, 2.25, 14.25, 2.5], "texture": "#texture", "cullface": "east"},
				"west": {"uv": [7.25, 2.25, 8.75, 2.5], "texture": "#texture", "cullface": "east"},
				"down": {"uv": [2, 8.75, 1.75, 7.25], "texture": "#texture", "cullface": "east"}
			}
		},
		{
			"from": [27.25, 6.25, 7.25],
			"to": [27.5, 6.5, 8.75],
			"faces": {
				"north": {"uv": [1.75, 3.75, 2, 4], "texture": "#texture", "cullface": "east"},
				"south": {"uv": [14, 3.75, 14.25, 4], "texture": "#texture", "cullface": "east"},
				"west": {"uv": [7.25, 3.75, 8.75, 4], "texture": "#texture", "cullface": "east"},
				"up": {"uv": [14, 7.25, 14.25, 8.75], "texture": "#texture", "cullface": "east"}
			}
		},
		{
			"from": [0.25, 8.5, 7.5],
			"to": [9, 9.75, 8.5],
			"faces": {
				"north": {"uv": [7, 6.25, 15.75, 7.5], "texture": "#anvil 1"},
				"south": {"uv": [0.25, 6.25, 9, 7.5], "texture": "#anvil 1"}
			}
		},
		{
			"from": [14, 6.5, 7.75],
			"to": [14.25, 7, 8.25],
			"faces": {
				"north": {"uv": [1.75, 9, 2, 9.5], "texture": "#anvil 1"},
				"east": {"uv": [7.75, 9, 8.25, 9.5], "texture": "#anvil 1"},
				"south": {"uv": [14, 9, 14.25, 9.5], "texture": "#anvil 1"},
				"west": {"uv": [7.75, 9, 8.25, 9.5], "texture": "#anvil 1"},
				"down": {"uv": [2, 8.25, 1.75, 7.75], "texture": "#anvil 1"}
			}
		},
		{
			"from": [22.75, 8.75, 7],
			"to": [26.25, 9.75, 9],
			"faces": {
				"north": {"uv": [0, 6.25, 0, 7.25], "texture": "#woo colored black", "cullface": "east"},
				"east": {"uv": [7, 6.25, 9, 7.25], "texture": "#woo colored black", "cullface": "east"},
				"south": {"uv": [16, 6.25, 16, 7.25], "texture": "#woo colored black", "cullface": "east"},
				"west": {"uv": [7, 6.25, 9, 7.25], "texture": "#woo colored black", "cullface": "east"},
				"up": {"uv": [16, 7, 16, 9], "texture": "#woo colored black", "cullface": "east"},
				"down": {"uv": [0, 9, 0, 7], "texture": "#woo colored black", "cullface": "east"}
			}
		},
		{
			"from": [12, 9.5, 8.5],
			"to": [12.75, 10.75, 9],
			"faces": {
				"north": {"uv": [3.25, 5.25, 4, 6.5], "texture": "#anvil 1"},
				"east": {"uv": [7, 5.25, 7.5, 6.5], "texture": "#anvil 1"},
				"south": {"uv": [12, 5.25, 12.75, 6.5], "texture": "#anvil 1"},
				"west": {"uv": [8.5, 5.25, 9, 6.5], "texture": "#anvil 1"}
			}
		},
		{
			"from": [14.5, 9.5, 8.25],
			"to": [15.25, 10.75, 9],
			"faces": {
				"north": {"uv": [0.75, 5.25, 1.5, 6.5], "texture": "#anvil 1"},
				"east": {"uv": [7, 5.25, 7.75, 6.5], "texture": "#anvil 1"},
				"south": {"uv": [14.5, 5.25, 15.25, 6.5], "texture": "#anvil 1"},
				"west": {"uv": [8.25, 5.25, 9, 6.5], "texture": "#anvil 1"}
			}
		},
		{
			"from": [11.5, 10.75, 7.75],
			"to": [15.75, 11.25, 9],
			"faces": {
				"north": {"uv": [0.25, 4.75, 4.5, 5.25], "texture": "#anvil 1"},
				"east": {"uv": [7, 4.75, 8.25, 5.25], "texture": "#anvil 1"},
				"south": {"uv": [11.5, 4.75, 15.75, 5.25], "texture": "#anvil 1"},
				"west": {"uv": [7.75, 4.75, 9, 5.25], "texture": "#anvil 1"},
				"up": {"uv": [11.5, 7.75, 15.75, 9], "texture": "#anvil 1"},
				"down": {"uv": [4.5, 9, 0.25, 7.75], "texture": "#anvil 1"}
			}
		},
		{
			"from": [11.5, 12, 7.75],
			"to": [15.75, 12.5, 9],
			"faces": {
				"north": {"uv": [0.25, 3.5, 4.5, 4], "texture": "#anvil 1"},
				"east": {"uv": [7, 3.5, 8.25, 4], "texture": "#anvil 1"},
				"south": {"uv": [11.5, 3.5, 15.75, 4], "texture": "#anvil 1"},
				"west": {"uv": [7.75, 3.5, 9, 4], "texture": "#anvil 1"},
				"up": {"uv": [11.5, 7.75, 15.75, 9], "texture": "#anvil 1"},
				"down": {"uv": [4.5, 9, 0.25, 7.75], "texture": "#anvil 1"}
			}
		},
		{
			"from": [11.5, 11, 8.75],
			"to": [15.75, 12.25, 9.25],
			"faces": {
				"north": {"uv": [0.25, 3.75, 4.5, 5], "texture": "#anvil 1"},
				"east": {"uv": [6.75, 3.75, 7.25, 5], "texture": "#anvil 1"},
				"south": {"uv": [11.5, 3.75, 15.75, 5], "texture": "#anvil 1"},
				"west": {"uv": [8.75, 3.75, 9.25, 5], "texture": "#anvil 1"},
				"up": {"uv": [11.5, 8.75, 15.75, 9.25], "texture": "#anvil 1"},
				"down": {"uv": [4.5, 9.25, 0.25, 8.75], "texture": "#anvil 1"}
			}
		},
		{
			"from": [11.5, 11, 7.5],
			"to": [15.75, 12.25, 8],
			"faces": {
				"north": {"uv": [0.25, 3.75, 4.5, 5], "texture": "#anvil 1"},
				"east": {"uv": [8, 3.75, 8.5, 5], "texture": "#anvil 1"},
				"south": {"uv": [11.5, 3.75, 15.75, 5], "texture": "#anvil 1"},
				"west": {"uv": [7.5, 3.75, 8, 5], "texture": "#anvil 1"},
				"up": {"uv": [11.5, 7.5, 15.75, 8], "texture": "#anvil 1"},
				"down": {"uv": [4.5, 8, 0.25, 7.5], "texture": "#anvil 1"}
			}
		},
		{
			"from": [9.75, 11.25, 8.75],
			"to": [19.75, 12, 9],
			"faces": {
				"north": {"uv": [0, 4, 6.25, 4.75], "texture": "#anvil 1", "cullface": "east"},
				"south": {"uv": [9.75, 4, 16, 4.75], "texture": "#anvil 1", "cullface": "east"},
				"west": {"uv": [8.75, 4, 9, 4.75], "texture": "#anvil 1", "cullface": "east"},
				"up": {"uv": [9.75, 8.75, 16, 9], "texture": "#anvil 1", "cullface": "east"},
				"down": {"uv": [6.25, 9, 0, 8.75], "texture": "#anvil 1", "cullface": "east"}
			}
		},
		{
			"from": [9.75, 11.25, 7.75],
			"to": [19.75, 12, 8],
			"faces": {
				"north": {"uv": [0, 4, 6.25, 4.75], "texture": "#anvil 1", "cullface": "east"},
				"south": {"uv": [9.75, 4, 16, 4.75], "texture": "#anvil 1", "cullface": "east"},
				"west": {"uv": [7.75, 4, 8, 4.75], "texture": "#anvil 1", "cullface": "east"},
				"up": {"uv": [9.75, 7.75, 16, 8], "texture": "#anvil 1", "cullface": "east"},
				"down": {"uv": [6.25, 8, 0, 7.75], "texture": "#anvil 1", "cullface": "east"}
			}
		},
		{
			"from": [9.75, 12, 8],
			"to": [19.75, 12.25, 8.75],
			"faces": {
				"north": {"uv": [0, 3.75, 6.25, 4], "texture": "#anvil 1", "cullface": "east"},
				"south": {"uv": [9.75, 3.75, 16, 4], "texture": "#anvil 1", "cullface": "east"},
				"west": {"uv": [8, 3.75, 8.75, 4], "texture": "#anvil 1", "cullface": "east"},
				"up": {"uv": [9.75, 8, 16, 8.75], "texture": "#anvil 1", "cullface": "east"},
				"down": {"uv": [6.25, 8.75, 0, 8], "texture": "#anvil 1", "cullface": "east"}
			}
		},
		{
			"from": [9.75, 11, 8],
			"to": [19.75, 11.25, 8.75],
			"faces": {
				"north": {"uv": [0, 4.75, 6.25, 5], "texture": "#anvil 1", "cullface": "east"},
				"south": {"uv": [9.75, 4.75, 16, 5], "texture": "#anvil 1", "cullface": "east"},
				"west": {"uv": [8, 4.75, 8.75, 5], "texture": "#anvil 1", "cullface": "east"},
				"up": {"uv": [9.75, 8, 16, 8.75], "texture": "#anvil 1", "cullface": "east"},
				"down": {"uv": [6.25, 8.75, 0, 8], "texture": "#anvil 1", "cullface": "east"}
			}
		},
		{
			"from": [17.25, 11, 8.75],
			"to": [19.25, 12.25, 9.25],
			"faces": {
				"north": {"uv": [0, 3.75, 0, 5], "texture": "#anvil 1", "cullface": "east"},
				"east": {"uv": [6.75, 3.75, 7.25, 5], "texture": "#anvil 1", "cullface": "east"},
				"south": {"uv": [16, 3.75, 16, 5], "texture": "#anvil 1", "cullface": "east"},
				"west": {"uv": [8.75, 3.75, 9.25, 5], "texture": "#anvil 1", "cullface": "east"},
				"up": {"uv": [16, 8.75, 16, 9.25], "texture": "#anvil 1", "cullface": "east"},
				"down": {"uv": [0, 9.25, 0, 8.75], "texture": "#anvil 1", "cullface": "east"}
			}
		},
		{
			"from": [17.25, 12, 7.75],
			"to": [19.25, 12.5, 9],
			"faces": {
				"north": {"uv": [0, 3.5, 0, 4], "texture": "#anvil 1", "cullface": "east"},
				"east": {"uv": [7, 3.5, 8.25, 4], "texture": "#anvil 1", "cullface": "east"},
				"south": {"uv": [16, 3.5, 16, 4], "texture": "#anvil 1", "cullface": "east"},
				"west": {"uv": [7.75, 3.5, 9, 4], "texture": "#anvil 1", "cullface": "east"},
				"up": {"uv": [16, 7.75, 16, 9], "texture": "#anvil 1", "cullface": "east"},
				"down": {"uv": [0, 9, 0, 7.75], "texture": "#anvil 1", "cullface": "east"}
			}
		},
		{
			"from": [17.25, 10.75, 7.75],
			"to": [19.25, 11.25, 9],
			"faces": {
				"north": {"uv": [0, 4.75, 0, 5.25], "texture": "#anvil 1", "cullface": "east"},
				"east": {"uv": [7, 4.75, 8.25, 5.25], "texture": "#anvil 1", "cullface": "east"},
				"south": {"uv": [16, 4.75, 16, 5.25], "texture": "#anvil 1", "cullface": "east"},
				"west": {"uv": [7.75, 4.75, 9, 5.25], "texture": "#anvil 1", "cullface": "east"},
				"up": {"uv": [16, 7.75, 16, 9], "texture": "#anvil 1", "cullface": "east"},
				"down": {"uv": [0, 9, 0, 7.75], "texture": "#anvil 1", "cullface": "east"}
			}
		},
		{
			"from": [17.25, 11, 7.5],
			"to": [19.25, 12.25, 8],
			"faces": {
				"north": {"uv": [0, 3.75, 0, 5], "texture": "#anvil 1", "cullface": "east"},
				"east": {"uv": [8, 3.75, 8.5, 5], "texture": "#anvil 1", "cullface": "east"},
				"south": {"uv": [16, 3.75, 16, 5], "texture": "#anvil 1", "cullface": "east"},
				"west": {"uv": [7.5, 3.75, 8, 5], "texture": "#anvil 1", "cullface": "east"},
				"up": {"uv": [16, 7.5, 16, 8], "texture": "#anvil 1", "cullface": "east"},
				"down": {"uv": [0, 8, 0, 7.5], "texture": "#anvil 1", "cullface": "east"}
			}
		},
		{
			"from": [19.75, 10.75, 7.75],
			"to": [20, 11.25, 9],
			"faces": {
				"north": {"uv": [0, 4.75, 0, 5.25], "texture": "#anvil 1", "cullface": "east"},
				"east": {"uv": [7, 4.75, 8.25, 5.25], "texture": "#anvil 1", "cullface": "east"},
				"south": {"uv": [16, 4.75, 16, 5.25], "texture": "#anvil 1", "cullface": "east"},
				"west": {"uv": [7.75, 4.75, 9, 5.25], "texture": "#anvil 1", "cullface": "east"},
				"up": {"uv": [16, 7.75, 16, 9], "texture": "#anvil 1", "cullface": "east"},
				"down": {"uv": [0, 9, 0, 7.75], "texture": "#anvil 1", "cullface": "east"}
			}
		},
		{
			"from": [19.75, 12, 7.75],
			"to": [20, 12.5, 9],
			"faces": {
				"north": {"uv": [0, 3.5, 0, 4], "texture": "#anvil 1", "cullface": "east"},
				"east": {"uv": [7, 3.5, 8.25, 4], "texture": "#anvil 1", "cullface": "east"},
				"south": {"uv": [16, 3.5, 16, 4], "texture": "#anvil 1", "cullface": "east"},
				"west": {"uv": [7.75, 3.5, 9, 4], "texture": "#anvil 1", "cullface": "east"},
				"up": {"uv": [16, 7.75, 16, 9], "texture": "#anvil 1", "cullface": "east"},
				"down": {"uv": [0, 9, 0, 7.75], "texture": "#anvil 1", "cullface": "east"}
			}
		},
		{
			"from": [19.75, 11, 8.75],
			"to": [20, 12.25, 9.25],
			"faces": {
				"north": {"uv": [0, 3.75, 0, 5], "texture": "#anvil 1", "cullface": "east"},
				"east": {"uv": [6.75, 3.75, 7.25, 5], "texture": "#anvil 1", "cullface": "east"},
				"south": {"uv": [16, 3.75, 16, 5], "texture": "#anvil 1", "cullface": "east"},
				"west": {"uv": [8.75, 3.75, 9.25, 5], "texture": "#anvil 1", "cullface": "east"},
				"up": {"uv": [16, 8.75, 16, 9.25], "texture": "#anvil 1", "cullface": "east"},
				"down": {"uv": [0, 9.25, 0, 8.75], "texture": "#anvil 1", "cullface": "east"}
			}
		},
		{
			"from": [19.75, 11, 7.5],
			"to": [20, 12.25, 8],
			"faces": {
				"north": {"uv": [0, 3.75, 0, 5], "texture": "#anvil 1", "cullface": "east"},
				"east": {"uv": [8, 3.75, 8.5, 5], "texture": "#anvil 1", "cullface": "east"},
				"south": {"uv": [16, 3.75, 16, 5], "texture": "#anvil 1", "cullface": "east"},
				"west": {"uv": [7.5, 3.75, 8, 5], "texture": "#anvil 1", "cullface": "east"},
				"up": {"uv": [16, 7.5, 16, 8], "texture": "#anvil 1", "cullface": "east"},
				"down": {"uv": [0, 8, 0, 7.5], "texture": "#anvil 1", "cullface": "east"}
			}
		}
	],
	"display": {
		"thirdperson_righthand": {
			"rotation": [0, -90, 0],
			"translation": [0, 0, -8.25],
			"scale": [0.95, 0.95, 0.95]
		},
		"thirdperson_lefthand": {
			"rotation": [0, 90, 0],
			"translation": [0, 0, -8.25],
			"scale": [0.95, 0.95, 0.95]
		},
		"firstperson_righthand": {
			"rotation": [0, -90, 0],
			"translation": [0, 2.25, -8.5]
		},
		"firstperson_lefthand": {
			"rotation": [0, 90, 0],
			"translation": [0, 2.25, -8.5]
		},
		"gui": {
			"rotation": [0, 0, -45],
			"translation": [-0.25, 0.25, 0],
			"scale": [0.58, 0.59, 0.58]
		},
		"fixed": {
			"rotation": [0, 180, -45],
			"translation": [1.5, 0.75, 0],
			"scale": [0.98, 0.98, 0.98]
		}
	}
}