{
	"credit": "Made by SrDarmith - YouTube: Mainclay",
	"textures": {
		"texture": "blocks/door iron lower",
		"anvil 1": "blocks/anvil 1",
		"particle": "blocks/iron block"
	},
	"elements": [
		{
			"from": [7, 12.75, 8.125],
			"to": [7.75, 21.5, 8.625],
			"faces": {
				"north": {"uv": [7, 1, 7.75, 9.75], "texture": "#texture", "cullface": "up"},
				"east": {"uv": [8.125, 1, 8.625, 9.75], "texture": "#texture", "cullface": "up"},
				"south": {"uv": [7, 1, 7.75, 9.75], "texture": "#texture", "cullface": "up"},
				"west": {"uv": [8.125, 1, 8.625, 9.75], "texture": "#texture", "cullface": "up"},
				"up": {"uv": [7, 8.125, 7.75, 8.625], "texture": "#texture", "cullface": "up"},
				"down": {"uv": [7, 8.125, 7.75, 8.625], "texture": "#texture", "cullface": "up"}
			}
		},
		{
			"from": [6.125, 6.5, 7.375],
			"to": [9.125, 7, 9.375],
			"faces": {
				"north": {"uv": [0, 0, 0.5, 0.5], "texture": "#texture"},
				"east": {"uv": [0.5, 0, 0, 0.5], "texture": "#texture"},
				"south": {"uv": [0.5, 0, 0, 0.5], "texture": "#texture"},
				"west": {"uv": [0, 0, 0.5, 0.5], "texture": "#texture"},
				"up": {"uv": [0, 0, 0.5, 0.5], "texture": "#texture"},
				"down": {"uv": [0, 0.5, 0.5, 0], "texture": "#texture"}
			}
		},
		{
			"from": [7.25, 1.75, 7.8125],
			"to": [8, 6.25, 9.0625],
			"faces": {
				"north": {"uv": [8, 9.75, 8.75, 14.25], "texture": "#anvil 1"},
				"east": {"uv": [6.9375, 9.75, 8.1875, 14.25], "texture": "#anvil 1"},
				"south": {"uv": [7.25, 9.75, 8, 14.25], "texture": "#anvil 1"},
				"west": {"uv": [7.8125, 9.75, 9.0625, 14.25], "texture": "#anvil 1"},
				"down": {"uv": [8.75, 9.0625, 8, 7.8125], "texture": "#anvil 1"}
			}
		},
		{
			"from": [7.5, 26.25, 8.125],
			"to": [8.25, 28.75, 8.625],
			"faces": {
				"north": {"uv": [7.5, 1, 8.25, 3.5], "texture": "#texture", "cullface": "up"},
				"east": {"uv": [8.125, 1, 8.625, 3.5], "texture": "#texture", "cullface": "up"},
				"south": {"uv": [7.5, 1, 8.25, 3.5], "texture": "#texture", "cullface": "up"},
				"west": {"uv": [8.125, 1, 8.625, 3.5], "texture": "#texture", "cullface": "up"},
				"up": {"uv": [7.5, 8.125, 8.25, 8.625], "texture": "#texture", "cullface": "up"},
				"down": {"uv": [7.5, 8.125, 8.25, 8.625], "texture": "#texture", "cullface": "up"}
			}
		},
		{
			"from": [7.25, 7, 8.125],
			"to": [8, 12.75, 8.625],
			"faces": {
				"north": {"uv": [8, 3.25, 8.75, 9], "texture": "#texture"},
				"east": {"uv": [7.375, 3.25, 7.875, 9], "texture": "#texture"},
				"south": {"uv": [7.25, 3.25, 8, 9], "texture": "#texture"},
				"west": {"uv": [8.125, 3.25, 8.625, 9], "texture": "#texture"},
				"up": {"uv": [7.25, 8.125, 8, 8.625], "texture": "#texture"}
			}
		},
		{
			"from": [7.25, 21.5, 8.125],
			"to": [8, 26.25, 8.625],
			"faces": {
				"north": {"uv": [7.25, 1, 8, 5.75], "texture": "#texture", "cullface": "up"},
				"east": {"uv": [8.125, 1, 8.625, 5.75], "texture": "#texture", "cullface": "up"},
				"south": {"uv": [7.25, 1, 8, 5.75], "texture": "#texture", "cullface": "up"},
				"west": {"uv": [8.125, 1, 8.625, 5.75], "texture": "#texture", "cullface": "up"},
				"up": {"uv": [7.25, 8.125, 8, 8.625], "texture": "#texture", "cullface": "up"},
				"down": {"uv": [7.25, 8.125, 8, 8.625], "texture": "#texture", "cullface": "up"}
			}
		},
		{
			"from": [6.75, 12.5, 8.25],
			"to": [8, 21.5, 8.5],
			"faces": {
				"north": {"uv": [6.75, 1, 8, 9.75], "texture": "#texture", "cullface": "up"},
				"east": {"uv": [8.25, 1, 8.5, 9.75], "texture": "#texture", "cullface": "up"},
				"south": {"uv": [6.75, 1, 8, 9.75], "texture": "#texture", "cullface": "up"},
				"west": {"uv": [8.25, 1, 8.5, 9.75], "texture": "#texture", "cullface": "up"},
				"up": {"uv": [6.75, 8.25, 8, 8.5], "texture": "#texture", "cullface": "up"},
				"down": {"uv": [6.75, 8.25, 8, 8.5], "texture": "#texture", "cullface": "up"}
			}
		},
		{
			"from": [7, 21.25, 8.25],
			"to": [8.25, 26.25, 8.5],
			"faces": {
				"north": {"uv": [7, 1, 8.25, 5.75], "texture": "#texture", "cullface": "up"},
				"east": {"uv": [8.25, 1, 8.5, 5.75], "texture": "#texture", "cullface": "up"},
				"south": {"uv": [7, 1, 8.25, 5.75], "texture": "#texture", "cullface": "up"},
				"west": {"uv": [8.25, 1, 8.5, 5.75], "texture": "#texture", "cullface": "up"},
				"up": {"uv": [7, 8.25, 8.25, 8.5], "texture": "#texture", "cullface": "up"},
				"down": {"uv": [7, 8.25, 8.25, 8.5], "texture": "#texture", "cullface": "up"}
			}
		},
		{
			"from": [7.25, 26, 8.25],
			"to": [8.5, 28.75, 8.5],
			"faces": {
				"north": {"uv": [7.25, 1, 8.5, 3.5], "texture": "#texture", "cullface": "up"},
				"east": {"uv": [8.25, 1, 8.5, 3.5], "texture": "#texture", "cullface": "up"},
				"south": {"uv": [7.25, 1, 8.5, 3.5], "texture": "#texture", "cullface": "up"},
				"west": {"uv": [8.25, 1, 8.5, 3.5], "texture": "#texture", "cullface": "up"},
				"up": {"uv": [7.25, 8.25, 8.5, 8.5], "texture": "#texture", "cullface": "up"},
				"down": {"uv": [7.25, 8.25, 8.5, 8.5], "texture": "#texture", "cullface": "up"}
			}
		},
		{
			"from": [7, 7, 8.25],
			"to": [8.25, 12.75, 8.5],
			"faces": {
				"north": {"uv": [7.75, 3.25, 9, 9], "texture": "#texture"},
				"east": {"uv": [7.5, 3.25, 7.75, 9], "texture": "#texture"},
				"south": {"uv": [7, 3.25, 8.25, 9], "texture": "#texture"},
				"west": {"uv": [8.25, 3.25, 8.5, 9], "texture": "#texture"},
				"up": {"uv": [7, 8.25, 8.25, 8.5], "texture": "#texture"}
			}
		},
		{
			"from": [8.25, 28.25, 8.25],
			"to": [8.5, 29.75, 8.5],
			"rotation": {"angle": -45, "axis": "z", "origin": [8.25, 29.75, 8.25]},
			"faces": {
				"north": {"uv": [8.25, 1, 8.5, 2.5], "texture": "#texture", "cullface": "up"},
				"east": {"uv": [8.25, 1, 8.5, 2.5], "texture": "#texture", "cullface": "up"},
				"south": {"uv": [8.25, 1, 8.5, 2.5], "texture": "#texture", "cullface": "up"},
				"west": {"uv": [8.25, 1, 8.5, 2.5], "texture": "#texture", "cullface": "up"},
				"up": {"uv": [8.25, 8.25, 8.5, 8.5], "texture": "#texture", "cullface": "up"},
				"down": {"uv": [8.25, 8.25, 8.5, 8.5], "texture": "#texture", "cullface": "up"}
			}
		},
		{
			"from": [8.25, 28.75, 8.25],
			"to": [8.5, 29.75, 8.5],
			"faces": {
				"north": {"uv": [8.25, 1, 8.5, 2], "texture": "#texture", "cullface": "up"},
				"east": {"uv": [8.25, 1, 8.5, 2], "texture": "#texture", "cullface": "up"},
				"south": {"uv": [8.25, 1, 8.5, 2], "texture": "#texture", "cullface": "up"},
				"west": {"uv": [8.25, 1, 8.5, 2], "texture": "#texture", "cullface": "up"},
				"up": {"uv": [8.25, 8.25, 8.5, 8.5], "texture": "#texture", "cullface": "up"}
			}
		},
		{
			"from": [8, 28.75, 8.25],
			"to": [8.25, 29.5, 8.5],
			"faces": {
				"north": {"uv": [8, 1, 8.25, 1.75], "texture": "#texture", "cullface": "up"},
				"south": {"uv": [8, 1, 8.25, 1.75], "texture": "#texture", "cullface": "up"},
				"west": {"uv": [8.25, 1, 8.5, 1.75], "texture": "#texture", "cullface": "up"},
				"up": {"uv": [8, 8.25, 8.25, 8.5], "texture": "#texture", "cullface": "up"}
			}
		},
		{
			"from": [7.75, 28.75, 8.25],
			"to": [8, 29.25, 8.5],
			"faces": {
				"north": {"uv": [7.75, 1, 8, 1.5], "texture": "#texture", "cullface": "up"},
				"south": {"uv": [7.75, 1, 8, 1.5], "texture": "#texture", "cullface": "up"},
				"west": {"uv": [8.25, 1, 8.5, 1.5], "texture": "#texture", "cullface": "up"},
				"up": {"uv": [7.75, 8.25, 8, 8.5], "texture": "#texture", "cullface": "up"}
			}
		},
		{
			"from": [7.5, 28.75, 8.25],
			"to": [7.75, 29, 8.5],
			"faces": {
				"north": {"uv": [7.5, 1, 7.75, 1.25], "texture": "#texture", "cullface": "up"},
				"south": {"uv": [7.5, 1, 7.75, 1.25], "texture": "#texture", "cullface": "up"},
				"west": {"uv": [8.25, 1, 8.5, 1.25], "texture": "#texture", "cullface": "up"},
				"up": {"uv": [7.5, 8.25, 7.75, 8.5], "texture": "#texture", "cullface": "up"}
			}
		},
		{
			"from": [6.5, 6.5, 7.125],
			"to": [8.75, 7, 9.625],
			"faces": {
				"north": {"uv": [0, 0, 0.5, 0.5], "texture": "#texture"},
				"east": {"uv": [0.5, 0, 0, 0.5], "texture": "#texture"},
				"south": {"uv": [0.5, 0, 0, 0.5], "texture": "#texture"},
				"west": {"uv": [0, 0, 0.5, 0.5], "texture": "#texture"},
				"up": {"uv": [0, 0, 0.5, 0.5], "texture": "#texture"},
				"down": {"uv": [0, 0.5, 0.5, 0], "texture": "#texture"}
			}
		},
		{
			"from": [6.5, 6.25, 7.4375],
			"to": [8.75, 6.5, 9.4375],
			"faces": {
				"north": {"uv": [0, 0, 0.5, 0.5], "texture": "#texture"},
				"east": {"uv": [0.5, 0, 0, 0.5], "texture": "#texture"},
				"south": {"uv": [0.5, 0, 0, 0.5], "texture": "#texture"},
				"west": {"uv": [0, 0, 0.5, 0.5], "texture": "#texture"},
				"down": {"uv": [0, 0.5, 0.5, 0], "texture": "#texture"}
			}
		},
		{
			"from": [7, 1.75, 8.0625],
			"to": [8.25, 6.25, 8.8125],
			"faces": {
				"north": {"uv": [7.75, 9.75, 9, 14.25], "texture": "#anvil 1"},
				"east": {"uv": [7.1875, 9.75, 7.9375, 14.25], "texture": "#anvil 1"},
				"south": {"uv": [7, 9.75, 8.25, 14.25], "texture": "#anvil 1"},
				"west": {"uv": [8.0625, 9.75, 8.8125, 14.25], "texture": "#anvil 1"},
				"down": {"uv": [9, 8.8125, 7.75, 8.0625], "texture": "#anvil 1"}
			}
		}
	],
	"display": {
		"thirdperson_righthand": {
			"rotation": [0, -90, 0],
			"translation": [0.25, 1.5, 1.75],
			"scale": [1, 0.87, 1]
		},
		"thirdperson_lefthand": {
			"rotation": [0, 90, 0],
			"translation": [-0.5, 1.5, 1.75],
			"scale": [1, 0.87, 1]
		},
		"firstperson_righthand": {
			"rotation": [0, -90, -5],
			"translation": [5.25, 0, -3.25],
			"scale": [1, 0.87, 1]
		},
		"firstperson_lefthand": {
			"rotation": [0, 90, 5],
			"translation": [5.25, 0, -3.25],
			"scale": [1, 0.87, 1]
		},
		"ground": {
			"rotation": [0, 0, 45],
			"scale": [1, 0.87, 1]
		},
		"gui": {
			"rotation": [0, 0, -45],
			"translation": [-4.25, -4.75, 0],
			"scale": [0.95, 0.83, 0.9]
		},
		"fixed": {
			"rotation": [0, 180, 45],
			"translation": [-5.45, -4.95, -1.1],
			"scale": [1.32, 1, 1.18]
		}
	}
}